<?xml version="1.0" encoding="UTF-8"?>
<gpx version="1.1" creator="fitAI Komoot downloader" xmlns="http://www.topografix.com/GPX/1/1">
  <metadata>
    <name>Alto de Pradilla y Alto de la Cruz de la Demanda - Recorrido circular desde Zorraquín</name>
    <desc>202 visitas · Dificultad: difficult · Distancia: 74.6 km · Desnivel +: 1670 m</desc>
    <link href="https://www.komoot.com/smarttour/e31852302"><text>Komoot</text></link>
  </metadata>
  <trk>
    <name>Alto de Pradilla y Alto de la Cruz de la Demanda - Recorrido circular desde Zorraquín</name>
    <type>racebike</type>
    <trkseg>
    <trkpt lat="42.328675" lon="-3.014101">
      <ele>808.1</ele>
    </trkpt>
    <trkpt lat="42.328688" lon="-3.014441">
      <ele>808.2</ele>
    </trkpt>
    <trkpt lat="42.328326" lon="-3.014539">
      <ele>808.4</ele>
    </trkpt>
    <trkpt lat="42.327457" lon="-3.014758">
      <ele>810.1</ele>
    </trkpt>
    <trkpt lat="42.326934" lon="-3.014907">
      <ele>811.4</ele>
    </trkpt>
    <trkpt lat="42.326986" lon="-3.015423">
      <ele>812.4</ele>
    </trkpt>
    <trkpt lat="42.327017" lon="-3.015729">
      <ele>813</ele>
    </trkpt>
    <trkpt lat="42.327088" lon="-3.016411">
      <ele>814.2</ele>
    </trkpt>
    <trkpt lat="42.326662" lon="-3.01655">
      <ele>815.1</ele>
    </trkpt>
    <trkpt lat="42.326234" lon="-3.016717">
      <ele>816</ele>
    </trkpt>
    <trkpt lat="42.325775" lon="-3.016872">
      <ele>816.8</ele>
    </trkpt>
    <trkpt lat="42.325768" lon="-3.01704">
      <ele>817</ele>
    </trkpt>
    <trkpt lat="42.32576" lon="-3.017466">
      <ele>817.5</ele>
    </trkpt>
    <trkpt lat="42.325732" lon="-3.018626">
      <ele>819.1</ele>
    </trkpt>
    <trkpt lat="42.325676" lon="-3.020131">
      <ele>822.1</ele>
    </trkpt>
    <trkpt lat="42.325664" lon="-3.020552">
      <ele>823.1</ele>
    </trkpt>
    <trkpt lat="42.325711" lon="-3.02083">
      <ele>823.7</ele>
    </trkpt>
    <trkpt lat="42.325585" lon="-3.024637">
      <ele>831.2</ele>
    </trkpt>
    <trkpt lat="42.325623" lon="-3.025089">
      <ele>831.7</ele>
    </trkpt>
    <trkpt lat="42.32561" lon="-3.025214">
      <ele>831.8</ele>
    </trkpt>
    <trkpt lat="42.325498" lon="-3.026534">
      <ele>832.9</ele>
    </trkpt>
    <trkpt lat="42.325326" lon="-3.027375">
      <ele>833.9</ele>
    </trkpt>
    <trkpt lat="42.324753" lon="-3.030757">
      <ele>841.1</ele>
    </trkpt>
    <trkpt lat="42.324534" lon="-3.031909">
      <ele>843.4</ele>
    </trkpt>
    <trkpt lat="42.324532" lon="-3.03225">
      <ele>843.8</ele>
    </trkpt>
    <trkpt lat="42.32459" lon="-3.032981">
      <ele>844.4</ele>
    </trkpt>
    <trkpt lat="42.324626" lon="-3.033151">
      <ele>844.6</ele>
    </trkpt>
    <trkpt lat="42.324675" lon="-3.033245">
      <ele>844.6</ele>
    </trkpt>
    <trkpt lat="42.324754" lon="-3.033396">
      <ele>844.7</ele>
    </trkpt>
    <trkpt lat="42.324874" lon="-3.033511">
      <ele>844.8</ele>
    </trkpt>
    <trkpt lat="42.325122" lon="-3.03382">
      <ele>845</ele>
    </trkpt>
    <trkpt lat="42.32526" lon="-3.033991">
      <ele>845.3</ele>
    </trkpt>
    <trkpt lat="42.325404" lon="-3.034178">
      <ele>845.6</ele>
    </trkpt>
    <trkpt lat="42.325528" lon="-3.034495">
      <ele>846.2</ele>
    </trkpt>
    <trkpt lat="42.325522" lon="-3.034788">
      <ele>846.9</ele>
    </trkpt>
    <trkpt lat="42.325468" lon="-3.035046">
      <ele>847.5</ele>
    </trkpt>
    <trkpt lat="42.325472" lon="-3.035206">
      <ele>847.8</ele>
    </trkpt>
    <trkpt lat="42.325613" lon="-3.035605">
      <ele>848.8</ele>
    </trkpt>
    <trkpt lat="42.325739" lon="-3.036112">
      <ele>850.1</ele>
    </trkpt>
    <trkpt lat="42.325649" lon="-3.036789">
      <ele>851.7</ele>
    </trkpt>
    <trkpt lat="42.325593" lon="-3.037029">
      <ele>852.3</ele>
    </trkpt>
    <trkpt lat="42.3256" lon="-3.037067">
      <ele>852.4</ele>
    </trkpt>
    <trkpt lat="42.325659" lon="-3.037531">
      <ele>853.4</ele>
    </trkpt>
    <trkpt lat="42.325662" lon="-3.037817">
      <ele>853.9</ele>
    </trkpt>
    <trkpt lat="42.325654" lon="-3.037864">
      <ele>854</ele>
    </trkpt>
    <trkpt lat="42.325607" lon="-3.038076">
      <ele>854.4</ele>
    </trkpt>
    <trkpt lat="42.325478" lon="-3.038647">
      <ele>855.7</ele>
    </trkpt>
    <trkpt lat="42.325434" lon="-3.038839">
      <ele>856.1</ele>
    </trkpt>
    <trkpt lat="42.325291" lon="-3.039468">
      <ele>857.9</ele>
    </trkpt>
    <trkpt lat="42.325261" lon="-3.039563">
      <ele>858.2</ele>
    </trkpt>
    <trkpt lat="42.325082" lon="-3.04036">
      <ele>860.4</ele>
    </trkpt>
    <trkpt lat="42.325147" lon="-3.040489">
      <ele>860.8</ele>
    </trkpt>
    <trkpt lat="42.325147" lon="-3.040582">
      <ele>861.1</ele>
    </trkpt>
    <trkpt lat="42.324878" lon="-3.041932">
      <ele>864.6</ele>
    </trkpt>
    <trkpt lat="42.324857" lon="-3.042144">
      <ele>864.9</ele>
    </trkpt>
    <trkpt lat="42.324885" lon="-3.042572">
      <ele>865.4</ele>
    </trkpt>
    <trkpt lat="42.324861" lon="-3.042983">
      <ele>865.8</ele>
    </trkpt>
    <trkpt lat="42.324885" lon="-3.04323">
      <ele>866.1</ele>
    </trkpt>
    <trkpt lat="42.324883" lon="-3.043662">
      <ele>866.6</ele>
    </trkpt>
    <trkpt lat="42.324804" lon="-3.044372">
      <ele>867.4</ele>
    </trkpt>
    <trkpt lat="42.324788" lon="-3.044942">
      <ele>868.1</ele>
    </trkpt>
    <trkpt lat="42.324752" lon="-3.045138">
      <ele>868.4</ele>
    </trkpt>
    <trkpt lat="42.324689" lon="-3.04594">
      <ele>869.5</ele>
    </trkpt>
    <trkpt lat="42.324683" lon="-3.046784">
      <ele>870.9</ele>
    </trkpt>
    <trkpt lat="42.324652" lon="-3.047377">
      <ele>871.8</ele>
    </trkpt>
    <trkpt lat="42.324336" lon="-3.048536">
      <ele>873.8</ele>
    </trkpt>
    <trkpt lat="42.324211" lon="-3.048957">
      <ele>874.7</ele>
    </trkpt>
    <trkpt lat="42.324184" lon="-3.049044">
      <ele>874.9</ele>
    </trkpt>
    <trkpt lat="42.321575" lon="-3.057695">
      <ele>899.4</ele>
    </trkpt>
    <trkpt lat="42.321531" lon="-3.057742">
      <ele>899.6</ele>
    </trkpt>
    <trkpt lat="42.321548" lon="-3.058146">
      <ele>900.5</ele>
    </trkpt>
    <trkpt lat="42.321469" lon="-3.059182">
      <ele>902.2</ele>
    </trkpt>
    <trkpt lat="42.321508" lon="-3.059827">
      <ele>902.7</ele>
    </trkpt>
    <trkpt lat="42.321506" lon="-3.060056">
      <ele>902.9</ele>
    </trkpt>
    <trkpt lat="42.321468" lon="-3.06035">
      <ele>903.1</ele>
    </trkpt>
    <trkpt lat="42.321477" lon="-3.060679">
      <ele>903.4</ele>
    </trkpt>
    <trkpt lat="42.321418" lon="-3.060855">
      <ele>903.6</ele>
    </trkpt>
    <trkpt lat="42.321365" lon="-3.060922">
      <ele>903.7</ele>
    </trkpt>
    <trkpt lat="42.321206" lon="-3.061004">
      <ele>904</ele>
    </trkpt>
    <trkpt lat="42.321161" lon="-3.061378">
      <ele>904.5</ele>
    </trkpt>
    <trkpt lat="42.321059" lon="-3.061515">
      <ele>904.9</ele>
    </trkpt>
    <trkpt lat="42.321056" lon="-3.061679">
      <ele>905.2</ele>
    </trkpt>
    <trkpt lat="42.320975" lon="-3.061975">
      <ele>905.8</ele>
    </trkpt>
    <trkpt lat="42.320724" lon="-3.06262">
      <ele>907.6</ele>
    </trkpt>
    <trkpt lat="42.320709" lon="-3.0628">
      <ele>908</ele>
    </trkpt>
    <trkpt lat="42.320667" lon="-3.062907">
      <ele>908.3</ele>
    </trkpt>
    <trkpt lat="42.320576" lon="-3.06304">
      <ele>908.8</ele>
    </trkpt>
    <trkpt lat="42.320548" lon="-3.063232">
      <ele>909.3</ele>
    </trkpt>
    <trkpt lat="42.320652" lon="-3.063444">
      <ele>909.9</ele>
    </trkpt>
    <trkpt lat="42.320659" lon="-3.063547">
      <ele>910.1</ele>
    </trkpt>
    <trkpt lat="42.320538" lon="-3.063965">
      <ele>911.2</ele>
    </trkpt>
    <trkpt lat="42.320346" lon="-3.064418">
      <ele>912.6</ele>
    </trkpt>
    <trkpt lat="42.31983" lon="-3.065464">
      <ele>917</ele>
    </trkpt>
    <trkpt lat="42.319768" lon="-3.065541">
      <ele>917.5</ele>
    </trkpt>
    <trkpt lat="42.319502" lon="-3.065436">
      <ele>919</ele>
    </trkpt>
    <trkpt lat="42.31913" lon="-3.065435">
      <ele>921.1</ele>
    </trkpt>
    <trkpt lat="42.319113" lon="-3.06549">
      <ele>921.3</ele>
    </trkpt>
    <trkpt lat="42.318631" lon="-3.067099">
      <ele>927.5</ele>
    </trkpt>
    <trkpt lat="42.318592" lon="-3.067238">
      <ele>927.8</ele>
    </trkpt>
    <trkpt lat="42.318485" lon="-3.06759">
      <ele>928.7</ele>
    </trkpt>
    <trkpt lat="42.318279" lon="-3.06827">
      <ele>930</ele>
    </trkpt>
    <trkpt lat="42.318248" lon="-3.068385">
      <ele>930.2</ele>
    </trkpt>
    <trkpt lat="42.31783" lon="-3.06983">
      <ele>931.9</ele>
    </trkpt>
    <trkpt lat="42.317805" lon="-3.069993">
      <ele>932</ele>
    </trkpt>
    <trkpt lat="42.317806" lon="-3.0704">
      <ele>932.4</ele>
    </trkpt>
    <trkpt lat="42.317858" lon="-3.070641">
      <ele>932.6</ele>
    </trkpt>
    <trkpt lat="42.317952" lon="-3.070873">
      <ele>932.8</ele>
    </trkpt>
    <trkpt lat="42.318086" lon="-3.071109">
      <ele>933.2</ele>
    </trkpt>
    <trkpt lat="42.318114" lon="-3.071159">
      <ele>933.3</ele>
    </trkpt>
    <trkpt lat="42.318337" lon="-3.071514">
      <ele>934.1</ele>
    </trkpt>
    <trkpt lat="42.3186" lon="-3.07195">
      <ele>935.7</ele>
    </trkpt>
    <trkpt lat="42.31888" lon="-3.07268">
      <ele>939.2</ele>
    </trkpt>
    <trkpt lat="42.319014" lon="-3.073478">
      <ele>943.3</ele>
    </trkpt>
    <trkpt lat="42.319034" lon="-3.074246">
      <ele>946.9</ele>
    </trkpt>
    <trkpt lat="42.319016" lon="-3.074509">
      <ele>948.1</ele>
    </trkpt>
    <trkpt lat="42.318985" lon="-3.07479">
      <ele>949.3</ele>
    </trkpt>
    <trkpt lat="42.318705" lon="-3.076289">
      <ele>955.3</ele>
    </trkpt>
    <trkpt lat="42.318149" lon="-3.078146">
      <ele>962.4</ele>
    </trkpt>
    <trkpt lat="42.318108" lon="-3.078282">
      <ele>962.8</ele>
    </trkpt>
    <trkpt lat="42.318069" lon="-3.078412">
      <ele>963.3</ele>
    </trkpt>
    <trkpt lat="42.318046" lon="-3.078567">
      <ele>963.8</ele>
    </trkpt>
    <trkpt lat="42.317996" lon="-3.0789">
      <ele>964.9</ele>
    </trkpt>
    <trkpt lat="42.317909" lon="-3.079131">
      <ele>965.7</ele>
    </trkpt>
    <trkpt lat="42.31778" lon="-3.079377">
      <ele>966.7</ele>
    </trkpt>
    <trkpt lat="42.31684" lon="-3.08128">
      <ele>975</ele>
    </trkpt>
    <trkpt lat="42.316689" lon="-3.081563">
      <ele>976.2</ele>
    </trkpt>
    <trkpt lat="42.316696" lon="-3.081799">
      <ele>977</ele>
    </trkpt>
    <trkpt lat="42.316737" lon="-3.081851">
      <ele>977.3</ele>
    </trkpt>
    <trkpt lat="42.316789" lon="-3.081876">
      <ele>977.5</ele>
    </trkpt>
    <trkpt lat="42.316849" lon="-3.081856">
      <ele>977.8</ele>
    </trkpt>
    <trkpt lat="42.316907" lon="-3.081793">
      <ele>978.2</ele>
    </trkpt>
    <trkpt lat="42.317203" lon="-3.081182">
      <ele>980.9</ele>
    </trkpt>
    <trkpt lat="42.317435" lon="-3.080925">
      <ele>982.3</ele>
    </trkpt>
    <trkpt lat="42.31787" lon="-3.08079">
      <ele>984</ele>
    </trkpt>
    <trkpt lat="42.31811" lon="-3.08062">
      <ele>985.1</ele>
    </trkpt>
    <trkpt lat="42.31825" lon="-3.08045">
      <ele>985.9</ele>
    </trkpt>
    <trkpt lat="42.319183" lon="-3.07894">
      <ele>991.9</ele>
    </trkpt>
    <trkpt lat="42.319614" lon="-3.077978">
      <ele>995.7</ele>
    </trkpt>
    <trkpt lat="42.319807" lon="-3.077662">
      <ele>997.2</ele>
    </trkpt>
    <trkpt lat="42.31993" lon="-3.077644">
      <ele>997.8</ele>
    </trkpt>
    <trkpt lat="42.319974" lon="-3.077709">
      <ele>998.1</ele>
    </trkpt>
    <trkpt lat="42.31998" lon="-3.07783">
      <ele>998.5</ele>
    </trkpt>
    <trkpt lat="42.319947" lon="-3.077935">
      <ele>999</ele>
    </trkpt>
    <trkpt lat="42.319734" lon="-3.078313">
      <ele>1000.8</ele>
    </trkpt>
    <trkpt lat="42.319614" lon="-3.078596">
      <ele>1002.2</ele>
    </trkpt>
    <trkpt lat="42.31912" lon="-3.080265">
      <ele>1010.1</ele>
    </trkpt>
    <trkpt lat="42.318882" lon="-3.081371">
      <ele>1015.6</ele>
    </trkpt>
    <trkpt lat="42.318815" lon="-3.081544">
      <ele>1016.5</ele>
    </trkpt>
    <trkpt lat="42.31875" lon="-3.081651">
      <ele>1017.1</ele>
    </trkpt>
    <trkpt lat="42.317986" lon="-3.082533">
      <ele>1021.2</ele>
    </trkpt>
    <trkpt lat="42.317768" lon="-3.082879">
      <ele>1021.9</ele>
    </trkpt>
    <trkpt lat="42.31761" lon="-3.083256">
      <ele>1022.5</ele>
    </trkpt>
    <trkpt lat="42.3174" lon="-3.084056">
      <ele>1024</ele>
    </trkpt>
    <trkpt lat="42.3173" lon="-3.084545">
      <ele>1025.4</ele>
    </trkpt>
    <trkpt lat="42.317252" lon="-3.085508">
      <ele>1030.8</ele>
    </trkpt>
    <trkpt lat="42.3173" lon="-3.085894">
      <ele>1034.1</ele>
    </trkpt>
    <trkpt lat="42.31737" lon="-3.086057">
      <ele>1035.8</ele>
    </trkpt>
    <trkpt lat="42.317515" lon="-3.086228">
      <ele>1038.3</ele>
    </trkpt>
    <trkpt lat="42.317767" lon="-3.086382">
      <ele>1042.2</ele>
    </trkpt>
    <trkpt lat="42.317913" lon="-3.086439">
      <ele>1044.5</ele>
    </trkpt>
    <trkpt lat="42.318105" lon="-3.086463">
      <ele>1047.4</ele>
    </trkpt>
    <trkpt lat="42.318365" lon="-3.086388">
      <ele>1051.3</ele>
    </trkpt>
    <trkpt lat="42.31852" lon="-3.086342">
      <ele>1053.3</ele>
    </trkpt>
    <trkpt lat="42.318761" lon="-3.086348">
      <ele>1055.7</ele>
    </trkpt>
    <trkpt lat="42.318923" lon="-3.086425">
      <ele>1057</ele>
    </trkpt>
    <trkpt lat="42.319035" lon="-3.086589">
      <ele>1058.1</ele>
    </trkpt>
    <trkpt lat="42.319069" lon="-3.086729">
      <ele>1058.6</ele>
    </trkpt>
    <trkpt lat="42.319066" lon="-3.08684">
      <ele>1059</ele>
    </trkpt>
    <trkpt lat="42.31903" lon="-3.08692">
      <ele>1059.3</ele>
    </trkpt>
    <trkpt lat="42.318922" lon="-3.087032">
      <ele>1059.8</ele>
    </trkpt>
    <trkpt lat="42.318618" lon="-3.087257">
      <ele>1060.4</ele>
    </trkpt>
    <trkpt lat="42.318105" lon="-3.087968">
      <ele>1058.7</ele>
    </trkpt>
    <trkpt lat="42.317833" lon="-3.088226">
      <ele>1057.9</ele>
    </trkpt>
    <trkpt lat="42.317457" lon="-3.088709">
      <ele>1058.1</ele>
    </trkpt>
    <trkpt lat="42.317415" lon="-3.088822">
      <ele>1058.2</ele>
    </trkpt>
    <trkpt lat="42.317398" lon="-3.088989">
      <ele>1058.3</ele>
    </trkpt>
    <trkpt lat="42.317351" lon="-3.090383">
      <ele>1061.9</ele>
    </trkpt>
    <trkpt lat="42.317411" lon="-3.09109">
      <ele>1065.8</ele>
    </trkpt>
    <trkpt lat="42.317498" lon="-3.091707">
      <ele>1069.9</ele>
    </trkpt>
    <trkpt lat="42.317589" lon="-3.092163">
      <ele>1073.1</ele>
    </trkpt>
    <trkpt lat="42.317624" lon="-3.092774">
      <ele>1077.4</ele>
    </trkpt>
    <trkpt lat="42.318539" lon="-3.095537">
      <ele>1094</ele>
    </trkpt>
    <trkpt lat="42.318564" lon="-3.095789">
      <ele>1095.1</ele>
    </trkpt>
    <trkpt lat="42.318456" lon="-3.096184">
      <ele>1097</ele>
    </trkpt>
    <trkpt lat="42.31841" lon="-3.096524">
      <ele>1098.6</ele>
    </trkpt>
    <trkpt lat="42.318519" lon="-3.097499">
      <ele>1103.5</ele>
    </trkpt>
    <trkpt lat="42.318523" lon="-3.097733">
      <ele>1104.8</ele>
    </trkpt>
    <trkpt lat="42.318503" lon="-3.097824">
      <ele>1105.4</ele>
    </trkpt>
    <trkpt lat="42.318028" lon="-3.098206">
      <ele>1109.6</ele>
    </trkpt>
    <trkpt lat="42.317711" lon="-3.098829">
      <ele>1115</ele>
    </trkpt>
    <trkpt lat="42.3175" lon="-3.099315">
      <ele>1119.6</ele>
    </trkpt>
    <trkpt lat="42.317437" lon="-3.099404">
      <ele>1120.4</ele>
    </trkpt>
    <trkpt lat="42.317116" lon="-3.099613">
      <ele>1122.9</ele>
    </trkpt>
    <trkpt lat="42.316952" lon="-3.099686">
      <ele>1123.7</ele>
    </trkpt>
    <trkpt lat="42.316895" lon="-3.099735">
      <ele>1123.9</ele>
    </trkpt>
    <trkpt lat="42.316878" lon="-3.099791">
      <ele>1124.1</ele>
    </trkpt>
    <trkpt lat="42.316875" lon="-3.099887">
      <ele>1124.4</ele>
    </trkpt>
    <trkpt lat="42.316963" lon="-3.099946">
      <ele>1124.8</ele>
    </trkpt>
    <trkpt lat="42.317515" lon="-3.099683">
      <ele>1126.8</ele>
    </trkpt>
    <trkpt lat="42.31762" lon="-3.099592">
      <ele>1127</ele>
    </trkpt>
    <trkpt lat="42.318092" lon="-3.098933">
      <ele>1127.2</ele>
    </trkpt>
    <trkpt lat="42.318248" lon="-3.098579">
      <ele>1127.8</ele>
    </trkpt>
    <trkpt lat="42.318319" lon="-3.098511">
      <ele>1128.1</ele>
    </trkpt>
    <trkpt lat="42.318758" lon="-3.098494">
      <ele>1129.4</ele>
    </trkpt>
    <trkpt lat="42.3189" lon="-3.09844">
      <ele>1129.8</ele>
    </trkpt>
    <trkpt lat="42.318963" lon="-3.098373">
      <ele>1130</ele>
    </trkpt>
    <trkpt lat="42.319002" lon="-3.098262">
      <ele>1130.2</ele>
    </trkpt>
    <trkpt lat="42.318989" lon="-3.097795">
      <ele>1131.3</ele>
    </trkpt>
    <trkpt lat="42.319135" lon="-3.097061">
      <ele>1133.4</ele>
    </trkpt>
    <trkpt lat="42.319182" lon="-3.09691">
      <ele>1134</ele>
    </trkpt>
    <trkpt lat="42.319524" lon="-3.096384">
      <ele>1136.6</ele>
    </trkpt>
    <trkpt lat="42.319592" lon="-3.096222">
      <ele>1137.5</ele>
    </trkpt>
    <trkpt lat="42.319619" lon="-3.096056">
      <ele>1138.3</ele>
    </trkpt>
    <trkpt lat="42.319634" lon="-3.095765">
      <ele>1139.8</ele>
    </trkpt>
    <trkpt lat="42.319587" lon="-3.095187">
      <ele>1142.9</ele>
    </trkpt>
    <trkpt lat="42.319511" lon="-3.094756">
      <ele>1145.5</ele>
    </trkpt>
    <trkpt lat="42.319339" lon="-3.094172">
      <ele>1148.6</ele>
    </trkpt>
    <trkpt lat="42.319185" lon="-3.093576">
      <ele>1151.1</ele>
    </trkpt>
    <trkpt lat="42.319222" lon="-3.093435">
      <ele>1151.9</ele>
    </trkpt>
    <trkpt lat="42.319314" lon="-3.093424">
      <ele>1152.5</ele>
    </trkpt>
    <trkpt lat="42.319361" lon="-3.093475">
      <ele>1152.9</ele>
    </trkpt>
    <trkpt lat="42.319476" lon="-3.094003">
      <ele>1156.1</ele>
    </trkpt>
    <trkpt lat="42.319911" lon="-3.094997">
      <ele>1163.1</ele>
    </trkpt>
    <trkpt lat="42.320054" lon="-3.095497">
      <ele>1166.6</ele>
    </trkpt>
    <trkpt lat="42.320159" lon="-3.096049">
      <ele>1170</ele>
    </trkpt>
    <trkpt lat="42.32013" lon="-3.096467">
      <ele>1172.4</ele>
    </trkpt>
    <trkpt lat="42.319941" lon="-3.097452">
      <ele>1178.1</ele>
    </trkpt>
    <trkpt lat="42.319936" lon="-3.097665">
      <ele>1179.4</ele>
    </trkpt>
    <trkpt lat="42.320006" lon="-3.098219">
      <ele>1183.5</ele>
    </trkpt>
    <trkpt lat="42.32002" lon="-3.098509">
      <ele>1185.9</ele>
    </trkpt>
    <trkpt lat="42.320028" lon="-3.099475">
      <ele>1194.7</ele>
    </trkpt>
    <trkpt lat="42.319874" lon="-3.100263">
      <ele>1199.2</ele>
    </trkpt>
    <trkpt lat="42.319784" lon="-3.100517">
      <ele>1199.9</ele>
    </trkpt>
    <trkpt lat="42.319716" lon="-3.100622">
      <ele>1200.1</ele>
    </trkpt>
    <trkpt lat="42.319632" lon="-3.100675">
      <ele>1200.2</ele>
    </trkpt>
    <trkpt lat="42.319561" lon="-3.100677">
      <ele>1200.4</ele>
    </trkpt>
    <trkpt lat="42.319045" lon="-3.10036">
      <ele>1200.8</ele>
    </trkpt>
    <trkpt lat="42.31894" lon="-3.100363">
      <ele>1200.7</ele>
    </trkpt>
    <trkpt lat="42.318865" lon="-3.100414">
      <ele>1200.7</ele>
    </trkpt>
    <trkpt lat="42.318818" lon="-3.100495">
      <ele>1200.6</ele>
    </trkpt>
    <trkpt lat="42.318469" lon="-3.10192">
      <ele>1205.1</ele>
    </trkpt>
    <trkpt lat="42.318336" lon="-3.102218">
      <ele>1207.6</ele>
    </trkpt>
    <trkpt lat="42.318135" lon="-3.1025">
      <ele>1210.8</ele>
    </trkpt>
    <trkpt lat="42.318024" lon="-3.102817">
      <ele>1214</ele>
    </trkpt>
    <trkpt lat="42.317877" lon="-3.103419">
      <ele>1220.7</ele>
    </trkpt>
    <trkpt lat="42.317829" lon="-3.104044">
      <ele>1226.6</ele>
    </trkpt>
    <trkpt lat="42.317835" lon="-3.104312">
      <ele>1228.5</ele>
    </trkpt>
    <trkpt lat="42.317961" lon="-3.104518">
      <ele>1229.9</ele>
    </trkpt>
    <trkpt lat="42.318125" lon="-3.104682">
      <ele>1230.7</ele>
    </trkpt>
    <trkpt lat="42.318223" lon="-3.104861">
      <ele>1230.9</ele>
    </trkpt>
    <trkpt lat="42.318125" lon="-3.104682">
      <ele>1230.7</ele>
    </trkpt>
    <trkpt lat="42.317961" lon="-3.104518">
      <ele>1229.9</ele>
    </trkpt>
    <trkpt lat="42.317835" lon="-3.104312">
      <ele>1228.5</ele>
    </trkpt>
    <trkpt lat="42.317829" lon="-3.104044">
      <ele>1226.6</ele>
    </trkpt>
    <trkpt lat="42.317877" lon="-3.103419">
      <ele>1220.7</ele>
    </trkpt>
    <trkpt lat="42.318024" lon="-3.102817">
      <ele>1214</ele>
    </trkpt>
    <trkpt lat="42.318135" lon="-3.1025">
      <ele>1210.8</ele>
    </trkpt>
    <trkpt lat="42.318336" lon="-3.102218">
      <ele>1207.6</ele>
    </trkpt>
    <trkpt lat="42.318469" lon="-3.10192">
      <ele>1205.1</ele>
    </trkpt>
    <trkpt lat="42.318818" lon="-3.100495">
      <ele>1200.6</ele>
    </trkpt>
    <trkpt lat="42.318865" lon="-3.100414">
      <ele>1200.7</ele>
    </trkpt>
    <trkpt lat="42.31894" lon="-3.100363">
      <ele>1200.7</ele>
    </trkpt>
    <trkpt lat="42.319045" lon="-3.10036">
      <ele>1200.8</ele>
    </trkpt>
    <trkpt lat="42.319561" lon="-3.100677">
      <ele>1200.4</ele>
    </trkpt>
    <trkpt lat="42.319632" lon="-3.100675">
      <ele>1200.2</ele>
    </trkpt>
    <trkpt lat="42.319716" lon="-3.100622">
      <ele>1200.1</ele>
    </trkpt>
    <trkpt lat="42.319784" lon="-3.100517">
      <ele>1199.9</ele>
    </trkpt>
    <trkpt lat="42.319874" lon="-3.100263">
      <ele>1199.2</ele>
    </trkpt>
    <trkpt lat="42.320028" lon="-3.099475">
      <ele>1194.7</ele>
    </trkpt>
    <trkpt lat="42.32002" lon="-3.098509">
      <ele>1185.9</ele>
    </trkpt>
    <trkpt lat="42.320006" lon="-3.098219">
      <ele>1183.5</ele>
    </trkpt>
    <trkpt lat="42.319936" lon="-3.097665">
      <ele>1179.4</ele>
    </trkpt>
    <trkpt lat="42.319941" lon="-3.097452">
      <ele>1178.1</ele>
    </trkpt>
    <trkpt lat="42.32013" lon="-3.096467">
      <ele>1172.4</ele>
    </trkpt>
    <trkpt lat="42.320159" lon="-3.096049">
      <ele>1170</ele>
    </trkpt>
    <trkpt lat="42.320054" lon="-3.095497">
      <ele>1166.6</ele>
    </trkpt>
    <trkpt lat="42.319911" lon="-3.094997">
      <ele>1163.1</ele>
    </trkpt>
    <trkpt lat="42.319476" lon="-3.094003">
      <ele>1156.1</ele>
    </trkpt>
    <trkpt lat="42.319361" lon="-3.093475">
      <ele>1152.9</ele>
    </trkpt>
    <trkpt lat="42.319314" lon="-3.093424">
      <ele>1152.5</ele>
    </trkpt>
    <trkpt lat="42.319222" lon="-3.093435">
      <ele>1151.9</ele>
    </trkpt>
    <trkpt lat="42.319185" lon="-3.093576">
      <ele>1151.1</ele>
    </trkpt>
    <trkpt lat="42.319339" lon="-3.094172">
      <ele>1148.6</ele>
    </trkpt>
    <trkpt lat="42.319511" lon="-3.094756">
      <ele>1145.5</ele>
    </trkpt>
    <trkpt lat="42.319587" lon="-3.095187">
      <ele>1142.9</ele>
    </trkpt>
    <trkpt lat="42.319634" lon="-3.095765">
      <ele>1139.8</ele>
    </trkpt>
    <trkpt lat="42.319619" lon="-3.096056">
      <ele>1138.3</ele>
    </trkpt>
    <trkpt lat="42.319592" lon="-3.096222">
      <ele>1137.5</ele>
    </trkpt>
    <trkpt lat="42.319524" lon="-3.096384">
      <ele>1136.6</ele>
    </trkpt>
    <trkpt lat="42.319182" lon="-3.09691">
      <ele>1134</ele>
    </trkpt>
    <trkpt lat="42.319135" lon="-3.097061">
      <ele>1133.4</ele>
    </trkpt>
    <trkpt lat="42.318989" lon="-3.097795">
      <ele>1131.3</ele>
    </trkpt>
    <trkpt lat="42.319002" lon="-3.098262">
      <ele>1130.2</ele>
    </trkpt>
    <trkpt lat="42.318963" lon="-3.098373">
      <ele>1130</ele>
    </trkpt>
    <trkpt lat="42.3189" lon="-3.09844">
      <ele>1129.8</ele>
    </trkpt>
    <trkpt lat="42.318758" lon="-3.098494">
      <ele>1129.4</ele>
    </trkpt>
    <trkpt lat="42.318319" lon="-3.098511">
      <ele>1128.1</ele>
    </trkpt>
    <trkpt lat="42.318248" lon="-3.098579">
      <ele>1127.8</ele>
    </trkpt>
    <trkpt lat="42.318092" lon="-3.098933">
      <ele>1127.2</ele>
    </trkpt>
    <trkpt lat="42.31762" lon="-3.099592">
      <ele>1127</ele>
    </trkpt>
    <trkpt lat="42.317515" lon="-3.099683">
      <ele>1126.8</ele>
    </trkpt>
    <trkpt lat="42.316963" lon="-3.099946">
      <ele>1124.8</ele>
    </trkpt>
    <trkpt lat="42.316875" lon="-3.099887">
      <ele>1124.4</ele>
    </trkpt>
    <trkpt lat="42.316878" lon="-3.099791">
      <ele>1124.1</ele>
    </trkpt>
    <trkpt lat="42.316895" lon="-3.099735">
      <ele>1123.9</ele>
    </trkpt>
    <trkpt lat="42.316952" lon="-3.099686">
      <ele>1123.7</ele>
    </trkpt>
    <trkpt lat="42.317116" lon="-3.099613">
      <ele>1122.9</ele>
    </trkpt>
    <trkpt lat="42.317437" lon="-3.099404">
      <ele>1120.4</ele>
    </trkpt>
    <trkpt lat="42.3175" lon="-3.099315">
      <ele>1119.6</ele>
    </trkpt>
    <trkpt lat="42.317711" lon="-3.098829">
      <ele>1115</ele>
    </trkpt>
    <trkpt lat="42.318028" lon="-3.098206">
      <ele>1109.6</ele>
    </trkpt>
    <trkpt lat="42.318503" lon="-3.097824">
      <ele>1105.4</ele>
    </trkpt>
    <trkpt lat="42.318523" lon="-3.097733">
      <ele>1104.8</ele>
    </trkpt>
    <trkpt lat="42.318519" lon="-3.097499">
      <ele>1103.5</ele>
    </trkpt>
    <trkpt lat="42.31841" lon="-3.096524">
      <ele>1098.6</ele>
    </trkpt>
    <trkpt lat="42.318456" lon="-3.096184">
      <ele>1097</ele>
    </trkpt>
    <trkpt lat="42.318564" lon="-3.095789">
      <ele>1095.1</ele>
    </trkpt>
    <trkpt lat="42.318539" lon="-3.095537">
      <ele>1094</ele>
    </trkpt>
    <trkpt lat="42.317624" lon="-3.092774">
      <ele>1077.4</ele>
    </trkpt>
    <trkpt lat="42.317589" lon="-3.092163">
      <ele>1073.1</ele>
    </trkpt>
    <trkpt lat="42.317498" lon="-3.091707">
      <ele>1069.9</ele>
    </trkpt>
    <trkpt lat="42.317411" lon="-3.09109">
      <ele>1065.8</ele>
    </trkpt>
    <trkpt lat="42.317351" lon="-3.090383">
      <ele>1061.9</ele>
    </trkpt>
    <trkpt lat="42.317398" lon="-3.088989">
      <ele>1058.3</ele>
    </trkpt>
    <trkpt lat="42.317415" lon="-3.088822">
      <ele>1058.2</ele>
    </trkpt>
    <trkpt lat="42.317457" lon="-3.088709">
      <ele>1058.1</ele>
    </trkpt>
    <trkpt lat="42.317833" lon="-3.088226">
      <ele>1057.9</ele>
    </trkpt>
    <trkpt lat="42.318105" lon="-3.087968">
      <ele>1058.7</ele>
    </trkpt>
    <trkpt lat="42.318618" lon="-3.087257">
      <ele>1060.4</ele>
    </trkpt>
    <trkpt lat="42.318922" lon="-3.087032">
      <ele>1059.8</ele>
    </trkpt>
    <trkpt lat="42.31903" lon="-3.08692">
      <ele>1059.3</ele>
    </trkpt>
    <trkpt lat="42.319066" lon="-3.08684">
      <ele>1059</ele>
    </trkpt>
    <trkpt lat="42.319069" lon="-3.086729">
      <ele>1058.6</ele>
    </trkpt>
    <trkpt lat="42.319035" lon="-3.086589">
      <ele>1058.1</ele>
    </trkpt>
    <trkpt lat="42.318923" lon="-3.086425">
      <ele>1057</ele>
    </trkpt>
    <trkpt lat="42.318761" lon="-3.086348">
      <ele>1055.7</ele>
    </trkpt>
    <trkpt lat="42.31852" lon="-3.086342">
      <ele>1053.3</ele>
    </trkpt>
    <trkpt lat="42.318365" lon="-3.086388">
      <ele>1051.3</ele>
    </trkpt>
    <trkpt lat="42.318105" lon="-3.086463">
      <ele>1047.4</ele>
    </trkpt>
    <trkpt lat="42.317913" lon="-3.086439">
      <ele>1044.5</ele>
    </trkpt>
    <trkpt lat="42.317767" lon="-3.086382">
      <ele>1042.2</ele>
    </trkpt>
    <trkpt lat="42.317515" lon="-3.086228">
      <ele>1038.3</ele>
    </trkpt>
    <trkpt lat="42.31737" lon="-3.086057">
      <ele>1035.8</ele>
    </trkpt>
    <trkpt lat="42.3173" lon="-3.085894">
      <ele>1034.1</ele>
    </trkpt>
    <trkpt lat="42.317252" lon="-3.085508">
      <ele>1030.8</ele>
    </trkpt>
    <trkpt lat="42.3173" lon="-3.084545">
      <ele>1025.4</ele>
    </trkpt>
    <trkpt lat="42.3174" lon="-3.084056">
      <ele>1024</ele>
    </trkpt>
    <trkpt lat="42.31761" lon="-3.083256">
      <ele>1022.5</ele>
    </trkpt>
    <trkpt lat="42.317768" lon="-3.082879">
      <ele>1021.9</ele>
    </trkpt>
    <trkpt lat="42.317986" lon="-3.082533">
      <ele>1021.2</ele>
    </trkpt>
    <trkpt lat="42.31875" lon="-3.081651">
      <ele>1017.1</ele>
    </trkpt>
    <trkpt lat="42.318815" lon="-3.081544">
      <ele>1016.5</ele>
    </trkpt>
    <trkpt lat="42.318882" lon="-3.081371">
      <ele>1015.6</ele>
    </trkpt>
    <trkpt lat="42.31912" lon="-3.080265">
      <ele>1010.1</ele>
    </trkpt>
    <trkpt lat="42.319614" lon="-3.078596">
      <ele>1002.2</ele>
    </trkpt>
    <trkpt lat="42.319734" lon="-3.078313">
      <ele>1000.8</ele>
    </trkpt>
    <trkpt lat="42.319947" lon="-3.077935">
      <ele>999</ele>
    </trkpt>
    <trkpt lat="42.31998" lon="-3.07783">
      <ele>998.5</ele>
    </trkpt>
    <trkpt lat="42.319974" lon="-3.077709">
      <ele>998.1</ele>
    </trkpt>
    <trkpt lat="42.31993" lon="-3.077644">
      <ele>997.8</ele>
    </trkpt>
    <trkpt lat="42.319807" lon="-3.077662">
      <ele>997.2</ele>
    </trkpt>
    <trkpt lat="42.319614" lon="-3.077978">
      <ele>995.7</ele>
    </trkpt>
    <trkpt lat="42.319183" lon="-3.07894">
      <ele>991.9</ele>
    </trkpt>
    <trkpt lat="42.31825" lon="-3.08045">
      <ele>985.9</ele>
    </trkpt>
    <trkpt lat="42.31811" lon="-3.08062">
      <ele>985.1</ele>
    </trkpt>
    <trkpt lat="42.31787" lon="-3.08079">
      <ele>984</ele>
    </trkpt>
    <trkpt lat="42.317435" lon="-3.080925">
      <ele>982.3</ele>
    </trkpt>
    <trkpt lat="42.317203" lon="-3.081182">
      <ele>980.9</ele>
    </trkpt>
    <trkpt lat="42.316907" lon="-3.081793">
      <ele>978.2</ele>
    </trkpt>
    <trkpt lat="42.316849" lon="-3.081856">
      <ele>977.8</ele>
    </trkpt>
    <trkpt lat="42.316789" lon="-3.081876">
      <ele>977.5</ele>
    </trkpt>
    <trkpt lat="42.316737" lon="-3.081851">
      <ele>977.3</ele>
    </trkpt>
    <trkpt lat="42.316696" lon="-3.081799">
      <ele>977</ele>
    </trkpt>
    <trkpt lat="42.316689" lon="-3.081563">
      <ele>976.2</ele>
    </trkpt>
    <trkpt lat="42.31684" lon="-3.08128">
      <ele>975</ele>
    </trkpt>
    <trkpt lat="42.31778" lon="-3.079377">
      <ele>966.7</ele>
    </trkpt>
    <trkpt lat="42.317909" lon="-3.079131">
      <ele>965.7</ele>
    </trkpt>
    <trkpt lat="42.317996" lon="-3.0789">
      <ele>964.9</ele>
    </trkpt>
    <trkpt lat="42.318046" lon="-3.078567">
      <ele>963.8</ele>
    </trkpt>
    <trkpt lat="42.318069" lon="-3.078412">
      <ele>963.3</ele>
    </trkpt>
    <trkpt lat="42.318149" lon="-3.078146">
      <ele>962.4</ele>
    </trkpt>
    <trkpt lat="42.318705" lon="-3.076289">
      <ele>955.3</ele>
    </trkpt>
    <trkpt lat="42.318985" lon="-3.07479">
      <ele>949.3</ele>
    </trkpt>
    <trkpt lat="42.319016" lon="-3.074509">
      <ele>948.1</ele>
    </trkpt>
    <trkpt lat="42.319034" lon="-3.074246">
      <ele>946.9</ele>
    </trkpt>
    <trkpt lat="42.319014" lon="-3.073478">
      <ele>943.3</ele>
    </trkpt>
    <trkpt lat="42.31888" lon="-3.07268">
      <ele>939.2</ele>
    </trkpt>
    <trkpt lat="42.3186" lon="-3.07195">
      <ele>935.7</ele>
    </trkpt>
    <trkpt lat="42.318337" lon="-3.071514">
      <ele>934.1</ele>
    </trkpt>
    <trkpt lat="42.318114" lon="-3.071159">
      <ele>933.3</ele>
    </trkpt>
    <trkpt lat="42.318086" lon="-3.071109">
      <ele>933.2</ele>
    </trkpt>
    <trkpt lat="42.317952" lon="-3.070873">
      <ele>932.8</ele>
    </trkpt>
    <trkpt lat="42.317858" lon="-3.070641">
      <ele>932.6</ele>
    </trkpt>
    <trkpt lat="42.317806" lon="-3.0704">
      <ele>932.4</ele>
    </trkpt>
    <trkpt lat="42.317805" lon="-3.069993">
      <ele>932</ele>
    </trkpt>
    <trkpt lat="42.31783" lon="-3.06983">
      <ele>931.9</ele>
    </trkpt>
    <trkpt lat="42.318248" lon="-3.068385">
      <ele>930.2</ele>
    </trkpt>
    <trkpt lat="42.318279" lon="-3.06827">
      <ele>930</ele>
    </trkpt>
    <trkpt lat="42.318485" lon="-3.06759">
      <ele>928.7</ele>
    </trkpt>
    <trkpt lat="42.318592" lon="-3.067238">
      <ele>927.8</ele>
    </trkpt>
    <trkpt lat="42.318631" lon="-3.067099">
      <ele>927.5</ele>
    </trkpt>
    <trkpt lat="42.319113" lon="-3.06549">
      <ele>921.3</ele>
    </trkpt>
    <trkpt lat="42.31913" lon="-3.065435">
      <ele>921.1</ele>
    </trkpt>
    <trkpt lat="42.319502" lon="-3.065436">
      <ele>919</ele>
    </trkpt>
    <trkpt lat="42.319768" lon="-3.065541">
      <ele>917.5</ele>
    </trkpt>
    <trkpt lat="42.31983" lon="-3.065464">
      <ele>917</ele>
    </trkpt>
    <trkpt lat="42.320346" lon="-3.064418">
      <ele>912.6</ele>
    </trkpt>
    <trkpt lat="42.320538" lon="-3.063965">
      <ele>911.2</ele>
    </trkpt>
    <trkpt lat="42.320659" lon="-3.063547">
      <ele>910.1</ele>
    </trkpt>
    <trkpt lat="42.320652" lon="-3.063444">
      <ele>909.9</ele>
    </trkpt>
    <trkpt lat="42.320548" lon="-3.063232">
      <ele>909.3</ele>
    </trkpt>
    <trkpt lat="42.320576" lon="-3.06304">
      <ele>908.8</ele>
    </trkpt>
    <trkpt lat="42.320667" lon="-3.062907">
      <ele>908.3</ele>
    </trkpt>
    <trkpt lat="42.320709" lon="-3.0628">
      <ele>908</ele>
    </trkpt>
    <trkpt lat="42.320724" lon="-3.06262">
      <ele>907.6</ele>
    </trkpt>
    <trkpt lat="42.320975" lon="-3.061975">
      <ele>905.8</ele>
    </trkpt>
    <trkpt lat="42.321056" lon="-3.061679">
      <ele>905.2</ele>
    </trkpt>
    <trkpt lat="42.321059" lon="-3.061515">
      <ele>904.9</ele>
    </trkpt>
    <trkpt lat="42.321161" lon="-3.061378">
      <ele>904.5</ele>
    </trkpt>
    <trkpt lat="42.321206" lon="-3.061004">
      <ele>904</ele>
    </trkpt>
    <trkpt lat="42.321365" lon="-3.060922">
      <ele>903.7</ele>
    </trkpt>
    <trkpt lat="42.321418" lon="-3.060855">
      <ele>903.6</ele>
    </trkpt>
    <trkpt lat="42.321477" lon="-3.060679">
      <ele>903.4</ele>
    </trkpt>
    <trkpt lat="42.321468" lon="-3.06035">
      <ele>903.1</ele>
    </trkpt>
    <trkpt lat="42.321506" lon="-3.060056">
      <ele>902.9</ele>
    </trkpt>
    <trkpt lat="42.321508" lon="-3.059827">
      <ele>902.7</ele>
    </trkpt>
    <trkpt lat="42.321469" lon="-3.059182">
      <ele>902.2</ele>
    </trkpt>
    <trkpt lat="42.321548" lon="-3.058146">
      <ele>900.5</ele>
    </trkpt>
    <trkpt lat="42.321531" lon="-3.057742">
      <ele>899.6</ele>
    </trkpt>
    <trkpt lat="42.321575" lon="-3.057695">
      <ele>899.4</ele>
    </trkpt>
    <trkpt lat="42.324184" lon="-3.049044">
      <ele>874.9</ele>
    </trkpt>
    <trkpt lat="42.324211" lon="-3.048957">
      <ele>874.7</ele>
    </trkpt>
    <trkpt lat="42.324336" lon="-3.048536">
      <ele>873.8</ele>
    </trkpt>
    <trkpt lat="42.324652" lon="-3.047377">
      <ele>871.8</ele>
    </trkpt>
    <trkpt lat="42.324683" lon="-3.046784">
      <ele>870.9</ele>
    </trkpt>
    <trkpt lat="42.324689" lon="-3.04594">
      <ele>869.5</ele>
    </trkpt>
    <trkpt lat="42.324752" lon="-3.045138">
      <ele>868.4</ele>
    </trkpt>
    <trkpt lat="42.324788" lon="-3.044942">
      <ele>868.1</ele>
    </trkpt>
    <trkpt lat="42.324804" lon="-3.044372">
      <ele>867.4</ele>
    </trkpt>
    <trkpt lat="42.324883" lon="-3.043662">
      <ele>866.6</ele>
    </trkpt>
    <trkpt lat="42.324885" lon="-3.04323">
      <ele>866.1</ele>
    </trkpt>
    <trkpt lat="42.324861" lon="-3.042983">
      <ele>865.8</ele>
    </trkpt>
    <trkpt lat="42.324885" lon="-3.042572">
      <ele>865.4</ele>
    </trkpt>
    <trkpt lat="42.324857" lon="-3.042144">
      <ele>864.9</ele>
    </trkpt>
    <trkpt lat="42.324878" lon="-3.041932">
      <ele>864.6</ele>
    </trkpt>
    <trkpt lat="42.325147" lon="-3.040582">
      <ele>861.1</ele>
    </trkpt>
    <trkpt lat="42.325147" lon="-3.040489">
      <ele>860.8</ele>
    </trkpt>
    <trkpt lat="42.325082" lon="-3.04036">
      <ele>860.4</ele>
    </trkpt>
    <trkpt lat="42.325261" lon="-3.039563">
      <ele>858.2</ele>
    </trkpt>
    <trkpt lat="42.325291" lon="-3.039468">
      <ele>857.9</ele>
    </trkpt>
    <trkpt lat="42.325434" lon="-3.038839">
      <ele>856.1</ele>
    </trkpt>
    <trkpt lat="42.325478" lon="-3.038647">
      <ele>855.7</ele>
    </trkpt>
    <trkpt lat="42.325607" lon="-3.038076">
      <ele>854.4</ele>
    </trkpt>
    <trkpt lat="42.325654" lon="-3.037864">
      <ele>854</ele>
    </trkpt>
    <trkpt lat="42.325662" lon="-3.037817">
      <ele>853.9</ele>
    </trkpt>
    <trkpt lat="42.325659" lon="-3.037531">
      <ele>853.4</ele>
    </trkpt>
    <trkpt lat="42.3256" lon="-3.037067">
      <ele>852.4</ele>
    </trkpt>
    <trkpt lat="42.325593" lon="-3.037029">
      <ele>852.3</ele>
    </trkpt>
    <trkpt lat="42.325649" lon="-3.036789">
      <ele>851.7</ele>
    </trkpt>
    <trkpt lat="42.325739" lon="-3.036112">
      <ele>850.1</ele>
    </trkpt>
    <trkpt lat="42.325613" lon="-3.035605">
      <ele>848.8</ele>
    </trkpt>
    <trkpt lat="42.325472" lon="-3.035206">
      <ele>847.8</ele>
    </trkpt>
    <trkpt lat="42.325468" lon="-3.035046">
      <ele>847.5</ele>
    </trkpt>
    <trkpt lat="42.325522" lon="-3.034788">
      <ele>846.9</ele>
    </trkpt>
    <trkpt lat="42.325528" lon="-3.034495">
      <ele>846.2</ele>
    </trkpt>
    <trkpt lat="42.325404" lon="-3.034178">
      <ele>845.6</ele>
    </trkpt>
    <trkpt lat="42.32526" lon="-3.033991">
      <ele>845.3</ele>
    </trkpt>
    <trkpt lat="42.325122" lon="-3.03382">
      <ele>845</ele>
    </trkpt>
    <trkpt lat="42.324874" lon="-3.033511">
      <ele>844.8</ele>
    </trkpt>
    <trkpt lat="42.324754" lon="-3.033396">
      <ele>844.7</ele>
    </trkpt>
    <trkpt lat="42.324675" lon="-3.033245">
      <ele>844.6</ele>
    </trkpt>
    <trkpt lat="42.324626" lon="-3.033151">
      <ele>844.6</ele>
    </trkpt>
    <trkpt lat="42.32459" lon="-3.032981">
      <ele>844.4</ele>
    </trkpt>
    <trkpt lat="42.324532" lon="-3.03225">
      <ele>843.8</ele>
    </trkpt>
    <trkpt lat="42.324534" lon="-3.031909">
      <ele>843.4</ele>
    </trkpt>
    <trkpt lat="42.324753" lon="-3.030757">
      <ele>841.1</ele>
    </trkpt>
    <trkpt lat="42.325326" lon="-3.027375">
      <ele>833.9</ele>
    </trkpt>
    <trkpt lat="42.325498" lon="-3.026534">
      <ele>832.9</ele>
    </trkpt>
    <trkpt lat="42.32561" lon="-3.025214">
      <ele>831.8</ele>
    </trkpt>
    <trkpt lat="42.325623" lon="-3.025089">
      <ele>831.7</ele>
    </trkpt>
    <trkpt lat="42.325585" lon="-3.024637">
      <ele>831.2</ele>
    </trkpt>
    <trkpt lat="42.325711" lon="-3.02083">
      <ele>823.7</ele>
    </trkpt>
    <trkpt lat="42.325664" lon="-3.020552">
      <ele>823.1</ele>
    </trkpt>
    <trkpt lat="42.325676" lon="-3.020131">
      <ele>822.1</ele>
    </trkpt>
    <trkpt lat="42.325732" lon="-3.018626">
      <ele>819.1</ele>
    </trkpt>
    <trkpt lat="42.32576" lon="-3.017466">
      <ele>817.8</ele>
    </trkpt>
    <trkpt lat="42.325768" lon="-3.01704">
      <ele>817.7</ele>
    </trkpt>
    <trkpt lat="42.325775" lon="-3.016872">
      <ele>817.7</ele>
    </trkpt>
    <trkpt lat="42.325648" lon="-3.016825">
      <ele>817.7</ele>
    </trkpt>
    <trkpt lat="42.325526" lon="-3.016757">
      <ele>817.8</ele>
    </trkpt>
    <trkpt lat="42.324786" lon="-3.016163">
      <ele>818.7</ele>
    </trkpt>
    <trkpt lat="42.324467" lon="-3.01599">
      <ele>819.3</ele>
    </trkpt>
    <trkpt lat="42.324132" lon="-3.015826">
      <ele>819.7</ele>
    </trkpt>
    <trkpt lat="42.323946" lon="-3.015738">
      <ele>819.8</ele>
    </trkpt>
    <trkpt lat="42.323869" lon="-3.015704">
      <ele>819.9</ele>
    </trkpt>
    <trkpt lat="42.323743" lon="-3.015648">
      <ele>820</ele>
    </trkpt>
    <trkpt lat="42.323502" lon="-3.015535">
      <ele>820</ele>
    </trkpt>
    <trkpt lat="42.323552" lon="-3.01529">
      <ele>819.8</ele>
    </trkpt>
    <trkpt lat="42.323499" lon="-3.015068">
      <ele>819.6</ele>
    </trkpt>
    <trkpt lat="42.32351" lon="-3.014796">
      <ele>819.2</ele>
    </trkpt>
    <trkpt lat="42.323461" lon="-3.01463">
      <ele>818.8</ele>
    </trkpt>
    <trkpt lat="42.323425" lon="-3.014451">
      <ele>818.5</ele>
    </trkpt>
    <trkpt lat="42.323394" lon="-3.014195">
      <ele>818</ele>
    </trkpt>
    <trkpt lat="42.323843" lon="-3.013986">
      <ele>816.7</ele>
    </trkpt>
    <trkpt lat="42.323806" lon="-3.01365">
      <ele>816.1</ele>
    </trkpt>
    <trkpt lat="42.324419" lon="-3.013445">
      <ele>814.6</ele>
    </trkpt>
    <trkpt lat="42.324462" lon="-3.013408">
      <ele>814.5</ele>
    </trkpt>
    <trkpt lat="42.324563" lon="-3.012575">
      <ele>813.7</ele>
    </trkpt>
    <trkpt lat="42.324517" lon="-3.012457">
      <ele>813.6</ele>
    </trkpt>
    <trkpt lat="42.32448" lon="-3.012484">
      <ele>813.5</ele>
    </trkpt>
    <trkpt lat="42.324438" lon="-3.012474">
      <ele>813.5</ele>
    </trkpt>
    <trkpt lat="42.324404" lon="-3.012401">
      <ele>813.4</ele>
    </trkpt>
    <trkpt lat="42.324433" lon="-3.012324">
      <ele>813.4</ele>
    </trkpt>
    <trkpt lat="42.324486" lon="-3.012312">
      <ele>813.3</ele>
    </trkpt>
    <trkpt lat="42.324581" lon="-3.012286">
      <ele>813.2</ele>
    </trkpt>
    <trkpt lat="42.325162" lon="-3.012176">
      <ele>812.6</ele>
    </trkpt>
    <trkpt lat="42.325338" lon="-3.012153">
      <ele>812.4</ele>
    </trkpt>
    <trkpt lat="42.326103" lon="-3.012055">
      <ele>811.4</ele>
    </trkpt>
    <trkpt lat="42.326812" lon="-3.011973">
      <ele>810</ele>
    </trkpt>
    <trkpt lat="42.326813" lon="-3.011773">
      <ele>809.7</ele>
    </trkpt>
    <trkpt lat="42.326813" lon="-3.011662">
      <ele>809.5</ele>
    </trkpt>
    <trkpt lat="42.326809" lon="-3.010944">
      <ele>808.8</ele>
    </trkpt>
    <trkpt lat="42.326805" lon="-3.010274">
      <ele>808.6</ele>
    </trkpt>
    <trkpt lat="42.3268" lon="-3.009826">
      <ele>809</ele>
    </trkpt>
    <trkpt lat="42.326898" lon="-3.00978">
      <ele>809.2</ele>
    </trkpt>
    <trkpt lat="42.3268" lon="-3.009826">
      <ele>809.4</ele>
    </trkpt>
    <trkpt lat="42.32521" lon="-3.01058">
      <ele>817.4</ele>
    </trkpt>
    <trkpt lat="42.324666" lon="-3.010821">
      <ele>819.9</ele>
    </trkpt>
    <trkpt lat="42.324527" lon="-3.010848">
      <ele>820.4</ele>
    </trkpt>
    <trkpt lat="42.32444" lon="-3.010865">
      <ele>820.7</ele>
    </trkpt>
    <trkpt lat="42.324155" lon="-3.010924">
      <ele>821.6</ele>
    </trkpt>
    <trkpt lat="42.323928" lon="-3.011051">
      <ele>822.2</ele>
    </trkpt>
    <trkpt lat="42.323729" lon="-3.01112">
      <ele>822.6</ele>
    </trkpt>
    <trkpt lat="42.323494" lon="-3.01113">
      <ele>823</ele>
    </trkpt>
    <trkpt lat="42.32311" lon="-3.01122">
      <ele>823.4</ele>
    </trkpt>
    <trkpt lat="42.32273" lon="-3.01138">
      <ele>824.2</ele>
    </trkpt>
    <trkpt lat="42.321957" lon="-3.011571">
      <ele>824.2</ele>
    </trkpt>
    <trkpt lat="42.321777" lon="-3.011685">
      <ele>823.9</ele>
    </trkpt>
    <trkpt lat="42.320907" lon="-3.012531">
      <ele>822.2</ele>
    </trkpt>
    <trkpt lat="42.320745" lon="-3.012681">
      <ele>821.8</ele>
    </trkpt>
    <trkpt lat="42.320598" lon="-3.012809">
      <ele>821.4</ele>
    </trkpt>
    <trkpt lat="42.320396" lon="-3.012868">
      <ele>821.2</ele>
    </trkpt>
    <trkpt lat="42.320166" lon="-3.012806">
      <ele>821.3</ele>
    </trkpt>
    <trkpt lat="42.319664" lon="-3.012547">
      <ele>822.2</ele>
    </trkpt>
    <trkpt lat="42.319117" lon="-3.012247">
      <ele>822.8</ele>
    </trkpt>
    <trkpt lat="42.318838" lon="-3.012214">
      <ele>823</ele>
    </trkpt>
    <trkpt lat="42.318435" lon="-3.012242">
      <ele>823.6</ele>
    </trkpt>
    <trkpt lat="42.317947" lon="-3.012328">
      <ele>824.3</ele>
    </trkpt>
    <trkpt lat="42.317681" lon="-3.01243">
      <ele>824.6</ele>
    </trkpt>
    <trkpt lat="42.316812" lon="-3.01288">
      <ele>825.4</ele>
    </trkpt>
    <trkpt lat="42.316087" lon="-3.013283">
      <ele>826.2</ele>
    </trkpt>
    <trkpt lat="42.315885" lon="-3.013434">
      <ele>826.4</ele>
    </trkpt>
    <trkpt lat="42.314673" lon="-3.014537">
      <ele>828</ele>
    </trkpt>
    <trkpt lat="42.313948" lon="-3.015122">
      <ele>828.4</ele>
    </trkpt>
    <trkpt lat="42.313816" lon="-3.01521">
      <ele>828.4</ele>
    </trkpt>
    <trkpt lat="42.313609" lon="-3.015345">
      <ele>828.6</ele>
    </trkpt>
    <trkpt lat="42.313269" lon="-3.015477">
      <ele>828.8</ele>
    </trkpt>
    <trkpt lat="42.313041" lon="-3.015561">
      <ele>829.1</ele>
    </trkpt>
    <trkpt lat="42.312462" lon="-3.015776">
      <ele>829.9</ele>
    </trkpt>
    <trkpt lat="42.31224" lon="-3.015886">
      <ele>830.3</ele>
    </trkpt>
    <trkpt lat="42.31129" lon="-3.016538">
      <ele>832.3</ele>
    </trkpt>
    <trkpt lat="42.31076" lon="-3.016834">
      <ele>833.3</ele>
    </trkpt>
    <trkpt lat="42.310255" lon="-3.017049">
      <ele>834.4</ele>
    </trkpt>
    <trkpt lat="42.310097" lon="-3.017159">
      <ele>834.8</ele>
    </trkpt>
    <trkpt lat="42.308646" lon="-3.018376">
      <ele>838.8</ele>
    </trkpt>
    <trkpt lat="42.307577" lon="-3.019327">
      <ele>841.4</ele>
    </trkpt>
    <trkpt lat="42.306517" lon="-3.020326">
      <ele>843.1</ele>
    </trkpt>
    <trkpt lat="42.305881" lon="-3.020923">
      <ele>843.8</ele>
    </trkpt>
    <trkpt lat="42.305514" lon="-3.021341">
      <ele>844.2</ele>
    </trkpt>
    <trkpt lat="42.305196" lon="-3.02175">
      <ele>844.5</ele>
    </trkpt>
    <trkpt lat="42.304925" lon="-3.022047">
      <ele>844.8</ele>
    </trkpt>
    <trkpt lat="42.304797" lon="-3.02219">
      <ele>844.9</ele>
    </trkpt>
    <trkpt lat="42.304262" lon="-3.02262">
      <ele>845.7</ele>
    </trkpt>
    <trkpt lat="42.303485" lon="-3.023196">
      <ele>847.5</ele>
    </trkpt>
    <trkpt lat="42.302167" lon="-3.023878">
      <ele>851</ele>
    </trkpt>
    <trkpt lat="42.301027" lon="-3.024773">
      <ele>854.3</ele>
    </trkpt>
    <trkpt lat="42.300778" lon="-3.024926">
      <ele>854.7</ele>
    </trkpt>
    <trkpt lat="42.300393" lon="-3.02506">
      <ele>855.1</ele>
    </trkpt>
    <trkpt lat="42.29951" lon="-3.025265">
      <ele>855.3</ele>
    </trkpt>
    <trkpt lat="42.29815" lon="-3.025363">
      <ele>855.4</ele>
    </trkpt>
    <trkpt lat="42.29782" lon="-3.025338">
      <ele>855.7</ele>
    </trkpt>
    <trkpt lat="42.295718" lon="-3.025028">
      <ele>859.8</ele>
    </trkpt>
    <trkpt lat="42.293999" lon="-3.024788">
      <ele>863.6</ele>
    </trkpt>
    <trkpt lat="42.293836" lon="-3.024801">
      <ele>863.9</ele>
    </trkpt>
    <trkpt lat="42.293641" lon="-3.024827">
      <ele>864.2</ele>
    </trkpt>
    <trkpt lat="42.292492" lon="-3.025149">
      <ele>865.9</ele>
    </trkpt>
    <trkpt lat="42.291471" lon="-3.02527">
      <ele>867.3</ele>
    </trkpt>
    <trkpt lat="42.291195" lon="-3.025329">
      <ele>867.7</ele>
    </trkpt>
    <trkpt lat="42.290136" lon="-3.025785">
      <ele>869.5</ele>
    </trkpt>
    <trkpt lat="42.289807" lon="-3.025878">
      <ele>870.1</ele>
    </trkpt>
    <trkpt lat="42.288926" lon="-3.025998">
      <ele>871.5</ele>
    </trkpt>
    <trkpt lat="42.288104" lon="-3.02637">
      <ele>872.9</ele>
    </trkpt>
    <trkpt lat="42.287853" lon="-3.026457">
      <ele>873.4</ele>
    </trkpt>
    <trkpt lat="42.286181" lon="-3.02648">
      <ele>877.1</ele>
    </trkpt>
    <trkpt lat="42.284835" lon="-3.02666">
      <ele>883.4</ele>
    </trkpt>
    <trkpt lat="42.284171" lon="-3.026596">
      <ele>887</ele>
    </trkpt>
    <trkpt lat="42.284018" lon="-3.026604">
      <ele>887.7</ele>
    </trkpt>
    <trkpt lat="42.283594" lon="-3.026727">
      <ele>889</ele>
    </trkpt>
    <trkpt lat="42.2832" lon="-3.02691">
      <ele>889.5</ele>
    </trkpt>
    <trkpt lat="42.28278" lon="-3.027015">
      <ele>889</ele>
    </trkpt>
    <trkpt lat="42.282063" lon="-3.027259">
      <ele>887.2</ele>
    </trkpt>
    <trkpt lat="42.281891" lon="-3.027309">
      <ele>886.9</ele>
    </trkpt>
    <trkpt lat="42.28134" lon="-3.02747">
      <ele>887.1</ele>
    </trkpt>
    <trkpt lat="42.281035" lon="-3.027516">
      <ele>887.5</ele>
    </trkpt>
    <trkpt lat="42.280426" lon="-3.027421">
      <ele>889</ele>
    </trkpt>
    <trkpt lat="42.28002" lon="-3.027559">
      <ele>890.3</ele>
    </trkpt>
    <trkpt lat="42.279591" lon="-3.02781">
      <ele>891.3</ele>
    </trkpt>
    <trkpt lat="42.279488" lon="-3.027904">
      <ele>891.5</ele>
    </trkpt>
    <trkpt lat="42.27915" lon="-3.02841">
      <ele>892.2</ele>
    </trkpt>
    <trkpt lat="42.27904" lon="-3.02849">
      <ele>892.6</ele>
    </trkpt>
    <trkpt lat="42.27892" lon="-3.028549">
      <ele>892.9</ele>
    </trkpt>
    <trkpt lat="42.278411" lon="-3.028547">
      <ele>894.5</ele>
    </trkpt>
    <trkpt lat="42.278171" lon="-3.028619">
      <ele>895.4</ele>
    </trkpt>
    <trkpt lat="42.27787" lon="-3.02878">
      <ele>896.6</ele>
    </trkpt>
    <trkpt lat="42.277198" lon="-3.029353">
      <ele>899.1</ele>
    </trkpt>
    <trkpt lat="42.2767" lon="-3.02998">
      <ele>900.3</ele>
    </trkpt>
    <trkpt lat="42.276279" lon="-3.030325">
      <ele>901.4</ele>
    </trkpt>
    <trkpt lat="42.276007" lon="-3.030485">
      <ele>902.3</ele>
    </trkpt>
    <trkpt lat="42.275157" lon="-3.030881">
      <ele>906</ele>
    </trkpt>
    <trkpt lat="42.27429" lon="-3.0315">
      <ele>908.8</ele>
    </trkpt>
    <trkpt lat="42.273873" lon="-3.031582">
      <ele>909.1</ele>
    </trkpt>
    <trkpt lat="42.273462" lon="-3.031605">
      <ele>909.2</ele>
    </trkpt>
    <trkpt lat="42.273257" lon="-3.031571">
      <ele>909.1</ele>
    </trkpt>
    <trkpt lat="42.272674" lon="-3.0314">
      <ele>908.9</ele>
    </trkpt>
    <trkpt lat="42.272495" lon="-3.031382">
      <ele>908.9</ele>
    </trkpt>
    <trkpt lat="42.272035" lon="-3.031389">
      <ele>908.9</ele>
    </trkpt>
    <trkpt lat="42.271732" lon="-3.031424">
      <ele>908.8</ele>
    </trkpt>
    <trkpt lat="42.271381" lon="-3.031531">
      <ele>908.8</ele>
    </trkpt>
    <trkpt lat="42.271248" lon="-3.031542">
      <ele>908.8</ele>
    </trkpt>
    <trkpt lat="42.27077" lon="-3.03151">
      <ele>909</ele>
    </trkpt>
    <trkpt lat="42.270061" lon="-3.03136">
      <ele>909.8</ele>
    </trkpt>
    <trkpt lat="42.268909" lon="-3.031362">
      <ele>914.2</ele>
    </trkpt>
    <trkpt lat="42.26853" lon="-3.0314">
      <ele>916.3</ele>
    </trkpt>
    <trkpt lat="42.268189" lon="-3.031495">
      <ele>918</ele>
    </trkpt>
    <trkpt lat="42.2678" lon="-3.031649">
      <ele>919.7</ele>
    </trkpt>
    <trkpt lat="42.267462" lon="-3.031838">
      <ele>920.6</ele>
    </trkpt>
    <trkpt lat="42.267087" lon="-3.032123">
      <ele>920.9</ele>
    </trkpt>
    <trkpt lat="42.266714" lon="-3.032233">
      <ele>920.8</ele>
    </trkpt>
    <trkpt lat="42.266354" lon="-3.032302">
      <ele>920.5</ele>
    </trkpt>
    <trkpt lat="42.266039" lon="-3.032323">
      <ele>920.4</ele>
    </trkpt>
    <trkpt lat="42.265577" lon="-3.03229">
      <ele>920.4</ele>
    </trkpt>
    <trkpt lat="42.265388" lon="-3.03232">
      <ele>920.5</ele>
    </trkpt>
    <trkpt lat="42.264906" lon="-3.032544">
      <ele>920.9</ele>
    </trkpt>
    <trkpt lat="42.26354" lon="-3.0333">
      <ele>920.3</ele>
    </trkpt>
    <trkpt lat="42.26322" lon="-3.03352">
      <ele>920.1</ele>
    </trkpt>
    <trkpt lat="42.263001" lon="-3.03371">
      <ele>920</ele>
    </trkpt>
    <trkpt lat="42.262861" lon="-3.03383">
      <ele>920.1</ele>
    </trkpt>
    <trkpt lat="42.26248" lon="-3.03416">
      <ele>920.3</ele>
    </trkpt>
    <trkpt lat="42.262386" lon="-3.034199">
      <ele>920.4</ele>
    </trkpt>
    <trkpt lat="42.26223" lon="-3.03425">
      <ele>920.6</ele>
    </trkpt>
    <trkpt lat="42.261718" lon="-3.034291">
      <ele>921.7</ele>
    </trkpt>
    <trkpt lat="42.25826" lon="-3.03441">
      <ele>931.1</ele>
    </trkpt>
    <trkpt lat="42.25797" lon="-3.03433">
      <ele>932</ele>
    </trkpt>
    <trkpt lat="42.25719" lon="-3.0339">
      <ele>934.2</ele>
    </trkpt>
    <trkpt lat="42.256785" lon="-3.033767">
      <ele>934.8</ele>
    </trkpt>
    <trkpt lat="42.255221" lon="-3.033807">
      <ele>934.6</ele>
    </trkpt>
    <trkpt lat="42.2549" lon="-3.03384">
      <ele>934.7</ele>
    </trkpt>
    <trkpt lat="42.25263" lon="-3.03467">
      <ele>938.5</ele>
    </trkpt>
    <trkpt lat="42.252217" lon="-3.03467">
      <ele>939.4</ele>
    </trkpt>
    <trkpt lat="42.24969" lon="-3.03438">
      <ele>946.3</ele>
    </trkpt>
    <trkpt lat="42.247557" lon="-3.034364">
      <ele>953.1</ele>
    </trkpt>
    <trkpt lat="42.247231" lon="-3.034388">
      <ele>953.8</ele>
    </trkpt>
    <trkpt lat="42.246998" lon="-3.034491">
      <ele>954.4</ele>
    </trkpt>
    <trkpt lat="42.245739" lon="-3.035381">
      <ele>955.4</ele>
    </trkpt>
    <trkpt lat="42.24503" lon="-3.036074">
      <ele>954.4</ele>
    </trkpt>
    <trkpt lat="42.244817" lon="-3.036317">
      <ele>954.2</ele>
    </trkpt>
    <trkpt lat="42.244705" lon="-3.036515">
      <ele>954</ele>
    </trkpt>
    <trkpt lat="42.244511" lon="-3.037054">
      <ele>954.6</ele>
    </trkpt>
    <trkpt lat="42.244473" lon="-3.037161">
      <ele>954.8</ele>
    </trkpt>
    <trkpt lat="42.244397" lon="-3.037323">
      <ele>955.2</ele>
    </trkpt>
    <trkpt lat="42.244069" lon="-3.037719">
      <ele>957.2</ele>
    </trkpt>
    <trkpt lat="42.243852" lon="-3.037993">
      <ele>958.8</ele>
    </trkpt>
    <trkpt lat="42.24361" lon="-3.03827">
      <ele>960.2</ele>
    </trkpt>
    <trkpt lat="42.24326" lon="-3.03859">
      <ele>961.8</ele>
    </trkpt>
    <trkpt lat="42.24248" lon="-3.039109">
      <ele>964.4</ele>
    </trkpt>
    <trkpt lat="42.242138" lon="-3.039464">
      <ele>965.4</ele>
    </trkpt>
    <trkpt lat="42.242036" lon="-3.039613">
      <ele>965.8</ele>
    </trkpt>
    <trkpt lat="42.24199" lon="-3.039717">
      <ele>966.1</ele>
    </trkpt>
    <trkpt lat="42.241742" lon="-3.040439">
      <ele>968</ele>
    </trkpt>
    <trkpt lat="42.241531" lon="-3.041051">
      <ele>969.5</ele>
    </trkpt>
    <trkpt lat="42.24131" lon="-3.041832">
      <ele>970.9</ele>
    </trkpt>
    <trkpt lat="42.241209" lon="-3.042093">
      <ele>971.3</ele>
    </trkpt>
    <trkpt lat="42.24098" lon="-3.042511">
      <ele>971.8</ele>
    </trkpt>
    <trkpt lat="42.240719" lon="-3.042668">
      <ele>972.1</ele>
    </trkpt>
    <trkpt lat="42.240452" lon="-3.042759">
      <ele>972.5</ele>
    </trkpt>
    <trkpt lat="42.239745" lon="-3.042788">
      <ele>974.6</ele>
    </trkpt>
    <trkpt lat="42.239424" lon="-3.04286">
      <ele>976</ele>
    </trkpt>
    <trkpt lat="42.23929" lon="-3.042919">
      <ele>976.6</ele>
    </trkpt>
    <trkpt lat="42.239105" lon="-3.043057">
      <ele>977.6</ele>
    </trkpt>
    <trkpt lat="42.23859" lon="-3.043489">
      <ele>979.9</ele>
    </trkpt>
    <trkpt lat="42.238414" lon="-3.043581">
      <ele>980.6</ele>
    </trkpt>
    <trkpt lat="42.23815" lon="-3.043658">
      <ele>981.3</ele>
    </trkpt>
    <trkpt lat="42.237964" lon="-3.043624">
      <ele>981.7</ele>
    </trkpt>
    <trkpt lat="42.237541" lon="-3.04337">
      <ele>982.2</ele>
    </trkpt>
    <trkpt lat="42.23679" lon="-3.043042">
      <ele>983.6</ele>
    </trkpt>
    <trkpt lat="42.23645" lon="-3.04304">
      <ele>984.4</ele>
    </trkpt>
    <trkpt lat="42.235957" lon="-3.043327">
      <ele>985.7</ele>
    </trkpt>
    <trkpt lat="42.235714" lon="-3.043402">
      <ele>986.2</ele>
    </trkpt>
    <trkpt lat="42.235587" lon="-3.043398">
      <ele>986.6</ele>
    </trkpt>
    <trkpt lat="42.234935" lon="-3.043218">
      <ele>988</ele>
    </trkpt>
    <trkpt lat="42.234303" lon="-3.04315">
      <ele>988.9</ele>
    </trkpt>
    <trkpt lat="42.233613" lon="-3.04323">
      <ele>990.9</ele>
    </trkpt>
    <trkpt lat="42.233486" lon="-3.043302">
      <ele>991.4</ele>
    </trkpt>
    <trkpt lat="42.233257" lon="-3.043491">
      <ele>992.4</ele>
    </trkpt>
    <trkpt lat="42.232177" lon="-3.044481">
      <ele>996.6</ele>
    </trkpt>
    <trkpt lat="42.231851" lon="-3.044732">
      <ele>997.5</ele>
    </trkpt>
    <trkpt lat="42.231575" lon="-3.045073">
      <ele>998.5</ele>
    </trkpt>
    <trkpt lat="42.231523" lon="-3.045092">
      <ele>998.7</ele>
    </trkpt>
    <trkpt lat="42.231435" lon="-3.045058">
      <ele>999</ele>
    </trkpt>
    <trkpt lat="42.231337" lon="-3.044937">
      <ele>999.4</ele>
    </trkpt>
    <trkpt lat="42.23077" lon="-3.04448">
      <ele>1002.4</ele>
    </trkpt>
    <trkpt lat="42.230396" lon="-3.044089">
      <ele>1005.6</ele>
    </trkpt>
    <trkpt lat="42.230245" lon="-3.043977">
      <ele>1007</ele>
    </trkpt>
    <trkpt lat="42.230156" lon="-3.043967">
      <ele>1007.8</ele>
    </trkpt>
    <trkpt lat="42.229695" lon="-3.044084">
      <ele>1012</ele>
    </trkpt>
    <trkpt lat="42.229438" lon="-3.044076">
      <ele>1014.3</ele>
    </trkpt>
    <trkpt lat="42.229098" lon="-3.043915">
      <ele>1017.4</ele>
    </trkpt>
    <trkpt lat="42.228366" lon="-3.043426">
      <ele>1023.4</ele>
    </trkpt>
    <trkpt lat="42.228195" lon="-3.043351">
      <ele>1024.5</ele>
    </trkpt>
    <trkpt lat="42.227694" lon="-3.043303">
      <ele>1027.2</ele>
    </trkpt>
    <trkpt lat="42.22748" lon="-3.043217">
      <ele>1028.2</ele>
    </trkpt>
    <trkpt lat="42.227229" lon="-3.043198">
      <ele>1029.2</ele>
    </trkpt>
    <trkpt lat="42.226834" lon="-3.043187">
      <ele>1030.7</ele>
    </trkpt>
    <trkpt lat="42.226309" lon="-3.043261">
      <ele>1033.1</ele>
    </trkpt>
    <trkpt lat="42.225736" lon="-3.043218">
      <ele>1036.1</ele>
    </trkpt>
    <trkpt lat="42.225489" lon="-3.043158">
      <ele>1037.7</ele>
    </trkpt>
    <trkpt lat="42.22466" lon="-3.042868">
      <ele>1044.1</ele>
    </trkpt>
    <trkpt lat="42.223455" lon="-3.0423">
      <ele>1057.2</ele>
    </trkpt>
    <trkpt lat="42.223301" lon="-3.042299">
      <ele>1058.9</ele>
    </trkpt>
    <trkpt lat="42.223221" lon="-3.042364">
      <ele>1059.9</ele>
    </trkpt>
    <trkpt lat="42.223199" lon="-3.042411">
      <ele>1060.5</ele>
    </trkpt>
    <trkpt lat="42.223128" lon="-3.042365">
      <ele>1061.3</ele>
    </trkpt>
    <trkpt lat="42.222901" lon="-3.042073">
      <ele>1064.9</ele>
    </trkpt>
    <trkpt lat="42.222358" lon="-3.042239">
      <ele>1069.4</ele>
    </trkpt>
    <trkpt lat="42.221905" lon="-3.042054">
      <ele>1070.1</ele>
    </trkpt>
    <trkpt lat="42.221891" lon="-3.042041">
      <ele>1070.1</ele>
    </trkpt>
    <trkpt lat="42.221905" lon="-3.042054">
      <ele>1070.1</ele>
    </trkpt>
    <trkpt lat="42.222358" lon="-3.042239">
      <ele>1070</ele>
    </trkpt>
    <trkpt lat="42.222901" lon="-3.042073">
      <ele>1068.8</ele>
    </trkpt>
    <trkpt lat="42.223128" lon="-3.042365">
      <ele>1067.8</ele>
    </trkpt>
    <trkpt lat="42.223199" lon="-3.042411">
      <ele>1067.7</ele>
    </trkpt>
    <trkpt lat="42.2232" lon="-3.042591">
      <ele>1067.5</ele>
    </trkpt>
    <trkpt lat="42.223258" lon="-3.042694">
      <ele>1067.4</ele>
    </trkpt>
    <trkpt lat="42.223976" lon="-3.043524">
      <ele>1069.3</ele>
    </trkpt>
    <trkpt lat="42.224082" lon="-3.043594">
      <ele>1069.6</ele>
    </trkpt>
    <trkpt lat="42.224438" lon="-3.043713">
      <ele>1070.6</ele>
    </trkpt>
    <trkpt lat="42.224595" lon="-3.043841">
      <ele>1070.9</ele>
    </trkpt>
    <trkpt lat="42.224645" lon="-3.043996">
      <ele>1071.1</ele>
    </trkpt>
    <trkpt lat="42.22469" lon="-3.04435">
      <ele>1071.2</ele>
    </trkpt>
    <trkpt lat="42.224774" lon="-3.044453">
      <ele>1071.2</ele>
    </trkpt>
    <trkpt lat="42.224875" lon="-3.044482">
      <ele>1071.2</ele>
    </trkpt>
    <trkpt lat="42.225133" lon="-3.044452">
      <ele>1071</ele>
    </trkpt>
    <trkpt lat="42.225907" lon="-3.044482">
      <ele>1071</ele>
    </trkpt>
    <trkpt lat="42.226515" lon="-3.04463">
      <ele>1073.2</ele>
    </trkpt>
    <trkpt lat="42.22662" lon="-3.044717">
      <ele>1074</ele>
    </trkpt>
    <trkpt lat="42.226638" lon="-3.044815">
      <ele>1074.5</ele>
    </trkpt>
    <trkpt lat="42.226583" lon="-3.044958">
      <ele>1075.4</ele>
    </trkpt>
    <trkpt lat="42.22604" lon="-3.045513">
      <ele>1080.6</ele>
    </trkpt>
    <trkpt lat="42.225831" lon="-3.045904">
      <ele>1083.2</ele>
    </trkpt>
    <trkpt lat="42.225707" lon="-3.046321">
      <ele>1086.1</ele>
    </trkpt>
    <trkpt lat="42.225688" lon="-3.047001">
      <ele>1091</ele>
    </trkpt>
    <trkpt lat="42.225674" lon="-3.047109">
      <ele>1091.9</ele>
    </trkpt>
    <trkpt lat="42.225622" lon="-3.047213">
      <ele>1093</ele>
    </trkpt>
    <trkpt lat="42.224933" lon="-3.047597">
      <ele>1101.8</ele>
    </trkpt>
    <trkpt lat="42.2248" lon="-3.047703">
      <ele>1103.6</ele>
    </trkpt>
    <trkpt lat="42.224643" lon="-3.04786">
      <ele>1105.8</ele>
    </trkpt>
    <trkpt lat="42.224408" lon="-3.048232">
      <ele>1109.3</ele>
    </trkpt>
    <trkpt lat="42.224331" lon="-3.04847">
      <ele>1110.8</ele>
    </trkpt>
    <trkpt lat="42.224375" lon="-3.048959">
      <ele>1113.1</ele>
    </trkpt>
    <trkpt lat="42.224367" lon="-3.049171">
      <ele>1113.9</ele>
    </trkpt>
    <trkpt lat="42.224263" lon="-3.049526">
      <ele>1115</ele>
    </trkpt>
    <trkpt lat="42.224111" lon="-3.049825">
      <ele>1116.2</ele>
    </trkpt>
    <trkpt lat="42.223984" lon="-3.049981">
      <ele>1117.1</ele>
    </trkpt>
    <trkpt lat="42.223736" lon="-3.050185">
      <ele>1119.2</ele>
    </trkpt>
    <trkpt lat="42.222647" lon="-3.051003">
      <ele>1130.5</ele>
    </trkpt>
    <trkpt lat="42.222593" lon="-3.0511">
      <ele>1130.9</ele>
    </trkpt>
    <trkpt lat="42.222563" lon="-3.051253">
      <ele>1131.5</ele>
    </trkpt>
    <trkpt lat="42.222586" lon="-3.05138">
      <ele>1131.8</ele>
    </trkpt>
    <trkpt lat="42.22275" lon="-3.051763">
      <ele>1132</ele>
    </trkpt>
    <trkpt lat="42.222797" lon="-3.051951">
      <ele>1131.7</ele>
    </trkpt>
    <trkpt lat="42.222937" lon="-3.052161">
      <ele>1131.4</ele>
    </trkpt>
    <trkpt lat="42.223291" lon="-3.052186">
      <ele>1130.9</ele>
    </trkpt>
    <trkpt lat="42.223419" lon="-3.052252">
      <ele>1130.6</ele>
    </trkpt>
    <trkpt lat="42.223467" lon="-3.052315">
      <ele>1130.5</ele>
    </trkpt>
    <trkpt lat="42.223512" lon="-3.052489">
      <ele>1130.3</ele>
    </trkpt>
    <trkpt lat="42.223496" lon="-3.052729">
      <ele>1129.9</ele>
    </trkpt>
    <trkpt lat="42.223248" lon="-3.05366">
      <ele>1131.3</ele>
    </trkpt>
    <trkpt lat="42.223079" lon="-3.054056">
      <ele>1134.4</ele>
    </trkpt>
    <trkpt lat="42.222829" lon="-3.054357">
      <ele>1138.5</ele>
    </trkpt>
    <trkpt lat="42.222641" lon="-3.054531">
      <ele>1141.5</ele>
    </trkpt>
    <trkpt lat="42.222288" lon="-3.054769">
      <ele>1146.4</ele>
    </trkpt>
    <trkpt lat="42.221764" lon="-3.055057">
      <ele>1151.1</ele>
    </trkpt>
    <trkpt lat="42.221681" lon="-3.055197">
      <ele>1151.6</ele>
    </trkpt>
    <trkpt lat="42.221639" lon="-3.055369">
      <ele>1151.8</ele>
    </trkpt>
    <trkpt lat="42.221629" lon="-3.05552">
      <ele>1151.7</ele>
    </trkpt>
    <trkpt lat="42.221704" lon="-3.055778">
      <ele>1151.3</ele>
    </trkpt>
    <trkpt lat="42.221939" lon="-3.056035">
      <ele>1150.6</ele>
    </trkpt>
    <trkpt lat="42.222313" lon="-3.056295">
      <ele>1148.1</ele>
    </trkpt>
    <trkpt lat="42.222356" lon="-3.056426">
      <ele>1147.2</ele>
    </trkpt>
    <trkpt lat="42.222343" lon="-3.056585">
      <ele>1146.1</ele>
    </trkpt>
    <trkpt lat="42.222304" lon="-3.056674">
      <ele>1145.4</ele>
    </trkpt>
    <trkpt lat="42.222148" lon="-3.056926">
      <ele>1143.5</ele>
    </trkpt>
    <trkpt lat="42.221943" lon="-3.057179">
      <ele>1142</ele>
    </trkpt>
    <trkpt lat="42.22173" lon="-3.057559">
      <ele>1142</ele>
    </trkpt>
    <trkpt lat="42.2216" lon="-3.057694">
      <ele>1142.6</ele>
    </trkpt>
    <trkpt lat="42.221519" lon="-3.057732">
      <ele>1143</ele>
    </trkpt>
    <trkpt lat="42.220311" lon="-3.057889">
      <ele>1154.4</ele>
    </trkpt>
    <trkpt lat="42.219568" lon="-3.057924">
      <ele>1162.5</ele>
    </trkpt>
    <trkpt lat="42.219339" lon="-3.057969">
      <ele>1164.1</ele>
    </trkpt>
    <trkpt lat="42.219293" lon="-3.05801">
      <ele>1164.4</ele>
    </trkpt>
    <trkpt lat="42.219239" lon="-3.058182">
      <ele>1165.1</ele>
    </trkpt>
    <trkpt lat="42.219234" lon="-3.058375">
      <ele>1165.5</ele>
    </trkpt>
    <trkpt lat="42.219322" lon="-3.05907">
      <ele>1164.7</ele>
    </trkpt>
    <trkpt lat="42.219293" lon="-3.059438">
      <ele>1163.1</ele>
    </trkpt>
    <trkpt lat="42.21918" lon="-3.059839">
      <ele>1160.8</ele>
    </trkpt>
    <trkpt lat="42.219082" lon="-3.060056">
      <ele>1159.5</ele>
    </trkpt>
    <trkpt lat="42.218936" lon="-3.060275">
      <ele>1158.2</ele>
    </trkpt>
    <trkpt lat="42.218715" lon="-3.060454">
      <ele>1157.1</ele>
    </trkpt>
    <trkpt lat="42.218477" lon="-3.060535">
      <ele>1156.4</ele>
    </trkpt>
    <trkpt lat="42.218014" lon="-3.060577">
      <ele>1155.9</ele>
    </trkpt>
    <trkpt lat="42.217655" lon="-3.060557">
      <ele>1156.3</ele>
    </trkpt>
    <trkpt lat="42.217443" lon="-3.06062">
      <ele>1157</ele>
    </trkpt>
    <trkpt lat="42.217322" lon="-3.060727">
      <ele>1157.7</ele>
    </trkpt>
    <trkpt lat="42.217075" lon="-3.06107">
      <ele>1160</ele>
    </trkpt>
    <trkpt lat="42.216976" lon="-3.061149">
      <ele>1160.8</ele>
    </trkpt>
    <trkpt lat="42.216871" lon="-3.061171">
      <ele>1161.6</ele>
    </trkpt>
    <trkpt lat="42.216499" lon="-3.061177">
      <ele>1164.4</ele>
    </trkpt>
    <trkpt lat="42.216179" lon="-3.061137">
      <ele>1167.1</ele>
    </trkpt>
    <trkpt lat="42.215876" lon="-3.061137">
      <ele>1169.9</ele>
    </trkpt>
    <trkpt lat="42.215791" lon="-3.061162">
      <ele>1170.7</ele>
    </trkpt>
    <trkpt lat="42.215622" lon="-3.061277">
      <ele>1172.6</ele>
    </trkpt>
    <trkpt lat="42.215443" lon="-3.061326">
      <ele>1174.5</ele>
    </trkpt>
    <trkpt lat="42.21511" lon="-3.061336">
      <ele>1177.7</ele>
    </trkpt>
    <trkpt lat="42.214783" lon="-3.061279">
      <ele>1180.5</ele>
    </trkpt>
    <trkpt lat="42.214675" lon="-3.061294">
      <ele>1181.5</ele>
    </trkpt>
    <trkpt lat="42.214624" lon="-3.06133">
      <ele>1182.1</ele>
    </trkpt>
    <trkpt lat="42.214607" lon="-3.061377">
      <ele>1182.5</ele>
    </trkpt>
    <trkpt lat="42.214584" lon="-3.061771">
      <ele>1185.5</ele>
    </trkpt>
    <trkpt lat="42.214503" lon="-3.06186">
      <ele>1186.6</ele>
    </trkpt>
    <trkpt lat="42.214424" lon="-3.061894">
      <ele>1187.6</ele>
    </trkpt>
    <trkpt lat="42.214184" lon="-3.061929">
      <ele>1191</ele>
    </trkpt>
    <trkpt lat="42.213941" lon="-3.06192">
      <ele>1195.1</ele>
    </trkpt>
    <trkpt lat="42.213361" lon="-3.06185">
      <ele>1203.8</ele>
    </trkpt>
    <trkpt lat="42.213207" lon="-3.061866">
      <ele>1205.7</ele>
    </trkpt>
    <trkpt lat="42.213113" lon="-3.061922">
      <ele>1207</ele>
    </trkpt>
    <trkpt lat="42.213061" lon="-3.062011">
      <ele>1207.9</ele>
    </trkpt>
    <trkpt lat="42.213058" lon="-3.062166">
      <ele>1209</ele>
    </trkpt>
    <trkpt lat="42.21311" lon="-3.062291">
      <ele>1210</ele>
    </trkpt>
    <trkpt lat="42.213466" lon="-3.062844">
      <ele>1212.3</ele>
    </trkpt>
    <trkpt lat="42.213542" lon="-3.063052">
      <ele>1212.2</ele>
    </trkpt>
    <trkpt lat="42.213634" lon="-3.063189">
      <ele>1211.6</ele>
    </trkpt>
    <trkpt lat="42.213692" lon="-3.06323">
      <ele>1211.2</ele>
    </trkpt>
    <trkpt lat="42.214" lon="-3.063312">
      <ele>1208.3</ele>
    </trkpt>
    <trkpt lat="42.214319" lon="-3.06352">
      <ele>1204.4</ele>
    </trkpt>
    <trkpt lat="42.214965" lon="-3.063698">
      <ele>1195.6</ele>
    </trkpt>
    <trkpt lat="42.215292" lon="-3.06373">
      <ele>1190.5</ele>
    </trkpt>
    <trkpt lat="42.215514" lon="-3.063784">
      <ele>1187</ele>
    </trkpt>
    <trkpt lat="42.215747" lon="-3.063744">
      <ele>1183.8</ele>
    </trkpt>
    <trkpt lat="42.21619" lon="-3.063576">
      <ele>1179.6</ele>
    </trkpt>
    <trkpt lat="42.21649" lon="-3.063606">
      <ele>1178.4</ele>
    </trkpt>
    <trkpt lat="42.216583" lon="-3.063649">
      <ele>1178.2</ele>
    </trkpt>
    <trkpt lat="42.216633" lon="-3.063748">
      <ele>1178</ele>
    </trkpt>
    <trkpt lat="42.216644" lon="-3.063877">
      <ele>1177.9</ele>
    </trkpt>
    <trkpt lat="42.216489" lon="-3.064219">
      <ele>1178</ele>
    </trkpt>
    <trkpt lat="42.216417" lon="-3.064531">
      <ele>1178.2</ele>
    </trkpt>
    <trkpt lat="42.216411" lon="-3.064687">
      <ele>1178.4</ele>
    </trkpt>
    <trkpt lat="42.216413" lon="-3.064836">
      <ele>1178.5</ele>
    </trkpt>
    <trkpt lat="42.21651" lon="-3.065624">
      <ele>1180.1</ele>
    </trkpt>
    <trkpt lat="42.216598" lon="-3.065916">
      <ele>1181</ele>
    </trkpt>
    <trkpt lat="42.216588" lon="-3.066076">
      <ele>1181.6</ele>
    </trkpt>
    <trkpt lat="42.216536" lon="-3.066272">
      <ele>1182.5</ele>
    </trkpt>
    <trkpt lat="42.216443" lon="-3.066509">
      <ele>1183.9</ele>
    </trkpt>
    <trkpt lat="42.216211" lon="-3.066763">
      <ele>1187</ele>
    </trkpt>
    <trkpt lat="42.216114" lon="-3.066787">
      <ele>1188.3</ele>
    </trkpt>
    <trkpt lat="42.215698" lon="-3.066774">
      <ele>1194.9</ele>
    </trkpt>
    <trkpt lat="42.215421" lon="-3.066909">
      <ele>1200.7</ele>
    </trkpt>
    <trkpt lat="42.215027" lon="-3.067445">
      <ele>1209.9</ele>
    </trkpt>
    <trkpt lat="42.214814" lon="-3.067619">
      <ele>1211.9</ele>
    </trkpt>
    <trkpt lat="42.214749" lon="-3.067704">
      <ele>1212.3</ele>
    </trkpt>
    <trkpt lat="42.214727" lon="-3.067773">
      <ele>1212.5</ele>
    </trkpt>
    <trkpt lat="42.214724" lon="-3.067909">
      <ele>1212.6</ele>
    </trkpt>
    <trkpt lat="42.214837" lon="-3.068301">
      <ele>1211.5</ele>
    </trkpt>
    <trkpt lat="42.214976" lon="-3.068668">
      <ele>1208.9</ele>
    </trkpt>
    <trkpt lat="42.215138" lon="-3.068899">
      <ele>1206.1</ele>
    </trkpt>
    <trkpt lat="42.215207" lon="-3.069095">
      <ele>1204</ele>
    </trkpt>
    <trkpt lat="42.215183" lon="-3.06939">
      <ele>1200.8</ele>
    </trkpt>
    <trkpt lat="42.215188" lon="-3.070028">
      <ele>1193.9</ele>
    </trkpt>
    <trkpt lat="42.215117" lon="-3.070207">
      <ele>1192</ele>
    </trkpt>
    <trkpt lat="42.214632" lon="-3.070679">
      <ele>1186.5</ele>
    </trkpt>
    <trkpt lat="42.214482" lon="-3.071137">
      <ele>1184.9</ele>
    </trkpt>
    <trkpt lat="42.214259" lon="-3.071622">
      <ele>1184.4</ele>
    </trkpt>
    <trkpt lat="42.214199" lon="-3.071678">
      <ele>1184.4</ele>
    </trkpt>
    <trkpt lat="42.21386" lon="-3.071717">
      <ele>1184.4</ele>
    </trkpt>
    <trkpt lat="42.213497" lon="-3.07187">
      <ele>1184.7</ele>
    </trkpt>
    <trkpt lat="42.21333" lon="-3.071982">
      <ele>1184.9</ele>
    </trkpt>
    <trkpt lat="42.213038" lon="-3.072242">
      <ele>1185.4</ele>
    </trkpt>
    <trkpt lat="42.212553" lon="-3.07254">
      <ele>1185.5</ele>
    </trkpt>
    <trkpt lat="42.211516" lon="-3.073307">
      <ele>1184.8</ele>
    </trkpt>
    <trkpt lat="42.210396" lon="-3.073909">
      <ele>1187.8</ele>
    </trkpt>
    <trkpt lat="42.210242" lon="-3.07403">
      <ele>1188.5</ele>
    </trkpt>
    <trkpt lat="42.20997" lon="-3.07432">
      <ele>1190.2</ele>
    </trkpt>
    <trkpt lat="42.209762" lon="-3.07448">
      <ele>1191.6</ele>
    </trkpt>
    <trkpt lat="42.209423" lon="-3.074705">
      <ele>1193.8</ele>
    </trkpt>
    <trkpt lat="42.209008" lon="-3.074864">
      <ele>1196.3</ele>
    </trkpt>
    <trkpt lat="42.208719" lon="-3.075096">
      <ele>1197.9</ele>
    </trkpt>
    <trkpt lat="42.208571" lon="-3.075182">
      <ele>1198.6</ele>
    </trkpt>
    <trkpt lat="42.208258" lon="-3.0753">
      <ele>1199.8</ele>
    </trkpt>
    <trkpt lat="42.207842" lon="-3.075567">
      <ele>1200.6</ele>
    </trkpt>
    <trkpt lat="42.207639" lon="-3.075588">
      <ele>1201</ele>
    </trkpt>
    <trkpt lat="42.207553" lon="-3.075566">
      <ele>1201.3</ele>
    </trkpt>
    <trkpt lat="42.207192" lon="-3.075304">
      <ele>1203.2</ele>
    </trkpt>
    <trkpt lat="42.207054" lon="-3.075245">
      <ele>1204.2</ele>
    </trkpt>
    <trkpt lat="42.206767" lon="-3.075285">
      <ele>1206.8</ele>
    </trkpt>
    <trkpt lat="42.206762" lon="-3.075288">
      <ele>1206.9</ele>
    </trkpt>
    <trkpt lat="42.206612" lon="-3.075362">
      <ele>1208.6</ele>
    </trkpt>
    <trkpt lat="42.206137" lon="-3.075827">
      <ele>1216.7</ele>
    </trkpt>
    <trkpt lat="42.206014" lon="-3.076104">
      <ele>1220.9</ele>
    </trkpt>
    <trkpt lat="42.205947" lon="-3.076472">
      <ele>1226</ele>
    </trkpt>
    <trkpt lat="42.20585" lon="-3.076665">
      <ele>1228.6</ele>
    </trkpt>
    <trkpt lat="42.205806" lon="-3.076823">
      <ele>1230.3</ele>
    </trkpt>
    <trkpt lat="42.205837" lon="-3.077138">
      <ele>1232.6</ele>
    </trkpt>
    <trkpt lat="42.205811" lon="-3.077239">
      <ele>1233.3</ele>
    </trkpt>
    <trkpt lat="42.205655" lon="-3.077439">
      <ele>1234.6</ele>
    </trkpt>
    <trkpt lat="42.205578" lon="-3.077562">
      <ele>1235</ele>
    </trkpt>
    <trkpt lat="42.20558" lon="-3.077614">
      <ele>1235.2</ele>
    </trkpt>
    <trkpt lat="42.205629" lon="-3.077682">
      <ele>1235.4</ele>
    </trkpt>
    <trkpt lat="42.205667" lon="-3.077693">
      <ele>1235.5</ele>
    </trkpt>
    <trkpt lat="42.205818" lon="-3.077627">
      <ele>1235.8</ele>
    </trkpt>
    <trkpt lat="42.205978" lon="-3.077492">
      <ele>1236</ele>
    </trkpt>
    <trkpt lat="42.206241" lon="-3.077187">
      <ele>1236.6</ele>
    </trkpt>
    <trkpt lat="42.206302" lon="-3.077072">
      <ele>1236.7</ele>
    </trkpt>
    <trkpt lat="42.206428" lon="-3.076703">
      <ele>1237</ele>
    </trkpt>
    <trkpt lat="42.206491" lon="-3.076641">
      <ele>1237.2</ele>
    </trkpt>
    <trkpt lat="42.206551" lon="-3.076664">
      <ele>1237.4</ele>
    </trkpt>
    <trkpt lat="42.206574" lon="-3.076754">
      <ele>1237.7</ele>
    </trkpt>
    <trkpt lat="42.206531" lon="-3.077003">
      <ele>1238.7</ele>
    </trkpt>
    <trkpt lat="42.206453" lon="-3.077245">
      <ele>1240.2</ele>
    </trkpt>
    <trkpt lat="42.206254" lon="-3.07768">
      <ele>1244.4</ele>
    </trkpt>
    <trkpt lat="42.20601" lon="-3.078005">
      <ele>1249.5</ele>
    </trkpt>
    <trkpt lat="42.205855" lon="-3.078129">
      <ele>1252.3</ele>
    </trkpt>
    <trkpt lat="42.205348" lon="-3.07831">
      <ele>1260.8</ele>
    </trkpt>
    <trkpt lat="42.205185" lon="-3.078428">
      <ele>1263.7</ele>
    </trkpt>
    <trkpt lat="42.205119" lon="-3.07859">
      <ele>1265.9</ele>
    </trkpt>
    <trkpt lat="42.205066" lon="-3.078887">
      <ele>1269.3</ele>
    </trkpt>
    <trkpt lat="42.205055" lon="-3.078982">
      <ele>1270.4</ele>
    </trkpt>
    <trkpt lat="42.205088" lon="-3.079112">
      <ele>1271.9</ele>
    </trkpt>
    <trkpt lat="42.20512" lon="-3.079164">
      <ele>1272.7</ele>
    </trkpt>
    <trkpt lat="42.205166" lon="-3.079179">
      <ele>1273.4</ele>
    </trkpt>
    <trkpt lat="42.205363" lon="-3.079168">
      <ele>1276.3</ele>
    </trkpt>
    <trkpt lat="42.205477" lon="-3.079255">
      <ele>1278.3</ele>
    </trkpt>
    <trkpt lat="42.205585" lon="-3.079433">
      <ele>1280.7</ele>
    </trkpt>
    <trkpt lat="42.205606" lon="-3.079507">
      <ele>1281.6</ele>
    </trkpt>
    <trkpt lat="42.205672" lon="-3.079982">
      <ele>1286.5</ele>
    </trkpt>
    <trkpt lat="42.205768" lon="-3.080097">
      <ele>1288.3</ele>
    </trkpt>
    <trkpt lat="42.205958" lon="-3.080139">
      <ele>1290.9</ele>
    </trkpt>
    <trkpt lat="42.206277" lon="-3.080135">
      <ele>1295.2</ele>
    </trkpt>
    <trkpt lat="42.206406" lon="-3.080217">
      <ele>1297.1</ele>
    </trkpt>
    <trkpt lat="42.206475" lon="-3.080322">
      <ele>1298.5</ele>
    </trkpt>
    <trkpt lat="42.206724" lon="-3.080925">
      <ele>1304.4</ele>
    </trkpt>
    <trkpt lat="42.206829" lon="-3.081108">
      <ele>1306</ele>
    </trkpt>
    <trkpt lat="42.207129" lon="-3.081357">
      <ele>1308.4</ele>
    </trkpt>
    <trkpt lat="42.207236" lon="-3.081536">
      <ele>1309</ele>
    </trkpt>
    <trkpt lat="42.207293" lon="-3.081762">
      <ele>1309.3</ele>
    </trkpt>
    <trkpt lat="42.207368" lon="-3.081814">
      <ele>1309.4</ele>
    </trkpt>
    <trkpt lat="42.207408" lon="-3.081799">
      <ele>1309.4</ele>
    </trkpt>
    <trkpt lat="42.207455" lon="-3.081691">
      <ele>1309.3</ele>
    </trkpt>
    <trkpt lat="42.207444" lon="-3.081496">
      <ele>1309.1</ele>
    </trkpt>
    <trkpt lat="42.207395" lon="-3.081329">
      <ele>1308.7</ele>
    </trkpt>
    <trkpt lat="42.207276" lon="-3.08111">
      <ele>1307.9</ele>
    </trkpt>
    <trkpt lat="42.207105" lon="-3.080933">
      <ele>1306.8</ele>
    </trkpt>
    <trkpt lat="42.20702" lon="-3.080781">
      <ele>1306.1</ele>
    </trkpt>
    <trkpt lat="42.206853" lon="-3.080006">
      <ele>1303.9</ele>
    </trkpt>
    <trkpt lat="42.206771" lon="-3.079749">
      <ele>1303.8</ele>
    </trkpt>
    <trkpt lat="42.206692" lon="-3.079602">
      <ele>1303.9</ele>
    </trkpt>
    <trkpt lat="42.206496" lon="-3.079339">
      <ele>1304.7</ele>
    </trkpt>
    <trkpt lat="42.206508" lon="-3.079235">
      <ele>1305.1</ele>
    </trkpt>
    <trkpt lat="42.206569" lon="-3.079204">
      <ele>1305.4</ele>
    </trkpt>
    <trkpt lat="42.206682" lon="-3.079293">
      <ele>1306.2</ele>
    </trkpt>
    <trkpt lat="42.207022" lon="-3.079837">
      <ele>1311</ele>
    </trkpt>
    <trkpt lat="42.207268" lon="-3.080332">
      <ele>1315.9</ele>
    </trkpt>
    <trkpt lat="42.207687" lon="-3.080787">
      <ele>1322.5</ele>
    </trkpt>
    <trkpt lat="42.20783" lon="-3.080996">
      <ele>1325.1</ele>
    </trkpt>
    <trkpt lat="42.207953" lon="-3.081297">
      <ele>1328.4</ele>
    </trkpt>
    <trkpt lat="42.208022" lon="-3.081556">
      <ele>1331</ele>
    </trkpt>
    <trkpt lat="42.208188" lon="-3.082355">
      <ele>1338.5</ele>
    </trkpt>
    <trkpt lat="42.208385" lon="-3.082826">
      <ele>1343.4</ele>
    </trkpt>
    <trkpt lat="42.20871" lon="-3.083498">
      <ele>1351.8</ele>
    </trkpt>
    <trkpt lat="42.208948" lon="-3.084202">
      <ele>1359.2</ele>
    </trkpt>
    <trkpt lat="42.209092" lon="-3.084507">
      <ele>1362.1</ele>
    </trkpt>
    <trkpt lat="42.209158" lon="-3.08474">
      <ele>1364.2</ele>
    </trkpt>
    <trkpt lat="42.20916" lon="-3.084909">
      <ele>1365.6</ele>
    </trkpt>
    <trkpt lat="42.209084" lon="-3.085249">
      <ele>1368.7</ele>
    </trkpt>
    <trkpt lat="42.209052" lon="-3.085563">
      <ele>1371.8</ele>
    </trkpt>
    <trkpt lat="42.209049" lon="-3.085785">
      <ele>1374.1</ele>
    </trkpt>
    <trkpt lat="42.209111" lon="-3.086623">
      <ele>1382.8</ele>
    </trkpt>
    <trkpt lat="42.209096" lon="-3.087197">
      <ele>1391</ele>
    </trkpt>
    <trkpt lat="42.20912" lon="-3.087429">
      <ele>1394.5</ele>
    </trkpt>
    <trkpt lat="42.209356" lon="-3.088079">
      <ele>1404.8</ele>
    </trkpt>
    <trkpt lat="42.20938" lon="-3.088225">
      <ele>1406.5</ele>
    </trkpt>
    <trkpt lat="42.209368" lon="-3.088454">
      <ele>1408.8</ele>
    </trkpt>
    <trkpt lat="42.209406" lon="-3.088688">
      <ele>1410.8</ele>
    </trkpt>
    <trkpt lat="42.209495" lon="-3.088843">
      <ele>1412</ele>
    </trkpt>
    <trkpt lat="42.209556" lon="-3.088876">
      <ele>1412.4</ele>
    </trkpt>
    <trkpt lat="42.20965" lon="-3.088862">
      <ele>1413</ele>
    </trkpt>
    <trkpt lat="42.209708" lon="-3.088779">
      <ele>1413.3</ele>
    </trkpt>
    <trkpt lat="42.209713" lon="-3.088619">
      <ele>1413.6</ele>
    </trkpt>
    <trkpt lat="42.209536" lon="-3.087547">
      <ele>1411.5</ele>
    </trkpt>
    <trkpt lat="42.209516" lon="-3.087117">
      <ele>1410.1</ele>
    </trkpt>
    <trkpt lat="42.209543" lon="-3.086812">
      <ele>1409.6</ele>
    </trkpt>
    <trkpt lat="42.209665" lon="-3.085907">
      <ele>1410.7</ele>
    </trkpt>
    <trkpt lat="42.209742" lon="-3.085609">
      <ele>1411.6</ele>
    </trkpt>
    <trkpt lat="42.209839" lon="-3.085435">
      <ele>1412.3</ele>
    </trkpt>
    <trkpt lat="42.210046" lon="-3.085176">
      <ele>1413.5</ele>
    </trkpt>
    <trkpt lat="42.2101" lon="-3.08499">
      <ele>1414.1</ele>
    </trkpt>
    <trkpt lat="42.210082" lon="-3.084752">
      <ele>1414.9</ele>
    </trkpt>
    <trkpt lat="42.209875" lon="-3.084024">
      <ele>1417.3</ele>
    </trkpt>
    <trkpt lat="42.209846" lon="-3.083846">
      <ele>1417.8</ele>
    </trkpt>
    <trkpt lat="42.209755" lon="-3.082075">
      <ele>1424.9</ele>
    </trkpt>
    <trkpt lat="42.209762" lon="-3.081295">
      <ele>1429.1</ele>
    </trkpt>
    <trkpt lat="42.209691" lon="-3.080609">
      <ele>1433</ele>
    </trkpt>
    <trkpt lat="42.209717" lon="-3.080484">
      <ele>1433.8</ele>
    </trkpt>
    <trkpt lat="42.209749" lon="-3.080447">
      <ele>1434.1</ele>
    </trkpt>
    <trkpt lat="42.209826" lon="-3.080425">
      <ele>1434.7</ele>
    </trkpt>
    <trkpt lat="42.20991" lon="-3.080481">
      <ele>1435.5</ele>
    </trkpt>
    <trkpt lat="42.209961" lon="-3.080607">
      <ele>1436.3</ele>
    </trkpt>
    <trkpt lat="42.210341" lon="-3.083104">
      <ele>1453</ele>
    </trkpt>
    <trkpt lat="42.210476" lon="-3.083532">
      <ele>1456.8</ele>
    </trkpt>
    <trkpt lat="42.21082" lon="-3.084165">
      <ele>1463.4</ele>
    </trkpt>
    <trkpt lat="42.21095" lon="-3.084671">
      <ele>1467.6</ele>
    </trkpt>
    <trkpt lat="42.210965" lon="-3.085061">
      <ele>1470.7</ele>
    </trkpt>
    <trkpt lat="42.210926" lon="-3.086074">
      <ele>1478</ele>
    </trkpt>
    <trkpt lat="42.211162" lon="-3.088394">
      <ele>1493.9</ele>
    </trkpt>
    <trkpt lat="42.211183" lon="-3.0891">
      <ele>1499.3</ele>
    </trkpt>
    <trkpt lat="42.211321" lon="-3.090384">
      <ele>1510.2</ele>
    </trkpt>
    <trkpt lat="42.211384" lon="-3.092287">
      <ele>1526.8</ele>
    </trkpt>
    <trkpt lat="42.211381" lon="-3.092864">
      <ele>1530.5</ele>
    </trkpt>
    <trkpt lat="42.211424" lon="-3.092975">
      <ele>1531.2</ele>
    </trkpt>
    <trkpt lat="42.211497" lon="-3.092984">
      <ele>1531.7</ele>
    </trkpt>
    <trkpt lat="42.211527" lon="-3.092958">
      <ele>1531.9</ele>
    </trkpt>
    <trkpt lat="42.211568" lon="-3.092834">
      <ele>1532.6</ele>
    </trkpt>
    <trkpt lat="42.211616" lon="-3.091766">
      <ele>1536.1</ele>
    </trkpt>
    <trkpt lat="42.21182" lon="-3.090239">
      <ele>1539.8</ele>
    </trkpt>
    <trkpt lat="42.21192" lon="-3.089072">
      <ele>1545.8</ele>
    </trkpt>
    <trkpt lat="42.212037" lon="-3.088189">
      <ele>1552.7</ele>
    </trkpt>
    <trkpt lat="42.212194" lon="-3.087314">
      <ele>1560.2</ele>
    </trkpt>
    <trkpt lat="42.212722" lon="-3.085751">
      <ele>1573.8</ele>
    </trkpt>
    <trkpt lat="42.212886" lon="-3.085433">
      <ele>1576.5</ele>
    </trkpt>
    <trkpt lat="42.213179" lon="-3.085003">
      <ele>1580</ele>
    </trkpt>
    <trkpt lat="42.213218" lon="-3.084977">
      <ele>1580.3</ele>
    </trkpt>
    <trkpt lat="42.213296" lon="-3.085024">
      <ele>1580.9</ele>
    </trkpt>
    <trkpt lat="42.2133" lon="-3.085118">
      <ele>1581.4</ele>
    </trkpt>
    <trkpt lat="42.213077" lon="-3.085523">
      <ele>1583.5</ele>
    </trkpt>
    <trkpt lat="42.213019" lon="-3.085686">
      <ele>1584.1</ele>
    </trkpt>
    <trkpt lat="42.212731" lon="-3.087066">
      <ele>1588.1</ele>
    </trkpt>
    <trkpt lat="42.212674" lon="-3.087739">
      <ele>1590.5</ele>
    </trkpt>
    <trkpt lat="42.212716" lon="-3.088611">
      <ele>1595.6</ele>
    </trkpt>
    <trkpt lat="42.212717" lon="-3.089188">
      <ele>1600.2</ele>
    </trkpt>
    <trkpt lat="42.212895" lon="-3.090385">
      <ele>1611.7</ele>
    </trkpt>
    <trkpt lat="42.212966" lon="-3.091215">
      <ele>1619.9</ele>
    </trkpt>
    <trkpt lat="42.213008" lon="-3.092284">
      <ele>1630.1</ele>
    </trkpt>
    <trkpt lat="42.213037" lon="-3.09255">
      <ele>1632.7</ele>
    </trkpt>
    <trkpt lat="42.213144" lon="-3.092997">
      <ele>1637.3</ele>
    </trkpt>
    <trkpt lat="42.213748" lon="-3.094781">
      <ele>1660.8</ele>
    </trkpt>
    <trkpt lat="42.213864" lon="-3.094937">
      <ele>1663.9</ele>
    </trkpt>
    <trkpt lat="42.214453" lon="-3.095346">
      <ele>1674.8</ele>
    </trkpt>
    <trkpt lat="42.214726" lon="-3.095612">
      <ele>1678.8</ele>
    </trkpt>
    <trkpt lat="42.214807" lon="-3.095651">
      <ele>1679.6</ele>
    </trkpt>
    <trkpt lat="42.214858" lon="-3.095599">
      <ele>1680.2</ele>
    </trkpt>
    <trkpt lat="42.214868" lon="-3.095553">
      <ele>1680.5</ele>
    </trkpt>
    <trkpt lat="42.214843" lon="-3.095461">
      <ele>1681</ele>
    </trkpt>
    <trkpt lat="42.214503" lon="-3.094923">
      <ele>1683.4</ele>
    </trkpt>
    <trkpt lat="42.214248" lon="-3.094629">
      <ele>1683.9</ele>
    </trkpt>
    <trkpt lat="42.214125" lon="-3.094405">
      <ele>1684</ele>
    </trkpt>
    <trkpt lat="42.21406" lon="-3.094102">
      <ele>1684.3</ele>
    </trkpt>
    <trkpt lat="42.214002" lon="-3.092957">
      <ele>1689.1</ele>
    </trkpt>
    <trkpt lat="42.214108" lon="-3.09223">
      <ele>1695.1</ele>
    </trkpt>
    <trkpt lat="42.214211" lon="-3.091801">
      <ele>1699.2</ele>
    </trkpt>
    <trkpt lat="42.21453" lon="-3.090745">
      <ele>1710.4</ele>
    </trkpt>
    <trkpt lat="42.214701" lon="-3.090395">
      <ele>1714.6</ele>
    </trkpt>
    <trkpt lat="42.215232" lon="-3.089467">
      <ele>1726</ele>
    </trkpt>
    <trkpt lat="42.215335" lon="-3.089428">
      <ele>1727.4</ele>
    </trkpt>
    <trkpt lat="42.215393" lon="-3.089446">
      <ele>1728.1</ele>
    </trkpt>
    <trkpt lat="42.215444" lon="-3.08953">
      <ele>1729.1</ele>
    </trkpt>
    <trkpt lat="42.215442" lon="-3.08964">
      <ele>1730.1</ele>
    </trkpt>
    <trkpt lat="42.215353" lon="-3.089854">
      <ele>1732.2</ele>
    </trkpt>
    <trkpt lat="42.215328" lon="-3.089973">
      <ele>1733.3</ele>
    </trkpt>
    <trkpt lat="42.215315" lon="-3.090247">
      <ele>1735.7</ele>
    </trkpt>
    <trkpt lat="42.215371" lon="-3.090667">
      <ele>1739.6</ele>
    </trkpt>
    <trkpt lat="42.215479" lon="-3.090981">
      <ele>1742.7</ele>
    </trkpt>
    <trkpt lat="42.215593" lon="-3.091165">
      <ele>1744.9</ele>
    </trkpt>
    <trkpt lat="42.21569" lon="-3.091252">
      <ele>1746.3</ele>
    </trkpt>
    <trkpt lat="42.21614" lon="-3.091526">
      <ele>1751.8</ele>
    </trkpt>
    <trkpt lat="42.216526" lon="-3.092006">
      <ele>1757.1</ele>
    </trkpt>
    <trkpt lat="42.216622" lon="-3.09216">
      <ele>1758.5</ele>
    </trkpt>
    <trkpt lat="42.216673" lon="-3.092294">
      <ele>1759.6</ele>
    </trkpt>
    <trkpt lat="42.216864" lon="-3.093183">
      <ele>1765.5</ele>
    </trkpt>
    <trkpt lat="42.217127" lon="-3.094158">
      <ele>1771.7</ele>
    </trkpt>
    <trkpt lat="42.217346" lon="-3.094815">
      <ele>1776.5</ele>
    </trkpt>
    <trkpt lat="42.21748" lon="-3.0951">
      <ele>1778.9</ele>
    </trkpt>
    <trkpt lat="42.217682" lon="-3.09545">
      <ele>1782.2</ele>
    </trkpt>
    <trkpt lat="42.217777" lon="-3.095699">
      <ele>1784.4</ele>
    </trkpt>
    <trkpt lat="42.218367" lon="-3.097685">
      <ele>1804.4</ele>
    </trkpt>
    <trkpt lat="42.218455" lon="-3.098108">
      <ele>1808.3</ele>
    </trkpt>
    <trkpt lat="42.218454" lon="-3.098205">
      <ele>1809.1</ele>
    </trkpt>
    <trkpt lat="42.218445" lon="-3.098282">
      <ele>1809.8</ele>
    </trkpt>
    <trkpt lat="42.218324" lon="-3.098592">
      <ele>1812.7</ele>
    </trkpt>
    <trkpt lat="42.217855" lon="-3.099388">
      <ele>1820.4</ele>
    </trkpt>
    <trkpt lat="42.217319" lon="-3.100647">
      <ele>1828.4</ele>
    </trkpt>
    <trkpt lat="42.217248" lon="-3.100802">
      <ele>1829.4</ele>
    </trkpt>
    <trkpt lat="42.217166" lon="-3.100912">
      <ele>1830.2</ele>
    </trkpt>
    <trkpt lat="42.216865" lon="-3.101135">
      <ele>1832.6</ele>
    </trkpt>
    <trkpt lat="42.216693" lon="-3.10122">
      <ele>1833.7</ele>
    </trkpt>
    <trkpt lat="42.21596" lon="-3.101423">
      <ele>1837</ele>
    </trkpt>
    <trkpt lat="42.21544" lon="-3.101494">
      <ele>1837.8</ele>
    </trkpt>
    <trkpt lat="42.215374" lon="-3.101489">
      <ele>1837.9</ele>
    </trkpt>
    <trkpt lat="42.21544" lon="-3.101494">
      <ele>1837.8</ele>
    </trkpt>
    <trkpt lat="42.21596" lon="-3.101423">
      <ele>1837</ele>
    </trkpt>
    <trkpt lat="42.216693" lon="-3.10122">
      <ele>1833.7</ele>
    </trkpt>
    <trkpt lat="42.216865" lon="-3.101135">
      <ele>1832.6</ele>
    </trkpt>
    <trkpt lat="42.217166" lon="-3.100912">
      <ele>1830.2</ele>
    </trkpt>
    <trkpt lat="42.217248" lon="-3.100802">
      <ele>1829.4</ele>
    </trkpt>
    <trkpt lat="42.217319" lon="-3.100647">
      <ele>1828.4</ele>
    </trkpt>
    <trkpt lat="42.217855" lon="-3.099388">
      <ele>1820.4</ele>
    </trkpt>
    <trkpt lat="42.218324" lon="-3.098592">
      <ele>1812.7</ele>
    </trkpt>
    <trkpt lat="42.218445" lon="-3.098282">
      <ele>1809.8</ele>
    </trkpt>
    <trkpt lat="42.218454" lon="-3.098205">
      <ele>1809.1</ele>
    </trkpt>
    <trkpt lat="42.218455" lon="-3.098108">
      <ele>1808.3</ele>
    </trkpt>
    <trkpt lat="42.218367" lon="-3.097685">
      <ele>1804.4</ele>
    </trkpt>
    <trkpt lat="42.217777" lon="-3.095699">
      <ele>1784.4</ele>
    </trkpt>
    <trkpt lat="42.217682" lon="-3.09545">
      <ele>1782.2</ele>
    </trkpt>
    <trkpt lat="42.21748" lon="-3.0951">
      <ele>1778.9</ele>
    </trkpt>
    <trkpt lat="42.217346" lon="-3.094815">
      <ele>1776.5</ele>
    </trkpt>
    <trkpt lat="42.217127" lon="-3.094158">
      <ele>1771.7</ele>
    </trkpt>
    <trkpt lat="42.216864" lon="-3.093183">
      <ele>1765.5</ele>
    </trkpt>
    <trkpt lat="42.216673" lon="-3.092294">
      <ele>1759.6</ele>
    </trkpt>
    <trkpt lat="42.216622" lon="-3.09216">
      <ele>1758.5</ele>
    </trkpt>
    <trkpt lat="42.216526" lon="-3.092006">
      <ele>1757.1</ele>
    </trkpt>
    <trkpt lat="42.21614" lon="-3.091526">
      <ele>1751.8</ele>
    </trkpt>
    <trkpt lat="42.21569" lon="-3.091252">
      <ele>1746.3</ele>
    </trkpt>
    <trkpt lat="42.215593" lon="-3.091165">
      <ele>1744.9</ele>
    </trkpt>
    <trkpt lat="42.215479" lon="-3.090981">
      <ele>1742.7</ele>
    </trkpt>
    <trkpt lat="42.215371" lon="-3.090667">
      <ele>1739.6</ele>
    </trkpt>
    <trkpt lat="42.215315" lon="-3.090247">
      <ele>1735.7</ele>
    </trkpt>
    <trkpt lat="42.215328" lon="-3.089973">
      <ele>1733.3</ele>
    </trkpt>
    <trkpt lat="42.215353" lon="-3.089854">
      <ele>1732.2</ele>
    </trkpt>
    <trkpt lat="42.215442" lon="-3.08964">
      <ele>1730.1</ele>
    </trkpt>
    <trkpt lat="42.215444" lon="-3.08953">
      <ele>1729.1</ele>
    </trkpt>
    <trkpt lat="42.215393" lon="-3.089446">
      <ele>1728.1</ele>
    </trkpt>
    <trkpt lat="42.215335" lon="-3.089428">
      <ele>1727.4</ele>
    </trkpt>
    <trkpt lat="42.215232" lon="-3.089467">
      <ele>1726</ele>
    </trkpt>
    <trkpt lat="42.214701" lon="-3.090395">
      <ele>1714.6</ele>
    </trkpt>
    <trkpt lat="42.21453" lon="-3.090745">
      <ele>1710.4</ele>
    </trkpt>
    <trkpt lat="42.214211" lon="-3.091801">
      <ele>1699.2</ele>
    </trkpt>
    <trkpt lat="42.214108" lon="-3.09223">
      <ele>1695.1</ele>
    </trkpt>
    <trkpt lat="42.214002" lon="-3.092957">
      <ele>1689.1</ele>
    </trkpt>
    <trkpt lat="42.21406" lon="-3.094102">
      <ele>1684.3</ele>
    </trkpt>
    <trkpt lat="42.214125" lon="-3.094405">
      <ele>1684</ele>
    </trkpt>
    <trkpt lat="42.214248" lon="-3.094629">
      <ele>1683.9</ele>
    </trkpt>
    <trkpt lat="42.214503" lon="-3.094923">
      <ele>1683.4</ele>
    </trkpt>
    <trkpt lat="42.214843" lon="-3.095461">
      <ele>1681</ele>
    </trkpt>
    <trkpt lat="42.214868" lon="-3.095553">
      <ele>1680.5</ele>
    </trkpt>
    <trkpt lat="42.214858" lon="-3.095599">
      <ele>1680.2</ele>
    </trkpt>
    <trkpt lat="42.214807" lon="-3.095651">
      <ele>1679.6</ele>
    </trkpt>
    <trkpt lat="42.214726" lon="-3.095612">
      <ele>1678.8</ele>
    </trkpt>
    <trkpt lat="42.214453" lon="-3.095346">
      <ele>1674.8</ele>
    </trkpt>
    <trkpt lat="42.213864" lon="-3.094937">
      <ele>1663.9</ele>
    </trkpt>
    <trkpt lat="42.213748" lon="-3.094781">
      <ele>1660.8</ele>
    </trkpt>
    <trkpt lat="42.213144" lon="-3.092997">
      <ele>1637.3</ele>
    </trkpt>
    <trkpt lat="42.213037" lon="-3.09255">
      <ele>1632.7</ele>
    </trkpt>
    <trkpt lat="42.213008" lon="-3.092284">
      <ele>1630.1</ele>
    </trkpt>
    <trkpt lat="42.212966" lon="-3.091215">
      <ele>1619.9</ele>
    </trkpt>
    <trkpt lat="42.212895" lon="-3.090385">
      <ele>1611.7</ele>
    </trkpt>
    <trkpt lat="42.212717" lon="-3.089188">
      <ele>1600.2</ele>
    </trkpt>
    <trkpt lat="42.212716" lon="-3.088611">
      <ele>1595.6</ele>
    </trkpt>
    <trkpt lat="42.212674" lon="-3.087739">
      <ele>1590.5</ele>
    </trkpt>
    <trkpt lat="42.212731" lon="-3.087066">
      <ele>1588.1</ele>
    </trkpt>
    <trkpt lat="42.213019" lon="-3.085686">
      <ele>1584.1</ele>
    </trkpt>
    <trkpt lat="42.213077" lon="-3.085523">
      <ele>1583.5</ele>
    </trkpt>
    <trkpt lat="42.2133" lon="-3.085118">
      <ele>1581.4</ele>
    </trkpt>
    <trkpt lat="42.213296" lon="-3.085024">
      <ele>1580.9</ele>
    </trkpt>
    <trkpt lat="42.21324" lon="-3.08499">
      <ele>1580.5</ele>
    </trkpt>
    <trkpt lat="42.213218" lon="-3.084977">
      <ele>1580.3</ele>
    </trkpt>
    <trkpt lat="42.213179" lon="-3.085003">
      <ele>1580</ele>
    </trkpt>
    <trkpt lat="42.212886" lon="-3.085433">
      <ele>1576.5</ele>
    </trkpt>
    <trkpt lat="42.212722" lon="-3.085751">
      <ele>1573.8</ele>
    </trkpt>
    <trkpt lat="42.212194" lon="-3.087314">
      <ele>1560.2</ele>
    </trkpt>
    <trkpt lat="42.212037" lon="-3.088189">
      <ele>1552.7</ele>
    </trkpt>
    <trkpt lat="42.21192" lon="-3.089072">
      <ele>1545.8</ele>
    </trkpt>
    <trkpt lat="42.21182" lon="-3.090239">
      <ele>1539.8</ele>
    </trkpt>
    <trkpt lat="42.211616" lon="-3.091766">
      <ele>1536.1</ele>
    </trkpt>
    <trkpt lat="42.211568" lon="-3.092834">
      <ele>1532.6</ele>
    </trkpt>
    <trkpt lat="42.211527" lon="-3.092958">
      <ele>1531.9</ele>
    </trkpt>
    <trkpt lat="42.211497" lon="-3.092984">
      <ele>1531.7</ele>
    </trkpt>
    <trkpt lat="42.211424" lon="-3.092975">
      <ele>1531.2</ele>
    </trkpt>
    <trkpt lat="42.211381" lon="-3.092864">
      <ele>1530.5</ele>
    </trkpt>
    <trkpt lat="42.211384" lon="-3.092287">
      <ele>1526.8</ele>
    </trkpt>
    <trkpt lat="42.211321" lon="-3.090384">
      <ele>1510.2</ele>
    </trkpt>
    <trkpt lat="42.211183" lon="-3.0891">
      <ele>1499.3</ele>
    </trkpt>
    <trkpt lat="42.211162" lon="-3.088394">
      <ele>1493.9</ele>
    </trkpt>
    <trkpt lat="42.210926" lon="-3.086074">
      <ele>1478</ele>
    </trkpt>
    <trkpt lat="42.210965" lon="-3.085061">
      <ele>1470.7</ele>
    </trkpt>
    <trkpt lat="42.21095" lon="-3.084671">
      <ele>1467.6</ele>
    </trkpt>
    <trkpt lat="42.21082" lon="-3.084165">
      <ele>1463.4</ele>
    </trkpt>
    <trkpt lat="42.210476" lon="-3.083532">
      <ele>1456.8</ele>
    </trkpt>
    <trkpt lat="42.210341" lon="-3.083104">
      <ele>1453</ele>
    </trkpt>
    <trkpt lat="42.209961" lon="-3.080607">
      <ele>1436.3</ele>
    </trkpt>
    <trkpt lat="42.20991" lon="-3.080481">
      <ele>1435.5</ele>
    </trkpt>
    <trkpt lat="42.209826" lon="-3.080425">
      <ele>1434.7</ele>
    </trkpt>
    <trkpt lat="42.209749" lon="-3.080447">
      <ele>1434.1</ele>
    </trkpt>
    <trkpt lat="42.209717" lon="-3.080484">
      <ele>1433.8</ele>
    </trkpt>
    <trkpt lat="42.209691" lon="-3.080609">
      <ele>1433</ele>
    </trkpt>
    <trkpt lat="42.209762" lon="-3.081295">
      <ele>1429.1</ele>
    </trkpt>
    <trkpt lat="42.209755" lon="-3.082075">
      <ele>1424.9</ele>
    </trkpt>
    <trkpt lat="42.209846" lon="-3.083846">
      <ele>1417.8</ele>
    </trkpt>
    <trkpt lat="42.209875" lon="-3.084024">
      <ele>1417.3</ele>
    </trkpt>
    <trkpt lat="42.210082" lon="-3.084752">
      <ele>1414.9</ele>
    </trkpt>
    <trkpt lat="42.2101" lon="-3.08499">
      <ele>1414.1</ele>
    </trkpt>
    <trkpt lat="42.210046" lon="-3.085176">
      <ele>1413.5</ele>
    </trkpt>
    <trkpt lat="42.209839" lon="-3.085435">
      <ele>1412.3</ele>
    </trkpt>
    <trkpt lat="42.209742" lon="-3.085609">
      <ele>1411.6</ele>
    </trkpt>
    <trkpt lat="42.209665" lon="-3.085907">
      <ele>1410.7</ele>
    </trkpt>
    <trkpt lat="42.209543" lon="-3.086812">
      <ele>1409.6</ele>
    </trkpt>
    <trkpt lat="42.209516" lon="-3.087117">
      <ele>1410.1</ele>
    </trkpt>
    <trkpt lat="42.209536" lon="-3.087547">
      <ele>1411.5</ele>
    </trkpt>
    <trkpt lat="42.209713" lon="-3.088619">
      <ele>1413.6</ele>
    </trkpt>
    <trkpt lat="42.209708" lon="-3.088779">
      <ele>1413.3</ele>
    </trkpt>
    <trkpt lat="42.20965" lon="-3.088862">
      <ele>1413</ele>
    </trkpt>
    <trkpt lat="42.209556" lon="-3.088876">
      <ele>1412.4</ele>
    </trkpt>
    <trkpt lat="42.209495" lon="-3.088843">
      <ele>1412</ele>
    </trkpt>
    <trkpt lat="42.209406" lon="-3.088688">
      <ele>1410.8</ele>
    </trkpt>
    <trkpt lat="42.209368" lon="-3.088454">
      <ele>1408.8</ele>
    </trkpt>
    <trkpt lat="42.20938" lon="-3.088225">
      <ele>1406.5</ele>
    </trkpt>
    <trkpt lat="42.209356" lon="-3.088079">
      <ele>1404.8</ele>
    </trkpt>
    <trkpt lat="42.20912" lon="-3.087429">
      <ele>1394.5</ele>
    </trkpt>
    <trkpt lat="42.209096" lon="-3.087197">
      <ele>1391</ele>
    </trkpt>
    <trkpt lat="42.209111" lon="-3.086623">
      <ele>1382.8</ele>
    </trkpt>
    <trkpt lat="42.209049" lon="-3.085785">
      <ele>1374.1</ele>
    </trkpt>
    <trkpt lat="42.209052" lon="-3.085563">
      <ele>1371.8</ele>
    </trkpt>
    <trkpt lat="42.209084" lon="-3.085249">
      <ele>1368.7</ele>
    </trkpt>
    <trkpt lat="42.20916" lon="-3.084909">
      <ele>1365.6</ele>
    </trkpt>
    <trkpt lat="42.209158" lon="-3.08474">
      <ele>1364.2</ele>
    </trkpt>
    <trkpt lat="42.209092" lon="-3.084507">
      <ele>1362.1</ele>
    </trkpt>
    <trkpt lat="42.208948" lon="-3.084202">
      <ele>1359.2</ele>
    </trkpt>
    <trkpt lat="42.20871" lon="-3.083498">
      <ele>1351.8</ele>
    </trkpt>
    <trkpt lat="42.208385" lon="-3.082826">
      <ele>1343.4</ele>
    </trkpt>
    <trkpt lat="42.208188" lon="-3.082355">
      <ele>1338.5</ele>
    </trkpt>
    <trkpt lat="42.208022" lon="-3.081556">
      <ele>1331</ele>
    </trkpt>
    <trkpt lat="42.207953" lon="-3.081297">
      <ele>1328.4</ele>
    </trkpt>
    <trkpt lat="42.20783" lon="-3.080996">
      <ele>1325.1</ele>
    </trkpt>
    <trkpt lat="42.207687" lon="-3.080787">
      <ele>1322.5</ele>
    </trkpt>
    <trkpt lat="42.207268" lon="-3.080332">
      <ele>1315.9</ele>
    </trkpt>
    <trkpt lat="42.207022" lon="-3.079837">
      <ele>1311</ele>
    </trkpt>
    <trkpt lat="42.206682" lon="-3.079293">
      <ele>1306.2</ele>
    </trkpt>
    <trkpt lat="42.206569" lon="-3.079204">
      <ele>1305.4</ele>
    </trkpt>
    <trkpt lat="42.206508" lon="-3.079235">
      <ele>1305.1</ele>
    </trkpt>
    <trkpt lat="42.206496" lon="-3.079339">
      <ele>1304.7</ele>
    </trkpt>
    <trkpt lat="42.206692" lon="-3.079602">
      <ele>1303.9</ele>
    </trkpt>
    <trkpt lat="42.206771" lon="-3.079749">
      <ele>1303.8</ele>
    </trkpt>
    <trkpt lat="42.206853" lon="-3.080006">
      <ele>1303.9</ele>
    </trkpt>
    <trkpt lat="42.20702" lon="-3.080781">
      <ele>1306.1</ele>
    </trkpt>
    <trkpt lat="42.207105" lon="-3.080933">
      <ele>1306.8</ele>
    </trkpt>
    <trkpt lat="42.207276" lon="-3.08111">
      <ele>1307.9</ele>
    </trkpt>
    <trkpt lat="42.207395" lon="-3.081329">
      <ele>1308.7</ele>
    </trkpt>
    <trkpt lat="42.207444" lon="-3.081496">
      <ele>1309.1</ele>
    </trkpt>
    <trkpt lat="42.207455" lon="-3.081691">
      <ele>1309.3</ele>
    </trkpt>
    <trkpt lat="42.207408" lon="-3.081799">
      <ele>1309.4</ele>
    </trkpt>
    <trkpt lat="42.207368" lon="-3.081814">
      <ele>1309.4</ele>
    </trkpt>
    <trkpt lat="42.207293" lon="-3.081762">
      <ele>1309.3</ele>
    </trkpt>
    <trkpt lat="42.207236" lon="-3.081536">
      <ele>1309</ele>
    </trkpt>
    <trkpt lat="42.207129" lon="-3.081357">
      <ele>1308.4</ele>
    </trkpt>
    <trkpt lat="42.206829" lon="-3.081108">
      <ele>1306</ele>
    </trkpt>
    <trkpt lat="42.206724" lon="-3.080925">
      <ele>1304.4</ele>
    </trkpt>
    <trkpt lat="42.206475" lon="-3.080322">
      <ele>1298.5</ele>
    </trkpt>
    <trkpt lat="42.206406" lon="-3.080217">
      <ele>1297.1</ele>
    </trkpt>
    <trkpt lat="42.206277" lon="-3.080135">
      <ele>1295.2</ele>
    </trkpt>
    <trkpt lat="42.205958" lon="-3.080139">
      <ele>1290.9</ele>
    </trkpt>
    <trkpt lat="42.205768" lon="-3.080097">
      <ele>1288.3</ele>
    </trkpt>
    <trkpt lat="42.205672" lon="-3.079982">
      <ele>1286.5</ele>
    </trkpt>
    <trkpt lat="42.205606" lon="-3.079507">
      <ele>1281.6</ele>
    </trkpt>
    <trkpt lat="42.205585" lon="-3.079433">
      <ele>1280.7</ele>
    </trkpt>
    <trkpt lat="42.205477" lon="-3.079255">
      <ele>1278.3</ele>
    </trkpt>
    <trkpt lat="42.205363" lon="-3.079168">
      <ele>1276.3</ele>
    </trkpt>
    <trkpt lat="42.205166" lon="-3.079179">
      <ele>1273.4</ele>
    </trkpt>
    <trkpt lat="42.20512" lon="-3.079164">
      <ele>1272.7</ele>
    </trkpt>
    <trkpt lat="42.205088" lon="-3.079112">
      <ele>1271.9</ele>
    </trkpt>
    <trkpt lat="42.205055" lon="-3.078982">
      <ele>1270.4</ele>
    </trkpt>
    <trkpt lat="42.205066" lon="-3.078887">
      <ele>1269.3</ele>
    </trkpt>
    <trkpt lat="42.205119" lon="-3.07859">
      <ele>1265.9</ele>
    </trkpt>
    <trkpt lat="42.205185" lon="-3.078428">
      <ele>1263.7</ele>
    </trkpt>
    <trkpt lat="42.205348" lon="-3.07831">
      <ele>1260.8</ele>
    </trkpt>
    <trkpt lat="42.205855" lon="-3.078129">
      <ele>1252.3</ele>
    </trkpt>
    <trkpt lat="42.20601" lon="-3.078005">
      <ele>1249.5</ele>
    </trkpt>
    <trkpt lat="42.206254" lon="-3.07768">
      <ele>1244.4</ele>
    </trkpt>
    <trkpt lat="42.206453" lon="-3.077245">
      <ele>1240.2</ele>
    </trkpt>
    <trkpt lat="42.206531" lon="-3.077003">
      <ele>1238.7</ele>
    </trkpt>
    <trkpt lat="42.206574" lon="-3.076754">
      <ele>1237.7</ele>
    </trkpt>
    <trkpt lat="42.206551" lon="-3.076664">
      <ele>1237.4</ele>
    </trkpt>
    <trkpt lat="42.206491" lon="-3.076641">
      <ele>1237.2</ele>
    </trkpt>
    <trkpt lat="42.206428" lon="-3.076703">
      <ele>1237</ele>
    </trkpt>
    <trkpt lat="42.206302" lon="-3.077072">
      <ele>1236.7</ele>
    </trkpt>
    <trkpt lat="42.206241" lon="-3.077187">
      <ele>1236.6</ele>
    </trkpt>
    <trkpt lat="42.205978" lon="-3.077492">
      <ele>1236</ele>
    </trkpt>
    <trkpt lat="42.205818" lon="-3.077627">
      <ele>1235.8</ele>
    </trkpt>
    <trkpt lat="42.205667" lon="-3.077693">
      <ele>1235.5</ele>
    </trkpt>
    <trkpt lat="42.205629" lon="-3.077682">
      <ele>1235.4</ele>
    </trkpt>
    <trkpt lat="42.20558" lon="-3.077614">
      <ele>1235.2</ele>
    </trkpt>
    <trkpt lat="42.205578" lon="-3.077562">
      <ele>1235</ele>
    </trkpt>
    <trkpt lat="42.205655" lon="-3.077439">
      <ele>1234.6</ele>
    </trkpt>
    <trkpt lat="42.205811" lon="-3.077239">
      <ele>1233.3</ele>
    </trkpt>
    <trkpt lat="42.205837" lon="-3.077138">
      <ele>1232.6</ele>
    </trkpt>
    <trkpt lat="42.205806" lon="-3.076823">
      <ele>1230.3</ele>
    </trkpt>
    <trkpt lat="42.20585" lon="-3.076665">
      <ele>1228.6</ele>
    </trkpt>
    <trkpt lat="42.205947" lon="-3.076472">
      <ele>1226</ele>
    </trkpt>
    <trkpt lat="42.206014" lon="-3.076104">
      <ele>1220.9</ele>
    </trkpt>
    <trkpt lat="42.206137" lon="-3.075827">
      <ele>1216.7</ele>
    </trkpt>
    <trkpt lat="42.206612" lon="-3.075362">
      <ele>1208.6</ele>
    </trkpt>
    <trkpt lat="42.206767" lon="-3.075285">
      <ele>1206.8</ele>
    </trkpt>
    <trkpt lat="42.207054" lon="-3.075245">
      <ele>1204.2</ele>
    </trkpt>
    <trkpt lat="42.207192" lon="-3.075304">
      <ele>1203.2</ele>
    </trkpt>
    <trkpt lat="42.207553" lon="-3.075566">
      <ele>1201.3</ele>
    </trkpt>
    <trkpt lat="42.207639" lon="-3.075588">
      <ele>1201</ele>
    </trkpt>
    <trkpt lat="42.207842" lon="-3.075567">
      <ele>1200.6</ele>
    </trkpt>
    <trkpt lat="42.208258" lon="-3.0753">
      <ele>1199.8</ele>
    </trkpt>
    <trkpt lat="42.208571" lon="-3.075182">
      <ele>1198.6</ele>
    </trkpt>
    <trkpt lat="42.208719" lon="-3.075096">
      <ele>1197.9</ele>
    </trkpt>
    <trkpt lat="42.209008" lon="-3.074864">
      <ele>1196.3</ele>
    </trkpt>
    <trkpt lat="42.209423" lon="-3.074705">
      <ele>1193.8</ele>
    </trkpt>
    <trkpt lat="42.209762" lon="-3.07448">
      <ele>1191.6</ele>
    </trkpt>
    <trkpt lat="42.20997" lon="-3.07432">
      <ele>1190.2</ele>
    </trkpt>
    <trkpt lat="42.210242" lon="-3.07403">
      <ele>1188.5</ele>
    </trkpt>
    <trkpt lat="42.210396" lon="-3.073909">
      <ele>1187.8</ele>
    </trkpt>
    <trkpt lat="42.211516" lon="-3.073307">
      <ele>1184.8</ele>
    </trkpt>
    <trkpt lat="42.212553" lon="-3.07254">
      <ele>1185.5</ele>
    </trkpt>
    <trkpt lat="42.213038" lon="-3.072242">
      <ele>1185.4</ele>
    </trkpt>
    <trkpt lat="42.21333" lon="-3.071982">
      <ele>1184.9</ele>
    </trkpt>
    <trkpt lat="42.213497" lon="-3.07187">
      <ele>1184.7</ele>
    </trkpt>
    <trkpt lat="42.21386" lon="-3.071717">
      <ele>1184.4</ele>
    </trkpt>
    <trkpt lat="42.214199" lon="-3.071678">
      <ele>1184.4</ele>
    </trkpt>
    <trkpt lat="42.214259" lon="-3.071622">
      <ele>1184.4</ele>
    </trkpt>
    <trkpt lat="42.214482" lon="-3.071137">
      <ele>1184.9</ele>
    </trkpt>
    <trkpt lat="42.214632" lon="-3.070679">
      <ele>1186.5</ele>
    </trkpt>
    <trkpt lat="42.215117" lon="-3.070207">
      <ele>1192</ele>
    </trkpt>
    <trkpt lat="42.215188" lon="-3.070028">
      <ele>1193.9</ele>
    </trkpt>
    <trkpt lat="42.215183" lon="-3.06939">
      <ele>1200.8</ele>
    </trkpt>
    <trkpt lat="42.215207" lon="-3.069095">
      <ele>1204</ele>
    </trkpt>
    <trkpt lat="42.215138" lon="-3.068899">
      <ele>1206.1</ele>
    </trkpt>
    <trkpt lat="42.214976" lon="-3.068668">
      <ele>1208.9</ele>
    </trkpt>
    <trkpt lat="42.214837" lon="-3.068301">
      <ele>1211.5</ele>
    </trkpt>
    <trkpt lat="42.214724" lon="-3.067909">
      <ele>1212.6</ele>
    </trkpt>
    <trkpt lat="42.214727" lon="-3.067773">
      <ele>1212.5</ele>
    </trkpt>
    <trkpt lat="42.214749" lon="-3.067704">
      <ele>1212.3</ele>
    </trkpt>
    <trkpt lat="42.214814" lon="-3.067619">
      <ele>1211.9</ele>
    </trkpt>
    <trkpt lat="42.215027" lon="-3.067445">
      <ele>1209.9</ele>
    </trkpt>
    <trkpt lat="42.215421" lon="-3.066909">
      <ele>1200.7</ele>
    </trkpt>
    <trkpt lat="42.215698" lon="-3.066774">
      <ele>1194.9</ele>
    </trkpt>
    <trkpt lat="42.216114" lon="-3.066787">
      <ele>1188.3</ele>
    </trkpt>
    <trkpt lat="42.216211" lon="-3.066763">
      <ele>1187</ele>
    </trkpt>
    <trkpt lat="42.216443" lon="-3.066509">
      <ele>1183.9</ele>
    </trkpt>
    <trkpt lat="42.216536" lon="-3.066272">
      <ele>1182.5</ele>
    </trkpt>
    <trkpt lat="42.216588" lon="-3.066076">
      <ele>1181.6</ele>
    </trkpt>
    <trkpt lat="42.216598" lon="-3.065916">
      <ele>1181</ele>
    </trkpt>
    <trkpt lat="42.21651" lon="-3.065624">
      <ele>1180.1</ele>
    </trkpt>
    <trkpt lat="42.216413" lon="-3.064836">
      <ele>1178.5</ele>
    </trkpt>
    <trkpt lat="42.216411" lon="-3.064687">
      <ele>1178.4</ele>
    </trkpt>
    <trkpt lat="42.216417" lon="-3.064531">
      <ele>1178.2</ele>
    </trkpt>
    <trkpt lat="42.216489" lon="-3.064219">
      <ele>1178</ele>
    </trkpt>
    <trkpt lat="42.216644" lon="-3.063877">
      <ele>1177.9</ele>
    </trkpt>
    <trkpt lat="42.216633" lon="-3.063748">
      <ele>1178</ele>
    </trkpt>
    <trkpt lat="42.216583" lon="-3.063649">
      <ele>1178.2</ele>
    </trkpt>
    <trkpt lat="42.21649" lon="-3.063606">
      <ele>1178.4</ele>
    </trkpt>
    <trkpt lat="42.21619" lon="-3.063576">
      <ele>1179.6</ele>
    </trkpt>
    <trkpt lat="42.215747" lon="-3.063744">
      <ele>1183.8</ele>
    </trkpt>
    <trkpt lat="42.215514" lon="-3.063784">
      <ele>1187</ele>
    </trkpt>
    <trkpt lat="42.215292" lon="-3.06373">
      <ele>1190.5</ele>
    </trkpt>
    <trkpt lat="42.214965" lon="-3.063698">
      <ele>1195.6</ele>
    </trkpt>
    <trkpt lat="42.214319" lon="-3.06352">
      <ele>1204.4</ele>
    </trkpt>
    <trkpt lat="42.214" lon="-3.063312">
      <ele>1208.3</ele>
    </trkpt>
    <trkpt lat="42.213692" lon="-3.06323">
      <ele>1211.2</ele>
    </trkpt>
    <trkpt lat="42.213634" lon="-3.063189">
      <ele>1211.6</ele>
    </trkpt>
    <trkpt lat="42.213542" lon="-3.063052">
      <ele>1212.2</ele>
    </trkpt>
    <trkpt lat="42.213466" lon="-3.062844">
      <ele>1212.3</ele>
    </trkpt>
    <trkpt lat="42.21311" lon="-3.062291">
      <ele>1210</ele>
    </trkpt>
    <trkpt lat="42.213058" lon="-3.062166">
      <ele>1209</ele>
    </trkpt>
    <trkpt lat="42.213061" lon="-3.062011">
      <ele>1207.9</ele>
    </trkpt>
    <trkpt lat="42.213113" lon="-3.061922">
      <ele>1207</ele>
    </trkpt>
    <trkpt lat="42.213207" lon="-3.061866">
      <ele>1205.7</ele>
    </trkpt>
    <trkpt lat="42.213361" lon="-3.06185">
      <ele>1203.8</ele>
    </trkpt>
    <trkpt lat="42.213941" lon="-3.06192">
      <ele>1195.1</ele>
    </trkpt>
    <trkpt lat="42.214184" lon="-3.061929">
      <ele>1191</ele>
    </trkpt>
    <trkpt lat="42.214424" lon="-3.061894">
      <ele>1187.6</ele>
    </trkpt>
    <trkpt lat="42.214503" lon="-3.06186">
      <ele>1186.6</ele>
    </trkpt>
    <trkpt lat="42.214584" lon="-3.061771">
      <ele>1185.5</ele>
    </trkpt>
    <trkpt lat="42.214607" lon="-3.061377">
      <ele>1182.5</ele>
    </trkpt>
    <trkpt lat="42.214624" lon="-3.06133">
      <ele>1182.1</ele>
    </trkpt>
    <trkpt lat="42.214675" lon="-3.061294">
      <ele>1181.5</ele>
    </trkpt>
    <trkpt lat="42.214783" lon="-3.061279">
      <ele>1180.5</ele>
    </trkpt>
    <trkpt lat="42.21511" lon="-3.061336">
      <ele>1177.7</ele>
    </trkpt>
    <trkpt lat="42.215443" lon="-3.061326">
      <ele>1174.5</ele>
    </trkpt>
    <trkpt lat="42.215622" lon="-3.061277">
      <ele>1172.6</ele>
    </trkpt>
    <trkpt lat="42.215791" lon="-3.061162">
      <ele>1170.7</ele>
    </trkpt>
    <trkpt lat="42.215876" lon="-3.061137">
      <ele>1169.9</ele>
    </trkpt>
    <trkpt lat="42.216179" lon="-3.061137">
      <ele>1167.1</ele>
    </trkpt>
    <trkpt lat="42.216499" lon="-3.061177">
      <ele>1164.4</ele>
    </trkpt>
    <trkpt lat="42.216871" lon="-3.061171">
      <ele>1161.6</ele>
    </trkpt>
    <trkpt lat="42.216976" lon="-3.061149">
      <ele>1160.8</ele>
    </trkpt>
    <trkpt lat="42.217075" lon="-3.06107">
      <ele>1160</ele>
    </trkpt>
    <trkpt lat="42.217322" lon="-3.060727">
      <ele>1157.7</ele>
    </trkpt>
    <trkpt lat="42.217443" lon="-3.06062">
      <ele>1157</ele>
    </trkpt>
    <trkpt lat="42.217655" lon="-3.060557">
      <ele>1156.3</ele>
    </trkpt>
    <trkpt lat="42.218014" lon="-3.060577">
      <ele>1155.9</ele>
    </trkpt>
    <trkpt lat="42.218477" lon="-3.060535">
      <ele>1156.4</ele>
    </trkpt>
    <trkpt lat="42.218715" lon="-3.060454">
      <ele>1157.1</ele>
    </trkpt>
    <trkpt lat="42.218936" lon="-3.060275">
      <ele>1158.2</ele>
    </trkpt>
    <trkpt lat="42.219082" lon="-3.060056">
      <ele>1159.5</ele>
    </trkpt>
    <trkpt lat="42.21918" lon="-3.059839">
      <ele>1160.8</ele>
    </trkpt>
    <trkpt lat="42.219293" lon="-3.059438">
      <ele>1163.1</ele>
    </trkpt>
    <trkpt lat="42.219322" lon="-3.05907">
      <ele>1164.7</ele>
    </trkpt>
    <trkpt lat="42.219234" lon="-3.058375">
      <ele>1165.5</ele>
    </trkpt>
    <trkpt lat="42.219239" lon="-3.058182">
      <ele>1165.1</ele>
    </trkpt>
    <trkpt lat="42.219293" lon="-3.05801">
      <ele>1164.4</ele>
    </trkpt>
    <trkpt lat="42.219339" lon="-3.057969">
      <ele>1164.1</ele>
    </trkpt>
    <trkpt lat="42.219568" lon="-3.057924">
      <ele>1162.5</ele>
    </trkpt>
    <trkpt lat="42.220311" lon="-3.057889">
      <ele>1154.4</ele>
    </trkpt>
    <trkpt lat="42.221519" lon="-3.057732">
      <ele>1143</ele>
    </trkpt>
    <trkpt lat="42.2216" lon="-3.057694">
      <ele>1142.6</ele>
    </trkpt>
    <trkpt lat="42.22173" lon="-3.057559">
      <ele>1142</ele>
    </trkpt>
    <trkpt lat="42.221943" lon="-3.057179">
      <ele>1142</ele>
    </trkpt>
    <trkpt lat="42.222148" lon="-3.056926">
      <ele>1143.5</ele>
    </trkpt>
    <trkpt lat="42.222304" lon="-3.056674">
      <ele>1145.4</ele>
    </trkpt>
    <trkpt lat="42.222343" lon="-3.056585">
      <ele>1146.1</ele>
    </trkpt>
    <trkpt lat="42.222356" lon="-3.056426">
      <ele>1147.2</ele>
    </trkpt>
    <trkpt lat="42.222313" lon="-3.056295">
      <ele>1148.1</ele>
    </trkpt>
    <trkpt lat="42.221939" lon="-3.056035">
      <ele>1150.6</ele>
    </trkpt>
    <trkpt lat="42.221704" lon="-3.055778">
      <ele>1151.3</ele>
    </trkpt>
    <trkpt lat="42.221629" lon="-3.05552">
      <ele>1151.7</ele>
    </trkpt>
    <trkpt lat="42.221639" lon="-3.055369">
      <ele>1151.8</ele>
    </trkpt>
    <trkpt lat="42.221681" lon="-3.055197">
      <ele>1151.6</ele>
    </trkpt>
    <trkpt lat="42.221764" lon="-3.055057">
      <ele>1151.1</ele>
    </trkpt>
    <trkpt lat="42.222288" lon="-3.054769">
      <ele>1146.4</ele>
    </trkpt>
    <trkpt lat="42.222641" lon="-3.054531">
      <ele>1141.5</ele>
    </trkpt>
    <trkpt lat="42.222829" lon="-3.054357">
      <ele>1138.5</ele>
    </trkpt>
    <trkpt lat="42.223079" lon="-3.054056">
      <ele>1134.4</ele>
    </trkpt>
    <trkpt lat="42.223248" lon="-3.05366">
      <ele>1131.3</ele>
    </trkpt>
    <trkpt lat="42.223496" lon="-3.052729">
      <ele>1129.9</ele>
    </trkpt>
    <trkpt lat="42.223512" lon="-3.052489">
      <ele>1130.3</ele>
    </trkpt>
    <trkpt lat="42.223467" lon="-3.052315">
      <ele>1130.5</ele>
    </trkpt>
    <trkpt lat="42.223419" lon="-3.052252">
      <ele>1130.6</ele>
    </trkpt>
    <trkpt lat="42.223291" lon="-3.052186">
      <ele>1130.9</ele>
    </trkpt>
    <trkpt lat="42.222937" lon="-3.052161">
      <ele>1131.4</ele>
    </trkpt>
    <trkpt lat="42.222797" lon="-3.051951">
      <ele>1131.7</ele>
    </trkpt>
    <trkpt lat="42.22275" lon="-3.051763">
      <ele>1132</ele>
    </trkpt>
    <trkpt lat="42.222586" lon="-3.05138">
      <ele>1131.8</ele>
    </trkpt>
    <trkpt lat="42.222563" lon="-3.051253">
      <ele>1131.5</ele>
    </trkpt>
    <trkpt lat="42.222593" lon="-3.0511">
      <ele>1130.9</ele>
    </trkpt>
    <trkpt lat="42.222647" lon="-3.051003">
      <ele>1130.5</ele>
    </trkpt>
    <trkpt lat="42.223736" lon="-3.050185">
      <ele>1119.2</ele>
    </trkpt>
    <trkpt lat="42.223984" lon="-3.049981">
      <ele>1117.1</ele>
    </trkpt>
    <trkpt lat="42.224111" lon="-3.049825">
      <ele>1116.2</ele>
    </trkpt>
    <trkpt lat="42.224263" lon="-3.049526">
      <ele>1115</ele>
    </trkpt>
    <trkpt lat="42.224367" lon="-3.049171">
      <ele>1113.9</ele>
    </trkpt>
    <trkpt lat="42.224375" lon="-3.048959">
      <ele>1113.1</ele>
    </trkpt>
    <trkpt lat="42.224331" lon="-3.04847">
      <ele>1110.8</ele>
    </trkpt>
    <trkpt lat="42.224408" lon="-3.048232">
      <ele>1109.3</ele>
    </trkpt>
    <trkpt lat="42.224643" lon="-3.04786">
      <ele>1105.8</ele>
    </trkpt>
    <trkpt lat="42.2248" lon="-3.047703">
      <ele>1103.6</ele>
    </trkpt>
    <trkpt lat="42.224933" lon="-3.047597">
      <ele>1101.8</ele>
    </trkpt>
    <trkpt lat="42.225622" lon="-3.047213">
      <ele>1093</ele>
    </trkpt>
    <trkpt lat="42.225674" lon="-3.047109">
      <ele>1091.9</ele>
    </trkpt>
    <trkpt lat="42.225688" lon="-3.047001">
      <ele>1091</ele>
    </trkpt>
    <trkpt lat="42.225707" lon="-3.046321">
      <ele>1086.1</ele>
    </trkpt>
    <trkpt lat="42.225831" lon="-3.045904">
      <ele>1083.2</ele>
    </trkpt>
    <trkpt lat="42.22604" lon="-3.045513">
      <ele>1080.6</ele>
    </trkpt>
    <trkpt lat="42.226583" lon="-3.044958">
      <ele>1075.4</ele>
    </trkpt>
    <trkpt lat="42.226638" lon="-3.044815">
      <ele>1074.5</ele>
    </trkpt>
    <trkpt lat="42.22662" lon="-3.044717">
      <ele>1074</ele>
    </trkpt>
    <trkpt lat="42.226515" lon="-3.04463">
      <ele>1073.2</ele>
    </trkpt>
    <trkpt lat="42.225907" lon="-3.044482">
      <ele>1071</ele>
    </trkpt>
    <trkpt lat="42.225133" lon="-3.044452">
      <ele>1071</ele>
    </trkpt>
    <trkpt lat="42.224875" lon="-3.044482">
      <ele>1071.2</ele>
    </trkpt>
    <trkpt lat="42.224774" lon="-3.044453">
      <ele>1071.2</ele>
    </trkpt>
    <trkpt lat="42.22469" lon="-3.04435">
      <ele>1071.2</ele>
    </trkpt>
    <trkpt lat="42.224645" lon="-3.043996">
      <ele>1071.1</ele>
    </trkpt>
    <trkpt lat="42.224595" lon="-3.043841">
      <ele>1070.9</ele>
    </trkpt>
    <trkpt lat="42.224438" lon="-3.043713">
      <ele>1070.6</ele>
    </trkpt>
    <trkpt lat="42.224082" lon="-3.043594">
      <ele>1069.6</ele>
    </trkpt>
    <trkpt lat="42.223976" lon="-3.043524">
      <ele>1069.3</ele>
    </trkpt>
    <trkpt lat="42.223258" lon="-3.042694">
      <ele>1062.8</ele>
    </trkpt>
    <trkpt lat="42.2232" lon="-3.042591">
      <ele>1062</ele>
    </trkpt>
    <trkpt lat="42.223199" lon="-3.042411">
      <ele>1060.8</ele>
    </trkpt>
    <trkpt lat="42.223221" lon="-3.042364">
      <ele>1060.4</ele>
    </trkpt>
    <trkpt lat="42.223301" lon="-3.042299">
      <ele>1059.5</ele>
    </trkpt>
    <trkpt lat="42.223455" lon="-3.0423">
      <ele>1057.9</ele>
    </trkpt>
    <trkpt lat="42.22466" lon="-3.042868">
      <ele>1044.1</ele>
    </trkpt>
    <trkpt lat="42.225489" lon="-3.043158">
      <ele>1037.7</ele>
    </trkpt>
    <trkpt lat="42.225736" lon="-3.043218">
      <ele>1036.1</ele>
    </trkpt>
    <trkpt lat="42.226309" lon="-3.043261">
      <ele>1033.1</ele>
    </trkpt>
    <trkpt lat="42.226834" lon="-3.043187">
      <ele>1030.7</ele>
    </trkpt>
    <trkpt lat="42.227229" lon="-3.043198">
      <ele>1029.2</ele>
    </trkpt>
    <trkpt lat="42.22748" lon="-3.043217">
      <ele>1028.2</ele>
    </trkpt>
    <trkpt lat="42.227694" lon="-3.043303">
      <ele>1027.2</ele>
    </trkpt>
    <trkpt lat="42.228195" lon="-3.043351">
      <ele>1024.5</ele>
    </trkpt>
    <trkpt lat="42.228366" lon="-3.043426">
      <ele>1023.4</ele>
    </trkpt>
    <trkpt lat="42.229098" lon="-3.043915">
      <ele>1017.4</ele>
    </trkpt>
    <trkpt lat="42.229438" lon="-3.044076">
      <ele>1014.3</ele>
    </trkpt>
    <trkpt lat="42.229695" lon="-3.044084">
      <ele>1012</ele>
    </trkpt>
    <trkpt lat="42.230156" lon="-3.043967">
      <ele>1007.8</ele>
    </trkpt>
    <trkpt lat="42.230245" lon="-3.043977">
      <ele>1007</ele>
    </trkpt>
    <trkpt lat="42.230396" lon="-3.044089">
      <ele>1005.6</ele>
    </trkpt>
    <trkpt lat="42.23077" lon="-3.04448">
      <ele>1002.4</ele>
    </trkpt>
    <trkpt lat="42.231337" lon="-3.044937">
      <ele>999.4</ele>
    </trkpt>
    <trkpt lat="42.231435" lon="-3.045058">
      <ele>999</ele>
    </trkpt>
    <trkpt lat="42.231523" lon="-3.045092">
      <ele>998.7</ele>
    </trkpt>
    <trkpt lat="42.231575" lon="-3.045073">
      <ele>998.5</ele>
    </trkpt>
    <trkpt lat="42.231851" lon="-3.044732">
      <ele>997.5</ele>
    </trkpt>
    <trkpt lat="42.232177" lon="-3.044481">
      <ele>996.6</ele>
    </trkpt>
    <trkpt lat="42.233257" lon="-3.043491">
      <ele>992.4</ele>
    </trkpt>
    <trkpt lat="42.233486" lon="-3.043302">
      <ele>991.4</ele>
    </trkpt>
    <trkpt lat="42.233613" lon="-3.04323">
      <ele>990.9</ele>
    </trkpt>
    <trkpt lat="42.234303" lon="-3.04315">
      <ele>988.9</ele>
    </trkpt>
    <trkpt lat="42.234935" lon="-3.043218">
      <ele>988</ele>
    </trkpt>
    <trkpt lat="42.235587" lon="-3.043398">
      <ele>986.6</ele>
    </trkpt>
    <trkpt lat="42.235714" lon="-3.043402">
      <ele>986.2</ele>
    </trkpt>
    <trkpt lat="42.235957" lon="-3.043327">
      <ele>985.7</ele>
    </trkpt>
    <trkpt lat="42.23645" lon="-3.04304">
      <ele>984.4</ele>
    </trkpt>
    <trkpt lat="42.23679" lon="-3.043042">
      <ele>983.6</ele>
    </trkpt>
    <trkpt lat="42.237541" lon="-3.04337">
      <ele>982.2</ele>
    </trkpt>
    <trkpt lat="42.237964" lon="-3.043624">
      <ele>981.7</ele>
    </trkpt>
    <trkpt lat="42.23815" lon="-3.043658">
      <ele>981.3</ele>
    </trkpt>
    <trkpt lat="42.238414" lon="-3.043581">
      <ele>980.6</ele>
    </trkpt>
    <trkpt lat="42.23859" lon="-3.043489">
      <ele>979.9</ele>
    </trkpt>
    <trkpt lat="42.239105" lon="-3.043057">
      <ele>977.6</ele>
    </trkpt>
    <trkpt lat="42.23929" lon="-3.042919">
      <ele>976.6</ele>
    </trkpt>
    <trkpt lat="42.239424" lon="-3.04286">
      <ele>976</ele>
    </trkpt>
    <trkpt lat="42.239745" lon="-3.042788">
      <ele>974.6</ele>
    </trkpt>
    <trkpt lat="42.240452" lon="-3.042759">
      <ele>972.5</ele>
    </trkpt>
    <trkpt lat="42.240719" lon="-3.042668">
      <ele>972.1</ele>
    </trkpt>
    <trkpt lat="42.24098" lon="-3.042511">
      <ele>971.8</ele>
    </trkpt>
    <trkpt lat="42.241209" lon="-3.042093">
      <ele>971.3</ele>
    </trkpt>
    <trkpt lat="42.24131" lon="-3.041832">
      <ele>970.9</ele>
    </trkpt>
    <trkpt lat="42.241531" lon="-3.041051">
      <ele>969.5</ele>
    </trkpt>
    <trkpt lat="42.241742" lon="-3.040439">
      <ele>968</ele>
    </trkpt>
    <trkpt lat="42.24199" lon="-3.039717">
      <ele>966.1</ele>
    </trkpt>
    <trkpt lat="42.242036" lon="-3.039613">
      <ele>965.8</ele>
    </trkpt>
    <trkpt lat="42.242138" lon="-3.039464">
      <ele>965.4</ele>
    </trkpt>
    <trkpt lat="42.24248" lon="-3.039109">
      <ele>964.4</ele>
    </trkpt>
    <trkpt lat="42.24326" lon="-3.03859">
      <ele>961.8</ele>
    </trkpt>
    <trkpt lat="42.24361" lon="-3.03827">
      <ele>960.2</ele>
    </trkpt>
    <trkpt lat="42.243852" lon="-3.037993">
      <ele>958.8</ele>
    </trkpt>
    <trkpt lat="42.244069" lon="-3.037719">
      <ele>957.2</ele>
    </trkpt>
    <trkpt lat="42.244397" lon="-3.037323">
      <ele>955.2</ele>
    </trkpt>
    <trkpt lat="42.244473" lon="-3.037161">
      <ele>954.8</ele>
    </trkpt>
    <trkpt lat="42.244511" lon="-3.037054">
      <ele>954.6</ele>
    </trkpt>
    <trkpt lat="42.244705" lon="-3.036515">
      <ele>954</ele>
    </trkpt>
    <trkpt lat="42.244817" lon="-3.036317">
      <ele>954.2</ele>
    </trkpt>
    <trkpt lat="42.24503" lon="-3.036074">
      <ele>954.4</ele>
    </trkpt>
    <trkpt lat="42.245739" lon="-3.035381">
      <ele>955.4</ele>
    </trkpt>
    <trkpt lat="42.246998" lon="-3.034491">
      <ele>954.4</ele>
    </trkpt>
    <trkpt lat="42.247231" lon="-3.034388">
      <ele>953.8</ele>
    </trkpt>
    <trkpt lat="42.247557" lon="-3.034364">
      <ele>953.1</ele>
    </trkpt>
    <trkpt lat="42.24969" lon="-3.03438">
      <ele>946.3</ele>
    </trkpt>
    <trkpt lat="42.252217" lon="-3.03467">
      <ele>939.4</ele>
    </trkpt>
    <trkpt lat="42.25263" lon="-3.03467">
      <ele>938.5</ele>
    </trkpt>
    <trkpt lat="42.2549" lon="-3.03384">
      <ele>934.7</ele>
    </trkpt>
    <trkpt lat="42.255221" lon="-3.033807">
      <ele>934.6</ele>
    </trkpt>
    <trkpt lat="42.256785" lon="-3.033767">
      <ele>934.8</ele>
    </trkpt>
    <trkpt lat="42.25719" lon="-3.0339">
      <ele>934.2</ele>
    </trkpt>
    <trkpt lat="42.25797" lon="-3.03433">
      <ele>932</ele>
    </trkpt>
    <trkpt lat="42.25826" lon="-3.03441">
      <ele>931.1</ele>
    </trkpt>
    <trkpt lat="42.261718" lon="-3.034291">
      <ele>921.7</ele>
    </trkpt>
    <trkpt lat="42.26223" lon="-3.03425">
      <ele>920.6</ele>
    </trkpt>
    <trkpt lat="42.262386" lon="-3.034199">
      <ele>920.4</ele>
    </trkpt>
    <trkpt lat="42.26248" lon="-3.03416">
      <ele>920.3</ele>
    </trkpt>
    <trkpt lat="42.262861" lon="-3.03383">
      <ele>920.1</ele>
    </trkpt>
    <trkpt lat="42.263001" lon="-3.03371">
      <ele>920</ele>
    </trkpt>
    <trkpt lat="42.26322" lon="-3.03352">
      <ele>920.1</ele>
    </trkpt>
    <trkpt lat="42.26354" lon="-3.0333">
      <ele>920.3</ele>
    </trkpt>
    <trkpt lat="42.264906" lon="-3.032544">
      <ele>920.9</ele>
    </trkpt>
    <trkpt lat="42.265388" lon="-3.03232">
      <ele>920.5</ele>
    </trkpt>
    <trkpt lat="42.265577" lon="-3.03229">
      <ele>920.4</ele>
    </trkpt>
    <trkpt lat="42.266039" lon="-3.032323">
      <ele>920.4</ele>
    </trkpt>
    <trkpt lat="42.266354" lon="-3.032302">
      <ele>920.5</ele>
    </trkpt>
    <trkpt lat="42.266714" lon="-3.032233">
      <ele>920.8</ele>
    </trkpt>
    <trkpt lat="42.267087" lon="-3.032123">
      <ele>920.9</ele>
    </trkpt>
    <trkpt lat="42.267462" lon="-3.031838">
      <ele>920.6</ele>
    </trkpt>
    <trkpt lat="42.2678" lon="-3.031649">
      <ele>919.7</ele>
    </trkpt>
    <trkpt lat="42.268189" lon="-3.031495">
      <ele>918</ele>
    </trkpt>
    <trkpt lat="42.26853" lon="-3.0314">
      <ele>916.3</ele>
    </trkpt>
    <trkpt lat="42.268909" lon="-3.031362">
      <ele>914.2</ele>
    </trkpt>
    <trkpt lat="42.270061" lon="-3.03136">
      <ele>909.8</ele>
    </trkpt>
    <trkpt lat="42.27077" lon="-3.03151">
      <ele>909</ele>
    </trkpt>
    <trkpt lat="42.271248" lon="-3.031542">
      <ele>908.8</ele>
    </trkpt>
    <trkpt lat="42.271381" lon="-3.031531">
      <ele>908.8</ele>
    </trkpt>
    <trkpt lat="42.271732" lon="-3.031424">
      <ele>908.8</ele>
    </trkpt>
    <trkpt lat="42.272035" lon="-3.031389">
      <ele>908.9</ele>
    </trkpt>
    <trkpt lat="42.272495" lon="-3.031382">
      <ele>908.9</ele>
    </trkpt>
    <trkpt lat="42.272674" lon="-3.0314">
      <ele>908.9</ele>
    </trkpt>
    <trkpt lat="42.273257" lon="-3.031571">
      <ele>909.1</ele>
    </trkpt>
    <trkpt lat="42.273462" lon="-3.031605">
      <ele>909.2</ele>
    </trkpt>
    <trkpt lat="42.273873" lon="-3.031582">
      <ele>909.1</ele>
    </trkpt>
    <trkpt lat="42.27429" lon="-3.0315">
      <ele>908.8</ele>
    </trkpt>
    <trkpt lat="42.275157" lon="-3.030881">
      <ele>906</ele>
    </trkpt>
    <trkpt lat="42.276007" lon="-3.030485">
      <ele>902.3</ele>
    </trkpt>
    <trkpt lat="42.276279" lon="-3.030325">
      <ele>901.4</ele>
    </trkpt>
    <trkpt lat="42.2767" lon="-3.02998">
      <ele>900.3</ele>
    </trkpt>
    <trkpt lat="42.277198" lon="-3.029353">
      <ele>899.1</ele>
    </trkpt>
    <trkpt lat="42.27787" lon="-3.02878">
      <ele>896.6</ele>
    </trkpt>
    <trkpt lat="42.278171" lon="-3.028619">
      <ele>895.4</ele>
    </trkpt>
    <trkpt lat="42.278411" lon="-3.028547">
      <ele>894.5</ele>
    </trkpt>
    <trkpt lat="42.27892" lon="-3.028549">
      <ele>892.9</ele>
    </trkpt>
    <trkpt lat="42.27904" lon="-3.02849">
      <ele>892.6</ele>
    </trkpt>
    <trkpt lat="42.27915" lon="-3.02841">
      <ele>892.2</ele>
    </trkpt>
    <trkpt lat="42.279488" lon="-3.027904">
      <ele>891.5</ele>
    </trkpt>
    <trkpt lat="42.279591" lon="-3.02781">
      <ele>891.3</ele>
    </trkpt>
    <trkpt lat="42.28002" lon="-3.027559">
      <ele>890.3</ele>
    </trkpt>
    <trkpt lat="42.280426" lon="-3.027421">
      <ele>889</ele>
    </trkpt>
    <trkpt lat="42.281035" lon="-3.027516">
      <ele>887.5</ele>
    </trkpt>
    <trkpt lat="42.28134" lon="-3.02747">
      <ele>887.1</ele>
    </trkpt>
    <trkpt lat="42.281891" lon="-3.027309">
      <ele>886.9</ele>
    </trkpt>
    <trkpt lat="42.282063" lon="-3.027259">
      <ele>887.2</ele>
    </trkpt>
    <trkpt lat="42.28278" lon="-3.027015">
      <ele>889</ele>
    </trkpt>
    <trkpt lat="42.2832" lon="-3.02691">
      <ele>889.5</ele>
    </trkpt>
    <trkpt lat="42.283594" lon="-3.026727">
      <ele>889</ele>
    </trkpt>
    <trkpt lat="42.284018" lon="-3.026604">
      <ele>887.7</ele>
    </trkpt>
    <trkpt lat="42.284171" lon="-3.026596">
      <ele>887</ele>
    </trkpt>
    <trkpt lat="42.284835" lon="-3.02666">
      <ele>883.4</ele>
    </trkpt>
    <trkpt lat="42.286181" lon="-3.02648">
      <ele>877.1</ele>
    </trkpt>
    <trkpt lat="42.287853" lon="-3.026457">
      <ele>873.4</ele>
    </trkpt>
    <trkpt lat="42.288104" lon="-3.02637">
      <ele>872.9</ele>
    </trkpt>
    <trkpt lat="42.288926" lon="-3.025998">
      <ele>871.5</ele>
    </trkpt>
    <trkpt lat="42.289807" lon="-3.025878">
      <ele>870.1</ele>
    </trkpt>
    <trkpt lat="42.290136" lon="-3.025785">
      <ele>869.5</ele>
    </trkpt>
    <trkpt lat="42.291195" lon="-3.025329">
      <ele>867.7</ele>
    </trkpt>
    <trkpt lat="42.291471" lon="-3.02527">
      <ele>867.3</ele>
    </trkpt>
    <trkpt lat="42.292492" lon="-3.025149">
      <ele>865.9</ele>
    </trkpt>
    <trkpt lat="42.293641" lon="-3.024827">
      <ele>864.2</ele>
    </trkpt>
    <trkpt lat="42.293836" lon="-3.024801">
      <ele>863.9</ele>
    </trkpt>
    <trkpt lat="42.293999" lon="-3.024788">
      <ele>863.6</ele>
    </trkpt>
    <trkpt lat="42.295718" lon="-3.025028">
      <ele>859.8</ele>
    </trkpt>
    <trkpt lat="42.29782" lon="-3.025338">
      <ele>855.7</ele>
    </trkpt>
    <trkpt lat="42.29815" lon="-3.025363">
      <ele>855.4</ele>
    </trkpt>
    <trkpt lat="42.29951" lon="-3.025265">
      <ele>855.3</ele>
    </trkpt>
    <trkpt lat="42.300393" lon="-3.02506">
      <ele>855.1</ele>
    </trkpt>
    <trkpt lat="42.300778" lon="-3.024926">
      <ele>854.7</ele>
    </trkpt>
    <trkpt lat="42.301027" lon="-3.024773">
      <ele>854.3</ele>
    </trkpt>
    <trkpt lat="42.302167" lon="-3.023878">
      <ele>851</ele>
    </trkpt>
    <trkpt lat="42.303485" lon="-3.023196">
      <ele>847.5</ele>
    </trkpt>
    <trkpt lat="42.304262" lon="-3.02262">
      <ele>845.8</ele>
    </trkpt>
    <trkpt lat="42.304797" lon="-3.02219">
      <ele>845.1</ele>
    </trkpt>
    <trkpt lat="42.304925" lon="-3.022047">
      <ele>844.9</ele>
    </trkpt>
    <trkpt lat="42.305096" lon="-3.021788">
      <ele>844.8</ele>
    </trkpt>
    <trkpt lat="42.305214" lon="-3.021626">
      <ele>844.6</ele>
    </trkpt>
    <trkpt lat="42.305317" lon="-3.021485">
      <ele>844.5</ele>
    </trkpt>
    <trkpt lat="42.305588" lon="-3.021156">
      <ele>844.2</ele>
    </trkpt>
    <trkpt lat="42.305824" lon="-3.020946">
      <ele>844</ele>
    </trkpt>
    <trkpt lat="42.305881" lon="-3.020923">
      <ele>843.9</ele>
    </trkpt>
    <trkpt lat="42.306517" lon="-3.020326">
      <ele>843.1</ele>
    </trkpt>
    <trkpt lat="42.307577" lon="-3.019327">
      <ele>841.4</ele>
    </trkpt>
    <trkpt lat="42.308646" lon="-3.018376">
      <ele>838.8</ele>
    </trkpt>
    <trkpt lat="42.310097" lon="-3.017159">
      <ele>834.8</ele>
    </trkpt>
    <trkpt lat="42.310255" lon="-3.017049">
      <ele>834.4</ele>
    </trkpt>
    <trkpt lat="42.31076" lon="-3.016834">
      <ele>833.3</ele>
    </trkpt>
    <trkpt lat="42.31129" lon="-3.016538">
      <ele>832.3</ele>
    </trkpt>
    <trkpt lat="42.31224" lon="-3.015886">
      <ele>830.3</ele>
    </trkpt>
    <trkpt lat="42.312462" lon="-3.015776">
      <ele>829.9</ele>
    </trkpt>
    <trkpt lat="42.313041" lon="-3.015561">
      <ele>829.1</ele>
    </trkpt>
    <trkpt lat="42.313269" lon="-3.015477">
      <ele>828.8</ele>
    </trkpt>
    <trkpt lat="42.313609" lon="-3.015345">
      <ele>828.6</ele>
    </trkpt>
    <trkpt lat="42.313816" lon="-3.01521">
      <ele>828.4</ele>
    </trkpt>
    <trkpt lat="42.313948" lon="-3.015122">
      <ele>828.4</ele>
    </trkpt>
    <trkpt lat="42.314673" lon="-3.014537">
      <ele>828</ele>
    </trkpt>
    <trkpt lat="42.315885" lon="-3.013434">
      <ele>826.4</ele>
    </trkpt>
    <trkpt lat="42.316087" lon="-3.013283">
      <ele>826.2</ele>
    </trkpt>
    <trkpt lat="42.316812" lon="-3.01288">
      <ele>825.4</ele>
    </trkpt>
    <trkpt lat="42.317681" lon="-3.01243">
      <ele>824.6</ele>
    </trkpt>
    <trkpt lat="42.317947" lon="-3.012328">
      <ele>824.3</ele>
    </trkpt>
    <trkpt lat="42.318435" lon="-3.012242">
      <ele>823.8</ele>
    </trkpt>
    <trkpt lat="42.318838" lon="-3.012214">
      <ele>823.5</ele>
    </trkpt>
    <trkpt lat="42.319117" lon="-3.012247">
      <ele>823.4</ele>
    </trkpt>
    <trkpt lat="42.31931" lon="-3.012299">
      <ele>823.4</ele>
    </trkpt>
    <trkpt lat="42.319987" lon="-3.01264">
      <ele>822.3</ele>
    </trkpt>
    <trkpt lat="42.320298" lon="-3.012786">
      <ele>822</ele>
    </trkpt>
    <trkpt lat="42.320435" lon="-3.012796">
      <ele>822.1</ele>
    </trkpt>
    <trkpt lat="42.320745" lon="-3.012681">
      <ele>822.4</ele>
    </trkpt>
    <trkpt lat="42.320907" lon="-3.012531">
      <ele>822.7</ele>
    </trkpt>
    <trkpt lat="42.321777" lon="-3.011685">
      <ele>823.9</ele>
    </trkpt>
    <trkpt lat="42.321957" lon="-3.011571">
      <ele>824.2</ele>
    </trkpt>
    <trkpt lat="42.32273" lon="-3.01138">
      <ele>824.2</ele>
    </trkpt>
    <trkpt lat="42.32311" lon="-3.01122">
      <ele>823.4</ele>
    </trkpt>
    <trkpt lat="42.323494" lon="-3.01113">
      <ele>823</ele>
    </trkpt>
    <trkpt lat="42.323729" lon="-3.01112">
      <ele>822.6</ele>
    </trkpt>
    <trkpt lat="42.323928" lon="-3.011051">
      <ele>822.2</ele>
    </trkpt>
    <trkpt lat="42.324155" lon="-3.010924">
      <ele>821.6</ele>
    </trkpt>
    <trkpt lat="42.32444" lon="-3.010865">
      <ele>820.7</ele>
    </trkpt>
    <trkpt lat="42.324527" lon="-3.010848">
      <ele>820.4</ele>
    </trkpt>
    <trkpt lat="42.324666" lon="-3.010821">
      <ele>819.9</ele>
    </trkpt>
    <trkpt lat="42.32521" lon="-3.01058">
      <ele>817.4</ele>
    </trkpt>
    <trkpt lat="42.3268" lon="-3.009826">
      <ele>809.5</ele>
    </trkpt>
    <trkpt lat="42.326805" lon="-3.010274">
      <ele>809</ele>
    </trkpt>
    <trkpt lat="42.326809" lon="-3.010944">
      <ele>808.8</ele>
    </trkpt>
    <trkpt lat="42.326813" lon="-3.011662">
      <ele>809.2</ele>
    </trkpt>
    <trkpt lat="42.326813" lon="-3.011773">
      <ele>809.3</ele>
    </trkpt>
    <trkpt lat="42.326812" lon="-3.011973">
      <ele>809.4</ele>
    </trkpt>
    <trkpt lat="42.326813" lon="-3.012366">
      <ele>809.8</ele>
    </trkpt>
    <trkpt lat="42.326809" lon="-3.012782">
      <ele>810.1</ele>
    </trkpt>
    <trkpt lat="42.326807" lon="-3.013333">
      <ele>810.1</ele>
    </trkpt>
    <trkpt lat="42.326814" lon="-3.013922">
      <ele>809.7</ele>
    </trkpt>
    <trkpt lat="42.326947" lon="-3.013918">
      <ele>809.6</ele>
    </trkpt>
    <trkpt lat="42.327652" lon="-3.014066">
      <ele>809.1</ele>
    </trkpt>
    <trkpt lat="42.328248" lon="-3.013957">
      <ele>808.5</ele>
    </trkpt>
    <trkpt lat="42.328667" lon="-3.013871">
      <ele>808.2</ele>
    </trkpt>
    <trkpt lat="42.328675" lon="-3.014101">
      <ele>808.2</ele>
    </trkpt>
    </trkseg>
  </trk>
</gpx>
