<?xml version="1.0" encoding="UTF-8"?>
<gpx version="1.1" creator="fitAI Komoot downloader" xmlns="http://www.topografix.com/GPX/1/1">
  <metadata>
    <name>Alto de San Antón y Vista de Navarrete - Recorrido circular desde Santo Domingo de la Calzada</name>
    <desc>228 visitas · Dificultad: difficult · Distancia: 85.6 km · Desnivel +: 1045 m</desc>
    <link href="https://www.komoot.com/smarttour/e10470877"><text>Komoot</text></link>
  </metadata>
  <trk>
    <name>Alto de San Antón y Vista de Navarrete - Recorrido circular desde Santo Domingo de la Calzada</name>
    <type>mtb</type>
    <trkseg>
    <trkpt lat="42.438507" lon="-2.951783">
      <ele>642.6</ele>
    </trkpt>
    <trkpt lat="42.438507" lon="-2.952079">
      <ele>642.4</ele>
    </trkpt>
    <trkpt lat="42.43838" lon="-2.952067">
      <ele>642.2</ele>
    </trkpt>
    <trkpt lat="42.43838" lon="-2.951445">
      <ele>641.1</ele>
    </trkpt>
    <trkpt lat="42.43838" lon="-2.951383">
      <ele>641</ele>
    </trkpt>
    <trkpt lat="42.438479" lon="-2.951392">
      <ele>640.7</ele>
    </trkpt>
    <trkpt lat="42.438484" lon="-2.951267">
      <ele>640.4</ele>
    </trkpt>
    <trkpt lat="42.438503" lon="-2.95069">
      <ele>639.3</ele>
    </trkpt>
    <trkpt lat="42.438515" lon="-2.950447">
      <ele>639</ele>
    </trkpt>
    <trkpt lat="42.438565" lon="-2.95031">
      <ele>638.8</ele>
    </trkpt>
    <trkpt lat="42.43873" lon="-2.950127">
      <ele>638.5</ele>
    </trkpt>
    <trkpt lat="42.438878" lon="-2.950051">
      <ele>638.2</ele>
    </trkpt>
    <trkpt lat="42.439128" lon="-2.950039">
      <ele>637.8</ele>
    </trkpt>
    <trkpt lat="42.439146" lon="-2.95004">
      <ele>637.8</ele>
    </trkpt>
    <trkpt lat="42.439211" lon="-2.950052">
      <ele>637.7</ele>
    </trkpt>
    <trkpt lat="42.439226" lon="-2.948928">
      <ele>637.6</ele>
    </trkpt>
    <trkpt lat="42.439233" lon="-2.948558">
      <ele>637.7</ele>
    </trkpt>
    <trkpt lat="42.43925" lon="-2.946736">
      <ele>637.4</ele>
    </trkpt>
    <trkpt lat="42.439252" lon="-2.946694">
      <ele>637.3</ele>
    </trkpt>
    <trkpt lat="42.439254" lon="-2.94663">
      <ele>637.3</ele>
    </trkpt>
    <trkpt lat="42.439256" lon="-2.946488">
      <ele>637.3</ele>
    </trkpt>
    <trkpt lat="42.439265" lon="-2.945972">
      <ele>637.1</ele>
    </trkpt>
    <trkpt lat="42.439264" lon="-2.945821">
      <ele>637.1</ele>
    </trkpt>
    <trkpt lat="42.439251" lon="-2.945166">
      <ele>636.8</ele>
    </trkpt>
    <trkpt lat="42.439251" lon="-2.945094">
      <ele>636.8</ele>
    </trkpt>
    <trkpt lat="42.439254" lon="-2.944771">
      <ele>636.6</ele>
    </trkpt>
    <trkpt lat="42.439152" lon="-2.944196">
      <ele>636.2</ele>
    </trkpt>
    <trkpt lat="42.439113" lon="-2.943928">
      <ele>636</ele>
    </trkpt>
    <trkpt lat="42.4391" lon="-2.943874">
      <ele>636</ele>
    </trkpt>
    <trkpt lat="42.439133" lon="-2.943739">
      <ele>635.9</ele>
    </trkpt>
    <trkpt lat="42.439204" lon="-2.943692">
      <ele>635.9</ele>
    </trkpt>
    <trkpt lat="42.439219" lon="-2.943689">
      <ele>635.8</ele>
    </trkpt>
    <trkpt lat="42.439285" lon="-2.943495">
      <ele>635.7</ele>
    </trkpt>
    <trkpt lat="42.439313" lon="-2.943054">
      <ele>635.4</ele>
    </trkpt>
    <trkpt lat="42.43932" lon="-2.942595">
      <ele>634.9</ele>
    </trkpt>
    <trkpt lat="42.439326" lon="-2.942221">
      <ele>634.6</ele>
    </trkpt>
    <trkpt lat="42.439385" lon="-2.9386">
      <ele>632.1</ele>
    </trkpt>
    <trkpt lat="42.439395" lon="-2.938003">
      <ele>631.8</ele>
    </trkpt>
    <trkpt lat="42.439397" lon="-2.937882">
      <ele>631.8</ele>
    </trkpt>
    <trkpt lat="42.439424" lon="-2.936574">
      <ele>631</ele>
    </trkpt>
    <trkpt lat="42.439431" lon="-2.936182">
      <ele>630.7</ele>
    </trkpt>
    <trkpt lat="42.439443" lon="-2.935511">
      <ele>630.2</ele>
    </trkpt>
    <trkpt lat="42.439458" lon="-2.93462">
      <ele>629.8</ele>
    </trkpt>
    <trkpt lat="42.439462" lon="-2.934414">
      <ele>629.7</ele>
    </trkpt>
    <trkpt lat="42.439472" lon="-2.933736">
      <ele>629.5</ele>
    </trkpt>
    <trkpt lat="42.439483" lon="-2.933084">
      <ele>629.3</ele>
    </trkpt>
    <trkpt lat="42.439487" lon="-2.932853">
      <ele>629.2</ele>
    </trkpt>
    <trkpt lat="42.439558" lon="-2.928741">
      <ele>626.7</ele>
    </trkpt>
    <trkpt lat="42.439582" lon="-2.927426">
      <ele>627.3</ele>
    </trkpt>
    <trkpt lat="42.439583" lon="-2.927324">
      <ele>627.4</ele>
    </trkpt>
    <trkpt lat="42.439625" lon="-2.925381">
      <ele>629.7</ele>
    </trkpt>
    <trkpt lat="42.439669" lon="-2.922777">
      <ele>632.9</ele>
    </trkpt>
    <trkpt lat="42.439708" lon="-2.920757">
      <ele>634.5</ele>
    </trkpt>
    <trkpt lat="42.43951" lon="-2.92067">
      <ele>634.8</ele>
    </trkpt>
    <trkpt lat="42.439415" lon="-2.920476">
      <ele>635</ele>
    </trkpt>
    <trkpt lat="42.439548" lon="-2.917063">
      <ele>639.4</ele>
    </trkpt>
    <trkpt lat="42.43947" lon="-2.916378">
      <ele>640.5</ele>
    </trkpt>
    <trkpt lat="42.439312" lon="-2.915477">
      <ele>642.1</ele>
    </trkpt>
    <trkpt lat="42.439127" lon="-2.914022">
      <ele>644.9</ele>
    </trkpt>
    <trkpt lat="42.439074" lon="-2.912623">
      <ele>647.1</ele>
    </trkpt>
    <trkpt lat="42.439177" lon="-2.910692">
      <ele>649.3</ele>
    </trkpt>
    <trkpt lat="42.439484" lon="-2.908952">
      <ele>650.6</ele>
    </trkpt>
    <trkpt lat="42.439721" lon="-2.907321">
      <ele>651.5</ele>
    </trkpt>
    <trkpt lat="42.439755" lon="-2.906025">
      <ele>652.1</ele>
    </trkpt>
    <trkpt lat="42.439793" lon="-2.900594">
      <ele>654.2</ele>
    </trkpt>
    <trkpt lat="42.439985" lon="-2.899362">
      <ele>654.3</ele>
    </trkpt>
    <trkpt lat="42.440064" lon="-2.898665">
      <ele>654.4</ele>
    </trkpt>
    <trkpt lat="42.440022" lon="-2.897205">
      <ele>654.5</ele>
    </trkpt>
    <trkpt lat="42.439866" lon="-2.89653">
      <ele>654.5</ele>
    </trkpt>
    <trkpt lat="42.43943" lon="-2.895285">
      <ele>654.1</ele>
    </trkpt>
    <trkpt lat="42.439362" lon="-2.89497">
      <ele>654</ele>
    </trkpt>
    <trkpt lat="42.439371" lon="-2.894815">
      <ele>653.9</ele>
    </trkpt>
    <trkpt lat="42.439319" lon="-2.894789">
      <ele>653.9</ele>
    </trkpt>
    <trkpt lat="42.43926" lon="-2.894734">
      <ele>653.8</ele>
    </trkpt>
    <trkpt lat="42.439183" lon="-2.894574">
      <ele>653.8</ele>
    </trkpt>
    <trkpt lat="42.439169" lon="-2.894472">
      <ele>653.7</ele>
    </trkpt>
    <trkpt lat="42.439199" lon="-2.89429">
      <ele>653.7</ele>
    </trkpt>
    <trkpt lat="42.439238" lon="-2.894213">
      <ele>653.7</ele>
    </trkpt>
    <trkpt lat="42.439168" lon="-2.89397">
      <ele>653.7</ele>
    </trkpt>
    <trkpt lat="42.439179" lon="-2.893825">
      <ele>653.7</ele>
    </trkpt>
    <trkpt lat="42.439259" lon="-2.893696">
      <ele>653.7</ele>
    </trkpt>
    <trkpt lat="42.439391" lon="-2.893595">
      <ele>653.8</ele>
    </trkpt>
    <trkpt lat="42.43948" lon="-2.893417">
      <ele>653.9</ele>
    </trkpt>
    <trkpt lat="42.439817" lon="-2.892151">
      <ele>656.1</ele>
    </trkpt>
    <trkpt lat="42.439936" lon="-2.891325">
      <ele>659</ele>
    </trkpt>
    <trkpt lat="42.439961" lon="-2.890849">
      <ele>660.8</ele>
    </trkpt>
    <trkpt lat="42.439908" lon="-2.890209">
      <ele>663</ele>
    </trkpt>
    <trkpt lat="42.439874" lon="-2.889867">
      <ele>664</ele>
    </trkpt>
    <trkpt lat="42.439813" lon="-2.886851">
      <ele>666.1</ele>
    </trkpt>
    <trkpt lat="42.439743" lon="-2.88565">
      <ele>666.2</ele>
    </trkpt>
    <trkpt lat="42.439645" lon="-2.884454">
      <ele>666.6</ele>
    </trkpt>
    <trkpt lat="42.43951" lon="-2.883263">
      <ele>668.1</ele>
    </trkpt>
    <trkpt lat="42.4391" lon="-2.880285">
      <ele>674.7</ele>
    </trkpt>
    <trkpt lat="42.438983" lon="-2.879079">
      <ele>675.3</ele>
    </trkpt>
    <trkpt lat="42.43891" lon="-2.877916">
      <ele>674.6</ele>
    </trkpt>
    <trkpt lat="42.436678" lon="-2.875738">
      <ele>671.8</ele>
    </trkpt>
    <trkpt lat="42.436413" lon="-2.875415">
      <ele>670.7</ele>
    </trkpt>
    <trkpt lat="42.43632" lon="-2.875027">
      <ele>669.3</ele>
    </trkpt>
    <trkpt lat="42.436291" lon="-2.87436">
      <ele>666</ele>
    </trkpt>
    <trkpt lat="42.436327" lon="-2.873449">
      <ele>659.7</ele>
    </trkpt>
    <trkpt lat="42.436298" lon="-2.872926">
      <ele>655.3</ele>
    </trkpt>
    <trkpt lat="42.436191" lon="-2.872438">
      <ele>650.7</ele>
    </trkpt>
    <trkpt lat="42.435309" lon="-2.870611">
      <ele>630.5</ele>
    </trkpt>
    <trkpt lat="42.434873" lon="-2.869976">
      <ele>623.7</ele>
    </trkpt>
    <trkpt lat="42.434084" lon="-2.866445">
      <ele>604.2</ele>
    </trkpt>
    <trkpt lat="42.434014" lon="-2.866063">
      <ele>602.9</ele>
    </trkpt>
    <trkpt lat="42.434584" lon="-2.865371">
      <ele>600.6</ele>
    </trkpt>
    <trkpt lat="42.435644" lon="-2.864167">
      <ele>599</ele>
    </trkpt>
    <trkpt lat="42.435751" lon="-2.86395">
      <ele>598.9</ele>
    </trkpt>
    <trkpt lat="42.436447" lon="-2.861749">
      <ele>596.8</ele>
    </trkpt>
    <trkpt lat="42.436774" lon="-2.860685">
      <ele>595.9</ele>
    </trkpt>
    <trkpt lat="42.4368" lon="-2.860457">
      <ele>595.7</ele>
    </trkpt>
    <trkpt lat="42.436563" lon="-2.857955">
      <ele>592.1</ele>
    </trkpt>
    <trkpt lat="42.436141" lon="-2.855955">
      <ele>586.7</ele>
    </trkpt>
    <trkpt lat="42.436134" lon="-2.855542">
      <ele>585.8</ele>
    </trkpt>
    <trkpt lat="42.43658" lon="-2.85276">
      <ele>583.3</ele>
    </trkpt>
    <trkpt lat="42.437104" lon="-2.850055">
      <ele>581.6</ele>
    </trkpt>
    <trkpt lat="42.437309" lon="-2.849056">
      <ele>579.8</ele>
    </trkpt>
    <trkpt lat="42.436023" lon="-2.848927">
      <ele>574.3</ele>
    </trkpt>
    <trkpt lat="42.434741" lon="-2.841051">
      <ele>563.1</ele>
    </trkpt>
    <trkpt lat="42.434208" lon="-2.838558">
      <ele>560.3</ele>
    </trkpt>
    <trkpt lat="42.43409" lon="-2.837725">
      <ele>559.5</ele>
    </trkpt>
    <trkpt lat="42.434028" lon="-2.836655">
      <ele>558.6</ele>
    </trkpt>
    <trkpt lat="42.43391" lon="-2.834603">
      <ele>557.9</ele>
    </trkpt>
    <trkpt lat="42.433732" lon="-2.834155">
      <ele>557.8</ele>
    </trkpt>
    <trkpt lat="42.433608" lon="-2.833932">
      <ele>557.7</ele>
    </trkpt>
    <trkpt lat="42.433637" lon="-2.833824">
      <ele>557.7</ele>
    </trkpt>
    <trkpt lat="42.433901" lon="-2.833343">
      <ele>557.5</ele>
    </trkpt>
    <trkpt lat="42.434158" lon="-2.832842">
      <ele>557.2</ele>
    </trkpt>
    <trkpt lat="42.434206" lon="-2.832521">
      <ele>556.9</ele>
    </trkpt>
    <trkpt lat="42.434247" lon="-2.831352">
      <ele>555.6</ele>
    </trkpt>
    <trkpt lat="42.43415" lon="-2.830486">
      <ele>554.7</ele>
    </trkpt>
    <trkpt lat="42.434123" lon="-2.829505">
      <ele>553.9</ele>
    </trkpt>
    <trkpt lat="42.434146" lon="-2.828949">
      <ele>553.6</ele>
    </trkpt>
    <trkpt lat="42.434128" lon="-2.82859">
      <ele>553.4</ele>
    </trkpt>
    <trkpt lat="42.434004" lon="-2.827727">
      <ele>552.7</ele>
    </trkpt>
    <trkpt lat="42.433673" lon="-2.823247">
      <ele>547.2</ele>
    </trkpt>
    <trkpt lat="42.433295" lon="-2.820669">
      <ele>546.7</ele>
    </trkpt>
    <trkpt lat="42.432504" lon="-2.821173">
      <ele>549.1</ele>
    </trkpt>
    <trkpt lat="42.432419" lon="-2.820954">
      <ele>550</ele>
    </trkpt>
    <trkpt lat="42.432141" lon="-2.820432">
      <ele>552.9</ele>
    </trkpt>
    <trkpt lat="42.431974" lon="-2.820197">
      <ele>554.7</ele>
    </trkpt>
    <trkpt lat="42.431477" lon="-2.819564">
      <ele>560.1</ele>
    </trkpt>
    <trkpt lat="42.431258" lon="-2.819322">
      <ele>562.2</ele>
    </trkpt>
    <trkpt lat="42.431096" lon="-2.819186">
      <ele>563.5</ele>
    </trkpt>
    <trkpt lat="42.430356" lon="-2.818595">
      <ele>567.1</ele>
    </trkpt>
    <trkpt lat="42.429851" lon="-2.817961">
      <ele>566.9</ele>
    </trkpt>
    <trkpt lat="42.429701" lon="-2.817726">
      <ele>566.4</ele>
    </trkpt>
    <trkpt lat="42.42969" lon="-2.817611">
      <ele>566.2</ele>
    </trkpt>
    <trkpt lat="42.429593" lon="-2.817504">
      <ele>565.9</ele>
    </trkpt>
    <trkpt lat="42.429536" lon="-2.817394">
      <ele>565.6</ele>
    </trkpt>
    <trkpt lat="42.429284" lon="-2.816683">
      <ele>563.8</ele>
    </trkpt>
    <trkpt lat="42.429037" lon="-2.815854">
      <ele>561.7</ele>
    </trkpt>
    <trkpt lat="42.428787" lon="-2.815186">
      <ele>560.2</ele>
    </trkpt>
    <trkpt lat="42.428646" lon="-2.81464">
      <ele>559.1</ele>
    </trkpt>
    <trkpt lat="42.428565" lon="-2.814215">
      <ele>558.1</ele>
    </trkpt>
    <trkpt lat="42.4283" lon="-2.813344">
      <ele>555.7</ele>
    </trkpt>
    <trkpt lat="42.428015" lon="-2.812593">
      <ele>553.3</ele>
    </trkpt>
    <trkpt lat="42.427188" lon="-2.81079">
      <ele>547.5</ele>
    </trkpt>
    <trkpt lat="42.426711" lon="-2.809199">
      <ele>544.5</ele>
    </trkpt>
    <trkpt lat="42.426251" lon="-2.807487">
      <ele>542.2</ele>
    </trkpt>
    <trkpt lat="42.426162" lon="-2.806899">
      <ele>541.6</ele>
    </trkpt>
    <trkpt lat="42.425806" lon="-2.803634">
      <ele>538.4</ele>
    </trkpt>
    <trkpt lat="42.424951" lon="-2.802823">
      <ele>539.9</ele>
    </trkpt>
    <trkpt lat="42.42484" lon="-2.802721">
      <ele>540.4</ele>
    </trkpt>
    <trkpt lat="42.424793" lon="-2.802677">
      <ele>540.6</ele>
    </trkpt>
    <trkpt lat="42.424595" lon="-2.802536">
      <ele>541.6</ele>
    </trkpt>
    <trkpt lat="42.424548" lon="-2.802533">
      <ele>541.8</ele>
    </trkpt>
    <trkpt lat="42.424594" lon="-2.802205">
      <ele>543.2</ele>
    </trkpt>
    <trkpt lat="42.424419" lon="-2.801502">
      <ele>546.3</ele>
    </trkpt>
    <trkpt lat="42.424318" lon="-2.801232">
      <ele>547.3</ele>
    </trkpt>
    <trkpt lat="42.424186" lon="-2.800935">
      <ele>548.5</ele>
    </trkpt>
    <trkpt lat="42.424095" lon="-2.800731">
      <ele>549.2</ele>
    </trkpt>
    <trkpt lat="42.424053" lon="-2.800619">
      <ele>549.6</ele>
    </trkpt>
    <trkpt lat="42.423834" lon="-2.799972">
      <ele>551.2</ele>
    </trkpt>
    <trkpt lat="42.42332" lon="-2.798703">
      <ele>550.7</ele>
    </trkpt>
    <trkpt lat="42.42328" lon="-2.798568">
      <ele>550.5</ele>
    </trkpt>
    <trkpt lat="42.423045" lon="-2.797494">
      <ele>548.4</ele>
    </trkpt>
    <trkpt lat="42.422674" lon="-2.795325">
      <ele>543.1</ele>
    </trkpt>
    <trkpt lat="42.422649" lon="-2.795195">
      <ele>542.9</ele>
    </trkpt>
    <trkpt lat="42.422607" lon="-2.794954">
      <ele>542.6</ele>
    </trkpt>
    <trkpt lat="42.422348" lon="-2.793509">
      <ele>542.1</ele>
    </trkpt>
    <trkpt lat="42.422241" lon="-2.79311">
      <ele>542.3</ele>
    </trkpt>
    <trkpt lat="42.422146" lon="-2.792851">
      <ele>542.5</ele>
    </trkpt>
    <trkpt lat="42.421477" lon="-2.790876">
      <ele>544</ele>
    </trkpt>
    <trkpt lat="42.420966" lon="-2.789672">
      <ele>545.1</ele>
    </trkpt>
    <trkpt lat="42.420806" lon="-2.789233">
      <ele>545</ele>
    </trkpt>
    <trkpt lat="42.420744" lon="-2.789047">
      <ele>544.9</ele>
    </trkpt>
    <trkpt lat="42.420722" lon="-2.78884">
      <ele>544.7</ele>
    </trkpt>
    <trkpt lat="42.420645" lon="-2.787018">
      <ele>541.1</ele>
    </trkpt>
    <trkpt lat="42.420524" lon="-2.785505">
      <ele>539.3</ele>
    </trkpt>
    <trkpt lat="42.420294" lon="-2.783694">
      <ele>542.1</ele>
    </trkpt>
    <trkpt lat="42.420228" lon="-2.783186">
      <ele>543.3</ele>
    </trkpt>
    <trkpt lat="42.420205" lon="-2.782566">
      <ele>544.8</ele>
    </trkpt>
    <trkpt lat="42.420209" lon="-2.780831">
      <ele>547.3</ele>
    </trkpt>
    <trkpt lat="42.419923" lon="-2.779597">
      <ele>547.7</ele>
    </trkpt>
    <trkpt lat="42.419801" lon="-2.778088">
      <ele>547.1</ele>
    </trkpt>
    <trkpt lat="42.419554" lon="-2.776869">
      <ele>545.8</ele>
    </trkpt>
    <trkpt lat="42.419361" lon="-2.775854">
      <ele>544.6</ele>
    </trkpt>
    <trkpt lat="42.418839" lon="-2.77393">
      <ele>542.9</ele>
    </trkpt>
    <trkpt lat="42.418438" lon="-2.772332">
      <ele>543.5</ele>
    </trkpt>
    <trkpt lat="42.418416" lon="-2.772241">
      <ele>543.6</ele>
    </trkpt>
    <trkpt lat="42.418181" lon="-2.771437">
      <ele>545.1</ele>
    </trkpt>
    <trkpt lat="42.417946" lon="-2.77034">
      <ele>547.4</ele>
    </trkpt>
    <trkpt lat="42.417836" lon="-2.769462">
      <ele>548.3</ele>
    </trkpt>
    <trkpt lat="42.417762" lon="-2.768067">
      <ele>547.9</ele>
    </trkpt>
    <trkpt lat="42.417605" lon="-2.767003">
      <ele>546.4</ele>
    </trkpt>
    <trkpt lat="42.417522" lon="-2.766583">
      <ele>545.6</ele>
    </trkpt>
    <trkpt lat="42.417472" lon="-2.7658">
      <ele>543.8</ele>
    </trkpt>
    <trkpt lat="42.417343" lon="-2.764859">
      <ele>541.5</ele>
    </trkpt>
    <trkpt lat="42.417169" lon="-2.764095">
      <ele>539.7</ele>
    </trkpt>
    <trkpt lat="42.416797" lon="-2.762065">
      <ele>535.5</ele>
    </trkpt>
    <trkpt lat="42.416653" lon="-2.761399">
      <ele>533.7</ele>
    </trkpt>
    <trkpt lat="42.416634" lon="-2.761312">
      <ele>533.5</ele>
    </trkpt>
    <trkpt lat="42.416505" lon="-2.760851">
      <ele>532.1</ele>
    </trkpt>
    <trkpt lat="42.416412" lon="-2.760213">
      <ele>529.8</ele>
    </trkpt>
    <trkpt lat="42.41632" lon="-2.759941">
      <ele>528.7</ele>
    </trkpt>
    <trkpt lat="42.41623" lon="-2.759771">
      <ele>527.9</ele>
    </trkpt>
    <trkpt lat="42.415975" lon="-2.759129">
      <ele>524.9</ele>
    </trkpt>
    <trkpt lat="42.416032" lon="-2.757321">
      <ele>517.6</ele>
    </trkpt>
    <trkpt lat="42.416086" lon="-2.756652">
      <ele>515.9</ele>
    </trkpt>
    <trkpt lat="42.416163" lon="-2.755779">
      <ele>514.9</ele>
    </trkpt>
    <trkpt lat="42.41618" lon="-2.755072">
      <ele>515.2</ele>
    </trkpt>
    <trkpt lat="42.41617" lon="-2.754897">
      <ele>515.4</ele>
    </trkpt>
    <trkpt lat="42.416117" lon="-2.754624">
      <ele>515.9</ele>
    </trkpt>
    <trkpt lat="42.416188" lon="-2.754116">
      <ele>517.2</ele>
    </trkpt>
    <trkpt lat="42.416255" lon="-2.753646">
      <ele>518.9</ele>
    </trkpt>
    <trkpt lat="42.416288" lon="-2.753413">
      <ele>519.9</ele>
    </trkpt>
    <trkpt lat="42.416323" lon="-2.752231">
      <ele>526.3</ele>
    </trkpt>
    <trkpt lat="42.416345" lon="-2.751787">
      <ele>529.1</ele>
    </trkpt>
    <trkpt lat="42.41629" lon="-2.751567">
      <ele>530.6</ele>
    </trkpt>
    <trkpt lat="42.415967" lon="-2.751167">
      <ele>534.2</ele>
    </trkpt>
    <trkpt lat="42.415655" lon="-2.750664">
      <ele>537.9</ele>
    </trkpt>
    <trkpt lat="42.415617" lon="-2.750548">
      <ele>538.6</ele>
    </trkpt>
    <trkpt lat="42.415376" lon="-2.749295">
      <ele>542.8</ele>
    </trkpt>
    <trkpt lat="42.41532" lon="-2.748394">
      <ele>543.4</ele>
    </trkpt>
    <trkpt lat="42.415279" lon="-2.748107">
      <ele>543.6</ele>
    </trkpt>
    <trkpt lat="42.415235" lon="-2.747994">
      <ele>543.7</ele>
    </trkpt>
    <trkpt lat="42.415181" lon="-2.74787">
      <ele>543.8</ele>
    </trkpt>
    <trkpt lat="42.415045" lon="-2.747626">
      <ele>544.2</ele>
    </trkpt>
    <trkpt lat="42.414974" lon="-2.747428">
      <ele>544.6</ele>
    </trkpt>
    <trkpt lat="42.414798" lon="-2.746777">
      <ele>546.9</ele>
    </trkpt>
    <trkpt lat="42.414739" lon="-2.746402">
      <ele>548.6</ele>
    </trkpt>
    <trkpt lat="42.414481" lon="-2.745749">
      <ele>551.5</ele>
    </trkpt>
    <trkpt lat="42.414445" lon="-2.745614">
      <ele>551.9</ele>
    </trkpt>
    <trkpt lat="42.414454" lon="-2.745519">
      <ele>552.1</ele>
    </trkpt>
    <trkpt lat="42.414483" lon="-2.745291">
      <ele>552.6</ele>
    </trkpt>
    <trkpt lat="42.414414" lon="-2.745069">
      <ele>553</ele>
    </trkpt>
    <trkpt lat="42.414335" lon="-2.744796">
      <ele>553</ele>
    </trkpt>
    <trkpt lat="42.414309" lon="-2.744508">
      <ele>552.6</ele>
    </trkpt>
    <trkpt lat="42.414309" lon="-2.743865">
      <ele>550.4</ele>
    </trkpt>
    <trkpt lat="42.414279" lon="-2.743635">
      <ele>549.4</ele>
    </trkpt>
    <trkpt lat="42.414233" lon="-2.74341">
      <ele>548.1</ele>
    </trkpt>
    <trkpt lat="42.414158" lon="-2.74326">
      <ele>547.1</ele>
    </trkpt>
    <trkpt lat="42.414061" lon="-2.743101">
      <ele>545.9</ele>
    </trkpt>
    <trkpt lat="42.414043" lon="-2.743005">
      <ele>545.3</ele>
    </trkpt>
    <trkpt lat="42.414051" lon="-2.742636">
      <ele>542.6</ele>
    </trkpt>
    <trkpt lat="42.414114" lon="-2.742353">
      <ele>540.2</ele>
    </trkpt>
    <trkpt lat="42.414238" lon="-2.742018">
      <ele>536.9</ele>
    </trkpt>
    <trkpt lat="42.414341" lon="-2.741787">
      <ele>534.4</ele>
    </trkpt>
    <trkpt lat="42.414559" lon="-2.741075">
      <ele>527.7</ele>
    </trkpt>
    <trkpt lat="42.414747" lon="-2.740657">
      <ele>523.8</ele>
    </trkpt>
    <trkpt lat="42.415435" lon="-2.739503">
      <ele>515.2</ele>
    </trkpt>
    <trkpt lat="42.415548" lon="-2.738602">
      <ele>511.4</ele>
    </trkpt>
    <trkpt lat="42.415606" lon="-2.738445">
      <ele>510.6</ele>
    </trkpt>
    <trkpt lat="42.415908" lon="-2.737704">
      <ele>506.5</ele>
    </trkpt>
    <trkpt lat="42.415948" lon="-2.737576">
      <ele>505.7</ele>
    </trkpt>
    <trkpt lat="42.415729" lon="-2.736191">
      <ele>497.7</ele>
    </trkpt>
    <trkpt lat="42.415724" lon="-2.735973">
      <ele>496.9</ele>
    </trkpt>
    <trkpt lat="42.415757" lon="-2.735724">
      <ele>496.1</ele>
    </trkpt>
    <trkpt lat="42.415816" lon="-2.735421">
      <ele>495.1</ele>
    </trkpt>
    <trkpt lat="42.415945" lon="-2.73541">
      <ele>494.6</ele>
    </trkpt>
    <trkpt lat="42.416061" lon="-2.735361">
      <ele>494.2</ele>
    </trkpt>
    <trkpt lat="42.416431" lon="-2.735259">
      <ele>493.1</ele>
    </trkpt>
    <trkpt lat="42.416653" lon="-2.73528">
      <ele>492.7</ele>
    </trkpt>
    <trkpt lat="42.416618" lon="-2.735043">
      <ele>492.5</ele>
    </trkpt>
    <trkpt lat="42.416573" lon="-2.73463">
      <ele>492.4</ele>
    </trkpt>
    <trkpt lat="42.416905" lon="-2.73458">
      <ele>492.2</ele>
    </trkpt>
    <trkpt lat="42.416902" lon="-2.734552">
      <ele>492.1</ele>
    </trkpt>
    <trkpt lat="42.416944" lon="-2.734543">
      <ele>492.1</ele>
    </trkpt>
    <trkpt lat="42.416948" lon="-2.734607">
      <ele>492</ele>
    </trkpt>
    <trkpt lat="42.417009" lon="-2.734599">
      <ele>491.9</ele>
    </trkpt>
    <trkpt lat="42.417013" lon="-2.734642">
      <ele>491.8</ele>
    </trkpt>
    <trkpt lat="42.417109" lon="-2.734629">
      <ele>491.6</ele>
    </trkpt>
    <trkpt lat="42.417105" lon="-2.734592">
      <ele>491.6</ele>
    </trkpt>
    <trkpt lat="42.417157" lon="-2.734585">
      <ele>491.5</ele>
    </trkpt>
    <trkpt lat="42.417186" lon="-2.734516">
      <ele>491.3</ele>
    </trkpt>
    <trkpt lat="42.417477" lon="-2.734399">
      <ele>490.6</ele>
    </trkpt>
    <trkpt lat="42.417786" lon="-2.734317">
      <ele>489.5</ele>
    </trkpt>
    <trkpt lat="42.417655" lon="-2.733602">
      <ele>488.1</ele>
    </trkpt>
    <trkpt lat="42.417586" lon="-2.733528">
      <ele>487.9</ele>
    </trkpt>
    <trkpt lat="42.417567" lon="-2.733485">
      <ele>487.9</ele>
    </trkpt>
    <trkpt lat="42.417485" lon="-2.733311">
      <ele>487.7</ele>
    </trkpt>
    <trkpt lat="42.417475" lon="-2.733226">
      <ele>487.6</ele>
    </trkpt>
    <trkpt lat="42.417404" lon="-2.732652">
      <ele>487.2</ele>
    </trkpt>
    <trkpt lat="42.417338" lon="-2.732121">
      <ele>487</ele>
    </trkpt>
    <trkpt lat="42.417322" lon="-2.732012">
      <ele>487.1</ele>
    </trkpt>
    <trkpt lat="42.417134" lon="-2.731977">
      <ele>487.3</ele>
    </trkpt>
    <trkpt lat="42.417031" lon="-2.731933">
      <ele>487.6</ele>
    </trkpt>
    <trkpt lat="42.416605" lon="-2.731749">
      <ele>488.5</ele>
    </trkpt>
    <trkpt lat="42.416576" lon="-2.731726">
      <ele>488.6</ele>
    </trkpt>
    <trkpt lat="42.416531" lon="-2.731591">
      <ele>488.8</ele>
    </trkpt>
    <trkpt lat="42.416576" lon="-2.731479">
      <ele>489</ele>
    </trkpt>
    <trkpt lat="42.416691" lon="-2.731328">
      <ele>489.3</ele>
    </trkpt>
    <trkpt lat="42.416919" lon="-2.731113">
      <ele>489.8</ele>
    </trkpt>
    <trkpt lat="42.417073" lon="-2.730463">
      <ele>490.7</ele>
    </trkpt>
    <trkpt lat="42.4174" lon="-2.729832">
      <ele>492.1</ele>
    </trkpt>
    <trkpt lat="42.417689" lon="-2.729087">
      <ele>494.2</ele>
    </trkpt>
    <trkpt lat="42.417891" lon="-2.728504">
      <ele>496.2</ele>
    </trkpt>
    <trkpt lat="42.417968" lon="-2.728098">
      <ele>497.6</ele>
    </trkpt>
    <trkpt lat="42.418003" lon="-2.727933">
      <ele>498.2</ele>
    </trkpt>
    <trkpt lat="42.418021" lon="-2.727857">
      <ele>498.4</ele>
    </trkpt>
    <trkpt lat="42.418034" lon="-2.72777">
      <ele>498.7</ele>
    </trkpt>
    <trkpt lat="42.418099" lon="-2.727373">
      <ele>500.1</ele>
    </trkpt>
    <trkpt lat="42.418244" lon="-2.726596">
      <ele>502</ele>
    </trkpt>
    <trkpt lat="42.418369" lon="-2.725856">
      <ele>503</ele>
    </trkpt>
    <trkpt lat="42.418339" lon="-2.725614">
      <ele>503.2</ele>
    </trkpt>
    <trkpt lat="42.418292" lon="-2.725516">
      <ele>503.3</ele>
    </trkpt>
    <trkpt lat="42.418305" lon="-2.7254">
      <ele>503.4</ele>
    </trkpt>
    <trkpt lat="42.418291" lon="-2.725171">
      <ele>503.5</ele>
    </trkpt>
    <trkpt lat="42.418256" lon="-2.725062">
      <ele>503.6</ele>
    </trkpt>
    <trkpt lat="42.418219" lon="-2.724944">
      <ele>503.6</ele>
    </trkpt>
    <trkpt lat="42.418194" lon="-2.724855">
      <ele>503.6</ele>
    </trkpt>
    <trkpt lat="42.417844" lon="-2.72362">
      <ele>504</ele>
    </trkpt>
    <trkpt lat="42.417591" lon="-2.722735">
      <ele>505</ele>
    </trkpt>
    <trkpt lat="42.417944" lon="-2.722747">
      <ele>505.6</ele>
    </trkpt>
    <trkpt lat="42.418438" lon="-2.722762">
      <ele>506.4</ele>
    </trkpt>
    <trkpt lat="42.418475" lon="-2.722764">
      <ele>506.5</ele>
    </trkpt>
    <trkpt lat="42.418483" lon="-2.722674">
      <ele>506.6</ele>
    </trkpt>
    <trkpt lat="42.418567" lon="-2.721747">
      <ele>507.7</ele>
    </trkpt>
    <trkpt lat="42.418573" lon="-2.721685">
      <ele>507.7</ele>
    </trkpt>
    <trkpt lat="42.4186" lon="-2.721293">
      <ele>507.7</ele>
    </trkpt>
    <trkpt lat="42.418597" lon="-2.721201">
      <ele>507.7</ele>
    </trkpt>
    <trkpt lat="42.418591" lon="-2.720821">
      <ele>507.7</ele>
    </trkpt>
    <trkpt lat="42.418524" lon="-2.719897">
      <ele>507.8</ele>
    </trkpt>
    <trkpt lat="42.418462" lon="-2.719183">
      <ele>508.2</ele>
    </trkpt>
    <trkpt lat="42.418417" lon="-2.718961">
      <ele>508.4</ele>
    </trkpt>
    <trkpt lat="42.41832" lon="-2.718647">
      <ele>508.7</ele>
    </trkpt>
    <trkpt lat="42.417995" lon="-2.71783">
      <ele>510.3</ele>
    </trkpt>
    <trkpt lat="42.417938" lon="-2.717285">
      <ele>511.4</ele>
    </trkpt>
    <trkpt lat="42.417873" lon="-2.716925">
      <ele>512.1</ele>
    </trkpt>
    <trkpt lat="42.417783" lon="-2.716611">
      <ele>512.8</ele>
    </trkpt>
    <trkpt lat="42.417581" lon="-2.716065">
      <ele>514</ele>
    </trkpt>
    <trkpt lat="42.417576" lon="-2.715873">
      <ele>514.3</ele>
    </trkpt>
    <trkpt lat="42.417625" lon="-2.715664">
      <ele>514.6</ele>
    </trkpt>
    <trkpt lat="42.417659" lon="-2.715562">
      <ele>514.8</ele>
    </trkpt>
    <trkpt lat="42.41772" lon="-2.715382">
      <ele>515.1</ele>
    </trkpt>
    <trkpt lat="42.41722" lon="-2.714915">
      <ele>516.2</ele>
    </trkpt>
    <trkpt lat="42.417167" lon="-2.714777">
      <ele>516.4</ele>
    </trkpt>
    <trkpt lat="42.417003" lon="-2.714183">
      <ele>517.2</ele>
    </trkpt>
    <trkpt lat="42.416641" lon="-2.712639">
      <ele>519.6</ele>
    </trkpt>
    <trkpt lat="42.416536" lon="-2.712085">
      <ele>520.6</ele>
    </trkpt>
    <trkpt lat="42.416373" lon="-2.710963">
      <ele>522.9</ele>
    </trkpt>
    <trkpt lat="42.416211" lon="-2.710172">
      <ele>524</ele>
    </trkpt>
    <trkpt lat="42.41612" lon="-2.710037">
      <ele>524.2</ele>
    </trkpt>
    <trkpt lat="42.416342" lon="-2.709632">
      <ele>524.6</ele>
    </trkpt>
    <trkpt lat="42.416469" lon="-2.709159">
      <ele>524.9</ele>
    </trkpt>
    <trkpt lat="42.416786" lon="-2.707642">
      <ele>525</ele>
    </trkpt>
    <trkpt lat="42.416612" lon="-2.705295">
      <ele>524.6</ele>
    </trkpt>
    <trkpt lat="42.416366" lon="-2.703374">
      <ele>524.6</ele>
    </trkpt>
    <trkpt lat="42.416366" lon="-2.703248">
      <ele>524.6</ele>
    </trkpt>
    <trkpt lat="42.416399" lon="-2.703127">
      <ele>524.6</ele>
    </trkpt>
    <trkpt lat="42.416471" lon="-2.702995">
      <ele>524.6</ele>
    </trkpt>
    <trkpt lat="42.417045" lon="-2.702065">
      <ele>524.8</ele>
    </trkpt>
    <trkpt lat="42.417132" lon="-2.701987">
      <ele>524.9</ele>
    </trkpt>
    <trkpt lat="42.417304" lon="-2.70166">
      <ele>524.9</ele>
    </trkpt>
    <trkpt lat="42.417613" lon="-2.701277">
      <ele>524.9</ele>
    </trkpt>
    <trkpt lat="42.41772" lon="-2.700864">
      <ele>525.1</ele>
    </trkpt>
    <trkpt lat="42.417771" lon="-2.700544">
      <ele>525.2</ele>
    </trkpt>
    <trkpt lat="42.417811" lon="-2.700271">
      <ele>525.4</ele>
    </trkpt>
    <trkpt lat="42.417798" lon="-2.700019">
      <ele>525.5</ele>
    </trkpt>
    <trkpt lat="42.417789" lon="-2.699866">
      <ele>525.7</ele>
    </trkpt>
    <trkpt lat="42.417794" lon="-2.699619">
      <ele>525.8</ele>
    </trkpt>
    <trkpt lat="42.417727" lon="-2.699511">
      <ele>526</ele>
    </trkpt>
    <trkpt lat="42.417163" lon="-2.699443">
      <ele>526.8</ele>
    </trkpt>
    <trkpt lat="42.416987" lon="-2.699421">
      <ele>527.2</ele>
    </trkpt>
    <trkpt lat="42.4166" lon="-2.699343">
      <ele>528</ele>
    </trkpt>
    <trkpt lat="42.416357" lon="-2.699261">
      <ele>528.6</ele>
    </trkpt>
    <trkpt lat="42.415998" lon="-2.69922">
      <ele>529.3</ele>
    </trkpt>
    <trkpt lat="42.415582" lon="-2.699072">
      <ele>530.3</ele>
    </trkpt>
    <trkpt lat="42.415342" lon="-2.698993">
      <ele>530.8</ele>
    </trkpt>
    <trkpt lat="42.415079" lon="-2.698827">
      <ele>531.6</ele>
    </trkpt>
    <trkpt lat="42.41446" lon="-2.698192">
      <ele>533.5</ele>
    </trkpt>
    <trkpt lat="42.414343" lon="-2.697963">
      <ele>534</ele>
    </trkpt>
    <trkpt lat="42.414126" lon="-2.697277">
      <ele>535.3</ele>
    </trkpt>
    <trkpt lat="42.414097" lon="-2.697049">
      <ele>535.7</ele>
    </trkpt>
    <trkpt lat="42.414121" lon="-2.69673">
      <ele>536.4</ele>
    </trkpt>
    <trkpt lat="42.414168" lon="-2.696468">
      <ele>536.9</ele>
    </trkpt>
    <trkpt lat="42.414232" lon="-2.69626">
      <ele>537.4</ele>
    </trkpt>
    <trkpt lat="42.414242" lon="-2.696172">
      <ele>537.6</ele>
    </trkpt>
    <trkpt lat="42.414121" lon="-2.695232">
      <ele>539.7</ele>
    </trkpt>
    <trkpt lat="42.414079" lon="-2.695052">
      <ele>540.2</ele>
    </trkpt>
    <trkpt lat="42.41412" lon="-2.695">
      <ele>540.4</ele>
    </trkpt>
    <trkpt lat="42.414164" lon="-2.694904">
      <ele>540.7</ele>
    </trkpt>
    <trkpt lat="42.413827" lon="-2.694394">
      <ele>542.7</ele>
    </trkpt>
    <trkpt lat="42.413584" lon="-2.693975">
      <ele>544.4</ele>
    </trkpt>
    <trkpt lat="42.413513" lon="-2.693604">
      <ele>545.7</ele>
    </trkpt>
    <trkpt lat="42.413255" lon="-2.692252">
      <ele>550.2</ele>
    </trkpt>
    <trkpt lat="42.413231" lon="-2.691962">
      <ele>551</ele>
    </trkpt>
    <trkpt lat="42.413233" lon="-2.691321">
      <ele>552.5</ele>
    </trkpt>
    <trkpt lat="42.413248" lon="-2.691108">
      <ele>552.9</ele>
    </trkpt>
    <trkpt lat="42.413331" lon="-2.690623">
      <ele>553.7</ele>
    </trkpt>
    <trkpt lat="42.413412" lon="-2.689242">
      <ele>555</ele>
    </trkpt>
    <trkpt lat="42.413419" lon="-2.688846">
      <ele>555.3</ele>
    </trkpt>
    <trkpt lat="42.413331" lon="-2.68782">
      <ele>556.4</ele>
    </trkpt>
    <trkpt lat="42.413334" lon="-2.687267">
      <ele>557.3</ele>
    </trkpt>
    <trkpt lat="42.413373" lon="-2.686949">
      <ele>557.9</ele>
    </trkpt>
    <trkpt lat="42.413415" lon="-2.686586">
      <ele>558.8</ele>
    </trkpt>
    <trkpt lat="42.41343" lon="-2.686344">
      <ele>559.3</ele>
    </trkpt>
    <trkpt lat="42.413542" lon="-2.686015">
      <ele>560.3</ele>
    </trkpt>
    <trkpt lat="42.413642" lon="-2.685328">
      <ele>562.2</ele>
    </trkpt>
    <trkpt lat="42.413697" lon="-2.685095">
      <ele>562.9</ele>
    </trkpt>
    <trkpt lat="42.414087" lon="-2.683732">
      <ele>566.6</ele>
    </trkpt>
    <trkpt lat="42.414246" lon="-2.683318">
      <ele>567.7</ele>
    </trkpt>
    <trkpt lat="42.414312" lon="-2.682749">
      <ele>569.1</ele>
    </trkpt>
    <trkpt lat="42.414342" lon="-2.682025">
      <ele>570.8</ele>
    </trkpt>
    <trkpt lat="42.414447" lon="-2.680702">
      <ele>574.9</ele>
    </trkpt>
    <trkpt lat="42.414682" lon="-2.679889">
      <ele>578.2</ele>
    </trkpt>
    <trkpt lat="42.414828" lon="-2.679216">
      <ele>580.5</ele>
    </trkpt>
    <trkpt lat="42.414889" lon="-2.678749">
      <ele>581.6</ele>
    </trkpt>
    <trkpt lat="42.414994" lon="-2.678244">
      <ele>582.2</ele>
    </trkpt>
    <trkpt lat="42.414951" lon="-2.677605">
      <ele>581.9</ele>
    </trkpt>
    <trkpt lat="42.414919" lon="-2.677447">
      <ele>581.6</ele>
    </trkpt>
    <trkpt lat="42.414823" lon="-2.677284">
      <ele>581.2</ele>
    </trkpt>
    <trkpt lat="42.41466" lon="-2.676839">
      <ele>580.1</ele>
    </trkpt>
    <trkpt lat="42.413919" lon="-2.67549">
      <ele>576.1</ele>
    </trkpt>
    <trkpt lat="42.413878" lon="-2.675281">
      <ele>575.7</ele>
    </trkpt>
    <trkpt lat="42.413635" lon="-2.67453">
      <ele>574.6</ele>
    </trkpt>
    <trkpt lat="42.413616" lon="-2.674398">
      <ele>574.5</ele>
    </trkpt>
    <trkpt lat="42.413637" lon="-2.673824">
      <ele>574.6</ele>
    </trkpt>
    <trkpt lat="42.413586" lon="-2.673503">
      <ele>575.1</ele>
    </trkpt>
    <trkpt lat="42.413451" lon="-2.673068">
      <ele>576.1</ele>
    </trkpt>
    <trkpt lat="42.413383" lon="-2.67272">
      <ele>577.2</ele>
    </trkpt>
    <trkpt lat="42.413386" lon="-2.672271">
      <ele>578.8</ele>
    </trkpt>
    <trkpt lat="42.413241" lon="-2.671333">
      <ele>582.9</ele>
    </trkpt>
    <trkpt lat="42.412788" lon="-2.669965">
      <ele>588.2</ele>
    </trkpt>
    <trkpt lat="42.41242" lon="-2.668641">
      <ele>591.3</ele>
    </trkpt>
    <trkpt lat="42.412189" lon="-2.667664">
      <ele>593.2</ele>
    </trkpt>
    <trkpt lat="42.412079" lon="-2.666944">
      <ele>594.7</ele>
    </trkpt>
    <trkpt lat="42.411795" lon="-2.665477">
      <ele>598.3</ele>
    </trkpt>
    <trkpt lat="42.411698" lon="-2.664544">
      <ele>601.1</ele>
    </trkpt>
    <trkpt lat="42.411677" lon="-2.664053">
      <ele>602.5</ele>
    </trkpt>
    <trkpt lat="42.411631" lon="-2.663915">
      <ele>602.9</ele>
    </trkpt>
    <trkpt lat="42.411483" lon="-2.663629">
      <ele>603.8</ele>
    </trkpt>
    <trkpt lat="42.41143" lon="-2.663425">
      <ele>604.2</ele>
    </trkpt>
    <trkpt lat="42.411352" lon="-2.662599">
      <ele>605.6</ele>
    </trkpt>
    <trkpt lat="42.411404" lon="-2.662416">
      <ele>605.8</ele>
    </trkpt>
    <trkpt lat="42.411423" lon="-2.662124">
      <ele>606.1</ele>
    </trkpt>
    <trkpt lat="42.411407" lon="-2.661296">
      <ele>606.9</ele>
    </trkpt>
    <trkpt lat="42.411325" lon="-2.660454">
      <ele>607.8</ele>
    </trkpt>
    <trkpt lat="42.411308" lon="-2.659917">
      <ele>608.6</ele>
    </trkpt>
    <trkpt lat="42.41092" lon="-2.657219">
      <ele>612.4</ele>
    </trkpt>
    <trkpt lat="42.410704" lon="-2.655223">
      <ele>614.5</ele>
    </trkpt>
    <trkpt lat="42.410663" lon="-2.654633">
      <ele>615.3</ele>
    </trkpt>
    <trkpt lat="42.410686" lon="-2.653874">
      <ele>616.4</ele>
    </trkpt>
    <trkpt lat="42.410931" lon="-2.653067">
      <ele>617.7</ele>
    </trkpt>
    <trkpt lat="42.41095" lon="-2.652435">
      <ele>618.4</ele>
    </trkpt>
    <trkpt lat="42.410904" lon="-2.652055">
      <ele>618.8</ele>
    </trkpt>
    <trkpt lat="42.41091" lon="-2.651956">
      <ele>618.9</ele>
    </trkpt>
    <trkpt lat="42.411027" lon="-2.651334">
      <ele>619.9</ele>
    </trkpt>
    <trkpt lat="42.411068" lon="-2.651219">
      <ele>620.1</ele>
    </trkpt>
    <trkpt lat="42.411209" lon="-2.650968">
      <ele>620.8</ele>
    </trkpt>
    <trkpt lat="42.411251" lon="-2.650846">
      <ele>621.1</ele>
    </trkpt>
    <trkpt lat="42.411256" lon="-2.650754">
      <ele>621.3</ele>
    </trkpt>
    <trkpt lat="42.411218" lon="-2.650704">
      <ele>621.5</ele>
    </trkpt>
    <trkpt lat="42.411106" lon="-2.650572">
      <ele>622</ele>
    </trkpt>
    <trkpt lat="42.411107" lon="-2.650398">
      <ele>622.6</ele>
    </trkpt>
    <trkpt lat="42.411178" lon="-2.650232">
      <ele>623.2</ele>
    </trkpt>
    <trkpt lat="42.411467" lon="-2.649885">
      <ele>625.6</ele>
    </trkpt>
    <trkpt lat="42.411539" lon="-2.649863">
      <ele>626.2</ele>
    </trkpt>
    <trkpt lat="42.411723" lon="-2.64969">
      <ele>628</ele>
    </trkpt>
    <trkpt lat="42.411988" lon="-2.649506">
      <ele>630.6</ele>
    </trkpt>
    <trkpt lat="42.412121" lon="-2.649362">
      <ele>632.2</ele>
    </trkpt>
    <trkpt lat="42.412415" lon="-2.648821">
      <ele>636.8</ele>
    </trkpt>
    <trkpt lat="42.412649" lon="-2.648534">
      <ele>639.6</ele>
    </trkpt>
    <trkpt lat="42.41266" lon="-2.64839">
      <ele>640.6</ele>
    </trkpt>
    <trkpt lat="42.412572" lon="-2.647916">
      <ele>643.7</ele>
    </trkpt>
    <trkpt lat="42.412568" lon="-2.647438">
      <ele>646.5</ele>
    </trkpt>
    <trkpt lat="42.412556" lon="-2.647201">
      <ele>647.8</ele>
    </trkpt>
    <trkpt lat="42.412487" lon="-2.646799">
      <ele>649.9</ele>
    </trkpt>
    <trkpt lat="42.412466" lon="-2.646533">
      <ele>651.2</ele>
    </trkpt>
    <trkpt lat="42.412444" lon="-2.645444">
      <ele>656.5</ele>
    </trkpt>
    <trkpt lat="42.412365" lon="-2.644525">
      <ele>660.3</ele>
    </trkpt>
    <trkpt lat="42.412385" lon="-2.644436">
      <ele>660.6</ele>
    </trkpt>
    <trkpt lat="42.412458" lon="-2.643841">
      <ele>661.7</ele>
    </trkpt>
    <trkpt lat="42.412432" lon="-2.643709">
      <ele>661.8</ele>
    </trkpt>
    <trkpt lat="42.412229" lon="-2.643245">
      <ele>661.5</ele>
    </trkpt>
    <trkpt lat="42.412126" lon="-2.643078">
      <ele>661</ele>
    </trkpt>
    <trkpt lat="42.412062" lon="-2.642973">
      <ele>660.6</ele>
    </trkpt>
    <trkpt lat="42.41198" lon="-2.64271">
      <ele>659.5</ele>
    </trkpt>
    <trkpt lat="42.411743" lon="-2.642525">
      <ele>657.9</ele>
    </trkpt>
    <trkpt lat="42.411634" lon="-2.642286">
      <ele>656.3</ele>
    </trkpt>
    <trkpt lat="42.411428" lon="-2.641973">
      <ele>653.9</ele>
    </trkpt>
    <trkpt lat="42.411372" lon="-2.641791">
      <ele>652.7</ele>
    </trkpt>
    <trkpt lat="42.411321" lon="-2.641457">
      <ele>650.6</ele>
    </trkpt>
    <trkpt lat="42.411346" lon="-2.640979">
      <ele>647.6</ele>
    </trkpt>
    <trkpt lat="42.411304" lon="-2.639774">
      <ele>641.6</ele>
    </trkpt>
    <trkpt lat="42.411366" lon="-2.638974">
      <ele>638.4</ele>
    </trkpt>
    <trkpt lat="42.411483" lon="-2.638427">
      <ele>636.3</ele>
    </trkpt>
    <trkpt lat="42.411484" lon="-2.63821">
      <ele>635.5</ele>
    </trkpt>
    <trkpt lat="42.411419" lon="-2.637416">
      <ele>632.9</ele>
    </trkpt>
    <trkpt lat="42.41151" lon="-2.636753">
      <ele>630.8</ele>
    </trkpt>
    <trkpt lat="42.411359" lon="-2.634854">
      <ele>625.8</ele>
    </trkpt>
    <trkpt lat="42.411364" lon="-2.634702">
      <ele>625.5</ele>
    </trkpt>
    <trkpt lat="42.411405" lon="-2.634519">
      <ele>625</ele>
    </trkpt>
    <trkpt lat="42.411571" lon="-2.633974">
      <ele>623.8</ele>
    </trkpt>
    <trkpt lat="42.411502" lon="-2.631904">
      <ele>620.8</ele>
    </trkpt>
    <trkpt lat="42.41156" lon="-2.630939">
      <ele>619.7</ele>
    </trkpt>
    <trkpt lat="42.411558" lon="-2.630205">
      <ele>618.5</ele>
    </trkpt>
    <trkpt lat="42.41159" lon="-2.629603">
      <ele>617.3</ele>
    </trkpt>
    <trkpt lat="42.411572" lon="-2.629217">
      <ele>616.5</ele>
    </trkpt>
    <trkpt lat="42.411731" lon="-2.62806">
      <ele>613.7</ele>
    </trkpt>
    <trkpt lat="42.411769" lon="-2.627916">
      <ele>613.3</ele>
    </trkpt>
    <trkpt lat="42.411734" lon="-2.62772">
      <ele>612.9</ele>
    </trkpt>
    <trkpt lat="42.411741" lon="-2.627354">
      <ele>612.1</ele>
    </trkpt>
    <trkpt lat="42.41178" lon="-2.626581">
      <ele>610.5</ele>
    </trkpt>
    <trkpt lat="42.411892" lon="-2.624546">
      <ele>606.7</ele>
    </trkpt>
    <trkpt lat="42.41199" lon="-2.623377">
      <ele>605.3</ele>
    </trkpt>
    <trkpt lat="42.411974" lon="-2.622798">
      <ele>604.8</ele>
    </trkpt>
    <trkpt lat="42.411998" lon="-2.622597">
      <ele>604.6</ele>
    </trkpt>
    <trkpt lat="42.412089" lon="-2.622421">
      <ele>604.4</ele>
    </trkpt>
    <trkpt lat="42.412108" lon="-2.622238">
      <ele>604.3</ele>
    </trkpt>
    <trkpt lat="42.41206" lon="-2.621846">
      <ele>603.9</ele>
    </trkpt>
    <trkpt lat="42.412045" lon="-2.621191">
      <ele>603.2</ele>
    </trkpt>
    <trkpt lat="42.412106" lon="-2.620069">
      <ele>601.2</ele>
    </trkpt>
    <trkpt lat="42.412116" lon="-2.619405">
      <ele>600</ele>
    </trkpt>
    <trkpt lat="42.412126" lon="-2.618772">
      <ele>599</ele>
    </trkpt>
    <trkpt lat="42.412194" lon="-2.614148">
      <ele>593.5</ele>
    </trkpt>
    <trkpt lat="42.412234" lon="-2.613093">
      <ele>591.5</ele>
    </trkpt>
    <trkpt lat="42.412296" lon="-2.612504">
      <ele>590.3</ele>
    </trkpt>
    <trkpt lat="42.412419" lon="-2.611696">
      <ele>588.6</ele>
    </trkpt>
    <trkpt lat="42.412578" lon="-2.610827">
      <ele>586.6</ele>
    </trkpt>
    <trkpt lat="42.412721" lon="-2.610161">
      <ele>584.9</ele>
    </trkpt>
    <trkpt lat="42.41288" lon="-2.609547">
      <ele>583.2</ele>
    </trkpt>
    <trkpt lat="42.413123" lon="-2.608711">
      <ele>580.9</ele>
    </trkpt>
    <trkpt lat="42.41327" lon="-2.608287">
      <ele>579.9</ele>
    </trkpt>
    <trkpt lat="42.413844" lon="-2.606706">
      <ele>577.3</ele>
    </trkpt>
    <trkpt lat="42.414506" lon="-2.604875">
      <ele>574.2</ele>
    </trkpt>
    <trkpt lat="42.41491" lon="-2.603704">
      <ele>572</ele>
    </trkpt>
    <trkpt lat="42.415462" lon="-2.602217">
      <ele>569.6</ele>
    </trkpt>
    <trkpt lat="42.415792" lon="-2.601279">
      <ele>568.3</ele>
    </trkpt>
    <trkpt lat="42.416125" lon="-2.600418">
      <ele>566.8</ele>
    </trkpt>
    <trkpt lat="42.416716" lon="-2.599182">
      <ele>563.9</ele>
    </trkpt>
    <trkpt lat="42.417136" lon="-2.598238">
      <ele>563.5</ele>
    </trkpt>
    <trkpt lat="42.416969" lon="-2.598045">
      <ele>563.7</ele>
    </trkpt>
    <trkpt lat="42.416882" lon="-2.598007">
      <ele>563.8</ele>
    </trkpt>
    <trkpt lat="42.416668" lon="-2.598077">
      <ele>564.1</ele>
    </trkpt>
    <trkpt lat="42.416516" lon="-2.598155">
      <ele>564.3</ele>
    </trkpt>
    <trkpt lat="42.41641" lon="-2.597669">
      <ele>565</ele>
    </trkpt>
    <trkpt lat="42.416092" lon="-2.596632">
      <ele>566.1</ele>
    </trkpt>
    <trkpt lat="42.416019" lon="-2.596486">
      <ele>566.3</ele>
    </trkpt>
    <trkpt lat="42.415717" lon="-2.595829">
      <ele>567.3</ele>
    </trkpt>
    <trkpt lat="42.415407" lon="-2.595446">
      <ele>568.7</ele>
    </trkpt>
    <trkpt lat="42.415204" lon="-2.595131">
      <ele>570.1</ele>
    </trkpt>
    <trkpt lat="42.415155" lon="-2.595054">
      <ele>570.5</ele>
    </trkpt>
    <trkpt lat="42.414856" lon="-2.594615">
      <ele>573</ele>
    </trkpt>
    <trkpt lat="42.414795" lon="-2.594475">
      <ele>573.7</ele>
    </trkpt>
    <trkpt lat="42.414655" lon="-2.594046">
      <ele>575.6</ele>
    </trkpt>
    <trkpt lat="42.414648" lon="-2.59391">
      <ele>576.1</ele>
    </trkpt>
    <trkpt lat="42.414679" lon="-2.593001">
      <ele>578.1</ele>
    </trkpt>
    <trkpt lat="42.414812" lon="-2.59243">
      <ele>578.5</ele>
    </trkpt>
    <trkpt lat="42.414887" lon="-2.592118">
      <ele>578.4</ele>
    </trkpt>
    <trkpt lat="42.415024" lon="-2.590533">
      <ele>575.5</ele>
    </trkpt>
    <trkpt lat="42.415061" lon="-2.589712">
      <ele>573.8</ele>
    </trkpt>
    <trkpt lat="42.415187" lon="-2.58885">
      <ele>572</ele>
    </trkpt>
    <trkpt lat="42.41504" lon="-2.587737">
      <ele>569.7</ele>
    </trkpt>
    <trkpt lat="42.415069" lon="-2.587676">
      <ele>569.6</ele>
    </trkpt>
    <trkpt lat="42.415124" lon="-2.587643">
      <ele>569.4</ele>
    </trkpt>
    <trkpt lat="42.415893" lon="-2.587318">
      <ele>566.7</ele>
    </trkpt>
    <trkpt lat="42.416237" lon="-2.587108">
      <ele>565.2</ele>
    </trkpt>
    <trkpt lat="42.41658" lon="-2.586756">
      <ele>563.5</ele>
    </trkpt>
    <trkpt lat="42.416858" lon="-2.586362">
      <ele>561.8</ele>
    </trkpt>
    <trkpt lat="42.41806" lon="-2.585169">
      <ele>555.4</ele>
    </trkpt>
    <trkpt lat="42.418068" lon="-2.585161">
      <ele>555.4</ele>
    </trkpt>
    <trkpt lat="42.418134" lon="-2.585103">
      <ele>555</ele>
    </trkpt>
    <trkpt lat="42.418647" lon="-2.58465">
      <ele>552.6</ele>
    </trkpt>
    <trkpt lat="42.418777" lon="-2.584522">
      <ele>552</ele>
    </trkpt>
    <trkpt lat="42.419004" lon="-2.584158">
      <ele>550.8</ele>
    </trkpt>
    <trkpt lat="42.419079" lon="-2.58396">
      <ele>550.2</ele>
    </trkpt>
    <trkpt lat="42.419183" lon="-2.583785">
      <ele>549.6</ele>
    </trkpt>
    <trkpt lat="42.419449" lon="-2.583453">
      <ele>548.4</ele>
    </trkpt>
    <trkpt lat="42.419586" lon="-2.582979">
      <ele>547.2</ele>
    </trkpt>
    <trkpt lat="42.419657" lon="-2.582862">
      <ele>546.8</ele>
    </trkpt>
    <trkpt lat="42.419806" lon="-2.582722">
      <ele>546.2</ele>
    </trkpt>
    <trkpt lat="42.420563" lon="-2.582151">
      <ele>543.2</ele>
    </trkpt>
    <trkpt lat="42.421032" lon="-2.581592">
      <ele>540.8</ele>
    </trkpt>
    <trkpt lat="42.42136" lon="-2.581091">
      <ele>538.7</ele>
    </trkpt>
    <trkpt lat="42.421454" lon="-2.580881">
      <ele>538</ele>
    </trkpt>
    <trkpt lat="42.421604" lon="-2.580694">
      <ele>537.1</ele>
    </trkpt>
    <trkpt lat="42.421828" lon="-2.580392">
      <ele>535.9</ele>
    </trkpt>
    <trkpt lat="42.422258" lon="-2.579939">
      <ele>533.8</ele>
    </trkpt>
    <trkpt lat="42.422484" lon="-2.579763">
      <ele>532.8</ele>
    </trkpt>
    <trkpt lat="42.422934" lon="-2.579543">
      <ele>531</ele>
    </trkpt>
    <trkpt lat="42.423425" lon="-2.579096">
      <ele>528.7</ele>
    </trkpt>
    <trkpt lat="42.424221" lon="-2.578566">
      <ele>525.1</ele>
    </trkpt>
    <trkpt lat="42.424683" lon="-2.578279">
      <ele>523.1</ele>
    </trkpt>
    <trkpt lat="42.424865" lon="-2.578042">
      <ele>522.2</ele>
    </trkpt>
    <trkpt lat="42.425459" lon="-2.577502">
      <ele>519.7</ele>
    </trkpt>
    <trkpt lat="42.425765" lon="-2.57708">
      <ele>518.3</ele>
    </trkpt>
    <trkpt lat="42.425852" lon="-2.577059">
      <ele>518</ele>
    </trkpt>
    <trkpt lat="42.426615" lon="-2.575318">
      <ele>513.4</ele>
    </trkpt>
    <trkpt lat="42.427111" lon="-2.574235">
      <ele>510.8</ele>
    </trkpt>
    <trkpt lat="42.427286" lon="-2.573858">
      <ele>509.9</ele>
    </trkpt>
    <trkpt lat="42.427328" lon="-2.573813">
      <ele>509.7</ele>
    </trkpt>
    <trkpt lat="42.42737" lon="-2.573818">
      <ele>509.6</ele>
    </trkpt>
    <trkpt lat="42.427407" lon="-2.573822">
      <ele>509.5</ele>
    </trkpt>
    <trkpt lat="42.427473" lon="-2.573685">
      <ele>509.2</ele>
    </trkpt>
    <trkpt lat="42.427493" lon="-2.573642">
      <ele>509.1</ele>
    </trkpt>
    <trkpt lat="42.42768" lon="-2.573253">
      <ele>508.4</ele>
    </trkpt>
    <trkpt lat="42.429127" lon="-2.570235">
      <ele>504.6</ele>
    </trkpt>
    <trkpt lat="42.429833" lon="-2.568722">
      <ele>503.6</ele>
    </trkpt>
    <trkpt lat="42.430104" lon="-2.568085">
      <ele>503.3</ele>
    </trkpt>
    <trkpt lat="42.430185" lon="-2.567601">
      <ele>503</ele>
    </trkpt>
    <trkpt lat="42.430208" lon="-2.567457">
      <ele>502.9</ele>
    </trkpt>
    <trkpt lat="42.430555" lon="-2.565414">
      <ele>504</ele>
    </trkpt>
    <trkpt lat="42.430597" lon="-2.565144">
      <ele>504.9</ele>
    </trkpt>
    <trkpt lat="42.430655" lon="-2.5647">
      <ele>506.3</ele>
    </trkpt>
    <trkpt lat="42.430679" lon="-2.564664">
      <ele>506.4</ele>
    </trkpt>
    <trkpt lat="42.430743" lon="-2.56429">
      <ele>507.5</ele>
    </trkpt>
    <trkpt lat="42.430782" lon="-2.563683">
      <ele>508.9</ele>
    </trkpt>
    <trkpt lat="42.431032" lon="-2.563715">
      <ele>509.3</ele>
    </trkpt>
    <trkpt lat="42.431504" lon="-2.563788">
      <ele>509.2</ele>
    </trkpt>
    <trkpt lat="42.431811" lon="-2.563825">
      <ele>508.2</ele>
    </trkpt>
    <trkpt lat="42.432232" lon="-2.563807">
      <ele>506.2</ele>
    </trkpt>
    <trkpt lat="42.432335" lon="-2.563805">
      <ele>505.6</ele>
    </trkpt>
    <trkpt lat="42.43264" lon="-2.563867">
      <ele>503.6</ele>
    </trkpt>
    <trkpt lat="42.432686" lon="-2.563808">
      <ele>503.1</ele>
    </trkpt>
    <trkpt lat="42.433051" lon="-2.563513">
      <ele>499.9</ele>
    </trkpt>
    <trkpt lat="42.433155" lon="-2.563377">
      <ele>498.8</ele>
    </trkpt>
    <trkpt lat="42.433371" lon="-2.563096">
      <ele>496.5</ele>
    </trkpt>
    <trkpt lat="42.433507" lon="-2.562827">
      <ele>494.9</ele>
    </trkpt>
    <trkpt lat="42.433564" lon="-2.562593">
      <ele>493.7</ele>
    </trkpt>
    <trkpt lat="42.43357" lon="-2.562379">
      <ele>492.7</ele>
    </trkpt>
    <trkpt lat="42.433628" lon="-2.562159">
      <ele>491.6</ele>
    </trkpt>
    <trkpt lat="42.433587" lon="-2.561308">
      <ele>487.4</ele>
    </trkpt>
    <trkpt lat="42.433581" lon="-2.560688">
      <ele>485.2</ele>
    </trkpt>
    <trkpt lat="42.433699" lon="-2.559721">
      <ele>484.1</ele>
    </trkpt>
    <trkpt lat="42.433252" lon="-2.559501">
      <ele>483.7</ele>
    </trkpt>
    <trkpt lat="42.433019" lon="-2.559448">
      <ele>483.2</ele>
    </trkpt>
    <trkpt lat="42.432926" lon="-2.55947">
      <ele>483.1</ele>
    </trkpt>
    <trkpt lat="42.432909" lon="-2.559375">
      <ele>482.9</ele>
    </trkpt>
    <trkpt lat="42.432678" lon="-2.559311">
      <ele>482.4</ele>
    </trkpt>
    <trkpt lat="42.432608" lon="-2.559265">
      <ele>482.2</ele>
    </trkpt>
    <trkpt lat="42.432562" lon="-2.55916">
      <ele>481.9</ele>
    </trkpt>
    <trkpt lat="42.432572" lon="-2.559034">
      <ele>481.6</ele>
    </trkpt>
    <trkpt lat="42.432754" lon="-2.558692">
      <ele>480.1</ele>
    </trkpt>
    <trkpt lat="42.432857" lon="-2.5584">
      <ele>478.7</ele>
    </trkpt>
    <trkpt lat="42.433024" lon="-2.557771">
      <ele>475.3</ele>
    </trkpt>
    <trkpt lat="42.43369" lon="-2.555417">
      <ele>469.1</ele>
    </trkpt>
    <trkpt lat="42.433811" lon="-2.554929">
      <ele>468.6</ele>
    </trkpt>
    <trkpt lat="42.434032" lon="-2.554258">
      <ele>468.1</ele>
    </trkpt>
    <trkpt lat="42.434212" lon="-2.553597">
      <ele>467.8</ele>
    </trkpt>
    <trkpt lat="42.434532" lon="-2.552623">
      <ele>467.5</ele>
    </trkpt>
    <trkpt lat="42.43471" lon="-2.5519">
      <ele>467.2</ele>
    </trkpt>
    <trkpt lat="42.434909" lon="-2.551217">
      <ele>467</ele>
    </trkpt>
    <trkpt lat="42.434953" lon="-2.551064">
      <ele>466.9</ele>
    </trkpt>
    <trkpt lat="42.434992" lon="-2.550926">
      <ele>466.9</ele>
    </trkpt>
    <trkpt lat="42.435055" lon="-2.550815">
      <ele>466.8</ele>
    </trkpt>
    <trkpt lat="42.435422" lon="-2.550361">
      <ele>466.7</ele>
    </trkpt>
    <trkpt lat="42.43589" lon="-2.549765">
      <ele>466.7</ele>
    </trkpt>
    <trkpt lat="42.435918" lon="-2.549674">
      <ele>466.7</ele>
    </trkpt>
    <trkpt lat="42.435917" lon="-2.549499">
      <ele>466.7</ele>
    </trkpt>
    <trkpt lat="42.435674" lon="-2.548972">
      <ele>467</ele>
    </trkpt>
    <trkpt lat="42.435585" lon="-2.548559">
      <ele>467.3</ele>
    </trkpt>
    <trkpt lat="42.43555" lon="-2.548354">
      <ele>467.5</ele>
    </trkpt>
    <trkpt lat="42.435547" lon="-2.548093">
      <ele>467.8</ele>
    </trkpt>
    <trkpt lat="42.435587" lon="-2.547928">
      <ele>467.9</ele>
    </trkpt>
    <trkpt lat="42.435682" lon="-2.547529">
      <ele>468.4</ele>
    </trkpt>
    <trkpt lat="42.435832" lon="-2.546416">
      <ele>469.6</ele>
    </trkpt>
    <trkpt lat="42.436052" lon="-2.545206">
      <ele>471.3</ele>
    </trkpt>
    <trkpt lat="42.436326" lon="-2.542873">
      <ele>477</ele>
    </trkpt>
    <trkpt lat="42.436427" lon="-2.542481">
      <ele>478.6</ele>
    </trkpt>
    <trkpt lat="42.436602" lon="-2.541774">
      <ele>481.9</ele>
    </trkpt>
    <trkpt lat="42.436623" lon="-2.541557">
      <ele>483</ele>
    </trkpt>
    <trkpt lat="42.436668" lon="-2.541092">
      <ele>485.3</ele>
    </trkpt>
    <trkpt lat="42.436733" lon="-2.540827">
      <ele>486.7</ele>
    </trkpt>
    <trkpt lat="42.436941" lon="-2.540358">
      <ele>489.2</ele>
    </trkpt>
    <trkpt lat="42.437118" lon="-2.540024">
      <ele>491</ele>
    </trkpt>
    <trkpt lat="42.437336" lon="-2.539613">
      <ele>492.8</ele>
    </trkpt>
    <trkpt lat="42.437415" lon="-2.539459">
      <ele>493.3</ele>
    </trkpt>
    <trkpt lat="42.437596" lon="-2.538996">
      <ele>494.5</ele>
    </trkpt>
    <trkpt lat="42.437638" lon="-2.538825">
      <ele>494.8</ele>
    </trkpt>
    <trkpt lat="42.437796" lon="-2.537796">
      <ele>495.8</ele>
    </trkpt>
    <trkpt lat="42.437836" lon="-2.537602">
      <ele>495.9</ele>
    </trkpt>
    <trkpt lat="42.437945" lon="-2.537153">
      <ele>496.3</ele>
    </trkpt>
    <trkpt lat="42.438044" lon="-2.536833">
      <ele>496.6</ele>
    </trkpt>
    <trkpt lat="42.438251" lon="-2.536171">
      <ele>497.5</ele>
    </trkpt>
    <trkpt lat="42.438463" lon="-2.535587">
      <ele>498.7</ele>
    </trkpt>
    <trkpt lat="42.438518" lon="-2.535305">
      <ele>499.3</ele>
    </trkpt>
    <trkpt lat="42.438605" lon="-2.534661">
      <ele>500.4</ele>
    </trkpt>
    <trkpt lat="42.438626" lon="-2.534338">
      <ele>500.8</ele>
    </trkpt>
    <trkpt lat="42.43878" lon="-2.533424">
      <ele>501.7</ele>
    </trkpt>
    <trkpt lat="42.438861" lon="-2.532231">
      <ele>503.7</ele>
    </trkpt>
    <trkpt lat="42.438916" lon="-2.531922">
      <ele>504.3</ele>
    </trkpt>
    <trkpt lat="42.439094" lon="-2.531366">
      <ele>505.6</ele>
    </trkpt>
    <trkpt lat="42.439217" lon="-2.530874">
      <ele>506.6</ele>
    </trkpt>
    <trkpt lat="42.43936" lon="-2.530056">
      <ele>508.2</ele>
    </trkpt>
    <trkpt lat="42.43955" lon="-2.529125">
      <ele>509.9</ele>
    </trkpt>
    <trkpt lat="42.439566" lon="-2.528964">
      <ele>510.2</ele>
    </trkpt>
    <trkpt lat="42.439572" lon="-2.528731">
      <ele>510.8</ele>
    </trkpt>
    <trkpt lat="42.439712" lon="-2.527795">
      <ele>513.7</ele>
    </trkpt>
    <trkpt lat="42.439772" lon="-2.527191">
      <ele>515.4</ele>
    </trkpt>
    <trkpt lat="42.439783" lon="-2.526741">
      <ele>516.3</ele>
    </trkpt>
    <trkpt lat="42.439791" lon="-2.526616">
      <ele>516.5</ele>
    </trkpt>
    <trkpt lat="42.439907" lon="-2.524977">
      <ele>516.8</ele>
    </trkpt>
    <trkpt lat="42.439937" lon="-2.524755">
      <ele>516.3</ele>
    </trkpt>
    <trkpt lat="42.44007" lon="-2.524029">
      <ele>514.4</ele>
    </trkpt>
    <trkpt lat="42.440094" lon="-2.523912">
      <ele>514</ele>
    </trkpt>
    <trkpt lat="42.440035" lon="-2.523585">
      <ele>513</ele>
    </trkpt>
    <trkpt lat="42.439864" lon="-2.523168">
      <ele>511.4</ele>
    </trkpt>
    <trkpt lat="42.439739" lon="-2.522981">
      <ele>510.4</ele>
    </trkpt>
    <trkpt lat="42.439638" lon="-2.522829">
      <ele>509.4</ele>
    </trkpt>
    <trkpt lat="42.43949" lon="-2.522483">
      <ele>507.3</ele>
    </trkpt>
    <trkpt lat="42.439299" lon="-2.52182">
      <ele>502.9</ele>
    </trkpt>
    <trkpt lat="42.439568" lon="-2.521621">
      <ele>500.2</ele>
    </trkpt>
    <trkpt lat="42.43986" lon="-2.521299">
      <ele>496.5</ele>
    </trkpt>
    <trkpt lat="42.440124" lon="-2.521138">
      <ele>493.4</ele>
    </trkpt>
    <trkpt lat="42.44018" lon="-2.521031">
      <ele>492.3</ele>
    </trkpt>
    <trkpt lat="42.440255" lon="-2.520722">
      <ele>489.6</ele>
    </trkpt>
    <trkpt lat="42.440325" lon="-2.520241">
      <ele>485.6</ele>
    </trkpt>
    <trkpt lat="42.44064" lon="-2.519678">
      <ele>480</ele>
    </trkpt>
    <trkpt lat="42.440836" lon="-2.519045">
      <ele>474.5</ele>
    </trkpt>
    <trkpt lat="42.440895" lon="-2.518664">
      <ele>471.5</ele>
    </trkpt>
    <trkpt lat="42.441004" lon="-2.518275">
      <ele>468.3</ele>
    </trkpt>
    <trkpt lat="42.441082" lon="-2.518203">
      <ele>467.3</ele>
    </trkpt>
    <trkpt lat="42.441426" lon="-2.518009">
      <ele>463.7</ele>
    </trkpt>
    <trkpt lat="42.441583" lon="-2.517873">
      <ele>462</ele>
    </trkpt>
    <trkpt lat="42.441588" lon="-2.517644">
      <ele>460.5</ele>
    </trkpt>
    <trkpt lat="42.441677" lon="-2.517226">
      <ele>457.9</ele>
    </trkpt>
    <trkpt lat="42.441702" lon="-2.516876">
      <ele>456</ele>
    </trkpt>
    <trkpt lat="42.44187" lon="-2.516397">
      <ele>453.3</ele>
    </trkpt>
    <trkpt lat="42.441856" lon="-2.515904">
      <ele>451.1</ele>
    </trkpt>
    <trkpt lat="42.441667" lon="-2.515031">
      <ele>447.7</ele>
    </trkpt>
    <trkpt lat="42.441529" lon="-2.514898">
      <ele>447</ele>
    </trkpt>
    <trkpt lat="42.44153" lon="-2.514796">
      <ele>446.7</ele>
    </trkpt>
    <trkpt lat="42.441556" lon="-2.51473">
      <ele>446.5</ele>
    </trkpt>
    <trkpt lat="42.44156" lon="-2.514623">
      <ele>446.2</ele>
    </trkpt>
    <trkpt lat="42.441408" lon="-2.51398">
      <ele>444.7</ele>
    </trkpt>
    <trkpt lat="42.441315" lon="-2.513735">
      <ele>444.3</ele>
    </trkpt>
    <trkpt lat="42.441369" lon="-2.513366">
      <ele>443.8</ele>
    </trkpt>
    <trkpt lat="42.441523" lon="-2.513389">
      <ele>443.7</ele>
    </trkpt>
    <trkpt lat="42.441751" lon="-2.513387">
      <ele>443.5</ele>
    </trkpt>
    <trkpt lat="42.442008" lon="-2.513247">
      <ele>443.2</ele>
    </trkpt>
    <trkpt lat="42.442166" lon="-2.513206">
      <ele>443.1</ele>
    </trkpt>
    <trkpt lat="42.442328" lon="-2.513208">
      <ele>442.9</ele>
    </trkpt>
    <trkpt lat="42.442768" lon="-2.513283">
      <ele>442.5</ele>
    </trkpt>
    <trkpt lat="42.443246" lon="-2.513202">
      <ele>441.9</ele>
    </trkpt>
    <trkpt lat="42.443322" lon="-2.513149">
      <ele>441.8</ele>
    </trkpt>
    <trkpt lat="42.443657" lon="-2.512514">
      <ele>441.3</ele>
    </trkpt>
    <trkpt lat="42.443929" lon="-2.512093">
      <ele>441.3</ele>
    </trkpt>
    <trkpt lat="42.444008" lon="-2.512099">
      <ele>441.3</ele>
    </trkpt>
    <trkpt lat="42.444122" lon="-2.512186">
      <ele>441.4</ele>
    </trkpt>
    <trkpt lat="42.444309" lon="-2.512803">
      <ele>441.6</ele>
    </trkpt>
    <trkpt lat="42.444408" lon="-2.513228">
      <ele>441.7</ele>
    </trkpt>
    <trkpt lat="42.444459" lon="-2.513331">
      <ele>441.7</ele>
    </trkpt>
    <trkpt lat="42.444512" lon="-2.513383">
      <ele>441.7</ele>
    </trkpt>
    <trkpt lat="42.444612" lon="-2.513377">
      <ele>441.7</ele>
    </trkpt>
    <trkpt lat="42.444792" lon="-2.513285">
      <ele>441.7</ele>
    </trkpt>
    <trkpt lat="42.444913" lon="-2.513108">
      <ele>441.7</ele>
    </trkpt>
    <trkpt lat="42.444965" lon="-2.512863">
      <ele>441.6</ele>
    </trkpt>
    <trkpt lat="42.445027" lon="-2.512702">
      <ele>441.6</ele>
    </trkpt>
    <trkpt lat="42.445328" lon="-2.512125">
      <ele>441.3</ele>
    </trkpt>
    <trkpt lat="42.445661" lon="-2.511304">
      <ele>441.1</ele>
    </trkpt>
    <trkpt lat="42.446001" lon="-2.510851">
      <ele>440.8</ele>
    </trkpt>
    <trkpt lat="42.44616" lon="-2.510373">
      <ele>440.4</ele>
    </trkpt>
    <trkpt lat="42.44636" lon="-2.509972">
      <ele>440</ele>
    </trkpt>
    <trkpt lat="42.44656" lon="-2.509428">
      <ele>439.4</ele>
    </trkpt>
    <trkpt lat="42.446755" lon="-2.509108">
      <ele>439</ele>
    </trkpt>
    <trkpt lat="42.446985" lon="-2.508644">
      <ele>438.4</ele>
    </trkpt>
    <trkpt lat="42.447033" lon="-2.508516">
      <ele>438.3</ele>
    </trkpt>
    <trkpt lat="42.447121" lon="-2.508043">
      <ele>437.9</ele>
    </trkpt>
    <trkpt lat="42.447098" lon="-2.507778">
      <ele>437.7</ele>
    </trkpt>
    <trkpt lat="42.446724" lon="-2.506577">
      <ele>436.4</ele>
    </trkpt>
    <trkpt lat="42.446729" lon="-2.506413">
      <ele>436.2</ele>
    </trkpt>
    <trkpt lat="42.446628" lon="-2.505915">
      <ele>435.8</ele>
    </trkpt>
    <trkpt lat="42.446572" lon="-2.505749">
      <ele>435.6</ele>
    </trkpt>
    <trkpt lat="42.446541" lon="-2.505514">
      <ele>435.5</ele>
    </trkpt>
    <trkpt lat="42.446489" lon="-2.505127">
      <ele>435.5</ele>
    </trkpt>
    <trkpt lat="42.446406" lon="-2.504837">
      <ele>435.5</ele>
    </trkpt>
    <trkpt lat="42.446438" lon="-2.504521">
      <ele>435.7</ele>
    </trkpt>
    <trkpt lat="42.446459" lon="-2.504451">
      <ele>435.8</ele>
    </trkpt>
    <trkpt lat="42.446509" lon="-2.50429">
      <ele>435.9</ele>
    </trkpt>
    <trkpt lat="42.446675" lon="-2.504167">
      <ele>435.9</ele>
    </trkpt>
    <trkpt lat="42.447186" lon="-2.503968">
      <ele>436.1</ele>
    </trkpt>
    <trkpt lat="42.44729" lon="-2.504004">
      <ele>436.2</ele>
    </trkpt>
    <trkpt lat="42.447282" lon="-2.503916">
      <ele>436.1</ele>
    </trkpt>
    <trkpt lat="42.447302" lon="-2.503901">
      <ele>436.1</ele>
    </trkpt>
    <trkpt lat="42.447415" lon="-2.503882">
      <ele>436.1</ele>
    </trkpt>
    <trkpt lat="42.447523" lon="-2.503797">
      <ele>436.1</ele>
    </trkpt>
    <trkpt lat="42.447599" lon="-2.503778">
      <ele>436.1</ele>
    </trkpt>
    <trkpt lat="42.447763" lon="-2.5038">
      <ele>436</ele>
    </trkpt>
    <trkpt lat="42.447966" lon="-2.5039">
      <ele>435.9</ele>
    </trkpt>
    <trkpt lat="42.448077" lon="-2.503825">
      <ele>435.8</ele>
    </trkpt>
    <trkpt lat="42.448142" lon="-2.503713">
      <ele>435.6</ele>
    </trkpt>
    <trkpt lat="42.448146" lon="-2.503498">
      <ele>435.4</ele>
    </trkpt>
    <trkpt lat="42.447125" lon="-2.500631">
      <ele>434.5</ele>
    </trkpt>
    <trkpt lat="42.447047" lon="-2.500408">
      <ele>434.5</ele>
    </trkpt>
    <trkpt lat="42.447045" lon="-2.500293">
      <ele>434.5</ele>
    </trkpt>
    <trkpt lat="42.446781" lon="-2.499876">
      <ele>434.8</ele>
    </trkpt>
    <trkpt lat="42.446414" lon="-2.499517">
      <ele>435.3</ele>
    </trkpt>
    <trkpt lat="42.446199" lon="-2.499182">
      <ele>435.8</ele>
    </trkpt>
    <trkpt lat="42.446064" lon="-2.499103">
      <ele>436</ele>
    </trkpt>
    <trkpt lat="42.44584" lon="-2.499109">
      <ele>436.2</ele>
    </trkpt>
    <trkpt lat="42.445349" lon="-2.499236">
      <ele>436.7</ele>
    </trkpt>
    <trkpt lat="42.44514" lon="-2.499321">
      <ele>437.1</ele>
    </trkpt>
    <trkpt lat="42.444959" lon="-2.499435">
      <ele>437.5</ele>
    </trkpt>
    <trkpt lat="42.444823" lon="-2.499562">
      <ele>437.9</ele>
    </trkpt>
    <trkpt lat="42.444639" lon="-2.499631">
      <ele>438.3</ele>
    </trkpt>
    <trkpt lat="42.444527" lon="-2.499573">
      <ele>438.6</ele>
    </trkpt>
    <trkpt lat="42.444388" lon="-2.499449">
      <ele>439.1</ele>
    </trkpt>
    <trkpt lat="42.444099" lon="-2.498985">
      <ele>440.3</ele>
    </trkpt>
    <trkpt lat="42.444017" lon="-2.498899">
      <ele>440.6</ele>
    </trkpt>
    <trkpt lat="42.443714" lon="-2.498744">
      <ele>441.6</ele>
    </trkpt>
    <trkpt lat="42.443546" lon="-2.498757">
      <ele>442.1</ele>
    </trkpt>
    <trkpt lat="42.443362" lon="-2.499019">
      <ele>442.7</ele>
    </trkpt>
    <trkpt lat="42.443147" lon="-2.499142">
      <ele>443.2</ele>
    </trkpt>
    <trkpt lat="42.443067" lon="-2.499129">
      <ele>443.3</ele>
    </trkpt>
    <trkpt lat="42.44246" lon="-2.499427">
      <ele>443.8</ele>
    </trkpt>
    <trkpt lat="42.442346" lon="-2.499531">
      <ele>443.9</ele>
    </trkpt>
    <trkpt lat="42.442252" lon="-2.499684">
      <ele>444.1</ele>
    </trkpt>
    <trkpt lat="42.442042" lon="-2.500129">
      <ele>444.6</ele>
    </trkpt>
    <trkpt lat="42.441971" lon="-2.500206">
      <ele>444.8</ele>
    </trkpt>
    <trkpt lat="42.441785" lon="-2.500259">
      <ele>445.1</ele>
    </trkpt>
    <trkpt lat="42.441657" lon="-2.50022">
      <ele>445.2</ele>
    </trkpt>
    <trkpt lat="42.441583" lon="-2.500142">
      <ele>445.4</ele>
    </trkpt>
    <trkpt lat="42.441463" lon="-2.500119">
      <ele>445.6</ele>
    </trkpt>
    <trkpt lat="42.441378" lon="-2.500197">
      <ele>445.7</ele>
    </trkpt>
    <trkpt lat="42.44126" lon="-2.500351">
      <ele>445.9</ele>
    </trkpt>
    <trkpt lat="42.441007" lon="-2.500886">
      <ele>446.4</ele>
    </trkpt>
    <trkpt lat="42.440533" lon="-2.501573">
      <ele>446.7</ele>
    </trkpt>
    <trkpt lat="42.440517" lon="-2.501875">
      <ele>446.7</ele>
    </trkpt>
    <trkpt lat="42.440308" lon="-2.502533">
      <ele>446.5</ele>
    </trkpt>
    <trkpt lat="42.440209" lon="-2.503068">
      <ele>446.3</ele>
    </trkpt>
    <trkpt lat="42.440018" lon="-2.503853">
      <ele>445.9</ele>
    </trkpt>
    <trkpt lat="42.439992" lon="-2.504232">
      <ele>445.5</ele>
    </trkpt>
    <trkpt lat="42.439798" lon="-2.505054">
      <ele>444.6</ele>
    </trkpt>
    <trkpt lat="42.439777" lon="-2.505253">
      <ele>444.3</ele>
    </trkpt>
    <trkpt lat="42.439804" lon="-2.505383">
      <ele>444.2</ele>
    </trkpt>
    <trkpt lat="42.43977" lon="-2.505738">
      <ele>443.7</ele>
    </trkpt>
    <trkpt lat="42.439785" lon="-2.506358">
      <ele>443.2</ele>
    </trkpt>
    <trkpt lat="42.43982" lon="-2.506484">
      <ele>443.1</ele>
    </trkpt>
    <trkpt lat="42.439906" lon="-2.507116">
      <ele>442.9</ele>
    </trkpt>
    <trkpt lat="42.439891" lon="-2.50736">
      <ele>443</ele>
    </trkpt>
    <trkpt lat="42.439793" lon="-2.508036">
      <ele>443.1</ele>
    </trkpt>
    <trkpt lat="42.439746" lon="-2.50872">
      <ele>443.2</ele>
    </trkpt>
    <trkpt lat="42.439822" lon="-2.509307">
      <ele>443.3</ele>
    </trkpt>
    <trkpt lat="42.439807" lon="-2.509586">
      <ele>443.3</ele>
    </trkpt>
    <trkpt lat="42.439767" lon="-2.509753">
      <ele>443.4</ele>
    </trkpt>
    <trkpt lat="42.439651" lon="-2.509886">
      <ele>443.4</ele>
    </trkpt>
    <trkpt lat="42.439612" lon="-2.510029">
      <ele>443.4</ele>
    </trkpt>
    <trkpt lat="42.439618" lon="-2.510163">
      <ele>443.4</ele>
    </trkpt>
    <trkpt lat="42.439438" lon="-2.510518">
      <ele>443.3</ele>
    </trkpt>
    <trkpt lat="42.43932" lon="-2.510806">
      <ele>443.4</ele>
    </trkpt>
    <trkpt lat="42.439292" lon="-2.510932">
      <ele>443.4</ele>
    </trkpt>
    <trkpt lat="42.439292" lon="-2.511072">
      <ele>443.4</ele>
    </trkpt>
    <trkpt lat="42.439325" lon="-2.511179">
      <ele>443.5</ele>
    </trkpt>
    <trkpt lat="42.439417" lon="-2.511322">
      <ele>443.5</ele>
    </trkpt>
    <trkpt lat="42.439664" lon="-2.511516">
      <ele>443.5</ele>
    </trkpt>
    <trkpt lat="42.440157" lon="-2.512107">
      <ele>443.2</ele>
    </trkpt>
    <trkpt lat="42.440369" lon="-2.512214">
      <ele>443.1</ele>
    </trkpt>
    <trkpt lat="42.440621" lon="-2.512226">
      <ele>443</ele>
    </trkpt>
    <trkpt lat="42.440871" lon="-2.512222">
      <ele>442.9</ele>
    </trkpt>
    <trkpt lat="42.441004" lon="-2.51231">
      <ele>442.9</ele>
    </trkpt>
    <trkpt lat="42.441191" lon="-2.512368">
      <ele>442.8</ele>
    </trkpt>
    <trkpt lat="42.441384" lon="-2.512493">
      <ele>442.9</ele>
    </trkpt>
    <trkpt lat="42.441515" lon="-2.512538">
      <ele>442.9</ele>
    </trkpt>
    <trkpt lat="42.44158" lon="-2.512603">
      <ele>442.9</ele>
    </trkpt>
    <trkpt lat="42.441414" lon="-2.513158">
      <ele>443.4</ele>
    </trkpt>
    <trkpt lat="42.441369" lon="-2.513366">
      <ele>443.6</ele>
    </trkpt>
    <trkpt lat="42.441315" lon="-2.513735">
      <ele>444</ele>
    </trkpt>
    <trkpt lat="42.441408" lon="-2.51398">
      <ele>444.3</ele>
    </trkpt>
    <trkpt lat="42.44156" lon="-2.514623">
      <ele>445</ele>
    </trkpt>
    <trkpt lat="42.441556" lon="-2.51473">
      <ele>445.1</ele>
    </trkpt>
    <trkpt lat="42.44153" lon="-2.514796">
      <ele>445.2</ele>
    </trkpt>
    <trkpt lat="42.440607" lon="-2.514816">
      <ele>446.3</ele>
    </trkpt>
    <trkpt lat="42.439975" lon="-2.514906">
      <ele>447.1</ele>
    </trkpt>
    <trkpt lat="42.439791" lon="-2.514949">
      <ele>447.5</ele>
    </trkpt>
    <trkpt lat="42.439585" lon="-2.515063">
      <ele>448.1</ele>
    </trkpt>
    <trkpt lat="42.439333" lon="-2.515266">
      <ele>448.9</ele>
    </trkpt>
    <trkpt lat="42.4392" lon="-2.515318">
      <ele>449.3</ele>
    </trkpt>
    <trkpt lat="42.439086" lon="-2.515323">
      <ele>449.7</ele>
    </trkpt>
    <trkpt lat="42.438948" lon="-2.515295">
      <ele>450.2</ele>
    </trkpt>
    <trkpt lat="42.438827" lon="-2.515213">
      <ele>450.6</ele>
    </trkpt>
    <trkpt lat="42.438395" lon="-2.514689">
      <ele>452.8</ele>
    </trkpt>
    <trkpt lat="42.437916" lon="-2.514388">
      <ele>455.5</ele>
    </trkpt>
    <trkpt lat="42.437808" lon="-2.514372">
      <ele>456.2</ele>
    </trkpt>
    <trkpt lat="42.437744" lon="-2.514417">
      <ele>456.6</ele>
    </trkpt>
    <trkpt lat="42.4375" lon="-2.514922">
      <ele>460</ele>
    </trkpt>
    <trkpt lat="42.437329" lon="-2.515307">
      <ele>463</ele>
    </trkpt>
    <trkpt lat="42.437194" lon="-2.515489">
      <ele>465</ele>
    </trkpt>
    <trkpt lat="42.436789" lon="-2.515825">
      <ele>470.5</ele>
    </trkpt>
    <trkpt lat="42.436584" lon="-2.51615">
      <ele>473.8</ele>
    </trkpt>
    <trkpt lat="42.436542" lon="-2.516265">
      <ele>474.7</ele>
    </trkpt>
    <trkpt lat="42.436547" lon="-2.516337">
      <ele>475.2</ele>
    </trkpt>
    <trkpt lat="42.436749" lon="-2.516617">
      <ele>477.7</ele>
    </trkpt>
    <trkpt lat="42.436815" lon="-2.516746">
      <ele>478.5</ele>
    </trkpt>
    <trkpt lat="42.437261" lon="-2.517339">
      <ele>482.2</ele>
    </trkpt>
    <trkpt lat="42.437613" lon="-2.517876">
      <ele>484.3</ele>
    </trkpt>
    <trkpt lat="42.437815" lon="-2.518434">
      <ele>486</ele>
    </trkpt>
    <trkpt lat="42.438001" lon="-2.519042">
      <ele>488.4</ele>
    </trkpt>
    <trkpt lat="42.438297" lon="-2.519639">
      <ele>491.4</ele>
    </trkpt>
    <trkpt lat="42.438481" lon="-2.519887">
      <ele>493</ele>
    </trkpt>
    <trkpt lat="42.438583" lon="-2.520075">
      <ele>494.1</ele>
    </trkpt>
    <trkpt lat="42.438882" lon="-2.520851">
      <ele>498.6</ele>
    </trkpt>
    <trkpt lat="42.439141" lon="-2.52127">
      <ele>501.3</ele>
    </trkpt>
    <trkpt lat="42.439299" lon="-2.52182">
      <ele>504.1</ele>
    </trkpt>
    <trkpt lat="42.43949" lon="-2.522483">
      <ele>507.6</ele>
    </trkpt>
    <trkpt lat="42.439638" lon="-2.522829">
      <ele>509.5</ele>
    </trkpt>
    <trkpt lat="42.439739" lon="-2.522981">
      <ele>510.4</ele>
    </trkpt>
    <trkpt lat="42.439864" lon="-2.523168">
      <ele>511.4</ele>
    </trkpt>
    <trkpt lat="42.440035" lon="-2.523585">
      <ele>513</ele>
    </trkpt>
    <trkpt lat="42.440094" lon="-2.523912">
      <ele>514</ele>
    </trkpt>
    <trkpt lat="42.44007" lon="-2.524029">
      <ele>514.4</ele>
    </trkpt>
    <trkpt lat="42.439937" lon="-2.524755">
      <ele>516.3</ele>
    </trkpt>
    <trkpt lat="42.439907" lon="-2.524977">
      <ele>516.8</ele>
    </trkpt>
    <trkpt lat="42.439791" lon="-2.526616">
      <ele>516.5</ele>
    </trkpt>
    <trkpt lat="42.439783" lon="-2.526741">
      <ele>516.3</ele>
    </trkpt>
    <trkpt lat="42.439772" lon="-2.527191">
      <ele>515.4</ele>
    </trkpt>
    <trkpt lat="42.439712" lon="-2.527795">
      <ele>513.7</ele>
    </trkpt>
    <trkpt lat="42.439572" lon="-2.528731">
      <ele>510.8</ele>
    </trkpt>
    <trkpt lat="42.439566" lon="-2.528964">
      <ele>510.2</ele>
    </trkpt>
    <trkpt lat="42.43955" lon="-2.529125">
      <ele>509.9</ele>
    </trkpt>
    <trkpt lat="42.43936" lon="-2.530056">
      <ele>508.2</ele>
    </trkpt>
    <trkpt lat="42.439217" lon="-2.530874">
      <ele>506.6</ele>
    </trkpt>
    <trkpt lat="42.439094" lon="-2.531366">
      <ele>505.6</ele>
    </trkpt>
    <trkpt lat="42.438916" lon="-2.531922">
      <ele>504.3</ele>
    </trkpt>
    <trkpt lat="42.438861" lon="-2.532231">
      <ele>503.7</ele>
    </trkpt>
    <trkpt lat="42.43878" lon="-2.533424">
      <ele>501.7</ele>
    </trkpt>
    <trkpt lat="42.438626" lon="-2.534338">
      <ele>500.8</ele>
    </trkpt>
    <trkpt lat="42.438605" lon="-2.534661">
      <ele>500.4</ele>
    </trkpt>
    <trkpt lat="42.438518" lon="-2.535305">
      <ele>499.3</ele>
    </trkpt>
    <trkpt lat="42.438463" lon="-2.535587">
      <ele>498.7</ele>
    </trkpt>
    <trkpt lat="42.438251" lon="-2.536171">
      <ele>497.5</ele>
    </trkpt>
    <trkpt lat="42.438044" lon="-2.536833">
      <ele>496.6</ele>
    </trkpt>
    <trkpt lat="42.437945" lon="-2.537153">
      <ele>496.3</ele>
    </trkpt>
    <trkpt lat="42.437836" lon="-2.537602">
      <ele>495.9</ele>
    </trkpt>
    <trkpt lat="42.437796" lon="-2.537796">
      <ele>495.8</ele>
    </trkpt>
    <trkpt lat="42.437638" lon="-2.538825">
      <ele>494.8</ele>
    </trkpt>
    <trkpt lat="42.437596" lon="-2.538996">
      <ele>494.5</ele>
    </trkpt>
    <trkpt lat="42.437415" lon="-2.539459">
      <ele>493.3</ele>
    </trkpt>
    <trkpt lat="42.437336" lon="-2.539613">
      <ele>492.8</ele>
    </trkpt>
    <trkpt lat="42.436941" lon="-2.540358">
      <ele>489.2</ele>
    </trkpt>
    <trkpt lat="42.436733" lon="-2.540827">
      <ele>486.7</ele>
    </trkpt>
    <trkpt lat="42.436668" lon="-2.541092">
      <ele>485.3</ele>
    </trkpt>
    <trkpt lat="42.436623" lon="-2.541557">
      <ele>483</ele>
    </trkpt>
    <trkpt lat="42.436602" lon="-2.541774">
      <ele>481.9</ele>
    </trkpt>
    <trkpt lat="42.436427" lon="-2.542481">
      <ele>478.6</ele>
    </trkpt>
    <trkpt lat="42.436326" lon="-2.542873">
      <ele>477</ele>
    </trkpt>
    <trkpt lat="42.436052" lon="-2.545206">
      <ele>471.3</ele>
    </trkpt>
    <trkpt lat="42.435832" lon="-2.546416">
      <ele>469.6</ele>
    </trkpt>
    <trkpt lat="42.435682" lon="-2.547529">
      <ele>468.4</ele>
    </trkpt>
    <trkpt lat="42.435587" lon="-2.547928">
      <ele>467.9</ele>
    </trkpt>
    <trkpt lat="42.435547" lon="-2.548093">
      <ele>467.8</ele>
    </trkpt>
    <trkpt lat="42.43555" lon="-2.548354">
      <ele>467.5</ele>
    </trkpt>
    <trkpt lat="42.435585" lon="-2.548559">
      <ele>467.3</ele>
    </trkpt>
    <trkpt lat="42.435674" lon="-2.548972">
      <ele>467</ele>
    </trkpt>
    <trkpt lat="42.435917" lon="-2.549499">
      <ele>466.7</ele>
    </trkpt>
    <trkpt lat="42.435918" lon="-2.549674">
      <ele>466.7</ele>
    </trkpt>
    <trkpt lat="42.43589" lon="-2.549765">
      <ele>466.7</ele>
    </trkpt>
    <trkpt lat="42.435422" lon="-2.550361">
      <ele>466.7</ele>
    </trkpt>
    <trkpt lat="42.435055" lon="-2.550815">
      <ele>466.8</ele>
    </trkpt>
    <trkpt lat="42.434992" lon="-2.550926">
      <ele>466.9</ele>
    </trkpt>
    <trkpt lat="42.434909" lon="-2.551217">
      <ele>467</ele>
    </trkpt>
    <trkpt lat="42.43471" lon="-2.5519">
      <ele>467.2</ele>
    </trkpt>
    <trkpt lat="42.434532" lon="-2.552623">
      <ele>467.5</ele>
    </trkpt>
    <trkpt lat="42.434212" lon="-2.553597">
      <ele>467.8</ele>
    </trkpt>
    <trkpt lat="42.434032" lon="-2.554258">
      <ele>468.1</ele>
    </trkpt>
    <trkpt lat="42.433811" lon="-2.554929">
      <ele>468.6</ele>
    </trkpt>
    <trkpt lat="42.43369" lon="-2.555417">
      <ele>469.1</ele>
    </trkpt>
    <trkpt lat="42.433024" lon="-2.557771">
      <ele>475.3</ele>
    </trkpt>
    <trkpt lat="42.432857" lon="-2.5584">
      <ele>478.7</ele>
    </trkpt>
    <trkpt lat="42.432754" lon="-2.558692">
      <ele>480.4</ele>
    </trkpt>
    <trkpt lat="42.432572" lon="-2.559034">
      <ele>482.8</ele>
    </trkpt>
    <trkpt lat="42.432562" lon="-2.55916">
      <ele>483.6</ele>
    </trkpt>
    <trkpt lat="42.432608" lon="-2.559265">
      <ele>484.3</ele>
    </trkpt>
    <trkpt lat="42.432678" lon="-2.559311">
      <ele>484.9</ele>
    </trkpt>
    <trkpt lat="42.432909" lon="-2.559375">
      <ele>486.6</ele>
    </trkpt>
    <trkpt lat="42.432926" lon="-2.55947">
      <ele>487.1</ele>
    </trkpt>
    <trkpt lat="42.432805" lon="-2.559486">
      <ele>487.8</ele>
    </trkpt>
    <trkpt lat="42.432339" lon="-2.559324">
      <ele>490.3</ele>
    </trkpt>
    <trkpt lat="42.432146" lon="-2.559256">
      <ele>491.1</ele>
    </trkpt>
    <trkpt lat="42.431897" lon="-2.559207">
      <ele>492.4</ele>
    </trkpt>
    <trkpt lat="42.431018" lon="-2.558969">
      <ele>497</ele>
    </trkpt>
    <trkpt lat="42.430814" lon="-2.558928">
      <ele>497.8</ele>
    </trkpt>
    <trkpt lat="42.430415" lon="-2.558899">
      <ele>499.2</ele>
    </trkpt>
    <trkpt lat="42.430104" lon="-2.55892">
      <ele>500.1</ele>
    </trkpt>
    <trkpt lat="42.430025" lon="-2.558925">
      <ele>500.3</ele>
    </trkpt>
    <trkpt lat="42.429936" lon="-2.558982">
      <ele>500.5</ele>
    </trkpt>
    <trkpt lat="42.429797" lon="-2.559072">
      <ele>500.7</ele>
    </trkpt>
    <trkpt lat="42.42964" lon="-2.559253">
      <ele>501</ele>
    </trkpt>
    <trkpt lat="42.42953" lon="-2.55938">
      <ele>501.1</ele>
    </trkpt>
    <trkpt lat="42.42938" lon="-2.559737">
      <ele>501.3</ele>
    </trkpt>
    <trkpt lat="42.429259" lon="-2.560101">
      <ele>501.5</ele>
    </trkpt>
    <trkpt lat="42.429215" lon="-2.560228">
      <ele>501.5</ele>
    </trkpt>
    <trkpt lat="42.429115" lon="-2.560698">
      <ele>501.7</ele>
    </trkpt>
    <trkpt lat="42.429094" lon="-2.561497">
      <ele>502</ele>
    </trkpt>
    <trkpt lat="42.429077" lon="-2.562128">
      <ele>502.6</ele>
    </trkpt>
    <trkpt lat="42.429047" lon="-2.562232">
      <ele>502.6</ele>
    </trkpt>
    <trkpt lat="42.429312" lon="-2.562987">
      <ele>503.2</ele>
    </trkpt>
    <trkpt lat="42.429485" lon="-2.563394">
      <ele>503.4</ele>
    </trkpt>
    <trkpt lat="42.429592" lon="-2.563609">
      <ele>503.6</ele>
    </trkpt>
    <trkpt lat="42.429906" lon="-2.564122">
      <ele>504.1</ele>
    </trkpt>
    <trkpt lat="42.429982" lon="-2.564216">
      <ele>504</ele>
    </trkpt>
    <trkpt lat="42.430171" lon="-2.564393">
      <ele>503.9</ele>
    </trkpt>
    <trkpt lat="42.430594" lon="-2.564633">
      <ele>503.6</ele>
    </trkpt>
    <trkpt lat="42.430655" lon="-2.5647">
      <ele>503.5</ele>
    </trkpt>
    <trkpt lat="42.430597" lon="-2.565144">
      <ele>503.3</ele>
    </trkpt>
    <trkpt lat="42.430555" lon="-2.565414">
      <ele>503.1</ele>
    </trkpt>
    <trkpt lat="42.430208" lon="-2.567457">
      <ele>502.9</ele>
    </trkpt>
    <trkpt lat="42.430185" lon="-2.567601">
      <ele>503</ele>
    </trkpt>
    <trkpt lat="42.430104" lon="-2.568085">
      <ele>503.3</ele>
    </trkpt>
    <trkpt lat="42.429833" lon="-2.568722">
      <ele>503.6</ele>
    </trkpt>
    <trkpt lat="42.429127" lon="-2.570235">
      <ele>504.6</ele>
    </trkpt>
    <trkpt lat="42.42768" lon="-2.573253">
      <ele>508.4</ele>
    </trkpt>
    <trkpt lat="42.427493" lon="-2.573642">
      <ele>509.1</ele>
    </trkpt>
    <trkpt lat="42.427407" lon="-2.573822">
      <ele>509.5</ele>
    </trkpt>
    <trkpt lat="42.42737" lon="-2.573818">
      <ele>509.6</ele>
    </trkpt>
    <trkpt lat="42.427328" lon="-2.573813">
      <ele>509.7</ele>
    </trkpt>
    <trkpt lat="42.427286" lon="-2.573858">
      <ele>509.9</ele>
    </trkpt>
    <trkpt lat="42.427111" lon="-2.574235">
      <ele>510.8</ele>
    </trkpt>
    <trkpt lat="42.426615" lon="-2.575318">
      <ele>513.4</ele>
    </trkpt>
    <trkpt lat="42.425852" lon="-2.577059">
      <ele>518</ele>
    </trkpt>
    <trkpt lat="42.425765" lon="-2.57708">
      <ele>518.3</ele>
    </trkpt>
    <trkpt lat="42.425459" lon="-2.577502">
      <ele>519.7</ele>
    </trkpt>
    <trkpt lat="42.424865" lon="-2.578042">
      <ele>522.2</ele>
    </trkpt>
    <trkpt lat="42.424683" lon="-2.578279">
      <ele>523.1</ele>
    </trkpt>
    <trkpt lat="42.424221" lon="-2.578566">
      <ele>525.1</ele>
    </trkpt>
    <trkpt lat="42.423425" lon="-2.579096">
      <ele>528.7</ele>
    </trkpt>
    <trkpt lat="42.422934" lon="-2.579543">
      <ele>531</ele>
    </trkpt>
    <trkpt lat="42.422484" lon="-2.579763">
      <ele>532.8</ele>
    </trkpt>
    <trkpt lat="42.422258" lon="-2.579939">
      <ele>533.8</ele>
    </trkpt>
    <trkpt lat="42.421828" lon="-2.580392">
      <ele>535.9</ele>
    </trkpt>
    <trkpt lat="42.421604" lon="-2.580694">
      <ele>537.1</ele>
    </trkpt>
    <trkpt lat="42.421454" lon="-2.580881">
      <ele>538</ele>
    </trkpt>
    <trkpt lat="42.42136" lon="-2.581091">
      <ele>538.7</ele>
    </trkpt>
    <trkpt lat="42.421032" lon="-2.581592">
      <ele>540.8</ele>
    </trkpt>
    <trkpt lat="42.420563" lon="-2.582151">
      <ele>543.2</ele>
    </trkpt>
    <trkpt lat="42.419806" lon="-2.582722">
      <ele>546.2</ele>
    </trkpt>
    <trkpt lat="42.419657" lon="-2.582862">
      <ele>546.8</ele>
    </trkpt>
    <trkpt lat="42.419586" lon="-2.582979">
      <ele>547.2</ele>
    </trkpt>
    <trkpt lat="42.419449" lon="-2.583453">
      <ele>548.4</ele>
    </trkpt>
    <trkpt lat="42.419183" lon="-2.583785">
      <ele>549.6</ele>
    </trkpt>
    <trkpt lat="42.419079" lon="-2.58396">
      <ele>550.2</ele>
    </trkpt>
    <trkpt lat="42.419004" lon="-2.584158">
      <ele>550.8</ele>
    </trkpt>
    <trkpt lat="42.418777" lon="-2.584522">
      <ele>552</ele>
    </trkpt>
    <trkpt lat="42.418647" lon="-2.58465">
      <ele>552.6</ele>
    </trkpt>
    <trkpt lat="42.418134" lon="-2.585103">
      <ele>555</ele>
    </trkpt>
    <trkpt lat="42.418068" lon="-2.585161">
      <ele>555.4</ele>
    </trkpt>
    <trkpt lat="42.41806" lon="-2.585169">
      <ele>555.4</ele>
    </trkpt>
    <trkpt lat="42.416858" lon="-2.586362">
      <ele>561.8</ele>
    </trkpt>
    <trkpt lat="42.41658" lon="-2.586756">
      <ele>563.5</ele>
    </trkpt>
    <trkpt lat="42.416237" lon="-2.587108">
      <ele>565.2</ele>
    </trkpt>
    <trkpt lat="42.415893" lon="-2.587318">
      <ele>566.7</ele>
    </trkpt>
    <trkpt lat="42.415124" lon="-2.587643">
      <ele>569.4</ele>
    </trkpt>
    <trkpt lat="42.415069" lon="-2.587676">
      <ele>569.6</ele>
    </trkpt>
    <trkpt lat="42.41504" lon="-2.587737">
      <ele>569.7</ele>
    </trkpt>
    <trkpt lat="42.415187" lon="-2.58885">
      <ele>572</ele>
    </trkpt>
    <trkpt lat="42.415061" lon="-2.589712">
      <ele>573.8</ele>
    </trkpt>
    <trkpt lat="42.415024" lon="-2.590533">
      <ele>575.5</ele>
    </trkpt>
    <trkpt lat="42.414887" lon="-2.592118">
      <ele>578.4</ele>
    </trkpt>
    <trkpt lat="42.414812" lon="-2.59243">
      <ele>578.5</ele>
    </trkpt>
    <trkpt lat="42.414679" lon="-2.593001">
      <ele>578.1</ele>
    </trkpt>
    <trkpt lat="42.414648" lon="-2.59391">
      <ele>576.1</ele>
    </trkpt>
    <trkpt lat="42.414655" lon="-2.594046">
      <ele>575.6</ele>
    </trkpt>
    <trkpt lat="42.414795" lon="-2.594475">
      <ele>573.7</ele>
    </trkpt>
    <trkpt lat="42.414856" lon="-2.594615">
      <ele>573</ele>
    </trkpt>
    <trkpt lat="42.415155" lon="-2.595054">
      <ele>570.5</ele>
    </trkpt>
    <trkpt lat="42.415204" lon="-2.595131">
      <ele>570.1</ele>
    </trkpt>
    <trkpt lat="42.415407" lon="-2.595446">
      <ele>568.7</ele>
    </trkpt>
    <trkpt lat="42.415717" lon="-2.595829">
      <ele>567.3</ele>
    </trkpt>
    <trkpt lat="42.416019" lon="-2.596486">
      <ele>566.3</ele>
    </trkpt>
    <trkpt lat="42.416092" lon="-2.596632">
      <ele>566.1</ele>
    </trkpt>
    <trkpt lat="42.41641" lon="-2.597669">
      <ele>565</ele>
    </trkpt>
    <trkpt lat="42.416516" lon="-2.598155">
      <ele>564.3</ele>
    </trkpt>
    <trkpt lat="42.416668" lon="-2.598077">
      <ele>564.1</ele>
    </trkpt>
    <trkpt lat="42.416882" lon="-2.598007">
      <ele>563.8</ele>
    </trkpt>
    <trkpt lat="42.416969" lon="-2.598045">
      <ele>563.7</ele>
    </trkpt>
    <trkpt lat="42.417136" lon="-2.598238">
      <ele>563.5</ele>
    </trkpt>
    <trkpt lat="42.416716" lon="-2.599182">
      <ele>563.9</ele>
    </trkpt>
    <trkpt lat="42.416125" lon="-2.600418">
      <ele>566.8</ele>
    </trkpt>
    <trkpt lat="42.415792" lon="-2.601279">
      <ele>568.3</ele>
    </trkpt>
    <trkpt lat="42.415462" lon="-2.602217">
      <ele>569.6</ele>
    </trkpt>
    <trkpt lat="42.41491" lon="-2.603704">
      <ele>572</ele>
    </trkpt>
    <trkpt lat="42.414506" lon="-2.604875">
      <ele>574.2</ele>
    </trkpt>
    <trkpt lat="42.413844" lon="-2.606706">
      <ele>577.3</ele>
    </trkpt>
    <trkpt lat="42.41327" lon="-2.608287">
      <ele>579.9</ele>
    </trkpt>
    <trkpt lat="42.413123" lon="-2.608711">
      <ele>580.9</ele>
    </trkpt>
    <trkpt lat="42.41288" lon="-2.609547">
      <ele>583.2</ele>
    </trkpt>
    <trkpt lat="42.412721" lon="-2.610161">
      <ele>584.9</ele>
    </trkpt>
    <trkpt lat="42.412578" lon="-2.610827">
      <ele>586.6</ele>
    </trkpt>
    <trkpt lat="42.412419" lon="-2.611696">
      <ele>588.6</ele>
    </trkpt>
    <trkpt lat="42.412296" lon="-2.612504">
      <ele>590.3</ele>
    </trkpt>
    <trkpt lat="42.412234" lon="-2.613093">
      <ele>591.5</ele>
    </trkpt>
    <trkpt lat="42.412194" lon="-2.614148">
      <ele>593.5</ele>
    </trkpt>
    <trkpt lat="42.412126" lon="-2.618772">
      <ele>599</ele>
    </trkpt>
    <trkpt lat="42.412116" lon="-2.619405">
      <ele>600</ele>
    </trkpt>
    <trkpt lat="42.412106" lon="-2.620069">
      <ele>601.2</ele>
    </trkpt>
    <trkpt lat="42.412045" lon="-2.621191">
      <ele>603.2</ele>
    </trkpt>
    <trkpt lat="42.41206" lon="-2.621846">
      <ele>603.9</ele>
    </trkpt>
    <trkpt lat="42.412108" lon="-2.622238">
      <ele>604.3</ele>
    </trkpt>
    <trkpt lat="42.412089" lon="-2.622421">
      <ele>604.4</ele>
    </trkpt>
    <trkpt lat="42.411998" lon="-2.622597">
      <ele>604.6</ele>
    </trkpt>
    <trkpt lat="42.411974" lon="-2.622798">
      <ele>604.8</ele>
    </trkpt>
    <trkpt lat="42.41199" lon="-2.623377">
      <ele>605.3</ele>
    </trkpt>
    <trkpt lat="42.411892" lon="-2.624546">
      <ele>606.7</ele>
    </trkpt>
    <trkpt lat="42.41178" lon="-2.626581">
      <ele>610.5</ele>
    </trkpt>
    <trkpt lat="42.411741" lon="-2.627354">
      <ele>612.1</ele>
    </trkpt>
    <trkpt lat="42.411734" lon="-2.62772">
      <ele>612.9</ele>
    </trkpt>
    <trkpt lat="42.411769" lon="-2.627916">
      <ele>613.3</ele>
    </trkpt>
    <trkpt lat="42.411731" lon="-2.62806">
      <ele>613.7</ele>
    </trkpt>
    <trkpt lat="42.411572" lon="-2.629217">
      <ele>616.5</ele>
    </trkpt>
    <trkpt lat="42.411589" lon="-2.629598">
      <ele>617.3</ele>
    </trkpt>
    <trkpt lat="42.41159" lon="-2.629603">
      <ele>617.3</ele>
    </trkpt>
    <trkpt lat="42.411558" lon="-2.630205">
      <ele>618.5</ele>
    </trkpt>
    <trkpt lat="42.41156" lon="-2.630939">
      <ele>619.7</ele>
    </trkpt>
    <trkpt lat="42.411502" lon="-2.631904">
      <ele>620.8</ele>
    </trkpt>
    <trkpt lat="42.411571" lon="-2.633974">
      <ele>623.8</ele>
    </trkpt>
    <trkpt lat="42.411405" lon="-2.634519">
      <ele>625</ele>
    </trkpt>
    <trkpt lat="42.411364" lon="-2.634702">
      <ele>625.5</ele>
    </trkpt>
    <trkpt lat="42.411359" lon="-2.634854">
      <ele>625.8</ele>
    </trkpt>
    <trkpt lat="42.41151" lon="-2.636753">
      <ele>630.8</ele>
    </trkpt>
    <trkpt lat="42.411419" lon="-2.637416">
      <ele>632.9</ele>
    </trkpt>
    <trkpt lat="42.411484" lon="-2.63821">
      <ele>635.5</ele>
    </trkpt>
    <trkpt lat="42.411483" lon="-2.638427">
      <ele>636.3</ele>
    </trkpt>
    <trkpt lat="42.411366" lon="-2.638974">
      <ele>638.4</ele>
    </trkpt>
    <trkpt lat="42.411304" lon="-2.639774">
      <ele>641.6</ele>
    </trkpt>
    <trkpt lat="42.411346" lon="-2.640979">
      <ele>647.6</ele>
    </trkpt>
    <trkpt lat="42.411321" lon="-2.641457">
      <ele>650.6</ele>
    </trkpt>
    <trkpt lat="42.411372" lon="-2.641791">
      <ele>652.7</ele>
    </trkpt>
    <trkpt lat="42.411428" lon="-2.641973">
      <ele>653.9</ele>
    </trkpt>
    <trkpt lat="42.411634" lon="-2.642286">
      <ele>656.3</ele>
    </trkpt>
    <trkpt lat="42.411743" lon="-2.642525">
      <ele>657.9</ele>
    </trkpt>
    <trkpt lat="42.41198" lon="-2.64271">
      <ele>659.5</ele>
    </trkpt>
    <trkpt lat="42.412062" lon="-2.642973">
      <ele>660.6</ele>
    </trkpt>
    <trkpt lat="42.412229" lon="-2.643245">
      <ele>661.5</ele>
    </trkpt>
    <trkpt lat="42.412432" lon="-2.643709">
      <ele>661.8</ele>
    </trkpt>
    <trkpt lat="42.412458" lon="-2.643841">
      <ele>661.7</ele>
    </trkpt>
    <trkpt lat="42.412385" lon="-2.644436">
      <ele>660.6</ele>
    </trkpt>
    <trkpt lat="42.412365" lon="-2.644525">
      <ele>660.3</ele>
    </trkpt>
    <trkpt lat="42.412444" lon="-2.645444">
      <ele>656.5</ele>
    </trkpt>
    <trkpt lat="42.412466" lon="-2.646533">
      <ele>651.2</ele>
    </trkpt>
    <trkpt lat="42.412487" lon="-2.646799">
      <ele>649.9</ele>
    </trkpt>
    <trkpt lat="42.412556" lon="-2.647201">
      <ele>647.8</ele>
    </trkpt>
    <trkpt lat="42.412568" lon="-2.647438">
      <ele>646.5</ele>
    </trkpt>
    <trkpt lat="42.412572" lon="-2.647916">
      <ele>643.7</ele>
    </trkpt>
    <trkpt lat="42.41266" lon="-2.64839">
      <ele>640.6</ele>
    </trkpt>
    <trkpt lat="42.412649" lon="-2.648534">
      <ele>639.6</ele>
    </trkpt>
    <trkpt lat="42.412415" lon="-2.648821">
      <ele>636.8</ele>
    </trkpt>
    <trkpt lat="42.412121" lon="-2.649362">
      <ele>632.2</ele>
    </trkpt>
    <trkpt lat="42.411988" lon="-2.649506">
      <ele>630.6</ele>
    </trkpt>
    <trkpt lat="42.411723" lon="-2.64969">
      <ele>628</ele>
    </trkpt>
    <trkpt lat="42.411539" lon="-2.649863">
      <ele>626.2</ele>
    </trkpt>
    <trkpt lat="42.411467" lon="-2.649885">
      <ele>625.6</ele>
    </trkpt>
    <trkpt lat="42.411178" lon="-2.650232">
      <ele>623.2</ele>
    </trkpt>
    <trkpt lat="42.411107" lon="-2.650398">
      <ele>622.6</ele>
    </trkpt>
    <trkpt lat="42.411106" lon="-2.650572">
      <ele>622</ele>
    </trkpt>
    <trkpt lat="42.411218" lon="-2.650704">
      <ele>621.5</ele>
    </trkpt>
    <trkpt lat="42.411256" lon="-2.650754">
      <ele>621.3</ele>
    </trkpt>
    <trkpt lat="42.411251" lon="-2.650846">
      <ele>621.1</ele>
    </trkpt>
    <trkpt lat="42.411209" lon="-2.650968">
      <ele>620.8</ele>
    </trkpt>
    <trkpt lat="42.411068" lon="-2.651219">
      <ele>620.1</ele>
    </trkpt>
    <trkpt lat="42.411027" lon="-2.651334">
      <ele>619.9</ele>
    </trkpt>
    <trkpt lat="42.41091" lon="-2.651956">
      <ele>618.9</ele>
    </trkpt>
    <trkpt lat="42.410904" lon="-2.652055">
      <ele>618.8</ele>
    </trkpt>
    <trkpt lat="42.41095" lon="-2.652435">
      <ele>618.4</ele>
    </trkpt>
    <trkpt lat="42.410931" lon="-2.653067">
      <ele>617.7</ele>
    </trkpt>
    <trkpt lat="42.410686" lon="-2.653874">
      <ele>616.4</ele>
    </trkpt>
    <trkpt lat="42.410663" lon="-2.654633">
      <ele>615.3</ele>
    </trkpt>
    <trkpt lat="42.410704" lon="-2.655223">
      <ele>614.5</ele>
    </trkpt>
    <trkpt lat="42.41092" lon="-2.657219">
      <ele>612.4</ele>
    </trkpt>
    <trkpt lat="42.411308" lon="-2.659917">
      <ele>608.6</ele>
    </trkpt>
    <trkpt lat="42.411325" lon="-2.660454">
      <ele>607.8</ele>
    </trkpt>
    <trkpt lat="42.411407" lon="-2.661296">
      <ele>606.9</ele>
    </trkpt>
    <trkpt lat="42.411423" lon="-2.662124">
      <ele>606.1</ele>
    </trkpt>
    <trkpt lat="42.411404" lon="-2.662416">
      <ele>605.8</ele>
    </trkpt>
    <trkpt lat="42.411352" lon="-2.662599">
      <ele>605.6</ele>
    </trkpt>
    <trkpt lat="42.41143" lon="-2.663425">
      <ele>604.2</ele>
    </trkpt>
    <trkpt lat="42.411483" lon="-2.663629">
      <ele>603.8</ele>
    </trkpt>
    <trkpt lat="42.411631" lon="-2.663915">
      <ele>602.9</ele>
    </trkpt>
    <trkpt lat="42.411677" lon="-2.664053">
      <ele>602.5</ele>
    </trkpt>
    <trkpt lat="42.411698" lon="-2.664544">
      <ele>601.1</ele>
    </trkpt>
    <trkpt lat="42.411795" lon="-2.665477">
      <ele>598.3</ele>
    </trkpt>
    <trkpt lat="42.412079" lon="-2.666944">
      <ele>594.7</ele>
    </trkpt>
    <trkpt lat="42.412189" lon="-2.667664">
      <ele>593.2</ele>
    </trkpt>
    <trkpt lat="42.41242" lon="-2.668641">
      <ele>591.3</ele>
    </trkpt>
    <trkpt lat="42.412788" lon="-2.669965">
      <ele>588.2</ele>
    </trkpt>
    <trkpt lat="42.413241" lon="-2.671333">
      <ele>582.9</ele>
    </trkpt>
    <trkpt lat="42.413386" lon="-2.672271">
      <ele>578.8</ele>
    </trkpt>
    <trkpt lat="42.413383" lon="-2.67272">
      <ele>577.2</ele>
    </trkpt>
    <trkpt lat="42.413451" lon="-2.673068">
      <ele>576.1</ele>
    </trkpt>
    <trkpt lat="42.413586" lon="-2.673503">
      <ele>575.1</ele>
    </trkpt>
    <trkpt lat="42.413637" lon="-2.673824">
      <ele>574.6</ele>
    </trkpt>
    <trkpt lat="42.413616" lon="-2.674398">
      <ele>574.5</ele>
    </trkpt>
    <trkpt lat="42.413635" lon="-2.67453">
      <ele>574.6</ele>
    </trkpt>
    <trkpt lat="42.413878" lon="-2.675281">
      <ele>575.7</ele>
    </trkpt>
    <trkpt lat="42.413919" lon="-2.67549">
      <ele>576.1</ele>
    </trkpt>
    <trkpt lat="42.41466" lon="-2.676839">
      <ele>580.1</ele>
    </trkpt>
    <trkpt lat="42.414823" lon="-2.677284">
      <ele>581.2</ele>
    </trkpt>
    <trkpt lat="42.414919" lon="-2.677447">
      <ele>581.6</ele>
    </trkpt>
    <trkpt lat="42.414951" lon="-2.677605">
      <ele>581.9</ele>
    </trkpt>
    <trkpt lat="42.414994" lon="-2.678244">
      <ele>582.2</ele>
    </trkpt>
    <trkpt lat="42.414889" lon="-2.678749">
      <ele>581.6</ele>
    </trkpt>
    <trkpt lat="42.414828" lon="-2.679216">
      <ele>580.5</ele>
    </trkpt>
    <trkpt lat="42.414682" lon="-2.679889">
      <ele>578.2</ele>
    </trkpt>
    <trkpt lat="42.414447" lon="-2.680702">
      <ele>574.9</ele>
    </trkpt>
    <trkpt lat="42.414342" lon="-2.682025">
      <ele>570.8</ele>
    </trkpt>
    <trkpt lat="42.414312" lon="-2.682749">
      <ele>569.1</ele>
    </trkpt>
    <trkpt lat="42.414246" lon="-2.683318">
      <ele>567.7</ele>
    </trkpt>
    <trkpt lat="42.414087" lon="-2.683732">
      <ele>566.6</ele>
    </trkpt>
    <trkpt lat="42.413697" lon="-2.685095">
      <ele>562.9</ele>
    </trkpt>
    <trkpt lat="42.413642" lon="-2.685328">
      <ele>562.2</ele>
    </trkpt>
    <trkpt lat="42.413542" lon="-2.686015">
      <ele>560.3</ele>
    </trkpt>
    <trkpt lat="42.41343" lon="-2.686344">
      <ele>559.3</ele>
    </trkpt>
    <trkpt lat="42.413415" lon="-2.686586">
      <ele>558.8</ele>
    </trkpt>
    <trkpt lat="42.413373" lon="-2.686949">
      <ele>557.9</ele>
    </trkpt>
    <trkpt lat="42.413334" lon="-2.687267">
      <ele>557.3</ele>
    </trkpt>
    <trkpt lat="42.413331" lon="-2.68782">
      <ele>556.4</ele>
    </trkpt>
    <trkpt lat="42.413419" lon="-2.688846">
      <ele>555.3</ele>
    </trkpt>
    <trkpt lat="42.413412" lon="-2.689242">
      <ele>555</ele>
    </trkpt>
    <trkpt lat="42.413331" lon="-2.690623">
      <ele>553.7</ele>
    </trkpt>
    <trkpt lat="42.413248" lon="-2.691108">
      <ele>552.9</ele>
    </trkpt>
    <trkpt lat="42.413233" lon="-2.691321">
      <ele>552.5</ele>
    </trkpt>
    <trkpt lat="42.413231" lon="-2.691962">
      <ele>551</ele>
    </trkpt>
    <trkpt lat="42.413255" lon="-2.692252">
      <ele>550.2</ele>
    </trkpt>
    <trkpt lat="42.413513" lon="-2.693604">
      <ele>545.7</ele>
    </trkpt>
    <trkpt lat="42.413584" lon="-2.693975">
      <ele>544.4</ele>
    </trkpt>
    <trkpt lat="42.413827" lon="-2.694394">
      <ele>542.7</ele>
    </trkpt>
    <trkpt lat="42.414164" lon="-2.694904">
      <ele>540.7</ele>
    </trkpt>
    <trkpt lat="42.41412" lon="-2.695">
      <ele>540.4</ele>
    </trkpt>
    <trkpt lat="42.414079" lon="-2.695052">
      <ele>540.2</ele>
    </trkpt>
    <trkpt lat="42.414121" lon="-2.695232">
      <ele>539.7</ele>
    </trkpt>
    <trkpt lat="42.414242" lon="-2.696172">
      <ele>537.6</ele>
    </trkpt>
    <trkpt lat="42.414232" lon="-2.69626">
      <ele>537.4</ele>
    </trkpt>
    <trkpt lat="42.414168" lon="-2.696468">
      <ele>536.9</ele>
    </trkpt>
    <trkpt lat="42.414121" lon="-2.69673">
      <ele>536.4</ele>
    </trkpt>
    <trkpt lat="42.414097" lon="-2.697049">
      <ele>535.7</ele>
    </trkpt>
    <trkpt lat="42.414126" lon="-2.697277">
      <ele>535.3</ele>
    </trkpt>
    <trkpt lat="42.414343" lon="-2.697963">
      <ele>534</ele>
    </trkpt>
    <trkpt lat="42.41446" lon="-2.698192">
      <ele>533.5</ele>
    </trkpt>
    <trkpt lat="42.415079" lon="-2.698827">
      <ele>531.6</ele>
    </trkpt>
    <trkpt lat="42.415342" lon="-2.698993">
      <ele>530.8</ele>
    </trkpt>
    <trkpt lat="42.415582" lon="-2.699072">
      <ele>530.3</ele>
    </trkpt>
    <trkpt lat="42.415998" lon="-2.69922">
      <ele>529.3</ele>
    </trkpt>
    <trkpt lat="42.416357" lon="-2.699261">
      <ele>528.6</ele>
    </trkpt>
    <trkpt lat="42.4166" lon="-2.699343">
      <ele>528</ele>
    </trkpt>
    <trkpt lat="42.416987" lon="-2.699421">
      <ele>527.2</ele>
    </trkpt>
    <trkpt lat="42.417163" lon="-2.699443">
      <ele>526.8</ele>
    </trkpt>
    <trkpt lat="42.417727" lon="-2.699511">
      <ele>526</ele>
    </trkpt>
    <trkpt lat="42.417794" lon="-2.699619">
      <ele>525.8</ele>
    </trkpt>
    <trkpt lat="42.417789" lon="-2.699866">
      <ele>525.7</ele>
    </trkpt>
    <trkpt lat="42.417798" lon="-2.700019">
      <ele>525.5</ele>
    </trkpt>
    <trkpt lat="42.417811" lon="-2.700271">
      <ele>525.4</ele>
    </trkpt>
    <trkpt lat="42.417771" lon="-2.700544">
      <ele>525.2</ele>
    </trkpt>
    <trkpt lat="42.41772" lon="-2.700864">
      <ele>525.1</ele>
    </trkpt>
    <trkpt lat="42.417613" lon="-2.701277">
      <ele>524.9</ele>
    </trkpt>
    <trkpt lat="42.417304" lon="-2.70166">
      <ele>524.9</ele>
    </trkpt>
    <trkpt lat="42.417132" lon="-2.701987">
      <ele>524.9</ele>
    </trkpt>
    <trkpt lat="42.417045" lon="-2.702065">
      <ele>524.8</ele>
    </trkpt>
    <trkpt lat="42.416471" lon="-2.702995">
      <ele>524.6</ele>
    </trkpt>
    <trkpt lat="42.416399" lon="-2.703127">
      <ele>524.6</ele>
    </trkpt>
    <trkpt lat="42.416366" lon="-2.703248">
      <ele>524.6</ele>
    </trkpt>
    <trkpt lat="42.416366" lon="-2.703374">
      <ele>524.6</ele>
    </trkpt>
    <trkpt lat="42.416612" lon="-2.705295">
      <ele>524.6</ele>
    </trkpt>
    <trkpt lat="42.416786" lon="-2.707642">
      <ele>525</ele>
    </trkpt>
    <trkpt lat="42.416469" lon="-2.709159">
      <ele>524.9</ele>
    </trkpt>
    <trkpt lat="42.416342" lon="-2.709632">
      <ele>524.6</ele>
    </trkpt>
    <trkpt lat="42.41612" lon="-2.710037">
      <ele>524.2</ele>
    </trkpt>
    <trkpt lat="42.416211" lon="-2.710172">
      <ele>524</ele>
    </trkpt>
    <trkpt lat="42.416373" lon="-2.710963">
      <ele>522.9</ele>
    </trkpt>
    <trkpt lat="42.416536" lon="-2.712085">
      <ele>520.6</ele>
    </trkpt>
    <trkpt lat="42.416641" lon="-2.712639">
      <ele>519.6</ele>
    </trkpt>
    <trkpt lat="42.417003" lon="-2.714183">
      <ele>517.2</ele>
    </trkpt>
    <trkpt lat="42.417167" lon="-2.714777">
      <ele>516.4</ele>
    </trkpt>
    <trkpt lat="42.41722" lon="-2.714915">
      <ele>516.2</ele>
    </trkpt>
    <trkpt lat="42.41772" lon="-2.715382">
      <ele>515.1</ele>
    </trkpt>
    <trkpt lat="42.417659" lon="-2.715562">
      <ele>514.8</ele>
    </trkpt>
    <trkpt lat="42.417625" lon="-2.715664">
      <ele>514.6</ele>
    </trkpt>
    <trkpt lat="42.417576" lon="-2.715873">
      <ele>514.3</ele>
    </trkpt>
    <trkpt lat="42.417581" lon="-2.716065">
      <ele>514</ele>
    </trkpt>
    <trkpt lat="42.417783" lon="-2.716611">
      <ele>512.8</ele>
    </trkpt>
    <trkpt lat="42.417873" lon="-2.716925">
      <ele>512.1</ele>
    </trkpt>
    <trkpt lat="42.417938" lon="-2.717285">
      <ele>511.4</ele>
    </trkpt>
    <trkpt lat="42.417995" lon="-2.71783">
      <ele>510.3</ele>
    </trkpt>
    <trkpt lat="42.41832" lon="-2.718647">
      <ele>508.7</ele>
    </trkpt>
    <trkpt lat="42.418417" lon="-2.718961">
      <ele>508.4</ele>
    </trkpt>
    <trkpt lat="42.418462" lon="-2.719183">
      <ele>508.2</ele>
    </trkpt>
    <trkpt lat="42.418524" lon="-2.719897">
      <ele>507.8</ele>
    </trkpt>
    <trkpt lat="42.418591" lon="-2.720821">
      <ele>507.7</ele>
    </trkpt>
    <trkpt lat="42.418597" lon="-2.721201">
      <ele>507.7</ele>
    </trkpt>
    <trkpt lat="42.4186" lon="-2.721293">
      <ele>507.7</ele>
    </trkpt>
    <trkpt lat="42.418573" lon="-2.721685">
      <ele>507.8</ele>
    </trkpt>
    <trkpt lat="42.418567" lon="-2.721747">
      <ele>507.8</ele>
    </trkpt>
    <trkpt lat="42.418483" lon="-2.722674">
      <ele>507.2</ele>
    </trkpt>
    <trkpt lat="42.418475" lon="-2.722764">
      <ele>507.2</ele>
    </trkpt>
    <trkpt lat="42.418332" lon="-2.724706">
      <ele>504.5</ele>
    </trkpt>
    <trkpt lat="42.418293" lon="-2.724859">
      <ele>504.3</ele>
    </trkpt>
    <trkpt lat="42.418219" lon="-2.724944">
      <ele>504.2</ele>
    </trkpt>
    <trkpt lat="42.418256" lon="-2.725062">
      <ele>504</ele>
    </trkpt>
    <trkpt lat="42.418291" lon="-2.725171">
      <ele>503.9</ele>
    </trkpt>
    <trkpt lat="42.418421" lon="-2.725313">
      <ele>503.6</ele>
    </trkpt>
    <trkpt lat="42.418456" lon="-2.725323">
      <ele>503.6</ele>
    </trkpt>
    <trkpt lat="42.418507" lon="-2.725371">
      <ele>503.5</ele>
    </trkpt>
    <trkpt lat="42.418534" lon="-2.725446">
      <ele>503.4</ele>
    </trkpt>
    <trkpt lat="42.418525" lon="-2.725551">
      <ele>503.3</ele>
    </trkpt>
    <trkpt lat="42.418472" lon="-2.725627">
      <ele>503.2</ele>
    </trkpt>
    <trkpt lat="42.418421" lon="-2.72569">
      <ele>503.1</ele>
    </trkpt>
    <trkpt lat="42.418369" lon="-2.725856">
      <ele>502.9</ele>
    </trkpt>
    <trkpt lat="42.418244" lon="-2.726596">
      <ele>501.9</ele>
    </trkpt>
    <trkpt lat="42.418099" lon="-2.727373">
      <ele>500.1</ele>
    </trkpt>
    <trkpt lat="42.418034" lon="-2.72777">
      <ele>498.7</ele>
    </trkpt>
    <trkpt lat="42.418021" lon="-2.727857">
      <ele>498.4</ele>
    </trkpt>
    <trkpt lat="42.418003" lon="-2.727933">
      <ele>498.2</ele>
    </trkpt>
    <trkpt lat="42.417968" lon="-2.728098">
      <ele>497.6</ele>
    </trkpt>
    <trkpt lat="42.417891" lon="-2.728504">
      <ele>496.2</ele>
    </trkpt>
    <trkpt lat="42.417689" lon="-2.729087">
      <ele>494.2</ele>
    </trkpt>
    <trkpt lat="42.4174" lon="-2.729832">
      <ele>492.1</ele>
    </trkpt>
    <trkpt lat="42.417073" lon="-2.730463">
      <ele>490.8</ele>
    </trkpt>
    <trkpt lat="42.416919" lon="-2.731113">
      <ele>489.8</ele>
    </trkpt>
    <trkpt lat="42.416922" lon="-2.731209">
      <ele>489.6</ele>
    </trkpt>
    <trkpt lat="42.41697" lon="-2.73134">
      <ele>489.3</ele>
    </trkpt>
    <trkpt lat="42.417248" lon="-2.731797">
      <ele>488.1</ele>
    </trkpt>
    <trkpt lat="42.417302" lon="-2.731896">
      <ele>487.9</ele>
    </trkpt>
    <trkpt lat="42.417322" lon="-2.732012">
      <ele>487.7</ele>
    </trkpt>
    <trkpt lat="42.417338" lon="-2.732121">
      <ele>487.6</ele>
    </trkpt>
    <trkpt lat="42.417475" lon="-2.733226">
      <ele>486.9</ele>
    </trkpt>
    <trkpt lat="42.417516" lon="-2.733289">
      <ele>486.9</ele>
    </trkpt>
    <trkpt lat="42.417634" lon="-2.733371">
      <ele>486.9</ele>
    </trkpt>
    <trkpt lat="42.417904" lon="-2.733398">
      <ele>487.1</ele>
    </trkpt>
    <trkpt lat="42.417939" lon="-2.733398">
      <ele>487.1</ele>
    </trkpt>
    <trkpt lat="42.41803" lon="-2.73372">
      <ele>487.4</ele>
    </trkpt>
    <trkpt lat="42.418101" lon="-2.733779">
      <ele>487.6</ele>
    </trkpt>
    <trkpt lat="42.41816" lon="-2.733811">
      <ele>487.6</ele>
    </trkpt>
    <trkpt lat="42.418218" lon="-2.733918">
      <ele>487.8</ele>
    </trkpt>
    <trkpt lat="42.418516" lon="-2.734683">
      <ele>488.7</ele>
    </trkpt>
    <trkpt lat="42.418284" lon="-2.734752">
      <ele>489.1</ele>
    </trkpt>
    <trkpt lat="42.418087" lon="-2.734864">
      <ele>489.4</ele>
    </trkpt>
    <trkpt lat="42.41771" lon="-2.734955">
      <ele>490.3</ele>
    </trkpt>
    <trkpt lat="42.417608" lon="-2.734995">
      <ele>490.5</ele>
    </trkpt>
    <trkpt lat="42.41756" lon="-2.73502">
      <ele>490.6</ele>
    </trkpt>
    <trkpt lat="42.417422" lon="-2.735122">
      <ele>490.9</ele>
    </trkpt>
    <trkpt lat="42.41731" lon="-2.73522">
      <ele>491.1</ele>
    </trkpt>
    <trkpt lat="42.417112" lon="-2.735349">
      <ele>491.2</ele>
    </trkpt>
    <trkpt lat="42.416994" lon="-2.735368">
      <ele>491.4</ele>
    </trkpt>
    <trkpt lat="42.416883" lon="-2.73536">
      <ele>491.5</ele>
    </trkpt>
    <trkpt lat="42.416653" lon="-2.73528">
      <ele>492.1</ele>
    </trkpt>
    <trkpt lat="42.416431" lon="-2.735259">
      <ele>492.9</ele>
    </trkpt>
    <trkpt lat="42.416061" lon="-2.735361">
      <ele>494.2</ele>
    </trkpt>
    <trkpt lat="42.415945" lon="-2.73541">
      <ele>494.7</ele>
    </trkpt>
    <trkpt lat="42.415816" lon="-2.735421">
      <ele>495.2</ele>
    </trkpt>
    <trkpt lat="42.415757" lon="-2.735724">
      <ele>496.1</ele>
    </trkpt>
    <trkpt lat="42.415724" lon="-2.735973">
      <ele>496.9</ele>
    </trkpt>
    <trkpt lat="42.415729" lon="-2.736191">
      <ele>497.7</ele>
    </trkpt>
    <trkpt lat="42.415948" lon="-2.737576">
      <ele>505.7</ele>
    </trkpt>
    <trkpt lat="42.415908" lon="-2.737704">
      <ele>506.5</ele>
    </trkpt>
    <trkpt lat="42.415606" lon="-2.738445">
      <ele>510.6</ele>
    </trkpt>
    <trkpt lat="42.415548" lon="-2.738602">
      <ele>511.4</ele>
    </trkpt>
    <trkpt lat="42.415435" lon="-2.739503">
      <ele>515.2</ele>
    </trkpt>
    <trkpt lat="42.414747" lon="-2.740657">
      <ele>523.8</ele>
    </trkpt>
    <trkpt lat="42.414559" lon="-2.741075">
      <ele>527.7</ele>
    </trkpt>
    <trkpt lat="42.414341" lon="-2.741787">
      <ele>534.4</ele>
    </trkpt>
    <trkpt lat="42.414238" lon="-2.742018">
      <ele>536.9</ele>
    </trkpt>
    <trkpt lat="42.414114" lon="-2.742353">
      <ele>540.2</ele>
    </trkpt>
    <trkpt lat="42.414051" lon="-2.742636">
      <ele>542.6</ele>
    </trkpt>
    <trkpt lat="42.414043" lon="-2.743005">
      <ele>545.3</ele>
    </trkpt>
    <trkpt lat="42.414061" lon="-2.743101">
      <ele>545.9</ele>
    </trkpt>
    <trkpt lat="42.414158" lon="-2.74326">
      <ele>547.1</ele>
    </trkpt>
    <trkpt lat="42.414233" lon="-2.74341">
      <ele>548.1</ele>
    </trkpt>
    <trkpt lat="42.414279" lon="-2.743635">
      <ele>549.4</ele>
    </trkpt>
    <trkpt lat="42.414309" lon="-2.743865">
      <ele>550.4</ele>
    </trkpt>
    <trkpt lat="42.414309" lon="-2.744508">
      <ele>552.6</ele>
    </trkpt>
    <trkpt lat="42.414335" lon="-2.744796">
      <ele>553</ele>
    </trkpt>
    <trkpt lat="42.414414" lon="-2.745069">
      <ele>553</ele>
    </trkpt>
    <trkpt lat="42.414483" lon="-2.745291">
      <ele>552.6</ele>
    </trkpt>
    <trkpt lat="42.414454" lon="-2.745519">
      <ele>552.1</ele>
    </trkpt>
    <trkpt lat="42.414445" lon="-2.745614">
      <ele>551.9</ele>
    </trkpt>
    <trkpt lat="42.414481" lon="-2.745749">
      <ele>551.5</ele>
    </trkpt>
    <trkpt lat="42.414739" lon="-2.746402">
      <ele>548.6</ele>
    </trkpt>
    <trkpt lat="42.414798" lon="-2.746777">
      <ele>546.9</ele>
    </trkpt>
    <trkpt lat="42.414974" lon="-2.747428">
      <ele>544.6</ele>
    </trkpt>
    <trkpt lat="42.415045" lon="-2.747626">
      <ele>544.2</ele>
    </trkpt>
    <trkpt lat="42.415181" lon="-2.74787">
      <ele>543.8</ele>
    </trkpt>
    <trkpt lat="42.415235" lon="-2.747994">
      <ele>543.7</ele>
    </trkpt>
    <trkpt lat="42.415279" lon="-2.748107">
      <ele>543.6</ele>
    </trkpt>
    <trkpt lat="42.41532" lon="-2.748394">
      <ele>543.4</ele>
    </trkpt>
    <trkpt lat="42.415376" lon="-2.749295">
      <ele>542.8</ele>
    </trkpt>
    <trkpt lat="42.415617" lon="-2.750548">
      <ele>538.6</ele>
    </trkpt>
    <trkpt lat="42.415655" lon="-2.750664">
      <ele>537.9</ele>
    </trkpt>
    <trkpt lat="42.415967" lon="-2.751167">
      <ele>534.2</ele>
    </trkpt>
    <trkpt lat="42.41629" lon="-2.751567">
      <ele>530.6</ele>
    </trkpt>
    <trkpt lat="42.416345" lon="-2.751787">
      <ele>529.1</ele>
    </trkpt>
    <trkpt lat="42.416323" lon="-2.752231">
      <ele>526.3</ele>
    </trkpt>
    <trkpt lat="42.416288" lon="-2.753413">
      <ele>519.9</ele>
    </trkpt>
    <trkpt lat="42.416255" lon="-2.753646">
      <ele>518.9</ele>
    </trkpt>
    <trkpt lat="42.416188" lon="-2.754116">
      <ele>517.2</ele>
    </trkpt>
    <trkpt lat="42.416117" lon="-2.754624">
      <ele>515.9</ele>
    </trkpt>
    <trkpt lat="42.41617" lon="-2.754897">
      <ele>515.4</ele>
    </trkpt>
    <trkpt lat="42.41618" lon="-2.755072">
      <ele>515.2</ele>
    </trkpt>
    <trkpt lat="42.416163" lon="-2.755779">
      <ele>514.9</ele>
    </trkpt>
    <trkpt lat="42.416086" lon="-2.756652">
      <ele>515.9</ele>
    </trkpt>
    <trkpt lat="42.416032" lon="-2.757321">
      <ele>517.6</ele>
    </trkpt>
    <trkpt lat="42.415975" lon="-2.759129">
      <ele>524.9</ele>
    </trkpt>
    <trkpt lat="42.41623" lon="-2.759771">
      <ele>527.9</ele>
    </trkpt>
    <trkpt lat="42.41632" lon="-2.759941">
      <ele>528.7</ele>
    </trkpt>
    <trkpt lat="42.416412" lon="-2.760213">
      <ele>529.8</ele>
    </trkpt>
    <trkpt lat="42.416505" lon="-2.760851">
      <ele>532.1</ele>
    </trkpt>
    <trkpt lat="42.416634" lon="-2.761312">
      <ele>533.5</ele>
    </trkpt>
    <trkpt lat="42.416797" lon="-2.762065">
      <ele>535.5</ele>
    </trkpt>
    <trkpt lat="42.417169" lon="-2.764095">
      <ele>539.7</ele>
    </trkpt>
    <trkpt lat="42.417343" lon="-2.764859">
      <ele>541.5</ele>
    </trkpt>
    <trkpt lat="42.417472" lon="-2.7658">
      <ele>543.8</ele>
    </trkpt>
    <trkpt lat="42.417522" lon="-2.766583">
      <ele>545.6</ele>
    </trkpt>
    <trkpt lat="42.417605" lon="-2.767003">
      <ele>546.4</ele>
    </trkpt>
    <trkpt lat="42.417762" lon="-2.768067">
      <ele>547.9</ele>
    </trkpt>
    <trkpt lat="42.417836" lon="-2.769462">
      <ele>548.3</ele>
    </trkpt>
    <trkpt lat="42.417946" lon="-2.77034">
      <ele>547.4</ele>
    </trkpt>
    <trkpt lat="42.418181" lon="-2.771437">
      <ele>545.1</ele>
    </trkpt>
    <trkpt lat="42.418416" lon="-2.772241">
      <ele>543.6</ele>
    </trkpt>
    <trkpt lat="42.418438" lon="-2.772332">
      <ele>543.5</ele>
    </trkpt>
    <trkpt lat="42.418839" lon="-2.77393">
      <ele>542.9</ele>
    </trkpt>
    <trkpt lat="42.419361" lon="-2.775854">
      <ele>544.6</ele>
    </trkpt>
    <trkpt lat="42.419554" lon="-2.776869">
      <ele>545.8</ele>
    </trkpt>
    <trkpt lat="42.419801" lon="-2.778088">
      <ele>547.1</ele>
    </trkpt>
    <trkpt lat="42.419923" lon="-2.779597">
      <ele>547.7</ele>
    </trkpt>
    <trkpt lat="42.420209" lon="-2.780831">
      <ele>547.3</ele>
    </trkpt>
    <trkpt lat="42.420205" lon="-2.782566">
      <ele>544.8</ele>
    </trkpt>
    <trkpt lat="42.420228" lon="-2.783186">
      <ele>543.3</ele>
    </trkpt>
    <trkpt lat="42.420294" lon="-2.783694">
      <ele>542.1</ele>
    </trkpt>
    <trkpt lat="42.420524" lon="-2.785505">
      <ele>539.3</ele>
    </trkpt>
    <trkpt lat="42.420645" lon="-2.787018">
      <ele>541.1</ele>
    </trkpt>
    <trkpt lat="42.420722" lon="-2.78884">
      <ele>544.7</ele>
    </trkpt>
    <trkpt lat="42.420744" lon="-2.789047">
      <ele>544.9</ele>
    </trkpt>
    <trkpt lat="42.420806" lon="-2.789233">
      <ele>545</ele>
    </trkpt>
    <trkpt lat="42.420966" lon="-2.789672">
      <ele>545.1</ele>
    </trkpt>
    <trkpt lat="42.421477" lon="-2.790876">
      <ele>544</ele>
    </trkpt>
    <trkpt lat="42.422146" lon="-2.792851">
      <ele>542.5</ele>
    </trkpt>
    <trkpt lat="42.422241" lon="-2.79311">
      <ele>542.3</ele>
    </trkpt>
    <trkpt lat="42.422348" lon="-2.793509">
      <ele>542.1</ele>
    </trkpt>
    <trkpt lat="42.422607" lon="-2.794954">
      <ele>542.6</ele>
    </trkpt>
    <trkpt lat="42.422649" lon="-2.795195">
      <ele>542.9</ele>
    </trkpt>
    <trkpt lat="42.422674" lon="-2.795325">
      <ele>543.1</ele>
    </trkpt>
    <trkpt lat="42.423045" lon="-2.797494">
      <ele>548.4</ele>
    </trkpt>
    <trkpt lat="42.423198" lon="-2.798194">
      <ele>549.9</ele>
    </trkpt>
    <trkpt lat="42.42328" lon="-2.798568">
      <ele>550.5</ele>
    </trkpt>
    <trkpt lat="42.42332" lon="-2.798703">
      <ele>550.7</ele>
    </trkpt>
    <trkpt lat="42.423834" lon="-2.799972">
      <ele>551.2</ele>
    </trkpt>
    <trkpt lat="42.424053" lon="-2.800619">
      <ele>549.6</ele>
    </trkpt>
    <trkpt lat="42.424095" lon="-2.800731">
      <ele>549.2</ele>
    </trkpt>
    <trkpt lat="42.424186" lon="-2.800935">
      <ele>548.5</ele>
    </trkpt>
    <trkpt lat="42.424318" lon="-2.801232">
      <ele>547.3</ele>
    </trkpt>
    <trkpt lat="42.424419" lon="-2.801502">
      <ele>546.2</ele>
    </trkpt>
    <trkpt lat="42.424594" lon="-2.802205">
      <ele>543.1</ele>
    </trkpt>
    <trkpt lat="42.424619" lon="-2.802318">
      <ele>542.6</ele>
    </trkpt>
    <trkpt lat="42.424696" lon="-2.802516">
      <ele>541.7</ele>
    </trkpt>
    <trkpt lat="42.42484" lon="-2.802721">
      <ele>540.7</ele>
    </trkpt>
    <trkpt lat="42.424951" lon="-2.802823">
      <ele>540.2</ele>
    </trkpt>
    <trkpt lat="42.425806" lon="-2.803634">
      <ele>538.4</ele>
    </trkpt>
    <trkpt lat="42.426162" lon="-2.806899">
      <ele>541.6</ele>
    </trkpt>
    <trkpt lat="42.426251" lon="-2.807487">
      <ele>542.2</ele>
    </trkpt>
    <trkpt lat="42.426711" lon="-2.809199">
      <ele>544.5</ele>
    </trkpt>
    <trkpt lat="42.427188" lon="-2.81079">
      <ele>547.5</ele>
    </trkpt>
    <trkpt lat="42.428015" lon="-2.812593">
      <ele>553.3</ele>
    </trkpt>
    <trkpt lat="42.4283" lon="-2.813344">
      <ele>555.7</ele>
    </trkpt>
    <trkpt lat="42.428565" lon="-2.814215">
      <ele>558.1</ele>
    </trkpt>
    <trkpt lat="42.428646" lon="-2.81464">
      <ele>559.1</ele>
    </trkpt>
    <trkpt lat="42.428787" lon="-2.815186">
      <ele>560.2</ele>
    </trkpt>
    <trkpt lat="42.429037" lon="-2.815854">
      <ele>561.7</ele>
    </trkpt>
    <trkpt lat="42.429284" lon="-2.816683">
      <ele>563.8</ele>
    </trkpt>
    <trkpt lat="42.429536" lon="-2.817394">
      <ele>565.6</ele>
    </trkpt>
    <trkpt lat="42.429593" lon="-2.817504">
      <ele>565.9</ele>
    </trkpt>
    <trkpt lat="42.42969" lon="-2.817611">
      <ele>566.2</ele>
    </trkpt>
    <trkpt lat="42.429701" lon="-2.817726">
      <ele>566.4</ele>
    </trkpt>
    <trkpt lat="42.429851" lon="-2.817961">
      <ele>566.9</ele>
    </trkpt>
    <trkpt lat="42.430356" lon="-2.818595">
      <ele>567.1</ele>
    </trkpt>
    <trkpt lat="42.431096" lon="-2.819186">
      <ele>563.5</ele>
    </trkpt>
    <trkpt lat="42.431258" lon="-2.819322">
      <ele>562.2</ele>
    </trkpt>
    <trkpt lat="42.431477" lon="-2.819564">
      <ele>560.1</ele>
    </trkpt>
    <trkpt lat="42.431974" lon="-2.820197">
      <ele>554.7</ele>
    </trkpt>
    <trkpt lat="42.432141" lon="-2.820432">
      <ele>552.9</ele>
    </trkpt>
    <trkpt lat="42.432419" lon="-2.820954">
      <ele>550</ele>
    </trkpt>
    <trkpt lat="42.432504" lon="-2.821173">
      <ele>549.1</ele>
    </trkpt>
    <trkpt lat="42.433295" lon="-2.820669">
      <ele>546.7</ele>
    </trkpt>
    <trkpt lat="42.433673" lon="-2.823247">
      <ele>547.2</ele>
    </trkpt>
    <trkpt lat="42.434004" lon="-2.827727">
      <ele>552.7</ele>
    </trkpt>
    <trkpt lat="42.434128" lon="-2.82859">
      <ele>553.4</ele>
    </trkpt>
    <trkpt lat="42.434146" lon="-2.828949">
      <ele>553.6</ele>
    </trkpt>
    <trkpt lat="42.434123" lon="-2.829505">
      <ele>553.9</ele>
    </trkpt>
    <trkpt lat="42.43415" lon="-2.830486">
      <ele>554.7</ele>
    </trkpt>
    <trkpt lat="42.434247" lon="-2.831352">
      <ele>555.6</ele>
    </trkpt>
    <trkpt lat="42.434206" lon="-2.832521">
      <ele>556.9</ele>
    </trkpt>
    <trkpt lat="42.434158" lon="-2.832842">
      <ele>557.2</ele>
    </trkpt>
    <trkpt lat="42.433901" lon="-2.833343">
      <ele>557.5</ele>
    </trkpt>
    <trkpt lat="42.433637" lon="-2.833824">
      <ele>557.7</ele>
    </trkpt>
    <trkpt lat="42.433608" lon="-2.833932">
      <ele>557.7</ele>
    </trkpt>
    <trkpt lat="42.433732" lon="-2.834155">
      <ele>557.8</ele>
    </trkpt>
    <trkpt lat="42.43391" lon="-2.834603">
      <ele>557.9</ele>
    </trkpt>
    <trkpt lat="42.434028" lon="-2.836655">
      <ele>558.6</ele>
    </trkpt>
    <trkpt lat="42.43409" lon="-2.837725">
      <ele>559.5</ele>
    </trkpt>
    <trkpt lat="42.434208" lon="-2.838558">
      <ele>560.3</ele>
    </trkpt>
    <trkpt lat="42.434741" lon="-2.841051">
      <ele>563.1</ele>
    </trkpt>
    <trkpt lat="42.436023" lon="-2.848927">
      <ele>574.3</ele>
    </trkpt>
    <trkpt lat="42.437309" lon="-2.849056">
      <ele>579.8</ele>
    </trkpt>
    <trkpt lat="42.437104" lon="-2.850055">
      <ele>581.6</ele>
    </trkpt>
    <trkpt lat="42.43658" lon="-2.85276">
      <ele>583.3</ele>
    </trkpt>
    <trkpt lat="42.436134" lon="-2.855542">
      <ele>585.8</ele>
    </trkpt>
    <trkpt lat="42.436141" lon="-2.855955">
      <ele>586.7</ele>
    </trkpt>
    <trkpt lat="42.436563" lon="-2.857955">
      <ele>592.1</ele>
    </trkpt>
    <trkpt lat="42.4368" lon="-2.860457">
      <ele>595.7</ele>
    </trkpt>
    <trkpt lat="42.436774" lon="-2.860685">
      <ele>595.9</ele>
    </trkpt>
    <trkpt lat="42.436447" lon="-2.861749">
      <ele>596.8</ele>
    </trkpt>
    <trkpt lat="42.435751" lon="-2.86395">
      <ele>598.9</ele>
    </trkpt>
    <trkpt lat="42.435644" lon="-2.864167">
      <ele>599</ele>
    </trkpt>
    <trkpt lat="42.434584" lon="-2.865371">
      <ele>600.6</ele>
    </trkpt>
    <trkpt lat="42.434014" lon="-2.866063">
      <ele>602.9</ele>
    </trkpt>
    <trkpt lat="42.434084" lon="-2.866445">
      <ele>604.2</ele>
    </trkpt>
    <trkpt lat="42.434873" lon="-2.869976">
      <ele>623.7</ele>
    </trkpt>
    <trkpt lat="42.435309" lon="-2.870611">
      <ele>630.5</ele>
    </trkpt>
    <trkpt lat="42.436191" lon="-2.872438">
      <ele>650.7</ele>
    </trkpt>
    <trkpt lat="42.436298" lon="-2.872926">
      <ele>655.3</ele>
    </trkpt>
    <trkpt lat="42.436327" lon="-2.873449">
      <ele>659.7</ele>
    </trkpt>
    <trkpt lat="42.436291" lon="-2.87436">
      <ele>666</ele>
    </trkpt>
    <trkpt lat="42.43632" lon="-2.875027">
      <ele>669.3</ele>
    </trkpt>
    <trkpt lat="42.436413" lon="-2.875415">
      <ele>670.7</ele>
    </trkpt>
    <trkpt lat="42.436678" lon="-2.875738">
      <ele>671.8</ele>
    </trkpt>
    <trkpt lat="42.43891" lon="-2.877916">
      <ele>674.6</ele>
    </trkpt>
    <trkpt lat="42.438983" lon="-2.879079">
      <ele>675.3</ele>
    </trkpt>
    <trkpt lat="42.4391" lon="-2.880285">
      <ele>674.7</ele>
    </trkpt>
    <trkpt lat="42.43951" lon="-2.883263">
      <ele>668.1</ele>
    </trkpt>
    <trkpt lat="42.439645" lon="-2.884454">
      <ele>666.6</ele>
    </trkpt>
    <trkpt lat="42.439743" lon="-2.88565">
      <ele>666.2</ele>
    </trkpt>
    <trkpt lat="42.439813" lon="-2.886851">
      <ele>666.1</ele>
    </trkpt>
    <trkpt lat="42.439874" lon="-2.889867">
      <ele>664</ele>
    </trkpt>
    <trkpt lat="42.439908" lon="-2.890209">
      <ele>663</ele>
    </trkpt>
    <trkpt lat="42.439961" lon="-2.890849">
      <ele>660.8</ele>
    </trkpt>
    <trkpt lat="42.439936" lon="-2.891325">
      <ele>659</ele>
    </trkpt>
    <trkpt lat="42.439817" lon="-2.892151">
      <ele>656.1</ele>
    </trkpt>
    <trkpt lat="42.43948" lon="-2.893417">
      <ele>653.7</ele>
    </trkpt>
    <trkpt lat="42.439391" lon="-2.893595">
      <ele>653.6</ele>
    </trkpt>
    <trkpt lat="42.439259" lon="-2.893696">
      <ele>653.5</ele>
    </trkpt>
    <trkpt lat="42.439179" lon="-2.893825">
      <ele>653.4</ele>
    </trkpt>
    <trkpt lat="42.439168" lon="-2.89397">
      <ele>653.4</ele>
    </trkpt>
    <trkpt lat="42.439238" lon="-2.894213">
      <ele>653.4</ele>
    </trkpt>
    <trkpt lat="42.439351" lon="-2.89411">
      <ele>653.4</ele>
    </trkpt>
    <trkpt lat="42.439439" lon="-2.89409">
      <ele>653.4</ele>
    </trkpt>
    <trkpt lat="42.439527" lon="-2.894108">
      <ele>653.4</ele>
    </trkpt>
    <trkpt lat="42.439606" lon="-2.894164">
      <ele>653.4</ele>
    </trkpt>
    <trkpt lat="42.439667" lon="-2.894252">
      <ele>653.5</ele>
    </trkpt>
    <trkpt lat="42.43971" lon="-2.894395">
      <ele>653.5</ele>
    </trkpt>
    <trkpt lat="42.439713" lon="-2.894493">
      <ele>653.5</ele>
    </trkpt>
    <trkpt lat="42.439662" lon="-2.894675">
      <ele>653.6</ele>
    </trkpt>
    <trkpt lat="42.43955" lon="-2.894798">
      <ele>653.7</ele>
    </trkpt>
    <trkpt lat="42.43948" lon="-2.894824">
      <ele>653.7</ele>
    </trkpt>
    <trkpt lat="42.439371" lon="-2.894815">
      <ele>653.7</ele>
    </trkpt>
    <trkpt lat="42.439362" lon="-2.89497">
      <ele>653.8</ele>
    </trkpt>
    <trkpt lat="42.43943" lon="-2.895285">
      <ele>654</ele>
    </trkpt>
    <trkpt lat="42.439866" lon="-2.89653">
      <ele>654.5</ele>
    </trkpt>
    <trkpt lat="42.440022" lon="-2.897205">
      <ele>654.5</ele>
    </trkpt>
    <trkpt lat="42.440064" lon="-2.898665">
      <ele>654.4</ele>
    </trkpt>
    <trkpt lat="42.439985" lon="-2.899362">
      <ele>654.3</ele>
    </trkpt>
    <trkpt lat="42.439793" lon="-2.900594">
      <ele>654.2</ele>
    </trkpt>
    <trkpt lat="42.439755" lon="-2.906025">
      <ele>652.1</ele>
    </trkpt>
    <trkpt lat="42.439721" lon="-2.907321">
      <ele>651.5</ele>
    </trkpt>
    <trkpt lat="42.439484" lon="-2.908952">
      <ele>650.6</ele>
    </trkpt>
    <trkpt lat="42.439177" lon="-2.910692">
      <ele>649.3</ele>
    </trkpt>
    <trkpt lat="42.439074" lon="-2.912623">
      <ele>647.1</ele>
    </trkpt>
    <trkpt lat="42.439127" lon="-2.914022">
      <ele>644.9</ele>
    </trkpt>
    <trkpt lat="42.439312" lon="-2.915477">
      <ele>642.1</ele>
    </trkpt>
    <trkpt lat="42.43947" lon="-2.916378">
      <ele>640.5</ele>
    </trkpt>
    <trkpt lat="42.439548" lon="-2.917063">
      <ele>639.4</ele>
    </trkpt>
    <trkpt lat="42.439415" lon="-2.920476">
      <ele>635</ele>
    </trkpt>
    <trkpt lat="42.43951" lon="-2.92067">
      <ele>634.8</ele>
    </trkpt>
    <trkpt lat="42.439708" lon="-2.920757">
      <ele>634.5</ele>
    </trkpt>
    <trkpt lat="42.439669" lon="-2.922777">
      <ele>632.9</ele>
    </trkpt>
    <trkpt lat="42.439625" lon="-2.925381">
      <ele>629.7</ele>
    </trkpt>
    <trkpt lat="42.439583" lon="-2.927324">
      <ele>627.4</ele>
    </trkpt>
    <trkpt lat="42.439582" lon="-2.927426">
      <ele>627.3</ele>
    </trkpt>
    <trkpt lat="42.439558" lon="-2.928741">
      <ele>626.7</ele>
    </trkpt>
    <trkpt lat="42.439487" lon="-2.932853">
      <ele>629.2</ele>
    </trkpt>
    <trkpt lat="42.439483" lon="-2.933084">
      <ele>629.3</ele>
    </trkpt>
    <trkpt lat="42.439472" lon="-2.933736">
      <ele>629.5</ele>
    </trkpt>
    <trkpt lat="42.439462" lon="-2.934414">
      <ele>629.7</ele>
    </trkpt>
    <trkpt lat="42.439565" lon="-2.934795">
      <ele>629.8</ele>
    </trkpt>
    <trkpt lat="42.439586" lon="-2.934872">
      <ele>629.8</ele>
    </trkpt>
    <trkpt lat="42.439577" lon="-2.9353">
      <ele>630</ele>
    </trkpt>
    <trkpt lat="42.439443" lon="-2.935511">
      <ele>630.2</ele>
    </trkpt>
    <trkpt lat="42.439431" lon="-2.936182">
      <ele>630.6</ele>
    </trkpt>
    <trkpt lat="42.439424" lon="-2.936574">
      <ele>630.9</ele>
    </trkpt>
    <trkpt lat="42.439397" lon="-2.937882">
      <ele>631.8</ele>
    </trkpt>
    <trkpt lat="42.439395" lon="-2.938003">
      <ele>631.8</ele>
    </trkpt>
    <trkpt lat="42.439385" lon="-2.9386">
      <ele>632.1</ele>
    </trkpt>
    <trkpt lat="42.439326" lon="-2.942221">
      <ele>634.6</ele>
    </trkpt>
    <trkpt lat="42.43932" lon="-2.942595">
      <ele>634.9</ele>
    </trkpt>
    <trkpt lat="42.439313" lon="-2.943054">
      <ele>635.3</ele>
    </trkpt>
    <trkpt lat="42.439336" lon="-2.943813">
      <ele>635.8</ele>
    </trkpt>
    <trkpt lat="42.439338" lon="-2.943851">
      <ele>635.9</ele>
    </trkpt>
    <trkpt lat="42.439339" lon="-2.943878">
      <ele>635.9</ele>
    </trkpt>
    <trkpt lat="42.439294" lon="-2.944541">
      <ele>636.3</ele>
    </trkpt>
    <trkpt lat="42.439308" lon="-2.944775">
      <ele>636.4</ele>
    </trkpt>
    <trkpt lat="42.439334" lon="-2.944922">
      <ele>636.5</ele>
    </trkpt>
    <trkpt lat="42.439345" lon="-2.945062">
      <ele>636.6</ele>
    </trkpt>
    <trkpt lat="42.439326" lon="-2.94528">
      <ele>636.7</ele>
    </trkpt>
    <trkpt lat="42.439296" lon="-2.945445">
      <ele>636.8</ele>
    </trkpt>
    <trkpt lat="42.439264" lon="-2.945821">
      <ele>637</ele>
    </trkpt>
    <trkpt lat="42.439265" lon="-2.945972">
      <ele>637.1</ele>
    </trkpt>
    <trkpt lat="42.439256" lon="-2.946488">
      <ele>637.2</ele>
    </trkpt>
    <trkpt lat="42.439254" lon="-2.94663">
      <ele>637.3</ele>
    </trkpt>
    <trkpt lat="42.439252" lon="-2.946694">
      <ele>637.3</ele>
    </trkpt>
    <trkpt lat="42.43925" lon="-2.946736">
      <ele>637.3</ele>
    </trkpt>
    <trkpt lat="42.439233" lon="-2.948558">
      <ele>637.7</ele>
    </trkpt>
    <trkpt lat="42.439226" lon="-2.948928">
      <ele>637.6</ele>
    </trkpt>
    <trkpt lat="42.439211" lon="-2.950052">
      <ele>637.7</ele>
    </trkpt>
    <trkpt lat="42.439146" lon="-2.95004">
      <ele>637.8</ele>
    </trkpt>
    <trkpt lat="42.439128" lon="-2.950039">
      <ele>637.8</ele>
    </trkpt>
    <trkpt lat="42.438878" lon="-2.950051">
      <ele>638.2</ele>
    </trkpt>
    <trkpt lat="42.43873" lon="-2.950127">
      <ele>638.5</ele>
    </trkpt>
    <trkpt lat="42.438565" lon="-2.95031">
      <ele>638.9</ele>
    </trkpt>
    <trkpt lat="42.438515" lon="-2.950447">
      <ele>639.2</ele>
    </trkpt>
    <trkpt lat="42.438503" lon="-2.95069">
      <ele>639.5</ele>
    </trkpt>
    <trkpt lat="42.438484" lon="-2.951267">
      <ele>640.5</ele>
    </trkpt>
    <trkpt lat="42.438479" lon="-2.951392">
      <ele>640.8</ele>
    </trkpt>
    <trkpt lat="42.438509" lon="-2.951395">
      <ele>640.9</ele>
    </trkpt>
    <trkpt lat="42.438508" lon="-2.951452">
      <ele>641</ele>
    </trkpt>
    <trkpt lat="42.438507" lon="-2.951783">
      <ele>641.7</ele>
    </trkpt>
    </trkseg>
  </trk>
</gpx>
