<?xml version="1.0" encoding="UTF-8"?>
<gpx version="1.1" creator="fitAI Komoot downloader" xmlns="http://www.topografix.com/GPX/1/1">
  <metadata>
    <name>Alto de Pradilla y Plaza Mayor de Belorado - Recorrido circular desde Zorraquín</name>
    <desc>81 visitas · Dificultad: moderate · Distancia: 94.1 km · Desnivel +: 874 m</desc>
    <link href="https://www.komoot.com/smarttour/e40640158"><text>Komoot</text></link>
  </metadata>
  <trk>
    <name>Alto de Pradilla y Plaza Mayor de Belorado - Recorrido circular desde Zorraquín</name>
    <type>racebike</type>
    <trkseg>
    <trkpt lat="42.328675" lon="-3.014101">
      <ele>808.1</ele>
    </trkpt>
    <trkpt lat="42.328688" lon="-3.014441">
      <ele>808.2</ele>
    </trkpt>
    <trkpt lat="42.328326" lon="-3.014539">
      <ele>808.4</ele>
    </trkpt>
    <trkpt lat="42.327457" lon="-3.014758">
      <ele>810.1</ele>
    </trkpt>
    <trkpt lat="42.326934" lon="-3.014907">
      <ele>811.4</ele>
    </trkpt>
    <trkpt lat="42.326986" lon="-3.015423">
      <ele>812.4</ele>
    </trkpt>
    <trkpt lat="42.327017" lon="-3.015729">
      <ele>813</ele>
    </trkpt>
    <trkpt lat="42.327088" lon="-3.016411">
      <ele>814.2</ele>
    </trkpt>
    <trkpt lat="42.326662" lon="-3.01655">
      <ele>815.1</ele>
    </trkpt>
    <trkpt lat="42.326234" lon="-3.016717">
      <ele>816</ele>
    </trkpt>
    <trkpt lat="42.325775" lon="-3.016872">
      <ele>816.8</ele>
    </trkpt>
    <trkpt lat="42.325768" lon="-3.01704">
      <ele>817</ele>
    </trkpt>
    <trkpt lat="42.32576" lon="-3.017466">
      <ele>817.5</ele>
    </trkpt>
    <trkpt lat="42.325732" lon="-3.018626">
      <ele>819.1</ele>
    </trkpt>
    <trkpt lat="42.325676" lon="-3.020131">
      <ele>822.1</ele>
    </trkpt>
    <trkpt lat="42.325664" lon="-3.020552">
      <ele>823.1</ele>
    </trkpt>
    <trkpt lat="42.325711" lon="-3.02083">
      <ele>823.7</ele>
    </trkpt>
    <trkpt lat="42.325585" lon="-3.024637">
      <ele>831.2</ele>
    </trkpt>
    <trkpt lat="42.325623" lon="-3.025089">
      <ele>831.7</ele>
    </trkpt>
    <trkpt lat="42.32561" lon="-3.025214">
      <ele>831.8</ele>
    </trkpt>
    <trkpt lat="42.325498" lon="-3.026534">
      <ele>832.9</ele>
    </trkpt>
    <trkpt lat="42.325326" lon="-3.027375">
      <ele>833.9</ele>
    </trkpt>
    <trkpt lat="42.324753" lon="-3.030757">
      <ele>841.1</ele>
    </trkpt>
    <trkpt lat="42.324534" lon="-3.031909">
      <ele>843.4</ele>
    </trkpt>
    <trkpt lat="42.324532" lon="-3.03225">
      <ele>843.8</ele>
    </trkpt>
    <trkpt lat="42.32459" lon="-3.032981">
      <ele>844.4</ele>
    </trkpt>
    <trkpt lat="42.324626" lon="-3.033151">
      <ele>844.6</ele>
    </trkpt>
    <trkpt lat="42.324675" lon="-3.033245">
      <ele>844.6</ele>
    </trkpt>
    <trkpt lat="42.324754" lon="-3.033396">
      <ele>844.7</ele>
    </trkpt>
    <trkpt lat="42.324874" lon="-3.033511">
      <ele>844.8</ele>
    </trkpt>
    <trkpt lat="42.325122" lon="-3.03382">
      <ele>845</ele>
    </trkpt>
    <trkpt lat="42.32526" lon="-3.033991">
      <ele>845.3</ele>
    </trkpt>
    <trkpt lat="42.325404" lon="-3.034178">
      <ele>845.6</ele>
    </trkpt>
    <trkpt lat="42.325528" lon="-3.034495">
      <ele>846.2</ele>
    </trkpt>
    <trkpt lat="42.325522" lon="-3.034788">
      <ele>846.9</ele>
    </trkpt>
    <trkpt lat="42.325468" lon="-3.035046">
      <ele>847.5</ele>
    </trkpt>
    <trkpt lat="42.325472" lon="-3.035206">
      <ele>847.8</ele>
    </trkpt>
    <trkpt lat="42.325613" lon="-3.035605">
      <ele>848.8</ele>
    </trkpt>
    <trkpt lat="42.325739" lon="-3.036112">
      <ele>850.1</ele>
    </trkpt>
    <trkpt lat="42.325649" lon="-3.036789">
      <ele>851.7</ele>
    </trkpt>
    <trkpt lat="42.325593" lon="-3.037029">
      <ele>852.3</ele>
    </trkpt>
    <trkpt lat="42.3256" lon="-3.037067">
      <ele>852.4</ele>
    </trkpt>
    <trkpt lat="42.325659" lon="-3.037531">
      <ele>853.4</ele>
    </trkpt>
    <trkpt lat="42.325662" lon="-3.037817">
      <ele>853.9</ele>
    </trkpt>
    <trkpt lat="42.325654" lon="-3.037864">
      <ele>854</ele>
    </trkpt>
    <trkpt lat="42.325607" lon="-3.038076">
      <ele>854.4</ele>
    </trkpt>
    <trkpt lat="42.325478" lon="-3.038647">
      <ele>855.7</ele>
    </trkpt>
    <trkpt lat="42.325434" lon="-3.038839">
      <ele>856.1</ele>
    </trkpt>
    <trkpt lat="42.325291" lon="-3.039468">
      <ele>857.9</ele>
    </trkpt>
    <trkpt lat="42.325261" lon="-3.039563">
      <ele>858.2</ele>
    </trkpt>
    <trkpt lat="42.325082" lon="-3.04036">
      <ele>860.4</ele>
    </trkpt>
    <trkpt lat="42.325147" lon="-3.040489">
      <ele>860.8</ele>
    </trkpt>
    <trkpt lat="42.325147" lon="-3.040582">
      <ele>861.1</ele>
    </trkpt>
    <trkpt lat="42.324878" lon="-3.041932">
      <ele>864.6</ele>
    </trkpt>
    <trkpt lat="42.324857" lon="-3.042144">
      <ele>864.9</ele>
    </trkpt>
    <trkpt lat="42.324885" lon="-3.042572">
      <ele>865.4</ele>
    </trkpt>
    <trkpt lat="42.324861" lon="-3.042983">
      <ele>865.8</ele>
    </trkpt>
    <trkpt lat="42.324885" lon="-3.04323">
      <ele>866.1</ele>
    </trkpt>
    <trkpt lat="42.324883" lon="-3.043662">
      <ele>866.6</ele>
    </trkpt>
    <trkpt lat="42.324804" lon="-3.044372">
      <ele>867.4</ele>
    </trkpt>
    <trkpt lat="42.324788" lon="-3.044942">
      <ele>868.1</ele>
    </trkpt>
    <trkpt lat="42.324752" lon="-3.045138">
      <ele>868.4</ele>
    </trkpt>
    <trkpt lat="42.324689" lon="-3.04594">
      <ele>869.5</ele>
    </trkpt>
    <trkpt lat="42.324683" lon="-3.046784">
      <ele>870.9</ele>
    </trkpt>
    <trkpt lat="42.324652" lon="-3.047377">
      <ele>871.8</ele>
    </trkpt>
    <trkpt lat="42.324336" lon="-3.048536">
      <ele>873.8</ele>
    </trkpt>
    <trkpt lat="42.324211" lon="-3.048957">
      <ele>874.7</ele>
    </trkpt>
    <trkpt lat="42.324184" lon="-3.049044">
      <ele>874.9</ele>
    </trkpt>
    <trkpt lat="42.321575" lon="-3.057695">
      <ele>899.4</ele>
    </trkpt>
    <trkpt lat="42.321531" lon="-3.057742">
      <ele>899.6</ele>
    </trkpt>
    <trkpt lat="42.321548" lon="-3.058146">
      <ele>900.5</ele>
    </trkpt>
    <trkpt lat="42.321469" lon="-3.059182">
      <ele>902.2</ele>
    </trkpt>
    <trkpt lat="42.321508" lon="-3.059827">
      <ele>902.7</ele>
    </trkpt>
    <trkpt lat="42.321506" lon="-3.060056">
      <ele>902.9</ele>
    </trkpt>
    <trkpt lat="42.321468" lon="-3.06035">
      <ele>903.1</ele>
    </trkpt>
    <trkpt lat="42.321477" lon="-3.060679">
      <ele>903.4</ele>
    </trkpt>
    <trkpt lat="42.321418" lon="-3.060855">
      <ele>903.6</ele>
    </trkpt>
    <trkpt lat="42.321365" lon="-3.060922">
      <ele>903.7</ele>
    </trkpt>
    <trkpt lat="42.321206" lon="-3.061004">
      <ele>904</ele>
    </trkpt>
    <trkpt lat="42.321161" lon="-3.061378">
      <ele>904.5</ele>
    </trkpt>
    <trkpt lat="42.321059" lon="-3.061515">
      <ele>904.9</ele>
    </trkpt>
    <trkpt lat="42.321056" lon="-3.061679">
      <ele>905.2</ele>
    </trkpt>
    <trkpt lat="42.320975" lon="-3.061975">
      <ele>905.8</ele>
    </trkpt>
    <trkpt lat="42.320724" lon="-3.06262">
      <ele>907.6</ele>
    </trkpt>
    <trkpt lat="42.320709" lon="-3.0628">
      <ele>908</ele>
    </trkpt>
    <trkpt lat="42.320667" lon="-3.062907">
      <ele>908.3</ele>
    </trkpt>
    <trkpt lat="42.320576" lon="-3.06304">
      <ele>908.8</ele>
    </trkpt>
    <trkpt lat="42.320548" lon="-3.063232">
      <ele>909.3</ele>
    </trkpt>
    <trkpt lat="42.320652" lon="-3.063444">
      <ele>909.9</ele>
    </trkpt>
    <trkpt lat="42.320659" lon="-3.063547">
      <ele>910.1</ele>
    </trkpt>
    <trkpt lat="42.320538" lon="-3.063965">
      <ele>911.2</ele>
    </trkpt>
    <trkpt lat="42.320346" lon="-3.064418">
      <ele>912.6</ele>
    </trkpt>
    <trkpt lat="42.31983" lon="-3.065464">
      <ele>917</ele>
    </trkpt>
    <trkpt lat="42.319768" lon="-3.065541">
      <ele>917.5</ele>
    </trkpt>
    <trkpt lat="42.319502" lon="-3.065436">
      <ele>919</ele>
    </trkpt>
    <trkpt lat="42.31913" lon="-3.065435">
      <ele>921.1</ele>
    </trkpt>
    <trkpt lat="42.319113" lon="-3.06549">
      <ele>921.3</ele>
    </trkpt>
    <trkpt lat="42.318631" lon="-3.067099">
      <ele>927.5</ele>
    </trkpt>
    <trkpt lat="42.318592" lon="-3.067238">
      <ele>927.8</ele>
    </trkpt>
    <trkpt lat="42.318485" lon="-3.06759">
      <ele>928.7</ele>
    </trkpt>
    <trkpt lat="42.318279" lon="-3.06827">
      <ele>930</ele>
    </trkpt>
    <trkpt lat="42.318248" lon="-3.068385">
      <ele>930.2</ele>
    </trkpt>
    <trkpt lat="42.31783" lon="-3.06983">
      <ele>931.9</ele>
    </trkpt>
    <trkpt lat="42.317805" lon="-3.069993">
      <ele>932</ele>
    </trkpt>
    <trkpt lat="42.317806" lon="-3.0704">
      <ele>932.4</ele>
    </trkpt>
    <trkpt lat="42.317858" lon="-3.070641">
      <ele>932.6</ele>
    </trkpt>
    <trkpt lat="42.317952" lon="-3.070873">
      <ele>932.8</ele>
    </trkpt>
    <trkpt lat="42.318086" lon="-3.071109">
      <ele>933.2</ele>
    </trkpt>
    <trkpt lat="42.318114" lon="-3.071159">
      <ele>933.3</ele>
    </trkpt>
    <trkpt lat="42.318337" lon="-3.071514">
      <ele>934.1</ele>
    </trkpt>
    <trkpt lat="42.3186" lon="-3.07195">
      <ele>935.7</ele>
    </trkpt>
    <trkpt lat="42.31888" lon="-3.07268">
      <ele>939.2</ele>
    </trkpt>
    <trkpt lat="42.319014" lon="-3.073478">
      <ele>943.3</ele>
    </trkpt>
    <trkpt lat="42.319034" lon="-3.074246">
      <ele>946.9</ele>
    </trkpt>
    <trkpt lat="42.319016" lon="-3.074509">
      <ele>948.1</ele>
    </trkpt>
    <trkpt lat="42.318985" lon="-3.07479">
      <ele>949.3</ele>
    </trkpt>
    <trkpt lat="42.318705" lon="-3.076289">
      <ele>955.3</ele>
    </trkpt>
    <trkpt lat="42.318149" lon="-3.078146">
      <ele>962.4</ele>
    </trkpt>
    <trkpt lat="42.318108" lon="-3.078282">
      <ele>962.8</ele>
    </trkpt>
    <trkpt lat="42.318069" lon="-3.078412">
      <ele>963.3</ele>
    </trkpt>
    <trkpt lat="42.318046" lon="-3.078567">
      <ele>963.8</ele>
    </trkpt>
    <trkpt lat="42.317996" lon="-3.0789">
      <ele>964.9</ele>
    </trkpt>
    <trkpt lat="42.317909" lon="-3.079131">
      <ele>965.7</ele>
    </trkpt>
    <trkpt lat="42.31778" lon="-3.079377">
      <ele>966.7</ele>
    </trkpt>
    <trkpt lat="42.31684" lon="-3.08128">
      <ele>975</ele>
    </trkpt>
    <trkpt lat="42.316689" lon="-3.081563">
      <ele>976.2</ele>
    </trkpt>
    <trkpt lat="42.316696" lon="-3.081799">
      <ele>977</ele>
    </trkpt>
    <trkpt lat="42.316737" lon="-3.081851">
      <ele>977.3</ele>
    </trkpt>
    <trkpt lat="42.316789" lon="-3.081876">
      <ele>977.5</ele>
    </trkpt>
    <trkpt lat="42.316849" lon="-3.081856">
      <ele>977.8</ele>
    </trkpt>
    <trkpt lat="42.316907" lon="-3.081793">
      <ele>978.2</ele>
    </trkpt>
    <trkpt lat="42.317203" lon="-3.081182">
      <ele>980.9</ele>
    </trkpt>
    <trkpt lat="42.317435" lon="-3.080925">
      <ele>982.3</ele>
    </trkpt>
    <trkpt lat="42.31787" lon="-3.08079">
      <ele>984</ele>
    </trkpt>
    <trkpt lat="42.31811" lon="-3.08062">
      <ele>985.1</ele>
    </trkpt>
    <trkpt lat="42.31825" lon="-3.08045">
      <ele>985.9</ele>
    </trkpt>
    <trkpt lat="42.319183" lon="-3.07894">
      <ele>991.9</ele>
    </trkpt>
    <trkpt lat="42.319614" lon="-3.077978">
      <ele>995.7</ele>
    </trkpt>
    <trkpt lat="42.319807" lon="-3.077662">
      <ele>997.2</ele>
    </trkpt>
    <trkpt lat="42.31993" lon="-3.077644">
      <ele>997.8</ele>
    </trkpt>
    <trkpt lat="42.319974" lon="-3.077709">
      <ele>998.1</ele>
    </trkpt>
    <trkpt lat="42.31998" lon="-3.07783">
      <ele>998.5</ele>
    </trkpt>
    <trkpt lat="42.319947" lon="-3.077935">
      <ele>999</ele>
    </trkpt>
    <trkpt lat="42.319734" lon="-3.078313">
      <ele>1000.8</ele>
    </trkpt>
    <trkpt lat="42.319614" lon="-3.078596">
      <ele>1002.2</ele>
    </trkpt>
    <trkpt lat="42.31912" lon="-3.080265">
      <ele>1010.1</ele>
    </trkpt>
    <trkpt lat="42.318882" lon="-3.081371">
      <ele>1015.6</ele>
    </trkpt>
    <trkpt lat="42.318815" lon="-3.081544">
      <ele>1016.5</ele>
    </trkpt>
    <trkpt lat="42.31875" lon="-3.081651">
      <ele>1017.1</ele>
    </trkpt>
    <trkpt lat="42.317986" lon="-3.082533">
      <ele>1021.2</ele>
    </trkpt>
    <trkpt lat="42.317768" lon="-3.082879">
      <ele>1021.9</ele>
    </trkpt>
    <trkpt lat="42.31761" lon="-3.083256">
      <ele>1022.5</ele>
    </trkpt>
    <trkpt lat="42.3174" lon="-3.084056">
      <ele>1024</ele>
    </trkpt>
    <trkpt lat="42.3173" lon="-3.084545">
      <ele>1025.4</ele>
    </trkpt>
    <trkpt lat="42.317252" lon="-3.085508">
      <ele>1030.8</ele>
    </trkpt>
    <trkpt lat="42.3173" lon="-3.085894">
      <ele>1034.1</ele>
    </trkpt>
    <trkpt lat="42.31737" lon="-3.086057">
      <ele>1035.8</ele>
    </trkpt>
    <trkpt lat="42.317515" lon="-3.086228">
      <ele>1038.3</ele>
    </trkpt>
    <trkpt lat="42.317767" lon="-3.086382">
      <ele>1042.2</ele>
    </trkpt>
    <trkpt lat="42.317913" lon="-3.086439">
      <ele>1044.5</ele>
    </trkpt>
    <trkpt lat="42.318105" lon="-3.086463">
      <ele>1047.4</ele>
    </trkpt>
    <trkpt lat="42.318365" lon="-3.086388">
      <ele>1051.3</ele>
    </trkpt>
    <trkpt lat="42.31852" lon="-3.086342">
      <ele>1053.3</ele>
    </trkpt>
    <trkpt lat="42.318761" lon="-3.086348">
      <ele>1055.7</ele>
    </trkpt>
    <trkpt lat="42.318923" lon="-3.086425">
      <ele>1057</ele>
    </trkpt>
    <trkpt lat="42.319035" lon="-3.086589">
      <ele>1058.1</ele>
    </trkpt>
    <trkpt lat="42.319069" lon="-3.086729">
      <ele>1058.6</ele>
    </trkpt>
    <trkpt lat="42.319066" lon="-3.08684">
      <ele>1059</ele>
    </trkpt>
    <trkpt lat="42.31903" lon="-3.08692">
      <ele>1059.3</ele>
    </trkpt>
    <trkpt lat="42.318922" lon="-3.087032">
      <ele>1059.8</ele>
    </trkpt>
    <trkpt lat="42.318618" lon="-3.087257">
      <ele>1060.4</ele>
    </trkpt>
    <trkpt lat="42.318105" lon="-3.087968">
      <ele>1058.7</ele>
    </trkpt>
    <trkpt lat="42.317833" lon="-3.088226">
      <ele>1057.9</ele>
    </trkpt>
    <trkpt lat="42.317457" lon="-3.088709">
      <ele>1058.1</ele>
    </trkpt>
    <trkpt lat="42.317415" lon="-3.088822">
      <ele>1058.2</ele>
    </trkpt>
    <trkpt lat="42.317398" lon="-3.088989">
      <ele>1058.3</ele>
    </trkpt>
    <trkpt lat="42.317351" lon="-3.090383">
      <ele>1061.9</ele>
    </trkpt>
    <trkpt lat="42.317411" lon="-3.09109">
      <ele>1065.8</ele>
    </trkpt>
    <trkpt lat="42.317498" lon="-3.091707">
      <ele>1069.9</ele>
    </trkpt>
    <trkpt lat="42.317589" lon="-3.092163">
      <ele>1073.1</ele>
    </trkpt>
    <trkpt lat="42.317624" lon="-3.092774">
      <ele>1077.4</ele>
    </trkpt>
    <trkpt lat="42.318539" lon="-3.095537">
      <ele>1094</ele>
    </trkpt>
    <trkpt lat="42.318564" lon="-3.095789">
      <ele>1095.1</ele>
    </trkpt>
    <trkpt lat="42.318456" lon="-3.096184">
      <ele>1097</ele>
    </trkpt>
    <trkpt lat="42.31841" lon="-3.096524">
      <ele>1098.6</ele>
    </trkpt>
    <trkpt lat="42.318519" lon="-3.097499">
      <ele>1103.5</ele>
    </trkpt>
    <trkpt lat="42.318523" lon="-3.097733">
      <ele>1104.8</ele>
    </trkpt>
    <trkpt lat="42.318503" lon="-3.097824">
      <ele>1105.4</ele>
    </trkpt>
    <trkpt lat="42.318028" lon="-3.098206">
      <ele>1109.6</ele>
    </trkpt>
    <trkpt lat="42.317711" lon="-3.098829">
      <ele>1115</ele>
    </trkpt>
    <trkpt lat="42.3175" lon="-3.099315">
      <ele>1119.6</ele>
    </trkpt>
    <trkpt lat="42.317437" lon="-3.099404">
      <ele>1120.4</ele>
    </trkpt>
    <trkpt lat="42.317116" lon="-3.099613">
      <ele>1122.9</ele>
    </trkpt>
    <trkpt lat="42.316952" lon="-3.099686">
      <ele>1123.7</ele>
    </trkpt>
    <trkpt lat="42.316895" lon="-3.099735">
      <ele>1123.9</ele>
    </trkpt>
    <trkpt lat="42.316878" lon="-3.099791">
      <ele>1124.1</ele>
    </trkpt>
    <trkpt lat="42.316875" lon="-3.099887">
      <ele>1124.4</ele>
    </trkpt>
    <trkpt lat="42.316963" lon="-3.099946">
      <ele>1124.8</ele>
    </trkpt>
    <trkpt lat="42.317515" lon="-3.099683">
      <ele>1126.8</ele>
    </trkpt>
    <trkpt lat="42.31762" lon="-3.099592">
      <ele>1127</ele>
    </trkpt>
    <trkpt lat="42.318092" lon="-3.098933">
      <ele>1127.2</ele>
    </trkpt>
    <trkpt lat="42.318248" lon="-3.098579">
      <ele>1127.8</ele>
    </trkpt>
    <trkpt lat="42.318319" lon="-3.098511">
      <ele>1128.1</ele>
    </trkpt>
    <trkpt lat="42.318758" lon="-3.098494">
      <ele>1129.4</ele>
    </trkpt>
    <trkpt lat="42.3189" lon="-3.09844">
      <ele>1129.8</ele>
    </trkpt>
    <trkpt lat="42.318963" lon="-3.098373">
      <ele>1130</ele>
    </trkpt>
    <trkpt lat="42.319002" lon="-3.098262">
      <ele>1130.2</ele>
    </trkpt>
    <trkpt lat="42.318989" lon="-3.097795">
      <ele>1131.3</ele>
    </trkpt>
    <trkpt lat="42.319135" lon="-3.097061">
      <ele>1133.4</ele>
    </trkpt>
    <trkpt lat="42.319182" lon="-3.09691">
      <ele>1134</ele>
    </trkpt>
    <trkpt lat="42.319524" lon="-3.096384">
      <ele>1136.6</ele>
    </trkpt>
    <trkpt lat="42.319592" lon="-3.096222">
      <ele>1137.5</ele>
    </trkpt>
    <trkpt lat="42.319619" lon="-3.096056">
      <ele>1138.3</ele>
    </trkpt>
    <trkpt lat="42.319634" lon="-3.095765">
      <ele>1139.8</ele>
    </trkpt>
    <trkpt lat="42.319587" lon="-3.095187">
      <ele>1142.9</ele>
    </trkpt>
    <trkpt lat="42.319511" lon="-3.094756">
      <ele>1145.5</ele>
    </trkpt>
    <trkpt lat="42.319339" lon="-3.094172">
      <ele>1148.6</ele>
    </trkpt>
    <trkpt lat="42.319185" lon="-3.093576">
      <ele>1151.1</ele>
    </trkpt>
    <trkpt lat="42.319222" lon="-3.093435">
      <ele>1151.9</ele>
    </trkpt>
    <trkpt lat="42.319314" lon="-3.093424">
      <ele>1152.5</ele>
    </trkpt>
    <trkpt lat="42.319361" lon="-3.093475">
      <ele>1152.9</ele>
    </trkpt>
    <trkpt lat="42.319476" lon="-3.094003">
      <ele>1156.1</ele>
    </trkpt>
    <trkpt lat="42.319911" lon="-3.094997">
      <ele>1163.1</ele>
    </trkpt>
    <trkpt lat="42.320054" lon="-3.095497">
      <ele>1166.6</ele>
    </trkpt>
    <trkpt lat="42.320159" lon="-3.096049">
      <ele>1170</ele>
    </trkpt>
    <trkpt lat="42.32013" lon="-3.096467">
      <ele>1172.4</ele>
    </trkpt>
    <trkpt lat="42.319941" lon="-3.097452">
      <ele>1178.1</ele>
    </trkpt>
    <trkpt lat="42.319936" lon="-3.097665">
      <ele>1179.4</ele>
    </trkpt>
    <trkpt lat="42.320006" lon="-3.098219">
      <ele>1183.5</ele>
    </trkpt>
    <trkpt lat="42.32002" lon="-3.098509">
      <ele>1185.9</ele>
    </trkpt>
    <trkpt lat="42.320028" lon="-3.099475">
      <ele>1194.7</ele>
    </trkpt>
    <trkpt lat="42.319874" lon="-3.100263">
      <ele>1199.2</ele>
    </trkpt>
    <trkpt lat="42.319784" lon="-3.100517">
      <ele>1199.9</ele>
    </trkpt>
    <trkpt lat="42.319716" lon="-3.100622">
      <ele>1200.1</ele>
    </trkpt>
    <trkpt lat="42.319632" lon="-3.100675">
      <ele>1200.2</ele>
    </trkpt>
    <trkpt lat="42.319561" lon="-3.100677">
      <ele>1200.4</ele>
    </trkpt>
    <trkpt lat="42.319045" lon="-3.10036">
      <ele>1200.8</ele>
    </trkpt>
    <trkpt lat="42.31894" lon="-3.100363">
      <ele>1200.7</ele>
    </trkpt>
    <trkpt lat="42.318865" lon="-3.100414">
      <ele>1200.7</ele>
    </trkpt>
    <trkpt lat="42.318818" lon="-3.100495">
      <ele>1200.6</ele>
    </trkpt>
    <trkpt lat="42.318469" lon="-3.10192">
      <ele>1205.1</ele>
    </trkpt>
    <trkpt lat="42.318336" lon="-3.102218">
      <ele>1207.6</ele>
    </trkpt>
    <trkpt lat="42.318135" lon="-3.1025">
      <ele>1210.8</ele>
    </trkpt>
    <trkpt lat="42.318024" lon="-3.102817">
      <ele>1214</ele>
    </trkpt>
    <trkpt lat="42.317877" lon="-3.103419">
      <ele>1220.7</ele>
    </trkpt>
    <trkpt lat="42.317829" lon="-3.104044">
      <ele>1226.5</ele>
    </trkpt>
    <trkpt lat="42.317835" lon="-3.104312">
      <ele>1228.5</ele>
    </trkpt>
    <trkpt lat="42.317961" lon="-3.104518">
      <ele>1230.1</ele>
    </trkpt>
    <trkpt lat="42.318125" lon="-3.104682">
      <ele>1231.4</ele>
    </trkpt>
    <trkpt lat="42.318223" lon="-3.104861">
      <ele>1232.1</ele>
    </trkpt>
    <trkpt lat="42.318253" lon="-3.105089">
      <ele>1232.6</ele>
    </trkpt>
    <trkpt lat="42.318124" lon="-3.106478">
      <ele>1228.8</ele>
    </trkpt>
    <trkpt lat="42.318088" lon="-3.107099">
      <ele>1225.5</ele>
    </trkpt>
    <trkpt lat="42.318036" lon="-3.108032">
      <ele>1221.2</ele>
    </trkpt>
    <trkpt lat="42.317967" lon="-3.108356">
      <ele>1219.7</ele>
    </trkpt>
    <trkpt lat="42.317784" lon="-3.108973">
      <ele>1216.5</ele>
    </trkpt>
    <trkpt lat="42.31775" lon="-3.109383">
      <ele>1214.1</ele>
    </trkpt>
    <trkpt lat="42.317833" lon="-3.109936">
      <ele>1210.5</ele>
    </trkpt>
    <trkpt lat="42.317943" lon="-3.110364">
      <ele>1207</ele>
    </trkpt>
    <trkpt lat="42.318082" lon="-3.111237">
      <ele>1199.7</ele>
    </trkpt>
    <trkpt lat="42.318238" lon="-3.111715">
      <ele>1195.6</ele>
    </trkpt>
    <trkpt lat="42.319037" lon="-3.113982">
      <ele>1180.8</ele>
    </trkpt>
    <trkpt lat="42.31906" lon="-3.114194">
      <ele>1179.3</ele>
    </trkpt>
    <trkpt lat="42.319002" lon="-3.114374">
      <ele>1177.9</ele>
    </trkpt>
    <trkpt lat="42.31867" lon="-3.114979">
      <ele>1172.7</ele>
    </trkpt>
    <trkpt lat="42.318639" lon="-3.115161">
      <ele>1171.5</ele>
    </trkpt>
    <trkpt lat="42.318699" lon="-3.115677">
      <ele>1168</ele>
    </trkpt>
    <trkpt lat="42.318846" lon="-3.116261">
      <ele>1164</ele>
    </trkpt>
    <trkpt lat="42.318972" lon="-3.116724">
      <ele>1161.1</ele>
    </trkpt>
    <trkpt lat="42.319313" lon="-3.118347">
      <ele>1152.5</ele>
    </trkpt>
    <trkpt lat="42.319417" lon="-3.118599">
      <ele>1151.2</ele>
    </trkpt>
    <trkpt lat="42.319577" lon="-3.118873">
      <ele>1149.8</ele>
    </trkpt>
    <trkpt lat="42.319612" lon="-3.118987">
      <ele>1149.4</ele>
    </trkpt>
    <trkpt lat="42.319527" lon="-3.119374">
      <ele>1148</ele>
    </trkpt>
    <trkpt lat="42.319515" lon="-3.119556">
      <ele>1147.3</ele>
    </trkpt>
    <trkpt lat="42.319596" lon="-3.120012">
      <ele>1145.7</ele>
    </trkpt>
    <trkpt lat="42.319609" lon="-3.12031">
      <ele>1144.6</ele>
    </trkpt>
    <trkpt lat="42.319529" lon="-3.120754">
      <ele>1142.7</ele>
    </trkpt>
    <trkpt lat="42.319319" lon="-3.121383">
      <ele>1139.9</ele>
    </trkpt>
    <trkpt lat="42.319292" lon="-3.121592">
      <ele>1139.2</ele>
    </trkpt>
    <trkpt lat="42.319334" lon="-3.121913">
      <ele>1138.3</ele>
    </trkpt>
    <trkpt lat="42.319387" lon="-3.122041">
      <ele>1137.9</ele>
    </trkpt>
    <trkpt lat="42.319496" lon="-3.122199">
      <ele>1137.5</ele>
    </trkpt>
    <trkpt lat="42.319916" lon="-3.122599">
      <ele>1137.2</ele>
    </trkpt>
    <trkpt lat="42.320013" lon="-3.12265">
      <ele>1137.2</ele>
    </trkpt>
    <trkpt lat="42.320274" lon="-3.1227">
      <ele>1137.2</ele>
    </trkpt>
    <trkpt lat="42.320495" lon="-3.122793">
      <ele>1136.9</ele>
    </trkpt>
    <trkpt lat="42.320813" lon="-3.122984">
      <ele>1136</ele>
    </trkpt>
    <trkpt lat="42.320907" lon="-3.12307">
      <ele>1135.5</ele>
    </trkpt>
    <trkpt lat="42.320944" lon="-3.123174">
      <ele>1135.1</ele>
    </trkpt>
    <trkpt lat="42.320897" lon="-3.123351">
      <ele>1134.3</ele>
    </trkpt>
    <trkpt lat="42.320448" lon="-3.123843">
      <ele>1130.3</ele>
    </trkpt>
    <trkpt lat="42.320228" lon="-3.12422">
      <ele>1127.2</ele>
    </trkpt>
    <trkpt lat="42.320068" lon="-3.124439">
      <ele>1125.1</ele>
    </trkpt>
    <trkpt lat="42.319983" lon="-3.124608">
      <ele>1123.9</ele>
    </trkpt>
    <trkpt lat="42.319933" lon="-3.124884">
      <ele>1122.2</ele>
    </trkpt>
    <trkpt lat="42.319826" lon="-3.12605">
      <ele>1117</ele>
    </trkpt>
    <trkpt lat="42.319715" lon="-3.126748">
      <ele>1114.7</ele>
    </trkpt>
    <trkpt lat="42.319718" lon="-3.126901">
      <ele>1114.2</ele>
    </trkpt>
    <trkpt lat="42.319764" lon="-3.127075">
      <ele>1113.7</ele>
    </trkpt>
    <trkpt lat="42.31993" lon="-3.127505">
      <ele>1112.2</ele>
    </trkpt>
    <trkpt lat="42.320037" lon="-3.127699">
      <ele>1111.4</ele>
    </trkpt>
    <trkpt lat="42.32025" lon="-3.127919">
      <ele>1110.1</ele>
    </trkpt>
    <trkpt lat="42.320674" lon="-3.128225">
      <ele>1107.8</ele>
    </trkpt>
    <trkpt lat="42.321094" lon="-3.128964">
      <ele>1104.9</ele>
    </trkpt>
    <trkpt lat="42.321464" lon="-3.129453">
      <ele>1103</ele>
    </trkpt>
    <trkpt lat="42.321702" lon="-3.129681">
      <ele>1102</ele>
    </trkpt>
    <trkpt lat="42.322015" lon="-3.12986">
      <ele>1100.6</ele>
    </trkpt>
    <trkpt lat="42.322145" lon="-3.130026">
      <ele>1099.8</ele>
    </trkpt>
    <trkpt lat="42.322248" lon="-3.130338">
      <ele>1098.4</ele>
    </trkpt>
    <trkpt lat="42.322268" lon="-3.130777">
      <ele>1096.3</ele>
    </trkpt>
    <trkpt lat="42.322394" lon="-3.132036">
      <ele>1087</ele>
    </trkpt>
    <trkpt lat="42.322335" lon="-3.132939">
      <ele>1081.4</ele>
    </trkpt>
    <trkpt lat="42.322277" lon="-3.133018">
      <ele>1080.9</ele>
    </trkpt>
    <trkpt lat="42.322234" lon="-3.133033">
      <ele>1080.7</ele>
    </trkpt>
    <trkpt lat="42.322178" lon="-3.133035">
      <ele>1080.4</ele>
    </trkpt>
    <trkpt lat="42.32205" lon="-3.132973">
      <ele>1079.7</ele>
    </trkpt>
    <trkpt lat="42.321836" lon="-3.132738">
      <ele>1078.7</ele>
    </trkpt>
    <trkpt lat="42.321747" lon="-3.132527">
      <ele>1078.3</ele>
    </trkpt>
    <trkpt lat="42.321607" lon="-3.131056">
      <ele>1078.1</ele>
    </trkpt>
    <trkpt lat="42.321562" lon="-3.130886">
      <ele>1077.9</ele>
    </trkpt>
    <trkpt lat="42.321455" lon="-3.130727">
      <ele>1077.6</ele>
    </trkpt>
    <trkpt lat="42.321107" lon="-3.130395">
      <ele>1076.3</ele>
    </trkpt>
    <trkpt lat="42.320918" lon="-3.130255">
      <ele>1075.3</ele>
    </trkpt>
    <trkpt lat="42.320403" lon="-3.129966">
      <ele>1071.8</ele>
    </trkpt>
    <trkpt lat="42.320049" lon="-3.129704">
      <ele>1068.9</ele>
    </trkpt>
    <trkpt lat="42.319789" lon="-3.129642">
      <ele>1066.8</ele>
    </trkpt>
    <trkpt lat="42.31932" lon="-3.129727">
      <ele>1062.9</ele>
    </trkpt>
    <trkpt lat="42.319216" lon="-3.129717">
      <ele>1062.1</ele>
    </trkpt>
    <trkpt lat="42.319006" lon="-3.129613">
      <ele>1060.3</ele>
    </trkpt>
    <trkpt lat="42.318865" lon="-3.129452">
      <ele>1058.9</ele>
    </trkpt>
    <trkpt lat="42.318779" lon="-3.129288">
      <ele>1057.8</ele>
    </trkpt>
    <trkpt lat="42.31863" lon="-3.128838">
      <ele>1055.4</ele>
    </trkpt>
    <trkpt lat="42.318579" lon="-3.128738">
      <ele>1054.9</ele>
    </trkpt>
    <trkpt lat="42.318478" lon="-3.128667">
      <ele>1054.3</ele>
    </trkpt>
    <trkpt lat="42.318418" lon="-3.128656">
      <ele>1054</ele>
    </trkpt>
    <trkpt lat="42.31836" lon="-3.128694">
      <ele>1053.7</ele>
    </trkpt>
    <trkpt lat="42.318301" lon="-3.128821">
      <ele>1053.1</ele>
    </trkpt>
    <trkpt lat="42.318306" lon="-3.128905">
      <ele>1052.8</ele>
    </trkpt>
    <trkpt lat="42.318514" lon="-3.129324">
      <ele>1051.5</ele>
    </trkpt>
    <trkpt lat="42.318635" lon="-3.129719">
      <ele>1050.6</ele>
    </trkpt>
    <trkpt lat="42.318737" lon="-3.130142">
      <ele>1049.7</ele>
    </trkpt>
    <trkpt lat="42.31888" lon="-3.130385">
      <ele>1049.1</ele>
    </trkpt>
    <trkpt lat="42.319007" lon="-3.13045">
      <ele>1048.7</ele>
    </trkpt>
    <trkpt lat="42.319287" lon="-3.13043">
      <ele>1047.8</ele>
    </trkpt>
    <trkpt lat="42.319401" lon="-3.130528">
      <ele>1047.3</ele>
    </trkpt>
    <trkpt lat="42.319471" lon="-3.130666">
      <ele>1046.8</ele>
    </trkpt>
    <trkpt lat="42.319508" lon="-3.130815">
      <ele>1046.3</ele>
    </trkpt>
    <trkpt lat="42.319495" lon="-3.131167">
      <ele>1045.1</ele>
    </trkpt>
    <trkpt lat="42.319531" lon="-3.131373">
      <ele>1044.2</ele>
    </trkpt>
    <trkpt lat="42.319968" lon="-3.131922">
      <ele>1040.5</ele>
    </trkpt>
    <trkpt lat="42.320021" lon="-3.132037">
      <ele>1039.8</ele>
    </trkpt>
    <trkpt lat="42.320037" lon="-3.132185">
      <ele>1039.1</ele>
    </trkpt>
    <trkpt lat="42.320015" lon="-3.132341">
      <ele>1038.3</ele>
    </trkpt>
    <trkpt lat="42.319819" lon="-3.132885">
      <ele>1035.6</ele>
    </trkpt>
    <trkpt lat="42.319769" lon="-3.133134">
      <ele>1034.5</ele>
    </trkpt>
    <trkpt lat="42.319801" lon="-3.133675">
      <ele>1032.2</ele>
    </trkpt>
    <trkpt lat="42.31993" lon="-3.134213">
      <ele>1030</ele>
    </trkpt>
    <trkpt lat="42.320017" lon="-3.134404">
      <ele>1029.2</ele>
    </trkpt>
    <trkpt lat="42.320668" lon="-3.135217">
      <ele>1024.6</ele>
    </trkpt>
    <trkpt lat="42.320671" lon="-3.135334">
      <ele>1024.1</ele>
    </trkpt>
    <trkpt lat="42.320595" lon="-3.135492">
      <ele>1023.2</ele>
    </trkpt>
    <trkpt lat="42.320463" lon="-3.135501">
      <ele>1022.2</ele>
    </trkpt>
    <trkpt lat="42.318941" lon="-3.134587">
      <ele>1009.5</ele>
    </trkpt>
    <trkpt lat="42.31886" lon="-3.134463">
      <ele>1008.9</ele>
    </trkpt>
    <trkpt lat="42.318809" lon="-3.134102">
      <ele>1007.5</ele>
    </trkpt>
    <trkpt lat="42.318666" lon="-3.133725">
      <ele>1005.9</ele>
    </trkpt>
    <trkpt lat="42.318664" lon="-3.133287">
      <ele>1003.9</ele>
    </trkpt>
    <trkpt lat="42.318655" lon="-3.133231">
      <ele>1003.6</ele>
    </trkpt>
    <trkpt lat="42.318607" lon="-3.133164">
      <ele>1003.2</ele>
    </trkpt>
    <trkpt lat="42.318535" lon="-3.133141">
      <ele>1002.7</ele>
    </trkpt>
    <trkpt lat="42.318176" lon="-3.133278">
      <ele>1000.1</ele>
    </trkpt>
    <trkpt lat="42.317952" lon="-3.13345">
      <ele>998.1</ele>
    </trkpt>
    <trkpt lat="42.317824" lon="-3.133432">
      <ele>997.2</ele>
    </trkpt>
    <trkpt lat="42.317625" lon="-3.133138">
      <ele>994.9</ele>
    </trkpt>
    <trkpt lat="42.317314" lon="-3.132795">
      <ele>992.2</ele>
    </trkpt>
    <trkpt lat="42.317049" lon="-3.13207">
      <ele>989.4</ele>
    </trkpt>
    <trkpt lat="42.316195" lon="-3.130654">
      <ele>986.8</ele>
    </trkpt>
    <trkpt lat="42.316029" lon="-3.13059">
      <ele>986.2</ele>
    </trkpt>
    <trkpt lat="42.31593" lon="-3.130688">
      <ele>985.8</ele>
    </trkpt>
    <trkpt lat="42.315878" lon="-3.130855">
      <ele>985.3</ele>
    </trkpt>
    <trkpt lat="42.315845" lon="-3.131005">
      <ele>984.8</ele>
    </trkpt>
    <trkpt lat="42.315773" lon="-3.13307">
      <ele>978.4</ele>
    </trkpt>
    <trkpt lat="42.31575" lon="-3.133217">
      <ele>978.2</ele>
    </trkpt>
    <trkpt lat="42.315633" lon="-3.13359">
      <ele>977.8</ele>
    </trkpt>
    <trkpt lat="42.315555" lon="-3.133755">
      <ele>977.7</ele>
    </trkpt>
    <trkpt lat="42.3155" lon="-3.133843">
      <ele>977.7</ele>
    </trkpt>
    <trkpt lat="42.315166" lon="-3.13415">
      <ele>977.7</ele>
    </trkpt>
    <trkpt lat="42.315007" lon="-3.13432">
      <ele>977.9</ele>
    </trkpt>
    <trkpt lat="42.314996" lon="-3.13447">
      <ele>978</ele>
    </trkpt>
    <trkpt lat="42.315175" lon="-3.135007">
      <ele>978.5</ele>
    </trkpt>
    <trkpt lat="42.315369" lon="-3.135504">
      <ele>978.5</ele>
    </trkpt>
    <trkpt lat="42.315432" lon="-3.135639">
      <ele>978.4</ele>
    </trkpt>
    <trkpt lat="42.315707" lon="-3.13614">
      <ele>977.8</ele>
    </trkpt>
    <trkpt lat="42.315728" lon="-3.136173">
      <ele>977.7</ele>
    </trkpt>
    <trkpt lat="42.316117" lon="-3.136644">
      <ele>976.1</ele>
    </trkpt>
    <trkpt lat="42.31634" lon="-3.136878">
      <ele>975</ele>
    </trkpt>
    <trkpt lat="42.316656" lon="-3.137196">
      <ele>973.5</ele>
    </trkpt>
    <trkpt lat="42.316771" lon="-3.137363">
      <ele>972.9</ele>
    </trkpt>
    <trkpt lat="42.316944" lon="-3.137714">
      <ele>971.9</ele>
    </trkpt>
    <trkpt lat="42.317659" lon="-3.139794">
      <ele>967.7</ele>
    </trkpt>
    <trkpt lat="42.318235" lon="-3.141486">
      <ele>963.4</ele>
    </trkpt>
    <trkpt lat="42.31872" lon="-3.142491">
      <ele>961</ele>
    </trkpt>
    <trkpt lat="42.320435" lon="-3.145886">
      <ele>956.5</ele>
    </trkpt>
    <trkpt lat="42.32135" lon="-3.147629">
      <ele>959.9</ele>
    </trkpt>
    <trkpt lat="42.321838" lon="-3.148288">
      <ele>962.5</ele>
    </trkpt>
    <trkpt lat="42.32222" lon="-3.148863">
      <ele>964.3</ele>
    </trkpt>
    <trkpt lat="42.322832" lon="-3.149887">
      <ele>964.4</ele>
    </trkpt>
    <trkpt lat="42.32322" lon="-3.150295">
      <ele>962.8</ele>
    </trkpt>
    <trkpt lat="42.323746" lon="-3.150789">
      <ele>960</ele>
    </trkpt>
    <trkpt lat="42.324084" lon="-3.151165">
      <ele>957.9</ele>
    </trkpt>
    <trkpt lat="42.325868" lon="-3.15408">
      <ele>947.2</ele>
    </trkpt>
    <trkpt lat="42.330173" lon="-3.160999">
      <ele>930</ele>
    </trkpt>
    <trkpt lat="42.334379" lon="-3.16773">
      <ele>924.1</ele>
    </trkpt>
    <trkpt lat="42.334616" lon="-3.168011">
      <ele>924.3</ele>
    </trkpt>
    <trkpt lat="42.334767" lon="-3.168122">
      <ele>924.5</ele>
    </trkpt>
    <trkpt lat="42.336229" lon="-3.169021">
      <ele>927.4</ele>
    </trkpt>
    <trkpt lat="42.336507" lon="-3.16926">
      <ele>927.8</ele>
    </trkpt>
    <trkpt lat="42.336625" lon="-3.16943">
      <ele>927.9</ele>
    </trkpt>
    <trkpt lat="42.338191" lon="-3.172123">
      <ele>927.5</ele>
    </trkpt>
    <trkpt lat="42.338489" lon="-3.172569">
      <ele>927.1</ele>
    </trkpt>
    <trkpt lat="42.338848" lon="-3.172875">
      <ele>926.5</ele>
    </trkpt>
    <trkpt lat="42.338998" lon="-3.173037">
      <ele>926.3</ele>
    </trkpt>
    <trkpt lat="42.339274" lon="-3.173434">
      <ele>925.6</ele>
    </trkpt>
    <trkpt lat="42.339461" lon="-3.173714">
      <ele>925</ele>
    </trkpt>
    <trkpt lat="42.339802" lon="-3.174164">
      <ele>923.8</ele>
    </trkpt>
    <trkpt lat="42.339868" lon="-3.174273">
      <ele>923.5</ele>
    </trkpt>
    <trkpt lat="42.340326" lon="-3.175041">
      <ele>922.3</ele>
    </trkpt>
    <trkpt lat="42.340454" lon="-3.175312">
      <ele>921.9</ele>
    </trkpt>
    <trkpt lat="42.340582" lon="-3.175876">
      <ele>921.3</ele>
    </trkpt>
    <trkpt lat="42.340581" lon="-3.176281">
      <ele>921</ele>
    </trkpt>
    <trkpt lat="42.340403" lon="-3.178153">
      <ele>921</ele>
    </trkpt>
    <trkpt lat="42.340346" lon="-3.178654">
      <ele>921.4</ele>
    </trkpt>
    <trkpt lat="42.340163" lon="-3.179304">
      <ele>922.3</ele>
    </trkpt>
    <trkpt lat="42.340118" lon="-3.17958">
      <ele>922.8</ele>
    </trkpt>
    <trkpt lat="42.340087" lon="-3.181964">
      <ele>929.9</ele>
    </trkpt>
    <trkpt lat="42.340099" lon="-3.182412">
      <ele>931.5</ele>
    </trkpt>
    <trkpt lat="42.340079" lon="-3.185325">
      <ele>941.1</ele>
    </trkpt>
    <trkpt lat="42.339529" lon="-3.190283">
      <ele>954.6</ele>
    </trkpt>
    <trkpt lat="42.339429" lon="-3.190775">
      <ele>955.4</ele>
    </trkpt>
    <trkpt lat="42.339206" lon="-3.191504">
      <ele>956.4</ele>
    </trkpt>
    <trkpt lat="42.335868" lon="-3.202061">
      <ele>974.8</ele>
    </trkpt>
    <trkpt lat="42.335641" lon="-3.202654">
      <ele>976.4</ele>
    </trkpt>
    <trkpt lat="42.334312" lon="-3.205185">
      <ele>980.8</ele>
    </trkpt>
    <trkpt lat="42.334205" lon="-3.205383">
      <ele>980.5</ele>
    </trkpt>
    <trkpt lat="42.334042" lon="-3.205583">
      <ele>979.9</ele>
    </trkpt>
    <trkpt lat="42.333865" lon="-3.205688">
      <ele>979.3</ele>
    </trkpt>
    <trkpt lat="42.333648" lon="-3.205714">
      <ele>978.4</ele>
    </trkpt>
    <trkpt lat="42.333153" lon="-3.205697">
      <ele>976.2</ele>
    </trkpt>
    <trkpt lat="42.332582" lon="-3.205664">
      <ele>973.8</ele>
    </trkpt>
    <trkpt lat="42.332366" lon="-3.205677">
      <ele>972.8</ele>
    </trkpt>
    <trkpt lat="42.332203" lon="-3.205735">
      <ele>971.9</ele>
    </trkpt>
    <trkpt lat="42.332099" lon="-3.205813">
      <ele>971.3</ele>
    </trkpt>
    <trkpt lat="42.331914" lon="-3.20604">
      <ele>969.9</ele>
    </trkpt>
    <trkpt lat="42.331626" lon="-3.206669">
      <ele>966.8</ele>
    </trkpt>
    <trkpt lat="42.331423" lon="-3.206889">
      <ele>965.1</ele>
    </trkpt>
    <trkpt lat="42.33123" lon="-3.206986">
      <ele>963.6</ele>
    </trkpt>
    <trkpt lat="42.331" lon="-3.206993">
      <ele>961.7</ele>
    </trkpt>
    <trkpt lat="42.329717" lon="-3.206568">
      <ele>952</ele>
    </trkpt>
    <trkpt lat="42.329475" lon="-3.206586">
      <ele>950.6</ele>
    </trkpt>
    <trkpt lat="42.328964" lon="-3.206795">
      <ele>948</ele>
    </trkpt>
    <trkpt lat="42.328724" lon="-3.206808">
      <ele>947.2</ele>
    </trkpt>
    <trkpt lat="42.328507" lon="-3.206713">
      <ele>946.6</ele>
    </trkpt>
    <trkpt lat="42.328273" lon="-3.206472">
      <ele>946</ele>
    </trkpt>
    <trkpt lat="42.32815" lon="-3.2063">
      <ele>945.7</ele>
    </trkpt>
    <trkpt lat="42.327898" lon="-3.20578">
      <ele>945.2</ele>
    </trkpt>
    <trkpt lat="42.327758" lon="-3.205586">
      <ele>945</ele>
    </trkpt>
    <trkpt lat="42.327643" lon="-3.20553">
      <ele>944.8</ele>
    </trkpt>
    <trkpt lat="42.327825" lon="-3.205919">
      <ele>944.4</ele>
    </trkpt>
    <trkpt lat="42.328101" lon="-3.206437">
      <ele>943.4</ele>
    </trkpt>
    <trkpt lat="42.328278" lon="-3.206706">
      <ele>942.7</ele>
    </trkpt>
    <trkpt lat="42.328696" lon="-3.207169">
      <ele>941.1</ele>
    </trkpt>
    <trkpt lat="42.329632" lon="-3.207999">
      <ele>937.6</ele>
    </trkpt>
    <trkpt lat="42.330607" lon="-3.209001">
      <ele>933.7</ele>
    </trkpt>
    <trkpt lat="42.330715" lon="-3.209138">
      <ele>933.3</ele>
    </trkpt>
    <trkpt lat="42.330845" lon="-3.209326">
      <ele>932.7</ele>
    </trkpt>
    <trkpt lat="42.331078" lon="-3.209721">
      <ele>931.5</ele>
    </trkpt>
    <trkpt lat="42.331938" lon="-3.211444">
      <ele>927.2</ele>
    </trkpt>
    <trkpt lat="42.332267" lon="-3.211977">
      <ele>926.1</ele>
    </trkpt>
    <trkpt lat="42.333105" lon="-3.21315">
      <ele>924.3</ele>
    </trkpt>
    <trkpt lat="42.333147" lon="-3.213209">
      <ele>924.2</ele>
    </trkpt>
    <trkpt lat="42.333352" lon="-3.213412">
      <ele>923.9</ele>
    </trkpt>
    <trkpt lat="42.333574" lon="-3.213564">
      <ele>923.5</ele>
    </trkpt>
    <trkpt lat="42.333826" lon="-3.213661">
      <ele>923.1</ele>
    </trkpt>
    <trkpt lat="42.334239" lon="-3.213706">
      <ele>922.4</ele>
    </trkpt>
    <trkpt lat="42.336697" lon="-3.213472">
      <ele>916.3</ele>
    </trkpt>
    <trkpt lat="42.337278" lon="-3.213391">
      <ele>915.2</ele>
    </trkpt>
    <trkpt lat="42.337612" lon="-3.213239">
      <ele>914.7</ele>
    </trkpt>
    <trkpt lat="42.337979" lon="-3.212987">
      <ele>914.1</ele>
    </trkpt>
    <trkpt lat="42.338447" lon="-3.212764">
      <ele>913.5</ele>
    </trkpt>
    <trkpt lat="42.338932" lon="-3.212656">
      <ele>913</ele>
    </trkpt>
    <trkpt lat="42.339589" lon="-3.212612">
      <ele>912.4</ele>
    </trkpt>
    <trkpt lat="42.33979" lon="-3.212535">
      <ele>912.1</ele>
    </trkpt>
    <trkpt lat="42.339968" lon="-3.212389">
      <ele>911.9</ele>
    </trkpt>
    <trkpt lat="42.340464" lon="-3.211851">
      <ele>910.9</ele>
    </trkpt>
    <trkpt lat="42.340815" lon="-3.211176">
      <ele>910.1</ele>
    </trkpt>
    <trkpt lat="42.340952" lon="-3.211044">
      <ele>909.8</ele>
    </trkpt>
    <trkpt lat="42.341184" lon="-3.210926">
      <ele>909.3</ele>
    </trkpt>
    <trkpt lat="42.341679" lon="-3.210886">
      <ele>908</ele>
    </trkpt>
    <trkpt lat="42.341957" lon="-3.210795">
      <ele>907.2</ele>
    </trkpt>
    <trkpt lat="42.344625" lon="-3.209136">
      <ele>895.4</ele>
    </trkpt>
    <trkpt lat="42.344937" lon="-3.209025">
      <ele>894.4</ele>
    </trkpt>
    <trkpt lat="42.345529" lon="-3.208908">
      <ele>893</ele>
    </trkpt>
    <trkpt lat="42.345897" lon="-3.208718">
      <ele>892.2</ele>
    </trkpt>
    <trkpt lat="42.346021" lon="-3.208632">
      <ele>891.9</ele>
    </trkpt>
    <trkpt lat="42.346623" lon="-3.208063">
      <ele>890.1</ele>
    </trkpt>
    <trkpt lat="42.346869" lon="-3.207863">
      <ele>889</ele>
    </trkpt>
    <trkpt lat="42.347977" lon="-3.20719">
      <ele>883.8</ele>
    </trkpt>
    <trkpt lat="42.348233" lon="-3.206965">
      <ele>882.7</ele>
    </trkpt>
    <trkpt lat="42.348893" lon="-3.206261">
      <ele>880.4</ele>
    </trkpt>
    <trkpt lat="42.350169" lon="-3.205248">
      <ele>878.4</ele>
    </trkpt>
    <trkpt lat="42.350985" lon="-3.204715">
      <ele>877</ele>
    </trkpt>
    <trkpt lat="42.351427" lon="-3.204489">
      <ele>875.5</ele>
    </trkpt>
    <trkpt lat="42.352485" lon="-3.204017">
      <ele>869.6</ele>
    </trkpt>
    <trkpt lat="42.352867" lon="-3.203782">
      <ele>867</ele>
    </trkpt>
    <trkpt lat="42.353288" lon="-3.203479">
      <ele>864.3</ele>
    </trkpt>
    <trkpt lat="42.353576" lon="-3.203278">
      <ele>862.9</ele>
    </trkpt>
    <trkpt lat="42.353824" lon="-3.203136">
      <ele>861.9</ele>
    </trkpt>
    <trkpt lat="42.354113" lon="-3.203064">
      <ele>861.1</ele>
    </trkpt>
    <trkpt lat="42.354397" lon="-3.203089">
      <ele>860.4</ele>
    </trkpt>
    <trkpt lat="42.354701" lon="-3.203185">
      <ele>859.9</ele>
    </trkpt>
    <trkpt lat="42.357434" lon="-3.204243">
      <ele>855.5</ele>
    </trkpt>
    <trkpt lat="42.359326" lon="-3.205056">
      <ele>854.1</ele>
    </trkpt>
    <trkpt lat="42.360215" lon="-3.205368">
      <ele>853.2</ele>
    </trkpt>
    <trkpt lat="42.360553" lon="-3.205549">
      <ele>852.4</ele>
    </trkpt>
    <trkpt lat="42.36079" lon="-3.205717">
      <ele>851.8</ele>
    </trkpt>
    <trkpt lat="42.360927" lon="-3.205856">
      <ele>851.3</ele>
    </trkpt>
    <trkpt lat="42.361118" lon="-3.206119">
      <ele>850.6</ele>
    </trkpt>
    <trkpt lat="42.361262" lon="-3.206384">
      <ele>850</ele>
    </trkpt>
    <trkpt lat="42.36149" lon="-3.206945">
      <ele>849</ele>
    </trkpt>
    <trkpt lat="42.361678" lon="-3.207323">
      <ele>848.4</ele>
    </trkpt>
    <trkpt lat="42.362096" lon="-3.207889">
      <ele>847.3</ele>
    </trkpt>
    <trkpt lat="42.362943" lon="-3.208953">
      <ele>845.4</ele>
    </trkpt>
    <trkpt lat="42.363104" lon="-3.209122">
      <ele>845.1</ele>
    </trkpt>
    <trkpt lat="42.36332" lon="-3.209294">
      <ele>844.8</ele>
    </trkpt>
    <trkpt lat="42.364573" lon="-3.209787">
      <ele>845.3</ele>
    </trkpt>
    <trkpt lat="42.364873" lon="-3.209853">
      <ele>845.4</ele>
    </trkpt>
    <trkpt lat="42.365249" lon="-3.209835">
      <ele>845.2</ele>
    </trkpt>
    <trkpt lat="42.365754" lon="-3.209761">
      <ele>844.3</ele>
    </trkpt>
    <trkpt lat="42.366144" lon="-3.209795">
      <ele>843.3</ele>
    </trkpt>
    <trkpt lat="42.366403" lon="-3.209895">
      <ele>842.3</ele>
    </trkpt>
    <trkpt lat="42.367455" lon="-3.210442">
      <ele>839</ele>
    </trkpt>
    <trkpt lat="42.367719" lon="-3.210437">
      <ele>838.7</ele>
    </trkpt>
    <trkpt lat="42.367908" lon="-3.21036">
      <ele>838.5</ele>
    </trkpt>
    <trkpt lat="42.368767" lon="-3.209611">
      <ele>838.6</ele>
    </trkpt>
    <trkpt lat="42.369039" lon="-3.209463">
      <ele>838.6</ele>
    </trkpt>
    <trkpt lat="42.36927" lon="-3.209386">
      <ele>838.6</ele>
    </trkpt>
    <trkpt lat="42.370089" lon="-3.209343">
      <ele>838.4</ele>
    </trkpt>
    <trkpt lat="42.370146" lon="-3.209344">
      <ele>838.3</ele>
    </trkpt>
    <trkpt lat="42.370805" lon="-3.209252">
      <ele>837.7</ele>
    </trkpt>
    <trkpt lat="42.371038" lon="-3.209263">
      <ele>837.4</ele>
    </trkpt>
    <trkpt lat="42.371309" lon="-3.209339">
      <ele>837.1</ele>
    </trkpt>
    <trkpt lat="42.372045" lon="-3.209654">
      <ele>835.9</ele>
    </trkpt>
    <trkpt lat="42.37234" lon="-3.209743">
      <ele>835.3</ele>
    </trkpt>
    <trkpt lat="42.373971" lon="-3.210072">
      <ele>831.2</ele>
    </trkpt>
    <trkpt lat="42.374247" lon="-3.210208">
      <ele>830.4</ele>
    </trkpt>
    <trkpt lat="42.375227" lon="-3.210878">
      <ele>827.8</ele>
    </trkpt>
    <trkpt lat="42.375417" lon="-3.211046">
      <ele>827.4</ele>
    </trkpt>
    <trkpt lat="42.376036" lon="-3.211694">
      <ele>826.1</ele>
    </trkpt>
    <trkpt lat="42.376275" lon="-3.211879">
      <ele>825.6</ele>
    </trkpt>
    <trkpt lat="42.376471" lon="-3.211988">
      <ele>825.3</ele>
    </trkpt>
    <trkpt lat="42.376834" lon="-3.212128">
      <ele>824.7</ele>
    </trkpt>
    <trkpt lat="42.378286" lon="-3.212356">
      <ele>823.1</ele>
    </trkpt>
    <trkpt lat="42.378563" lon="-3.21234">
      <ele>823</ele>
    </trkpt>
    <trkpt lat="42.378789" lon="-3.212255">
      <ele>822.9</ele>
    </trkpt>
    <trkpt lat="42.380239" lon="-3.211322">
      <ele>822.9</ele>
    </trkpt>
    <trkpt lat="42.380519" lon="-3.211187">
      <ele>822.9</ele>
    </trkpt>
    <trkpt lat="42.380917" lon="-3.211072">
      <ele>822.9</ele>
    </trkpt>
    <trkpt lat="42.382411" lon="-3.210849">
      <ele>822</ele>
    </trkpt>
    <trkpt lat="42.38292" lon="-3.210814">
      <ele>820.8</ele>
    </trkpt>
    <trkpt lat="42.384076" lon="-3.21078">
      <ele>816.9</ele>
    </trkpt>
    <trkpt lat="42.385355" lon="-3.210879">
      <ele>814.4</ele>
    </trkpt>
    <trkpt lat="42.386959" lon="-3.210775">
      <ele>815.5</ele>
    </trkpt>
    <trkpt lat="42.387239" lon="-3.210674">
      <ele>815.7</ele>
    </trkpt>
    <trkpt lat="42.387732" lon="-3.210356">
      <ele>815.5</ele>
    </trkpt>
    <trkpt lat="42.387955" lon="-3.210271">
      <ele>815.3</ele>
    </trkpt>
    <trkpt lat="42.388843" lon="-3.210168">
      <ele>814</ele>
    </trkpt>
    <trkpt lat="42.390888" lon="-3.210231">
      <ele>810.3</ele>
    </trkpt>
    <trkpt lat="42.391311" lon="-3.210276">
      <ele>808.9</ele>
    </trkpt>
    <trkpt lat="42.392183" lon="-3.210446">
      <ele>806</ele>
    </trkpt>
    <trkpt lat="42.392588" lon="-3.21048">
      <ele>805</ele>
    </trkpt>
    <trkpt lat="42.39464" lon="-3.210377">
      <ele>803.3</ele>
    </trkpt>
    <trkpt lat="42.395801" lon="-3.210442">
      <ele>800.7</ele>
    </trkpt>
    <trkpt lat="42.396394" lon="-3.210495">
      <ele>799.4</ele>
    </trkpt>
    <trkpt lat="42.396952" lon="-3.210718">
      <ele>798.7</ele>
    </trkpt>
    <trkpt lat="42.397478" lon="-3.210829">
      <ele>798.2</ele>
    </trkpt>
    <trkpt lat="42.397856" lon="-3.210823">
      <ele>798.4</ele>
    </trkpt>
    <trkpt lat="42.398377" lon="-3.210628">
      <ele>799.2</ele>
    </trkpt>
    <trkpt lat="42.399568" lon="-3.210114">
      <ele>801.9</ele>
    </trkpt>
    <trkpt lat="42.400001" lon="-3.209821">
      <ele>803.1</ele>
    </trkpt>
    <trkpt lat="42.400353" lon="-3.209461">
      <ele>803.6</ele>
    </trkpt>
    <trkpt lat="42.402966" lon="-3.206508">
      <ele>801.6</ele>
    </trkpt>
    <trkpt lat="42.403437" lon="-3.206004">
      <ele>801.8</ele>
    </trkpt>
    <trkpt lat="42.404061" lon="-3.205432">
      <ele>801.8</ele>
    </trkpt>
    <trkpt lat="42.407868" lon="-3.202147">
      <ele>792.6</ele>
    </trkpt>
    <trkpt lat="42.408247" lon="-3.201769">
      <ele>791</ele>
    </trkpt>
    <trkpt lat="42.40866" lon="-3.201308">
      <ele>789</ele>
    </trkpt>
    <trkpt lat="42.409194" lon="-3.200653">
      <ele>786.1</ele>
    </trkpt>
    <trkpt lat="42.409931" lon="-3.199802">
      <ele>783</ele>
    </trkpt>
    <trkpt lat="42.412961" lon="-3.196776">
      <ele>776.6</ele>
    </trkpt>
    <trkpt lat="42.413164" lon="-3.196578">
      <ele>776.3</ele>
    </trkpt>
    <trkpt lat="42.415407" lon="-3.194338">
      <ele>774.2</ele>
    </trkpt>
    <trkpt lat="42.416731" lon="-3.19301">
      <ele>773.5</ele>
    </trkpt>
    <trkpt lat="42.417257" lon="-3.192542">
      <ele>773.1</ele>
    </trkpt>
    <trkpt lat="42.41736" lon="-3.192459">
      <ele>773</ele>
    </trkpt>
    <trkpt lat="42.417819" lon="-3.192084">
      <ele>772.4</ele>
    </trkpt>
    <trkpt lat="42.418849" lon="-3.191245">
      <ele>772.7</ele>
    </trkpt>
    <trkpt lat="42.419099" lon="-3.191036">
      <ele>773</ele>
    </trkpt>
    <trkpt lat="42.419113" lon="-3.190963">
      <ele>773</ele>
    </trkpt>
    <trkpt lat="42.419134" lon="-3.190849">
      <ele>773</ele>
    </trkpt>
    <trkpt lat="42.419205" lon="-3.190423">
      <ele>772.7</ele>
    </trkpt>
    <trkpt lat="42.419214" lon="-3.190347">
      <ele>772.6</ele>
    </trkpt>
    <trkpt lat="42.41922" lon="-3.190303">
      <ele>772.6</ele>
    </trkpt>
    <trkpt lat="42.419219" lon="-3.190167">
      <ele>772.5</ele>
    </trkpt>
    <trkpt lat="42.419181" lon="-3.189937">
      <ele>772.4</ele>
    </trkpt>
    <trkpt lat="42.419178" lon="-3.189928">
      <ele>772.4</ele>
    </trkpt>
    <trkpt lat="42.419181" lon="-3.189937">
      <ele>772.4</ele>
    </trkpt>
    <trkpt lat="42.419219" lon="-3.190167">
      <ele>772.2</ele>
    </trkpt>
    <trkpt lat="42.41922" lon="-3.190303">
      <ele>772.2</ele>
    </trkpt>
    <trkpt lat="42.419214" lon="-3.190347">
      <ele>772.2</ele>
    </trkpt>
    <trkpt lat="42.419305" lon="-3.19054">
      <ele>771.9</ele>
    </trkpt>
    <trkpt lat="42.419635" lon="-3.190241">
      <ele>771.5</ele>
    </trkpt>
    <trkpt lat="42.419817" lon="-3.190666">
      <ele>770.6</ele>
    </trkpt>
    <trkpt lat="42.419864" lon="-3.19062">
      <ele>770.5</ele>
    </trkpt>
    <trkpt lat="42.420124" lon="-3.19033">
      <ele>770.2</ele>
    </trkpt>
    <trkpt lat="42.420149" lon="-3.190298">
      <ele>770.2</ele>
    </trkpt>
    <trkpt lat="42.420206" lon="-3.190228">
      <ele>770.2</ele>
    </trkpt>
    <trkpt lat="42.420566" lon="-3.190594">
      <ele>770.4</ele>
    </trkpt>
    <trkpt lat="42.420675" lon="-3.190625">
      <ele>770.5</ele>
    </trkpt>
    <trkpt lat="42.42069" lon="-3.190396">
      <ele>770.5</ele>
    </trkpt>
    <trkpt lat="42.420712" lon="-3.190055">
      <ele>770.3</ele>
    </trkpt>
    <trkpt lat="42.420867" lon="-3.190064">
      <ele>770</ele>
    </trkpt>
    <trkpt lat="42.421272" lon="-3.190074">
      <ele>769.1</ele>
    </trkpt>
    <trkpt lat="42.421242" lon="-3.190237">
      <ele>768.7</ele>
    </trkpt>
    <trkpt lat="42.42142" lon="-3.190281">
      <ele>768.3</ele>
    </trkpt>
    <trkpt lat="42.42156" lon="-3.190409">
      <ele>767.9</ele>
    </trkpt>
    <trkpt lat="42.421631" lon="-3.190489">
      <ele>767.6</ele>
    </trkpt>
    <trkpt lat="42.421946" lon="-3.190929">
      <ele>766.3</ele>
    </trkpt>
    <trkpt lat="42.422374" lon="-3.19061">
      <ele>764.9</ele>
    </trkpt>
    <trkpt lat="42.423062" lon="-3.190096">
      <ele>762.9</ele>
    </trkpt>
    <trkpt lat="42.423139" lon="-3.190036">
      <ele>762.7</ele>
    </trkpt>
    <trkpt lat="42.423438" lon="-3.189804">
      <ele>761.6</ele>
    </trkpt>
    <trkpt lat="42.423729" lon="-3.189586">
      <ele>760.6</ele>
    </trkpt>
    <trkpt lat="42.424021" lon="-3.189382">
      <ele>759.7</ele>
    </trkpt>
    <trkpt lat="42.424205" lon="-3.189215">
      <ele>759.2</ele>
    </trkpt>
    <trkpt lat="42.424283" lon="-3.189047">
      <ele>758.9</ele>
    </trkpt>
    <trkpt lat="42.424347" lon="-3.188714">
      <ele>758.5</ele>
    </trkpt>
    <trkpt lat="42.424435" lon="-3.18846">
      <ele>758.3</ele>
    </trkpt>
    <trkpt lat="42.424493" lon="-3.188369">
      <ele>758.2</ele>
    </trkpt>
    <trkpt lat="42.424592" lon="-3.188279">
      <ele>758</ele>
    </trkpt>
    <trkpt lat="42.42516" lon="-3.187883">
      <ele>757.4</ele>
    </trkpt>
    <trkpt lat="42.426329" lon="-3.187105">
      <ele>754.1</ele>
    </trkpt>
    <trkpt lat="42.426646" lon="-3.186883">
      <ele>753</ele>
    </trkpt>
    <trkpt lat="42.42758" lon="-3.186255">
      <ele>750.9</ele>
    </trkpt>
    <trkpt lat="42.433989" lon="-3.181945">
      <ele>744.6</ele>
    </trkpt>
    <trkpt lat="42.441033" lon="-3.177218">
      <ele>744.7</ele>
    </trkpt>
    <trkpt lat="42.441832" lon="-3.176659">
      <ele>746</ele>
    </trkpt>
    <trkpt lat="42.442757" lon="-3.175729">
      <ele>747.2</ele>
    </trkpt>
    <trkpt lat="42.446779" lon="-3.171548">
      <ele>744.6</ele>
    </trkpt>
    <trkpt lat="42.454206" lon="-3.163677">
      <ele>730.9</ele>
    </trkpt>
    <trkpt lat="42.457518" lon="-3.160172">
      <ele>725.3</ele>
    </trkpt>
    <trkpt lat="42.458808" lon="-3.1588">
      <ele>723.3</ele>
    </trkpt>
    <trkpt lat="42.45912" lon="-3.15838">
      <ele>722.7</ele>
    </trkpt>
    <trkpt lat="42.462442" lon="-3.153298">
      <ele>714.7</ele>
    </trkpt>
    <trkpt lat="42.470863" lon="-3.140814">
      <ele>681.3</ele>
    </trkpt>
    <trkpt lat="42.473226" lon="-3.137326">
      <ele>678.1</ele>
    </trkpt>
    <trkpt lat="42.475073" lon="-3.134594">
      <ele>673.2</ele>
    </trkpt>
    <trkpt lat="42.477869" lon="-3.130444">
      <ele>670</ele>
    </trkpt>
    <trkpt lat="42.478983" lon="-3.128796">
      <ele>668.4</ele>
    </trkpt>
    <trkpt lat="42.479058" lon="-3.128685">
      <ele>668.5</ele>
    </trkpt>
    <trkpt lat="42.47971" lon="-3.127721">
      <ele>669</ele>
    </trkpt>
    <trkpt lat="42.480766" lon="-3.126165">
      <ele>666.3</ele>
    </trkpt>
    <trkpt lat="42.481078" lon="-3.1256">
      <ele>665</ele>
    </trkpt>
    <trkpt lat="42.481326" lon="-3.125028">
      <ele>664.1</ele>
    </trkpt>
    <trkpt lat="42.481729" lon="-3.123684">
      <ele>662.6</ele>
    </trkpt>
    <trkpt lat="42.483151" lon="-3.118368">
      <ele>657.6</ele>
    </trkpt>
    <trkpt lat="42.485797" lon="-3.108557">
      <ele>642.7</ele>
    </trkpt>
    <trkpt lat="42.487369" lon="-3.102714">
      <ele>640.6</ele>
    </trkpt>
    <trkpt lat="42.48805" lon="-3.1002">
      <ele>637.8</ele>
    </trkpt>
    <trkpt lat="42.48823" lon="-3.09941">
      <ele>637</ele>
    </trkpt>
    <trkpt lat="42.488269" lon="-3.099146">
      <ele>636.7</ele>
    </trkpt>
    <trkpt lat="42.48833" lon="-3.098488">
      <ele>636.1</ele>
    </trkpt>
    <trkpt lat="42.48835" lon="-3.09784">
      <ele>635.4</ele>
    </trkpt>
    <trkpt lat="42.488255" lon="-3.095636">
      <ele>632.1</ele>
    </trkpt>
    <trkpt lat="42.488245" lon="-3.095203">
      <ele>631.3</ele>
    </trkpt>
    <trkpt lat="42.488276" lon="-3.094591">
      <ele>630.2</ele>
    </trkpt>
    <trkpt lat="42.488695" lon="-3.090133">
      <ele>624.9</ele>
    </trkpt>
    <trkpt lat="42.488814" lon="-3.089298">
      <ele>623.3</ele>
    </trkpt>
    <trkpt lat="42.489401" lon="-3.087042">
      <ele>619.1</ele>
    </trkpt>
    <trkpt lat="42.489594" lon="-3.086568">
      <ele>618.8</ele>
    </trkpt>
    <trkpt lat="42.489941" lon="-3.085985">
      <ele>618.6</ele>
    </trkpt>
    <trkpt lat="42.490112" lon="-3.085518">
      <ele>618.5</ele>
    </trkpt>
    <trkpt lat="42.491115" lon="-3.081988">
      <ele>614.6</ele>
    </trkpt>
    <trkpt lat="42.491453" lon="-3.081009">
      <ele>613.3</ele>
    </trkpt>
    <trkpt lat="42.491977" lon="-3.079602">
      <ele>611.7</ele>
    </trkpt>
    <trkpt lat="42.492884" lon="-3.077236">
      <ele>609.6</ele>
    </trkpt>
    <trkpt lat="42.49301" lon="-3.076821">
      <ele>609.4</ele>
    </trkpt>
    <trkpt lat="42.493049" lon="-3.076659">
      <ele>609.3</ele>
    </trkpt>
    <trkpt lat="42.493135" lon="-3.076215">
      <ele>609.1</ele>
    </trkpt>
    <trkpt lat="42.493202" lon="-3.075595">
      <ele>608.8</ele>
    </trkpt>
    <trkpt lat="42.493229" lon="-3.075292">
      <ele>608.7</ele>
    </trkpt>
    <trkpt lat="42.493378" lon="-3.0738">
      <ele>608.1</ele>
    </trkpt>
    <trkpt lat="42.49343" lon="-3.073581">
      <ele>607.9</ele>
    </trkpt>
    <trkpt lat="42.493532" lon="-3.07335">
      <ele>607.8</ele>
    </trkpt>
    <trkpt lat="42.493673" lon="-3.073144">
      <ele>607.6</ele>
    </trkpt>
    <trkpt lat="42.494176" lon="-3.072414">
      <ele>606.7</ele>
    </trkpt>
    <trkpt lat="42.494324" lon="-3.072138">
      <ele>606.3</ele>
    </trkpt>
    <trkpt lat="42.49449" lon="-3.071727">
      <ele>605.7</ele>
    </trkpt>
    <trkpt lat="42.494884" lon="-3.070805">
      <ele>604.3</ele>
    </trkpt>
    <trkpt lat="42.495268" lon="-3.070114">
      <ele>603.2</ele>
    </trkpt>
    <trkpt lat="42.495674" lon="-3.069343">
      <ele>602.6</ele>
    </trkpt>
    <trkpt lat="42.495844" lon="-3.068957">
      <ele>602.4</ele>
    </trkpt>
    <trkpt lat="42.496102" lon="-3.068226">
      <ele>602.2</ele>
    </trkpt>
    <trkpt lat="42.496133" lon="-3.06813">
      <ele>602.1</ele>
    </trkpt>
    <trkpt lat="42.496289" lon="-3.067508">
      <ele>601.9</ele>
    </trkpt>
    <trkpt lat="42.496328" lon="-3.06731">
      <ele>601.8</ele>
    </trkpt>
    <trkpt lat="42.496353" lon="-3.067179">
      <ele>601.8</ele>
    </trkpt>
    <trkpt lat="42.496459" lon="-3.066467">
      <ele>601.5</ele>
    </trkpt>
    <trkpt lat="42.496481" lon="-3.066253">
      <ele>601.4</ele>
    </trkpt>
    <trkpt lat="42.496533" lon="-3.065626">
      <ele>600.8</ele>
    </trkpt>
    <trkpt lat="42.496634" lon="-3.064267">
      <ele>599.6</ele>
    </trkpt>
    <trkpt lat="42.496795" lon="-3.06224">
      <ele>598.3</ele>
    </trkpt>
    <trkpt lat="42.496906" lon="-3.061492">
      <ele>597.9</ele>
    </trkpt>
    <trkpt lat="42.497094" lon="-3.060722">
      <ele>597.3</ele>
    </trkpt>
    <trkpt lat="42.497234" lon="-3.060258">
      <ele>597</ele>
    </trkpt>
    <trkpt lat="42.497598" lon="-3.059362">
      <ele>596.2</ele>
    </trkpt>
    <trkpt lat="42.498372" lon="-3.057758">
      <ele>594.6</ele>
    </trkpt>
    <trkpt lat="42.498649" lon="-3.057095">
      <ele>594.2</ele>
    </trkpt>
    <trkpt lat="42.498893" lon="-3.056372">
      <ele>594</ele>
    </trkpt>
    <trkpt lat="42.499241" lon="-3.055193">
      <ele>594</ele>
    </trkpt>
    <trkpt lat="42.499417" lon="-3.054711">
      <ele>593.9</ele>
    </trkpt>
    <trkpt lat="42.499548" lon="-3.054418">
      <ele>593.8</ele>
    </trkpt>
    <trkpt lat="42.500261" lon="-3.053053">
      <ele>593</ele>
    </trkpt>
    <trkpt lat="42.50038" lon="-3.05277">
      <ele>592.9</ele>
    </trkpt>
    <trkpt lat="42.500498" lon="-3.052408">
      <ele>592.7</ele>
    </trkpt>
    <trkpt lat="42.500589" lon="-3.052036">
      <ele>592.5</ele>
    </trkpt>
    <trkpt lat="42.500809" lon="-3.05112">
      <ele>592</ele>
    </trkpt>
    <trkpt lat="42.501003" lon="-3.050322">
      <ele>591.8</ele>
    </trkpt>
    <trkpt lat="42.501143" lon="-3.049778">
      <ele>591.7</ele>
    </trkpt>
    <trkpt lat="42.501449" lon="-3.048869">
      <ele>591.6</ele>
    </trkpt>
    <trkpt lat="42.501658" lon="-3.0483">
      <ele>591.4</ele>
    </trkpt>
    <trkpt lat="42.501776" lon="-3.047962">
      <ele>591.2</ele>
    </trkpt>
    <trkpt lat="42.501826" lon="-3.04782">
      <ele>591.1</ele>
    </trkpt>
    <trkpt lat="42.501931" lon="-3.0475">
      <ele>590.8</ele>
    </trkpt>
    <trkpt lat="42.502028" lon="-3.047106">
      <ele>590.4</ele>
    </trkpt>
    <trkpt lat="42.502108" lon="-3.046804">
      <ele>590</ele>
    </trkpt>
    <trkpt lat="42.50222" lon="-3.046383">
      <ele>589.2</ele>
    </trkpt>
    <trkpt lat="42.502329" lon="-3.045909">
      <ele>588.2</ele>
    </trkpt>
    <trkpt lat="42.502417" lon="-3.045505">
      <ele>587.3</ele>
    </trkpt>
    <trkpt lat="42.502463" lon="-3.045302">
      <ele>586.8</ele>
    </trkpt>
    <trkpt lat="42.502666" lon="-3.043893">
      <ele>583.9</ele>
    </trkpt>
    <trkpt lat="42.502774" lon="-3.042934">
      <ele>582.9</ele>
    </trkpt>
    <trkpt lat="42.503047" lon="-3.040165">
      <ele>581.8</ele>
    </trkpt>
    <trkpt lat="42.503066" lon="-3.03958">
      <ele>581.5</ele>
    </trkpt>
    <trkpt lat="42.503013" lon="-3.039051">
      <ele>581.1</ele>
    </trkpt>
    <trkpt lat="42.50271" lon="-3.037807">
      <ele>579.8</ele>
    </trkpt>
    <trkpt lat="42.502613" lon="-3.037228">
      <ele>579.3</ele>
    </trkpt>
    <trkpt lat="42.502494" lon="-3.035569">
      <ele>578.5</ele>
    </trkpt>
    <trkpt lat="42.50244" lon="-3.035118">
      <ele>578.3</ele>
    </trkpt>
    <trkpt lat="42.502379" lon="-3.034718">
      <ele>578.2</ele>
    </trkpt>
    <trkpt lat="42.501979" lon="-3.03277">
      <ele>577.1</ele>
    </trkpt>
    <trkpt lat="42.501919" lon="-3.032384">
      <ele>576.9</ele>
    </trkpt>
    <trkpt lat="42.501867" lon="-3.031809">
      <ele>576.7</ele>
    </trkpt>
    <trkpt lat="42.501842" lon="-3.030945">
      <ele>576.3</ele>
    </trkpt>
    <trkpt lat="42.501826" lon="-3.030646">
      <ele>576.2</ele>
    </trkpt>
    <trkpt lat="42.501731" lon="-3.030081">
      <ele>576</ele>
    </trkpt>
    <trkpt lat="42.501147" lon="-3.028416">
      <ele>575.2</ele>
    </trkpt>
    <trkpt lat="42.500947" lon="-3.027589">
      <ele>574.9</ele>
    </trkpt>
    <trkpt lat="42.500863" lon="-3.026971">
      <ele>574.5</ele>
    </trkpt>
    <trkpt lat="42.500738" lon="-3.024747">
      <ele>571.9</ele>
    </trkpt>
    <trkpt lat="42.500744" lon="-3.024475">
      <ele>571.3</ele>
    </trkpt>
    <trkpt lat="42.500806" lon="-3.024097">
      <ele>570.4</ele>
    </trkpt>
    <trkpt lat="42.501153" lon="-3.022621">
      <ele>566.4</ele>
    </trkpt>
    <trkpt lat="42.501184" lon="-3.022359">
      <ele>566.2</ele>
    </trkpt>
    <trkpt lat="42.501179" lon="-3.021651">
      <ele>565.9</ele>
    </trkpt>
    <trkpt lat="42.50117" lon="-3.021394">
      <ele>566</ele>
    </trkpt>
    <trkpt lat="42.501168" lon="-3.021024">
      <ele>566.5</ele>
    </trkpt>
    <trkpt lat="42.501064" lon="-3.021217">
      <ele>566.8</ele>
    </trkpt>
    <trkpt lat="42.501168" lon="-3.021024">
      <ele>567.2</ele>
    </trkpt>
    <trkpt lat="42.501329" lon="-3.020282">
      <ele>568.6</ele>
    </trkpt>
    <trkpt lat="42.501463" lon="-3.020245">
      <ele>568.9</ele>
    </trkpt>
    <trkpt lat="42.501703" lon="-3.020181">
      <ele>569.2</ele>
    </trkpt>
    <trkpt lat="42.501723" lon="-3.020176">
      <ele>569.2</ele>
    </trkpt>
    <trkpt lat="42.501898" lon="-3.020131">
      <ele>569.5</ele>
    </trkpt>
    <trkpt lat="42.502261" lon="-3.02003">
      <ele>569.8</ele>
    </trkpt>
    <trkpt lat="42.502524" lon="-3.01995">
      <ele>569.9</ele>
    </trkpt>
    <trkpt lat="42.503377" lon="-3.019619">
      <ele>569.4</ele>
    </trkpt>
    <trkpt lat="42.50349" lon="-3.019542">
      <ele>569.3</ele>
    </trkpt>
    <trkpt lat="42.503668" lon="-3.019348">
      <ele>569</ele>
    </trkpt>
    <trkpt lat="42.503733" lon="-3.01927">
      <ele>568.9</ele>
    </trkpt>
    <trkpt lat="42.503931" lon="-3.019022">
      <ele>568.5</ele>
    </trkpt>
    <trkpt lat="42.50435" lon="-3.018494">
      <ele>567.4</ele>
    </trkpt>
    <trkpt lat="42.504471" lon="-3.018258">
      <ele>567</ele>
    </trkpt>
    <trkpt lat="42.504506" lon="-3.018131">
      <ele>566.8</ele>
    </trkpt>
    <trkpt lat="42.504555" lon="-3.017551">
      <ele>566</ele>
    </trkpt>
    <trkpt lat="42.504576" lon="-3.017382">
      <ele>565.8</ele>
    </trkpt>
    <trkpt lat="42.504661" lon="-3.017103">
      <ele>565.4</ele>
    </trkpt>
    <trkpt lat="42.504804" lon="-3.016897">
      <ele>565</ele>
    </trkpt>
    <trkpt lat="42.50699" lon="-3.015073">
      <ele>562</ele>
    </trkpt>
    <trkpt lat="42.507395" lon="-3.014639">
      <ele>561.9</ele>
    </trkpt>
    <trkpt lat="42.507712" lon="-3.014197">
      <ele>562.1</ele>
    </trkpt>
    <trkpt lat="42.507998" lon="-3.013673">
      <ele>562.4</ele>
    </trkpt>
    <trkpt lat="42.50823" lon="-3.013089">
      <ele>563</ele>
    </trkpt>
    <trkpt lat="42.509064" lon="-3.010391">
      <ele>566.7</ele>
    </trkpt>
    <trkpt lat="42.50926" lon="-3.009774">
      <ele>567.8</ele>
    </trkpt>
    <trkpt lat="42.50935" lon="-3.009558">
      <ele>568.1</ele>
    </trkpt>
    <trkpt lat="42.50944" lon="-3.009385">
      <ele>568.5</ele>
    </trkpt>
    <trkpt lat="42.509639" lon="-3.009132">
      <ele>569</ele>
    </trkpt>
    <trkpt lat="42.509769" lon="-3.009015">
      <ele>569.3</ele>
    </trkpt>
    <trkpt lat="42.509998" lon="-3.008891">
      <ele>569.9</ele>
    </trkpt>
    <trkpt lat="42.51068" lon="-3.008678">
      <ele>572.2</ele>
    </trkpt>
    <trkpt lat="42.510939" lon="-3.00853">
      <ele>573.3</ele>
    </trkpt>
    <trkpt lat="42.511155" lon="-3.008284">
      <ele>574.4</ele>
    </trkpt>
    <trkpt lat="42.511602" lon="-3.007671">
      <ele>576.9</ele>
    </trkpt>
    <trkpt lat="42.511846" lon="-3.007491">
      <ele>577.8</ele>
    </trkpt>
    <trkpt lat="42.512655" lon="-3.007172">
      <ele>578.9</ele>
    </trkpt>
    <trkpt lat="42.512936" lon="-3.007021">
      <ele>578.6</ele>
    </trkpt>
    <trkpt lat="42.513041" lon="-3.006928">
      <ele>578.4</ele>
    </trkpt>
    <trkpt lat="42.513136" lon="-3.006827">
      <ele>578.2</ele>
    </trkpt>
    <trkpt lat="42.51331" lon="-3.006553">
      <ele>577.6</ele>
    </trkpt>
    <trkpt lat="42.513697" lon="-3.005713">
      <ele>575</ele>
    </trkpt>
    <trkpt lat="42.513856" lon="-3.005474">
      <ele>574.1</ele>
    </trkpt>
    <trkpt lat="42.514027" lon="-3.00531">
      <ele>573.4</ele>
    </trkpt>
    <trkpt lat="42.514249" lon="-3.005189">
      <ele>572.6</ele>
    </trkpt>
    <trkpt lat="42.514486" lon="-3.005154">
      <ele>572</ele>
    </trkpt>
    <trkpt lat="42.514739" lon="-3.0052">
      <ele>571.6</ele>
    </trkpt>
    <trkpt lat="42.514949" lon="-3.005272">
      <ele>571.4</ele>
    </trkpt>
    <trkpt lat="42.515454" lon="-3.005422">
      <ele>571.8</ele>
    </trkpt>
    <trkpt lat="42.515623" lon="-3.00544">
      <ele>572.1</ele>
    </trkpt>
    <trkpt lat="42.515903" lon="-3.00538">
      <ele>572.6</ele>
    </trkpt>
    <trkpt lat="42.516229" lon="-3.005179">
      <ele>573.2</ele>
    </trkpt>
    <trkpt lat="42.518604" lon="-3.003439">
      <ele>571.5</ele>
    </trkpt>
    <trkpt lat="42.519146" lon="-3.003154">
      <ele>570</ele>
    </trkpt>
    <trkpt lat="42.519593" lon="-3.002985">
      <ele>568.4</ele>
    </trkpt>
    <trkpt lat="42.523459" lon="-3.001929">
      <ele>549.6</ele>
    </trkpt>
    <trkpt lat="42.523828" lon="-3.001774">
      <ele>548.7</ele>
    </trkpt>
    <trkpt lat="42.524445" lon="-3.001361">
      <ele>548</ele>
    </trkpt>
    <trkpt lat="42.525673" lon="-3.000446">
      <ele>547.4</ele>
    </trkpt>
    <trkpt lat="42.525832" lon="-3.000327">
      <ele>547.2</ele>
    </trkpt>
    <trkpt lat="42.52634" lon="-2.999949">
      <ele>546.6</ele>
    </trkpt>
    <trkpt lat="42.526632" lon="-2.999714">
      <ele>546.1</ele>
    </trkpt>
    <trkpt lat="42.526988" lon="-2.99935">
      <ele>545.5</ele>
    </trkpt>
    <trkpt lat="42.527307" lon="-2.998913">
      <ele>545</ele>
    </trkpt>
    <trkpt lat="42.527796" lon="-2.998088">
      <ele>544.2</ele>
    </trkpt>
    <trkpt lat="42.528015" lon="-2.997644">
      <ele>543.8</ele>
    </trkpt>
    <trkpt lat="42.528118" lon="-2.997379">
      <ele>543.5</ele>
    </trkpt>
    <trkpt lat="42.528419" lon="-2.996456">
      <ele>542.8</ele>
    </trkpt>
    <trkpt lat="42.528657" lon="-2.995852">
      <ele>542.4</ele>
    </trkpt>
    <trkpt lat="42.529482" lon="-2.994341">
      <ele>541.2</ele>
    </trkpt>
    <trkpt lat="42.529685" lon="-2.993892">
      <ele>540.8</ele>
    </trkpt>
    <trkpt lat="42.529764" lon="-2.993665">
      <ele>540.7</ele>
    </trkpt>
    <trkpt lat="42.529818" lon="-2.993453">
      <ele>540.5</ele>
    </trkpt>
    <trkpt lat="42.529904" lon="-2.992882">
      <ele>540.2</ele>
    </trkpt>
    <trkpt lat="42.530063" lon="-2.990839">
      <ele>539.3</ele>
    </trkpt>
    <trkpt lat="42.530437" lon="-2.98856">
      <ele>537.8</ele>
    </trkpt>
    <trkpt lat="42.530698" lon="-2.987298">
      <ele>537</ele>
    </trkpt>
    <trkpt lat="42.530875" lon="-2.986597">
      <ele>536.6</ele>
    </trkpt>
    <trkpt lat="42.531555" lon="-2.984246">
      <ele>535.9</ele>
    </trkpt>
    <trkpt lat="42.531909" lon="-2.982901">
      <ele>535.3</ele>
    </trkpt>
    <trkpt lat="42.532176" lon="-2.981432">
      <ele>534.5</ele>
    </trkpt>
    <trkpt lat="42.532303" lon="-2.981024">
      <ele>534.2</ele>
    </trkpt>
    <trkpt lat="42.532406" lon="-2.980801">
      <ele>534</ele>
    </trkpt>
    <trkpt lat="42.533004" lon="-2.979831">
      <ele>532.9</ele>
    </trkpt>
    <trkpt lat="42.535372" lon="-2.976204">
      <ele>527.8</ele>
    </trkpt>
    <trkpt lat="42.536048" lon="-2.975122">
      <ele>526.7</ele>
    </trkpt>
    <trkpt lat="42.53629" lon="-2.974579">
      <ele>526.4</ele>
    </trkpt>
    <trkpt lat="42.537106" lon="-2.972372">
      <ele>524.7</ele>
    </trkpt>
    <trkpt lat="42.537637" lon="-2.971141">
      <ele>523.7</ele>
    </trkpt>
    <trkpt lat="42.537906" lon="-2.970585">
      <ele>523.2</ele>
    </trkpt>
    <trkpt lat="42.538613" lon="-2.969165">
      <ele>522.2</ele>
    </trkpt>
    <trkpt lat="42.539238" lon="-2.968085">
      <ele>521.4</ele>
    </trkpt>
    <trkpt lat="42.539409" lon="-2.96769">
      <ele>521.2</ele>
    </trkpt>
    <trkpt lat="42.539484" lon="-2.96742">
      <ele>521.2</ele>
    </trkpt>
    <trkpt lat="42.539798" lon="-2.965454">
      <ele>522.2</ele>
    </trkpt>
    <trkpt lat="42.539802" lon="-2.96543">
      <ele>522.2</ele>
    </trkpt>
    <trkpt lat="42.539981" lon="-2.964571">
      <ele>522.4</ele>
    </trkpt>
    <trkpt lat="42.540163" lon="-2.963774">
      <ele>522.1</ele>
    </trkpt>
    <trkpt lat="42.540502" lon="-2.964161">
      <ele>522.3</ele>
    </trkpt>
    <trkpt lat="42.540573" lon="-2.964256">
      <ele>522.3</ele>
    </trkpt>
    <trkpt lat="42.540624" lon="-2.964328">
      <ele>522.3</ele>
    </trkpt>
    <trkpt lat="42.540573" lon="-2.964256">
      <ele>522.2</ele>
    </trkpt>
    <trkpt lat="42.540502" lon="-2.964161">
      <ele>522.2</ele>
    </trkpt>
    <trkpt lat="42.540163" lon="-2.963774">
      <ele>522.3</ele>
    </trkpt>
    <trkpt lat="42.54033" lon="-2.963414">
      <ele>523.1</ele>
    </trkpt>
    <trkpt lat="42.540391" lon="-2.963069">
      <ele>524.2</ele>
    </trkpt>
    <trkpt lat="42.540575" lon="-2.962452">
      <ele>525.4</ele>
    </trkpt>
    <trkpt lat="42.540611" lon="-2.962357">
      <ele>525.5</ele>
    </trkpt>
    <trkpt lat="42.54063" lon="-2.962306">
      <ele>525.6</ele>
    </trkpt>
    <trkpt lat="42.540801" lon="-2.961953">
      <ele>526</ele>
    </trkpt>
    <trkpt lat="42.540901" lon="-2.961853">
      <ele>526.1</ele>
    </trkpt>
    <trkpt lat="42.540924" lon="-2.961828">
      <ele>526.1</ele>
    </trkpt>
    <trkpt lat="42.541065" lon="-2.961658">
      <ele>526.3</ele>
    </trkpt>
    <trkpt lat="42.541475" lon="-2.960777">
      <ele>526.1</ele>
    </trkpt>
    <trkpt lat="42.541962" lon="-2.959983">
      <ele>524.6</ele>
    </trkpt>
    <trkpt lat="42.542366" lon="-2.959258">
      <ele>523.5</ele>
    </trkpt>
    <trkpt lat="42.542499" lon="-2.958954">
      <ele>523.2</ele>
    </trkpt>
    <trkpt lat="42.5426" lon="-2.958575">
      <ele>523</ele>
    </trkpt>
    <trkpt lat="42.542927" lon="-2.957195">
      <ele>523.7</ele>
    </trkpt>
    <trkpt lat="42.543581" lon="-2.955024">
      <ele>525.8</ele>
    </trkpt>
    <trkpt lat="42.543685" lon="-2.954733">
      <ele>525.9</ele>
    </trkpt>
    <trkpt lat="42.543778" lon="-2.954527">
      <ele>525.8</ele>
    </trkpt>
    <trkpt lat="42.543877" lon="-2.954371">
      <ele>525.7</ele>
    </trkpt>
    <trkpt lat="42.544743" lon="-2.953254">
      <ele>523.9</ele>
    </trkpt>
    <trkpt lat="42.54489" lon="-2.95292">
      <ele>523.3</ele>
    </trkpt>
    <trkpt lat="42.54495" lon="-2.952701">
      <ele>523</ele>
    </trkpt>
    <trkpt lat="42.544997" lon="-2.952404">
      <ele>522.7</ele>
    </trkpt>
    <trkpt lat="42.545095" lon="-2.951738">
      <ele>522.1</ele>
    </trkpt>
    <trkpt lat="42.545062" lon="-2.951528">
      <ele>522</ele>
    </trkpt>
    <trkpt lat="42.544831" lon="-2.950766">
      <ele>521.7</ele>
    </trkpt>
    <trkpt lat="42.544813" lon="-2.950423">
      <ele>521.5</ele>
    </trkpt>
    <trkpt lat="42.544841" lon="-2.950043">
      <ele>521.3</ele>
    </trkpt>
    <trkpt lat="42.544895" lon="-2.949867">
      <ele>521.1</ele>
    </trkpt>
    <trkpt lat="42.545111" lon="-2.949509">
      <ele>520.7</ele>
    </trkpt>
    <trkpt lat="42.545265" lon="-2.949023">
      <ele>520.1</ele>
    </trkpt>
    <trkpt lat="42.54544" lon="-2.948396">
      <ele>519.4</ele>
    </trkpt>
    <trkpt lat="42.54554" lon="-2.948189">
      <ele>519.1</ele>
    </trkpt>
    <trkpt lat="42.545689" lon="-2.948008">
      <ele>518.8</ele>
    </trkpt>
    <trkpt lat="42.545912" lon="-2.947885">
      <ele>518.6</ele>
    </trkpt>
    <trkpt lat="42.54611" lon="-2.947871">
      <ele>518.4</ele>
    </trkpt>
    <trkpt lat="42.546391" lon="-2.947903">
      <ele>518.1</ele>
    </trkpt>
    <trkpt lat="42.546427" lon="-2.947667">
      <ele>517.9</ele>
    </trkpt>
    <trkpt lat="42.546512" lon="-2.947405">
      <ele>517.7</ele>
    </trkpt>
    <trkpt lat="42.546659" lon="-2.947059">
      <ele>517.4</ele>
    </trkpt>
    <trkpt lat="42.547057" lon="-2.946198">
      <ele>516.4</ele>
    </trkpt>
    <trkpt lat="42.549627" lon="-2.940646">
      <ele>510.3</ele>
    </trkpt>
    <trkpt lat="42.549725" lon="-2.940211">
      <ele>510</ele>
    </trkpt>
    <trkpt lat="42.54974" lon="-2.939989">
      <ele>510</ele>
    </trkpt>
    <trkpt lat="42.549783" lon="-2.939893">
      <ele>509.9</ele>
    </trkpt>
    <trkpt lat="42.549921" lon="-2.939773">
      <ele>509.9</ele>
    </trkpt>
    <trkpt lat="42.550164" lon="-2.939481">
      <ele>510</ele>
    </trkpt>
    <trkpt lat="42.55043" lon="-2.938777">
      <ele>510</ele>
    </trkpt>
    <trkpt lat="42.550544" lon="-2.938246">
      <ele>510.1</ele>
    </trkpt>
    <trkpt lat="42.550578" lon="-2.937891">
      <ele>510.1</ele>
    </trkpt>
    <trkpt lat="42.550562" lon="-2.937134">
      <ele>510.1</ele>
    </trkpt>
    <trkpt lat="42.55044" lon="-2.935655">
      <ele>509.4</ele>
    </trkpt>
    <trkpt lat="42.549652" lon="-2.926277">
      <ele>501.8</ele>
    </trkpt>
    <trkpt lat="42.549639" lon="-2.926126">
      <ele>501.8</ele>
    </trkpt>
    <trkpt lat="42.549389" lon="-2.92316">
      <ele>501.5</ele>
    </trkpt>
    <trkpt lat="42.549188" lon="-2.920764">
      <ele>502.1</ele>
    </trkpt>
    <trkpt lat="42.549122" lon="-2.919989">
      <ele>501.9</ele>
    </trkpt>
    <trkpt lat="42.548792" lon="-2.916082">
      <ele>498.3</ele>
    </trkpt>
    <trkpt lat="42.548747" lon="-2.915551">
      <ele>497.6</ele>
    </trkpt>
    <trkpt lat="42.548719" lon="-2.915428">
      <ele>497.4</ele>
    </trkpt>
    <trkpt lat="42.548681" lon="-2.915425">
      <ele>497.3</ele>
    </trkpt>
    <trkpt lat="42.548646" lon="-2.91538">
      <ele>497.3</ele>
    </trkpt>
    <trkpt lat="42.548653" lon="-2.915286">
      <ele>497.2</ele>
    </trkpt>
    <trkpt lat="42.548719" lon="-2.915253">
      <ele>497.1</ele>
    </trkpt>
    <trkpt lat="42.548702" lon="-2.915118">
      <ele>497</ele>
    </trkpt>
    <trkpt lat="42.548675" lon="-2.914948">
      <ele>496.8</ele>
    </trkpt>
    <trkpt lat="42.548415" lon="-2.91315">
      <ele>498.3</ele>
    </trkpt>
    <trkpt lat="42.548392" lon="-2.912981">
      <ele>498.6</ele>
    </trkpt>
    <trkpt lat="42.548364" lon="-2.912784">
      <ele>499</ele>
    </trkpt>
    <trkpt lat="42.548312" lon="-2.912481">
      <ele>499.6</ele>
    </trkpt>
    <trkpt lat="42.548287" lon="-2.912354">
      <ele>499.9</ele>
    </trkpt>
    <trkpt lat="42.548277" lon="-2.912294">
      <ele>500</ele>
    </trkpt>
    <trkpt lat="42.547966" lon="-2.911154">
      <ele>501.4</ele>
    </trkpt>
    <trkpt lat="42.547918" lon="-2.911144">
      <ele>501.4</ele>
    </trkpt>
    <trkpt lat="42.547895" lon="-2.911111">
      <ele>501.4</ele>
    </trkpt>
    <trkpt lat="42.547893" lon="-2.911039">
      <ele>501.4</ele>
    </trkpt>
    <trkpt lat="42.547932" lon="-2.910991">
      <ele>501.5</ele>
    </trkpt>
    <trkpt lat="42.54782" lon="-2.9105">
      <ele>501.3</ele>
    </trkpt>
    <trkpt lat="42.547776" lon="-2.910318">
      <ele>501.3</ele>
    </trkpt>
    <trkpt lat="42.547586" lon="-2.909575">
      <ele>501.6</ele>
    </trkpt>
    <trkpt lat="42.54756" lon="-2.90949">
      <ele>501.6</ele>
    </trkpt>
    <trkpt lat="42.547299" lon="-2.90864">
      <ele>502.8</ele>
    </trkpt>
    <trkpt lat="42.547211" lon="-2.908351">
      <ele>503.3</ele>
    </trkpt>
    <trkpt lat="42.547144" lon="-2.908121">
      <ele>503.6</ele>
    </trkpt>
    <trkpt lat="42.547101" lon="-2.908075">
      <ele>503.8</ele>
    </trkpt>
    <trkpt lat="42.547105" lon="-2.908045">
      <ele>503.8</ele>
    </trkpt>
    <trkpt lat="42.54712" lon="-2.908022">
      <ele>503.9</ele>
    </trkpt>
    <trkpt lat="42.546916" lon="-2.907319">
      <ele>504.8</ele>
    </trkpt>
    <trkpt lat="42.546269" lon="-2.904949">
      <ele>505.1</ele>
    </trkpt>
    <trkpt lat="42.546203" lon="-2.904793">
      <ele>505</ele>
    </trkpt>
    <trkpt lat="42.54619" lon="-2.904762">
      <ele>505</ele>
    </trkpt>
    <trkpt lat="42.545989" lon="-2.904517">
      <ele>504.9</ele>
    </trkpt>
    <trkpt lat="42.545861" lon="-2.904435">
      <ele>504.8</ele>
    </trkpt>
    <trkpt lat="42.545745" lon="-2.904394">
      <ele>504.8</ele>
    </trkpt>
    <trkpt lat="42.545521" lon="-2.904392">
      <ele>504.8</ele>
    </trkpt>
    <trkpt lat="42.545228" lon="-2.90454">
      <ele>504.8</ele>
    </trkpt>
    <trkpt lat="42.544591" lon="-2.904901">
      <ele>505.1</ele>
    </trkpt>
    <trkpt lat="42.544004" lon="-2.905321">
      <ele>505.8</ele>
    </trkpt>
    <trkpt lat="42.543382" lon="-2.905895">
      <ele>506.6</ele>
    </trkpt>
    <trkpt lat="42.543109" lon="-2.906184">
      <ele>506.9</ele>
    </trkpt>
    <trkpt lat="42.542653" lon="-2.906747">
      <ele>507.3</ele>
    </trkpt>
    <trkpt lat="42.542159" lon="-2.907467">
      <ele>507.7</ele>
    </trkpt>
    <trkpt lat="42.541858" lon="-2.907997">
      <ele>507.8</ele>
    </trkpt>
    <trkpt lat="42.54161" lon="-2.908496">
      <ele>507.7</ele>
    </trkpt>
    <trkpt lat="42.540667" lon="-2.910517">
      <ele>506.9</ele>
    </trkpt>
    <trkpt lat="42.539501" lon="-2.913015">
      <ele>507.4</ele>
    </trkpt>
    <trkpt lat="42.539366" lon="-2.913295">
      <ele>507.4</ele>
    </trkpt>
    <trkpt lat="42.538971" lon="-2.914122">
      <ele>507.4</ele>
    </trkpt>
    <trkpt lat="42.537892" lon="-2.916124">
      <ele>508</ele>
    </trkpt>
    <trkpt lat="42.537593" lon="-2.916437">
      <ele>508.5</ele>
    </trkpt>
    <trkpt lat="42.537348" lon="-2.916606">
      <ele>508.9</ele>
    </trkpt>
    <trkpt lat="42.536823" lon="-2.916801">
      <ele>509.6</ele>
    </trkpt>
    <trkpt lat="42.53671" lon="-2.916885">
      <ele>509.8</ele>
    </trkpt>
    <trkpt lat="42.536639" lon="-2.917011">
      <ele>510</ele>
    </trkpt>
    <trkpt lat="42.536614" lon="-2.917226">
      <ele>510.3</ele>
    </trkpt>
    <trkpt lat="42.536638" lon="-2.917305">
      <ele>510.3</ele>
    </trkpt>
    <trkpt lat="42.536645" lon="-2.917388">
      <ele>510.4</ele>
    </trkpt>
    <trkpt lat="42.53661" lon="-2.917548">
      <ele>510.6</ele>
    </trkpt>
    <trkpt lat="42.536504" lon="-2.91767">
      <ele>510.7</ele>
    </trkpt>
    <trkpt lat="42.536365" lon="-2.917686">
      <ele>510.9</ele>
    </trkpt>
    <trkpt lat="42.53595" lon="-2.918029">
      <ele>511.3</ele>
    </trkpt>
    <trkpt lat="42.535745" lon="-2.91815">
      <ele>511.5</ele>
    </trkpt>
    <trkpt lat="42.534886" lon="-2.918658">
      <ele>512.6</ele>
    </trkpt>
    <trkpt lat="42.533985" lon="-2.919193">
      <ele>513.7</ele>
    </trkpt>
    <trkpt lat="42.530095" lon="-2.921519">
      <ele>516.5</ele>
    </trkpt>
    <trkpt lat="42.528984" lon="-2.922099">
      <ele>517</ele>
    </trkpt>
    <trkpt lat="42.527492" lon="-2.922798">
      <ele>518.2</ele>
    </trkpt>
    <trkpt lat="42.526987" lon="-2.923009">
      <ele>518.6</ele>
    </trkpt>
    <trkpt lat="42.526347" lon="-2.923224">
      <ele>519.1</ele>
    </trkpt>
    <trkpt lat="42.524995" lon="-2.923591">
      <ele>520.4</ele>
    </trkpt>
    <trkpt lat="42.524227" lon="-2.923814">
      <ele>521.2</ele>
    </trkpt>
    <trkpt lat="42.523932" lon="-2.923959">
      <ele>521.5</ele>
    </trkpt>
    <trkpt lat="42.523402" lon="-2.924311">
      <ele>522</ele>
    </trkpt>
    <trkpt lat="42.521809" lon="-2.925463">
      <ele>523.3</ele>
    </trkpt>
    <trkpt lat="42.520909" lon="-2.925978">
      <ele>524.5</ele>
    </trkpt>
    <trkpt lat="42.520539" lon="-2.92624">
      <ele>525.2</ele>
    </trkpt>
    <trkpt lat="42.519866" lon="-2.926839">
      <ele>526.6</ele>
    </trkpt>
    <trkpt lat="42.519291" lon="-2.927279">
      <ele>527.5</ele>
    </trkpt>
    <trkpt lat="42.518474" lon="-2.92791">
      <ele>528.6</ele>
    </trkpt>
    <trkpt lat="42.51799" lon="-2.92843">
      <ele>529.2</ele>
    </trkpt>
    <trkpt lat="42.517909" lon="-2.928517">
      <ele>529.3</ele>
    </trkpt>
    <trkpt lat="42.517316" lon="-2.928977">
      <ele>530.1</ele>
    </trkpt>
    <trkpt lat="42.516642" lon="-2.929457">
      <ele>531.2</ele>
    </trkpt>
    <trkpt lat="42.516108" lon="-2.929879">
      <ele>532.3</ele>
    </trkpt>
    <trkpt lat="42.515485" lon="-2.930282">
      <ele>533.8</ele>
    </trkpt>
    <trkpt lat="42.515306" lon="-2.930359">
      <ele>534.3</ele>
    </trkpt>
    <trkpt lat="42.514975" lon="-2.930443">
      <ele>535.4</ele>
    </trkpt>
    <trkpt lat="42.51477" lon="-2.930459">
      <ele>536</ele>
    </trkpt>
    <trkpt lat="42.514531" lon="-2.930464">
      <ele>536.9</ele>
    </trkpt>
    <trkpt lat="42.514429" lon="-2.930436">
      <ele>537.2</ele>
    </trkpt>
    <trkpt lat="42.513423" lon="-2.930554">
      <ele>540.2</ele>
    </trkpt>
    <trkpt lat="42.513211" lon="-2.930556">
      <ele>540.7</ele>
    </trkpt>
    <trkpt lat="42.512899" lon="-2.930604">
      <ele>541.5</ele>
    </trkpt>
    <trkpt lat="42.512862" lon="-2.930621">
      <ele>541.5</ele>
    </trkpt>
    <trkpt lat="42.512258" lon="-2.93083">
      <ele>542.6</ele>
    </trkpt>
    <trkpt lat="42.512166" lon="-2.930898">
      <ele>542.9</ele>
    </trkpt>
    <trkpt lat="42.512098" lon="-2.930999">
      <ele>543.1</ele>
    </trkpt>
    <trkpt lat="42.511984" lon="-2.93137">
      <ele>543.7</ele>
    </trkpt>
    <trkpt lat="42.511798" lon="-2.93175">
      <ele>544.4</ele>
    </trkpt>
    <trkpt lat="42.511593" lon="-2.932116">
      <ele>545</ele>
    </trkpt>
    <trkpt lat="42.51137" lon="-2.93277">
      <ele>545.8</ele>
    </trkpt>
    <trkpt lat="42.511155" lon="-2.933075">
      <ele>546.1</ele>
    </trkpt>
    <trkpt lat="42.511003" lon="-2.933216">
      <ele>546.2</ele>
    </trkpt>
    <trkpt lat="42.509715" lon="-2.933899">
      <ele>546.7</ele>
    </trkpt>
    <trkpt lat="42.509505" lon="-2.933981">
      <ele>546.9</ele>
    </trkpt>
    <trkpt lat="42.50779" lon="-2.934428">
      <ele>549.3</ele>
    </trkpt>
    <trkpt lat="42.507764" lon="-2.934435">
      <ele>549.4</ele>
    </trkpt>
    <trkpt lat="42.50686" lon="-2.934649">
      <ele>550.5</ele>
    </trkpt>
    <trkpt lat="42.502552" lon="-2.93574">
      <ele>553.7</ele>
    </trkpt>
    <trkpt lat="42.501202" lon="-2.936096">
      <ele>554.5</ele>
    </trkpt>
    <trkpt lat="42.498518" lon="-2.936762">
      <ele>559.8</ele>
    </trkpt>
    <trkpt lat="42.495756" lon="-2.937462">
      <ele>563.9</ele>
    </trkpt>
    <trkpt lat="42.492259" lon="-2.938383">
      <ele>568.2</ele>
    </trkpt>
    <trkpt lat="42.491614" lon="-2.93873">
      <ele>568.8</ele>
    </trkpt>
    <trkpt lat="42.49123" lon="-2.938987">
      <ele>569.2</ele>
    </trkpt>
    <trkpt lat="42.49106" lon="-2.939256">
      <ele>569.4</ele>
    </trkpt>
    <trkpt lat="42.490843" lon="-2.939798">
      <ele>569.8</ele>
    </trkpt>
    <trkpt lat="42.490759" lon="-2.939969">
      <ele>570</ele>
    </trkpt>
    <trkpt lat="42.490688" lon="-2.940048">
      <ele>570</ele>
    </trkpt>
    <trkpt lat="42.490535" lon="-2.940129">
      <ele>570.2</ele>
    </trkpt>
    <trkpt lat="42.490408" lon="-2.940104">
      <ele>570.3</ele>
    </trkpt>
    <trkpt lat="42.49031" lon="-2.940048">
      <ele>570.5</ele>
    </trkpt>
    <trkpt lat="42.490107" lon="-2.940054">
      <ele>570.7</ele>
    </trkpt>
    <trkpt lat="42.489957" lon="-2.94015">
      <ele>571</ele>
    </trkpt>
    <trkpt lat="42.489846" lon="-2.940133">
      <ele>571.1</ele>
    </trkpt>
    <trkpt lat="42.489737" lon="-2.940031">
      <ele>571.3</ele>
    </trkpt>
    <trkpt lat="42.489681" lon="-2.939868">
      <ele>571.5</ele>
    </trkpt>
    <trkpt lat="42.489406" lon="-2.939745">
      <ele>572</ele>
    </trkpt>
    <trkpt lat="42.488403" lon="-2.939684">
      <ele>573.5</ele>
    </trkpt>
    <trkpt lat="42.487398" lon="-2.939687">
      <ele>574.6</ele>
    </trkpt>
    <trkpt lat="42.486968" lon="-2.939785">
      <ele>575</ele>
    </trkpt>
    <trkpt lat="42.486751" lon="-2.939773">
      <ele>575.2</ele>
    </trkpt>
    <trkpt lat="42.480548" lon="-2.941338">
      <ele>583.2</ele>
    </trkpt>
    <trkpt lat="42.476108" lon="-2.94247">
      <ele>589.6</ele>
    </trkpt>
    <trkpt lat="42.47555" lon="-2.942621">
      <ele>590.2</ele>
    </trkpt>
    <trkpt lat="42.47506" lon="-2.942748">
      <ele>590.6</ele>
    </trkpt>
    <trkpt lat="42.469734" lon="-2.944108">
      <ele>598.3</ele>
    </trkpt>
    <trkpt lat="42.468549" lon="-2.944411">
      <ele>599.8</ele>
    </trkpt>
    <trkpt lat="42.468006" lon="-2.944552">
      <ele>600.4</ele>
    </trkpt>
    <trkpt lat="42.462133" lon="-2.946075">
      <ele>608.4</ele>
    </trkpt>
    <trkpt lat="42.461853" lon="-2.946142">
      <ele>608.8</ele>
    </trkpt>
    <trkpt lat="42.458016" lon="-2.947127">
      <ele>614.3</ele>
    </trkpt>
    <trkpt lat="42.456976" lon="-2.947429">
      <ele>616.1</ele>
    </trkpt>
    <trkpt lat="42.456203" lon="-2.947654">
      <ele>617.5</ele>
    </trkpt>
    <trkpt lat="42.456028" lon="-2.947856">
      <ele>617.8</ele>
    </trkpt>
    <trkpt lat="42.456017" lon="-2.948003">
      <ele>617.9</ele>
    </trkpt>
    <trkpt lat="42.455988" lon="-2.948131">
      <ele>618</ele>
    </trkpt>
    <trkpt lat="42.455898" lon="-2.948315">
      <ele>618.2</ele>
    </trkpt>
    <trkpt lat="42.455823" lon="-2.948415">
      <ele>618.3</ele>
    </trkpt>
    <trkpt lat="42.455797" lon="-2.948442">
      <ele>618.3</ele>
    </trkpt>
    <trkpt lat="42.455753" lon="-2.948474">
      <ele>618.4</ele>
    </trkpt>
    <trkpt lat="42.45565" lon="-2.948529">
      <ele>618.5</ele>
    </trkpt>
    <trkpt lat="42.455512" lon="-2.948557">
      <ele>618.6</ele>
    </trkpt>
    <trkpt lat="42.455315" lon="-2.948503">
      <ele>618.8</ele>
    </trkpt>
    <trkpt lat="42.455236" lon="-2.948446">
      <ele>618.9</ele>
    </trkpt>
    <trkpt lat="42.455096" lon="-2.948265">
      <ele>619.1</ele>
    </trkpt>
    <trkpt lat="42.455044" lon="-2.94814">
      <ele>619.2</ele>
    </trkpt>
    <trkpt lat="42.454798" lon="-2.948077">
      <ele>619.4</ele>
    </trkpt>
    <trkpt lat="42.454275" lon="-2.94824">
      <ele>619.9</ele>
    </trkpt>
    <trkpt lat="42.452503" lon="-2.948787">
      <ele>622.2</ele>
    </trkpt>
    <trkpt lat="42.452297" lon="-2.948854">
      <ele>622.4</ele>
    </trkpt>
    <trkpt lat="42.451028" lon="-2.949221">
      <ele>623.8</ele>
    </trkpt>
    <trkpt lat="42.449126" lon="-2.949818">
      <ele>626.6</ele>
    </trkpt>
    <trkpt lat="42.44673" lon="-2.95057">
      <ele>629.5</ele>
    </trkpt>
    <trkpt lat="42.446522" lon="-2.950629">
      <ele>629.8</ele>
    </trkpt>
    <trkpt lat="42.446302" lon="-2.950705">
      <ele>630.1</ele>
    </trkpt>
    <trkpt lat="42.443411" lon="-2.952009">
      <ele>636.3</ele>
    </trkpt>
    <trkpt lat="42.443371" lon="-2.952027">
      <ele>636.4</ele>
    </trkpt>
    <trkpt lat="42.442596" lon="-2.952381">
      <ele>638</ele>
    </trkpt>
    <trkpt lat="42.442164" lon="-2.95258">
      <ele>638.5</ele>
    </trkpt>
    <trkpt lat="42.442145" lon="-2.95259">
      <ele>638.5</ele>
    </trkpt>
    <trkpt lat="42.442058" lon="-2.95263">
      <ele>638.6</ele>
    </trkpt>
    <trkpt lat="42.441993" lon="-2.952597">
      <ele>638.7</ele>
    </trkpt>
    <trkpt lat="42.441918" lon="-2.95248">
      <ele>638.9</ele>
    </trkpt>
    <trkpt lat="42.441763" lon="-2.951999">
      <ele>639.4</ele>
    </trkpt>
    <trkpt lat="42.441624" lon="-2.951767">
      <ele>639.7</ele>
    </trkpt>
    <trkpt lat="42.44134" lon="-2.951181">
      <ele>640.1</ele>
    </trkpt>
    <trkpt lat="42.441282" lon="-2.951203">
      <ele>640.2</ele>
    </trkpt>
    <trkpt lat="42.440681" lon="-2.951425">
      <ele>641</ele>
    </trkpt>
    <trkpt lat="42.440091" lon="-2.951567">
      <ele>642.1</ele>
    </trkpt>
    <trkpt lat="42.43976" lon="-2.951627">
      <ele>642.7</ele>
    </trkpt>
    <trkpt lat="42.439859" lon="-2.952719">
      <ele>643.6</ele>
    </trkpt>
    <trkpt lat="42.439944" lon="-2.953477">
      <ele>643.7</ele>
    </trkpt>
    <trkpt lat="42.439585" lon="-2.953563">
      <ele>643.7</ele>
    </trkpt>
    <trkpt lat="42.439488" lon="-2.953579">
      <ele>643.8</ele>
    </trkpt>
    <trkpt lat="42.439429" lon="-2.953593">
      <ele>643.8</ele>
    </trkpt>
    <trkpt lat="42.439415" lon="-2.953466">
      <ele>643.9</ele>
    </trkpt>
    <trkpt lat="42.439295" lon="-2.953478">
      <ele>643.9</ele>
    </trkpt>
    <trkpt lat="42.439082" lon="-2.953412">
      <ele>644</ele>
    </trkpt>
    <trkpt lat="42.43898" lon="-2.953403">
      <ele>644</ele>
    </trkpt>
    <trkpt lat="42.438563" lon="-2.953364">
      <ele>644.3</ele>
    </trkpt>
    <trkpt lat="42.438519" lon="-2.953361">
      <ele>644.3</ele>
    </trkpt>
    <trkpt lat="42.438419" lon="-2.953352">
      <ele>644.5</ele>
    </trkpt>
    <trkpt lat="42.438352" lon="-2.953349">
      <ele>644.6</ele>
    </trkpt>
    <trkpt lat="42.437775" lon="-2.953317">
      <ele>645.4</ele>
    </trkpt>
    <trkpt lat="42.4377" lon="-2.953318">
      <ele>645.5</ele>
    </trkpt>
    <trkpt lat="42.436985" lon="-2.953385">
      <ele>645.8</ele>
    </trkpt>
    <trkpt lat="42.436794" lon="-2.953432">
      <ele>645.9</ele>
    </trkpt>
    <trkpt lat="42.436748" lon="-2.953285">
      <ele>645.8</ele>
    </trkpt>
    <trkpt lat="42.436167" lon="-2.953156">
      <ele>645.8</ele>
    </trkpt>
    <trkpt lat="42.435546" lon="-2.953019">
      <ele>645.5</ele>
    </trkpt>
    <trkpt lat="42.435404" lon="-2.952959">
      <ele>645.4</ele>
    </trkpt>
    <trkpt lat="42.435086" lon="-2.952756">
      <ele>645.2</ele>
    </trkpt>
    <trkpt lat="42.434719" lon="-2.952449">
      <ele>645</ele>
    </trkpt>
    <trkpt lat="42.434534" lon="-2.952001">
      <ele>644.9</ele>
    </trkpt>
    <trkpt lat="42.434296" lon="-2.951286">
      <ele>644.7</ele>
    </trkpt>
    <trkpt lat="42.434083" lon="-2.950651">
      <ele>644.6</ele>
    </trkpt>
    <trkpt lat="42.433875" lon="-2.950079">
      <ele>644.5</ele>
    </trkpt>
    <trkpt lat="42.433806" lon="-2.949953">
      <ele>644.5</ele>
    </trkpt>
    <trkpt lat="42.433611" lon="-2.949784">
      <ele>644.4</ele>
    </trkpt>
    <trkpt lat="42.433466" lon="-2.949653">
      <ele>644.4</ele>
    </trkpt>
    <trkpt lat="42.432519" lon="-2.948736">
      <ele>644.3</ele>
    </trkpt>
    <trkpt lat="42.43238" lon="-2.94874">
      <ele>644.4</ele>
    </trkpt>
    <trkpt lat="42.428021" lon="-2.951026">
      <ele>648.6</ele>
    </trkpt>
    <trkpt lat="42.42533" lon="-2.952431">
      <ele>654.6</ele>
    </trkpt>
    <trkpt lat="42.415287" lon="-2.957755">
      <ele>670.4</ele>
    </trkpt>
    <trkpt lat="42.412049" lon="-2.959445">
      <ele>676</ele>
    </trkpt>
    <trkpt lat="42.407218" lon="-2.962023">
      <ele>684</ele>
    </trkpt>
    <trkpt lat="42.403937" lon="-2.963707">
      <ele>688.6</ele>
    </trkpt>
    <trkpt lat="42.402979" lon="-2.964275">
      <ele>690.2</ele>
    </trkpt>
    <trkpt lat="42.401141" lon="-2.965166">
      <ele>693.4</ele>
    </trkpt>
    <trkpt lat="42.398019" lon="-2.966821">
      <ele>698.9</ele>
    </trkpt>
    <trkpt lat="42.395169" lon="-2.967894">
      <ele>708.1</ele>
    </trkpt>
    <trkpt lat="42.393881" lon="-2.968341">
      <ele>711.7</ele>
    </trkpt>
    <trkpt lat="42.391244" lon="-2.969329">
      <ele>715.5</ele>
    </trkpt>
    <trkpt lat="42.390273" lon="-2.969434">
      <ele>716.9</ele>
    </trkpt>
    <trkpt lat="42.390066" lon="-2.969456">
      <ele>717.2</ele>
    </trkpt>
    <trkpt lat="42.388463" lon="-2.96963">
      <ele>721.1</ele>
    </trkpt>
    <trkpt lat="42.387507" lon="-2.969686">
      <ele>723.2</ele>
    </trkpt>
    <trkpt lat="42.384097" lon="-2.969994">
      <ele>726</ele>
    </trkpt>
    <trkpt lat="42.383304" lon="-2.970176">
      <ele>729.3</ele>
    </trkpt>
    <trkpt lat="42.382615" lon="-2.970445">
      <ele>732.4</ele>
    </trkpt>
    <trkpt lat="42.381236" lon="-2.971196">
      <ele>735.9</ele>
    </trkpt>
    <trkpt lat="42.379346" lon="-2.972439">
      <ele>740.6</ele>
    </trkpt>
    <trkpt lat="42.374087" lon="-2.975895">
      <ele>751.5</ele>
    </trkpt>
    <trkpt lat="42.372472" lon="-2.977057">
      <ele>755.1</ele>
    </trkpt>
    <trkpt lat="42.370803" lon="-2.978564">
      <ele>755</ele>
    </trkpt>
    <trkpt lat="42.370602" lon="-2.978699">
      <ele>755</ele>
    </trkpt>
    <trkpt lat="42.370398" lon="-2.978918">
      <ele>755.1</ele>
    </trkpt>
    <trkpt lat="42.370238" lon="-2.979059">
      <ele>755.2</ele>
    </trkpt>
    <trkpt lat="42.36922" lon="-2.979976">
      <ele>756.5</ele>
    </trkpt>
    <trkpt lat="42.368175" lon="-2.980676">
      <ele>758</ele>
    </trkpt>
    <trkpt lat="42.365348" lon="-2.982447">
      <ele>764.2</ele>
    </trkpt>
    <trkpt lat="42.363343" lon="-2.983769">
      <ele>769.7</ele>
    </trkpt>
    <trkpt lat="42.363228" lon="-2.983802">
      <ele>770</ele>
    </trkpt>
    <trkpt lat="42.36031" lon="-2.985701">
      <ele>778</ele>
    </trkpt>
    <trkpt lat="42.358705" lon="-2.98774">
      <ele>777.5</ele>
    </trkpt>
    <trkpt lat="42.358027" lon="-2.98849">
      <ele>776.7</ele>
    </trkpt>
    <trkpt lat="42.356492" lon="-2.99052">
      <ele>775.1</ele>
    </trkpt>
    <trkpt lat="42.354951" lon="-2.992224">
      <ele>779.3</ele>
    </trkpt>
    <trkpt lat="42.354543" lon="-2.992732">
      <ele>780.5</ele>
    </trkpt>
    <trkpt lat="42.353088" lon="-2.994193">
      <ele>784.5</ele>
    </trkpt>
    <trkpt lat="42.352166" lon="-2.994894">
      <ele>784.9</ele>
    </trkpt>
    <trkpt lat="42.351726" lon="-2.995143">
      <ele>783.9</ele>
    </trkpt>
    <trkpt lat="42.351514" lon="-2.995217">
      <ele>783.3</ele>
    </trkpt>
    <trkpt lat="42.350853" lon="-2.995222">
      <ele>781.3</ele>
    </trkpt>
    <trkpt lat="42.350787" lon="-2.995221">
      <ele>781.1</ele>
    </trkpt>
    <trkpt lat="42.349705" lon="-2.994887">
      <ele>782.8</ele>
    </trkpt>
    <trkpt lat="42.349555" lon="-2.994822">
      <ele>783.5</ele>
    </trkpt>
    <trkpt lat="42.349462" lon="-2.994714">
      <ele>784.1</ele>
    </trkpt>
    <trkpt lat="42.34936" lon="-2.994656">
      <ele>784.6</ele>
    </trkpt>
    <trkpt lat="42.349101" lon="-2.994686">
      <ele>785.9</ele>
    </trkpt>
    <trkpt lat="42.348071" lon="-2.994649">
      <ele>790.9</ele>
    </trkpt>
    <trkpt lat="42.347773" lon="-2.994698">
      <ele>792</ele>
    </trkpt>
    <trkpt lat="42.346035" lon="-2.995233">
      <ele>797.7</ele>
    </trkpt>
    <trkpt lat="42.345504" lon="-2.995456">
      <ele>799.7</ele>
    </trkpt>
    <trkpt lat="42.344801" lon="-2.996043">
      <ele>801.8</ele>
    </trkpt>
    <trkpt lat="42.344121" lon="-2.996891">
      <ele>801.8</ele>
    </trkpt>
    <trkpt lat="42.343427" lon="-2.997995">
      <ele>800.6</ele>
    </trkpt>
    <trkpt lat="42.341702" lon="-3.000532">
      <ele>798.1</ele>
    </trkpt>
    <trkpt lat="42.341267" lon="-3.000904">
      <ele>796.9</ele>
    </trkpt>
    <trkpt lat="42.340901" lon="-3.001154">
      <ele>796.2</ele>
    </trkpt>
    <trkpt lat="42.340041" lon="-3.001758">
      <ele>796.4</ele>
    </trkpt>
    <trkpt lat="42.339796" lon="-3.001974">
      <ele>797.1</ele>
    </trkpt>
    <trkpt lat="42.339604" lon="-3.00221">
      <ele>797.8</ele>
    </trkpt>
    <trkpt lat="42.339286" lon="-3.002691">
      <ele>799</ele>
    </trkpt>
    <trkpt lat="42.337975" lon="-3.005047">
      <ele>802.8</ele>
    </trkpt>
    <trkpt lat="42.336386" lon="-3.007372">
      <ele>804.7</ele>
    </trkpt>
    <trkpt lat="42.336006" lon="-3.007857">
      <ele>804.6</ele>
    </trkpt>
    <trkpt lat="42.335714" lon="-3.008082">
      <ele>804.5</ele>
    </trkpt>
    <trkpt lat="42.334262" lon="-3.008596">
      <ele>803.8</ele>
    </trkpt>
    <trkpt lat="42.333855" lon="-3.008616">
      <ele>803.6</ele>
    </trkpt>
    <trkpt lat="42.331869" lon="-3.008495">
      <ele>803.4</ele>
    </trkpt>
    <trkpt lat="42.331366" lon="-3.008485">
      <ele>803.9</ele>
    </trkpt>
    <trkpt lat="42.330279" lon="-3.008386">
      <ele>805.9</ele>
    </trkpt>
    <trkpt lat="42.330104" lon="-3.008398">
      <ele>806.1</ele>
    </trkpt>
    <trkpt lat="42.329968" lon="-3.008428">
      <ele>806.3</ele>
    </trkpt>
    <trkpt lat="42.32984" lon="-3.008479">
      <ele>806.4</ele>
    </trkpt>
    <trkpt lat="42.329473" lon="-3.008515">
      <ele>806.6</ele>
    </trkpt>
    <trkpt lat="42.328629" lon="-3.008936">
      <ele>806.4</ele>
    </trkpt>
    <trkpt lat="42.328552" lon="-3.008975">
      <ele>806.4</ele>
    </trkpt>
    <trkpt lat="42.328466" lon="-3.009018">
      <ele>806.3</ele>
    </trkpt>
    <trkpt lat="42.327803" lon="-3.009353">
      <ele>806.6</ele>
    </trkpt>
    <trkpt lat="42.326898" lon="-3.00978">
      <ele>807.2</ele>
    </trkpt>
    <trkpt lat="42.3268" lon="-3.009826">
      <ele>807.4</ele>
    </trkpt>
    <trkpt lat="42.326805" lon="-3.010274">
      <ele>807.9</ele>
    </trkpt>
    <trkpt lat="42.326809" lon="-3.010944">
      <ele>808.7</ele>
    </trkpt>
    <trkpt lat="42.326813" lon="-3.011662">
      <ele>809.2</ele>
    </trkpt>
    <trkpt lat="42.326813" lon="-3.011773">
      <ele>809.3</ele>
    </trkpt>
    <trkpt lat="42.326812" lon="-3.011973">
      <ele>809.4</ele>
    </trkpt>
    <trkpt lat="42.326813" lon="-3.012366">
      <ele>809.8</ele>
    </trkpt>
    <trkpt lat="42.326809" lon="-3.012782">
      <ele>810.1</ele>
    </trkpt>
    <trkpt lat="42.326807" lon="-3.013333">
      <ele>810.1</ele>
    </trkpt>
    <trkpt lat="42.326814" lon="-3.013922">
      <ele>809.7</ele>
    </trkpt>
    <trkpt lat="42.326947" lon="-3.013918">
      <ele>809.6</ele>
    </trkpt>
    <trkpt lat="42.327652" lon="-3.014066">
      <ele>809.1</ele>
    </trkpt>
    <trkpt lat="42.328248" lon="-3.013957">
      <ele>808.5</ele>
    </trkpt>
    <trkpt lat="42.328667" lon="-3.013871">
      <ele>808.2</ele>
    </trkpt>
    <trkpt lat="42.328675" lon="-3.014101">
      <ele>808.2</ele>
    </trkpt>
    </trkseg>
  </trk>
</gpx>
