<?xml version="1.0" encoding="UTF-8"?>
<gpx version="1.1" creator="fitAI Komoot downloader" xmlns="http://www.topografix.com/GPX/1/1">
  <metadata>
    <name>Carretera sinuosa entre viñedos y ¡Buen Camino! Señal - Recorrido circular desde Logroño</name>
    <desc>144 visitas · Dificultad: difficult · Distancia: 36.1 km · Desnivel +: 630 m</desc>
    <link href="https://www.komoot.com/smarttour/e24560753"><text>Komoot</text></link>
  </metadata>
  <trk>
    <name>Carretera sinuosa entre viñedos y ¡Buen Camino! Señal - Recorrido circular desde Logroño</name>
    <type>mtb</type>
    <trkseg>
    <trkpt lat="42.457716" lon="-2.440949">
      <ele>386.5</ele>
    </trkpt>
    <trkpt lat="42.457818" lon="-2.440829">
      <ele>386.5</ele>
    </trkpt>
    <trkpt lat="42.457825" lon="-2.440755">
      <ele>386.4</ele>
    </trkpt>
    <trkpt lat="42.457987" lon="-2.440575">
      <ele>386.4</ele>
    </trkpt>
    <trkpt lat="42.458051" lon="-2.439942">
      <ele>386.4</ele>
    </trkpt>
    <trkpt lat="42.458104" lon="-2.439962">
      <ele>386.5</ele>
    </trkpt>
    <trkpt lat="42.458156" lon="-2.439981">
      <ele>386.5</ele>
    </trkpt>
    <trkpt lat="42.458446" lon="-2.439846">
      <ele>386.6</ele>
    </trkpt>
    <trkpt lat="42.458428" lon="-2.440131">
      <ele>386.8</ele>
    </trkpt>
    <trkpt lat="42.458469" lon="-2.440136">
      <ele>386.8</ele>
    </trkpt>
    <trkpt lat="42.458543" lon="-2.440147">
      <ele>386.8</ele>
    </trkpt>
    <trkpt lat="42.458527" lon="-2.440408">
      <ele>386.9</ele>
    </trkpt>
    <trkpt lat="42.458469" lon="-2.441333">
      <ele>386.8</ele>
    </trkpt>
    <trkpt lat="42.458458" lon="-2.441568">
      <ele>386.8</ele>
    </trkpt>
    <trkpt lat="42.458487" lon="-2.441673">
      <ele>386.8</ele>
    </trkpt>
    <trkpt lat="42.45852" lon="-2.441751">
      <ele>386.8</ele>
    </trkpt>
    <trkpt lat="42.458506" lon="-2.44189">
      <ele>386.8</ele>
    </trkpt>
    <trkpt lat="42.458482" lon="-2.441926">
      <ele>386.8</ele>
    </trkpt>
    <trkpt lat="42.458454" lon="-2.442242">
      <ele>386.7</ele>
    </trkpt>
    <trkpt lat="42.458412" lon="-2.443046">
      <ele>386.2</ele>
    </trkpt>
    <trkpt lat="42.458408" lon="-2.443179">
      <ele>386.2</ele>
    </trkpt>
    <trkpt lat="42.458389" lon="-2.443424">
      <ele>386.1</ele>
    </trkpt>
    <trkpt lat="42.458371" lon="-2.443554">
      <ele>386.1</ele>
    </trkpt>
    <trkpt lat="42.458192" lon="-2.444368">
      <ele>386.3</ele>
    </trkpt>
    <trkpt lat="42.458149" lon="-2.444541">
      <ele>386.4</ele>
    </trkpt>
    <trkpt lat="42.458149" lon="-2.444643">
      <ele>386.4</ele>
    </trkpt>
    <trkpt lat="42.458206" lon="-2.444718">
      <ele>386.5</ele>
    </trkpt>
    <trkpt lat="42.458229" lon="-2.444866">
      <ele>386.6</ele>
    </trkpt>
    <trkpt lat="42.458177" lon="-2.445">
      <ele>386.7</ele>
    </trkpt>
    <trkpt lat="42.458074" lon="-2.445057">
      <ele>386.9</ele>
    </trkpt>
    <trkpt lat="42.458022" lon="-2.445046">
      <ele>387</ele>
    </trkpt>
    <trkpt lat="42.457994" lon="-2.445214">
      <ele>387.2</ele>
    </trkpt>
    <trkpt lat="42.457683" lon="-2.446675">
      <ele>390.1</ele>
    </trkpt>
    <trkpt lat="42.457631" lon="-2.446881">
      <ele>390.5</ele>
    </trkpt>
    <trkpt lat="42.457612" lon="-2.447053">
      <ele>390.9</ele>
    </trkpt>
    <trkpt lat="42.457632" lon="-2.447143">
      <ele>391.2</ele>
    </trkpt>
    <trkpt lat="42.457678" lon="-2.447343">
      <ele>391.6</ele>
    </trkpt>
    <trkpt lat="42.458025" lon="-2.448847">
      <ele>394</ele>
    </trkpt>
    <trkpt lat="42.45805" lon="-2.448945">
      <ele>394</ele>
    </trkpt>
    <trkpt lat="42.458077" lon="-2.449064">
      <ele>394.1</ele>
    </trkpt>
    <trkpt lat="42.458201" lon="-2.449644">
      <ele>394.1</ele>
    </trkpt>
    <trkpt lat="42.458317" lon="-2.450127">
      <ele>394.1</ele>
    </trkpt>
    <trkpt lat="42.458375" lon="-2.450352">
      <ele>394.1</ele>
    </trkpt>
    <trkpt lat="42.458421" lon="-2.450557">
      <ele>394.1</ele>
    </trkpt>
    <trkpt lat="42.458553" lon="-2.45109">
      <ele>394</ele>
    </trkpt>
    <trkpt lat="42.458799" lon="-2.452188">
      <ele>392.9</ele>
    </trkpt>
    <trkpt lat="42.458809" lon="-2.452236">
      <ele>392.9</ele>
    </trkpt>
    <trkpt lat="42.458711" lon="-2.452264">
      <ele>392.8</ele>
    </trkpt>
    <trkpt lat="42.458661" lon="-2.452285">
      <ele>392.7</ele>
    </trkpt>
    <trkpt lat="42.458159" lon="-2.452487">
      <ele>392.3</ele>
    </trkpt>
    <trkpt lat="42.458098" lon="-2.452511">
      <ele>392.2</ele>
    </trkpt>
    <trkpt lat="42.457995" lon="-2.452416">
      <ele>392.2</ele>
    </trkpt>
    <trkpt lat="42.457949" lon="-2.452249">
      <ele>392.1</ele>
    </trkpt>
    <trkpt lat="42.457879" lon="-2.452261">
      <ele>392.1</ele>
    </trkpt>
    <trkpt lat="42.457877" lon="-2.452322">
      <ele>392.1</ele>
    </trkpt>
    <trkpt lat="42.45794" lon="-2.452572">
      <ele>392.1</ele>
    </trkpt>
    <trkpt lat="42.457563" lon="-2.452716">
      <ele>392.5</ele>
    </trkpt>
    <trkpt lat="42.457156" lon="-2.452872">
      <ele>393.1</ele>
    </trkpt>
    <trkpt lat="42.457164" lon="-2.452904">
      <ele>393.1</ele>
    </trkpt>
    <trkpt lat="42.456797" lon="-2.453051">
      <ele>393.6</ele>
    </trkpt>
    <trkpt lat="42.4567" lon="-2.453124">
      <ele>393.7</ele>
    </trkpt>
    <trkpt lat="42.456484" lon="-2.453203">
      <ele>393.8</ele>
    </trkpt>
    <trkpt lat="42.455736" lon="-2.453441">
      <ele>393.5</ele>
    </trkpt>
    <trkpt lat="42.455658" lon="-2.453494">
      <ele>393.4</ele>
    </trkpt>
    <trkpt lat="42.455594" lon="-2.453541">
      <ele>393.3</ele>
    </trkpt>
    <trkpt lat="42.455541" lon="-2.453758">
      <ele>393.2</ele>
    </trkpt>
    <trkpt lat="42.455545" lon="-2.45412">
      <ele>393.1</ele>
    </trkpt>
    <trkpt lat="42.455603" lon="-2.454357">
      <ele>393.1</ele>
    </trkpt>
    <trkpt lat="42.455785" lon="-2.455449">
      <ele>393.5</ele>
    </trkpt>
    <trkpt lat="42.455805" lon="-2.455605">
      <ele>393.5</ele>
    </trkpt>
    <trkpt lat="42.45581" lon="-2.455639">
      <ele>393.5</ele>
    </trkpt>
    <trkpt lat="42.455807" lon="-2.455885">
      <ele>393.6</ele>
    </trkpt>
    <trkpt lat="42.455777" lon="-2.456104">
      <ele>393.7</ele>
    </trkpt>
    <trkpt lat="42.455694" lon="-2.456316">
      <ele>393.7</ele>
    </trkpt>
    <trkpt lat="42.455593" lon="-2.456527">
      <ele>393.8</ele>
    </trkpt>
    <trkpt lat="42.45547" lon="-2.456736">
      <ele>393.8</ele>
    </trkpt>
    <trkpt lat="42.455408" lon="-2.456863">
      <ele>393.9</ele>
    </trkpt>
    <trkpt lat="42.455405" lon="-2.456882">
      <ele>393.9</ele>
    </trkpt>
    <trkpt lat="42.455321" lon="-2.457565">
      <ele>394</ele>
    </trkpt>
    <trkpt lat="42.45534" lon="-2.457579">
      <ele>394</ele>
    </trkpt>
    <trkpt lat="42.455547" lon="-2.45773">
      <ele>394.1</ele>
    </trkpt>
    <trkpt lat="42.455645" lon="-2.457804">
      <ele>394.1</ele>
    </trkpt>
    <trkpt lat="42.455832" lon="-2.457969">
      <ele>394.2</ele>
    </trkpt>
    <trkpt lat="42.456128" lon="-2.457899">
      <ele>394.3</ele>
    </trkpt>
    <trkpt lat="42.456139" lon="-2.457951">
      <ele>394.3</ele>
    </trkpt>
    <trkpt lat="42.455907" lon="-2.458026">
      <ele>394.5</ele>
    </trkpt>
    <trkpt lat="42.455859" lon="-2.458189">
      <ele>394.5</ele>
    </trkpt>
    <trkpt lat="42.456084" lon="-2.459455">
      <ele>395.1</ele>
    </trkpt>
    <trkpt lat="42.456195" lon="-2.459533">
      <ele>395.2</ele>
    </trkpt>
    <trkpt lat="42.456383" lon="-2.459491">
      <ele>395.4</ele>
    </trkpt>
    <trkpt lat="42.456409" lon="-2.459621">
      <ele>395.4</ele>
    </trkpt>
    <trkpt lat="42.456525" lon="-2.460313">
      <ele>396</ele>
    </trkpt>
    <trkpt lat="42.456584" lon="-2.460503">
      <ele>396.1</ele>
    </trkpt>
    <trkpt lat="42.456648" lon="-2.460599">
      <ele>396.2</ele>
    </trkpt>
    <trkpt lat="42.45677" lon="-2.461318">
      <ele>396.8</ele>
    </trkpt>
    <trkpt lat="42.456723" lon="-2.461349">
      <ele>396.8</ele>
    </trkpt>
    <trkpt lat="42.456671" lon="-2.46138">
      <ele>396.9</ele>
    </trkpt>
    <trkpt lat="42.456684" lon="-2.461564">
      <ele>397.1</ele>
    </trkpt>
    <trkpt lat="42.456709" lon="-2.46179">
      <ele>397.3</ele>
    </trkpt>
    <trkpt lat="42.45673" lon="-2.461977">
      <ele>397.5</ele>
    </trkpt>
    <trkpt lat="42.456749" lon="-2.462155">
      <ele>397.7</ele>
    </trkpt>
    <trkpt lat="42.456757" lon="-2.462226">
      <ele>397.8</ele>
    </trkpt>
    <trkpt lat="42.456863" lon="-2.462952">
      <ele>398.7</ele>
    </trkpt>
    <trkpt lat="42.457091" lon="-2.46289">
      <ele>399.2</ele>
    </trkpt>
    <trkpt lat="42.457116" lon="-2.462941">
      <ele>399.3</ele>
    </trkpt>
    <trkpt lat="42.457142" lon="-2.463251">
      <ele>399.8</ele>
    </trkpt>
    <trkpt lat="42.45716" lon="-2.464314">
      <ele>402.1</ele>
    </trkpt>
    <trkpt lat="42.457189" lon="-2.465746">
      <ele>404.3</ele>
    </trkpt>
    <trkpt lat="42.45719" lon="-2.465874">
      <ele>404.3</ele>
    </trkpt>
    <trkpt lat="42.457189" lon="-2.465971">
      <ele>404.4</ele>
    </trkpt>
    <trkpt lat="42.457192" lon="-2.466212">
      <ele>404.4</ele>
    </trkpt>
    <trkpt lat="42.457167" lon="-2.466213">
      <ele>404.4</ele>
    </trkpt>
    <trkpt lat="42.456868" lon="-2.466227">
      <ele>404.3</ele>
    </trkpt>
    <trkpt lat="42.456412" lon="-2.466249">
      <ele>403.9</ele>
    </trkpt>
    <trkpt lat="42.456386" lon="-2.466272">
      <ele>403.9</ele>
    </trkpt>
    <trkpt lat="42.456402" lon="-2.467177">
      <ele>403</ele>
    </trkpt>
    <trkpt lat="42.456408" lon="-2.467516">
      <ele>402.8</ele>
    </trkpt>
    <trkpt lat="42.456437" lon="-2.469229">
      <ele>403.3</ele>
    </trkpt>
    <trkpt lat="42.456453" lon="-2.470144">
      <ele>403.7</ele>
    </trkpt>
    <trkpt lat="42.456458" lon="-2.470465">
      <ele>403.9</ele>
    </trkpt>
    <trkpt lat="42.456481" lon="-2.471685">
      <ele>405.1</ele>
    </trkpt>
    <trkpt lat="42.456767" lon="-2.472217">
      <ele>406.3</ele>
    </trkpt>
    <trkpt lat="42.45696" lon="-2.472308">
      <ele>406.8</ele>
    </trkpt>
    <trkpt lat="42.456885" lon="-2.472551">
      <ele>407.3</ele>
    </trkpt>
    <trkpt lat="42.45686" lon="-2.472636">
      <ele>407.5</ele>
    </trkpt>
    <trkpt lat="42.456809" lon="-2.472851">
      <ele>407.9</ele>
    </trkpt>
    <trkpt lat="42.456837" lon="-2.472969">
      <ele>408.1</ele>
    </trkpt>
    <trkpt lat="42.45703" lon="-2.473034">
      <ele>408.6</ele>
    </trkpt>
    <trkpt lat="42.457057" lon="-2.473046">
      <ele>408.7</ele>
    </trkpt>
    <trkpt lat="42.457092" lon="-2.473064">
      <ele>408.8</ele>
    </trkpt>
    <trkpt lat="42.456699" lon="-2.474571">
      <ele>411.3</ele>
    </trkpt>
    <trkpt lat="42.45664" lon="-2.474882">
      <ele>411.7</ele>
    </trkpt>
    <trkpt lat="42.45663" lon="-2.475029">
      <ele>411.9</ele>
    </trkpt>
    <trkpt lat="42.456693" lon="-2.475058">
      <ele>412</ele>
    </trkpt>
    <trkpt lat="42.45674" lon="-2.475124">
      <ele>412.2</ele>
    </trkpt>
    <trkpt lat="42.456853" lon="-2.475029">
      <ele>412.5</ele>
    </trkpt>
    <trkpt lat="42.456894" lon="-2.474995">
      <ele>412.6</ele>
    </trkpt>
    <trkpt lat="42.456901" lon="-2.475062">
      <ele>412.7</ele>
    </trkpt>
    <trkpt lat="42.456881" lon="-2.475084">
      <ele>412.7</ele>
    </trkpt>
    <trkpt lat="42.456823" lon="-2.475344">
      <ele>413.2</ele>
    </trkpt>
    <trkpt lat="42.456716" lon="-2.475513">
      <ele>413.5</ele>
    </trkpt>
    <trkpt lat="42.456716" lon="-2.475575">
      <ele>413.6</ele>
    </trkpt>
    <trkpt lat="42.456722" lon="-2.475625">
      <ele>413.7</ele>
    </trkpt>
    <trkpt lat="42.456762" lon="-2.475939">
      <ele>414.3</ele>
    </trkpt>
    <trkpt lat="42.456946" lon="-2.476752">
      <ele>415.8</ele>
    </trkpt>
    <trkpt lat="42.457013" lon="-2.477284">
      <ele>416.9</ele>
    </trkpt>
    <trkpt lat="42.457033" lon="-2.477474">
      <ele>417.2</ele>
    </trkpt>
    <trkpt lat="42.457148" lon="-2.477632">
      <ele>417.6</ele>
    </trkpt>
    <trkpt lat="42.457168" lon="-2.477766">
      <ele>417.9</ele>
    </trkpt>
    <trkpt lat="42.457138" lon="-2.477911">
      <ele>418.2</ele>
    </trkpt>
    <trkpt lat="42.457035" lon="-2.478056">
      <ele>418.5</ele>
    </trkpt>
    <trkpt lat="42.457021" lon="-2.478136">
      <ele>418.7</ele>
    </trkpt>
    <trkpt lat="42.456921" lon="-2.479371">
      <ele>420.1</ele>
    </trkpt>
    <trkpt lat="42.456913" lon="-2.479872">
      <ele>420.5</ele>
    </trkpt>
    <trkpt lat="42.456936" lon="-2.480485">
      <ele>421</ele>
    </trkpt>
    <trkpt lat="42.456998" lon="-2.481195">
      <ele>421.2</ele>
    </trkpt>
    <trkpt lat="42.457125" lon="-2.481612">
      <ele>421.1</ele>
    </trkpt>
    <trkpt lat="42.457133" lon="-2.481609">
      <ele>421.1</ele>
    </trkpt>
    <trkpt lat="42.457261" lon="-2.481581">
      <ele>421.1</ele>
    </trkpt>
    <trkpt lat="42.457308" lon="-2.481607">
      <ele>421.1</ele>
    </trkpt>
    <trkpt lat="42.457297" lon="-2.481649">
      <ele>421</ele>
    </trkpt>
    <trkpt lat="42.457291" lon="-2.481676">
      <ele>421</ele>
    </trkpt>
    <trkpt lat="42.457312" lon="-2.481849">
      <ele>420.9</ele>
    </trkpt>
    <trkpt lat="42.457356" lon="-2.482013">
      <ele>420.8</ele>
    </trkpt>
    <trkpt lat="42.457401" lon="-2.482198">
      <ele>420.5</ele>
    </trkpt>
    <trkpt lat="42.457417" lon="-2.482215">
      <ele>420.5</ele>
    </trkpt>
    <trkpt lat="42.45772" lon="-2.482433">
      <ele>419.8</ele>
    </trkpt>
    <trkpt lat="42.457917" lon="-2.482523">
      <ele>419.3</ele>
    </trkpt>
    <trkpt lat="42.458229" lon="-2.482667">
      <ele>418.7</ele>
    </trkpt>
    <trkpt lat="42.458344" lon="-2.48272">
      <ele>418.4</ele>
    </trkpt>
    <trkpt lat="42.458391" lon="-2.482622">
      <ele>418.2</ele>
    </trkpt>
    <trkpt lat="42.458442" lon="-2.482586">
      <ele>418.1</ele>
    </trkpt>
    <trkpt lat="42.458526" lon="-2.482591">
      <ele>418</ele>
    </trkpt>
    <trkpt lat="42.458584" lon="-2.482645">
      <ele>417.8</ele>
    </trkpt>
    <trkpt lat="42.458615" lon="-2.48273">
      <ele>417.7</ele>
    </trkpt>
    <trkpt lat="42.458606" lon="-2.482843">
      <ele>417.6</ele>
    </trkpt>
    <trkpt lat="42.458517" lon="-2.48295">
      <ele>417.5</ele>
    </trkpt>
    <trkpt lat="42.458446" lon="-2.483032">
      <ele>417.4</ele>
    </trkpt>
    <trkpt lat="42.458414" lon="-2.483124">
      <ele>417.3</ele>
    </trkpt>
    <trkpt lat="42.457764" lon="-2.485747">
      <ele>417.9</ele>
    </trkpt>
    <trkpt lat="42.457907" lon="-2.486051">
      <ele>417.9</ele>
    </trkpt>
    <trkpt lat="42.457903" lon="-2.486208">
      <ele>417.8</ele>
    </trkpt>
    <trkpt lat="42.457643" lon="-2.487277">
      <ele>418</ele>
    </trkpt>
    <trkpt lat="42.457591" lon="-2.487587">
      <ele>418.1</ele>
    </trkpt>
    <trkpt lat="42.457591" lon="-2.488041">
      <ele>418.4</ele>
    </trkpt>
    <trkpt lat="42.457636" lon="-2.488368">
      <ele>418.8</ele>
    </trkpt>
    <trkpt lat="42.457693" lon="-2.48853">
      <ele>419</ele>
    </trkpt>
    <trkpt lat="42.457768" lon="-2.488631">
      <ele>419.1</ele>
    </trkpt>
    <trkpt lat="42.457801" lon="-2.488659">
      <ele>419.2</ele>
    </trkpt>
    <trkpt lat="42.45829" lon="-2.489076">
      <ele>420.4</ele>
    </trkpt>
    <trkpt lat="42.458382" lon="-2.489215">
      <ele>420.7</ele>
    </trkpt>
    <trkpt lat="42.458478" lon="-2.489438">
      <ele>421.1</ele>
    </trkpt>
    <trkpt lat="42.458637" lon="-2.492113">
      <ele>423.4</ele>
    </trkpt>
    <trkpt lat="42.458714" lon="-2.492493">
      <ele>423.7</ele>
    </trkpt>
    <trkpt lat="42.458833" lon="-2.492799">
      <ele>424.4</ele>
    </trkpt>
    <trkpt lat="42.458902" lon="-2.49296">
      <ele>424.8</ele>
    </trkpt>
    <trkpt lat="42.459031" lon="-2.493063">
      <ele>425.3</ele>
    </trkpt>
    <trkpt lat="42.459138" lon="-2.493326">
      <ele>426.1</ele>
    </trkpt>
    <trkpt lat="42.459259" lon="-2.493478">
      <ele>426.8</ele>
    </trkpt>
    <trkpt lat="42.459333" lon="-2.493613">
      <ele>427.2</ele>
    </trkpt>
    <trkpt lat="42.459668" lon="-2.49399">
      <ele>428.7</ele>
    </trkpt>
    <trkpt lat="42.459735" lon="-2.494114">
      <ele>429</ele>
    </trkpt>
    <trkpt lat="42.459795" lon="-2.494295">
      <ele>429.5</ele>
    </trkpt>
    <trkpt lat="42.459811" lon="-2.494599">
      <ele>430.3</ele>
    </trkpt>
    <trkpt lat="42.459931" lon="-2.495548">
      <ele>432.5</ele>
    </trkpt>
    <trkpt lat="42.459985" lon="-2.495745">
      <ele>432.8</ele>
    </trkpt>
    <trkpt lat="42.460029" lon="-2.495844">
      <ele>433</ele>
    </trkpt>
    <trkpt lat="42.460099" lon="-2.495925">
      <ele>433.2</ele>
    </trkpt>
    <trkpt lat="42.460343" lon="-2.496061">
      <ele>433.6</ele>
    </trkpt>
    <trkpt lat="42.460449" lon="-2.496103">
      <ele>433.8</ele>
    </trkpt>
    <trkpt lat="42.460529" lon="-2.496097">
      <ele>434</ele>
    </trkpt>
    <trkpt lat="42.460597" lon="-2.496055">
      <ele>434.1</ele>
    </trkpt>
    <trkpt lat="42.460775" lon="-2.495783">
      <ele>434.7</ele>
    </trkpt>
    <trkpt lat="42.460894" lon="-2.495746">
      <ele>435.1</ele>
    </trkpt>
    <trkpt lat="42.460971" lon="-2.495778">
      <ele>435.3</ele>
    </trkpt>
    <trkpt lat="42.461268" lon="-2.4961">
      <ele>436.7</ele>
    </trkpt>
    <trkpt lat="42.461303" lon="-2.496174">
      <ele>436.9</ele>
    </trkpt>
    <trkpt lat="42.461393" lon="-2.496613">
      <ele>438.3</ele>
    </trkpt>
    <trkpt lat="42.461456" lon="-2.49663">
      <ele>438.6</ele>
    </trkpt>
    <trkpt lat="42.461506" lon="-2.496604">
      <ele>438.9</ele>
    </trkpt>
    <trkpt lat="42.461594" lon="-2.496432">
      <ele>439.6</ele>
    </trkpt>
    <trkpt lat="42.461847" lon="-2.495783">
      <ele>442.4</ele>
    </trkpt>
    <trkpt lat="42.461928" lon="-2.495361">
      <ele>444.1</ele>
    </trkpt>
    <trkpt lat="42.461992" lon="-2.495287">
      <ele>444.6</ele>
    </trkpt>
    <trkpt lat="42.461789" lon="-2.494681">
      <ele>446.8</ele>
    </trkpt>
    <trkpt lat="42.461618" lon="-2.494472">
      <ele>447.5</ele>
    </trkpt>
    <trkpt lat="42.461435" lon="-2.494307">
      <ele>448</ele>
    </trkpt>
    <trkpt lat="42.461317" lon="-2.49409">
      <ele>448.3</ele>
    </trkpt>
    <trkpt lat="42.461154" lon="-2.492983">
      <ele>448.4</ele>
    </trkpt>
    <trkpt lat="42.461072" lon="-2.492268">
      <ele>447.7</ele>
    </trkpt>
    <trkpt lat="42.461075" lon="-2.491954">
      <ele>447.3</ele>
    </trkpt>
    <trkpt lat="42.461108" lon="-2.491617">
      <ele>446.8</ele>
    </trkpt>
    <trkpt lat="42.461351" lon="-2.490681">
      <ele>444.9</ele>
    </trkpt>
    <trkpt lat="42.461447" lon="-2.489961">
      <ele>443</ele>
    </trkpt>
    <trkpt lat="42.461444" lon="-2.489565">
      <ele>441.8</ele>
    </trkpt>
    <trkpt lat="42.46139" lon="-2.489483">
      <ele>441.5</ele>
    </trkpt>
    <trkpt lat="42.461069" lon="-2.489163">
      <ele>439.5</ele>
    </trkpt>
    <trkpt lat="42.460941" lon="-2.488965">
      <ele>438.5</ele>
    </trkpt>
    <trkpt lat="42.46078" lon="-2.488592">
      <ele>436.6</ele>
    </trkpt>
    <trkpt lat="42.460268" lon="-2.487759">
      <ele>431.3</ele>
    </trkpt>
    <trkpt lat="42.460185" lon="-2.487329">
      <ele>429.1</ele>
    </trkpt>
    <trkpt lat="42.460149" lon="-2.487242">
      <ele>428.6</ele>
    </trkpt>
    <trkpt lat="42.460048" lon="-2.48727">
      <ele>427.9</ele>
    </trkpt>
    <trkpt lat="42.459951" lon="-2.48726">
      <ele>427.3</ele>
    </trkpt>
    <trkpt lat="42.459914" lon="-2.487188">
      <ele>426.9</ele>
    </trkpt>
    <trkpt lat="42.459877" lon="-2.486699">
      <ele>424.6</ele>
    </trkpt>
    <trkpt lat="42.459831" lon="-2.486592">
      <ele>424.1</ele>
    </trkpt>
    <trkpt lat="42.459766" lon="-2.486525">
      <ele>423.6</ele>
    </trkpt>
    <trkpt lat="42.459357" lon="-2.486395">
      <ele>421.6</ele>
    </trkpt>
    <trkpt lat="42.459285" lon="-2.486272">
      <ele>421.1</ele>
    </trkpt>
    <trkpt lat="42.459265" lon="-2.485978">
      <ele>420.2</ele>
    </trkpt>
    <trkpt lat="42.459478" lon="-2.484972">
      <ele>417.8</ele>
    </trkpt>
    <trkpt lat="42.459448" lon="-2.484828">
      <ele>417.6</ele>
    </trkpt>
    <trkpt lat="42.459487" lon="-2.484809">
      <ele>417.5</ele>
    </trkpt>
    <trkpt lat="42.459742" lon="-2.48372">
      <ele>416.5</ele>
    </trkpt>
    <trkpt lat="42.459909" lon="-2.483777">
      <ele>416.5</ele>
    </trkpt>
    <trkpt lat="42.46216" lon="-2.48426">
      <ele>417.5</ele>
    </trkpt>
    <trkpt lat="42.462171" lon="-2.484142">
      <ele>417.5</ele>
    </trkpt>
    <trkpt lat="42.462267" lon="-2.484164">
      <ele>417.5</ele>
    </trkpt>
    <trkpt lat="42.462803" lon="-2.484297">
      <ele>417.8</ele>
    </trkpt>
    <trkpt lat="42.462847" lon="-2.484439">
      <ele>417.9</ele>
    </trkpt>
    <trkpt lat="42.462886" lon="-2.484437">
      <ele>417.9</ele>
    </trkpt>
    <trkpt lat="42.462906" lon="-2.484436">
      <ele>417.9</ele>
    </trkpt>
    <trkpt lat="42.462936" lon="-2.484592">
      <ele>418</ele>
    </trkpt>
    <trkpt lat="42.463079" lon="-2.484839">
      <ele>418.3</ele>
    </trkpt>
    <trkpt lat="42.46315" lon="-2.48503">
      <ele>418.5</ele>
    </trkpt>
    <trkpt lat="42.463215" lon="-2.485373">
      <ele>418.9</ele>
    </trkpt>
    <trkpt lat="42.463719" lon="-2.48653">
      <ele>421.6</ele>
    </trkpt>
    <trkpt lat="42.463783" lon="-2.486785">
      <ele>422.1</ele>
    </trkpt>
    <trkpt lat="42.463971" lon="-2.487678">
      <ele>424.1</ele>
    </trkpt>
    <trkpt lat="42.464014" lon="-2.488747">
      <ele>426.5</ele>
    </trkpt>
    <trkpt lat="42.464004" lon="-2.489058">
      <ele>427.3</ele>
    </trkpt>
    <trkpt lat="42.46405" lon="-2.489454">
      <ele>428.3</ele>
    </trkpt>
    <trkpt lat="42.464134" lon="-2.48968">
      <ele>429</ele>
    </trkpt>
    <trkpt lat="42.464247" lon="-2.490048">
      <ele>430.1</ele>
    </trkpt>
    <trkpt lat="42.464277" lon="-2.490655">
      <ele>431.6</ele>
    </trkpt>
    <trkpt lat="42.464384" lon="-2.490941">
      <ele>432.5</ele>
    </trkpt>
    <trkpt lat="42.464402" lon="-2.491246">
      <ele>433.2</ele>
    </trkpt>
    <trkpt lat="42.464332" lon="-2.491785">
      <ele>434.4</ele>
    </trkpt>
    <trkpt lat="42.464361" lon="-2.492161">
      <ele>435.2</ele>
    </trkpt>
    <trkpt lat="42.464286" lon="-2.492973">
      <ele>437</ele>
    </trkpt>
    <trkpt lat="42.464337" lon="-2.493643">
      <ele>438.6</ele>
    </trkpt>
    <trkpt lat="42.464335" lon="-2.494776">
      <ele>441.7</ele>
    </trkpt>
    <trkpt lat="42.464433" lon="-2.495724">
      <ele>445.2</ele>
    </trkpt>
    <trkpt lat="42.464404" lon="-2.495944">
      <ele>446.1</ele>
    </trkpt>
    <trkpt lat="42.464292" lon="-2.496139">
      <ele>447.1</ele>
    </trkpt>
    <trkpt lat="42.464246" lon="-2.496304">
      <ele>447.9</ele>
    </trkpt>
    <trkpt lat="42.46427" lon="-2.496982">
      <ele>450.9</ele>
    </trkpt>
    <trkpt lat="42.464259" lon="-2.49742">
      <ele>452.7</ele>
    </trkpt>
    <trkpt lat="42.464232" lon="-2.497672">
      <ele>453.7</ele>
    </trkpt>
    <trkpt lat="42.464073" lon="-2.498273">
      <ele>455.7</ele>
    </trkpt>
    <trkpt lat="42.46405" lon="-2.498605">
      <ele>456.4</ele>
    </trkpt>
    <trkpt lat="42.463997" lon="-2.49889">
      <ele>456.7</ele>
    </trkpt>
    <trkpt lat="42.464007" lon="-2.499366">
      <ele>457.1</ele>
    </trkpt>
    <trkpt lat="42.46393" lon="-2.499565">
      <ele>457.2</ele>
    </trkpt>
    <trkpt lat="42.464024" lon="-2.500432">
      <ele>457.7</ele>
    </trkpt>
    <trkpt lat="42.464003" lon="-2.50104">
      <ele>458.6</ele>
    </trkpt>
    <trkpt lat="42.464253" lon="-2.502074">
      <ele>462.6</ele>
    </trkpt>
    <trkpt lat="42.464258" lon="-2.502672">
      <ele>465.6</ele>
    </trkpt>
    <trkpt lat="42.4645" lon="-2.503215">
      <ele>468.7</ele>
    </trkpt>
    <trkpt lat="42.46455" lon="-2.503395">
      <ele>469.6</ele>
    </trkpt>
    <trkpt lat="42.464633" lon="-2.503423">
      <ele>470.2</ele>
    </trkpt>
    <trkpt lat="42.464621" lon="-2.503809">
      <ele>472.1</ele>
    </trkpt>
    <trkpt lat="42.464411" lon="-2.504122">
      <ele>474.1</ele>
    </trkpt>
    <trkpt lat="42.464385" lon="-2.50472">
      <ele>476.9</ele>
    </trkpt>
    <trkpt lat="42.46434" lon="-2.505173">
      <ele>478.8</ele>
    </trkpt>
    <trkpt lat="42.464352" lon="-2.505381">
      <ele>479.8</ele>
    </trkpt>
    <trkpt lat="42.464269" lon="-2.505842">
      <ele>482.1</ele>
    </trkpt>
    <trkpt lat="42.464269" lon="-2.506035">
      <ele>483</ele>
    </trkpt>
    <trkpt lat="42.464222" lon="-2.506285">
      <ele>484.3</ele>
    </trkpt>
    <trkpt lat="42.464257" lon="-2.506496">
      <ele>485.3</ele>
    </trkpt>
    <trkpt lat="42.464413" lon="-2.506902">
      <ele>487.5</ele>
    </trkpt>
    <trkpt lat="42.46444" lon="-2.50707">
      <ele>488.3</ele>
    </trkpt>
    <trkpt lat="42.464446" lon="-2.507108">
      <ele>488.5</ele>
    </trkpt>
    <trkpt lat="42.464419" lon="-2.50731">
      <ele>489.5</ele>
    </trkpt>
    <trkpt lat="42.464377" lon="-2.507388">
      <ele>490</ele>
    </trkpt>
    <trkpt lat="42.464398" lon="-2.507472">
      <ele>490.5</ele>
    </trkpt>
    <trkpt lat="42.464343" lon="-2.507711">
      <ele>491.8</ele>
    </trkpt>
    <trkpt lat="42.464315" lon="-2.508158">
      <ele>494.4</ele>
    </trkpt>
    <trkpt lat="42.464327" lon="-2.508284">
      <ele>495.1</ele>
    </trkpt>
    <trkpt lat="42.464296" lon="-2.50859">
      <ele>497.1</ele>
    </trkpt>
    <trkpt lat="42.464234" lon="-2.508731">
      <ele>498.2</ele>
    </trkpt>
    <trkpt lat="42.464146" lon="-2.508718">
      <ele>499.1</ele>
    </trkpt>
    <trkpt lat="42.464122" lon="-2.508756">
      <ele>499.4</ele>
    </trkpt>
    <trkpt lat="42.464065" lon="-2.509019">
      <ele>501.5</ele>
    </trkpt>
    <trkpt lat="42.463983" lon="-2.509235">
      <ele>503.4</ele>
    </trkpt>
    <trkpt lat="42.463899" lon="-2.509409">
      <ele>505.1</ele>
    </trkpt>
    <trkpt lat="42.463883" lon="-2.509442">
      <ele>505.4</ele>
    </trkpt>
    <trkpt lat="42.463639" lon="-2.509797">
      <ele>509.5</ele>
    </trkpt>
    <trkpt lat="42.463653" lon="-2.509858">
      <ele>510.1</ele>
    </trkpt>
    <trkpt lat="42.463694" lon="-2.509903">
      <ele>510.7</ele>
    </trkpt>
    <trkpt lat="42.463879" lon="-2.509913">
      <ele>512.8</ele>
    </trkpt>
    <trkpt lat="42.463903" lon="-2.509977">
      <ele>513.4</ele>
    </trkpt>
    <trkpt lat="42.46373" lon="-2.510166">
      <ele>515.9</ele>
    </trkpt>
    <trkpt lat="42.463638" lon="-2.510319">
      <ele>517.6</ele>
    </trkpt>
    <trkpt lat="42.463589" lon="-2.510466">
      <ele>518.9</ele>
    </trkpt>
    <trkpt lat="42.463678" lon="-2.510703">
      <ele>521.2</ele>
    </trkpt>
    <trkpt lat="42.463656" lon="-2.510782">
      <ele>521.9</ele>
    </trkpt>
    <trkpt lat="42.46363" lon="-2.510852">
      <ele>522.5</ele>
    </trkpt>
    <trkpt lat="42.463532" lon="-2.510918">
      <ele>523.7</ele>
    </trkpt>
    <trkpt lat="42.463428" lon="-2.511074">
      <ele>525.2</ele>
    </trkpt>
    <trkpt lat="42.463466" lon="-2.511278">
      <ele>526.7</ele>
    </trkpt>
    <trkpt lat="42.463628" lon="-2.511639">
      <ele>529.1</ele>
    </trkpt>
    <trkpt lat="42.463601" lon="-2.511752">
      <ele>529.7</ele>
    </trkpt>
    <trkpt lat="42.463636" lon="-2.511884">
      <ele>530.6</ele>
    </trkpt>
    <trkpt lat="42.463644" lon="-2.512126">
      <ele>531.8</ele>
    </trkpt>
    <trkpt lat="42.463597" lon="-2.512213">
      <ele>532.4</ele>
    </trkpt>
    <trkpt lat="42.463583" lon="-2.512302">
      <ele>532.7</ele>
    </trkpt>
    <trkpt lat="42.463385" lon="-2.512443">
      <ele>533.8</ele>
    </trkpt>
    <trkpt lat="42.463247" lon="-2.512748">
      <ele>534.7</ele>
    </trkpt>
    <trkpt lat="42.46325" lon="-2.512848">
      <ele>535</ele>
    </trkpt>
    <trkpt lat="42.463036" lon="-2.513082">
      <ele>535.4</ele>
    </trkpt>
    <trkpt lat="42.462822" lon="-2.513168">
      <ele>535.5</ele>
    </trkpt>
    <trkpt lat="42.462622" lon="-2.513186">
      <ele>535.7</ele>
    </trkpt>
    <trkpt lat="42.462349" lon="-2.513304">
      <ele>536.1</ele>
    </trkpt>
    <trkpt lat="42.462048" lon="-2.513497">
      <ele>536.9</ele>
    </trkpt>
    <trkpt lat="42.46168" lon="-2.51395">
      <ele>538.2</ele>
    </trkpt>
    <trkpt lat="42.461375" lon="-2.514227">
      <ele>539.6</ele>
    </trkpt>
    <trkpt lat="42.461229" lon="-2.514403">
      <ele>540.3</ele>
    </trkpt>
    <trkpt lat="42.460992" lon="-2.51463">
      <ele>541.6</ele>
    </trkpt>
    <trkpt lat="42.460576" lon="-2.514897">
      <ele>543.7</ele>
    </trkpt>
    <trkpt lat="42.460347" lon="-2.51497">
      <ele>544.7</ele>
    </trkpt>
    <trkpt lat="42.460143" lon="-2.514986">
      <ele>545.5</ele>
    </trkpt>
    <trkpt lat="42.45982" lon="-2.515136">
      <ele>546.5</ele>
    </trkpt>
    <trkpt lat="42.459668" lon="-2.515096">
      <ele>546.9</ele>
    </trkpt>
    <trkpt lat="42.459578" lon="-2.515133">
      <ele>547.3</ele>
    </trkpt>
    <trkpt lat="42.459534" lon="-2.515208">
      <ele>547.6</ele>
    </trkpt>
    <trkpt lat="42.459406" lon="-2.515309">
      <ele>548.3</ele>
    </trkpt>
    <trkpt lat="42.459319" lon="-2.515318">
      <ele>548.7</ele>
    </trkpt>
    <trkpt lat="42.459166" lon="-2.515254">
      <ele>549.5</ele>
    </trkpt>
    <trkpt lat="42.458975" lon="-2.515252">
      <ele>550.4</ele>
    </trkpt>
    <trkpt lat="42.458804" lon="-2.515064">
      <ele>551.3</ele>
    </trkpt>
    <trkpt lat="42.458862" lon="-2.515517">
      <ele>552.6</ele>
    </trkpt>
    <trkpt lat="42.458505" lon="-2.515504">
      <ele>553.9</ele>
    </trkpt>
    <trkpt lat="42.458003" lon="-2.516073">
      <ele>556.5</ele>
    </trkpt>
    <trkpt lat="42.457046" lon="-2.516239">
      <ele>559.7</ele>
    </trkpt>
    <trkpt lat="42.45662" lon="-2.516234">
      <ele>560.9</ele>
    </trkpt>
    <trkpt lat="42.456276" lon="-2.515915">
      <ele>561.4</ele>
    </trkpt>
    <trkpt lat="42.455693" lon="-2.515258">
      <ele>559.7</ele>
    </trkpt>
    <trkpt lat="42.454055" lon="-2.514344">
      <ele>549.9</ele>
    </trkpt>
    <trkpt lat="42.453902" lon="-2.514291">
      <ele>549.8</ele>
    </trkpt>
    <trkpt lat="42.453839" lon="-2.514368">
      <ele>549.7</ele>
    </trkpt>
    <trkpt lat="42.453795" lon="-2.514702">
      <ele>549.3</ele>
    </trkpt>
    <trkpt lat="42.453831" lon="-2.514788">
      <ele>549.1</ele>
    </trkpt>
    <trkpt lat="42.453909" lon="-2.514978">
      <ele>548.4</ele>
    </trkpt>
    <trkpt lat="42.453931" lon="-2.515239">
      <ele>547.4</ele>
    </trkpt>
    <trkpt lat="42.453885" lon="-2.515452">
      <ele>546.8</ele>
    </trkpt>
    <trkpt lat="42.45376" lon="-2.515676">
      <ele>546.8</ele>
    </trkpt>
    <trkpt lat="42.453598" lon="-2.515822">
      <ele>547.3</ele>
    </trkpt>
    <trkpt lat="42.453346" lon="-2.515893">
      <ele>547.7</ele>
    </trkpt>
    <trkpt lat="42.453282" lon="-2.515886">
      <ele>547.7</ele>
    </trkpt>
    <trkpt lat="42.453228" lon="-2.515947">
      <ele>547.5</ele>
    </trkpt>
    <trkpt lat="42.453196" lon="-2.516206">
      <ele>547.1</ele>
    </trkpt>
    <trkpt lat="42.453235" lon="-2.516327">
      <ele>546.6</ele>
    </trkpt>
    <trkpt lat="42.453282" lon="-2.516642">
      <ele>545.7</ele>
    </trkpt>
    <trkpt lat="42.453376" lon="-2.517199">
      <ele>543.3</ele>
    </trkpt>
    <trkpt lat="42.453251" lon="-2.517545">
      <ele>542.2</ele>
    </trkpt>
    <trkpt lat="42.453203" lon="-2.517587">
      <ele>541.9</ele>
    </trkpt>
    <trkpt lat="42.453173" lon="-2.517527">
      <ele>541.6</ele>
    </trkpt>
    <trkpt lat="42.45319" lon="-2.517362">
      <ele>540.7</ele>
    </trkpt>
    <trkpt lat="42.453038" lon="-2.517367">
      <ele>539.3</ele>
    </trkpt>
    <trkpt lat="42.452948" lon="-2.517244">
      <ele>537.8</ele>
    </trkpt>
    <trkpt lat="42.452673" lon="-2.517459">
      <ele>534</ele>
    </trkpt>
    <trkpt lat="42.452568" lon="-2.517444">
      <ele>532.6</ele>
    </trkpt>
    <trkpt lat="42.452493" lon="-2.517385">
      <ele>531.6</ele>
    </trkpt>
    <trkpt lat="42.452409" lon="-2.517367">
      <ele>530.6</ele>
    </trkpt>
    <trkpt lat="42.452264" lon="-2.517379">
      <ele>528.9</ele>
    </trkpt>
    <trkpt lat="42.452069" lon="-2.517485">
      <ele>526.7</ele>
    </trkpt>
    <trkpt lat="42.452045" lon="-2.517432">
      <ele>526.2</ele>
    </trkpt>
    <trkpt lat="42.451991" lon="-2.517556">
      <ele>525.2</ele>
    </trkpt>
    <trkpt lat="42.451809" lon="-2.517629">
      <ele>523.6</ele>
    </trkpt>
    <trkpt lat="42.45163" lon="-2.517838">
      <ele>522</ele>
    </trkpt>
    <trkpt lat="42.451266" lon="-2.518041">
      <ele>520.3</ele>
    </trkpt>
    <trkpt lat="42.450775" lon="-2.518271">
      <ele>520</ele>
    </trkpt>
    <trkpt lat="42.450695" lon="-2.518283">
      <ele>520.1</ele>
    </trkpt>
    <trkpt lat="42.450515" lon="-2.518398">
      <ele>521</ele>
    </trkpt>
    <trkpt lat="42.45048" lon="-2.518403">
      <ele>521.2</ele>
    </trkpt>
    <trkpt lat="42.450093" lon="-2.518455">
      <ele>523.6</ele>
    </trkpt>
    <trkpt lat="42.449819" lon="-2.518679">
      <ele>526.2</ele>
    </trkpt>
    <trkpt lat="42.449779" lon="-2.518818">
      <ele>527.3</ele>
    </trkpt>
    <trkpt lat="42.449769" lon="-2.518852">
      <ele>527.6</ele>
    </trkpt>
    <trkpt lat="42.449777" lon="-2.519112">
      <ele>529.6</ele>
    </trkpt>
    <trkpt lat="42.449728" lon="-2.519257">
      <ele>530.9</ele>
    </trkpt>
    <trkpt lat="42.449672" lon="-2.519354">
      <ele>532.1</ele>
    </trkpt>
    <trkpt lat="42.449492" lon="-2.519458">
      <ele>534.7</ele>
    </trkpt>
    <trkpt lat="42.449345" lon="-2.519612">
      <ele>537.4</ele>
    </trkpt>
    <trkpt lat="42.449298" lon="-2.519696">
      <ele>538.6</ele>
    </trkpt>
    <trkpt lat="42.44925" lon="-2.519975">
      <ele>541.8</ele>
    </trkpt>
    <trkpt lat="42.449169" lon="-2.520017">
      <ele>543</ele>
    </trkpt>
    <trkpt lat="42.448899" lon="-2.520054">
      <ele>546.6</ele>
    </trkpt>
    <trkpt lat="42.448811" lon="-2.520135">
      <ele>547.9</ele>
    </trkpt>
    <trkpt lat="42.448747" lon="-2.520363">
      <ele>550.2</ele>
    </trkpt>
    <trkpt lat="42.448443" lon="-2.520539">
      <ele>553.8</ele>
    </trkpt>
    <trkpt lat="42.448442" lon="-2.520688">
      <ele>554.7</ele>
    </trkpt>
    <trkpt lat="42.448605" lon="-2.520967">
      <ele>556.5</ele>
    </trkpt>
    <trkpt lat="42.448803" lon="-2.521213">
      <ele>557.4</ele>
    </trkpt>
    <trkpt lat="42.448794" lon="-2.521252">
      <ele>557.5</ele>
    </trkpt>
    <trkpt lat="42.448753" lon="-2.521279">
      <ele>557.6</ele>
    </trkpt>
    <trkpt lat="42.44866" lon="-2.521263">
      <ele>557.6</ele>
    </trkpt>
    <trkpt lat="42.448753" lon="-2.521279">
      <ele>557.6</ele>
    </trkpt>
    <trkpt lat="42.448794" lon="-2.521252">
      <ele>557.5</ele>
    </trkpt>
    <trkpt lat="42.448803" lon="-2.521213">
      <ele>557.4</ele>
    </trkpt>
    <trkpt lat="42.448605" lon="-2.520967">
      <ele>556.5</ele>
    </trkpt>
    <trkpt lat="42.448442" lon="-2.520688">
      <ele>554.7</ele>
    </trkpt>
    <trkpt lat="42.448443" lon="-2.520539">
      <ele>553.8</ele>
    </trkpt>
    <trkpt lat="42.448747" lon="-2.520363">
      <ele>550.2</ele>
    </trkpt>
    <trkpt lat="42.448811" lon="-2.520135">
      <ele>547.9</ele>
    </trkpt>
    <trkpt lat="42.448899" lon="-2.520054">
      <ele>546.6</ele>
    </trkpt>
    <trkpt lat="42.449169" lon="-2.520017">
      <ele>543</ele>
    </trkpt>
    <trkpt lat="42.44925" lon="-2.519975">
      <ele>541.8</ele>
    </trkpt>
    <trkpt lat="42.449298" lon="-2.519696">
      <ele>538.6</ele>
    </trkpt>
    <trkpt lat="42.449345" lon="-2.519612">
      <ele>537.4</ele>
    </trkpt>
    <trkpt lat="42.449492" lon="-2.519458">
      <ele>534.7</ele>
    </trkpt>
    <trkpt lat="42.449672" lon="-2.519354">
      <ele>532.1</ele>
    </trkpt>
    <trkpt lat="42.449728" lon="-2.519257">
      <ele>530.9</ele>
    </trkpt>
    <trkpt lat="42.449777" lon="-2.519112">
      <ele>529.6</ele>
    </trkpt>
    <trkpt lat="42.449769" lon="-2.518852">
      <ele>527.6</ele>
    </trkpt>
    <trkpt lat="42.449779" lon="-2.518818">
      <ele>527.3</ele>
    </trkpt>
    <trkpt lat="42.449819" lon="-2.518679">
      <ele>526.2</ele>
    </trkpt>
    <trkpt lat="42.450093" lon="-2.518455">
      <ele>523.6</ele>
    </trkpt>
    <trkpt lat="42.45048" lon="-2.518403">
      <ele>521.2</ele>
    </trkpt>
    <trkpt lat="42.450515" lon="-2.518398">
      <ele>521</ele>
    </trkpt>
    <trkpt lat="42.450695" lon="-2.518283">
      <ele>520.1</ele>
    </trkpt>
    <trkpt lat="42.450775" lon="-2.518271">
      <ele>520</ele>
    </trkpt>
    <trkpt lat="42.451266" lon="-2.518041">
      <ele>520</ele>
    </trkpt>
    <trkpt lat="42.45163" lon="-2.517838">
      <ele>518.8</ele>
    </trkpt>
    <trkpt lat="42.451809" lon="-2.517629">
      <ele>517.2</ele>
    </trkpt>
    <trkpt lat="42.451991" lon="-2.517556">
      <ele>515.5</ele>
    </trkpt>
    <trkpt lat="42.452045" lon="-2.517432">
      <ele>514.4</ele>
    </trkpt>
    <trkpt lat="42.451994" lon="-2.517322">
      <ele>513.3</ele>
    </trkpt>
    <trkpt lat="42.451868" lon="-2.517261">
      <ele>511.7</ele>
    </trkpt>
    <trkpt lat="42.451811" lon="-2.517159">
      <ele>510.5</ele>
    </trkpt>
    <trkpt lat="42.451802" lon="-2.517152">
      <ele>510.4</ele>
    </trkpt>
    <trkpt lat="42.451664" lon="-2.517045">
      <ele>508.2</ele>
    </trkpt>
    <trkpt lat="42.451621" lon="-2.516846">
      <ele>506.1</ele>
    </trkpt>
    <trkpt lat="42.45163" lon="-2.516614">
      <ele>503.6</ele>
    </trkpt>
    <trkpt lat="42.451604" lon="-2.516472">
      <ele>502</ele>
    </trkpt>
    <trkpt lat="42.451665" lon="-2.516391">
      <ele>500.8</ele>
    </trkpt>
    <trkpt lat="42.451681" lon="-2.516328">
      <ele>500.1</ele>
    </trkpt>
    <trkpt lat="42.45164" lon="-2.516233">
      <ele>499</ele>
    </trkpt>
    <trkpt lat="42.451594" lon="-2.516216">
      <ele>498.3</ele>
    </trkpt>
    <trkpt lat="42.451404" lon="-2.515829">
      <ele>494.4</ele>
    </trkpt>
    <trkpt lat="42.451389" lon="-2.515757">
      <ele>493.9</ele>
    </trkpt>
    <trkpt lat="42.451414" lon="-2.515631">
      <ele>492.9</ele>
    </trkpt>
    <trkpt lat="42.451408" lon="-2.515459">
      <ele>491.7</ele>
    </trkpt>
    <trkpt lat="42.451581" lon="-2.515185">
      <ele>489.6</ele>
    </trkpt>
    <trkpt lat="42.45167" lon="-2.515221">
      <ele>488.9</ele>
    </trkpt>
    <trkpt lat="42.45171" lon="-2.515237">
      <ele>488.6</ele>
    </trkpt>
    <trkpt lat="42.451876" lon="-2.51517">
      <ele>487.6</ele>
    </trkpt>
    <trkpt lat="42.451743" lon="-2.514992">
      <ele>486.6</ele>
    </trkpt>
    <trkpt lat="42.451776" lon="-2.514941">
      <ele>486.3</ele>
    </trkpt>
    <trkpt lat="42.451833" lon="-2.514933">
      <ele>486.1</ele>
    </trkpt>
    <trkpt lat="42.451845" lon="-2.514889">
      <ele>485.9</ele>
    </trkpt>
    <trkpt lat="42.45184" lon="-2.514699">
      <ele>485.2</ele>
    </trkpt>
    <trkpt lat="42.451884" lon="-2.514531">
      <ele>484.5</ele>
    </trkpt>
    <trkpt lat="42.451885" lon="-2.514395">
      <ele>484</ele>
    </trkpt>
    <trkpt lat="42.452038" lon="-2.514072">
      <ele>482.4</ele>
    </trkpt>
    <trkpt lat="42.451972" lon="-2.51382">
      <ele>480.9</ele>
    </trkpt>
    <trkpt lat="42.451801" lon="-2.513511">
      <ele>478.7</ele>
    </trkpt>
    <trkpt lat="42.451804" lon="-2.513488">
      <ele>478.6</ele>
    </trkpt>
    <trkpt lat="42.451821" lon="-2.513334">
      <ele>477.8</ele>
    </trkpt>
    <trkpt lat="42.451881" lon="-2.513095">
      <ele>476.6</ele>
    </trkpt>
    <trkpt lat="42.45184" lon="-2.512893">
      <ele>475.6</ele>
    </trkpt>
    <trkpt lat="42.451703" lon="-2.512552">
      <ele>474.2</ele>
    </trkpt>
    <trkpt lat="42.45169" lon="-2.512293">
      <ele>473.4</ele>
    </trkpt>
    <trkpt lat="42.451715" lon="-2.512147">
      <ele>473.1</ele>
    </trkpt>
    <trkpt lat="42.451604" lon="-2.511882">
      <ele>472.5</ele>
    </trkpt>
    <trkpt lat="42.451582" lon="-2.511767">
      <ele>472.2</ele>
    </trkpt>
    <trkpt lat="42.45162" lon="-2.511623">
      <ele>472</ele>
    </trkpt>
    <trkpt lat="42.451653" lon="-2.511496">
      <ele>471.7</ele>
    </trkpt>
    <trkpt lat="42.45163" lon="-2.511353">
      <ele>471.4</ele>
    </trkpt>
    <trkpt lat="42.451838" lon="-2.511185">
      <ele>470.6</ele>
    </trkpt>
    <trkpt lat="42.451909" lon="-2.510973">
      <ele>470</ele>
    </trkpt>
    <trkpt lat="42.451978" lon="-2.51089">
      <ele>469.6</ele>
    </trkpt>
    <trkpt lat="42.452019" lon="-2.510841">
      <ele>469.3</ele>
    </trkpt>
    <trkpt lat="42.452023" lon="-2.510795">
      <ele>469.1</ele>
    </trkpt>
    <trkpt lat="42.452021" lon="-2.510391">
      <ele>467.6</ele>
    </trkpt>
    <trkpt lat="42.451965" lon="-2.510332">
      <ele>467.2</ele>
    </trkpt>
    <trkpt lat="42.451815" lon="-2.510349">
      <ele>466.3</ele>
    </trkpt>
    <trkpt lat="42.451698" lon="-2.51028">
      <ele>465.5</ele>
    </trkpt>
    <trkpt lat="42.451536" lon="-2.51012">
      <ele>464.2</ele>
    </trkpt>
    <trkpt lat="42.451495" lon="-2.510121">
      <ele>463.9</ele>
    </trkpt>
    <trkpt lat="42.451167" lon="-2.510124">
      <ele>461.6</ele>
    </trkpt>
    <trkpt lat="42.451113" lon="-2.510098">
      <ele>461.2</ele>
    </trkpt>
    <trkpt lat="42.451042" lon="-2.509815">
      <ele>459.8</ele>
    </trkpt>
    <trkpt lat="42.451066" lon="-2.509708">
      <ele>459.3</ele>
    </trkpt>
    <trkpt lat="42.451015" lon="-2.509617">
      <ele>458.8</ele>
    </trkpt>
    <trkpt lat="42.451029" lon="-2.509515">
      <ele>458.4</ele>
    </trkpt>
    <trkpt lat="42.45108" lon="-2.509446">
      <ele>458</ele>
    </trkpt>
    <trkpt lat="42.451082" lon="-2.509356">
      <ele>457.7</ele>
    </trkpt>
    <trkpt lat="42.451142" lon="-2.509283">
      <ele>457.3</ele>
    </trkpt>
    <trkpt lat="42.451194" lon="-2.50884">
      <ele>456</ele>
    </trkpt>
    <trkpt lat="42.451274" lon="-2.508445">
      <ele>455</ele>
    </trkpt>
    <trkpt lat="42.45145" lon="-2.508096">
      <ele>453.8</ele>
    </trkpt>
    <trkpt lat="42.451477" lon="-2.507958">
      <ele>453.4</ele>
    </trkpt>
    <trkpt lat="42.451476" lon="-2.507585">
      <ele>452.1</ele>
    </trkpt>
    <trkpt lat="42.45145" lon="-2.507476">
      <ele>451.8</ele>
    </trkpt>
    <trkpt lat="42.451065" lon="-2.506832">
      <ele>450.3</ele>
    </trkpt>
    <trkpt lat="42.450907" lon="-2.50652">
      <ele>450.1</ele>
    </trkpt>
    <trkpt lat="42.451065" lon="-2.506832">
      <ele>450.3</ele>
    </trkpt>
    <trkpt lat="42.45145" lon="-2.507476">
      <ele>451.8</ele>
    </trkpt>
    <trkpt lat="42.451476" lon="-2.507585">
      <ele>452.1</ele>
    </trkpt>
    <trkpt lat="42.451477" lon="-2.507958">
      <ele>453.4</ele>
    </trkpt>
    <trkpt lat="42.45145" lon="-2.508096">
      <ele>453.8</ele>
    </trkpt>
    <trkpt lat="42.451274" lon="-2.508445">
      <ele>455</ele>
    </trkpt>
    <trkpt lat="42.451194" lon="-2.50884">
      <ele>456</ele>
    </trkpt>
    <trkpt lat="42.451142" lon="-2.509283">
      <ele>457.3</ele>
    </trkpt>
    <trkpt lat="42.451082" lon="-2.509356">
      <ele>457.7</ele>
    </trkpt>
    <trkpt lat="42.45108" lon="-2.509446">
      <ele>458</ele>
    </trkpt>
    <trkpt lat="42.451029" lon="-2.509515">
      <ele>458.4</ele>
    </trkpt>
    <trkpt lat="42.451015" lon="-2.509617">
      <ele>458.8</ele>
    </trkpt>
    <trkpt lat="42.451066" lon="-2.509708">
      <ele>459.2</ele>
    </trkpt>
    <trkpt lat="42.451042" lon="-2.509815">
      <ele>459.7</ele>
    </trkpt>
    <trkpt lat="42.451113" lon="-2.510098">
      <ele>461.1</ele>
    </trkpt>
    <trkpt lat="42.451167" lon="-2.510124">
      <ele>461.5</ele>
    </trkpt>
    <trkpt lat="42.451536" lon="-2.51012">
      <ele>464.1</ele>
    </trkpt>
    <trkpt lat="42.451698" lon="-2.51028">
      <ele>465.6</ele>
    </trkpt>
    <trkpt lat="42.451783" lon="-2.510303">
      <ele>466.3</ele>
    </trkpt>
    <trkpt lat="42.451896" lon="-2.510212">
      <ele>467.4</ele>
    </trkpt>
    <trkpt lat="42.451986" lon="-2.509999">
      <ele>469</ele>
    </trkpt>
    <trkpt lat="42.452015" lon="-2.509785">
      <ele>470.5</ele>
    </trkpt>
    <trkpt lat="42.452138" lon="-2.509622">
      <ele>472.1</ele>
    </trkpt>
    <trkpt lat="42.452444" lon="-2.509591">
      <ele>475.1</ele>
    </trkpt>
    <trkpt lat="42.452682" lon="-2.509637">
      <ele>477.5</ele>
    </trkpt>
    <trkpt lat="42.452711" lon="-2.509727">
      <ele>478.2</ele>
    </trkpt>
    <trkpt lat="42.45269" lon="-2.50978">
      <ele>478.7</ele>
    </trkpt>
    <trkpt lat="42.452581" lon="-2.509834">
      <ele>479.9</ele>
    </trkpt>
    <trkpt lat="42.452571" lon="-2.509895">
      <ele>480.4</ele>
    </trkpt>
    <trkpt lat="42.452628" lon="-2.510261">
      <ele>483.6</ele>
    </trkpt>
    <trkpt lat="42.452685" lon="-2.510374">
      <ele>484.8</ele>
    </trkpt>
    <trkpt lat="42.452657" lon="-2.510527">
      <ele>486.3</ele>
    </trkpt>
    <trkpt lat="42.452671" lon="-2.510602">
      <ele>487</ele>
    </trkpt>
    <trkpt lat="42.452783" lon="-2.510849">
      <ele>489.9</ele>
    </trkpt>
    <trkpt lat="42.45279" lon="-2.510938">
      <ele>490.8</ele>
    </trkpt>
    <trkpt lat="42.45275" lon="-2.511158">
      <ele>493.2</ele>
    </trkpt>
    <trkpt lat="42.452794" lon="-2.511468">
      <ele>496.6</ele>
    </trkpt>
    <trkpt lat="42.45278" lon="-2.511818">
      <ele>500.4</ele>
    </trkpt>
    <trkpt lat="42.452825" lon="-2.512135">
      <ele>503.9</ele>
    </trkpt>
    <trkpt lat="42.452908" lon="-2.512407">
      <ele>507.1</ele>
    </trkpt>
    <trkpt lat="42.452995" lon="-2.512688">
      <ele>510.7</ele>
    </trkpt>
    <trkpt lat="42.453259" lon="-2.512893">
      <ele>516</ele>
    </trkpt>
    <trkpt lat="42.453356" lon="-2.513066">
      <ele>519</ele>
    </trkpt>
    <trkpt lat="42.453376" lon="-2.513214">
      <ele>521.1</ele>
    </trkpt>
    <trkpt lat="42.453339" lon="-2.513358">
      <ele>523.2</ele>
    </trkpt>
    <trkpt lat="42.45341" lon="-2.513677">
      <ele>527.6</ele>
    </trkpt>
    <trkpt lat="42.453462" lon="-2.513837">
      <ele>529.9</ele>
    </trkpt>
    <trkpt lat="42.453752" lon="-2.514157">
      <ele>536.2</ele>
    </trkpt>
    <trkpt lat="42.453798" lon="-2.514221">
      <ele>537.3</ele>
    </trkpt>
    <trkpt lat="42.453839" lon="-2.514368">
      <ele>539.2</ele>
    </trkpt>
    <trkpt lat="42.453902" lon="-2.514291">
      <ele>540.5</ele>
    </trkpt>
    <trkpt lat="42.454055" lon="-2.514344">
      <ele>542.9</ele>
    </trkpt>
    <trkpt lat="42.455693" lon="-2.515258">
      <ele>559.7</ele>
    </trkpt>
    <trkpt lat="42.456276" lon="-2.515915">
      <ele>561.4</ele>
    </trkpt>
    <trkpt lat="42.45662" lon="-2.516234">
      <ele>560.9</ele>
    </trkpt>
    <trkpt lat="42.457046" lon="-2.516239">
      <ele>559.7</ele>
    </trkpt>
    <trkpt lat="42.458003" lon="-2.516073">
      <ele>556.5</ele>
    </trkpt>
    <trkpt lat="42.458505" lon="-2.515504">
      <ele>553.9</ele>
    </trkpt>
    <trkpt lat="42.458862" lon="-2.515517">
      <ele>552.6</ele>
    </trkpt>
    <trkpt lat="42.458804" lon="-2.515064">
      <ele>551.3</ele>
    </trkpt>
    <trkpt lat="42.458975" lon="-2.515252">
      <ele>550.4</ele>
    </trkpt>
    <trkpt lat="42.459166" lon="-2.515254">
      <ele>549.5</ele>
    </trkpt>
    <trkpt lat="42.459319" lon="-2.515318">
      <ele>548.7</ele>
    </trkpt>
    <trkpt lat="42.459406" lon="-2.515309">
      <ele>548.3</ele>
    </trkpt>
    <trkpt lat="42.459534" lon="-2.515208">
      <ele>547.6</ele>
    </trkpt>
    <trkpt lat="42.459578" lon="-2.515133">
      <ele>547.3</ele>
    </trkpt>
    <trkpt lat="42.459668" lon="-2.515096">
      <ele>546.9</ele>
    </trkpt>
    <trkpt lat="42.45982" lon="-2.515136">
      <ele>546.5</ele>
    </trkpt>
    <trkpt lat="42.460143" lon="-2.514986">
      <ele>545.5</ele>
    </trkpt>
    <trkpt lat="42.460347" lon="-2.51497">
      <ele>544.7</ele>
    </trkpt>
    <trkpt lat="42.460576" lon="-2.514897">
      <ele>543.7</ele>
    </trkpt>
    <trkpt lat="42.460992" lon="-2.51463">
      <ele>541.6</ele>
    </trkpt>
    <trkpt lat="42.461229" lon="-2.514403">
      <ele>540.3</ele>
    </trkpt>
    <trkpt lat="42.461375" lon="-2.514227">
      <ele>539.6</ele>
    </trkpt>
    <trkpt lat="42.46168" lon="-2.51395">
      <ele>538.2</ele>
    </trkpt>
    <trkpt lat="42.462048" lon="-2.513497">
      <ele>536.9</ele>
    </trkpt>
    <trkpt lat="42.462349" lon="-2.513304">
      <ele>536.1</ele>
    </trkpt>
    <trkpt lat="42.462622" lon="-2.513186">
      <ele>535.7</ele>
    </trkpt>
    <trkpt lat="42.462822" lon="-2.513168">
      <ele>535.5</ele>
    </trkpt>
    <trkpt lat="42.463036" lon="-2.513082">
      <ele>535.4</ele>
    </trkpt>
    <trkpt lat="42.46325" lon="-2.512848">
      <ele>535</ele>
    </trkpt>
    <trkpt lat="42.463247" lon="-2.512748">
      <ele>534.7</ele>
    </trkpt>
    <trkpt lat="42.463385" lon="-2.512443">
      <ele>533.8</ele>
    </trkpt>
    <trkpt lat="42.463583" lon="-2.512302">
      <ele>532.7</ele>
    </trkpt>
    <trkpt lat="42.463597" lon="-2.512213">
      <ele>532.4</ele>
    </trkpt>
    <trkpt lat="42.463644" lon="-2.512126">
      <ele>531.8</ele>
    </trkpt>
    <trkpt lat="42.463636" lon="-2.511884">
      <ele>530.6</ele>
    </trkpt>
    <trkpt lat="42.463601" lon="-2.511752">
      <ele>529.7</ele>
    </trkpt>
    <trkpt lat="42.463628" lon="-2.511639">
      <ele>529.1</ele>
    </trkpt>
    <trkpt lat="42.463466" lon="-2.511278">
      <ele>526.7</ele>
    </trkpt>
    <trkpt lat="42.463428" lon="-2.511074">
      <ele>525.2</ele>
    </trkpt>
    <trkpt lat="42.463532" lon="-2.510918">
      <ele>523.7</ele>
    </trkpt>
    <trkpt lat="42.46363" lon="-2.510852">
      <ele>522.5</ele>
    </trkpt>
    <trkpt lat="42.463656" lon="-2.510782">
      <ele>521.9</ele>
    </trkpt>
    <trkpt lat="42.463678" lon="-2.510703">
      <ele>521.2</ele>
    </trkpt>
    <trkpt lat="42.463589" lon="-2.510466">
      <ele>518.9</ele>
    </trkpt>
    <trkpt lat="42.463638" lon="-2.510319">
      <ele>517.6</ele>
    </trkpt>
    <trkpt lat="42.46373" lon="-2.510166">
      <ele>515.9</ele>
    </trkpt>
    <trkpt lat="42.463903" lon="-2.509977">
      <ele>513.4</ele>
    </trkpt>
    <trkpt lat="42.463879" lon="-2.509913">
      <ele>512.8</ele>
    </trkpt>
    <trkpt lat="42.463694" lon="-2.509903">
      <ele>510.7</ele>
    </trkpt>
    <trkpt lat="42.463653" lon="-2.509858">
      <ele>510.1</ele>
    </trkpt>
    <trkpt lat="42.463639" lon="-2.509797">
      <ele>509.5</ele>
    </trkpt>
    <trkpt lat="42.463883" lon="-2.509442">
      <ele>505.4</ele>
    </trkpt>
    <trkpt lat="42.463899" lon="-2.509409">
      <ele>505.1</ele>
    </trkpt>
    <trkpt lat="42.463983" lon="-2.509235">
      <ele>503.4</ele>
    </trkpt>
    <trkpt lat="42.464065" lon="-2.509019">
      <ele>501.5</ele>
    </trkpt>
    <trkpt lat="42.464122" lon="-2.508756">
      <ele>499.4</ele>
    </trkpt>
    <trkpt lat="42.464146" lon="-2.508718">
      <ele>499.1</ele>
    </trkpt>
    <trkpt lat="42.464234" lon="-2.508731">
      <ele>498.2</ele>
    </trkpt>
    <trkpt lat="42.464296" lon="-2.50859">
      <ele>497.1</ele>
    </trkpt>
    <trkpt lat="42.464327" lon="-2.508284">
      <ele>495.1</ele>
    </trkpt>
    <trkpt lat="42.464315" lon="-2.508158">
      <ele>494.4</ele>
    </trkpt>
    <trkpt lat="42.464343" lon="-2.507711">
      <ele>491.8</ele>
    </trkpt>
    <trkpt lat="42.464398" lon="-2.507472">
      <ele>490.5</ele>
    </trkpt>
    <trkpt lat="42.464377" lon="-2.507388">
      <ele>490</ele>
    </trkpt>
    <trkpt lat="42.464419" lon="-2.50731">
      <ele>489.5</ele>
    </trkpt>
    <trkpt lat="42.464446" lon="-2.507108">
      <ele>488.5</ele>
    </trkpt>
    <trkpt lat="42.46444" lon="-2.50707">
      <ele>488.3</ele>
    </trkpt>
    <trkpt lat="42.464413" lon="-2.506902">
      <ele>487.5</ele>
    </trkpt>
    <trkpt lat="42.464257" lon="-2.506496">
      <ele>485.3</ele>
    </trkpt>
    <trkpt lat="42.464222" lon="-2.506285">
      <ele>484.3</ele>
    </trkpt>
    <trkpt lat="42.464269" lon="-2.506035">
      <ele>483</ele>
    </trkpt>
    <trkpt lat="42.464269" lon="-2.505842">
      <ele>482.1</ele>
    </trkpt>
    <trkpt lat="42.464352" lon="-2.505381">
      <ele>479.8</ele>
    </trkpt>
    <trkpt lat="42.46434" lon="-2.505173">
      <ele>478.8</ele>
    </trkpt>
    <trkpt lat="42.464385" lon="-2.50472">
      <ele>476.9</ele>
    </trkpt>
    <trkpt lat="42.464411" lon="-2.504122">
      <ele>474.1</ele>
    </trkpt>
    <trkpt lat="42.464621" lon="-2.503809">
      <ele>472.1</ele>
    </trkpt>
    <trkpt lat="42.464633" lon="-2.503423">
      <ele>470.2</ele>
    </trkpt>
    <trkpt lat="42.46455" lon="-2.503395">
      <ele>469.6</ele>
    </trkpt>
    <trkpt lat="42.4645" lon="-2.503215">
      <ele>468.7</ele>
    </trkpt>
    <trkpt lat="42.464258" lon="-2.502672">
      <ele>465.6</ele>
    </trkpt>
    <trkpt lat="42.464253" lon="-2.502074">
      <ele>462.6</ele>
    </trkpt>
    <trkpt lat="42.464003" lon="-2.50104">
      <ele>458.6</ele>
    </trkpt>
    <trkpt lat="42.464024" lon="-2.500432">
      <ele>457.7</ele>
    </trkpt>
    <trkpt lat="42.46393" lon="-2.499565">
      <ele>457.2</ele>
    </trkpt>
    <trkpt lat="42.464007" lon="-2.499366">
      <ele>457.1</ele>
    </trkpt>
    <trkpt lat="42.463997" lon="-2.49889">
      <ele>456.7</ele>
    </trkpt>
    <trkpt lat="42.46405" lon="-2.498605">
      <ele>456.4</ele>
    </trkpt>
    <trkpt lat="42.464073" lon="-2.498273">
      <ele>455.7</ele>
    </trkpt>
    <trkpt lat="42.46408" lon="-2.498245">
      <ele>455.6</ele>
    </trkpt>
    <trkpt lat="42.464232" lon="-2.497672">
      <ele>453.7</ele>
    </trkpt>
    <trkpt lat="42.464259" lon="-2.49742">
      <ele>452.7</ele>
    </trkpt>
    <trkpt lat="42.46427" lon="-2.496982">
      <ele>450.9</ele>
    </trkpt>
    <trkpt lat="42.464246" lon="-2.496304">
      <ele>447.9</ele>
    </trkpt>
    <trkpt lat="42.464292" lon="-2.496139">
      <ele>447.1</ele>
    </trkpt>
    <trkpt lat="42.464404" lon="-2.495944">
      <ele>446.1</ele>
    </trkpt>
    <trkpt lat="42.464433" lon="-2.495724">
      <ele>445.2</ele>
    </trkpt>
    <trkpt lat="42.464335" lon="-2.494776">
      <ele>441.7</ele>
    </trkpt>
    <trkpt lat="42.464337" lon="-2.493643">
      <ele>438.6</ele>
    </trkpt>
    <trkpt lat="42.464286" lon="-2.492973">
      <ele>437.2</ele>
    </trkpt>
    <trkpt lat="42.464361" lon="-2.492161">
      <ele>437.6</ele>
    </trkpt>
    <trkpt lat="42.464332" lon="-2.491785">
      <ele>438.1</ele>
    </trkpt>
    <trkpt lat="42.464861" lon="-2.491901">
      <ele>439.1</ele>
    </trkpt>
    <trkpt lat="42.465053" lon="-2.491775">
      <ele>439.5</ele>
    </trkpt>
    <trkpt lat="42.465067" lon="-2.491627">
      <ele>439.6</ele>
    </trkpt>
    <trkpt lat="42.465001" lon="-2.491078">
      <ele>440.4</ele>
    </trkpt>
    <trkpt lat="42.464893" lon="-2.490907">
      <ele>440.8</ele>
    </trkpt>
    <trkpt lat="42.464716" lon="-2.490752">
      <ele>441.2</ele>
    </trkpt>
    <trkpt lat="42.464625" lon="-2.490587">
      <ele>441.4</ele>
    </trkpt>
    <trkpt lat="42.4646" lon="-2.490402">
      <ele>441.5</ele>
    </trkpt>
    <trkpt lat="42.46461" lon="-2.490268">
      <ele>441.5</ele>
    </trkpt>
    <trkpt lat="42.464694" lon="-2.489987">
      <ele>441.9</ele>
    </trkpt>
    <trkpt lat="42.464832" lon="-2.489895">
      <ele>442.3</ele>
    </trkpt>
    <trkpt lat="42.464958" lon="-2.489759">
      <ele>442.9</ele>
    </trkpt>
    <trkpt lat="42.46505" lon="-2.489526">
      <ele>443.8</ele>
    </trkpt>
    <trkpt lat="42.465102" lon="-2.48927">
      <ele>444.9</ele>
    </trkpt>
    <trkpt lat="42.465103" lon="-2.489142">
      <ele>445.5</ele>
    </trkpt>
    <trkpt lat="42.465151" lon="-2.489155">
      <ele>445.8</ele>
    </trkpt>
    <trkpt lat="42.465415" lon="-2.489542">
      <ele>448.5</ele>
    </trkpt>
    <trkpt lat="42.465504" lon="-2.489721">
      <ele>449.4</ele>
    </trkpt>
    <trkpt lat="42.465643" lon="-2.489887">
      <ele>450.4</ele>
    </trkpt>
    <trkpt lat="42.465696" lon="-2.490017">
      <ele>451</ele>
    </trkpt>
    <trkpt lat="42.465811" lon="-2.490088">
      <ele>451.7</ele>
    </trkpt>
    <trkpt lat="42.46582" lon="-2.490202">
      <ele>452.2</ele>
    </trkpt>
    <trkpt lat="42.465727" lon="-2.490511">
      <ele>453.6</ele>
    </trkpt>
    <trkpt lat="42.465767" lon="-2.490669">
      <ele>454.2</ele>
    </trkpt>
    <trkpt lat="42.465753" lon="-2.49099">
      <ele>455.3</ele>
    </trkpt>
    <trkpt lat="42.465781" lon="-2.491427">
      <ele>456.4</ele>
    </trkpt>
    <trkpt lat="42.465844" lon="-2.491577">
      <ele>456.7</ele>
    </trkpt>
    <trkpt lat="42.466009" lon="-2.492343">
      <ele>457.8</ele>
    </trkpt>
    <trkpt lat="42.466034" lon="-2.492578">
      <ele>458</ele>
    </trkpt>
    <trkpt lat="42.466064" lon="-2.492657">
      <ele>458.1</ele>
    </trkpt>
    <trkpt lat="42.466051" lon="-2.492724">
      <ele>458.1</ele>
    </trkpt>
    <trkpt lat="42.466013" lon="-2.49275">
      <ele>458.1</ele>
    </trkpt>
    <trkpt lat="42.466043" lon="-2.492869">
      <ele>458.2</ele>
    </trkpt>
    <trkpt lat="42.466124" lon="-2.492892">
      <ele>458.2</ele>
    </trkpt>
    <trkpt lat="42.466174" lon="-2.492727">
      <ele>458.1</ele>
    </trkpt>
    <trkpt lat="42.46622" lon="-2.492657">
      <ele>458.1</ele>
    </trkpt>
    <trkpt lat="42.466388" lon="-2.492638">
      <ele>457.8</ele>
    </trkpt>
    <trkpt lat="42.466437" lon="-2.492606">
      <ele>457.7</ele>
    </trkpt>
    <trkpt lat="42.466481" lon="-2.492526">
      <ele>457.6</ele>
    </trkpt>
    <trkpt lat="42.466642" lon="-2.492373">
      <ele>456.9</ele>
    </trkpt>
    <trkpt lat="42.466792" lon="-2.492339">
      <ele>456.3</ele>
    </trkpt>
    <trkpt lat="42.467062" lon="-2.492356">
      <ele>455</ele>
    </trkpt>
    <trkpt lat="42.467149" lon="-2.492325">
      <ele>454.4</ele>
    </trkpt>
    <trkpt lat="42.467273" lon="-2.492623">
      <ele>452.8</ele>
    </trkpt>
    <trkpt lat="42.467536" lon="-2.492832">
      <ele>450.6</ele>
    </trkpt>
    <trkpt lat="42.467866" lon="-2.492661">
      <ele>447.7</ele>
    </trkpt>
    <trkpt lat="42.467984" lon="-2.49252">
      <ele>446.4</ele>
    </trkpt>
    <trkpt lat="42.468027" lon="-2.492494">
      <ele>446</ele>
    </trkpt>
    <trkpt lat="42.468084" lon="-2.492502">
      <ele>445.6</ele>
    </trkpt>
    <trkpt lat="42.468119" lon="-2.492576">
      <ele>445.1</ele>
    </trkpt>
    <trkpt lat="42.468151" lon="-2.492817">
      <ele>443.8</ele>
    </trkpt>
    <trkpt lat="42.468177" lon="-2.492862">
      <ele>443.6</ele>
    </trkpt>
    <trkpt lat="42.468344" lon="-2.492859">
      <ele>442.7</ele>
    </trkpt>
    <trkpt lat="42.468533" lon="-2.492823">
      <ele>442</ele>
    </trkpt>
    <trkpt lat="42.468861" lon="-2.492617">
      <ele>441.6</ele>
    </trkpt>
    <trkpt lat="42.468939" lon="-2.492626">
      <ele>441.7</ele>
    </trkpt>
    <trkpt lat="42.469069" lon="-2.492846">
      <ele>442.1</ele>
    </trkpt>
    <trkpt lat="42.469087" lon="-2.492888">
      <ele>442.2</ele>
    </trkpt>
    <trkpt lat="42.46916" lon="-2.492915">
      <ele>442.5</ele>
    </trkpt>
    <trkpt lat="42.469448" lon="-2.492891">
      <ele>443.8</ele>
    </trkpt>
    <trkpt lat="42.469548" lon="-2.492917">
      <ele>444.5</ele>
    </trkpt>
    <trkpt lat="42.469615" lon="-2.492971">
      <ele>445</ele>
    </trkpt>
    <trkpt lat="42.469825" lon="-2.493352">
      <ele>447.7</ele>
    </trkpt>
    <trkpt lat="42.469991" lon="-2.49355">
      <ele>449.8</ele>
    </trkpt>
    <trkpt lat="42.470178" lon="-2.493901">
      <ele>452.8</ele>
    </trkpt>
    <trkpt lat="42.470405" lon="-2.494523">
      <ele>457.7</ele>
    </trkpt>
    <trkpt lat="42.470519" lon="-2.494784">
      <ele>459.9</ele>
    </trkpt>
    <trkpt lat="42.47061" lon="-2.494894">
      <ele>461</ele>
    </trkpt>
    <trkpt lat="42.470726" lon="-2.494933">
      <ele>462.1</ele>
    </trkpt>
    <trkpt lat="42.470867" lon="-2.494922">
      <ele>463.4</ele>
    </trkpt>
    <trkpt lat="42.471506" lon="-2.494652">
      <ele>467.2</ele>
    </trkpt>
    <trkpt lat="42.471668" lon="-2.494644">
      <ele>467.6</ele>
    </trkpt>
    <trkpt lat="42.471789" lon="-2.494677">
      <ele>467.7</ele>
    </trkpt>
    <trkpt lat="42.471928" lon="-2.494802">
      <ele>467.8</ele>
    </trkpt>
    <trkpt lat="42.472322" lon="-2.495364">
      <ele>466.3</ele>
    </trkpt>
    <trkpt lat="42.472459" lon="-2.495723">
      <ele>464.7</ele>
    </trkpt>
    <trkpt lat="42.472482" lon="-2.495768">
      <ele>464.5</ele>
    </trkpt>
    <trkpt lat="42.472593" lon="-2.495984">
      <ele>463.2</ele>
    </trkpt>
    <trkpt lat="42.472688" lon="-2.49605">
      <ele>462.5</ele>
    </trkpt>
    <trkpt lat="42.472534" lon="-2.496353">
      <ele>460.9</ele>
    </trkpt>
    <trkpt lat="42.472262" lon="-2.496546">
      <ele>459.4</ele>
    </trkpt>
    <trkpt lat="42.472034" lon="-2.496951">
      <ele>458.1</ele>
    </trkpt>
    <trkpt lat="42.471905" lon="-2.497042">
      <ele>457.8</ele>
    </trkpt>
    <trkpt lat="42.47199" lon="-2.497405">
      <ele>457.3</ele>
    </trkpt>
    <trkpt lat="42.471972" lon="-2.497664">
      <ele>457.1</ele>
    </trkpt>
    <trkpt lat="42.471861" lon="-2.4981">
      <ele>456.8</ele>
    </trkpt>
    <trkpt lat="42.471754" lon="-2.498208">
      <ele>456.8</ele>
    </trkpt>
    <trkpt lat="42.471548" lon="-2.498269">
      <ele>456.7</ele>
    </trkpt>
    <trkpt lat="42.471482" lon="-2.498214">
      <ele>456.7</ele>
    </trkpt>
    <trkpt lat="42.471308" lon="-2.498166">
      <ele>456.7</ele>
    </trkpt>
    <trkpt lat="42.47117" lon="-2.498184">
      <ele>456.7</ele>
    </trkpt>
    <trkpt lat="42.470791" lon="-2.498341">
      <ele>456.8</ele>
    </trkpt>
    <trkpt lat="42.470661" lon="-2.498299">
      <ele>456.8</ele>
    </trkpt>
    <trkpt lat="42.470447" lon="-2.498154">
      <ele>457</ele>
    </trkpt>
    <trkpt lat="42.47034" lon="-2.498202">
      <ele>457.1</ele>
    </trkpt>
    <trkpt lat="42.470059" lon="-2.49824">
      <ele>457.5</ele>
    </trkpt>
    <trkpt lat="42.469956" lon="-2.498283">
      <ele>457.7</ele>
    </trkpt>
    <trkpt lat="42.469754" lon="-2.498522">
      <ele>458.2</ele>
    </trkpt>
    <trkpt lat="42.469489" lon="-2.498653">
      <ele>458.8</ele>
    </trkpt>
    <trkpt lat="42.469067" lon="-2.499042">
      <ele>460.3</ele>
    </trkpt>
    <trkpt lat="42.468971" lon="-2.499088">
      <ele>460.7</ele>
    </trkpt>
    <trkpt lat="42.468858" lon="-2.499097">
      <ele>461.1</ele>
    </trkpt>
    <trkpt lat="42.468852" lon="-2.499318">
      <ele>461.7</ele>
    </trkpt>
    <trkpt lat="42.468779" lon="-2.500948">
      <ele>467</ele>
    </trkpt>
    <trkpt lat="42.468646" lon="-2.503406">
      <ele>475.4</ele>
    </trkpt>
    <trkpt lat="42.468865" lon="-2.503622">
      <ele>475.9</ele>
    </trkpt>
    <trkpt lat="42.469632" lon="-2.504646">
      <ele>474.6</ele>
    </trkpt>
    <trkpt lat="42.470246" lon="-2.505168">
      <ele>472</ele>
    </trkpt>
    <trkpt lat="42.470843" lon="-2.505375">
      <ele>469.7</ele>
    </trkpt>
    <trkpt lat="42.47144" lon="-2.505488">
      <ele>468.5</ele>
    </trkpt>
    <trkpt lat="42.471627" lon="-2.505476">
      <ele>468.4</ele>
    </trkpt>
    <trkpt lat="42.471776" lon="-2.505457">
      <ele>468.4</ele>
    </trkpt>
    <trkpt lat="42.471921" lon="-2.505476">
      <ele>468.4</ele>
    </trkpt>
    <trkpt lat="42.471988" lon="-2.505541">
      <ele>468.5</ele>
    </trkpt>
    <trkpt lat="42.472048" lon="-2.505599">
      <ele>468.5</ele>
    </trkpt>
    <trkpt lat="42.472225" lon="-2.506">
      <ele>468.8</ele>
    </trkpt>
    <trkpt lat="42.472304" lon="-2.506081">
      <ele>468.9</ele>
    </trkpt>
    <trkpt lat="42.472447" lon="-2.506143">
      <ele>469.1</ele>
    </trkpt>
    <trkpt lat="42.472626" lon="-2.50615">
      <ele>469.3</ele>
    </trkpt>
    <trkpt lat="42.472894" lon="-2.50598">
      <ele>469.7</ele>
    </trkpt>
    <trkpt lat="42.473337" lon="-2.505779">
      <ele>469.7</ele>
    </trkpt>
    <trkpt lat="42.473469" lon="-2.505739">
      <ele>469.6</ele>
    </trkpt>
    <trkpt lat="42.47363" lon="-2.505765">
      <ele>469.5</ele>
    </trkpt>
    <trkpt lat="42.473946" lon="-2.505692">
      <ele>469.2</ele>
    </trkpt>
    <trkpt lat="42.473957" lon="-2.50533">
      <ele>469</ele>
    </trkpt>
    <trkpt lat="42.474083" lon="-2.504889">
      <ele>469</ele>
    </trkpt>
    <trkpt lat="42.474273" lon="-2.504706">
      <ele>469.1</ele>
    </trkpt>
    <trkpt lat="42.474609" lon="-2.504261">
      <ele>469.4</ele>
    </trkpt>
    <trkpt lat="42.474711" lon="-2.504226">
      <ele>469.6</ele>
    </trkpt>
    <trkpt lat="42.475084" lon="-2.504478">
      <ele>470.2</ele>
    </trkpt>
    <trkpt lat="42.47517" lon="-2.504507">
      <ele>470.3</ele>
    </trkpt>
    <trkpt lat="42.475572" lon="-2.504409">
      <ele>471.3</ele>
    </trkpt>
    <trkpt lat="42.476007" lon="-2.504135">
      <ele>472.8</ele>
    </trkpt>
    <trkpt lat="42.476119" lon="-2.504118">
      <ele>473.3</ele>
    </trkpt>
    <trkpt lat="42.476186" lon="-2.504071">
      <ele>473.6</ele>
    </trkpt>
    <trkpt lat="42.476435" lon="-2.504983">
      <ele>477.2</ele>
    </trkpt>
    <trkpt lat="42.476523" lon="-2.505172">
      <ele>478.2</ele>
    </trkpt>
    <trkpt lat="42.476642" lon="-2.505352">
      <ele>479.4</ele>
    </trkpt>
    <trkpt lat="42.476821" lon="-2.505544">
      <ele>481.1</ele>
    </trkpt>
    <trkpt lat="42.476878" lon="-2.505563">
      <ele>481.5</ele>
    </trkpt>
    <trkpt lat="42.476926" lon="-2.505528">
      <ele>481.9</ele>
    </trkpt>
    <trkpt lat="42.477033" lon="-2.50537">
      <ele>482.9</ele>
    </trkpt>
    <trkpt lat="42.477104" lon="-2.505354">
      <ele>483.4</ele>
    </trkpt>
    <trkpt lat="42.477166" lon="-2.505389">
      <ele>483.7</ele>
    </trkpt>
    <trkpt lat="42.47736" lon="-2.505601">
      <ele>485.2</ele>
    </trkpt>
    <trkpt lat="42.477436" lon="-2.505645">
      <ele>485.7</ele>
    </trkpt>
    <trkpt lat="42.477573" lon="-2.505626">
      <ele>486.5</ele>
    </trkpt>
    <trkpt lat="42.477736" lon="-2.505516">
      <ele>487.7</ele>
    </trkpt>
    <trkpt lat="42.477782" lon="-2.505486">
      <ele>488</ele>
    </trkpt>
    <trkpt lat="42.477876" lon="-2.505332">
      <ele>488.9</ele>
    </trkpt>
    <trkpt lat="42.477955" lon="-2.50512">
      <ele>490</ele>
    </trkpt>
    <trkpt lat="42.478021" lon="-2.505048">
      <ele>490.4</ele>
    </trkpt>
    <trkpt lat="42.4778" lon="-2.505967">
      <ele>493.9</ele>
    </trkpt>
    <trkpt lat="42.477693" lon="-2.506507">
      <ele>495.4</ele>
    </trkpt>
    <trkpt lat="42.477693" lon="-2.506601">
      <ele>495.6</ele>
    </trkpt>
    <trkpt lat="42.477725" lon="-2.506754">
      <ele>496</ele>
    </trkpt>
    <trkpt lat="42.477743" lon="-2.507354">
      <ele>496.2</ele>
    </trkpt>
    <trkpt lat="42.477705" lon="-2.507467">
      <ele>496</ele>
    </trkpt>
    <trkpt lat="42.477636" lon="-2.507558">
      <ele>495.9</ele>
    </trkpt>
    <trkpt lat="42.477533" lon="-2.507604">
      <ele>495.6</ele>
    </trkpt>
    <trkpt lat="42.477055" lon="-2.507448">
      <ele>494.2</ele>
    </trkpt>
    <trkpt lat="42.476823" lon="-2.507424">
      <ele>493.4</ele>
    </trkpt>
    <trkpt lat="42.476242" lon="-2.507582">
      <ele>492</ele>
    </trkpt>
    <trkpt lat="42.476164" lon="-2.507629">
      <ele>492</ele>
    </trkpt>
    <trkpt lat="42.47583" lon="-2.508094">
      <ele>493.8</ele>
    </trkpt>
    <trkpt lat="42.475726" lon="-2.508124">
      <ele>494.5</ele>
    </trkpt>
    <trkpt lat="42.475924" lon="-2.508166">
      <ele>496.2</ele>
    </trkpt>
    <trkpt lat="42.476099" lon="-2.508241">
      <ele>498</ele>
    </trkpt>
    <trkpt lat="42.476548" lon="-2.508483">
      <ele>503.9</ele>
    </trkpt>
    <trkpt lat="42.47687" lon="-2.50851">
      <ele>508.2</ele>
    </trkpt>
    <trkpt lat="42.477297" lon="-2.508454">
      <ele>513.1</ele>
    </trkpt>
    <trkpt lat="42.477502" lon="-2.508557">
      <ele>514.7</ele>
    </trkpt>
    <trkpt lat="42.477578" lon="-2.508566">
      <ele>515.2</ele>
    </trkpt>
    <trkpt lat="42.477657" lon="-2.508576">
      <ele>515.6</ele>
    </trkpt>
    <trkpt lat="42.477934" lon="-2.508467">
      <ele>516.6</ele>
    </trkpt>
    <trkpt lat="42.478136" lon="-2.508457">
      <ele>517</ele>
    </trkpt>
    <trkpt lat="42.478034" lon="-2.50843">
      <ele>517.1</ele>
    </trkpt>
    <trkpt lat="42.478012" lon="-2.508383">
      <ele>517.1</ele>
    </trkpt>
    <trkpt lat="42.478036" lon="-2.508317">
      <ele>517.1</ele>
    </trkpt>
    <trkpt lat="42.478149" lon="-2.508255">
      <ele>517.2</ele>
    </trkpt>
    <trkpt lat="42.478288" lon="-2.50814">
      <ele>516.9</ele>
    </trkpt>
    <trkpt lat="42.478452" lon="-2.507694">
      <ele>516</ele>
    </trkpt>
    <trkpt lat="42.478459" lon="-2.50758">
      <ele>515.9</ele>
    </trkpt>
    <trkpt lat="42.478415" lon="-2.507389">
      <ele>515.5</ele>
    </trkpt>
    <trkpt lat="42.478422" lon="-2.507282">
      <ele>515.3</ele>
    </trkpt>
    <trkpt lat="42.478514" lon="-2.507075">
      <ele>515.1</ele>
    </trkpt>
    <trkpt lat="42.478512" lon="-2.506624">
      <ele>515.2</ele>
    </trkpt>
    <trkpt lat="42.478571" lon="-2.506288">
      <ele>515.4</ele>
    </trkpt>
    <trkpt lat="42.478594" lon="-2.506217">
      <ele>515.5</ele>
    </trkpt>
    <trkpt lat="42.478652" lon="-2.506169">
      <ele>515.6</ele>
    </trkpt>
    <trkpt lat="42.478877" lon="-2.506128">
      <ele>515.8</ele>
    </trkpt>
    <trkpt lat="42.479197" lon="-2.50616">
      <ele>515.8</ele>
    </trkpt>
    <trkpt lat="42.479577" lon="-2.50611">
      <ele>515.4</ele>
    </trkpt>
    <trkpt lat="42.47976" lon="-2.506149">
      <ele>515</ele>
    </trkpt>
    <trkpt lat="42.479867" lon="-2.506133">
      <ele>514.8</ele>
    </trkpt>
    <trkpt lat="42.479898" lon="-2.506095">
      <ele>514.7</ele>
    </trkpt>
    <trkpt lat="42.479967" lon="-2.506108">
      <ele>514.5</ele>
    </trkpt>
    <trkpt lat="42.480044" lon="-2.506076">
      <ele>514.3</ele>
    </trkpt>
    <trkpt lat="42.480154" lon="-2.506005">
      <ele>514</ele>
    </trkpt>
    <trkpt lat="42.480216" lon="-2.505873">
      <ele>513.7</ele>
    </trkpt>
    <trkpt lat="42.480269" lon="-2.505866">
      <ele>513.6</ele>
    </trkpt>
    <trkpt lat="42.480299" lon="-2.505475">
      <ele>512.9</ele>
    </trkpt>
    <trkpt lat="42.480546" lon="-2.504916">
      <ele>512</ele>
    </trkpt>
    <trkpt lat="42.480666" lon="-2.504907">
      <ele>512</ele>
    </trkpt>
    <trkpt lat="42.480767" lon="-2.504833">
      <ele>512</ele>
    </trkpt>
    <trkpt lat="42.48089" lon="-2.504757">
      <ele>512.2</ele>
    </trkpt>
    <trkpt lat="42.48097" lon="-2.504774">
      <ele>512.3</ele>
    </trkpt>
    <trkpt lat="42.481066" lon="-2.504609">
      <ele>512.7</ele>
    </trkpt>
    <trkpt lat="42.481181" lon="-2.504512">
      <ele>513.2</ele>
    </trkpt>
    <trkpt lat="42.481549" lon="-2.504345">
      <ele>514.9</ele>
    </trkpt>
    <trkpt lat="42.48167" lon="-2.504165">
      <ele>515.9</ele>
    </trkpt>
    <trkpt lat="42.481713" lon="-2.504134">
      <ele>516.1</ele>
    </trkpt>
    <trkpt lat="42.481785" lon="-2.504138">
      <ele>516.5</ele>
    </trkpt>
    <trkpt lat="42.481899" lon="-2.50423">
      <ele>517.3</ele>
    </trkpt>
    <trkpt lat="42.482095" lon="-2.504387">
      <ele>518.6</ele>
    </trkpt>
    <trkpt lat="42.48224" lon="-2.504577">
      <ele>519.9</ele>
    </trkpt>
    <trkpt lat="42.482317" lon="-2.504721">
      <ele>520.7</ele>
    </trkpt>
    <trkpt lat="42.482605" lon="-2.50546">
      <ele>524.7</ele>
    </trkpt>
    <trkpt lat="42.482649" lon="-2.505499">
      <ele>525.1</ele>
    </trkpt>
    <trkpt lat="42.482747" lon="-2.505507">
      <ele>525.7</ele>
    </trkpt>
    <trkpt lat="42.482774" lon="-2.505573">
      <ele>526.1</ele>
    </trkpt>
    <trkpt lat="42.482894" lon="-2.505712">
      <ele>527.1</ele>
    </trkpt>
    <trkpt lat="42.483102" lon="-2.505793">
      <ele>528.4</ele>
    </trkpt>
    <trkpt lat="42.483249" lon="-2.506043">
      <ele>529.6</ele>
    </trkpt>
    <trkpt lat="42.483559" lon="-2.506139">
      <ele>530.9</ele>
    </trkpt>
    <trkpt lat="42.483765" lon="-2.506135">
      <ele>531.5</ele>
    </trkpt>
    <trkpt lat="42.484172" lon="-2.506002">
      <ele>531.7</ele>
    </trkpt>
    <trkpt lat="42.484201" lon="-2.506105">
      <ele>531.7</ele>
    </trkpt>
    <trkpt lat="42.484252" lon="-2.506318">
      <ele>531.6</ele>
    </trkpt>
    <trkpt lat="42.484341" lon="-2.506691">
      <ele>531.1</ele>
    </trkpt>
    <trkpt lat="42.484444" lon="-2.507023">
      <ele>529.9</ele>
    </trkpt>
    <trkpt lat="42.484449" lon="-2.50714">
      <ele>529.5</ele>
    </trkpt>
    <trkpt lat="42.484477" lon="-2.507223">
      <ele>529</ele>
    </trkpt>
    <trkpt lat="42.484473" lon="-2.507324">
      <ele>528.6</ele>
    </trkpt>
    <trkpt lat="42.484439" lon="-2.507415">
      <ele>528.1</ele>
    </trkpt>
    <trkpt lat="42.484277" lon="-2.507546">
      <ele>526.8</ele>
    </trkpt>
    <trkpt lat="42.48429" lon="-2.507785">
      <ele>525.4</ele>
    </trkpt>
    <trkpt lat="42.484312" lon="-2.50785">
      <ele>524.9</ele>
    </trkpt>
    <trkpt lat="42.484326" lon="-2.50789">
      <ele>524.7</ele>
    </trkpt>
    <trkpt lat="42.484483" lon="-2.508063">
      <ele>523</ele>
    </trkpt>
    <trkpt lat="42.484565" lon="-2.508066">
      <ele>522.3</ele>
    </trkpt>
    <trkpt lat="42.484905" lon="-2.50849">
      <ele>518.1</ele>
    </trkpt>
    <trkpt lat="42.485125" lon="-2.508874">
      <ele>514.1</ele>
    </trkpt>
    <trkpt lat="42.485208" lon="-2.508947">
      <ele>512.9</ele>
    </trkpt>
    <trkpt lat="42.485218" lon="-2.509019">
      <ele>512.2</ele>
    </trkpt>
    <trkpt lat="42.485301" lon="-2.509096">
      <ele>510.9</ele>
    </trkpt>
    <trkpt lat="42.485372" lon="-2.509289">
      <ele>508.9</ele>
    </trkpt>
    <trkpt lat="42.485661" lon="-2.509581">
      <ele>504.3</ele>
    </trkpt>
    <trkpt lat="42.48572" lon="-2.509734">
      <ele>502.6</ele>
    </trkpt>
    <trkpt lat="42.485739" lon="-2.509953">
      <ele>500.4</ele>
    </trkpt>
    <trkpt lat="42.485791" lon="-2.510069">
      <ele>499</ele>
    </trkpt>
    <trkpt lat="42.48582" lon="-2.510272">
      <ele>496.8</ele>
    </trkpt>
    <trkpt lat="42.485804" lon="-2.510342">
      <ele>496</ele>
    </trkpt>
    <trkpt lat="42.485929" lon="-2.510544">
      <ele>493.3</ele>
    </trkpt>
    <trkpt lat="42.486035" lon="-2.510776">
      <ele>490.5</ele>
    </trkpt>
    <trkpt lat="42.486144" lon="-2.510852">
      <ele>488.9</ele>
    </trkpt>
    <trkpt lat="42.486445" lon="-2.511166">
      <ele>484.6</ele>
    </trkpt>
    <trkpt lat="42.486695" lon="-2.511523">
      <ele>481.3</ele>
    </trkpt>
    <trkpt lat="42.486847" lon="-2.511792">
      <ele>479.5</ele>
    </trkpt>
    <trkpt lat="42.486902" lon="-2.511911">
      <ele>478.9</ele>
    </trkpt>
    <trkpt lat="42.486936" lon="-2.512156">
      <ele>478</ele>
    </trkpt>
    <trkpt lat="42.487062" lon="-2.512466">
      <ele>477.1</ele>
    </trkpt>
    <trkpt lat="42.487175" lon="-2.512909">
      <ele>476.8</ele>
    </trkpt>
    <trkpt lat="42.487376" lon="-2.513419">
      <ele>476.9</ele>
    </trkpt>
    <trkpt lat="42.487431" lon="-2.513545">
      <ele>476.9</ele>
    </trkpt>
    <trkpt lat="42.487592" lon="-2.514028">
      <ele>477</ele>
    </trkpt>
    <trkpt lat="42.487902" lon="-2.514638">
      <ele>476.6</ele>
    </trkpt>
    <trkpt lat="42.488322" lon="-2.515576">
      <ele>471.6</ele>
    </trkpt>
    <trkpt lat="42.488435" lon="-2.515759">
      <ele>469.5</ele>
    </trkpt>
    <trkpt lat="42.488588" lon="-2.516038">
      <ele>466.4</ele>
    </trkpt>
    <trkpt lat="42.488804" lon="-2.516143">
      <ele>463.4</ele>
    </trkpt>
    <trkpt lat="42.489014" lon="-2.516233">
      <ele>460.4</ele>
    </trkpt>
    <trkpt lat="42.489165" lon="-2.516381">
      <ele>458.4</ele>
    </trkpt>
    <trkpt lat="42.489264" lon="-2.516561">
      <ele>456.9</ele>
    </trkpt>
    <trkpt lat="42.489282" lon="-2.516673">
      <ele>456.2</ele>
    </trkpt>
    <trkpt lat="42.489314" lon="-2.516926">
      <ele>454.9</ele>
    </trkpt>
    <trkpt lat="42.48928" lon="-2.51724">
      <ele>453.7</ele>
    </trkpt>
    <trkpt lat="42.48919" lon="-2.517348">
      <ele>453.3</ele>
    </trkpt>
    <trkpt lat="42.489162" lon="-2.517382">
      <ele>453.2</ele>
    </trkpt>
    <trkpt lat="42.489122" lon="-2.517369">
      <ele>453.2</ele>
    </trkpt>
    <trkpt lat="42.489032" lon="-2.517207">
      <ele>453.1</ele>
    </trkpt>
    <trkpt lat="42.488957" lon="-2.516961">
      <ele>453.4</ele>
    </trkpt>
    <trkpt lat="42.488945" lon="-2.516884">
      <ele>453.6</ele>
    </trkpt>
    <trkpt lat="42.488911" lon="-2.516848">
      <ele>453.7</ele>
    </trkpt>
    <trkpt lat="42.488142" lon="-2.516848">
      <ele>458.3</ele>
    </trkpt>
    <trkpt lat="42.487997" lon="-2.516831">
      <ele>459.3</ele>
    </trkpt>
    <trkpt lat="42.487901" lon="-2.516754">
      <ele>460</ele>
    </trkpt>
    <trkpt lat="42.487822" lon="-2.516566">
      <ele>460.8</ele>
    </trkpt>
    <trkpt lat="42.48779" lon="-2.516266">
      <ele>461.9</ele>
    </trkpt>
    <trkpt lat="42.487696" lon="-2.515952">
      <ele>463.1</ele>
    </trkpt>
    <trkpt lat="42.487434" lon="-2.515378">
      <ele>464.9</ele>
    </trkpt>
    <trkpt lat="42.487068" lon="-2.514821">
      <ele>466.8</ele>
    </trkpt>
    <trkpt lat="42.486926" lon="-2.514483">
      <ele>467.6</ele>
    </trkpt>
    <trkpt lat="42.486866" lon="-2.514273">
      <ele>468.1</ele>
    </trkpt>
    <trkpt lat="42.486897" lon="-2.513847">
      <ele>469.1</ele>
    </trkpt>
    <trkpt lat="42.486836" lon="-2.513434">
      <ele>470.3</ele>
    </trkpt>
    <trkpt lat="42.486804" lon="-2.513387">
      <ele>470.4</ele>
    </trkpt>
    <trkpt lat="42.486796" lon="-2.513212">
      <ele>471.1</ele>
    </trkpt>
    <trkpt lat="42.486619" lon="-2.512719">
      <ele>473.8</ele>
    </trkpt>
    <trkpt lat="42.486585" lon="-2.512394">
      <ele>475.7</ele>
    </trkpt>
    <trkpt lat="42.486616" lon="-2.511958">
      <ele>478.6</ele>
    </trkpt>
    <trkpt lat="42.486585" lon="-2.511814">
      <ele>479.7</ele>
    </trkpt>
    <trkpt lat="42.486527" lon="-2.511633">
      <ele>481.2</ele>
    </trkpt>
    <trkpt lat="42.486044" lon="-2.510792">
      <ele>490.8</ele>
    </trkpt>
    <trkpt lat="42.486035" lon="-2.510776">
      <ele>491</ele>
    </trkpt>
    <trkpt lat="42.485951" lon="-2.51069">
      <ele>492.5</ele>
    </trkpt>
    <trkpt lat="42.485743" lon="-2.510623">
      <ele>495.6</ele>
    </trkpt>
    <trkpt lat="42.485555" lon="-2.510243">
      <ele>500.4</ele>
    </trkpt>
    <trkpt lat="42.485505" lon="-2.509988">
      <ele>503.2</ele>
    </trkpt>
    <trkpt lat="42.485443" lon="-2.509859">
      <ele>504.8</ele>
    </trkpt>
    <trkpt lat="42.48516" lon="-2.50964">
      <ele>509.4</ele>
    </trkpt>
    <trkpt lat="42.484066" lon="-2.508252">
      <ele>525.3</ele>
    </trkpt>
    <trkpt lat="42.483917" lon="-2.508149">
      <ele>526.2</ele>
    </trkpt>
    <trkpt lat="42.483792" lon="-2.508052">
      <ele>526.8</ele>
    </trkpt>
    <trkpt lat="42.483213" lon="-2.507472">
      <ele>528.1</ele>
    </trkpt>
    <trkpt lat="42.483025" lon="-2.507153">
      <ele>527.7</ele>
    </trkpt>
    <trkpt lat="42.482565" lon="-2.506544">
      <ele>526</ele>
    </trkpt>
    <trkpt lat="42.482558" lon="-2.506534">
      <ele>526</ele>
    </trkpt>
    <trkpt lat="42.481939" lon="-2.505959">
      <ele>522.5</ele>
    </trkpt>
    <trkpt lat="42.481544" lon="-2.505672">
      <ele>519.6</ele>
    </trkpt>
    <trkpt lat="42.481366" lon="-2.505329">
      <ele>517.5</ele>
    </trkpt>
    <trkpt lat="42.481118" lon="-2.505065">
      <ele>515.3</ele>
    </trkpt>
    <trkpt lat="42.48097" lon="-2.504774">
      <ele>513.5</ele>
    </trkpt>
    <trkpt lat="42.48089" lon="-2.504757">
      <ele>512.9</ele>
    </trkpt>
    <trkpt lat="42.480767" lon="-2.504833">
      <ele>512</ele>
    </trkpt>
    <trkpt lat="42.480668" lon="-2.504801">
      <ele>511.3</ele>
    </trkpt>
    <trkpt lat="42.480632" lon="-2.504745">
      <ele>511</ele>
    </trkpt>
    <trkpt lat="42.480598" lon="-2.504463">
      <ele>509.6</ele>
    </trkpt>
    <trkpt lat="42.480666" lon="-2.504354">
      <ele>508.9</ele>
    </trkpt>
    <trkpt lat="42.480702" lon="-2.504178">
      <ele>508</ele>
    </trkpt>
    <trkpt lat="42.480936" lon="-2.503501">
      <ele>504.6</ele>
    </trkpt>
    <trkpt lat="42.48099" lon="-2.503297">
      <ele>503.6</ele>
    </trkpt>
    <trkpt lat="42.480993" lon="-2.503124">
      <ele>502.7</ele>
    </trkpt>
    <trkpt lat="42.480894" lon="-2.503011">
      <ele>501.8</ele>
    </trkpt>
    <trkpt lat="42.480824" lon="-2.502715">
      <ele>500</ele>
    </trkpt>
    <trkpt lat="42.480731" lon="-2.502705">
      <ele>499.2</ele>
    </trkpt>
    <trkpt lat="42.480641" lon="-2.502584">
      <ele>497.9</ele>
    </trkpt>
    <trkpt lat="42.480574" lon="-2.502536">
      <ele>497.1</ele>
    </trkpt>
    <trkpt lat="42.480398" lon="-2.502496">
      <ele>495.1</ele>
    </trkpt>
    <trkpt lat="42.480194" lon="-2.502219">
      <ele>491.8</ele>
    </trkpt>
    <trkpt lat="42.480036" lon="-2.502178">
      <ele>490</ele>
    </trkpt>
    <trkpt lat="42.480047" lon="-2.502101">
      <ele>489.4</ele>
    </trkpt>
    <trkpt lat="42.480026" lon="-2.50202">
      <ele>488.7</ele>
    </trkpt>
    <trkpt lat="42.479958" lon="-2.50197">
      <ele>487.9</ele>
    </trkpt>
    <trkpt lat="42.479942" lon="-2.501928">
      <ele>487.5</ele>
    </trkpt>
    <trkpt lat="42.479894" lon="-2.501814">
      <ele>486.5</ele>
    </trkpt>
    <trkpt lat="42.479916" lon="-2.501702">
      <ele>485.6</ele>
    </trkpt>
    <trkpt lat="42.479888" lon="-2.501641">
      <ele>485</ele>
    </trkpt>
    <trkpt lat="42.479779" lon="-2.501544">
      <ele>483.6</ele>
    </trkpt>
    <trkpt lat="42.479811" lon="-2.501393">
      <ele>482.4</ele>
    </trkpt>
    <trkpt lat="42.479943" lon="-2.501165">
      <ele>480.1</ele>
    </trkpt>
    <trkpt lat="42.479934" lon="-2.500947">
      <ele>478.5</ele>
    </trkpt>
    <trkpt lat="42.479976" lon="-2.50088">
      <ele>477.8</ele>
    </trkpt>
    <trkpt lat="42.479751" lon="-2.500451">
      <ele>474.5</ele>
    </trkpt>
    <trkpt lat="42.479661" lon="-2.500308">
      <ele>473.6</ele>
    </trkpt>
    <trkpt lat="42.479567" lon="-2.500226">
      <ele>473</ele>
    </trkpt>
    <trkpt lat="42.479454" lon="-2.500187">
      <ele>472.3</ele>
    </trkpt>
    <trkpt lat="42.47899" lon="-2.50014">
      <ele>469.8</ele>
    </trkpt>
    <trkpt lat="42.47845" lon="-2.500156">
      <ele>467.4</ele>
    </trkpt>
    <trkpt lat="42.478254" lon="-2.500129">
      <ele>466.7</ele>
    </trkpt>
    <trkpt lat="42.478057" lon="-2.500048">
      <ele>466</ele>
    </trkpt>
    <trkpt lat="42.477871" lon="-2.499931">
      <ele>465.4</ele>
    </trkpt>
    <trkpt lat="42.477643" lon="-2.49971">
      <ele>464.6</ele>
    </trkpt>
    <trkpt lat="42.477264" lon="-2.49921">
      <ele>463.1</ele>
    </trkpt>
    <trkpt lat="42.47716" lon="-2.499124">
      <ele>462.7</ele>
    </trkpt>
    <trkpt lat="42.475565" lon="-2.498416">
      <ele>457.1</ele>
    </trkpt>
    <trkpt lat="42.475273" lon="-2.49826">
      <ele>456</ele>
    </trkpt>
    <trkpt lat="42.474619" lon="-2.497602">
      <ele>453.4</ele>
    </trkpt>
    <trkpt lat="42.474466" lon="-2.497497">
      <ele>452.9</ele>
    </trkpt>
    <trkpt lat="42.474369" lon="-2.497369">
      <ele>452.6</ele>
    </trkpt>
    <trkpt lat="42.474155" lon="-2.49691">
      <ele>452.4</ele>
    </trkpt>
    <trkpt lat="42.47401" lon="-2.496409">
      <ele>453.4</ele>
    </trkpt>
    <trkpt lat="42.473974" lon="-2.496207">
      <ele>453.9</ele>
    </trkpt>
    <trkpt lat="42.473541" lon="-2.496043">
      <ele>456.1</ele>
    </trkpt>
    <trkpt lat="42.47341" lon="-2.496037">
      <ele>456.8</ele>
    </trkpt>
    <trkpt lat="42.473353" lon="-2.496042">
      <ele>457.2</ele>
    </trkpt>
    <trkpt lat="42.47329" lon="-2.495968">
      <ele>457.8</ele>
    </trkpt>
    <trkpt lat="42.473102" lon="-2.495913">
      <ele>459.2</ele>
    </trkpt>
    <trkpt lat="42.473041" lon="-2.495946">
      <ele>459.8</ele>
    </trkpt>
    <trkpt lat="42.472761" lon="-2.495982">
      <ele>462.6</ele>
    </trkpt>
    <trkpt lat="42.47263" lon="-2.495925">
      <ele>464.1</ele>
    </trkpt>
    <trkpt lat="42.472558" lon="-2.495847">
      <ele>465.1</ele>
    </trkpt>
    <trkpt lat="42.472488" lon="-2.495637">
      <ele>466.8</ele>
    </trkpt>
    <trkpt lat="42.472348" lon="-2.49539">
      <ele>468.9</ele>
    </trkpt>
    <trkpt lat="42.472313" lon="-2.49525">
      <ele>469.9</ele>
    </trkpt>
    <trkpt lat="42.4723" lon="-2.495216">
      <ele>470.1</ele>
    </trkpt>
    <trkpt lat="42.472204" lon="-2.495019">
      <ele>471.7</ele>
    </trkpt>
    <trkpt lat="42.472183" lon="-2.494899">
      <ele>472.6</ele>
    </trkpt>
    <trkpt lat="42.472051" lon="-2.494647">
      <ele>474.8</ele>
    </trkpt>
    <trkpt lat="42.472243" lon="-2.494655">
      <ele>476.6</ele>
    </trkpt>
    <trkpt lat="42.472338" lon="-2.494596">
      <ele>477.5</ele>
    </trkpt>
    <trkpt lat="42.472345" lon="-2.494517">
      <ele>478</ele>
    </trkpt>
    <trkpt lat="42.47222" lon="-2.494061">
      <ele>480.7</ele>
    </trkpt>
    <trkpt lat="42.472291" lon="-2.493827">
      <ele>481.7</ele>
    </trkpt>
    <trkpt lat="42.472267" lon="-2.493691">
      <ele>482.2</ele>
    </trkpt>
    <trkpt lat="42.472271" lon="-2.49344">
      <ele>482.8</ele>
    </trkpt>
    <trkpt lat="42.472415" lon="-2.493428">
      <ele>483.3</ele>
    </trkpt>
    <trkpt lat="42.472507" lon="-2.49334">
      <ele>483.6</ele>
    </trkpt>
    <trkpt lat="42.472553" lon="-2.493249">
      <ele>483.8</ele>
    </trkpt>
    <trkpt lat="42.472498" lon="-2.493112">
      <ele>484</ele>
    </trkpt>
    <trkpt lat="42.47259" lon="-2.492829">
      <ele>484.2</ele>
    </trkpt>
    <trkpt lat="42.472632" lon="-2.49277">
      <ele>484.2</ele>
    </trkpt>
    <trkpt lat="42.472718" lon="-2.492432">
      <ele>484</ele>
    </trkpt>
    <trkpt lat="42.472772" lon="-2.49186">
      <ele>483.4</ele>
    </trkpt>
    <trkpt lat="42.472836" lon="-2.491785">
      <ele>483.3</ele>
    </trkpt>
    <trkpt lat="42.472968" lon="-2.491586">
      <ele>482.9</ele>
    </trkpt>
    <trkpt lat="42.472999" lon="-2.491506">
      <ele>482.8</ele>
    </trkpt>
    <trkpt lat="42.473008" lon="-2.491376">
      <ele>482.6</ele>
    </trkpt>
    <trkpt lat="42.472964" lon="-2.491296">
      <ele>482.5</ele>
    </trkpt>
    <trkpt lat="42.472886" lon="-2.491263">
      <ele>482.3</ele>
    </trkpt>
    <trkpt lat="42.472871" lon="-2.491184">
      <ele>482.2</ele>
    </trkpt>
    <trkpt lat="42.472808" lon="-2.491115">
      <ele>482</ele>
    </trkpt>
    <trkpt lat="42.472842" lon="-2.490956">
      <ele>481.7</ele>
    </trkpt>
    <trkpt lat="42.472899" lon="-2.490894">
      <ele>481.5</ele>
    </trkpt>
    <trkpt lat="42.472917" lon="-2.490773">
      <ele>481.3</ele>
    </trkpt>
    <trkpt lat="42.472885" lon="-2.490592">
      <ele>480.9</ele>
    </trkpt>
    <trkpt lat="42.472837" lon="-2.490466">
      <ele>480.6</ele>
    </trkpt>
    <trkpt lat="42.472792" lon="-2.490428">
      <ele>480.5</ele>
    </trkpt>
    <trkpt lat="42.472741" lon="-2.490317">
      <ele>480.2</ele>
    </trkpt>
    <trkpt lat="42.472702" lon="-2.490269">
      <ele>480.1</ele>
    </trkpt>
    <trkpt lat="42.472682" lon="-2.490119">
      <ele>479.7</ele>
    </trkpt>
    <trkpt lat="42.472633" lon="-2.490029">
      <ele>479.5</ele>
    </trkpt>
    <trkpt lat="42.472624" lon="-2.489883">
      <ele>479.2</ele>
    </trkpt>
    <trkpt lat="42.472577" lon="-2.489691">
      <ele>478.7</ele>
    </trkpt>
    <trkpt lat="42.472617" lon="-2.489552">
      <ele>478.4</ele>
    </trkpt>
    <trkpt lat="42.472604" lon="-2.489277">
      <ele>477.7</ele>
    </trkpt>
    <trkpt lat="42.472638" lon="-2.489116">
      <ele>477.3</ele>
    </trkpt>
    <trkpt lat="42.472603" lon="-2.489013">
      <ele>477</ele>
    </trkpt>
    <trkpt lat="42.472553" lon="-2.488974">
      <ele>476.8</ele>
    </trkpt>
    <trkpt lat="42.472441" lon="-2.488792">
      <ele>476</ele>
    </trkpt>
    <trkpt lat="42.472361" lon="-2.488725">
      <ele>475.5</ele>
    </trkpt>
    <trkpt lat="42.472127" lon="-2.488295">
      <ele>473</ele>
    </trkpt>
    <trkpt lat="42.472003" lon="-2.488183">
      <ele>471.8</ele>
    </trkpt>
    <trkpt lat="42.47198" lon="-2.488303">
      <ele>471.1</ele>
    </trkpt>
    <trkpt lat="42.471973" lon="-2.488202">
      <ele>470.5</ele>
    </trkpt>
    <trkpt lat="42.471941" lon="-2.488151">
      <ele>470</ele>
    </trkpt>
    <trkpt lat="42.471539" lon="-2.487897">
      <ele>465.7</ele>
    </trkpt>
    <trkpt lat="42.471373" lon="-2.48768">
      <ele>463</ele>
    </trkpt>
    <trkpt lat="42.471319" lon="-2.487458">
      <ele>460.8</ele>
    </trkpt>
    <trkpt lat="42.47123" lon="-2.487241">
      <ele>458.4</ele>
    </trkpt>
    <trkpt lat="42.471209" lon="-2.487103">
      <ele>456.9</ele>
    </trkpt>
    <trkpt lat="42.470936" lon="-2.486857">
      <ele>452.3</ele>
    </trkpt>
    <trkpt lat="42.47081" lon="-2.486693">
      <ele>449.9</ele>
    </trkpt>
    <trkpt lat="42.470773" lon="-2.486605">
      <ele>448.9</ele>
    </trkpt>
    <trkpt lat="42.470638" lon="-2.486495">
      <ele>446.8</ele>
    </trkpt>
    <trkpt lat="42.470605" lon="-2.486503">
      <ele>446.4</ele>
    </trkpt>
    <trkpt lat="42.470449" lon="-2.486322">
      <ele>443.8</ele>
    </trkpt>
    <trkpt lat="42.470266" lon="-2.486254">
      <ele>441.3</ele>
    </trkpt>
    <trkpt lat="42.470211" lon="-2.486188">
      <ele>440.4</ele>
    </trkpt>
    <trkpt lat="42.470021" lon="-2.486067">
      <ele>437.9</ele>
    </trkpt>
    <trkpt lat="42.469643" lon="-2.485885">
      <ele>433.7</ele>
    </trkpt>
    <trkpt lat="42.469524" lon="-2.485776">
      <ele>432.5</ele>
    </trkpt>
    <trkpt lat="42.469333" lon="-2.48571">
      <ele>430.9</ele>
    </trkpt>
    <trkpt lat="42.469151" lon="-2.485738">
      <ele>429.7</ele>
    </trkpt>
    <trkpt lat="42.469083" lon="-2.485775">
      <ele>429.3</ele>
    </trkpt>
    <trkpt lat="42.468893" lon="-2.485721">
      <ele>428.2</ele>
    </trkpt>
    <trkpt lat="42.468795" lon="-2.485666">
      <ele>427.7</ele>
    </trkpt>
    <trkpt lat="42.468522" lon="-2.485189">
      <ele>426.4</ele>
    </trkpt>
    <trkpt lat="42.468173" lon="-2.484646">
      <ele>426.2</ele>
    </trkpt>
    <trkpt lat="42.467856" lon="-2.483635">
      <ele>427.2</ele>
    </trkpt>
    <trkpt lat="42.467698" lon="-2.483343">
      <ele>427.6</ele>
    </trkpt>
    <trkpt lat="42.46725" lon="-2.482644">
      <ele>428.2</ele>
    </trkpt>
    <trkpt lat="42.467158" lon="-2.482428">
      <ele>428.2</ele>
    </trkpt>
    <trkpt lat="42.467085" lon="-2.482098">
      <ele>428.2</ele>
    </trkpt>
    <trkpt lat="42.466938" lon="-2.480768">
      <ele>427.8</ele>
    </trkpt>
    <trkpt lat="42.46684" lon="-2.480478">
      <ele>427.8</ele>
    </trkpt>
    <trkpt lat="42.46586" lon="-2.481003">
      <ele>426.7</ele>
    </trkpt>
    <trkpt lat="42.4655" lon="-2.48116">
      <ele>425.2</ele>
    </trkpt>
    <trkpt lat="42.465293" lon="-2.481155">
      <ele>424.2</ele>
    </trkpt>
    <trkpt lat="42.465009" lon="-2.481092">
      <ele>422.5</ele>
    </trkpt>
    <trkpt lat="42.464882" lon="-2.481029">
      <ele>421.7</ele>
    </trkpt>
    <trkpt lat="42.464708" lon="-2.480861">
      <ele>420.3</ele>
    </trkpt>
    <trkpt lat="42.464628" lon="-2.48082">
      <ele>419.7</ele>
    </trkpt>
    <trkpt lat="42.464508" lon="-2.480836">
      <ele>419</ele>
    </trkpt>
    <trkpt lat="42.463978" lon="-2.480935">
      <ele>415.8</ele>
    </trkpt>
    <trkpt lat="42.463803" lon="-2.481031">
      <ele>414.9</ele>
    </trkpt>
    <trkpt lat="42.463595" lon="-2.481186">
      <ele>414</ele>
    </trkpt>
    <trkpt lat="42.463436" lon="-2.481361">
      <ele>413.7</ele>
    </trkpt>
    <trkpt lat="42.463155" lon="-2.481595">
      <ele>413.5</ele>
    </trkpt>
    <trkpt lat="42.463052" lon="-2.481778">
      <ele>413.5</ele>
    </trkpt>
    <trkpt lat="42.462824" lon="-2.481918">
      <ele>413.8</ele>
    </trkpt>
    <trkpt lat="42.462895" lon="-2.482218">
      <ele>414.1</ele>
    </trkpt>
    <trkpt lat="42.462971" lon="-2.482841">
      <ele>415</ele>
    </trkpt>
    <trkpt lat="42.462984" lon="-2.48315">
      <ele>415.5</ele>
    </trkpt>
    <trkpt lat="42.462897" lon="-2.483846">
      <ele>416.6</ele>
    </trkpt>
    <trkpt lat="42.462906" lon="-2.484436">
      <ele>417.2</ele>
    </trkpt>
    <trkpt lat="42.462886" lon="-2.484437">
      <ele>417.2</ele>
    </trkpt>
    <trkpt lat="42.462847" lon="-2.484439">
      <ele>417.2</ele>
    </trkpt>
    <trkpt lat="42.462803" lon="-2.484297">
      <ele>417.3</ele>
    </trkpt>
    <trkpt lat="42.462267" lon="-2.484164">
      <ele>417.5</ele>
    </trkpt>
    <trkpt lat="42.462171" lon="-2.484142">
      <ele>417.5</ele>
    </trkpt>
    <trkpt lat="42.46216" lon="-2.48426">
      <ele>417.5</ele>
    </trkpt>
    <trkpt lat="42.459909" lon="-2.483777">
      <ele>416.2</ele>
    </trkpt>
    <trkpt lat="42.459742" lon="-2.48372">
      <ele>416.2</ele>
    </trkpt>
    <trkpt lat="42.459817" lon="-2.483397">
      <ele>416.1</ele>
    </trkpt>
    <trkpt lat="42.459395" lon="-2.483195">
      <ele>416.1</ele>
    </trkpt>
    <trkpt lat="42.459162" lon="-2.483083">
      <ele>416.3</ele>
    </trkpt>
    <trkpt lat="42.458606" lon="-2.482843">
      <ele>417.2</ele>
    </trkpt>
    <trkpt lat="42.458517" lon="-2.48295">
      <ele>417.4</ele>
    </trkpt>
    <trkpt lat="42.458439" lon="-2.48295">
      <ele>417.6</ele>
    </trkpt>
    <trkpt lat="42.458385" lon="-2.482916">
      <ele>417.8</ele>
    </trkpt>
    <trkpt lat="42.458345" lon="-2.482824">
      <ele>417.9</ele>
    </trkpt>
    <trkpt lat="42.458344" lon="-2.48272">
      <ele>418.1</ele>
    </trkpt>
    <trkpt lat="42.458229" lon="-2.482667">
      <ele>418.5</ele>
    </trkpt>
    <trkpt lat="42.457917" lon="-2.482523">
      <ele>419.3</ele>
    </trkpt>
    <trkpt lat="42.45772" lon="-2.482433">
      <ele>419.9</ele>
    </trkpt>
    <trkpt lat="42.457417" lon="-2.482215">
      <ele>420.6</ele>
    </trkpt>
    <trkpt lat="42.457401" lon="-2.482198">
      <ele>420.7</ele>
    </trkpt>
    <trkpt lat="42.457285" lon="-2.482164">
      <ele>420.9</ele>
    </trkpt>
    <trkpt lat="42.457233" lon="-2.482188">
      <ele>420.9</ele>
    </trkpt>
    <trkpt lat="42.457127" lon="-2.482155">
      <ele>421</ele>
    </trkpt>
    <trkpt lat="42.457065" lon="-2.482038">
      <ele>421.1</ele>
    </trkpt>
    <trkpt lat="42.457093" lon="-2.481867">
      <ele>421</ele>
    </trkpt>
    <trkpt lat="42.457069" lon="-2.481709">
      <ele>421</ele>
    </trkpt>
    <trkpt lat="42.457045" lon="-2.481657">
      <ele>420.9</ele>
    </trkpt>
    <trkpt lat="42.457012" lon="-2.481686">
      <ele>420.9</ele>
    </trkpt>
    <trkpt lat="42.456952" lon="-2.481691">
      <ele>420.8</ele>
    </trkpt>
    <trkpt lat="42.456867" lon="-2.481425">
      <ele>420.5</ele>
    </trkpt>
    <trkpt lat="42.456805" lon="-2.481156">
      <ele>420.2</ele>
    </trkpt>
    <trkpt lat="42.456554" lon="-2.481093">
      <ele>419.6</ele>
    </trkpt>
    <trkpt lat="42.456414" lon="-2.481011">
      <ele>419.3</ele>
    </trkpt>
    <trkpt lat="42.456044" lon="-2.48097">
      <ele>418.7</ele>
    </trkpt>
    <trkpt lat="42.455991" lon="-2.480429">
      <ele>417.9</ele>
    </trkpt>
    <trkpt lat="42.455984" lon="-2.479545">
      <ele>416.5</ele>
    </trkpt>
    <trkpt lat="42.455992" lon="-2.478837">
      <ele>415.1</ele>
    </trkpt>
    <trkpt lat="42.455975" lon="-2.478695">
      <ele>414.8</ele>
    </trkpt>
    <trkpt lat="42.455886" lon="-2.478585">
      <ele>414.4</ele>
    </trkpt>
    <trkpt lat="42.455846" lon="-2.478577">
      <ele>414.2</ele>
    </trkpt>
    <trkpt lat="42.455809" lon="-2.478581">
      <ele>414.1</ele>
    </trkpt>
    <trkpt lat="42.45566" lon="-2.478701">
      <ele>413.5</ele>
    </trkpt>
    <trkpt lat="42.455707" lon="-2.478184">
      <ele>412.2</ele>
    </trkpt>
    <trkpt lat="42.455788" lon="-2.47776">
      <ele>411.2</ele>
    </trkpt>
    <trkpt lat="42.456004" lon="-2.476562">
      <ele>409.7</ele>
    </trkpt>
    <trkpt lat="42.456077" lon="-2.476012">
      <ele>409.5</ele>
    </trkpt>
    <trkpt lat="42.456049" lon="-2.475999">
      <ele>409.5</ele>
    </trkpt>
    <trkpt lat="42.455919" lon="-2.476813">
      <ele>408.9</ele>
    </trkpt>
    <trkpt lat="42.455792" lon="-2.477308">
      <ele>408.7</ele>
    </trkpt>
    <trkpt lat="42.45574" lon="-2.477445">
      <ele>408.7</ele>
    </trkpt>
    <trkpt lat="42.455675" lon="-2.477453">
      <ele>408.7</ele>
    </trkpt>
    <trkpt lat="42.455419" lon="-2.477405">
      <ele>408.8</ele>
    </trkpt>
    <trkpt lat="42.455333" lon="-2.477447">
      <ele>408.8</ele>
    </trkpt>
    <trkpt lat="42.455307" lon="-2.477501">
      <ele>408.8</ele>
    </trkpt>
    <trkpt lat="42.455333" lon="-2.477447">
      <ele>408.8</ele>
    </trkpt>
    <trkpt lat="42.455419" lon="-2.477405">
      <ele>408.8</ele>
    </trkpt>
    <trkpt lat="42.455675" lon="-2.477453">
      <ele>408.7</ele>
    </trkpt>
    <trkpt lat="42.45574" lon="-2.477445">
      <ele>408.7</ele>
    </trkpt>
    <trkpt lat="42.455792" lon="-2.477308">
      <ele>408.7</ele>
    </trkpt>
    <trkpt lat="42.455919" lon="-2.476813">
      <ele>408.7</ele>
    </trkpt>
    <trkpt lat="42.456049" lon="-2.475999">
      <ele>409.1</ele>
    </trkpt>
    <trkpt lat="42.456106" lon="-2.475512">
      <ele>409</ele>
    </trkpt>
    <trkpt lat="42.456235" lon="-2.475211">
      <ele>408.9</ele>
    </trkpt>
    <trkpt lat="42.456361" lon="-2.474858">
      <ele>408.8</ele>
    </trkpt>
    <trkpt lat="42.456395" lon="-2.474703">
      <ele>408.8</ele>
    </trkpt>
    <trkpt lat="42.456429" lon="-2.474112">
      <ele>408.9</ele>
    </trkpt>
    <trkpt lat="42.456475" lon="-2.473699">
      <ele>408.7</ele>
    </trkpt>
    <trkpt lat="42.456511" lon="-2.473542">
      <ele>408.5</ele>
    </trkpt>
    <trkpt lat="42.456614" lon="-2.473245">
      <ele>408.2</ele>
    </trkpt>
    <trkpt lat="42.456767" lon="-2.473004">
      <ele>407.8</ele>
    </trkpt>
    <trkpt lat="42.456837" lon="-2.472969">
      <ele>407.7</ele>
    </trkpt>
    <trkpt lat="42.456809" lon="-2.472851">
      <ele>407.5</ele>
    </trkpt>
    <trkpt lat="42.45686" lon="-2.472636">
      <ele>407.2</ele>
    </trkpt>
    <trkpt lat="42.456885" lon="-2.472551">
      <ele>407</ele>
    </trkpt>
    <trkpt lat="42.45696" lon="-2.472308">
      <ele>406.7</ele>
    </trkpt>
    <trkpt lat="42.456767" lon="-2.472217">
      <ele>406.3</ele>
    </trkpt>
    <trkpt lat="42.456481" lon="-2.471685">
      <ele>405.1</ele>
    </trkpt>
    <trkpt lat="42.456458" lon="-2.470465">
      <ele>403.9</ele>
    </trkpt>
    <trkpt lat="42.456453" lon="-2.470144">
      <ele>403.7</ele>
    </trkpt>
    <trkpt lat="42.456437" lon="-2.469229">
      <ele>403.3</ele>
    </trkpt>
    <trkpt lat="42.456408" lon="-2.467516">
      <ele>402.8</ele>
    </trkpt>
    <trkpt lat="42.456402" lon="-2.467177">
      <ele>403</ele>
    </trkpt>
    <trkpt lat="42.456386" lon="-2.466272">
      <ele>403.9</ele>
    </trkpt>
    <trkpt lat="42.456412" lon="-2.466249">
      <ele>403.9</ele>
    </trkpt>
    <trkpt lat="42.456868" lon="-2.466227">
      <ele>404.3</ele>
    </trkpt>
    <trkpt lat="42.457167" lon="-2.466213">
      <ele>404.4</ele>
    </trkpt>
    <trkpt lat="42.457192" lon="-2.466212">
      <ele>404.4</ele>
    </trkpt>
    <trkpt lat="42.457189" lon="-2.465971">
      <ele>404.4</ele>
    </trkpt>
    <trkpt lat="42.45719" lon="-2.465874">
      <ele>404.3</ele>
    </trkpt>
    <trkpt lat="42.457189" lon="-2.465746">
      <ele>404.3</ele>
    </trkpt>
    <trkpt lat="42.45716" lon="-2.464314">
      <ele>402.1</ele>
    </trkpt>
    <trkpt lat="42.457142" lon="-2.463251">
      <ele>399.8</ele>
    </trkpt>
    <trkpt lat="42.457116" lon="-2.462941">
      <ele>399.3</ele>
    </trkpt>
    <trkpt lat="42.457091" lon="-2.46289">
      <ele>399.2</ele>
    </trkpt>
    <trkpt lat="42.456863" lon="-2.462952">
      <ele>398.7</ele>
    </trkpt>
    <trkpt lat="42.456757" lon="-2.462226">
      <ele>397.8</ele>
    </trkpt>
    <trkpt lat="42.456749" lon="-2.462155">
      <ele>397.7</ele>
    </trkpt>
    <trkpt lat="42.45673" lon="-2.461977">
      <ele>397.5</ele>
    </trkpt>
    <trkpt lat="42.456709" lon="-2.46179">
      <ele>397.3</ele>
    </trkpt>
    <trkpt lat="42.456684" lon="-2.461564">
      <ele>397.1</ele>
    </trkpt>
    <trkpt lat="42.456671" lon="-2.46138">
      <ele>396.9</ele>
    </trkpt>
    <trkpt lat="42.456723" lon="-2.461349">
      <ele>396.8</ele>
    </trkpt>
    <trkpt lat="42.45677" lon="-2.461318">
      <ele>396.8</ele>
    </trkpt>
    <trkpt lat="42.456648" lon="-2.460599">
      <ele>396.2</ele>
    </trkpt>
    <trkpt lat="42.456584" lon="-2.460503">
      <ele>396.1</ele>
    </trkpt>
    <trkpt lat="42.456525" lon="-2.460313">
      <ele>396</ele>
    </trkpt>
    <trkpt lat="42.456409" lon="-2.459621">
      <ele>395.4</ele>
    </trkpt>
    <trkpt lat="42.456383" lon="-2.459491">
      <ele>395.4</ele>
    </trkpt>
    <trkpt lat="42.456195" lon="-2.459533">
      <ele>395.2</ele>
    </trkpt>
    <trkpt lat="42.456084" lon="-2.459455">
      <ele>395.1</ele>
    </trkpt>
    <trkpt lat="42.455859" lon="-2.458189">
      <ele>394.5</ele>
    </trkpt>
    <trkpt lat="42.455907" lon="-2.458026">
      <ele>394.5</ele>
    </trkpt>
    <trkpt lat="42.456139" lon="-2.457951">
      <ele>394.3</ele>
    </trkpt>
    <trkpt lat="42.456128" lon="-2.457899">
      <ele>394.3</ele>
    </trkpt>
    <trkpt lat="42.455832" lon="-2.457969">
      <ele>394.2</ele>
    </trkpt>
    <trkpt lat="42.455645" lon="-2.457804">
      <ele>394.1</ele>
    </trkpt>
    <trkpt lat="42.455547" lon="-2.45773">
      <ele>394.1</ele>
    </trkpt>
    <trkpt lat="42.45534" lon="-2.457579">
      <ele>394</ele>
    </trkpt>
    <trkpt lat="42.455321" lon="-2.457565">
      <ele>394</ele>
    </trkpt>
    <trkpt lat="42.455405" lon="-2.456882">
      <ele>393.9</ele>
    </trkpt>
    <trkpt lat="42.455408" lon="-2.456863">
      <ele>393.9</ele>
    </trkpt>
    <trkpt lat="42.45547" lon="-2.456736">
      <ele>393.8</ele>
    </trkpt>
    <trkpt lat="42.455593" lon="-2.456527">
      <ele>393.8</ele>
    </trkpt>
    <trkpt lat="42.455694" lon="-2.456316">
      <ele>393.7</ele>
    </trkpt>
    <trkpt lat="42.455777" lon="-2.456104">
      <ele>393.7</ele>
    </trkpt>
    <trkpt lat="42.455807" lon="-2.455885">
      <ele>393.6</ele>
    </trkpt>
    <trkpt lat="42.45581" lon="-2.455639">
      <ele>393.5</ele>
    </trkpt>
    <trkpt lat="42.455805" lon="-2.455605">
      <ele>393.5</ele>
    </trkpt>
    <trkpt lat="42.455785" lon="-2.455449">
      <ele>393.5</ele>
    </trkpt>
    <trkpt lat="42.455603" lon="-2.454357">
      <ele>393.1</ele>
    </trkpt>
    <trkpt lat="42.455545" lon="-2.45412">
      <ele>393.1</ele>
    </trkpt>
    <trkpt lat="42.455541" lon="-2.453758">
      <ele>393.2</ele>
    </trkpt>
    <trkpt lat="42.455594" lon="-2.453541">
      <ele>393.3</ele>
    </trkpt>
    <trkpt lat="42.455658" lon="-2.453494">
      <ele>393.4</ele>
    </trkpt>
    <trkpt lat="42.455736" lon="-2.453441">
      <ele>393.5</ele>
    </trkpt>
    <trkpt lat="42.456484" lon="-2.453203">
      <ele>393.8</ele>
    </trkpt>
    <trkpt lat="42.4567" lon="-2.453124">
      <ele>393.7</ele>
    </trkpt>
    <trkpt lat="42.456797" lon="-2.453051">
      <ele>393.6</ele>
    </trkpt>
    <trkpt lat="42.457164" lon="-2.452904">
      <ele>393.1</ele>
    </trkpt>
    <trkpt lat="42.457156" lon="-2.452872">
      <ele>393.1</ele>
    </trkpt>
    <trkpt lat="42.457563" lon="-2.452716">
      <ele>392.5</ele>
    </trkpt>
    <trkpt lat="42.45794" lon="-2.452572">
      <ele>392.1</ele>
    </trkpt>
    <trkpt lat="42.457877" lon="-2.452322">
      <ele>392.1</ele>
    </trkpt>
    <trkpt lat="42.457879" lon="-2.452261">
      <ele>392.1</ele>
    </trkpt>
    <trkpt lat="42.457949" lon="-2.452249">
      <ele>392.1</ele>
    </trkpt>
    <trkpt lat="42.457995" lon="-2.452416">
      <ele>392.1</ele>
    </trkpt>
    <trkpt lat="42.458098" lon="-2.452511">
      <ele>392.1</ele>
    </trkpt>
    <trkpt lat="42.458159" lon="-2.452487">
      <ele>392.1</ele>
    </trkpt>
    <trkpt lat="42.458661" lon="-2.452285">
      <ele>392.6</ele>
    </trkpt>
    <trkpt lat="42.458711" lon="-2.452264">
      <ele>392.6</ele>
    </trkpt>
    <trkpt lat="42.458512" lon="-2.451398">
      <ele>393.5</ele>
    </trkpt>
    <trkpt lat="42.458442" lon="-2.451093">
      <ele>393.8</ele>
    </trkpt>
    <trkpt lat="42.458327" lon="-2.450594">
      <ele>393.9</ele>
    </trkpt>
    <trkpt lat="42.458279" lon="-2.450391">
      <ele>393.9</ele>
    </trkpt>
    <trkpt lat="42.458224" lon="-2.450163">
      <ele>393.9</ele>
    </trkpt>
    <trkpt lat="42.458016" lon="-2.449279">
      <ele>394</ele>
    </trkpt>
    <trkpt lat="42.457968" lon="-2.449058">
      <ele>393.9</ele>
    </trkpt>
    <trkpt lat="42.457929" lon="-2.448886">
      <ele>393.8</ele>
    </trkpt>
    <trkpt lat="42.457903" lon="-2.448765">
      <ele>393.7</ele>
    </trkpt>
    <trkpt lat="42.457591" lon="-2.447389">
      <ele>391.8</ele>
    </trkpt>
    <trkpt lat="42.45755" lon="-2.447175">
      <ele>391.3</ele>
    </trkpt>
    <trkpt lat="42.457529" lon="-2.447086">
      <ele>391.1</ele>
    </trkpt>
    <trkpt lat="42.457612" lon="-2.447053">
      <ele>390.8</ele>
    </trkpt>
    <trkpt lat="42.457631" lon="-2.446881">
      <ele>390.4</ele>
    </trkpt>
    <trkpt lat="42.457683" lon="-2.446675">
      <ele>390</ele>
    </trkpt>
    <trkpt lat="42.457994" lon="-2.445214">
      <ele>387.2</ele>
    </trkpt>
    <trkpt lat="42.458022" lon="-2.445046">
      <ele>387</ele>
    </trkpt>
    <trkpt lat="42.457934" lon="-2.444971">
      <ele>386.9</ele>
    </trkpt>
    <trkpt lat="42.457903" lon="-2.444876">
      <ele>386.7</ele>
    </trkpt>
    <trkpt lat="42.457911" lon="-2.44476">
      <ele>386.6</ele>
    </trkpt>
    <trkpt lat="42.457954" lon="-2.444671">
      <ele>386.5</ele>
    </trkpt>
    <trkpt lat="42.45802" lon="-2.444621">
      <ele>386.4</ele>
    </trkpt>
    <trkpt lat="42.458089" lon="-2.444476">
      <ele>386.3</ele>
    </trkpt>
    <trkpt lat="42.45813" lon="-2.444344">
      <ele>386.3</ele>
    </trkpt>
    <trkpt lat="42.458269" lon="-2.443756">
      <ele>386.1</ele>
    </trkpt>
    <trkpt lat="42.458317" lon="-2.443503">
      <ele>386</ele>
    </trkpt>
    <trkpt lat="42.458335" lon="-2.443378">
      <ele>386</ele>
    </trkpt>
    <trkpt lat="42.458351" lon="-2.443068">
      <ele>386</ele>
    </trkpt>
    <trkpt lat="42.458353" lon="-2.443041">
      <ele>386</ele>
    </trkpt>
    <trkpt lat="42.458391" lon="-2.442236">
      <ele>386.4</ele>
    </trkpt>
    <trkpt lat="42.458385" lon="-2.442118">
      <ele>386.4</ele>
    </trkpt>
    <trkpt lat="42.45832" lon="-2.441959">
      <ele>386.5</ele>
    </trkpt>
    <trkpt lat="42.458242" lon="-2.44184">
      <ele>386.5</ele>
    </trkpt>
    <trkpt lat="42.458244" lon="-2.441736">
      <ele>386.6</ele>
    </trkpt>
    <trkpt lat="42.458294" lon="-2.44164">
      <ele>386.6</ele>
    </trkpt>
    <trkpt lat="42.458336" lon="-2.441608">
      <ele>386.6</ele>
    </trkpt>
    <trkpt lat="42.458376" lon="-2.441499">
      <ele>386.6</ele>
    </trkpt>
    <trkpt lat="42.458393" lon="-2.441327">
      <ele>386.6</ele>
    </trkpt>
    <trkpt lat="42.458469" lon="-2.440136">
      <ele>386.8</ele>
    </trkpt>
    <trkpt lat="42.458487" lon="-2.439843">
      <ele>386.7</ele>
    </trkpt>
    <trkpt lat="42.458446" lon="-2.439846">
      <ele>386.7</ele>
    </trkpt>
    <trkpt lat="42.458156" lon="-2.439981">
      <ele>386.5</ele>
    </trkpt>
    <trkpt lat="42.458104" lon="-2.439962">
      <ele>386.5</ele>
    </trkpt>
    <trkpt lat="42.458051" lon="-2.439942">
      <ele>386.5</ele>
    </trkpt>
    <trkpt lat="42.457987" lon="-2.440575">
      <ele>386.4</ele>
    </trkpt>
    <trkpt lat="42.457825" lon="-2.440755">
      <ele>386.4</ele>
    </trkpt>
    <trkpt lat="42.457818" lon="-2.440829">
      <ele>386.5</ele>
    </trkpt>
    <trkpt lat="42.457716" lon="-2.440949">
      <ele>386.5</ele>
    </trkpt>
    </trkseg>
  </trk>
</gpx>
