<?xml version="1.0" encoding="UTF-8"?>
<gpx version="1.1" creator="fitAI Komoot downloader" xmlns="http://www.topografix.com/GPX/1/1">
  <metadata>
    <name>Carretera sinuosa entre viñedos y Senda de las Dos Tetas - Recorrido circular desde Logroño</name>
    <desc>142 visitas · Dificultad: difficult · Distancia: 37.7 km · Desnivel +: 608 m</desc>
    <link href="https://www.komoot.com/smarttour/e43317840"><text>Komoot</text></link>
  </metadata>
  <trk>
    <name>Carretera sinuosa entre viñedos y Senda de las Dos Tetas - Recorrido circular desde Logroño</name>
    <type>mtb</type>
    <trkseg>
    <trkpt lat="42.457716" lon="-2.440949">
      <ele>386.5</ele>
    </trkpt>
    <trkpt lat="42.457818" lon="-2.440829">
      <ele>386.5</ele>
    </trkpt>
    <trkpt lat="42.457825" lon="-2.440755">
      <ele>386.4</ele>
    </trkpt>
    <trkpt lat="42.457987" lon="-2.440575">
      <ele>386.4</ele>
    </trkpt>
    <trkpt lat="42.458051" lon="-2.439942">
      <ele>386.4</ele>
    </trkpt>
    <trkpt lat="42.458104" lon="-2.439962">
      <ele>386.5</ele>
    </trkpt>
    <trkpt lat="42.458156" lon="-2.439981">
      <ele>386.5</ele>
    </trkpt>
    <trkpt lat="42.458446" lon="-2.439846">
      <ele>386.6</ele>
    </trkpt>
    <trkpt lat="42.458428" lon="-2.440131">
      <ele>386.8</ele>
    </trkpt>
    <trkpt lat="42.458469" lon="-2.440136">
      <ele>386.8</ele>
    </trkpt>
    <trkpt lat="42.458543" lon="-2.440147">
      <ele>386.8</ele>
    </trkpt>
    <trkpt lat="42.458527" lon="-2.440408">
      <ele>386.9</ele>
    </trkpt>
    <trkpt lat="42.458469" lon="-2.441333">
      <ele>386.8</ele>
    </trkpt>
    <trkpt lat="42.458458" lon="-2.441568">
      <ele>386.8</ele>
    </trkpt>
    <trkpt lat="42.458487" lon="-2.441673">
      <ele>386.8</ele>
    </trkpt>
    <trkpt lat="42.45852" lon="-2.441751">
      <ele>386.8</ele>
    </trkpt>
    <trkpt lat="42.458506" lon="-2.44189">
      <ele>386.8</ele>
    </trkpt>
    <trkpt lat="42.458482" lon="-2.441926">
      <ele>386.8</ele>
    </trkpt>
    <trkpt lat="42.458454" lon="-2.442242">
      <ele>386.7</ele>
    </trkpt>
    <trkpt lat="42.458412" lon="-2.443046">
      <ele>386.2</ele>
    </trkpt>
    <trkpt lat="42.458408" lon="-2.443179">
      <ele>386.2</ele>
    </trkpt>
    <trkpt lat="42.458389" lon="-2.443424">
      <ele>386.1</ele>
    </trkpt>
    <trkpt lat="42.458371" lon="-2.443554">
      <ele>386.1</ele>
    </trkpt>
    <trkpt lat="42.458192" lon="-2.444368">
      <ele>386.3</ele>
    </trkpt>
    <trkpt lat="42.458149" lon="-2.444541">
      <ele>386.4</ele>
    </trkpt>
    <trkpt lat="42.458149" lon="-2.444643">
      <ele>386.4</ele>
    </trkpt>
    <trkpt lat="42.458206" lon="-2.444718">
      <ele>386.5</ele>
    </trkpt>
    <trkpt lat="42.458229" lon="-2.444866">
      <ele>386.6</ele>
    </trkpt>
    <trkpt lat="42.458177" lon="-2.445">
      <ele>386.7</ele>
    </trkpt>
    <trkpt lat="42.458074" lon="-2.445057">
      <ele>386.9</ele>
    </trkpt>
    <trkpt lat="42.458022" lon="-2.445046">
      <ele>387</ele>
    </trkpt>
    <trkpt lat="42.457994" lon="-2.445214">
      <ele>387.2</ele>
    </trkpt>
    <trkpt lat="42.457683" lon="-2.446675">
      <ele>390.1</ele>
    </trkpt>
    <trkpt lat="42.457631" lon="-2.446881">
      <ele>390.5</ele>
    </trkpt>
    <trkpt lat="42.457612" lon="-2.447053">
      <ele>390.9</ele>
    </trkpt>
    <trkpt lat="42.457632" lon="-2.447143">
      <ele>391.2</ele>
    </trkpt>
    <trkpt lat="42.457678" lon="-2.447343">
      <ele>391.6</ele>
    </trkpt>
    <trkpt lat="42.458025" lon="-2.448847">
      <ele>394</ele>
    </trkpt>
    <trkpt lat="42.45805" lon="-2.448945">
      <ele>394</ele>
    </trkpt>
    <trkpt lat="42.458077" lon="-2.449064">
      <ele>394.1</ele>
    </trkpt>
    <trkpt lat="42.458201" lon="-2.449644">
      <ele>394.1</ele>
    </trkpt>
    <trkpt lat="42.458317" lon="-2.450127">
      <ele>394.1</ele>
    </trkpt>
    <trkpt lat="42.458375" lon="-2.450352">
      <ele>394.1</ele>
    </trkpt>
    <trkpt lat="42.458421" lon="-2.450557">
      <ele>394.1</ele>
    </trkpt>
    <trkpt lat="42.458553" lon="-2.45109">
      <ele>394</ele>
    </trkpt>
    <trkpt lat="42.458799" lon="-2.452188">
      <ele>392.9</ele>
    </trkpt>
    <trkpt lat="42.458809" lon="-2.452236">
      <ele>392.9</ele>
    </trkpt>
    <trkpt lat="42.458711" lon="-2.452264">
      <ele>392.8</ele>
    </trkpt>
    <trkpt lat="42.458661" lon="-2.452285">
      <ele>392.7</ele>
    </trkpt>
    <trkpt lat="42.458159" lon="-2.452487">
      <ele>392.3</ele>
    </trkpt>
    <trkpt lat="42.458098" lon="-2.452511">
      <ele>392.2</ele>
    </trkpt>
    <trkpt lat="42.457995" lon="-2.452416">
      <ele>392.2</ele>
    </trkpt>
    <trkpt lat="42.457949" lon="-2.452249">
      <ele>392.1</ele>
    </trkpt>
    <trkpt lat="42.457879" lon="-2.452261">
      <ele>392.1</ele>
    </trkpt>
    <trkpt lat="42.457877" lon="-2.452322">
      <ele>392.1</ele>
    </trkpt>
    <trkpt lat="42.45794" lon="-2.452572">
      <ele>392.1</ele>
    </trkpt>
    <trkpt lat="42.457563" lon="-2.452716">
      <ele>392.5</ele>
    </trkpt>
    <trkpt lat="42.457156" lon="-2.452872">
      <ele>393.1</ele>
    </trkpt>
    <trkpt lat="42.457164" lon="-2.452904">
      <ele>393.1</ele>
    </trkpt>
    <trkpt lat="42.456797" lon="-2.453051">
      <ele>393.6</ele>
    </trkpt>
    <trkpt lat="42.4567" lon="-2.453124">
      <ele>393.7</ele>
    </trkpt>
    <trkpt lat="42.456484" lon="-2.453203">
      <ele>393.8</ele>
    </trkpt>
    <trkpt lat="42.455736" lon="-2.453441">
      <ele>393.5</ele>
    </trkpt>
    <trkpt lat="42.455658" lon="-2.453494">
      <ele>393.4</ele>
    </trkpt>
    <trkpt lat="42.455594" lon="-2.453541">
      <ele>393.3</ele>
    </trkpt>
    <trkpt lat="42.455541" lon="-2.453758">
      <ele>393.2</ele>
    </trkpt>
    <trkpt lat="42.455545" lon="-2.45412">
      <ele>393.1</ele>
    </trkpt>
    <trkpt lat="42.455603" lon="-2.454357">
      <ele>393.1</ele>
    </trkpt>
    <trkpt lat="42.455785" lon="-2.455449">
      <ele>393.5</ele>
    </trkpt>
    <trkpt lat="42.455805" lon="-2.455605">
      <ele>393.5</ele>
    </trkpt>
    <trkpt lat="42.45581" lon="-2.455639">
      <ele>393.5</ele>
    </trkpt>
    <trkpt lat="42.455807" lon="-2.455885">
      <ele>393.6</ele>
    </trkpt>
    <trkpt lat="42.455777" lon="-2.456104">
      <ele>393.7</ele>
    </trkpt>
    <trkpt lat="42.455694" lon="-2.456316">
      <ele>393.7</ele>
    </trkpt>
    <trkpt lat="42.455593" lon="-2.456527">
      <ele>393.8</ele>
    </trkpt>
    <trkpt lat="42.45547" lon="-2.456736">
      <ele>393.8</ele>
    </trkpt>
    <trkpt lat="42.455408" lon="-2.456863">
      <ele>393.9</ele>
    </trkpt>
    <trkpt lat="42.455405" lon="-2.456882">
      <ele>393.9</ele>
    </trkpt>
    <trkpt lat="42.455321" lon="-2.457565">
      <ele>394</ele>
    </trkpt>
    <trkpt lat="42.45534" lon="-2.457579">
      <ele>394</ele>
    </trkpt>
    <trkpt lat="42.455547" lon="-2.45773">
      <ele>394.1</ele>
    </trkpt>
    <trkpt lat="42.455645" lon="-2.457804">
      <ele>394.1</ele>
    </trkpt>
    <trkpt lat="42.455832" lon="-2.457969">
      <ele>394.2</ele>
    </trkpt>
    <trkpt lat="42.456128" lon="-2.457899">
      <ele>394.3</ele>
    </trkpt>
    <trkpt lat="42.456139" lon="-2.457951">
      <ele>394.3</ele>
    </trkpt>
    <trkpt lat="42.455907" lon="-2.458026">
      <ele>394.5</ele>
    </trkpt>
    <trkpt lat="42.455859" lon="-2.458189">
      <ele>394.5</ele>
    </trkpt>
    <trkpt lat="42.456084" lon="-2.459455">
      <ele>395.1</ele>
    </trkpt>
    <trkpt lat="42.456195" lon="-2.459533">
      <ele>395.2</ele>
    </trkpt>
    <trkpt lat="42.456383" lon="-2.459491">
      <ele>395.4</ele>
    </trkpt>
    <trkpt lat="42.456409" lon="-2.459621">
      <ele>395.4</ele>
    </trkpt>
    <trkpt lat="42.456525" lon="-2.460313">
      <ele>396</ele>
    </trkpt>
    <trkpt lat="42.456584" lon="-2.460503">
      <ele>396.1</ele>
    </trkpt>
    <trkpt lat="42.456648" lon="-2.460599">
      <ele>396.2</ele>
    </trkpt>
    <trkpt lat="42.45677" lon="-2.461318">
      <ele>396.8</ele>
    </trkpt>
    <trkpt lat="42.456723" lon="-2.461349">
      <ele>396.8</ele>
    </trkpt>
    <trkpt lat="42.456671" lon="-2.46138">
      <ele>396.9</ele>
    </trkpt>
    <trkpt lat="42.456684" lon="-2.461564">
      <ele>397.1</ele>
    </trkpt>
    <trkpt lat="42.456709" lon="-2.46179">
      <ele>397.3</ele>
    </trkpt>
    <trkpt lat="42.45673" lon="-2.461977">
      <ele>397.5</ele>
    </trkpt>
    <trkpt lat="42.456749" lon="-2.462155">
      <ele>397.7</ele>
    </trkpt>
    <trkpt lat="42.456757" lon="-2.462226">
      <ele>397.8</ele>
    </trkpt>
    <trkpt lat="42.456863" lon="-2.462952">
      <ele>398.7</ele>
    </trkpt>
    <trkpt lat="42.457091" lon="-2.46289">
      <ele>399.2</ele>
    </trkpt>
    <trkpt lat="42.457116" lon="-2.462941">
      <ele>399.3</ele>
    </trkpt>
    <trkpt lat="42.457142" lon="-2.463251">
      <ele>399.8</ele>
    </trkpt>
    <trkpt lat="42.45716" lon="-2.464314">
      <ele>402.1</ele>
    </trkpt>
    <trkpt lat="42.457189" lon="-2.465746">
      <ele>404.3</ele>
    </trkpt>
    <trkpt lat="42.45719" lon="-2.465874">
      <ele>404.3</ele>
    </trkpt>
    <trkpt lat="42.457189" lon="-2.465971">
      <ele>404.4</ele>
    </trkpt>
    <trkpt lat="42.457192" lon="-2.466212">
      <ele>404.4</ele>
    </trkpt>
    <trkpt lat="42.457167" lon="-2.466213">
      <ele>404.4</ele>
    </trkpt>
    <trkpt lat="42.456868" lon="-2.466227">
      <ele>404.3</ele>
    </trkpt>
    <trkpt lat="42.456412" lon="-2.466249">
      <ele>403.9</ele>
    </trkpt>
    <trkpt lat="42.456386" lon="-2.466272">
      <ele>403.9</ele>
    </trkpt>
    <trkpt lat="42.456402" lon="-2.467177">
      <ele>403</ele>
    </trkpt>
    <trkpt lat="42.456408" lon="-2.467516">
      <ele>402.8</ele>
    </trkpt>
    <trkpt lat="42.456437" lon="-2.469229">
      <ele>403.3</ele>
    </trkpt>
    <trkpt lat="42.456453" lon="-2.470144">
      <ele>403.7</ele>
    </trkpt>
    <trkpt lat="42.456458" lon="-2.470465">
      <ele>403.9</ele>
    </trkpt>
    <trkpt lat="42.456481" lon="-2.471685">
      <ele>404.9</ele>
    </trkpt>
    <trkpt lat="42.456767" lon="-2.472217">
      <ele>405.8</ele>
    </trkpt>
    <trkpt lat="42.45696" lon="-2.472308">
      <ele>406.2</ele>
    </trkpt>
    <trkpt lat="42.456993" lon="-2.472322">
      <ele>406.3</ele>
    </trkpt>
    <trkpt lat="42.457065" lon="-2.472352">
      <ele>406.4</ele>
    </trkpt>
    <trkpt lat="42.457238" lon="-2.472262">
      <ele>406.8</ele>
    </trkpt>
    <trkpt lat="42.457295" lon="-2.472288">
      <ele>406.9</ele>
    </trkpt>
    <trkpt lat="42.457279" lon="-2.472346">
      <ele>407</ele>
    </trkpt>
    <trkpt lat="42.457222" lon="-2.47256">
      <ele>407.2</ele>
    </trkpt>
    <trkpt lat="42.457299" lon="-2.472692">
      <ele>407.4</ele>
    </trkpt>
    <trkpt lat="42.457288" lon="-2.472805">
      <ele>407.5</ele>
    </trkpt>
    <trkpt lat="42.457431" lon="-2.472876">
      <ele>407.7</ele>
    </trkpt>
    <trkpt lat="42.458214" lon="-2.473267">
      <ele>407.7</ele>
    </trkpt>
    <trkpt lat="42.458475" lon="-2.473409">
      <ele>407.3</ele>
    </trkpt>
    <trkpt lat="42.459227" lon="-2.473763">
      <ele>405.6</ele>
    </trkpt>
    <trkpt lat="42.46051" lon="-2.4743">
      <ele>403.6</ele>
    </trkpt>
    <trkpt lat="42.460377" lon="-2.474887">
      <ele>403.6</ele>
    </trkpt>
    <trkpt lat="42.460508" lon="-2.474941">
      <ele>403.5</ele>
    </trkpt>
    <trkpt lat="42.46126" lon="-2.475256">
      <ele>404.2</ele>
    </trkpt>
    <trkpt lat="42.461364" lon="-2.475259">
      <ele>404.3</ele>
    </trkpt>
    <trkpt lat="42.461411" lon="-2.475316">
      <ele>404.4</ele>
    </trkpt>
    <trkpt lat="42.461438" lon="-2.475301">
      <ele>404.5</ele>
    </trkpt>
    <trkpt lat="42.46152" lon="-2.475333">
      <ele>404.7</ele>
    </trkpt>
    <trkpt lat="42.461538" lon="-2.475365">
      <ele>404.7</ele>
    </trkpt>
    <trkpt lat="42.4617" lon="-2.475322">
      <ele>405.1</ele>
    </trkpt>
    <trkpt lat="42.462075" lon="-2.475221">
      <ele>406.2</ele>
    </trkpt>
    <trkpt lat="42.462179" lon="-2.475169">
      <ele>406.5</ele>
    </trkpt>
    <trkpt lat="42.462385" lon="-2.475118">
      <ele>407.3</ele>
    </trkpt>
    <trkpt lat="42.462528" lon="-2.475129">
      <ele>407.8</ele>
    </trkpt>
    <trkpt lat="42.46286" lon="-2.475269">
      <ele>409.5</ele>
    </trkpt>
    <trkpt lat="42.462885" lon="-2.475135">
      <ele>410</ele>
    </trkpt>
    <trkpt lat="42.462958" lon="-2.475167">
      <ele>410.4</ele>
    </trkpt>
    <trkpt lat="42.462978" lon="-2.475221">
      <ele>410.6</ele>
    </trkpt>
    <trkpt lat="42.46377" lon="-2.475583">
      <ele>414.4</ele>
    </trkpt>
    <trkpt lat="42.463905" lon="-2.475475">
      <ele>415.1</ele>
    </trkpt>
    <trkpt lat="42.463998" lon="-2.475436">
      <ele>415.5</ele>
    </trkpt>
    <trkpt lat="42.464058" lon="-2.47536">
      <ele>415.8</ele>
    </trkpt>
    <trkpt lat="42.464095" lon="-2.475367">
      <ele>416</ele>
    </trkpt>
    <trkpt lat="42.46419" lon="-2.475407">
      <ele>416.4</ele>
    </trkpt>
    <trkpt lat="42.464229" lon="-2.475425">
      <ele>416.6</ele>
    </trkpt>
    <trkpt lat="42.464257" lon="-2.475541">
      <ele>417</ele>
    </trkpt>
    <trkpt lat="42.464314" lon="-2.475637">
      <ele>417.4</ele>
    </trkpt>
    <trkpt lat="42.464377" lon="-2.475711">
      <ele>417.7</ele>
    </trkpt>
    <trkpt lat="42.464449" lon="-2.475711">
      <ele>418.1</ele>
    </trkpt>
    <trkpt lat="42.464458" lon="-2.475791">
      <ele>418.3</ele>
    </trkpt>
    <trkpt lat="42.464459" lon="-2.475894">
      <ele>418.7</ele>
    </trkpt>
    <trkpt lat="42.464469" lon="-2.475962">
      <ele>418.9</ele>
    </trkpt>
    <trkpt lat="42.4651" lon="-2.475944">
      <ele>421.8</ele>
    </trkpt>
    <trkpt lat="42.465609" lon="-2.475929">
      <ele>424.1</ele>
    </trkpt>
    <trkpt lat="42.46569" lon="-2.475927">
      <ele>424.4</ele>
    </trkpt>
    <trkpt lat="42.465754" lon="-2.476">
      <ele>424.7</ele>
    </trkpt>
    <trkpt lat="42.465799" lon="-2.476002">
      <ele>424.9</ele>
    </trkpt>
    <trkpt lat="42.465806" lon="-2.476704">
      <ele>426.7</ele>
    </trkpt>
    <trkpt lat="42.465807" lon="-2.476833">
      <ele>427</ele>
    </trkpt>
    <trkpt lat="42.465814" lon="-2.477533">
      <ele>427.9</ele>
    </trkpt>
    <trkpt lat="42.465833" lon="-2.477684">
      <ele>427.9</ele>
    </trkpt>
    <trkpt lat="42.465976" lon="-2.478186">
      <ele>428.1</ele>
    </trkpt>
    <trkpt lat="42.466176" lon="-2.478547">
      <ele>428</ele>
    </trkpt>
    <trkpt lat="42.466419" lon="-2.478846">
      <ele>427.9</ele>
    </trkpt>
    <trkpt lat="42.466483" lon="-2.478979">
      <ele>427.9</ele>
    </trkpt>
    <trkpt lat="42.46668" lon="-2.479676">
      <ele>427.6</ele>
    </trkpt>
    <trkpt lat="42.46684" lon="-2.480478">
      <ele>427.5</ele>
    </trkpt>
    <trkpt lat="42.466938" lon="-2.480768">
      <ele>427.6</ele>
    </trkpt>
    <trkpt lat="42.467085" lon="-2.482098">
      <ele>428.2</ele>
    </trkpt>
    <trkpt lat="42.467158" lon="-2.482428">
      <ele>428.2</ele>
    </trkpt>
    <trkpt lat="42.46725" lon="-2.482644">
      <ele>428.2</ele>
    </trkpt>
    <trkpt lat="42.467698" lon="-2.483343">
      <ele>427.6</ele>
    </trkpt>
    <trkpt lat="42.467856" lon="-2.483635">
      <ele>427.2</ele>
    </trkpt>
    <trkpt lat="42.468173" lon="-2.484646">
      <ele>426.2</ele>
    </trkpt>
    <trkpt lat="42.468522" lon="-2.485189">
      <ele>426</ele>
    </trkpt>
    <trkpt lat="42.468795" lon="-2.485666">
      <ele>426.3</ele>
    </trkpt>
    <trkpt lat="42.468893" lon="-2.485721">
      <ele>426.4</ele>
    </trkpt>
    <trkpt lat="42.469029" lon="-2.487555">
      <ele>428.8</ele>
    </trkpt>
    <trkpt lat="42.469141" lon="-2.488107">
      <ele>429.5</ele>
    </trkpt>
    <trkpt lat="42.469307" lon="-2.489051">
      <ele>430.9</ele>
    </trkpt>
    <trkpt lat="42.46931" lon="-2.48913">
      <ele>431</ele>
    </trkpt>
    <trkpt lat="42.469324" lon="-2.489479">
      <ele>431.6</ele>
    </trkpt>
    <trkpt lat="42.469276" lon="-2.490472">
      <ele>433.5</ele>
    </trkpt>
    <trkpt lat="42.46916" lon="-2.492915">
      <ele>441.4</ele>
    </trkpt>
    <trkpt lat="42.469448" lon="-2.492891">
      <ele>443.5</ele>
    </trkpt>
    <trkpt lat="42.469548" lon="-2.492917">
      <ele>444.3</ele>
    </trkpt>
    <trkpt lat="42.469615" lon="-2.492971">
      <ele>444.9</ele>
    </trkpt>
    <trkpt lat="42.469825" lon="-2.493352">
      <ele>447.8</ele>
    </trkpt>
    <trkpt lat="42.469991" lon="-2.49355">
      <ele>449.8</ele>
    </trkpt>
    <trkpt lat="42.470178" lon="-2.493901">
      <ele>452.8</ele>
    </trkpt>
    <trkpt lat="42.470405" lon="-2.494523">
      <ele>457.7</ele>
    </trkpt>
    <trkpt lat="42.470519" lon="-2.494784">
      <ele>459.9</ele>
    </trkpt>
    <trkpt lat="42.47061" lon="-2.494894">
      <ele>461</ele>
    </trkpt>
    <trkpt lat="42.470726" lon="-2.494933">
      <ele>462.1</ele>
    </trkpt>
    <trkpt lat="42.470742" lon="-2.494932">
      <ele>462.3</ele>
    </trkpt>
    <trkpt lat="42.470867" lon="-2.494922">
      <ele>463.5</ele>
    </trkpt>
    <trkpt lat="42.471506" lon="-2.494652">
      <ele>468.6</ele>
    </trkpt>
    <trkpt lat="42.471668" lon="-2.494644">
      <ele>469</ele>
    </trkpt>
    <trkpt lat="42.471789" lon="-2.494677">
      <ele>469.2</ele>
    </trkpt>
    <trkpt lat="42.471838" lon="-2.494646">
      <ele>469.3</ele>
    </trkpt>
    <trkpt lat="42.472051" lon="-2.494647">
      <ele>469.4</ele>
    </trkpt>
    <trkpt lat="42.472183" lon="-2.494899">
      <ele>469.1</ele>
    </trkpt>
    <trkpt lat="42.472204" lon="-2.495019">
      <ele>468.9</ele>
    </trkpt>
    <trkpt lat="42.4723" lon="-2.495216">
      <ele>468.3</ele>
    </trkpt>
    <trkpt lat="42.472313" lon="-2.49525">
      <ele>468.2</ele>
    </trkpt>
    <trkpt lat="42.472348" lon="-2.49539">
      <ele>467.7</ele>
    </trkpt>
    <trkpt lat="42.472488" lon="-2.495637">
      <ele>466.4</ele>
    </trkpt>
    <trkpt lat="42.472558" lon="-2.495847">
      <ele>465</ele>
    </trkpt>
    <trkpt lat="42.47263" lon="-2.495925">
      <ele>464.1</ele>
    </trkpt>
    <trkpt lat="42.472761" lon="-2.495982">
      <ele>462.6</ele>
    </trkpt>
    <trkpt lat="42.473041" lon="-2.495946">
      <ele>459.8</ele>
    </trkpt>
    <trkpt lat="42.473102" lon="-2.495913">
      <ele>459.2</ele>
    </trkpt>
    <trkpt lat="42.47329" lon="-2.495968">
      <ele>457.8</ele>
    </trkpt>
    <trkpt lat="42.473353" lon="-2.496042">
      <ele>457.2</ele>
    </trkpt>
    <trkpt lat="42.47341" lon="-2.496037">
      <ele>456.8</ele>
    </trkpt>
    <trkpt lat="42.473541" lon="-2.496043">
      <ele>456.1</ele>
    </trkpt>
    <trkpt lat="42.473974" lon="-2.496207">
      <ele>453.9</ele>
    </trkpt>
    <trkpt lat="42.47401" lon="-2.496409">
      <ele>453.4</ele>
    </trkpt>
    <trkpt lat="42.474155" lon="-2.49691">
      <ele>452.4</ele>
    </trkpt>
    <trkpt lat="42.474369" lon="-2.497369">
      <ele>452.6</ele>
    </trkpt>
    <trkpt lat="42.474466" lon="-2.497497">
      <ele>452.9</ele>
    </trkpt>
    <trkpt lat="42.474619" lon="-2.497602">
      <ele>453.4</ele>
    </trkpt>
    <trkpt lat="42.475273" lon="-2.49826">
      <ele>456</ele>
    </trkpt>
    <trkpt lat="42.475565" lon="-2.498416">
      <ele>457.1</ele>
    </trkpt>
    <trkpt lat="42.47716" lon="-2.499124">
      <ele>462.7</ele>
    </trkpt>
    <trkpt lat="42.477264" lon="-2.49921">
      <ele>463.1</ele>
    </trkpt>
    <trkpt lat="42.477643" lon="-2.49971">
      <ele>464.6</ele>
    </trkpt>
    <trkpt lat="42.477871" lon="-2.499931">
      <ele>465.4</ele>
    </trkpt>
    <trkpt lat="42.478057" lon="-2.500048">
      <ele>466</ele>
    </trkpt>
    <trkpt lat="42.478254" lon="-2.500129">
      <ele>466.7</ele>
    </trkpt>
    <trkpt lat="42.47845" lon="-2.500156">
      <ele>467.4</ele>
    </trkpt>
    <trkpt lat="42.47899" lon="-2.50014">
      <ele>469.8</ele>
    </trkpt>
    <trkpt lat="42.479454" lon="-2.500187">
      <ele>472.3</ele>
    </trkpt>
    <trkpt lat="42.479567" lon="-2.500226">
      <ele>473</ele>
    </trkpt>
    <trkpt lat="42.479661" lon="-2.500308">
      <ele>473.7</ele>
    </trkpt>
    <trkpt lat="42.479751" lon="-2.500451">
      <ele>474.4</ele>
    </trkpt>
    <trkpt lat="42.479976" lon="-2.50088">
      <ele>476.4</ele>
    </trkpt>
    <trkpt lat="42.480131" lon="-2.501095">
      <ele>477.6</ele>
    </trkpt>
    <trkpt lat="42.480295" lon="-2.50115">
      <ele>478.6</ele>
    </trkpt>
    <trkpt lat="42.480725" lon="-2.501069">
      <ele>481.6</ele>
    </trkpt>
    <trkpt lat="42.480788" lon="-2.501026">
      <ele>482</ele>
    </trkpt>
    <trkpt lat="42.480902" lon="-2.500874">
      <ele>483</ele>
    </trkpt>
    <trkpt lat="42.480984" lon="-2.500834">
      <ele>483.5</ele>
    </trkpt>
    <trkpt lat="42.481048" lon="-2.500842">
      <ele>483.9</ele>
    </trkpt>
    <trkpt lat="42.481082" lon="-2.500878">
      <ele>484.2</ele>
    </trkpt>
    <trkpt lat="42.48122" lon="-2.501171">
      <ele>485.5</ele>
    </trkpt>
    <trkpt lat="42.481363" lon="-2.501315">
      <ele>486.5</ele>
    </trkpt>
    <trkpt lat="42.481882" lon="-2.501563">
      <ele>489.7</ele>
    </trkpt>
    <trkpt lat="42.482109" lon="-2.501747">
      <ele>491.4</ele>
    </trkpt>
    <trkpt lat="42.482236" lon="-2.501775">
      <ele>492.1</ele>
    </trkpt>
    <trkpt lat="42.482422" lon="-2.501765">
      <ele>493.1</ele>
    </trkpt>
    <trkpt lat="42.482945" lon="-2.501692">
      <ele>495.5</ele>
    </trkpt>
    <trkpt lat="42.483025" lon="-2.501721">
      <ele>495.8</ele>
    </trkpt>
    <trkpt lat="42.483199" lon="-2.501887">
      <ele>496.6</ele>
    </trkpt>
    <trkpt lat="42.483424" lon="-2.501985">
      <ele>497.3</ele>
    </trkpt>
    <trkpt lat="42.483656" lon="-2.50212">
      <ele>497.9</ele>
    </trkpt>
    <trkpt lat="42.483891" lon="-2.502257">
      <ele>498.3</ele>
    </trkpt>
    <trkpt lat="42.484478" lon="-2.502845">
      <ele>499.5</ele>
    </trkpt>
    <trkpt lat="42.48455" lon="-2.502948">
      <ele>499.9</ele>
    </trkpt>
    <trkpt lat="42.484585" lon="-2.503134">
      <ele>500.5</ele>
    </trkpt>
    <trkpt lat="42.484594" lon="-2.503449">
      <ele>502</ele>
    </trkpt>
    <trkpt lat="42.484568" lon="-2.503938">
      <ele>505.3</ele>
    </trkpt>
    <trkpt lat="42.484588" lon="-2.50408">
      <ele>506.5</ele>
    </trkpt>
    <trkpt lat="42.484525" lon="-2.504084">
      <ele>507.2</ele>
    </trkpt>
    <trkpt lat="42.484529" lon="-2.504157">
      <ele>507.9</ele>
    </trkpt>
    <trkpt lat="42.484493" lon="-2.504272">
      <ele>509.1</ele>
    </trkpt>
    <trkpt lat="42.484374" lon="-2.504337">
      <ele>510.9</ele>
    </trkpt>
    <trkpt lat="42.484344" lon="-2.504404">
      <ele>511.8</ele>
    </trkpt>
    <trkpt lat="42.484227" lon="-2.504495">
      <ele>513.8</ele>
    </trkpt>
    <trkpt lat="42.484228" lon="-2.504672">
      <ele>515.8</ele>
    </trkpt>
    <trkpt lat="42.484184" lon="-2.5048">
      <ele>517.4</ele>
    </trkpt>
    <trkpt lat="42.484193" lon="-2.50495">
      <ele>519.1</ele>
    </trkpt>
    <trkpt lat="42.484241" lon="-2.505174">
      <ele>521.6</ele>
    </trkpt>
    <trkpt lat="42.48422" lon="-2.505361">
      <ele>523.6</ele>
    </trkpt>
    <trkpt lat="42.484174" lon="-2.505463">
      <ele>524.7</ele>
    </trkpt>
    <trkpt lat="42.484265" lon="-2.50569">
      <ele>526.6</ele>
    </trkpt>
    <trkpt lat="42.484244" lon="-2.505887">
      <ele>527.6</ele>
    </trkpt>
    <trkpt lat="42.484229" lon="-2.505957">
      <ele>527.9</ele>
    </trkpt>
    <trkpt lat="42.484172" lon="-2.506002">
      <ele>528.2</ele>
    </trkpt>
    <trkpt lat="42.484201" lon="-2.506105">
      <ele>528.5</ele>
    </trkpt>
    <trkpt lat="42.484252" lon="-2.506318">
      <ele>528.7</ele>
    </trkpt>
    <trkpt lat="42.484201" lon="-2.506105">
      <ele>528.5</ele>
    </trkpt>
    <trkpt lat="42.484172" lon="-2.506002">
      <ele>528.2</ele>
    </trkpt>
    <trkpt lat="42.484229" lon="-2.505957">
      <ele>527.9</ele>
    </trkpt>
    <trkpt lat="42.484244" lon="-2.505887">
      <ele>527.6</ele>
    </trkpt>
    <trkpt lat="42.484265" lon="-2.50569">
      <ele>526.6</ele>
    </trkpt>
    <trkpt lat="42.484174" lon="-2.505463">
      <ele>524.7</ele>
    </trkpt>
    <trkpt lat="42.48422" lon="-2.505361">
      <ele>523.6</ele>
    </trkpt>
    <trkpt lat="42.484241" lon="-2.505174">
      <ele>521.7</ele>
    </trkpt>
    <trkpt lat="42.484193" lon="-2.50495">
      <ele>519.3</ele>
    </trkpt>
    <trkpt lat="42.484184" lon="-2.5048">
      <ele>517.8</ele>
    </trkpt>
    <trkpt lat="42.484228" lon="-2.504672">
      <ele>516.2</ele>
    </trkpt>
    <trkpt lat="42.484227" lon="-2.504495">
      <ele>514.3</ele>
    </trkpt>
    <trkpt lat="42.484344" lon="-2.504404">
      <ele>512.4</ele>
    </trkpt>
    <trkpt lat="42.484374" lon="-2.504337">
      <ele>511.5</ele>
    </trkpt>
    <trkpt lat="42.484493" lon="-2.504272">
      <ele>509.8</ele>
    </trkpt>
    <trkpt lat="42.484529" lon="-2.504157">
      <ele>508.6</ele>
    </trkpt>
    <trkpt lat="42.484525" lon="-2.504084">
      <ele>507.9</ele>
    </trkpt>
    <trkpt lat="42.484588" lon="-2.50408">
      <ele>507.2</ele>
    </trkpt>
    <trkpt lat="42.484628" lon="-2.504286">
      <ele>505.4</ele>
    </trkpt>
    <trkpt lat="42.484755" lon="-2.504606">
      <ele>502.9</ele>
    </trkpt>
    <trkpt lat="42.484938" lon="-2.504849">
      <ele>501.1</ele>
    </trkpt>
    <trkpt lat="42.485065" lon="-2.505093">
      <ele>500.1</ele>
    </trkpt>
    <trkpt lat="42.485259" lon="-2.507374">
      <ele>499.1</ele>
    </trkpt>
    <trkpt lat="42.485293" lon="-2.507512">
      <ele>498.9</ele>
    </trkpt>
    <trkpt lat="42.485356" lon="-2.507693">
      <ele>498.6</ele>
    </trkpt>
    <trkpt lat="42.485529" lon="-2.508189">
      <ele>497.5</ele>
    </trkpt>
    <trkpt lat="42.485677" lon="-2.508387">
      <ele>496.8</ele>
    </trkpt>
    <trkpt lat="42.485744" lon="-2.508525">
      <ele>496.4</ele>
    </trkpt>
    <trkpt lat="42.485851" lon="-2.508897">
      <ele>495.3</ele>
    </trkpt>
    <trkpt lat="42.485945" lon="-2.509133">
      <ele>494.5</ele>
    </trkpt>
    <trkpt lat="42.486153" lon="-2.509439">
      <ele>493.4</ele>
    </trkpt>
    <trkpt lat="42.486034" lon="-2.5101">
      <ele>493</ele>
    </trkpt>
    <trkpt lat="42.486051" lon="-2.51042">
      <ele>493.7</ele>
    </trkpt>
    <trkpt lat="42.486035" lon="-2.510776">
      <ele>495.2</ele>
    </trkpt>
    <trkpt lat="42.485951" lon="-2.51069">
      <ele>496</ele>
    </trkpt>
    <trkpt lat="42.485743" lon="-2.510623">
      <ele>497.8</ele>
    </trkpt>
    <trkpt lat="42.485555" lon="-2.510243">
      <ele>501.3</ele>
    </trkpt>
    <trkpt lat="42.485505" lon="-2.509988">
      <ele>503.5</ele>
    </trkpt>
    <trkpt lat="42.485443" lon="-2.509859">
      <ele>505</ele>
    </trkpt>
    <trkpt lat="42.48516" lon="-2.50964">
      <ele>509.4</ele>
    </trkpt>
    <trkpt lat="42.484066" lon="-2.508252">
      <ele>525.9</ele>
    </trkpt>
    <trkpt lat="42.483917" lon="-2.508149">
      <ele>527.1</ele>
    </trkpt>
    <trkpt lat="42.483722" lon="-2.508195">
      <ele>528.4</ele>
    </trkpt>
    <trkpt lat="42.483391" lon="-2.508398">
      <ele>530.4</ele>
    </trkpt>
    <trkpt lat="42.483059" lon="-2.508776">
      <ele>532.2</ele>
    </trkpt>
    <trkpt lat="42.482941" lon="-2.508871">
      <ele>532.6</ele>
    </trkpt>
    <trkpt lat="42.482828" lon="-2.508962">
      <ele>533</ele>
    </trkpt>
    <trkpt lat="42.482405" lon="-2.50919">
      <ele>534.1</ele>
    </trkpt>
    <trkpt lat="42.482182" lon="-2.509227">
      <ele>534.5</ele>
    </trkpt>
    <trkpt lat="42.481956" lon="-2.509188">
      <ele>534.8</ele>
    </trkpt>
    <trkpt lat="42.481122" lon="-2.50876">
      <ele>535.7</ele>
    </trkpt>
    <trkpt lat="42.481035" lon="-2.508726">
      <ele>535.8</ele>
    </trkpt>
    <trkpt lat="42.480972" lon="-2.508702">
      <ele>535.9</ele>
    </trkpt>
    <trkpt lat="42.480866" lon="-2.508654">
      <ele>535.9</ele>
    </trkpt>
    <trkpt lat="42.480764" lon="-2.50865">
      <ele>536</ele>
    </trkpt>
    <trkpt lat="42.480139" lon="-2.508701">
      <ele>536</ele>
    </trkpt>
    <trkpt lat="42.480025" lon="-2.508631">
      <ele>535.9</ele>
    </trkpt>
    <trkpt lat="42.47947" lon="-2.508731">
      <ele>534.8</ele>
    </trkpt>
    <trkpt lat="42.478892" lon="-2.508685">
      <ele>531.3</ele>
    </trkpt>
    <trkpt lat="42.47855" lon="-2.508793">
      <ele>528.7</ele>
    </trkpt>
    <trkpt lat="42.478441" lon="-2.508756">
      <ele>527.8</ele>
    </trkpt>
    <trkpt lat="42.478272" lon="-2.508515">
      <ele>525.6</ele>
    </trkpt>
    <trkpt lat="42.478192" lon="-2.50846">
      <ele>524.7</ele>
    </trkpt>
    <trkpt lat="42.478136" lon="-2.508457">
      <ele>524.2</ele>
    </trkpt>
    <trkpt lat="42.477934" lon="-2.508467">
      <ele>522.1</ele>
    </trkpt>
    <trkpt lat="42.477657" lon="-2.508576">
      <ele>518.7</ele>
    </trkpt>
    <trkpt lat="42.477578" lon="-2.508566">
      <ele>517.7</ele>
    </trkpt>
    <trkpt lat="42.477502" lon="-2.508557">
      <ele>516.7</ele>
    </trkpt>
    <trkpt lat="42.477297" lon="-2.508454">
      <ele>513.8</ele>
    </trkpt>
    <trkpt lat="42.47687" lon="-2.50851">
      <ele>508.2</ele>
    </trkpt>
    <trkpt lat="42.476548" lon="-2.508483">
      <ele>503.7</ele>
    </trkpt>
    <trkpt lat="42.476099" lon="-2.508241">
      <ele>496.7</ele>
    </trkpt>
    <trkpt lat="42.475924" lon="-2.508166">
      <ele>494.2</ele>
    </trkpt>
    <trkpt lat="42.475726" lon="-2.508124">
      <ele>491.6</ele>
    </trkpt>
    <trkpt lat="42.475579" lon="-2.508085">
      <ele>489.7</ele>
    </trkpt>
    <trkpt lat="42.474849" lon="-2.507176">
      <ele>479.5</ele>
    </trkpt>
    <trkpt lat="42.474674" lon="-2.506769">
      <ele>476.9</ele>
    </trkpt>
    <trkpt lat="42.474474" lon="-2.506483">
      <ele>475</ele>
    </trkpt>
    <trkpt lat="42.474381" lon="-2.506212">
      <ele>473.8</ele>
    </trkpt>
    <trkpt lat="42.474268" lon="-2.505968">
      <ele>472.8</ele>
    </trkpt>
    <trkpt lat="42.47412" lon="-2.505793">
      <ele>472</ele>
    </trkpt>
    <trkpt lat="42.473946" lon="-2.505692">
      <ele>471.4</ele>
    </trkpt>
    <trkpt lat="42.47363" lon="-2.505765">
      <ele>470.6</ele>
    </trkpt>
    <trkpt lat="42.473469" lon="-2.505739">
      <ele>470.4</ele>
    </trkpt>
    <trkpt lat="42.473337" lon="-2.505779">
      <ele>470.2</ele>
    </trkpt>
    <trkpt lat="42.472894" lon="-2.50598">
      <ele>469.7</ele>
    </trkpt>
    <trkpt lat="42.472626" lon="-2.50615">
      <ele>469.3</ele>
    </trkpt>
    <trkpt lat="42.472447" lon="-2.506143">
      <ele>469.1</ele>
    </trkpt>
    <trkpt lat="42.472304" lon="-2.506081">
      <ele>468.9</ele>
    </trkpt>
    <trkpt lat="42.472225" lon="-2.506">
      <ele>468.8</ele>
    </trkpt>
    <trkpt lat="42.472048" lon="-2.505599">
      <ele>468.5</ele>
    </trkpt>
    <trkpt lat="42.471988" lon="-2.505541">
      <ele>468.5</ele>
    </trkpt>
    <trkpt lat="42.471921" lon="-2.505476">
      <ele>468.4</ele>
    </trkpt>
    <trkpt lat="42.471776" lon="-2.505457">
      <ele>468.4</ele>
    </trkpt>
    <trkpt lat="42.471627" lon="-2.505476">
      <ele>468.4</ele>
    </trkpt>
    <trkpt lat="42.47144" lon="-2.505488">
      <ele>468.5</ele>
    </trkpt>
    <trkpt lat="42.470843" lon="-2.505375">
      <ele>469.7</ele>
    </trkpt>
    <trkpt lat="42.470246" lon="-2.505168">
      <ele>472</ele>
    </trkpt>
    <trkpt lat="42.469632" lon="-2.504646">
      <ele>474.6</ele>
    </trkpt>
    <trkpt lat="42.468865" lon="-2.503622">
      <ele>477.6</ele>
    </trkpt>
    <trkpt lat="42.468646" lon="-2.503406">
      <ele>478.1</ele>
    </trkpt>
    <trkpt lat="42.468191" lon="-2.503571">
      <ele>478.7</ele>
    </trkpt>
    <trkpt lat="42.466746" lon="-2.503733">
      <ele>479.3</ele>
    </trkpt>
    <trkpt lat="42.466289" lon="-2.503658">
      <ele>479.1</ele>
    </trkpt>
    <trkpt lat="42.465756" lon="-2.503703">
      <ele>478.2</ele>
    </trkpt>
    <trkpt lat="42.465501" lon="-2.503274">
      <ele>476.7</ele>
    </trkpt>
    <trkpt lat="42.465261" lon="-2.503017">
      <ele>475.2</ele>
    </trkpt>
    <trkpt lat="42.4645" lon="-2.503215">
      <ele>469.6</ele>
    </trkpt>
    <trkpt lat="42.464258" lon="-2.502672">
      <ele>465.8</ele>
    </trkpt>
    <trkpt lat="42.464253" lon="-2.502074">
      <ele>462.5</ele>
    </trkpt>
    <trkpt lat="42.464003" lon="-2.50104">
      <ele>458.6</ele>
    </trkpt>
    <trkpt lat="42.464024" lon="-2.500432">
      <ele>457.7</ele>
    </trkpt>
    <trkpt lat="42.46393" lon="-2.499565">
      <ele>457.2</ele>
    </trkpt>
    <trkpt lat="42.464007" lon="-2.499366">
      <ele>457.2</ele>
    </trkpt>
    <trkpt lat="42.463997" lon="-2.49889">
      <ele>457.4</ele>
    </trkpt>
    <trkpt lat="42.46405" lon="-2.498605">
      <ele>457.6</ele>
    </trkpt>
    <trkpt lat="42.464073" lon="-2.498273">
      <ele>457.6</ele>
    </trkpt>
    <trkpt lat="42.46408" lon="-2.498245">
      <ele>457.6</ele>
    </trkpt>
    <trkpt lat="42.464073" lon="-2.498273">
      <ele>457.6</ele>
    </trkpt>
    <trkpt lat="42.46405" lon="-2.498605">
      <ele>457.6</ele>
    </trkpt>
    <trkpt lat="42.463997" lon="-2.49889">
      <ele>457.4</ele>
    </trkpt>
    <trkpt lat="42.464007" lon="-2.499366">
      <ele>457.2</ele>
    </trkpt>
    <trkpt lat="42.46393" lon="-2.499565">
      <ele>457.2</ele>
    </trkpt>
    <trkpt lat="42.464024" lon="-2.500432">
      <ele>457.7</ele>
    </trkpt>
    <trkpt lat="42.464003" lon="-2.50104">
      <ele>458.6</ele>
    </trkpt>
    <trkpt lat="42.464253" lon="-2.502074">
      <ele>462.6</ele>
    </trkpt>
    <trkpt lat="42.464258" lon="-2.502672">
      <ele>465.6</ele>
    </trkpt>
    <trkpt lat="42.4645" lon="-2.503215">
      <ele>468.7</ele>
    </trkpt>
    <trkpt lat="42.46455" lon="-2.503395">
      <ele>469.6</ele>
    </trkpt>
    <trkpt lat="42.464633" lon="-2.503423">
      <ele>470.2</ele>
    </trkpt>
    <trkpt lat="42.464621" lon="-2.503809">
      <ele>472.1</ele>
    </trkpt>
    <trkpt lat="42.464411" lon="-2.504122">
      <ele>474.1</ele>
    </trkpt>
    <trkpt lat="42.464385" lon="-2.50472">
      <ele>476.9</ele>
    </trkpt>
    <trkpt lat="42.46434" lon="-2.505173">
      <ele>478.8</ele>
    </trkpt>
    <trkpt lat="42.464352" lon="-2.505381">
      <ele>479.8</ele>
    </trkpt>
    <trkpt lat="42.464269" lon="-2.505842">
      <ele>482.1</ele>
    </trkpt>
    <trkpt lat="42.464269" lon="-2.506035">
      <ele>483</ele>
    </trkpt>
    <trkpt lat="42.464222" lon="-2.506285">
      <ele>484.3</ele>
    </trkpt>
    <trkpt lat="42.464257" lon="-2.506496">
      <ele>485.3</ele>
    </trkpt>
    <trkpt lat="42.464413" lon="-2.506902">
      <ele>487.5</ele>
    </trkpt>
    <trkpt lat="42.464446" lon="-2.507108">
      <ele>488.5</ele>
    </trkpt>
    <trkpt lat="42.464419" lon="-2.50731">
      <ele>489.5</ele>
    </trkpt>
    <trkpt lat="42.464377" lon="-2.507388">
      <ele>490</ele>
    </trkpt>
    <trkpt lat="42.464398" lon="-2.507472">
      <ele>490.5</ele>
    </trkpt>
    <trkpt lat="42.464343" lon="-2.507711">
      <ele>491.8</ele>
    </trkpt>
    <trkpt lat="42.464315" lon="-2.508158">
      <ele>494.4</ele>
    </trkpt>
    <trkpt lat="42.464327" lon="-2.508284">
      <ele>495.1</ele>
    </trkpt>
    <trkpt lat="42.464325" lon="-2.508302">
      <ele>495.3</ele>
    </trkpt>
    <trkpt lat="42.464296" lon="-2.50859">
      <ele>497.1</ele>
    </trkpt>
    <trkpt lat="42.464234" lon="-2.508731">
      <ele>498.2</ele>
    </trkpt>
    <trkpt lat="42.464146" lon="-2.508718">
      <ele>499.1</ele>
    </trkpt>
    <trkpt lat="42.464122" lon="-2.508756">
      <ele>499.4</ele>
    </trkpt>
    <trkpt lat="42.464065" lon="-2.509019">
      <ele>501.5</ele>
    </trkpt>
    <trkpt lat="42.463983" lon="-2.509235">
      <ele>503.4</ele>
    </trkpt>
    <trkpt lat="42.463883" lon="-2.509442">
      <ele>505.4</ele>
    </trkpt>
    <trkpt lat="42.463639" lon="-2.509797">
      <ele>509.5</ele>
    </trkpt>
    <trkpt lat="42.463653" lon="-2.509858">
      <ele>510.1</ele>
    </trkpt>
    <trkpt lat="42.463694" lon="-2.509903">
      <ele>510.7</ele>
    </trkpt>
    <trkpt lat="42.463879" lon="-2.509913">
      <ele>512.8</ele>
    </trkpt>
    <trkpt lat="42.463903" lon="-2.509977">
      <ele>513.4</ele>
    </trkpt>
    <trkpt lat="42.46373" lon="-2.510166">
      <ele>515.9</ele>
    </trkpt>
    <trkpt lat="42.463638" lon="-2.510319">
      <ele>517.6</ele>
    </trkpt>
    <trkpt lat="42.463589" lon="-2.510466">
      <ele>518.9</ele>
    </trkpt>
    <trkpt lat="42.463678" lon="-2.510703">
      <ele>521.2</ele>
    </trkpt>
    <trkpt lat="42.463656" lon="-2.510782">
      <ele>521.9</ele>
    </trkpt>
    <trkpt lat="42.46363" lon="-2.510852">
      <ele>522.5</ele>
    </trkpt>
    <trkpt lat="42.463532" lon="-2.510918">
      <ele>523.7</ele>
    </trkpt>
    <trkpt lat="42.463428" lon="-2.511074">
      <ele>525.2</ele>
    </trkpt>
    <trkpt lat="42.463466" lon="-2.511278">
      <ele>526.7</ele>
    </trkpt>
    <trkpt lat="42.463628" lon="-2.511639">
      <ele>529.1</ele>
    </trkpt>
    <trkpt lat="42.463601" lon="-2.511752">
      <ele>529.7</ele>
    </trkpt>
    <trkpt lat="42.463636" lon="-2.511884">
      <ele>530.6</ele>
    </trkpt>
    <trkpt lat="42.463644" lon="-2.512126">
      <ele>531.8</ele>
    </trkpt>
    <trkpt lat="42.463597" lon="-2.512213">
      <ele>532.4</ele>
    </trkpt>
    <trkpt lat="42.463583" lon="-2.512302">
      <ele>532.7</ele>
    </trkpt>
    <trkpt lat="42.463385" lon="-2.512443">
      <ele>533.8</ele>
    </trkpt>
    <trkpt lat="42.463247" lon="-2.512748">
      <ele>534.7</ele>
    </trkpt>
    <trkpt lat="42.46325" lon="-2.512848">
      <ele>535</ele>
    </trkpt>
    <trkpt lat="42.463036" lon="-2.513082">
      <ele>535.4</ele>
    </trkpt>
    <trkpt lat="42.462822" lon="-2.513168">
      <ele>535.5</ele>
    </trkpt>
    <trkpt lat="42.462622" lon="-2.513186">
      <ele>535.7</ele>
    </trkpt>
    <trkpt lat="42.462349" lon="-2.513304">
      <ele>536.1</ele>
    </trkpt>
    <trkpt lat="42.462048" lon="-2.513497">
      <ele>536.9</ele>
    </trkpt>
    <trkpt lat="42.46168" lon="-2.51395">
      <ele>538.2</ele>
    </trkpt>
    <trkpt lat="42.461375" lon="-2.514227">
      <ele>539.6</ele>
    </trkpt>
    <trkpt lat="42.461229" lon="-2.514403">
      <ele>540.3</ele>
    </trkpt>
    <trkpt lat="42.460992" lon="-2.51463">
      <ele>541.6</ele>
    </trkpt>
    <trkpt lat="42.460576" lon="-2.514897">
      <ele>543.7</ele>
    </trkpt>
    <trkpt lat="42.460347" lon="-2.51497">
      <ele>544.7</ele>
    </trkpt>
    <trkpt lat="42.460143" lon="-2.514986">
      <ele>545.5</ele>
    </trkpt>
    <trkpt lat="42.45982" lon="-2.515136">
      <ele>546.5</ele>
    </trkpt>
    <trkpt lat="42.459668" lon="-2.515096">
      <ele>546.9</ele>
    </trkpt>
    <trkpt lat="42.459578" lon="-2.515133">
      <ele>547.3</ele>
    </trkpt>
    <trkpt lat="42.459534" lon="-2.515208">
      <ele>547.6</ele>
    </trkpt>
    <trkpt lat="42.459406" lon="-2.515309">
      <ele>548.3</ele>
    </trkpt>
    <trkpt lat="42.459319" lon="-2.515318">
      <ele>548.7</ele>
    </trkpt>
    <trkpt lat="42.459166" lon="-2.515254">
      <ele>549.5</ele>
    </trkpt>
    <trkpt lat="42.458975" lon="-2.515252">
      <ele>550.4</ele>
    </trkpt>
    <trkpt lat="42.458804" lon="-2.515064">
      <ele>551.3</ele>
    </trkpt>
    <trkpt lat="42.458862" lon="-2.515517">
      <ele>552.6</ele>
    </trkpt>
    <trkpt lat="42.458505" lon="-2.515504">
      <ele>553.9</ele>
    </trkpt>
    <trkpt lat="42.458003" lon="-2.516073">
      <ele>556.5</ele>
    </trkpt>
    <trkpt lat="42.457046" lon="-2.516239">
      <ele>559.7</ele>
    </trkpt>
    <trkpt lat="42.45662" lon="-2.516234">
      <ele>560.9</ele>
    </trkpt>
    <trkpt lat="42.456276" lon="-2.515915">
      <ele>561.4</ele>
    </trkpt>
    <trkpt lat="42.455693" lon="-2.515258">
      <ele>559.7</ele>
    </trkpt>
    <trkpt lat="42.454055" lon="-2.514344">
      <ele>549.9</ele>
    </trkpt>
    <trkpt lat="42.453902" lon="-2.514291">
      <ele>549.8</ele>
    </trkpt>
    <trkpt lat="42.453839" lon="-2.514368">
      <ele>549.7</ele>
    </trkpt>
    <trkpt lat="42.453795" lon="-2.514702">
      <ele>549.3</ele>
    </trkpt>
    <trkpt lat="42.453831" lon="-2.514788">
      <ele>549.1</ele>
    </trkpt>
    <trkpt lat="42.453909" lon="-2.514978">
      <ele>548.4</ele>
    </trkpt>
    <trkpt lat="42.453931" lon="-2.515239">
      <ele>547.4</ele>
    </trkpt>
    <trkpt lat="42.453885" lon="-2.515452">
      <ele>546.8</ele>
    </trkpt>
    <trkpt lat="42.45376" lon="-2.515676">
      <ele>546.8</ele>
    </trkpt>
    <trkpt lat="42.453598" lon="-2.515822">
      <ele>547.5</ele>
    </trkpt>
    <trkpt lat="42.453346" lon="-2.515893">
      <ele>548.7</ele>
    </trkpt>
    <trkpt lat="42.453282" lon="-2.515886">
      <ele>548.9</ele>
    </trkpt>
    <trkpt lat="42.453228" lon="-2.515947">
      <ele>549.2</ele>
    </trkpt>
    <trkpt lat="42.453196" lon="-2.516206">
      <ele>549.8</ele>
    </trkpt>
    <trkpt lat="42.453235" lon="-2.516327">
      <ele>550</ele>
    </trkpt>
    <trkpt lat="42.453282" lon="-2.516642">
      <ele>550.4</ele>
    </trkpt>
    <trkpt lat="42.453341" lon="-2.516691">
      <ele>550.5</ele>
    </trkpt>
    <trkpt lat="42.453615" lon="-2.517077">
      <ele>551.9</ele>
    </trkpt>
    <trkpt lat="42.45371" lon="-2.517312">
      <ele>553.5</ele>
    </trkpt>
    <trkpt lat="42.453705" lon="-2.517472">
      <ele>554.6</ele>
    </trkpt>
    <trkpt lat="42.4535" lon="-2.517727">
      <ele>556.9</ele>
    </trkpt>
    <trkpt lat="42.4533" lon="-2.518055">
      <ele>558.4</ele>
    </trkpt>
    <trkpt lat="42.453237" lon="-2.518316">
      <ele>559</ele>
    </trkpt>
    <trkpt lat="42.453185" lon="-2.518854">
      <ele>559.5</ele>
    </trkpt>
    <trkpt lat="42.45299" lon="-2.52012">
      <ele>561.8</ele>
    </trkpt>
    <trkpt lat="42.453053" lon="-2.520471">
      <ele>562.1</ele>
    </trkpt>
    <trkpt lat="42.453171" lon="-2.520608">
      <ele>562.2</ele>
    </trkpt>
    <trkpt lat="42.453315" lon="-2.520674">
      <ele>562.4</ele>
    </trkpt>
    <trkpt lat="42.453497" lon="-2.520955">
      <ele>562.6</ele>
    </trkpt>
    <trkpt lat="42.453643" lon="-2.52165">
      <ele>562.9</ele>
    </trkpt>
    <trkpt lat="42.45318" lon="-2.521697">
      <ele>563.3</ele>
    </trkpt>
    <trkpt lat="42.45177" lon="-2.522113">
      <ele>565.8</ele>
    </trkpt>
    <trkpt lat="42.450941" lon="-2.522283">
      <ele>567</ele>
    </trkpt>
    <trkpt lat="42.449603" lon="-2.522422">
      <ele>568.5</ele>
    </trkpt>
    <trkpt lat="42.449404" lon="-2.522392">
      <ele>568.5</ele>
    </trkpt>
    <trkpt lat="42.449391" lon="-2.522">
      <ele>568.3</ele>
    </trkpt>
    <trkpt lat="42.449347" lon="-2.521817">
      <ele>568.1</ele>
    </trkpt>
    <trkpt lat="42.449229" lon="-2.521698">
      <ele>567.8</ele>
    </trkpt>
    <trkpt lat="42.449179" lon="-2.52161">
      <ele>567.5</ele>
    </trkpt>
    <trkpt lat="42.448965" lon="-2.521596">
      <ele>566.7</ele>
    </trkpt>
    <trkpt lat="42.448871" lon="-2.521542">
      <ele>566.2</ele>
    </trkpt>
    <trkpt lat="42.448824" lon="-2.52146">
      <ele>565.7</ele>
    </trkpt>
    <trkpt lat="42.448752" lon="-2.521413">
      <ele>565.2</ele>
    </trkpt>
    <trkpt lat="42.448558" lon="-2.521375">
      <ele>563.9</ele>
    </trkpt>
    <trkpt lat="42.448566" lon="-2.52128">
      <ele>563.3</ele>
    </trkpt>
    <trkpt lat="42.448611" lon="-2.521254">
      <ele>562.9</ele>
    </trkpt>
    <trkpt lat="42.448753" lon="-2.521279">
      <ele>561.7</ele>
    </trkpt>
    <trkpt lat="42.448794" lon="-2.521252">
      <ele>561.3</ele>
    </trkpt>
    <trkpt lat="42.448803" lon="-2.521213">
      <ele>561</ele>
    </trkpt>
    <trkpt lat="42.448605" lon="-2.520967">
      <ele>558.4</ele>
    </trkpt>
    <trkpt lat="42.448442" lon="-2.520688">
      <ele>555.5</ele>
    </trkpt>
    <trkpt lat="42.448443" lon="-2.520539">
      <ele>554.2</ele>
    </trkpt>
    <trkpt lat="42.448747" lon="-2.520363">
      <ele>550.2</ele>
    </trkpt>
    <trkpt lat="42.448811" lon="-2.520135">
      <ele>547.9</ele>
    </trkpt>
    <trkpt lat="42.448899" lon="-2.520054">
      <ele>546.6</ele>
    </trkpt>
    <trkpt lat="42.449169" lon="-2.520017">
      <ele>543</ele>
    </trkpt>
    <trkpt lat="42.449183" lon="-2.52001">
      <ele>542.8</ele>
    </trkpt>
    <trkpt lat="42.44925" lon="-2.519975">
      <ele>541.8</ele>
    </trkpt>
    <trkpt lat="42.449298" lon="-2.519696">
      <ele>538.6</ele>
    </trkpt>
    <trkpt lat="42.449345" lon="-2.519612">
      <ele>537.4</ele>
    </trkpt>
    <trkpt lat="42.449492" lon="-2.519458">
      <ele>534.7</ele>
    </trkpt>
    <trkpt lat="42.449672" lon="-2.519354">
      <ele>532.1</ele>
    </trkpt>
    <trkpt lat="42.449728" lon="-2.519257">
      <ele>530.9</ele>
    </trkpt>
    <trkpt lat="42.449777" lon="-2.519112">
      <ele>529.6</ele>
    </trkpt>
    <trkpt lat="42.449769" lon="-2.518852">
      <ele>527.6</ele>
    </trkpt>
    <trkpt lat="42.449819" lon="-2.518679">
      <ele>526.2</ele>
    </trkpt>
    <trkpt lat="42.450093" lon="-2.518455">
      <ele>523.6</ele>
    </trkpt>
    <trkpt lat="42.450515" lon="-2.518398">
      <ele>521</ele>
    </trkpt>
    <trkpt lat="42.450695" lon="-2.518283">
      <ele>520.1</ele>
    </trkpt>
    <trkpt lat="42.450775" lon="-2.518271">
      <ele>520</ele>
    </trkpt>
    <trkpt lat="42.451266" lon="-2.518041">
      <ele>520</ele>
    </trkpt>
    <trkpt lat="42.45163" lon="-2.517838">
      <ele>518.9</ele>
    </trkpt>
    <trkpt lat="42.451809" lon="-2.517629">
      <ele>517.8</ele>
    </trkpt>
    <trkpt lat="42.451991" lon="-2.517556">
      <ele>516.6</ele>
    </trkpt>
    <trkpt lat="42.452045" lon="-2.517432">
      <ele>515.8</ele>
    </trkpt>
    <trkpt lat="42.452065" lon="-2.517409">
      <ele>515.6</ele>
    </trkpt>
    <trkpt lat="42.452128" lon="-2.517249">
      <ele>514.6</ele>
    </trkpt>
    <trkpt lat="42.452125" lon="-2.517192">
      <ele>514.2</ele>
    </trkpt>
    <trkpt lat="42.451975" lon="-2.516916">
      <ele>512</ele>
    </trkpt>
    <trkpt lat="42.451967" lon="-2.516835">
      <ele>511.4</ele>
    </trkpt>
    <trkpt lat="42.45193" lon="-2.516787">
      <ele>510.8</ele>
    </trkpt>
    <trkpt lat="42.451849" lon="-2.516818">
      <ele>510</ele>
    </trkpt>
    <trkpt lat="42.451802" lon="-2.516912">
      <ele>509.1</ele>
    </trkpt>
    <trkpt lat="42.451738" lon="-2.516877">
      <ele>508.3</ele>
    </trkpt>
    <trkpt lat="42.451745" lon="-2.516783">
      <ele>507.4</ele>
    </trkpt>
    <trkpt lat="42.451937" lon="-2.51663">
      <ele>504.7</ele>
    </trkpt>
    <trkpt lat="42.451955" lon="-2.51658">
      <ele>504.1</ele>
    </trkpt>
    <trkpt lat="42.451816" lon="-2.516409">
      <ele>501.8</ele>
    </trkpt>
    <trkpt lat="42.451842" lon="-2.5163">
      <ele>500.9</ele>
    </trkpt>
    <trkpt lat="42.4519" lon="-2.516193">
      <ele>499.9</ele>
    </trkpt>
    <trkpt lat="42.451904" lon="-2.516074">
      <ele>499.1</ele>
    </trkpt>
    <trkpt lat="42.451839" lon="-2.51578">
      <ele>497</ele>
    </trkpt>
    <trkpt lat="42.451876" lon="-2.515581">
      <ele>495.8</ele>
    </trkpt>
    <trkpt lat="42.451867" lon="-2.515456">
      <ele>495.4</ele>
    </trkpt>
    <trkpt lat="42.451969" lon="-2.515205">
      <ele>494.3</ele>
    </trkpt>
    <trkpt lat="42.451969" lon="-2.514802">
      <ele>492.7</ele>
    </trkpt>
    <trkpt lat="42.452102" lon="-2.514582">
      <ele>491.8</ele>
    </trkpt>
    <trkpt lat="42.452135" lon="-2.514448">
      <ele>491.2</ele>
    </trkpt>
    <trkpt lat="42.452247" lon="-2.51429">
      <ele>490.4</ele>
    </trkpt>
    <trkpt lat="42.452431" lon="-2.514236">
      <ele>489.7</ele>
    </trkpt>
    <trkpt lat="42.452418" lon="-2.51412">
      <ele>489.3</ele>
    </trkpt>
    <trkpt lat="42.452367" lon="-2.514064">
      <ele>489</ele>
    </trkpt>
    <trkpt lat="42.452283" lon="-2.513807">
      <ele>488.1</ele>
    </trkpt>
    <trkpt lat="42.452338" lon="-2.513658">
      <ele>487.5</ele>
    </trkpt>
    <trkpt lat="42.452426" lon="-2.513556">
      <ele>486.9</ele>
    </trkpt>
    <trkpt lat="42.452452" lon="-2.513421">
      <ele>486.4</ele>
    </trkpt>
    <trkpt lat="42.452376" lon="-2.513237">
      <ele>485.9</ele>
    </trkpt>
    <trkpt lat="42.452378" lon="-2.513194">
      <ele>485.8</ele>
    </trkpt>
    <trkpt lat="42.452311" lon="-2.513152">
      <ele>485.3</ele>
    </trkpt>
    <trkpt lat="42.452177" lon="-2.512947">
      <ele>483.8</ele>
    </trkpt>
    <trkpt lat="42.452085" lon="-2.512403">
      <ele>480.4</ele>
    </trkpt>
    <trkpt lat="42.452106" lon="-2.512205">
      <ele>479.1</ele>
    </trkpt>
    <trkpt lat="42.452212" lon="-2.511919">
      <ele>477.1</ele>
    </trkpt>
    <trkpt lat="42.452199" lon="-2.511876">
      <ele>476.7</ele>
    </trkpt>
    <trkpt lat="42.452007" lon="-2.511947">
      <ele>474.9</ele>
    </trkpt>
    <trkpt lat="42.451796" lon="-2.511978">
      <ele>472.9</ele>
    </trkpt>
    <trkpt lat="42.451686" lon="-2.511797">
      <ele>471.3</ele>
    </trkpt>
    <trkpt lat="42.451654" lon="-2.511634">
      <ele>470.2</ele>
    </trkpt>
    <trkpt lat="42.45162" lon="-2.511623">
      <ele>469.9</ele>
    </trkpt>
    <trkpt lat="42.451114" lon="-2.511349">
      <ele>464.8</ele>
    </trkpt>
    <trkpt lat="42.451085" lon="-2.511296">
      <ele>464.4</ele>
    </trkpt>
    <trkpt lat="42.451066" lon="-2.511055">
      <ele>463</ele>
    </trkpt>
    <trkpt lat="42.451008" lon="-2.510893">
      <ele>462.1</ele>
    </trkpt>
    <trkpt lat="42.450996" lon="-2.510786">
      <ele>461.5</ele>
    </trkpt>
    <trkpt lat="42.450909" lon="-2.510662">
      <ele>460.7</ele>
    </trkpt>
    <trkpt lat="42.450891" lon="-2.510616">
      <ele>460.5</ele>
    </trkpt>
    <trkpt lat="42.450909" lon="-2.510378">
      <ele>459.5</ele>
    </trkpt>
    <trkpt lat="42.450949" lon="-2.510211">
      <ele>458.9</ele>
    </trkpt>
    <trkpt lat="42.450981" lon="-2.510165">
      <ele>458.7</ele>
    </trkpt>
    <trkpt lat="42.451113" lon="-2.510098">
      <ele>458.2</ele>
    </trkpt>
    <trkpt lat="42.451042" lon="-2.509815">
      <ele>457.5</ele>
    </trkpt>
    <trkpt lat="42.451066" lon="-2.509708">
      <ele>457.4</ele>
    </trkpt>
    <trkpt lat="42.451015" lon="-2.509617">
      <ele>457.2</ele>
    </trkpt>
    <trkpt lat="42.451029" lon="-2.509515">
      <ele>457</ele>
    </trkpt>
    <trkpt lat="42.45108" lon="-2.509446">
      <ele>456.9</ele>
    </trkpt>
    <trkpt lat="42.451082" lon="-2.509356">
      <ele>456.8</ele>
    </trkpt>
    <trkpt lat="42.451142" lon="-2.509283">
      <ele>456.7</ele>
    </trkpt>
    <trkpt lat="42.451194" lon="-2.50884">
      <ele>456</ele>
    </trkpt>
    <trkpt lat="42.451274" lon="-2.508445">
      <ele>455</ele>
    </trkpt>
    <trkpt lat="42.45145" lon="-2.508096">
      <ele>453.8</ele>
    </trkpt>
    <trkpt lat="42.451477" lon="-2.507958">
      <ele>453.4</ele>
    </trkpt>
    <trkpt lat="42.451476" lon="-2.507585">
      <ele>452</ele>
    </trkpt>
    <trkpt lat="42.45145" lon="-2.507476">
      <ele>451.6</ele>
    </trkpt>
    <trkpt lat="42.451065" lon="-2.506832">
      <ele>448.4</ele>
    </trkpt>
    <trkpt lat="42.450823" lon="-2.506355">
      <ele>446</ele>
    </trkpt>
    <trkpt lat="42.452254" lon="-2.505911">
      <ele>440.9</ele>
    </trkpt>
    <trkpt lat="42.452942" lon="-2.505666">
      <ele>438.7</ele>
    </trkpt>
    <trkpt lat="42.453131" lon="-2.505533">
      <ele>438.1</ele>
    </trkpt>
    <trkpt lat="42.453202" lon="-2.505361">
      <ele>437.7</ele>
    </trkpt>
    <trkpt lat="42.453239" lon="-2.505194">
      <ele>437.3</ele>
    </trkpt>
    <trkpt lat="42.453201" lon="-2.505041">
      <ele>436.9</ele>
    </trkpt>
    <trkpt lat="42.453228" lon="-2.504884">
      <ele>436.5</ele>
    </trkpt>
    <trkpt lat="42.453174" lon="-2.504591">
      <ele>435.9</ele>
    </trkpt>
    <trkpt lat="42.453151" lon="-2.50455">
      <ele>435.8</ele>
    </trkpt>
    <trkpt lat="42.452963" lon="-2.504208">
      <ele>435</ele>
    </trkpt>
    <trkpt lat="42.452898" lon="-2.50408">
      <ele>434.8</ele>
    </trkpt>
    <trkpt lat="42.452732" lon="-2.503787">
      <ele>434.1</ele>
    </trkpt>
    <trkpt lat="42.452621" lon="-2.503712">
      <ele>433.9</ele>
    </trkpt>
    <trkpt lat="42.4525" lon="-2.503732">
      <ele>433.7</ele>
    </trkpt>
    <trkpt lat="42.452442" lon="-2.503706">
      <ele>433.5</ele>
    </trkpt>
    <trkpt lat="42.452353" lon="-2.503593">
      <ele>433.3</ele>
    </trkpt>
    <trkpt lat="42.452329" lon="-2.503517">
      <ele>433.2</ele>
    </trkpt>
    <trkpt lat="42.452343" lon="-2.503323">
      <ele>432.9</ele>
    </trkpt>
    <trkpt lat="42.452376" lon="-2.503254">
      <ele>432.8</ele>
    </trkpt>
    <trkpt lat="42.452329" lon="-2.503023">
      <ele>432.3</ele>
    </trkpt>
    <trkpt lat="42.450285" lon="-2.500094">
      <ele>425.1</ele>
    </trkpt>
    <trkpt lat="42.450048" lon="-2.499924">
      <ele>424.8</ele>
    </trkpt>
    <trkpt lat="42.450014" lon="-2.499921">
      <ele>424.8</ele>
    </trkpt>
    <trkpt lat="42.449851" lon="-2.500087">
      <ele>424.8</ele>
    </trkpt>
    <trkpt lat="42.449412" lon="-2.500695">
      <ele>425.8</ele>
    </trkpt>
    <trkpt lat="42.449136" lon="-2.501098">
      <ele>427.2</ele>
    </trkpt>
    <trkpt lat="42.449083" lon="-2.501366">
      <ele>428</ele>
    </trkpt>
    <trkpt lat="42.449112" lon="-2.502362">
      <ele>431.3</ele>
    </trkpt>
    <trkpt lat="42.449047" lon="-2.502539">
      <ele>431.9</ele>
    </trkpt>
    <trkpt lat="42.448966" lon="-2.502794">
      <ele>432.9</ele>
    </trkpt>
    <trkpt lat="42.44895" lon="-2.502927">
      <ele>433.4</ele>
    </trkpt>
    <trkpt lat="42.448969" lon="-2.503172">
      <ele>434.2</ele>
    </trkpt>
    <trkpt lat="42.44898" lon="-2.503406">
      <ele>434.9</ele>
    </trkpt>
    <trkpt lat="42.448987" lon="-2.50342">
      <ele>434.9</ele>
    </trkpt>
    <trkpt lat="42.448986" lon="-2.503468">
      <ele>435</ele>
    </trkpt>
    <trkpt lat="42.448958" lon="-2.503496">
      <ele>435.1</ele>
    </trkpt>
    <trkpt lat="42.448924" lon="-2.503482">
      <ele>435.2</ele>
    </trkpt>
    <trkpt lat="42.448884" lon="-2.503656">
      <ele>435.6</ele>
    </trkpt>
    <trkpt lat="42.44881" lon="-2.503796">
      <ele>435.8</ele>
    </trkpt>
    <trkpt lat="42.448694" lon="-2.504247">
      <ele>436.2</ele>
    </trkpt>
    <trkpt lat="42.448617" lon="-2.504341">
      <ele>436.3</ele>
    </trkpt>
    <trkpt lat="42.448594" lon="-2.504301">
      <ele>436.3</ele>
    </trkpt>
    <trkpt lat="42.448489" lon="-2.504199">
      <ele>436.4</ele>
    </trkpt>
    <trkpt lat="42.448284" lon="-2.503899">
      <ele>436.5</ele>
    </trkpt>
    <trkpt lat="42.448146" lon="-2.503498">
      <ele>436.7</ele>
    </trkpt>
    <trkpt lat="42.448142" lon="-2.503713">
      <ele>436.9</ele>
    </trkpt>
    <trkpt lat="42.448077" lon="-2.503825">
      <ele>437</ele>
    </trkpt>
    <trkpt lat="42.447966" lon="-2.5039">
      <ele>437.1</ele>
    </trkpt>
    <trkpt lat="42.447763" lon="-2.5038">
      <ele>437.2</ele>
    </trkpt>
    <trkpt lat="42.447599" lon="-2.503778">
      <ele>437.5</ele>
    </trkpt>
    <trkpt lat="42.447523" lon="-2.503797">
      <ele>437.6</ele>
    </trkpt>
    <trkpt lat="42.447415" lon="-2.503882">
      <ele>437.8</ele>
    </trkpt>
    <trkpt lat="42.447302" lon="-2.503901">
      <ele>438</ele>
    </trkpt>
    <trkpt lat="42.447282" lon="-2.503916">
      <ele>438</ele>
    </trkpt>
    <trkpt lat="42.44729" lon="-2.504004">
      <ele>438.1</ele>
    </trkpt>
    <trkpt lat="42.447259" lon="-2.504147">
      <ele>438.3</ele>
    </trkpt>
    <trkpt lat="42.447268" lon="-2.50427">
      <ele>438.3</ele>
    </trkpt>
    <trkpt lat="42.447204" lon="-2.504371">
      <ele>438.4</ele>
    </trkpt>
    <trkpt lat="42.447206" lon="-2.50451">
      <ele>438.4</ele>
    </trkpt>
    <trkpt lat="42.447154" lon="-2.504823">
      <ele>438.4</ele>
    </trkpt>
    <trkpt lat="42.447034" lon="-2.505041">
      <ele>438.5</ele>
    </trkpt>
    <trkpt lat="42.446873" lon="-2.505143">
      <ele>438.4</ele>
    </trkpt>
    <trkpt lat="42.446756" lon="-2.505277">
      <ele>438.3</ele>
    </trkpt>
    <trkpt lat="42.446694" lon="-2.505808">
      <ele>437.8</ele>
    </trkpt>
    <trkpt lat="42.446729" lon="-2.506413">
      <ele>437.2</ele>
    </trkpt>
    <trkpt lat="42.446724" lon="-2.506577">
      <ele>437.1</ele>
    </trkpt>
    <trkpt lat="42.447098" lon="-2.507778">
      <ele>437.7</ele>
    </trkpt>
    <trkpt lat="42.447121" lon="-2.508043">
      <ele>437.9</ele>
    </trkpt>
    <trkpt lat="42.447033" lon="-2.508516">
      <ele>438.3</ele>
    </trkpt>
    <trkpt lat="42.446985" lon="-2.508644">
      <ele>438.4</ele>
    </trkpt>
    <trkpt lat="42.446755" lon="-2.509108">
      <ele>439</ele>
    </trkpt>
    <trkpt lat="42.44656" lon="-2.509428">
      <ele>439.4</ele>
    </trkpt>
    <trkpt lat="42.44636" lon="-2.509972">
      <ele>440</ele>
    </trkpt>
    <trkpt lat="42.44616" lon="-2.510373">
      <ele>440.4</ele>
    </trkpt>
    <trkpt lat="42.446001" lon="-2.510851">
      <ele>440.8</ele>
    </trkpt>
    <trkpt lat="42.445661" lon="-2.511304">
      <ele>441.1</ele>
    </trkpt>
    <trkpt lat="42.445328" lon="-2.512125">
      <ele>441.3</ele>
    </trkpt>
    <trkpt lat="42.445027" lon="-2.512702">
      <ele>441.6</ele>
    </trkpt>
    <trkpt lat="42.444965" lon="-2.512863">
      <ele>441.6</ele>
    </trkpt>
    <trkpt lat="42.444913" lon="-2.513108">
      <ele>441.7</ele>
    </trkpt>
    <trkpt lat="42.444792" lon="-2.513285">
      <ele>441.7</ele>
    </trkpt>
    <trkpt lat="42.444612" lon="-2.513377">
      <ele>441.7</ele>
    </trkpt>
    <trkpt lat="42.444512" lon="-2.513383">
      <ele>441.7</ele>
    </trkpt>
    <trkpt lat="42.444459" lon="-2.513331">
      <ele>441.7</ele>
    </trkpt>
    <trkpt lat="42.444408" lon="-2.513228">
      <ele>441.7</ele>
    </trkpt>
    <trkpt lat="42.444309" lon="-2.512803">
      <ele>441.6</ele>
    </trkpt>
    <trkpt lat="42.444122" lon="-2.512186">
      <ele>441.4</ele>
    </trkpt>
    <trkpt lat="42.444008" lon="-2.512099">
      <ele>441.3</ele>
    </trkpt>
    <trkpt lat="42.443929" lon="-2.512093">
      <ele>441.3</ele>
    </trkpt>
    <trkpt lat="42.443657" lon="-2.512514">
      <ele>441.3</ele>
    </trkpt>
    <trkpt lat="42.443322" lon="-2.513149">
      <ele>441.8</ele>
    </trkpt>
    <trkpt lat="42.443246" lon="-2.513202">
      <ele>441.9</ele>
    </trkpt>
    <trkpt lat="42.442768" lon="-2.513283">
      <ele>442.5</ele>
    </trkpt>
    <trkpt lat="42.442328" lon="-2.513208">
      <ele>442.9</ele>
    </trkpt>
    <trkpt lat="42.442166" lon="-2.513206">
      <ele>443</ele>
    </trkpt>
    <trkpt lat="42.442008" lon="-2.513247">
      <ele>443.1</ele>
    </trkpt>
    <trkpt lat="42.441751" lon="-2.513387">
      <ele>443.1</ele>
    </trkpt>
    <trkpt lat="42.441523" lon="-2.513389">
      <ele>443</ele>
    </trkpt>
    <trkpt lat="42.441369" lon="-2.513366">
      <ele>443</ele>
    </trkpt>
    <trkpt lat="42.441414" lon="-2.513158">
      <ele>443</ele>
    </trkpt>
    <trkpt lat="42.44158" lon="-2.512603">
      <ele>442.8</ele>
    </trkpt>
    <trkpt lat="42.441515" lon="-2.512538">
      <ele>442.8</ele>
    </trkpt>
    <trkpt lat="42.441384" lon="-2.512493">
      <ele>442.8</ele>
    </trkpt>
    <trkpt lat="42.441191" lon="-2.512368">
      <ele>442.8</ele>
    </trkpt>
    <trkpt lat="42.441004" lon="-2.51231">
      <ele>442.9</ele>
    </trkpt>
    <trkpt lat="42.440871" lon="-2.512222">
      <ele>442.9</ele>
    </trkpt>
    <trkpt lat="42.440621" lon="-2.512226">
      <ele>443</ele>
    </trkpt>
    <trkpt lat="42.440369" lon="-2.512214">
      <ele>443.1</ele>
    </trkpt>
    <trkpt lat="42.440157" lon="-2.512107">
      <ele>443.2</ele>
    </trkpt>
    <trkpt lat="42.439664" lon="-2.511516">
      <ele>443.5</ele>
    </trkpt>
    <trkpt lat="42.439417" lon="-2.511322">
      <ele>443.5</ele>
    </trkpt>
    <trkpt lat="42.439325" lon="-2.511179">
      <ele>443.5</ele>
    </trkpt>
    <trkpt lat="42.439292" lon="-2.511072">
      <ele>443.4</ele>
    </trkpt>
    <trkpt lat="42.439292" lon="-2.510932">
      <ele>443.4</ele>
    </trkpt>
    <trkpt lat="42.43932" lon="-2.510806">
      <ele>443.4</ele>
    </trkpt>
    <trkpt lat="42.439438" lon="-2.510518">
      <ele>443.4</ele>
    </trkpt>
    <trkpt lat="42.439618" lon="-2.510163">
      <ele>443.5</ele>
    </trkpt>
    <trkpt lat="42.439612" lon="-2.510029">
      <ele>443.5</ele>
    </trkpt>
    <trkpt lat="42.439651" lon="-2.509886">
      <ele>443.6</ele>
    </trkpt>
    <trkpt lat="42.439734" lon="-2.509608">
      <ele>443.7</ele>
    </trkpt>
    <trkpt lat="42.439745" lon="-2.509398">
      <ele>443.8</ele>
    </trkpt>
    <trkpt lat="42.439723" lon="-2.509351">
      <ele>443.8</ele>
    </trkpt>
    <trkpt lat="42.439695" lon="-2.509472">
      <ele>443.9</ele>
    </trkpt>
    <trkpt lat="42.439595" lon="-2.509634">
      <ele>444.1</ele>
    </trkpt>
    <trkpt lat="42.437982" lon="-2.510258">
      <ele>447.4</ele>
    </trkpt>
    <trkpt lat="42.437591" lon="-2.510362">
      <ele>448.6</ele>
    </trkpt>
    <trkpt lat="42.436498" lon="-2.510818">
      <ele>452.9</ele>
    </trkpt>
    <trkpt lat="42.435979" lon="-2.510972">
      <ele>455.3</ele>
    </trkpt>
    <trkpt lat="42.43575" lon="-2.510961">
      <ele>456.4</ele>
    </trkpt>
    <trkpt lat="42.435405" lon="-2.511013">
      <ele>458.1</ele>
    </trkpt>
    <trkpt lat="42.435229" lon="-2.510857">
      <ele>459.3</ele>
    </trkpt>
    <trkpt lat="42.434898" lon="-2.51072">
      <ele>461.3</ele>
    </trkpt>
    <trkpt lat="42.43465" lon="-2.510525">
      <ele>463</ele>
    </trkpt>
    <trkpt lat="42.433759" lon="-2.510076">
      <ele>468</ele>
    </trkpt>
    <trkpt lat="42.433512" lon="-2.509922">
      <ele>469</ele>
    </trkpt>
    <trkpt lat="42.433434" lon="-2.509906">
      <ele>469.3</ele>
    </trkpt>
    <trkpt lat="42.43331" lon="-2.510029">
      <ele>469.8</ele>
    </trkpt>
    <trkpt lat="42.433245" lon="-2.51032">
      <ele>470.6</ele>
    </trkpt>
    <trkpt lat="42.433223" lon="-2.510918">
      <ele>472.4</ele>
    </trkpt>
    <trkpt lat="42.433177" lon="-2.511056">
      <ele>472.9</ele>
    </trkpt>
    <trkpt lat="42.43311" lon="-2.511129">
      <ele>473.3</ele>
    </trkpt>
    <trkpt lat="42.432982" lon="-2.511148">
      <ele>473.9</ele>
    </trkpt>
    <trkpt lat="42.431619" lon="-2.510507">
      <ele>485.5</ele>
    </trkpt>
    <trkpt lat="42.43157" lon="-2.5104">
      <ele>486.3</ele>
    </trkpt>
    <trkpt lat="42.431562" lon="-2.510304">
      <ele>486.9</ele>
    </trkpt>
    <trkpt lat="42.431587" lon="-2.510276">
      <ele>487.1</ele>
    </trkpt>
    <trkpt lat="42.431525" lon="-2.510125">
      <ele>488.1</ele>
    </trkpt>
    <trkpt lat="42.431558" lon="-2.509569">
      <ele>491.4</ele>
    </trkpt>
    <trkpt lat="42.431706" lon="-2.508923">
      <ele>495.6</ele>
    </trkpt>
    <trkpt lat="42.431737" lon="-2.508624">
      <ele>497.3</ele>
    </trkpt>
    <trkpt lat="42.431253" lon="-2.508606">
      <ele>501.4</ele>
    </trkpt>
    <trkpt lat="42.430913" lon="-2.508514">
      <ele>504.4</ele>
    </trkpt>
    <trkpt lat="42.430758" lon="-2.508503">
      <ele>505.7</ele>
    </trkpt>
    <trkpt lat="42.430631" lon="-2.508453">
      <ele>506.9</ele>
    </trkpt>
    <trkpt lat="42.430552" lon="-2.50847">
      <ele>507.6</ele>
    </trkpt>
    <trkpt lat="42.430546" lon="-2.508276">
      <ele>508.8</ele>
    </trkpt>
    <trkpt lat="42.430675" lon="-2.507986">
      <ele>510.6</ele>
    </trkpt>
    <trkpt lat="42.430778" lon="-2.506032">
      <ele>517.8</ele>
    </trkpt>
    <trkpt lat="42.430756" lon="-2.505812">
      <ele>519.1</ele>
    </trkpt>
    <trkpt lat="42.43065" lon="-2.505616">
      <ele>520.8</ele>
    </trkpt>
    <trkpt lat="42.430667" lon="-2.505413">
      <ele>522.5</ele>
    </trkpt>
    <trkpt lat="42.43055" lon="-2.505489">
      <ele>524.1</ele>
    </trkpt>
    <trkpt lat="42.430299" lon="-2.505484">
      <ele>527.5</ele>
    </trkpt>
    <trkpt lat="42.429882" lon="-2.505634">
      <ele>533.9</ele>
    </trkpt>
    <trkpt lat="42.429775" lon="-2.505634">
      <ele>535.4</ele>
    </trkpt>
    <trkpt lat="42.429635" lon="-2.505559">
      <ele>537.6</ele>
    </trkpt>
    <trkpt lat="42.429215" lon="-2.505546">
      <ele>543.6</ele>
    </trkpt>
    <trkpt lat="42.429012" lon="-2.505427">
      <ele>546.1</ele>
    </trkpt>
    <trkpt lat="42.428761" lon="-2.505114">
      <ele>549</ele>
    </trkpt>
    <trkpt lat="42.428615" lon="-2.504739">
      <ele>551</ele>
    </trkpt>
    <trkpt lat="42.428102" lon="-2.504378">
      <ele>553.7</ele>
    </trkpt>
    <trkpt lat="42.427873" lon="-2.504342">
      <ele>554.9</ele>
    </trkpt>
    <trkpt lat="42.427794" lon="-2.504378">
      <ele>555.4</ele>
    </trkpt>
    <trkpt lat="42.427648" lon="-2.504689">
      <ele>557.3</ele>
    </trkpt>
    <trkpt lat="42.427434" lon="-2.504739">
      <ele>559</ele>
    </trkpt>
    <trkpt lat="42.427246" lon="-2.504746">
      <ele>560.5</ele>
    </trkpt>
    <trkpt lat="42.426932" lon="-2.504689">
      <ele>563.4</ele>
    </trkpt>
    <trkpt lat="42.426775" lon="-2.504612">
      <ele>564.9</ele>
    </trkpt>
    <trkpt lat="42.426347" lon="-2.504314">
      <ele>569.3</ele>
    </trkpt>
    <trkpt lat="42.426107" lon="-2.504286">
      <ele>571.4</ele>
    </trkpt>
    <trkpt lat="42.426039" lon="-2.504406">
      <ele>572.4</ele>
    </trkpt>
    <trkpt lat="42.425877" lon="-2.504555">
      <ele>574.2</ele>
    </trkpt>
    <trkpt lat="42.425641" lon="-2.504718">
      <ele>576.7</ele>
    </trkpt>
    <trkpt lat="42.425454" lon="-2.504697">
      <ele>578.3</ele>
    </trkpt>
    <trkpt lat="42.425281" lon="-2.50464">
      <ele>579.5</ele>
    </trkpt>
    <trkpt lat="42.425096" lon="-2.504633">
      <ele>580.5</ele>
    </trkpt>
    <trkpt lat="42.425009" lon="-2.50466">
      <ele>580.9</ele>
    </trkpt>
    <trkpt lat="42.424851" lon="-2.504626">
      <ele>581.4</ele>
    </trkpt>
    <trkpt lat="42.424758" lon="-2.50494">
      <ele>581.7</ele>
    </trkpt>
    <trkpt lat="42.424617" lon="-2.505576">
      <ele>580.8</ele>
    </trkpt>
    <trkpt lat="42.424471" lon="-2.50586">
      <ele>579.4</ele>
    </trkpt>
    <trkpt lat="42.424382" lon="-2.506035">
      <ele>578.2</ele>
    </trkpt>
    <trkpt lat="42.42412" lon="-2.506362">
      <ele>575.1</ele>
    </trkpt>
    <trkpt lat="42.424003" lon="-2.506472">
      <ele>573.7</ele>
    </trkpt>
    <trkpt lat="42.423887" lon="-2.506464">
      <ele>572.7</ele>
    </trkpt>
    <trkpt lat="42.423693" lon="-2.5066">
      <ele>570.8</ele>
    </trkpt>
    <trkpt lat="42.423511" lon="-2.506561">
      <ele>569.3</ele>
    </trkpt>
    <trkpt lat="42.423437" lon="-2.506224">
      <ele>567.6</ele>
    </trkpt>
    <trkpt lat="42.422948" lon="-2.505888">
      <ele>565.2</ele>
    </trkpt>
    <trkpt lat="42.422535" lon="-2.505156">
      <ele>564.1</ele>
    </trkpt>
    <trkpt lat="42.422382" lon="-2.50494">
      <ele>563.9</ele>
    </trkpt>
    <trkpt lat="42.422262" lon="-2.504821">
      <ele>563.9</ele>
    </trkpt>
    <trkpt lat="42.422157" lon="-2.504323">
      <ele>564</ele>
    </trkpt>
    <trkpt lat="42.422109" lon="-2.504235">
      <ele>564</ele>
    </trkpt>
    <trkpt lat="42.421759" lon="-2.504123">
      <ele>563.9</ele>
    </trkpt>
    <trkpt lat="42.421548" lon="-2.504097">
      <ele>563.6</ele>
    </trkpt>
    <trkpt lat="42.421298" lon="-2.504011">
      <ele>563</ele>
    </trkpt>
    <trkpt lat="42.421202" lon="-2.504031">
      <ele>562.7</ele>
    </trkpt>
    <trkpt lat="42.420783" lon="-2.50433">
      <ele>561</ele>
    </trkpt>
    <trkpt lat="42.420684" lon="-2.504341">
      <ele>560.6</ele>
    </trkpt>
    <trkpt lat="42.420414" lon="-2.504131">
      <ele>558.9</ele>
    </trkpt>
    <trkpt lat="42.420289" lon="-2.504088">
      <ele>558.2</ele>
    </trkpt>
    <trkpt lat="42.420121" lon="-2.504101">
      <ele>557.1</ele>
    </trkpt>
    <trkpt lat="42.419955" lon="-2.504157">
      <ele>555.9</ele>
    </trkpt>
    <trkpt lat="42.41954" lon="-2.504105">
      <ele>553.2</ele>
    </trkpt>
    <trkpt lat="42.419094" lon="-2.504114">
      <ele>550.8</ele>
    </trkpt>
    <trkpt lat="42.419021" lon="-2.504144">
      <ele>550.4</ele>
    </trkpt>
    <trkpt lat="42.418746" lon="-2.504533">
      <ele>549.1</ele>
    </trkpt>
    <trkpt lat="42.418673" lon="-2.504576">
      <ele>548.9</ele>
    </trkpt>
    <trkpt lat="42.418444" lon="-2.504153">
      <ele>547.6</ele>
    </trkpt>
    <trkpt lat="42.418389" lon="-2.504146">
      <ele>547.4</ele>
    </trkpt>
    <trkpt lat="42.418243" lon="-2.504148">
      <ele>546.8</ele>
    </trkpt>
    <trkpt lat="42.418269" lon="-2.504099">
      <ele>546.5</ele>
    </trkpt>
    <trkpt lat="42.418445" lon="-2.503822">
      <ele>544.9</ele>
    </trkpt>
    <trkpt lat="42.418641" lon="-2.503592">
      <ele>542.8</ele>
    </trkpt>
    <trkpt lat="42.418863" lon="-2.503391">
      <ele>540.3</ele>
    </trkpt>
    <trkpt lat="42.419008" lon="-2.503125">
      <ele>537.6</ele>
    </trkpt>
    <trkpt lat="42.419352" lon="-2.502709">
      <ele>531.8</ele>
    </trkpt>
    <trkpt lat="42.419436" lon="-2.502643">
      <ele>530.5</ele>
    </trkpt>
    <trkpt lat="42.419591" lon="-2.50252">
      <ele>528</ele>
    </trkpt>
    <trkpt lat="42.419567" lon="-2.502422">
      <ele>527</ele>
    </trkpt>
    <trkpt lat="42.419581" lon="-2.502225">
      <ele>525</ele>
    </trkpt>
    <trkpt lat="42.419565" lon="-2.50212">
      <ele>524</ele>
    </trkpt>
    <trkpt lat="42.419659" lon="-2.500815">
      <ele>515.9</ele>
    </trkpt>
    <trkpt lat="42.419714" lon="-2.500437">
      <ele>515</ele>
    </trkpt>
    <trkpt lat="42.420145" lon="-2.500266">
      <ele>514.5</ele>
    </trkpt>
    <trkpt lat="42.420087" lon="-2.499941">
      <ele>514.8</ele>
    </trkpt>
    <trkpt lat="42.420014" lon="-2.499729">
      <ele>515.4</ele>
    </trkpt>
    <trkpt lat="42.419907" lon="-2.499591">
      <ele>516</ele>
    </trkpt>
    <trkpt lat="42.419697" lon="-2.499486">
      <ele>516.9</ele>
    </trkpt>
    <trkpt lat="42.419634" lon="-2.499426">
      <ele>517.3</ele>
    </trkpt>
    <trkpt lat="42.419522" lon="-2.499191">
      <ele>518.5</ele>
    </trkpt>
    <trkpt lat="42.419454" lon="-2.498925">
      <ele>519.8</ele>
    </trkpt>
    <trkpt lat="42.41941" lon="-2.498635">
      <ele>521.3</ele>
    </trkpt>
    <trkpt lat="42.419408" lon="-2.498527">
      <ele>521.9</ele>
    </trkpt>
    <trkpt lat="42.419463" lon="-2.498433">
      <ele>522.6</ele>
    </trkpt>
    <trkpt lat="42.419537" lon="-2.498329">
      <ele>523.4</ele>
    </trkpt>
    <trkpt lat="42.420062" lon="-2.497196">
      <ele>530.7</ele>
    </trkpt>
    <trkpt lat="42.420086" lon="-2.496978">
      <ele>531.8</ele>
    </trkpt>
    <trkpt lat="42.420065" lon="-2.496647">
      <ele>533.4</ele>
    </trkpt>
    <trkpt lat="42.42" lon="-2.49645">
      <ele>534.4</ele>
    </trkpt>
    <trkpt lat="42.419772" lon="-2.496101">
      <ele>536.4</ele>
    </trkpt>
    <trkpt lat="42.419753" lon="-2.496031">
      <ele>536.7</ele>
    </trkpt>
    <trkpt lat="42.419775" lon="-2.495753">
      <ele>537.9</ele>
    </trkpt>
    <trkpt lat="42.419759" lon="-2.495588">
      <ele>538.6</ele>
    </trkpt>
    <trkpt lat="42.419548" lon="-2.494937">
      <ele>541.5</ele>
    </trkpt>
    <trkpt lat="42.419344" lon="-2.494588">
      <ele>543.3</ele>
    </trkpt>
    <trkpt lat="42.418874" lon="-2.49404">
      <ele>547.4</ele>
    </trkpt>
    <trkpt lat="42.418652" lon="-2.493615">
      <ele>550.5</ele>
    </trkpt>
    <trkpt lat="42.418414" lon="-2.493372">
      <ele>553.2</ele>
    </trkpt>
    <trkpt lat="42.41835" lon="-2.493281">
      <ele>554.1</ele>
    </trkpt>
    <trkpt lat="42.418271" lon="-2.493168">
      <ele>555.3</ele>
    </trkpt>
    <trkpt lat="42.418086" lon="-2.492717">
      <ele>559.5</ele>
    </trkpt>
    <trkpt lat="42.418002" lon="-2.492381">
      <ele>562.6</ele>
    </trkpt>
    <trkpt lat="42.417519" lon="-2.491377">
      <ele>570.1</ele>
    </trkpt>
    <trkpt lat="42.417432" lon="-2.49125">
      <ele>570.7</ele>
    </trkpt>
    <trkpt lat="42.417601" lon="-2.491251">
      <ele>571.2</ele>
    </trkpt>
    <trkpt lat="42.417778" lon="-2.491152">
      <ele>571.6</ele>
    </trkpt>
    <trkpt lat="42.417946" lon="-2.491152">
      <ele>571.6</ele>
    </trkpt>
    <trkpt lat="42.418201" lon="-2.491269">
      <ele>571.1</ele>
    </trkpt>
    <trkpt lat="42.418497" lon="-2.491504">
      <ele>569.8</ele>
    </trkpt>
    <trkpt lat="42.418834" lon="-2.491824">
      <ele>567.7</ele>
    </trkpt>
    <trkpt lat="42.419138" lon="-2.492218">
      <ele>565.6</ele>
    </trkpt>
    <trkpt lat="42.419339" lon="-2.492607">
      <ele>563.9</ele>
    </trkpt>
    <trkpt lat="42.419443" lon="-2.492933">
      <ele>562.5</ele>
    </trkpt>
    <trkpt lat="42.419548" lon="-2.493056">
      <ele>561.7</ele>
    </trkpt>
    <trkpt lat="42.419789" lon="-2.493044">
      <ele>560</ele>
    </trkpt>
    <trkpt lat="42.419957" lon="-2.493161">
      <ele>558.5</ele>
    </trkpt>
    <trkpt lat="42.420107" lon="-2.493402">
      <ele>556.5</ele>
    </trkpt>
    <trkpt lat="42.420124" lon="-2.493449">
      <ele>556.2</ele>
    </trkpt>
    <trkpt lat="42.420244" lon="-2.49379">
      <ele>553.6</ele>
    </trkpt>
    <trkpt lat="42.420412" lon="-2.494104">
      <ele>550.8</ele>
    </trkpt>
    <trkpt lat="42.420521" lon="-2.49428">
      <ele>549</ele>
    </trkpt>
    <trkpt lat="42.420554" lon="-2.494458">
      <ele>547.6</ele>
    </trkpt>
    <trkpt lat="42.420678" lon="-2.49474">
      <ele>545.1</ele>
    </trkpt>
    <trkpt lat="42.420864" lon="-2.494937">
      <ele>542.7</ele>
    </trkpt>
    <trkpt lat="42.421016" lon="-2.495046">
      <ele>541.1</ele>
    </trkpt>
    <trkpt lat="42.421219" lon="-2.495366">
      <ele>538.4</ele>
    </trkpt>
    <trkpt lat="42.421385" lon="-2.495824">
      <ele>535.5</ele>
    </trkpt>
    <trkpt lat="42.421439" lon="-2.496574">
      <ele>531.5</ele>
    </trkpt>
    <trkpt lat="42.421443" lon="-2.496693">
      <ele>531</ele>
    </trkpt>
    <trkpt lat="42.421391" lon="-2.496802">
      <ele>530.3</ele>
    </trkpt>
    <trkpt lat="42.421376" lon="-2.497059">
      <ele>529.1</ele>
    </trkpt>
    <trkpt lat="42.421448" lon="-2.497267">
      <ele>527.9</ele>
    </trkpt>
    <trkpt lat="42.421436" lon="-2.497589">
      <ele>526.3</ele>
    </trkpt>
    <trkpt lat="42.421453" lon="-2.497746">
      <ele>525.4</ele>
    </trkpt>
    <trkpt lat="42.421386" lon="-2.4979">
      <ele>524.4</ele>
    </trkpt>
    <trkpt lat="42.421407" lon="-2.498157">
      <ele>522.9</ele>
    </trkpt>
    <trkpt lat="42.421441" lon="-2.498273">
      <ele>522.2</ele>
    </trkpt>
    <trkpt lat="42.421619" lon="-2.498432">
      <ele>520.4</ele>
    </trkpt>
    <trkpt lat="42.421712" lon="-2.498446">
      <ele>519.7</ele>
    </trkpt>
    <trkpt lat="42.421721" lon="-2.498502">
      <ele>519.3</ele>
    </trkpt>
    <trkpt lat="42.421933" lon="-2.498815">
      <ele>516.5</ele>
    </trkpt>
    <trkpt lat="42.422186" lon="-2.499093">
      <ele>513.6</ele>
    </trkpt>
    <trkpt lat="42.422238" lon="-2.499275">
      <ele>512.3</ele>
    </trkpt>
    <trkpt lat="42.422388" lon="-2.499523">
      <ele>510.2</ele>
    </trkpt>
    <trkpt lat="42.42247" lon="-2.499572">
      <ele>509.4</ele>
    </trkpt>
    <trkpt lat="42.422564" lon="-2.499539">
      <ele>508.6</ele>
    </trkpt>
    <trkpt lat="42.422669" lon="-2.499583">
      <ele>507.8</ele>
    </trkpt>
    <trkpt lat="42.422743" lon="-2.499726">
      <ele>506.8</ele>
    </trkpt>
    <trkpt lat="42.422877" lon="-2.499899">
      <ele>505.6</ele>
    </trkpt>
    <trkpt lat="42.423031" lon="-2.499957">
      <ele>504.5</ele>
    </trkpt>
    <trkpt lat="42.423073" lon="-2.500217">
      <ele>503.4</ele>
    </trkpt>
    <trkpt lat="42.423078" lon="-2.500506">
      <ele>502.2</ele>
    </trkpt>
    <trkpt lat="42.42302" lon="-2.500761">
      <ele>501.2</ele>
    </trkpt>
    <trkpt lat="42.423409" lon="-2.500739">
      <ele>499.4</ele>
    </trkpt>
    <trkpt lat="42.423745" lon="-2.500815">
      <ele>498</ele>
    </trkpt>
    <trkpt lat="42.423947" lon="-2.500906">
      <ele>497.3</ele>
    </trkpt>
    <trkpt lat="42.424145" lon="-2.500938">
      <ele>496.6</ele>
    </trkpt>
    <trkpt lat="42.424553" lon="-2.500868">
      <ele>495.1</ele>
    </trkpt>
    <trkpt lat="42.425488" lon="-2.50046">
      <ele>492.5</ele>
    </trkpt>
    <trkpt lat="42.426026" lon="-2.500391">
      <ele>491.4</ele>
    </trkpt>
    <trkpt lat="42.426386" lon="-2.500278">
      <ele>490.6</ele>
    </trkpt>
    <trkpt lat="42.426759" lon="-2.500214">
      <ele>489.8</ele>
    </trkpt>
    <trkpt lat="42.427224" lon="-2.500018">
      <ele>488.8</ele>
    </trkpt>
    <trkpt lat="42.427816" lon="-2.499747">
      <ele>487.4</ele>
    </trkpt>
    <trkpt lat="42.42828" lon="-2.499701">
      <ele>486.5</ele>
    </trkpt>
    <trkpt lat="42.428635" lon="-2.499597">
      <ele>486</ele>
    </trkpt>
    <trkpt lat="42.42881" lon="-2.499484">
      <ele>486</ele>
    </trkpt>
    <trkpt lat="42.429023" lon="-2.499404">
      <ele>486</ele>
    </trkpt>
    <trkpt lat="42.429376" lon="-2.499345">
      <ele>486.3</ele>
    </trkpt>
    <trkpt lat="42.429542" lon="-2.499243">
      <ele>486.7</ele>
    </trkpt>
    <trkpt lat="42.429618" lon="-2.499109">
      <ele>487</ele>
    </trkpt>
    <trkpt lat="42.429552" lon="-2.497976">
      <ele>490</ele>
    </trkpt>
    <trkpt lat="42.429332" lon="-2.498079">
      <ele>490.9</ele>
    </trkpt>
    <trkpt lat="42.429311" lon="-2.498131">
      <ele>491</ele>
    </trkpt>
    <trkpt lat="42.429418" lon="-2.498185">
      <ele>491.4</ele>
    </trkpt>
    <trkpt lat="42.429428" lon="-2.498251">
      <ele>491.6</ele>
    </trkpt>
    <trkpt lat="42.429382" lon="-2.498331">
      <ele>491.9</ele>
    </trkpt>
    <trkpt lat="42.428958" lon="-2.498468">
      <ele>493.9</ele>
    </trkpt>
    <trkpt lat="42.428909" lon="-2.49857">
      <ele>494.3</ele>
    </trkpt>
    <trkpt lat="42.42872" lon="-2.498511">
      <ele>495.3</ele>
    </trkpt>
    <trkpt lat="42.42869" lon="-2.498454">
      <ele>495.6</ele>
    </trkpt>
    <trkpt lat="42.428564" lon="-2.497899">
      <ele>497.8</ele>
    </trkpt>
    <trkpt lat="42.428481" lon="-2.497627">
      <ele>499.1</ele>
    </trkpt>
    <trkpt lat="42.428483" lon="-2.497537">
      <ele>499.5</ele>
    </trkpt>
    <trkpt lat="42.428422" lon="-2.497377">
      <ele>500.4</ele>
    </trkpt>
    <trkpt lat="42.428414" lon="-2.496921">
      <ele>502.7</ele>
    </trkpt>
    <trkpt lat="42.428371" lon="-2.496779">
      <ele>503.6</ele>
    </trkpt>
    <trkpt lat="42.428293" lon="-2.496368">
      <ele>505.7</ele>
    </trkpt>
    <trkpt lat="42.428311" lon="-2.496142">
      <ele>506.9</ele>
    </trkpt>
    <trkpt lat="42.4283" lon="-2.496099">
      <ele>507.1</ele>
    </trkpt>
    <trkpt lat="42.428285" lon="-2.496039">
      <ele>507.4</ele>
    </trkpt>
    <trkpt lat="42.427773" lon="-2.495395">
      <ele>512.2</ele>
    </trkpt>
    <trkpt lat="42.427478" lon="-2.494903">
      <ele>515.5</ele>
    </trkpt>
    <trkpt lat="42.427475" lon="-2.494761">
      <ele>516.2</ele>
    </trkpt>
    <trkpt lat="42.427345" lon="-2.494524">
      <ele>517.8</ele>
    </trkpt>
    <trkpt lat="42.427371" lon="-2.494415">
      <ele>518.4</ele>
    </trkpt>
    <trkpt lat="42.42729" lon="-2.493976">
      <ele>520</ele>
    </trkpt>
    <trkpt lat="42.427243" lon="-2.49393">
      <ele>520.3</ele>
    </trkpt>
    <trkpt lat="42.427117" lon="-2.493671">
      <ele>521</ele>
    </trkpt>
    <trkpt lat="42.427099" lon="-2.493555">
      <ele>521.2</ele>
    </trkpt>
    <trkpt lat="42.426976" lon="-2.49336">
      <ele>521.5</ele>
    </trkpt>
    <trkpt lat="42.426969" lon="-2.493316">
      <ele>521.5</ele>
    </trkpt>
    <trkpt lat="42.426921" lon="-2.493041">
      <ele>521.6</ele>
    </trkpt>
    <trkpt lat="42.426921" lon="-2.492872">
      <ele>521.4</ele>
    </trkpt>
    <trkpt lat="42.426968" lon="-2.492762">
      <ele>521.3</ele>
    </trkpt>
    <trkpt lat="42.427" lon="-2.492592">
      <ele>521.1</ele>
    </trkpt>
    <trkpt lat="42.427005" lon="-2.492135">
      <ele>520</ele>
    </trkpt>
    <trkpt lat="42.427068" lon="-2.49176">
      <ele>518.9</ele>
    </trkpt>
    <trkpt lat="42.427196" lon="-2.491527">
      <ele>518.1</ele>
    </trkpt>
    <trkpt lat="42.427407" lon="-2.491388">
      <ele>517.8</ele>
    </trkpt>
    <trkpt lat="42.427462" lon="-2.4913">
      <ele>517.8</ele>
    </trkpt>
    <trkpt lat="42.427499" lon="-2.49113">
      <ele>517.8</ele>
    </trkpt>
    <trkpt lat="42.427648" lon="-2.4909">
      <ele>518</ele>
    </trkpt>
    <trkpt lat="42.427868" lon="-2.490352">
      <ele>518</ele>
    </trkpt>
    <trkpt lat="42.427888" lon="-2.490223">
      <ele>517.9</ele>
    </trkpt>
    <trkpt lat="42.427999" lon="-2.49005">
      <ele>517.6</ele>
    </trkpt>
    <trkpt lat="42.428084" lon="-2.489819">
      <ele>517.3</ele>
    </trkpt>
    <trkpt lat="42.428109" lon="-2.489711">
      <ele>517.2</ele>
    </trkpt>
    <trkpt lat="42.428101" lon="-2.489631">
      <ele>517.1</ele>
    </trkpt>
    <trkpt lat="42.428059" lon="-2.489375">
      <ele>516.8</ele>
    </trkpt>
    <trkpt lat="42.428072" lon="-2.489129">
      <ele>516.4</ele>
    </trkpt>
    <trkpt lat="42.428281" lon="-2.488661">
      <ele>514.9</ele>
    </trkpt>
    <trkpt lat="42.42846" lon="-2.48841">
      <ele>513.6</ele>
    </trkpt>
    <trkpt lat="42.428538" lon="-2.4883">
      <ele>513</ele>
    </trkpt>
    <trkpt lat="42.428948" lon="-2.487961">
      <ele>510.5</ele>
    </trkpt>
    <trkpt lat="42.429021" lon="-2.487853">
      <ele>510</ele>
    </trkpt>
    <trkpt lat="42.429034" lon="-2.48765">
      <ele>509.2</ele>
    </trkpt>
    <trkpt lat="42.429111" lon="-2.48737">
      <ele>508</ele>
    </trkpt>
    <trkpt lat="42.429225" lon="-2.487117">
      <ele>506.7</ele>
    </trkpt>
    <trkpt lat="42.429254" lon="-2.487115">
      <ele>506.5</ele>
    </trkpt>
    <trkpt lat="42.429305" lon="-2.487111">
      <ele>506.2</ele>
    </trkpt>
    <trkpt lat="42.429382" lon="-2.487154">
      <ele>505.7</ele>
    </trkpt>
    <trkpt lat="42.429591" lon="-2.487333">
      <ele>504</ele>
    </trkpt>
    <trkpt lat="42.429716" lon="-2.487364">
      <ele>503</ele>
    </trkpt>
    <trkpt lat="42.429842" lon="-2.487474">
      <ele>501.9</ele>
    </trkpt>
    <trkpt lat="42.429987" lon="-2.487659">
      <ele>500.3</ele>
    </trkpt>
    <trkpt lat="42.430377" lon="-2.487741">
      <ele>497.1</ele>
    </trkpt>
    <trkpt lat="42.430412" lon="-2.487758">
      <ele>496.9</ele>
    </trkpt>
    <trkpt lat="42.430472" lon="-2.487903">
      <ele>496.2</ele>
    </trkpt>
    <trkpt lat="42.431076" lon="-2.488034">
      <ele>494.3</ele>
    </trkpt>
    <trkpt lat="42.431182" lon="-2.487451">
      <ele>492.4</ele>
    </trkpt>
    <trkpt lat="42.4312" lon="-2.486973">
      <ele>491.4</ele>
    </trkpt>
    <trkpt lat="42.431275" lon="-2.486997">
      <ele>491.3</ele>
    </trkpt>
    <trkpt lat="42.431802" lon="-2.487119">
      <ele>491.6</ele>
    </trkpt>
    <trkpt lat="42.431928" lon="-2.487151">
      <ele>491.7</ele>
    </trkpt>
    <trkpt lat="42.432121" lon="-2.487172">
      <ele>491.6</ele>
    </trkpt>
    <trkpt lat="42.432314" lon="-2.487238">
      <ele>491.2</ele>
    </trkpt>
    <trkpt lat="42.432405" lon="-2.487227">
      <ele>490.9</ele>
    </trkpt>
    <trkpt lat="42.432455" lon="-2.48717">
      <ele>490.8</ele>
    </trkpt>
    <trkpt lat="42.432463" lon="-2.487071">
      <ele>490.7</ele>
    </trkpt>
    <trkpt lat="42.432416" lon="-2.486784">
      <ele>490.7</ele>
    </trkpt>
    <trkpt lat="42.432339" lon="-2.486475">
      <ele>491</ele>
    </trkpt>
    <trkpt lat="42.432281" lon="-2.486253">
      <ele>491.1</ele>
    </trkpt>
    <trkpt lat="42.432245" lon="-2.486114">
      <ele>491.1</ele>
    </trkpt>
    <trkpt lat="42.432234" lon="-2.485884">
      <ele>490.9</ele>
    </trkpt>
    <trkpt lat="42.432266" lon="-2.485426">
      <ele>490</ele>
    </trkpt>
    <trkpt lat="42.432252" lon="-2.485025">
      <ele>488.5</ele>
    </trkpt>
    <trkpt lat="42.432169" lon="-2.484138">
      <ele>485.1</ele>
    </trkpt>
    <trkpt lat="42.432041" lon="-2.48362">
      <ele>483.4</ele>
    </trkpt>
    <trkpt lat="42.432" lon="-2.483299">
      <ele>482.6</ele>
    </trkpt>
    <trkpt lat="42.432046" lon="-2.483013">
      <ele>481.9</ele>
    </trkpt>
    <trkpt lat="42.432129" lon="-2.482926">
      <ele>481.5</ele>
    </trkpt>
    <trkpt lat="42.432602" lon="-2.482772">
      <ele>479.7</ele>
    </trkpt>
    <trkpt lat="42.432837" lon="-2.482662">
      <ele>478.6</ele>
    </trkpt>
    <trkpt lat="42.433184" lon="-2.48241">
      <ele>476.6</ele>
    </trkpt>
    <trkpt lat="42.433517" lon="-2.48211">
      <ele>473.9</ele>
    </trkpt>
    <trkpt lat="42.434016" lon="-2.482078">
      <ele>470.1</ele>
    </trkpt>
    <trkpt lat="42.434206" lon="-2.482099">
      <ele>468.8</ele>
    </trkpt>
    <trkpt lat="42.434261" lon="-2.482024">
      <ele>468.2</ele>
    </trkpt>
    <trkpt lat="42.434285" lon="-2.481809">
      <ele>467.1</ele>
    </trkpt>
    <trkpt lat="42.434428" lon="-2.481606">
      <ele>465.7</ele>
    </trkpt>
    <trkpt lat="42.434515" lon="-2.481391">
      <ele>464.7</ele>
    </trkpt>
    <trkpt lat="42.434523" lon="-2.481262">
      <ele>464.2</ele>
    </trkpt>
    <trkpt lat="42.434467" lon="-2.481037">
      <ele>463.3</ele>
    </trkpt>
    <trkpt lat="42.434467" lon="-2.480929">
      <ele>462.9</ele>
    </trkpt>
    <trkpt lat="42.434515" lon="-2.480265">
      <ele>460.7</ele>
    </trkpt>
    <trkpt lat="42.434473" lon="-2.479997">
      <ele>459.8</ele>
    </trkpt>
    <trkpt lat="42.434471" lon="-2.479729">
      <ele>458.9</ele>
    </trkpt>
    <trkpt lat="42.434533" lon="-2.479538">
      <ele>458.2</ele>
    </trkpt>
    <trkpt lat="42.434669" lon="-2.47876">
      <ele>455.2</ele>
    </trkpt>
    <trkpt lat="42.434839" lon="-2.478333">
      <ele>453.4</ele>
    </trkpt>
    <trkpt lat="42.434894" lon="-2.477937">
      <ele>451.8</ele>
    </trkpt>
    <trkpt lat="42.435016" lon="-2.477028">
      <ele>448.5</ele>
    </trkpt>
    <trkpt lat="42.435048" lon="-2.476484">
      <ele>446.6</ele>
    </trkpt>
    <trkpt lat="42.435193" lon="-2.476526">
      <ele>445.8</ele>
    </trkpt>
    <trkpt lat="42.435708" lon="-2.476902">
      <ele>442.7</ele>
    </trkpt>
    <trkpt lat="42.436001" lon="-2.47702">
      <ele>440.9</ele>
    </trkpt>
    <trkpt lat="42.43623" lon="-2.477165">
      <ele>439.5</ele>
    </trkpt>
    <trkpt lat="42.436551" lon="-2.477245">
      <ele>437.7</ele>
    </trkpt>
    <trkpt lat="42.436796" lon="-2.477379">
      <ele>436.3</ele>
    </trkpt>
    <trkpt lat="42.437137" lon="-2.477701">
      <ele>434.1</ele>
    </trkpt>
    <trkpt lat="42.437407" lon="-2.47829">
      <ele>431.8</ele>
    </trkpt>
    <trkpt lat="42.438506" lon="-2.479129">
      <ele>427.9</ele>
    </trkpt>
    <trkpt lat="42.438821" lon="-2.479519">
      <ele>426.5</ele>
    </trkpt>
    <trkpt lat="42.439238" lon="-2.47985">
      <ele>424.9</ele>
    </trkpt>
    <trkpt lat="42.439442" lon="-2.480047">
      <ele>424.2</ele>
    </trkpt>
    <trkpt lat="42.439886" lon="-2.480582">
      <ele>422.6</ele>
    </trkpt>
    <trkpt lat="42.439946" lon="-2.480559">
      <ele>422.4</ele>
    </trkpt>
    <trkpt lat="42.44017" lon="-2.480567">
      <ele>421.8</ele>
    </trkpt>
    <trkpt lat="42.44061" lon="-2.480389">
      <ele>420.7</ele>
    </trkpt>
    <trkpt lat="42.440749" lon="-2.480284">
      <ele>420.4</ele>
    </trkpt>
    <trkpt lat="42.440849" lon="-2.480113">
      <ele>420.2</ele>
    </trkpt>
    <trkpt lat="42.440864" lon="-2.48001">
      <ele>420.1</ele>
    </trkpt>
    <trkpt lat="42.440984" lon="-2.479728">
      <ele>419.8</ele>
    </trkpt>
    <trkpt lat="42.441009" lon="-2.47949">
      <ele>419.5</ele>
    </trkpt>
    <trkpt lat="42.440995" lon="-2.479206">
      <ele>419.3</ele>
    </trkpt>
    <trkpt lat="42.440698" lon="-2.478399">
      <ele>418.6</ele>
    </trkpt>
    <trkpt lat="42.44068" lon="-2.478292">
      <ele>418.5</ele>
    </trkpt>
    <trkpt lat="42.440733" lon="-2.478132">
      <ele>418.4</ele>
    </trkpt>
    <trkpt lat="42.44149" lon="-2.478007">
      <ele>417.9</ele>
    </trkpt>
    <trkpt lat="42.441848" lon="-2.478075">
      <ele>417.8</ele>
    </trkpt>
    <trkpt lat="42.442034" lon="-2.47807">
      <ele>417.7</ele>
    </trkpt>
    <trkpt lat="42.442172" lon="-2.477991">
      <ele>417.6</ele>
    </trkpt>
    <trkpt lat="42.442841" lon="-2.477844">
      <ele>417.4</ele>
    </trkpt>
    <trkpt lat="42.442955" lon="-2.477862">
      <ele>417.3</ele>
    </trkpt>
    <trkpt lat="42.443027" lon="-2.477826">
      <ele>417.3</ele>
    </trkpt>
    <trkpt lat="42.443083" lon="-2.477714">
      <ele>417.3</ele>
    </trkpt>
    <trkpt lat="42.443322" lon="-2.476834">
      <ele>417</ele>
    </trkpt>
    <trkpt lat="42.443335" lon="-2.476536">
      <ele>416.9</ele>
    </trkpt>
    <trkpt lat="42.443163" lon="-2.475669">
      <ele>416.4</ele>
    </trkpt>
    <trkpt lat="42.443044" lon="-2.474901">
      <ele>415.9</ele>
    </trkpt>
    <trkpt lat="42.443037" lon="-2.474656">
      <ele>415.8</ele>
    </trkpt>
    <trkpt lat="42.44311" lon="-2.474226">
      <ele>415.4</ele>
    </trkpt>
    <trkpt lat="42.443361" lon="-2.473054">
      <ele>414.2</ele>
    </trkpt>
    <trkpt lat="42.443471" lon="-2.472831">
      <ele>413.9</ele>
    </trkpt>
    <trkpt lat="42.44354" lon="-2.47269">
      <ele>413.7</ele>
    </trkpt>
    <trkpt lat="42.443972" lon="-2.472052">
      <ele>412.8</ele>
    </trkpt>
    <trkpt lat="42.444408" lon="-2.472348">
      <ele>412.1</ele>
    </trkpt>
    <trkpt lat="42.4445" lon="-2.472346">
      <ele>411.9</ele>
    </trkpt>
    <trkpt lat="42.444639" lon="-2.47224">
      <ele>411.7</ele>
    </trkpt>
    <trkpt lat="42.445388" lon="-2.471888">
      <ele>410.5</ele>
    </trkpt>
    <trkpt lat="42.445592" lon="-2.471743">
      <ele>410</ele>
    </trkpt>
    <trkpt lat="42.445797" lon="-2.471459">
      <ele>409.3</ele>
    </trkpt>
    <trkpt lat="42.446042" lon="-2.471373">
      <ele>408.7</ele>
    </trkpt>
    <trkpt lat="42.446433" lon="-2.4713">
      <ele>407.6</ele>
    </trkpt>
    <trkpt lat="42.446568" lon="-2.471262">
      <ele>407.2</ele>
    </trkpt>
    <trkpt lat="42.446682" lon="-2.471086">
      <ele>406.8</ele>
    </trkpt>
    <trkpt lat="42.446872" lon="-2.470648">
      <ele>405.8</ele>
    </trkpt>
    <trkpt lat="42.447063" lon="-2.470606">
      <ele>405.3</ele>
    </trkpt>
    <trkpt lat="42.448948" lon="-2.47078">
      <ele>402.3</ele>
    </trkpt>
    <trkpt lat="42.44906" lon="-2.47076">
      <ele>402.2</ele>
    </trkpt>
    <trkpt lat="42.449186" lon="-2.470777">
      <ele>402.1</ele>
    </trkpt>
    <trkpt lat="42.449301" lon="-2.470813">
      <ele>402</ele>
    </trkpt>
    <trkpt lat="42.450165" lon="-2.470877">
      <ele>401.8</ele>
    </trkpt>
    <trkpt lat="42.450314" lon="-2.470855">
      <ele>401.7</ele>
    </trkpt>
    <trkpt lat="42.450409" lon="-2.47072">
      <ele>401.7</ele>
    </trkpt>
    <trkpt lat="42.450467" lon="-2.470543">
      <ele>401.7</ele>
    </trkpt>
    <trkpt lat="42.450417" lon="-2.470534">
      <ele>401.7</ele>
    </trkpt>
    <trkpt lat="42.450392" lon="-2.470514">
      <ele>401.7</ele>
    </trkpt>
    <trkpt lat="42.450541" lon="-2.46735">
      <ele>400.2</ele>
    </trkpt>
    <trkpt lat="42.450578" lon="-2.466565">
      <ele>399.9</ele>
    </trkpt>
    <trkpt lat="42.450604" lon="-2.466534">
      <ele>399.8</ele>
    </trkpt>
    <trkpt lat="42.450657" lon="-2.466535">
      <ele>399.8</ele>
    </trkpt>
    <trkpt lat="42.450656" lon="-2.466388">
      <ele>399.8</ele>
    </trkpt>
    <trkpt lat="42.450578" lon="-2.466273">
      <ele>399.7</ele>
    </trkpt>
    <trkpt lat="42.450578" lon="-2.466149">
      <ele>399.7</ele>
    </trkpt>
    <trkpt lat="42.450665" lon="-2.466031">
      <ele>399.6</ele>
    </trkpt>
    <trkpt lat="42.450685" lon="-2.46587">
      <ele>399.6</ele>
    </trkpt>
    <trkpt lat="42.450695" lon="-2.464825">
      <ele>399.2</ele>
    </trkpt>
    <trkpt lat="42.450693" lon="-2.464669">
      <ele>399.2</ele>
    </trkpt>
    <trkpt lat="42.450691" lon="-2.464507">
      <ele>399.2</ele>
    </trkpt>
    <trkpt lat="42.450664" lon="-2.463765">
      <ele>399</ele>
    </trkpt>
    <trkpt lat="42.450637" lon="-2.46358">
      <ele>398.9</ele>
    </trkpt>
    <trkpt lat="42.450583" lon="-2.463513">
      <ele>398.9</ele>
    </trkpt>
    <trkpt lat="42.450564" lon="-2.463377">
      <ele>398.8</ele>
    </trkpt>
    <trkpt lat="42.450618" lon="-2.463261">
      <ele>398.7</ele>
    </trkpt>
    <trkpt lat="42.450629" lon="-2.46309">
      <ele>398.6</ele>
    </trkpt>
    <trkpt lat="42.450562" lon="-2.462354">
      <ele>398.2</ele>
    </trkpt>
    <trkpt lat="42.450548" lon="-2.462242">
      <ele>398.2</ele>
    </trkpt>
    <trkpt lat="42.450508" lon="-2.461909">
      <ele>398</ele>
    </trkpt>
    <trkpt lat="42.450462" lon="-2.461571">
      <ele>397.9</ele>
    </trkpt>
    <trkpt lat="42.450445" lon="-2.461453">
      <ele>397.8</ele>
    </trkpt>
    <trkpt lat="42.450325" lon="-2.46076">
      <ele>397.5</ele>
    </trkpt>
    <trkpt lat="42.450311" lon="-2.460669">
      <ele>397.5</ele>
    </trkpt>
    <trkpt lat="42.450254" lon="-2.460546">
      <ele>397.4</ele>
    </trkpt>
    <trkpt lat="42.450206" lon="-2.460464">
      <ele>397.4</ele>
    </trkpt>
    <trkpt lat="42.450199" lon="-2.460361">
      <ele>397.4</ele>
    </trkpt>
    <trkpt lat="42.450251" lon="-2.460248">
      <ele>397.3</ele>
    </trkpt>
    <trkpt lat="42.450231" lon="-2.460075">
      <ele>397.3</ele>
    </trkpt>
    <trkpt lat="42.449945" lon="-2.458441">
      <ele>397</ele>
    </trkpt>
    <trkpt lat="42.449883" lon="-2.458066">
      <ele>397</ele>
    </trkpt>
    <trkpt lat="42.449582" lon="-2.456189">
      <ele>397</ele>
    </trkpt>
    <trkpt lat="42.449576" lon="-2.456158">
      <ele>397.1</ele>
    </trkpt>
    <trkpt lat="42.449523" lon="-2.455987">
      <ele>397.1</ele>
    </trkpt>
    <trkpt lat="42.449464" lon="-2.455932">
      <ele>397.2</ele>
    </trkpt>
    <trkpt lat="42.44937" lon="-2.455996">
      <ele>397.2</ele>
    </trkpt>
    <trkpt lat="42.449149" lon="-2.456076">
      <ele>397.4</ele>
    </trkpt>
    <trkpt lat="42.448381" lon="-2.457106">
      <ele>398.2</ele>
    </trkpt>
    <trkpt lat="42.448262" lon="-2.457284">
      <ele>398.2</ele>
    </trkpt>
    <trkpt lat="42.448381" lon="-2.457106">
      <ele>398.2</ele>
    </trkpt>
    <trkpt lat="42.449149" lon="-2.456076">
      <ele>397.5</ele>
    </trkpt>
    <trkpt lat="42.449446" lon="-2.455703">
      <ele>397.2</ele>
    </trkpt>
    <trkpt lat="42.449474" lon="-2.455655">
      <ele>397.2</ele>
    </trkpt>
    <trkpt lat="42.449513" lon="-2.455618">
      <ele>397.1</ele>
    </trkpt>
    <trkpt lat="42.449607" lon="-2.455604">
      <ele>397.1</ele>
    </trkpt>
    <trkpt lat="42.44963" lon="-2.455614">
      <ele>397.1</ele>
    </trkpt>
    <trkpt lat="42.449651" lon="-2.455628">
      <ele>397</ele>
    </trkpt>
    <trkpt lat="42.449781" lon="-2.455575">
      <ele>397</ele>
    </trkpt>
    <trkpt lat="42.450436" lon="-2.455354">
      <ele>396.7</ele>
    </trkpt>
    <trkpt lat="42.450526" lon="-2.455326">
      <ele>396.7</ele>
    </trkpt>
    <trkpt lat="42.451203" lon="-2.455111">
      <ele>396.2</ele>
    </trkpt>
    <trkpt lat="42.451284" lon="-2.455086">
      <ele>396.2</ele>
    </trkpt>
    <trkpt lat="42.452059" lon="-2.454876">
      <ele>395.4</ele>
    </trkpt>
    <trkpt lat="42.452086" lon="-2.454869">
      <ele>395.4</ele>
    </trkpt>
    <trkpt lat="42.452059" lon="-2.454716">
      <ele>395.2</ele>
    </trkpt>
    <trkpt lat="42.452155" lon="-2.454691">
      <ele>395.1</ele>
    </trkpt>
    <trkpt lat="42.452189" lon="-2.454639">
      <ele>395</ele>
    </trkpt>
    <trkpt lat="42.452069" lon="-2.453814">
      <ele>394.4</ele>
    </trkpt>
    <trkpt lat="42.452033" lon="-2.453792">
      <ele>394.4</ele>
    </trkpt>
    <trkpt lat="42.451924" lon="-2.453821">
      <ele>394.4</ele>
    </trkpt>
    <trkpt lat="42.451902" lon="-2.453694">
      <ele>394.3</ele>
    </trkpt>
    <trkpt lat="42.451883" lon="-2.453564">
      <ele>394.3</ele>
    </trkpt>
    <trkpt lat="42.451994" lon="-2.45353">
      <ele>394.2</ele>
    </trkpt>
    <trkpt lat="42.452013" lon="-2.453488">
      <ele>394.2</ele>
    </trkpt>
    <trkpt lat="42.451899" lon="-2.452738">
      <ele>394.1</ele>
    </trkpt>
    <trkpt lat="42.451856" lon="-2.452673">
      <ele>394.1</ele>
    </trkpt>
    <trkpt lat="42.451749" lon="-2.452673">
      <ele>394.2</ele>
    </trkpt>
    <trkpt lat="42.45173" lon="-2.452549">
      <ele>394.2</ele>
    </trkpt>
    <trkpt lat="42.451712" lon="-2.452447">
      <ele>394.2</ele>
    </trkpt>
    <trkpt lat="42.451685" lon="-2.452275">
      <ele>394.2</ele>
    </trkpt>
    <trkpt lat="42.451762" lon="-2.452239">
      <ele>394.3</ele>
    </trkpt>
    <trkpt lat="42.451798" lon="-2.452133">
      <ele>394.3</ele>
    </trkpt>
    <trkpt lat="42.451738" lon="-2.451722">
      <ele>394.5</ele>
    </trkpt>
    <trkpt lat="42.451731" lon="-2.451671">
      <ele>394.5</ele>
    </trkpt>
    <trkpt lat="42.451845" lon="-2.451643">
      <ele>394.5</ele>
    </trkpt>
    <trkpt lat="42.451938" lon="-2.451615">
      <ele>394.5</ele>
    </trkpt>
    <trkpt lat="42.452376" lon="-2.4515">
      <ele>394.3</ele>
    </trkpt>
    <trkpt lat="42.452563" lon="-2.451594">
      <ele>394.2</ele>
    </trkpt>
    <trkpt lat="42.452783" lon="-2.451526">
      <ele>394.1</ele>
    </trkpt>
    <trkpt lat="42.452876" lon="-2.451497">
      <ele>394.1</ele>
    </trkpt>
    <trkpt lat="42.453157" lon="-2.451399">
      <ele>394.1</ele>
    </trkpt>
    <trkpt lat="42.453226" lon="-2.451287">
      <ele>394</ele>
    </trkpt>
    <trkpt lat="42.453671" lon="-2.451156">
      <ele>394</ele>
    </trkpt>
    <trkpt lat="42.453871" lon="-2.451114">
      <ele>393.9</ele>
    </trkpt>
    <trkpt lat="42.453844" lon="-2.450925">
      <ele>393.9</ele>
    </trkpt>
    <trkpt lat="42.453753" lon="-2.450299">
      <ele>394.2</ele>
    </trkpt>
    <trkpt lat="42.453667" lon="-2.449764">
      <ele>394.5</ele>
    </trkpt>
    <trkpt lat="42.453538" lon="-2.448981">
      <ele>394.8</ele>
    </trkpt>
    <trkpt lat="42.453466" lon="-2.448774">
      <ele>394.7</ele>
    </trkpt>
    <trkpt lat="42.453392" lon="-2.448716">
      <ele>394.7</ele>
    </trkpt>
    <trkpt lat="42.453329" lon="-2.44862">
      <ele>394.7</ele>
    </trkpt>
    <trkpt lat="42.453294" lon="-2.448505">
      <ele>394.7</ele>
    </trkpt>
    <trkpt lat="42.453287" lon="-2.448381">
      <ele>394.6</ele>
    </trkpt>
    <trkpt lat="42.453352" lon="-2.44817">
      <ele>394.6</ele>
    </trkpt>
    <trkpt lat="42.453467" lon="-2.448057">
      <ele>394.5</ele>
    </trkpt>
    <trkpt lat="42.453536" lon="-2.448034">
      <ele>394.5</ele>
    </trkpt>
    <trkpt lat="42.453677" lon="-2.448059">
      <ele>394.4</ele>
    </trkpt>
    <trkpt lat="42.453764" lon="-2.448131">
      <ele>394.4</ele>
    </trkpt>
    <trkpt lat="42.453781" lon="-2.448154">
      <ele>394.3</ele>
    </trkpt>
    <trkpt lat="42.453965" lon="-2.448189">
      <ele>394.3</ele>
    </trkpt>
    <trkpt lat="42.454132" lon="-2.448148">
      <ele>394.2</ele>
    </trkpt>
    <trkpt lat="42.455332" lon="-2.447806">
      <ele>393.7</ele>
    </trkpt>
    <trkpt lat="42.455673" lon="-2.447716">
      <ele>393.6</ele>
    </trkpt>
    <trkpt lat="42.45581" lon="-2.447675">
      <ele>393.5</ele>
    </trkpt>
    <trkpt lat="42.455948" lon="-2.44764">
      <ele>393.4</ele>
    </trkpt>
    <trkpt lat="42.456614" lon="-2.447457">
      <ele>392.6</ele>
    </trkpt>
    <trkpt lat="42.457529" lon="-2.447086">
      <ele>390.7</ele>
    </trkpt>
    <trkpt lat="42.457612" lon="-2.447053">
      <ele>390.5</ele>
    </trkpt>
    <trkpt lat="42.457631" lon="-2.446881">
      <ele>390.1</ele>
    </trkpt>
    <trkpt lat="42.457683" lon="-2.446675">
      <ele>389.7</ele>
    </trkpt>
    <trkpt lat="42.457994" lon="-2.445214">
      <ele>387.2</ele>
    </trkpt>
    <trkpt lat="42.458022" lon="-2.445046">
      <ele>387</ele>
    </trkpt>
    <trkpt lat="42.457934" lon="-2.444971">
      <ele>386.9</ele>
    </trkpt>
    <trkpt lat="42.457903" lon="-2.444876">
      <ele>386.7</ele>
    </trkpt>
    <trkpt lat="42.457911" lon="-2.44476">
      <ele>386.6</ele>
    </trkpt>
    <trkpt lat="42.457954" lon="-2.444671">
      <ele>386.5</ele>
    </trkpt>
    <trkpt lat="42.45802" lon="-2.444621">
      <ele>386.4</ele>
    </trkpt>
    <trkpt lat="42.458089" lon="-2.444476">
      <ele>386.3</ele>
    </trkpt>
    <trkpt lat="42.45813" lon="-2.444344">
      <ele>386.3</ele>
    </trkpt>
    <trkpt lat="42.458269" lon="-2.443756">
      <ele>386.1</ele>
    </trkpt>
    <trkpt lat="42.458317" lon="-2.443503">
      <ele>386</ele>
    </trkpt>
    <trkpt lat="42.458335" lon="-2.443378">
      <ele>386</ele>
    </trkpt>
    <trkpt lat="42.458351" lon="-2.443068">
      <ele>386</ele>
    </trkpt>
    <trkpt lat="42.458353" lon="-2.443041">
      <ele>386</ele>
    </trkpt>
    <trkpt lat="42.458391" lon="-2.442236">
      <ele>386.4</ele>
    </trkpt>
    <trkpt lat="42.458385" lon="-2.442118">
      <ele>386.4</ele>
    </trkpt>
    <trkpt lat="42.45832" lon="-2.441959">
      <ele>386.5</ele>
    </trkpt>
    <trkpt lat="42.458242" lon="-2.44184">
      <ele>386.5</ele>
    </trkpt>
    <trkpt lat="42.458244" lon="-2.441736">
      <ele>386.6</ele>
    </trkpt>
    <trkpt lat="42.458294" lon="-2.44164">
      <ele>386.6</ele>
    </trkpt>
    <trkpt lat="42.458336" lon="-2.441608">
      <ele>386.6</ele>
    </trkpt>
    <trkpt lat="42.458376" lon="-2.441499">
      <ele>386.6</ele>
    </trkpt>
    <trkpt lat="42.458393" lon="-2.441327">
      <ele>386.6</ele>
    </trkpt>
    <trkpt lat="42.458469" lon="-2.440136">
      <ele>386.8</ele>
    </trkpt>
    <trkpt lat="42.458487" lon="-2.439843">
      <ele>386.7</ele>
    </trkpt>
    <trkpt lat="42.458446" lon="-2.439846">
      <ele>386.7</ele>
    </trkpt>
    <trkpt lat="42.458156" lon="-2.439981">
      <ele>386.5</ele>
    </trkpt>
    <trkpt lat="42.458104" lon="-2.439962">
      <ele>386.5</ele>
    </trkpt>
    <trkpt lat="42.458051" lon="-2.439942">
      <ele>386.5</ele>
    </trkpt>
    <trkpt lat="42.457987" lon="-2.440575">
      <ele>386.4</ele>
    </trkpt>
    <trkpt lat="42.457825" lon="-2.440755">
      <ele>386.4</ele>
    </trkpt>
    <trkpt lat="42.457818" lon="-2.440829">
      <ele>386.5</ele>
    </trkpt>
    <trkpt lat="42.457716" lon="-2.440949">
      <ele>386.5</ele>
    </trkpt>
    </trkseg>
  </trk>
</gpx>
