<?xml version="1.0" encoding="UTF-8"?>
<gpx version="1.1" creator="fitAI Komoot downloader" xmlns="http://www.topografix.com/GPX/1/1">
  <metadata>
    <name>Centro histórico de Viana y View of the Sierra de Lokiz - Recorrido circular desde Los Arcos</name>
    <desc>42 visitas · Dificultad: difficult · Distancia: 91.0 km · Desnivel +: 1387 m</desc>
    <link href="https://www.komoot.com/smarttour/e44700958"><text>Komoot</text></link>
  </metadata>
  <trk>
    <name>Centro histórico de Viana y View of the Sierra de Lokiz - Recorrido circular desde Los Arcos</name>
    <type>touringbicycle</type>
    <trkseg>
    <trkpt lat="42.568621" lon="-2.191629">
      <ele>446.1</ele>
    </trkpt>
    <trkpt lat="42.568591" lon="-2.191727">
      <ele>446</ele>
    </trkpt>
    <trkpt lat="42.568432" lon="-2.19167">
      <ele>445.7</ele>
    </trkpt>
    <trkpt lat="42.568391" lon="-2.191645">
      <ele>445.6</ele>
    </trkpt>
    <trkpt lat="42.568318" lon="-2.192055">
      <ele>445.2</ele>
    </trkpt>
    <trkpt lat="42.568198" lon="-2.192699">
      <ele>444.7</ele>
    </trkpt>
    <trkpt lat="42.568179" lon="-2.192803">
      <ele>444.6</ele>
    </trkpt>
    <trkpt lat="42.568198" lon="-2.192699">
      <ele>444.5</ele>
    </trkpt>
    <trkpt lat="42.568368" lon="-2.192821">
      <ele>444.3</ele>
    </trkpt>
    <trkpt lat="42.568945" lon="-2.193129">
      <ele>444.6</ele>
    </trkpt>
    <trkpt lat="42.568896" lon="-2.193336">
      <ele>444.9</ele>
    </trkpt>
    <trkpt lat="42.568867" lon="-2.19345">
      <ele>445.2</ele>
    </trkpt>
    <trkpt lat="42.568742" lon="-2.193844">
      <ele>446.2</ele>
    </trkpt>
    <trkpt lat="42.568717" lon="-2.19392">
      <ele>446.3</ele>
    </trkpt>
    <trkpt lat="42.568578" lon="-2.194371">
      <ele>447.6</ele>
    </trkpt>
    <trkpt lat="42.568537" lon="-2.194539">
      <ele>448.1</ele>
    </trkpt>
    <trkpt lat="42.568202" lon="-2.195965">
      <ele>453.7</ele>
    </trkpt>
    <trkpt lat="42.56805" lon="-2.196496">
      <ele>455.9</ele>
    </trkpt>
    <trkpt lat="42.567638" lon="-2.197893">
      <ele>461.1</ele>
    </trkpt>
    <trkpt lat="42.567563" lon="-2.19799">
      <ele>461.5</ele>
    </trkpt>
    <trkpt lat="42.567257" lon="-2.19889">
      <ele>463.9</ele>
    </trkpt>
    <trkpt lat="42.567226" lon="-2.199017">
      <ele>464.2</ele>
    </trkpt>
    <trkpt lat="42.567136" lon="-2.199826">
      <ele>465.3</ele>
    </trkpt>
    <trkpt lat="42.567084" lon="-2.200788">
      <ele>465.2</ele>
    </trkpt>
    <trkpt lat="42.566803" lon="-2.202528">
      <ele>463.9</ele>
    </trkpt>
    <trkpt lat="42.566741" lon="-2.202676">
      <ele>463.9</ele>
    </trkpt>
    <trkpt lat="42.566591" lon="-2.203456">
      <ele>463.6</ele>
    </trkpt>
    <trkpt lat="42.566487" lon="-2.205327">
      <ele>463.4</ele>
    </trkpt>
    <trkpt lat="42.566406" lon="-2.205908">
      <ele>463.2</ele>
    </trkpt>
    <trkpt lat="42.566167" lon="-2.207502">
      <ele>462.9</ele>
    </trkpt>
    <trkpt lat="42.566093" lon="-2.208162">
      <ele>463</ele>
    </trkpt>
    <trkpt lat="42.565757" lon="-2.213853">
      <ele>463.2</ele>
    </trkpt>
    <trkpt lat="42.565678" lon="-2.214901">
      <ele>463.4</ele>
    </trkpt>
    <trkpt lat="42.565479" lon="-2.216739">
      <ele>464.2</ele>
    </trkpt>
    <trkpt lat="42.564969" lon="-2.223609">
      <ele>462.5</ele>
    </trkpt>
    <trkpt lat="42.563129" lon="-2.234354">
      <ele>450.3</ele>
    </trkpt>
    <trkpt lat="42.562865" lon="-2.23568">
      <ele>451</ele>
    </trkpt>
    <trkpt lat="42.562991" lon="-2.235765">
      <ele>451.3</ele>
    </trkpt>
    <trkpt lat="42.563094" lon="-2.236226">
      <ele>452.1</ele>
    </trkpt>
    <trkpt lat="42.563189" lon="-2.236397">
      <ele>452.5</ele>
    </trkpt>
    <trkpt lat="42.563457" lon="-2.236656">
      <ele>453.4</ele>
    </trkpt>
    <trkpt lat="42.5635" lon="-2.236718">
      <ele>453.6</ele>
    </trkpt>
    <trkpt lat="42.563548" lon="-2.236895">
      <ele>454</ele>
    </trkpt>
    <trkpt lat="42.563607" lon="-2.237769">
      <ele>455.5</ele>
    </trkpt>
    <trkpt lat="42.563623" lon="-2.238624">
      <ele>456.6</ele>
    </trkpt>
    <trkpt lat="42.563667" lon="-2.239191">
      <ele>457.3</ele>
    </trkpt>
    <trkpt lat="42.563663" lon="-2.239813">
      <ele>458.1</ele>
    </trkpt>
    <trkpt lat="42.563795" lon="-2.241029">
      <ele>459.7</ele>
    </trkpt>
    <trkpt lat="42.563819" lon="-2.241624">
      <ele>460.5</ele>
    </trkpt>
    <trkpt lat="42.563789" lon="-2.242914">
      <ele>461.6</ele>
    </trkpt>
    <trkpt lat="42.563534" lon="-2.244932">
      <ele>462</ele>
    </trkpt>
    <trkpt lat="42.563476" lon="-2.245236">
      <ele>462</ele>
    </trkpt>
    <trkpt lat="42.563459" lon="-2.245666">
      <ele>462.1</ele>
    </trkpt>
    <trkpt lat="42.563617" lon="-2.246811">
      <ele>461.8</ele>
    </trkpt>
    <trkpt lat="42.563653" lon="-2.247505">
      <ele>461.4</ele>
    </trkpt>
    <trkpt lat="42.563712" lon="-2.247799">
      <ele>461.2</ele>
    </trkpt>
    <trkpt lat="42.563855" lon="-2.248387">
      <ele>460.7</ele>
    </trkpt>
    <trkpt lat="42.563961" lon="-2.24864">
      <ele>460.4</ele>
    </trkpt>
    <trkpt lat="42.564185" lon="-2.24898">
      <ele>459.9</ele>
    </trkpt>
    <trkpt lat="42.564246" lon="-2.249112">
      <ele>459.8</ele>
    </trkpt>
    <trkpt lat="42.564311" lon="-2.249367">
      <ele>459.6</ele>
    </trkpt>
    <trkpt lat="42.564323" lon="-2.249661">
      <ele>459.4</ele>
    </trkpt>
    <trkpt lat="42.564226" lon="-2.2503">
      <ele>459</ele>
    </trkpt>
    <trkpt lat="42.564098" lon="-2.250756">
      <ele>458.7</ele>
    </trkpt>
    <trkpt lat="42.564069" lon="-2.25095">
      <ele>458.5</ele>
    </trkpt>
    <trkpt lat="42.564008" lon="-2.252157">
      <ele>456.7</ele>
    </trkpt>
    <trkpt lat="42.563969" lon="-2.252377">
      <ele>456.3</ele>
    </trkpt>
    <trkpt lat="42.563824" lon="-2.252975">
      <ele>455</ele>
    </trkpt>
    <trkpt lat="42.563777" lon="-2.253277">
      <ele>454.4</ele>
    </trkpt>
    <trkpt lat="42.563649" lon="-2.253695">
      <ele>453.6</ele>
    </trkpt>
    <trkpt lat="42.563555" lon="-2.254109">
      <ele>452.9</ele>
    </trkpt>
    <trkpt lat="42.563583" lon="-2.254293">
      <ele>452.7</ele>
    </trkpt>
    <trkpt lat="42.563772" lon="-2.254718">
      <ele>452.5</ele>
    </trkpt>
    <trkpt lat="42.563769" lon="-2.254943">
      <ele>452.6</ele>
    </trkpt>
    <trkpt lat="42.563729" lon="-2.255077">
      <ele>452.7</ele>
    </trkpt>
    <trkpt lat="42.563679" lon="-2.255192">
      <ele>452.8</ele>
    </trkpt>
    <trkpt lat="42.563508" lon="-2.255495">
      <ele>453.2</ele>
    </trkpt>
    <trkpt lat="42.563298" lon="-2.255796">
      <ele>454.2</ele>
    </trkpt>
    <trkpt lat="42.563025" lon="-2.256007">
      <ele>455.5</ele>
    </trkpt>
    <trkpt lat="42.562956" lon="-2.256099">
      <ele>455.9</ele>
    </trkpt>
    <trkpt lat="42.562829" lon="-2.256335">
      <ele>456.9</ele>
    </trkpt>
    <trkpt lat="42.562794" lon="-2.256467">
      <ele>457.4</ele>
    </trkpt>
    <trkpt lat="42.562803" lon="-2.256716">
      <ele>458.2</ele>
    </trkpt>
    <trkpt lat="42.562871" lon="-2.256959">
      <ele>459.1</ele>
    </trkpt>
    <trkpt lat="42.562909" lon="-2.257307">
      <ele>460.1</ele>
    </trkpt>
    <trkpt lat="42.561859" lon="-2.258262">
      <ele>463.8</ele>
    </trkpt>
    <trkpt lat="42.560782" lon="-2.259225">
      <ele>465.3</ele>
    </trkpt>
    <trkpt lat="42.560498" lon="-2.259583">
      <ele>465.3</ele>
    </trkpt>
    <trkpt lat="42.559227" lon="-2.261364">
      <ele>463.2</ele>
    </trkpt>
    <trkpt lat="42.559034" lon="-2.261713">
      <ele>463.1</ele>
    </trkpt>
    <trkpt lat="42.558767" lon="-2.26229">
      <ele>463.3</ele>
    </trkpt>
    <trkpt lat="42.557622" lon="-2.264863">
      <ele>469.4</ele>
    </trkpt>
    <trkpt lat="42.557547" lon="-2.264952">
      <ele>469.8</ele>
    </trkpt>
    <trkpt lat="42.557397" lon="-2.265014">
      <ele>470.5</ele>
    </trkpt>
    <trkpt lat="42.556687" lon="-2.264904">
      <ele>474.1</ele>
    </trkpt>
    <trkpt lat="42.556517" lon="-2.26494">
      <ele>475.1</ele>
    </trkpt>
    <trkpt lat="42.556363" lon="-2.265017">
      <ele>476.1</ele>
    </trkpt>
    <trkpt lat="42.556255" lon="-2.265116">
      <ele>477</ele>
    </trkpt>
    <trkpt lat="42.555347" lon="-2.266212">
      <ele>485.8</ele>
    </trkpt>
    <trkpt lat="42.555189" lon="-2.266317">
      <ele>486.9</ele>
    </trkpt>
    <trkpt lat="42.554918" lon="-2.266415">
      <ele>488.3</ele>
    </trkpt>
    <trkpt lat="42.554489" lon="-2.266504">
      <ele>489.6</ele>
    </trkpt>
    <trkpt lat="42.554313" lon="-2.266511">
      <ele>489.8</ele>
    </trkpt>
    <trkpt lat="42.554178" lon="-2.266445">
      <ele>489.8</ele>
    </trkpt>
    <trkpt lat="42.554077" lon="-2.266362">
      <ele>489.7</ele>
    </trkpt>
    <trkpt lat="42.553826" lon="-2.266152">
      <ele>489.1</ele>
    </trkpt>
    <trkpt lat="42.553613" lon="-2.26602">
      <ele>488.2</ele>
    </trkpt>
    <trkpt lat="42.55346" lon="-2.265989">
      <ele>487.4</ele>
    </trkpt>
    <trkpt lat="42.553085" lon="-2.265938">
      <ele>485.1</ele>
    </trkpt>
    <trkpt lat="42.553002" lon="-2.265868">
      <ele>484.4</ele>
    </trkpt>
    <trkpt lat="42.552934" lon="-2.265933">
      <ele>483.7</ele>
    </trkpt>
    <trkpt lat="42.552452" lon="-2.266406">
      <ele>478.8</ele>
    </trkpt>
    <trkpt lat="42.55236" lon="-2.266524">
      <ele>477.7</ele>
    </trkpt>
    <trkpt lat="42.552258" lon="-2.26672">
      <ele>476.1</ele>
    </trkpt>
    <trkpt lat="42.552235" lon="-2.266827">
      <ele>475.4</ele>
    </trkpt>
    <trkpt lat="42.552256" lon="-2.267021">
      <ele>474.1</ele>
    </trkpt>
    <trkpt lat="42.552308" lon="-2.267155">
      <ele>473.1</ele>
    </trkpt>
    <trkpt lat="42.552438" lon="-2.267366">
      <ele>471.2</ele>
    </trkpt>
    <trkpt lat="42.553946" lon="-2.269614">
      <ele>455.4</ele>
    </trkpt>
    <trkpt lat="42.554181" lon="-2.269939">
      <ele>454.1</ele>
    </trkpt>
    <trkpt lat="42.554271" lon="-2.270099">
      <ele>453.6</ele>
    </trkpt>
    <trkpt lat="42.554349" lon="-2.270381">
      <ele>453.1</ele>
    </trkpt>
    <trkpt lat="42.554364" lon="-2.270627">
      <ele>452.7</ele>
    </trkpt>
    <trkpt lat="42.554337" lon="-2.270817">
      <ele>452.6</ele>
    </trkpt>
    <trkpt lat="42.554334" lon="-2.270836">
      <ele>452.6</ele>
    </trkpt>
    <trkpt lat="42.554213" lon="-2.271151">
      <ele>452.6</ele>
    </trkpt>
    <trkpt lat="42.55388" lon="-2.271731">
      <ele>452.6</ele>
    </trkpt>
    <trkpt lat="42.553672" lon="-2.272096">
      <ele>453.2</ele>
    </trkpt>
    <trkpt lat="42.553597" lon="-2.272219">
      <ele>453.5</ele>
    </trkpt>
    <trkpt lat="42.553537" lon="-2.272346">
      <ele>453.8</ele>
    </trkpt>
    <trkpt lat="42.553457" lon="-2.272537">
      <ele>454.3</ele>
    </trkpt>
    <trkpt lat="42.553379" lon="-2.272805">
      <ele>455</ele>
    </trkpt>
    <trkpt lat="42.552772" lon="-2.276029">
      <ele>464.3</ele>
    </trkpt>
    <trkpt lat="42.552715" lon="-2.276193">
      <ele>464.7</ele>
    </trkpt>
    <trkpt lat="42.552597" lon="-2.276402">
      <ele>465.3</ele>
    </trkpt>
    <trkpt lat="42.551907" lon="-2.277464">
      <ele>468.7</ele>
    </trkpt>
    <trkpt lat="42.551811" lon="-2.277717">
      <ele>469.5</ele>
    </trkpt>
    <trkpt lat="42.551576" lon="-2.278585">
      <ele>473</ele>
    </trkpt>
    <trkpt lat="42.551503" lon="-2.279115">
      <ele>475.5</ele>
    </trkpt>
    <trkpt lat="42.551461" lon="-2.280035">
      <ele>480.1</ele>
    </trkpt>
    <trkpt lat="42.551469" lon="-2.280296">
      <ele>481.4</ele>
    </trkpt>
    <trkpt lat="42.55156" lon="-2.280782">
      <ele>483.9</ele>
    </trkpt>
    <trkpt lat="42.551774" lon="-2.28151">
      <ele>487.3</ele>
    </trkpt>
    <trkpt lat="42.551802" lon="-2.28173">
      <ele>488.2</ele>
    </trkpt>
    <trkpt lat="42.5518" lon="-2.28192">
      <ele>489</ele>
    </trkpt>
    <trkpt lat="42.551726" lon="-2.282332">
      <ele>490.7</ele>
    </trkpt>
    <trkpt lat="42.551394" lon="-2.283348">
      <ele>495.8</ele>
    </trkpt>
    <trkpt lat="42.551251" lon="-2.28358">
      <ele>497.2</ele>
    </trkpt>
    <trkpt lat="42.551053" lon="-2.283768">
      <ele>498.8</ele>
    </trkpt>
    <trkpt lat="42.550716" lon="-2.284665">
      <ele>504</ele>
    </trkpt>
    <trkpt lat="42.550615" lon="-2.285297">
      <ele>507.2</ele>
    </trkpt>
    <trkpt lat="42.550528" lon="-2.286638">
      <ele>514.6</ele>
    </trkpt>
    <trkpt lat="42.550494" lon="-2.287369">
      <ele>518.5</ele>
    </trkpt>
    <trkpt lat="42.550503" lon="-2.287905">
      <ele>521.1</ele>
    </trkpt>
    <trkpt lat="42.550807" lon="-2.289617">
      <ele>528.3</ele>
    </trkpt>
    <trkpt lat="42.55105" lon="-2.291506">
      <ele>537.7</ele>
    </trkpt>
    <trkpt lat="42.551055" lon="-2.291636">
      <ele>538.5</ele>
    </trkpt>
    <trkpt lat="42.551041" lon="-2.292013">
      <ele>540.8</ele>
    </trkpt>
    <trkpt lat="42.550975" lon="-2.292376">
      <ele>543.1</ele>
    </trkpt>
    <trkpt lat="42.550734" lon="-2.293302">
      <ele>548.6</ele>
    </trkpt>
    <trkpt lat="42.550685" lon="-2.29365">
      <ele>550.2</ele>
    </trkpt>
    <trkpt lat="42.550696" lon="-2.293866">
      <ele>551</ele>
    </trkpt>
    <trkpt lat="42.551416" lon="-2.297534">
      <ele>557.9</ele>
    </trkpt>
    <trkpt lat="42.551609" lon="-2.298189">
      <ele>559.8</ele>
    </trkpt>
    <trkpt lat="42.552482" lon="-2.300837">
      <ele>570.1</ele>
    </trkpt>
    <trkpt lat="42.552576" lon="-2.301092">
      <ele>571</ele>
    </trkpt>
    <trkpt lat="42.552723" lon="-2.301355">
      <ele>572</ele>
    </trkpt>
    <trkpt lat="42.553145" lon="-2.301767">
      <ele>574</ele>
    </trkpt>
    <trkpt lat="42.55406" lon="-2.302577">
      <ele>578</ele>
    </trkpt>
    <trkpt lat="42.554885" lon="-2.303528">
      <ele>582</ele>
    </trkpt>
    <trkpt lat="42.555497" lon="-2.304286">
      <ele>585.3</ele>
    </trkpt>
    <trkpt lat="42.555788" lon="-2.304711">
      <ele>586.8</ele>
    </trkpt>
    <trkpt lat="42.555926" lon="-2.30508">
      <ele>587.8</ele>
    </trkpt>
    <trkpt lat="42.555996" lon="-2.305429">
      <ele>588.5</ele>
    </trkpt>
    <trkpt lat="42.556073" lon="-2.306352">
      <ele>589.5</ele>
    </trkpt>
    <trkpt lat="42.556117" lon="-2.306533">
      <ele>589.6</ele>
    </trkpt>
    <trkpt lat="42.556339" lon="-2.307093">
      <ele>589.7</ele>
    </trkpt>
    <trkpt lat="42.556557" lon="-2.307556">
      <ele>589.8</ele>
    </trkpt>
    <trkpt lat="42.556747" lon="-2.307898">
      <ele>589.9</ele>
    </trkpt>
    <trkpt lat="42.557924" lon="-2.309432">
      <ele>594.2</ele>
    </trkpt>
    <trkpt lat="42.557974" lon="-2.30953">
      <ele>594.7</ele>
    </trkpt>
    <trkpt lat="42.557982" lon="-2.309624">
      <ele>595</ele>
    </trkpt>
    <trkpt lat="42.557938" lon="-2.309674">
      <ele>595.3</ele>
    </trkpt>
    <trkpt lat="42.557808" lon="-2.309667">
      <ele>596.1</ele>
    </trkpt>
    <trkpt lat="42.557635" lon="-2.309605">
      <ele>597.1</ele>
    </trkpt>
    <trkpt lat="42.55732" lon="-2.309402">
      <ele>599.3</ele>
    </trkpt>
    <trkpt lat="42.555777" lon="-2.308115">
      <ele>610.7</ele>
    </trkpt>
    <trkpt lat="42.555379" lon="-2.307674">
      <ele>612.7</ele>
    </trkpt>
    <trkpt lat="42.555162" lon="-2.307604">
      <ele>613.2</ele>
    </trkpt>
    <trkpt lat="42.554785" lon="-2.307601">
      <ele>613.6</ele>
    </trkpt>
    <trkpt lat="42.554558" lon="-2.307485">
      <ele>613.5</ele>
    </trkpt>
    <trkpt lat="42.554178" lon="-2.307184">
      <ele>613.1</ele>
    </trkpt>
    <trkpt lat="42.553877" lon="-2.306836">
      <ele>612.3</ele>
    </trkpt>
    <trkpt lat="42.553759" lon="-2.306733">
      <ele>611.9</ele>
    </trkpt>
    <trkpt lat="42.553574" lon="-2.306639">
      <ele>611.4</ele>
    </trkpt>
    <trkpt lat="42.553367" lon="-2.30658">
      <ele>610.9</ele>
    </trkpt>
    <trkpt lat="42.553033" lon="-2.306546">
      <ele>610.3</ele>
    </trkpt>
    <trkpt lat="42.552398" lon="-2.306643">
      <ele>609.1</ele>
    </trkpt>
    <trkpt lat="42.55219" lon="-2.306643">
      <ele>608.7</ele>
    </trkpt>
    <trkpt lat="42.551197" lon="-2.306374">
      <ele>606.4</ele>
    </trkpt>
    <trkpt lat="42.549809" lon="-2.305708">
      <ele>602.4</ele>
    </trkpt>
    <trkpt lat="42.549471" lon="-2.30557">
      <ele>601.2</ele>
    </trkpt>
    <trkpt lat="42.548905" lon="-2.30549">
      <ele>599.3</ele>
    </trkpt>
    <trkpt lat="42.548212" lon="-2.305344">
      <ele>596.8</ele>
    </trkpt>
    <trkpt lat="42.548045" lon="-2.305345">
      <ele>596.3</ele>
    </trkpt>
    <trkpt lat="42.545296" lon="-2.3058">
      <ele>588.2</ele>
    </trkpt>
    <trkpt lat="42.543756" lon="-2.305887">
      <ele>585.2</ele>
    </trkpt>
    <trkpt lat="42.543086" lon="-2.306107">
      <ele>584.1</ele>
    </trkpt>
    <trkpt lat="42.542589" lon="-2.306204">
      <ele>582.9</ele>
    </trkpt>
    <trkpt lat="42.541432" lon="-2.306311">
      <ele>577.5</ele>
    </trkpt>
    <trkpt lat="42.540621" lon="-2.306226">
      <ele>573.6</ele>
    </trkpt>
    <trkpt lat="42.540361" lon="-2.306189">
      <ele>572.6</ele>
    </trkpt>
    <trkpt lat="42.539681" lon="-2.306104">
      <ele>570.2</ele>
    </trkpt>
    <trkpt lat="42.539483" lon="-2.306104">
      <ele>569.7</ele>
    </trkpt>
    <trkpt lat="42.538571" lon="-2.306285">
      <ele>567.9</ele>
    </trkpt>
    <trkpt lat="42.538424" lon="-2.306245">
      <ele>567.5</ele>
    </trkpt>
    <trkpt lat="42.538203" lon="-2.306127">
      <ele>567</ele>
    </trkpt>
    <trkpt lat="42.538041" lon="-2.306097">
      <ele>566.6</ele>
    </trkpt>
    <trkpt lat="42.537888" lon="-2.306121">
      <ele>566.3</ele>
    </trkpt>
    <trkpt lat="42.537764" lon="-2.306202">
      <ele>565.9</ele>
    </trkpt>
    <trkpt lat="42.537584" lon="-2.306411">
      <ele>565.3</ele>
    </trkpt>
    <trkpt lat="42.536859" lon="-2.307373">
      <ele>561.2</ele>
    </trkpt>
    <trkpt lat="42.536347" lon="-2.307804">
      <ele>558.2</ele>
    </trkpt>
    <trkpt lat="42.536169" lon="-2.308085">
      <ele>556.9</ele>
    </trkpt>
    <trkpt lat="42.535811" lon="-2.308883">
      <ele>553.9</ele>
    </trkpt>
    <trkpt lat="42.535605" lon="-2.309127">
      <ele>553</ele>
    </trkpt>
    <trkpt lat="42.535518" lon="-2.309184">
      <ele>552.7</ele>
    </trkpt>
    <trkpt lat="42.535459" lon="-2.309182">
      <ele>552.5</ele>
    </trkpt>
    <trkpt lat="42.534879" lon="-2.310863">
      <ele>546.8</ele>
    </trkpt>
    <trkpt lat="42.534788" lon="-2.311195">
      <ele>545</ele>
    </trkpt>
    <trkpt lat="42.534697" lon="-2.311818">
      <ele>541.1</ele>
    </trkpt>
    <trkpt lat="42.534707" lon="-2.312037">
      <ele>539.7</ele>
    </trkpt>
    <trkpt lat="42.534759" lon="-2.312305">
      <ele>537.8</ele>
    </trkpt>
    <trkpt lat="42.534939" lon="-2.312819">
      <ele>533.6</ele>
    </trkpt>
    <trkpt lat="42.535755" lon="-2.314296">
      <ele>521.8</ele>
    </trkpt>
    <trkpt lat="42.535867" lon="-2.314577">
      <ele>520</ele>
    </trkpt>
    <trkpt lat="42.535865" lon="-2.314699">
      <ele>519.4</ele>
    </trkpt>
    <trkpt lat="42.535829" lon="-2.314787">
      <ele>518.9</ele>
    </trkpt>
    <trkpt lat="42.535737" lon="-2.314854">
      <ele>518.2</ele>
    </trkpt>
    <trkpt lat="42.534943" lon="-2.315007">
      <ele>515.1</ele>
    </trkpt>
    <trkpt lat="42.534732" lon="-2.314888">
      <ele>514.9</ele>
    </trkpt>
    <trkpt lat="42.534293" lon="-2.314418">
      <ele>514.6</ele>
    </trkpt>
    <trkpt lat="42.534206" lon="-2.314357">
      <ele>514.5</ele>
    </trkpt>
    <trkpt lat="42.534139" lon="-2.314348">
      <ele>514.4</ele>
    </trkpt>
    <trkpt lat="42.534055" lon="-2.314386">
      <ele>514.3</ele>
    </trkpt>
    <trkpt lat="42.533999" lon="-2.314458">
      <ele>514.2</ele>
    </trkpt>
    <trkpt lat="42.533968" lon="-2.314569">
      <ele>514.1</ele>
    </trkpt>
    <trkpt lat="42.534033" lon="-2.31519">
      <ele>512.7</ele>
    </trkpt>
    <trkpt lat="42.534149" lon="-2.315602">
      <ele>511</ele>
    </trkpt>
    <trkpt lat="42.534248" lon="-2.315815">
      <ele>509.7</ele>
    </trkpt>
    <trkpt lat="42.534812" lon="-2.316814">
      <ele>501.9</ele>
    </trkpt>
    <trkpt lat="42.534847" lon="-2.317025">
      <ele>500.6</ele>
    </trkpt>
    <trkpt lat="42.534822" lon="-2.317206">
      <ele>499.6</ele>
    </trkpt>
    <trkpt lat="42.534621" lon="-2.318291">
      <ele>493.7</ele>
    </trkpt>
    <trkpt lat="42.534531" lon="-2.318572">
      <ele>492.2</ele>
    </trkpt>
    <trkpt lat="42.53439" lon="-2.318789">
      <ele>490.6</ele>
    </trkpt>
    <trkpt lat="42.53372" lon="-2.319603">
      <ele>482.8</ele>
    </trkpt>
    <trkpt lat="42.533383" lon="-2.32028">
      <ele>476.8</ele>
    </trkpt>
    <trkpt lat="42.533259" lon="-2.320461">
      <ele>475</ele>
    </trkpt>
    <trkpt lat="42.533041" lon="-2.320673">
      <ele>472.6</ele>
    </trkpt>
    <trkpt lat="42.532876" lon="-2.320785">
      <ele>471.1</ele>
    </trkpt>
    <trkpt lat="42.532411" lon="-2.320978">
      <ele>467.9</ele>
    </trkpt>
    <trkpt lat="42.532279" lon="-2.321008">
      <ele>467.1</ele>
    </trkpt>
    <trkpt lat="42.531703" lon="-2.320981">
      <ele>464.6</ele>
    </trkpt>
    <trkpt lat="42.53135" lon="-2.321102">
      <ele>463.5</ele>
    </trkpt>
    <trkpt lat="42.527688" lon="-2.322751">
      <ele>452.3</ele>
    </trkpt>
    <trkpt lat="42.527433" lon="-2.322914">
      <ele>451.8</ele>
    </trkpt>
    <trkpt lat="42.527212" lon="-2.323255">
      <ele>451.6</ele>
    </trkpt>
    <trkpt lat="42.527192" lon="-2.32329">
      <ele>451.6</ele>
    </trkpt>
    <trkpt lat="42.526942" lon="-2.323747">
      <ele>451.9</ele>
    </trkpt>
    <trkpt lat="42.526356" lon="-2.324822">
      <ele>455.2</ele>
    </trkpt>
    <trkpt lat="42.52621" lon="-2.325104">
      <ele>456.6</ele>
    </trkpt>
    <trkpt lat="42.526169" lon="-2.325242">
      <ele>457.3</ele>
    </trkpt>
    <trkpt lat="42.526053" lon="-2.325982">
      <ele>461.1</ele>
    </trkpt>
    <trkpt lat="42.525954" lon="-2.326833">
      <ele>466</ele>
    </trkpt>
    <trkpt lat="42.525982" lon="-2.327216">
      <ele>468.1</ele>
    </trkpt>
    <trkpt lat="42.526046" lon="-2.327445">
      <ele>469.4</ele>
    </trkpt>
    <trkpt lat="42.526155" lon="-2.327691">
      <ele>470.9</ele>
    </trkpt>
    <trkpt lat="42.526326" lon="-2.328039">
      <ele>473</ele>
    </trkpt>
    <trkpt lat="42.526352" lon="-2.328176">
      <ele>473.7</ele>
    </trkpt>
    <trkpt lat="42.526349" lon="-2.32831">
      <ele>474.4</ele>
    </trkpt>
    <trkpt lat="42.526237" lon="-2.329042">
      <ele>478</ele>
    </trkpt>
    <trkpt lat="42.526239" lon="-2.329439">
      <ele>479.8</ele>
    </trkpt>
    <trkpt lat="42.526275" lon="-2.329627">
      <ele>480.8</ele>
    </trkpt>
    <trkpt lat="42.526521" lon="-2.330196">
      <ele>484.4</ele>
    </trkpt>
    <trkpt lat="42.52696" lon="-2.330846">
      <ele>489.7</ele>
    </trkpt>
    <trkpt lat="42.527034" lon="-2.331093">
      <ele>491.2</ele>
    </trkpt>
    <trkpt lat="42.527012" lon="-2.331342">
      <ele>492.6</ele>
    </trkpt>
    <trkpt lat="42.526928" lon="-2.331558">
      <ele>493.8</ele>
    </trkpt>
    <trkpt lat="42.526859" lon="-2.331651">
      <ele>494.5</ele>
    </trkpt>
    <trkpt lat="42.526717" lon="-2.331715">
      <ele>495.5</ele>
    </trkpt>
    <trkpt lat="42.526447" lon="-2.331688">
      <ele>497.1</ele>
    </trkpt>
    <trkpt lat="42.525448" lon="-2.331178">
      <ele>501.2</ele>
    </trkpt>
    <trkpt lat="42.525146" lon="-2.331064">
      <ele>501.5</ele>
    </trkpt>
    <trkpt lat="42.524967" lon="-2.331062">
      <ele>501.5</ele>
    </trkpt>
    <trkpt lat="42.52489" lon="-2.331097">
      <ele>501.5</ele>
    </trkpt>
    <trkpt lat="42.524713" lon="-2.331258">
      <ele>501.3</ele>
    </trkpt>
    <trkpt lat="42.524602" lon="-2.331516">
      <ele>501</ele>
    </trkpt>
    <trkpt lat="42.524261" lon="-2.333115">
      <ele>497.6</ele>
    </trkpt>
    <trkpt lat="42.524086" lon="-2.334286">
      <ele>493.8</ele>
    </trkpt>
    <trkpt lat="42.523857" lon="-2.336514">
      <ele>483.3</ele>
    </trkpt>
    <trkpt lat="42.523811" lon="-2.336724">
      <ele>482.3</ele>
    </trkpt>
    <trkpt lat="42.523748" lon="-2.336909">
      <ele>481.4</ele>
    </trkpt>
    <trkpt lat="42.523628" lon="-2.337126">
      <ele>480.5</ele>
    </trkpt>
    <trkpt lat="42.523281" lon="-2.337592">
      <ele>478.8</ele>
    </trkpt>
    <trkpt lat="42.521848" lon="-2.3395">
      <ele>480.2</ele>
    </trkpt>
    <trkpt lat="42.521127" lon="-2.34051">
      <ele>480.5</ele>
    </trkpt>
    <trkpt lat="42.519833" lon="-2.343646">
      <ele>475.4</ele>
    </trkpt>
    <trkpt lat="42.519715" lon="-2.343985">
      <ele>474.8</ele>
    </trkpt>
    <trkpt lat="42.519664" lon="-2.34421">
      <ele>474.4</ele>
    </trkpt>
    <trkpt lat="42.518382" lon="-2.349916">
      <ele>463.8</ele>
    </trkpt>
    <trkpt lat="42.517986" lon="-2.351742">
      <ele>459.4</ele>
    </trkpt>
    <trkpt lat="42.517981" lon="-2.351938">
      <ele>458.9</ele>
    </trkpt>
    <trkpt lat="42.5181" lon="-2.353357">
      <ele>454.5</ele>
    </trkpt>
    <trkpt lat="42.518086" lon="-2.353863">
      <ele>452.8</ele>
    </trkpt>
    <trkpt lat="42.517515" lon="-2.356245">
      <ele>446</ele>
    </trkpt>
    <trkpt lat="42.517075" lon="-2.358049">
      <ele>444</ele>
    </trkpt>
    <trkpt lat="42.516962" lon="-2.358598">
      <ele>443.6</ele>
    </trkpt>
    <trkpt lat="42.516981" lon="-2.358836">
      <ele>443.5</ele>
    </trkpt>
    <trkpt lat="42.517017" lon="-2.358961">
      <ele>443.5</ele>
    </trkpt>
    <trkpt lat="42.516989" lon="-2.359111">
      <ele>443.4</ele>
    </trkpt>
    <trkpt lat="42.516875" lon="-2.35921">
      <ele>443.4</ele>
    </trkpt>
    <trkpt lat="42.516807" lon="-2.359282">
      <ele>443.4</ele>
    </trkpt>
    <trkpt lat="42.516761" lon="-2.359379">
      <ele>443.3</ele>
    </trkpt>
    <trkpt lat="42.516677" lon="-2.359665">
      <ele>443.3</ele>
    </trkpt>
    <trkpt lat="42.516521" lon="-2.360298">
      <ele>443.4</ele>
    </trkpt>
    <trkpt lat="42.516092" lon="-2.362028">
      <ele>443.9</ele>
    </trkpt>
    <trkpt lat="42.515753" lon="-2.363407">
      <ele>443</ele>
    </trkpt>
    <trkpt lat="42.515652" lon="-2.363817">
      <ele>442.7</ele>
    </trkpt>
    <trkpt lat="42.515445" lon="-2.364671">
      <ele>442.3</ele>
    </trkpt>
    <trkpt lat="42.515503" lon="-2.364761">
      <ele>442.3</ele>
    </trkpt>
    <trkpt lat="42.515528" lon="-2.365237">
      <ele>442.4</ele>
    </trkpt>
    <trkpt lat="42.515534" lon="-2.366217">
      <ele>443.5</ele>
    </trkpt>
    <trkpt lat="42.515467" lon="-2.366799">
      <ele>444.8</ele>
    </trkpt>
    <trkpt lat="42.515335" lon="-2.367828">
      <ele>448.5</ele>
    </trkpt>
    <trkpt lat="42.515337" lon="-2.368075">
      <ele>449.6</ele>
    </trkpt>
    <trkpt lat="42.515186" lon="-2.368955">
      <ele>455.3</ele>
    </trkpt>
    <trkpt lat="42.515053" lon="-2.368954">
      <ele>456.5</ele>
    </trkpt>
    <trkpt lat="42.515067" lon="-2.369042">
      <ele>457.2</ele>
    </trkpt>
    <trkpt lat="42.515389" lon="-2.369391">
      <ele>461.1</ele>
    </trkpt>
    <trkpt lat="42.515378" lon="-2.369554">
      <ele>462.3</ele>
    </trkpt>
    <trkpt lat="42.515594" lon="-2.369744">
      <ele>464.5</ele>
    </trkpt>
    <trkpt lat="42.515702" lon="-2.369953">
      <ele>466</ele>
    </trkpt>
    <trkpt lat="42.515721" lon="-2.369996">
      <ele>466.3</ele>
    </trkpt>
    <trkpt lat="42.515778" lon="-2.370098">
      <ele>467</ele>
    </trkpt>
    <trkpt lat="42.515827" lon="-2.370319">
      <ele>468.3</ele>
    </trkpt>
    <trkpt lat="42.51584" lon="-2.370367">
      <ele>468.5</ele>
    </trkpt>
    <trkpt lat="42.515827" lon="-2.370413">
      <ele>468.7</ele>
    </trkpt>
    <trkpt lat="42.515724" lon="-2.370654">
      <ele>470</ele>
    </trkpt>
    <trkpt lat="42.515701" lon="-2.371">
      <ele>471.2</ele>
    </trkpt>
    <trkpt lat="42.515542" lon="-2.371889">
      <ele>472.3</ele>
    </trkpt>
    <trkpt lat="42.515342" lon="-2.371945">
      <ele>472.2</ele>
    </trkpt>
    <trkpt lat="42.515174" lon="-2.37196">
      <ele>471.9</ele>
    </trkpt>
    <trkpt lat="42.51492" lon="-2.371965">
      <ele>471.2</ele>
    </trkpt>
    <trkpt lat="42.514825" lon="-2.373263">
      <ele>469.3</ele>
    </trkpt>
    <trkpt lat="42.514785" lon="-2.373304">
      <ele>469.3</ele>
    </trkpt>
    <trkpt lat="42.514794" lon="-2.373468">
      <ele>469.2</ele>
    </trkpt>
    <trkpt lat="42.514785" lon="-2.373304">
      <ele>469.2</ele>
    </trkpt>
    <trkpt lat="42.514825" lon="-2.373263">
      <ele>469.3</ele>
    </trkpt>
    <trkpt lat="42.51492" lon="-2.371965">
      <ele>469.7</ele>
    </trkpt>
    <trkpt lat="42.514929" lon="-2.371846">
      <ele>469.7</ele>
    </trkpt>
    <trkpt lat="42.515047" lon="-2.370301">
      <ele>467.5</ele>
    </trkpt>
    <trkpt lat="42.515065" lon="-2.37009">
      <ele>466.5</ele>
    </trkpt>
    <trkpt lat="42.51533" lon="-2.37016">
      <ele>464.7</ele>
    </trkpt>
    <trkpt lat="42.515378" lon="-2.369554">
      <ele>461.5</ele>
    </trkpt>
    <trkpt lat="42.515389" lon="-2.369391">
      <ele>460.5</ele>
    </trkpt>
    <trkpt lat="42.515067" lon="-2.369042">
      <ele>457.1</ele>
    </trkpt>
    <trkpt lat="42.515053" lon="-2.368954">
      <ele>456.5</ele>
    </trkpt>
    <trkpt lat="42.515186" lon="-2.368955">
      <ele>455.3</ele>
    </trkpt>
    <trkpt lat="42.515337" lon="-2.368075">
      <ele>449.6</ele>
    </trkpt>
    <trkpt lat="42.515335" lon="-2.367828">
      <ele>448.5</ele>
    </trkpt>
    <trkpt lat="42.515467" lon="-2.366799">
      <ele>444.8</ele>
    </trkpt>
    <trkpt lat="42.515534" lon="-2.366217">
      <ele>443.5</ele>
    </trkpt>
    <trkpt lat="42.515528" lon="-2.365237">
      <ele>442.4</ele>
    </trkpt>
    <trkpt lat="42.515503" lon="-2.364761">
      <ele>442.3</ele>
    </trkpt>
    <trkpt lat="42.515445" lon="-2.364671">
      <ele>442.3</ele>
    </trkpt>
    <trkpt lat="42.515652" lon="-2.363817">
      <ele>442.7</ele>
    </trkpt>
    <trkpt lat="42.515753" lon="-2.363407">
      <ele>443</ele>
    </trkpt>
    <trkpt lat="42.516092" lon="-2.362028">
      <ele>443.9</ele>
    </trkpt>
    <trkpt lat="42.516521" lon="-2.360298">
      <ele>443.3</ele>
    </trkpt>
    <trkpt lat="42.516677" lon="-2.359665">
      <ele>443.1</ele>
    </trkpt>
    <trkpt lat="42.516717" lon="-2.359331">
      <ele>443.1</ele>
    </trkpt>
    <trkpt lat="42.516703" lon="-2.359108">
      <ele>443.2</ele>
    </trkpt>
    <trkpt lat="42.516676" lon="-2.358963">
      <ele>443.2</ele>
    </trkpt>
    <trkpt lat="42.516689" lon="-2.358889">
      <ele>443.3</ele>
    </trkpt>
    <trkpt lat="42.51672" lon="-2.358826">
      <ele>443.3</ele>
    </trkpt>
    <trkpt lat="42.516816" lon="-2.358753">
      <ele>443.3</ele>
    </trkpt>
    <trkpt lat="42.516916" lon="-2.358576">
      <ele>443.4</ele>
    </trkpt>
    <trkpt lat="42.517075" lon="-2.358049">
      <ele>443.8</ele>
    </trkpt>
    <trkpt lat="42.517515" lon="-2.356245">
      <ele>446</ele>
    </trkpt>
    <trkpt lat="42.518086" lon="-2.353863">
      <ele>452.8</ele>
    </trkpt>
    <trkpt lat="42.5181" lon="-2.353357">
      <ele>454.5</ele>
    </trkpt>
    <trkpt lat="42.517981" lon="-2.351938">
      <ele>458.9</ele>
    </trkpt>
    <trkpt lat="42.517986" lon="-2.351742">
      <ele>459.4</ele>
    </trkpt>
    <trkpt lat="42.518382" lon="-2.349916">
      <ele>463.8</ele>
    </trkpt>
    <trkpt lat="42.519664" lon="-2.34421">
      <ele>474.4</ele>
    </trkpt>
    <trkpt lat="42.519715" lon="-2.343985">
      <ele>474.8</ele>
    </trkpt>
    <trkpt lat="42.519833" lon="-2.343646">
      <ele>475.4</ele>
    </trkpt>
    <trkpt lat="42.521127" lon="-2.34051">
      <ele>480.5</ele>
    </trkpt>
    <trkpt lat="42.521848" lon="-2.3395">
      <ele>480.2</ele>
    </trkpt>
    <trkpt lat="42.523281" lon="-2.337592">
      <ele>478.8</ele>
    </trkpt>
    <trkpt lat="42.523628" lon="-2.337126">
      <ele>480.5</ele>
    </trkpt>
    <trkpt lat="42.523748" lon="-2.336909">
      <ele>481.4</ele>
    </trkpt>
    <trkpt lat="42.523811" lon="-2.336724">
      <ele>482.3</ele>
    </trkpt>
    <trkpt lat="42.523857" lon="-2.336514">
      <ele>483.3</ele>
    </trkpt>
    <trkpt lat="42.524086" lon="-2.334286">
      <ele>493.8</ele>
    </trkpt>
    <trkpt lat="42.524261" lon="-2.333115">
      <ele>497.6</ele>
    </trkpt>
    <trkpt lat="42.524602" lon="-2.331516">
      <ele>501</ele>
    </trkpt>
    <trkpt lat="42.524713" lon="-2.331258">
      <ele>501.3</ele>
    </trkpt>
    <trkpt lat="42.52489" lon="-2.331097">
      <ele>501.5</ele>
    </trkpt>
    <trkpt lat="42.524967" lon="-2.331062">
      <ele>501.5</ele>
    </trkpt>
    <trkpt lat="42.525146" lon="-2.331064">
      <ele>501.5</ele>
    </trkpt>
    <trkpt lat="42.525448" lon="-2.331178">
      <ele>501.2</ele>
    </trkpt>
    <trkpt lat="42.526447" lon="-2.331688">
      <ele>497.1</ele>
    </trkpt>
    <trkpt lat="42.526717" lon="-2.331715">
      <ele>495.5</ele>
    </trkpt>
    <trkpt lat="42.526859" lon="-2.331651">
      <ele>494.5</ele>
    </trkpt>
    <trkpt lat="42.526928" lon="-2.331558">
      <ele>493.8</ele>
    </trkpt>
    <trkpt lat="42.527012" lon="-2.331342">
      <ele>492.6</ele>
    </trkpt>
    <trkpt lat="42.527034" lon="-2.331093">
      <ele>491.2</ele>
    </trkpt>
    <trkpt lat="42.52696" lon="-2.330846">
      <ele>489.7</ele>
    </trkpt>
    <trkpt lat="42.526521" lon="-2.330196">
      <ele>484.4</ele>
    </trkpt>
    <trkpt lat="42.526275" lon="-2.329627">
      <ele>480.8</ele>
    </trkpt>
    <trkpt lat="42.526239" lon="-2.329439">
      <ele>479.8</ele>
    </trkpt>
    <trkpt lat="42.526237" lon="-2.329042">
      <ele>478</ele>
    </trkpt>
    <trkpt lat="42.526349" lon="-2.32831">
      <ele>474.4</ele>
    </trkpt>
    <trkpt lat="42.526352" lon="-2.328176">
      <ele>473.7</ele>
    </trkpt>
    <trkpt lat="42.526326" lon="-2.328039">
      <ele>473</ele>
    </trkpt>
    <trkpt lat="42.526155" lon="-2.327691">
      <ele>470.9</ele>
    </trkpt>
    <trkpt lat="42.526046" lon="-2.327445">
      <ele>469.4</ele>
    </trkpt>
    <trkpt lat="42.525982" lon="-2.327216">
      <ele>468.1</ele>
    </trkpt>
    <trkpt lat="42.525954" lon="-2.326833">
      <ele>466</ele>
    </trkpt>
    <trkpt lat="42.526053" lon="-2.325982">
      <ele>461.1</ele>
    </trkpt>
    <trkpt lat="42.526169" lon="-2.325242">
      <ele>457.3</ele>
    </trkpt>
    <trkpt lat="42.52621" lon="-2.325104">
      <ele>456.6</ele>
    </trkpt>
    <trkpt lat="42.526356" lon="-2.324822">
      <ele>455.2</ele>
    </trkpt>
    <trkpt lat="42.526942" lon="-2.323747">
      <ele>451.9</ele>
    </trkpt>
    <trkpt lat="42.527192" lon="-2.32329">
      <ele>451.6</ele>
    </trkpt>
    <trkpt lat="42.527212" lon="-2.323255">
      <ele>451.6</ele>
    </trkpt>
    <trkpt lat="42.527433" lon="-2.322914">
      <ele>451.8</ele>
    </trkpt>
    <trkpt lat="42.527688" lon="-2.322751">
      <ele>452.3</ele>
    </trkpt>
    <trkpt lat="42.53135" lon="-2.321102">
      <ele>463.5</ele>
    </trkpt>
    <trkpt lat="42.531703" lon="-2.320981">
      <ele>464.6</ele>
    </trkpt>
    <trkpt lat="42.532279" lon="-2.321008">
      <ele>467.1</ele>
    </trkpt>
    <trkpt lat="42.532411" lon="-2.320978">
      <ele>467.9</ele>
    </trkpt>
    <trkpt lat="42.532876" lon="-2.320785">
      <ele>471.1</ele>
    </trkpt>
    <trkpt lat="42.533041" lon="-2.320673">
      <ele>472.6</ele>
    </trkpt>
    <trkpt lat="42.533259" lon="-2.320461">
      <ele>475</ele>
    </trkpt>
    <trkpt lat="42.533383" lon="-2.32028">
      <ele>476.8</ele>
    </trkpt>
    <trkpt lat="42.53372" lon="-2.319603">
      <ele>482.8</ele>
    </trkpt>
    <trkpt lat="42.53439" lon="-2.318789">
      <ele>490.6</ele>
    </trkpt>
    <trkpt lat="42.534531" lon="-2.318572">
      <ele>492.2</ele>
    </trkpt>
    <trkpt lat="42.534621" lon="-2.318291">
      <ele>493.7</ele>
    </trkpt>
    <trkpt lat="42.534822" lon="-2.317206">
      <ele>499.6</ele>
    </trkpt>
    <trkpt lat="42.534847" lon="-2.317025">
      <ele>500.6</ele>
    </trkpt>
    <trkpt lat="42.534812" lon="-2.316814">
      <ele>501.9</ele>
    </trkpt>
    <trkpt lat="42.534248" lon="-2.315815">
      <ele>509.7</ele>
    </trkpt>
    <trkpt lat="42.534149" lon="-2.315602">
      <ele>511</ele>
    </trkpt>
    <trkpt lat="42.534033" lon="-2.31519">
      <ele>512.7</ele>
    </trkpt>
    <trkpt lat="42.533968" lon="-2.314569">
      <ele>514.1</ele>
    </trkpt>
    <trkpt lat="42.533999" lon="-2.314458">
      <ele>514.2</ele>
    </trkpt>
    <trkpt lat="42.534055" lon="-2.314386">
      <ele>514.3</ele>
    </trkpt>
    <trkpt lat="42.534139" lon="-2.314348">
      <ele>514.4</ele>
    </trkpt>
    <trkpt lat="42.534206" lon="-2.314357">
      <ele>514.5</ele>
    </trkpt>
    <trkpt lat="42.534293" lon="-2.314418">
      <ele>514.6</ele>
    </trkpt>
    <trkpt lat="42.534732" lon="-2.314888">
      <ele>514.9</ele>
    </trkpt>
    <trkpt lat="42.534943" lon="-2.315007">
      <ele>515.1</ele>
    </trkpt>
    <trkpt lat="42.535737" lon="-2.314854">
      <ele>518.2</ele>
    </trkpt>
    <trkpt lat="42.535829" lon="-2.314787">
      <ele>518.9</ele>
    </trkpt>
    <trkpt lat="42.535865" lon="-2.314699">
      <ele>519.4</ele>
    </trkpt>
    <trkpt lat="42.535867" lon="-2.314577">
      <ele>520</ele>
    </trkpt>
    <trkpt lat="42.535755" lon="-2.314296">
      <ele>521.8</ele>
    </trkpt>
    <trkpt lat="42.534939" lon="-2.312819">
      <ele>533.6</ele>
    </trkpt>
    <trkpt lat="42.534759" lon="-2.312305">
      <ele>537.8</ele>
    </trkpt>
    <trkpt lat="42.534707" lon="-2.312037">
      <ele>539.7</ele>
    </trkpt>
    <trkpt lat="42.534697" lon="-2.311818">
      <ele>541.1</ele>
    </trkpt>
    <trkpt lat="42.534788" lon="-2.311195">
      <ele>545</ele>
    </trkpt>
    <trkpt lat="42.534879" lon="-2.310863">
      <ele>546.8</ele>
    </trkpt>
    <trkpt lat="42.535459" lon="-2.309182">
      <ele>552.5</ele>
    </trkpt>
    <trkpt lat="42.535518" lon="-2.309184">
      <ele>552.7</ele>
    </trkpt>
    <trkpt lat="42.535605" lon="-2.309127">
      <ele>553</ele>
    </trkpt>
    <trkpt lat="42.535811" lon="-2.308883">
      <ele>553.9</ele>
    </trkpt>
    <trkpt lat="42.536169" lon="-2.308085">
      <ele>556.9</ele>
    </trkpt>
    <trkpt lat="42.536347" lon="-2.307804">
      <ele>558.2</ele>
    </trkpt>
    <trkpt lat="42.536859" lon="-2.307373">
      <ele>561.2</ele>
    </trkpt>
    <trkpt lat="42.537584" lon="-2.306411">
      <ele>565.3</ele>
    </trkpt>
    <trkpt lat="42.537764" lon="-2.306202">
      <ele>565.9</ele>
    </trkpt>
    <trkpt lat="42.537888" lon="-2.306121">
      <ele>566.3</ele>
    </trkpt>
    <trkpt lat="42.538041" lon="-2.306097">
      <ele>566.6</ele>
    </trkpt>
    <trkpt lat="42.538203" lon="-2.306127">
      <ele>567</ele>
    </trkpt>
    <trkpt lat="42.538424" lon="-2.306245">
      <ele>567.5</ele>
    </trkpt>
    <trkpt lat="42.538571" lon="-2.306285">
      <ele>567.9</ele>
    </trkpt>
    <trkpt lat="42.539483" lon="-2.306104">
      <ele>569.7</ele>
    </trkpt>
    <trkpt lat="42.539681" lon="-2.306104">
      <ele>570.2</ele>
    </trkpt>
    <trkpt lat="42.540361" lon="-2.306189">
      <ele>572.6</ele>
    </trkpt>
    <trkpt lat="42.540621" lon="-2.306226">
      <ele>573.6</ele>
    </trkpt>
    <trkpt lat="42.541432" lon="-2.306311">
      <ele>577.5</ele>
    </trkpt>
    <trkpt lat="42.542589" lon="-2.306204">
      <ele>582.9</ele>
    </trkpt>
    <trkpt lat="42.543086" lon="-2.306107">
      <ele>584.1</ele>
    </trkpt>
    <trkpt lat="42.543756" lon="-2.305887">
      <ele>585.2</ele>
    </trkpt>
    <trkpt lat="42.545296" lon="-2.3058">
      <ele>588.2</ele>
    </trkpt>
    <trkpt lat="42.548045" lon="-2.305345">
      <ele>596.3</ele>
    </trkpt>
    <trkpt lat="42.548212" lon="-2.305344">
      <ele>596.8</ele>
    </trkpt>
    <trkpt lat="42.548905" lon="-2.30549">
      <ele>599.3</ele>
    </trkpt>
    <trkpt lat="42.549471" lon="-2.30557">
      <ele>601.2</ele>
    </trkpt>
    <trkpt lat="42.549809" lon="-2.305708">
      <ele>602.4</ele>
    </trkpt>
    <trkpt lat="42.551197" lon="-2.306374">
      <ele>606.4</ele>
    </trkpt>
    <trkpt lat="42.55219" lon="-2.306643">
      <ele>608.7</ele>
    </trkpt>
    <trkpt lat="42.552398" lon="-2.306643">
      <ele>609.1</ele>
    </trkpt>
    <trkpt lat="42.553033" lon="-2.306546">
      <ele>610.3</ele>
    </trkpt>
    <trkpt lat="42.553367" lon="-2.30658">
      <ele>610.9</ele>
    </trkpt>
    <trkpt lat="42.553574" lon="-2.306639">
      <ele>611.4</ele>
    </trkpt>
    <trkpt lat="42.553759" lon="-2.306733">
      <ele>611.9</ele>
    </trkpt>
    <trkpt lat="42.553877" lon="-2.306836">
      <ele>612.3</ele>
    </trkpt>
    <trkpt lat="42.554178" lon="-2.307184">
      <ele>613.1</ele>
    </trkpt>
    <trkpt lat="42.554558" lon="-2.307485">
      <ele>613.5</ele>
    </trkpt>
    <trkpt lat="42.554785" lon="-2.307601">
      <ele>613.6</ele>
    </trkpt>
    <trkpt lat="42.555162" lon="-2.307604">
      <ele>613.2</ele>
    </trkpt>
    <trkpt lat="42.555379" lon="-2.307674">
      <ele>612.7</ele>
    </trkpt>
    <trkpt lat="42.555777" lon="-2.308115">
      <ele>610.7</ele>
    </trkpt>
    <trkpt lat="42.55732" lon="-2.309402">
      <ele>599.3</ele>
    </trkpt>
    <trkpt lat="42.557635" lon="-2.309605">
      <ele>597.1</ele>
    </trkpt>
    <trkpt lat="42.557808" lon="-2.309667">
      <ele>596.1</ele>
    </trkpt>
    <trkpt lat="42.557938" lon="-2.309674">
      <ele>595.3</ele>
    </trkpt>
    <trkpt lat="42.557982" lon="-2.309624">
      <ele>595</ele>
    </trkpt>
    <trkpt lat="42.557974" lon="-2.30953">
      <ele>594.7</ele>
    </trkpt>
    <trkpt lat="42.557924" lon="-2.309432">
      <ele>594.2</ele>
    </trkpt>
    <trkpt lat="42.556747" lon="-2.307898">
      <ele>589.9</ele>
    </trkpt>
    <trkpt lat="42.556557" lon="-2.307556">
      <ele>589.8</ele>
    </trkpt>
    <trkpt lat="42.556339" lon="-2.307093">
      <ele>589.7</ele>
    </trkpt>
    <trkpt lat="42.556117" lon="-2.306533">
      <ele>589.6</ele>
    </trkpt>
    <trkpt lat="42.556073" lon="-2.306352">
      <ele>589.5</ele>
    </trkpt>
    <trkpt lat="42.555996" lon="-2.305429">
      <ele>588.5</ele>
    </trkpt>
    <trkpt lat="42.555926" lon="-2.30508">
      <ele>587.8</ele>
    </trkpt>
    <trkpt lat="42.555788" lon="-2.304711">
      <ele>586.8</ele>
    </trkpt>
    <trkpt lat="42.555497" lon="-2.304286">
      <ele>585.3</ele>
    </trkpt>
    <trkpt lat="42.554885" lon="-2.303528">
      <ele>582</ele>
    </trkpt>
    <trkpt lat="42.55406" lon="-2.302577">
      <ele>578</ele>
    </trkpt>
    <trkpt lat="42.553145" lon="-2.301767">
      <ele>574</ele>
    </trkpt>
    <trkpt lat="42.552723" lon="-2.301355">
      <ele>572</ele>
    </trkpt>
    <trkpt lat="42.552576" lon="-2.301092">
      <ele>571</ele>
    </trkpt>
    <trkpt lat="42.552482" lon="-2.300837">
      <ele>570.1</ele>
    </trkpt>
    <trkpt lat="42.551609" lon="-2.298189">
      <ele>559.8</ele>
    </trkpt>
    <trkpt lat="42.551416" lon="-2.297534">
      <ele>557.9</ele>
    </trkpt>
    <trkpt lat="42.550696" lon="-2.293866">
      <ele>551</ele>
    </trkpt>
    <trkpt lat="42.550685" lon="-2.29365">
      <ele>550.2</ele>
    </trkpt>
    <trkpt lat="42.550734" lon="-2.293302">
      <ele>548.6</ele>
    </trkpt>
    <trkpt lat="42.550975" lon="-2.292376">
      <ele>543.1</ele>
    </trkpt>
    <trkpt lat="42.551041" lon="-2.292013">
      <ele>540.8</ele>
    </trkpt>
    <trkpt lat="42.551055" lon="-2.291636">
      <ele>538.5</ele>
    </trkpt>
    <trkpt lat="42.55105" lon="-2.291506">
      <ele>537.7</ele>
    </trkpt>
    <trkpt lat="42.550807" lon="-2.289617">
      <ele>528.3</ele>
    </trkpt>
    <trkpt lat="42.550503" lon="-2.287905">
      <ele>521.1</ele>
    </trkpt>
    <trkpt lat="42.550494" lon="-2.287369">
      <ele>518.5</ele>
    </trkpt>
    <trkpt lat="42.550528" lon="-2.286638">
      <ele>514.6</ele>
    </trkpt>
    <trkpt lat="42.550615" lon="-2.285297">
      <ele>507.5</ele>
    </trkpt>
    <trkpt lat="42.550716" lon="-2.284665">
      <ele>504.4</ele>
    </trkpt>
    <trkpt lat="42.550762" lon="-2.284448">
      <ele>503.2</ele>
    </trkpt>
    <trkpt lat="42.550806" lon="-2.284231">
      <ele>502</ele>
    </trkpt>
    <trkpt lat="42.550802" lon="-2.284049">
      <ele>501</ele>
    </trkpt>
    <trkpt lat="42.551053" lon="-2.283768">
      <ele>498.9</ele>
    </trkpt>
    <trkpt lat="42.551251" lon="-2.28358">
      <ele>497.3</ele>
    </trkpt>
    <trkpt lat="42.551394" lon="-2.283348">
      <ele>496</ele>
    </trkpt>
    <trkpt lat="42.551726" lon="-2.282332">
      <ele>490.7</ele>
    </trkpt>
    <trkpt lat="42.5518" lon="-2.28192">
      <ele>489</ele>
    </trkpt>
    <trkpt lat="42.551802" lon="-2.28173">
      <ele>488.2</ele>
    </trkpt>
    <trkpt lat="42.551774" lon="-2.28151">
      <ele>487.3</ele>
    </trkpt>
    <trkpt lat="42.55156" lon="-2.280782">
      <ele>483.9</ele>
    </trkpt>
    <trkpt lat="42.551469" lon="-2.280296">
      <ele>481.4</ele>
    </trkpt>
    <trkpt lat="42.551461" lon="-2.280035">
      <ele>480.1</ele>
    </trkpt>
    <trkpt lat="42.551503" lon="-2.279115">
      <ele>475.5</ele>
    </trkpt>
    <trkpt lat="42.551576" lon="-2.278585">
      <ele>473</ele>
    </trkpt>
    <trkpt lat="42.551811" lon="-2.277717">
      <ele>469.5</ele>
    </trkpt>
    <trkpt lat="42.551907" lon="-2.277464">
      <ele>468.7</ele>
    </trkpt>
    <trkpt lat="42.552597" lon="-2.276402">
      <ele>465.3</ele>
    </trkpt>
    <trkpt lat="42.552715" lon="-2.276193">
      <ele>464.7</ele>
    </trkpt>
    <trkpt lat="42.552772" lon="-2.276029">
      <ele>464.3</ele>
    </trkpt>
    <trkpt lat="42.553379" lon="-2.272805">
      <ele>455</ele>
    </trkpt>
    <trkpt lat="42.553457" lon="-2.272537">
      <ele>454.3</ele>
    </trkpt>
    <trkpt lat="42.553537" lon="-2.272346">
      <ele>453.8</ele>
    </trkpt>
    <trkpt lat="42.553597" lon="-2.272219">
      <ele>453.5</ele>
    </trkpt>
    <trkpt lat="42.553672" lon="-2.272096">
      <ele>453.2</ele>
    </trkpt>
    <trkpt lat="42.55388" lon="-2.271731">
      <ele>452.6</ele>
    </trkpt>
    <trkpt lat="42.554213" lon="-2.271151">
      <ele>452.6</ele>
    </trkpt>
    <trkpt lat="42.554334" lon="-2.270836">
      <ele>452.6</ele>
    </trkpt>
    <trkpt lat="42.554364" lon="-2.270627">
      <ele>452.7</ele>
    </trkpt>
    <trkpt lat="42.554349" lon="-2.270381">
      <ele>453.1</ele>
    </trkpt>
    <trkpt lat="42.554271" lon="-2.270099">
      <ele>453.6</ele>
    </trkpt>
    <trkpt lat="42.554181" lon="-2.269939">
      <ele>454.1</ele>
    </trkpt>
    <trkpt lat="42.553946" lon="-2.269614">
      <ele>455.4</ele>
    </trkpt>
    <trkpt lat="42.552573" lon="-2.267568">
      <ele>469.4</ele>
    </trkpt>
    <trkpt lat="42.552438" lon="-2.267366">
      <ele>471.2</ele>
    </trkpt>
    <trkpt lat="42.552308" lon="-2.267155">
      <ele>473.1</ele>
    </trkpt>
    <trkpt lat="42.552256" lon="-2.267021">
      <ele>474.1</ele>
    </trkpt>
    <trkpt lat="42.552235" lon="-2.266827">
      <ele>475.4</ele>
    </trkpt>
    <trkpt lat="42.552258" lon="-2.26672">
      <ele>476.1</ele>
    </trkpt>
    <trkpt lat="42.55236" lon="-2.266524">
      <ele>477.7</ele>
    </trkpt>
    <trkpt lat="42.552452" lon="-2.266406">
      <ele>478.8</ele>
    </trkpt>
    <trkpt lat="42.552934" lon="-2.265933">
      <ele>483.7</ele>
    </trkpt>
    <trkpt lat="42.553002" lon="-2.265868">
      <ele>484.4</ele>
    </trkpt>
    <trkpt lat="42.553085" lon="-2.265938">
      <ele>485.1</ele>
    </trkpt>
    <trkpt lat="42.55346" lon="-2.265989">
      <ele>487.4</ele>
    </trkpt>
    <trkpt lat="42.553613" lon="-2.26602">
      <ele>488.2</ele>
    </trkpt>
    <trkpt lat="42.553826" lon="-2.266152">
      <ele>489.1</ele>
    </trkpt>
    <trkpt lat="42.554077" lon="-2.266362">
      <ele>489.7</ele>
    </trkpt>
    <trkpt lat="42.554178" lon="-2.266445">
      <ele>489.8</ele>
    </trkpt>
    <trkpt lat="42.554313" lon="-2.266511">
      <ele>489.8</ele>
    </trkpt>
    <trkpt lat="42.554489" lon="-2.266504">
      <ele>489.6</ele>
    </trkpt>
    <trkpt lat="42.554918" lon="-2.266415">
      <ele>488.3</ele>
    </trkpt>
    <trkpt lat="42.555189" lon="-2.266317">
      <ele>486.9</ele>
    </trkpt>
    <trkpt lat="42.555347" lon="-2.266212">
      <ele>485.8</ele>
    </trkpt>
    <trkpt lat="42.556255" lon="-2.265116">
      <ele>477</ele>
    </trkpt>
    <trkpt lat="42.556363" lon="-2.265017">
      <ele>476.1</ele>
    </trkpt>
    <trkpt lat="42.556517" lon="-2.26494">
      <ele>475.1</ele>
    </trkpt>
    <trkpt lat="42.556687" lon="-2.264904">
      <ele>474.1</ele>
    </trkpt>
    <trkpt lat="42.557397" lon="-2.265014">
      <ele>470.5</ele>
    </trkpt>
    <trkpt lat="42.557547" lon="-2.264952">
      <ele>469.8</ele>
    </trkpt>
    <trkpt lat="42.557622" lon="-2.264863">
      <ele>469.4</ele>
    </trkpt>
    <trkpt lat="42.558767" lon="-2.26229">
      <ele>463.3</ele>
    </trkpt>
    <trkpt lat="42.559034" lon="-2.261713">
      <ele>463.1</ele>
    </trkpt>
    <trkpt lat="42.559227" lon="-2.261364">
      <ele>463.2</ele>
    </trkpt>
    <trkpt lat="42.560498" lon="-2.259583">
      <ele>465.3</ele>
    </trkpt>
    <trkpt lat="42.560782" lon="-2.259225">
      <ele>465.3</ele>
    </trkpt>
    <trkpt lat="42.561859" lon="-2.258262">
      <ele>463.8</ele>
    </trkpt>
    <trkpt lat="42.562909" lon="-2.257307">
      <ele>460.1</ele>
    </trkpt>
    <trkpt lat="42.562871" lon="-2.256959">
      <ele>459.1</ele>
    </trkpt>
    <trkpt lat="42.562803" lon="-2.256716">
      <ele>458.2</ele>
    </trkpt>
    <trkpt lat="42.562794" lon="-2.256467">
      <ele>457.4</ele>
    </trkpt>
    <trkpt lat="42.562829" lon="-2.256335">
      <ele>456.9</ele>
    </trkpt>
    <trkpt lat="42.562956" lon="-2.256099">
      <ele>455.9</ele>
    </trkpt>
    <trkpt lat="42.563025" lon="-2.256007">
      <ele>455.5</ele>
    </trkpt>
    <trkpt lat="42.563298" lon="-2.255796">
      <ele>454.2</ele>
    </trkpt>
    <trkpt lat="42.563508" lon="-2.255495">
      <ele>453.2</ele>
    </trkpt>
    <trkpt lat="42.563679" lon="-2.255192">
      <ele>452.8</ele>
    </trkpt>
    <trkpt lat="42.563729" lon="-2.255077">
      <ele>452.7</ele>
    </trkpt>
    <trkpt lat="42.563769" lon="-2.254943">
      <ele>452.6</ele>
    </trkpt>
    <trkpt lat="42.563772" lon="-2.254718">
      <ele>452.5</ele>
    </trkpt>
    <trkpt lat="42.563583" lon="-2.254293">
      <ele>452.7</ele>
    </trkpt>
    <trkpt lat="42.563555" lon="-2.254109">
      <ele>452.9</ele>
    </trkpt>
    <trkpt lat="42.563649" lon="-2.253695">
      <ele>453.6</ele>
    </trkpt>
    <trkpt lat="42.563777" lon="-2.253277">
      <ele>454.4</ele>
    </trkpt>
    <trkpt lat="42.563824" lon="-2.252975">
      <ele>455</ele>
    </trkpt>
    <trkpt lat="42.563969" lon="-2.252377">
      <ele>456.3</ele>
    </trkpt>
    <trkpt lat="42.564008" lon="-2.252157">
      <ele>456.7</ele>
    </trkpt>
    <trkpt lat="42.564069" lon="-2.25095">
      <ele>458.5</ele>
    </trkpt>
    <trkpt lat="42.564098" lon="-2.250756">
      <ele>458.7</ele>
    </trkpt>
    <trkpt lat="42.564226" lon="-2.2503">
      <ele>459</ele>
    </trkpt>
    <trkpt lat="42.564323" lon="-2.249661">
      <ele>459.4</ele>
    </trkpt>
    <trkpt lat="42.564311" lon="-2.249367">
      <ele>459.6</ele>
    </trkpt>
    <trkpt lat="42.564246" lon="-2.249112">
      <ele>459.8</ele>
    </trkpt>
    <trkpt lat="42.564185" lon="-2.24898">
      <ele>459.9</ele>
    </trkpt>
    <trkpt lat="42.563961" lon="-2.24864">
      <ele>460.4</ele>
    </trkpt>
    <trkpt lat="42.563855" lon="-2.248387">
      <ele>460.7</ele>
    </trkpt>
    <trkpt lat="42.563712" lon="-2.247799">
      <ele>461.2</ele>
    </trkpt>
    <trkpt lat="42.563653" lon="-2.247505">
      <ele>461.4</ele>
    </trkpt>
    <trkpt lat="42.563617" lon="-2.246811">
      <ele>461.8</ele>
    </trkpt>
    <trkpt lat="42.563459" lon="-2.245666">
      <ele>462.1</ele>
    </trkpt>
    <trkpt lat="42.563476" lon="-2.245236">
      <ele>462</ele>
    </trkpt>
    <trkpt lat="42.563534" lon="-2.244932">
      <ele>462</ele>
    </trkpt>
    <trkpt lat="42.563789" lon="-2.242914">
      <ele>461.6</ele>
    </trkpt>
    <trkpt lat="42.563819" lon="-2.241624">
      <ele>460.5</ele>
    </trkpt>
    <trkpt lat="42.563795" lon="-2.241029">
      <ele>459.7</ele>
    </trkpt>
    <trkpt lat="42.563663" lon="-2.239813">
      <ele>458.1</ele>
    </trkpt>
    <trkpt lat="42.563667" lon="-2.239191">
      <ele>457.3</ele>
    </trkpt>
    <trkpt lat="42.563623" lon="-2.238624">
      <ele>456.6</ele>
    </trkpt>
    <trkpt lat="42.563607" lon="-2.237769">
      <ele>455.5</ele>
    </trkpt>
    <trkpt lat="42.563548" lon="-2.236895">
      <ele>454</ele>
    </trkpt>
    <trkpt lat="42.5635" lon="-2.236718">
      <ele>453.6</ele>
    </trkpt>
    <trkpt lat="42.563457" lon="-2.236656">
      <ele>453.4</ele>
    </trkpt>
    <trkpt lat="42.563189" lon="-2.236397">
      <ele>452.5</ele>
    </trkpt>
    <trkpt lat="42.563094" lon="-2.236226">
      <ele>452.1</ele>
    </trkpt>
    <trkpt lat="42.562991" lon="-2.235765">
      <ele>451.3</ele>
    </trkpt>
    <trkpt lat="42.562865" lon="-2.23568">
      <ele>451</ele>
    </trkpt>
    <trkpt lat="42.563129" lon="-2.234354">
      <ele>450.3</ele>
    </trkpt>
    <trkpt lat="42.564969" lon="-2.223609">
      <ele>462.5</ele>
    </trkpt>
    <trkpt lat="42.565479" lon="-2.216739">
      <ele>464.2</ele>
    </trkpt>
    <trkpt lat="42.565678" lon="-2.214901">
      <ele>463.4</ele>
    </trkpt>
    <trkpt lat="42.565757" lon="-2.213853">
      <ele>463.2</ele>
    </trkpt>
    <trkpt lat="42.566093" lon="-2.208162">
      <ele>463</ele>
    </trkpt>
    <trkpt lat="42.566167" lon="-2.207502">
      <ele>462.9</ele>
    </trkpt>
    <trkpt lat="42.566406" lon="-2.205908">
      <ele>463.2</ele>
    </trkpt>
    <trkpt lat="42.566487" lon="-2.205327">
      <ele>463.4</ele>
    </trkpt>
    <trkpt lat="42.566591" lon="-2.203456">
      <ele>463.6</ele>
    </trkpt>
    <trkpt lat="42.566741" lon="-2.202676">
      <ele>463.9</ele>
    </trkpt>
    <trkpt lat="42.566803" lon="-2.202528">
      <ele>463.9</ele>
    </trkpt>
    <trkpt lat="42.567084" lon="-2.200788">
      <ele>465.2</ele>
    </trkpt>
    <trkpt lat="42.567136" lon="-2.199826">
      <ele>465.3</ele>
    </trkpt>
    <trkpt lat="42.567226" lon="-2.199017">
      <ele>464.2</ele>
    </trkpt>
    <trkpt lat="42.567257" lon="-2.19889">
      <ele>463.9</ele>
    </trkpt>
    <trkpt lat="42.567563" lon="-2.19799">
      <ele>461.5</ele>
    </trkpt>
    <trkpt lat="42.567638" lon="-2.197893">
      <ele>461.1</ele>
    </trkpt>
    <trkpt lat="42.56805" lon="-2.196496">
      <ele>455.9</ele>
    </trkpt>
    <trkpt lat="42.568202" lon="-2.195965">
      <ele>453.7</ele>
    </trkpt>
    <trkpt lat="42.568537" lon="-2.194539">
      <ele>448.1</ele>
    </trkpt>
    <trkpt lat="42.568578" lon="-2.194371">
      <ele>447.7</ele>
    </trkpt>
    <trkpt lat="42.568717" lon="-2.19392">
      <ele>446.9</ele>
    </trkpt>
    <trkpt lat="42.568742" lon="-2.193844">
      <ele>446.9</ele>
    </trkpt>
    <trkpt lat="42.568867" lon="-2.19345">
      <ele>447.1</ele>
    </trkpt>
    <trkpt lat="42.568896" lon="-2.193336">
      <ele>447.2</ele>
    </trkpt>
    <trkpt lat="42.568945" lon="-2.193129">
      <ele>447.5</ele>
    </trkpt>
    <trkpt lat="42.5691" lon="-2.192681">
      <ele>448.5</ele>
    </trkpt>
    <trkpt lat="42.569228" lon="-2.192404">
      <ele>449.4</ele>
    </trkpt>
    <trkpt lat="42.569243" lon="-2.192374">
      <ele>449.5</ele>
    </trkpt>
    <trkpt lat="42.56933" lon="-2.192229">
      <ele>450</ele>
    </trkpt>
    <trkpt lat="42.569509" lon="-2.191824">
      <ele>451.2</ele>
    </trkpt>
    <trkpt lat="42.569583" lon="-2.191775">
      <ele>451.5</ele>
    </trkpt>
    <trkpt lat="42.569778" lon="-2.191966">
      <ele>452</ele>
    </trkpt>
    <trkpt lat="42.569908" lon="-2.192054">
      <ele>452.3</ele>
    </trkpt>
    <trkpt lat="42.570131" lon="-2.192097">
      <ele>452.5</ele>
    </trkpt>
    <trkpt lat="42.570327" lon="-2.192201">
      <ele>452.5</ele>
    </trkpt>
    <trkpt lat="42.571062" lon="-2.192643">
      <ele>452.1</ele>
    </trkpt>
    <trkpt lat="42.571884" lon="-2.193107">
      <ele>452.2</ele>
    </trkpt>
    <trkpt lat="42.572179" lon="-2.19323">
      <ele>452.5</ele>
    </trkpt>
    <trkpt lat="42.57274" lon="-2.19338">
      <ele>453.3</ele>
    </trkpt>
    <trkpt lat="42.573094" lon="-2.193407">
      <ele>453.8</ele>
    </trkpt>
    <trkpt lat="42.573545" lon="-2.193378">
      <ele>454.3</ele>
    </trkpt>
    <trkpt lat="42.573758" lon="-2.193264">
      <ele>454.5</ele>
    </trkpt>
    <trkpt lat="42.573973" lon="-2.193066">
      <ele>454.7</ele>
    </trkpt>
    <trkpt lat="42.574345" lon="-2.19266">
      <ele>454.9</ele>
    </trkpt>
    <trkpt lat="42.574918" lon="-2.191901">
      <ele>454.9</ele>
    </trkpt>
    <trkpt lat="42.576289" lon="-2.190358">
      <ele>457.5</ele>
    </trkpt>
    <trkpt lat="42.576414" lon="-2.190257">
      <ele>458</ele>
    </trkpt>
    <trkpt lat="42.578438" lon="-2.189101">
      <ele>468.5</ele>
    </trkpt>
    <trkpt lat="42.579237" lon="-2.188589">
      <ele>475.9</ele>
    </trkpt>
    <trkpt lat="42.579394" lon="-2.188539">
      <ele>477.4</ele>
    </trkpt>
    <trkpt lat="42.579782" lon="-2.188506">
      <ele>481.3</ele>
    </trkpt>
    <trkpt lat="42.57994" lon="-2.188396">
      <ele>483.1</ele>
    </trkpt>
    <trkpt lat="42.580897" lon="-2.187539">
      <ele>492.7</ele>
    </trkpt>
    <trkpt lat="42.581343" lon="-2.187319">
      <ele>494.6</ele>
    </trkpt>
    <trkpt lat="42.581584" lon="-2.187031">
      <ele>495.2</ele>
    </trkpt>
    <trkpt lat="42.583722" lon="-2.183634">
      <ele>489.1</ele>
    </trkpt>
    <trkpt lat="42.58383" lon="-2.183495">
      <ele>488.9</ele>
    </trkpt>
    <trkpt lat="42.584034" lon="-2.183329">
      <ele>488.6</ele>
    </trkpt>
    <trkpt lat="42.584436" lon="-2.183066">
      <ele>487.9</ele>
    </trkpt>
    <trkpt lat="42.584508" lon="-2.182976">
      <ele>487.8</ele>
    </trkpt>
    <trkpt lat="42.584752" lon="-2.182468">
      <ele>487.3</ele>
    </trkpt>
    <trkpt lat="42.584818" lon="-2.182385">
      <ele>487.2</ele>
    </trkpt>
    <trkpt lat="42.585169" lon="-2.182244">
      <ele>486.6</ele>
    </trkpt>
    <trkpt lat="42.585735" lon="-2.182173">
      <ele>485.8</ele>
    </trkpt>
    <trkpt lat="42.586349" lon="-2.182045">
      <ele>485.8</ele>
    </trkpt>
    <trkpt lat="42.586958" lon="-2.181754">
      <ele>486.2</ele>
    </trkpt>
    <trkpt lat="42.587422" lon="-2.18151">
      <ele>486.7</ele>
    </trkpt>
    <trkpt lat="42.587623" lon="-2.181447">
      <ele>486.9</ele>
    </trkpt>
    <trkpt lat="42.587834" lon="-2.181423">
      <ele>487.2</ele>
    </trkpt>
    <trkpt lat="42.588818" lon="-2.181317">
      <ele>489.3</ele>
    </trkpt>
    <trkpt lat="42.589496" lon="-2.181292">
      <ele>490.8</ele>
    </trkpt>
    <trkpt lat="42.589722" lon="-2.181391">
      <ele>491.1</ele>
    </trkpt>
    <trkpt lat="42.590018" lon="-2.181594">
      <ele>491.4</ele>
    </trkpt>
    <trkpt lat="42.5901" lon="-2.181402">
      <ele>491.5</ele>
    </trkpt>
    <trkpt lat="42.590436" lon="-2.180363">
      <ele>491.8</ele>
    </trkpt>
    <trkpt lat="42.590599" lon="-2.180102">
      <ele>491.8</ele>
    </trkpt>
    <trkpt lat="42.591359" lon="-2.179298">
      <ele>492.8</ele>
    </trkpt>
    <trkpt lat="42.59144" lon="-2.179179">
      <ele>493.1</ele>
    </trkpt>
    <trkpt lat="42.592184" lon="-2.177568">
      <ele>495.6</ele>
    </trkpt>
    <trkpt lat="42.592759" lon="-2.177032">
      <ele>496.5</ele>
    </trkpt>
    <trkpt lat="42.592833" lon="-2.176904">
      <ele>496.7</ele>
    </trkpt>
    <trkpt lat="42.592906" lon="-2.176726">
      <ele>496.9</ele>
    </trkpt>
    <trkpt lat="42.593577" lon="-2.17444">
      <ele>500.1</ele>
    </trkpt>
    <trkpt lat="42.593671" lon="-2.173985">
      <ele>500.8</ele>
    </trkpt>
    <trkpt lat="42.593722" lon="-2.172467">
      <ele>503</ele>
    </trkpt>
    <trkpt lat="42.593739" lon="-2.17008">
      <ele>506.5</ele>
    </trkpt>
    <trkpt lat="42.593658" lon="-2.169948">
      <ele>506.8</ele>
    </trkpt>
    <trkpt lat="42.593465" lon="-2.169854">
      <ele>507.3</ele>
    </trkpt>
    <trkpt lat="42.593216" lon="-2.169788">
      <ele>507.9</ele>
    </trkpt>
    <trkpt lat="42.593142" lon="-2.169729">
      <ele>508.1</ele>
    </trkpt>
    <trkpt lat="42.593057" lon="-2.16958">
      <ele>508.5</ele>
    </trkpt>
    <trkpt lat="42.593016" lon="-2.169377">
      <ele>508.9</ele>
    </trkpt>
    <trkpt lat="42.592892" lon="-2.158921">
      <ele>531.2</ele>
    </trkpt>
    <trkpt lat="42.59291" lon="-2.158559">
      <ele>531.9</ele>
    </trkpt>
    <trkpt lat="42.593011" lon="-2.157655">
      <ele>533.3</ele>
    </trkpt>
    <trkpt lat="42.59307" lon="-2.15676">
      <ele>534.3</ele>
    </trkpt>
    <trkpt lat="42.593161" lon="-2.156684">
      <ele>534.4</ele>
    </trkpt>
    <trkpt lat="42.596247" lon="-2.156376">
      <ele>534.4</ele>
    </trkpt>
    <trkpt lat="42.59617" lon="-2.153455">
      <ele>523.2</ele>
    </trkpt>
    <trkpt lat="42.596404" lon="-2.151504">
      <ele>516.5</ele>
    </trkpt>
    <trkpt lat="42.596513" lon="-2.151375">
      <ele>516</ele>
    </trkpt>
    <trkpt lat="42.59671" lon="-2.150857">
      <ele>514.6</ele>
    </trkpt>
    <trkpt lat="42.596694" lon="-2.150636">
      <ele>514.1</ele>
    </trkpt>
    <trkpt lat="42.596625" lon="-2.150394">
      <ele>513.6</ele>
    </trkpt>
    <trkpt lat="42.596616" lon="-2.149542">
      <ele>512.3</ele>
    </trkpt>
    <trkpt lat="42.596677" lon="-2.148841">
      <ele>511.5</ele>
    </trkpt>
    <trkpt lat="42.596806" lon="-2.148443">
      <ele>511.1</ele>
    </trkpt>
    <trkpt lat="42.596846" lon="-2.148201">
      <ele>510.9</ele>
    </trkpt>
    <trkpt lat="42.596837" lon="-2.14742">
      <ele>510.3</ele>
    </trkpt>
    <trkpt lat="42.596774" lon="-2.146861">
      <ele>509.7</ele>
    </trkpt>
    <trkpt lat="42.596542" lon="-2.146226">
      <ele>509.2</ele>
    </trkpt>
    <trkpt lat="42.596493" lon="-2.145841">
      <ele>509</ele>
    </trkpt>
    <trkpt lat="42.596479" lon="-2.145601">
      <ele>508.9</ele>
    </trkpt>
    <trkpt lat="42.596495" lon="-2.145554">
      <ele>508.9</ele>
    </trkpt>
    <trkpt lat="42.597753" lon="-2.144572">
      <ele>510.9</ele>
    </trkpt>
    <trkpt lat="42.597815" lon="-2.14449">
      <ele>511.1</ele>
    </trkpt>
    <trkpt lat="42.597862" lon="-2.144408">
      <ele>511.2</ele>
    </trkpt>
    <trkpt lat="42.597906" lon="-2.14425">
      <ele>511.4</ele>
    </trkpt>
    <trkpt lat="42.598085" lon="-2.143316">
      <ele>512.4</ele>
    </trkpt>
    <trkpt lat="42.598227" lon="-2.142735">
      <ele>512.8</ele>
    </trkpt>
    <trkpt lat="42.599265" lon="-2.140027">
      <ele>514.6</ele>
    </trkpt>
    <trkpt lat="42.599332" lon="-2.13983">
      <ele>514.9</ele>
    </trkpt>
    <trkpt lat="42.599376" lon="-2.139605">
      <ele>515.2</ele>
    </trkpt>
    <trkpt lat="42.600045" lon="-2.133364">
      <ele>527.6</ele>
    </trkpt>
    <trkpt lat="42.600194" lon="-2.131076">
      <ele>524.6</ele>
    </trkpt>
    <trkpt lat="42.600444" lon="-2.127024">
      <ele>528.7</ele>
    </trkpt>
    <trkpt lat="42.600509" lon="-2.126687">
      <ele>529.8</ele>
    </trkpt>
    <trkpt lat="42.600563" lon="-2.126571">
      <ele>530.2</ele>
    </trkpt>
    <trkpt lat="42.600679" lon="-2.126413">
      <ele>531</ele>
    </trkpt>
    <trkpt lat="42.601666" lon="-2.125427">
      <ele>537.6</ele>
    </trkpt>
    <trkpt lat="42.602489" lon="-2.124684">
      <ele>541.4</ele>
    </trkpt>
    <trkpt lat="42.602675" lon="-2.124608">
      <ele>541.8</ele>
    </trkpt>
    <trkpt lat="42.6029" lon="-2.124573">
      <ele>542.2</ele>
    </trkpt>
    <trkpt lat="42.603066" lon="-2.124474">
      <ele>542.4</ele>
    </trkpt>
    <trkpt lat="42.60319" lon="-2.124271">
      <ele>542.5</ele>
    </trkpt>
    <trkpt lat="42.603424" lon="-2.123659">
      <ele>542.6</ele>
    </trkpt>
    <trkpt lat="42.60349" lon="-2.123432">
      <ele>542.5</ele>
    </trkpt>
    <trkpt lat="42.603516" lon="-2.123246">
      <ele>542.4</ele>
    </trkpt>
    <trkpt lat="42.603666" lon="-2.119632">
      <ele>539</ele>
    </trkpt>
    <trkpt lat="42.603697" lon="-2.119461">
      <ele>538.5</ele>
    </trkpt>
    <trkpt lat="42.603746" lon="-2.11933">
      <ele>538</ele>
    </trkpt>
    <trkpt lat="42.603913" lon="-2.119061">
      <ele>536.8</ele>
    </trkpt>
    <trkpt lat="42.60427" lon="-2.118629">
      <ele>534.7</ele>
    </trkpt>
    <trkpt lat="42.6044" lon="-2.118364">
      <ele>533.8</ele>
    </trkpt>
    <trkpt lat="42.604509" lon="-2.117874">
      <ele>532.7</ele>
    </trkpt>
    <trkpt lat="42.604651" lon="-2.11666">
      <ele>533.5</ele>
    </trkpt>
    <trkpt lat="42.604689" lon="-2.116517">
      <ele>533.9</ele>
    </trkpt>
    <trkpt lat="42.604827" lon="-2.116327">
      <ele>534.9</ele>
    </trkpt>
    <trkpt lat="42.605035" lon="-2.116243">
      <ele>536.1</ele>
    </trkpt>
    <trkpt lat="42.606026" lon="-2.116122">
      <ele>542.5</ele>
    </trkpt>
    <trkpt lat="42.606774" lon="-2.115927">
      <ele>546.2</ele>
    </trkpt>
    <trkpt lat="42.608143" lon="-2.115785">
      <ele>548.7</ele>
    </trkpt>
    <trkpt lat="42.608337" lon="-2.115576">
      <ele>548.7</ele>
    </trkpt>
    <trkpt lat="42.608683" lon="-2.114972">
      <ele>548.3</ele>
    </trkpt>
    <trkpt lat="42.608798" lon="-2.114823">
      <ele>548.2</ele>
    </trkpt>
    <trkpt lat="42.609272" lon="-2.114444">
      <ele>547.3</ele>
    </trkpt>
    <trkpt lat="42.609416" lon="-2.11438">
      <ele>547</ele>
    </trkpt>
    <trkpt lat="42.610323" lon="-2.114133">
      <ele>545.3</ele>
    </trkpt>
    <trkpt lat="42.610764" lon="-2.114068">
      <ele>544.7</ele>
    </trkpt>
    <trkpt lat="42.611438" lon="-2.113789">
      <ele>544.2</ele>
    </trkpt>
    <trkpt lat="42.612403" lon="-2.113363">
      <ele>544.8</ele>
    </trkpt>
    <trkpt lat="42.612667" lon="-2.113297">
      <ele>545.4</ele>
    </trkpt>
    <trkpt lat="42.612935" lon="-2.113349">
      <ele>546.1</ele>
    </trkpt>
    <trkpt lat="42.613707" lon="-2.11369">
      <ele>548.4</ele>
    </trkpt>
    <trkpt lat="42.613842" lon="-2.113724">
      <ele>548.8</ele>
    </trkpt>
    <trkpt lat="42.614051" lon="-2.113709">
      <ele>549.4</ele>
    </trkpt>
    <trkpt lat="42.614398" lon="-2.113446">
      <ele>550.3</ele>
    </trkpt>
    <trkpt lat="42.614505" lon="-2.113362">
      <ele>550.6</ele>
    </trkpt>
    <trkpt lat="42.615926" lon="-2.111709">
      <ele>554</ele>
    </trkpt>
    <trkpt lat="42.616782" lon="-2.110501">
      <ele>556.8</ele>
    </trkpt>
    <trkpt lat="42.616873" lon="-2.110406">
      <ele>557.1</ele>
    </trkpt>
    <trkpt lat="42.616961" lon="-2.110263">
      <ele>557.5</ele>
    </trkpt>
    <trkpt lat="42.617715" lon="-2.108843">
      <ele>561.8</ele>
    </trkpt>
    <trkpt lat="42.618214" lon="-2.108043">
      <ele>565</ele>
    </trkpt>
    <trkpt lat="42.618535" lon="-2.107508">
      <ele>567.3</ele>
    </trkpt>
    <trkpt lat="42.618592" lon="-2.107377">
      <ele>567.9</ele>
    </trkpt>
    <trkpt lat="42.619044" lon="-2.105735">
      <ele>574.4</ele>
    </trkpt>
    <trkpt lat="42.619201" lon="-2.105276">
      <ele>576.2</ele>
    </trkpt>
    <trkpt lat="42.61957" lon="-2.104355">
      <ele>579.4</ele>
    </trkpt>
    <trkpt lat="42.620713" lon="-2.102695">
      <ele>584.6</ele>
    </trkpt>
    <trkpt lat="42.620948" lon="-2.102372">
      <ele>585.9</ele>
    </trkpt>
    <trkpt lat="42.621123" lon="-2.102225">
      <ele>586.8</ele>
    </trkpt>
    <trkpt lat="42.621277" lon="-2.102181">
      <ele>587.6</ele>
    </trkpt>
    <trkpt lat="42.621844" lon="-2.102107">
      <ele>590.6</ele>
    </trkpt>
    <trkpt lat="42.62232" lon="-2.102075">
      <ele>593.7</ele>
    </trkpt>
    <trkpt lat="42.622473" lon="-2.102081">
      <ele>594.7</ele>
    </trkpt>
    <trkpt lat="42.624117" lon="-2.102618">
      <ele>608</ele>
    </trkpt>
    <trkpt lat="42.624523" lon="-2.102714">
      <ele>611.3</ele>
    </trkpt>
    <trkpt lat="42.624738" lon="-2.102676">
      <ele>613.1</ele>
    </trkpt>
    <trkpt lat="42.626561" lon="-2.101266">
      <ele>628.9</ele>
    </trkpt>
    <trkpt lat="42.627284" lon="-2.10224">
      <ele>637.2</ele>
    </trkpt>
    <trkpt lat="42.627371" lon="-2.102319">
      <ele>638</ele>
    </trkpt>
    <trkpt lat="42.627558" lon="-2.102369">
      <ele>639.4</ele>
    </trkpt>
    <trkpt lat="42.627952" lon="-2.102355">
      <ele>642.1</ele>
    </trkpt>
    <trkpt lat="42.628047" lon="-2.102448">
      <ele>642.9</ele>
    </trkpt>
    <trkpt lat="42.628058" lon="-2.102522">
      <ele>643.3</ele>
    </trkpt>
    <trkpt lat="42.628038" lon="-2.102625">
      <ele>643.8</ele>
    </trkpt>
    <trkpt lat="42.627672" lon="-2.103177">
      <ele>647.3</ele>
    </trkpt>
    <trkpt lat="42.62764" lon="-2.103292">
      <ele>647.9</ele>
    </trkpt>
    <trkpt lat="42.627671" lon="-2.103339">
      <ele>648.2</ele>
    </trkpt>
    <trkpt lat="42.627769" lon="-2.103357">
      <ele>648.8</ele>
    </trkpt>
    <trkpt lat="42.628047" lon="-2.103231">
      <ele>650.8</ele>
    </trkpt>
    <trkpt lat="42.628424" lon="-2.103089">
      <ele>653.4</ele>
    </trkpt>
    <trkpt lat="42.628736" lon="-2.10305">
      <ele>655.2</ele>
    </trkpt>
    <trkpt lat="42.628968" lon="-2.10302">
      <ele>656.2</ele>
    </trkpt>
    <trkpt lat="42.629332" lon="-2.102866">
      <ele>657.3</ele>
    </trkpt>
    <trkpt lat="42.629388" lon="-2.102686">
      <ele>657.7</ele>
    </trkpt>
    <trkpt lat="42.62945" lon="-2.102298">
      <ele>658.1</ele>
    </trkpt>
    <trkpt lat="42.629461" lon="-2.102096">
      <ele>658.2</ele>
    </trkpt>
    <trkpt lat="42.629478" lon="-2.101917">
      <ele>658.3</ele>
    </trkpt>
    <trkpt lat="42.6296" lon="-2.10147">
      <ele>658.1</ele>
    </trkpt>
    <trkpt lat="42.629802" lon="-2.10101">
      <ele>657.6</ele>
    </trkpt>
    <trkpt lat="42.630091" lon="-2.100647">
      <ele>657.3</ele>
    </trkpt>
    <trkpt lat="42.630528" lon="-2.100271">
      <ele>656.7</ele>
    </trkpt>
    <trkpt lat="42.630597" lon="-2.100185">
      <ele>656.5</ele>
    </trkpt>
    <trkpt lat="42.630772" lon="-2.09983">
      <ele>655.5</ele>
    </trkpt>
    <trkpt lat="42.630879" lon="-2.099223">
      <ele>653.4</ele>
    </trkpt>
    <trkpt lat="42.630983" lon="-2.098943">
      <ele>652.1</ele>
    </trkpt>
    <trkpt lat="42.631169" lon="-2.098788">
      <ele>650.6</ele>
    </trkpt>
    <trkpt lat="42.631508" lon="-2.098644">
      <ele>648</ele>
    </trkpt>
    <trkpt lat="42.631703" lon="-2.098476">
      <ele>646.2</ele>
    </trkpt>
    <trkpt lat="42.631834" lon="-2.098269">
      <ele>644.5</ele>
    </trkpt>
    <trkpt lat="42.631956" lon="-2.097883">
      <ele>641.9</ele>
    </trkpt>
    <trkpt lat="42.632102" lon="-2.097696">
      <ele>640.1</ele>
    </trkpt>
    <trkpt lat="42.632144" lon="-2.097625">
      <ele>639.5</ele>
    </trkpt>
    <trkpt lat="42.632153" lon="-2.097557">
      <ele>639</ele>
    </trkpt>
    <trkpt lat="42.632116" lon="-2.097">
      <ele>635.3</ele>
    </trkpt>
    <trkpt lat="42.632119" lon="-2.096471">
      <ele>631.7</ele>
    </trkpt>
    <trkpt lat="42.632082" lon="-2.096168">
      <ele>629.5</ele>
    </trkpt>
    <trkpt lat="42.632022" lon="-2.09595">
      <ele>628</ele>
    </trkpt>
    <trkpt lat="42.631817" lon="-2.095537">
      <ele>624.6</ele>
    </trkpt>
    <trkpt lat="42.631801" lon="-2.095468">
      <ele>624.1</ele>
    </trkpt>
    <trkpt lat="42.631809" lon="-2.095086">
      <ele>621.5</ele>
    </trkpt>
    <trkpt lat="42.631882" lon="-2.09485">
      <ele>619.8</ele>
    </trkpt>
    <trkpt lat="42.631905" lon="-2.09469">
      <ele>618.6</ele>
    </trkpt>
    <trkpt lat="42.63194" lon="-2.09461">
      <ele>618</ele>
    </trkpt>
    <trkpt lat="42.63201" lon="-2.094542">
      <ele>617.1</ele>
    </trkpt>
    <trkpt lat="42.632165" lon="-2.094224">
      <ele>614.3</ele>
    </trkpt>
    <trkpt lat="42.632277" lon="-2.093744">
      <ele>610</ele>
    </trkpt>
    <trkpt lat="42.632378" lon="-2.093595">
      <ele>608.1</ele>
    </trkpt>
    <trkpt lat="42.632497" lon="-2.093421">
      <ele>605.9</ele>
    </trkpt>
    <trkpt lat="42.632635" lon="-2.093082">
      <ele>602.1</ele>
    </trkpt>
    <trkpt lat="42.632721" lon="-2.092984">
      <ele>600.5</ele>
    </trkpt>
    <trkpt lat="42.632979" lon="-2.092446">
      <ele>594.2</ele>
    </trkpt>
    <trkpt lat="42.633136" lon="-2.091972">
      <ele>589.2</ele>
    </trkpt>
    <trkpt lat="42.633177" lon="-2.091778">
      <ele>587.3</ele>
    </trkpt>
    <trkpt lat="42.633185" lon="-2.091458">
      <ele>584.5</ele>
    </trkpt>
    <trkpt lat="42.633155" lon="-2.09087">
      <ele>580</ele>
    </trkpt>
    <trkpt lat="42.633234" lon="-2.09043">
      <ele>577.1</ele>
    </trkpt>
    <trkpt lat="42.633311" lon="-2.090235">
      <ele>575.7</ele>
    </trkpt>
    <trkpt lat="42.633448" lon="-2.09007">
      <ele>574.2</ele>
    </trkpt>
    <trkpt lat="42.633733" lon="-2.089809">
      <ele>571.6</ele>
    </trkpt>
    <trkpt lat="42.634011" lon="-2.089467">
      <ele>569.5</ele>
    </trkpt>
    <trkpt lat="42.634369" lon="-2.089373">
      <ele>568.4</ele>
    </trkpt>
    <trkpt lat="42.634424" lon="-2.089309">
      <ele>568.3</ele>
    </trkpt>
    <trkpt lat="42.634308" lon="-2.089079">
      <ele>568.2</ele>
    </trkpt>
    <trkpt lat="42.634023" lon="-2.088745">
      <ele>568.7</ele>
    </trkpt>
    <trkpt lat="42.633955" lon="-2.088141">
      <ele>570.5</ele>
    </trkpt>
    <trkpt lat="42.634566" lon="-2.087335">
      <ele>575.6</ele>
    </trkpt>
    <trkpt lat="42.634748" lon="-2.087213">
      <ele>576.5</ele>
    </trkpt>
    <trkpt lat="42.634949" lon="-2.087146">
      <ele>577.2</ele>
    </trkpt>
    <trkpt lat="42.635174" lon="-2.087145">
      <ele>577.7</ele>
    </trkpt>
    <trkpt lat="42.635405" lon="-2.087177">
      <ele>577.5</ele>
    </trkpt>
    <trkpt lat="42.635464" lon="-2.087152">
      <ele>577.3</ele>
    </trkpt>
    <trkpt lat="42.635642" lon="-2.087014">
      <ele>576.4</ele>
    </trkpt>
    <trkpt lat="42.63575" lon="-2.086886">
      <ele>575.5</ele>
    </trkpt>
    <trkpt lat="42.635799" lon="-2.086742">
      <ele>574.6</ele>
    </trkpt>
    <trkpt lat="42.635745" lon="-2.086553">
      <ele>573.4</ele>
    </trkpt>
    <trkpt lat="42.635731" lon="-2.086424">
      <ele>572.6</ele>
    </trkpt>
    <trkpt lat="42.635793" lon="-2.086282">
      <ele>571.5</ele>
    </trkpt>
    <trkpt lat="42.636096" lon="-2.085778">
      <ele>567.4</ele>
    </trkpt>
    <trkpt lat="42.636312" lon="-2.085402">
      <ele>564.7</ele>
    </trkpt>
    <trkpt lat="42.636378" lon="-2.085262">
      <ele>563.7</ele>
    </trkpt>
    <trkpt lat="42.636503" lon="-2.084704">
      <ele>561.3</ele>
    </trkpt>
    <trkpt lat="42.636661" lon="-2.08423">
      <ele>560.4</ele>
    </trkpt>
    <trkpt lat="42.637093" lon="-2.083416">
      <ele>558.9</ele>
    </trkpt>
    <trkpt lat="42.637229" lon="-2.083237">
      <ele>558.1</ele>
    </trkpt>
    <trkpt lat="42.637337" lon="-2.083152">
      <ele>557.5</ele>
    </trkpt>
    <trkpt lat="42.637667" lon="-2.083049">
      <ele>555.6</ele>
    </trkpt>
    <trkpt lat="42.637766" lon="-2.083052">
      <ele>554.9</ele>
    </trkpt>
    <trkpt lat="42.637895" lon="-2.083113">
      <ele>554.1</ele>
    </trkpt>
    <trkpt lat="42.638539" lon="-2.083715">
      <ele>550.8</ele>
    </trkpt>
    <trkpt lat="42.638678" lon="-2.083785">
      <ele>550.6</ele>
    </trkpt>
    <trkpt lat="42.638693" lon="-2.083348">
      <ele>550.8</ele>
    </trkpt>
    <trkpt lat="42.638841" lon="-2.082723">
      <ele>552.5</ele>
    </trkpt>
    <trkpt lat="42.638834" lon="-2.082586">
      <ele>553.1</ele>
    </trkpt>
    <trkpt lat="42.638685" lon="-2.082008">
      <ele>556.1</ele>
    </trkpt>
    <trkpt lat="42.63863" lon="-2.081895">
      <ele>556.8</ele>
    </trkpt>
    <trkpt lat="42.638368" lon="-2.081555">
      <ele>559.6</ele>
    </trkpt>
    <trkpt lat="42.637878" lon="-2.081138">
      <ele>564.7</ele>
    </trkpt>
    <trkpt lat="42.637881" lon="-2.081073">
      <ele>565.1</ele>
    </trkpt>
    <trkpt lat="42.637564" lon="-2.080697">
      <ele>569</ele>
    </trkpt>
    <trkpt lat="42.637536" lon="-2.080663">
      <ele>569.3</ele>
    </trkpt>
    <trkpt lat="42.637562" lon="-2.080612">
      <ele>569.8</ele>
    </trkpt>
    <trkpt lat="42.637652" lon="-2.080616">
      <ele>570.6</ele>
    </trkpt>
    <trkpt lat="42.637729" lon="-2.08057">
      <ele>571.4</ele>
    </trkpt>
    <trkpt lat="42.637777" lon="-2.0805">
      <ele>572</ele>
    </trkpt>
    <trkpt lat="42.637809" lon="-2.080339">
      <ele>573.1</ele>
    </trkpt>
    <trkpt lat="42.637872" lon="-2.079879">
      <ele>576.2</ele>
    </trkpt>
    <trkpt lat="42.637857" lon="-2.07956">
      <ele>578.1</ele>
    </trkpt>
    <trkpt lat="42.637871" lon="-2.079447">
      <ele>578.7</ele>
    </trkpt>
    <trkpt lat="42.638049" lon="-2.078983">
      <ele>581.3</ele>
    </trkpt>
    <trkpt lat="42.638049" lon="-2.078888">
      <ele>581.7</ele>
    </trkpt>
    <trkpt lat="42.637961" lon="-2.078546">
      <ele>583.2</ele>
    </trkpt>
    <trkpt lat="42.63795" lon="-2.078409">
      <ele>583.7</ele>
    </trkpt>
    <trkpt lat="42.637974" lon="-2.077951">
      <ele>585.2</ele>
    </trkpt>
    <trkpt lat="42.638045" lon="-2.077684">
      <ele>586</ele>
    </trkpt>
    <trkpt lat="42.638199" lon="-2.077099">
      <ele>587.6</ele>
    </trkpt>
    <trkpt lat="42.638529" lon="-2.075559">
      <ele>591.1</ele>
    </trkpt>
    <trkpt lat="42.638902" lon="-2.074976">
      <ele>592.7</ele>
    </trkpt>
    <trkpt lat="42.638975" lon="-2.074485">
      <ele>593.7</ele>
    </trkpt>
    <trkpt lat="42.638996" lon="-2.074124">
      <ele>594</ele>
    </trkpt>
    <trkpt lat="42.639089" lon="-2.073575">
      <ele>593.8</ele>
    </trkpt>
    <trkpt lat="42.639115" lon="-2.073168">
      <ele>593.3</ele>
    </trkpt>
    <trkpt lat="42.639177" lon="-2.07267">
      <ele>592.2</ele>
    </trkpt>
    <trkpt lat="42.639232" lon="-2.072617">
      <ele>591.9</ele>
    </trkpt>
    <trkpt lat="42.639659" lon="-2.07272">
      <ele>589.5</ele>
    </trkpt>
    <trkpt lat="42.63976" lon="-2.072809">
      <ele>588.7</ele>
    </trkpt>
    <trkpt lat="42.639852" lon="-2.072777">
      <ele>588</ele>
    </trkpt>
    <trkpt lat="42.640058" lon="-2.0728">
      <ele>586.5</ele>
    </trkpt>
    <trkpt lat="42.640189" lon="-2.072907">
      <ele>585.4</ele>
    </trkpt>
    <trkpt lat="42.640379" lon="-2.072888">
      <ele>584.2</ele>
    </trkpt>
    <trkpt lat="42.640476" lon="-2.072973">
      <ele>583.4</ele>
    </trkpt>
    <trkpt lat="42.640547" lon="-2.072966">
      <ele>583</ele>
    </trkpt>
    <trkpt lat="42.640615" lon="-2.073005">
      <ele>582.5</ele>
    </trkpt>
    <trkpt lat="42.640722" lon="-2.073236">
      <ele>581.4</ele>
    </trkpt>
    <trkpt lat="42.640776" lon="-2.07323">
      <ele>581</ele>
    </trkpt>
    <trkpt lat="42.640854" lon="-2.073066">
      <ele>580.2</ele>
    </trkpt>
    <trkpt lat="42.640901" lon="-2.072658">
      <ele>578.7</ele>
    </trkpt>
    <trkpt lat="42.640936" lon="-2.072518">
      <ele>578.3</ele>
    </trkpt>
    <trkpt lat="42.641" lon="-2.072405">
      <ele>577.9</ele>
    </trkpt>
    <trkpt lat="42.641355" lon="-2.071786">
      <ele>577.1</ele>
    </trkpt>
    <trkpt lat="42.641641" lon="-2.07116">
      <ele>578</ele>
    </trkpt>
    <trkpt lat="42.641802" lon="-2.070708">
      <ele>579.6</ele>
    </trkpt>
    <trkpt lat="42.641894" lon="-2.070377">
      <ele>581.2</ele>
    </trkpt>
    <trkpt lat="42.641863" lon="-2.070112">
      <ele>582.3</ele>
    </trkpt>
    <trkpt lat="42.641861" lon="-2.069848">
      <ele>583.3</ele>
    </trkpt>
    <trkpt lat="42.641923" lon="-2.069371">
      <ele>584.9</ele>
    </trkpt>
    <trkpt lat="42.641906" lon="-2.069063">
      <ele>585.7</ele>
    </trkpt>
    <trkpt lat="42.641916" lon="-2.06897">
      <ele>585.8</ele>
    </trkpt>
    <trkpt lat="42.64196" lon="-2.068596">
      <ele>586.3</ele>
    </trkpt>
    <trkpt lat="42.642025" lon="-2.068371">
      <ele>586.3</ele>
    </trkpt>
    <trkpt lat="42.642205" lon="-2.067979">
      <ele>585.8</ele>
    </trkpt>
    <trkpt lat="42.642506" lon="-2.067353">
      <ele>584</ele>
    </trkpt>
    <trkpt lat="42.642668" lon="-2.06684">
      <ele>582.5</ele>
    </trkpt>
    <trkpt lat="42.643187" lon="-2.065736">
      <ele>579.5</ele>
    </trkpt>
    <trkpt lat="42.643283" lon="-2.06564">
      <ele>579.3</ele>
    </trkpt>
    <trkpt lat="42.643673" lon="-2.06497">
      <ele>577.8</ele>
    </trkpt>
    <trkpt lat="42.643916" lon="-2.064609">
      <ele>576.8</ele>
    </trkpt>
    <trkpt lat="42.64439" lon="-2.063553">
      <ele>574.7</ele>
    </trkpt>
    <trkpt lat="42.644552" lon="-2.063132">
      <ele>574</ele>
    </trkpt>
    <trkpt lat="42.644789" lon="-2.062629">
      <ele>573.5</ele>
    </trkpt>
    <trkpt lat="42.64484" lon="-2.062512">
      <ele>573.4</ele>
    </trkpt>
    <trkpt lat="42.644899" lon="-2.062377">
      <ele>573.3</ele>
    </trkpt>
    <trkpt lat="42.645168" lon="-2.06148">
      <ele>572.8</ele>
    </trkpt>
    <trkpt lat="42.645269" lon="-2.060864">
      <ele>572.6</ele>
    </trkpt>
    <trkpt lat="42.645382" lon="-2.060504">
      <ele>572.8</ele>
    </trkpt>
    <trkpt lat="42.645486" lon="-2.0602">
      <ele>572.8</ele>
    </trkpt>
    <trkpt lat="42.64553" lon="-2.059995">
      <ele>572.8</ele>
    </trkpt>
    <trkpt lat="42.64508" lon="-2.059533">
      <ele>572.6</ele>
    </trkpt>
    <trkpt lat="42.646101" lon="-2.056795">
      <ele>567.9</ele>
    </trkpt>
    <trkpt lat="42.646314" lon="-2.057091">
      <ele>567.1</ele>
    </trkpt>
    <trkpt lat="42.646679" lon="-2.056349">
      <ele>564.9</ele>
    </trkpt>
    <trkpt lat="42.646913" lon="-2.055789">
      <ele>563.3</ele>
    </trkpt>
    <trkpt lat="42.646993" lon="-2.055402">
      <ele>562.3</ele>
    </trkpt>
    <trkpt lat="42.647244" lon="-2.053177">
      <ele>557.2</ele>
    </trkpt>
    <trkpt lat="42.647256" lon="-2.053045">
      <ele>557</ele>
    </trkpt>
    <trkpt lat="42.647227" lon="-2.052897">
      <ele>556.8</ele>
    </trkpt>
    <trkpt lat="42.647129" lon="-2.053114">
      <ele>556.4</ele>
    </trkpt>
    <trkpt lat="42.647087" lon="-2.053022">
      <ele>556.3</ele>
    </trkpt>
    <trkpt lat="42.647074" lon="-2.052561">
      <ele>555.7</ele>
    </trkpt>
    <trkpt lat="42.646773" lon="-2.05095">
      <ele>553.8</ele>
    </trkpt>
    <trkpt lat="42.646612" lon="-2.049918">
      <ele>552.4</ele>
    </trkpt>
    <trkpt lat="42.646557" lon="-2.049203">
      <ele>551.4</ele>
    </trkpt>
    <trkpt lat="42.646515" lon="-2.04894">
      <ele>550.9</ele>
    </trkpt>
    <trkpt lat="42.646386" lon="-2.048291">
      <ele>549</ele>
    </trkpt>
    <trkpt lat="42.646299" lon="-2.047982">
      <ele>547.8</ele>
    </trkpt>
    <trkpt lat="42.646332" lon="-2.0479">
      <ele>547.5</ele>
    </trkpt>
    <trkpt lat="42.646816" lon="-2.047774">
      <ele>544.6</ele>
    </trkpt>
    <trkpt lat="42.647435" lon="-2.047734">
      <ele>540.2</ele>
    </trkpt>
    <trkpt lat="42.648272" lon="-2.047242">
      <ele>533.6</ele>
    </trkpt>
    <trkpt lat="42.648379" lon="-2.04712">
      <ele>532.8</ele>
    </trkpt>
    <trkpt lat="42.648759" lon="-2.046537">
      <ele>529.5</ele>
    </trkpt>
    <trkpt lat="42.649367" lon="-2.045499">
      <ele>524.6</ele>
    </trkpt>
    <trkpt lat="42.649703" lon="-2.044948">
      <ele>522.4</ele>
    </trkpt>
    <trkpt lat="42.64996" lon="-2.044593">
      <ele>520.8</ele>
    </trkpt>
    <trkpt lat="42.650001" lon="-2.044536">
      <ele>520.5</ele>
    </trkpt>
    <trkpt lat="42.650236" lon="-2.044206">
      <ele>518.9</ele>
    </trkpt>
    <trkpt lat="42.65026" lon="-2.044178">
      <ele>518.8</ele>
    </trkpt>
    <trkpt lat="42.650353" lon="-2.044072">
      <ele>518.2</ele>
    </trkpt>
    <trkpt lat="42.650389" lon="-2.044032">
      <ele>518</ele>
    </trkpt>
    <trkpt lat="42.650479" lon="-2.043932">
      <ele>517.4</ele>
    </trkpt>
    <trkpt lat="42.650858" lon="-2.043573">
      <ele>514.9</ele>
    </trkpt>
    <trkpt lat="42.65107" lon="-2.043414">
      <ele>513.4</ele>
    </trkpt>
    <trkpt lat="42.651477" lon="-2.042973">
      <ele>509.3</ele>
    </trkpt>
    <trkpt lat="42.651714" lon="-2.042671">
      <ele>506.7</ele>
    </trkpt>
    <trkpt lat="42.65195" lon="-2.042469">
      <ele>504.3</ele>
    </trkpt>
    <trkpt lat="42.652248" lon="-2.042249">
      <ele>501.3</ele>
    </trkpt>
    <trkpt lat="42.652586" lon="-2.042099">
      <ele>498.1</ele>
    </trkpt>
    <trkpt lat="42.652763" lon="-2.041971">
      <ele>496.4</ele>
    </trkpt>
    <trkpt lat="42.652922" lon="-2.041845">
      <ele>494.8</ele>
    </trkpt>
    <trkpt lat="42.653205" lon="-2.041688">
      <ele>492.5</ele>
    </trkpt>
    <trkpt lat="42.653579" lon="-2.041602">
      <ele>490.1</ele>
    </trkpt>
    <trkpt lat="42.653892" lon="-2.041576">
      <ele>488.6</ele>
    </trkpt>
    <trkpt lat="42.65405" lon="-2.041322">
      <ele>487.8</ele>
    </trkpt>
    <trkpt lat="42.65414" lon="-2.041176">
      <ele>487.4</ele>
    </trkpt>
    <trkpt lat="42.654523" lon="-2.040569">
      <ele>487</ele>
    </trkpt>
    <trkpt lat="42.654985" lon="-2.039853">
      <ele>487.9</ele>
    </trkpt>
    <trkpt lat="42.655018" lon="-2.039799">
      <ele>488</ele>
    </trkpt>
    <trkpt lat="42.655542" lon="-2.038959">
      <ele>489.1</ele>
    </trkpt>
    <trkpt lat="42.655992" lon="-2.038511">
      <ele>488.5</ele>
    </trkpt>
    <trkpt lat="42.656488" lon="-2.038037">
      <ele>487</ele>
    </trkpt>
    <trkpt lat="42.656471" lon="-2.037968">
      <ele>486.8</ele>
    </trkpt>
    <trkpt lat="42.656492" lon="-2.037901">
      <ele>486.6</ele>
    </trkpt>
    <trkpt lat="42.656539" lon="-2.037869">
      <ele>486.5</ele>
    </trkpt>
    <trkpt lat="42.656609" lon="-2.037911">
      <ele>486.2</ele>
    </trkpt>
    <trkpt lat="42.656797" lon="-2.037727">
      <ele>485.4</ele>
    </trkpt>
    <trkpt lat="42.657011" lon="-2.037514">
      <ele>484.5</ele>
    </trkpt>
    <trkpt lat="42.657229" lon="-2.037314">
      <ele>483.8</ele>
    </trkpt>
    <trkpt lat="42.657354" lon="-2.037193">
      <ele>483.4</ele>
    </trkpt>
    <trkpt lat="42.657518" lon="-2.03703">
      <ele>482.7</ele>
    </trkpt>
    <trkpt lat="42.658098" lon="-2.036456">
      <ele>480.9</ele>
    </trkpt>
    <trkpt lat="42.65855" lon="-2.036038">
      <ele>479.2</ele>
    </trkpt>
    <trkpt lat="42.658724" lon="-2.035854">
      <ele>478.3</ele>
    </trkpt>
    <trkpt lat="42.658805" lon="-2.035604">
      <ele>477.4</ele>
    </trkpt>
    <trkpt lat="42.658788" lon="-2.035485">
      <ele>477</ele>
    </trkpt>
    <trkpt lat="42.658843" lon="-2.035377">
      <ele>476.5</ele>
    </trkpt>
    <trkpt lat="42.658874" lon="-2.035359">
      <ele>476.3</ele>
    </trkpt>
    <trkpt lat="42.658968" lon="-2.035376">
      <ele>475.9</ele>
    </trkpt>
    <trkpt lat="42.658991" lon="-2.035401">
      <ele>475.7</ele>
    </trkpt>
    <trkpt lat="42.659103" lon="-2.035385">
      <ele>475.2</ele>
    </trkpt>
    <trkpt lat="42.659176" lon="-2.035327">
      <ele>474.7</ele>
    </trkpt>
    <trkpt lat="42.659338" lon="-2.034955">
      <ele>473</ele>
    </trkpt>
    <trkpt lat="42.65949" lon="-2.034609">
      <ele>471.4</ele>
    </trkpt>
    <trkpt lat="42.659697" lon="-2.03427">
      <ele>469.5</ele>
    </trkpt>
    <trkpt lat="42.659774" lon="-2.034179">
      <ele>468.8</ele>
    </trkpt>
    <trkpt lat="42.659845" lon="-2.034113">
      <ele>468.1</ele>
    </trkpt>
    <trkpt lat="42.660019" lon="-2.034002">
      <ele>466.8</ele>
    </trkpt>
    <trkpt lat="42.660257" lon="-2.033906">
      <ele>465.1</ele>
    </trkpt>
    <trkpt lat="42.660359" lon="-2.033861">
      <ele>464.4</ele>
    </trkpt>
    <trkpt lat="42.660629" lon="-2.033803">
      <ele>462.3</ele>
    </trkpt>
    <trkpt lat="42.660745" lon="-2.033721">
      <ele>461.2</ele>
    </trkpt>
    <trkpt lat="42.660779" lon="-2.033666">
      <ele>460.8</ele>
    </trkpt>
    <trkpt lat="42.660864" lon="-2.033618">
      <ele>460</ele>
    </trkpt>
    <trkpt lat="42.661226" lon="-2.033585">
      <ele>457</ele>
    </trkpt>
    <trkpt lat="42.66141" lon="-2.033501">
      <ele>455.5</ele>
    </trkpt>
    <trkpt lat="42.661564" lon="-2.033396">
      <ele>454.2</ele>
    </trkpt>
    <trkpt lat="42.661707" lon="-2.033438">
      <ele>453.2</ele>
    </trkpt>
    <trkpt lat="42.661832" lon="-2.033464">
      <ele>452.3</ele>
    </trkpt>
    <trkpt lat="42.661999" lon="-2.033402">
      <ele>451.2</ele>
    </trkpt>
    <trkpt lat="42.662394" lon="-2.033231">
      <ele>448.6</ele>
    </trkpt>
    <trkpt lat="42.662407" lon="-2.033225">
      <ele>448.5</ele>
    </trkpt>
    <trkpt lat="42.662924" lon="-2.033005">
      <ele>446</ele>
    </trkpt>
    <trkpt lat="42.663124" lon="-2.032917">
      <ele>445</ele>
    </trkpt>
    <trkpt lat="42.663513" lon="-2.032771">
      <ele>443.4</ele>
    </trkpt>
    <trkpt lat="42.663757" lon="-2.032609">
      <ele>442.4</ele>
    </trkpt>
    <trkpt lat="42.663792" lon="-2.03249">
      <ele>442</ele>
    </trkpt>
    <trkpt lat="42.663853" lon="-2.032419">
      <ele>441.7</ele>
    </trkpt>
    <trkpt lat="42.66393" lon="-2.03239">
      <ele>441.4</ele>
    </trkpt>
    <trkpt lat="42.664048" lon="-2.032436">
      <ele>440.8</ele>
    </trkpt>
    <trkpt lat="42.664318" lon="-2.032362">
      <ele>439.7</ele>
    </trkpt>
    <trkpt lat="42.66452" lon="-2.032278">
      <ele>438.8</ele>
    </trkpt>
    <trkpt lat="42.66485" lon="-2.032155">
      <ele>437.3</ele>
    </trkpt>
    <trkpt lat="42.665152" lon="-2.032048">
      <ele>435.9</ele>
    </trkpt>
    <trkpt lat="42.665594" lon="-2.032004">
      <ele>434.4</ele>
    </trkpt>
    <trkpt lat="42.665711" lon="-2.032">
      <ele>433.9</ele>
    </trkpt>
    <trkpt lat="42.665806" lon="-2.032002">
      <ele>433.6</ele>
    </trkpt>
    <trkpt lat="42.666022" lon="-2.031967">
      <ele>432.8</ele>
    </trkpt>
    <trkpt lat="42.666419" lon="-2.031886">
      <ele>431.5</ele>
    </trkpt>
    <trkpt lat="42.666484" lon="-2.031835">
      <ele>431.3</ele>
    </trkpt>
    <trkpt lat="42.66655" lon="-2.031845">
      <ele>431.1</ele>
    </trkpt>
    <trkpt lat="42.666596" lon="-2.031894">
      <ele>430.9</ele>
    </trkpt>
    <trkpt lat="42.666616" lon="-2.031966">
      <ele>430.8</ele>
    </trkpt>
    <trkpt lat="42.666725" lon="-2.032017">
      <ele>430.4</ele>
    </trkpt>
    <trkpt lat="42.666812" lon="-2.032003">
      <ele>430.2</ele>
    </trkpt>
    <trkpt lat="42.666913" lon="-2.03194">
      <ele>429.8</ele>
    </trkpt>
    <trkpt lat="42.666973" lon="-2.031907">
      <ele>429.6</ele>
    </trkpt>
    <trkpt lat="42.668215" lon="-2.031239">
      <ele>425.3</ele>
    </trkpt>
    <trkpt lat="42.668455" lon="-2.031022">
      <ele>424.4</ele>
    </trkpt>
    <trkpt lat="42.668746" lon="-2.030754">
      <ele>423.5</ele>
    </trkpt>
    <trkpt lat="42.668948" lon="-2.030548">
      <ele>423.1</ele>
    </trkpt>
    <trkpt lat="42.669007" lon="-2.030518">
      <ele>423</ele>
    </trkpt>
    <trkpt lat="42.669076" lon="-2.0305">
      <ele>423</ele>
    </trkpt>
    <trkpt lat="42.669113" lon="-2.030533">
      <ele>422.9</ele>
    </trkpt>
    <trkpt lat="42.669129" lon="-2.030619">
      <ele>422.9</ele>
    </trkpt>
    <trkpt lat="42.669206" lon="-2.030852">
      <ele>422.9</ele>
    </trkpt>
    <trkpt lat="42.669349" lon="-2.03118">
      <ele>422.9</ele>
    </trkpt>
    <trkpt lat="42.66939" lon="-2.031275">
      <ele>422.9</ele>
    </trkpt>
    <trkpt lat="42.669886" lon="-2.030885">
      <ele>423.1</ele>
    </trkpt>
    <trkpt lat="42.670443" lon="-2.030389">
      <ele>424</ele>
    </trkpt>
    <trkpt lat="42.670546" lon="-2.030297">
      <ele>424.3</ele>
    </trkpt>
    <trkpt lat="42.670587" lon="-2.030358">
      <ele>424.3</ele>
    </trkpt>
    <trkpt lat="42.671035" lon="-2.03165">
      <ele>426.3</ele>
    </trkpt>
    <trkpt lat="42.671251" lon="-2.03231">
      <ele>427.6</ele>
    </trkpt>
    <trkpt lat="42.671805" lon="-2.033884">
      <ele>430.3</ele>
    </trkpt>
    <trkpt lat="42.672251" lon="-2.035203">
      <ele>430.3</ele>
    </trkpt>
    <trkpt lat="42.672193" lon="-2.035422">
      <ele>430.2</ele>
    </trkpt>
    <trkpt lat="42.672422" lon="-2.035374">
      <ele>429.8</ele>
    </trkpt>
    <trkpt lat="42.672977" lon="-2.035272">
      <ele>428.6</ele>
    </trkpt>
    <trkpt lat="42.67319" lon="-2.035271">
      <ele>427.9</ele>
    </trkpt>
    <trkpt lat="42.673654" lon="-2.035327">
      <ele>426.8</ele>
    </trkpt>
    <trkpt lat="42.67368" lon="-2.035278">
      <ele>426.7</ele>
    </trkpt>
    <trkpt lat="42.673744" lon="-2.035284">
      <ele>426.6</ele>
    </trkpt>
    <trkpt lat="42.673766" lon="-2.035344">
      <ele>426.5</ele>
    </trkpt>
    <trkpt lat="42.673755" lon="-2.035391">
      <ele>426.4</ele>
    </trkpt>
    <trkpt lat="42.673707" lon="-2.035422">
      <ele>426.3</ele>
    </trkpt>
    <trkpt lat="42.67372" lon="-2.035526">
      <ele>426.1</ele>
    </trkpt>
    <trkpt lat="42.673727" lon="-2.035921">
      <ele>425.7</ele>
    </trkpt>
    <trkpt lat="42.673749" lon="-2.036038">
      <ele>425.6</ele>
    </trkpt>
    <trkpt lat="42.673641" lon="-2.036268">
      <ele>425.5</ele>
    </trkpt>
    <trkpt lat="42.673609" lon="-2.036345">
      <ele>425.5</ele>
    </trkpt>
    <trkpt lat="42.673621" lon="-2.036447">
      <ele>425.5</ele>
    </trkpt>
    <trkpt lat="42.673506" lon="-2.036728">
      <ele>425.6</ele>
    </trkpt>
    <trkpt lat="42.673457" lon="-2.036961">
      <ele>425.7</ele>
    </trkpt>
    <trkpt lat="42.673472" lon="-2.037181">
      <ele>425.9</ele>
    </trkpt>
    <trkpt lat="42.673512" lon="-2.037342">
      <ele>426.1</ele>
    </trkpt>
    <trkpt lat="42.674633" lon="-2.037255">
      <ele>427.3</ele>
    </trkpt>
    <trkpt lat="42.674833" lon="-2.037292">
      <ele>427.4</ele>
    </trkpt>
    <trkpt lat="42.675232" lon="-2.037404">
      <ele>427.7</ele>
    </trkpt>
    <trkpt lat="42.675486" lon="-2.037528">
      <ele>428</ele>
    </trkpt>
    <trkpt lat="42.676026" lon="-2.037915">
      <ele>428.6</ele>
    </trkpt>
    <trkpt lat="42.676323" lon="-2.038255">
      <ele>429</ele>
    </trkpt>
    <trkpt lat="42.676522" lon="-2.038543">
      <ele>429.2</ele>
    </trkpt>
    <trkpt lat="42.676826" lon="-2.039088">
      <ele>429</ele>
    </trkpt>
    <trkpt lat="42.677467" lon="-2.040355">
      <ele>428</ele>
    </trkpt>
    <trkpt lat="42.677752" lon="-2.040914">
      <ele>428.4</ele>
    </trkpt>
    <trkpt lat="42.678024" lon="-2.041435">
      <ele>429.5</ele>
    </trkpt>
    <trkpt lat="42.679232" lon="-2.043731">
      <ele>438.1</ele>
    </trkpt>
    <trkpt lat="42.679526" lon="-2.044462">
      <ele>439.8</ele>
    </trkpt>
    <trkpt lat="42.679569" lon="-2.044694">
      <ele>440.2</ele>
    </trkpt>
    <trkpt lat="42.679612" lon="-2.044972">
      <ele>440.5</ele>
    </trkpt>
    <trkpt lat="42.679642" lon="-2.0467">
      <ele>441.1</ele>
    </trkpt>
    <trkpt lat="42.679685" lon="-2.047031">
      <ele>441.1</ele>
    </trkpt>
    <trkpt lat="42.679758" lon="-2.047331">
      <ele>441.1</ele>
    </trkpt>
    <trkpt lat="42.679892" lon="-2.0477">
      <ele>441.1</ele>
    </trkpt>
    <trkpt lat="42.680116" lon="-2.048108">
      <ele>441.1</ele>
    </trkpt>
    <trkpt lat="42.681369" lon="-2.049533">
      <ele>441.5</ele>
    </trkpt>
    <trkpt lat="42.681509" lon="-2.049745">
      <ele>441.6</ele>
    </trkpt>
    <trkpt lat="42.681656" lon="-2.050037">
      <ele>441.8</ele>
    </trkpt>
    <trkpt lat="42.681768" lon="-2.050326">
      <ele>442.1</ele>
    </trkpt>
    <trkpt lat="42.681862" lon="-2.050798">
      <ele>442.7</ele>
    </trkpt>
    <trkpt lat="42.681891" lon="-2.051089">
      <ele>443.1</ele>
    </trkpt>
    <trkpt lat="42.68179" lon="-2.053851">
      <ele>448.9</ele>
    </trkpt>
    <trkpt lat="42.681697" lon="-2.056201">
      <ele>452.2</ele>
    </trkpt>
    <trkpt lat="42.681636" lon="-2.057043">
      <ele>450.3</ele>
    </trkpt>
    <trkpt lat="42.681563" lon="-2.057444">
      <ele>448.5</ele>
    </trkpt>
    <trkpt lat="42.681447" lon="-2.057851">
      <ele>446.2</ele>
    </trkpt>
    <trkpt lat="42.681216" lon="-2.058342">
      <ele>442.9</ele>
    </trkpt>
    <trkpt lat="42.680799" lon="-2.058868">
      <ele>439.2</ele>
    </trkpt>
    <trkpt lat="42.680705" lon="-2.058998">
      <ele>438.5</ele>
    </trkpt>
    <trkpt lat="42.68053" lon="-2.059195">
      <ele>437.5</ele>
    </trkpt>
    <trkpt lat="42.680108" lon="-2.059706">
      <ele>435.7</ele>
    </trkpt>
    <trkpt lat="42.679897" lon="-2.060062">
      <ele>435.2</ele>
    </trkpt>
    <trkpt lat="42.679538" lon="-2.060643">
      <ele>434.8</ele>
    </trkpt>
    <trkpt lat="42.679207" lon="-2.06139">
      <ele>434.3</ele>
    </trkpt>
    <trkpt lat="42.678526" lon="-2.063148">
      <ele>434.2</ele>
    </trkpt>
    <trkpt lat="42.678467" lon="-2.063195">
      <ele>434.2</ele>
    </trkpt>
    <trkpt lat="42.678406" lon="-2.063202">
      <ele>434.2</ele>
    </trkpt>
    <trkpt lat="42.678128" lon="-2.063164">
      <ele>434.4</ele>
    </trkpt>
    <trkpt lat="42.678096" lon="-2.063188">
      <ele>434.4</ele>
    </trkpt>
    <trkpt lat="42.678073" lon="-2.063283">
      <ele>434.4</ele>
    </trkpt>
    <trkpt lat="42.678023" lon="-2.063439">
      <ele>434.6</ele>
    </trkpt>
    <trkpt lat="42.67794" lon="-2.063519">
      <ele>434.7</ele>
    </trkpt>
    <trkpt lat="42.67791" lon="-2.063673">
      <ele>434.9</ele>
    </trkpt>
    <trkpt lat="42.678082" lon="-2.064081">
      <ele>435.6</ele>
    </trkpt>
    <trkpt lat="42.678089" lon="-2.064187">
      <ele>435.7</ele>
    </trkpt>
    <trkpt lat="42.678004" lon="-2.064406">
      <ele>436.2</ele>
    </trkpt>
    <trkpt lat="42.677988" lon="-2.06454">
      <ele>436.5</ele>
    </trkpt>
    <trkpt lat="42.678025" lon="-2.06462">
      <ele>436.7</ele>
    </trkpt>
    <trkpt lat="42.678223" lon="-2.064719">
      <ele>437.3</ele>
    </trkpt>
    <trkpt lat="42.678251" lon="-2.064795">
      <ele>437.6</ele>
    </trkpt>
    <trkpt lat="42.678255" lon="-2.064908">
      <ele>437.8</ele>
    </trkpt>
    <trkpt lat="42.678027" lon="-2.066024">
      <ele>439.8</ele>
    </trkpt>
    <trkpt lat="42.678031" lon="-2.066036">
      <ele>439.8</ele>
    </trkpt>
    <trkpt lat="42.678056" lon="-2.066126">
      <ele>440</ele>
    </trkpt>
    <trkpt lat="42.678028" lon="-2.066261">
      <ele>440.2</ele>
    </trkpt>
    <trkpt lat="42.678024" lon="-2.066308">
      <ele>440.3</ele>
    </trkpt>
    <trkpt lat="42.678016" lon="-2.066557">
      <ele>440.6</ele>
    </trkpt>
    <trkpt lat="42.678035" lon="-2.066718">
      <ele>440.8</ele>
    </trkpt>
    <trkpt lat="42.678052" lon="-2.066848">
      <ele>440.9</ele>
    </trkpt>
    <trkpt lat="42.678098" lon="-2.067333">
      <ele>441.1</ele>
    </trkpt>
    <trkpt lat="42.678051" lon="-2.067617">
      <ele>441.1</ele>
    </trkpt>
    <trkpt lat="42.678011" lon="-2.06772">
      <ele>441.1</ele>
    </trkpt>
    <trkpt lat="42.677996" lon="-2.067748">
      <ele>441.1</ele>
    </trkpt>
    <trkpt lat="42.677935" lon="-2.06786">
      <ele>441</ele>
    </trkpt>
    <trkpt lat="42.677979" lon="-2.067993">
      <ele>441</ele>
    </trkpt>
    <trkpt lat="42.677999" lon="-2.068155">
      <ele>441</ele>
    </trkpt>
    <trkpt lat="42.677978" lon="-2.068313">
      <ele>441.1</ele>
    </trkpt>
    <trkpt lat="42.677827" lon="-2.0688">
      <ele>441</ele>
    </trkpt>
    <trkpt lat="42.677833" lon="-2.069472">
      <ele>440.6</ele>
    </trkpt>
    <trkpt lat="42.677788" lon="-2.069917">
      <ele>440.2</ele>
    </trkpt>
    <trkpt lat="42.677625" lon="-2.07047">
      <ele>439.7</ele>
    </trkpt>
    <trkpt lat="42.677021" lon="-2.071948">
      <ele>438.7</ele>
    </trkpt>
    <trkpt lat="42.676699" lon="-2.072712">
      <ele>438.4</ele>
    </trkpt>
    <trkpt lat="42.676155" lon="-2.073612">
      <ele>438.1</ele>
    </trkpt>
    <trkpt lat="42.676017" lon="-2.073902">
      <ele>438</ele>
    </trkpt>
    <trkpt lat="42.675627" lon="-2.07497">
      <ele>437.9</ele>
    </trkpt>
    <trkpt lat="42.675474" lon="-2.075145">
      <ele>437.9</ele>
    </trkpt>
    <trkpt lat="42.675246" lon="-2.075515">
      <ele>437.9</ele>
    </trkpt>
    <trkpt lat="42.67507" lon="-2.075751">
      <ele>437.9</ele>
    </trkpt>
    <trkpt lat="42.674652" lon="-2.076256">
      <ele>437.9</ele>
    </trkpt>
    <trkpt lat="42.674586" lon="-2.076395">
      <ele>437.9</ele>
    </trkpt>
    <trkpt lat="42.674351" lon="-2.077116">
      <ele>438.1</ele>
    </trkpt>
    <trkpt lat="42.674142" lon="-2.077453">
      <ele>438.3</ele>
    </trkpt>
    <trkpt lat="42.673924" lon="-2.078088">
      <ele>438.9</ele>
    </trkpt>
    <trkpt lat="42.673256" lon="-2.079409">
      <ele>443.2</ele>
    </trkpt>
    <trkpt lat="42.67324" lon="-2.079441">
      <ele>443.3</ele>
    </trkpt>
    <trkpt lat="42.673172" lon="-2.079563">
      <ele>444</ele>
    </trkpt>
    <trkpt lat="42.672798" lon="-2.079979">
      <ele>447.4</ele>
    </trkpt>
    <trkpt lat="42.672691" lon="-2.080158">
      <ele>448.7</ele>
    </trkpt>
    <trkpt lat="42.672468" lon="-2.080405">
      <ele>451</ele>
    </trkpt>
    <trkpt lat="42.672255" lon="-2.080709">
      <ele>453.5</ele>
    </trkpt>
    <trkpt lat="42.672127" lon="-2.081022">
      <ele>455.5</ele>
    </trkpt>
    <trkpt lat="42.671903" lon="-2.081716">
      <ele>459.2</ele>
    </trkpt>
    <trkpt lat="42.671533" lon="-2.082331">
      <ele>462.7</ele>
    </trkpt>
    <trkpt lat="42.671455" lon="-2.082757">
      <ele>464.3</ele>
    </trkpt>
    <trkpt lat="42.671137" lon="-2.083613">
      <ele>468.8</ele>
    </trkpt>
    <trkpt lat="42.671114" lon="-2.083912">
      <ele>470.5</ele>
    </trkpt>
    <trkpt lat="42.670933" lon="-2.084186">
      <ele>472.3</ele>
    </trkpt>
    <trkpt lat="42.670882" lon="-2.08432">
      <ele>473.1</ele>
    </trkpt>
    <trkpt lat="42.670702" lon="-2.084442">
      <ele>474.2</ele>
    </trkpt>
    <trkpt lat="42.670386" lon="-2.084515">
      <ele>475.9</ele>
    </trkpt>
    <trkpt lat="42.670326" lon="-2.08456">
      <ele>476.2</ele>
    </trkpt>
    <trkpt lat="42.67026" lon="-2.084682">
      <ele>476.8</ele>
    </trkpt>
    <trkpt lat="42.670096" lon="-2.085357">
      <ele>479.2</ele>
    </trkpt>
    <trkpt lat="42.669959" lon="-2.085706">
      <ele>480.1</ele>
    </trkpt>
    <trkpt lat="42.66991" lon="-2.085897">
      <ele>480.4</ele>
    </trkpt>
    <trkpt lat="42.669821" lon="-2.086409">
      <ele>481.1</ele>
    </trkpt>
    <trkpt lat="42.669782" lon="-2.086499">
      <ele>481.2</ele>
    </trkpt>
    <trkpt lat="42.669468" lon="-2.086869">
      <ele>482.1</ele>
    </trkpt>
    <trkpt lat="42.669153" lon="-2.08712">
      <ele>482.8</ele>
    </trkpt>
    <trkpt lat="42.66907" lon="-2.087228">
      <ele>483</ele>
    </trkpt>
    <trkpt lat="42.669022" lon="-2.087349">
      <ele>483.2</ele>
    </trkpt>
    <trkpt lat="42.668969" lon="-2.087727">
      <ele>483.6</ele>
    </trkpt>
    <trkpt lat="42.668921" lon="-2.088727">
      <ele>483.8</ele>
    </trkpt>
    <trkpt lat="42.668867" lon="-2.089178">
      <ele>483.4</ele>
    </trkpt>
    <trkpt lat="42.668834" lon="-2.089772">
      <ele>482.5</ele>
    </trkpt>
    <trkpt lat="42.668882" lon="-2.09015">
      <ele>481.8</ele>
    </trkpt>
    <trkpt lat="42.668954" lon="-2.090352">
      <ele>481.3</ele>
    </trkpt>
    <trkpt lat="42.669115" lon="-2.091004">
      <ele>480</ele>
    </trkpt>
    <trkpt lat="42.669124" lon="-2.091296">
      <ele>479.4</ele>
    </trkpt>
    <trkpt lat="42.669079" lon="-2.091495">
      <ele>478.9</ele>
    </trkpt>
    <trkpt lat="42.669123" lon="-2.091939">
      <ele>478</ele>
    </trkpt>
    <trkpt lat="42.669026" lon="-2.093166">
      <ele>477.5</ele>
    </trkpt>
    <trkpt lat="42.669088" lon="-2.093427">
      <ele>477.8</ele>
    </trkpt>
    <trkpt lat="42.669177" lon="-2.093668">
      <ele>478.2</ele>
    </trkpt>
    <trkpt lat="42.669226" lon="-2.093891">
      <ele>478.7</ele>
    </trkpt>
    <trkpt lat="42.669229" lon="-2.094">
      <ele>478.9</ele>
    </trkpt>
    <trkpt lat="42.669175" lon="-2.094553">
      <ele>480.5</ele>
    </trkpt>
    <trkpt lat="42.669109" lon="-2.094919">
      <ele>481.8</ele>
    </trkpt>
    <trkpt lat="42.668963" lon="-2.095354">
      <ele>483.6</ele>
    </trkpt>
    <trkpt lat="42.668789" lon="-2.095655">
      <ele>485.1</ele>
    </trkpt>
    <trkpt lat="42.668484" lon="-2.096029">
      <ele>487.3</ele>
    </trkpt>
    <trkpt lat="42.668401" lon="-2.096183">
      <ele>488.1</ele>
    </trkpt>
    <trkpt lat="42.668245" lon="-2.096585">
      <ele>490</ele>
    </trkpt>
    <trkpt lat="42.667931" lon="-2.096923">
      <ele>492.3</ele>
    </trkpt>
    <trkpt lat="42.667836" lon="-2.097065">
      <ele>493.2</ele>
    </trkpt>
    <trkpt lat="42.667737" lon="-2.097293">
      <ele>494.5</ele>
    </trkpt>
    <trkpt lat="42.667671" lon="-2.097638">
      <ele>496.3</ele>
    </trkpt>
    <trkpt lat="42.667629" lon="-2.098032">
      <ele>498.5</ele>
    </trkpt>
    <trkpt lat="42.667571" lon="-2.098252">
      <ele>499.8</ele>
    </trkpt>
    <trkpt lat="42.667482" lon="-2.098962">
      <ele>503.5</ele>
    </trkpt>
    <trkpt lat="42.667318" lon="-2.099532">
      <ele>506</ele>
    </trkpt>
    <trkpt lat="42.667344" lon="-2.100177">
      <ele>508</ele>
    </trkpt>
    <trkpt lat="42.667336" lon="-2.100317">
      <ele>508.3</ele>
    </trkpt>
    <trkpt lat="42.667252" lon="-2.100677">
      <ele>508.8</ele>
    </trkpt>
    <trkpt lat="42.66728" lon="-2.101329">
      <ele>509.2</ele>
    </trkpt>
    <trkpt lat="42.667242" lon="-2.10149">
      <ele>509.3</ele>
    </trkpt>
    <trkpt lat="42.667182" lon="-2.10161">
      <ele>509.4</ele>
    </trkpt>
    <trkpt lat="42.667079" lon="-2.101734">
      <ele>509.5</ele>
    </trkpt>
    <trkpt lat="42.66699" lon="-2.101953">
      <ele>509.6</ele>
    </trkpt>
    <trkpt lat="42.667026" lon="-2.102341">
      <ele>509.7</ele>
    </trkpt>
    <trkpt lat="42.666915" lon="-2.102595">
      <ele>509.6</ele>
    </trkpt>
    <trkpt lat="42.666787" lon="-2.102754">
      <ele>509.5</ele>
    </trkpt>
    <trkpt lat="42.666748" lon="-2.102697">
      <ele>509.5</ele>
    </trkpt>
    <trkpt lat="42.66653" lon="-2.103306">
      <ele>508.9</ele>
    </trkpt>
    <trkpt lat="42.666591" lon="-2.103355">
      <ele>508.8</ele>
    </trkpt>
    <trkpt lat="42.666635" lon="-2.103455">
      <ele>508.7</ele>
    </trkpt>
    <trkpt lat="42.666164" lon="-2.10368">
      <ele>507.6</ele>
    </trkpt>
    <trkpt lat="42.665981" lon="-2.103768">
      <ele>506.7</ele>
    </trkpt>
    <trkpt lat="42.665748" lon="-2.103783">
      <ele>505.5</ele>
    </trkpt>
    <trkpt lat="42.665491" lon="-2.103686">
      <ele>504</ele>
    </trkpt>
    <trkpt lat="42.665327" lon="-2.103707">
      <ele>503</ele>
    </trkpt>
    <trkpt lat="42.665275" lon="-2.103782">
      <ele>502.5</ele>
    </trkpt>
    <trkpt lat="42.665131" lon="-2.10419">
      <ele>500.3</ele>
    </trkpt>
    <trkpt lat="42.665026" lon="-2.104591">
      <ele>498.1</ele>
    </trkpt>
    <trkpt lat="42.664948" lon="-2.105254">
      <ele>494.3</ele>
    </trkpt>
    <trkpt lat="42.664833" lon="-2.105589">
      <ele>492.3</ele>
    </trkpt>
    <trkpt lat="42.664216" lon="-2.10629">
      <ele>486.4</ele>
    </trkpt>
    <trkpt lat="42.664052" lon="-2.106408">
      <ele>485.2</ele>
    </trkpt>
    <trkpt lat="42.663867" lon="-2.106473">
      <ele>484.1</ele>
    </trkpt>
    <trkpt lat="42.663714" lon="-2.106616">
      <ele>483.2</ele>
    </trkpt>
    <trkpt lat="42.663299" lon="-2.107315">
      <ele>480.8</ele>
    </trkpt>
    <trkpt lat="42.663211" lon="-2.107272">
      <ele>480.6</ele>
    </trkpt>
    <trkpt lat="42.663193" lon="-2.10736">
      <ele>480.5</ele>
    </trkpt>
    <trkpt lat="42.663108" lon="-2.107625">
      <ele>480.4</ele>
    </trkpt>
    <trkpt lat="42.663018" lon="-2.10788">
      <ele>480.5</ele>
    </trkpt>
    <trkpt lat="42.662716" lon="-2.108281">
      <ele>481.1</ele>
    </trkpt>
    <trkpt lat="42.662616" lon="-2.108538">
      <ele>481.6</ele>
    </trkpt>
    <trkpt lat="42.662526" lon="-2.108817">
      <ele>482</ele>
    </trkpt>
    <trkpt lat="42.66245" lon="-2.10916">
      <ele>482.4</ele>
    </trkpt>
    <trkpt lat="42.662274" lon="-2.109629">
      <ele>483.3</ele>
    </trkpt>
    <trkpt lat="42.662243" lon="-2.109813">
      <ele>483.7</ele>
    </trkpt>
    <trkpt lat="42.662269" lon="-2.110111">
      <ele>484.3</ele>
    </trkpt>
    <trkpt lat="42.662387" lon="-2.110495">
      <ele>485.1</ele>
    </trkpt>
    <trkpt lat="42.662472" lon="-2.110589">
      <ele>485.3</ele>
    </trkpt>
    <trkpt lat="42.662543" lon="-2.110751">
      <ele>485.7</ele>
    </trkpt>
    <trkpt lat="42.662746" lon="-2.111399">
      <ele>487</ele>
    </trkpt>
    <trkpt lat="42.663128" lon="-2.112122">
      <ele>488.9</ele>
    </trkpt>
    <trkpt lat="42.663739" lon="-2.113142">
      <ele>488.7</ele>
    </trkpt>
    <trkpt lat="42.663782" lon="-2.113232">
      <ele>488.5</ele>
    </trkpt>
    <trkpt lat="42.663788" lon="-2.113374">
      <ele>488.1</ele>
    </trkpt>
    <trkpt lat="42.663759" lon="-2.113476">
      <ele>487.7</ele>
    </trkpt>
    <trkpt lat="42.663629" lon="-2.113668">
      <ele>486.8</ele>
    </trkpt>
    <trkpt lat="42.66346" lon="-2.114048">
      <ele>485</ele>
    </trkpt>
    <trkpt lat="42.663106" lon="-2.114312">
      <ele>482.2</ele>
    </trkpt>
    <trkpt lat="42.662912" lon="-2.114585">
      <ele>479.9</ele>
    </trkpt>
    <trkpt lat="42.662686" lon="-2.115029">
      <ele>476.5</ele>
    </trkpt>
    <trkpt lat="42.662607" lon="-2.115125">
      <ele>475.6</ele>
    </trkpt>
    <trkpt lat="42.662483" lon="-2.11521">
      <ele>474.4</ele>
    </trkpt>
    <trkpt lat="42.662126" lon="-2.11519">
      <ele>471.4</ele>
    </trkpt>
    <trkpt lat="42.66183" lon="-2.115308">
      <ele>468.8</ele>
    </trkpt>
    <trkpt lat="42.66116" lon="-2.115418">
      <ele>463.4</ele>
    </trkpt>
    <trkpt lat="42.661117" lon="-2.115417">
      <ele>463.1</ele>
    </trkpt>
    <trkpt lat="42.660857" lon="-2.115259">
      <ele>461.1</ele>
    </trkpt>
    <trkpt lat="42.660775" lon="-2.115254">
      <ele>460.6</ele>
    </trkpt>
    <trkpt lat="42.660714" lon="-2.115284">
      <ele>460.2</ele>
    </trkpt>
    <trkpt lat="42.660671" lon="-2.11536">
      <ele>459.9</ele>
    </trkpt>
    <trkpt lat="42.660645" lon="-2.115533">
      <ele>459.4</ele>
    </trkpt>
    <trkpt lat="42.660671" lon="-2.115695">
      <ele>458.9</ele>
    </trkpt>
    <trkpt lat="42.660771" lon="-2.115942">
      <ele>458.2</ele>
    </trkpt>
    <trkpt lat="42.660786" lon="-2.116078">
      <ele>458</ele>
    </trkpt>
    <trkpt lat="42.660736" lon="-2.116209">
      <ele>457.7</ele>
    </trkpt>
    <trkpt lat="42.660623" lon="-2.116335">
      <ele>457.4</ele>
    </trkpt>
    <trkpt lat="42.660608" lon="-2.116382">
      <ele>457.3</ele>
    </trkpt>
    <trkpt lat="42.660636" lon="-2.116708">
      <ele>457</ele>
    </trkpt>
    <trkpt lat="42.660609" lon="-2.116797">
      <ele>456.9</ele>
    </trkpt>
    <trkpt lat="42.660593" lon="-2.116815">
      <ele>456.9</ele>
    </trkpt>
    <trkpt lat="42.660253" lon="-2.116846">
      <ele>456.7</ele>
    </trkpt>
    <trkpt lat="42.660162" lon="-2.116974">
      <ele>456.6</ele>
    </trkpt>
    <trkpt lat="42.659688" lon="-2.117908">
      <ele>456</ele>
    </trkpt>
    <trkpt lat="42.659438" lon="-2.118678">
      <ele>455.5</ele>
    </trkpt>
    <trkpt lat="42.659354" lon="-2.1189">
      <ele>455.5</ele>
    </trkpt>
    <trkpt lat="42.659182" lon="-2.11987">
      <ele>455.6</ele>
    </trkpt>
    <trkpt lat="42.659177" lon="-2.120127">
      <ele>455.6</ele>
    </trkpt>
    <trkpt lat="42.659218" lon="-2.121014">
      <ele>456</ele>
    </trkpt>
    <trkpt lat="42.65921" lon="-2.121558">
      <ele>456.3</ele>
    </trkpt>
    <trkpt lat="42.659173" lon="-2.12178">
      <ele>456.4</ele>
    </trkpt>
    <trkpt lat="42.65916" lon="-2.12273">
      <ele>457</ele>
    </trkpt>
    <trkpt lat="42.659" lon="-2.123197">
      <ele>457.2</ele>
    </trkpt>
    <trkpt lat="42.658968" lon="-2.123466">
      <ele>457.3</ele>
    </trkpt>
    <trkpt lat="42.658843" lon="-2.123959">
      <ele>457.3</ele>
    </trkpt>
    <trkpt lat="42.658655" lon="-2.124388">
      <ele>457.4</ele>
    </trkpt>
    <trkpt lat="42.658311" lon="-2.124914">
      <ele>457.4</ele>
    </trkpt>
    <trkpt lat="42.657688" lon="-2.126201">
      <ele>458</ele>
    </trkpt>
    <trkpt lat="42.656788" lon="-2.127348">
      <ele>459.2</ele>
    </trkpt>
    <trkpt lat="42.656708" lon="-2.127488">
      <ele>459.2</ele>
    </trkpt>
    <trkpt lat="42.656673" lon="-2.127698">
      <ele>459.2</ele>
    </trkpt>
    <trkpt lat="42.656644" lon="-2.127744">
      <ele>459.2</ele>
    </trkpt>
    <trkpt lat="42.656598" lon="-2.127902">
      <ele>459.2</ele>
    </trkpt>
    <trkpt lat="42.656587" lon="-2.128482">
      <ele>458.9</ele>
    </trkpt>
    <trkpt lat="42.656602" lon="-2.128785">
      <ele>458.7</ele>
    </trkpt>
    <trkpt lat="42.656633" lon="-2.129138">
      <ele>458.3</ele>
    </trkpt>
    <trkpt lat="42.65664" lon="-2.130352">
      <ele>458</ele>
    </trkpt>
    <trkpt lat="42.656753" lon="-2.134524">
      <ele>461.1</ele>
    </trkpt>
    <trkpt lat="42.656825" lon="-2.135">
      <ele>461.5</ele>
    </trkpt>
    <trkpt lat="42.656919" lon="-2.135328">
      <ele>461.7</ele>
    </trkpt>
    <trkpt lat="42.657087" lon="-2.135765">
      <ele>462.1</ele>
    </trkpt>
    <trkpt lat="42.658074" lon="-2.138479">
      <ele>464.1</ele>
    </trkpt>
    <trkpt lat="42.658184" lon="-2.138865">
      <ele>465</ele>
    </trkpt>
    <trkpt lat="42.658241" lon="-2.139157">
      <ele>465.7</ele>
    </trkpt>
    <trkpt lat="42.658259" lon="-2.139553">
      <ele>466.7</ele>
    </trkpt>
    <trkpt lat="42.658253" lon="-2.141097">
      <ele>470.4</ele>
    </trkpt>
    <trkpt lat="42.658273" lon="-2.141279">
      <ele>470.6</ele>
    </trkpt>
    <trkpt lat="42.658301" lon="-2.142708">
      <ele>471.8</ele>
    </trkpt>
    <trkpt lat="42.658337" lon="-2.146225">
      <ele>473</ele>
    </trkpt>
    <trkpt lat="42.658346" lon="-2.147047">
      <ele>473.5</ele>
    </trkpt>
    <trkpt lat="42.65841" lon="-2.152307">
      <ele>477.9</ele>
    </trkpt>
    <trkpt lat="42.658434" lon="-2.152875">
      <ele>477.4</ele>
    </trkpt>
    <trkpt lat="42.658422" lon="-2.153052">
      <ele>477.2</ele>
    </trkpt>
    <trkpt lat="42.657796" lon="-2.152893">
      <ele>475.3</ele>
    </trkpt>
    <trkpt lat="42.657466" lon="-2.152877">
      <ele>473.9</ele>
    </trkpt>
    <trkpt lat="42.65693" lon="-2.152968">
      <ele>471.3</ele>
    </trkpt>
    <trkpt lat="42.656863" lon="-2.15302">
      <ele>470.9</ele>
    </trkpt>
    <trkpt lat="42.656652" lon="-2.153183">
      <ele>469.6</ele>
    </trkpt>
    <trkpt lat="42.656641" lon="-2.153413">
      <ele>468.7</ele>
    </trkpt>
    <trkpt lat="42.656493" lon="-2.153512">
      <ele>467.9</ele>
    </trkpt>
    <trkpt lat="42.656317" lon="-2.153566">
      <ele>467.2</ele>
    </trkpt>
    <trkpt lat="42.656311" lon="-2.153743">
      <ele>466.6</ele>
    </trkpt>
    <trkpt lat="42.656206" lon="-2.15375">
      <ele>466.2</ele>
    </trkpt>
    <trkpt lat="42.656036" lon="-2.153761">
      <ele>465.7</ele>
    </trkpt>
    <trkpt lat="42.655835" lon="-2.153827">
      <ele>465</ele>
    </trkpt>
    <trkpt lat="42.655831" lon="-2.153788">
      <ele>465</ele>
    </trkpt>
    <trkpt lat="42.655175" lon="-2.154147">
      <ele>463.4</ele>
    </trkpt>
    <trkpt lat="42.65509" lon="-2.154194">
      <ele>463.3</ele>
    </trkpt>
    <trkpt lat="42.655059" lon="-2.154149">
      <ele>463.2</ele>
    </trkpt>
    <trkpt lat="42.654975" lon="-2.154145">
      <ele>463.1</ele>
    </trkpt>
    <trkpt lat="42.654935" lon="-2.154198">
      <ele>463.1</ele>
    </trkpt>
    <trkpt lat="42.654864" lon="-2.154205">
      <ele>463</ele>
    </trkpt>
    <trkpt lat="42.654827" lon="-2.154209">
      <ele>463</ele>
    </trkpt>
    <trkpt lat="42.654587" lon="-2.154387">
      <ele>462.7</ele>
    </trkpt>
    <trkpt lat="42.654455" lon="-2.154549">
      <ele>462.5</ele>
    </trkpt>
    <trkpt lat="42.653969" lon="-2.155138">
      <ele>461.8</ele>
    </trkpt>
    <trkpt lat="42.653927" lon="-2.155186">
      <ele>461.7</ele>
    </trkpt>
    <trkpt lat="42.653877" lon="-2.155243">
      <ele>461.6</ele>
    </trkpt>
    <trkpt lat="42.653745" lon="-2.155338">
      <ele>461.5</ele>
    </trkpt>
    <trkpt lat="42.653556" lon="-2.15542">
      <ele>461.3</ele>
    </trkpt>
    <trkpt lat="42.652811" lon="-2.155604">
      <ele>461.1</ele>
    </trkpt>
    <trkpt lat="42.652631" lon="-2.155689">
      <ele>461.1</ele>
    </trkpt>
    <trkpt lat="42.652375" lon="-2.155846">
      <ele>461.3</ele>
    </trkpt>
    <trkpt lat="42.652023" lon="-2.156112">
      <ele>461.6</ele>
    </trkpt>
    <trkpt lat="42.651726" lon="-2.156457">
      <ele>462</ele>
    </trkpt>
    <trkpt lat="42.651578" lon="-2.156561">
      <ele>462.2</ele>
    </trkpt>
    <trkpt lat="42.651425" lon="-2.156623">
      <ele>462.4</ele>
    </trkpt>
    <trkpt lat="42.650924" lon="-2.156722">
      <ele>463</ele>
    </trkpt>
    <trkpt lat="42.650702" lon="-2.15673">
      <ele>463.3</ele>
    </trkpt>
    <trkpt lat="42.649517" lon="-2.156667">
      <ele>465.5</ele>
    </trkpt>
    <trkpt lat="42.648757" lon="-2.156783">
      <ele>467.2</ele>
    </trkpt>
    <trkpt lat="42.648299" lon="-2.156859">
      <ele>468.2</ele>
    </trkpt>
    <trkpt lat="42.647878" lon="-2.15697">
      <ele>469.2</ele>
    </trkpt>
    <trkpt lat="42.647647" lon="-2.157108">
      <ele>469.7</ele>
    </trkpt>
    <trkpt lat="42.647483" lon="-2.157255">
      <ele>470.2</ele>
    </trkpt>
    <trkpt lat="42.646855" lon="-2.157996">
      <ele>472</ele>
    </trkpt>
    <trkpt lat="42.646583" lon="-2.158233">
      <ele>472.7</ele>
    </trkpt>
    <trkpt lat="42.646431" lon="-2.158311">
      <ele>473</ele>
    </trkpt>
    <trkpt lat="42.646259" lon="-2.158355">
      <ele>473.3</ele>
    </trkpt>
    <trkpt lat="42.643478" lon="-2.158665">
      <ele>477</ele>
    </trkpt>
    <trkpt lat="42.642497" lon="-2.158831">
      <ele>478.9</ele>
    </trkpt>
    <trkpt lat="42.641796" lon="-2.159115">
      <ele>480.5</ele>
    </trkpt>
    <trkpt lat="42.641388" lon="-2.159348">
      <ele>481.2</ele>
    </trkpt>
    <trkpt lat="42.640935" lon="-2.159842">
      <ele>481.7</ele>
    </trkpt>
    <trkpt lat="42.640144" lon="-2.160677">
      <ele>481.6</ele>
    </trkpt>
    <trkpt lat="42.63962" lon="-2.161316">
      <ele>481.3</ele>
    </trkpt>
    <trkpt lat="42.63943" lon="-2.161505">
      <ele>481.4</ele>
    </trkpt>
    <trkpt lat="42.639131" lon="-2.161787">
      <ele>481.6</ele>
    </trkpt>
    <trkpt lat="42.638914" lon="-2.161943">
      <ele>482</ele>
    </trkpt>
    <trkpt lat="42.638517" lon="-2.162171">
      <ele>482.9</ele>
    </trkpt>
    <trkpt lat="42.637994" lon="-2.16266">
      <ele>484.6</ele>
    </trkpt>
    <trkpt lat="42.637597" lon="-2.163217">
      <ele>486.5</ele>
    </trkpt>
    <trkpt lat="42.637428" lon="-2.163507">
      <ele>487.5</ele>
    </trkpt>
    <trkpt lat="42.636244" lon="-2.161948">
      <ele>493.5</ele>
    </trkpt>
    <trkpt lat="42.634892" lon="-2.160303">
      <ele>500.3</ele>
    </trkpt>
    <trkpt lat="42.632689" lon="-2.157649">
      <ele>509.9</ele>
    </trkpt>
    <trkpt lat="42.628019" lon="-2.15204">
      <ele>520</ele>
    </trkpt>
    <trkpt lat="42.627231" lon="-2.151038">
      <ele>524.2</ele>
    </trkpt>
    <trkpt lat="42.62384" lon="-2.146163">
      <ele>543.9</ele>
    </trkpt>
    <trkpt lat="42.623035" lon="-2.145077">
      <ele>549.5</ele>
    </trkpt>
    <trkpt lat="42.622808" lon="-2.144715">
      <ele>551.3</ele>
    </trkpt>
    <trkpt lat="42.622509" lon="-2.143912">
      <ele>554.5</ele>
    </trkpt>
    <trkpt lat="42.622371" lon="-2.143238">
      <ele>557.2</ele>
    </trkpt>
    <trkpt lat="42.622336" lon="-2.142685">
      <ele>559.5</ele>
    </trkpt>
    <trkpt lat="42.622426" lon="-2.141266">
      <ele>567.8</ele>
    </trkpt>
    <trkpt lat="42.622398" lon="-2.140808">
      <ele>571.2</ele>
    </trkpt>
    <trkpt lat="42.622375" lon="-2.140617">
      <ele>572.6</ele>
    </trkpt>
    <trkpt lat="42.622173" lon="-2.140048">
      <ele>577.1</ele>
    </trkpt>
    <trkpt lat="42.62204" lon="-2.139818">
      <ele>579.2</ele>
    </trkpt>
    <trkpt lat="42.621907" lon="-2.139644">
      <ele>581.1</ele>
    </trkpt>
    <trkpt lat="42.621564" lon="-2.139346">
      <ele>585</ele>
    </trkpt>
    <trkpt lat="42.621369" lon="-2.139241">
      <ele>586.9</ele>
    </trkpt>
    <trkpt lat="42.62118" lon="-2.139182">
      <ele>588.7</ele>
    </trkpt>
    <trkpt lat="42.620972" lon="-2.139159">
      <ele>590.6</ele>
    </trkpt>
    <trkpt lat="42.620822" lon="-2.139164">
      <ele>591.9</ele>
    </trkpt>
    <trkpt lat="42.620438" lon="-2.139276">
      <ele>595.2</ele>
    </trkpt>
    <trkpt lat="42.619858" lon="-2.139615">
      <ele>599.4</ele>
    </trkpt>
    <trkpt lat="42.619627" lon="-2.13971">
      <ele>600.5</ele>
    </trkpt>
    <trkpt lat="42.619419" lon="-2.139735">
      <ele>601.4</ele>
    </trkpt>
    <trkpt lat="42.618979" lon="-2.139623">
      <ele>603</ele>
    </trkpt>
    <trkpt lat="42.618606" lon="-2.139401">
      <ele>604.6</ele>
    </trkpt>
    <trkpt lat="42.61791" lon="-2.138816">
      <ele>611.3</ele>
    </trkpt>
    <trkpt lat="42.617449" lon="-2.138351">
      <ele>618.3</ele>
    </trkpt>
    <trkpt lat="42.617042" lon="-2.13784">
      <ele>623.7</ele>
    </trkpt>
    <trkpt lat="42.61684" lon="-2.137516">
      <ele>625.7</ele>
    </trkpt>
    <trkpt lat="42.616722" lon="-2.13714">
      <ele>626.6</ele>
    </trkpt>
    <trkpt lat="42.616666" lon="-2.136806">
      <ele>626.6</ele>
    </trkpt>
    <trkpt lat="42.616666" lon="-2.136528">
      <ele>626</ele>
    </trkpt>
    <trkpt lat="42.616733" lon="-2.136182">
      <ele>624.7</ele>
    </trkpt>
    <trkpt lat="42.616913" lon="-2.135678">
      <ele>622.3</ele>
    </trkpt>
    <trkpt lat="42.616859" lon="-2.135556">
      <ele>621.7</ele>
    </trkpt>
    <trkpt lat="42.616873" lon="-2.135461">
      <ele>621.2</ele>
    </trkpt>
    <trkpt lat="42.616425" lon="-2.135382">
      <ele>618.4</ele>
    </trkpt>
    <trkpt lat="42.615877" lon="-2.135423">
      <ele>615.1</ele>
    </trkpt>
    <trkpt lat="42.613252" lon="-2.136051">
      <ele>598</ele>
    </trkpt>
    <trkpt lat="42.612498" lon="-2.136233">
      <ele>592.4</ele>
    </trkpt>
    <trkpt lat="42.61207" lon="-2.136239">
      <ele>588.9</ele>
    </trkpt>
    <trkpt lat="42.610408" lon="-2.136147">
      <ele>575.6</ele>
    </trkpt>
    <trkpt lat="42.61002" lon="-2.136076">
      <ele>573.1</ele>
    </trkpt>
    <trkpt lat="42.609729" lon="-2.135977">
      <ele>571.2</ele>
    </trkpt>
    <trkpt lat="42.609006" lon="-2.135657">
      <ele>565.6</ele>
    </trkpt>
    <trkpt lat="42.608548" lon="-2.135558">
      <ele>561.6</ele>
    </trkpt>
    <trkpt lat="42.608308" lon="-2.135582">
      <ele>559.6</ele>
    </trkpt>
    <trkpt lat="42.608077" lon="-2.135651">
      <ele>557.7</ele>
    </trkpt>
    <trkpt lat="42.607556" lon="-2.135885">
      <ele>553.9</ele>
    </trkpt>
    <trkpt lat="42.607281" lon="-2.136006">
      <ele>552.5</ele>
    </trkpt>
    <trkpt lat="42.606926" lon="-2.13607">
      <ele>551.2</ele>
    </trkpt>
    <trkpt lat="42.606656" lon="-2.13607">
      <ele>550.3</ele>
    </trkpt>
    <trkpt lat="42.60619" lon="-2.135919">
      <ele>548.9</ele>
    </trkpt>
    <trkpt lat="42.604422" lon="-2.134895">
      <ele>541</ele>
    </trkpt>
    <trkpt lat="42.603814" lon="-2.134488">
      <ele>537.8</ele>
    </trkpt>
    <trkpt lat="42.603407" lon="-2.133839">
      <ele>535</ele>
    </trkpt>
    <trkpt lat="42.60327" lon="-2.133528">
      <ele>534</ele>
    </trkpt>
    <trkpt lat="42.603226" lon="-2.133408">
      <ele>533.6</ele>
    </trkpt>
    <trkpt lat="42.602949" lon="-2.133314">
      <ele>532.7</ele>
    </trkpt>
    <trkpt lat="42.602505" lon="-2.13311">
      <ele>531.5</ele>
    </trkpt>
    <trkpt lat="42.601958" lon="-2.132997">
      <ele>530.4</ele>
    </trkpt>
    <trkpt lat="42.601804" lon="-2.133">
      <ele>530.2</ele>
    </trkpt>
    <trkpt lat="42.60131" lon="-2.13312">
      <ele>529.8</ele>
    </trkpt>
    <trkpt lat="42.600946" lon="-2.133276">
      <ele>529.6</ele>
    </trkpt>
    <trkpt lat="42.600671" lon="-2.133343">
      <ele>529.4</ele>
    </trkpt>
    <trkpt lat="42.600114" lon="-2.133381">
      <ele>528.8</ele>
    </trkpt>
    <trkpt lat="42.600045" lon="-2.133364">
      <ele>528.7</ele>
    </trkpt>
    <trkpt lat="42.599376" lon="-2.139605">
      <ele>515.2</ele>
    </trkpt>
    <trkpt lat="42.599332" lon="-2.13983">
      <ele>514.9</ele>
    </trkpt>
    <trkpt lat="42.599265" lon="-2.140027">
      <ele>514.6</ele>
    </trkpt>
    <trkpt lat="42.598227" lon="-2.142735">
      <ele>512.8</ele>
    </trkpt>
    <trkpt lat="42.598085" lon="-2.143316">
      <ele>512.4</ele>
    </trkpt>
    <trkpt lat="42.597906" lon="-2.14425">
      <ele>511.4</ele>
    </trkpt>
    <trkpt lat="42.597862" lon="-2.144408">
      <ele>511.2</ele>
    </trkpt>
    <trkpt lat="42.597815" lon="-2.14449">
      <ele>511.1</ele>
    </trkpt>
    <trkpt lat="42.597753" lon="-2.144572">
      <ele>510.9</ele>
    </trkpt>
    <trkpt lat="42.596495" lon="-2.145554">
      <ele>508.9</ele>
    </trkpt>
    <trkpt lat="42.596479" lon="-2.145601">
      <ele>508.9</ele>
    </trkpt>
    <trkpt lat="42.596493" lon="-2.145841">
      <ele>509</ele>
    </trkpt>
    <trkpt lat="42.596542" lon="-2.146226">
      <ele>509.2</ele>
    </trkpt>
    <trkpt lat="42.596774" lon="-2.146861">
      <ele>509.7</ele>
    </trkpt>
    <trkpt lat="42.596837" lon="-2.14742">
      <ele>510.3</ele>
    </trkpt>
    <trkpt lat="42.596846" lon="-2.148201">
      <ele>510.9</ele>
    </trkpt>
    <trkpt lat="42.596806" lon="-2.148443">
      <ele>511.1</ele>
    </trkpt>
    <trkpt lat="42.596677" lon="-2.148841">
      <ele>511.5</ele>
    </trkpt>
    <trkpt lat="42.596616" lon="-2.149542">
      <ele>512.3</ele>
    </trkpt>
    <trkpt lat="42.596625" lon="-2.150394">
      <ele>513.6</ele>
    </trkpt>
    <trkpt lat="42.596694" lon="-2.150636">
      <ele>514.1</ele>
    </trkpt>
    <trkpt lat="42.59671" lon="-2.150857">
      <ele>514.6</ele>
    </trkpt>
    <trkpt lat="42.596513" lon="-2.151375">
      <ele>516</ele>
    </trkpt>
    <trkpt lat="42.596404" lon="-2.151504">
      <ele>516.5</ele>
    </trkpt>
    <trkpt lat="42.59617" lon="-2.153455">
      <ele>523.2</ele>
    </trkpt>
    <trkpt lat="42.596247" lon="-2.156376">
      <ele>534.4</ele>
    </trkpt>
    <trkpt lat="42.593161" lon="-2.156684">
      <ele>534.4</ele>
    </trkpt>
    <trkpt lat="42.59307" lon="-2.15676">
      <ele>534.3</ele>
    </trkpt>
    <trkpt lat="42.593011" lon="-2.157655">
      <ele>533.3</ele>
    </trkpt>
    <trkpt lat="42.59291" lon="-2.158559">
      <ele>531.9</ele>
    </trkpt>
    <trkpt lat="42.592892" lon="-2.158921">
      <ele>531.2</ele>
    </trkpt>
    <trkpt lat="42.593016" lon="-2.169377">
      <ele>508.9</ele>
    </trkpt>
    <trkpt lat="42.593057" lon="-2.16958">
      <ele>508.5</ele>
    </trkpt>
    <trkpt lat="42.593142" lon="-2.169729">
      <ele>508.1</ele>
    </trkpt>
    <trkpt lat="42.593216" lon="-2.169788">
      <ele>507.9</ele>
    </trkpt>
    <trkpt lat="42.593465" lon="-2.169854">
      <ele>507.3</ele>
    </trkpt>
    <trkpt lat="42.593658" lon="-2.169948">
      <ele>506.8</ele>
    </trkpt>
    <trkpt lat="42.593739" lon="-2.17008">
      <ele>506.5</ele>
    </trkpt>
    <trkpt lat="42.593722" lon="-2.172467">
      <ele>503</ele>
    </trkpt>
    <trkpt lat="42.593671" lon="-2.173985">
      <ele>500.8</ele>
    </trkpt>
    <trkpt lat="42.593577" lon="-2.17444">
      <ele>500.1</ele>
    </trkpt>
    <trkpt lat="42.592906" lon="-2.176726">
      <ele>496.9</ele>
    </trkpt>
    <trkpt lat="42.592833" lon="-2.176904">
      <ele>496.7</ele>
    </trkpt>
    <trkpt lat="42.592759" lon="-2.177032">
      <ele>496.5</ele>
    </trkpt>
    <trkpt lat="42.592184" lon="-2.177568">
      <ele>495.6</ele>
    </trkpt>
    <trkpt lat="42.59144" lon="-2.179179">
      <ele>493.1</ele>
    </trkpt>
    <trkpt lat="42.591359" lon="-2.179298">
      <ele>492.8</ele>
    </trkpt>
    <trkpt lat="42.590599" lon="-2.180102">
      <ele>491.8</ele>
    </trkpt>
    <trkpt lat="42.590436" lon="-2.180363">
      <ele>491.8</ele>
    </trkpt>
    <trkpt lat="42.5901" lon="-2.181402">
      <ele>491.5</ele>
    </trkpt>
    <trkpt lat="42.590018" lon="-2.181594">
      <ele>491.4</ele>
    </trkpt>
    <trkpt lat="42.589722" lon="-2.181391">
      <ele>491.1</ele>
    </trkpt>
    <trkpt lat="42.589496" lon="-2.181292">
      <ele>490.8</ele>
    </trkpt>
    <trkpt lat="42.588818" lon="-2.181317">
      <ele>489.3</ele>
    </trkpt>
    <trkpt lat="42.587834" lon="-2.181423">
      <ele>487.2</ele>
    </trkpt>
    <trkpt lat="42.587623" lon="-2.181447">
      <ele>486.9</ele>
    </trkpt>
    <trkpt lat="42.587422" lon="-2.18151">
      <ele>486.7</ele>
    </trkpt>
    <trkpt lat="42.586958" lon="-2.181754">
      <ele>486.2</ele>
    </trkpt>
    <trkpt lat="42.586349" lon="-2.182045">
      <ele>485.8</ele>
    </trkpt>
    <trkpt lat="42.585735" lon="-2.182173">
      <ele>485.8</ele>
    </trkpt>
    <trkpt lat="42.585169" lon="-2.182244">
      <ele>486.6</ele>
    </trkpt>
    <trkpt lat="42.584818" lon="-2.182385">
      <ele>487.2</ele>
    </trkpt>
    <trkpt lat="42.584752" lon="-2.182468">
      <ele>487.3</ele>
    </trkpt>
    <trkpt lat="42.584508" lon="-2.182976">
      <ele>487.8</ele>
    </trkpt>
    <trkpt lat="42.584436" lon="-2.183066">
      <ele>487.9</ele>
    </trkpt>
    <trkpt lat="42.584034" lon="-2.183329">
      <ele>488.6</ele>
    </trkpt>
    <trkpt lat="42.58383" lon="-2.183495">
      <ele>488.9</ele>
    </trkpt>
    <trkpt lat="42.583722" lon="-2.183634">
      <ele>489.1</ele>
    </trkpt>
    <trkpt lat="42.581584" lon="-2.187031">
      <ele>495.2</ele>
    </trkpt>
    <trkpt lat="42.581343" lon="-2.187319">
      <ele>494.6</ele>
    </trkpt>
    <trkpt lat="42.580897" lon="-2.187539">
      <ele>492.7</ele>
    </trkpt>
    <trkpt lat="42.57994" lon="-2.188396">
      <ele>483.1</ele>
    </trkpt>
    <trkpt lat="42.579782" lon="-2.188506">
      <ele>481.3</ele>
    </trkpt>
    <trkpt lat="42.579394" lon="-2.188539">
      <ele>477.4</ele>
    </trkpt>
    <trkpt lat="42.579237" lon="-2.188589">
      <ele>475.9</ele>
    </trkpt>
    <trkpt lat="42.578438" lon="-2.189101">
      <ele>468.5</ele>
    </trkpt>
    <trkpt lat="42.576414" lon="-2.190257">
      <ele>458</ele>
    </trkpt>
    <trkpt lat="42.576289" lon="-2.190358">
      <ele>457.5</ele>
    </trkpt>
    <trkpt lat="42.574918" lon="-2.191901">
      <ele>454.9</ele>
    </trkpt>
    <trkpt lat="42.574345" lon="-2.19266">
      <ele>454.9</ele>
    </trkpt>
    <trkpt lat="42.573973" lon="-2.193066">
      <ele>454.7</ele>
    </trkpt>
    <trkpt lat="42.573758" lon="-2.193264">
      <ele>454.5</ele>
    </trkpt>
    <trkpt lat="42.573545" lon="-2.193378">
      <ele>454.3</ele>
    </trkpt>
    <trkpt lat="42.573094" lon="-2.193407">
      <ele>453.8</ele>
    </trkpt>
    <trkpt lat="42.57274" lon="-2.19338">
      <ele>453.3</ele>
    </trkpt>
    <trkpt lat="42.572179" lon="-2.19323">
      <ele>452.5</ele>
    </trkpt>
    <trkpt lat="42.571884" lon="-2.193107">
      <ele>452.2</ele>
    </trkpt>
    <trkpt lat="42.571062" lon="-2.192643">
      <ele>452.1</ele>
    </trkpt>
    <trkpt lat="42.570327" lon="-2.192201">
      <ele>452.5</ele>
    </trkpt>
    <trkpt lat="42.570131" lon="-2.192097">
      <ele>452.3</ele>
    </trkpt>
    <trkpt lat="42.569908" lon="-2.192054">
      <ele>452</ele>
    </trkpt>
    <trkpt lat="42.569778" lon="-2.191966">
      <ele>451.7</ele>
    </trkpt>
    <trkpt lat="42.569583" lon="-2.191775">
      <ele>451.1</ele>
    </trkpt>
    <trkpt lat="42.569509" lon="-2.191824">
      <ele>450.9</ele>
    </trkpt>
    <trkpt lat="42.569469" lon="-2.191791">
      <ele>450.8</ele>
    </trkpt>
    <trkpt lat="42.569411" lon="-2.191722">
      <ele>450.6</ele>
    </trkpt>
    <trkpt lat="42.569118" lon="-2.191591">
      <ele>449.9</ele>
    </trkpt>
    <trkpt lat="42.568886" lon="-2.191377">
      <ele>449.1</ele>
    </trkpt>
    <trkpt lat="42.56884" lon="-2.191509">
      <ele>448.9</ele>
    </trkpt>
    <trkpt lat="42.56879" lon="-2.191472">
      <ele>448.7</ele>
    </trkpt>
    <trkpt lat="42.568693" lon="-2.191386">
      <ele>448.4</ele>
    </trkpt>
    <trkpt lat="42.568621" lon="-2.191629">
      <ele>447.8</ele>
    </trkpt>
    </trkseg>
  </trk>
</gpx>
