<?xml version="1.0" encoding="UTF-8"?>
<gpx version="1.1" creator="fitAI Komoot downloader" xmlns="http://www.topografix.com/GPX/1/1">
  <metadata>
    <name>Colegiata de San Miguel y Cornago - Recorrido circular desde Alfaro</name>
    <desc>98 visitas · Dificultad: difficult · Distancia: 100.8 km · Desnivel +: 1290 m</desc>
    <link href="https://www.komoot.com/smarttour/e43411444"><text>Komoot</text></link>
  </metadata>
  <trk>
    <name>Colegiata de San Miguel y Cornago - Recorrido circular desde Alfaro</name>
    <type>racebike</type>
    <trkseg>
    <trkpt lat="42.186274" lon="-1.74815">
      <ele>282.4</ele>
    </trkpt>
    <trkpt lat="42.186274" lon="-1.748152">
      <ele>282.4</ele>
    </trkpt>
    <trkpt lat="42.186204" lon="-1.748198">
      <ele>282.4</ele>
    </trkpt>
    <trkpt lat="42.186149" lon="-1.748132">
      <ele>282.4</ele>
    </trkpt>
    <trkpt lat="42.18592" lon="-1.748203">
      <ele>282.4</ele>
    </trkpt>
    <trkpt lat="42.185588" lon="-1.748192">
      <ele>282.4</ele>
    </trkpt>
    <trkpt lat="42.185033" lon="-1.748152">
      <ele>282.5</ele>
    </trkpt>
    <trkpt lat="42.184179" lon="-1.748133">
      <ele>282.6</ele>
    </trkpt>
    <trkpt lat="42.18393" lon="-1.748182">
      <ele>282.8</ele>
    </trkpt>
    <trkpt lat="42.183287" lon="-1.7484">
      <ele>284</ele>
    </trkpt>
    <trkpt lat="42.182998" lon="-1.748532">
      <ele>284.9</ele>
    </trkpt>
    <trkpt lat="42.182435" lon="-1.748787">
      <ele>287.6</ele>
    </trkpt>
    <trkpt lat="42.182324" lon="-1.748916">
      <ele>288.3</ele>
    </trkpt>
    <trkpt lat="42.182279" lon="-1.74897">
      <ele>288.6</ele>
    </trkpt>
    <trkpt lat="42.182025" lon="-1.749108">
      <ele>289.9</ele>
    </trkpt>
    <trkpt lat="42.181947" lon="-1.749109">
      <ele>290.3</ele>
    </trkpt>
    <trkpt lat="42.181818" lon="-1.749134">
      <ele>290.9</ele>
    </trkpt>
    <trkpt lat="42.181353" lon="-1.749601">
      <ele>293.2</ele>
    </trkpt>
    <trkpt lat="42.181253" lon="-1.749702">
      <ele>293.7</ele>
    </trkpt>
    <trkpt lat="42.180586" lon="-1.750365">
      <ele>295.7</ele>
    </trkpt>
    <trkpt lat="42.179766" lon="-1.75111">
      <ele>298.2</ele>
    </trkpt>
    <trkpt lat="42.179034" lon="-1.751871">
      <ele>301.6</ele>
    </trkpt>
    <trkpt lat="42.178908" lon="-1.75204">
      <ele>302.3</ele>
    </trkpt>
    <trkpt lat="42.178927" lon="-1.751866">
      <ele>302.8</ele>
    </trkpt>
    <trkpt lat="42.178957" lon="-1.751593">
      <ele>303.6</ele>
    </trkpt>
    <trkpt lat="42.179116" lon="-1.750759">
      <ele>305.7</ele>
    </trkpt>
    <trkpt lat="42.17918" lon="-1.750325">
      <ele>307</ele>
    </trkpt>
    <trkpt lat="42.179055" lon="-1.750043">
      <ele>307.5</ele>
    </trkpt>
    <trkpt lat="42.178779" lon="-1.74972">
      <ele>307.5</ele>
    </trkpt>
    <trkpt lat="42.178626" lon="-1.749542">
      <ele>307.4</ele>
    </trkpt>
    <trkpt lat="42.178471" lon="-1.749353">
      <ele>307.2</ele>
    </trkpt>
    <trkpt lat="42.178673" lon="-1.7491">
      <ele>306.8</ele>
    </trkpt>
    <trkpt lat="42.178717" lon="-1.749042">
      <ele>306.6</ele>
    </trkpt>
    <trkpt lat="42.178942" lon="-1.748744">
      <ele>306</ele>
    </trkpt>
    <trkpt lat="42.178977" lon="-1.748693">
      <ele>305.9</ele>
    </trkpt>
    <trkpt lat="42.179499" lon="-1.748684">
      <ele>304.7</ele>
    </trkpt>
    <trkpt lat="42.179595" lon="-1.74932">
      <ele>303.4</ele>
    </trkpt>
    <trkpt lat="42.1796" lon="-1.749362">
      <ele>303.3</ele>
    </trkpt>
    <trkpt lat="42.179368" lon="-1.749417">
      <ele>302.8</ele>
    </trkpt>
    <trkpt lat="42.179596" lon="-1.750165">
      <ele>301.4</ele>
    </trkpt>
    <trkpt lat="42.179696" lon="-1.750492">
      <ele>300.9</ele>
    </trkpt>
    <trkpt lat="42.179739" lon="-1.750757">
      <ele>300.8</ele>
    </trkpt>
    <trkpt lat="42.17976" lon="-1.75102">
      <ele>300.5</ele>
    </trkpt>
    <trkpt lat="42.179766" lon="-1.75111">
      <ele>300.4</ele>
    </trkpt>
    <trkpt lat="42.179034" lon="-1.751871">
      <ele>300</ele>
    </trkpt>
    <trkpt lat="42.178908" lon="-1.75204">
      <ele>299.8</ele>
    </trkpt>
    <trkpt lat="42.178687" lon="-1.752401">
      <ele>299.2</ele>
    </trkpt>
    <trkpt lat="42.178646" lon="-1.752607">
      <ele>298.8</ele>
    </trkpt>
    <trkpt lat="42.178671" lon="-1.752752">
      <ele>298.5</ele>
    </trkpt>
    <trkpt lat="42.178758" lon="-1.752939">
      <ele>298</ele>
    </trkpt>
    <trkpt lat="42.178872" lon="-1.753184">
      <ele>297.2</ele>
    </trkpt>
    <trkpt lat="42.178898" lon="-1.753239">
      <ele>297.1</ele>
    </trkpt>
    <trkpt lat="42.179066" lon="-1.753574">
      <ele>295.8</ele>
    </trkpt>
    <trkpt lat="42.179221" lon="-1.753883">
      <ele>294.4</ele>
    </trkpt>
    <trkpt lat="42.179357" lon="-1.75423">
      <ele>293.1</ele>
    </trkpt>
    <trkpt lat="42.179443" lon="-1.754572">
      <ele>292.5</ele>
    </trkpt>
    <trkpt lat="42.179451" lon="-1.754731">
      <ele>292.2</ele>
    </trkpt>
    <trkpt lat="42.179403" lon="-1.754963">
      <ele>292</ele>
    </trkpt>
    <trkpt lat="42.179267" lon="-1.755205">
      <ele>291.9</ele>
    </trkpt>
    <trkpt lat="42.178723" lon="-1.7558">
      <ele>291.9</ele>
    </trkpt>
    <trkpt lat="42.178531" lon="-1.756016">
      <ele>292.2</ele>
    </trkpt>
    <trkpt lat="42.178422" lon="-1.756177">
      <ele>292.3</ele>
    </trkpt>
    <trkpt lat="42.178447" lon="-1.756228">
      <ele>292.3</ele>
    </trkpt>
    <trkpt lat="42.178457" lon="-1.756307">
      <ele>292.4</ele>
    </trkpt>
    <trkpt lat="42.178407" lon="-1.756418">
      <ele>292.4</ele>
    </trkpt>
    <trkpt lat="42.178756" lon="-1.756989">
      <ele>292.5</ele>
    </trkpt>
    <trkpt lat="42.178978" lon="-1.757361">
      <ele>292.2</ele>
    </trkpt>
    <trkpt lat="42.179949" lon="-1.758967">
      <ele>291.1</ele>
    </trkpt>
    <trkpt lat="42.180196" lon="-1.759387">
      <ele>291.2</ele>
    </trkpt>
    <trkpt lat="42.180245" lon="-1.759467">
      <ele>291.2</ele>
    </trkpt>
    <trkpt lat="42.180272" lon="-1.759512">
      <ele>291.2</ele>
    </trkpt>
    <trkpt lat="42.180716" lon="-1.759974">
      <ele>291.4</ele>
    </trkpt>
    <trkpt lat="42.180787" lon="-1.760108">
      <ele>291.5</ele>
    </trkpt>
    <trkpt lat="42.180761" lon="-1.760269">
      <ele>291.5</ele>
    </trkpt>
    <trkpt lat="42.180677" lon="-1.760348">
      <ele>291.6</ele>
    </trkpt>
    <trkpt lat="42.180625" lon="-1.760355">
      <ele>291.6</ele>
    </trkpt>
    <trkpt lat="42.180574" lon="-1.760337">
      <ele>291.7</ele>
    </trkpt>
    <trkpt lat="42.180138" lon="-1.76042">
      <ele>292</ele>
    </trkpt>
    <trkpt lat="42.179805" lon="-1.760532">
      <ele>292.2</ele>
    </trkpt>
    <trkpt lat="42.17994" lon="-1.761407">
      <ele>292.4</ele>
    </trkpt>
    <trkpt lat="42.179892" lon="-1.761696">
      <ele>292.6</ele>
    </trkpt>
    <trkpt lat="42.179786" lon="-1.761956">
      <ele>292.8</ele>
    </trkpt>
    <trkpt lat="42.177422" lon="-1.766215">
      <ele>294.4</ele>
    </trkpt>
    <trkpt lat="42.176412" lon="-1.768032">
      <ele>295.2</ele>
    </trkpt>
    <trkpt lat="42.175872" lon="-1.768978">
      <ele>295.3</ele>
    </trkpt>
    <trkpt lat="42.17319" lon="-1.773759">
      <ele>297.4</ele>
    </trkpt>
    <trkpt lat="42.170028" lon="-1.779396">
      <ele>303.9</ele>
    </trkpt>
    <trkpt lat="42.167608" lon="-1.783709">
      <ele>305.9</ele>
    </trkpt>
    <trkpt lat="42.16603" lon="-1.786523">
      <ele>305.3</ele>
    </trkpt>
    <trkpt lat="42.165787" lon="-1.786957">
      <ele>304.9</ele>
    </trkpt>
    <trkpt lat="42.164568" lon="-1.789128">
      <ele>302.6</ele>
    </trkpt>
    <trkpt lat="42.161436" lon="-1.794712">
      <ele>304.4</ele>
    </trkpt>
    <trkpt lat="42.158065" lon="-1.80072">
      <ele>308.3</ele>
    </trkpt>
    <trkpt lat="42.157894" lon="-1.801025">
      <ele>308.7</ele>
    </trkpt>
    <trkpt lat="42.157718" lon="-1.801338">
      <ele>309.2</ele>
    </trkpt>
    <trkpt lat="42.157209" lon="-1.802247">
      <ele>311.2</ele>
    </trkpt>
    <trkpt lat="42.157118" lon="-1.802408">
      <ele>311.5</ele>
    </trkpt>
    <trkpt lat="42.155145" lon="-1.805924">
      <ele>317.6</ele>
    </trkpt>
    <trkpt lat="42.154422" lon="-1.807479">
      <ele>319.9</ele>
    </trkpt>
    <trkpt lat="42.153815" lon="-1.808549">
      <ele>321.2</ele>
    </trkpt>
    <trkpt lat="42.153172" lon="-1.809599">
      <ele>322.4</ele>
    </trkpt>
    <trkpt lat="42.152212" lon="-1.811054">
      <ele>324.5</ele>
    </trkpt>
    <trkpt lat="42.152287" lon="-1.811149">
      <ele>324.6</ele>
    </trkpt>
    <trkpt lat="42.152342" lon="-1.811329">
      <ele>324.8</ele>
    </trkpt>
    <trkpt lat="42.152339" lon="-1.811466">
      <ele>324.9</ele>
    </trkpt>
    <trkpt lat="42.152311" lon="-1.811571">
      <ele>325</ele>
    </trkpt>
    <trkpt lat="42.152248" lon="-1.81168">
      <ele>325.1</ele>
    </trkpt>
    <trkpt lat="42.152162" lon="-1.811753">
      <ele>325.2</ele>
    </trkpt>
    <trkpt lat="42.152067" lon="-1.811782">
      <ele>325.3</ele>
    </trkpt>
    <trkpt lat="42.151965" lon="-1.811765">
      <ele>325.4</ele>
    </trkpt>
    <trkpt lat="42.151871" lon="-1.811703">
      <ele>325.5</ele>
    </trkpt>
    <trkpt lat="42.150963" lon="-1.813272">
      <ele>326.7</ele>
    </trkpt>
    <trkpt lat="42.14933" lon="-1.816246">
      <ele>330.5</ele>
    </trkpt>
    <trkpt lat="42.145246" lon="-1.823493">
      <ele>338.9</ele>
    </trkpt>
    <trkpt lat="42.145062" lon="-1.82381">
      <ele>339.4</ele>
    </trkpt>
    <trkpt lat="42.142139" lon="-1.829017">
      <ele>349.4</ele>
    </trkpt>
    <trkpt lat="42.138303" lon="-1.835851">
      <ele>364.1</ele>
    </trkpt>
    <trkpt lat="42.137793" lon="-1.836759">
      <ele>364.8</ele>
    </trkpt>
    <trkpt lat="42.135933" lon="-1.840068">
      <ele>371</ele>
    </trkpt>
    <trkpt lat="42.13393" lon="-1.843631">
      <ele>377</ele>
    </trkpt>
    <trkpt lat="42.130941" lon="-1.848939">
      <ele>385.6</ele>
    </trkpt>
    <trkpt lat="42.12249" lon="-1.863951">
      <ele>409.5</ele>
    </trkpt>
    <trkpt lat="42.119683" lon="-1.868937">
      <ele>421</ele>
    </trkpt>
    <trkpt lat="42.116864" lon="-1.873943">
      <ele>429.7</ele>
    </trkpt>
    <trkpt lat="42.116445" lon="-1.874529">
      <ele>430.7</ele>
    </trkpt>
    <trkpt lat="42.116219" lon="-1.874784">
      <ele>431.2</ele>
    </trkpt>
    <trkpt lat="42.115839" lon="-1.875118">
      <ele>431.8</ele>
    </trkpt>
    <trkpt lat="42.115439" lon="-1.875359">
      <ele>432.4</ele>
    </trkpt>
    <trkpt lat="42.114976" lon="-1.875552">
      <ele>433</ele>
    </trkpt>
    <trkpt lat="42.113352" lon="-1.875906">
      <ele>435.6</ele>
    </trkpt>
    <trkpt lat="42.109455" lon="-1.876661">
      <ele>445.9</ele>
    </trkpt>
    <trkpt lat="42.108995" lon="-1.876708">
      <ele>447.8</ele>
    </trkpt>
    <trkpt lat="42.108501" lon="-1.876618">
      <ele>450.2</ele>
    </trkpt>
    <trkpt lat="42.107736" lon="-1.876466">
      <ele>454.3</ele>
    </trkpt>
    <trkpt lat="42.106781" lon="-1.876472">
      <ele>459.5</ele>
    </trkpt>
    <trkpt lat="42.106534" lon="-1.876497">
      <ele>460.8</ele>
    </trkpt>
    <trkpt lat="42.106326" lon="-1.876578">
      <ele>461.9</ele>
    </trkpt>
    <trkpt lat="42.106173" lon="-1.876727">
      <ele>462.8</ele>
    </trkpt>
    <trkpt lat="42.106063" lon="-1.876902">
      <ele>463.6</ele>
    </trkpt>
    <trkpt lat="42.105979" lon="-1.877118">
      <ele>464.4</ele>
    </trkpt>
    <trkpt lat="42.105885" lon="-1.87753">
      <ele>465.8</ele>
    </trkpt>
    <trkpt lat="42.10391" lon="-1.886776">
      <ele>491.2</ele>
    </trkpt>
    <trkpt lat="42.10372" lon="-1.887425">
      <ele>491.7</ele>
    </trkpt>
    <trkpt lat="42.103608" lon="-1.887764">
      <ele>491.7</ele>
    </trkpt>
    <trkpt lat="42.102806" lon="-1.889607">
      <ele>491.6</ele>
    </trkpt>
    <trkpt lat="42.100709" lon="-1.895051">
      <ele>497.8</ele>
    </trkpt>
    <trkpt lat="42.100162" lon="-1.896451">
      <ele>500.3</ele>
    </trkpt>
    <trkpt lat="42.099132" lon="-1.899162">
      <ele>509.3</ele>
    </trkpt>
    <trkpt lat="42.09827" lon="-1.901342">
      <ele>521.1</ele>
    </trkpt>
    <trkpt lat="42.097967" lon="-1.902016">
      <ele>522.4</ele>
    </trkpt>
    <trkpt lat="42.097672" lon="-1.902521">
      <ele>522.3</ele>
    </trkpt>
    <trkpt lat="42.097202" lon="-1.903212">
      <ele>521.2</ele>
    </trkpt>
    <trkpt lat="42.095583" lon="-1.905414">
      <ele>521.9</ele>
    </trkpt>
    <trkpt lat="42.095015" lon="-1.906138">
      <ele>523</ele>
    </trkpt>
    <trkpt lat="42.094585" lon="-1.906554">
      <ele>524.1</ele>
    </trkpt>
    <trkpt lat="42.09368" lon="-1.907333">
      <ele>527.5</ele>
    </trkpt>
    <trkpt lat="42.093761" lon="-1.907487">
      <ele>528</ele>
    </trkpt>
    <trkpt lat="42.09381" lon="-1.907663">
      <ele>528.4</ele>
    </trkpt>
    <trkpt lat="42.093806" lon="-1.907886">
      <ele>528.8</ele>
    </trkpt>
    <trkpt lat="42.093773" lon="-1.908067">
      <ele>529.1</ele>
    </trkpt>
    <trkpt lat="42.093261" lon="-1.909204">
      <ele>531.1</ele>
    </trkpt>
    <trkpt lat="42.093184" lon="-1.909521">
      <ele>531.3</ele>
    </trkpt>
    <trkpt lat="42.093189" lon="-1.909862">
      <ele>531.7</ele>
    </trkpt>
    <trkpt lat="42.094592" lon="-1.918542">
      <ele>544.7</ele>
    </trkpt>
    <trkpt lat="42.094954" lon="-1.920807">
      <ele>548.4</ele>
    </trkpt>
    <trkpt lat="42.09506" lon="-1.921177">
      <ele>549.1</ele>
    </trkpt>
    <trkpt lat="42.095925" lon="-1.923413">
      <ele>554.2</ele>
    </trkpt>
    <trkpt lat="42.096113" lon="-1.923732">
      <ele>555</ele>
    </trkpt>
    <trkpt lat="42.098292" lon="-1.926">
      <ele>561.3</ele>
    </trkpt>
    <trkpt lat="42.098653" lon="-1.926427">
      <ele>562.2</ele>
    </trkpt>
    <trkpt lat="42.098682" lon="-1.926584">
      <ele>562.4</ele>
    </trkpt>
    <trkpt lat="42.098618" lon="-1.926927">
      <ele>563</ele>
    </trkpt>
    <trkpt lat="42.098634" lon="-1.927074">
      <ele>563.2</ele>
    </trkpt>
    <trkpt lat="42.098756" lon="-1.927253">
      <ele>563.6</ele>
    </trkpt>
    <trkpt lat="42.100047" lon="-1.928544">
      <ele>568.2</ele>
    </trkpt>
    <trkpt lat="42.10138" lon="-1.93037">
      <ele>574.5</ele>
    </trkpt>
    <trkpt lat="42.102043" lon="-1.931425">
      <ele>577.7</ele>
    </trkpt>
    <trkpt lat="42.10229" lon="-1.931857">
      <ele>579.6</ele>
    </trkpt>
    <trkpt lat="42.103183" lon="-1.934672">
      <ele>596.2</ele>
    </trkpt>
    <trkpt lat="42.103215" lon="-1.935117">
      <ele>597.1</ele>
    </trkpt>
    <trkpt lat="42.103296" lon="-1.935389">
      <ele>597.4</ele>
    </trkpt>
    <trkpt lat="42.103697" lon="-1.936497">
      <ele>596.9</ele>
    </trkpt>
    <trkpt lat="42.103708" lon="-1.936728">
      <ele>596.5</ele>
    </trkpt>
    <trkpt lat="42.103684" lon="-1.936951">
      <ele>596.2</ele>
    </trkpt>
    <trkpt lat="42.103587" lon="-1.937199">
      <ele>595.8</ele>
    </trkpt>
    <trkpt lat="42.103399" lon="-1.937517">
      <ele>595.3</ele>
    </trkpt>
    <trkpt lat="42.103361" lon="-1.93771">
      <ele>595.2</ele>
    </trkpt>
    <trkpt lat="42.103409" lon="-1.937909">
      <ele>595.1</ele>
    </trkpt>
    <trkpt lat="42.103756" lon="-1.938765">
      <ele>595.2</ele>
    </trkpt>
    <trkpt lat="42.10385" lon="-1.938934">
      <ele>595.3</ele>
    </trkpt>
    <trkpt lat="42.10507" lon="-1.940508">
      <ele>600.9</ele>
    </trkpt>
    <trkpt lat="42.105172" lon="-1.940719">
      <ele>601.8</ele>
    </trkpt>
    <trkpt lat="42.105185" lon="-1.940866">
      <ele>602.3</ele>
    </trkpt>
    <trkpt lat="42.105169" lon="-1.941098">
      <ele>603</ele>
    </trkpt>
    <trkpt lat="42.105207" lon="-1.941283">
      <ele>603.5</ele>
    </trkpt>
    <trkpt lat="42.105263" lon="-1.941419">
      <ele>603.9</ele>
    </trkpt>
    <trkpt lat="42.105449" lon="-1.941658">
      <ele>604.5</ele>
    </trkpt>
    <trkpt lat="42.106345" lon="-1.942482">
      <ele>605.9</ele>
    </trkpt>
    <trkpt lat="42.106948" lon="-1.943151">
      <ele>607.8</ele>
    </trkpt>
    <trkpt lat="42.107518" lon="-1.943851">
      <ele>612.6</ele>
    </trkpt>
    <trkpt lat="42.107751" lon="-1.944243">
      <ele>615.1</ele>
    </trkpt>
    <trkpt lat="42.1082" lon="-1.945257">
      <ele>618.6</ele>
    </trkpt>
    <trkpt lat="42.108355" lon="-1.94551">
      <ele>618.8</ele>
    </trkpt>
    <trkpt lat="42.109608" lon="-1.946779">
      <ele>616.8</ele>
    </trkpt>
    <trkpt lat="42.11151" lon="-1.949733">
      <ele>629.6</ele>
    </trkpt>
    <trkpt lat="42.111707" lon="-1.949924">
      <ele>630.8</ele>
    </trkpt>
    <trkpt lat="42.112092" lon="-1.950157">
      <ele>632.6</ele>
    </trkpt>
    <trkpt lat="42.112189" lon="-1.950253">
      <ele>633.1</ele>
    </trkpt>
    <trkpt lat="42.112261" lon="-1.950415">
      <ele>633.6</ele>
    </trkpt>
    <trkpt lat="42.112336" lon="-1.950762">
      <ele>634.5</ele>
    </trkpt>
    <trkpt lat="42.112429" lon="-1.950908">
      <ele>634.9</ele>
    </trkpt>
    <trkpt lat="42.112636" lon="-1.950949">
      <ele>635.3</ele>
    </trkpt>
    <trkpt lat="42.112766" lon="-1.951032">
      <ele>635.5</ele>
    </trkpt>
    <trkpt lat="42.112783" lon="-1.951194">
      <ele>635.7</ele>
    </trkpt>
    <trkpt lat="42.112713" lon="-1.951685">
      <ele>635.9</ele>
    </trkpt>
    <trkpt lat="42.112557" lon="-1.952156">
      <ele>636</ele>
    </trkpt>
    <trkpt lat="42.112547" lon="-1.95235">
      <ele>636.1</ele>
    </trkpt>
    <trkpt lat="42.112594" lon="-1.952535">
      <ele>636.1</ele>
    </trkpt>
    <trkpt lat="42.112919" lon="-1.95327">
      <ele>636.5</ele>
    </trkpt>
    <trkpt lat="42.112998" lon="-1.953497">
      <ele>636.7</ele>
    </trkpt>
    <trkpt lat="42.113138" lon="-1.954098">
      <ele>637.7</ele>
    </trkpt>
    <trkpt lat="42.113175" lon="-1.95449">
      <ele>638.8</ele>
    </trkpt>
    <trkpt lat="42.113142" lon="-1.95461">
      <ele>639.3</ele>
    </trkpt>
    <trkpt lat="42.112881" lon="-1.954852">
      <ele>641.2</ele>
    </trkpt>
    <trkpt lat="42.112798" lon="-1.954985">
      <ele>642</ele>
    </trkpt>
    <trkpt lat="42.112736" lon="-1.955125">
      <ele>642.9</ele>
    </trkpt>
    <trkpt lat="42.112748" lon="-1.95546">
      <ele>644.7</ele>
    </trkpt>
    <trkpt lat="42.112859" lon="-1.95581">
      <ele>647</ele>
    </trkpt>
    <trkpt lat="42.113114" lon="-1.956207">
      <ele>650.4</ele>
    </trkpt>
    <trkpt lat="42.113709" lon="-1.95694">
      <ele>657.2</ele>
    </trkpt>
    <trkpt lat="42.113832" lon="-1.957159">
      <ele>658.7</ele>
    </trkpt>
    <trkpt lat="42.113954" lon="-1.957538">
      <ele>660.6</ele>
    </trkpt>
    <trkpt lat="42.11398" lon="-1.957853">
      <ele>661.9</ele>
    </trkpt>
    <trkpt lat="42.113944" lon="-1.958216">
      <ele>663.2</ele>
    </trkpt>
    <trkpt lat="42.113874" lon="-1.958592">
      <ele>664.5</ele>
    </trkpt>
    <trkpt lat="42.113853" lon="-1.958943">
      <ele>665.5</ele>
    </trkpt>
    <trkpt lat="42.113743" lon="-1.962792">
      <ele>671.9</ele>
    </trkpt>
    <trkpt lat="42.113667" lon="-1.963172">
      <ele>672.1</ele>
    </trkpt>
    <trkpt lat="42.11354" lon="-1.963519">
      <ele>672.2</ele>
    </trkpt>
    <trkpt lat="42.113303" lon="-1.963927">
      <ele>672.4</ele>
    </trkpt>
    <trkpt lat="42.11241" lon="-1.96527">
      <ele>674.2</ele>
    </trkpt>
    <trkpt lat="42.112245" lon="-1.965706">
      <ele>675</ele>
    </trkpt>
    <trkpt lat="42.112149" lon="-1.966232">
      <ele>675.8</ele>
    </trkpt>
    <trkpt lat="42.110613" lon="-1.978627">
      <ele>686.7</ele>
    </trkpt>
    <trkpt lat="42.110471" lon="-1.979776">
      <ele>688.3</ele>
    </trkpt>
    <trkpt lat="42.109845" lon="-1.984834">
      <ele>696.7</ele>
    </trkpt>
    <trkpt lat="42.109067" lon="-1.99111">
      <ele>709.8</ele>
    </trkpt>
    <trkpt lat="42.109008" lon="-1.991584">
      <ele>710.6</ele>
    </trkpt>
    <trkpt lat="42.10892" lon="-1.992296">
      <ele>711.9</ele>
    </trkpt>
    <trkpt lat="42.108778" lon="-1.993077">
      <ele>713.5</ele>
    </trkpt>
    <trkpt lat="42.108545" lon="-1.994351">
      <ele>716.5</ele>
    </trkpt>
    <trkpt lat="42.108365" lon="-1.995104">
      <ele>718.4</ele>
    </trkpt>
    <trkpt lat="42.108315" lon="-1.995315">
      <ele>718.9</ele>
    </trkpt>
    <trkpt lat="42.107704" lon="-1.997086">
      <ele>723.7</ele>
    </trkpt>
    <trkpt lat="42.107693" lon="-1.99747">
      <ele>724.7</ele>
    </trkpt>
    <trkpt lat="42.107701" lon="-1.997571">
      <ele>725</ele>
    </trkpt>
    <trkpt lat="42.10785" lon="-1.998119">
      <ele>726.7</ele>
    </trkpt>
    <trkpt lat="42.107959" lon="-1.998649">
      <ele>728.5</ele>
    </trkpt>
    <trkpt lat="42.108144" lon="-1.998708">
      <ele>729.4</ele>
    </trkpt>
    <trkpt lat="42.108573" lon="-1.999285">
      <ele>732.9</ele>
    </trkpt>
    <trkpt lat="42.108796" lon="-1.999585">
      <ele>735</ele>
    </trkpt>
    <trkpt lat="42.108988" lon="-1.999843">
      <ele>737</ele>
    </trkpt>
    <trkpt lat="42.1092" lon="-2.000127">
      <ele>739.2</ele>
    </trkpt>
    <trkpt lat="42.109421" lon="-2.000424">
      <ele>741.4</ele>
    </trkpt>
    <trkpt lat="42.110135" lon="-2.001387">
      <ele>748.4</ele>
    </trkpt>
    <trkpt lat="42.111123" lon="-2.00272">
      <ele>756.7</ele>
    </trkpt>
    <trkpt lat="42.111465" lon="-2.003112">
      <ele>759.4</ele>
    </trkpt>
    <trkpt lat="42.111735" lon="-2.003238">
      <ele>761</ele>
    </trkpt>
    <trkpt lat="42.112385" lon="-2.003303">
      <ele>764.4</ele>
    </trkpt>
    <trkpt lat="42.112926" lon="-2.00337">
      <ele>766.8</ele>
    </trkpt>
    <trkpt lat="42.113248" lon="-2.003508">
      <ele>768</ele>
    </trkpt>
    <trkpt lat="42.113508" lon="-2.003691">
      <ele>768.7</ele>
    </trkpt>
    <trkpt lat="42.113762" lon="-2.003948">
      <ele>769.4</ele>
    </trkpt>
    <trkpt lat="42.113986" lon="-2.004277">
      <ele>770</ele>
    </trkpt>
    <trkpt lat="42.11418" lon="-2.004696">
      <ele>770.4</ele>
    </trkpt>
    <trkpt lat="42.114377" lon="-2.005339">
      <ele>770.9</ele>
    </trkpt>
    <trkpt lat="42.114556" lon="-2.005924">
      <ele>771.3</ele>
    </trkpt>
    <trkpt lat="42.114896" lon="-2.007352">
      <ele>772.3</ele>
    </trkpt>
    <trkpt lat="42.11495" lon="-2.007826">
      <ele>772.7</ele>
    </trkpt>
    <trkpt lat="42.114979" lon="-2.008269">
      <ele>773</ele>
    </trkpt>
    <trkpt lat="42.11517" lon="-2.016057">
      <ele>777</ele>
    </trkpt>
    <trkpt lat="42.115173" lon="-2.017295">
      <ele>779.5</ele>
    </trkpt>
    <trkpt lat="42.115103" lon="-2.018374">
      <ele>782.4</ele>
    </trkpt>
    <trkpt lat="42.114967" lon="-2.019381">
      <ele>784.9</ele>
    </trkpt>
    <trkpt lat="42.113996" lon="-2.024866">
      <ele>796.5</ele>
    </trkpt>
    <trkpt lat="42.113957" lon="-2.025174">
      <ele>797.2</ele>
    </trkpt>
    <trkpt lat="42.113625" lon="-2.026871">
      <ele>800.9</ele>
    </trkpt>
    <trkpt lat="42.113557" lon="-2.027445">
      <ele>801.8</ele>
    </trkpt>
    <trkpt lat="42.113542" lon="-2.028024">
      <ele>802.4</ele>
    </trkpt>
    <trkpt lat="42.113667" lon="-2.030044">
      <ele>804.2</ele>
    </trkpt>
    <trkpt lat="42.113837" lon="-2.03208">
      <ele>806.9</ele>
    </trkpt>
    <trkpt lat="42.114027" lon="-2.034823">
      <ele>811</ele>
    </trkpt>
    <trkpt lat="42.114151" lon="-2.036251">
      <ele>812.5</ele>
    </trkpt>
    <trkpt lat="42.114342" lon="-2.037572">
      <ele>812.7</ele>
    </trkpt>
    <trkpt lat="42.114462" lon="-2.038103">
      <ele>812.3</ele>
    </trkpt>
    <trkpt lat="42.114605" lon="-2.038601">
      <ele>811.6</ele>
    </trkpt>
    <trkpt lat="42.114936" lon="-2.039515">
      <ele>809.9</ele>
    </trkpt>
    <trkpt lat="42.115199" lon="-2.04007">
      <ele>808.7</ele>
    </trkpt>
    <trkpt lat="42.115482" lon="-2.040567">
      <ele>807.9</ele>
    </trkpt>
    <trkpt lat="42.116553" lon="-2.042192">
      <ele>807.6</ele>
    </trkpt>
    <trkpt lat="42.116881" lon="-2.042966">
      <ele>808.4</ele>
    </trkpt>
    <trkpt lat="42.117548" lon="-2.044795">
      <ele>811.6</ele>
    </trkpt>
    <trkpt lat="42.11968" lon="-2.050761">
      <ele>825.7</ele>
    </trkpt>
    <trkpt lat="42.120432" lon="-2.05286">
      <ele>831.4</ele>
    </trkpt>
    <trkpt lat="42.121798" lon="-2.056726">
      <ele>842.7</ele>
    </trkpt>
    <trkpt lat="42.122325" lon="-2.058147">
      <ele>846.8</ele>
    </trkpt>
    <trkpt lat="42.123033" lon="-2.060128">
      <ele>852.2</ele>
    </trkpt>
    <trkpt lat="42.124354" lon="-2.063908">
      <ele>863</ele>
    </trkpt>
    <trkpt lat="42.124441" lon="-2.064196">
      <ele>864</ele>
    </trkpt>
    <trkpt lat="42.124878" lon="-2.065417">
      <ele>868.7</ele>
    </trkpt>
    <trkpt lat="42.125308" lon="-2.066657">
      <ele>873.8</ele>
    </trkpt>
    <trkpt lat="42.125556" lon="-2.067336">
      <ele>876.8</ele>
    </trkpt>
    <trkpt lat="42.12561" lon="-2.067477">
      <ele>877.4</ele>
    </trkpt>
    <trkpt lat="42.125877" lon="-2.068258">
      <ele>880.6</ele>
    </trkpt>
    <trkpt lat="42.126139" lon="-2.068885">
      <ele>883.1</ele>
    </trkpt>
    <trkpt lat="42.127047" lon="-2.070733">
      <ele>889.9</ele>
    </trkpt>
    <trkpt lat="42.12778" lon="-2.072405">
      <ele>896.8</ele>
    </trkpt>
    <trkpt lat="42.12791" lon="-2.072656">
      <ele>897.9</ele>
    </trkpt>
    <trkpt lat="42.128376" lon="-2.07334">
      <ele>900.9</ele>
    </trkpt>
    <trkpt lat="42.128855" lon="-2.073801">
      <ele>903.4</ele>
    </trkpt>
    <trkpt lat="42.129323" lon="-2.074172">
      <ele>905.7</ele>
    </trkpt>
    <trkpt lat="42.129633" lon="-2.074526">
      <ele>907.6</ele>
    </trkpt>
    <trkpt lat="42.129885" lon="-2.074904">
      <ele>909.3</ele>
    </trkpt>
    <trkpt lat="42.130162" lon="-2.075429">
      <ele>911.2</ele>
    </trkpt>
    <trkpt lat="42.130381" lon="-2.075995">
      <ele>912.8</ele>
    </trkpt>
    <trkpt lat="42.130788" lon="-2.076856">
      <ele>914</ele>
    </trkpt>
    <trkpt lat="42.131209" lon="-2.077498">
      <ele>914.4</ele>
    </trkpt>
    <trkpt lat="42.131677" lon="-2.077923">
      <ele>914.9</ele>
    </trkpt>
    <trkpt lat="42.132035" lon="-2.078096">
      <ele>915.5</ele>
    </trkpt>
    <trkpt lat="42.132587" lon="-2.07826">
      <ele>917</ele>
    </trkpt>
    <trkpt lat="42.133034" lon="-2.078336">
      <ele>918.8</ele>
    </trkpt>
    <trkpt lat="42.133455" lon="-2.078293">
      <ele>920.7</ele>
    </trkpt>
    <trkpt lat="42.133913" lon="-2.078201">
      <ele>922.9</ele>
    </trkpt>
    <trkpt lat="42.134354" lon="-2.078137">
      <ele>925</ele>
    </trkpt>
    <trkpt lat="42.134831" lon="-2.078143">
      <ele>927.2</ele>
    </trkpt>
    <trkpt lat="42.135736" lon="-2.078248">
      <ele>930.7</ele>
    </trkpt>
    <trkpt lat="42.13751" lon="-2.078628">
      <ele>937.6</ele>
    </trkpt>
    <trkpt lat="42.137877" lon="-2.078707">
      <ele>938.8</ele>
    </trkpt>
    <trkpt lat="42.138075" lon="-2.078752">
      <ele>939.3</ele>
    </trkpt>
    <trkpt lat="42.1382" lon="-2.078818">
      <ele>939.7</ele>
    </trkpt>
    <trkpt lat="42.138131" lon="-2.079025">
      <ele>940.1</ele>
    </trkpt>
    <trkpt lat="42.138075" lon="-2.079101">
      <ele>940.3</ele>
    </trkpt>
    <trkpt lat="42.137923" lon="-2.079179">
      <ele>940.6</ele>
    </trkpt>
    <trkpt lat="42.13737" lon="-2.078976">
      <ele>942.1</ele>
    </trkpt>
    <trkpt lat="42.137186" lon="-2.078986">
      <ele>942.5</ele>
    </trkpt>
    <trkpt lat="42.136757" lon="-2.079187">
      <ele>943.8</ele>
    </trkpt>
    <trkpt lat="42.136264" lon="-2.079496">
      <ele>945.8</ele>
    </trkpt>
    <trkpt lat="42.13615" lon="-2.079615">
      <ele>946.5</ele>
    </trkpt>
    <trkpt lat="42.136099" lon="-2.079753">
      <ele>947.1</ele>
    </trkpt>
    <trkpt lat="42.136094" lon="-2.079923">
      <ele>947.7</ele>
    </trkpt>
    <trkpt lat="42.136193" lon="-2.080197">
      <ele>948.7</ele>
    </trkpt>
    <trkpt lat="42.136677" lon="-2.081138">
      <ele>952.1</ele>
    </trkpt>
    <trkpt lat="42.136711" lon="-2.081389">
      <ele>952.9</ele>
    </trkpt>
    <trkpt lat="42.136687" lon="-2.081489">
      <ele>953.3</ele>
    </trkpt>
    <trkpt lat="42.136604" lon="-2.081649">
      <ele>953.9</ele>
    </trkpt>
    <trkpt lat="42.136479" lon="-2.081748">
      <ele>954.6</ele>
    </trkpt>
    <trkpt lat="42.136286" lon="-2.081793">
      <ele>955.5</ele>
    </trkpt>
    <trkpt lat="42.136171" lon="-2.081813">
      <ele>956</ele>
    </trkpt>
    <trkpt lat="42.136043" lon="-2.081888">
      <ele>956.5</ele>
    </trkpt>
    <trkpt lat="42.135531" lon="-2.082452">
      <ele>958.8</ele>
    </trkpt>
    <trkpt lat="42.135314" lon="-2.083095">
      <ele>960.2</ele>
    </trkpt>
    <trkpt lat="42.134786" lon="-2.085102">
      <ele>960.5</ele>
    </trkpt>
    <trkpt lat="42.134512" lon="-2.08615">
      <ele>959.9</ele>
    </trkpt>
    <trkpt lat="42.13437" lon="-2.086576">
      <ele>960</ele>
    </trkpt>
    <trkpt lat="42.134387" lon="-2.087022">
      <ele>960.6</ele>
    </trkpt>
    <trkpt lat="42.13452" lon="-2.087918">
      <ele>963</ele>
    </trkpt>
    <trkpt lat="42.134572" lon="-2.088044">
      <ele>963.3</ele>
    </trkpt>
    <trkpt lat="42.134672" lon="-2.088135">
      <ele>963.6</ele>
    </trkpt>
    <trkpt lat="42.135147" lon="-2.088219">
      <ele>964.7</ele>
    </trkpt>
    <trkpt lat="42.135262" lon="-2.088401">
      <ele>965.1</ele>
    </trkpt>
    <trkpt lat="42.135291" lon="-2.088471">
      <ele>965.2</ele>
    </trkpt>
    <trkpt lat="42.135297" lon="-2.08866">
      <ele>965.5</ele>
    </trkpt>
    <trkpt lat="42.135287" lon="-2.088779">
      <ele>965.7</ele>
    </trkpt>
    <trkpt lat="42.135087" lon="-2.089378">
      <ele>966.4</ele>
    </trkpt>
    <trkpt lat="42.135066" lon="-2.089702">
      <ele>966.4</ele>
    </trkpt>
    <trkpt lat="42.135185" lon="-2.090351">
      <ele>967.6</ele>
    </trkpt>
    <trkpt lat="42.135318" lon="-2.090678">
      <ele>968.9</ele>
    </trkpt>
    <trkpt lat="42.135522" lon="-2.091091">
      <ele>971.1</ele>
    </trkpt>
    <trkpt lat="42.135595" lon="-2.091326">
      <ele>972.3</ele>
    </trkpt>
    <trkpt lat="42.135994" lon="-2.093947">
      <ele>985.4</ele>
    </trkpt>
    <trkpt lat="42.135985" lon="-2.094136">
      <ele>986.3</ele>
    </trkpt>
    <trkpt lat="42.135909" lon="-2.094337">
      <ele>987.4</ele>
    </trkpt>
    <trkpt lat="42.135558" lon="-2.094838">
      <ele>990.6</ele>
    </trkpt>
    <trkpt lat="42.135329" lon="-2.095161">
      <ele>992.1</ele>
    </trkpt>
    <trkpt lat="42.135225" lon="-2.095368">
      <ele>992.5</ele>
    </trkpt>
    <trkpt lat="42.135199" lon="-2.095445">
      <ele>992.6</ele>
    </trkpt>
    <trkpt lat="42.135164" lon="-2.095919">
      <ele>992.9</ele>
    </trkpt>
    <trkpt lat="42.135199" lon="-2.095445">
      <ele>992.6</ele>
    </trkpt>
    <trkpt lat="42.135225" lon="-2.095368">
      <ele>992.5</ele>
    </trkpt>
    <trkpt lat="42.135329" lon="-2.095161">
      <ele>992.1</ele>
    </trkpt>
    <trkpt lat="42.135558" lon="-2.094838">
      <ele>990.6</ele>
    </trkpt>
    <trkpt lat="42.135909" lon="-2.094337">
      <ele>987.4</ele>
    </trkpt>
    <trkpt lat="42.135985" lon="-2.094136">
      <ele>986.3</ele>
    </trkpt>
    <trkpt lat="42.135994" lon="-2.093947">
      <ele>985.4</ele>
    </trkpt>
    <trkpt lat="42.135595" lon="-2.091326">
      <ele>972.3</ele>
    </trkpt>
    <trkpt lat="42.135522" lon="-2.091091">
      <ele>971.1</ele>
    </trkpt>
    <trkpt lat="42.135318" lon="-2.090678">
      <ele>968.9</ele>
    </trkpt>
    <trkpt lat="42.135185" lon="-2.090351">
      <ele>967.6</ele>
    </trkpt>
    <trkpt lat="42.135066" lon="-2.089702">
      <ele>966.4</ele>
    </trkpt>
    <trkpt lat="42.135087" lon="-2.089378">
      <ele>966.4</ele>
    </trkpt>
    <trkpt lat="42.135287" lon="-2.088779">
      <ele>965.7</ele>
    </trkpt>
    <trkpt lat="42.135297" lon="-2.08866">
      <ele>965.5</ele>
    </trkpt>
    <trkpt lat="42.135291" lon="-2.088471">
      <ele>965.2</ele>
    </trkpt>
    <trkpt lat="42.135262" lon="-2.088401">
      <ele>965.1</ele>
    </trkpt>
    <trkpt lat="42.135147" lon="-2.088219">
      <ele>964.7</ele>
    </trkpt>
    <trkpt lat="42.134672" lon="-2.088135">
      <ele>963.6</ele>
    </trkpt>
    <trkpt lat="42.134572" lon="-2.088044">
      <ele>963.3</ele>
    </trkpt>
    <trkpt lat="42.13452" lon="-2.087918">
      <ele>963</ele>
    </trkpt>
    <trkpt lat="42.134387" lon="-2.087022">
      <ele>960.6</ele>
    </trkpt>
    <trkpt lat="42.13437" lon="-2.086576">
      <ele>960</ele>
    </trkpt>
    <trkpt lat="42.134512" lon="-2.08615">
      <ele>959.9</ele>
    </trkpt>
    <trkpt lat="42.134786" lon="-2.085102">
      <ele>960.5</ele>
    </trkpt>
    <trkpt lat="42.135314" lon="-2.083095">
      <ele>960.2</ele>
    </trkpt>
    <trkpt lat="42.135531" lon="-2.082452">
      <ele>958.8</ele>
    </trkpt>
    <trkpt lat="42.136043" lon="-2.081888">
      <ele>956.5</ele>
    </trkpt>
    <trkpt lat="42.136171" lon="-2.081813">
      <ele>956</ele>
    </trkpt>
    <trkpt lat="42.136286" lon="-2.081793">
      <ele>955.5</ele>
    </trkpt>
    <trkpt lat="42.136479" lon="-2.081748">
      <ele>954.6</ele>
    </trkpt>
    <trkpt lat="42.136604" lon="-2.081649">
      <ele>953.9</ele>
    </trkpt>
    <trkpt lat="42.136687" lon="-2.081489">
      <ele>953.3</ele>
    </trkpt>
    <trkpt lat="42.136711" lon="-2.081389">
      <ele>952.9</ele>
    </trkpt>
    <trkpt lat="42.136677" lon="-2.081138">
      <ele>952.1</ele>
    </trkpt>
    <trkpt lat="42.136193" lon="-2.080197">
      <ele>948.7</ele>
    </trkpt>
    <trkpt lat="42.136094" lon="-2.079923">
      <ele>947.7</ele>
    </trkpt>
    <trkpt lat="42.136099" lon="-2.079753">
      <ele>947.1</ele>
    </trkpt>
    <trkpt lat="42.13615" lon="-2.079615">
      <ele>946.5</ele>
    </trkpt>
    <trkpt lat="42.136264" lon="-2.079496">
      <ele>945.8</ele>
    </trkpt>
    <trkpt lat="42.136757" lon="-2.079187">
      <ele>943.8</ele>
    </trkpt>
    <trkpt lat="42.137186" lon="-2.078986">
      <ele>942.5</ele>
    </trkpt>
    <trkpt lat="42.13737" lon="-2.078976">
      <ele>942</ele>
    </trkpt>
    <trkpt lat="42.137923" lon="-2.079179">
      <ele>940.4</ele>
    </trkpt>
    <trkpt lat="42.138075" lon="-2.079101">
      <ele>939.9</ele>
    </trkpt>
    <trkpt lat="42.138057" lon="-2.078897">
      <ele>939.5</ele>
    </trkpt>
    <trkpt lat="42.137983" lon="-2.07882">
      <ele>939.2</ele>
    </trkpt>
    <trkpt lat="42.13751" lon="-2.078628">
      <ele>937.7</ele>
    </trkpt>
    <trkpt lat="42.135736" lon="-2.078248">
      <ele>930.7</ele>
    </trkpt>
    <trkpt lat="42.134831" lon="-2.078143">
      <ele>927.2</ele>
    </trkpt>
    <trkpt lat="42.134354" lon="-2.078137">
      <ele>925</ele>
    </trkpt>
    <trkpt lat="42.133913" lon="-2.078201">
      <ele>922.9</ele>
    </trkpt>
    <trkpt lat="42.133455" lon="-2.078293">
      <ele>920.7</ele>
    </trkpt>
    <trkpt lat="42.133034" lon="-2.078336">
      <ele>918.8</ele>
    </trkpt>
    <trkpt lat="42.132587" lon="-2.07826">
      <ele>917</ele>
    </trkpt>
    <trkpt lat="42.132035" lon="-2.078096">
      <ele>915.5</ele>
    </trkpt>
    <trkpt lat="42.131677" lon="-2.077923">
      <ele>914.9</ele>
    </trkpt>
    <trkpt lat="42.131209" lon="-2.077498">
      <ele>914.4</ele>
    </trkpt>
    <trkpt lat="42.130788" lon="-2.076856">
      <ele>914</ele>
    </trkpt>
    <trkpt lat="42.130381" lon="-2.075995">
      <ele>912.8</ele>
    </trkpt>
    <trkpt lat="42.130162" lon="-2.075429">
      <ele>911.2</ele>
    </trkpt>
    <trkpt lat="42.129885" lon="-2.074904">
      <ele>909.3</ele>
    </trkpt>
    <trkpt lat="42.129633" lon="-2.074526">
      <ele>907.6</ele>
    </trkpt>
    <trkpt lat="42.129323" lon="-2.074172">
      <ele>905.7</ele>
    </trkpt>
    <trkpt lat="42.128855" lon="-2.073801">
      <ele>903.4</ele>
    </trkpt>
    <trkpt lat="42.128376" lon="-2.07334">
      <ele>901.6</ele>
    </trkpt>
    <trkpt lat="42.12791" lon="-2.072656">
      <ele>900.9</ele>
    </trkpt>
    <trkpt lat="42.127797" lon="-2.072671">
      <ele>900.9</ele>
    </trkpt>
    <trkpt lat="42.127618" lon="-2.072839">
      <ele>901</ele>
    </trkpt>
    <trkpt lat="42.127447" lon="-2.073068">
      <ele>901.2</ele>
    </trkpt>
    <trkpt lat="42.127143" lon="-2.073812">
      <ele>902.3</ele>
    </trkpt>
    <trkpt lat="42.126773" lon="-2.075269">
      <ele>902.7</ele>
    </trkpt>
    <trkpt lat="42.126612" lon="-2.075705">
      <ele>902.1</ele>
    </trkpt>
    <trkpt lat="42.126462" lon="-2.076498">
      <ele>899.9</ele>
    </trkpt>
    <trkpt lat="42.126428" lon="-2.077039">
      <ele>897.7</ele>
    </trkpt>
    <trkpt lat="42.126385" lon="-2.07725">
      <ele>896.7</ele>
    </trkpt>
    <trkpt lat="42.126341" lon="-2.07734">
      <ele>896.1</ele>
    </trkpt>
    <trkpt lat="42.125929" lon="-2.077852">
      <ele>892.4</ele>
    </trkpt>
    <trkpt lat="42.125786" lon="-2.078077">
      <ele>890.9</ele>
    </trkpt>
    <trkpt lat="42.125569" lon="-2.079008">
      <ele>886</ele>
    </trkpt>
    <trkpt lat="42.125502" lon="-2.079137">
      <ele>885.3</ele>
    </trkpt>
    <trkpt lat="42.125431" lon="-2.079207">
      <ele>884.8</ele>
    </trkpt>
    <trkpt lat="42.125358" lon="-2.079223">
      <ele>884.4</ele>
    </trkpt>
    <trkpt lat="42.125295" lon="-2.079196">
      <ele>884</ele>
    </trkpt>
    <trkpt lat="42.125156" lon="-2.079024">
      <ele>883.1</ele>
    </trkpt>
    <trkpt lat="42.125115" lon="-2.078892">
      <ele>882.5</ele>
    </trkpt>
    <trkpt lat="42.125144" lon="-2.078761">
      <ele>882</ele>
    </trkpt>
    <trkpt lat="42.125367" lon="-2.078366">
      <ele>879.7</ele>
    </trkpt>
    <trkpt lat="42.125422" lon="-2.078182">
      <ele>878.7</ele>
    </trkpt>
    <trkpt lat="42.12541" lon="-2.078011">
      <ele>877.8</ele>
    </trkpt>
    <trkpt lat="42.125382" lon="-2.077946">
      <ele>877.4</ele>
    </trkpt>
    <trkpt lat="42.125347" lon="-2.077892">
      <ele>877</ele>
    </trkpt>
    <trkpt lat="42.125284" lon="-2.077869">
      <ele>876.5</ele>
    </trkpt>
    <trkpt lat="42.125175" lon="-2.077903">
      <ele>875.6</ele>
    </trkpt>
    <trkpt lat="42.125024" lon="-2.07803">
      <ele>874.2</ele>
    </trkpt>
    <trkpt lat="42.124737" lon="-2.078422">
      <ele>870.5</ele>
    </trkpt>
    <trkpt lat="42.124228" lon="-2.078898">
      <ele>864.5</ele>
    </trkpt>
    <trkpt lat="42.124031" lon="-2.079588">
      <ele>859.5</ele>
    </trkpt>
    <trkpt lat="42.123946" lon="-2.079652">
      <ele>858.7</ele>
    </trkpt>
    <trkpt lat="42.123839" lon="-2.079671">
      <ele>857.8</ele>
    </trkpt>
    <trkpt lat="42.123729" lon="-2.079583">
      <ele>856.7</ele>
    </trkpt>
    <trkpt lat="42.123691" lon="-2.079431">
      <ele>855.7</ele>
    </trkpt>
    <trkpt lat="42.123834" lon="-2.078947">
      <ele>852.6</ele>
    </trkpt>
    <trkpt lat="42.123823" lon="-2.078842">
      <ele>851.9</ele>
    </trkpt>
    <trkpt lat="42.123783" lon="-2.078734">
      <ele>851.2</ele>
    </trkpt>
    <trkpt lat="42.123712" lon="-2.078667">
      <ele>850.5</ele>
    </trkpt>
    <trkpt lat="42.123621" lon="-2.078668">
      <ele>849.8</ele>
    </trkpt>
    <trkpt lat="42.123397" lon="-2.079024">
      <ele>847.2</ele>
    </trkpt>
    <trkpt lat="42.123309" lon="-2.079226">
      <ele>846.1</ele>
    </trkpt>
    <trkpt lat="42.123294" lon="-2.079716">
      <ele>844.2</ele>
    </trkpt>
    <trkpt lat="42.123372" lon="-2.08021">
      <ele>842.3</ele>
    </trkpt>
    <trkpt lat="42.123726" lon="-2.080715">
      <ele>840.5</ele>
    </trkpt>
    <trkpt lat="42.123785" lon="-2.080836">
      <ele>840.2</ele>
    </trkpt>
    <trkpt lat="42.123796" lon="-2.080922">
      <ele>840.1</ele>
    </trkpt>
    <trkpt lat="42.123811" lon="-2.081036">
      <ele>839.9</ele>
    </trkpt>
    <trkpt lat="42.123799" lon="-2.081245">
      <ele>839.7</ele>
    </trkpt>
    <trkpt lat="42.123735" lon="-2.081427">
      <ele>839.5</ele>
    </trkpt>
    <trkpt lat="42.12364" lon="-2.081545">
      <ele>839.4</ele>
    </trkpt>
    <trkpt lat="42.12352" lon="-2.081631">
      <ele>839.2</ele>
    </trkpt>
    <trkpt lat="42.123413" lon="-2.081663">
      <ele>838.9</ele>
    </trkpt>
    <trkpt lat="42.123198" lon="-2.081672">
      <ele>838.3</ele>
    </trkpt>
    <trkpt lat="42.122891" lon="-2.081586">
      <ele>837.9</ele>
    </trkpt>
    <trkpt lat="42.122575" lon="-2.08154">
      <ele>837.8</ele>
    </trkpt>
    <trkpt lat="42.122119" lon="-2.081633">
      <ele>838</ele>
    </trkpt>
    <trkpt lat="42.122041" lon="-2.081668">
      <ele>838.1</ele>
    </trkpt>
    <trkpt lat="42.121883" lon="-2.081678">
      <ele>838.2</ele>
    </trkpt>
    <trkpt lat="42.121372" lon="-2.081567">
      <ele>838.9</ele>
    </trkpt>
    <trkpt lat="42.120911" lon="-2.081361">
      <ele>839.7</ele>
    </trkpt>
    <trkpt lat="42.120636" lon="-2.0811">
      <ele>839.7</ele>
    </trkpt>
    <trkpt lat="42.120353" lon="-2.080721">
      <ele>839.1</ele>
    </trkpt>
    <trkpt lat="42.119939" lon="-2.079888">
      <ele>836.8</ele>
    </trkpt>
    <trkpt lat="42.11986" lon="-2.07962">
      <ele>835.9</ele>
    </trkpt>
    <trkpt lat="42.11986" lon="-2.079351">
      <ele>835.2</ele>
    </trkpt>
    <trkpt lat="42.120003" lon="-2.078686">
      <ele>833.3</ele>
    </trkpt>
    <trkpt lat="42.120016" lon="-2.078055">
      <ele>831.9</ele>
    </trkpt>
    <trkpt lat="42.11986" lon="-2.076894">
      <ele>832</ele>
    </trkpt>
    <trkpt lat="42.119828" lon="-2.076487">
      <ele>832.9</ele>
    </trkpt>
    <trkpt lat="42.119787" lon="-2.076368">
      <ele>833.2</ele>
    </trkpt>
    <trkpt lat="42.119685" lon="-2.076256">
      <ele>833.6</ele>
    </trkpt>
    <trkpt lat="42.119187" lon="-2.076047">
      <ele>835.4</ele>
    </trkpt>
    <trkpt lat="42.119066" lon="-2.075926">
      <ele>835.9</ele>
    </trkpt>
    <trkpt lat="42.118526" lon="-2.074796">
      <ele>838.2</ele>
    </trkpt>
    <trkpt lat="42.118129" lon="-2.07425">
      <ele>836.4</ele>
    </trkpt>
    <trkpt lat="42.118051" lon="-2.07419">
      <ele>836</ele>
    </trkpt>
    <trkpt lat="42.117994" lon="-2.074234">
      <ele>835.6</ele>
    </trkpt>
    <trkpt lat="42.117906" lon="-2.074384">
      <ele>834.9</ele>
    </trkpt>
    <trkpt lat="42.117838" lon="-2.074599">
      <ele>833.9</ele>
    </trkpt>
    <trkpt lat="42.117707" lon="-2.076262">
      <ele>824.7</ele>
    </trkpt>
    <trkpt lat="42.117646" lon="-2.076521">
      <ele>823.4</ele>
    </trkpt>
    <trkpt lat="42.117532" lon="-2.076728">
      <ele>822.2</ele>
    </trkpt>
    <trkpt lat="42.117118" lon="-2.077183">
      <ele>819.2</ele>
    </trkpt>
    <trkpt lat="42.116757" lon="-2.078366">
      <ele>814.4</ele>
    </trkpt>
    <trkpt lat="42.116617" lon="-2.07859">
      <ele>813.4</ele>
    </trkpt>
    <trkpt lat="42.11625" lon="-2.079021">
      <ele>811.2</ele>
    </trkpt>
    <trkpt lat="42.116072" lon="-2.079657">
      <ele>809.2</ele>
    </trkpt>
    <trkpt lat="42.115938" lon="-2.079954">
      <ele>808.3</ele>
    </trkpt>
    <trkpt lat="42.114399" lon="-2.08192">
      <ele>801.3</ele>
    </trkpt>
    <trkpt lat="42.114249" lon="-2.082044">
      <ele>800.6</ele>
    </trkpt>
    <trkpt lat="42.114042" lon="-2.082162">
      <ele>799.6</ele>
    </trkpt>
    <trkpt lat="42.113879" lon="-2.082184">
      <ele>798.9</ele>
    </trkpt>
    <trkpt lat="42.113712" lon="-2.08216">
      <ele>798.2</ele>
    </trkpt>
    <trkpt lat="42.112285" lon="-2.081555">
      <ele>790.4</ele>
    </trkpt>
    <trkpt lat="42.112176" lon="-2.081551">
      <ele>789.8</ele>
    </trkpt>
    <trkpt lat="42.112037" lon="-2.081594">
      <ele>789.1</ele>
    </trkpt>
    <trkpt lat="42.111885" lon="-2.081658">
      <ele>788.3</ele>
    </trkpt>
    <trkpt lat="42.111732" lon="-2.081765">
      <ele>787.5</ele>
    </trkpt>
    <trkpt lat="42.111639" lon="-2.081862">
      <ele>786.9</ele>
    </trkpt>
    <trkpt lat="42.111595" lon="-2.082018">
      <ele>786.2</ele>
    </trkpt>
    <trkpt lat="42.111582" lon="-2.082182">
      <ele>785.6</ele>
    </trkpt>
    <trkpt lat="42.111779" lon="-2.082935">
      <ele>781.8</ele>
    </trkpt>
    <trkpt lat="42.11179" lon="-2.083133">
      <ele>780.7</ele>
    </trkpt>
    <trkpt lat="42.111726" lon="-2.083536">
      <ele>778.1</ele>
    </trkpt>
    <trkpt lat="42.111614" lon="-2.083683">
      <ele>776.8</ele>
    </trkpt>
    <trkpt lat="42.110839" lon="-2.08411">
      <ele>769.3</ele>
    </trkpt>
    <trkpt lat="42.110763" lon="-2.084195">
      <ele>768.5</ele>
    </trkpt>
    <trkpt lat="42.110731" lon="-2.084311">
      <ele>767.8</ele>
    </trkpt>
    <trkpt lat="42.110731" lon="-2.085016">
      <ele>764.3</ele>
    </trkpt>
    <trkpt lat="42.110682" lon="-2.085228">
      <ele>763.4</ele>
    </trkpt>
    <trkpt lat="42.110272" lon="-2.086309">
      <ele>760</ele>
    </trkpt>
    <trkpt lat="42.109593" lon="-2.08734">
      <ele>756.7</ele>
    </trkpt>
    <trkpt lat="42.109437" lon="-2.087452">
      <ele>756.1</ele>
    </trkpt>
    <trkpt lat="42.109064" lon="-2.087561">
      <ele>754.6</ele>
    </trkpt>
    <trkpt lat="42.108921" lon="-2.087672">
      <ele>754</ele>
    </trkpt>
    <trkpt lat="42.108774" lon="-2.087936">
      <ele>753.2</ele>
    </trkpt>
    <trkpt lat="42.108381" lon="-2.088821">
      <ele>751.4</ele>
    </trkpt>
    <trkpt lat="42.108274" lon="-2.089178">
      <ele>750.9</ele>
    </trkpt>
    <trkpt lat="42.108261" lon="-2.089573">
      <ele>750.1</ele>
    </trkpt>
    <trkpt lat="42.108323" lon="-2.089823">
      <ele>749.6</ele>
    </trkpt>
    <trkpt lat="42.108316" lon="-2.090159">
      <ele>748.9</ele>
    </trkpt>
    <trkpt lat="42.108244" lon="-2.090284">
      <ele>748.6</ele>
    </trkpt>
    <trkpt lat="42.108106" lon="-2.090441">
      <ele>748</ele>
    </trkpt>
    <trkpt lat="42.107936" lon="-2.090491">
      <ele>747.4</ele>
    </trkpt>
    <trkpt lat="42.107765" lon="-2.090616">
      <ele>746.6</ele>
    </trkpt>
    <trkpt lat="42.107591" lon="-2.090762">
      <ele>745.6</ele>
    </trkpt>
    <trkpt lat="42.107341" lon="-2.091052">
      <ele>743.6</ele>
    </trkpt>
    <trkpt lat="42.107193" lon="-2.091342">
      <ele>742.2</ele>
    </trkpt>
    <trkpt lat="42.106905" lon="-2.092105">
      <ele>738.6</ele>
    </trkpt>
    <trkpt lat="42.106815" lon="-2.092262">
      <ele>737.7</ele>
    </trkpt>
    <trkpt lat="42.106631" lon="-2.092583">
      <ele>735.8</ele>
    </trkpt>
    <trkpt lat="42.106215" lon="-2.093154">
      <ele>731.7</ele>
    </trkpt>
    <trkpt lat="42.104688" lon="-2.09584">
      <ele>711.6</ele>
    </trkpt>
    <trkpt lat="42.104213" lon="-2.096347">
      <ele>706.1</ele>
    </trkpt>
    <trkpt lat="42.104037" lon="-2.09648">
      <ele>704.2</ele>
    </trkpt>
    <trkpt lat="42.103874" lon="-2.096557">
      <ele>702.7</ele>
    </trkpt>
    <trkpt lat="42.103715" lon="-2.096588">
      <ele>701.5</ele>
    </trkpt>
    <trkpt lat="42.103484" lon="-2.096539">
      <ele>700.1</ele>
    </trkpt>
    <trkpt lat="42.103339" lon="-2.096559">
      <ele>699.3</ele>
    </trkpt>
    <trkpt lat="42.102991" lon="-2.096795">
      <ele>697.9</ele>
    </trkpt>
    <trkpt lat="42.102447" lon="-2.097186">
      <ele>697.9</ele>
    </trkpt>
    <trkpt lat="42.101937" lon="-2.097534">
      <ele>700.3</ele>
    </trkpt>
    <trkpt lat="42.101734" lon="-2.097589">
      <ele>701.5</ele>
    </trkpt>
    <trkpt lat="42.101569" lon="-2.097552">
      <ele>702.5</ele>
    </trkpt>
    <trkpt lat="42.101156" lon="-2.097359">
      <ele>705.2</ele>
    </trkpt>
    <trkpt lat="42.100823" lon="-2.097404">
      <ele>707.4</ele>
    </trkpt>
    <trkpt lat="42.100745" lon="-2.097423">
      <ele>708</ele>
    </trkpt>
    <trkpt lat="42.100676" lon="-2.097477">
      <ele>708.5</ele>
    </trkpt>
    <trkpt lat="42.10062" lon="-2.097592">
      <ele>709.2</ele>
    </trkpt>
    <trkpt lat="42.100568" lon="-2.097817">
      <ele>710.5</ele>
    </trkpt>
    <trkpt lat="42.100545" lon="-2.098132">
      <ele>712.3</ele>
    </trkpt>
    <trkpt lat="42.100708" lon="-2.098886">
      <ele>717.1</ele>
    </trkpt>
    <trkpt lat="42.100693" lon="-2.09915">
      <ele>718.8</ele>
    </trkpt>
    <trkpt lat="42.100645" lon="-2.09937">
      <ele>720.3</ele>
    </trkpt>
    <trkpt lat="42.100538" lon="-2.09952">
      <ele>721.6</ele>
    </trkpt>
    <trkpt lat="42.100469" lon="-2.099546">
      <ele>722.2</ele>
    </trkpt>
    <trkpt lat="42.099754" lon="-2.099651">
      <ele>728.2</ele>
    </trkpt>
    <trkpt lat="42.099543" lon="-2.099721">
      <ele>730</ele>
    </trkpt>
    <trkpt lat="42.099378" lon="-2.099869">
      <ele>731.6</ele>
    </trkpt>
    <trkpt lat="42.099081" lon="-2.100223">
      <ele>734.9</ele>
    </trkpt>
    <trkpt lat="42.098956" lon="-2.100278">
      <ele>736</ele>
    </trkpt>
    <trkpt lat="42.098232" lon="-2.100381">
      <ele>742.6</ele>
    </trkpt>
    <trkpt lat="42.097956" lon="-2.10056">
      <ele>745.7</ele>
    </trkpt>
    <trkpt lat="42.097761" lon="-2.100622">
      <ele>747.9</ele>
    </trkpt>
    <trkpt lat="42.097623" lon="-2.100604">
      <ele>749.5</ele>
    </trkpt>
    <trkpt lat="42.09741" lon="-2.100497">
      <ele>752.2</ele>
    </trkpt>
    <trkpt lat="42.097237" lon="-2.100449">
      <ele>754.4</ele>
    </trkpt>
    <trkpt lat="42.096913" lon="-2.100489">
      <ele>758.4</ele>
    </trkpt>
    <trkpt lat="42.096447" lon="-2.10094">
      <ele>765.2</ele>
    </trkpt>
    <trkpt lat="42.096179" lon="-2.101082">
      <ele>768.4</ele>
    </trkpt>
    <trkpt lat="42.096068" lon="-2.101088">
      <ele>769.7</ele>
    </trkpt>
    <trkpt lat="42.095932" lon="-2.101041">
      <ele>771.2</ele>
    </trkpt>
    <trkpt lat="42.095344" lon="-2.100685">
      <ele>777.2</ele>
    </trkpt>
    <trkpt lat="42.095008" lon="-2.10062">
      <ele>779.9</ele>
    </trkpt>
    <trkpt lat="42.094303" lon="-2.100671">
      <ele>785.6</ele>
    </trkpt>
    <trkpt lat="42.094161" lon="-2.100733">
      <ele>786.9</ele>
    </trkpt>
    <trkpt lat="42.094027" lon="-2.100834">
      <ele>788.2</ele>
    </trkpt>
    <trkpt lat="42.093584" lon="-2.101323">
      <ele>793.1</ele>
    </trkpt>
    <trkpt lat="42.093337" lon="-2.101409">
      <ele>795.6</ele>
    </trkpt>
    <trkpt lat="42.09311" lon="-2.101438">
      <ele>798</ele>
    </trkpt>
    <trkpt lat="42.092511" lon="-2.101354">
      <ele>804.5</ele>
    </trkpt>
    <trkpt lat="42.091849" lon="-2.101211">
      <ele>812</ele>
    </trkpt>
    <trkpt lat="42.09161" lon="-2.101115">
      <ele>814.6</ele>
    </trkpt>
    <trkpt lat="42.091229" lon="-2.100839">
      <ele>818</ele>
    </trkpt>
    <trkpt lat="42.090796" lon="-2.100316">
      <ele>820.2</ele>
    </trkpt>
    <trkpt lat="42.090585" lon="-2.100204">
      <ele>820.2</ele>
    </trkpt>
    <trkpt lat="42.090522" lon="-2.100191">
      <ele>820.1</ele>
    </trkpt>
    <trkpt lat="42.090485" lon="-2.100158">
      <ele>820</ele>
    </trkpt>
    <trkpt lat="42.090449" lon="-2.100052">
      <ele>819.8</ele>
    </trkpt>
    <trkpt lat="42.09045" lon="-2.100016">
      <ele>819.7</ele>
    </trkpt>
    <trkpt lat="42.090311" lon="-2.09982">
      <ele>818.8</ele>
    </trkpt>
    <trkpt lat="42.090142" lon="-2.099745">
      <ele>817.9</ele>
    </trkpt>
    <trkpt lat="42.089633" lon="-2.099563">
      <ele>813.8</ele>
    </trkpt>
    <trkpt lat="42.089475" lon="-2.099535">
      <ele>812.6</ele>
    </trkpt>
    <trkpt lat="42.089275" lon="-2.099569">
      <ele>811</ele>
    </trkpt>
    <trkpt lat="42.088639" lon="-2.099776">
      <ele>806.2</ele>
    </trkpt>
    <trkpt lat="42.088559" lon="-2.099776">
      <ele>805.7</ele>
    </trkpt>
    <trkpt lat="42.088423" lon="-2.099726">
      <ele>804.7</ele>
    </trkpt>
    <trkpt lat="42.08828" lon="-2.099604">
      <ele>803.7</ele>
    </trkpt>
    <trkpt lat="42.087883" lon="-2.099056">
      <ele>800.4</ele>
    </trkpt>
    <trkpt lat="42.087642" lon="-2.098799">
      <ele>798.8</ele>
    </trkpt>
    <trkpt lat="42.087544" lon="-2.098727">
      <ele>798.2</ele>
    </trkpt>
    <trkpt lat="42.087377" lon="-2.098616">
      <ele>797.2</ele>
    </trkpt>
    <trkpt lat="42.087122" lon="-2.098504">
      <ele>795.6</ele>
    </trkpt>
    <trkpt lat="42.086676" lon="-2.09845">
      <ele>792.8</ele>
    </trkpt>
    <trkpt lat="42.086461" lon="-2.098464">
      <ele>791.5</ele>
    </trkpt>
    <trkpt lat="42.086114" lon="-2.098663">
      <ele>788.9</ele>
    </trkpt>
    <trkpt lat="42.086022" lon="-2.098682">
      <ele>788.2</ele>
    </trkpt>
    <trkpt lat="42.085873" lon="-2.098672">
      <ele>787</ele>
    </trkpt>
    <trkpt lat="42.085516" lon="-2.098585">
      <ele>783.9</ele>
    </trkpt>
    <trkpt lat="42.085275" lon="-2.098599">
      <ele>781.5</ele>
    </trkpt>
    <trkpt lat="42.08388" lon="-2.09914">
      <ele>764.3</ele>
    </trkpt>
    <trkpt lat="42.08314" lon="-2.099331">
      <ele>754.4</ele>
    </trkpt>
    <trkpt lat="42.082328" lon="-2.099722">
      <ele>743.1</ele>
    </trkpt>
    <trkpt lat="42.08177" lon="-2.09988">
      <ele>736.4</ele>
    </trkpt>
    <trkpt lat="42.081429" lon="-2.099917">
      <ele>732.9</ele>
    </trkpt>
    <trkpt lat="42.080535" lon="-2.09992">
      <ele>726.1</ele>
    </trkpt>
    <trkpt lat="42.080258" lon="-2.099787">
      <ele>724.4</ele>
    </trkpt>
    <trkpt lat="42.079981" lon="-2.099569">
      <ele>722.6</ele>
    </trkpt>
    <trkpt lat="42.079936" lon="-2.099533">
      <ele>722.3</ele>
    </trkpt>
    <trkpt lat="42.079771" lon="-2.099423">
      <ele>721.3</ele>
    </trkpt>
    <trkpt lat="42.079597" lon="-2.09937">
      <ele>720.2</ele>
    </trkpt>
    <trkpt lat="42.078642" lon="-2.099312">
      <ele>713.6</ele>
    </trkpt>
    <trkpt lat="42.078327" lon="-2.099187">
      <ele>710.9</ele>
    </trkpt>
    <trkpt lat="42.078012" lon="-2.098906">
      <ele>707.9</ele>
    </trkpt>
    <trkpt lat="42.077257" lon="-2.097976">
      <ele>700.6</ele>
    </trkpt>
    <trkpt lat="42.076941" lon="-2.097623">
      <ele>698.1</ele>
    </trkpt>
    <trkpt lat="42.076563" lon="-2.097356">
      <ele>695.6</ele>
    </trkpt>
    <trkpt lat="42.076356" lon="-2.097251">
      <ele>694.3</ele>
    </trkpt>
    <trkpt lat="42.076234" lon="-2.097231">
      <ele>693.7</ele>
    </trkpt>
    <trkpt lat="42.076092" lon="-2.09725">
      <ele>692.9</ele>
    </trkpt>
    <trkpt lat="42.075961" lon="-2.097305">
      <ele>692.1</ele>
    </trkpt>
    <trkpt lat="42.075622" lon="-2.097358">
      <ele>690.3</ele>
    </trkpt>
    <trkpt lat="42.075078" lon="-2.097261">
      <ele>687.2</ele>
    </trkpt>
    <trkpt lat="42.07372" lon="-2.097177">
      <ele>679.3</ele>
    </trkpt>
    <trkpt lat="42.071331" lon="-2.09702">
      <ele>664.6</ele>
    </trkpt>
    <trkpt lat="42.071231" lon="-2.09699">
      <ele>664.3</ele>
    </trkpt>
    <trkpt lat="42.071013" lon="-2.096841">
      <ele>663.8</ele>
    </trkpt>
    <trkpt lat="42.070895" lon="-2.096717">
      <ele>663.7</ele>
    </trkpt>
    <trkpt lat="42.070695" lon="-2.096414">
      <ele>664.3</ele>
    </trkpt>
    <trkpt lat="42.070213" lon="-2.09563">
      <ele>668</ele>
    </trkpt>
    <trkpt lat="42.070031" lon="-2.095325">
      <ele>670</ele>
    </trkpt>
    <trkpt lat="42.070017" lon="-2.095295">
      <ele>670.2</ele>
    </trkpt>
    <trkpt lat="42.069926" lon="-2.095086">
      <ele>671.6</ele>
    </trkpt>
    <trkpt lat="42.069193" lon="-2.092839">
      <ele>680</ele>
    </trkpt>
    <trkpt lat="42.069056" lon="-2.09259">
      <ele>680.8</ele>
    </trkpt>
    <trkpt lat="42.068858" lon="-2.09239">
      <ele>681.9</ele>
    </trkpt>
    <trkpt lat="42.068585" lon="-2.092208">
      <ele>683.5</ele>
    </trkpt>
    <trkpt lat="42.068174" lon="-2.092051">
      <ele>686.2</ele>
    </trkpt>
    <trkpt lat="42.068076" lon="-2.092014">
      <ele>686.9</ele>
    </trkpt>
    <trkpt lat="42.067932" lon="-2.09218">
      <ele>688.4</ele>
    </trkpt>
    <trkpt lat="42.067527" lon="-2.092494">
      <ele>692.9</ele>
    </trkpt>
    <trkpt lat="42.067245" lon="-2.092775">
      <ele>696.7</ele>
    </trkpt>
    <trkpt lat="42.066937" lon="-2.093431">
      <ele>703.6</ele>
    </trkpt>
    <trkpt lat="42.066861" lon="-2.09352">
      <ele>704.9</ele>
    </trkpt>
    <trkpt lat="42.06641" lon="-2.093999">
      <ele>710.4</ele>
    </trkpt>
    <trkpt lat="42.066414" lon="-2.094037">
      <ele>710.6</ele>
    </trkpt>
    <trkpt lat="42.06629" lon="-2.094188">
      <ele>711.8</ele>
    </trkpt>
    <trkpt lat="42.066379" lon="-2.094526">
      <ele>713</ele>
    </trkpt>
    <trkpt lat="42.066199" lon="-2.094388">
      <ele>713.7</ele>
    </trkpt>
    <trkpt lat="42.065996" lon="-2.094303">
      <ele>714.4</ele>
    </trkpt>
    <trkpt lat="42.065709" lon="-2.094246">
      <ele>715.2</ele>
    </trkpt>
    <trkpt lat="42.065526" lon="-2.094303">
      <ele>715.9</ele>
    </trkpt>
    <trkpt lat="42.065458" lon="-2.0943">
      <ele>716.2</ele>
    </trkpt>
    <trkpt lat="42.065348" lon="-2.094332">
      <ele>716.8</ele>
    </trkpt>
    <trkpt lat="42.065262" lon="-2.094477">
      <ele>717.5</ele>
    </trkpt>
    <trkpt lat="42.06526" lon="-2.094562">
      <ele>717.9</ele>
    </trkpt>
    <trkpt lat="42.0652" lon="-2.094717">
      <ele>718.8</ele>
    </trkpt>
    <trkpt lat="42.065168" lon="-2.094829">
      <ele>719.4</ele>
    </trkpt>
    <trkpt lat="42.0651" lon="-2.094975">
      <ele>720.5</ele>
    </trkpt>
    <trkpt lat="42.065138" lon="-2.095094">
      <ele>721.4</ele>
    </trkpt>
    <trkpt lat="42.065144" lon="-2.095351">
      <ele>723.3</ele>
    </trkpt>
    <trkpt lat="42.065184" lon="-2.095463">
      <ele>724.5</ele>
    </trkpt>
    <trkpt lat="42.065218" lon="-2.095808">
      <ele>727.7</ele>
    </trkpt>
    <trkpt lat="42.065293" lon="-2.096167">
      <ele>731</ele>
    </trkpt>
    <trkpt lat="42.065324" lon="-2.096568">
      <ele>734.4</ele>
    </trkpt>
    <trkpt lat="42.065492" lon="-2.096473">
      <ele>736.1</ele>
    </trkpt>
    <trkpt lat="42.065525" lon="-2.096578">
      <ele>736.8</ele>
    </trkpt>
    <trkpt lat="42.065594" lon="-2.096377">
      <ele>737.6</ele>
    </trkpt>
    <trkpt lat="42.065582" lon="-2.096028">
      <ele>738.2</ele>
    </trkpt>
    <trkpt lat="42.06561" lon="-2.096092">
      <ele>738.2</ele>
    </trkpt>
    <trkpt lat="42.065582" lon="-2.096028">
      <ele>738.2</ele>
    </trkpt>
    <trkpt lat="42.065594" lon="-2.096377">
      <ele>737.6</ele>
    </trkpt>
    <trkpt lat="42.065525" lon="-2.096578">
      <ele>736.8</ele>
    </trkpt>
    <trkpt lat="42.065492" lon="-2.096473">
      <ele>736.1</ele>
    </trkpt>
    <trkpt lat="42.065324" lon="-2.096568">
      <ele>734.4</ele>
    </trkpt>
    <trkpt lat="42.065293" lon="-2.096167">
      <ele>731</ele>
    </trkpt>
    <trkpt lat="42.065241" lon="-2.09592">
      <ele>728.8</ele>
    </trkpt>
    <trkpt lat="42.065218" lon="-2.095808">
      <ele>727.8</ele>
    </trkpt>
    <trkpt lat="42.065184" lon="-2.095463">
      <ele>724.6</ele>
    </trkpt>
    <trkpt lat="42.065144" lon="-2.095351">
      <ele>723.3</ele>
    </trkpt>
    <trkpt lat="42.065138" lon="-2.095094">
      <ele>720.9</ele>
    </trkpt>
    <trkpt lat="42.0651" lon="-2.094975">
      <ele>719.8</ele>
    </trkpt>
    <trkpt lat="42.065168" lon="-2.094829">
      <ele>718.2</ele>
    </trkpt>
    <trkpt lat="42.0652" lon="-2.094717">
      <ele>717.2</ele>
    </trkpt>
    <trkpt lat="42.065147" lon="-2.094741">
      <ele>716.5</ele>
    </trkpt>
    <trkpt lat="42.065012" lon="-2.094918">
      <ele>714.2</ele>
    </trkpt>
    <trkpt lat="42.064956" lon="-2.095052">
      <ele>712.9</ele>
    </trkpt>
    <trkpt lat="42.064888" lon="-2.095018">
      <ele>712.1</ele>
    </trkpt>
    <trkpt lat="42.064992" lon="-2.094735">
      <ele>709.6</ele>
    </trkpt>
    <trkpt lat="42.064825" lon="-2.094971">
      <ele>707.5</ele>
    </trkpt>
    <trkpt lat="42.064792" lon="-2.094793">
      <ele>706.3</ele>
    </trkpt>
    <trkpt lat="42.064924" lon="-2.094455">
      <ele>703.8</ele>
    </trkpt>
    <trkpt lat="42.064745" lon="-2.094583">
      <ele>702</ele>
    </trkpt>
    <trkpt lat="42.064692" lon="-2.09455">
      <ele>701.4</ele>
    </trkpt>
    <trkpt lat="42.064712" lon="-2.094461">
      <ele>700.9</ele>
    </trkpt>
    <trkpt lat="42.06469" lon="-2.094303">
      <ele>699.8</ele>
    </trkpt>
    <trkpt lat="42.064787" lon="-2.093937">
      <ele>697.2</ele>
    </trkpt>
    <trkpt lat="42.06494" lon="-2.09382">
      <ele>695.7</ele>
    </trkpt>
    <trkpt lat="42.065277" lon="-2.093441">
      <ele>692.2</ele>
    </trkpt>
    <trkpt lat="42.065384" lon="-2.09323">
      <ele>690.8</ele>
    </trkpt>
    <trkpt lat="42.065465" lon="-2.09296">
      <ele>689.2</ele>
    </trkpt>
    <trkpt lat="42.065473" lon="-2.092659">
      <ele>687.7</ele>
    </trkpt>
    <trkpt lat="42.065456" lon="-2.092448">
      <ele>686.6</ele>
    </trkpt>
    <trkpt lat="42.065441" lon="-2.092282">
      <ele>685.8</ele>
    </trkpt>
    <trkpt lat="42.06549" lon="-2.09174">
      <ele>683.8</ele>
    </trkpt>
    <trkpt lat="42.06557" lon="-2.091366">
      <ele>683</ele>
    </trkpt>
    <trkpt lat="42.065488" lon="-2.09127">
      <ele>682.8</ele>
    </trkpt>
    <trkpt lat="42.065281" lon="-2.091037">
      <ele>682.6</ele>
    </trkpt>
    <trkpt lat="42.065049" lon="-2.090782">
      <ele>682.8</ele>
    </trkpt>
    <trkpt lat="42.064913" lon="-2.090631">
      <ele>683.1</ele>
    </trkpt>
    <trkpt lat="42.064618" lon="-2.090189">
      <ele>684.5</ele>
    </trkpt>
    <trkpt lat="42.064524" lon="-2.089952">
      <ele>685.4</ele>
    </trkpt>
    <trkpt lat="42.064309" lon="-2.089055">
      <ele>688.2</ele>
    </trkpt>
    <trkpt lat="42.06382" lon="-2.087551">
      <ele>691.2</ele>
    </trkpt>
    <trkpt lat="42.063664" lon="-2.087207">
      <ele>691.8</ele>
    </trkpt>
    <trkpt lat="42.063497" lon="-2.086956">
      <ele>692.3</ele>
    </trkpt>
    <trkpt lat="42.063439" lon="-2.086889">
      <ele>692.5</ele>
    </trkpt>
    <trkpt lat="42.061299" lon="-2.084445">
      <ele>698</ele>
    </trkpt>
    <trkpt lat="42.060918" lon="-2.084202">
      <ele>699.4</ele>
    </trkpt>
    <trkpt lat="42.060877" lon="-2.084169">
      <ele>699.6</ele>
    </trkpt>
    <trkpt lat="42.060693" lon="-2.084016">
      <ele>700.4</ele>
    </trkpt>
    <trkpt lat="42.060391" lon="-2.083739">
      <ele>701.7</ele>
    </trkpt>
    <trkpt lat="42.060193" lon="-2.083456">
      <ele>702.8</ele>
    </trkpt>
    <trkpt lat="42.059676" lon="-2.082358">
      <ele>706.1</ele>
    </trkpt>
    <trkpt lat="42.059485" lon="-2.082055">
      <ele>707.1</ele>
    </trkpt>
    <trkpt lat="42.059171" lon="-2.081726">
      <ele>708.6</ele>
    </trkpt>
    <trkpt lat="42.056649" lon="-2.079354">
      <ele>720.2</ele>
    </trkpt>
    <trkpt lat="42.056337" lon="-2.079006">
      <ele>721.7</ele>
    </trkpt>
    <trkpt lat="42.056024" lon="-2.078549">
      <ele>723.6</ele>
    </trkpt>
    <trkpt lat="42.053676" lon="-2.074407">
      <ele>742</ele>
    </trkpt>
    <trkpt lat="42.053429" lon="-2.073879">
      <ele>744.1</ele>
    </trkpt>
    <trkpt lat="42.053351" lon="-2.073498">
      <ele>745.4</ele>
    </trkpt>
    <trkpt lat="42.053331" lon="-2.073256">
      <ele>746.2</ele>
    </trkpt>
    <trkpt lat="42.053316" lon="-2.073111">
      <ele>746.7</ele>
    </trkpt>
    <trkpt lat="42.053238" lon="-2.072098">
      <ele>749.4</ele>
    </trkpt>
    <trkpt lat="42.053169" lon="-2.071211">
      <ele>750.5</ele>
    </trkpt>
    <trkpt lat="42.053143" lon="-2.07101">
      <ele>750.5</ele>
    </trkpt>
    <trkpt lat="42.053064" lon="-2.070689">
      <ele>750.5</ele>
    </trkpt>
    <trkpt lat="42.052862" lon="-2.070286">
      <ele>750.1</ele>
    </trkpt>
    <trkpt lat="42.051489" lon="-2.068362">
      <ele>745.9</ele>
    </trkpt>
    <trkpt lat="42.051406" lon="-2.068246">
      <ele>745.6</ele>
    </trkpt>
    <trkpt lat="42.050418" lon="-2.066867">
      <ele>741.3</ele>
    </trkpt>
    <trkpt lat="42.050307" lon="-2.066712">
      <ele>740.6</ele>
    </trkpt>
    <trkpt lat="42.049968" lon="-2.066217">
      <ele>738.3</ele>
    </trkpt>
    <trkpt lat="42.049849" lon="-2.065964">
      <ele>737.1</ele>
    </trkpt>
    <trkpt lat="42.049681" lon="-2.065341">
      <ele>734.3</ele>
    </trkpt>
    <trkpt lat="42.049425" lon="-2.0642">
      <ele>729.2</ele>
    </trkpt>
    <trkpt lat="42.049375" lon="-2.063981">
      <ele>728.3</ele>
    </trkpt>
    <trkpt lat="42.048938" lon="-2.061867">
      <ele>720.3</ele>
    </trkpt>
    <trkpt lat="42.048832" lon="-2.061611">
      <ele>719</ele>
    </trkpt>
    <trkpt lat="42.048713" lon="-2.061405">
      <ele>717.8</ele>
    </trkpt>
    <trkpt lat="42.048182" lon="-2.060558">
      <ele>711.7</ele>
    </trkpt>
    <trkpt lat="42.048013" lon="-2.060161">
      <ele>709.2</ele>
    </trkpt>
    <trkpt lat="42.047922" lon="-2.059881">
      <ele>707.6</ele>
    </trkpt>
    <trkpt lat="42.047823" lon="-2.05954">
      <ele>705.9</ele>
    </trkpt>
    <trkpt lat="42.047627" lon="-2.058928">
      <ele>703.2</ele>
    </trkpt>
    <trkpt lat="42.047467" lon="-2.05867">
      <ele>702.1</ele>
    </trkpt>
    <trkpt lat="42.046035" lon="-2.056915">
      <ele>696.5</ele>
    </trkpt>
    <trkpt lat="42.045632" lon="-2.056552">
      <ele>694.1</ele>
    </trkpt>
    <trkpt lat="42.045037" lon="-2.056081">
      <ele>690</ele>
    </trkpt>
    <trkpt lat="42.044842" lon="-2.055855">
      <ele>688.4</ele>
    </trkpt>
    <trkpt lat="42.044733" lon="-2.055676">
      <ele>687.4</ele>
    </trkpt>
    <trkpt lat="42.044645" lon="-2.055489">
      <ele>686.5</ele>
    </trkpt>
    <trkpt lat="42.044554" lon="-2.055156">
      <ele>685.2</ele>
    </trkpt>
    <trkpt lat="42.044527" lon="-2.054758">
      <ele>684</ele>
    </trkpt>
    <trkpt lat="42.044655" lon="-2.053463">
      <ele>682.1</ele>
    </trkpt>
    <trkpt lat="42.044626" lon="-2.053134">
      <ele>681.8</ele>
    </trkpt>
    <trkpt lat="42.044559" lon="-2.05288">
      <ele>681.6</ele>
    </trkpt>
    <trkpt lat="42.044117" lon="-2.05154">
      <ele>679.8</ele>
    </trkpt>
    <trkpt lat="42.04399" lon="-2.051013">
      <ele>678.8</ele>
    </trkpt>
    <trkpt lat="42.043898" lon="-2.050302">
      <ele>677.4</ele>
    </trkpt>
    <trkpt lat="42.043487" lon="-2.046314">
      <ele>669.6</ele>
    </trkpt>
    <trkpt lat="42.043476" lon="-2.045765">
      <ele>668.6</ele>
    </trkpt>
    <trkpt lat="42.043511" lon="-2.045337">
      <ele>667.8</ele>
    </trkpt>
    <trkpt lat="42.043645" lon="-2.043978">
      <ele>665.2</ele>
    </trkpt>
    <trkpt lat="42.043808" lon="-2.042869">
      <ele>663.3</ele>
    </trkpt>
    <trkpt lat="42.043835" lon="-2.042102">
      <ele>662.4</ele>
    </trkpt>
    <trkpt lat="42.043889" lon="-2.041893">
      <ele>662.1</ele>
    </trkpt>
    <trkpt lat="42.043969" lon="-2.041746">
      <ele>662</ele>
    </trkpt>
    <trkpt lat="42.044144" lon="-2.041563">
      <ele>661.7</ele>
    </trkpt>
    <trkpt lat="42.045559" lon="-2.040354">
      <ele>659.9</ele>
    </trkpt>
    <trkpt lat="42.046021" lon="-2.039729">
      <ele>659.4</ele>
    </trkpt>
    <trkpt lat="42.048117" lon="-2.036624">
      <ele>657.1</ele>
    </trkpt>
    <trkpt lat="42.048311" lon="-2.036418">
      <ele>656.4</ele>
    </trkpt>
    <trkpt lat="42.048774" lon="-2.036033">
      <ele>654.3</ele>
    </trkpt>
    <trkpt lat="42.050044" lon="-2.0345">
      <ele>647.8</ele>
    </trkpt>
    <trkpt lat="42.050176" lon="-2.034217">
      <ele>647.6</ele>
    </trkpt>
    <trkpt lat="42.050227" lon="-2.033862">
      <ele>647.4</ele>
    </trkpt>
    <trkpt lat="42.050223" lon="-2.033683">
      <ele>647.3</ele>
    </trkpt>
    <trkpt lat="42.050144" lon="-2.033137">
      <ele>647.2</ele>
    </trkpt>
    <trkpt lat="42.050132" lon="-2.032887">
      <ele>647.1</ele>
    </trkpt>
    <trkpt lat="42.050163" lon="-2.032532">
      <ele>647</ele>
    </trkpt>
    <trkpt lat="42.050342" lon="-2.031607">
      <ele>646</ele>
    </trkpt>
    <trkpt lat="42.050649" lon="-2.03005">
      <ele>641.2</ele>
    </trkpt>
    <trkpt lat="42.050756" lon="-2.029714">
      <ele>639.4</ele>
    </trkpt>
    <trkpt lat="42.050959" lon="-2.029333">
      <ele>636.9</ele>
    </trkpt>
    <trkpt lat="42.051185" lon="-2.029082">
      <ele>634.6</ele>
    </trkpt>
    <trkpt lat="42.051947" lon="-2.028262">
      <ele>626</ele>
    </trkpt>
    <trkpt lat="42.052157" lon="-2.028105">
      <ele>624.1</ele>
    </trkpt>
    <trkpt lat="42.052516" lon="-2.027902">
      <ele>621.4</ele>
    </trkpt>
    <trkpt lat="42.052653" lon="-2.027784">
      <ele>620.3</ele>
    </trkpt>
    <trkpt lat="42.052798" lon="-2.027598">
      <ele>619.1</ele>
    </trkpt>
    <trkpt lat="42.05629" lon="-2.020697">
      <ele>590.8</ele>
    </trkpt>
    <trkpt lat="42.056406" lon="-2.020521">
      <ele>590.2</ele>
    </trkpt>
    <trkpt lat="42.05669" lon="-2.020149">
      <ele>588.8</ele>
    </trkpt>
    <trkpt lat="42.059223" lon="-2.017331">
      <ele>580.5</ele>
    </trkpt>
    <trkpt lat="42.059428" lon="-2.017108">
      <ele>580.3</ele>
    </trkpt>
    <trkpt lat="42.059825" lon="-2.016666">
      <ele>580.1</ele>
    </trkpt>
    <trkpt lat="42.060898" lon="-2.01549">
      <ele>581.7</ele>
    </trkpt>
    <trkpt lat="42.061177" lon="-2.015346">
      <ele>582.2</ele>
    </trkpt>
    <trkpt lat="42.06137" lon="-2.015305">
      <ele>582.5</ele>
    </trkpt>
    <trkpt lat="42.061559" lon="-2.015312">
      <ele>582.9</ele>
    </trkpt>
    <trkpt lat="42.062798" lon="-2.015437">
      <ele>586.7</ele>
    </trkpt>
    <trkpt lat="42.063098" lon="-2.015413">
      <ele>587.8</ele>
    </trkpt>
    <trkpt lat="42.063694" lon="-2.015247">
      <ele>590.1</ele>
    </trkpt>
    <trkpt lat="42.064695" lon="-2.014989">
      <ele>592.2</ele>
    </trkpt>
    <trkpt lat="42.065385" lon="-2.015003">
      <ele>591.1</ele>
    </trkpt>
    <trkpt lat="42.065747" lon="-2.014937">
      <ele>589.9</ele>
    </trkpt>
    <trkpt lat="42.06598" lon="-2.014811">
      <ele>588.9</ele>
    </trkpt>
    <trkpt lat="42.066241" lon="-2.014573">
      <ele>587.3</ele>
    </trkpt>
    <trkpt lat="42.0668" lon="-2.01394">
      <ele>582.6</ele>
    </trkpt>
    <trkpt lat="42.067049" lon="-2.013546">
      <ele>580.1</ele>
    </trkpt>
    <trkpt lat="42.067326" lon="-2.013011">
      <ele>576.8</ele>
    </trkpt>
    <trkpt lat="42.067475" lon="-2.012649">
      <ele>574.6</ele>
    </trkpt>
    <trkpt lat="42.067681" lon="-2.011109">
      <ele>566.6</ele>
    </trkpt>
    <trkpt lat="42.067709" lon="-2.010917">
      <ele>565.7</ele>
    </trkpt>
    <trkpt lat="42.067803" lon="-2.010349">
      <ele>563.3</ele>
    </trkpt>
    <trkpt lat="42.067917" lon="-2.01001">
      <ele>562</ele>
    </trkpt>
    <trkpt lat="42.067983" lon="-2.00982">
      <ele>561.3</ele>
    </trkpt>
    <trkpt lat="42.0682" lon="-2.009213">
      <ele>559.8</ele>
    </trkpt>
    <trkpt lat="42.068204" lon="-2.009145">
      <ele>559.6</ele>
    </trkpt>
    <trkpt lat="42.068448" lon="-2.009036">
      <ele>559.3</ele>
    </trkpt>
    <trkpt lat="42.06866" lon="-2.00913">
      <ele>559.2</ele>
    </trkpt>
    <trkpt lat="42.068863" lon="-2.009262">
      <ele>559.2</ele>
    </trkpt>
    <trkpt lat="42.069239" lon="-2.009435">
      <ele>559.8</ele>
    </trkpt>
    <trkpt lat="42.06949" lon="-2.009535">
      <ele>560.7</ele>
    </trkpt>
    <trkpt lat="42.069665" lon="-2.009594">
      <ele>561.3</ele>
    </trkpt>
    <trkpt lat="42.069767" lon="-2.009604">
      <ele>561.7</ele>
    </trkpt>
    <trkpt lat="42.06993" lon="-2.009645">
      <ele>562.5</ele>
    </trkpt>
    <trkpt lat="42.070095" lon="-2.00966">
      <ele>563.3</ele>
    </trkpt>
    <trkpt lat="42.070193" lon="-2.009753">
      <ele>563.8</ele>
    </trkpt>
    <trkpt lat="42.070314" lon="-2.009815">
      <ele>564.3</ele>
    </trkpt>
    <trkpt lat="42.07044" lon="-2.009893">
      <ele>564.8</ele>
    </trkpt>
    <trkpt lat="42.070597" lon="-2.010054">
      <ele>565.5</ele>
    </trkpt>
    <trkpt lat="42.070752" lon="-2.010234">
      <ele>566.1</ele>
    </trkpt>
    <trkpt lat="42.070834" lon="-2.01039">
      <ele>566.5</ele>
    </trkpt>
    <trkpt lat="42.070903" lon="-2.010464">
      <ele>566.7</ele>
    </trkpt>
    <trkpt lat="42.071076" lon="-2.010683">
      <ele>566.8</ele>
    </trkpt>
    <trkpt lat="42.071136" lon="-2.010804">
      <ele>566.6</ele>
    </trkpt>
    <trkpt lat="42.071382" lon="-2.011335">
      <ele>565.4</ele>
    </trkpt>
    <trkpt lat="42.071425" lon="-2.011428">
      <ele>565.1</ele>
    </trkpt>
    <trkpt lat="42.0715" lon="-2.01177">
      <ele>564.3</ele>
    </trkpt>
    <trkpt lat="42.071624" lon="-2.011891">
      <ele>563.8</ele>
    </trkpt>
    <trkpt lat="42.071821" lon="-2.011892">
      <ele>563.3</ele>
    </trkpt>
    <trkpt lat="42.071944" lon="-2.011798">
      <ele>563.1</ele>
    </trkpt>
    <trkpt lat="42.072198" lon="-2.011699">
      <ele>562.7</ele>
    </trkpt>
    <trkpt lat="42.072515" lon="-2.011733">
      <ele>562.3</ele>
    </trkpt>
    <trkpt lat="42.072585" lon="-2.011747">
      <ele>562.2</ele>
    </trkpt>
    <trkpt lat="42.072778" lon="-2.011859">
      <ele>561.8</ele>
    </trkpt>
    <trkpt lat="42.073075" lon="-2.012158">
      <ele>561.2</ele>
    </trkpt>
    <trkpt lat="42.073152" lon="-2.012224">
      <ele>560.9</ele>
    </trkpt>
    <trkpt lat="42.0732" lon="-2.01223">
      <ele>560.8</ele>
    </trkpt>
    <trkpt lat="42.074342" lon="-2.011558">
      <ele>554.9</ele>
    </trkpt>
    <trkpt lat="42.074815" lon="-2.011277">
      <ele>554.2</ele>
    </trkpt>
    <trkpt lat="42.074883" lon="-2.011197">
      <ele>554.4</ele>
    </trkpt>
    <trkpt lat="42.0749" lon="-2.01105">
      <ele>554.8</ele>
    </trkpt>
    <trkpt lat="42.07489" lon="-2.010987">
      <ele>555</ele>
    </trkpt>
    <trkpt lat="42.074726" lon="-2.010664">
      <ele>556.8</ele>
    </trkpt>
    <trkpt lat="42.074709" lon="-2.010608">
      <ele>557.2</ele>
    </trkpt>
    <trkpt lat="42.074727" lon="-2.010512">
      <ele>557.9</ele>
    </trkpt>
    <trkpt lat="42.074843" lon="-2.010507">
      <ele>559</ele>
    </trkpt>
    <trkpt lat="42.075064" lon="-2.010602">
      <ele>561.8</ele>
    </trkpt>
    <trkpt lat="42.075145" lon="-2.010578">
      <ele>562.9</ele>
    </trkpt>
    <trkpt lat="42.07524" lon="-2.0105">
      <ele>564.5</ele>
    </trkpt>
    <trkpt lat="42.07531" lon="-2.01038">
      <ele>566</ele>
    </trkpt>
    <trkpt lat="42.07553" lon="-2.00951">
      <ele>574.9</ele>
    </trkpt>
    <trkpt lat="42.0755" lon="-2.00908">
      <ele>578.4</ele>
    </trkpt>
    <trkpt lat="42.07512" lon="-2.0074">
      <ele>586.8</ele>
    </trkpt>
    <trkpt lat="42.07496" lon="-2.00692">
      <ele>589.3</ele>
    </trkpt>
    <trkpt lat="42.07495" lon="-2.00663">
      <ele>591</ele>
    </trkpt>
    <trkpt lat="42.075" lon="-2.00643">
      <ele>592.5</ele>
    </trkpt>
    <trkpt lat="42.07516" lon="-2.00621">
      <ele>594.8</ele>
    </trkpt>
    <trkpt lat="42.0755" lon="-2.00603">
      <ele>599</ele>
    </trkpt>
    <trkpt lat="42.07639" lon="-2.00629">
      <ele>610.8</ele>
    </trkpt>
    <trkpt lat="42.07703" lon="-2.00631">
      <ele>617.8</ele>
    </trkpt>
    <trkpt lat="42.07716" lon="-2.00616">
      <ele>619.2</ele>
    </trkpt>
    <trkpt lat="42.07732" lon="-2.00549">
      <ele>622.5</ele>
    </trkpt>
    <trkpt lat="42.07744" lon="-2.00526">
      <ele>623.4</ele>
    </trkpt>
    <trkpt lat="42.07752" lon="-2.00519">
      <ele>623.7</ele>
    </trkpt>
    <trkpt lat="42.07793" lon="-2.00507">
      <ele>624.6</ele>
    </trkpt>
    <trkpt lat="42.07849" lon="-2.00427">
      <ele>625.3</ele>
    </trkpt>
    <trkpt lat="42.07873" lon="-2.0041">
      <ele>625.5</ele>
    </trkpt>
    <trkpt lat="42.07905" lon="-2.00398">
      <ele>625.7</ele>
    </trkpt>
    <trkpt lat="42.07926" lon="-2.00381">
      <ele>626</ele>
    </trkpt>
    <trkpt lat="42.0799" lon="-2.00249">
      <ele>630.8</ele>
    </trkpt>
    <trkpt lat="42.08007" lon="-2.00234">
      <ele>631.8</ele>
    </trkpt>
    <trkpt lat="42.08044" lon="-2.00216">
      <ele>633.5</ele>
    </trkpt>
    <trkpt lat="42.08053" lon="-2.00201">
      <ele>634</ele>
    </trkpt>
    <trkpt lat="42.08062" lon="-2.00159">
      <ele>635.2</ele>
    </trkpt>
    <trkpt lat="42.08082" lon="-2.00096">
      <ele>637</ele>
    </trkpt>
    <trkpt lat="42.0809" lon="-2.00038">
      <ele>638.3</ele>
    </trkpt>
    <trkpt lat="42.08112" lon="-1.99954">
      <ele>641</ele>
    </trkpt>
    <trkpt lat="42.08143" lon="-1.9991">
      <ele>643.8</ele>
    </trkpt>
    <trkpt lat="42.08141" lon="-1.99896">
      <ele>644.6</ele>
    </trkpt>
    <trkpt lat="42.08121" lon="-1.99873">
      <ele>646.4</ele>
    </trkpt>
    <trkpt lat="42.08115" lon="-1.99852">
      <ele>647.6</ele>
    </trkpt>
    <trkpt lat="42.08122" lon="-1.9982">
      <ele>649.2</ele>
    </trkpt>
    <trkpt lat="42.08148" lon="-1.99746">
      <ele>652.9</ele>
    </trkpt>
    <trkpt lat="42.08163" lon="-1.9972">
      <ele>654.3</ele>
    </trkpt>
    <trkpt lat="42.08222" lon="-1.99663">
      <ele>658.6</ele>
    </trkpt>
    <trkpt lat="42.08241" lon="-1.99658">
      <ele>659.7</ele>
    </trkpt>
    <trkpt lat="42.08287" lon="-1.99693">
      <ele>662.8</ele>
    </trkpt>
    <trkpt lat="42.08343" lon="-1.99705">
      <ele>666</ele>
    </trkpt>
    <trkpt lat="42.08376" lon="-1.99722">
      <ele>668.1</ele>
    </trkpt>
    <trkpt lat="42.08388" lon="-1.9972">
      <ele>668.8</ele>
    </trkpt>
    <trkpt lat="42.08408" lon="-1.99702">
      <ele>670.2</ele>
    </trkpt>
    <trkpt lat="42.08417" lon="-1.99644">
      <ele>673</ele>
    </trkpt>
    <trkpt lat="42.08427" lon="-1.99622">
      <ele>674.3</ele>
    </trkpt>
    <trkpt lat="42.08484" lon="-1.99576">
      <ele>679.4</ele>
    </trkpt>
    <trkpt lat="42.08514" lon="-1.99578">
      <ele>682</ele>
    </trkpt>
    <trkpt lat="42.08563" lon="-1.99609">
      <ele>686.7</ele>
    </trkpt>
    <trkpt lat="42.08596" lon="-1.99623">
      <ele>689.7</ele>
    </trkpt>
    <trkpt lat="42.08621" lon="-1.99623">
      <ele>691.7</ele>
    </trkpt>
    <trkpt lat="42.08638" lon="-1.99604">
      <ele>693.5</ele>
    </trkpt>
    <trkpt lat="42.08703" lon="-1.99471">
      <ele>703.3</ele>
    </trkpt>
    <trkpt lat="42.08722" lon="-1.99459">
      <ele>705</ele>
    </trkpt>
    <trkpt lat="42.08767" lon="-1.99451">
      <ele>708.6</ele>
    </trkpt>
    <trkpt lat="42.08776" lon="-1.99443">
      <ele>709.4</ele>
    </trkpt>
    <trkpt lat="42.0878" lon="-1.99428">
      <ele>710.4</ele>
    </trkpt>
    <trkpt lat="42.0877" lon="-1.99382">
      <ele>713.2</ele>
    </trkpt>
    <trkpt lat="42.0877" lon="-1.99344">
      <ele>715.6</ele>
    </trkpt>
    <trkpt lat="42.08779" lon="-1.99302">
      <ele>718.1</ele>
    </trkpt>
    <trkpt lat="42.08796" lon="-1.99251">
      <ele>720.6</ele>
    </trkpt>
    <trkpt lat="42.08812" lon="-1.99233">
      <ele>721.7</ele>
    </trkpt>
    <trkpt lat="42.08858" lon="-1.99198">
      <ele>723.5</ele>
    </trkpt>
    <trkpt lat="42.08903" lon="-1.9917">
      <ele>724</ele>
    </trkpt>
    <trkpt lat="42.08933" lon="-1.99159">
      <ele>723.2</ele>
    </trkpt>
    <trkpt lat="42.08998" lon="-1.99153">
      <ele>720.2</ele>
    </trkpt>
    <trkpt lat="42.09003" lon="-1.99144">
      <ele>719.7</ele>
    </trkpt>
    <trkpt lat="42.09003" lon="-1.99131">
      <ele>719.2</ele>
    </trkpt>
    <trkpt lat="42.08998" lon="-1.99114">
      <ele>718.4</ele>
    </trkpt>
    <trkpt lat="42.0893" lon="-1.98967">
      <ele>711.1</ele>
    </trkpt>
    <trkpt lat="42.08903" lon="-1.987">
      <ele>703.9</ele>
    </trkpt>
    <trkpt lat="42.08902" lon="-1.98643">
      <ele>702.1</ele>
    </trkpt>
    <trkpt lat="42.08907" lon="-1.9859">
      <ele>700.2</ele>
    </trkpt>
    <trkpt lat="42.08948" lon="-1.98366">
      <ele>691.8</ele>
    </trkpt>
    <trkpt lat="42.08959" lon="-1.98351">
      <ele>691.2</ele>
    </trkpt>
    <trkpt lat="42.08985" lon="-1.98336">
      <ele>690.4</ele>
    </trkpt>
    <trkpt lat="42.09067" lon="-1.98316">
      <ele>689.3</ele>
    </trkpt>
    <trkpt lat="42.09086" lon="-1.98317">
      <ele>689.5</ele>
    </trkpt>
    <trkpt lat="42.09122" lon="-1.98349">
      <ele>690.1</ele>
    </trkpt>
    <trkpt lat="42.09133" lon="-1.98348">
      <ele>690.3</ele>
    </trkpt>
    <trkpt lat="42.09165" lon="-1.9833">
      <ele>690.7</ele>
    </trkpt>
    <trkpt lat="42.092205" lon="-1.98315">
      <ele>690.6</ele>
    </trkpt>
    <trkpt lat="42.092028" lon="-1.983108">
      <ele>690.3</ele>
    </trkpt>
    <trkpt lat="42.089807" lon="-1.982073">
      <ele>676.2</ele>
    </trkpt>
    <trkpt lat="42.088953" lon="-1.981868">
      <ele>670.1</ele>
    </trkpt>
    <trkpt lat="42.087353" lon="-1.981162">
      <ele>660.8</ele>
    </trkpt>
    <trkpt lat="42.086996" lon="-1.980877">
      <ele>659</ele>
    </trkpt>
    <trkpt lat="42.086845" lon="-1.98063">
      <ele>657.9</ele>
    </trkpt>
    <trkpt lat="42.086662" lon="-1.980409">
      <ele>656.9</ele>
    </trkpt>
    <trkpt lat="42.086423" lon="-1.980308">
      <ele>655.8</ele>
    </trkpt>
    <trkpt lat="42.086088" lon="-1.980266">
      <ele>654.2</ele>
    </trkpt>
    <trkpt lat="42.085894" lon="-1.980142">
      <ele>653.2</ele>
    </trkpt>
    <trkpt lat="42.08547" lon="-1.979499">
      <ele>650.1</ele>
    </trkpt>
    <trkpt lat="42.085109" lon="-1.979373">
      <ele>648.3</ele>
    </trkpt>
    <trkpt lat="42.084607" lon="-1.979311">
      <ele>645.5</ele>
    </trkpt>
    <trkpt lat="42.08423" lon="-1.978793">
      <ele>642.4</ele>
    </trkpt>
    <trkpt lat="42.083917" lon="-1.978024">
      <ele>638.5</ele>
    </trkpt>
    <trkpt lat="42.083692" lon="-1.977798">
      <ele>636.7</ele>
    </trkpt>
    <trkpt lat="42.083405" lon="-1.977605">
      <ele>634.5</ele>
    </trkpt>
    <trkpt lat="42.083277" lon="-1.977304">
      <ele>632.8</ele>
    </trkpt>
    <trkpt lat="42.083134" lon="-1.976803">
      <ele>630.4</ele>
    </trkpt>
    <trkpt lat="42.082903" lon="-1.976451">
      <ele>628.4</ele>
    </trkpt>
    <trkpt lat="42.082433" lon="-1.975899">
      <ele>624.7</ele>
    </trkpt>
    <trkpt lat="42.082147" lon="-1.975416">
      <ele>622.2</ele>
    </trkpt>
    <trkpt lat="42.081831" lon="-1.974537">
      <ele>619.4</ele>
    </trkpt>
    <trkpt lat="42.081704" lon="-1.974243">
      <ele>618.8</ele>
    </trkpt>
    <trkpt lat="42.080998" lon="-1.974007">
      <ele>618.2</ele>
    </trkpt>
    <trkpt lat="42.080182" lon="-1.973584">
      <ele>617.2</ele>
    </trkpt>
    <trkpt lat="42.078802" lon="-1.973851">
      <ele>610</ele>
    </trkpt>
    <trkpt lat="42.077421" lon="-1.974494">
      <ele>599.5</ele>
    </trkpt>
    <trkpt lat="42.077098" lon="-1.974558">
      <ele>597.3</ele>
    </trkpt>
    <trkpt lat="42.07684" lon="-1.974525">
      <ele>595.7</ele>
    </trkpt>
    <trkpt lat="42.075962" lon="-1.974149">
      <ele>590.6</ele>
    </trkpt>
    <trkpt lat="42.075276" lon="-1.973705">
      <ele>587.1</ele>
    </trkpt>
    <trkpt lat="42.075131" lon="-1.973689">
      <ele>586.4</ele>
    </trkpt>
    <trkpt lat="42.074987" lon="-1.973709">
      <ele>585.8</ele>
    </trkpt>
    <trkpt lat="42.074283" lon="-1.974023">
      <ele>582.4</ele>
    </trkpt>
    <trkpt lat="42.0724" lon="-1.974368">
      <ele>572.8</ele>
    </trkpt>
    <trkpt lat="42.07165" lon="-1.974152">
      <ele>572.4</ele>
    </trkpt>
    <trkpt lat="42.071199" lon="-1.974057">
      <ele>573.3</ele>
    </trkpt>
    <trkpt lat="42.070486" lon="-1.974196">
      <ele>575.9</ele>
    </trkpt>
    <trkpt lat="42.068668" lon="-1.975122">
      <ele>579</ele>
    </trkpt>
    <trkpt lat="42.068353" lon="-1.975143">
      <ele>578</ele>
    </trkpt>
    <trkpt lat="42.067957" lon="-1.975057">
      <ele>576</ele>
    </trkpt>
    <trkpt lat="42.067616" lon="-1.974778">
      <ele>573.3</ele>
    </trkpt>
    <trkpt lat="42.067474" lon="-1.974636">
      <ele>571.8</ele>
    </trkpt>
    <trkpt lat="42.067191" lon="-1.974353">
      <ele>568.9</ele>
    </trkpt>
    <trkpt lat="42.066548" lon="-1.973427">
      <ele>562.4</ele>
    </trkpt>
    <trkpt lat="42.065497" lon="-1.972313">
      <ele>558.2</ele>
    </trkpt>
    <trkpt lat="42.065255" lon="-1.971908">
      <ele>557.7</ele>
    </trkpt>
    <trkpt lat="42.064738" lon="-1.970945">
      <ele>557.1</ele>
    </trkpt>
    <trkpt lat="42.064477" lon="-1.970385">
      <ele>556.9</ele>
    </trkpt>
    <trkpt lat="42.064364" lon="-1.97001">
      <ele>556.7</ele>
    </trkpt>
    <trkpt lat="42.06418" lon="-1.968496">
      <ele>555.2</ele>
    </trkpt>
    <trkpt lat="42.064022" lon="-1.963966">
      <ele>543.4</ele>
    </trkpt>
    <trkpt lat="42.06379" lon="-1.962885">
      <ele>539</ele>
    </trkpt>
    <trkpt lat="42.063363" lon="-1.962114">
      <ele>534.9</ele>
    </trkpt>
    <trkpt lat="42.06285" lon="-1.961329">
      <ele>530.9</ele>
    </trkpt>
    <trkpt lat="42.062364" lon="-1.960878">
      <ele>528.5</ele>
    </trkpt>
    <trkpt lat="42.061217" lon="-1.960117">
      <ele>524.7</ele>
    </trkpt>
    <trkpt lat="42.060733" lon="-1.959611">
      <ele>523.2</ele>
    </trkpt>
    <trkpt lat="42.059801" lon="-1.95827">
      <ele>519.9</ele>
    </trkpt>
    <trkpt lat="42.058835" lon="-1.954237">
      <ele>511.9</ele>
    </trkpt>
    <trkpt lat="42.058501" lon="-1.953046">
      <ele>509</ele>
    </trkpt>
    <trkpt lat="42.057211" lon="-1.949853">
      <ele>498.9</ele>
    </trkpt>
    <trkpt lat="42.057013" lon="-1.949599">
      <ele>497.8</ele>
    </trkpt>
    <trkpt lat="42.056456" lon="-1.949063">
      <ele>495.4</ele>
    </trkpt>
    <trkpt lat="42.056127" lon="-1.94878">
      <ele>494.2</ele>
    </trkpt>
    <trkpt lat="42.055777" lon="-1.948336">
      <ele>493.1</ele>
    </trkpt>
    <trkpt lat="42.055496" lon="-1.947804">
      <ele>492.4</ele>
    </trkpt>
    <trkpt lat="42.054714" lon="-1.946164">
      <ele>491.7</ele>
    </trkpt>
    <trkpt lat="42.054513" lon="-1.94564">
      <ele>491.4</ele>
    </trkpt>
    <trkpt lat="42.054327" lon="-1.945046">
      <ele>490.9</ele>
    </trkpt>
    <trkpt lat="42.054075" lon="-1.943813">
      <ele>489.4</ele>
    </trkpt>
    <trkpt lat="42.053991" lon="-1.943402">
      <ele>488.9</ele>
    </trkpt>
    <trkpt lat="42.052882" lon="-1.938109">
      <ele>488</ele>
    </trkpt>
    <trkpt lat="42.052725" lon="-1.935818">
      <ele>485.3</ele>
    </trkpt>
    <trkpt lat="42.052034" lon="-1.93279">
      <ele>478.5</ele>
    </trkpt>
    <trkpt lat="42.05092" lon="-1.930232">
      <ele>472.4</ele>
    </trkpt>
    <trkpt lat="42.050685" lon="-1.929416">
      <ele>470.9</ele>
    </trkpt>
    <trkpt lat="42.050669" lon="-1.928522">
      <ele>469.7</ele>
    </trkpt>
    <trkpt lat="42.050123" lon="-1.926471">
      <ele>466.1</ele>
    </trkpt>
    <trkpt lat="42.049957" lon="-1.925962">
      <ele>465.1</ele>
    </trkpt>
    <trkpt lat="42.049905" lon="-1.92582">
      <ele>464.8</ele>
    </trkpt>
    <trkpt lat="42.049907" lon="-1.925566">
      <ele>464.4</ele>
    </trkpt>
    <trkpt lat="42.049893" lon="-1.925371">
      <ele>464.1</ele>
    </trkpt>
    <trkpt lat="42.049909" lon="-1.924979">
      <ele>463.5</ele>
    </trkpt>
    <trkpt lat="42.049936" lon="-1.92481">
      <ele>463.2</ele>
    </trkpt>
    <trkpt lat="42.05002" lon="-1.920483">
      <ele>460</ele>
    </trkpt>
    <trkpt lat="42.050115" lon="-1.920012">
      <ele>459.6</ele>
    </trkpt>
    <trkpt lat="42.050225" lon="-1.919625">
      <ele>459.3</ele>
    </trkpt>
    <trkpt lat="42.050626" lon="-1.918781">
      <ele>458.6</ele>
    </trkpt>
    <trkpt lat="42.050846" lon="-1.918243">
      <ele>458.1</ele>
    </trkpt>
    <trkpt lat="42.051102" lon="-1.917263">
      <ele>457.2</ele>
    </trkpt>
    <trkpt lat="42.051414" lon="-1.916384">
      <ele>456.3</ele>
    </trkpt>
    <trkpt lat="42.051607" lon="-1.915966">
      <ele>456</ele>
    </trkpt>
    <trkpt lat="42.051802" lon="-1.915623">
      <ele>455.7</ele>
    </trkpt>
    <trkpt lat="42.052228" lon="-1.915065">
      <ele>455.2</ele>
    </trkpt>
    <trkpt lat="42.052673" lon="-1.914308">
      <ele>454.5</ele>
    </trkpt>
    <trkpt lat="42.052971" lon="-1.913521">
      <ele>453.9</ele>
    </trkpt>
    <trkpt lat="42.052998" lon="-1.913352">
      <ele>453.8</ele>
    </trkpt>
    <trkpt lat="42.053068" lon="-1.913208">
      <ele>453.7</ele>
    </trkpt>
    <trkpt lat="42.053198" lon="-1.913087">
      <ele>453.7</ele>
    </trkpt>
    <trkpt lat="42.05352" lon="-1.912724">
      <ele>453.7</ele>
    </trkpt>
    <trkpt lat="42.053908" lon="-1.912146">
      <ele>454</ele>
    </trkpt>
    <trkpt lat="42.054159" lon="-1.911691">
      <ele>454.3</ele>
    </trkpt>
    <trkpt lat="42.054645" lon="-1.911122">
      <ele>454.5</ele>
    </trkpt>
    <trkpt lat="42.055119" lon="-1.910689">
      <ele>454.6</ele>
    </trkpt>
    <trkpt lat="42.055692" lon="-1.909993">
      <ele>454.5</ele>
    </trkpt>
    <trkpt lat="42.055935" lon="-1.909648">
      <ele>454.5</ele>
    </trkpt>
    <trkpt lat="42.056109" lon="-1.909301">
      <ele>454.4</ele>
    </trkpt>
    <trkpt lat="42.056238" lon="-1.908904">
      <ele>454.1</ele>
    </trkpt>
    <trkpt lat="42.056283" lon="-1.908742">
      <ele>454</ele>
    </trkpt>
    <trkpt lat="42.056447" lon="-1.908141">
      <ele>453.6</ele>
    </trkpt>
    <trkpt lat="42.056467" lon="-1.908063">
      <ele>453.5</ele>
    </trkpt>
    <trkpt lat="42.056487" lon="-1.907992">
      <ele>453.5</ele>
    </trkpt>
    <trkpt lat="42.056577" lon="-1.90766">
      <ele>453.3</ele>
    </trkpt>
    <trkpt lat="42.056608" lon="-1.907555">
      <ele>453.2</ele>
    </trkpt>
    <trkpt lat="42.056643" lon="-1.907411">
      <ele>453.1</ele>
    </trkpt>
    <trkpt lat="42.056664" lon="-1.907306">
      <ele>453</ele>
    </trkpt>
    <trkpt lat="42.056679" lon="-1.907204">
      <ele>452.9</ele>
    </trkpt>
    <trkpt lat="42.05668" lon="-1.906525">
      <ele>452.3</ele>
    </trkpt>
    <trkpt lat="42.056706" lon="-1.906351">
      <ele>452.2</ele>
    </trkpt>
    <trkpt lat="42.056856" lon="-1.905747">
      <ele>451.8</ele>
    </trkpt>
    <trkpt lat="42.057043" lon="-1.904799">
      <ele>451.6</ele>
    </trkpt>
    <trkpt lat="42.057062" lon="-1.904698">
      <ele>451.5</ele>
    </trkpt>
    <trkpt lat="42.057305" lon="-1.903418">
      <ele>451.4</ele>
    </trkpt>
    <trkpt lat="42.057571" lon="-1.902292">
      <ele>451</ele>
    </trkpt>
    <trkpt lat="42.057697" lon="-1.901217">
      <ele>449.9</ele>
    </trkpt>
    <trkpt lat="42.057872" lon="-1.900426">
      <ele>449.8</ele>
    </trkpt>
    <trkpt lat="42.057963" lon="-1.900036">
      <ele>449.8</ele>
    </trkpt>
    <trkpt lat="42.058004" lon="-1.899645">
      <ele>449.7</ele>
    </trkpt>
    <trkpt lat="42.05799" lon="-1.898957">
      <ele>449.7</ele>
    </trkpt>
    <trkpt lat="42.057949" lon="-1.898106">
      <ele>449.8</ele>
    </trkpt>
    <trkpt lat="42.057882" lon="-1.897682">
      <ele>449.7</ele>
    </trkpt>
    <trkpt lat="42.057572" lon="-1.896794">
      <ele>449.8</ele>
    </trkpt>
    <trkpt lat="42.057403" lon="-1.896289">
      <ele>450.2</ele>
    </trkpt>
    <trkpt lat="42.057283" lon="-1.895804">
      <ele>450.6</ele>
    </trkpt>
    <trkpt lat="42.05719" lon="-1.895227">
      <ele>450.9</ele>
    </trkpt>
    <trkpt lat="42.057136" lon="-1.894533">
      <ele>451</ele>
    </trkpt>
    <trkpt lat="42.057086" lon="-1.893086">
      <ele>450</ele>
    </trkpt>
    <trkpt lat="42.05705" lon="-1.892351">
      <ele>449.3</ele>
    </trkpt>
    <trkpt lat="42.057011" lon="-1.891999">
      <ele>449.1</ele>
    </trkpt>
    <trkpt lat="42.056884" lon="-1.891262">
      <ele>449</ele>
    </trkpt>
    <trkpt lat="42.05678" lon="-1.890823">
      <ele>449.1</ele>
    </trkpt>
    <trkpt lat="42.056536" lon="-1.889899">
      <ele>449.7</ele>
    </trkpt>
    <trkpt lat="42.056416" lon="-1.889318">
      <ele>450</ele>
    </trkpt>
    <trkpt lat="42.056111" lon="-1.88675">
      <ele>448.4</ele>
    </trkpt>
    <trkpt lat="42.056043" lon="-1.886077">
      <ele>447.3</ele>
    </trkpt>
    <trkpt lat="42.056009" lon="-1.885422">
      <ele>446.3</ele>
    </trkpt>
    <trkpt lat="42.056035" lon="-1.884682">
      <ele>445.5</ele>
    </trkpt>
    <trkpt lat="42.056117" lon="-1.883772">
      <ele>445.3</ele>
    </trkpt>
    <trkpt lat="42.056146" lon="-1.883182">
      <ele>445.5</ele>
    </trkpt>
    <trkpt lat="42.056134" lon="-1.882896">
      <ele>445.6</ele>
    </trkpt>
    <trkpt lat="42.056051" lon="-1.882254">
      <ele>445.8</ele>
    </trkpt>
    <trkpt lat="42.055785" lon="-1.88113">
      <ele>445.7</ele>
    </trkpt>
    <trkpt lat="42.05563" lon="-1.880257">
      <ele>445.3</ele>
    </trkpt>
    <trkpt lat="42.055567" lon="-1.879571">
      <ele>444.8</ele>
    </trkpt>
    <trkpt lat="42.055605" lon="-1.878936">
      <ele>444.4</ele>
    </trkpt>
    <trkpt lat="42.055716" lon="-1.878396">
      <ele>444.1</ele>
    </trkpt>
    <trkpt lat="42.056243" lon="-1.876937">
      <ele>444</ele>
    </trkpt>
    <trkpt lat="42.056367" lon="-1.876432">
      <ele>444.2</ele>
    </trkpt>
    <trkpt lat="42.056423" lon="-1.875893">
      <ele>444.6</ele>
    </trkpt>
    <trkpt lat="42.056404" lon="-1.874808">
      <ele>445.3</ele>
    </trkpt>
    <trkpt lat="42.056461" lon="-1.874346">
      <ele>445.4</ele>
    </trkpt>
    <trkpt lat="42.056533" lon="-1.874058">
      <ele>445.3</ele>
    </trkpt>
    <trkpt lat="42.056929" lon="-1.873088">
      <ele>444.8</ele>
    </trkpt>
    <trkpt lat="42.057002" lon="-1.87282">
      <ele>444.6</ele>
    </trkpt>
    <trkpt lat="42.057066" lon="-1.872394">
      <ele>444.2</ele>
    </trkpt>
    <trkpt lat="42.05708" lon="-1.871222">
      <ele>443.4</ele>
    </trkpt>
    <trkpt lat="42.057047" lon="-1.870644">
      <ele>443.2</ele>
    </trkpt>
    <trkpt lat="42.056966" lon="-1.870271">
      <ele>443.1</ele>
    </trkpt>
    <trkpt lat="42.057032" lon="-1.870205">
      <ele>443.2</ele>
    </trkpt>
    <trkpt lat="42.057051" lon="-1.87004">
      <ele>443.1</ele>
    </trkpt>
    <trkpt lat="42.057052" lon="-1.869444">
      <ele>443.1</ele>
    </trkpt>
    <trkpt lat="42.057119" lon="-1.869005">
      <ele>443.1</ele>
    </trkpt>
    <trkpt lat="42.057292" lon="-1.86848">
      <ele>443.3</ele>
    </trkpt>
    <trkpt lat="42.057521" lon="-1.867981">
      <ele>443.3</ele>
    </trkpt>
    <trkpt lat="42.057895" lon="-1.867449">
      <ele>443.5</ele>
    </trkpt>
    <trkpt lat="42.05798" lon="-1.867179">
      <ele>443.5</ele>
    </trkpt>
    <trkpt lat="42.058059" lon="-1.866598">
      <ele>443.8</ele>
    </trkpt>
    <trkpt lat="42.058136" lon="-1.866204">
      <ele>443.9</ele>
    </trkpt>
    <trkpt lat="42.058231" lon="-1.865721">
      <ele>444.2</ele>
    </trkpt>
    <trkpt lat="42.058424" lon="-1.865239">
      <ele>444.3</ele>
    </trkpt>
    <trkpt lat="42.058542" lon="-1.865014">
      <ele>444.4</ele>
    </trkpt>
    <trkpt lat="42.058637" lon="-1.864834">
      <ele>444.4</ele>
    </trkpt>
    <trkpt lat="42.059129" lon="-1.864122">
      <ele>444.1</ele>
    </trkpt>
    <trkpt lat="42.059735" lon="-1.863442">
      <ele>443.3</ele>
    </trkpt>
    <trkpt lat="42.059919" lon="-1.863268">
      <ele>442.8</ele>
    </trkpt>
    <trkpt lat="42.059991" lon="-1.863163">
      <ele>442.6</ele>
    </trkpt>
    <trkpt lat="42.060078" lon="-1.862926">
      <ele>442.1</ele>
    </trkpt>
    <trkpt lat="42.060124" lon="-1.862597">
      <ele>441.4</ele>
    </trkpt>
    <trkpt lat="42.060036" lon="-1.862518">
      <ele>441.1</ele>
    </trkpt>
    <trkpt lat="42.059983" lon="-1.862466">
      <ele>440.9</ele>
    </trkpt>
    <trkpt lat="42.059306" lon="-1.86199">
      <ele>438.3</ele>
    </trkpt>
    <trkpt lat="42.059086" lon="-1.861694">
      <ele>437</ele>
    </trkpt>
    <trkpt lat="42.058905" lon="-1.86133">
      <ele>435.5</ele>
    </trkpt>
    <trkpt lat="42.058718" lon="-1.861132">
      <ele>434.5</ele>
    </trkpt>
    <trkpt lat="42.058184" lon="-1.860781">
      <ele>432.3</ele>
    </trkpt>
    <trkpt lat="42.058139" lon="-1.860666">
      <ele>432</ele>
    </trkpt>
    <trkpt lat="42.058097" lon="-1.860126">
      <ele>430.8</ele>
    </trkpt>
    <trkpt lat="42.057991" lon="-1.859501">
      <ele>429.8</ele>
    </trkpt>
    <trkpt lat="42.057499" lon="-1.859411">
      <ele>429.8</ele>
    </trkpt>
    <trkpt lat="42.057991" lon="-1.859501">
      <ele>430.5</ele>
    </trkpt>
    <trkpt lat="42.058967" lon="-1.859757">
      <ele>433.5</ele>
    </trkpt>
    <trkpt lat="42.059128" lon="-1.859747">
      <ele>434.1</ele>
    </trkpt>
    <trkpt lat="42.059847" lon="-1.859593">
      <ele>436.7</ele>
    </trkpt>
    <trkpt lat="42.060432" lon="-1.859461">
      <ele>438.4</ele>
    </trkpt>
    <trkpt lat="42.06063" lon="-1.859344">
      <ele>439</ele>
    </trkpt>
    <trkpt lat="42.060718" lon="-1.859239">
      <ele>439.3</ele>
    </trkpt>
    <trkpt lat="42.06077" lon="-1.859139">
      <ele>439.6</ele>
    </trkpt>
    <trkpt lat="42.060883" lon="-1.858727">
      <ele>440.5</ele>
    </trkpt>
    <trkpt lat="42.060978" lon="-1.858491">
      <ele>441</ele>
    </trkpt>
    <trkpt lat="42.06121" lon="-1.858259">
      <ele>441.8</ele>
    </trkpt>
    <trkpt lat="42.061528" lon="-1.858019">
      <ele>442.6</ele>
    </trkpt>
    <trkpt lat="42.061573" lon="-1.857979">
      <ele>442.6</ele>
    </trkpt>
    <trkpt lat="42.061842" lon="-1.857628">
      <ele>443.5</ele>
    </trkpt>
    <trkpt lat="42.061908" lon="-1.857539">
      <ele>443.7</ele>
    </trkpt>
    <trkpt lat="42.062401" lon="-1.856728">
      <ele>445.4</ele>
    </trkpt>
    <trkpt lat="42.062777" lon="-1.856108">
      <ele>446.4</ele>
    </trkpt>
    <trkpt lat="42.06308" lon="-1.855556">
      <ele>446.8</ele>
    </trkpt>
    <trkpt lat="42.06324" lon="-1.854973">
      <ele>446.7</ele>
    </trkpt>
    <trkpt lat="42.063597" lon="-1.853544">
      <ele>444.5</ele>
    </trkpt>
    <trkpt lat="42.063781" lon="-1.852976">
      <ele>443.5</ele>
    </trkpt>
    <trkpt lat="42.064012" lon="-1.852392">
      <ele>442.5</ele>
    </trkpt>
    <trkpt lat="42.064315" lon="-1.851758">
      <ele>441.4</ele>
    </trkpt>
    <trkpt lat="42.064538" lon="-1.851292">
      <ele>440.4</ele>
    </trkpt>
    <trkpt lat="42.064622" lon="-1.851115">
      <ele>439.9</ele>
    </trkpt>
    <trkpt lat="42.064841" lon="-1.850656">
      <ele>438.6</ele>
    </trkpt>
    <trkpt lat="42.065103" lon="-1.850183">
      <ele>437.1</ele>
    </trkpt>
    <trkpt lat="42.065272" lon="-1.849933">
      <ele>436.3</ele>
    </trkpt>
    <trkpt lat="42.066045" lon="-1.848784">
      <ele>433.4</ele>
    </trkpt>
    <trkpt lat="42.066212" lon="-1.848499">
      <ele>432.9</ele>
    </trkpt>
    <trkpt lat="42.066519" lon="-1.847817">
      <ele>431.9</ele>
    </trkpt>
    <trkpt lat="42.066698" lon="-1.847328">
      <ele>431.2</ele>
    </trkpt>
    <trkpt lat="42.067075" lon="-1.846038">
      <ele>429.3</ele>
    </trkpt>
    <trkpt lat="42.067214" lon="-1.845579">
      <ele>428.9</ele>
    </trkpt>
    <trkpt lat="42.067475" lon="-1.844917">
      <ele>428.4</ele>
    </trkpt>
    <trkpt lat="42.067632" lon="-1.844592">
      <ele>428.3</ele>
    </trkpt>
    <trkpt lat="42.067968" lon="-1.844036">
      <ele>428.2</ele>
    </trkpt>
    <trkpt lat="42.068978" lon="-1.842552">
      <ele>427.7</ele>
    </trkpt>
    <trkpt lat="42.06939" lon="-1.841951">
      <ele>427.1</ele>
    </trkpt>
    <trkpt lat="42.069942" lon="-1.841211">
      <ele>425.8</ele>
    </trkpt>
    <trkpt lat="42.070602" lon="-1.840473">
      <ele>424</ele>
    </trkpt>
    <trkpt lat="42.070922" lon="-1.84016">
      <ele>422.9</ele>
    </trkpt>
    <trkpt lat="42.071278" lon="-1.839922">
      <ele>421.6</ele>
    </trkpt>
    <trkpt lat="42.071706" lon="-1.839637">
      <ele>420.1</ele>
    </trkpt>
    <trkpt lat="42.072057" lon="-1.839359">
      <ele>418.7</ele>
    </trkpt>
    <trkpt lat="42.072319" lon="-1.839081">
      <ele>417.6</ele>
    </trkpt>
    <trkpt lat="42.072593" lon="-1.838692">
      <ele>416.4</ele>
    </trkpt>
    <trkpt lat="42.074828" lon="-1.835169">
      <ele>408.6</ele>
    </trkpt>
    <trkpt lat="42.075183" lon="-1.834505">
      <ele>407</ele>
    </trkpt>
    <trkpt lat="42.07533" lon="-1.834202">
      <ele>406.3</ele>
    </trkpt>
    <trkpt lat="42.075698" lon="-1.833332">
      <ele>404.8</ele>
    </trkpt>
    <trkpt lat="42.076736" lon="-1.830875">
      <ele>403.3</ele>
    </trkpt>
    <trkpt lat="42.07716" lon="-1.830039">
      <ele>403.3</ele>
    </trkpt>
    <trkpt lat="42.078087" lon="-1.828698">
      <ele>403.4</ele>
    </trkpt>
    <trkpt lat="42.07897" lon="-1.827445">
      <ele>403.7</ele>
    </trkpt>
    <trkpt lat="42.079772" lon="-1.826307">
      <ele>403.3</ele>
    </trkpt>
    <trkpt lat="42.079876" lon="-1.82616">
      <ele>403.4</ele>
    </trkpt>
    <trkpt lat="42.080286" lon="-1.825578">
      <ele>403.5</ele>
    </trkpt>
    <trkpt lat="42.080666" lon="-1.825">
      <ele>403.4</ele>
    </trkpt>
    <trkpt lat="42.080921" lon="-1.824582">
      <ele>403.5</ele>
    </trkpt>
    <trkpt lat="42.083494" lon="-1.819908">
      <ele>398.4</ele>
    </trkpt>
    <trkpt lat="42.083602" lon="-1.819711">
      <ele>398</ele>
    </trkpt>
    <trkpt lat="42.083851" lon="-1.819259">
      <ele>396.7</ele>
    </trkpt>
    <trkpt lat="42.08421" lon="-1.818556">
      <ele>394.2</ele>
    </trkpt>
    <trkpt lat="42.08428" lon="-1.81847">
      <ele>393.9</ele>
    </trkpt>
    <trkpt lat="42.08437" lon="-1.81821">
      <ele>393.2</ele>
    </trkpt>
    <trkpt lat="42.084421" lon="-1.817949">
      <ele>392.7</ele>
    </trkpt>
    <trkpt lat="42.084415" lon="-1.817503">
      <ele>391.8</ele>
    </trkpt>
    <trkpt lat="42.084431" lon="-1.817396">
      <ele>391.7</ele>
    </trkpt>
    <trkpt lat="42.084487" lon="-1.817322">
      <ele>391.5</ele>
    </trkpt>
    <trkpt lat="42.084668" lon="-1.817244">
      <ele>391.2</ele>
    </trkpt>
    <trkpt lat="42.084738" lon="-1.817258">
      <ele>391</ele>
    </trkpt>
    <trkpt lat="42.085376" lon="-1.816646">
      <ele>390.5</ele>
    </trkpt>
    <trkpt lat="42.085559" lon="-1.816539">
      <ele>390.4</ele>
    </trkpt>
    <trkpt lat="42.086049" lon="-1.816329">
      <ele>389.5</ele>
    </trkpt>
    <trkpt lat="42.086317" lon="-1.816178">
      <ele>388.9</ele>
    </trkpt>
    <trkpt lat="42.086722" lon="-1.815782">
      <ele>387.6</ele>
    </trkpt>
    <trkpt lat="42.087852" lon="-1.814318">
      <ele>385.5</ele>
    </trkpt>
    <trkpt lat="42.087986" lon="-1.814184">
      <ele>385.6</ele>
    </trkpt>
    <trkpt lat="42.088144" lon="-1.814043">
      <ele>385.8</ele>
    </trkpt>
    <trkpt lat="42.088831" lon="-1.813653">
      <ele>386.7</ele>
    </trkpt>
    <trkpt lat="42.08888" lon="-1.81362">
      <ele>386.8</ele>
    </trkpt>
    <trkpt lat="42.089019" lon="-1.813522">
      <ele>387</ele>
    </trkpt>
    <trkpt lat="42.089157" lon="-1.813379">
      <ele>387.2</ele>
    </trkpt>
    <trkpt lat="42.090597" lon="-1.811324">
      <ele>385.1</ele>
    </trkpt>
    <trkpt lat="42.090938" lon="-1.810951">
      <ele>384.3</ele>
    </trkpt>
    <trkpt lat="42.091137" lon="-1.810761">
      <ele>383.8</ele>
    </trkpt>
    <trkpt lat="42.091523" lon="-1.810472">
      <ele>382.9</ele>
    </trkpt>
    <trkpt lat="42.093037" lon="-1.809543">
      <ele>379.8</ele>
    </trkpt>
    <trkpt lat="42.093743" lon="-1.809108">
      <ele>378.9</ele>
    </trkpt>
    <trkpt lat="42.093928" lon="-1.808923">
      <ele>378.8</ele>
    </trkpt>
    <trkpt lat="42.094209" lon="-1.808493">
      <ele>378.4</ele>
    </trkpt>
    <trkpt lat="42.094426" lon="-1.808232">
      <ele>378.2</ele>
    </trkpt>
    <trkpt lat="42.094719" lon="-1.807975">
      <ele>378</ele>
    </trkpt>
    <trkpt lat="42.095012" lon="-1.807767">
      <ele>377.8</ele>
    </trkpt>
    <trkpt lat="42.095232" lon="-1.807612">
      <ele>377.5</ele>
    </trkpt>
    <trkpt lat="42.09536" lon="-1.807522">
      <ele>377.4</ele>
    </trkpt>
    <trkpt lat="42.095404" lon="-1.807492">
      <ele>377.3</ele>
    </trkpt>
    <trkpt lat="42.096291" lon="-1.806873">
      <ele>376.7</ele>
    </trkpt>
    <trkpt lat="42.096439" lon="-1.806741">
      <ele>376.6</ele>
    </trkpt>
    <trkpt lat="42.096734" lon="-1.806454">
      <ele>376.5</ele>
    </trkpt>
    <trkpt lat="42.097558" lon="-1.805428">
      <ele>377</ele>
    </trkpt>
    <trkpt lat="42.097818" lon="-1.805189">
      <ele>377.2</ele>
    </trkpt>
    <trkpt lat="42.098" lon="-1.805084">
      <ele>377.3</ele>
    </trkpt>
    <trkpt lat="42.098299" lon="-1.804971">
      <ele>377.4</ele>
    </trkpt>
    <trkpt lat="42.098476" lon="-1.804904">
      <ele>377.6</ele>
    </trkpt>
    <trkpt lat="42.099158" lon="-1.804645">
      <ele>378.6</ele>
    </trkpt>
    <trkpt lat="42.099692" lon="-1.804443">
      <ele>379.7</ele>
    </trkpt>
    <trkpt lat="42.101074" lon="-1.803919">
      <ele>383.1</ele>
    </trkpt>
    <trkpt lat="42.101379" lon="-1.803795">
      <ele>383.6</ele>
    </trkpt>
    <trkpt lat="42.102264" lon="-1.803274">
      <ele>383.7</ele>
    </trkpt>
    <trkpt lat="42.102744" lon="-1.803">
      <ele>383.4</ele>
    </trkpt>
    <trkpt lat="42.102904" lon="-1.802913">
      <ele>383.3</ele>
    </trkpt>
    <trkpt lat="42.10472" lon="-1.801845">
      <ele>383.8</ele>
    </trkpt>
    <trkpt lat="42.104818" lon="-1.801787">
      <ele>383.9</ele>
    </trkpt>
    <trkpt lat="42.105401" lon="-1.80143">
      <ele>384.3</ele>
    </trkpt>
    <trkpt lat="42.105737" lon="-1.801268">
      <ele>384.4</ele>
    </trkpt>
    <trkpt lat="42.109172" lon="-1.799753">
      <ele>384.2</ele>
    </trkpt>
    <trkpt lat="42.110875" lon="-1.798988">
      <ele>383.2</ele>
    </trkpt>
    <trkpt lat="42.111112" lon="-1.79889">
      <ele>383</ele>
    </trkpt>
    <trkpt lat="42.111147" lon="-1.798866">
      <ele>383</ele>
    </trkpt>
    <trkpt lat="42.111218" lon="-1.798876">
      <ele>383</ele>
    </trkpt>
    <trkpt lat="42.111326" lon="-1.798752">
      <ele>382.9</ele>
    </trkpt>
    <trkpt lat="42.111402" lon="-1.798596">
      <ele>382.8</ele>
    </trkpt>
    <trkpt lat="42.111449" lon="-1.798674">
      <ele>382.8</ele>
    </trkpt>
    <trkpt lat="42.11156" lon="-1.798641">
      <ele>382.7</ele>
    </trkpt>
    <trkpt lat="42.112841" lon="-1.798069">
      <ele>382.3</ele>
    </trkpt>
    <trkpt lat="42.112901" lon="-1.797999">
      <ele>382.3</ele>
    </trkpt>
    <trkpt lat="42.112986" lon="-1.798004">
      <ele>382.2</ele>
    </trkpt>
    <trkpt lat="42.114027" lon="-1.79754">
      <ele>381.9</ele>
    </trkpt>
    <trkpt lat="42.114145" lon="-1.797488">
      <ele>381.8</ele>
    </trkpt>
    <trkpt lat="42.114235" lon="-1.797405">
      <ele>381.8</ele>
    </trkpt>
    <trkpt lat="42.114329" lon="-1.79741">
      <ele>381.8</ele>
    </trkpt>
    <trkpt lat="42.114514" lon="-1.797327">
      <ele>381.7</ele>
    </trkpt>
    <trkpt lat="42.115748" lon="-1.796781">
      <ele>381</ele>
    </trkpt>
    <trkpt lat="42.115872" lon="-1.796684">
      <ele>380.9</ele>
    </trkpt>
    <trkpt lat="42.115905" lon="-1.796666">
      <ele>380.9</ele>
    </trkpt>
    <trkpt lat="42.115948" lon="-1.796692">
      <ele>380.9</ele>
    </trkpt>
    <trkpt lat="42.116412" lon="-1.796488">
      <ele>380.6</ele>
    </trkpt>
    <trkpt lat="42.116616" lon="-1.796377">
      <ele>380.5</ele>
    </trkpt>
    <trkpt lat="42.116847" lon="-1.796293">
      <ele>380.3</ele>
    </trkpt>
    <trkpt lat="42.117298" lon="-1.796091">
      <ele>380.1</ele>
    </trkpt>
    <trkpt lat="42.117314" lon="-1.796051">
      <ele>380.1</ele>
    </trkpt>
    <trkpt lat="42.117356" lon="-1.796031">
      <ele>380.1</ele>
    </trkpt>
    <trkpt lat="42.117446" lon="-1.796029">
      <ele>380</ele>
    </trkpt>
    <trkpt lat="42.118695" lon="-1.795479">
      <ele>379.2</ele>
    </trkpt>
    <trkpt lat="42.118702" lon="-1.795522">
      <ele>379.1</ele>
    </trkpt>
    <trkpt lat="42.11911" lon="-1.795319">
      <ele>378.3</ele>
    </trkpt>
    <trkpt lat="42.119143" lon="-1.79526">
      <ele>378.2</ele>
    </trkpt>
    <trkpt lat="42.119207" lon="-1.79522">
      <ele>378</ele>
    </trkpt>
    <trkpt lat="42.119282" lon="-1.795275">
      <ele>377.8</ele>
    </trkpt>
    <trkpt lat="42.119418" lon="-1.795163">
      <ele>377.4</ele>
    </trkpt>
    <trkpt lat="42.119829" lon="-1.794831">
      <ele>376</ele>
    </trkpt>
    <trkpt lat="42.120276" lon="-1.794517">
      <ele>374.1</ele>
    </trkpt>
    <trkpt lat="42.122239" lon="-1.79295">
      <ele>367.8</ele>
    </trkpt>
    <trkpt lat="42.122392" lon="-1.793002">
      <ele>367.7</ele>
    </trkpt>
    <trkpt lat="42.122535" lon="-1.793148">
      <ele>367.6</ele>
    </trkpt>
    <trkpt lat="42.122636" lon="-1.793484">
      <ele>367.6</ele>
    </trkpt>
    <trkpt lat="42.122722" lon="-1.794061">
      <ele>367.9</ele>
    </trkpt>
    <trkpt lat="42.122899" lon="-1.794345">
      <ele>368.1</ele>
    </trkpt>
    <trkpt lat="42.122892" lon="-1.794525">
      <ele>368.1</ele>
    </trkpt>
    <trkpt lat="42.122899" lon="-1.794345">
      <ele>368.1</ele>
    </trkpt>
    <trkpt lat="42.122722" lon="-1.794061">
      <ele>367.9</ele>
    </trkpt>
    <trkpt lat="42.122636" lon="-1.793484">
      <ele>367.6</ele>
    </trkpt>
    <trkpt lat="42.122535" lon="-1.793148">
      <ele>367.6</ele>
    </trkpt>
    <trkpt lat="42.122392" lon="-1.793002">
      <ele>367.7</ele>
    </trkpt>
    <trkpt lat="42.122239" lon="-1.79295">
      <ele>367.8</ele>
    </trkpt>
    <trkpt lat="42.120276" lon="-1.794517">
      <ele>374.1</ele>
    </trkpt>
    <trkpt lat="42.119829" lon="-1.794831">
      <ele>375.9</ele>
    </trkpt>
    <trkpt lat="42.119418" lon="-1.795163">
      <ele>377.3</ele>
    </trkpt>
    <trkpt lat="42.119282" lon="-1.795275">
      <ele>377.7</ele>
    </trkpt>
    <trkpt lat="42.119296" lon="-1.795342">
      <ele>377.8</ele>
    </trkpt>
    <trkpt lat="42.119259" lon="-1.795436">
      <ele>377.9</ele>
    </trkpt>
    <trkpt lat="42.119181" lon="-1.795452">
      <ele>378</ele>
    </trkpt>
    <trkpt lat="42.119133" lon="-1.795407">
      <ele>378.1</ele>
    </trkpt>
    <trkpt lat="42.11911" lon="-1.795319">
      <ele>378.2</ele>
    </trkpt>
    <trkpt lat="42.119143" lon="-1.79526">
      <ele>378.3</ele>
    </trkpt>
    <trkpt lat="42.119007" lon="-1.795104">
      <ele>378.4</ele>
    </trkpt>
    <trkpt lat="42.118724" lon="-1.794823">
      <ele>378.5</ele>
    </trkpt>
    <trkpt lat="42.118647" lon="-1.794747">
      <ele>378.5</ele>
    </trkpt>
    <trkpt lat="42.118623" lon="-1.794788">
      <ele>378.5</ele>
    </trkpt>
    <trkpt lat="42.118224" lon="-1.794399">
      <ele>378.3</ele>
    </trkpt>
    <trkpt lat="42.118087" lon="-1.794267">
      <ele>378.2</ele>
    </trkpt>
    <trkpt lat="42.117987" lon="-1.794166">
      <ele>378.1</ele>
    </trkpt>
    <trkpt lat="42.11781" lon="-1.79398">
      <ele>378</ele>
    </trkpt>
    <trkpt lat="42.117703" lon="-1.793801">
      <ele>378</ele>
    </trkpt>
    <trkpt lat="42.117504" lon="-1.793369">
      <ele>378</ele>
    </trkpt>
    <trkpt lat="42.117202" lon="-1.792784">
      <ele>378.3</ele>
    </trkpt>
    <trkpt lat="42.117069" lon="-1.792538">
      <ele>378.3</ele>
    </trkpt>
    <trkpt lat="42.116972" lon="-1.792356">
      <ele>378.3</ele>
    </trkpt>
    <trkpt lat="42.116837" lon="-1.792104">
      <ele>378.3</ele>
    </trkpt>
    <trkpt lat="42.116709" lon="-1.791859">
      <ele>378.3</ele>
    </trkpt>
    <trkpt lat="42.116696" lon="-1.791836">
      <ele>378.3</ele>
    </trkpt>
    <trkpt lat="42.116436" lon="-1.791357">
      <ele>378.2</ele>
    </trkpt>
    <trkpt lat="42.116301" lon="-1.791106">
      <ele>378.1</ele>
    </trkpt>
    <trkpt lat="42.115966" lon="-1.79048">
      <ele>377.8</ele>
    </trkpt>
    <trkpt lat="42.115588" lon="-1.789773">
      <ele>378.2</ele>
    </trkpt>
    <trkpt lat="42.115465" lon="-1.789547">
      <ele>378.4</ele>
    </trkpt>
    <trkpt lat="42.11534" lon="-1.789467">
      <ele>378.5</ele>
    </trkpt>
    <trkpt lat="42.11524" lon="-1.789325">
      <ele>378.7</ele>
    </trkpt>
    <trkpt lat="42.115196" lon="-1.789072">
      <ele>378.8</ele>
    </trkpt>
    <trkpt lat="42.115058" lon="-1.788351">
      <ele>379.3</ele>
    </trkpt>
    <trkpt lat="42.114931" lon="-1.787516">
      <ele>379.6</ele>
    </trkpt>
    <trkpt lat="42.114846" lon="-1.787494">
      <ele>379.6</ele>
    </trkpt>
    <trkpt lat="42.114815" lon="-1.787384">
      <ele>379.5</ele>
    </trkpt>
    <trkpt lat="42.114848" lon="-1.787308">
      <ele>379.5</ele>
    </trkpt>
    <trkpt lat="42.114808" lon="-1.787233">
      <ele>379.4</ele>
    </trkpt>
    <trkpt lat="42.114761" lon="-1.786511">
      <ele>378.6</ele>
    </trkpt>
    <trkpt lat="42.114699" lon="-1.786326">
      <ele>378.3</ele>
    </trkpt>
    <trkpt lat="42.114673" lon="-1.786195">
      <ele>378</ele>
    </trkpt>
    <trkpt lat="42.114167" lon="-1.786037">
      <ele>376.4</ele>
    </trkpt>
    <trkpt lat="42.113938" lon="-1.785725">
      <ele>374.9</ele>
    </trkpt>
    <trkpt lat="42.113841" lon="-1.785516">
      <ele>374.1</ele>
    </trkpt>
    <trkpt lat="42.113801" lon="-1.78537">
      <ele>373.6</ele>
    </trkpt>
    <trkpt lat="42.113707" lon="-1.785132">
      <ele>372.5</ele>
    </trkpt>
    <trkpt lat="42.113646" lon="-1.785047">
      <ele>372.1</ele>
    </trkpt>
    <trkpt lat="42.113683" lon="-1.784819">
      <ele>371.3</ele>
    </trkpt>
    <trkpt lat="42.113666" lon="-1.784722">
      <ele>371.1</ele>
    </trkpt>
    <trkpt lat="42.113677" lon="-1.784388">
      <ele>370.4</ele>
    </trkpt>
    <trkpt lat="42.113738" lon="-1.784431">
      <ele>370.3</ele>
    </trkpt>
    <trkpt lat="42.113794" lon="-1.784295">
      <ele>370.2</ele>
    </trkpt>
    <trkpt lat="42.113848" lon="-1.784165">
      <ele>370.3</ele>
    </trkpt>
    <trkpt lat="42.11386" lon="-1.784087">
      <ele>370.3</ele>
    </trkpt>
    <trkpt lat="42.113798" lon="-1.783833">
      <ele>370.5</ele>
    </trkpt>
    <trkpt lat="42.114125" lon="-1.783767">
      <ele>371.3</ele>
    </trkpt>
    <trkpt lat="42.114226" lon="-1.783742">
      <ele>371.6</ele>
    </trkpt>
    <trkpt lat="42.11436" lon="-1.78396">
      <ele>372.3</ele>
    </trkpt>
    <trkpt lat="42.114425" lon="-1.783977">
      <ele>372.5</ele>
    </trkpt>
    <trkpt lat="42.114476" lon="-1.783993">
      <ele>372.7</ele>
    </trkpt>
    <trkpt lat="42.114519" lon="-1.784012">
      <ele>372.9</ele>
    </trkpt>
    <trkpt lat="42.11461" lon="-1.784067">
      <ele>373.3</ele>
    </trkpt>
    <trkpt lat="42.11486" lon="-1.783788">
      <ele>374.7</ele>
    </trkpt>
    <trkpt lat="42.114899" lon="-1.783752">
      <ele>375</ele>
    </trkpt>
    <trkpt lat="42.115183" lon="-1.783481">
      <ele>376.2</ele>
    </trkpt>
    <trkpt lat="42.115208" lon="-1.783446">
      <ele>376.3</ele>
    </trkpt>
    <trkpt lat="42.115378" lon="-1.783213">
      <ele>376.8</ele>
    </trkpt>
    <trkpt lat="42.11548" lon="-1.783069">
      <ele>376.9</ele>
    </trkpt>
    <trkpt lat="42.115913" lon="-1.782433">
      <ele>376.6</ele>
    </trkpt>
    <trkpt lat="42.116039" lon="-1.782236">
      <ele>376.4</ele>
    </trkpt>
    <trkpt lat="42.116112" lon="-1.782048">
      <ele>376.2</ele>
    </trkpt>
    <trkpt lat="42.116532" lon="-1.780816">
      <ele>374.5</ele>
    </trkpt>
    <trkpt lat="42.116883" lon="-1.779738">
      <ele>372.3</ele>
    </trkpt>
    <trkpt lat="42.117039" lon="-1.779437">
      <ele>371.1</ele>
    </trkpt>
    <trkpt lat="42.117287" lon="-1.779126">
      <ele>369.3</ele>
    </trkpt>
    <trkpt lat="42.117761" lon="-1.778568">
      <ele>365.4</ele>
    </trkpt>
    <trkpt lat="42.118265" lon="-1.778268">
      <ele>361.5</ele>
    </trkpt>
    <trkpt lat="42.119217" lon="-1.777699">
      <ele>355</ele>
    </trkpt>
    <trkpt lat="42.119445" lon="-1.777639">
      <ele>353.8</ele>
    </trkpt>
    <trkpt lat="42.119885" lon="-1.777649">
      <ele>351.7</ele>
    </trkpt>
    <trkpt lat="42.120804" lon="-1.777712">
      <ele>348.6</ele>
    </trkpt>
    <trkpt lat="42.122" lon="-1.777795">
      <ele>347</ele>
    </trkpt>
    <trkpt lat="42.122058" lon="-1.777803">
      <ele>347</ele>
    </trkpt>
    <trkpt lat="42.124894" lon="-1.777984">
      <ele>350.6</ele>
    </trkpt>
    <trkpt lat="42.125216" lon="-1.777958">
      <ele>351.5</ele>
    </trkpt>
    <trkpt lat="42.125399" lon="-1.777857">
      <ele>351.9</ele>
    </trkpt>
    <trkpt lat="42.12544" lon="-1.777651">
      <ele>352.3</ele>
    </trkpt>
    <trkpt lat="42.125502" lon="-1.777542">
      <ele>352.6</ele>
    </trkpt>
    <trkpt lat="42.125659" lon="-1.777444">
      <ele>353</ele>
    </trkpt>
    <trkpt lat="42.125756" lon="-1.777441">
      <ele>353.3</ele>
    </trkpt>
    <trkpt lat="42.12585" lon="-1.777479">
      <ele>353.5</ele>
    </trkpt>
    <trkpt lat="42.12593" lon="-1.777553">
      <ele>353.8</ele>
    </trkpt>
    <trkpt lat="42.12599" lon="-1.777656">
      <ele>354.1</ele>
    </trkpt>
    <trkpt lat="42.126298" lon="-1.777934">
      <ele>355.1</ele>
    </trkpt>
    <trkpt lat="42.126568" lon="-1.778047">
      <ele>355.9</ele>
    </trkpt>
    <trkpt lat="42.126854" lon="-1.778112">
      <ele>356.6</ele>
    </trkpt>
    <trkpt lat="42.127283" lon="-1.778139">
      <ele>357.5</ele>
    </trkpt>
    <trkpt lat="42.127858" lon="-1.778159">
      <ele>358.5</ele>
    </trkpt>
    <trkpt lat="42.128922" lon="-1.778039">
      <ele>356</ele>
    </trkpt>
    <trkpt lat="42.129058" lon="-1.778027">
      <ele>355.2</ele>
    </trkpt>
    <trkpt lat="42.129412" lon="-1.777996">
      <ele>352.7</ele>
    </trkpt>
    <trkpt lat="42.130415" lon="-1.777896">
      <ele>344.8</ele>
    </trkpt>
    <trkpt lat="42.132332" lon="-1.77723">
      <ele>334.7</ele>
    </trkpt>
    <trkpt lat="42.133847" lon="-1.776697">
      <ele>329.6</ele>
    </trkpt>
    <trkpt lat="42.134144" lon="-1.776595">
      <ele>328.8</ele>
    </trkpt>
    <trkpt lat="42.135258" lon="-1.776182">
      <ele>326.5</ele>
    </trkpt>
    <trkpt lat="42.136481" lon="-1.775772">
      <ele>325.1</ele>
    </trkpt>
    <trkpt lat="42.13731" lon="-1.775467">
      <ele>324.1</ele>
    </trkpt>
    <trkpt lat="42.138528" lon="-1.775036">
      <ele>321.9</ele>
    </trkpt>
    <trkpt lat="42.139403" lon="-1.774703">
      <ele>320.4</ele>
    </trkpt>
    <trkpt lat="42.139813" lon="-1.774562">
      <ele>319.8</ele>
    </trkpt>
    <trkpt lat="42.14026" lon="-1.774406">
      <ele>319.2</ele>
    </trkpt>
    <trkpt lat="42.141417" lon="-1.774009">
      <ele>317.9</ele>
    </trkpt>
    <trkpt lat="42.141624" lon="-1.773941">
      <ele>317.7</ele>
    </trkpt>
    <trkpt lat="42.143979" lon="-1.773099">
      <ele>316.4</ele>
    </trkpt>
    <trkpt lat="42.144058" lon="-1.773071">
      <ele>316.3</ele>
    </trkpt>
    <trkpt lat="42.144299" lon="-1.772985">
      <ele>316.3</ele>
    </trkpt>
    <trkpt lat="42.153314" lon="-1.769809">
      <ele>314.2</ele>
    </trkpt>
    <trkpt lat="42.156904" lon="-1.768544">
      <ele>309.9</ele>
    </trkpt>
    <trkpt lat="42.15706" lon="-1.768489">
      <ele>309.7</ele>
    </trkpt>
    <trkpt lat="42.157114" lon="-1.76847">
      <ele>309.6</ele>
    </trkpt>
    <trkpt lat="42.157249" lon="-1.768429">
      <ele>309.5</ele>
    </trkpt>
    <trkpt lat="42.157443" lon="-1.768361">
      <ele>309.2</ele>
    </trkpt>
    <trkpt lat="42.161639" lon="-1.766881">
      <ele>304.6</ele>
    </trkpt>
    <trkpt lat="42.166052" lon="-1.765325">
      <ele>301.2</ele>
    </trkpt>
    <trkpt lat="42.17114" lon="-1.763562">
      <ele>298</ele>
    </trkpt>
    <trkpt lat="42.171362" lon="-1.763487">
      <ele>298</ele>
    </trkpt>
    <trkpt lat="42.172159" lon="-1.763207">
      <ele>297.8</ele>
    </trkpt>
    <trkpt lat="42.172281" lon="-1.763163">
      <ele>297.7</ele>
    </trkpt>
    <trkpt lat="42.172679" lon="-1.763022">
      <ele>297.6</ele>
    </trkpt>
    <trkpt lat="42.172923" lon="-1.762936">
      <ele>297.4</ele>
    </trkpt>
    <trkpt lat="42.173432" lon="-1.762756">
      <ele>297</ele>
    </trkpt>
    <trkpt lat="42.178866" lon="-1.760854">
      <ele>292.5</ele>
    </trkpt>
    <trkpt lat="42.179805" lon="-1.760532">
      <ele>291.9</ele>
    </trkpt>
    <trkpt lat="42.180138" lon="-1.76042">
      <ele>291.6</ele>
    </trkpt>
    <trkpt lat="42.180296" lon="-1.760335">
      <ele>291.5</ele>
    </trkpt>
    <trkpt lat="42.180486" lon="-1.760172">
      <ele>291.4</ele>
    </trkpt>
    <trkpt lat="42.180525" lon="-1.760012">
      <ele>291.3</ele>
    </trkpt>
    <trkpt lat="42.180272" lon="-1.759512">
      <ele>291.2</ele>
    </trkpt>
    <trkpt lat="42.180245" lon="-1.759467">
      <ele>291.2</ele>
    </trkpt>
    <trkpt lat="42.180196" lon="-1.759387">
      <ele>291.2</ele>
    </trkpt>
    <trkpt lat="42.179949" lon="-1.758967">
      <ele>291.2</ele>
    </trkpt>
    <trkpt lat="42.178978" lon="-1.757361">
      <ele>292.2</ele>
    </trkpt>
    <trkpt lat="42.178756" lon="-1.756989">
      <ele>292.4</ele>
    </trkpt>
    <trkpt lat="42.178407" lon="-1.756418">
      <ele>292.6</ele>
    </trkpt>
    <trkpt lat="42.178307" lon="-1.756436">
      <ele>292.6</ele>
    </trkpt>
    <trkpt lat="42.17823" lon="-1.756323">
      <ele>292.5</ele>
    </trkpt>
    <trkpt lat="42.178258" lon="-1.756185">
      <ele>292.4</ele>
    </trkpt>
    <trkpt lat="42.178339" lon="-1.756134">
      <ele>292.4</ele>
    </trkpt>
    <trkpt lat="42.178422" lon="-1.756177">
      <ele>292.3</ele>
    </trkpt>
    <trkpt lat="42.178531" lon="-1.756016">
      <ele>292.1</ele>
    </trkpt>
    <trkpt lat="42.178723" lon="-1.7558">
      <ele>291.8</ele>
    </trkpt>
    <trkpt lat="42.179267" lon="-1.755205">
      <ele>291.9</ele>
    </trkpt>
    <trkpt lat="42.179403" lon="-1.754963">
      <ele>292</ele>
    </trkpt>
    <trkpt lat="42.179451" lon="-1.754731">
      <ele>292.2</ele>
    </trkpt>
    <trkpt lat="42.179443" lon="-1.754572">
      <ele>292.5</ele>
    </trkpt>
    <trkpt lat="42.179357" lon="-1.75423">
      <ele>293.1</ele>
    </trkpt>
    <trkpt lat="42.179221" lon="-1.753883">
      <ele>294.4</ele>
    </trkpt>
    <trkpt lat="42.179066" lon="-1.753574">
      <ele>295.8</ele>
    </trkpt>
    <trkpt lat="42.178898" lon="-1.753239">
      <ele>297.1</ele>
    </trkpt>
    <trkpt lat="42.178872" lon="-1.753184">
      <ele>297.2</ele>
    </trkpt>
    <trkpt lat="42.178758" lon="-1.752939">
      <ele>298</ele>
    </trkpt>
    <trkpt lat="42.178671" lon="-1.752752">
      <ele>298.5</ele>
    </trkpt>
    <trkpt lat="42.178646" lon="-1.752607">
      <ele>298.8</ele>
    </trkpt>
    <trkpt lat="42.178687" lon="-1.752401">
      <ele>299.2</ele>
    </trkpt>
    <trkpt lat="42.178908" lon="-1.75204">
      <ele>299.8</ele>
    </trkpt>
    <trkpt lat="42.179034" lon="-1.751871">
      <ele>299.9</ele>
    </trkpt>
    <trkpt lat="42.179766" lon="-1.75111">
      <ele>298.2</ele>
    </trkpt>
    <trkpt lat="42.180586" lon="-1.750365">
      <ele>295.7</ele>
    </trkpt>
    <trkpt lat="42.181253" lon="-1.749702">
      <ele>294.2</ele>
    </trkpt>
    <trkpt lat="42.181353" lon="-1.749601">
      <ele>293.9</ele>
    </trkpt>
    <trkpt lat="42.181818" lon="-1.749134">
      <ele>291.8</ele>
    </trkpt>
    <trkpt lat="42.181859" lon="-1.749">
      <ele>291.4</ele>
    </trkpt>
    <trkpt lat="42.181853" lon="-1.748887">
      <ele>291</ele>
    </trkpt>
    <trkpt lat="42.181932" lon="-1.748791">
      <ele>290.5</ele>
    </trkpt>
    <trkpt lat="42.181999" lon="-1.748762">
      <ele>290.2</ele>
    </trkpt>
    <trkpt lat="42.182203" lon="-1.748703">
      <ele>289.3</ele>
    </trkpt>
    <trkpt lat="42.182297" lon="-1.748721">
      <ele>288.8</ele>
    </trkpt>
    <trkpt lat="42.182309" lon="-1.748747">
      <ele>288.7</ele>
    </trkpt>
    <trkpt lat="42.182435" lon="-1.748787">
      <ele>288.1</ele>
    </trkpt>
    <trkpt lat="42.182998" lon="-1.748532">
      <ele>285.3</ele>
    </trkpt>
    <trkpt lat="42.183287" lon="-1.7484">
      <ele>284</ele>
    </trkpt>
    <trkpt lat="42.18393" lon="-1.748182">
      <ele>282.8</ele>
    </trkpt>
    <trkpt lat="42.184179" lon="-1.748133">
      <ele>282.6</ele>
    </trkpt>
    <trkpt lat="42.185033" lon="-1.748152">
      <ele>282.5</ele>
    </trkpt>
    <trkpt lat="42.185588" lon="-1.748192">
      <ele>282.4</ele>
    </trkpt>
    <trkpt lat="42.18592" lon="-1.748203">
      <ele>282.4</ele>
    </trkpt>
    <trkpt lat="42.186149" lon="-1.748132">
      <ele>282.4</ele>
    </trkpt>
    <trkpt lat="42.186154" lon="-1.748061">
      <ele>282.4</ele>
    </trkpt>
    <trkpt lat="42.186195" lon="-1.748017">
      <ele>282.4</ele>
    </trkpt>
    <trkpt lat="42.186272" lon="-1.748057">
      <ele>282.4</ele>
    </trkpt>
    <trkpt lat="42.186274" lon="-1.74815">
      <ele>282.4</ele>
    </trkpt>
    </trkseg>
  </trk>
</gpx>
