<?xml version="1.0" encoding="UTF-8"?>
<gpx version="1.1" creator="fitAI Komoot downloader" xmlns="http://www.topografix.com/GPX/1/1">
  <metadata>
    <name>Fuente del Vino – Bodegas Irache y Ermita de la Virgen de Cuevas - Recorrido circular desde Torres del Río</name>
    <desc>75 visitas · Dificultad: difficult · Distancia: 91.3 km · Desnivel +: 1573 m</desc>
    <link href="https://www.komoot.com/smarttour/e44697478"><text>Komoot</text></link>
  </metadata>
  <trk>
    <name>Fuente del Vino – Bodegas Irache y Ermita de la Virgen de Cuevas - Recorrido circular desde Torres del Río</name>
    <type>mtb</type>
    <trkseg>
    <trkpt lat="42.553537" lon="-2.272346">
      <ele>452.7</ele>
    </trkpt>
    <trkpt lat="42.553597" lon="-2.272219">
      <ele>452.5</ele>
    </trkpt>
    <trkpt lat="42.553515" lon="-2.272163">
      <ele>452.5</ele>
    </trkpt>
    <trkpt lat="42.553605" lon="-2.27172">
      <ele>452.1</ele>
    </trkpt>
    <trkpt lat="42.553767" lon="-2.271197">
      <ele>452.1</ele>
    </trkpt>
    <trkpt lat="42.554062" lon="-2.270359">
      <ele>452.5</ele>
    </trkpt>
    <trkpt lat="42.554181" lon="-2.269939">
      <ele>453.4</ele>
    </trkpt>
    <trkpt lat="42.553946" lon="-2.269614">
      <ele>454.8</ele>
    </trkpt>
    <trkpt lat="42.552438" lon="-2.267366">
      <ele>470.1</ele>
    </trkpt>
    <trkpt lat="42.552308" lon="-2.267155">
      <ele>471.3</ele>
    </trkpt>
    <trkpt lat="42.552256" lon="-2.267021">
      <ele>472</ele>
    </trkpt>
    <trkpt lat="42.552108" lon="-2.266839">
      <ele>473.1</ele>
    </trkpt>
    <trkpt lat="42.552022" lon="-2.266628">
      <ele>474.1</ele>
    </trkpt>
    <trkpt lat="42.551961" lon="-2.266552">
      <ele>474.5</ele>
    </trkpt>
    <trkpt lat="42.551512" lon="-2.265991">
      <ele>477.3</ele>
    </trkpt>
    <trkpt lat="42.551211" lon="-2.265686">
      <ele>478.4</ele>
    </trkpt>
    <trkpt lat="42.550737" lon="-2.265104">
      <ele>479.8</ele>
    </trkpt>
    <trkpt lat="42.550586" lon="-2.264854">
      <ele>480.2</ele>
    </trkpt>
    <trkpt lat="42.550517" lon="-2.26476">
      <ele>480.3</ele>
    </trkpt>
    <trkpt lat="42.550462" lon="-2.264407">
      <ele>480.6</ele>
    </trkpt>
    <trkpt lat="42.550466" lon="-2.264167">
      <ele>480.7</ele>
    </trkpt>
    <trkpt lat="42.550507" lon="-2.263688">
      <ele>480.8</ele>
    </trkpt>
    <trkpt lat="42.55067" lon="-2.262698">
      <ele>480.9</ele>
    </trkpt>
    <trkpt lat="42.550748" lon="-2.262028">
      <ele>481.3</ele>
    </trkpt>
    <trkpt lat="42.550763" lon="-2.26104">
      <ele>480.4</ele>
    </trkpt>
    <trkpt lat="42.550818" lon="-2.260895">
      <ele>480.1</ele>
    </trkpt>
    <trkpt lat="42.550773" lon="-2.260812">
      <ele>479.8</ele>
    </trkpt>
    <trkpt lat="42.550663" lon="-2.259657">
      <ele>475</ele>
    </trkpt>
    <trkpt lat="42.550659" lon="-2.258703">
      <ele>469.4</ele>
    </trkpt>
    <trkpt lat="42.550746" lon="-2.258128">
      <ele>466.4</ele>
    </trkpt>
    <trkpt lat="42.550723" lon="-2.257056">
      <ele>462.2</ele>
    </trkpt>
    <trkpt lat="42.550686" lon="-2.256344">
      <ele>460.6</ele>
    </trkpt>
    <trkpt lat="42.550572" lon="-2.255606">
      <ele>459.4</ele>
    </trkpt>
    <trkpt lat="42.550394" lon="-2.254682">
      <ele>458.3</ele>
    </trkpt>
    <trkpt lat="42.550417" lon="-2.254383">
      <ele>458</ele>
    </trkpt>
    <trkpt lat="42.550102" lon="-2.252615">
      <ele>454.7</ele>
    </trkpt>
    <trkpt lat="42.550008" lon="-2.251501">
      <ele>451.9</ele>
    </trkpt>
    <trkpt lat="42.549693" lon="-2.250388">
      <ele>448.8</ele>
    </trkpt>
    <trkpt lat="42.549648" lon="-2.249779">
      <ele>447.3</ele>
    </trkpt>
    <trkpt lat="42.549754" lon="-2.249048">
      <ele>445.1</ele>
    </trkpt>
    <trkpt lat="42.549841" lon="-2.248192">
      <ele>442.3</ele>
    </trkpt>
    <trkpt lat="42.549773" lon="-2.247897">
      <ele>441.2</ele>
    </trkpt>
    <trkpt lat="42.549671" lon="-2.247223">
      <ele>438.8</ele>
    </trkpt>
    <trkpt lat="42.549391" lon="-2.244943">
      <ele>432.6</ele>
    </trkpt>
    <trkpt lat="42.549322" lon="-2.244656">
      <ele>432</ele>
    </trkpt>
    <trkpt lat="42.5493" lon="-2.244303">
      <ele>431.5</ele>
    </trkpt>
    <trkpt lat="42.549296" lon="-2.243864">
      <ele>431</ele>
    </trkpt>
    <trkpt lat="42.549542" lon="-2.243219">
      <ele>430.6</ele>
    </trkpt>
    <trkpt lat="42.549362" lon="-2.242593">
      <ele>430.6</ele>
    </trkpt>
    <trkpt lat="42.54924" lon="-2.242299">
      <ele>430.5</ele>
    </trkpt>
    <trkpt lat="42.549146" lon="-2.24218">
      <ele>430.4</ele>
    </trkpt>
    <trkpt lat="42.549115" lon="-2.241824">
      <ele>430.1</ele>
    </trkpt>
    <trkpt lat="42.549104" lon="-2.241542">
      <ele>429.8</ele>
    </trkpt>
    <trkpt lat="42.549099" lon="-2.24141">
      <ele>429.6</ele>
    </trkpt>
    <trkpt lat="42.549087" lon="-2.241001">
      <ele>428.9</ele>
    </trkpt>
    <trkpt lat="42.549037" lon="-2.240409">
      <ele>427.8</ele>
    </trkpt>
    <trkpt lat="42.549177" lon="-2.240065">
      <ele>427.1</ele>
    </trkpt>
    <trkpt lat="42.549324" lon="-2.239605">
      <ele>426.4</ele>
    </trkpt>
    <trkpt lat="42.54931" lon="-2.239148">
      <ele>426.3</ele>
    </trkpt>
    <trkpt lat="42.549349" lon="-2.239022">
      <ele>426.4</ele>
    </trkpt>
    <trkpt lat="42.549409" lon="-2.238812">
      <ele>426.6</ele>
    </trkpt>
    <trkpt lat="42.549721" lon="-2.238733">
      <ele>427.2</ele>
    </trkpt>
    <trkpt lat="42.550361" lon="-2.238818">
      <ele>429.1</ele>
    </trkpt>
    <trkpt lat="42.550655" lon="-2.238778">
      <ele>430</ele>
    </trkpt>
    <trkpt lat="42.550894" lon="-2.238693">
      <ele>430.8</ele>
    </trkpt>
    <trkpt lat="42.551094" lon="-2.238472">
      <ele>431.4</ele>
    </trkpt>
    <trkpt lat="42.551412" lon="-2.237903">
      <ele>432.1</ele>
    </trkpt>
    <trkpt lat="42.551736" lon="-2.237433">
      <ele>432.3</ele>
    </trkpt>
    <trkpt lat="42.551976" lon="-2.237186">
      <ele>432.1</ele>
    </trkpt>
    <trkpt lat="42.552484" lon="-2.236899">
      <ele>431.8</ele>
    </trkpt>
    <trkpt lat="42.552907" lon="-2.23653">
      <ele>431.4</ele>
    </trkpt>
    <trkpt lat="42.553396" lon="-2.236206">
      <ele>431.2</ele>
    </trkpt>
    <trkpt lat="42.553727" lon="-2.235947">
      <ele>431.2</ele>
    </trkpt>
    <trkpt lat="42.554249" lon="-2.235282">
      <ele>431.3</ele>
    </trkpt>
    <trkpt lat="42.554729" lon="-2.234212">
      <ele>432.1</ele>
    </trkpt>
    <trkpt lat="42.55483" lon="-2.233747">
      <ele>432.8</ele>
    </trkpt>
    <trkpt lat="42.555658" lon="-2.232394">
      <ele>436</ele>
    </trkpt>
    <trkpt lat="42.55589" lon="-2.23195">
      <ele>436.7</ele>
    </trkpt>
    <trkpt lat="42.556827" lon="-2.230387">
      <ele>437.3</ele>
    </trkpt>
    <trkpt lat="42.557188" lon="-2.229805">
      <ele>436.9</ele>
    </trkpt>
    <trkpt lat="42.557371" lon="-2.229622">
      <ele>436.7</ele>
    </trkpt>
    <trkpt lat="42.557681" lon="-2.229134">
      <ele>436.1</ele>
    </trkpt>
    <trkpt lat="42.558102" lon="-2.227504">
      <ele>435.3</ele>
    </trkpt>
    <trkpt lat="42.55879" lon="-2.22415">
      <ele>437.3</ele>
    </trkpt>
    <trkpt lat="42.558474" lon="-2.220779">
      <ele>438.6</ele>
    </trkpt>
    <trkpt lat="42.558524" lon="-2.220341">
      <ele>438.7</ele>
    </trkpt>
    <trkpt lat="42.558635" lon="-2.220009">
      <ele>438.8</ele>
    </trkpt>
    <trkpt lat="42.558901" lon="-2.219355">
      <ele>439</ele>
    </trkpt>
    <trkpt lat="42.55925" lon="-2.218812">
      <ele>439.5</ele>
    </trkpt>
    <trkpt lat="42.560087" lon="-2.217093">
      <ele>442</ele>
    </trkpt>
    <trkpt lat="42.56037" lon="-2.216128">
      <ele>443.7</ele>
    </trkpt>
    <trkpt lat="42.560625" lon="-2.215147">
      <ele>445</ele>
    </trkpt>
    <trkpt lat="42.560858" lon="-2.214498">
      <ele>445.5</ele>
    </trkpt>
    <trkpt lat="42.561301" lon="-2.21349">
      <ele>445.8</ele>
    </trkpt>
    <trkpt lat="42.562171" lon="-2.211294">
      <ele>446.3</ele>
    </trkpt>
    <trkpt lat="42.562948" lon="-2.209481">
      <ele>447</ele>
    </trkpt>
    <trkpt lat="42.564145" lon="-2.207292">
      <ele>449.5</ele>
    </trkpt>
    <trkpt lat="42.564666" lon="-2.206427">
      <ele>452.1</ele>
    </trkpt>
    <trkpt lat="42.564916" lon="-2.206224">
      <ele>453.3</ele>
    </trkpt>
    <trkpt lat="42.565071" lon="-2.206144">
      <ele>454.1</ele>
    </trkpt>
    <trkpt lat="42.565162" lon="-2.20612">
      <ele>454.5</ele>
    </trkpt>
    <trkpt lat="42.565224" lon="-2.206148">
      <ele>454.8</ele>
    </trkpt>
    <trkpt lat="42.56547" lon="-2.206236">
      <ele>456.2</ele>
    </trkpt>
    <trkpt lat="42.565618" lon="-2.20627">
      <ele>457</ele>
    </trkpt>
    <trkpt lat="42.565686" lon="-2.206285">
      <ele>457.3</ele>
    </trkpt>
    <trkpt lat="42.565948" lon="-2.206281">
      <ele>458.7</ele>
    </trkpt>
    <trkpt lat="42.566051" lon="-2.206247">
      <ele>459.3</ele>
    </trkpt>
    <trkpt lat="42.566285" lon="-2.205964">
      <ele>460.7</ele>
    </trkpt>
    <trkpt lat="42.566406" lon="-2.205908">
      <ele>461.2</ele>
    </trkpt>
    <trkpt lat="42.566487" lon="-2.205327">
      <ele>462.5</ele>
    </trkpt>
    <trkpt lat="42.566591" lon="-2.203456">
      <ele>463.8</ele>
    </trkpt>
    <trkpt lat="42.566741" lon="-2.202676">
      <ele>464.4</ele>
    </trkpt>
    <trkpt lat="42.566803" lon="-2.202528">
      <ele>464.5</ele>
    </trkpt>
    <trkpt lat="42.567335" lon="-2.202148">
      <ele>465</ele>
    </trkpt>
    <trkpt lat="42.568408" lon="-2.201608">
      <ele>465</ele>
    </trkpt>
    <trkpt lat="42.569586" lon="-2.201063">
      <ele>463.1</ele>
    </trkpt>
    <trkpt lat="42.56958" lon="-2.199955">
      <ele>461.7</ele>
    </trkpt>
    <trkpt lat="42.569516" lon="-2.199542">
      <ele>461</ele>
    </trkpt>
    <trkpt lat="42.56936" lon="-2.199223">
      <ele>460.3</ele>
    </trkpt>
    <trkpt lat="42.569282" lon="-2.19897">
      <ele>459.7</ele>
    </trkpt>
    <trkpt lat="42.569211" lon="-2.198158">
      <ele>457.6</ele>
    </trkpt>
    <trkpt lat="42.569197" lon="-2.197262">
      <ele>454.6</ele>
    </trkpt>
    <trkpt lat="42.569235" lon="-2.196781">
      <ele>452.8</ele>
    </trkpt>
    <trkpt lat="42.56947" lon="-2.196166">
      <ele>450.6</ele>
    </trkpt>
    <trkpt lat="42.569679" lon="-2.195534">
      <ele>449.2</ele>
    </trkpt>
    <trkpt lat="42.569986" lon="-2.195852">
      <ele>448.6</ele>
    </trkpt>
    <trkpt lat="42.570277" lon="-2.196241">
      <ele>448.3</ele>
    </trkpt>
    <trkpt lat="42.570909" lon="-2.196861">
      <ele>448</ele>
    </trkpt>
    <trkpt lat="42.57146" lon="-2.195596">
      <ele>446.2</ele>
    </trkpt>
    <trkpt lat="42.571716" lon="-2.195173">
      <ele>445.6</ele>
    </trkpt>
    <trkpt lat="42.571762" lon="-2.194854">
      <ele>445.4</ele>
    </trkpt>
    <trkpt lat="42.571851" lon="-2.194724">
      <ele>445.4</ele>
    </trkpt>
    <trkpt lat="42.571911" lon="-2.194583">
      <ele>445.4</ele>
    </trkpt>
    <trkpt lat="42.571855" lon="-2.194252">
      <ele>445.6</ele>
    </trkpt>
    <trkpt lat="42.57214" lon="-2.194422">
      <ele>446.2</ele>
    </trkpt>
    <trkpt lat="42.572155" lon="-2.193813">
      <ele>447.5</ele>
    </trkpt>
    <trkpt lat="42.572909" lon="-2.193809">
      <ele>450.9</ele>
    </trkpt>
    <trkpt lat="42.573222" lon="-2.193597">
      <ele>452.3</ele>
    </trkpt>
    <trkpt lat="42.573482" lon="-2.193478">
      <ele>453.1</ele>
    </trkpt>
    <trkpt lat="42.573545" lon="-2.193378">
      <ele>453.3</ele>
    </trkpt>
    <trkpt lat="42.573758" lon="-2.193264">
      <ele>453.9</ele>
    </trkpt>
    <trkpt lat="42.573973" lon="-2.193066">
      <ele>454.3</ele>
    </trkpt>
    <trkpt lat="42.574345" lon="-2.19266">
      <ele>454.8</ele>
    </trkpt>
    <trkpt lat="42.574918" lon="-2.191901">
      <ele>454.9</ele>
    </trkpt>
    <trkpt lat="42.576289" lon="-2.190358">
      <ele>457.5</ele>
    </trkpt>
    <trkpt lat="42.576414" lon="-2.190257">
      <ele>458</ele>
    </trkpt>
    <trkpt lat="42.578438" lon="-2.189101">
      <ele>468.5</ele>
    </trkpt>
    <trkpt lat="42.579237" lon="-2.188589">
      <ele>475.9</ele>
    </trkpt>
    <trkpt lat="42.579394" lon="-2.188539">
      <ele>477.4</ele>
    </trkpt>
    <trkpt lat="42.579782" lon="-2.188506">
      <ele>481.3</ele>
    </trkpt>
    <trkpt lat="42.57994" lon="-2.188396">
      <ele>483.1</ele>
    </trkpt>
    <trkpt lat="42.580897" lon="-2.187539">
      <ele>492.7</ele>
    </trkpt>
    <trkpt lat="42.581343" lon="-2.187319">
      <ele>494.6</ele>
    </trkpt>
    <trkpt lat="42.581584" lon="-2.187031">
      <ele>495.2</ele>
    </trkpt>
    <trkpt lat="42.583722" lon="-2.183634">
      <ele>489.1</ele>
    </trkpt>
    <trkpt lat="42.58383" lon="-2.183495">
      <ele>488.9</ele>
    </trkpt>
    <trkpt lat="42.584034" lon="-2.183329">
      <ele>488.6</ele>
    </trkpt>
    <trkpt lat="42.584436" lon="-2.183066">
      <ele>487.9</ele>
    </trkpt>
    <trkpt lat="42.584508" lon="-2.182976">
      <ele>487.8</ele>
    </trkpt>
    <trkpt lat="42.584752" lon="-2.182468">
      <ele>487.3</ele>
    </trkpt>
    <trkpt lat="42.584818" lon="-2.182385">
      <ele>487.2</ele>
    </trkpt>
    <trkpt lat="42.585169" lon="-2.182244">
      <ele>486.6</ele>
    </trkpt>
    <trkpt lat="42.585735" lon="-2.182173">
      <ele>485.8</ele>
    </trkpt>
    <trkpt lat="42.586349" lon="-2.182045">
      <ele>485.8</ele>
    </trkpt>
    <trkpt lat="42.586958" lon="-2.181754">
      <ele>486.2</ele>
    </trkpt>
    <trkpt lat="42.587422" lon="-2.18151">
      <ele>486.7</ele>
    </trkpt>
    <trkpt lat="42.587623" lon="-2.181447">
      <ele>486.9</ele>
    </trkpt>
    <trkpt lat="42.587834" lon="-2.181423">
      <ele>487.2</ele>
    </trkpt>
    <trkpt lat="42.588818" lon="-2.181317">
      <ele>489.3</ele>
    </trkpt>
    <trkpt lat="42.589496" lon="-2.181292">
      <ele>490.8</ele>
    </trkpt>
    <trkpt lat="42.589722" lon="-2.181391">
      <ele>491.1</ele>
    </trkpt>
    <trkpt lat="42.590018" lon="-2.181594">
      <ele>491.4</ele>
    </trkpt>
    <trkpt lat="42.5901" lon="-2.181402">
      <ele>491.5</ele>
    </trkpt>
    <trkpt lat="42.590436" lon="-2.180363">
      <ele>491.8</ele>
    </trkpt>
    <trkpt lat="42.590599" lon="-2.180102">
      <ele>491.8</ele>
    </trkpt>
    <trkpt lat="42.591359" lon="-2.179298">
      <ele>492.8</ele>
    </trkpt>
    <trkpt lat="42.59144" lon="-2.179179">
      <ele>493.1</ele>
    </trkpt>
    <trkpt lat="42.592184" lon="-2.177568">
      <ele>495.6</ele>
    </trkpt>
    <trkpt lat="42.592759" lon="-2.177032">
      <ele>496.5</ele>
    </trkpt>
    <trkpt lat="42.592833" lon="-2.176904">
      <ele>496.7</ele>
    </trkpt>
    <trkpt lat="42.592906" lon="-2.176726">
      <ele>496.9</ele>
    </trkpt>
    <trkpt lat="42.593577" lon="-2.17444">
      <ele>500.1</ele>
    </trkpt>
    <trkpt lat="42.593671" lon="-2.173985">
      <ele>500.8</ele>
    </trkpt>
    <trkpt lat="42.593722" lon="-2.172467">
      <ele>503</ele>
    </trkpt>
    <trkpt lat="42.593739" lon="-2.17008">
      <ele>506.4</ele>
    </trkpt>
    <trkpt lat="42.593758" lon="-2.169905">
      <ele>506.6</ele>
    </trkpt>
    <trkpt lat="42.594206" lon="-2.168898">
      <ele>507.9</ele>
    </trkpt>
    <trkpt lat="42.5947" lon="-2.167909">
      <ele>509.2</ele>
    </trkpt>
    <trkpt lat="42.595579" lon="-2.166271">
      <ele>512.3</ele>
    </trkpt>
    <trkpt lat="42.595711" lon="-2.166095">
      <ele>512.8</ele>
    </trkpt>
    <trkpt lat="42.59583" lon="-2.166005">
      <ele>513.2</ele>
    </trkpt>
    <trkpt lat="42.596227" lon="-2.165853">
      <ele>514.4</ele>
    </trkpt>
    <trkpt lat="42.596384" lon="-2.165749">
      <ele>514.9</ele>
    </trkpt>
    <trkpt lat="42.596518" lon="-2.165549">
      <ele>515.5</ele>
    </trkpt>
    <trkpt lat="42.59732" lon="-2.163631">
      <ele>520.1</ele>
    </trkpt>
    <trkpt lat="42.597373" lon="-2.163354">
      <ele>520.7</ele>
    </trkpt>
    <trkpt lat="42.597367" lon="-2.162775">
      <ele>522</ele>
    </trkpt>
    <trkpt lat="42.597389" lon="-2.162454">
      <ele>522.7</ele>
    </trkpt>
    <trkpt lat="42.597476" lon="-2.162145">
      <ele>523.5</ele>
    </trkpt>
    <trkpt lat="42.59809" lon="-2.1609">
      <ele>527.8</ele>
    </trkpt>
    <trkpt lat="42.597956" lon="-2.160704">
      <ele>528.6</ele>
    </trkpt>
    <trkpt lat="42.597687" lon="-2.160402">
      <ele>529.8</ele>
    </trkpt>
    <trkpt lat="42.5975" lon="-2.160307">
      <ele>530.3</ele>
    </trkpt>
    <trkpt lat="42.59742" lon="-2.160313">
      <ele>530.5</ele>
    </trkpt>
    <trkpt lat="42.596791" lon="-2.160549">
      <ele>531.5</ele>
    </trkpt>
    <trkpt lat="42.596694" lon="-2.160562">
      <ele>531.6</ele>
    </trkpt>
    <trkpt lat="42.596615" lon="-2.160525">
      <ele>531.6</ele>
    </trkpt>
    <trkpt lat="42.596527" lon="-2.160442">
      <ele>531.7</ele>
    </trkpt>
    <trkpt lat="42.596453" lon="-2.160323">
      <ele>531.7</ele>
    </trkpt>
    <trkpt lat="42.596408" lon="-2.160163">
      <ele>531.7</ele>
    </trkpt>
    <trkpt lat="42.596373" lon="-2.159012">
      <ele>532</ele>
    </trkpt>
    <trkpt lat="42.596247" lon="-2.156376">
      <ele>533.9</ele>
    </trkpt>
    <trkpt lat="42.59617" lon="-2.153455">
      <ele>523.2</ele>
    </trkpt>
    <trkpt lat="42.596404" lon="-2.151504">
      <ele>516.5</ele>
    </trkpt>
    <trkpt lat="42.596513" lon="-2.151375">
      <ele>516</ele>
    </trkpt>
    <trkpt lat="42.59671" lon="-2.150857">
      <ele>514.6</ele>
    </trkpt>
    <trkpt lat="42.596694" lon="-2.150636">
      <ele>514.1</ele>
    </trkpt>
    <trkpt lat="42.596625" lon="-2.150394">
      <ele>513.6</ele>
    </trkpt>
    <trkpt lat="42.596616" lon="-2.149542">
      <ele>512.3</ele>
    </trkpt>
    <trkpt lat="42.596677" lon="-2.148841">
      <ele>511.5</ele>
    </trkpt>
    <trkpt lat="42.596806" lon="-2.148443">
      <ele>511.1</ele>
    </trkpt>
    <trkpt lat="42.596846" lon="-2.148201">
      <ele>510.9</ele>
    </trkpt>
    <trkpt lat="42.596837" lon="-2.14742">
      <ele>510.3</ele>
    </trkpt>
    <trkpt lat="42.596774" lon="-2.146861">
      <ele>509.7</ele>
    </trkpt>
    <trkpt lat="42.596542" lon="-2.146226">
      <ele>509.2</ele>
    </trkpt>
    <trkpt lat="42.596493" lon="-2.145841">
      <ele>509</ele>
    </trkpt>
    <trkpt lat="42.596479" lon="-2.145601">
      <ele>508.9</ele>
    </trkpt>
    <trkpt lat="42.596495" lon="-2.145554">
      <ele>508.9</ele>
    </trkpt>
    <trkpt lat="42.597753" lon="-2.144572">
      <ele>510.9</ele>
    </trkpt>
    <trkpt lat="42.597815" lon="-2.14449">
      <ele>511.1</ele>
    </trkpt>
    <trkpt lat="42.597862" lon="-2.144408">
      <ele>511.2</ele>
    </trkpt>
    <trkpt lat="42.597906" lon="-2.14425">
      <ele>511.4</ele>
    </trkpt>
    <trkpt lat="42.598085" lon="-2.143316">
      <ele>512.4</ele>
    </trkpt>
    <trkpt lat="42.598227" lon="-2.142735">
      <ele>512.8</ele>
    </trkpt>
    <trkpt lat="42.599265" lon="-2.140027">
      <ele>514.6</ele>
    </trkpt>
    <trkpt lat="42.599332" lon="-2.13983">
      <ele>514.9</ele>
    </trkpt>
    <trkpt lat="42.599376" lon="-2.139605">
      <ele>515.2</ele>
    </trkpt>
    <trkpt lat="42.600045" lon="-2.133364">
      <ele>527.6</ele>
    </trkpt>
    <trkpt lat="42.600194" lon="-2.131076">
      <ele>524.6</ele>
    </trkpt>
    <trkpt lat="42.600444" lon="-2.127024">
      <ele>528.7</ele>
    </trkpt>
    <trkpt lat="42.600509" lon="-2.126687">
      <ele>529.8</ele>
    </trkpt>
    <trkpt lat="42.600563" lon="-2.126571">
      <ele>530.2</ele>
    </trkpt>
    <trkpt lat="42.600679" lon="-2.126413">
      <ele>531</ele>
    </trkpt>
    <trkpt lat="42.601666" lon="-2.125427">
      <ele>537.6</ele>
    </trkpt>
    <trkpt lat="42.602489" lon="-2.124684">
      <ele>541.4</ele>
    </trkpt>
    <trkpt lat="42.602675" lon="-2.124608">
      <ele>541.8</ele>
    </trkpt>
    <trkpt lat="42.6029" lon="-2.124573">
      <ele>542.2</ele>
    </trkpt>
    <trkpt lat="42.603066" lon="-2.124474">
      <ele>542.4</ele>
    </trkpt>
    <trkpt lat="42.60319" lon="-2.124271">
      <ele>542.5</ele>
    </trkpt>
    <trkpt lat="42.603424" lon="-2.123659">
      <ele>542.6</ele>
    </trkpt>
    <trkpt lat="42.60349" lon="-2.123432">
      <ele>542.5</ele>
    </trkpt>
    <trkpt lat="42.603516" lon="-2.123246">
      <ele>542.4</ele>
    </trkpt>
    <trkpt lat="42.603666" lon="-2.119632">
      <ele>539</ele>
    </trkpt>
    <trkpt lat="42.603697" lon="-2.119461">
      <ele>538.5</ele>
    </trkpt>
    <trkpt lat="42.603746" lon="-2.11933">
      <ele>538</ele>
    </trkpt>
    <trkpt lat="42.603913" lon="-2.119061">
      <ele>536.8</ele>
    </trkpt>
    <trkpt lat="42.60427" lon="-2.118629">
      <ele>534.7</ele>
    </trkpt>
    <trkpt lat="42.6044" lon="-2.118364">
      <ele>533.8</ele>
    </trkpt>
    <trkpt lat="42.604509" lon="-2.117874">
      <ele>532.7</ele>
    </trkpt>
    <trkpt lat="42.604651" lon="-2.11666">
      <ele>533.5</ele>
    </trkpt>
    <trkpt lat="42.604689" lon="-2.116517">
      <ele>533.9</ele>
    </trkpt>
    <trkpt lat="42.604827" lon="-2.116327">
      <ele>534.9</ele>
    </trkpt>
    <trkpt lat="42.605035" lon="-2.116243">
      <ele>536.1</ele>
    </trkpt>
    <trkpt lat="42.606026" lon="-2.116122">
      <ele>542.5</ele>
    </trkpt>
    <trkpt lat="42.606774" lon="-2.115927">
      <ele>546.2</ele>
    </trkpt>
    <trkpt lat="42.608143" lon="-2.115785">
      <ele>548.7</ele>
    </trkpt>
    <trkpt lat="42.608337" lon="-2.115576">
      <ele>548.7</ele>
    </trkpt>
    <trkpt lat="42.608683" lon="-2.114972">
      <ele>548.3</ele>
    </trkpt>
    <trkpt lat="42.608798" lon="-2.114823">
      <ele>548.2</ele>
    </trkpt>
    <trkpt lat="42.609272" lon="-2.114444">
      <ele>547.3</ele>
    </trkpt>
    <trkpt lat="42.609416" lon="-2.11438">
      <ele>547</ele>
    </trkpt>
    <trkpt lat="42.610323" lon="-2.114133">
      <ele>545.3</ele>
    </trkpt>
    <trkpt lat="42.610764" lon="-2.114068">
      <ele>544.7</ele>
    </trkpt>
    <trkpt lat="42.611438" lon="-2.113789">
      <ele>544.2</ele>
    </trkpt>
    <trkpt lat="42.612403" lon="-2.113363">
      <ele>544.8</ele>
    </trkpt>
    <trkpt lat="42.612667" lon="-2.113297">
      <ele>545.4</ele>
    </trkpt>
    <trkpt lat="42.612935" lon="-2.113349">
      <ele>546.1</ele>
    </trkpt>
    <trkpt lat="42.613707" lon="-2.11369">
      <ele>548.4</ele>
    </trkpt>
    <trkpt lat="42.613842" lon="-2.113724">
      <ele>548.8</ele>
    </trkpt>
    <trkpt lat="42.614051" lon="-2.113709">
      <ele>549.4</ele>
    </trkpt>
    <trkpt lat="42.614398" lon="-2.113446">
      <ele>550.3</ele>
    </trkpt>
    <trkpt lat="42.614505" lon="-2.113362">
      <ele>550.6</ele>
    </trkpt>
    <trkpt lat="42.615926" lon="-2.111709">
      <ele>554</ele>
    </trkpt>
    <trkpt lat="42.616782" lon="-2.110501">
      <ele>556.8</ele>
    </trkpt>
    <trkpt lat="42.616873" lon="-2.110406">
      <ele>557.1</ele>
    </trkpt>
    <trkpt lat="42.616961" lon="-2.110263">
      <ele>557.5</ele>
    </trkpt>
    <trkpt lat="42.617715" lon="-2.108843">
      <ele>561.8</ele>
    </trkpt>
    <trkpt lat="42.618214" lon="-2.108043">
      <ele>565</ele>
    </trkpt>
    <trkpt lat="42.618535" lon="-2.107508">
      <ele>567.3</ele>
    </trkpt>
    <trkpt lat="42.618592" lon="-2.107377">
      <ele>567.9</ele>
    </trkpt>
    <trkpt lat="42.619044" lon="-2.105735">
      <ele>574.4</ele>
    </trkpt>
    <trkpt lat="42.619201" lon="-2.105276">
      <ele>576.2</ele>
    </trkpt>
    <trkpt lat="42.61957" lon="-2.104355">
      <ele>579.4</ele>
    </trkpt>
    <trkpt lat="42.620713" lon="-2.102695">
      <ele>584.6</ele>
    </trkpt>
    <trkpt lat="42.620948" lon="-2.102372">
      <ele>585.9</ele>
    </trkpt>
    <trkpt lat="42.621123" lon="-2.102225">
      <ele>586.8</ele>
    </trkpt>
    <trkpt lat="42.621277" lon="-2.102181">
      <ele>587.6</ele>
    </trkpt>
    <trkpt lat="42.621844" lon="-2.102107">
      <ele>590.6</ele>
    </trkpt>
    <trkpt lat="42.62232" lon="-2.102075">
      <ele>593.7</ele>
    </trkpt>
    <trkpt lat="42.622473" lon="-2.102081">
      <ele>594.7</ele>
    </trkpt>
    <trkpt lat="42.624117" lon="-2.102618">
      <ele>608</ele>
    </trkpt>
    <trkpt lat="42.624523" lon="-2.102714">
      <ele>611.3</ele>
    </trkpt>
    <trkpt lat="42.624738" lon="-2.102676">
      <ele>613.1</ele>
    </trkpt>
    <trkpt lat="42.626561" lon="-2.101266">
      <ele>628.9</ele>
    </trkpt>
    <trkpt lat="42.627284" lon="-2.10224">
      <ele>637.2</ele>
    </trkpt>
    <trkpt lat="42.627371" lon="-2.102319">
      <ele>638</ele>
    </trkpt>
    <trkpt lat="42.627558" lon="-2.102369">
      <ele>639.4</ele>
    </trkpt>
    <trkpt lat="42.627952" lon="-2.102355">
      <ele>642.1</ele>
    </trkpt>
    <trkpt lat="42.628047" lon="-2.102448">
      <ele>642.9</ele>
    </trkpt>
    <trkpt lat="42.628058" lon="-2.102522">
      <ele>643.3</ele>
    </trkpt>
    <trkpt lat="42.628038" lon="-2.102625">
      <ele>643.8</ele>
    </trkpt>
    <trkpt lat="42.627672" lon="-2.103177">
      <ele>647.3</ele>
    </trkpt>
    <trkpt lat="42.62764" lon="-2.103292">
      <ele>647.9</ele>
    </trkpt>
    <trkpt lat="42.627671" lon="-2.103339">
      <ele>648.2</ele>
    </trkpt>
    <trkpt lat="42.627769" lon="-2.103357">
      <ele>648.8</ele>
    </trkpt>
    <trkpt lat="42.628047" lon="-2.103231">
      <ele>650.8</ele>
    </trkpt>
    <trkpt lat="42.628424" lon="-2.103089">
      <ele>653.4</ele>
    </trkpt>
    <trkpt lat="42.628736" lon="-2.10305">
      <ele>655.2</ele>
    </trkpt>
    <trkpt lat="42.628968" lon="-2.10302">
      <ele>656.2</ele>
    </trkpt>
    <trkpt lat="42.629332" lon="-2.102866">
      <ele>657.3</ele>
    </trkpt>
    <trkpt lat="42.629388" lon="-2.102686">
      <ele>657.7</ele>
    </trkpt>
    <trkpt lat="42.62945" lon="-2.102298">
      <ele>658.1</ele>
    </trkpt>
    <trkpt lat="42.629461" lon="-2.102096">
      <ele>658.2</ele>
    </trkpt>
    <trkpt lat="42.629478" lon="-2.101917">
      <ele>658.3</ele>
    </trkpt>
    <trkpt lat="42.6296" lon="-2.10147">
      <ele>658.1</ele>
    </trkpt>
    <trkpt lat="42.629802" lon="-2.10101">
      <ele>657.6</ele>
    </trkpt>
    <trkpt lat="42.630091" lon="-2.100647">
      <ele>657.3</ele>
    </trkpt>
    <trkpt lat="42.630528" lon="-2.100271">
      <ele>656.7</ele>
    </trkpt>
    <trkpt lat="42.630597" lon="-2.100185">
      <ele>656.5</ele>
    </trkpt>
    <trkpt lat="42.630772" lon="-2.09983">
      <ele>655.5</ele>
    </trkpt>
    <trkpt lat="42.630879" lon="-2.099223">
      <ele>653.4</ele>
    </trkpt>
    <trkpt lat="42.630983" lon="-2.098943">
      <ele>652.1</ele>
    </trkpt>
    <trkpt lat="42.631169" lon="-2.098788">
      <ele>650.6</ele>
    </trkpt>
    <trkpt lat="42.631508" lon="-2.098644">
      <ele>648</ele>
    </trkpt>
    <trkpt lat="42.631703" lon="-2.098476">
      <ele>646.2</ele>
    </trkpt>
    <trkpt lat="42.631834" lon="-2.098269">
      <ele>644.5</ele>
    </trkpt>
    <trkpt lat="42.631956" lon="-2.097883">
      <ele>641.9</ele>
    </trkpt>
    <trkpt lat="42.632102" lon="-2.097696">
      <ele>640.1</ele>
    </trkpt>
    <trkpt lat="42.632144" lon="-2.097625">
      <ele>639.5</ele>
    </trkpt>
    <trkpt lat="42.632153" lon="-2.097557">
      <ele>639</ele>
    </trkpt>
    <trkpt lat="42.632116" lon="-2.097">
      <ele>635.3</ele>
    </trkpt>
    <trkpt lat="42.632119" lon="-2.096471">
      <ele>631.7</ele>
    </trkpt>
    <trkpt lat="42.632082" lon="-2.096168">
      <ele>629.5</ele>
    </trkpt>
    <trkpt lat="42.632022" lon="-2.09595">
      <ele>628</ele>
    </trkpt>
    <trkpt lat="42.631817" lon="-2.095537">
      <ele>624.6</ele>
    </trkpt>
    <trkpt lat="42.631801" lon="-2.095468">
      <ele>624.1</ele>
    </trkpt>
    <trkpt lat="42.631809" lon="-2.095086">
      <ele>621.5</ele>
    </trkpt>
    <trkpt lat="42.631882" lon="-2.09485">
      <ele>619.8</ele>
    </trkpt>
    <trkpt lat="42.631905" lon="-2.09469">
      <ele>618.6</ele>
    </trkpt>
    <trkpt lat="42.63194" lon="-2.09461">
      <ele>618</ele>
    </trkpt>
    <trkpt lat="42.63201" lon="-2.094542">
      <ele>617.1</ele>
    </trkpt>
    <trkpt lat="42.632165" lon="-2.094224">
      <ele>614.3</ele>
    </trkpt>
    <trkpt lat="42.632277" lon="-2.093744">
      <ele>610</ele>
    </trkpt>
    <trkpt lat="42.632497" lon="-2.093421">
      <ele>605.9</ele>
    </trkpt>
    <trkpt lat="42.632635" lon="-2.093082">
      <ele>602.1</ele>
    </trkpt>
    <trkpt lat="42.632721" lon="-2.092984">
      <ele>600.5</ele>
    </trkpt>
    <trkpt lat="42.632979" lon="-2.092446">
      <ele>594.2</ele>
    </trkpt>
    <trkpt lat="42.633136" lon="-2.091972">
      <ele>589.2</ele>
    </trkpt>
    <trkpt lat="42.633177" lon="-2.091778">
      <ele>587.3</ele>
    </trkpt>
    <trkpt lat="42.633185" lon="-2.091458">
      <ele>584.5</ele>
    </trkpt>
    <trkpt lat="42.633155" lon="-2.09087">
      <ele>580</ele>
    </trkpt>
    <trkpt lat="42.633234" lon="-2.09043">
      <ele>577.1</ele>
    </trkpt>
    <trkpt lat="42.633311" lon="-2.090235">
      <ele>575.7</ele>
    </trkpt>
    <trkpt lat="42.633448" lon="-2.09007">
      <ele>574.2</ele>
    </trkpt>
    <trkpt lat="42.633733" lon="-2.089809">
      <ele>571.6</ele>
    </trkpt>
    <trkpt lat="42.634011" lon="-2.089467">
      <ele>569.5</ele>
    </trkpt>
    <trkpt lat="42.634369" lon="-2.089373">
      <ele>568.4</ele>
    </trkpt>
    <trkpt lat="42.634424" lon="-2.089309">
      <ele>568.3</ele>
    </trkpt>
    <trkpt lat="42.634308" lon="-2.089079">
      <ele>568.2</ele>
    </trkpt>
    <trkpt lat="42.634023" lon="-2.088745">
      <ele>568.7</ele>
    </trkpt>
    <trkpt lat="42.633955" lon="-2.088141">
      <ele>570.5</ele>
    </trkpt>
    <trkpt lat="42.634566" lon="-2.087335">
      <ele>575.6</ele>
    </trkpt>
    <trkpt lat="42.634748" lon="-2.087213">
      <ele>576.5</ele>
    </trkpt>
    <trkpt lat="42.634949" lon="-2.087146">
      <ele>577.2</ele>
    </trkpt>
    <trkpt lat="42.635174" lon="-2.087145">
      <ele>577.7</ele>
    </trkpt>
    <trkpt lat="42.635405" lon="-2.087177">
      <ele>577.5</ele>
    </trkpt>
    <trkpt lat="42.635464" lon="-2.087152">
      <ele>577.3</ele>
    </trkpt>
    <trkpt lat="42.635642" lon="-2.087014">
      <ele>576.4</ele>
    </trkpt>
    <trkpt lat="42.63575" lon="-2.086886">
      <ele>575.5</ele>
    </trkpt>
    <trkpt lat="42.635799" lon="-2.086742">
      <ele>574.6</ele>
    </trkpt>
    <trkpt lat="42.635745" lon="-2.086553">
      <ele>573.4</ele>
    </trkpt>
    <trkpt lat="42.635731" lon="-2.086424">
      <ele>572.6</ele>
    </trkpt>
    <trkpt lat="42.635793" lon="-2.086282">
      <ele>571.5</ele>
    </trkpt>
    <trkpt lat="42.635898" lon="-2.086108">
      <ele>570.1</ele>
    </trkpt>
    <trkpt lat="42.636096" lon="-2.085778">
      <ele>567.4</ele>
    </trkpt>
    <trkpt lat="42.636312" lon="-2.085402">
      <ele>564.7</ele>
    </trkpt>
    <trkpt lat="42.636378" lon="-2.085262">
      <ele>563.7</ele>
    </trkpt>
    <trkpt lat="42.636503" lon="-2.084704">
      <ele>561.3</ele>
    </trkpt>
    <trkpt lat="42.636661" lon="-2.08423">
      <ele>560.4</ele>
    </trkpt>
    <trkpt lat="42.637093" lon="-2.083416">
      <ele>558.9</ele>
    </trkpt>
    <trkpt lat="42.637229" lon="-2.083237">
      <ele>558.1</ele>
    </trkpt>
    <trkpt lat="42.637337" lon="-2.083152">
      <ele>557.5</ele>
    </trkpt>
    <trkpt lat="42.637667" lon="-2.083049">
      <ele>555.6</ele>
    </trkpt>
    <trkpt lat="42.637766" lon="-2.083052">
      <ele>554.9</ele>
    </trkpt>
    <trkpt lat="42.637895" lon="-2.083113">
      <ele>554.1</ele>
    </trkpt>
    <trkpt lat="42.638539" lon="-2.083715">
      <ele>550.8</ele>
    </trkpt>
    <trkpt lat="42.638678" lon="-2.083785">
      <ele>550.6</ele>
    </trkpt>
    <trkpt lat="42.638693" lon="-2.083348">
      <ele>550.8</ele>
    </trkpt>
    <trkpt lat="42.638841" lon="-2.082723">
      <ele>552.5</ele>
    </trkpt>
    <trkpt lat="42.638834" lon="-2.082586">
      <ele>553.1</ele>
    </trkpt>
    <trkpt lat="42.638685" lon="-2.082008">
      <ele>556.1</ele>
    </trkpt>
    <trkpt lat="42.63863" lon="-2.081895">
      <ele>556.8</ele>
    </trkpt>
    <trkpt lat="42.638368" lon="-2.081555">
      <ele>559.6</ele>
    </trkpt>
    <trkpt lat="42.637878" lon="-2.081138">
      <ele>564.7</ele>
    </trkpt>
    <trkpt lat="42.637881" lon="-2.081073">
      <ele>565.1</ele>
    </trkpt>
    <trkpt lat="42.637536" lon="-2.080663">
      <ele>569.3</ele>
    </trkpt>
    <trkpt lat="42.637562" lon="-2.080612">
      <ele>569.8</ele>
    </trkpt>
    <trkpt lat="42.637652" lon="-2.080616">
      <ele>570.6</ele>
    </trkpt>
    <trkpt lat="42.637729" lon="-2.08057">
      <ele>571.4</ele>
    </trkpt>
    <trkpt lat="42.637777" lon="-2.0805">
      <ele>572</ele>
    </trkpt>
    <trkpt lat="42.637809" lon="-2.080339">
      <ele>573.1</ele>
    </trkpt>
    <trkpt lat="42.637872" lon="-2.079879">
      <ele>576.2</ele>
    </trkpt>
    <trkpt lat="42.637857" lon="-2.07956">
      <ele>578.1</ele>
    </trkpt>
    <trkpt lat="42.637871" lon="-2.079447">
      <ele>578.7</ele>
    </trkpt>
    <trkpt lat="42.638049" lon="-2.078983">
      <ele>581.3</ele>
    </trkpt>
    <trkpt lat="42.638049" lon="-2.078888">
      <ele>581.7</ele>
    </trkpt>
    <trkpt lat="42.637961" lon="-2.078546">
      <ele>583.2</ele>
    </trkpt>
    <trkpt lat="42.63795" lon="-2.078409">
      <ele>583.7</ele>
    </trkpt>
    <trkpt lat="42.637974" lon="-2.077951">
      <ele>585.2</ele>
    </trkpt>
    <trkpt lat="42.638045" lon="-2.077684">
      <ele>586</ele>
    </trkpt>
    <trkpt lat="42.638199" lon="-2.077099">
      <ele>587.6</ele>
    </trkpt>
    <trkpt lat="42.638529" lon="-2.075559">
      <ele>591.1</ele>
    </trkpt>
    <trkpt lat="42.638902" lon="-2.074976">
      <ele>592.7</ele>
    </trkpt>
    <trkpt lat="42.638975" lon="-2.074485">
      <ele>593.7</ele>
    </trkpt>
    <trkpt lat="42.638996" lon="-2.074124">
      <ele>594</ele>
    </trkpt>
    <trkpt lat="42.639089" lon="-2.073575">
      <ele>593.8</ele>
    </trkpt>
    <trkpt lat="42.639115" lon="-2.073168">
      <ele>593.3</ele>
    </trkpt>
    <trkpt lat="42.639177" lon="-2.07267">
      <ele>592.2</ele>
    </trkpt>
    <trkpt lat="42.639232" lon="-2.072617">
      <ele>591.9</ele>
    </trkpt>
    <trkpt lat="42.639659" lon="-2.07272">
      <ele>589.5</ele>
    </trkpt>
    <trkpt lat="42.63976" lon="-2.072809">
      <ele>588.7</ele>
    </trkpt>
    <trkpt lat="42.639852" lon="-2.072777">
      <ele>588</ele>
    </trkpt>
    <trkpt lat="42.640058" lon="-2.0728">
      <ele>586.5</ele>
    </trkpt>
    <trkpt lat="42.640189" lon="-2.072907">
      <ele>585.4</ele>
    </trkpt>
    <trkpt lat="42.640379" lon="-2.072888">
      <ele>584.2</ele>
    </trkpt>
    <trkpt lat="42.640476" lon="-2.072973">
      <ele>583.4</ele>
    </trkpt>
    <trkpt lat="42.640547" lon="-2.072966">
      <ele>583</ele>
    </trkpt>
    <trkpt lat="42.640615" lon="-2.073005">
      <ele>582.5</ele>
    </trkpt>
    <trkpt lat="42.640722" lon="-2.073236">
      <ele>581.4</ele>
    </trkpt>
    <trkpt lat="42.640776" lon="-2.07323">
      <ele>581</ele>
    </trkpt>
    <trkpt lat="42.640854" lon="-2.073066">
      <ele>580.2</ele>
    </trkpt>
    <trkpt lat="42.640901" lon="-2.072658">
      <ele>578.7</ele>
    </trkpt>
    <trkpt lat="42.640936" lon="-2.072518">
      <ele>578.3</ele>
    </trkpt>
    <trkpt lat="42.641" lon="-2.072405">
      <ele>577.9</ele>
    </trkpt>
    <trkpt lat="42.641355" lon="-2.071786">
      <ele>577.1</ele>
    </trkpt>
    <trkpt lat="42.641641" lon="-2.07116">
      <ele>578</ele>
    </trkpt>
    <trkpt lat="42.641802" lon="-2.070708">
      <ele>579.6</ele>
    </trkpt>
    <trkpt lat="42.641894" lon="-2.070377">
      <ele>581.2</ele>
    </trkpt>
    <trkpt lat="42.641863" lon="-2.070112">
      <ele>582.3</ele>
    </trkpt>
    <trkpt lat="42.641861" lon="-2.069848">
      <ele>583.3</ele>
    </trkpt>
    <trkpt lat="42.641923" lon="-2.069371">
      <ele>584.9</ele>
    </trkpt>
    <trkpt lat="42.641906" lon="-2.069063">
      <ele>585.7</ele>
    </trkpt>
    <trkpt lat="42.641916" lon="-2.06897">
      <ele>585.8</ele>
    </trkpt>
    <trkpt lat="42.64196" lon="-2.068596">
      <ele>586.3</ele>
    </trkpt>
    <trkpt lat="42.642025" lon="-2.068371">
      <ele>586.3</ele>
    </trkpt>
    <trkpt lat="42.642205" lon="-2.067979">
      <ele>585.8</ele>
    </trkpt>
    <trkpt lat="42.642506" lon="-2.067353">
      <ele>584</ele>
    </trkpt>
    <trkpt lat="42.642668" lon="-2.06684">
      <ele>582.5</ele>
    </trkpt>
    <trkpt lat="42.643187" lon="-2.065736">
      <ele>579.5</ele>
    </trkpt>
    <trkpt lat="42.643283" lon="-2.06564">
      <ele>579.3</ele>
    </trkpt>
    <trkpt lat="42.643673" lon="-2.06497">
      <ele>577.8</ele>
    </trkpt>
    <trkpt lat="42.643916" lon="-2.064609">
      <ele>576.8</ele>
    </trkpt>
    <trkpt lat="42.64439" lon="-2.063553">
      <ele>574.7</ele>
    </trkpt>
    <trkpt lat="42.644552" lon="-2.063132">
      <ele>574</ele>
    </trkpt>
    <trkpt lat="42.644789" lon="-2.062629">
      <ele>573.5</ele>
    </trkpt>
    <trkpt lat="42.64484" lon="-2.062512">
      <ele>573.4</ele>
    </trkpt>
    <trkpt lat="42.644899" lon="-2.062377">
      <ele>573.3</ele>
    </trkpt>
    <trkpt lat="42.645168" lon="-2.06148">
      <ele>572.8</ele>
    </trkpt>
    <trkpt lat="42.645269" lon="-2.060864">
      <ele>572.6</ele>
    </trkpt>
    <trkpt lat="42.645382" lon="-2.060504">
      <ele>572.8</ele>
    </trkpt>
    <trkpt lat="42.645486" lon="-2.0602">
      <ele>572.8</ele>
    </trkpt>
    <trkpt lat="42.64553" lon="-2.059995">
      <ele>572.8</ele>
    </trkpt>
    <trkpt lat="42.64508" lon="-2.059533">
      <ele>572.6</ele>
    </trkpt>
    <trkpt lat="42.646101" lon="-2.056795">
      <ele>567.9</ele>
    </trkpt>
    <trkpt lat="42.646314" lon="-2.057091">
      <ele>567.1</ele>
    </trkpt>
    <trkpt lat="42.646679" lon="-2.056349">
      <ele>564.9</ele>
    </trkpt>
    <trkpt lat="42.646913" lon="-2.055789">
      <ele>563</ele>
    </trkpt>
    <trkpt lat="42.646993" lon="-2.055402">
      <ele>561.8</ele>
    </trkpt>
    <trkpt lat="42.64761" lon="-2.055532">
      <ele>559</ele>
    </trkpt>
    <trkpt lat="42.647777" lon="-2.055526">
      <ele>558.3</ele>
    </trkpt>
    <trkpt lat="42.647946" lon="-2.055427">
      <ele>557.4</ele>
    </trkpt>
    <trkpt lat="42.648175" lon="-2.055235">
      <ele>556.3</ele>
    </trkpt>
    <trkpt lat="42.649917" lon="-2.053551">
      <ele>547.4</ele>
    </trkpt>
    <trkpt lat="42.650908" lon="-2.052272">
      <ele>539</ele>
    </trkpt>
    <trkpt lat="42.651343" lon="-2.051413">
      <ele>532.9</ele>
    </trkpt>
    <trkpt lat="42.652126" lon="-2.049568">
      <ele>519.5</ele>
    </trkpt>
    <trkpt lat="42.65246" lon="-2.048633">
      <ele>514.6</ele>
    </trkpt>
    <trkpt lat="42.652715" lon="-2.04856">
      <ele>513.2</ele>
    </trkpt>
    <trkpt lat="42.652722" lon="-2.04845">
      <ele>512.8</ele>
    </trkpt>
    <trkpt lat="42.652807" lon="-2.048553">
      <ele>512.2</ele>
    </trkpt>
    <trkpt lat="42.653139" lon="-2.048772">
      <ele>510.4</ele>
    </trkpt>
    <trkpt lat="42.653762" lon="-2.049332">
      <ele>507.2</ele>
    </trkpt>
    <trkpt lat="42.653974" lon="-2.049433">
      <ele>506.5</ele>
    </trkpt>
    <trkpt lat="42.654565" lon="-2.049566">
      <ele>504.6</ele>
    </trkpt>
    <trkpt lat="42.654779" lon="-2.049747">
      <ele>504.2</ele>
    </trkpt>
    <trkpt lat="42.654842" lon="-2.049763">
      <ele>504.1</ele>
    </trkpt>
    <trkpt lat="42.654908" lon="-2.049731">
      <ele>504.1</ele>
    </trkpt>
    <trkpt lat="42.654963" lon="-2.050642">
      <ele>504.8</ele>
    </trkpt>
    <trkpt lat="42.655071" lon="-2.050706">
      <ele>505.1</ele>
    </trkpt>
    <trkpt lat="42.655127" lon="-2.050782">
      <ele>505.4</ele>
    </trkpt>
    <trkpt lat="42.655325" lon="-2.050883">
      <ele>506.3</ele>
    </trkpt>
    <trkpt lat="42.655464" lon="-2.050946">
      <ele>507</ele>
    </trkpt>
    <trkpt lat="42.655581" lon="-2.050924">
      <ele>507.7</ele>
    </trkpt>
    <trkpt lat="42.655747" lon="-2.050795">
      <ele>509</ele>
    </trkpt>
    <trkpt lat="42.655903" lon="-2.050738">
      <ele>510.2</ele>
    </trkpt>
    <trkpt lat="42.656202" lon="-2.050513">
      <ele>513.3</ele>
    </trkpt>
    <trkpt lat="42.656485" lon="-2.050358">
      <ele>516.2</ele>
    </trkpt>
    <trkpt lat="42.656865" lon="-2.050252">
      <ele>520.3</ele>
    </trkpt>
    <trkpt lat="42.657148" lon="-2.050009">
      <ele>524.1</ele>
    </trkpt>
    <trkpt lat="42.657229" lon="-2.049881">
      <ele>525.5</ele>
    </trkpt>
    <trkpt lat="42.657518" lon="-2.049757">
      <ele>528.5</ele>
    </trkpt>
    <trkpt lat="42.657956" lon="-2.049178">
      <ele>533.3</ele>
    </trkpt>
    <trkpt lat="42.6582" lon="-2.049222">
      <ele>534.6</ele>
    </trkpt>
    <trkpt lat="42.658385" lon="-2.049377">
      <ele>535.5</ele>
    </trkpt>
    <trkpt lat="42.658613" lon="-2.049739">
      <ele>536.3</ele>
    </trkpt>
    <trkpt lat="42.658714" lon="-2.049854">
      <ele>536.4</ele>
    </trkpt>
    <trkpt lat="42.659094" lon="-2.049987">
      <ele>536.5</ele>
    </trkpt>
    <trkpt lat="42.659191" lon="-2.050133">
      <ele>536.9</ele>
    </trkpt>
    <trkpt lat="42.659185" lon="-2.050194">
      <ele>537.1</ele>
    </trkpt>
    <trkpt lat="42.659123" lon="-2.050318">
      <ele>537.6</ele>
    </trkpt>
    <trkpt lat="42.659149" lon="-2.050407">
      <ele>537.9</ele>
    </trkpt>
    <trkpt lat="42.659479" lon="-2.050676">
      <ele>540.1</ele>
    </trkpt>
    <trkpt lat="42.659714" lon="-2.050831">
      <ele>541.9</ele>
    </trkpt>
    <trkpt lat="42.659773" lon="-2.050791">
      <ele>542.6</ele>
    </trkpt>
    <trkpt lat="42.660019" lon="-2.050987">
      <ele>545.5</ele>
    </trkpt>
    <trkpt lat="42.660179" lon="-2.050967">
      <ele>547.3</ele>
    </trkpt>
    <trkpt lat="42.660308" lon="-2.050889">
      <ele>549</ele>
    </trkpt>
    <trkpt lat="42.660593" lon="-2.050967">
      <ele>552.9</ele>
    </trkpt>
    <trkpt lat="42.660685" lon="-2.050965">
      <ele>554.2</ele>
    </trkpt>
    <trkpt lat="42.66092" lon="-2.05104">
      <ele>557.4</ele>
    </trkpt>
    <trkpt lat="42.660979" lon="-2.051006">
      <ele>558.1</ele>
    </trkpt>
    <trkpt lat="42.661196" lon="-2.050689">
      <ele>561.5</ele>
    </trkpt>
    <trkpt lat="42.661329" lon="-2.050685">
      <ele>562.7</ele>
    </trkpt>
    <trkpt lat="42.661388" lon="-2.050648">
      <ele>563.3</ele>
    </trkpt>
    <trkpt lat="42.661475" lon="-2.050593">
      <ele>564.1</ele>
    </trkpt>
    <trkpt lat="42.661563" lon="-2.050417">
      <ele>565.1</ele>
    </trkpt>
    <trkpt lat="42.661683" lon="-2.050306">
      <ele>565.9</ele>
    </trkpt>
    <trkpt lat="42.661792" lon="-2.05011">
      <ele>566.4</ele>
    </trkpt>
    <trkpt lat="42.661979" lon="-2.049956">
      <ele>566.4</ele>
    </trkpt>
    <trkpt lat="42.662044" lon="-2.04994">
      <ele>566.3</ele>
    </trkpt>
    <trkpt lat="42.662231" lon="-2.049879">
      <ele>565.6</ele>
    </trkpt>
    <trkpt lat="42.662222" lon="-2.049746">
      <ele>565.2</ele>
    </trkpt>
    <trkpt lat="42.662161" lon="-2.049623">
      <ele>564.5</ele>
    </trkpt>
    <trkpt lat="42.662129" lon="-2.049493">
      <ele>563.8</ele>
    </trkpt>
    <trkpt lat="42.662151" lon="-2.04937">
      <ele>563</ele>
    </trkpt>
    <trkpt lat="42.662114" lon="-2.04924">
      <ele>562</ele>
    </trkpt>
    <trkpt lat="42.661948" lon="-2.048891">
      <ele>558.7</ele>
    </trkpt>
    <trkpt lat="42.661875" lon="-2.048851">
      <ele>557.8</ele>
    </trkpt>
    <trkpt lat="42.661777" lon="-2.048878">
      <ele>556.7</ele>
    </trkpt>
    <trkpt lat="42.661668" lon="-2.048957">
      <ele>555.3</ele>
    </trkpt>
    <trkpt lat="42.661623" lon="-2.048918">
      <ele>554.7</ele>
    </trkpt>
    <trkpt lat="42.661594" lon="-2.048839">
      <ele>554</ele>
    </trkpt>
    <trkpt lat="42.661512" lon="-2.048728">
      <ele>552.7</ele>
    </trkpt>
    <trkpt lat="42.66142" lon="-2.048684">
      <ele>551.8</ele>
    </trkpt>
    <trkpt lat="42.661354" lon="-2.048605">
      <ele>551</ele>
    </trkpt>
    <trkpt lat="42.661301" lon="-2.048472">
      <ele>550.1</ele>
    </trkpt>
    <trkpt lat="42.661297" lon="-2.048362">
      <ele>549.5</ele>
    </trkpt>
    <trkpt lat="42.661333" lon="-2.048223">
      <ele>548.9</ele>
    </trkpt>
    <trkpt lat="42.661278" lon="-2.047935">
      <ele>547.8</ele>
    </trkpt>
    <trkpt lat="42.6613" lon="-2.047615">
      <ele>546.7</ele>
    </trkpt>
    <trkpt lat="42.661277" lon="-2.047311">
      <ele>545.6</ele>
    </trkpt>
    <trkpt lat="42.661224" lon="-2.047116">
      <ele>545.1</ele>
    </trkpt>
    <trkpt lat="42.661033" lon="-2.046762">
      <ele>544.2</ele>
    </trkpt>
    <trkpt lat="42.661006" lon="-2.046722">
      <ele>544.2</ele>
    </trkpt>
    <trkpt lat="42.66105" lon="-2.046688">
      <ele>544.1</ele>
    </trkpt>
    <trkpt lat="42.661041" lon="-2.046612">
      <ele>544</ele>
    </trkpt>
    <trkpt lat="42.660984" lon="-2.046519">
      <ele>543.9</ele>
    </trkpt>
    <trkpt lat="42.660988" lon="-2.046458">
      <ele>543.7</ele>
    </trkpt>
    <trkpt lat="42.660948" lon="-2.046313">
      <ele>543.5</ele>
    </trkpt>
    <trkpt lat="42.660948" lon="-2.046223">
      <ele>543.3</ele>
    </trkpt>
    <trkpt lat="42.660994" lon="-2.046154">
      <ele>543.1</ele>
    </trkpt>
    <trkpt lat="42.661288" lon="-2.046213">
      <ele>542.3</ele>
    </trkpt>
    <trkpt lat="42.661404" lon="-2.046115">
      <ele>541.9</ele>
    </trkpt>
    <trkpt lat="42.661483" lon="-2.046105">
      <ele>541.6</ele>
    </trkpt>
    <trkpt lat="42.661668" lon="-2.046286">
      <ele>540.9</ele>
    </trkpt>
    <trkpt lat="42.661778" lon="-2.046224">
      <ele>540.4</ele>
    </trkpt>
    <trkpt lat="42.661917" lon="-2.04605">
      <ele>539.6</ele>
    </trkpt>
    <trkpt lat="42.662068" lon="-2.045918">
      <ele>539</ele>
    </trkpt>
    <trkpt lat="42.662329" lon="-2.045505">
      <ele>537.2</ele>
    </trkpt>
    <trkpt lat="42.662452" lon="-2.045439">
      <ele>536.6</ele>
    </trkpt>
    <trkpt lat="42.662239" lon="-2.045127">
      <ele>534.8</ele>
    </trkpt>
    <trkpt lat="42.662219" lon="-2.045039">
      <ele>534.4</ele>
    </trkpt>
    <trkpt lat="42.662237" lon="-2.044668">
      <ele>532.8</ele>
    </trkpt>
    <trkpt lat="42.662151" lon="-2.044382">
      <ele>531.2</ele>
    </trkpt>
    <trkpt lat="42.662107" lon="-2.044198">
      <ele>530.1</ele>
    </trkpt>
    <trkpt lat="42.662095" lon="-2.043957">
      <ele>528.6</ele>
    </trkpt>
    <trkpt lat="42.662191" lon="-2.043496">
      <ele>526</ele>
    </trkpt>
    <trkpt lat="42.662175" lon="-2.043357">
      <ele>525.3</ele>
    </trkpt>
    <trkpt lat="42.662065" lon="-2.043077">
      <ele>523.9</ele>
    </trkpt>
    <trkpt lat="42.662019" lon="-2.042859">
      <ele>523</ele>
    </trkpt>
    <trkpt lat="42.661914" lon="-2.04261">
      <ele>521.8</ele>
    </trkpt>
    <trkpt lat="42.661863" lon="-2.042379">
      <ele>520.7</ele>
    </trkpt>
    <trkpt lat="42.661784" lon="-2.042184">
      <ele>519.7</ele>
    </trkpt>
    <trkpt lat="42.661771" lon="-2.041938">
      <ele>518.5</ele>
    </trkpt>
    <trkpt lat="42.661727" lon="-2.041678">
      <ele>517.2</ele>
    </trkpt>
    <trkpt lat="42.661561" lon="-2.04158">
      <ele>515.9</ele>
    </trkpt>
    <trkpt lat="42.661548" lon="-2.041523">
      <ele>515.6</ele>
    </trkpt>
    <trkpt lat="42.661435" lon="-2.041471">
      <ele>514.8</ele>
    </trkpt>
    <trkpt lat="42.661412" lon="-2.041427">
      <ele>514.5</ele>
    </trkpt>
    <trkpt lat="42.661431" lon="-2.041253">
      <ele>513.5</ele>
    </trkpt>
    <trkpt lat="42.66141" lon="-2.041172">
      <ele>513.1</ele>
    </trkpt>
    <trkpt lat="42.661418" lon="-2.041024">
      <ele>512.2</ele>
    </trkpt>
    <trkpt lat="42.661349" lon="-2.040975">
      <ele>511.7</ele>
    </trkpt>
    <trkpt lat="42.661336" lon="-2.040903">
      <ele>511.2</ele>
    </trkpt>
    <trkpt lat="42.661355" lon="-2.040713">
      <ele>510.1</ele>
    </trkpt>
    <trkpt lat="42.661338" lon="-2.040563">
      <ele>509.2</ele>
    </trkpt>
    <trkpt lat="42.661441" lon="-2.040386">
      <ele>507.7</ele>
    </trkpt>
    <trkpt lat="42.661527" lon="-2.040308">
      <ele>506.8</ele>
    </trkpt>
    <trkpt lat="42.661563" lon="-2.040142">
      <ele>505.8</ele>
    </trkpt>
    <trkpt lat="42.661554" lon="-2.039944">
      <ele>504.8</ele>
    </trkpt>
    <trkpt lat="42.661483" lon="-2.039828">
      <ele>504.1</ele>
    </trkpt>
    <trkpt lat="42.661494" lon="-2.039738">
      <ele>503.7</ele>
    </trkpt>
    <trkpt lat="42.661433" lon="-2.03961">
      <ele>503.1</ele>
    </trkpt>
    <trkpt lat="42.661206" lon="-2.039374">
      <ele>501.7</ele>
    </trkpt>
    <trkpt lat="42.661099" lon="-2.039179">
      <ele>501</ele>
    </trkpt>
    <trkpt lat="42.661168" lon="-2.039198">
      <ele>500.8</ele>
    </trkpt>
    <trkpt lat="42.661403" lon="-2.039065">
      <ele>500.1</ele>
    </trkpt>
    <trkpt lat="42.661634" lon="-2.038795">
      <ele>499.5</ele>
    </trkpt>
    <trkpt lat="42.661813" lon="-2.038482">
      <ele>499</ele>
    </trkpt>
    <trkpt lat="42.662021" lon="-2.038323">
      <ele>498.8</ele>
    </trkpt>
    <trkpt lat="42.662101" lon="-2.038211">
      <ele>498.6</ele>
    </trkpt>
    <trkpt lat="42.66223" lon="-2.038098">
      <ele>498.1</ele>
    </trkpt>
    <trkpt lat="42.662306" lon="-2.038113">
      <ele>497.8</ele>
    </trkpt>
    <trkpt lat="42.662428" lon="-2.038051">
      <ele>497.1</ele>
    </trkpt>
    <trkpt lat="42.662495" lon="-2.037895">
      <ele>496</ele>
    </trkpt>
    <trkpt lat="42.66252" lon="-2.037568">
      <ele>494</ele>
    </trkpt>
    <trkpt lat="42.662551" lon="-2.037491">
      <ele>493.3</ele>
    </trkpt>
    <trkpt lat="42.662818" lon="-2.037262">
      <ele>489.6</ele>
    </trkpt>
    <trkpt lat="42.663066" lon="-2.037208">
      <ele>486.1</ele>
    </trkpt>
    <trkpt lat="42.663148" lon="-2.037094">
      <ele>484.4</ele>
    </trkpt>
    <trkpt lat="42.66319" lon="-2.036939">
      <ele>482.4</ele>
    </trkpt>
    <trkpt lat="42.663249" lon="-2.036979">
      <ele>481.5</ele>
    </trkpt>
    <trkpt lat="42.663312" lon="-2.036958">
      <ele>480.4</ele>
    </trkpt>
    <trkpt lat="42.663395" lon="-2.036981">
      <ele>479.1</ele>
    </trkpt>
    <trkpt lat="42.663492" lon="-2.036898">
      <ele>477.3</ele>
    </trkpt>
    <trkpt lat="42.663654" lon="-2.036912">
      <ele>474.8</ele>
    </trkpt>
    <trkpt lat="42.663697" lon="-2.036877">
      <ele>474.1</ele>
    </trkpt>
    <trkpt lat="42.663776" lon="-2.036717">
      <ele>471.9</ele>
    </trkpt>
    <trkpt lat="42.663967" lon="-2.036505">
      <ele>468.1</ele>
    </trkpt>
    <trkpt lat="42.66397" lon="-2.03642">
      <ele>467.3</ele>
    </trkpt>
    <trkpt lat="42.664014" lon="-2.036382">
      <ele>466.6</ele>
    </trkpt>
    <trkpt lat="42.664098" lon="-2.036203">
      <ele>464.9</ele>
    </trkpt>
    <trkpt lat="42.664267" lon="-2.036005">
      <ele>462.8</ele>
    </trkpt>
    <trkpt lat="42.664306" lon="-2.03589">
      <ele>462.1</ele>
    </trkpt>
    <trkpt lat="42.66447" lon="-2.03574">
      <ele>460.9</ele>
    </trkpt>
    <trkpt lat="42.664514" lon="-2.035639">
      <ele>460.4</ele>
    </trkpt>
    <trkpt lat="42.664602" lon="-2.035566">
      <ele>459.9</ele>
    </trkpt>
    <trkpt lat="42.664617" lon="-2.035507">
      <ele>459.6</ele>
    </trkpt>
    <trkpt lat="42.664248" lon="-2.035455">
      <ele>457.1</ele>
    </trkpt>
    <trkpt lat="42.663816" lon="-2.035475">
      <ele>454.5</ele>
    </trkpt>
    <trkpt lat="42.663691" lon="-2.035436">
      <ele>453.8</ele>
    </trkpt>
    <trkpt lat="42.663644" lon="-2.035392">
      <ele>453.5</ele>
    </trkpt>
    <trkpt lat="42.663633" lon="-2.035207">
      <ele>452.9</ele>
    </trkpt>
    <trkpt lat="42.663592" lon="-2.035095">
      <ele>452.5</ele>
    </trkpt>
    <trkpt lat="42.663511" lon="-2.034975">
      <ele>451.9</ele>
    </trkpt>
    <trkpt lat="42.663497" lon="-2.034841">
      <ele>451.4</ele>
    </trkpt>
    <trkpt lat="42.663407" lon="-2.034884">
      <ele>450.8</ele>
    </trkpt>
    <trkpt lat="42.663249" lon="-2.03428">
      <ele>447.6</ele>
    </trkpt>
    <trkpt lat="42.663682" lon="-2.034067">
      <ele>444.3</ele>
    </trkpt>
    <trkpt lat="42.664278" lon="-2.033775">
      <ele>442.2</ele>
    </trkpt>
    <trkpt lat="42.664246" lon="-2.033469">
      <ele>441.9</ele>
    </trkpt>
    <trkpt lat="42.66415" lon="-2.033214">
      <ele>441.8</ele>
    </trkpt>
    <trkpt lat="42.664133" lon="-2.033169">
      <ele>441.8</ele>
    </trkpt>
    <trkpt lat="42.664025" lon="-2.033015">
      <ele>441.9</ele>
    </trkpt>
    <trkpt lat="42.663941" lon="-2.032895">
      <ele>442</ele>
    </trkpt>
    <trkpt lat="42.663838" lon="-2.032853">
      <ele>442.1</ele>
    </trkpt>
    <trkpt lat="42.663795" lon="-2.032799">
      <ele>442.2</ele>
    </trkpt>
    <trkpt lat="42.663513" lon="-2.032771">
      <ele>442.9</ele>
    </trkpt>
    <trkpt lat="42.663124" lon="-2.032917">
      <ele>444.6</ele>
    </trkpt>
    <trkpt lat="42.662924" lon="-2.033005">
      <ele>445.6</ele>
    </trkpt>
    <trkpt lat="42.662407" lon="-2.033225">
      <ele>448.4</ele>
    </trkpt>
    <trkpt lat="42.662394" lon="-2.033231">
      <ele>448.5</ele>
    </trkpt>
    <trkpt lat="42.661999" lon="-2.033402">
      <ele>451</ele>
    </trkpt>
    <trkpt lat="42.661853" lon="-2.033494">
      <ele>451.9</ele>
    </trkpt>
    <trkpt lat="42.66175" lon="-2.033622">
      <ele>452.8</ele>
    </trkpt>
    <trkpt lat="42.661717" lon="-2.033749">
      <ele>453.4</ele>
    </trkpt>
    <trkpt lat="42.66165" lon="-2.033806">
      <ele>453.9</ele>
    </trkpt>
    <trkpt lat="42.661294" lon="-2.033937">
      <ele>456.6</ele>
    </trkpt>
    <trkpt lat="42.661191" lon="-2.033975">
      <ele>457.4</ele>
    </trkpt>
    <trkpt lat="42.660896" lon="-2.034065">
      <ele>459.8</ele>
    </trkpt>
    <trkpt lat="42.660774" lon="-2.033983">
      <ele>460.9</ele>
    </trkpt>
    <trkpt lat="42.660624" lon="-2.033884">
      <ele>462.2</ele>
    </trkpt>
    <trkpt lat="42.660257" lon="-2.033906">
      <ele>465</ele>
    </trkpt>
    <trkpt lat="42.660019" lon="-2.034002">
      <ele>466.7</ele>
    </trkpt>
    <trkpt lat="42.659845" lon="-2.034113">
      <ele>468</ele>
    </trkpt>
    <trkpt lat="42.659774" lon="-2.034179">
      <ele>468.7</ele>
    </trkpt>
    <trkpt lat="42.659697" lon="-2.03427">
      <ele>469.4</ele>
    </trkpt>
    <trkpt lat="42.65949" lon="-2.034609">
      <ele>471.6</ele>
    </trkpt>
    <trkpt lat="42.659338" lon="-2.034955">
      <ele>473.4</ele>
    </trkpt>
    <trkpt lat="42.659176" lon="-2.035327">
      <ele>475.2</ele>
    </trkpt>
    <trkpt lat="42.659025" lon="-2.035538">
      <ele>476.3</ele>
    </trkpt>
    <trkpt lat="42.658985" lon="-2.035639">
      <ele>476.7</ele>
    </trkpt>
    <trkpt lat="42.658906" lon="-2.035678">
      <ele>477.1</ele>
    </trkpt>
    <trkpt lat="42.658829" lon="-2.035721">
      <ele>477.5</ele>
    </trkpt>
    <trkpt lat="42.658724" lon="-2.035854">
      <ele>478.2</ele>
    </trkpt>
    <trkpt lat="42.65855" lon="-2.036038">
      <ele>479.1</ele>
    </trkpt>
    <trkpt lat="42.658098" lon="-2.036456">
      <ele>481</ele>
    </trkpt>
    <trkpt lat="42.657518" lon="-2.03703">
      <ele>482.7</ele>
    </trkpt>
    <trkpt lat="42.657354" lon="-2.037193">
      <ele>483.4</ele>
    </trkpt>
    <trkpt lat="42.657229" lon="-2.037314">
      <ele>483.8</ele>
    </trkpt>
    <trkpt lat="42.657011" lon="-2.037514">
      <ele>484.5</ele>
    </trkpt>
    <trkpt lat="42.656797" lon="-2.037727">
      <ele>485.4</ele>
    </trkpt>
    <trkpt lat="42.656609" lon="-2.037911">
      <ele>486.2</ele>
    </trkpt>
    <trkpt lat="42.656623" lon="-2.037981">
      <ele>486.4</ele>
    </trkpt>
    <trkpt lat="42.656616" lon="-2.038016">
      <ele>486.5</ele>
    </trkpt>
    <trkpt lat="42.656567" lon="-2.038072">
      <ele>486.7</ele>
    </trkpt>
    <trkpt lat="42.656488" lon="-2.038037">
      <ele>486.9</ele>
    </trkpt>
    <trkpt lat="42.655992" lon="-2.038511">
      <ele>488.5</ele>
    </trkpt>
    <trkpt lat="42.655542" lon="-2.038959">
      <ele>489.1</ele>
    </trkpt>
    <trkpt lat="42.655018" lon="-2.039799">
      <ele>488</ele>
    </trkpt>
    <trkpt lat="42.654985" lon="-2.039853">
      <ele>487.9</ele>
    </trkpt>
    <trkpt lat="42.654523" lon="-2.040569">
      <ele>487</ele>
    </trkpt>
    <trkpt lat="42.65414" lon="-2.041176">
      <ele>487.4</ele>
    </trkpt>
    <trkpt lat="42.65405" lon="-2.041322">
      <ele>487.8</ele>
    </trkpt>
    <trkpt lat="42.653892" lon="-2.041576">
      <ele>488.6</ele>
    </trkpt>
    <trkpt lat="42.653579" lon="-2.041602">
      <ele>490.1</ele>
    </trkpt>
    <trkpt lat="42.653205" lon="-2.041688">
      <ele>492.5</ele>
    </trkpt>
    <trkpt lat="42.652922" lon="-2.041845">
      <ele>494.8</ele>
    </trkpt>
    <trkpt lat="42.652763" lon="-2.041971">
      <ele>496.4</ele>
    </trkpt>
    <trkpt lat="42.652586" lon="-2.042099">
      <ele>498.1</ele>
    </trkpt>
    <trkpt lat="42.652248" lon="-2.042249">
      <ele>501.3</ele>
    </trkpt>
    <trkpt lat="42.65195" lon="-2.042469">
      <ele>504.3</ele>
    </trkpt>
    <trkpt lat="42.651714" lon="-2.042671">
      <ele>506.7</ele>
    </trkpt>
    <trkpt lat="42.651477" lon="-2.042973">
      <ele>509.3</ele>
    </trkpt>
    <trkpt lat="42.65107" lon="-2.043414">
      <ele>513.4</ele>
    </trkpt>
    <trkpt lat="42.650858" lon="-2.043573">
      <ele>514.9</ele>
    </trkpt>
    <trkpt lat="42.650479" lon="-2.043932">
      <ele>517.4</ele>
    </trkpt>
    <trkpt lat="42.650389" lon="-2.044032">
      <ele>518</ele>
    </trkpt>
    <trkpt lat="42.650353" lon="-2.044072">
      <ele>518.2</ele>
    </trkpt>
    <trkpt lat="42.65026" lon="-2.044178">
      <ele>518.8</ele>
    </trkpt>
    <trkpt lat="42.650236" lon="-2.044206">
      <ele>518.9</ele>
    </trkpt>
    <trkpt lat="42.650001" lon="-2.044536">
      <ele>520.5</ele>
    </trkpt>
    <trkpt lat="42.64996" lon="-2.044593">
      <ele>520.8</ele>
    </trkpt>
    <trkpt lat="42.649703" lon="-2.044948">
      <ele>522.4</ele>
    </trkpt>
    <trkpt lat="42.649367" lon="-2.045499">
      <ele>524.6</ele>
    </trkpt>
    <trkpt lat="42.648759" lon="-2.046537">
      <ele>529.5</ele>
    </trkpt>
    <trkpt lat="42.648379" lon="-2.04712">
      <ele>532.8</ele>
    </trkpt>
    <trkpt lat="42.648272" lon="-2.047242">
      <ele>533.6</ele>
    </trkpt>
    <trkpt lat="42.647435" lon="-2.047734">
      <ele>540.2</ele>
    </trkpt>
    <trkpt lat="42.646816" lon="-2.047774">
      <ele>545</ele>
    </trkpt>
    <trkpt lat="42.646332" lon="-2.0479">
      <ele>549.1</ele>
    </trkpt>
    <trkpt lat="42.646299" lon="-2.047982">
      <ele>549.7</ele>
    </trkpt>
    <trkpt lat="42.64625" lon="-2.047996">
      <ele>550.1</ele>
    </trkpt>
    <trkpt lat="42.645806" lon="-2.048109">
      <ele>553.7</ele>
    </trkpt>
    <trkpt lat="42.645411" lon="-2.048078">
      <ele>556.7</ele>
    </trkpt>
    <trkpt lat="42.645256" lon="-2.048017">
      <ele>557.9</ele>
    </trkpt>
    <trkpt lat="42.644955" lon="-2.047795">
      <ele>560.2</ele>
    </trkpt>
    <trkpt lat="42.644252" lon="-2.047027">
      <ele>565.6</ele>
    </trkpt>
    <trkpt lat="42.644043" lon="-2.046792">
      <ele>566.8</ele>
    </trkpt>
    <trkpt lat="42.643872" lon="-2.046778">
      <ele>567.4</ele>
    </trkpt>
    <trkpt lat="42.64375" lon="-2.046995">
      <ele>568.2</ele>
    </trkpt>
    <trkpt lat="42.643642" lon="-2.046866">
      <ele>568.7</ele>
    </trkpt>
    <trkpt lat="42.643631" lon="-2.046698">
      <ele>569</ele>
    </trkpt>
    <trkpt lat="42.643686" lon="-2.046104">
      <ele>569.3</ele>
    </trkpt>
    <trkpt lat="42.643631" lon="-2.046698">
      <ele>569</ele>
    </trkpt>
    <trkpt lat="42.643642" lon="-2.046866">
      <ele>568.7</ele>
    </trkpt>
    <trkpt lat="42.64375" lon="-2.046995">
      <ele>568.2</ele>
    </trkpt>
    <trkpt lat="42.643872" lon="-2.046778">
      <ele>567.4</ele>
    </trkpt>
    <trkpt lat="42.644043" lon="-2.046792">
      <ele>566.8</ele>
    </trkpt>
    <trkpt lat="42.644252" lon="-2.047027">
      <ele>565.6</ele>
    </trkpt>
    <trkpt lat="42.644955" lon="-2.047795">
      <ele>560.2</ele>
    </trkpt>
    <trkpt lat="42.645256" lon="-2.048017">
      <ele>557.9</ele>
    </trkpt>
    <trkpt lat="42.645411" lon="-2.048078">
      <ele>556.8</ele>
    </trkpt>
    <trkpt lat="42.645806" lon="-2.048109">
      <ele>554.6</ele>
    </trkpt>
    <trkpt lat="42.64625" lon="-2.047996">
      <ele>552.7</ele>
    </trkpt>
    <trkpt lat="42.646299" lon="-2.047982">
      <ele>552.5</ele>
    </trkpt>
    <trkpt lat="42.646386" lon="-2.048291">
      <ele>551.8</ele>
    </trkpt>
    <trkpt lat="42.646515" lon="-2.04894">
      <ele>551.3</ele>
    </trkpt>
    <trkpt lat="42.646557" lon="-2.049203">
      <ele>551.5</ele>
    </trkpt>
    <trkpt lat="42.646612" lon="-2.049918">
      <ele>552.4</ele>
    </trkpt>
    <trkpt lat="42.646773" lon="-2.05095">
      <ele>553.8</ele>
    </trkpt>
    <trkpt lat="42.647074" lon="-2.052561">
      <ele>555.7</ele>
    </trkpt>
    <trkpt lat="42.647087" lon="-2.053022">
      <ele>556.3</ele>
    </trkpt>
    <trkpt lat="42.647129" lon="-2.053114">
      <ele>556.4</ele>
    </trkpt>
    <trkpt lat="42.647227" lon="-2.052897">
      <ele>556.8</ele>
    </trkpt>
    <trkpt lat="42.647256" lon="-2.053045">
      <ele>557</ele>
    </trkpt>
    <trkpt lat="42.647244" lon="-2.053177">
      <ele>557.2</ele>
    </trkpt>
    <trkpt lat="42.646993" lon="-2.055402">
      <ele>562.3</ele>
    </trkpt>
    <trkpt lat="42.646913" lon="-2.055789">
      <ele>563.3</ele>
    </trkpt>
    <trkpt lat="42.646679" lon="-2.056349">
      <ele>564.9</ele>
    </trkpt>
    <trkpt lat="42.646314" lon="-2.057091">
      <ele>566.8</ele>
    </trkpt>
    <trkpt lat="42.646034" lon="-2.057714">
      <ele>567.4</ele>
    </trkpt>
    <trkpt lat="42.645923" lon="-2.058367">
      <ele>567.6</ele>
    </trkpt>
    <trkpt lat="42.646501" lon="-2.058714">
      <ele>568</ele>
    </trkpt>
    <trkpt lat="42.645923" lon="-2.058367">
      <ele>568.4</ele>
    </trkpt>
    <trkpt lat="42.64553" lon="-2.059995">
      <ele>571.1</ele>
    </trkpt>
    <trkpt lat="42.645486" lon="-2.0602">
      <ele>571.4</ele>
    </trkpt>
    <trkpt lat="42.645382" lon="-2.060504">
      <ele>571.8</ele>
    </trkpt>
    <trkpt lat="42.645269" lon="-2.060864">
      <ele>572.2</ele>
    </trkpt>
    <trkpt lat="42.645168" lon="-2.06148">
      <ele>572.8</ele>
    </trkpt>
    <trkpt lat="42.644899" lon="-2.062377">
      <ele>573.3</ele>
    </trkpt>
    <trkpt lat="42.64484" lon="-2.062512">
      <ele>573.4</ele>
    </trkpt>
    <trkpt lat="42.644789" lon="-2.062629">
      <ele>573.5</ele>
    </trkpt>
    <trkpt lat="42.644552" lon="-2.063132">
      <ele>574</ele>
    </trkpt>
    <trkpt lat="42.64439" lon="-2.063553">
      <ele>574.7</ele>
    </trkpt>
    <trkpt lat="42.643916" lon="-2.064609">
      <ele>576.8</ele>
    </trkpt>
    <trkpt lat="42.643673" lon="-2.06497">
      <ele>577.8</ele>
    </trkpt>
    <trkpt lat="42.643283" lon="-2.06564">
      <ele>579.3</ele>
    </trkpt>
    <trkpt lat="42.643187" lon="-2.065736">
      <ele>579.5</ele>
    </trkpt>
    <trkpt lat="42.642668" lon="-2.06684">
      <ele>582.5</ele>
    </trkpt>
    <trkpt lat="42.642506" lon="-2.067353">
      <ele>584</ele>
    </trkpt>
    <trkpt lat="42.642205" lon="-2.067979">
      <ele>585.8</ele>
    </trkpt>
    <trkpt lat="42.642025" lon="-2.068371">
      <ele>586.3</ele>
    </trkpt>
    <trkpt lat="42.64196" lon="-2.068596">
      <ele>586.3</ele>
    </trkpt>
    <trkpt lat="42.641916" lon="-2.06897">
      <ele>585.8</ele>
    </trkpt>
    <trkpt lat="42.641906" lon="-2.069063">
      <ele>585.7</ele>
    </trkpt>
    <trkpt lat="42.641923" lon="-2.069371">
      <ele>584.9</ele>
    </trkpt>
    <trkpt lat="42.641861" lon="-2.069848">
      <ele>583.3</ele>
    </trkpt>
    <trkpt lat="42.641863" lon="-2.070112">
      <ele>582.3</ele>
    </trkpt>
    <trkpt lat="42.641894" lon="-2.070377">
      <ele>581.2</ele>
    </trkpt>
    <trkpt lat="42.641802" lon="-2.070708">
      <ele>579.6</ele>
    </trkpt>
    <trkpt lat="42.641641" lon="-2.07116">
      <ele>578</ele>
    </trkpt>
    <trkpt lat="42.641355" lon="-2.071786">
      <ele>577.1</ele>
    </trkpt>
    <trkpt lat="42.641" lon="-2.072405">
      <ele>577.9</ele>
    </trkpt>
    <trkpt lat="42.640936" lon="-2.072518">
      <ele>578.3</ele>
    </trkpt>
    <trkpt lat="42.640901" lon="-2.072658">
      <ele>578.7</ele>
    </trkpt>
    <trkpt lat="42.640854" lon="-2.073066">
      <ele>580.2</ele>
    </trkpt>
    <trkpt lat="42.640776" lon="-2.07323">
      <ele>581</ele>
    </trkpt>
    <trkpt lat="42.640722" lon="-2.073236">
      <ele>581.4</ele>
    </trkpt>
    <trkpt lat="42.640615" lon="-2.073005">
      <ele>582.5</ele>
    </trkpt>
    <trkpt lat="42.640547" lon="-2.072966">
      <ele>583</ele>
    </trkpt>
    <trkpt lat="42.640476" lon="-2.072973">
      <ele>583.4</ele>
    </trkpt>
    <trkpt lat="42.640379" lon="-2.072888">
      <ele>584.2</ele>
    </trkpt>
    <trkpt lat="42.640189" lon="-2.072907">
      <ele>585.4</ele>
    </trkpt>
    <trkpt lat="42.640058" lon="-2.0728">
      <ele>586.5</ele>
    </trkpt>
    <trkpt lat="42.639852" lon="-2.072777">
      <ele>588</ele>
    </trkpt>
    <trkpt lat="42.63976" lon="-2.072809">
      <ele>588.7</ele>
    </trkpt>
    <trkpt lat="42.639659" lon="-2.07272">
      <ele>589.5</ele>
    </trkpt>
    <trkpt lat="42.639232" lon="-2.072617">
      <ele>591.9</ele>
    </trkpt>
    <trkpt lat="42.639177" lon="-2.07267">
      <ele>592.2</ele>
    </trkpt>
    <trkpt lat="42.639115" lon="-2.073168">
      <ele>593.3</ele>
    </trkpt>
    <trkpt lat="42.639089" lon="-2.073575">
      <ele>593.8</ele>
    </trkpt>
    <trkpt lat="42.638996" lon="-2.074124">
      <ele>594</ele>
    </trkpt>
    <trkpt lat="42.638975" lon="-2.074485">
      <ele>593.7</ele>
    </trkpt>
    <trkpt lat="42.638902" lon="-2.074976">
      <ele>592.7</ele>
    </trkpt>
    <trkpt lat="42.638529" lon="-2.075559">
      <ele>591.1</ele>
    </trkpt>
    <trkpt lat="42.638199" lon="-2.077099">
      <ele>587.6</ele>
    </trkpt>
    <trkpt lat="42.638045" lon="-2.077684">
      <ele>586</ele>
    </trkpt>
    <trkpt lat="42.637974" lon="-2.077951">
      <ele>585.2</ele>
    </trkpt>
    <trkpt lat="42.63795" lon="-2.078409">
      <ele>583.7</ele>
    </trkpt>
    <trkpt lat="42.637961" lon="-2.078546">
      <ele>583.2</ele>
    </trkpt>
    <trkpt lat="42.638049" lon="-2.078888">
      <ele>581.7</ele>
    </trkpt>
    <trkpt lat="42.638049" lon="-2.078983">
      <ele>581.3</ele>
    </trkpt>
    <trkpt lat="42.637871" lon="-2.079447">
      <ele>578.7</ele>
    </trkpt>
    <trkpt lat="42.637857" lon="-2.07956">
      <ele>578.1</ele>
    </trkpt>
    <trkpt lat="42.637872" lon="-2.079879">
      <ele>576.2</ele>
    </trkpt>
    <trkpt lat="42.637809" lon="-2.080339">
      <ele>573.1</ele>
    </trkpt>
    <trkpt lat="42.637777" lon="-2.0805">
      <ele>572</ele>
    </trkpt>
    <trkpt lat="42.637729" lon="-2.08057">
      <ele>571.4</ele>
    </trkpt>
    <trkpt lat="42.637652" lon="-2.080616">
      <ele>570.6</ele>
    </trkpt>
    <trkpt lat="42.637562" lon="-2.080612">
      <ele>569.8</ele>
    </trkpt>
    <trkpt lat="42.637536" lon="-2.080663">
      <ele>569.3</ele>
    </trkpt>
    <trkpt lat="42.637881" lon="-2.081073">
      <ele>565.1</ele>
    </trkpt>
    <trkpt lat="42.637878" lon="-2.081138">
      <ele>564.7</ele>
    </trkpt>
    <trkpt lat="42.638368" lon="-2.081555">
      <ele>559.6</ele>
    </trkpt>
    <trkpt lat="42.63863" lon="-2.081895">
      <ele>556.8</ele>
    </trkpt>
    <trkpt lat="42.638685" lon="-2.082008">
      <ele>556.1</ele>
    </trkpt>
    <trkpt lat="42.638834" lon="-2.082586">
      <ele>553.1</ele>
    </trkpt>
    <trkpt lat="42.638841" lon="-2.082723">
      <ele>552.5</ele>
    </trkpt>
    <trkpt lat="42.638693" lon="-2.083348">
      <ele>550.8</ele>
    </trkpt>
    <trkpt lat="42.638678" lon="-2.083785">
      <ele>550.6</ele>
    </trkpt>
    <trkpt lat="42.638539" lon="-2.083715">
      <ele>550.8</ele>
    </trkpt>
    <trkpt lat="42.637895" lon="-2.083113">
      <ele>554.1</ele>
    </trkpt>
    <trkpt lat="42.637766" lon="-2.083052">
      <ele>554.9</ele>
    </trkpt>
    <trkpt lat="42.637667" lon="-2.083049">
      <ele>555.6</ele>
    </trkpt>
    <trkpt lat="42.637337" lon="-2.083152">
      <ele>557.5</ele>
    </trkpt>
    <trkpt lat="42.637229" lon="-2.083237">
      <ele>558.1</ele>
    </trkpt>
    <trkpt lat="42.637093" lon="-2.083416">
      <ele>558.9</ele>
    </trkpt>
    <trkpt lat="42.636661" lon="-2.08423">
      <ele>560.4</ele>
    </trkpt>
    <trkpt lat="42.636503" lon="-2.084704">
      <ele>561.3</ele>
    </trkpt>
    <trkpt lat="42.636378" lon="-2.085262">
      <ele>563.7</ele>
    </trkpt>
    <trkpt lat="42.636312" lon="-2.085402">
      <ele>564.7</ele>
    </trkpt>
    <trkpt lat="42.636096" lon="-2.085778">
      <ele>567.4</ele>
    </trkpt>
    <trkpt lat="42.635793" lon="-2.086282">
      <ele>571.5</ele>
    </trkpt>
    <trkpt lat="42.635731" lon="-2.086424">
      <ele>572.6</ele>
    </trkpt>
    <trkpt lat="42.635745" lon="-2.086553">
      <ele>573.4</ele>
    </trkpt>
    <trkpt lat="42.635799" lon="-2.086742">
      <ele>574.6</ele>
    </trkpt>
    <trkpt lat="42.63575" lon="-2.086886">
      <ele>575.5</ele>
    </trkpt>
    <trkpt lat="42.635642" lon="-2.087014">
      <ele>576.4</ele>
    </trkpt>
    <trkpt lat="42.635464" lon="-2.087152">
      <ele>577.3</ele>
    </trkpt>
    <trkpt lat="42.635405" lon="-2.087177">
      <ele>577.5</ele>
    </trkpt>
    <trkpt lat="42.635174" lon="-2.087145">
      <ele>577.7</ele>
    </trkpt>
    <trkpt lat="42.634949" lon="-2.087146">
      <ele>577.2</ele>
    </trkpt>
    <trkpt lat="42.634748" lon="-2.087213">
      <ele>576.5</ele>
    </trkpt>
    <trkpt lat="42.634566" lon="-2.087335">
      <ele>575.6</ele>
    </trkpt>
    <trkpt lat="42.633955" lon="-2.088141">
      <ele>570.5</ele>
    </trkpt>
    <trkpt lat="42.634023" lon="-2.088745">
      <ele>568.7</ele>
    </trkpt>
    <trkpt lat="42.634308" lon="-2.089079">
      <ele>568.2</ele>
    </trkpt>
    <trkpt lat="42.634424" lon="-2.089309">
      <ele>568.3</ele>
    </trkpt>
    <trkpt lat="42.634369" lon="-2.089373">
      <ele>568.4</ele>
    </trkpt>
    <trkpt lat="42.634011" lon="-2.089467">
      <ele>569.5</ele>
    </trkpt>
    <trkpt lat="42.633733" lon="-2.089809">
      <ele>571.6</ele>
    </trkpt>
    <trkpt lat="42.633448" lon="-2.09007">
      <ele>574.2</ele>
    </trkpt>
    <trkpt lat="42.633311" lon="-2.090235">
      <ele>575.7</ele>
    </trkpt>
    <trkpt lat="42.633234" lon="-2.09043">
      <ele>577.1</ele>
    </trkpt>
    <trkpt lat="42.633155" lon="-2.09087">
      <ele>580</ele>
    </trkpt>
    <trkpt lat="42.633185" lon="-2.091458">
      <ele>584.5</ele>
    </trkpt>
    <trkpt lat="42.633177" lon="-2.091778">
      <ele>587.3</ele>
    </trkpt>
    <trkpt lat="42.633136" lon="-2.091972">
      <ele>589.2</ele>
    </trkpt>
    <trkpt lat="42.632979" lon="-2.092446">
      <ele>594.2</ele>
    </trkpt>
    <trkpt lat="42.632721" lon="-2.092984">
      <ele>600.5</ele>
    </trkpt>
    <trkpt lat="42.632635" lon="-2.093082">
      <ele>602.1</ele>
    </trkpt>
    <trkpt lat="42.632497" lon="-2.093421">
      <ele>605.9</ele>
    </trkpt>
    <trkpt lat="42.632277" lon="-2.093744">
      <ele>610</ele>
    </trkpt>
    <trkpt lat="42.632165" lon="-2.094224">
      <ele>614.3</ele>
    </trkpt>
    <trkpt lat="42.63201" lon="-2.094542">
      <ele>617.1</ele>
    </trkpt>
    <trkpt lat="42.63194" lon="-2.09461">
      <ele>618</ele>
    </trkpt>
    <trkpt lat="42.631905" lon="-2.09469">
      <ele>618.6</ele>
    </trkpt>
    <trkpt lat="42.631882" lon="-2.09485">
      <ele>619.8</ele>
    </trkpt>
    <trkpt lat="42.631809" lon="-2.095086">
      <ele>621.5</ele>
    </trkpt>
    <trkpt lat="42.631801" lon="-2.095468">
      <ele>624.1</ele>
    </trkpt>
    <trkpt lat="42.631817" lon="-2.095537">
      <ele>624.6</ele>
    </trkpt>
    <trkpt lat="42.632022" lon="-2.09595">
      <ele>628</ele>
    </trkpt>
    <trkpt lat="42.632082" lon="-2.096168">
      <ele>629.5</ele>
    </trkpt>
    <trkpt lat="42.632119" lon="-2.096471">
      <ele>631.7</ele>
    </trkpt>
    <trkpt lat="42.632116" lon="-2.097">
      <ele>635.3</ele>
    </trkpt>
    <trkpt lat="42.632153" lon="-2.097557">
      <ele>639</ele>
    </trkpt>
    <trkpt lat="42.632144" lon="-2.097625">
      <ele>639.5</ele>
    </trkpt>
    <trkpt lat="42.632102" lon="-2.097696">
      <ele>640.1</ele>
    </trkpt>
    <trkpt lat="42.631956" lon="-2.097883">
      <ele>641.9</ele>
    </trkpt>
    <trkpt lat="42.631834" lon="-2.098269">
      <ele>644.5</ele>
    </trkpt>
    <trkpt lat="42.631703" lon="-2.098476">
      <ele>646.2</ele>
    </trkpt>
    <trkpt lat="42.631508" lon="-2.098644">
      <ele>648</ele>
    </trkpt>
    <trkpt lat="42.631169" lon="-2.098788">
      <ele>650.6</ele>
    </trkpt>
    <trkpt lat="42.630983" lon="-2.098943">
      <ele>652.1</ele>
    </trkpt>
    <trkpt lat="42.630879" lon="-2.099223">
      <ele>653.4</ele>
    </trkpt>
    <trkpt lat="42.630772" lon="-2.09983">
      <ele>655.5</ele>
    </trkpt>
    <trkpt lat="42.630597" lon="-2.100185">
      <ele>656.5</ele>
    </trkpt>
    <trkpt lat="42.630528" lon="-2.100271">
      <ele>656.7</ele>
    </trkpt>
    <trkpt lat="42.630091" lon="-2.100647">
      <ele>657.3</ele>
    </trkpt>
    <trkpt lat="42.629802" lon="-2.10101">
      <ele>657.6</ele>
    </trkpt>
    <trkpt lat="42.6296" lon="-2.10147">
      <ele>658.1</ele>
    </trkpt>
    <trkpt lat="42.629478" lon="-2.101917">
      <ele>659</ele>
    </trkpt>
    <trkpt lat="42.629461" lon="-2.102096">
      <ele>659.5</ele>
    </trkpt>
    <trkpt lat="42.62945" lon="-2.102298">
      <ele>660.2</ele>
    </trkpt>
    <trkpt lat="42.629388" lon="-2.102686">
      <ele>661.7</ele>
    </trkpt>
    <trkpt lat="42.629332" lon="-2.102866">
      <ele>662.4</ele>
    </trkpt>
    <trkpt lat="42.62937" lon="-2.102955">
      <ele>662.8</ele>
    </trkpt>
    <trkpt lat="42.629353" lon="-2.103021">
      <ele>663</ele>
    </trkpt>
    <trkpt lat="42.629298" lon="-2.103094">
      <ele>663.3</ele>
    </trkpt>
    <trkpt lat="42.629171" lon="-2.103342">
      <ele>663.9</ele>
    </trkpt>
    <trkpt lat="42.629163" lon="-2.10346">
      <ele>664.1</ele>
    </trkpt>
    <trkpt lat="42.629043" lon="-2.103527">
      <ele>664.2</ele>
    </trkpt>
    <trkpt lat="42.628986" lon="-2.103621">
      <ele>664.2</ele>
    </trkpt>
    <trkpt lat="42.628944" lon="-2.103743">
      <ele>664.2</ele>
    </trkpt>
    <trkpt lat="42.62894" lon="-2.103918">
      <ele>664.1</ele>
    </trkpt>
    <trkpt lat="42.628811" lon="-2.104118">
      <ele>663.6</ele>
    </trkpt>
    <trkpt lat="42.628776" lon="-2.104228">
      <ele>663.3</ele>
    </trkpt>
    <trkpt lat="42.628555" lon="-2.104205">
      <ele>662.2</ele>
    </trkpt>
    <trkpt lat="42.62834" lon="-2.10392">
      <ele>659.8</ele>
    </trkpt>
    <trkpt lat="42.628279" lon="-2.103885">
      <ele>659.2</ele>
    </trkpt>
    <trkpt lat="42.628199" lon="-2.103885">
      <ele>658.3</ele>
    </trkpt>
    <trkpt lat="42.627816" lon="-2.10398">
      <ele>653.7</ele>
    </trkpt>
    <trkpt lat="42.627729" lon="-2.103955">
      <ele>652.6</ele>
    </trkpt>
    <trkpt lat="42.627667" lon="-2.103903">
      <ele>651.8</ele>
    </trkpt>
    <trkpt lat="42.627362" lon="-2.103798">
      <ele>648.1</ele>
    </trkpt>
    <trkpt lat="42.626739" lon="-2.10365">
      <ele>640.8</ele>
    </trkpt>
    <trkpt lat="42.626708" lon="-2.103675">
      <ele>640.4</ele>
    </trkpt>
    <trkpt lat="42.626362" lon="-2.103637">
      <ele>636.2</ele>
    </trkpt>
    <trkpt lat="42.625888" lon="-2.10368">
      <ele>630.8</ele>
    </trkpt>
    <trkpt lat="42.625715" lon="-2.103602">
      <ele>628.7</ele>
    </trkpt>
    <trkpt lat="42.624819" lon="-2.102928">
      <ele>616.6</ele>
    </trkpt>
    <trkpt lat="42.62455" lon="-2.102797">
      <ele>613.4</ele>
    </trkpt>
    <trkpt lat="42.624523" lon="-2.102762">
      <ele>613</ele>
    </trkpt>
    <trkpt lat="42.624523" lon="-2.102714">
      <ele>612.6</ele>
    </trkpt>
    <trkpt lat="42.624117" lon="-2.102618">
      <ele>608.4</ele>
    </trkpt>
    <trkpt lat="42.622473" lon="-2.102081">
      <ele>594.7</ele>
    </trkpt>
    <trkpt lat="42.62232" lon="-2.102075">
      <ele>593.7</ele>
    </trkpt>
    <trkpt lat="42.621844" lon="-2.102107">
      <ele>590.6</ele>
    </trkpt>
    <trkpt lat="42.621277" lon="-2.102181">
      <ele>587.6</ele>
    </trkpt>
    <trkpt lat="42.621123" lon="-2.102225">
      <ele>586.8</ele>
    </trkpt>
    <trkpt lat="42.620948" lon="-2.102372">
      <ele>585.9</ele>
    </trkpt>
    <trkpt lat="42.620713" lon="-2.102695">
      <ele>584.6</ele>
    </trkpt>
    <trkpt lat="42.61957" lon="-2.104355">
      <ele>579.4</ele>
    </trkpt>
    <trkpt lat="42.619201" lon="-2.105276">
      <ele>576.2</ele>
    </trkpt>
    <trkpt lat="42.619044" lon="-2.105735">
      <ele>574.4</ele>
    </trkpt>
    <trkpt lat="42.618592" lon="-2.107377">
      <ele>567.9</ele>
    </trkpt>
    <trkpt lat="42.618535" lon="-2.107508">
      <ele>567.3</ele>
    </trkpt>
    <trkpt lat="42.618214" lon="-2.108043">
      <ele>565</ele>
    </trkpt>
    <trkpt lat="42.617715" lon="-2.108843">
      <ele>561.8</ele>
    </trkpt>
    <trkpt lat="42.616961" lon="-2.110263">
      <ele>557.5</ele>
    </trkpt>
    <trkpt lat="42.616873" lon="-2.110406">
      <ele>557.1</ele>
    </trkpt>
    <trkpt lat="42.616782" lon="-2.110501">
      <ele>556.8</ele>
    </trkpt>
    <trkpt lat="42.615926" lon="-2.111709">
      <ele>554</ele>
    </trkpt>
    <trkpt lat="42.614505" lon="-2.113362">
      <ele>550.6</ele>
    </trkpt>
    <trkpt lat="42.614398" lon="-2.113446">
      <ele>550.3</ele>
    </trkpt>
    <trkpt lat="42.614051" lon="-2.113709">
      <ele>549.4</ele>
    </trkpt>
    <trkpt lat="42.613842" lon="-2.113724">
      <ele>548.8</ele>
    </trkpt>
    <trkpt lat="42.613707" lon="-2.11369">
      <ele>548.4</ele>
    </trkpt>
    <trkpt lat="42.612935" lon="-2.113349">
      <ele>546.1</ele>
    </trkpt>
    <trkpt lat="42.612667" lon="-2.113297">
      <ele>545.4</ele>
    </trkpt>
    <trkpt lat="42.612403" lon="-2.113363">
      <ele>544.8</ele>
    </trkpt>
    <trkpt lat="42.611438" lon="-2.113789">
      <ele>544.2</ele>
    </trkpt>
    <trkpt lat="42.610764" lon="-2.114068">
      <ele>544.7</ele>
    </trkpt>
    <trkpt lat="42.610323" lon="-2.114133">
      <ele>545.3</ele>
    </trkpt>
    <trkpt lat="42.609416" lon="-2.11438">
      <ele>547</ele>
    </trkpt>
    <trkpt lat="42.609272" lon="-2.114444">
      <ele>547.3</ele>
    </trkpt>
    <trkpt lat="42.608798" lon="-2.114823">
      <ele>548.2</ele>
    </trkpt>
    <trkpt lat="42.608683" lon="-2.114972">
      <ele>548.3</ele>
    </trkpt>
    <trkpt lat="42.608337" lon="-2.115576">
      <ele>548.7</ele>
    </trkpt>
    <trkpt lat="42.608143" lon="-2.115785">
      <ele>548.7</ele>
    </trkpt>
    <trkpt lat="42.606774" lon="-2.115927">
      <ele>546.2</ele>
    </trkpt>
    <trkpt lat="42.606026" lon="-2.116122">
      <ele>542.5</ele>
    </trkpt>
    <trkpt lat="42.605035" lon="-2.116243">
      <ele>536.1</ele>
    </trkpt>
    <trkpt lat="42.604827" lon="-2.116327">
      <ele>534.9</ele>
    </trkpt>
    <trkpt lat="42.604689" lon="-2.116517">
      <ele>533.9</ele>
    </trkpt>
    <trkpt lat="42.604651" lon="-2.11666">
      <ele>533.5</ele>
    </trkpt>
    <trkpt lat="42.604509" lon="-2.117874">
      <ele>532.7</ele>
    </trkpt>
    <trkpt lat="42.6044" lon="-2.118364">
      <ele>533.8</ele>
    </trkpt>
    <trkpt lat="42.60427" lon="-2.118629">
      <ele>534.7</ele>
    </trkpt>
    <trkpt lat="42.603913" lon="-2.119061">
      <ele>536.8</ele>
    </trkpt>
    <trkpt lat="42.603746" lon="-2.11933">
      <ele>538</ele>
    </trkpt>
    <trkpt lat="42.603697" lon="-2.119461">
      <ele>538.5</ele>
    </trkpt>
    <trkpt lat="42.603666" lon="-2.119632">
      <ele>539</ele>
    </trkpt>
    <trkpt lat="42.603516" lon="-2.123246">
      <ele>542.4</ele>
    </trkpt>
    <trkpt lat="42.60349" lon="-2.123432">
      <ele>542.5</ele>
    </trkpt>
    <trkpt lat="42.603424" lon="-2.123659">
      <ele>542.6</ele>
    </trkpt>
    <trkpt lat="42.60319" lon="-2.124271">
      <ele>542.5</ele>
    </trkpt>
    <trkpt lat="42.603066" lon="-2.124474">
      <ele>542.4</ele>
    </trkpt>
    <trkpt lat="42.6029" lon="-2.124573">
      <ele>542.2</ele>
    </trkpt>
    <trkpt lat="42.602675" lon="-2.124608">
      <ele>541.8</ele>
    </trkpt>
    <trkpt lat="42.602489" lon="-2.124684">
      <ele>541.4</ele>
    </trkpt>
    <trkpt lat="42.601666" lon="-2.125427">
      <ele>537.6</ele>
    </trkpt>
    <trkpt lat="42.600679" lon="-2.126413">
      <ele>531</ele>
    </trkpt>
    <trkpt lat="42.600563" lon="-2.126571">
      <ele>530.2</ele>
    </trkpt>
    <trkpt lat="42.600509" lon="-2.126687">
      <ele>529.8</ele>
    </trkpt>
    <trkpt lat="42.600444" lon="-2.127024">
      <ele>528.7</ele>
    </trkpt>
    <trkpt lat="42.600194" lon="-2.131076">
      <ele>524.6</ele>
    </trkpt>
    <trkpt lat="42.600045" lon="-2.133364">
      <ele>527.6</ele>
    </trkpt>
    <trkpt lat="42.599376" lon="-2.139605">
      <ele>515.2</ele>
    </trkpt>
    <trkpt lat="42.599332" lon="-2.13983">
      <ele>514.9</ele>
    </trkpt>
    <trkpt lat="42.599265" lon="-2.140027">
      <ele>514.6</ele>
    </trkpt>
    <trkpt lat="42.598227" lon="-2.142735">
      <ele>512.8</ele>
    </trkpt>
    <trkpt lat="42.598085" lon="-2.143316">
      <ele>512.4</ele>
    </trkpt>
    <trkpt lat="42.597906" lon="-2.14425">
      <ele>511.4</ele>
    </trkpt>
    <trkpt lat="42.597862" lon="-2.144408">
      <ele>511.2</ele>
    </trkpt>
    <trkpt lat="42.597815" lon="-2.14449">
      <ele>511.1</ele>
    </trkpt>
    <trkpt lat="42.597753" lon="-2.144572">
      <ele>510.9</ele>
    </trkpt>
    <trkpt lat="42.596495" lon="-2.145554">
      <ele>508.9</ele>
    </trkpt>
    <trkpt lat="42.596479" lon="-2.145601">
      <ele>508.9</ele>
    </trkpt>
    <trkpt lat="42.596493" lon="-2.145841">
      <ele>509</ele>
    </trkpt>
    <trkpt lat="42.596542" lon="-2.146226">
      <ele>509.2</ele>
    </trkpt>
    <trkpt lat="42.596774" lon="-2.146861">
      <ele>509.7</ele>
    </trkpt>
    <trkpt lat="42.596837" lon="-2.14742">
      <ele>510.3</ele>
    </trkpt>
    <trkpt lat="42.596846" lon="-2.148201">
      <ele>510.9</ele>
    </trkpt>
    <trkpt lat="42.596806" lon="-2.148443">
      <ele>511.1</ele>
    </trkpt>
    <trkpt lat="42.596677" lon="-2.148841">
      <ele>511.5</ele>
    </trkpt>
    <trkpt lat="42.596616" lon="-2.149542">
      <ele>512.3</ele>
    </trkpt>
    <trkpt lat="42.596625" lon="-2.150394">
      <ele>513.6</ele>
    </trkpt>
    <trkpt lat="42.596694" lon="-2.150636">
      <ele>514.1</ele>
    </trkpt>
    <trkpt lat="42.59671" lon="-2.150857">
      <ele>514.6</ele>
    </trkpt>
    <trkpt lat="42.596513" lon="-2.151375">
      <ele>516</ele>
    </trkpt>
    <trkpt lat="42.596404" lon="-2.151504">
      <ele>516.5</ele>
    </trkpt>
    <trkpt lat="42.59617" lon="-2.153455">
      <ele>523.2</ele>
    </trkpt>
    <trkpt lat="42.596247" lon="-2.156376">
      <ele>533.9</ele>
    </trkpt>
    <trkpt lat="42.596373" lon="-2.159012">
      <ele>532</ele>
    </trkpt>
    <trkpt lat="42.596408" lon="-2.160163">
      <ele>531.7</ele>
    </trkpt>
    <trkpt lat="42.596453" lon="-2.160323">
      <ele>531.7</ele>
    </trkpt>
    <trkpt lat="42.596527" lon="-2.160442">
      <ele>531.7</ele>
    </trkpt>
    <trkpt lat="42.596615" lon="-2.160525">
      <ele>531.6</ele>
    </trkpt>
    <trkpt lat="42.596694" lon="-2.160562">
      <ele>531.6</ele>
    </trkpt>
    <trkpt lat="42.596791" lon="-2.160549">
      <ele>531.5</ele>
    </trkpt>
    <trkpt lat="42.59742" lon="-2.160313">
      <ele>530.5</ele>
    </trkpt>
    <trkpt lat="42.5975" lon="-2.160307">
      <ele>530.3</ele>
    </trkpt>
    <trkpt lat="42.597687" lon="-2.160402">
      <ele>529.8</ele>
    </trkpt>
    <trkpt lat="42.597956" lon="-2.160704">
      <ele>528.6</ele>
    </trkpt>
    <trkpt lat="42.59809" lon="-2.1609">
      <ele>527.8</ele>
    </trkpt>
    <trkpt lat="42.597476" lon="-2.162145">
      <ele>523.5</ele>
    </trkpt>
    <trkpt lat="42.597389" lon="-2.162454">
      <ele>522.7</ele>
    </trkpt>
    <trkpt lat="42.597367" lon="-2.162775">
      <ele>522</ele>
    </trkpt>
    <trkpt lat="42.597373" lon="-2.163354">
      <ele>520.7</ele>
    </trkpt>
    <trkpt lat="42.59732" lon="-2.163631">
      <ele>520.1</ele>
    </trkpt>
    <trkpt lat="42.596518" lon="-2.165549">
      <ele>515.5</ele>
    </trkpt>
    <trkpt lat="42.596384" lon="-2.165749">
      <ele>514.9</ele>
    </trkpt>
    <trkpt lat="42.596227" lon="-2.165853">
      <ele>514.4</ele>
    </trkpt>
    <trkpt lat="42.59583" lon="-2.166005">
      <ele>513.2</ele>
    </trkpt>
    <trkpt lat="42.595711" lon="-2.166095">
      <ele>512.8</ele>
    </trkpt>
    <trkpt lat="42.595579" lon="-2.166271">
      <ele>512.3</ele>
    </trkpt>
    <trkpt lat="42.5947" lon="-2.167909">
      <ele>509.2</ele>
    </trkpt>
    <trkpt lat="42.594206" lon="-2.168898">
      <ele>507.9</ele>
    </trkpt>
    <trkpt lat="42.593758" lon="-2.169905">
      <ele>506.6</ele>
    </trkpt>
    <trkpt lat="42.593739" lon="-2.17008">
      <ele>506.4</ele>
    </trkpt>
    <trkpt lat="42.593722" lon="-2.172467">
      <ele>503</ele>
    </trkpt>
    <trkpt lat="42.593671" lon="-2.173985">
      <ele>500.8</ele>
    </trkpt>
    <trkpt lat="42.593577" lon="-2.17444">
      <ele>500.1</ele>
    </trkpt>
    <trkpt lat="42.592906" lon="-2.176726">
      <ele>496.9</ele>
    </trkpt>
    <trkpt lat="42.592833" lon="-2.176904">
      <ele>496.7</ele>
    </trkpt>
    <trkpt lat="42.592759" lon="-2.177032">
      <ele>496.5</ele>
    </trkpt>
    <trkpt lat="42.592184" lon="-2.177568">
      <ele>495.6</ele>
    </trkpt>
    <trkpt lat="42.59144" lon="-2.179179">
      <ele>493.1</ele>
    </trkpt>
    <trkpt lat="42.591359" lon="-2.179298">
      <ele>492.8</ele>
    </trkpt>
    <trkpt lat="42.590599" lon="-2.180102">
      <ele>491.8</ele>
    </trkpt>
    <trkpt lat="42.590436" lon="-2.180363">
      <ele>491.8</ele>
    </trkpt>
    <trkpt lat="42.5901" lon="-2.181402">
      <ele>491.5</ele>
    </trkpt>
    <trkpt lat="42.590018" lon="-2.181594">
      <ele>491.4</ele>
    </trkpt>
    <trkpt lat="42.589722" lon="-2.181391">
      <ele>491.1</ele>
    </trkpt>
    <trkpt lat="42.589496" lon="-2.181292">
      <ele>490.8</ele>
    </trkpt>
    <trkpt lat="42.588818" lon="-2.181317">
      <ele>489.3</ele>
    </trkpt>
    <trkpt lat="42.587834" lon="-2.181423">
      <ele>487.2</ele>
    </trkpt>
    <trkpt lat="42.587623" lon="-2.181447">
      <ele>486.9</ele>
    </trkpt>
    <trkpt lat="42.587422" lon="-2.18151">
      <ele>486.7</ele>
    </trkpt>
    <trkpt lat="42.586958" lon="-2.181754">
      <ele>486.2</ele>
    </trkpt>
    <trkpt lat="42.586349" lon="-2.182045">
      <ele>485.8</ele>
    </trkpt>
    <trkpt lat="42.585735" lon="-2.182173">
      <ele>485.8</ele>
    </trkpt>
    <trkpt lat="42.585169" lon="-2.182244">
      <ele>486.6</ele>
    </trkpt>
    <trkpt lat="42.584818" lon="-2.182385">
      <ele>487.2</ele>
    </trkpt>
    <trkpt lat="42.584752" lon="-2.182468">
      <ele>487.3</ele>
    </trkpt>
    <trkpt lat="42.584508" lon="-2.182976">
      <ele>487.8</ele>
    </trkpt>
    <trkpt lat="42.584436" lon="-2.183066">
      <ele>487.9</ele>
    </trkpt>
    <trkpt lat="42.584034" lon="-2.183329">
      <ele>488.6</ele>
    </trkpt>
    <trkpt lat="42.58383" lon="-2.183495">
      <ele>488.9</ele>
    </trkpt>
    <trkpt lat="42.583722" lon="-2.183634">
      <ele>489.1</ele>
    </trkpt>
    <trkpt lat="42.581584" lon="-2.187031">
      <ele>495.2</ele>
    </trkpt>
    <trkpt lat="42.581343" lon="-2.187319">
      <ele>494.6</ele>
    </trkpt>
    <trkpt lat="42.580897" lon="-2.187539">
      <ele>492.7</ele>
    </trkpt>
    <trkpt lat="42.57994" lon="-2.188396">
      <ele>483.1</ele>
    </trkpt>
    <trkpt lat="42.579782" lon="-2.188506">
      <ele>481.3</ele>
    </trkpt>
    <trkpt lat="42.579394" lon="-2.188539">
      <ele>477.4</ele>
    </trkpt>
    <trkpt lat="42.579237" lon="-2.188589">
      <ele>475.9</ele>
    </trkpt>
    <trkpt lat="42.578438" lon="-2.189101">
      <ele>468.5</ele>
    </trkpt>
    <trkpt lat="42.576414" lon="-2.190257">
      <ele>458</ele>
    </trkpt>
    <trkpt lat="42.576289" lon="-2.190358">
      <ele>457.5</ele>
    </trkpt>
    <trkpt lat="42.574918" lon="-2.191901">
      <ele>454.9</ele>
    </trkpt>
    <trkpt lat="42.574345" lon="-2.19266">
      <ele>454.9</ele>
    </trkpt>
    <trkpt lat="42.573973" lon="-2.193066">
      <ele>454.7</ele>
    </trkpt>
    <trkpt lat="42.573758" lon="-2.193264">
      <ele>454.5</ele>
    </trkpt>
    <trkpt lat="42.573545" lon="-2.193378">
      <ele>454.3</ele>
    </trkpt>
    <trkpt lat="42.573094" lon="-2.193407">
      <ele>453.8</ele>
    </trkpt>
    <trkpt lat="42.57274" lon="-2.19338">
      <ele>453.3</ele>
    </trkpt>
    <trkpt lat="42.572179" lon="-2.19323">
      <ele>452.5</ele>
    </trkpt>
    <trkpt lat="42.571884" lon="-2.193107">
      <ele>452.2</ele>
    </trkpt>
    <trkpt lat="42.571062" lon="-2.192643">
      <ele>452.1</ele>
    </trkpt>
    <trkpt lat="42.570327" lon="-2.192201">
      <ele>452.5</ele>
    </trkpt>
    <trkpt lat="42.570218" lon="-2.192144">
      <ele>452.5</ele>
    </trkpt>
    <trkpt lat="42.570131" lon="-2.192097">
      <ele>452.5</ele>
    </trkpt>
    <trkpt lat="42.569908" lon="-2.192054">
      <ele>452.3</ele>
    </trkpt>
    <trkpt lat="42.569778" lon="-2.191966">
      <ele>452</ele>
    </trkpt>
    <trkpt lat="42.569583" lon="-2.191775">
      <ele>451.5</ele>
    </trkpt>
    <trkpt lat="42.569509" lon="-2.191824">
      <ele>451.2</ele>
    </trkpt>
    <trkpt lat="42.56933" lon="-2.192229">
      <ele>450</ele>
    </trkpt>
    <trkpt lat="42.569243" lon="-2.192374">
      <ele>449.5</ele>
    </trkpt>
    <trkpt lat="42.569228" lon="-2.192404">
      <ele>449.4</ele>
    </trkpt>
    <trkpt lat="42.5691" lon="-2.192681">
      <ele>448.5</ele>
    </trkpt>
    <trkpt lat="42.568945" lon="-2.193129">
      <ele>447.5</ele>
    </trkpt>
    <trkpt lat="42.568896" lon="-2.193336">
      <ele>447.2</ele>
    </trkpt>
    <trkpt lat="42.568867" lon="-2.19345">
      <ele>447.1</ele>
    </trkpt>
    <trkpt lat="42.568742" lon="-2.193844">
      <ele>446.9</ele>
    </trkpt>
    <trkpt lat="42.568717" lon="-2.19392">
      <ele>446.9</ele>
    </trkpt>
    <trkpt lat="42.568578" lon="-2.194371">
      <ele>447.7</ele>
    </trkpt>
    <trkpt lat="42.568537" lon="-2.194539">
      <ele>448.1</ele>
    </trkpt>
    <trkpt lat="42.568202" lon="-2.195965">
      <ele>453.7</ele>
    </trkpt>
    <trkpt lat="42.56805" lon="-2.196496">
      <ele>455.9</ele>
    </trkpt>
    <trkpt lat="42.567638" lon="-2.197893">
      <ele>461.1</ele>
    </trkpt>
    <trkpt lat="42.567563" lon="-2.19799">
      <ele>461.5</ele>
    </trkpt>
    <trkpt lat="42.567257" lon="-2.19889">
      <ele>463.9</ele>
    </trkpt>
    <trkpt lat="42.567226" lon="-2.199017">
      <ele>464.2</ele>
    </trkpt>
    <trkpt lat="42.567136" lon="-2.199826">
      <ele>465.3</ele>
    </trkpt>
    <trkpt lat="42.567084" lon="-2.200788">
      <ele>465.2</ele>
    </trkpt>
    <trkpt lat="42.566803" lon="-2.202528">
      <ele>463.9</ele>
    </trkpt>
    <trkpt lat="42.566741" lon="-2.202676">
      <ele>463.9</ele>
    </trkpt>
    <trkpt lat="42.566591" lon="-2.203456">
      <ele>463.6</ele>
    </trkpt>
    <trkpt lat="42.566487" lon="-2.205327">
      <ele>463.4</ele>
    </trkpt>
    <trkpt lat="42.566406" lon="-2.205908">
      <ele>463.2</ele>
    </trkpt>
    <trkpt lat="42.566167" lon="-2.207502">
      <ele>462.9</ele>
    </trkpt>
    <trkpt lat="42.566093" lon="-2.208162">
      <ele>463</ele>
    </trkpt>
    <trkpt lat="42.565757" lon="-2.213853">
      <ele>463.2</ele>
    </trkpt>
    <trkpt lat="42.565678" lon="-2.214901">
      <ele>463.4</ele>
    </trkpt>
    <trkpt lat="42.565479" lon="-2.216739">
      <ele>464.2</ele>
    </trkpt>
    <trkpt lat="42.564969" lon="-2.223609">
      <ele>462.5</ele>
    </trkpt>
    <trkpt lat="42.563129" lon="-2.234354">
      <ele>450.3</ele>
    </trkpt>
    <trkpt lat="42.562865" lon="-2.23568">
      <ele>451</ele>
    </trkpt>
    <trkpt lat="42.562991" lon="-2.235765">
      <ele>451.3</ele>
    </trkpt>
    <trkpt lat="42.563094" lon="-2.236226">
      <ele>452.1</ele>
    </trkpt>
    <trkpt lat="42.563189" lon="-2.236397">
      <ele>452.5</ele>
    </trkpt>
    <trkpt lat="42.563457" lon="-2.236656">
      <ele>453.4</ele>
    </trkpt>
    <trkpt lat="42.5635" lon="-2.236718">
      <ele>453.6</ele>
    </trkpt>
    <trkpt lat="42.563548" lon="-2.236895">
      <ele>454</ele>
    </trkpt>
    <trkpt lat="42.563607" lon="-2.237769">
      <ele>455.5</ele>
    </trkpt>
    <trkpt lat="42.563623" lon="-2.238624">
      <ele>456.6</ele>
    </trkpt>
    <trkpt lat="42.563667" lon="-2.239191">
      <ele>457.3</ele>
    </trkpt>
    <trkpt lat="42.563663" lon="-2.239813">
      <ele>458.1</ele>
    </trkpt>
    <trkpt lat="42.563795" lon="-2.241029">
      <ele>459.7</ele>
    </trkpt>
    <trkpt lat="42.563819" lon="-2.241624">
      <ele>460.5</ele>
    </trkpt>
    <trkpt lat="42.563789" lon="-2.242914">
      <ele>461.6</ele>
    </trkpt>
    <trkpt lat="42.563534" lon="-2.244932">
      <ele>462</ele>
    </trkpt>
    <trkpt lat="42.563476" lon="-2.245236">
      <ele>462</ele>
    </trkpt>
    <trkpt lat="42.563459" lon="-2.245666">
      <ele>462.1</ele>
    </trkpt>
    <trkpt lat="42.563479" lon="-2.245811">
      <ele>462.1</ele>
    </trkpt>
    <trkpt lat="42.563617" lon="-2.246811">
      <ele>461.8</ele>
    </trkpt>
    <trkpt lat="42.563653" lon="-2.247505">
      <ele>461.4</ele>
    </trkpt>
    <trkpt lat="42.563712" lon="-2.247799">
      <ele>461.2</ele>
    </trkpt>
    <trkpt lat="42.563855" lon="-2.248387">
      <ele>460.7</ele>
    </trkpt>
    <trkpt lat="42.563961" lon="-2.24864">
      <ele>460.4</ele>
    </trkpt>
    <trkpt lat="42.564185" lon="-2.24898">
      <ele>459.9</ele>
    </trkpt>
    <trkpt lat="42.564246" lon="-2.249112">
      <ele>459.8</ele>
    </trkpt>
    <trkpt lat="42.564311" lon="-2.249367">
      <ele>459.6</ele>
    </trkpt>
    <trkpt lat="42.564323" lon="-2.249661">
      <ele>459.4</ele>
    </trkpt>
    <trkpt lat="42.564226" lon="-2.2503">
      <ele>459</ele>
    </trkpt>
    <trkpt lat="42.564098" lon="-2.250756">
      <ele>458.7</ele>
    </trkpt>
    <trkpt lat="42.564069" lon="-2.25095">
      <ele>458.5</ele>
    </trkpt>
    <trkpt lat="42.564008" lon="-2.252157">
      <ele>456.7</ele>
    </trkpt>
    <trkpt lat="42.563969" lon="-2.252377">
      <ele>456.3</ele>
    </trkpt>
    <trkpt lat="42.563824" lon="-2.252975">
      <ele>455</ele>
    </trkpt>
    <trkpt lat="42.563777" lon="-2.253277">
      <ele>454.4</ele>
    </trkpt>
    <trkpt lat="42.563649" lon="-2.253695">
      <ele>453.6</ele>
    </trkpt>
    <trkpt lat="42.563555" lon="-2.254109">
      <ele>452.9</ele>
    </trkpt>
    <trkpt lat="42.563583" lon="-2.254293">
      <ele>452.7</ele>
    </trkpt>
    <trkpt lat="42.563772" lon="-2.254718">
      <ele>452.5</ele>
    </trkpt>
    <trkpt lat="42.563769" lon="-2.254943">
      <ele>452.6</ele>
    </trkpt>
    <trkpt lat="42.563729" lon="-2.255077">
      <ele>452.7</ele>
    </trkpt>
    <trkpt lat="42.563679" lon="-2.255192">
      <ele>452.8</ele>
    </trkpt>
    <trkpt lat="42.563508" lon="-2.255495">
      <ele>453.2</ele>
    </trkpt>
    <trkpt lat="42.563298" lon="-2.255796">
      <ele>454.2</ele>
    </trkpt>
    <trkpt lat="42.563025" lon="-2.256007">
      <ele>455.5</ele>
    </trkpt>
    <trkpt lat="42.562956" lon="-2.256099">
      <ele>455.9</ele>
    </trkpt>
    <trkpt lat="42.562829" lon="-2.256335">
      <ele>456.9</ele>
    </trkpt>
    <trkpt lat="42.562794" lon="-2.256467">
      <ele>457.4</ele>
    </trkpt>
    <trkpt lat="42.562803" lon="-2.256716">
      <ele>458.2</ele>
    </trkpt>
    <trkpt lat="42.562871" lon="-2.256959">
      <ele>459.1</ele>
    </trkpt>
    <trkpt lat="42.562909" lon="-2.257307">
      <ele>460.1</ele>
    </trkpt>
    <trkpt lat="42.561859" lon="-2.258262">
      <ele>463.8</ele>
    </trkpt>
    <trkpt lat="42.560782" lon="-2.259225">
      <ele>465.3</ele>
    </trkpt>
    <trkpt lat="42.560498" lon="-2.259583">
      <ele>465.3</ele>
    </trkpt>
    <trkpt lat="42.559227" lon="-2.261364">
      <ele>463.2</ele>
    </trkpt>
    <trkpt lat="42.559034" lon="-2.261713">
      <ele>463.1</ele>
    </trkpt>
    <trkpt lat="42.558767" lon="-2.26229">
      <ele>463.3</ele>
    </trkpt>
    <trkpt lat="42.557622" lon="-2.264863">
      <ele>469.4</ele>
    </trkpt>
    <trkpt lat="42.557581" lon="-2.264912">
      <ele>469.7</ele>
    </trkpt>
    <trkpt lat="42.557547" lon="-2.264952">
      <ele>469.8</ele>
    </trkpt>
    <trkpt lat="42.557397" lon="-2.265014">
      <ele>470.5</ele>
    </trkpt>
    <trkpt lat="42.556687" lon="-2.264904">
      <ele>474.1</ele>
    </trkpt>
    <trkpt lat="42.556517" lon="-2.26494">
      <ele>475.1</ele>
    </trkpt>
    <trkpt lat="42.556363" lon="-2.265017">
      <ele>476.1</ele>
    </trkpt>
    <trkpt lat="42.556255" lon="-2.265116">
      <ele>477</ele>
    </trkpt>
    <trkpt lat="42.555347" lon="-2.266212">
      <ele>485</ele>
    </trkpt>
    <trkpt lat="42.555189" lon="-2.266317">
      <ele>485.7</ele>
    </trkpt>
    <trkpt lat="42.554918" lon="-2.266415">
      <ele>486.3</ele>
    </trkpt>
    <trkpt lat="42.554856" lon="-2.266682">
      <ele>486.5</ele>
    </trkpt>
    <trkpt lat="42.554935" lon="-2.266756">
      <ele>486.5</ele>
    </trkpt>
    <trkpt lat="42.555307" lon="-2.26682">
      <ele>486</ele>
    </trkpt>
    <trkpt lat="42.555731" lon="-2.267045">
      <ele>484.4</ele>
    </trkpt>
    <trkpt lat="42.555992" lon="-2.267291">
      <ele>482.6</ele>
    </trkpt>
    <trkpt lat="42.556287" lon="-2.267656">
      <ele>480.5</ele>
    </trkpt>
    <trkpt lat="42.556468" lon="-2.267764">
      <ele>479.5</ele>
    </trkpt>
    <trkpt lat="42.556846" lon="-2.26792">
      <ele>477.5</ele>
    </trkpt>
    <trkpt lat="42.557037" lon="-2.26792">
      <ele>476.5</ele>
    </trkpt>
    <trkpt lat="42.557112" lon="-2.267984">
      <ele>476</ele>
    </trkpt>
    <trkpt lat="42.557187" lon="-2.268204">
      <ele>475</ele>
    </trkpt>
    <trkpt lat="42.557213" lon="-2.268406">
      <ele>474.2</ele>
    </trkpt>
    <trkpt lat="42.557089" lon="-2.268716">
      <ele>472.7</ele>
    </trkpt>
    <trkpt lat="42.556657" lon="-2.269331">
      <ele>468.9</ele>
    </trkpt>
    <trkpt lat="42.556453" lon="-2.269528">
      <ele>467.3</ele>
    </trkpt>
    <trkpt lat="42.556261" lon="-2.269797">
      <ele>465.5</ele>
    </trkpt>
    <trkpt lat="42.55616" lon="-2.27011">
      <ele>464</ele>
    </trkpt>
    <trkpt lat="42.555979" lon="-2.270266">
      <ele>462.6</ele>
    </trkpt>
    <trkpt lat="42.555312" lon="-2.270643">
      <ele>458.5</ele>
    </trkpt>
    <trkpt lat="42.554738" lon="-2.270873">
      <ele>456.5</ele>
    </trkpt>
    <trkpt lat="42.554624" lon="-2.270853">
      <ele>456.1</ele>
    </trkpt>
    <trkpt lat="42.554662" lon="-2.270686">
      <ele>455.7</ele>
    </trkpt>
    <trkpt lat="42.554652" lon="-2.270442">
      <ele>455.1</ele>
    </trkpt>
    <trkpt lat="42.554615" lon="-2.270344">
      <ele>454.9</ele>
    </trkpt>
    <trkpt lat="42.554502" lon="-2.270194">
      <ele>454.5</ele>
    </trkpt>
    <trkpt lat="42.554395" lon="-2.270106">
      <ele>454.2</ele>
    </trkpt>
    <trkpt lat="42.554271" lon="-2.270099">
      <ele>453.9</ele>
    </trkpt>
    <trkpt lat="42.554349" lon="-2.270381">
      <ele>453.6</ele>
    </trkpt>
    <trkpt lat="42.554364" lon="-2.270627">
      <ele>453.4</ele>
    </trkpt>
    <trkpt lat="42.554334" lon="-2.270836">
      <ele>453.2</ele>
    </trkpt>
    <trkpt lat="42.554213" lon="-2.271151">
      <ele>452.9</ele>
    </trkpt>
    <trkpt lat="42.55388" lon="-2.271731">
      <ele>452.6</ele>
    </trkpt>
    <trkpt lat="42.553672" lon="-2.272096">
      <ele>453.4</ele>
    </trkpt>
    <trkpt lat="42.553597" lon="-2.272219">
      <ele>453.7</ele>
    </trkpt>
    <trkpt lat="42.553537" lon="-2.272346">
      <ele>454.2</ele>
    </trkpt>
    <trkpt lat="42.553457" lon="-2.272537">
      <ele>454.9</ele>
    </trkpt>
    <trkpt lat="42.553309" lon="-2.272492">
      <ele>455.6</ele>
    </trkpt>
    <trkpt lat="42.552853" lon="-2.272214">
      <ele>458.3</ele>
    </trkpt>
    <trkpt lat="42.552513" lon="-2.27165">
      <ele>461.9</ele>
    </trkpt>
    <trkpt lat="42.552273" lon="-2.271372">
      <ele>464.5</ele>
    </trkpt>
    <trkpt lat="42.552191" lon="-2.271315">
      <ele>465.2</ele>
    </trkpt>
    <trkpt lat="42.552044" lon="-2.271259">
      <ele>466.3</ele>
    </trkpt>
    <trkpt lat="42.551971" lon="-2.271422">
      <ele>467.4</ele>
    </trkpt>
    <trkpt lat="42.551869" lon="-2.271796">
      <ele>469.5</ele>
    </trkpt>
    <trkpt lat="42.551858" lon="-2.271999">
      <ele>470.6</ele>
    </trkpt>
    <trkpt lat="42.551951" lon="-2.272192">
      <ele>471.8</ele>
    </trkpt>
    <trkpt lat="42.551954" lon="-2.272239">
      <ele>472</ele>
    </trkpt>
    <trkpt lat="42.551878" lon="-2.272365">
      <ele>472.8</ele>
    </trkpt>
    <trkpt lat="42.551922" lon="-2.272399">
      <ele>473.2</ele>
    </trkpt>
    <trkpt lat="42.55156" lon="-2.273373">
      <ele>478.2</ele>
    </trkpt>
    <trkpt lat="42.55141" lon="-2.273989">
      <ele>480.9</ele>
    </trkpt>
    <trkpt lat="42.551273" lon="-2.274458">
      <ele>483.1</ele>
    </trkpt>
    <trkpt lat="42.551067" lon="-2.2749">
      <ele>485.4</ele>
    </trkpt>
    <trkpt lat="42.55043" lon="-2.275949">
      <ele>491.4</ele>
    </trkpt>
    <trkpt lat="42.550092" lon="-2.276615">
      <ele>494.6</ele>
    </trkpt>
    <trkpt lat="42.549901" lon="-2.276887">
      <ele>495.9</ele>
    </trkpt>
    <trkpt lat="42.549722" lon="-2.277095">
      <ele>497</ele>
    </trkpt>
    <trkpt lat="42.54967" lon="-2.277209">
      <ele>497.4</ele>
    </trkpt>
    <trkpt lat="42.549647" lon="-2.277336">
      <ele>497.8</ele>
    </trkpt>
    <trkpt lat="42.549633" lon="-2.277827">
      <ele>499.2</ele>
    </trkpt>
    <trkpt lat="42.549529" lon="-2.279106">
      <ele>501.4</ele>
    </trkpt>
    <trkpt lat="42.549397" lon="-2.280205">
      <ele>501.6</ele>
    </trkpt>
    <trkpt lat="42.549206" lon="-2.281187">
      <ele>500.3</ele>
    </trkpt>
    <trkpt lat="42.549188" lon="-2.281632">
      <ele>499.2</ele>
    </trkpt>
    <trkpt lat="42.548997" lon="-2.282382">
      <ele>496.4</ele>
    </trkpt>
    <trkpt lat="42.548903" lon="-2.282628">
      <ele>495.4</ele>
    </trkpt>
    <trkpt lat="42.548736" lon="-2.282857">
      <ele>494.4</ele>
    </trkpt>
    <trkpt lat="42.548576" lon="-2.283016">
      <ele>493.7</ele>
    </trkpt>
    <trkpt lat="42.548479" lon="-2.283366">
      <ele>493</ele>
    </trkpt>
    <trkpt lat="42.548409" lon="-2.283524">
      <ele>492.8</ele>
    </trkpt>
    <trkpt lat="42.548475" lon="-2.283653">
      <ele>492.7</ele>
    </trkpt>
    <trkpt lat="42.548454" lon="-2.283778">
      <ele>492.5</ele>
    </trkpt>
    <trkpt lat="42.548182" lon="-2.284318">
      <ele>492</ele>
    </trkpt>
    <trkpt lat="42.548024" lon="-2.284528">
      <ele>491.8</ele>
    </trkpt>
    <trkpt lat="42.547835" lon="-2.284697">
      <ele>491.7</ele>
    </trkpt>
    <trkpt lat="42.547767" lon="-2.284821">
      <ele>491.6</ele>
    </trkpt>
    <trkpt lat="42.54759" lon="-2.285065">
      <ele>491.3</ele>
    </trkpt>
    <trkpt lat="42.547279" lon="-2.285359">
      <ele>490.9</ele>
    </trkpt>
    <trkpt lat="42.547201" lon="-2.285489">
      <ele>490.9</ele>
    </trkpt>
    <trkpt lat="42.54717" lon="-2.28563">
      <ele>490.9</ele>
    </trkpt>
    <trkpt lat="42.547183" lon="-2.286184">
      <ele>491.4</ele>
    </trkpt>
    <trkpt lat="42.547104" lon="-2.286411">
      <ele>491.9</ele>
    </trkpt>
    <trkpt lat="42.546903" lon="-2.286753">
      <ele>493.8</ele>
    </trkpt>
    <trkpt lat="42.546763" lon="-2.287226">
      <ele>497.2</ele>
    </trkpt>
    <trkpt lat="42.546649" lon="-2.287394">
      <ele>499.1</ele>
    </trkpt>
    <trkpt lat="42.546442" lon="-2.287502">
      <ele>501.6</ele>
    </trkpt>
    <trkpt lat="42.546267" lon="-2.287516">
      <ele>503.8</ele>
    </trkpt>
    <trkpt lat="42.545591" lon="-2.287479">
      <ele>510.6</ele>
    </trkpt>
    <trkpt lat="42.54538" lon="-2.287392">
      <ele>512.5</ele>
    </trkpt>
    <trkpt lat="42.545256" lon="-2.287428">
      <ele>513.5</ele>
    </trkpt>
    <trkpt lat="42.54523" lon="-2.287449">
      <ele>513.8</ele>
    </trkpt>
    <trkpt lat="42.54487" lon="-2.28779">
      <ele>516.6</ele>
    </trkpt>
    <trkpt lat="42.544774" lon="-2.288048">
      <ele>517.7</ele>
    </trkpt>
    <trkpt lat="42.544693" lon="-2.288394">
      <ele>518.9</ele>
    </trkpt>
    <trkpt lat="42.544666" lon="-2.288741">
      <ele>520.1</ele>
    </trkpt>
    <trkpt lat="42.544604" lon="-2.288974">
      <ele>520.9</ele>
    </trkpt>
    <trkpt lat="42.544553" lon="-2.289375">
      <ele>522.4</ele>
    </trkpt>
    <trkpt lat="42.544452" lon="-2.289885">
      <ele>524.6</ele>
    </trkpt>
    <trkpt lat="42.544406" lon="-2.290013">
      <ele>525.2</ele>
    </trkpt>
    <trkpt lat="42.544312" lon="-2.291089">
      <ele>530.9</ele>
    </trkpt>
    <trkpt lat="42.544262" lon="-2.291392">
      <ele>532.9</ele>
    </trkpt>
    <trkpt lat="42.544142" lon="-2.291796">
      <ele>535.9</ele>
    </trkpt>
    <trkpt lat="42.543934" lon="-2.292276">
      <ele>539.9</ele>
    </trkpt>
    <trkpt lat="42.543801" lon="-2.292477">
      <ele>541.7</ele>
    </trkpt>
    <trkpt lat="42.543493" lon="-2.293088">
      <ele>546.3</ele>
    </trkpt>
    <trkpt lat="42.543542" lon="-2.293169">
      <ele>546.9</ele>
    </trkpt>
    <trkpt lat="42.543629" lon="-2.293302">
      <ele>547.9</ele>
    </trkpt>
    <trkpt lat="42.543632" lon="-2.293475">
      <ele>548.7</ele>
    </trkpt>
    <trkpt lat="42.543453" lon="-2.29367">
      <ele>550.2</ele>
    </trkpt>
    <trkpt lat="42.543409" lon="-2.293767">
      <ele>550.7</ele>
    </trkpt>
    <trkpt lat="42.543373" lon="-2.293877">
      <ele>551.2</ele>
    </trkpt>
    <trkpt lat="42.543313" lon="-2.294305">
      <ele>552.8</ele>
    </trkpt>
    <trkpt lat="42.543254" lon="-2.294546">
      <ele>553.6</ele>
    </trkpt>
    <trkpt lat="42.543152" lon="-2.29483">
      <ele>554.6</ele>
    </trkpt>
    <trkpt lat="42.542968" lon="-2.295184">
      <ele>556</ele>
    </trkpt>
    <trkpt lat="42.542854" lon="-2.295592">
      <ele>557.4</ele>
    </trkpt>
    <trkpt lat="42.542481" lon="-2.296355">
      <ele>558.8</ele>
    </trkpt>
    <trkpt lat="42.542393" lon="-2.296488">
      <ele>558.7</ele>
    </trkpt>
    <trkpt lat="42.542195" lon="-2.296695">
      <ele>558.1</ele>
    </trkpt>
    <trkpt lat="42.542005" lon="-2.296857">
      <ele>557.1</ele>
    </trkpt>
    <trkpt lat="42.54193" lon="-2.297001">
      <ele>556.4</ele>
    </trkpt>
    <trkpt lat="42.541865" lon="-2.297366">
      <ele>554.6</ele>
    </trkpt>
    <trkpt lat="42.541764" lon="-2.297675">
      <ele>552.4</ele>
    </trkpt>
    <trkpt lat="42.541744" lon="-2.297874">
      <ele>551.1</ele>
    </trkpt>
    <trkpt lat="42.541751" lon="-2.297959">
      <ele>550.5</ele>
    </trkpt>
    <trkpt lat="42.541811" lon="-2.298141">
      <ele>549.2</ele>
    </trkpt>
    <trkpt lat="42.541894" lon="-2.298282">
      <ele>547.9</ele>
    </trkpt>
    <trkpt lat="42.541995" lon="-2.298366">
      <ele>546.8</ele>
    </trkpt>
    <trkpt lat="42.542063" lon="-2.298559">
      <ele>545.4</ele>
    </trkpt>
    <trkpt lat="42.542124" lon="-2.29866">
      <ele>544.6</ele>
    </trkpt>
    <trkpt lat="42.542084" lon="-2.298756">
      <ele>543.8</ele>
    </trkpt>
    <trkpt lat="42.542421" lon="-2.299372">
      <ele>540</ele>
    </trkpt>
    <trkpt lat="42.542472" lon="-2.299643">
      <ele>539.2</ele>
    </trkpt>
    <trkpt lat="42.542441" lon="-2.299828">
      <ele>539</ele>
    </trkpt>
    <trkpt lat="42.542351" lon="-2.299989">
      <ele>538.9</ele>
    </trkpt>
    <trkpt lat="42.542279" lon="-2.300054">
      <ele>539</ele>
    </trkpt>
    <trkpt lat="42.542114" lon="-2.300102">
      <ele>539.4</ele>
    </trkpt>
    <trkpt lat="42.541804" lon="-2.300104">
      <ele>540.8</ele>
    </trkpt>
    <trkpt lat="42.541543" lon="-2.300079">
      <ele>542.4</ele>
    </trkpt>
    <trkpt lat="42.541515" lon="-2.300133">
      <ele>542.8</ele>
    </trkpt>
    <trkpt lat="42.541515" lon="-2.300216">
      <ele>543.2</ele>
    </trkpt>
    <trkpt lat="42.541595" lon="-2.300361">
      <ele>544.3</ele>
    </trkpt>
    <trkpt lat="42.541668" lon="-2.300597">
      <ele>546</ele>
    </trkpt>
    <trkpt lat="42.54186" lon="-2.30096">
      <ele>549.2</ele>
    </trkpt>
    <trkpt lat="42.541892" lon="-2.301196">
      <ele>551</ele>
    </trkpt>
    <trkpt lat="42.541891" lon="-2.301433">
      <ele>552.7</ele>
    </trkpt>
    <trkpt lat="42.54186" lon="-2.301622">
      <ele>554</ele>
    </trkpt>
    <trkpt lat="42.541832" lon="-2.301663">
      <ele>554.4</ele>
    </trkpt>
    <trkpt lat="42.541749" lon="-2.301646">
      <ele>555.1</ele>
    </trkpt>
    <trkpt lat="42.541645" lon="-2.301564">
      <ele>556</ele>
    </trkpt>
    <trkpt lat="42.541607" lon="-2.301576">
      <ele>556.3</ele>
    </trkpt>
    <trkpt lat="42.541538" lon="-2.301892">
      <ele>558</ele>
    </trkpt>
    <trkpt lat="42.541356" lon="-2.302192">
      <ele>559.8</ele>
    </trkpt>
    <trkpt lat="42.54127" lon="-2.302432">
      <ele>560.9</ele>
    </trkpt>
    <trkpt lat="42.541215" lon="-2.302689">
      <ele>561.9</ele>
    </trkpt>
    <trkpt lat="42.541195" lon="-2.302945">
      <ele>562.8</ele>
    </trkpt>
    <trkpt lat="42.541197" lon="-2.303406">
      <ele>564.2</ele>
    </trkpt>
    <trkpt lat="42.54125" lon="-2.304088">
      <ele>566.4</ele>
    </trkpt>
    <trkpt lat="42.541253" lon="-2.304126">
      <ele>566.5</ele>
    </trkpt>
    <trkpt lat="42.541331" lon="-2.304751">
      <ele>568.6</ele>
    </trkpt>
    <trkpt lat="42.54133" lon="-2.305023">
      <ele>569.4</ele>
    </trkpt>
    <trkpt lat="42.541294" lon="-2.305195">
      <ele>569.9</ele>
    </trkpt>
    <trkpt lat="42.541177" lon="-2.305421">
      <ele>570.5</ele>
    </trkpt>
    <trkpt lat="42.541094" lon="-2.305664">
      <ele>570.8</ele>
    </trkpt>
    <trkpt lat="42.541085" lon="-2.305765">
      <ele>571</ele>
    </trkpt>
    <trkpt lat="42.541122" lon="-2.306008">
      <ele>571.1</ele>
    </trkpt>
    <trkpt lat="42.541122" lon="-2.306169">
      <ele>571.1</ele>
    </trkpt>
    <trkpt lat="42.541099" lon="-2.306209">
      <ele>571.1</ele>
    </trkpt>
    <trkpt lat="42.541035" lon="-2.306235">
      <ele>571</ele>
    </trkpt>
    <trkpt lat="42.540636" lon="-2.306191">
      <ele>570.2</ele>
    </trkpt>
    <trkpt lat="42.540621" lon="-2.306226">
      <ele>570.1</ele>
    </trkpt>
    <trkpt lat="42.540361" lon="-2.306189">
      <ele>569.1</ele>
    </trkpt>
    <trkpt lat="42.540296" lon="-2.306337">
      <ele>568.5</ele>
    </trkpt>
    <trkpt lat="42.540299" lon="-2.306452">
      <ele>568.1</ele>
    </trkpt>
    <trkpt lat="42.540393" lon="-2.306888">
      <ele>566</ele>
    </trkpt>
    <trkpt lat="42.54044" lon="-2.307011">
      <ele>565.4</ele>
    </trkpt>
    <trkpt lat="42.540819" lon="-2.307499">
      <ele>561.7</ele>
    </trkpt>
    <trkpt lat="42.54086" lon="-2.307582">
      <ele>561.1</ele>
    </trkpt>
    <trkpt lat="42.540965" lon="-2.308403">
      <ele>556.3</ele>
    </trkpt>
    <trkpt lat="42.540935" lon="-2.308768">
      <ele>554.1</ele>
    </trkpt>
    <trkpt lat="42.540882" lon="-2.309099">
      <ele>552</ele>
    </trkpt>
    <trkpt lat="42.540811" lon="-2.309297">
      <ele>550.5</ele>
    </trkpt>
    <trkpt lat="42.540632" lon="-2.310059">
      <ele>543.8</ele>
    </trkpt>
    <trkpt lat="42.540602" lon="-2.31034">
      <ele>541</ele>
    </trkpt>
    <trkpt lat="42.540493" lon="-2.310424">
      <ele>539.4</ele>
    </trkpt>
    <trkpt lat="42.540202" lon="-2.310537">
      <ele>535.4</ele>
    </trkpt>
    <trkpt lat="42.540037" lon="-2.31072">
      <ele>532.5</ele>
    </trkpt>
    <trkpt lat="42.539922" lon="-2.310763">
      <ele>530.9</ele>
    </trkpt>
    <trkpt lat="42.539828" lon="-2.31083">
      <ele>529.4</ele>
    </trkpt>
    <trkpt lat="42.53979" lon="-2.310926">
      <ele>528.2</ele>
    </trkpt>
    <trkpt lat="42.539711" lon="-2.31157">
      <ele>521.1</ele>
    </trkpt>
    <trkpt lat="42.539728" lon="-2.312044">
      <ele>516.5</ele>
    </trkpt>
    <trkpt lat="42.539666" lon="-2.312177">
      <ele>515.1</ele>
    </trkpt>
    <trkpt lat="42.53953" lon="-2.312324">
      <ele>513.4</ele>
    </trkpt>
    <trkpt lat="42.539516" lon="-2.312356">
      <ele>513.1</ele>
    </trkpt>
    <trkpt lat="42.539543" lon="-2.312447">
      <ele>512.4</ele>
    </trkpt>
    <trkpt lat="42.539322" lon="-2.312514">
      <ele>510.5</ele>
    </trkpt>
    <trkpt lat="42.53924" lon="-2.312502">
      <ele>509.8</ele>
    </trkpt>
    <trkpt lat="42.539181" lon="-2.312377">
      <ele>508.9</ele>
    </trkpt>
    <trkpt lat="42.539153" lon="-2.312396">
      <ele>508.7</ele>
    </trkpt>
    <trkpt lat="42.539094" lon="-2.312817">
      <ele>506.5</ele>
    </trkpt>
    <trkpt lat="42.539134" lon="-2.312956">
      <ele>505.8</ele>
    </trkpt>
    <trkpt lat="42.53931" lon="-2.313132">
      <ele>504.6</ele>
    </trkpt>
    <trkpt lat="42.539406" lon="-2.313206">
      <ele>504.2</ele>
    </trkpt>
    <trkpt lat="42.539652" lon="-2.313255">
      <ele>503.1</ele>
    </trkpt>
    <trkpt lat="42.539851" lon="-2.313467">
      <ele>502</ele>
    </trkpt>
    <trkpt lat="42.539863" lon="-2.31361">
      <ele>501.5</ele>
    </trkpt>
    <trkpt lat="42.53983" lon="-2.313679">
      <ele>501.3</ele>
    </trkpt>
    <trkpt lat="42.539682" lon="-2.313768">
      <ele>500.6</ele>
    </trkpt>
    <trkpt lat="42.539439" lon="-2.313786">
      <ele>499.6</ele>
    </trkpt>
    <trkpt lat="42.539104" lon="-2.313877">
      <ele>498.3</ele>
    </trkpt>
    <trkpt lat="42.538571" lon="-2.313909">
      <ele>496.2</ele>
    </trkpt>
    <trkpt lat="42.538394" lon="-2.314083">
      <ele>495.3</ele>
    </trkpt>
    <trkpt lat="42.538276" lon="-2.314309">
      <ele>494.6</ele>
    </trkpt>
    <trkpt lat="42.538197" lon="-2.314411">
      <ele>494.2</ele>
    </trkpt>
    <trkpt lat="42.537952" lon="-2.314612">
      <ele>493.3</ele>
    </trkpt>
    <trkpt lat="42.537795" lon="-2.314697">
      <ele>492.8</ele>
    </trkpt>
    <trkpt lat="42.537527" lon="-2.314726">
      <ele>492</ele>
    </trkpt>
    <trkpt lat="42.537454" lon="-2.314796">
      <ele>491.7</ele>
    </trkpt>
    <trkpt lat="42.537371" lon="-2.314988">
      <ele>491.3</ele>
    </trkpt>
    <trkpt lat="42.537285" lon="-2.315283">
      <ele>490.6</ele>
    </trkpt>
    <trkpt lat="42.537119" lon="-2.316299">
      <ele>488.2</ele>
    </trkpt>
    <trkpt lat="42.537065" lon="-2.316469">
      <ele>487.7</ele>
    </trkpt>
    <trkpt lat="42.536806" lon="-2.316956">
      <ele>485.9</ele>
    </trkpt>
    <trkpt lat="42.536752" lon="-2.31704">
      <ele>485.5</ele>
    </trkpt>
    <trkpt lat="42.53659" lon="-2.317195">
      <ele>484.5</ele>
    </trkpt>
    <trkpt lat="42.536351" lon="-2.317592">
      <ele>482.4</ele>
    </trkpt>
    <trkpt lat="42.536245" lon="-2.317765">
      <ele>481.4</ele>
    </trkpt>
    <trkpt lat="42.536119" lon="-2.318175">
      <ele>479.5</ele>
    </trkpt>
    <trkpt lat="42.535968" lon="-2.318421">
      <ele>478.4</ele>
    </trkpt>
    <trkpt lat="42.535879" lon="-2.318539">
      <ele>477.9</ele>
    </trkpt>
    <trkpt lat="42.535609" lon="-2.318775">
      <ele>476.7</ele>
    </trkpt>
    <trkpt lat="42.535409" lon="-2.318871">
      <ele>476.3</ele>
    </trkpt>
    <trkpt lat="42.53493" lon="-2.318985">
      <ele>476.1</ele>
    </trkpt>
    <trkpt lat="42.534725" lon="-2.319181">
      <ele>476.3</ele>
    </trkpt>
    <trkpt lat="42.534047" lon="-2.319681">
      <ele>476</ele>
    </trkpt>
    <trkpt lat="42.533805" lon="-2.319939">
      <ele>474.9</ele>
    </trkpt>
    <trkpt lat="42.533527" lon="-2.320385">
      <ele>472.7</ele>
    </trkpt>
    <trkpt lat="42.533328" lon="-2.320638">
      <ele>470.8</ele>
    </trkpt>
    <trkpt lat="42.533029" lon="-2.320955">
      <ele>467.9</ele>
    </trkpt>
    <trkpt lat="42.532854" lon="-2.321074">
      <ele>466.3</ele>
    </trkpt>
    <trkpt lat="42.532746" lon="-2.321247">
      <ele>465.1</ele>
    </trkpt>
    <trkpt lat="42.53242" lon="-2.321634">
      <ele>462.5</ele>
    </trkpt>
    <trkpt lat="42.532021" lon="-2.322023">
      <ele>460.6</ele>
    </trkpt>
    <trkpt lat="42.531998" lon="-2.322092">
      <ele>460.4</ele>
    </trkpt>
    <trkpt lat="42.531949" lon="-2.322269">
      <ele>460.1</ele>
    </trkpt>
    <trkpt lat="42.531712" lon="-2.322296">
      <ele>459.5</ele>
    </trkpt>
    <trkpt lat="42.531003" lon="-2.322573">
      <ele>458.5</ele>
    </trkpt>
    <trkpt lat="42.530691" lon="-2.322631">
      <ele>458</ele>
    </trkpt>
    <trkpt lat="42.530457" lon="-2.322804">
      <ele>457.4</ele>
    </trkpt>
    <trkpt lat="42.530126" lon="-2.322928">
      <ele>456.7</ele>
    </trkpt>
    <trkpt lat="42.529337" lon="-2.322982">
      <ele>454.8</ele>
    </trkpt>
    <trkpt lat="42.529228" lon="-2.323024">
      <ele>454.6</ele>
    </trkpt>
    <trkpt lat="42.529125" lon="-2.323088">
      <ele>454.3</ele>
    </trkpt>
    <trkpt lat="42.528806" lon="-2.323398">
      <ele>453.6</ele>
    </trkpt>
    <trkpt lat="42.528622" lon="-2.323489">
      <ele>453.3</ele>
    </trkpt>
    <trkpt lat="42.528065" lon="-2.323897">
      <ele>454.1</ele>
    </trkpt>
    <trkpt lat="42.527678" lon="-2.324414">
      <ele>456.6</ele>
    </trkpt>
    <trkpt lat="42.527442" lon="-2.32479">
      <ele>458.9</ele>
    </trkpt>
    <trkpt lat="42.527226" lon="-2.324954">
      <ele>460.6</ele>
    </trkpt>
    <trkpt lat="42.526987" lon="-2.32534">
      <ele>462.9</ele>
    </trkpt>
    <trkpt lat="42.526598" lon="-2.325713">
      <ele>465.8</ele>
    </trkpt>
    <trkpt lat="42.526542" lon="-2.325834">
      <ele>466.4</ele>
    </trkpt>
    <trkpt lat="42.526447" lon="-2.325936">
      <ele>467</ele>
    </trkpt>
    <trkpt lat="42.52633" lon="-2.32602">
      <ele>467.6</ele>
    </trkpt>
    <trkpt lat="42.526298" lon="-2.326076">
      <ele>467.9</ele>
    </trkpt>
    <trkpt lat="42.526099" lon="-2.326898">
      <ele>470</ele>
    </trkpt>
    <trkpt lat="42.526109" lon="-2.32723">
      <ele>470.5</ele>
    </trkpt>
    <trkpt lat="42.526197" lon="-2.327567">
      <ele>471.3</ele>
    </trkpt>
    <trkpt lat="42.526155" lon="-2.327691">
      <ele>471.7</ele>
    </trkpt>
    <trkpt lat="42.526129" lon="-2.327774">
      <ele>471.9</ele>
    </trkpt>
    <trkpt lat="42.526226" lon="-2.328022">
      <ele>472.7</ele>
    </trkpt>
    <trkpt lat="42.526241" lon="-2.328189">
      <ele>473.2</ele>
    </trkpt>
    <trkpt lat="42.526084" lon="-2.328482">
      <ele>474.5</ele>
    </trkpt>
    <trkpt lat="42.526007" lon="-2.3287">
      <ele>475.6</ele>
    </trkpt>
    <trkpt lat="42.52599" lon="-2.328882">
      <ele>476.5</ele>
    </trkpt>
    <trkpt lat="42.526033" lon="-2.329319">
      <ele>479.2</ele>
    </trkpt>
    <trkpt lat="42.526027" lon="-2.329533">
      <ele>480.8</ele>
    </trkpt>
    <trkpt lat="42.525979" lon="-2.329763">
      <ele>482.8</ele>
    </trkpt>
    <trkpt lat="42.525828" lon="-2.330215">
      <ele>487.4</ele>
    </trkpt>
    <trkpt lat="42.525721" lon="-2.330296">
      <ele>488.9</ele>
    </trkpt>
    <trkpt lat="42.525573" lon="-2.330319">
      <ele>490.7</ele>
    </trkpt>
    <trkpt lat="42.525112" lon="-2.33067">
      <ele>496</ele>
    </trkpt>
    <trkpt lat="42.524993" lon="-2.330889">
      <ele>497.6</ele>
    </trkpt>
    <trkpt lat="42.524926" lon="-2.330931">
      <ele>498</ele>
    </trkpt>
    <trkpt lat="42.524704" lon="-2.33098">
      <ele>499.2</ele>
    </trkpt>
    <trkpt lat="42.524673" lon="-2.331054">
      <ele>499.4</ele>
    </trkpt>
    <trkpt lat="42.524661" lon="-2.331178">
      <ele>499.7</ele>
    </trkpt>
    <trkpt lat="42.52459" lon="-2.331368">
      <ele>500</ele>
    </trkpt>
    <trkpt lat="42.524191" lon="-2.333254">
      <ele>497.2</ele>
    </trkpt>
    <trkpt lat="42.523999" lon="-2.334303">
      <ele>494</ele>
    </trkpt>
    <trkpt lat="42.523925" lon="-2.334629">
      <ele>492.8</ele>
    </trkpt>
    <trkpt lat="42.523463" lon="-2.336083">
      <ele>484.7</ele>
    </trkpt>
    <trkpt lat="42.523144" lon="-2.336867">
      <ele>480.1</ele>
    </trkpt>
    <trkpt lat="42.523088" lon="-2.336955">
      <ele>479.6</ele>
    </trkpt>
    <trkpt lat="42.522974" lon="-2.337049">
      <ele>478.9</ele>
    </trkpt>
    <trkpt lat="42.522941" lon="-2.337046">
      <ele>478.7</ele>
    </trkpt>
    <trkpt lat="42.522844" lon="-2.337115">
      <ele>478.3</ele>
    </trkpt>
    <trkpt lat="42.522748" lon="-2.337413">
      <ele>477.4</ele>
    </trkpt>
    <trkpt lat="42.522676" lon="-2.337746">
      <ele>476.9</ele>
    </trkpt>
    <trkpt lat="42.522239" lon="-2.338668">
      <ele>477.6</ele>
    </trkpt>
    <trkpt lat="42.521988" lon="-2.339141">
      <ele>478.8</ele>
    </trkpt>
    <trkpt lat="42.521989" lon="-2.339229">
      <ele>478.9</ele>
    </trkpt>
    <trkpt lat="42.521839" lon="-2.339444">
      <ele>479.5</ele>
    </trkpt>
    <trkpt lat="42.521848" lon="-2.3395">
      <ele>479.6</ele>
    </trkpt>
    <trkpt lat="42.521127" lon="-2.34051">
      <ele>480.5</ele>
    </trkpt>
    <trkpt lat="42.519833" lon="-2.343646">
      <ele>475.4</ele>
    </trkpt>
    <trkpt lat="42.519715" lon="-2.343985">
      <ele>474.8</ele>
    </trkpt>
    <trkpt lat="42.519664" lon="-2.34421">
      <ele>474.4</ele>
    </trkpt>
    <trkpt lat="42.518382" lon="-2.349916">
      <ele>463.8</ele>
    </trkpt>
    <trkpt lat="42.517986" lon="-2.351742">
      <ele>459.4</ele>
    </trkpt>
    <trkpt lat="42.517981" lon="-2.351938">
      <ele>458.9</ele>
    </trkpt>
    <trkpt lat="42.5181" lon="-2.353357">
      <ele>454.5</ele>
    </trkpt>
    <trkpt lat="42.518086" lon="-2.353863">
      <ele>452.8</ele>
    </trkpt>
    <trkpt lat="42.517515" lon="-2.356245">
      <ele>446</ele>
    </trkpt>
    <trkpt lat="42.517075" lon="-2.358049">
      <ele>444</ele>
    </trkpt>
    <trkpt lat="42.516962" lon="-2.358598">
      <ele>443.6</ele>
    </trkpt>
    <trkpt lat="42.516981" lon="-2.358836">
      <ele>443.5</ele>
    </trkpt>
    <trkpt lat="42.517017" lon="-2.358961">
      <ele>443.5</ele>
    </trkpt>
    <trkpt lat="42.516989" lon="-2.359111">
      <ele>443.4</ele>
    </trkpt>
    <trkpt lat="42.516875" lon="-2.35921">
      <ele>443.4</ele>
    </trkpt>
    <trkpt lat="42.516807" lon="-2.359282">
      <ele>443.4</ele>
    </trkpt>
    <trkpt lat="42.516761" lon="-2.359379">
      <ele>443.3</ele>
    </trkpt>
    <trkpt lat="42.516677" lon="-2.359665">
      <ele>443.3</ele>
    </trkpt>
    <trkpt lat="42.516521" lon="-2.360298">
      <ele>443.4</ele>
    </trkpt>
    <trkpt lat="42.516092" lon="-2.362028">
      <ele>443.9</ele>
    </trkpt>
    <trkpt lat="42.515753" lon="-2.363407">
      <ele>443.3</ele>
    </trkpt>
    <trkpt lat="42.515822" lon="-2.363441">
      <ele>443.2</ele>
    </trkpt>
    <trkpt lat="42.515714" lon="-2.363853">
      <ele>442.9</ele>
    </trkpt>
    <trkpt lat="42.51559" lon="-2.364386">
      <ele>442.6</ele>
    </trkpt>
    <trkpt lat="42.515503" lon="-2.364761">
      <ele>442.6</ele>
    </trkpt>
    <trkpt lat="42.515528" lon="-2.365237">
      <ele>442.6</ele>
    </trkpt>
    <trkpt lat="42.515534" lon="-2.366217">
      <ele>443.5</ele>
    </trkpt>
    <trkpt lat="42.515467" lon="-2.366799">
      <ele>444.8</ele>
    </trkpt>
    <trkpt lat="42.515335" lon="-2.367828">
      <ele>448.5</ele>
    </trkpt>
    <trkpt lat="42.515337" lon="-2.368075">
      <ele>449.6</ele>
    </trkpt>
    <trkpt lat="42.515186" lon="-2.368955">
      <ele>455.3</ele>
    </trkpt>
    <trkpt lat="42.515053" lon="-2.368954">
      <ele>456.5</ele>
    </trkpt>
    <trkpt lat="42.515067" lon="-2.369042">
      <ele>457.2</ele>
    </trkpt>
    <trkpt lat="42.515389" lon="-2.369391">
      <ele>461.3</ele>
    </trkpt>
    <trkpt lat="42.515378" lon="-2.369554">
      <ele>462.5</ele>
    </trkpt>
    <trkpt lat="42.515594" lon="-2.369744">
      <ele>464.9</ele>
    </trkpt>
    <trkpt lat="42.515702" lon="-2.369953">
      <ele>466.3</ele>
    </trkpt>
    <trkpt lat="42.515513" lon="-2.370643">
      <ele>469.1</ele>
    </trkpt>
    <trkpt lat="42.515524" lon="-2.370731">
      <ele>469.2</ele>
    </trkpt>
    <trkpt lat="42.515464" lon="-2.370906">
      <ele>469.4</ele>
    </trkpt>
    <trkpt lat="42.515423" lon="-2.370929">
      <ele>469.5</ele>
    </trkpt>
    <trkpt lat="42.515361" lon="-2.370897">
      <ele>469.6</ele>
    </trkpt>
    <trkpt lat="42.515266" lon="-2.37082">
      <ele>469.6</ele>
    </trkpt>
    <trkpt lat="42.51533" lon="-2.37016">
      <ele>469.8</ele>
    </trkpt>
    <trkpt lat="42.515065" lon="-2.37009">
      <ele>469.7</ele>
    </trkpt>
    <trkpt lat="42.515047" lon="-2.370301">
      <ele>469.7</ele>
    </trkpt>
    <trkpt lat="42.514929" lon="-2.371846">
      <ele>469.7</ele>
    </trkpt>
    <trkpt lat="42.51492" lon="-2.371965">
      <ele>469.7</ele>
    </trkpt>
    <trkpt lat="42.514825" lon="-2.373263">
      <ele>467.4</ele>
    </trkpt>
    <trkpt lat="42.514785" lon="-2.373304">
      <ele>467</ele>
    </trkpt>
    <trkpt lat="42.514801" lon="-2.373596">
      <ele>465.7</ele>
    </trkpt>
    <trkpt lat="42.515022" lon="-2.37373">
      <ele>464</ele>
    </trkpt>
    <trkpt lat="42.5152" lon="-2.373753">
      <ele>462.7</ele>
    </trkpt>
    <trkpt lat="42.515251" lon="-2.374262">
      <ele>459.8</ele>
    </trkpt>
    <trkpt lat="42.515262" lon="-2.37434">
      <ele>459.2</ele>
    </trkpt>
    <trkpt lat="42.515522" lon="-2.374461">
      <ele>457</ele>
    </trkpt>
    <trkpt lat="42.515553" lon="-2.374633">
      <ele>455.9</ele>
    </trkpt>
    <trkpt lat="42.51553" lon="-2.374687">
      <ele>455.4</ele>
    </trkpt>
    <trkpt lat="42.515336" lon="-2.374768">
      <ele>453.2</ele>
    </trkpt>
    <trkpt lat="42.515118" lon="-2.374826">
      <ele>450.6</ele>
    </trkpt>
    <trkpt lat="42.515183" lon="-2.375615">
      <ele>444.3</ele>
    </trkpt>
    <trkpt lat="42.515126" lon="-2.375915">
      <ele>441.8</ele>
    </trkpt>
    <trkpt lat="42.51487" lon="-2.375882">
      <ele>439.3</ele>
    </trkpt>
    <trkpt lat="42.514916" lon="-2.376225">
      <ele>436.8</ele>
    </trkpt>
    <trkpt lat="42.514896" lon="-2.376374">
      <ele>435.8</ele>
    </trkpt>
    <trkpt lat="42.514578" lon="-2.376897">
      <ele>432</ele>
    </trkpt>
    <trkpt lat="42.514309" lon="-2.377186">
      <ele>429.9</ele>
    </trkpt>
    <trkpt lat="42.514231" lon="-2.377241">
      <ele>429.4</ele>
    </trkpt>
    <trkpt lat="42.513874" lon="-2.377318">
      <ele>427.7</ele>
    </trkpt>
    <trkpt lat="42.513395" lon="-2.377327">
      <ele>426.3</ele>
    </trkpt>
    <trkpt lat="42.513349" lon="-2.377366">
      <ele>426.1</ele>
    </trkpt>
    <trkpt lat="42.513291" lon="-2.377416">
      <ele>426</ele>
    </trkpt>
    <trkpt lat="42.513013" lon="-2.37754">
      <ele>425.6</ele>
    </trkpt>
    <trkpt lat="42.512827" lon="-2.377561">
      <ele>425.4</ele>
    </trkpt>
    <trkpt lat="42.512793" lon="-2.377579">
      <ele>425.4</ele>
    </trkpt>
    <trkpt lat="42.512792" lon="-2.377783">
      <ele>425.2</ele>
    </trkpt>
    <trkpt lat="42.512905" lon="-2.378998">
      <ele>424.5</ele>
    </trkpt>
    <trkpt lat="42.512817" lon="-2.379172">
      <ele>424.5</ele>
    </trkpt>
    <trkpt lat="42.512707" lon="-2.379181">
      <ele>424.5</ele>
    </trkpt>
    <trkpt lat="42.512613" lon="-2.379254">
      <ele>424.4</ele>
    </trkpt>
    <trkpt lat="42.512468" lon="-2.379255">
      <ele>424.4</ele>
    </trkpt>
    <trkpt lat="42.512255" lon="-2.379168">
      <ele>424.4</ele>
    </trkpt>
    <trkpt lat="42.512128" lon="-2.379163">
      <ele>424.3</ele>
    </trkpt>
    <trkpt lat="42.511514" lon="-2.379621">
      <ele>423.7</ele>
    </trkpt>
    <trkpt lat="42.511454" lon="-2.3796">
      <ele>423.6</ele>
    </trkpt>
    <trkpt lat="42.511274" lon="-2.379408">
      <ele>423.3</ele>
    </trkpt>
    <trkpt lat="42.511133" lon="-2.379361">
      <ele>423.2</ele>
    </trkpt>
    <trkpt lat="42.510385" lon="-2.379463">
      <ele>422.1</ele>
    </trkpt>
    <trkpt lat="42.510204" lon="-2.3796">
      <ele>421.6</ele>
    </trkpt>
    <trkpt lat="42.510044" lon="-2.379832">
      <ele>421.1</ele>
    </trkpt>
    <trkpt lat="42.509961" lon="-2.379978">
      <ele>420.7</ele>
    </trkpt>
    <trkpt lat="42.509875" lon="-2.380466">
      <ele>419.9</ele>
    </trkpt>
    <trkpt lat="42.509732" lon="-2.381391">
      <ele>418.5</ele>
    </trkpt>
    <trkpt lat="42.509556" lon="-2.381635">
      <ele>417.9</ele>
    </trkpt>
    <trkpt lat="42.50924" lon="-2.381964">
      <ele>417.3</ele>
    </trkpt>
    <trkpt lat="42.508509" lon="-2.382577">
      <ele>416.8</ele>
    </trkpt>
    <trkpt lat="42.508225" lon="-2.382826">
      <ele>416.8</ele>
    </trkpt>
    <trkpt lat="42.507972" lon="-2.382987">
      <ele>416.6</ele>
    </trkpt>
    <trkpt lat="42.507936" lon="-2.382984">
      <ele>416.6</ele>
    </trkpt>
    <trkpt lat="42.507783" lon="-2.382904">
      <ele>416.4</ele>
    </trkpt>
    <trkpt lat="42.507735" lon="-2.382916">
      <ele>416.4</ele>
    </trkpt>
    <trkpt lat="42.507577" lon="-2.383141">
      <ele>416.1</ele>
    </trkpt>
    <trkpt lat="42.507325" lon="-2.383561">
      <ele>415.6</ele>
    </trkpt>
    <trkpt lat="42.507136" lon="-2.383752">
      <ele>415.3</ele>
    </trkpt>
    <trkpt lat="42.506448" lon="-2.383966">
      <ele>413.8</ele>
    </trkpt>
    <trkpt lat="42.505879" lon="-2.384046">
      <ele>412.4</ele>
    </trkpt>
    <trkpt lat="42.505704" lon="-2.384109">
      <ele>412</ele>
    </trkpt>
    <trkpt lat="42.505326" lon="-2.384266">
      <ele>410.9</ele>
    </trkpt>
    <trkpt lat="42.505267" lon="-2.384555">
      <ele>410.2</ele>
    </trkpt>
    <trkpt lat="42.50522" lon="-2.384684">
      <ele>409.8</ele>
    </trkpt>
    <trkpt lat="42.505137" lon="-2.384802">
      <ele>409.4</ele>
    </trkpt>
    <trkpt lat="42.504772" lon="-2.385171">
      <ele>407.6</ele>
    </trkpt>
    <trkpt lat="42.503816" lon="-2.386305">
      <ele>402.7</ele>
    </trkpt>
    <trkpt lat="42.503534" lon="-2.386466">
      <ele>401.7</ele>
    </trkpt>
    <trkpt lat="42.503228" lon="-2.386875">
      <ele>400.3</ele>
    </trkpt>
    <trkpt lat="42.50287" lon="-2.386993">
      <ele>399.3</ele>
    </trkpt>
    <trkpt lat="42.502159" lon="-2.387406">
      <ele>397.6</ele>
    </trkpt>
    <trkpt lat="42.50208" lon="-2.387492">
      <ele>397.4</ele>
    </trkpt>
    <trkpt lat="42.501886" lon="-2.38792">
      <ele>396.8</ele>
    </trkpt>
    <trkpt lat="42.501854" lon="-2.387978">
      <ele>396.7</ele>
    </trkpt>
    <trkpt lat="42.501698" lon="-2.388103">
      <ele>396.4</ele>
    </trkpt>
    <trkpt lat="42.501581" lon="-2.388148">
      <ele>396.2</ele>
    </trkpt>
    <trkpt lat="42.501324" lon="-2.388175">
      <ele>395.8</ele>
    </trkpt>
    <trkpt lat="42.501042" lon="-2.388163">
      <ele>395.4</ele>
    </trkpt>
    <trkpt lat="42.500845" lon="-2.388122">
      <ele>395.1</ele>
    </trkpt>
    <trkpt lat="42.500529" lon="-2.387959">
      <ele>394.6</ele>
    </trkpt>
    <trkpt lat="42.500434" lon="-2.387947">
      <ele>394.5</ele>
    </trkpt>
    <trkpt lat="42.500135" lon="-2.388055">
      <ele>394</ele>
    </trkpt>
    <trkpt lat="42.499429" lon="-2.388585">
      <ele>393.1</ele>
    </trkpt>
    <trkpt lat="42.499218" lon="-2.388674">
      <ele>392.9</ele>
    </trkpt>
    <trkpt lat="42.498267" lon="-2.388899">
      <ele>393</ele>
    </trkpt>
    <trkpt lat="42.498109" lon="-2.388892">
      <ele>393.1</ele>
    </trkpt>
    <trkpt lat="42.497786" lon="-2.388782">
      <ele>393.3</ele>
    </trkpt>
    <trkpt lat="42.497664" lon="-2.3888">
      <ele>393.4</ele>
    </trkpt>
    <trkpt lat="42.497585" lon="-2.388846">
      <ele>393.5</ele>
    </trkpt>
    <trkpt lat="42.49754" lon="-2.388837">
      <ele>393.5</ele>
    </trkpt>
    <trkpt lat="42.497422" lon="-2.388813">
      <ele>393.6</ele>
    </trkpt>
    <trkpt lat="42.49666" lon="-2.388552">
      <ele>394.5</ele>
    </trkpt>
    <trkpt lat="42.496483" lon="-2.388533">
      <ele>394.8</ele>
    </trkpt>
    <trkpt lat="42.496102" lon="-2.388646">
      <ele>395.7</ele>
    </trkpt>
    <trkpt lat="42.49598" lon="-2.38902">
      <ele>396.3</ele>
    </trkpt>
    <trkpt lat="42.495928" lon="-2.389504">
      <ele>396.7</ele>
    </trkpt>
    <trkpt lat="42.495889" lon="-2.390022">
      <ele>396.7</ele>
    </trkpt>
    <trkpt lat="42.495914" lon="-2.390555">
      <ele>396.2</ele>
    </trkpt>
    <trkpt lat="42.495952" lon="-2.390961">
      <ele>395.3</ele>
    </trkpt>
    <trkpt lat="42.496051" lon="-2.391547">
      <ele>393.3</ele>
    </trkpt>
    <trkpt lat="42.495985" lon="-2.392071">
      <ele>391.6</ele>
    </trkpt>
    <trkpt lat="42.49589" lon="-2.392536">
      <ele>390.4</ele>
    </trkpt>
    <trkpt lat="42.495918" lon="-2.392968">
      <ele>389.8</ele>
    </trkpt>
    <trkpt lat="42.495879" lon="-2.393681">
      <ele>389.6</ele>
    </trkpt>
    <trkpt lat="42.495782" lon="-2.394193">
      <ele>389.9</ele>
    </trkpt>
    <trkpt lat="42.495585" lon="-2.394596">
      <ele>390.2</ele>
    </trkpt>
    <trkpt lat="42.495553" lon="-2.395303">
      <ele>390.5</ele>
    </trkpt>
    <trkpt lat="42.495393" lon="-2.396211">
      <ele>390.5</ele>
    </trkpt>
    <trkpt lat="42.495391" lon="-2.39634">
      <ele>390.5</ele>
    </trkpt>
    <trkpt lat="42.495377" lon="-2.396749">
      <ele>390.3</ele>
    </trkpt>
    <trkpt lat="42.495313" lon="-2.397392">
      <ele>390</ele>
    </trkpt>
    <trkpt lat="42.49513" lon="-2.398445">
      <ele>390</ele>
    </trkpt>
    <trkpt lat="42.494954" lon="-2.399118">
      <ele>390.5</ele>
    </trkpt>
    <trkpt lat="42.494638" lon="-2.399972">
      <ele>392.5</ele>
    </trkpt>
    <trkpt lat="42.49436" lon="-2.400507">
      <ele>394.6</ele>
    </trkpt>
    <trkpt lat="42.494161" lon="-2.400837">
      <ele>396</ele>
    </trkpt>
    <trkpt lat="42.494043" lon="-2.401134">
      <ele>397.2</ele>
    </trkpt>
    <trkpt lat="42.493883" lon="-2.401686">
      <ele>399.4</ele>
    </trkpt>
    <trkpt lat="42.493952" lon="-2.402023">
      <ele>400.6</ele>
    </trkpt>
    <trkpt lat="42.494034" lon="-2.402256">
      <ele>401.4</ele>
    </trkpt>
    <trkpt lat="42.494244" lon="-2.402707">
      <ele>402.6</ele>
    </trkpt>
    <trkpt lat="42.494288" lon="-2.402856">
      <ele>402.9</ele>
    </trkpt>
    <trkpt lat="42.494238" lon="-2.403315">
      <ele>403.5</ele>
    </trkpt>
    <trkpt lat="42.494146" lon="-2.403554">
      <ele>403.6</ele>
    </trkpt>
    <trkpt lat="42.493978" lon="-2.403887">
      <ele>403.7</ele>
    </trkpt>
    <trkpt lat="42.493941" lon="-2.404018">
      <ele>403.7</ele>
    </trkpt>
    <trkpt lat="42.493989" lon="-2.404196">
      <ele>403.7</ele>
    </trkpt>
    <trkpt lat="42.493956" lon="-2.40426">
      <ele>403.7</ele>
    </trkpt>
    <trkpt lat="42.493889" lon="-2.404323">
      <ele>403.7</ele>
    </trkpt>
    <trkpt lat="42.493801" lon="-2.404468">
      <ele>403.7</ele>
    </trkpt>
    <trkpt lat="42.493692" lon="-2.404556">
      <ele>403.8</ele>
    </trkpt>
    <trkpt lat="42.493671" lon="-2.40461">
      <ele>403.8</ele>
    </trkpt>
    <trkpt lat="42.493681" lon="-2.404717">
      <ele>403.8</ele>
    </trkpt>
    <trkpt lat="42.493643" lon="-2.404762">
      <ele>403.8</ele>
    </trkpt>
    <trkpt lat="42.493718" lon="-2.40489">
      <ele>403.9</ele>
    </trkpt>
    <trkpt lat="42.493765" lon="-2.404952">
      <ele>404</ele>
    </trkpt>
    <trkpt lat="42.493752" lon="-2.405069">
      <ele>404</ele>
    </trkpt>
    <trkpt lat="42.493864" lon="-2.40507">
      <ele>404.1</ele>
    </trkpt>
    <trkpt lat="42.493779" lon="-2.405522">
      <ele>404.3</ele>
    </trkpt>
    <trkpt lat="42.493683" lon="-2.405712">
      <ele>404.5</ele>
    </trkpt>
    <trkpt lat="42.493792" lon="-2.406239">
      <ele>405.2</ele>
    </trkpt>
    <trkpt lat="42.493842" lon="-2.407003">
      <ele>405.6</ele>
    </trkpt>
    <trkpt lat="42.493771" lon="-2.407269">
      <ele>405.7</ele>
    </trkpt>
    <trkpt lat="42.493625" lon="-2.40747">
      <ele>405.7</ele>
    </trkpt>
    <trkpt lat="42.493483" lon="-2.407572">
      <ele>405.6</ele>
    </trkpt>
    <trkpt lat="42.493366" lon="-2.407573">
      <ele>405.6</ele>
    </trkpt>
    <trkpt lat="42.493253" lon="-2.407651">
      <ele>405.6</ele>
    </trkpt>
    <trkpt lat="42.493176" lon="-2.407916">
      <ele>405.5</ele>
    </trkpt>
    <trkpt lat="42.493239" lon="-2.409075">
      <ele>405.1</ele>
    </trkpt>
    <trkpt lat="42.493113" lon="-2.409397">
      <ele>404.8</ele>
    </trkpt>
    <trkpt lat="42.493097" lon="-2.410148">
      <ele>403.8</ele>
    </trkpt>
    <trkpt lat="42.492944" lon="-2.410529">
      <ele>402.8</ele>
    </trkpt>
    <trkpt lat="42.492606" lon="-2.411371">
      <ele>399.6</ele>
    </trkpt>
    <trkpt lat="42.492385" lon="-2.412744">
      <ele>393.2</ele>
    </trkpt>
    <trkpt lat="42.492189" lon="-2.412719">
      <ele>392.1</ele>
    </trkpt>
    <trkpt lat="42.491562" lon="-2.412637">
      <ele>389.6</ele>
    </trkpt>
    <trkpt lat="42.491505" lon="-2.412646">
      <ele>389.4</ele>
    </trkpt>
    <trkpt lat="42.491467" lon="-2.412712">
      <ele>389.3</ele>
    </trkpt>
    <trkpt lat="42.491474" lon="-2.412559">
      <ele>389.1</ele>
    </trkpt>
    <trkpt lat="42.491524" lon="-2.412314">
      <ele>388.8</ele>
    </trkpt>
    <trkpt lat="42.492266" lon="-2.409707">
      <ele>393.2</ele>
    </trkpt>
    <trkpt lat="42.492375" lon="-2.409418">
      <ele>393.9</ele>
    </trkpt>
    <trkpt lat="42.492426" lon="-2.409136">
      <ele>394.5</ele>
    </trkpt>
    <trkpt lat="42.492613" lon="-2.40844">
      <ele>396</ele>
    </trkpt>
    <trkpt lat="42.492823" lon="-2.40774">
      <ele>397.4</ele>
    </trkpt>
    <trkpt lat="42.492919" lon="-2.40749">
      <ele>397.8</ele>
    </trkpt>
    <trkpt lat="42.493022" lon="-2.406979">
      <ele>398.6</ele>
    </trkpt>
    <trkpt lat="42.493302" lon="-2.406054">
      <ele>400.2</ele>
    </trkpt>
    <trkpt lat="42.493314" lon="-2.405869">
      <ele>400.5</ele>
    </trkpt>
    <trkpt lat="42.493526" lon="-2.405427">
      <ele>401.8</ele>
    </trkpt>
    <trkpt lat="42.493752" lon="-2.405069">
      <ele>402.9</ele>
    </trkpt>
    <trkpt lat="42.493864" lon="-2.40507">
      <ele>403.2</ele>
    </trkpt>
    <trkpt lat="42.493943" lon="-2.405027">
      <ele>403.4</ele>
    </trkpt>
    <trkpt lat="42.494093" lon="-2.404716">
      <ele>404.1</ele>
    </trkpt>
    <trkpt lat="42.494354" lon="-2.404512">
      <ele>404.7</ele>
    </trkpt>
    <trkpt lat="42.49459" lon="-2.404484">
      <ele>404.9</ele>
    </trkpt>
    <trkpt lat="42.494748" lon="-2.404415">
      <ele>405</ele>
    </trkpt>
    <trkpt lat="42.494986" lon="-2.403905">
      <ele>404.6</ele>
    </trkpt>
    <trkpt lat="42.495232" lon="-2.403504">
      <ele>403.9</ele>
    </trkpt>
    <trkpt lat="42.495492" lon="-2.403188">
      <ele>403.3</ele>
    </trkpt>
    <trkpt lat="42.495963" lon="-2.402686">
      <ele>402.5</ele>
    </trkpt>
    <trkpt lat="42.496425" lon="-2.402335">
      <ele>402.6</ele>
    </trkpt>
    <trkpt lat="42.496844" lon="-2.402078">
      <ele>403.1</ele>
    </trkpt>
    <trkpt lat="42.497032" lon="-2.402009">
      <ele>403.4</ele>
    </trkpt>
    <trkpt lat="42.497044" lon="-2.401934">
      <ele>403.5</ele>
    </trkpt>
    <trkpt lat="42.497198" lon="-2.401686">
      <ele>403.9</ele>
    </trkpt>
    <trkpt lat="42.497898" lon="-2.4011">
      <ele>403.9</ele>
    </trkpt>
    <trkpt lat="42.49813" lon="-2.401038">
      <ele>403.6</ele>
    </trkpt>
    <trkpt lat="42.498249" lon="-2.400955">
      <ele>403.3</ele>
    </trkpt>
    <trkpt lat="42.498752" lon="-2.400513">
      <ele>401.9</ele>
    </trkpt>
    <trkpt lat="42.498972" lon="-2.400357">
      <ele>401.2</ele>
    </trkpt>
    <trkpt lat="42.499462" lon="-2.400167">
      <ele>400</ele>
    </trkpt>
    <trkpt lat="42.499686" lon="-2.400012">
      <ele>399.6</ele>
    </trkpt>
    <trkpt lat="42.501478" lon="-2.398487">
      <ele>399</ele>
    </trkpt>
    <trkpt lat="42.501731" lon="-2.398211">
      <ele>399.2</ele>
    </trkpt>
    <trkpt lat="42.502099" lon="-2.397908">
      <ele>399.5</ele>
    </trkpt>
    <trkpt lat="42.50244" lon="-2.397428">
      <ele>400.1</ele>
    </trkpt>
    <trkpt lat="42.502652" lon="-2.397195">
      <ele>400.5</ele>
    </trkpt>
    <trkpt lat="42.503255" lon="-2.396642">
      <ele>401.6</ele>
    </trkpt>
    <trkpt lat="42.503421" lon="-2.396554">
      <ele>401.8</ele>
    </trkpt>
    <trkpt lat="42.503769" lon="-2.396401">
      <ele>402.3</ele>
    </trkpt>
    <trkpt lat="42.504306" lon="-2.396281">
      <ele>402.9</ele>
    </trkpt>
    <trkpt lat="42.504772" lon="-2.396244">
      <ele>403.2</ele>
    </trkpt>
    <trkpt lat="42.505353" lon="-2.39599">
      <ele>403.6</ele>
    </trkpt>
    <trkpt lat="42.505881" lon="-2.39562">
      <ele>404.2</ele>
    </trkpt>
    <trkpt lat="42.506208" lon="-2.395513">
      <ele>404.6</ele>
    </trkpt>
    <trkpt lat="42.506589" lon="-2.395446">
      <ele>405.2</ele>
    </trkpt>
    <trkpt lat="42.506882" lon="-2.395454">
      <ele>405.6</ele>
    </trkpt>
    <trkpt lat="42.507595" lon="-2.395758">
      <ele>406.6</ele>
    </trkpt>
    <trkpt lat="42.507714" lon="-2.395588">
      <ele>406.8</ele>
    </trkpt>
    <trkpt lat="42.507756" lon="-2.395465">
      <ele>406.9</ele>
    </trkpt>
    <trkpt lat="42.507766" lon="-2.3954">
      <ele>406.9</ele>
    </trkpt>
    <trkpt lat="42.507789" lon="-2.395333">
      <ele>406.9</ele>
    </trkpt>
    <trkpt lat="42.508217" lon="-2.394899">
      <ele>407.4</ele>
    </trkpt>
    <trkpt lat="42.508561" lon="-2.394383">
      <ele>407.8</ele>
    </trkpt>
    <trkpt lat="42.508687" lon="-2.393916">
      <ele>408.2</ele>
    </trkpt>
    <trkpt lat="42.508846" lon="-2.39359">
      <ele>408.4</ele>
    </trkpt>
    <trkpt lat="42.509022" lon="-2.39291">
      <ele>408.6</ele>
    </trkpt>
    <trkpt lat="42.508845" lon="-2.392761">
      <ele>408.6</ele>
    </trkpt>
    <trkpt lat="42.508585" lon="-2.392054">
      <ele>408.8</ele>
    </trkpt>
    <trkpt lat="42.508496" lon="-2.391753">
      <ele>408.8</ele>
    </trkpt>
    <trkpt lat="42.508464" lon="-2.391469">
      <ele>408.9</ele>
    </trkpt>
    <trkpt lat="42.50846" lon="-2.390751">
      <ele>409.2</ele>
    </trkpt>
    <trkpt lat="42.508814" lon="-2.388276">
      <ele>412.3</ele>
    </trkpt>
    <trkpt lat="42.508827" lon="-2.387908">
      <ele>412.7</ele>
    </trkpt>
    <trkpt lat="42.508971" lon="-2.387118">
      <ele>413.3</ele>
    </trkpt>
    <trkpt lat="42.509277" lon="-2.386127">
      <ele>413.8</ele>
    </trkpt>
    <trkpt lat="42.509363" lon="-2.385658">
      <ele>414</ele>
    </trkpt>
    <trkpt lat="42.509566" lon="-2.385142">
      <ele>414.2</ele>
    </trkpt>
    <trkpt lat="42.509587" lon="-2.384908">
      <ele>414.2</ele>
    </trkpt>
    <trkpt lat="42.509534" lon="-2.384279">
      <ele>414.5</ele>
    </trkpt>
    <trkpt lat="42.509422" lon="-2.384032">
      <ele>414.6</ele>
    </trkpt>
    <trkpt lat="42.509397" lon="-2.383827">
      <ele>414.7</ele>
    </trkpt>
    <trkpt lat="42.509401" lon="-2.383449">
      <ele>415</ele>
    </trkpt>
    <trkpt lat="42.509435" lon="-2.383018">
      <ele>415.5</ele>
    </trkpt>
    <trkpt lat="42.509422" lon="-2.382581">
      <ele>416</ele>
    </trkpt>
    <trkpt lat="42.509498" lon="-2.381854">
      <ele>417.1</ele>
    </trkpt>
    <trkpt lat="42.509556" lon="-2.381635">
      <ele>417.6</ele>
    </trkpt>
    <trkpt lat="42.509732" lon="-2.381391">
      <ele>418.2</ele>
    </trkpt>
    <trkpt lat="42.509875" lon="-2.380466">
      <ele>419.9</ele>
    </trkpt>
    <trkpt lat="42.509961" lon="-2.379978">
      <ele>420.7</ele>
    </trkpt>
    <trkpt lat="42.510044" lon="-2.379832">
      <ele>421.1</ele>
    </trkpt>
    <trkpt lat="42.510204" lon="-2.3796">
      <ele>421.6</ele>
    </trkpt>
    <trkpt lat="42.510385" lon="-2.379463">
      <ele>422.1</ele>
    </trkpt>
    <trkpt lat="42.511133" lon="-2.379361">
      <ele>423.2</ele>
    </trkpt>
    <trkpt lat="42.511274" lon="-2.379408">
      <ele>423.3</ele>
    </trkpt>
    <trkpt lat="42.511454" lon="-2.3796">
      <ele>423.6</ele>
    </trkpt>
    <trkpt lat="42.511514" lon="-2.379621">
      <ele>423.7</ele>
    </trkpt>
    <trkpt lat="42.512128" lon="-2.379163">
      <ele>424.3</ele>
    </trkpt>
    <trkpt lat="42.512255" lon="-2.379168">
      <ele>424.4</ele>
    </trkpt>
    <trkpt lat="42.512468" lon="-2.379255">
      <ele>424.4</ele>
    </trkpt>
    <trkpt lat="42.512613" lon="-2.379254">
      <ele>424.4</ele>
    </trkpt>
    <trkpt lat="42.512707" lon="-2.379181">
      <ele>424.5</ele>
    </trkpt>
    <trkpt lat="42.512817" lon="-2.379172">
      <ele>424.5</ele>
    </trkpt>
    <trkpt lat="42.512905" lon="-2.378998">
      <ele>424.5</ele>
    </trkpt>
    <trkpt lat="42.512792" lon="-2.377783">
      <ele>425.2</ele>
    </trkpt>
    <trkpt lat="42.512793" lon="-2.377579">
      <ele>425.4</ele>
    </trkpt>
    <trkpt lat="42.512827" lon="-2.377561">
      <ele>425.4</ele>
    </trkpt>
    <trkpt lat="42.513013" lon="-2.37754">
      <ele>425.6</ele>
    </trkpt>
    <trkpt lat="42.513291" lon="-2.377416">
      <ele>426</ele>
    </trkpt>
    <trkpt lat="42.513349" lon="-2.377366">
      <ele>426.1</ele>
    </trkpt>
    <trkpt lat="42.513395" lon="-2.377327">
      <ele>426.3</ele>
    </trkpt>
    <trkpt lat="42.513874" lon="-2.377318">
      <ele>427.7</ele>
    </trkpt>
    <trkpt lat="42.514231" lon="-2.377241">
      <ele>429.4</ele>
    </trkpt>
    <trkpt lat="42.514309" lon="-2.377186">
      <ele>429.9</ele>
    </trkpt>
    <trkpt lat="42.514578" lon="-2.376897">
      <ele>431.9</ele>
    </trkpt>
    <trkpt lat="42.514896" lon="-2.376374">
      <ele>434.9</ele>
    </trkpt>
    <trkpt lat="42.514916" lon="-2.376225">
      <ele>435.5</ele>
    </trkpt>
    <trkpt lat="42.51487" lon="-2.375882">
      <ele>437.1</ele>
    </trkpt>
    <trkpt lat="42.514727" lon="-2.37549">
      <ele>438.9</ele>
    </trkpt>
    <trkpt lat="42.51466" lon="-2.375121">
      <ele>440.2</ele>
    </trkpt>
    <trkpt lat="42.514617" lon="-2.375029">
      <ele>440.5</ele>
    </trkpt>
    <trkpt lat="42.513934" lon="-2.373781">
      <ele>441</ele>
    </trkpt>
    <trkpt lat="42.513844" lon="-2.373512">
      <ele>440.9</ele>
    </trkpt>
    <trkpt lat="42.513801" lon="-2.373492">
      <ele>440.8</ele>
    </trkpt>
    <trkpt lat="42.513778" lon="-2.373414">
      <ele>440.8</ele>
    </trkpt>
    <trkpt lat="42.513739" lon="-2.3731">
      <ele>440.7</ele>
    </trkpt>
    <trkpt lat="42.513729" lon="-2.372984">
      <ele>440.6</ele>
    </trkpt>
    <trkpt lat="42.513832" lon="-2.371977">
      <ele>440.3</ele>
    </trkpt>
    <trkpt lat="42.513828" lon="-2.371317">
      <ele>441.1</ele>
    </trkpt>
    <trkpt lat="42.513859" lon="-2.371089">
      <ele>441.4</ele>
    </trkpt>
    <trkpt lat="42.514114" lon="-2.369777">
      <ele>443.4</ele>
    </trkpt>
    <trkpt lat="42.514173" lon="-2.369576">
      <ele>443.5</ele>
    </trkpt>
    <trkpt lat="42.514277" lon="-2.369362">
      <ele>443.5</ele>
    </trkpt>
    <trkpt lat="42.514345" lon="-2.369103">
      <ele>443.3</ele>
    </trkpt>
    <trkpt lat="42.514596" lon="-2.368145">
      <ele>442.2</ele>
    </trkpt>
    <trkpt lat="42.514549" lon="-2.367848">
      <ele>441.7</ele>
    </trkpt>
    <trkpt lat="42.514431" lon="-2.367886">
      <ele>441.5</ele>
    </trkpt>
    <trkpt lat="42.514347" lon="-2.367818">
      <ele>441.3</ele>
    </trkpt>
    <trkpt lat="42.514313" lon="-2.367694">
      <ele>441.1</ele>
    </trkpt>
    <trkpt lat="42.514315" lon="-2.367671">
      <ele>441.1</ele>
    </trkpt>
    <trkpt lat="42.514341" lon="-2.367577">
      <ele>440.9</ele>
    </trkpt>
    <trkpt lat="42.514414" lon="-2.367504">
      <ele>440.8</ele>
    </trkpt>
    <trkpt lat="42.514443" lon="-2.367496">
      <ele>440.8</ele>
    </trkpt>
    <trkpt lat="42.514547" lon="-2.367412">
      <ele>440.6</ele>
    </trkpt>
    <trkpt lat="42.514658" lon="-2.367256">
      <ele>440.5</ele>
    </trkpt>
    <trkpt lat="42.514939" lon="-2.366585">
      <ele>440.5</ele>
    </trkpt>
    <trkpt lat="42.515077" lon="-2.366171">
      <ele>440.8</ele>
    </trkpt>
    <trkpt lat="42.515103" lon="-2.366077">
      <ele>440.9</ele>
    </trkpt>
    <trkpt lat="42.515286" lon="-2.365325">
      <ele>441.3</ele>
    </trkpt>
    <trkpt lat="42.515445" lon="-2.364671">
      <ele>441.8</ele>
    </trkpt>
    <trkpt lat="42.515503" lon="-2.364761">
      <ele>441.9</ele>
    </trkpt>
    <trkpt lat="42.51559" lon="-2.364386">
      <ele>442.3</ele>
    </trkpt>
    <trkpt lat="42.515714" lon="-2.363853">
      <ele>442.8</ele>
    </trkpt>
    <trkpt lat="42.515822" lon="-2.363441">
      <ele>443.2</ele>
    </trkpt>
    <trkpt lat="42.515753" lon="-2.363407">
      <ele>443.3</ele>
    </trkpt>
    <trkpt lat="42.516092" lon="-2.362028">
      <ele>443.9</ele>
    </trkpt>
    <trkpt lat="42.516521" lon="-2.360298">
      <ele>443.3</ele>
    </trkpt>
    <trkpt lat="42.516677" lon="-2.359665">
      <ele>443.1</ele>
    </trkpt>
    <trkpt lat="42.516717" lon="-2.359331">
      <ele>443.1</ele>
    </trkpt>
    <trkpt lat="42.516703" lon="-2.359108">
      <ele>443.2</ele>
    </trkpt>
    <trkpt lat="42.516676" lon="-2.358963">
      <ele>443.2</ele>
    </trkpt>
    <trkpt lat="42.516689" lon="-2.358889">
      <ele>443.3</ele>
    </trkpt>
    <trkpt lat="42.51672" lon="-2.358826">
      <ele>443.3</ele>
    </trkpt>
    <trkpt lat="42.516816" lon="-2.358753">
      <ele>443.3</ele>
    </trkpt>
    <trkpt lat="42.516916" lon="-2.358576">
      <ele>443.4</ele>
    </trkpt>
    <trkpt lat="42.517075" lon="-2.358049">
      <ele>443.8</ele>
    </trkpt>
    <trkpt lat="42.517515" lon="-2.356245">
      <ele>446</ele>
    </trkpt>
    <trkpt lat="42.518086" lon="-2.353863">
      <ele>452.8</ele>
    </trkpt>
    <trkpt lat="42.5181" lon="-2.353357">
      <ele>454.5</ele>
    </trkpt>
    <trkpt lat="42.517981" lon="-2.351938">
      <ele>458.9</ele>
    </trkpt>
    <trkpt lat="42.517986" lon="-2.351742">
      <ele>459.4</ele>
    </trkpt>
    <trkpt lat="42.518382" lon="-2.349916">
      <ele>463.8</ele>
    </trkpt>
    <trkpt lat="42.519664" lon="-2.34421">
      <ele>474.4</ele>
    </trkpt>
    <trkpt lat="42.519715" lon="-2.343985">
      <ele>474.8</ele>
    </trkpt>
    <trkpt lat="42.519833" lon="-2.343646">
      <ele>475.4</ele>
    </trkpt>
    <trkpt lat="42.521127" lon="-2.34051">
      <ele>480.5</ele>
    </trkpt>
    <trkpt lat="42.521848" lon="-2.3395">
      <ele>479.6</ele>
    </trkpt>
    <trkpt lat="42.521839" lon="-2.339444">
      <ele>479.5</ele>
    </trkpt>
    <trkpt lat="42.521989" lon="-2.339229">
      <ele>478.9</ele>
    </trkpt>
    <trkpt lat="42.521988" lon="-2.339141">
      <ele>478.8</ele>
    </trkpt>
    <trkpt lat="42.522239" lon="-2.338668">
      <ele>477.6</ele>
    </trkpt>
    <trkpt lat="42.522676" lon="-2.337746">
      <ele>476.9</ele>
    </trkpt>
    <trkpt lat="42.522748" lon="-2.337413">
      <ele>477.4</ele>
    </trkpt>
    <trkpt lat="42.522844" lon="-2.337115">
      <ele>478.3</ele>
    </trkpt>
    <trkpt lat="42.522941" lon="-2.337046">
      <ele>478.7</ele>
    </trkpt>
    <trkpt lat="42.522974" lon="-2.337049">
      <ele>478.9</ele>
    </trkpt>
    <trkpt lat="42.523088" lon="-2.336955">
      <ele>479.6</ele>
    </trkpt>
    <trkpt lat="42.523144" lon="-2.336867">
      <ele>480.1</ele>
    </trkpt>
    <trkpt lat="42.523463" lon="-2.336083">
      <ele>484.7</ele>
    </trkpt>
    <trkpt lat="42.523925" lon="-2.334629">
      <ele>492.8</ele>
    </trkpt>
    <trkpt lat="42.523999" lon="-2.334303">
      <ele>494</ele>
    </trkpt>
    <trkpt lat="42.524191" lon="-2.333254">
      <ele>497.2</ele>
    </trkpt>
    <trkpt lat="42.52459" lon="-2.331368">
      <ele>500</ele>
    </trkpt>
    <trkpt lat="42.524661" lon="-2.331178">
      <ele>499.7</ele>
    </trkpt>
    <trkpt lat="42.524673" lon="-2.331054">
      <ele>499.4</ele>
    </trkpt>
    <trkpt lat="42.524704" lon="-2.33098">
      <ele>499.2</ele>
    </trkpt>
    <trkpt lat="42.524926" lon="-2.330931">
      <ele>498</ele>
    </trkpt>
    <trkpt lat="42.524993" lon="-2.330889">
      <ele>497.6</ele>
    </trkpt>
    <trkpt lat="42.525112" lon="-2.33067">
      <ele>496</ele>
    </trkpt>
    <trkpt lat="42.525573" lon="-2.330319">
      <ele>490.7</ele>
    </trkpt>
    <trkpt lat="42.525721" lon="-2.330296">
      <ele>488.9</ele>
    </trkpt>
    <trkpt lat="42.525828" lon="-2.330215">
      <ele>487.4</ele>
    </trkpt>
    <trkpt lat="42.525979" lon="-2.329763">
      <ele>482.8</ele>
    </trkpt>
    <trkpt lat="42.526027" lon="-2.329533">
      <ele>480.8</ele>
    </trkpt>
    <trkpt lat="42.526033" lon="-2.329319">
      <ele>479.2</ele>
    </trkpt>
    <trkpt lat="42.52599" lon="-2.328882">
      <ele>476.5</ele>
    </trkpt>
    <trkpt lat="42.526007" lon="-2.3287">
      <ele>475.6</ele>
    </trkpt>
    <trkpt lat="42.526084" lon="-2.328482">
      <ele>474.5</ele>
    </trkpt>
    <trkpt lat="42.526241" lon="-2.328189">
      <ele>473.2</ele>
    </trkpt>
    <trkpt lat="42.526226" lon="-2.328022">
      <ele>472.7</ele>
    </trkpt>
    <trkpt lat="42.526129" lon="-2.327774">
      <ele>471.9</ele>
    </trkpt>
    <trkpt lat="42.526155" lon="-2.327691">
      <ele>471.7</ele>
    </trkpt>
    <trkpt lat="42.526197" lon="-2.327567">
      <ele>471.3</ele>
    </trkpt>
    <trkpt lat="42.526109" lon="-2.32723">
      <ele>470.5</ele>
    </trkpt>
    <trkpt lat="42.526099" lon="-2.326898">
      <ele>470</ele>
    </trkpt>
    <trkpt lat="42.526298" lon="-2.326076">
      <ele>467.9</ele>
    </trkpt>
    <trkpt lat="42.52633" lon="-2.32602">
      <ele>467.6</ele>
    </trkpt>
    <trkpt lat="42.526447" lon="-2.325936">
      <ele>467</ele>
    </trkpt>
    <trkpt lat="42.526542" lon="-2.325834">
      <ele>466.4</ele>
    </trkpt>
    <trkpt lat="42.526598" lon="-2.325713">
      <ele>465.8</ele>
    </trkpt>
    <trkpt lat="42.526987" lon="-2.32534">
      <ele>462.9</ele>
    </trkpt>
    <trkpt lat="42.527226" lon="-2.324954">
      <ele>460.6</ele>
    </trkpt>
    <trkpt lat="42.527442" lon="-2.32479">
      <ele>458.9</ele>
    </trkpt>
    <trkpt lat="42.527678" lon="-2.324414">
      <ele>456.6</ele>
    </trkpt>
    <trkpt lat="42.528065" lon="-2.323897">
      <ele>454.1</ele>
    </trkpt>
    <trkpt lat="42.528622" lon="-2.323489">
      <ele>453.3</ele>
    </trkpt>
    <trkpt lat="42.528806" lon="-2.323398">
      <ele>453.6</ele>
    </trkpt>
    <trkpt lat="42.529125" lon="-2.323088">
      <ele>454.3</ele>
    </trkpt>
    <trkpt lat="42.529228" lon="-2.323024">
      <ele>454.6</ele>
    </trkpt>
    <trkpt lat="42.529337" lon="-2.322982">
      <ele>454.8</ele>
    </trkpt>
    <trkpt lat="42.530126" lon="-2.322928">
      <ele>456.7</ele>
    </trkpt>
    <trkpt lat="42.530457" lon="-2.322804">
      <ele>457.4</ele>
    </trkpt>
    <trkpt lat="42.530691" lon="-2.322631">
      <ele>458</ele>
    </trkpt>
    <trkpt lat="42.531003" lon="-2.322573">
      <ele>458.5</ele>
    </trkpt>
    <trkpt lat="42.531712" lon="-2.322296">
      <ele>459.5</ele>
    </trkpt>
    <trkpt lat="42.531949" lon="-2.322269">
      <ele>460.1</ele>
    </trkpt>
    <trkpt lat="42.531998" lon="-2.322092">
      <ele>460.4</ele>
    </trkpt>
    <trkpt lat="42.532021" lon="-2.322023">
      <ele>460.6</ele>
    </trkpt>
    <trkpt lat="42.53242" lon="-2.321634">
      <ele>462.5</ele>
    </trkpt>
    <trkpt lat="42.532746" lon="-2.321247">
      <ele>465.1</ele>
    </trkpt>
    <trkpt lat="42.532854" lon="-2.321074">
      <ele>466.3</ele>
    </trkpt>
    <trkpt lat="42.533029" lon="-2.320955">
      <ele>467.9</ele>
    </trkpt>
    <trkpt lat="42.533328" lon="-2.320638">
      <ele>470.8</ele>
    </trkpt>
    <trkpt lat="42.533527" lon="-2.320385">
      <ele>472.7</ele>
    </trkpt>
    <trkpt lat="42.533805" lon="-2.319939">
      <ele>474.9</ele>
    </trkpt>
    <trkpt lat="42.534047" lon="-2.319681">
      <ele>476</ele>
    </trkpt>
    <trkpt lat="42.534725" lon="-2.319181">
      <ele>476.3</ele>
    </trkpt>
    <trkpt lat="42.53493" lon="-2.318985">
      <ele>476.1</ele>
    </trkpt>
    <trkpt lat="42.535409" lon="-2.318871">
      <ele>476.3</ele>
    </trkpt>
    <trkpt lat="42.535609" lon="-2.318775">
      <ele>476.7</ele>
    </trkpt>
    <trkpt lat="42.535879" lon="-2.318539">
      <ele>477.9</ele>
    </trkpt>
    <trkpt lat="42.535968" lon="-2.318421">
      <ele>478.4</ele>
    </trkpt>
    <trkpt lat="42.536119" lon="-2.318175">
      <ele>479.5</ele>
    </trkpt>
    <trkpt lat="42.536245" lon="-2.317765">
      <ele>481.4</ele>
    </trkpt>
    <trkpt lat="42.536351" lon="-2.317592">
      <ele>482.4</ele>
    </trkpt>
    <trkpt lat="42.53659" lon="-2.317195">
      <ele>484.5</ele>
    </trkpt>
    <trkpt lat="42.536752" lon="-2.31704">
      <ele>485.5</ele>
    </trkpt>
    <trkpt lat="42.536806" lon="-2.316956">
      <ele>485.9</ele>
    </trkpt>
    <trkpt lat="42.537065" lon="-2.316469">
      <ele>487.7</ele>
    </trkpt>
    <trkpt lat="42.537119" lon="-2.316299">
      <ele>488.2</ele>
    </trkpt>
    <trkpt lat="42.537285" lon="-2.315283">
      <ele>490.6</ele>
    </trkpt>
    <trkpt lat="42.537371" lon="-2.314988">
      <ele>491.3</ele>
    </trkpt>
    <trkpt lat="42.537454" lon="-2.314796">
      <ele>491.7</ele>
    </trkpt>
    <trkpt lat="42.537527" lon="-2.314726">
      <ele>492</ele>
    </trkpt>
    <trkpt lat="42.537795" lon="-2.314697">
      <ele>492.8</ele>
    </trkpt>
    <trkpt lat="42.537952" lon="-2.314612">
      <ele>493.3</ele>
    </trkpt>
    <trkpt lat="42.538197" lon="-2.314411">
      <ele>494.2</ele>
    </trkpt>
    <trkpt lat="42.538276" lon="-2.314309">
      <ele>494.6</ele>
    </trkpt>
    <trkpt lat="42.538394" lon="-2.314083">
      <ele>495.3</ele>
    </trkpt>
    <trkpt lat="42.538571" lon="-2.313909">
      <ele>496.2</ele>
    </trkpt>
    <trkpt lat="42.539104" lon="-2.313877">
      <ele>498.3</ele>
    </trkpt>
    <trkpt lat="42.539439" lon="-2.313786">
      <ele>499.6</ele>
    </trkpt>
    <trkpt lat="42.539682" lon="-2.313768">
      <ele>500.6</ele>
    </trkpt>
    <trkpt lat="42.53983" lon="-2.313679">
      <ele>501.3</ele>
    </trkpt>
    <trkpt lat="42.539863" lon="-2.31361">
      <ele>501.5</ele>
    </trkpt>
    <trkpt lat="42.539851" lon="-2.313467">
      <ele>502</ele>
    </trkpt>
    <trkpt lat="42.539652" lon="-2.313255">
      <ele>503.1</ele>
    </trkpt>
    <trkpt lat="42.539406" lon="-2.313206">
      <ele>504.2</ele>
    </trkpt>
    <trkpt lat="42.53931" lon="-2.313132">
      <ele>504.6</ele>
    </trkpt>
    <trkpt lat="42.539134" lon="-2.312956">
      <ele>505.8</ele>
    </trkpt>
    <trkpt lat="42.539094" lon="-2.312817">
      <ele>506.5</ele>
    </trkpt>
    <trkpt lat="42.539153" lon="-2.312396">
      <ele>508.7</ele>
    </trkpt>
    <trkpt lat="42.539181" lon="-2.312377">
      <ele>508.9</ele>
    </trkpt>
    <trkpt lat="42.53924" lon="-2.312502">
      <ele>509.8</ele>
    </trkpt>
    <trkpt lat="42.539322" lon="-2.312514">
      <ele>510.5</ele>
    </trkpt>
    <trkpt lat="42.539543" lon="-2.312447">
      <ele>512.4</ele>
    </trkpt>
    <trkpt lat="42.539516" lon="-2.312356">
      <ele>513.1</ele>
    </trkpt>
    <trkpt lat="42.53953" lon="-2.312324">
      <ele>513.4</ele>
    </trkpt>
    <trkpt lat="42.539666" lon="-2.312177">
      <ele>515.1</ele>
    </trkpt>
    <trkpt lat="42.539728" lon="-2.312044">
      <ele>516.5</ele>
    </trkpt>
    <trkpt lat="42.539711" lon="-2.31157">
      <ele>521.1</ele>
    </trkpt>
    <trkpt lat="42.53979" lon="-2.310926">
      <ele>528.2</ele>
    </trkpt>
    <trkpt lat="42.539828" lon="-2.31083">
      <ele>529.4</ele>
    </trkpt>
    <trkpt lat="42.539922" lon="-2.310763">
      <ele>530.9</ele>
    </trkpt>
    <trkpt lat="42.540037" lon="-2.31072">
      <ele>532.5</ele>
    </trkpt>
    <trkpt lat="42.540202" lon="-2.310537">
      <ele>535.4</ele>
    </trkpt>
    <trkpt lat="42.540493" lon="-2.310424">
      <ele>539.4</ele>
    </trkpt>
    <trkpt lat="42.540602" lon="-2.31034">
      <ele>541</ele>
    </trkpt>
    <trkpt lat="42.540632" lon="-2.310059">
      <ele>543.8</ele>
    </trkpt>
    <trkpt lat="42.540811" lon="-2.309297">
      <ele>550.5</ele>
    </trkpt>
    <trkpt lat="42.540882" lon="-2.309099">
      <ele>552</ele>
    </trkpt>
    <trkpt lat="42.540935" lon="-2.308768">
      <ele>554.1</ele>
    </trkpt>
    <trkpt lat="42.540965" lon="-2.308403">
      <ele>556.3</ele>
    </trkpt>
    <trkpt lat="42.54086" lon="-2.307582">
      <ele>561.1</ele>
    </trkpt>
    <trkpt lat="42.540819" lon="-2.307499">
      <ele>561.7</ele>
    </trkpt>
    <trkpt lat="42.54044" lon="-2.307011">
      <ele>565.4</ele>
    </trkpt>
    <trkpt lat="42.540393" lon="-2.306888">
      <ele>566</ele>
    </trkpt>
    <trkpt lat="42.540299" lon="-2.306452">
      <ele>568.1</ele>
    </trkpt>
    <trkpt lat="42.540296" lon="-2.306337">
      <ele>568.5</ele>
    </trkpt>
    <trkpt lat="42.540361" lon="-2.306189">
      <ele>569.1</ele>
    </trkpt>
    <trkpt lat="42.540621" lon="-2.306226">
      <ele>570.1</ele>
    </trkpt>
    <trkpt lat="42.540636" lon="-2.306191">
      <ele>570.2</ele>
    </trkpt>
    <trkpt lat="42.541035" lon="-2.306235">
      <ele>571</ele>
    </trkpt>
    <trkpt lat="42.541099" lon="-2.306209">
      <ele>571.1</ele>
    </trkpt>
    <trkpt lat="42.541122" lon="-2.306169">
      <ele>571.1</ele>
    </trkpt>
    <trkpt lat="42.541122" lon="-2.306008">
      <ele>571.1</ele>
    </trkpt>
    <trkpt lat="42.541085" lon="-2.305765">
      <ele>571</ele>
    </trkpt>
    <trkpt lat="42.541094" lon="-2.305664">
      <ele>570.8</ele>
    </trkpt>
    <trkpt lat="42.541177" lon="-2.305421">
      <ele>570.5</ele>
    </trkpt>
    <trkpt lat="42.541294" lon="-2.305195">
      <ele>569.9</ele>
    </trkpt>
    <trkpt lat="42.54133" lon="-2.305023">
      <ele>569.4</ele>
    </trkpt>
    <trkpt lat="42.541331" lon="-2.304751">
      <ele>568.6</ele>
    </trkpt>
    <trkpt lat="42.541253" lon="-2.304126">
      <ele>566.5</ele>
    </trkpt>
    <trkpt lat="42.54125" lon="-2.304088">
      <ele>566.4</ele>
    </trkpt>
    <trkpt lat="42.541197" lon="-2.303406">
      <ele>564.2</ele>
    </trkpt>
    <trkpt lat="42.541195" lon="-2.302945">
      <ele>562.8</ele>
    </trkpt>
    <trkpt lat="42.541215" lon="-2.302689">
      <ele>561.9</ele>
    </trkpt>
    <trkpt lat="42.54127" lon="-2.302432">
      <ele>560.9</ele>
    </trkpt>
    <trkpt lat="42.541356" lon="-2.302192">
      <ele>559.8</ele>
    </trkpt>
    <trkpt lat="42.541538" lon="-2.301892">
      <ele>558</ele>
    </trkpt>
    <trkpt lat="42.541607" lon="-2.301576">
      <ele>556.3</ele>
    </trkpt>
    <trkpt lat="42.541645" lon="-2.301564">
      <ele>556</ele>
    </trkpt>
    <trkpt lat="42.541749" lon="-2.301646">
      <ele>555.1</ele>
    </trkpt>
    <trkpt lat="42.541832" lon="-2.301663">
      <ele>554.4</ele>
    </trkpt>
    <trkpt lat="42.54186" lon="-2.301622">
      <ele>554</ele>
    </trkpt>
    <trkpt lat="42.541891" lon="-2.301433">
      <ele>552.7</ele>
    </trkpt>
    <trkpt lat="42.541892" lon="-2.301196">
      <ele>551</ele>
    </trkpt>
    <trkpt lat="42.54186" lon="-2.30096">
      <ele>549.2</ele>
    </trkpt>
    <trkpt lat="42.541668" lon="-2.300597">
      <ele>546</ele>
    </trkpt>
    <trkpt lat="42.541595" lon="-2.300361">
      <ele>544.3</ele>
    </trkpt>
    <trkpt lat="42.541515" lon="-2.300216">
      <ele>543.2</ele>
    </trkpt>
    <trkpt lat="42.541515" lon="-2.300133">
      <ele>542.8</ele>
    </trkpt>
    <trkpt lat="42.541543" lon="-2.300079">
      <ele>542.4</ele>
    </trkpt>
    <trkpt lat="42.541804" lon="-2.300104">
      <ele>540.8</ele>
    </trkpt>
    <trkpt lat="42.542114" lon="-2.300102">
      <ele>539.4</ele>
    </trkpt>
    <trkpt lat="42.542279" lon="-2.300054">
      <ele>539</ele>
    </trkpt>
    <trkpt lat="42.542351" lon="-2.299989">
      <ele>538.9</ele>
    </trkpt>
    <trkpt lat="42.542441" lon="-2.299828">
      <ele>538.9</ele>
    </trkpt>
    <trkpt lat="42.542472" lon="-2.299643">
      <ele>539</ele>
    </trkpt>
    <trkpt lat="42.542421" lon="-2.299372">
      <ele>539.5</ele>
    </trkpt>
    <trkpt lat="42.542084" lon="-2.298756">
      <ele>542.5</ele>
    </trkpt>
    <trkpt lat="42.541651" lon="-2.298067">
      <ele>548.2</ele>
    </trkpt>
    <trkpt lat="42.541564" lon="-2.297746">
      <ele>550.2</ele>
    </trkpt>
    <trkpt lat="42.541551" lon="-2.297552">
      <ele>551.3</ele>
    </trkpt>
    <trkpt lat="42.541565" lon="-2.29737">
      <ele>552.4</ele>
    </trkpt>
    <trkpt lat="42.541464" lon="-2.297224">
      <ele>553.6</ele>
    </trkpt>
    <trkpt lat="42.541462" lon="-2.297074">
      <ele>554.5</ele>
    </trkpt>
    <trkpt lat="42.541696" lon="-2.296746">
      <ele>556.8</ele>
    </trkpt>
    <trkpt lat="42.541809" lon="-2.296746">
      <ele>557.5</ele>
    </trkpt>
    <trkpt lat="42.541926" lon="-2.296751">
      <ele>558.1</ele>
    </trkpt>
    <trkpt lat="42.542195" lon="-2.296695">
      <ele>558.9</ele>
    </trkpt>
    <trkpt lat="42.542393" lon="-2.296488">
      <ele>558.8</ele>
    </trkpt>
    <trkpt lat="42.542481" lon="-2.296355">
      <ele>558.7</ele>
    </trkpt>
    <trkpt lat="42.542854" lon="-2.295592">
      <ele>557.4</ele>
    </trkpt>
    <trkpt lat="42.542968" lon="-2.295184">
      <ele>556</ele>
    </trkpt>
    <trkpt lat="42.543152" lon="-2.29483">
      <ele>554.6</ele>
    </trkpt>
    <trkpt lat="42.543254" lon="-2.294546">
      <ele>553.6</ele>
    </trkpt>
    <trkpt lat="42.543313" lon="-2.294305">
      <ele>552.8</ele>
    </trkpt>
    <trkpt lat="42.543373" lon="-2.293877">
      <ele>551.2</ele>
    </trkpt>
    <trkpt lat="42.543409" lon="-2.293767">
      <ele>550.7</ele>
    </trkpt>
    <trkpt lat="42.543453" lon="-2.29367">
      <ele>550.2</ele>
    </trkpt>
    <trkpt lat="42.543632" lon="-2.293475">
      <ele>548.7</ele>
    </trkpt>
    <trkpt lat="42.543629" lon="-2.293302">
      <ele>547.9</ele>
    </trkpt>
    <trkpt lat="42.543542" lon="-2.293169">
      <ele>546.9</ele>
    </trkpt>
    <trkpt lat="42.543493" lon="-2.293088">
      <ele>546.3</ele>
    </trkpt>
    <trkpt lat="42.543801" lon="-2.292477">
      <ele>541.7</ele>
    </trkpt>
    <trkpt lat="42.543934" lon="-2.292276">
      <ele>539.9</ele>
    </trkpt>
    <trkpt lat="42.544142" lon="-2.291796">
      <ele>535.9</ele>
    </trkpt>
    <trkpt lat="42.544262" lon="-2.291392">
      <ele>532.9</ele>
    </trkpt>
    <trkpt lat="42.544312" lon="-2.291089">
      <ele>530.9</ele>
    </trkpt>
    <trkpt lat="42.544406" lon="-2.290013">
      <ele>525.2</ele>
    </trkpt>
    <trkpt lat="42.544452" lon="-2.289885">
      <ele>524.6</ele>
    </trkpt>
    <trkpt lat="42.544553" lon="-2.289375">
      <ele>522.4</ele>
    </trkpt>
    <trkpt lat="42.544604" lon="-2.288974">
      <ele>520.9</ele>
    </trkpt>
    <trkpt lat="42.544666" lon="-2.288741">
      <ele>520.1</ele>
    </trkpt>
    <trkpt lat="42.544693" lon="-2.288394">
      <ele>518.9</ele>
    </trkpt>
    <trkpt lat="42.544774" lon="-2.288048">
      <ele>517.7</ele>
    </trkpt>
    <trkpt lat="42.54487" lon="-2.28779">
      <ele>516.6</ele>
    </trkpt>
    <trkpt lat="42.54523" lon="-2.287449">
      <ele>513.8</ele>
    </trkpt>
    <trkpt lat="42.545256" lon="-2.287428">
      <ele>513.5</ele>
    </trkpt>
    <trkpt lat="42.54538" lon="-2.287392">
      <ele>512.5</ele>
    </trkpt>
    <trkpt lat="42.545591" lon="-2.287479">
      <ele>510.6</ele>
    </trkpt>
    <trkpt lat="42.546267" lon="-2.287516">
      <ele>503.8</ele>
    </trkpt>
    <trkpt lat="42.546442" lon="-2.287502">
      <ele>501.6</ele>
    </trkpt>
    <trkpt lat="42.546649" lon="-2.287394">
      <ele>499.1</ele>
    </trkpt>
    <trkpt lat="42.546763" lon="-2.287226">
      <ele>497.2</ele>
    </trkpt>
    <trkpt lat="42.546903" lon="-2.286753">
      <ele>493.8</ele>
    </trkpt>
    <trkpt lat="42.547104" lon="-2.286411">
      <ele>491.9</ele>
    </trkpt>
    <trkpt lat="42.547183" lon="-2.286184">
      <ele>491.4</ele>
    </trkpt>
    <trkpt lat="42.54717" lon="-2.28563">
      <ele>490.9</ele>
    </trkpt>
    <trkpt lat="42.547201" lon="-2.285489">
      <ele>490.9</ele>
    </trkpt>
    <trkpt lat="42.547279" lon="-2.285359">
      <ele>490.9</ele>
    </trkpt>
    <trkpt lat="42.54759" lon="-2.285065">
      <ele>491.3</ele>
    </trkpt>
    <trkpt lat="42.547767" lon="-2.284821">
      <ele>491.6</ele>
    </trkpt>
    <trkpt lat="42.547835" lon="-2.284697">
      <ele>491.7</ele>
    </trkpt>
    <trkpt lat="42.548024" lon="-2.284528">
      <ele>491.8</ele>
    </trkpt>
    <trkpt lat="42.548182" lon="-2.284318">
      <ele>492</ele>
    </trkpt>
    <trkpt lat="42.548454" lon="-2.283778">
      <ele>492.5</ele>
    </trkpt>
    <trkpt lat="42.548475" lon="-2.283653">
      <ele>492.7</ele>
    </trkpt>
    <trkpt lat="42.548409" lon="-2.283524">
      <ele>492.8</ele>
    </trkpt>
    <trkpt lat="42.548479" lon="-2.283366">
      <ele>493</ele>
    </trkpt>
    <trkpt lat="42.548576" lon="-2.283016">
      <ele>493.7</ele>
    </trkpt>
    <trkpt lat="42.548736" lon="-2.282857">
      <ele>494.4</ele>
    </trkpt>
    <trkpt lat="42.548903" lon="-2.282628">
      <ele>495.4</ele>
    </trkpt>
    <trkpt lat="42.548997" lon="-2.282382">
      <ele>496.4</ele>
    </trkpt>
    <trkpt lat="42.549188" lon="-2.281632">
      <ele>499.2</ele>
    </trkpt>
    <trkpt lat="42.549206" lon="-2.281187">
      <ele>500.3</ele>
    </trkpt>
    <trkpt lat="42.549397" lon="-2.280205">
      <ele>501.6</ele>
    </trkpt>
    <trkpt lat="42.549529" lon="-2.279106">
      <ele>501.4</ele>
    </trkpt>
    <trkpt lat="42.549633" lon="-2.277827">
      <ele>499.2</ele>
    </trkpt>
    <trkpt lat="42.549647" lon="-2.277336">
      <ele>497.8</ele>
    </trkpt>
    <trkpt lat="42.54967" lon="-2.277209">
      <ele>497.4</ele>
    </trkpt>
    <trkpt lat="42.549722" lon="-2.277095">
      <ele>497</ele>
    </trkpt>
    <trkpt lat="42.549901" lon="-2.276887">
      <ele>495.9</ele>
    </trkpt>
    <trkpt lat="42.550092" lon="-2.276615">
      <ele>494.6</ele>
    </trkpt>
    <trkpt lat="42.55043" lon="-2.275949">
      <ele>491.4</ele>
    </trkpt>
    <trkpt lat="42.551067" lon="-2.2749">
      <ele>485.4</ele>
    </trkpt>
    <trkpt lat="42.551273" lon="-2.274458">
      <ele>483.1</ele>
    </trkpt>
    <trkpt lat="42.55141" lon="-2.273989">
      <ele>481</ele>
    </trkpt>
    <trkpt lat="42.551349" lon="-2.273714">
      <ele>479.9</ele>
    </trkpt>
    <trkpt lat="42.551267" lon="-2.273325">
      <ele>478.3</ele>
    </trkpt>
    <trkpt lat="42.551536" lon="-2.272718">
      <ele>475.4</ele>
    </trkpt>
    <trkpt lat="42.55171" lon="-2.272166">
      <ele>472.5</ele>
    </trkpt>
    <trkpt lat="42.55167" lon="-2.272079">
      <ele>472</ele>
    </trkpt>
    <trkpt lat="42.551663" lon="-2.271969">
      <ele>471.5</ele>
    </trkpt>
    <trkpt lat="42.551679" lon="-2.271825">
      <ele>470.8</ele>
    </trkpt>
    <trkpt lat="42.551717" lon="-2.271783">
      <ele>470.5</ele>
    </trkpt>
    <trkpt lat="42.551787" lon="-2.271765">
      <ele>470</ele>
    </trkpt>
    <trkpt lat="42.551869" lon="-2.271796">
      <ele>469.4</ele>
    </trkpt>
    <trkpt lat="42.551971" lon="-2.271422">
      <ele>467.2</ele>
    </trkpt>
    <trkpt lat="42.552044" lon="-2.271259">
      <ele>466.2</ele>
    </trkpt>
    <trkpt lat="42.552191" lon="-2.271315">
      <ele>465</ele>
    </trkpt>
    <trkpt lat="42.552273" lon="-2.271372">
      <ele>464.3</ele>
    </trkpt>
    <trkpt lat="42.552513" lon="-2.27165">
      <ele>461.9</ele>
    </trkpt>
    <trkpt lat="42.552853" lon="-2.272214">
      <ele>458.4</ele>
    </trkpt>
    <trkpt lat="42.553309" lon="-2.272492">
      <ele>456</ele>
    </trkpt>
    <trkpt lat="42.553457" lon="-2.272537">
      <ele>455.4</ele>
    </trkpt>
    <trkpt lat="42.553537" lon="-2.272346">
      <ele>454.9</ele>
    </trkpt>
    </trkseg>
  </trk>
</gpx>
