<?xml version="1.0" encoding="UTF-8"?>
<gpx version="1.1" creator="fitAI Komoot downloader" xmlns="http://www.topografix.com/GPX/1/1">
  <metadata>
    <name>Hotel Marqués de Riscal y Bodegas Ysios - Recorrido circular desde Laguardia</name>
    <desc>37 visitas · Dificultad: difficult · Distancia: 87.5 km · Desnivel +: 1329 m</desc>
    <link href="https://www.komoot.com/smarttour/e43321654"><text>Komoot</text></link>
  </metadata>
  <trk>
    <name>Hotel Marqués de Riscal y Bodegas Ysios - Recorrido circular desde Laguardia</name>
    <type>mtb</type>
    <trkseg>
    <trkpt lat="42.553894" lon="-2.584211">
      <ele>629.1</ele>
    </trkpt>
    <trkpt lat="42.55375" lon="-2.584185">
      <ele>628.7</ele>
    </trkpt>
    <trkpt lat="42.553627" lon="-2.584157">
      <ele>628.2</ele>
    </trkpt>
    <trkpt lat="42.553226" lon="-2.583996">
      <ele>626</ele>
    </trkpt>
    <trkpt lat="42.552798" lon="-2.583825">
      <ele>622.6</ele>
    </trkpt>
    <trkpt lat="42.55252" lon="-2.58366">
      <ele>619.8</ele>
    </trkpt>
    <trkpt lat="42.552132" lon="-2.583476">
      <ele>616.1</ele>
    </trkpt>
    <trkpt lat="42.551742" lon="-2.583353">
      <ele>612.7</ele>
    </trkpt>
    <trkpt lat="42.551577" lon="-2.58337">
      <ele>611.3</ele>
    </trkpt>
    <trkpt lat="42.551517" lon="-2.583414">
      <ele>610.8</ele>
    </trkpt>
    <trkpt lat="42.551477" lon="-2.583486">
      <ele>610.3</ele>
    </trkpt>
    <trkpt lat="42.551408" lon="-2.583951">
      <ele>607.7</ele>
    </trkpt>
    <trkpt lat="42.551352" lon="-2.584015">
      <ele>607.2</ele>
    </trkpt>
    <trkpt lat="42.551282" lon="-2.584011">
      <ele>606.6</ele>
    </trkpt>
    <trkpt lat="42.551251" lon="-2.584074">
      <ele>606.3</ele>
    </trkpt>
    <trkpt lat="42.551205" lon="-2.584165">
      <ele>605.7</ele>
    </trkpt>
    <trkpt lat="42.551147" lon="-2.58436">
      <ele>604.7</ele>
    </trkpt>
    <trkpt lat="42.551141" lon="-2.584445">
      <ele>604.3</ele>
    </trkpt>
    <trkpt lat="42.551341" lon="-2.585776">
      <ele>596.8</ele>
    </trkpt>
    <trkpt lat="42.551446" lon="-2.586061">
      <ele>594.7</ele>
    </trkpt>
    <trkpt lat="42.552041" lon="-2.587108">
      <ele>585.6</ele>
    </trkpt>
    <trkpt lat="42.553055" lon="-2.588813">
      <ele>570.7</ele>
    </trkpt>
    <trkpt lat="42.553194" lon="-2.589085">
      <ele>568.3</ele>
    </trkpt>
    <trkpt lat="42.553237" lon="-2.589248">
      <ele>567.1</ele>
    </trkpt>
    <trkpt lat="42.553193" lon="-2.590013">
      <ele>561.4</ele>
    </trkpt>
    <trkpt lat="42.552944" lon="-2.592302">
      <ele>548.1</ele>
    </trkpt>
    <trkpt lat="42.552932" lon="-2.592428">
      <ele>547.7</ele>
    </trkpt>
    <trkpt lat="42.552844" lon="-2.593255">
      <ele>546</ele>
    </trkpt>
    <trkpt lat="42.552422" lon="-2.594937">
      <ele>544</ele>
    </trkpt>
    <trkpt lat="42.55236" lon="-2.595297">
      <ele>543.6</ele>
    </trkpt>
    <trkpt lat="42.552286" lon="-2.596023">
      <ele>542.8</ele>
    </trkpt>
    <trkpt lat="42.552216" lon="-2.59712">
      <ele>541.6</ele>
    </trkpt>
    <trkpt lat="42.552361" lon="-2.597896">
      <ele>541.4</ele>
    </trkpt>
    <trkpt lat="42.552466" lon="-2.598439">
      <ele>541.4</ele>
    </trkpt>
    <trkpt lat="42.552912" lon="-2.598433">
      <ele>541.8</ele>
    </trkpt>
    <trkpt lat="42.553028" lon="-2.598473">
      <ele>541.9</ele>
    </trkpt>
    <trkpt lat="42.553126" lon="-2.598586">
      <ele>542.2</ele>
    </trkpt>
    <trkpt lat="42.553231" lon="-2.598819">
      <ele>542.5</ele>
    </trkpt>
    <trkpt lat="42.553432" lon="-2.599472">
      <ele>543.2</ele>
    </trkpt>
    <trkpt lat="42.553523" lon="-2.599568">
      <ele>543.2</ele>
    </trkpt>
    <trkpt lat="42.55369" lon="-2.599655">
      <ele>543.2</ele>
    </trkpt>
    <trkpt lat="42.553452" lon="-2.599845">
      <ele>543.1</ele>
    </trkpt>
    <trkpt lat="42.553281" lon="-2.600329">
      <ele>542.7</ele>
    </trkpt>
    <trkpt lat="42.553202" lon="-2.601017">
      <ele>541.6</ele>
    </trkpt>
    <trkpt lat="42.553201" lon="-2.601633">
      <ele>540.2</ele>
    </trkpt>
    <trkpt lat="42.55316" lon="-2.601834">
      <ele>539.6</ele>
    </trkpt>
    <trkpt lat="42.552953" lon="-2.602417">
      <ele>537.5</ele>
    </trkpt>
    <trkpt lat="42.552763" lon="-2.603644">
      <ele>534.4</ele>
    </trkpt>
    <trkpt lat="42.552818" lon="-2.603869">
      <ele>534</ele>
    </trkpt>
    <trkpt lat="42.552881" lon="-2.60403">
      <ele>533.9</ele>
    </trkpt>
    <trkpt lat="42.552984" lon="-2.604191">
      <ele>533.7</ele>
    </trkpt>
    <trkpt lat="42.553284" lon="-2.604438">
      <ele>533.7</ele>
    </trkpt>
    <trkpt lat="42.553767" lon="-2.604706">
      <ele>534.5</ele>
    </trkpt>
    <trkpt lat="42.553775" lon="-2.604878">
      <ele>534.7</ele>
    </trkpt>
    <trkpt lat="42.553703" lon="-2.605114">
      <ele>535.1</ele>
    </trkpt>
    <trkpt lat="42.553506" lon="-2.605607">
      <ele>535.6</ele>
    </trkpt>
    <trkpt lat="42.553443" lon="-2.605886">
      <ele>535.8</ele>
    </trkpt>
    <trkpt lat="42.553506" lon="-2.606401">
      <ele>535.9</ele>
    </trkpt>
    <trkpt lat="42.553474" lon="-2.606701">
      <ele>536</ele>
    </trkpt>
    <trkpt lat="42.55349" lon="-2.607002">
      <ele>536</ele>
    </trkpt>
    <trkpt lat="42.553537" lon="-2.607281">
      <ele>535.9</ele>
    </trkpt>
    <trkpt lat="42.553565" lon="-2.60768">
      <ele>535.8</ele>
    </trkpt>
    <trkpt lat="42.553415" lon="-2.60791">
      <ele>535.6</ele>
    </trkpt>
    <trkpt lat="42.553586" lon="-2.608217">
      <ele>535.5</ele>
    </trkpt>
    <trkpt lat="42.55384" lon="-2.608924">
      <ele>535.5</ele>
    </trkpt>
    <trkpt lat="42.553924" lon="-2.609554">
      <ele>535.4</ele>
    </trkpt>
    <trkpt lat="42.553792" lon="-2.610684">
      <ele>534.9</ele>
    </trkpt>
    <trkpt lat="42.553713" lon="-2.611135">
      <ele>534.5</ele>
    </trkpt>
    <trkpt lat="42.553681" lon="-2.611693">
      <ele>533.7</ele>
    </trkpt>
    <trkpt lat="42.553634" lon="-2.612015">
      <ele>533.2</ele>
    </trkpt>
    <trkpt lat="42.55365" lon="-2.613173">
      <ele>531</ele>
    </trkpt>
    <trkpt lat="42.553713" lon="-2.61416">
      <ele>530.2</ele>
    </trkpt>
    <trkpt lat="42.553776" lon="-2.614525">
      <ele>530.1</ele>
    </trkpt>
    <trkpt lat="42.553839" lon="-2.614933">
      <ele>529.9</ele>
    </trkpt>
    <trkpt lat="42.553982" lon="-2.615276">
      <ele>529.7</ele>
    </trkpt>
    <trkpt lat="42.554173" lon="-2.615883">
      <ele>529.3</ele>
    </trkpt>
    <trkpt lat="42.554362" lon="-2.616642">
      <ele>529.2</ele>
    </trkpt>
    <trkpt lat="42.554448" lon="-2.617037">
      <ele>529.4</ele>
    </trkpt>
    <trkpt lat="42.554422" lon="-2.617152">
      <ele>529.5</ele>
    </trkpt>
    <trkpt lat="42.554262" lon="-2.617358">
      <ele>529.7</ele>
    </trkpt>
    <trkpt lat="42.553945" lon="-2.617657">
      <ele>530.6</ele>
    </trkpt>
    <trkpt lat="42.553828" lon="-2.617834">
      <ele>531.3</ele>
    </trkpt>
    <trkpt lat="42.553711" lon="-2.618021">
      <ele>532.1</ele>
    </trkpt>
    <trkpt lat="42.553513" lon="-2.618232">
      <ele>533.3</ele>
    </trkpt>
    <trkpt lat="42.553332" lon="-2.618328">
      <ele>534.4</ele>
    </trkpt>
    <trkpt lat="42.553007" lon="-2.618421">
      <ele>536.1</ele>
    </trkpt>
    <trkpt lat="42.552876" lon="-2.618545">
      <ele>536.9</ele>
    </trkpt>
    <trkpt lat="42.55276" lon="-2.618744">
      <ele>537.8</ele>
    </trkpt>
    <trkpt lat="42.552481" lon="-2.61941">
      <ele>540.6</ele>
    </trkpt>
    <trkpt lat="42.552101" lon="-2.620099">
      <ele>543.6</ele>
    </trkpt>
    <trkpt lat="42.55179" lon="-2.620654">
      <ele>545.4</ele>
    </trkpt>
    <trkpt lat="42.551759" lon="-2.620808">
      <ele>545.7</ele>
    </trkpt>
    <trkpt lat="42.551723" lon="-2.621433">
      <ele>546.8</ele>
    </trkpt>
    <trkpt lat="42.551717" lon="-2.621584">
      <ele>547</ele>
    </trkpt>
    <trkpt lat="42.551612" lon="-2.621875">
      <ele>547.3</ele>
    </trkpt>
    <trkpt lat="42.551735" lon="-2.621949">
      <ele>547.4</ele>
    </trkpt>
    <trkpt lat="42.55208" lon="-2.621908">
      <ele>547.6</ele>
    </trkpt>
    <trkpt lat="42.552188" lon="-2.621924">
      <ele>547.6</ele>
    </trkpt>
    <trkpt lat="42.552475" lon="-2.622065">
      <ele>547.6</ele>
    </trkpt>
    <trkpt lat="42.552634" lon="-2.622107">
      <ele>547.6</ele>
    </trkpt>
    <trkpt lat="42.553488" lon="-2.621887">
      <ele>548</ele>
    </trkpt>
    <trkpt lat="42.553925" lon="-2.621895">
      <ele>548.1</ele>
    </trkpt>
    <trkpt lat="42.554378" lon="-2.621974">
      <ele>548.3</ele>
    </trkpt>
    <trkpt lat="42.554763" lon="-2.622153">
      <ele>548.4</ele>
    </trkpt>
    <trkpt lat="42.55481" lon="-2.622633">
      <ele>548.4</ele>
    </trkpt>
    <trkpt lat="42.554819" lon="-2.623047">
      <ele>548.4</ele>
    </trkpt>
    <trkpt lat="42.554789" lon="-2.623332">
      <ele>548.3</ele>
    </trkpt>
    <trkpt lat="42.554802" lon="-2.623769">
      <ele>548.3</ele>
    </trkpt>
    <trkpt lat="42.554844" lon="-2.62457">
      <ele>548.4</ele>
    </trkpt>
    <trkpt lat="42.554836" lon="-2.625198">
      <ele>548.8</ele>
    </trkpt>
    <trkpt lat="42.555052" lon="-2.626698">
      <ele>551.1</ele>
    </trkpt>
    <trkpt lat="42.555105" lon="-2.627703">
      <ele>552.2</ele>
    </trkpt>
    <trkpt lat="42.555217" lon="-2.628452">
      <ele>552.3</ele>
    </trkpt>
    <trkpt lat="42.555218" lon="-2.62898">
      <ele>551.6</ele>
    </trkpt>
    <trkpt lat="42.555232" lon="-2.629206">
      <ele>551.2</ele>
    </trkpt>
    <trkpt lat="42.555262" lon="-2.629335">
      <ele>550.9</ele>
    </trkpt>
    <trkpt lat="42.555294" lon="-2.629428">
      <ele>550.6</ele>
    </trkpt>
    <trkpt lat="42.555358" lon="-2.629691">
      <ele>549.8</ele>
    </trkpt>
    <trkpt lat="42.5554" lon="-2.630219">
      <ele>547.9</ele>
    </trkpt>
    <trkpt lat="42.555367" lon="-2.630825">
      <ele>545.3</ele>
    </trkpt>
    <trkpt lat="42.555122" lon="-2.631805">
      <ele>539.9</ele>
    </trkpt>
    <trkpt lat="42.555005" lon="-2.632192">
      <ele>537.7</ele>
    </trkpt>
    <trkpt lat="42.554856" lon="-2.632532">
      <ele>535.7</ele>
    </trkpt>
    <trkpt lat="42.554807" lon="-2.632785">
      <ele>534.4</ele>
    </trkpt>
    <trkpt lat="42.554732" lon="-2.632846">
      <ele>533.8</ele>
    </trkpt>
    <trkpt lat="42.554523" lon="-2.632929">
      <ele>532.3</ele>
    </trkpt>
    <trkpt lat="42.554326" lon="-2.63308">
      <ele>530.7</ele>
    </trkpt>
    <trkpt lat="42.553771" lon="-2.63378">
      <ele>527.3</ele>
    </trkpt>
    <trkpt lat="42.553768" lon="-2.633951">
      <ele>527.2</ele>
    </trkpt>
    <trkpt lat="42.553823" lon="-2.634298">
      <ele>527.2</ele>
    </trkpt>
    <trkpt lat="42.553823" lon="-2.634433">
      <ele>527.2</ele>
    </trkpt>
    <trkpt lat="42.553681" lon="-2.634777">
      <ele>527.7</ele>
    </trkpt>
    <trkpt lat="42.553657" lon="-2.634954">
      <ele>528</ele>
    </trkpt>
    <trkpt lat="42.553659" lon="-2.635207">
      <ele>528.7</ele>
    </trkpt>
    <trkpt lat="42.553843" lon="-2.63528">
      <ele>529.5</ele>
    </trkpt>
    <trkpt lat="42.553826" lon="-2.635343">
      <ele>529.8</ele>
    </trkpt>
    <trkpt lat="42.553885" lon="-2.635829">
      <ele>531.9</ele>
    </trkpt>
    <trkpt lat="42.55386" lon="-2.63618">
      <ele>533.4</ele>
    </trkpt>
    <trkpt lat="42.553733" lon="-2.636539">
      <ele>534.8</ele>
    </trkpt>
    <trkpt lat="42.553718" lon="-2.637177">
      <ele>536.6</ele>
    </trkpt>
    <trkpt lat="42.553572" lon="-2.63844">
      <ele>539.9</ele>
    </trkpt>
    <trkpt lat="42.553401" lon="-2.639254">
      <ele>541.8</ele>
    </trkpt>
    <trkpt lat="42.553292" lon="-2.639664">
      <ele>542.6</ele>
    </trkpt>
    <trkpt lat="42.553253" lon="-2.639898">
      <ele>543</ele>
    </trkpt>
    <trkpt lat="42.553258" lon="-2.640308">
      <ele>543.6</ele>
    </trkpt>
    <trkpt lat="42.553237" lon="-2.640634">
      <ele>543.9</ele>
    </trkpt>
    <trkpt lat="42.5532" lon="-2.640814">
      <ele>544.1</ele>
    </trkpt>
    <trkpt lat="42.552947" lon="-2.641682">
      <ele>544</ele>
    </trkpt>
    <trkpt lat="42.552782" lon="-2.64147">
      <ele>543.8</ele>
    </trkpt>
    <trkpt lat="42.552561" lon="-2.64103">
      <ele>543.3</ele>
    </trkpt>
    <trkpt lat="42.552513" lon="-2.640869">
      <ele>543.1</ele>
    </trkpt>
    <trkpt lat="42.552476" lon="-2.640545">
      <ele>542.5</ele>
    </trkpt>
    <trkpt lat="42.552404" lon="-2.640062">
      <ele>541.4</ele>
    </trkpt>
    <trkpt lat="42.552116" lon="-2.639463">
      <ele>539.8</ele>
    </trkpt>
    <trkpt lat="42.551973" lon="-2.638963">
      <ele>538.8</ele>
    </trkpt>
    <trkpt lat="42.551817" lon="-2.638597">
      <ele>538.1</ele>
    </trkpt>
    <trkpt lat="42.551596" lon="-2.638272">
      <ele>537.6</ele>
    </trkpt>
    <trkpt lat="42.551201" lon="-2.637825">
      <ele>537.4</ele>
    </trkpt>
    <trkpt lat="42.550861" lon="-2.637368">
      <ele>537.8</ele>
    </trkpt>
    <trkpt lat="42.550577" lon="-2.637117">
      <ele>538</ele>
    </trkpt>
    <trkpt lat="42.550333" lon="-2.636787">
      <ele>538.2</ele>
    </trkpt>
    <trkpt lat="42.550089" lon="-2.636457">
      <ele>538.4</ele>
    </trkpt>
    <trkpt lat="42.549937" lon="-2.636362">
      <ele>538.4</ele>
    </trkpt>
    <trkpt lat="42.549794" lon="-2.636792">
      <ele>538.3</ele>
    </trkpt>
    <trkpt lat="42.549785" lon="-2.637282">
      <ele>538.1</ele>
    </trkpt>
    <trkpt lat="42.549742" lon="-2.637469">
      <ele>538</ele>
    </trkpt>
    <trkpt lat="42.549578" lon="-2.637826">
      <ele>537.6</ele>
    </trkpt>
    <trkpt lat="42.549336" lon="-2.638144">
      <ele>537.3</ele>
    </trkpt>
    <trkpt lat="42.54915" lon="-2.63831">
      <ele>537</ele>
    </trkpt>
    <trkpt lat="42.548547" lon="-2.638736">
      <ele>536.2</ele>
    </trkpt>
    <trkpt lat="42.548224" lon="-2.639052">
      <ele>535.7</ele>
    </trkpt>
    <trkpt lat="42.548212" lon="-2.639159">
      <ele>535.7</ele>
    </trkpt>
    <trkpt lat="42.547429" lon="-2.639159">
      <ele>535.5</ele>
    </trkpt>
    <trkpt lat="42.546524" lon="-2.639235">
      <ele>535.8</ele>
    </trkpt>
    <trkpt lat="42.546054" lon="-2.639476">
      <ele>536.3</ele>
    </trkpt>
    <trkpt lat="42.545722" lon="-2.639701">
      <ele>536.6</ele>
    </trkpt>
    <trkpt lat="42.54556" lon="-2.63975">
      <ele>536.8</ele>
    </trkpt>
    <trkpt lat="42.545418" lon="-2.639749">
      <ele>536.9</ele>
    </trkpt>
    <trkpt lat="42.545178" lon="-2.639632">
      <ele>537.3</ele>
    </trkpt>
    <trkpt lat="42.545083" lon="-2.639518">
      <ele>537.5</ele>
    </trkpt>
    <trkpt lat="42.545005" lon="-2.639373">
      <ele>537.7</ele>
    </trkpt>
    <trkpt lat="42.544933" lon="-2.639297">
      <ele>537.9</ele>
    </trkpt>
    <trkpt lat="42.54456" lon="-2.639127">
      <ele>538.7</ele>
    </trkpt>
    <trkpt lat="42.543928" lon="-2.638956">
      <ele>540.1</ele>
    </trkpt>
    <trkpt lat="42.543291" lon="-2.63866">
      <ele>541.1</ele>
    </trkpt>
    <trkpt lat="42.543105" lon="-2.638607">
      <ele>541.2</ele>
    </trkpt>
    <trkpt lat="42.542912" lon="-2.63866">
      <ele>541.2</ele>
    </trkpt>
    <trkpt lat="42.542576" lon="-2.638848">
      <ele>541</ele>
    </trkpt>
    <trkpt lat="42.542343" lon="-2.638945">
      <ele>540.7</ele>
    </trkpt>
    <trkpt lat="42.541872" lon="-2.638993">
      <ele>539.8</ele>
    </trkpt>
    <trkpt lat="42.540979" lon="-2.639464">
      <ele>537.1</ele>
    </trkpt>
    <trkpt lat="42.540656" lon="-2.639583">
      <ele>536.3</ele>
    </trkpt>
    <trkpt lat="42.540437" lon="-2.639604">
      <ele>535.8</ele>
    </trkpt>
    <trkpt lat="42.540253" lon="-2.639579">
      <ele>535.5</ele>
    </trkpt>
    <trkpt lat="42.539983" lon="-2.639492">
      <ele>535</ele>
    </trkpt>
    <trkpt lat="42.539208" lon="-2.63914">
      <ele>534.1</ele>
    </trkpt>
    <trkpt lat="42.539159" lon="-2.639081">
      <ele>534</ele>
    </trkpt>
    <trkpt lat="42.539088" lon="-2.638295">
      <ele>533.4</ele>
    </trkpt>
    <trkpt lat="42.538983" lon="-2.63775">
      <ele>532.7</ele>
    </trkpt>
    <trkpt lat="42.538866" lon="-2.637466">
      <ele>532.4</ele>
    </trkpt>
    <trkpt lat="42.538645" lon="-2.637086">
      <ele>531.9</ele>
    </trkpt>
    <trkpt lat="42.538313" lon="-2.636668">
      <ele>531.2</ele>
    </trkpt>
    <trkpt lat="42.538078" lon="-2.636413">
      <ele>530.6</ele>
    </trkpt>
    <trkpt lat="42.537858" lon="-2.636112">
      <ele>529.9</ele>
    </trkpt>
    <trkpt lat="42.537658" lon="-2.635785">
      <ele>529.2</ele>
    </trkpt>
    <trkpt lat="42.537621" lon="-2.635621">
      <ele>528.9</ele>
    </trkpt>
    <trkpt lat="42.537517" lon="-2.635454">
      <ele>528.5</ele>
    </trkpt>
    <trkpt lat="42.537346" lon="-2.635251">
      <ele>527.8</ele>
    </trkpt>
    <trkpt lat="42.537115" lon="-2.634546">
      <ele>525.6</ele>
    </trkpt>
    <trkpt lat="42.536997" lon="-2.634321">
      <ele>524.8</ele>
    </trkpt>
    <trkpt lat="42.536718" lon="-2.633963">
      <ele>523</ele>
    </trkpt>
    <trkpt lat="42.536652" lon="-2.633412">
      <ele>520.8</ele>
    </trkpt>
    <trkpt lat="42.536609" lon="-2.633242">
      <ele>520.1</ele>
    </trkpt>
    <trkpt lat="42.536418" lon="-2.632802">
      <ele>517.8</ele>
    </trkpt>
    <trkpt lat="42.536153" lon="-2.631504">
      <ele>512.1</ele>
    </trkpt>
    <trkpt lat="42.535721" lon="-2.632132">
      <ele>509.1</ele>
    </trkpt>
    <trkpt lat="42.535021" lon="-2.631832">
      <ele>506.5</ele>
    </trkpt>
    <trkpt lat="42.534697" lon="-2.631658">
      <ele>505.3</ele>
    </trkpt>
    <trkpt lat="42.534566" lon="-2.631665">
      <ele>504.8</ele>
    </trkpt>
    <trkpt lat="42.534286" lon="-2.6318">
      <ele>503.5</ele>
    </trkpt>
    <trkpt lat="42.53415" lon="-2.631814">
      <ele>502.8</ele>
    </trkpt>
    <trkpt lat="42.533916" lon="-2.631765">
      <ele>501.6</ele>
    </trkpt>
    <trkpt lat="42.533481" lon="-2.631584">
      <ele>498.8</ele>
    </trkpt>
    <trkpt lat="42.533351" lon="-2.631562">
      <ele>498</ele>
    </trkpt>
    <trkpt lat="42.53243" lon="-2.631945">
      <ele>492.3</ele>
    </trkpt>
    <trkpt lat="42.531544" lon="-2.631928">
      <ele>488.3</ele>
    </trkpt>
    <trkpt lat="42.531451" lon="-2.631885">
      <ele>487.9</ele>
    </trkpt>
    <trkpt lat="42.531362" lon="-2.63178">
      <ele>487.5</ele>
    </trkpt>
    <trkpt lat="42.531026" lon="-2.631274">
      <ele>485.6</ele>
    </trkpt>
    <trkpt lat="42.53078" lon="-2.630843">
      <ele>483.9</ele>
    </trkpt>
    <trkpt lat="42.530725" lon="-2.630805">
      <ele>483.6</ele>
    </trkpt>
    <trkpt lat="42.530539" lon="-2.630945">
      <ele>482.7</ele>
    </trkpt>
    <trkpt lat="42.530397" lon="-2.631108">
      <ele>481.8</ele>
    </trkpt>
    <trkpt lat="42.530014" lon="-2.631665">
      <ele>479.4</ele>
    </trkpt>
    <trkpt lat="42.529385" lon="-2.63221">
      <ele>476.9</ele>
    </trkpt>
    <trkpt lat="42.529108" lon="-2.632377">
      <ele>476.1</ele>
    </trkpt>
    <trkpt lat="42.528696" lon="-2.63246">
      <ele>475.2</ele>
    </trkpt>
    <trkpt lat="42.528307" lon="-2.632602">
      <ele>474.3</ele>
    </trkpt>
    <trkpt lat="42.527725" lon="-2.632728">
      <ele>472.8</ele>
    </trkpt>
    <trkpt lat="42.527571" lon="-2.632797">
      <ele>472.3</ele>
    </trkpt>
    <trkpt lat="42.527381" lon="-2.632958">
      <ele>471.6</ele>
    </trkpt>
    <trkpt lat="42.527113" lon="-2.633393">
      <ele>470.4</ele>
    </trkpt>
    <trkpt lat="42.526953" lon="-2.63353">
      <ele>469.9</ele>
    </trkpt>
    <trkpt lat="42.526817" lon="-2.6336">
      <ele>469.5</ele>
    </trkpt>
    <trkpt lat="42.52615" lon="-2.633592">
      <ele>467.9</ele>
    </trkpt>
    <trkpt lat="42.52572" lon="-2.633715">
      <ele>467.1</ele>
    </trkpt>
    <trkpt lat="42.524932" lon="-2.633814">
      <ele>465.6</ele>
    </trkpt>
    <trkpt lat="42.524662" lon="-2.633962">
      <ele>465</ele>
    </trkpt>
    <trkpt lat="42.524514" lon="-2.63397">
      <ele>464.7</ele>
    </trkpt>
    <trkpt lat="42.523951" lon="-2.633748">
      <ele>463.7</ele>
    </trkpt>
    <trkpt lat="42.523865" lon="-2.633402">
      <ele>463.2</ele>
    </trkpt>
    <trkpt lat="42.523802" lon="-2.633345">
      <ele>463.1</ele>
    </trkpt>
    <trkpt lat="42.523748" lon="-2.633369">
      <ele>463.1</ele>
    </trkpt>
    <trkpt lat="42.523522" lon="-2.632449">
      <ele>462.3</ele>
    </trkpt>
    <trkpt lat="42.523429" lon="-2.632202">
      <ele>462.1</ele>
    </trkpt>
    <trkpt lat="42.523231" lon="-2.631798">
      <ele>461.9</ele>
    </trkpt>
    <trkpt lat="42.522815" lon="-2.631164">
      <ele>461.8</ele>
    </trkpt>
    <trkpt lat="42.522247" lon="-2.630405">
      <ele>462.3</ele>
    </trkpt>
    <trkpt lat="42.521447" lon="-2.629251">
      <ele>463.5</ele>
    </trkpt>
    <trkpt lat="42.51977" lon="-2.626537">
      <ele>462.7</ele>
    </trkpt>
    <trkpt lat="42.519444" lon="-2.626558">
      <ele>461.8</ele>
    </trkpt>
    <trkpt lat="42.519223" lon="-2.62647">
      <ele>461</ele>
    </trkpt>
    <trkpt lat="42.518812" lon="-2.626368">
      <ele>459.4</ele>
    </trkpt>
    <trkpt lat="42.517356" lon="-2.62621">
      <ele>453</ele>
    </trkpt>
    <trkpt lat="42.517165" lon="-2.626212">
      <ele>452.4</ele>
    </trkpt>
    <trkpt lat="42.517001" lon="-2.626258">
      <ele>452</ele>
    </trkpt>
    <trkpt lat="42.516874" lon="-2.62641">
      <ele>451.8</ele>
    </trkpt>
    <trkpt lat="42.516516" lon="-2.625601">
      <ele>452</ele>
    </trkpt>
    <trkpt lat="42.516287" lon="-2.624976">
      <ele>453.3</ele>
    </trkpt>
    <trkpt lat="42.51602" lon="-2.62415">
      <ele>455.4</ele>
    </trkpt>
    <trkpt lat="42.515984" lon="-2.623988">
      <ele>455.7</ele>
    </trkpt>
    <trkpt lat="42.515929" lon="-2.623435">
      <ele>456.2</ele>
    </trkpt>
    <trkpt lat="42.515887" lon="-2.622418">
      <ele>454.9</ele>
    </trkpt>
    <trkpt lat="42.515779" lon="-2.622438">
      <ele>454.5</ele>
    </trkpt>
    <trkpt lat="42.514912" lon="-2.62222">
      <ele>450.4</ele>
    </trkpt>
    <trkpt lat="42.514917" lon="-2.62213">
      <ele>450</ele>
    </trkpt>
    <trkpt lat="42.5146" lon="-2.622095">
      <ele>448.3</ele>
    </trkpt>
    <trkpt lat="42.51385" lon="-2.622141">
      <ele>444.6</ele>
    </trkpt>
    <trkpt lat="42.513585" lon="-2.622172">
      <ele>443.4</ele>
    </trkpt>
    <trkpt lat="42.513253" lon="-2.622339">
      <ele>442.3</ele>
    </trkpt>
    <trkpt lat="42.513121" lon="-2.622312">
      <ele>441.9</ele>
    </trkpt>
    <trkpt lat="42.512719" lon="-2.621902">
      <ele>440.7</ele>
    </trkpt>
    <trkpt lat="42.512124" lon="-2.62104">
      <ele>438.2</ele>
    </trkpt>
    <trkpt lat="42.511826" lon="-2.62091">
      <ele>437.3</ele>
    </trkpt>
    <trkpt lat="42.511551" lon="-2.620847">
      <ele>436.4</ele>
    </trkpt>
    <trkpt lat="42.51137" lon="-2.620892">
      <ele>435.9</ele>
    </trkpt>
    <trkpt lat="42.511101" lon="-2.621009">
      <ele>435.1</ele>
    </trkpt>
    <trkpt lat="42.511035" lon="-2.62106">
      <ele>434.9</ele>
    </trkpt>
    <trkpt lat="42.510978" lon="-2.621054">
      <ele>434.7</ele>
    </trkpt>
    <trkpt lat="42.51093" lon="-2.62101">
      <ele>434.5</ele>
    </trkpt>
    <trkpt lat="42.510903" lon="-2.620888">
      <ele>434.3</ele>
    </trkpt>
    <trkpt lat="42.510943" lon="-2.62079">
      <ele>434.1</ele>
    </trkpt>
    <trkpt lat="42.511083" lon="-2.620344">
      <ele>433.5</ele>
    </trkpt>
    <trkpt lat="42.511102" lon="-2.620242">
      <ele>433.5</ele>
    </trkpt>
    <trkpt lat="42.51117" lon="-2.619893">
      <ele>433.3</ele>
    </trkpt>
    <trkpt lat="42.511518" lon="-2.619875">
      <ele>433.3</ele>
    </trkpt>
    <trkpt lat="42.511675" lon="-2.61986">
      <ele>433.3</ele>
    </trkpt>
    <trkpt lat="42.511518" lon="-2.619875">
      <ele>433.3</ele>
    </trkpt>
    <trkpt lat="42.51117" lon="-2.619893">
      <ele>433.4</ele>
    </trkpt>
    <trkpt lat="42.511102" lon="-2.620242">
      <ele>433.6</ele>
    </trkpt>
    <trkpt lat="42.511083" lon="-2.620344">
      <ele>433.7</ele>
    </trkpt>
    <trkpt lat="42.511068" lon="-2.620453">
      <ele>433.8</ele>
    </trkpt>
    <trkpt lat="42.511062" lon="-2.620548">
      <ele>433.9</ele>
    </trkpt>
    <trkpt lat="42.511087" lon="-2.62064">
      <ele>434</ele>
    </trkpt>
    <trkpt lat="42.511142" lon="-2.620681">
      <ele>434.1</ele>
    </trkpt>
    <trkpt lat="42.511201" lon="-2.620685">
      <ele>434.2</ele>
    </trkpt>
    <trkpt lat="42.511274" lon="-2.620666">
      <ele>434.3</ele>
    </trkpt>
    <trkpt lat="42.512333" lon="-2.619864">
      <ele>436.2</ele>
    </trkpt>
    <trkpt lat="42.512559" lon="-2.619652">
      <ele>436.4</ele>
    </trkpt>
    <trkpt lat="42.512767" lon="-2.619389">
      <ele>436.5</ele>
    </trkpt>
    <trkpt lat="42.512825" lon="-2.619279">
      <ele>436.5</ele>
    </trkpt>
    <trkpt lat="42.512945" lon="-2.619012">
      <ele>436.4</ele>
    </trkpt>
    <trkpt lat="42.51303" lon="-2.618742">
      <ele>436.3</ele>
    </trkpt>
    <trkpt lat="42.513098" lon="-2.618348">
      <ele>436.2</ele>
    </trkpt>
    <trkpt lat="42.513176" lon="-2.617601">
      <ele>436</ele>
    </trkpt>
    <trkpt lat="42.513253" lon="-2.617189">
      <ele>436</ele>
    </trkpt>
    <trkpt lat="42.513255" lon="-2.617175">
      <ele>436</ele>
    </trkpt>
    <trkpt lat="42.513386" lon="-2.616782">
      <ele>436.5</ele>
    </trkpt>
    <trkpt lat="42.513624" lon="-2.616331">
      <ele>438.2</ele>
    </trkpt>
    <trkpt lat="42.51371" lon="-2.616218">
      <ele>438.9</ele>
    </trkpt>
    <trkpt lat="42.513777" lon="-2.616129">
      <ele>439.6</ele>
    </trkpt>
    <trkpt lat="42.513974" lon="-2.615929">
      <ele>441.5</ele>
    </trkpt>
    <trkpt lat="42.514069" lon="-2.61585">
      <ele>442.5</ele>
    </trkpt>
    <trkpt lat="42.514097" lon="-2.615827">
      <ele>442.8</ele>
    </trkpt>
    <trkpt lat="42.514098" lon="-2.615612">
      <ele>444.4</ele>
    </trkpt>
    <trkpt lat="42.514135" lon="-2.61541">
      <ele>446</ele>
    </trkpt>
    <trkpt lat="42.514141" lon="-2.615287">
      <ele>447</ele>
    </trkpt>
    <trkpt lat="42.514115" lon="-2.615094">
      <ele>448.7</ele>
    </trkpt>
    <trkpt lat="42.514114" lon="-2.614947">
      <ele>449.9</ele>
    </trkpt>
    <trkpt lat="42.514205" lon="-2.6148">
      <ele>451.7</ele>
    </trkpt>
    <trkpt lat="42.514448" lon="-2.614541">
      <ele>455.4</ele>
    </trkpt>
    <trkpt lat="42.514583" lon="-2.614251">
      <ele>458.2</ele>
    </trkpt>
    <trkpt lat="42.514663" lon="-2.613936">
      <ele>460.7</ele>
    </trkpt>
    <trkpt lat="42.514731" lon="-2.613786">
      <ele>462.2</ele>
    </trkpt>
    <trkpt lat="42.514834" lon="-2.613685">
      <ele>463.5</ele>
    </trkpt>
    <trkpt lat="42.51504" lon="-2.613561">
      <ele>465.8</ele>
    </trkpt>
    <trkpt lat="42.515086" lon="-2.613404">
      <ele>467</ele>
    </trkpt>
    <trkpt lat="42.515109" lon="-2.613043">
      <ele>469</ele>
    </trkpt>
    <trkpt lat="42.515174" lon="-2.612635">
      <ele>470.9</ele>
    </trkpt>
    <trkpt lat="42.51532" lon="-2.612238">
      <ele>472.4</ele>
    </trkpt>
    <trkpt lat="42.515367" lon="-2.61199">
      <ele>473.3</ele>
    </trkpt>
    <trkpt lat="42.515373" lon="-2.611951">
      <ele>473.4</ele>
    </trkpt>
    <trkpt lat="42.515441" lon="-2.611605">
      <ele>474.6</ele>
    </trkpt>
    <trkpt lat="42.515666" lon="-2.610974">
      <ele>476.5</ele>
    </trkpt>
    <trkpt lat="42.515706" lon="-2.610795">
      <ele>476.9</ele>
    </trkpt>
    <trkpt lat="42.515797" lon="-2.609971">
      <ele>478.4</ele>
    </trkpt>
    <trkpt lat="42.515868" lon="-2.60962">
      <ele>479.2</ele>
    </trkpt>
    <trkpt lat="42.515942" lon="-2.609402">
      <ele>479.7</ele>
    </trkpt>
    <trkpt lat="42.516117" lon="-2.608926">
      <ele>480.7</ele>
    </trkpt>
    <trkpt lat="42.516386" lon="-2.60719">
      <ele>480.8</ele>
    </trkpt>
    <trkpt lat="42.516421" lon="-2.606904">
      <ele>480.7</ele>
    </trkpt>
    <trkpt lat="42.516459" lon="-2.605953">
      <ele>480.5</ele>
    </trkpt>
    <trkpt lat="42.516524" lon="-2.605451">
      <ele>481</ele>
    </trkpt>
    <trkpt lat="42.516682" lon="-2.604924">
      <ele>482</ele>
    </trkpt>
    <trkpt lat="42.516928" lon="-2.60394">
      <ele>484.6</ele>
    </trkpt>
    <trkpt lat="42.517174" lon="-2.603103">
      <ele>486.7</ele>
    </trkpt>
    <trkpt lat="42.517307" lon="-2.602864">
      <ele>487.3</ele>
    </trkpt>
    <trkpt lat="42.517479" lon="-2.602333">
      <ele>488.3</ele>
    </trkpt>
    <trkpt lat="42.517645" lon="-2.601984">
      <ele>489</ele>
    </trkpt>
    <trkpt lat="42.517904" lon="-2.601676">
      <ele>489.8</ele>
    </trkpt>
    <trkpt lat="42.518265" lon="-2.601428">
      <ele>490.9</ele>
    </trkpt>
    <trkpt lat="42.518349" lon="-2.60129">
      <ele>491.2</ele>
    </trkpt>
    <trkpt lat="42.51847" lon="-2.600899">
      <ele>491.7</ele>
    </trkpt>
    <trkpt lat="42.518493" lon="-2.600342">
      <ele>492.1</ele>
    </trkpt>
    <trkpt lat="42.518397" lon="-2.598739">
      <ele>493.4</ele>
    </trkpt>
    <trkpt lat="42.51874" lon="-2.59782">
      <ele>496.1</ele>
    </trkpt>
    <trkpt lat="42.518736" lon="-2.597791">
      <ele>496.2</ele>
    </trkpt>
    <trkpt lat="42.518603" lon="-2.596768">
      <ele>500.7</ele>
    </trkpt>
    <trkpt lat="42.519507" lon="-2.595956">
      <ele>504.4</ele>
    </trkpt>
    <trkpt lat="42.519574" lon="-2.595844">
      <ele>504.4</ele>
    </trkpt>
    <trkpt lat="42.519663" lon="-2.595144">
      <ele>503.8</ele>
    </trkpt>
    <trkpt lat="42.51993" lon="-2.594722">
      <ele>502.5</ele>
    </trkpt>
    <trkpt lat="42.520128" lon="-2.593982">
      <ele>500.2</ele>
    </trkpt>
    <trkpt lat="42.52034" lon="-2.593014">
      <ele>498</ele>
    </trkpt>
    <trkpt lat="42.520389" lon="-2.591656">
      <ele>496.5</ele>
    </trkpt>
    <trkpt lat="42.520737" lon="-2.591091">
      <ele>495.3</ele>
    </trkpt>
    <trkpt lat="42.520824" lon="-2.590576">
      <ele>494.1</ele>
    </trkpt>
    <trkpt lat="42.520948" lon="-2.590098">
      <ele>492.7</ele>
    </trkpt>
    <trkpt lat="42.52084" lon="-2.58934">
      <ele>490.8</ele>
    </trkpt>
    <trkpt lat="42.521017" lon="-2.588834">
      <ele>489.9</ele>
    </trkpt>
    <trkpt lat="42.520752" lon="-2.588062">
      <ele>489.6</ele>
    </trkpt>
    <trkpt lat="42.520507" lon="-2.586606">
      <ele>492.2</ele>
    </trkpt>
    <trkpt lat="42.520501" lon="-2.586573">
      <ele>492.3</ele>
    </trkpt>
    <trkpt lat="42.520235" lon="-2.586219">
      <ele>493.9</ele>
    </trkpt>
    <trkpt lat="42.520481" lon="-2.584985">
      <ele>498.5</ele>
    </trkpt>
    <trkpt lat="42.520265" lon="-2.583819">
      <ele>501.9</ele>
    </trkpt>
    <trkpt lat="42.520034" lon="-2.58339">
      <ele>502.9</ele>
    </trkpt>
    <trkpt lat="42.520041" lon="-2.583311">
      <ele>503</ele>
    </trkpt>
    <trkpt lat="42.520112" lon="-2.58321">
      <ele>503.3</ele>
    </trkpt>
    <trkpt lat="42.520267" lon="-2.58307">
      <ele>503.7</ele>
    </trkpt>
    <trkpt lat="42.520253" lon="-2.582995">
      <ele>503.8</ele>
    </trkpt>
    <trkpt lat="42.520199" lon="-2.582922">
      <ele>504</ele>
    </trkpt>
    <trkpt lat="42.520171" lon="-2.582823">
      <ele>504.2</ele>
    </trkpt>
    <trkpt lat="42.520147" lon="-2.58258">
      <ele>504.6</ele>
    </trkpt>
    <trkpt lat="42.520119" lon="-2.582504">
      <ele>504.8</ele>
    </trkpt>
    <trkpt lat="42.520045" lon="-2.58229">
      <ele>505.2</ele>
    </trkpt>
    <trkpt lat="42.519999" lon="-2.582051">
      <ele>505.6</ele>
    </trkpt>
    <trkpt lat="42.519981" lon="-2.581612">
      <ele>506.4</ele>
    </trkpt>
    <trkpt lat="42.51995" lon="-2.581491">
      <ele>506.5</ele>
    </trkpt>
    <trkpt lat="42.519845" lon="-2.581345">
      <ele>506.8</ele>
    </trkpt>
    <trkpt lat="42.519709" lon="-2.581257">
      <ele>507</ele>
    </trkpt>
    <trkpt lat="42.519597" lon="-2.581268">
      <ele>507.2</ele>
    </trkpt>
    <trkpt lat="42.519385" lon="-2.581189">
      <ele>507.5</ele>
    </trkpt>
    <trkpt lat="42.518523" lon="-2.581023">
      <ele>508.7</ele>
    </trkpt>
    <trkpt lat="42.518221" lon="-2.581136">
      <ele>509.3</ele>
    </trkpt>
    <trkpt lat="42.517481" lon="-2.580792">
      <ele>511.9</ele>
    </trkpt>
    <trkpt lat="42.517038" lon="-2.580639">
      <ele>513.9</ele>
    </trkpt>
    <trkpt lat="42.516304" lon="-2.580634">
      <ele>517</ele>
    </trkpt>
    <trkpt lat="42.515446" lon="-2.580427">
      <ele>519.3</ele>
    </trkpt>
    <trkpt lat="42.515289" lon="-2.580121">
      <ele>519.6</ele>
    </trkpt>
    <trkpt lat="42.514602" lon="-2.579868">
      <ele>519.2</ele>
    </trkpt>
    <trkpt lat="42.514141" lon="-2.579961">
      <ele>518.3</ele>
    </trkpt>
    <trkpt lat="42.513516" lon="-2.579842">
      <ele>517.1</ele>
    </trkpt>
    <trkpt lat="42.513428" lon="-2.579849">
      <ele>516.9</ele>
    </trkpt>
    <trkpt lat="42.512749" lon="-2.579652">
      <ele>515.7</ele>
    </trkpt>
    <trkpt lat="42.512122" lon="-2.57962">
      <ele>514.3</ele>
    </trkpt>
    <trkpt lat="42.51187" lon="-2.579683">
      <ele>513.6</ele>
    </trkpt>
    <trkpt lat="42.511579" lon="-2.579884">
      <ele>512.3</ele>
    </trkpt>
    <trkpt lat="42.511439" lon="-2.579922">
      <ele>511.6</ele>
    </trkpt>
    <trkpt lat="42.51038" lon="-2.579894">
      <ele>505.7</ele>
    </trkpt>
    <trkpt lat="42.510162" lon="-2.579919">
      <ele>504.6</ele>
    </trkpt>
    <trkpt lat="42.509987" lon="-2.579972">
      <ele>503.8</ele>
    </trkpt>
    <trkpt lat="42.509808" lon="-2.580098">
      <ele>503.1</ele>
    </trkpt>
    <trkpt lat="42.509654" lon="-2.580349">
      <ele>502.6</ele>
    </trkpt>
    <trkpt lat="42.509578" lon="-2.580426">
      <ele>502.4</ele>
    </trkpt>
    <trkpt lat="42.509467" lon="-2.580473">
      <ele>502.4</ele>
    </trkpt>
    <trkpt lat="42.509378" lon="-2.580472">
      <ele>502.4</ele>
    </trkpt>
    <trkpt lat="42.508982" lon="-2.580353">
      <ele>503</ele>
    </trkpt>
    <trkpt lat="42.50813" lon="-2.580821">
      <ele>506.2</ele>
    </trkpt>
    <trkpt lat="42.507971" lon="-2.580811">
      <ele>506.8</ele>
    </trkpt>
    <trkpt lat="42.507853" lon="-2.580746">
      <ele>507.2</ele>
    </trkpt>
    <trkpt lat="42.507734" lon="-2.580628">
      <ele>507.5</ele>
    </trkpt>
    <trkpt lat="42.507323" lon="-2.579834">
      <ele>508.2</ele>
    </trkpt>
    <trkpt lat="42.507181" lon="-2.579738">
      <ele>508.2</ele>
    </trkpt>
    <trkpt lat="42.507007" lon="-2.579706">
      <ele>508.1</ele>
    </trkpt>
    <trkpt lat="42.506848" lon="-2.579759">
      <ele>508</ele>
    </trkpt>
    <trkpt lat="42.506168" lon="-2.58036">
      <ele>508.4</ele>
    </trkpt>
    <trkpt lat="42.505658" lon="-2.58069">
      <ele>509.6</ele>
    </trkpt>
    <trkpt lat="42.505571" lon="-2.580786">
      <ele>509.8</ele>
    </trkpt>
    <trkpt lat="42.505253" lon="-2.58128">
      <ele>511.1</ele>
    </trkpt>
    <trkpt lat="42.504992" lon="-2.581374">
      <ele>511.8</ele>
    </trkpt>
    <trkpt lat="42.504677" lon="-2.581615">
      <ele>512.8</ele>
    </trkpt>
    <trkpt lat="42.504521" lon="-2.581661">
      <ele>513.3</ele>
    </trkpt>
    <trkpt lat="42.504431" lon="-2.581642">
      <ele>513.5</ele>
    </trkpt>
    <trkpt lat="42.504359" lon="-2.581574">
      <ele>513.7</ele>
    </trkpt>
    <trkpt lat="42.503963" lon="-2.58097">
      <ele>514.3</ele>
    </trkpt>
    <trkpt lat="42.503811" lon="-2.580548">
      <ele>513.7</ele>
    </trkpt>
    <trkpt lat="42.503411" lon="-2.579909">
      <ele>512.5</ele>
    </trkpt>
    <trkpt lat="42.503248" lon="-2.579775">
      <ele>512.1</ele>
    </trkpt>
    <trkpt lat="42.503143" lon="-2.579741">
      <ele>511.9</ele>
    </trkpt>
    <trkpt lat="42.502951" lon="-2.579743">
      <ele>511.5</ele>
    </trkpt>
    <trkpt lat="42.502684" lon="-2.579886">
      <ele>510.6</ele>
    </trkpt>
    <trkpt lat="42.502228" lon="-2.579978">
      <ele>508.9</ele>
    </trkpt>
    <trkpt lat="42.502008" lon="-2.579911">
      <ele>508.2</ele>
    </trkpt>
    <trkpt lat="42.501902" lon="-2.579825">
      <ele>507.9</ele>
    </trkpt>
    <trkpt lat="42.501843" lon="-2.579749">
      <ele>507.7</ele>
    </trkpt>
    <trkpt lat="42.501781" lon="-2.579511">
      <ele>507.1</ele>
    </trkpt>
    <trkpt lat="42.50181" lon="-2.578987">
      <ele>506.1</ele>
    </trkpt>
    <trkpt lat="42.501786" lon="-2.578697">
      <ele>505.6</ele>
    </trkpt>
    <trkpt lat="42.501746" lon="-2.578495">
      <ele>505.2</ele>
    </trkpt>
    <trkpt lat="42.501619" lon="-2.578075">
      <ele>504.3</ele>
    </trkpt>
    <trkpt lat="42.501573" lon="-2.578">
      <ele>504.1</ele>
    </trkpt>
    <trkpt lat="42.501488" lon="-2.577934">
      <ele>504</ele>
    </trkpt>
    <trkpt lat="42.501358" lon="-2.577831">
      <ele>503.7</ele>
    </trkpt>
    <trkpt lat="42.501159" lon="-2.577526">
      <ele>503.1</ele>
    </trkpt>
    <trkpt lat="42.501047" lon="-2.57729">
      <ele>502.6</ele>
    </trkpt>
    <trkpt lat="42.500865" lon="-2.576737">
      <ele>501.2</ele>
    </trkpt>
    <trkpt lat="42.500753" lon="-2.575727">
      <ele>496.3</ele>
    </trkpt>
    <trkpt lat="42.500712" lon="-2.575628">
      <ele>495.7</ele>
    </trkpt>
    <trkpt lat="42.500525" lon="-2.575387">
      <ele>493.8</ele>
    </trkpt>
    <trkpt lat="42.500305" lon="-2.575232">
      <ele>492.2</ele>
    </trkpt>
    <trkpt lat="42.499946" lon="-2.575141">
      <ele>490.2</ele>
    </trkpt>
    <trkpt lat="42.499529" lon="-2.575107">
      <ele>488.6</ele>
    </trkpt>
    <trkpt lat="42.499181" lon="-2.575155">
      <ele>487.5</ele>
    </trkpt>
    <trkpt lat="42.498856" lon="-2.575249">
      <ele>486.2</ele>
    </trkpt>
    <trkpt lat="42.498642" lon="-2.575216">
      <ele>485.4</ele>
    </trkpt>
    <trkpt lat="42.498289" lon="-2.575084">
      <ele>483.5</ele>
    </trkpt>
    <trkpt lat="42.497913" lon="-2.575032">
      <ele>480.9</ele>
    </trkpt>
    <trkpt lat="42.49783" lon="-2.575033">
      <ele>480.2</ele>
    </trkpt>
    <trkpt lat="42.497755" lon="-2.575073">
      <ele>479.5</ele>
    </trkpt>
    <trkpt lat="42.497722" lon="-2.57512">
      <ele>479.1</ele>
    </trkpt>
    <trkpt lat="42.497656" lon="-2.575448">
      <ele>476.6</ele>
    </trkpt>
    <trkpt lat="42.49762" lon="-2.575525">
      <ele>475.9</ele>
    </trkpt>
    <trkpt lat="42.49757" lon="-2.575549">
      <ele>475.4</ele>
    </trkpt>
    <trkpt lat="42.497242" lon="-2.575339">
      <ele>471.3</ele>
    </trkpt>
    <trkpt lat="42.496904" lon="-2.575206">
      <ele>467.2</ele>
    </trkpt>
    <trkpt lat="42.496779" lon="-2.575167">
      <ele>465.7</ele>
    </trkpt>
    <trkpt lat="42.496605" lon="-2.575167">
      <ele>463.8</ele>
    </trkpt>
    <trkpt lat="42.49621" lon="-2.575071">
      <ele>459.1</ele>
    </trkpt>
    <trkpt lat="42.496012" lon="-2.575103">
      <ele>457</ele>
    </trkpt>
    <trkpt lat="42.495879" lon="-2.575087">
      <ele>455.6</ele>
    </trkpt>
    <trkpt lat="42.495742" lon="-2.575101">
      <ele>454.3</ele>
    </trkpt>
    <trkpt lat="42.495747" lon="-2.574999">
      <ele>453.6</ele>
    </trkpt>
    <trkpt lat="42.495758" lon="-2.574573">
      <ele>450.8</ele>
    </trkpt>
    <trkpt lat="42.49575" lon="-2.574394">
      <ele>449.8</ele>
    </trkpt>
    <trkpt lat="42.495778" lon="-2.574107">
      <ele>448.1</ele>
    </trkpt>
    <trkpt lat="42.495888" lon="-2.573647">
      <ele>445.3</ele>
    </trkpt>
    <trkpt lat="42.496087" lon="-2.573371">
      <ele>443.1</ele>
    </trkpt>
    <trkpt lat="42.496145" lon="-2.573282">
      <ele>442.5</ele>
    </trkpt>
    <trkpt lat="42.496163" lon="-2.573142">
      <ele>441.7</ele>
    </trkpt>
    <trkpt lat="42.496122" lon="-2.572995">
      <ele>440.9</ele>
    </trkpt>
    <trkpt lat="42.495898" lon="-2.572821">
      <ele>439.3</ele>
    </trkpt>
    <trkpt lat="42.495813" lon="-2.572787">
      <ele>438.9</ele>
    </trkpt>
    <trkpt lat="42.495638" lon="-2.572731">
      <ele>438.1</ele>
    </trkpt>
    <trkpt lat="42.495385" lon="-2.572536">
      <ele>436.6</ele>
    </trkpt>
    <trkpt lat="42.495501" lon="-2.572446">
      <ele>435.8</ele>
    </trkpt>
    <trkpt lat="42.495554" lon="-2.57231">
      <ele>435.1</ele>
    </trkpt>
    <trkpt lat="42.495624" lon="-2.572206">
      <ele>434.5</ele>
    </trkpt>
    <trkpt lat="42.495757" lon="-2.571973">
      <ele>433.3</ele>
    </trkpt>
    <trkpt lat="42.495877" lon="-2.571867">
      <ele>432.6</ele>
    </trkpt>
    <trkpt lat="42.495959" lon="-2.571839">
      <ele>432.3</ele>
    </trkpt>
    <trkpt lat="42.495747" lon="-2.571589">
      <ele>430.7</ele>
    </trkpt>
    <trkpt lat="42.495721" lon="-2.571437">
      <ele>430</ele>
    </trkpt>
    <trkpt lat="42.496225" lon="-2.571271">
      <ele>425.9</ele>
    </trkpt>
    <trkpt lat="42.496284" lon="-2.571169">
      <ele>424.7</ele>
    </trkpt>
    <trkpt lat="42.496364" lon="-2.570291">
      <ele>417.2</ele>
    </trkpt>
    <trkpt lat="42.496423" lon="-2.570123">
      <ele>415.7</ele>
    </trkpt>
    <trkpt lat="42.496587" lon="-2.569892">
      <ele>413.1</ele>
    </trkpt>
    <trkpt lat="42.49667" lon="-2.569704">
      <ele>411.4</ele>
    </trkpt>
    <trkpt lat="42.496716" lon="-2.569431">
      <ele>409.4</ele>
    </trkpt>
    <trkpt lat="42.496757" lon="-2.568768">
      <ele>406.2</ele>
    </trkpt>
    <trkpt lat="42.497022" lon="-2.568344">
      <ele>405.5</ele>
    </trkpt>
    <trkpt lat="42.497113" lon="-2.568097">
      <ele>405.7</ele>
    </trkpt>
    <trkpt lat="42.497278" lon="-2.56731">
      <ele>407.7</ele>
    </trkpt>
    <trkpt lat="42.497291" lon="-2.566896">
      <ele>409.4</ele>
    </trkpt>
    <trkpt lat="42.49733" lon="-2.566716">
      <ele>410.4</ele>
    </trkpt>
    <trkpt lat="42.497375" lon="-2.566631">
      <ele>410.9</ele>
    </trkpt>
    <trkpt lat="42.497477" lon="-2.566554">
      <ele>411.8</ele>
    </trkpt>
    <trkpt lat="42.497531" lon="-2.566485">
      <ele>412.4</ele>
    </trkpt>
    <trkpt lat="42.497858" lon="-2.566585">
      <ele>415.3</ele>
    </trkpt>
    <trkpt lat="42.498406" lon="-2.566555">
      <ele>420.9</ele>
    </trkpt>
    <trkpt lat="42.498576" lon="-2.566499">
      <ele>422.8</ele>
    </trkpt>
    <trkpt lat="42.498654" lon="-2.566403">
      <ele>423.9</ele>
    </trkpt>
    <trkpt lat="42.498766" lon="-2.565992">
      <ele>427.8</ele>
    </trkpt>
    <trkpt lat="42.498956" lon="-2.565544">
      <ele>432.9</ele>
    </trkpt>
    <trkpt lat="42.498986" lon="-2.565322">
      <ele>435.1</ele>
    </trkpt>
    <trkpt lat="42.498946" lon="-2.564675">
      <ele>441.5</ele>
    </trkpt>
    <trkpt lat="42.49894" lon="-2.564074">
      <ele>447.4</ele>
    </trkpt>
    <trkpt lat="42.498978" lon="-2.563817">
      <ele>449.9</ele>
    </trkpt>
    <trkpt lat="42.499037" lon="-2.563621">
      <ele>451.8</ele>
    </trkpt>
    <trkpt lat="42.4995" lon="-2.563055">
      <ele>459.3</ele>
    </trkpt>
    <trkpt lat="42.499648" lon="-2.562593">
      <ele>463.2</ele>
    </trkpt>
    <trkpt lat="42.499733" lon="-2.562491">
      <ele>464.2</ele>
    </trkpt>
    <trkpt lat="42.500052" lon="-2.562261">
      <ele>467.1</ele>
    </trkpt>
    <trkpt lat="42.50015" lon="-2.56213">
      <ele>468</ele>
    </trkpt>
    <trkpt lat="42.500242" lon="-2.561937">
      <ele>468.8</ele>
    </trkpt>
    <trkpt lat="42.500477" lon="-2.561322">
      <ele>469.9</ele>
    </trkpt>
    <trkpt lat="42.500493" lon="-2.561119">
      <ele>469.9</ele>
    </trkpt>
    <trkpt lat="42.500431" lon="-2.560633">
      <ele>469.2</ele>
    </trkpt>
    <trkpt lat="42.500453" lon="-2.560469">
      <ele>468.7</ele>
    </trkpt>
    <trkpt lat="42.50051" lon="-2.560266">
      <ele>468.1</ele>
    </trkpt>
    <trkpt lat="42.500667" lon="-2.559941">
      <ele>466.8</ele>
    </trkpt>
    <trkpt lat="42.500965" lon="-2.558874">
      <ele>462.8</ele>
    </trkpt>
    <trkpt lat="42.501009" lon="-2.558718">
      <ele>462.3</ele>
    </trkpt>
    <trkpt lat="42.501165" lon="-2.558318">
      <ele>461.1</ele>
    </trkpt>
    <trkpt lat="42.501325" lon="-2.558088">
      <ele>460.2</ele>
    </trkpt>
    <trkpt lat="42.501938" lon="-2.557476">
      <ele>456.9</ele>
    </trkpt>
    <trkpt lat="42.502037" lon="-2.557272">
      <ele>456</ele>
    </trkpt>
    <trkpt lat="42.502504" lon="-2.555674">
      <ele>447.9</ele>
    </trkpt>
    <trkpt lat="42.502549" lon="-2.5554">
      <ele>446.5</ele>
    </trkpt>
    <trkpt lat="42.502557" lon="-2.555054">
      <ele>444.9</ele>
    </trkpt>
    <trkpt lat="42.50262" lon="-2.554764">
      <ele>443.4</ele>
    </trkpt>
    <trkpt lat="42.50298" lon="-2.553597">
      <ele>438.7</ele>
    </trkpt>
    <trkpt lat="42.503469" lon="-2.552862">
      <ele>436.7</ele>
    </trkpt>
    <trkpt lat="42.503647" lon="-2.552428">
      <ele>436.2</ele>
    </trkpt>
    <trkpt lat="42.50401" lon="-2.55169">
      <ele>435.7</ele>
    </trkpt>
    <trkpt lat="42.504109" lon="-2.551223">
      <ele>435.3</ele>
    </trkpt>
    <trkpt lat="42.504916" lon="-2.549317">
      <ele>432.2</ele>
    </trkpt>
    <trkpt lat="42.505364" lon="-2.54874">
      <ele>430.4</ele>
    </trkpt>
    <trkpt lat="42.505519" lon="-2.548402">
      <ele>429.4</ele>
    </trkpt>
    <trkpt lat="42.505582" lon="-2.548227">
      <ele>428.9</ele>
    </trkpt>
    <trkpt lat="42.505608" lon="-2.548064">
      <ele>428.5</ele>
    </trkpt>
    <trkpt lat="42.505577" lon="-2.547677">
      <ele>427.5</ele>
    </trkpt>
    <trkpt lat="42.505612" lon="-2.547417">
      <ele>426.8</ele>
    </trkpt>
    <trkpt lat="42.505679" lon="-2.547283">
      <ele>426.4</ele>
    </trkpt>
    <trkpt lat="42.50577" lon="-2.547206">
      <ele>426.1</ele>
    </trkpt>
    <trkpt lat="42.506132" lon="-2.54702">
      <ele>425</ele>
    </trkpt>
    <trkpt lat="42.506221" lon="-2.546883">
      <ele>424.7</ele>
    </trkpt>
    <trkpt lat="42.506609" lon="-2.545781">
      <ele>424.3</ele>
    </trkpt>
    <trkpt lat="42.506673" lon="-2.545654">
      <ele>424.4</ele>
    </trkpt>
    <trkpt lat="42.507101" lon="-2.545051">
      <ele>426</ele>
    </trkpt>
    <trkpt lat="42.507474" lon="-2.544649">
      <ele>428.2</ele>
    </trkpt>
    <trkpt lat="42.507569" lon="-2.544516">
      <ele>428.9</ele>
    </trkpt>
    <trkpt lat="42.50763" lon="-2.5444">
      <ele>429.6</ele>
    </trkpt>
    <trkpt lat="42.507657" lon="-2.544253">
      <ele>430.3</ele>
    </trkpt>
    <trkpt lat="42.507651" lon="-2.544091">
      <ele>431.1</ele>
    </trkpt>
    <trkpt lat="42.507628" lon="-2.543786">
      <ele>432.6</ele>
    </trkpt>
    <trkpt lat="42.507643" lon="-2.543634">
      <ele>433.4</ele>
    </trkpt>
    <trkpt lat="42.507688" lon="-2.543478">
      <ele>434.3</ele>
    </trkpt>
    <trkpt lat="42.507765" lon="-2.543322">
      <ele>435.3</ele>
    </trkpt>
    <trkpt lat="42.507866" lon="-2.543222">
      <ele>436.2</ele>
    </trkpt>
    <trkpt lat="42.508165" lon="-2.543053">
      <ele>438.4</ele>
    </trkpt>
    <trkpt lat="42.50823" lon="-2.542965">
      <ele>439</ele>
    </trkpt>
    <trkpt lat="42.508394" lon="-2.542361">
      <ele>441.4</ele>
    </trkpt>
    <trkpt lat="42.508545" lon="-2.542074">
      <ele>442.3</ele>
    </trkpt>
    <trkpt lat="42.508999" lon="-2.54138">
      <ele>443</ele>
    </trkpt>
    <trkpt lat="42.509229" lon="-2.540833">
      <ele>442.4</ele>
    </trkpt>
    <trkpt lat="42.509504" lon="-2.540259">
      <ele>441.3</ele>
    </trkpt>
    <trkpt lat="42.509585" lon="-2.539977">
      <ele>440.6</ele>
    </trkpt>
    <trkpt lat="42.509606" lon="-2.539749">
      <ele>440.1</ele>
    </trkpt>
    <trkpt lat="42.509606" lon="-2.538969">
      <ele>438.3</ele>
    </trkpt>
    <trkpt lat="42.509687" lon="-2.538644">
      <ele>437.6</ele>
    </trkpt>
    <trkpt lat="42.509757" lon="-2.53837">
      <ele>437</ele>
    </trkpt>
    <trkpt lat="42.50982" lon="-2.537627">
      <ele>435.4</ele>
    </trkpt>
    <trkpt lat="42.509915" lon="-2.537359">
      <ele>434.8</ele>
    </trkpt>
    <trkpt lat="42.510025" lon="-2.537217">
      <ele>434.3</ele>
    </trkpt>
    <trkpt lat="42.510886" lon="-2.53645">
      <ele>431.6</ele>
    </trkpt>
    <trkpt lat="42.511071" lon="-2.536182">
      <ele>431</ele>
    </trkpt>
    <trkpt lat="42.5117" lon="-2.534915">
      <ele>427.7</ele>
    </trkpt>
    <trkpt lat="42.512072" lon="-2.534219">
      <ele>424.4</ele>
    </trkpt>
    <trkpt lat="42.512266" lon="-2.533696">
      <ele>421.8</ele>
    </trkpt>
    <trkpt lat="42.512392" lon="-2.533282">
      <ele>419.7</ele>
    </trkpt>
    <trkpt lat="42.512438" lon="-2.532929">
      <ele>417.9</ele>
    </trkpt>
    <trkpt lat="42.512432" lon="-2.532585">
      <ele>416.3</ele>
    </trkpt>
    <trkpt lat="42.512287" lon="-2.531799">
      <ele>412.5</ele>
    </trkpt>
    <trkpt lat="42.512143" lon="-2.531161">
      <ele>409.6</ele>
    </trkpt>
    <trkpt lat="42.512169" lon="-2.530938">
      <ele>408.7</ele>
    </trkpt>
    <trkpt lat="42.512485" lon="-2.53059">
      <ele>406.4</ele>
    </trkpt>
    <trkpt lat="42.512556" lon="-2.530453">
      <ele>405.7</ele>
    </trkpt>
    <trkpt lat="42.512556" lon="-2.530302">
      <ele>405.1</ele>
    </trkpt>
    <trkpt lat="42.512509" lon="-2.530122">
      <ele>404.3</ele>
    </trkpt>
    <trkpt lat="42.512363" lon="-2.52979">
      <ele>403</ele>
    </trkpt>
    <trkpt lat="42.512337" lon="-2.529615">
      <ele>402.4</ele>
    </trkpt>
    <trkpt lat="42.512349" lon="-2.529409">
      <ele>401.8</ele>
    </trkpt>
    <trkpt lat="42.512406" lon="-2.529095">
      <ele>401</ele>
    </trkpt>
    <trkpt lat="42.512541" lon="-2.528718">
      <ele>400.2</ele>
    </trkpt>
    <trkpt lat="42.512581" lon="-2.528275">
      <ele>399.6</ele>
    </trkpt>
    <trkpt lat="42.512647" lon="-2.528006">
      <ele>399.3</ele>
    </trkpt>
    <trkpt lat="42.51305" lon="-2.526966">
      <ele>398.2</ele>
    </trkpt>
    <trkpt lat="42.513762" lon="-2.52559">
      <ele>397.1</ele>
    </trkpt>
    <trkpt lat="42.513807" lon="-2.525409">
      <ele>397</ele>
    </trkpt>
    <trkpt lat="42.513771" lon="-2.524926">
      <ele>397.1</ele>
    </trkpt>
    <trkpt lat="42.513784" lon="-2.52467">
      <ele>397.3</ele>
    </trkpt>
    <trkpt lat="42.514404" lon="-2.523802">
      <ele>397.7</ele>
    </trkpt>
    <trkpt lat="42.514567" lon="-2.523533">
      <ele>397.7</ele>
    </trkpt>
    <trkpt lat="42.514612" lon="-2.523338">
      <ele>397.7</ele>
    </trkpt>
    <trkpt lat="42.514614" lon="-2.523075">
      <ele>397.7</ele>
    </trkpt>
    <trkpt lat="42.514979" lon="-2.523037">
      <ele>397.6</ele>
    </trkpt>
    <trkpt lat="42.515815" lon="-2.522719">
      <ele>397</ele>
    </trkpt>
    <trkpt lat="42.515927" lon="-2.522651">
      <ele>396.9</ele>
    </trkpt>
    <trkpt lat="42.516012" lon="-2.522547">
      <ele>396.8</ele>
    </trkpt>
    <trkpt lat="42.516084" lon="-2.52252">
      <ele>396.6</ele>
    </trkpt>
    <trkpt lat="42.516155" lon="-2.522533">
      <ele>396.5</ele>
    </trkpt>
    <trkpt lat="42.516262" lon="-2.522391">
      <ele>396.2</ele>
    </trkpt>
    <trkpt lat="42.516431" lon="-2.522286">
      <ele>395.8</ele>
    </trkpt>
    <trkpt lat="42.516476" lon="-2.522249">
      <ele>395.6</ele>
    </trkpt>
    <trkpt lat="42.516547" lon="-2.522065">
      <ele>395.2</ele>
    </trkpt>
    <trkpt lat="42.516566" lon="-2.521944">
      <ele>394.9</ele>
    </trkpt>
    <trkpt lat="42.516559" lon="-2.521279">
      <ele>393.2</ele>
    </trkpt>
    <trkpt lat="42.51659" lon="-2.520952">
      <ele>392.5</ele>
    </trkpt>
    <trkpt lat="42.516686" lon="-2.520733">
      <ele>391.9</ele>
    </trkpt>
    <trkpt lat="42.516745" lon="-2.520656">
      <ele>391.7</ele>
    </trkpt>
    <trkpt lat="42.516897" lon="-2.520545">
      <ele>391.2</ele>
    </trkpt>
    <trkpt lat="42.517867" lon="-2.520242">
      <ele>389.3</ele>
    </trkpt>
    <trkpt lat="42.518423" lon="-2.519913">
      <ele>389</ele>
    </trkpt>
    <trkpt lat="42.518746" lon="-2.519767">
      <ele>388.6</ele>
    </trkpt>
    <trkpt lat="42.519008" lon="-2.519701">
      <ele>388.4</ele>
    </trkpt>
    <trkpt lat="42.519319" lon="-2.51968">
      <ele>388.6</ele>
    </trkpt>
    <trkpt lat="42.519459" lon="-2.519065">
      <ele>389.8</ele>
    </trkpt>
    <trkpt lat="42.519588" lon="-2.518676">
      <ele>391.3</ele>
    </trkpt>
    <trkpt lat="42.519592" lon="-2.518586">
      <ele>391.7</ele>
    </trkpt>
    <trkpt lat="42.519595" lon="-2.518515">
      <ele>392</ele>
    </trkpt>
    <trkpt lat="42.51966" lon="-2.518401">
      <ele>392.5</ele>
    </trkpt>
    <trkpt lat="42.520615" lon="-2.518101">
      <ele>398.7</ele>
    </trkpt>
    <trkpt lat="42.521037" lon="-2.518019">
      <ele>401.6</ele>
    </trkpt>
    <trkpt lat="42.521175" lon="-2.517966">
      <ele>402.6</ele>
    </trkpt>
    <trkpt lat="42.521402" lon="-2.517748">
      <ele>404.5</ele>
    </trkpt>
    <trkpt lat="42.521591" lon="-2.517635">
      <ele>406</ele>
    </trkpt>
    <trkpt lat="42.521704" lon="-2.517534">
      <ele>407</ele>
    </trkpt>
    <trkpt lat="42.521777" lon="-2.517219">
      <ele>408.9</ele>
    </trkpt>
    <trkpt lat="42.521798" lon="-2.51699">
      <ele>410.4</ele>
    </trkpt>
    <trkpt lat="42.521867" lon="-2.515505">
      <ele>420.1</ele>
    </trkpt>
    <trkpt lat="42.521902" lon="-2.51541">
      <ele>420.7</ele>
    </trkpt>
    <trkpt lat="42.521965" lon="-2.515336">
      <ele>421.2</ele>
    </trkpt>
    <trkpt lat="42.52238" lon="-2.515019">
      <ele>423.5</ele>
    </trkpt>
    <trkpt lat="42.522249" lon="-2.514888">
      <ele>423.8</ele>
    </trkpt>
    <trkpt lat="42.52223" lon="-2.51455">
      <ele>424</ele>
    </trkpt>
    <trkpt lat="42.522077" lon="-2.514235">
      <ele>423.4</ele>
    </trkpt>
    <trkpt lat="42.521912" lon="-2.514018">
      <ele>422.3</ele>
    </trkpt>
    <trkpt lat="42.521804" lon="-2.513748">
      <ele>420.6</ele>
    </trkpt>
    <trkpt lat="42.521735" lon="-2.513664">
      <ele>419.8</ele>
    </trkpt>
    <trkpt lat="42.521553" lon="-2.513609">
      <ele>418</ele>
    </trkpt>
    <trkpt lat="42.521443" lon="-2.513498">
      <ele>416.5</ele>
    </trkpt>
    <trkpt lat="42.521366" lon="-2.513362">
      <ele>415.1</ele>
    </trkpt>
    <trkpt lat="42.521227" lon="-2.51305">
      <ele>412.2</ele>
    </trkpt>
    <trkpt lat="42.52112" lon="-2.512722">
      <ele>409.3</ele>
    </trkpt>
    <trkpt lat="42.521108" lon="-2.512413">
      <ele>407</ele>
    </trkpt>
    <trkpt lat="42.521173" lon="-2.5121">
      <ele>404.7</ele>
    </trkpt>
    <trkpt lat="42.521653" lon="-2.511729">
      <ele>400.2</ele>
    </trkpt>
    <trkpt lat="42.521859" lon="-2.511677">
      <ele>398.9</ele>
    </trkpt>
    <trkpt lat="42.522144" lon="-2.511466">
      <ele>397.2</ele>
    </trkpt>
    <trkpt lat="42.52228" lon="-2.511303">
      <ele>396.3</ele>
    </trkpt>
    <trkpt lat="42.522441" lon="-2.511339">
      <ele>395.5</ele>
    </trkpt>
    <trkpt lat="42.522537" lon="-2.511292">
      <ele>395.1</ele>
    </trkpt>
    <trkpt lat="42.522169" lon="-2.511021">
      <ele>393.4</ele>
    </trkpt>
    <trkpt lat="42.522095" lon="-2.511008">
      <ele>393.2</ele>
    </trkpt>
    <trkpt lat="42.521828" lon="-2.511106">
      <ele>392.6</ele>
    </trkpt>
    <trkpt lat="42.521617" lon="-2.511126">
      <ele>392.6</ele>
    </trkpt>
    <trkpt lat="42.521443" lon="-2.511102">
      <ele>392.7</ele>
    </trkpt>
    <trkpt lat="42.521498" lon="-2.510843">
      <ele>393.1</ele>
    </trkpt>
    <trkpt lat="42.521498" lon="-2.510753">
      <ele>393.3</ele>
    </trkpt>
    <trkpt lat="42.521416" lon="-2.510609">
      <ele>393.9</ele>
    </trkpt>
    <trkpt lat="42.521281" lon="-2.510516">
      <ele>394.8</ele>
    </trkpt>
    <trkpt lat="42.521237" lon="-2.510443">
      <ele>395.2</ele>
    </trkpt>
    <trkpt lat="42.521209" lon="-2.510226">
      <ele>396.4</ele>
    </trkpt>
    <trkpt lat="42.521188" lon="-2.509828">
      <ele>398.8</ele>
    </trkpt>
    <trkpt lat="42.521266" lon="-2.509143">
      <ele>403.9</ele>
    </trkpt>
    <trkpt lat="42.521271" lon="-2.508696">
      <ele>407.4</ele>
    </trkpt>
    <trkpt lat="42.52139" lon="-2.508274">
      <ele>410.7</ele>
    </trkpt>
    <trkpt lat="42.521747" lon="-2.507796">
      <ele>415.3</ele>
    </trkpt>
    <trkpt lat="42.521814" lon="-2.507663">
      <ele>416.3</ele>
    </trkpt>
    <trkpt lat="42.521945" lon="-2.506939">
      <ele>420</ele>
    </trkpt>
    <trkpt lat="42.521856" lon="-2.506373">
      <ele>422</ele>
    </trkpt>
    <trkpt lat="42.521738" lon="-2.505213">
      <ele>424.1</ele>
    </trkpt>
    <trkpt lat="42.521742" lon="-2.505042">
      <ele>424.4</ele>
    </trkpt>
    <trkpt lat="42.521821" lon="-2.504569">
      <ele>425.1</ele>
    </trkpt>
    <trkpt lat="42.521741" lon="-2.50418">
      <ele>425.8</ele>
    </trkpt>
    <trkpt lat="42.521873" lon="-2.50375">
      <ele>426.7</ele>
    </trkpt>
    <trkpt lat="42.521898" lon="-2.50352">
      <ele>427.2</ele>
    </trkpt>
    <trkpt lat="42.521893" lon="-2.503367">
      <ele>427.5</ele>
    </trkpt>
    <trkpt lat="42.521927" lon="-2.503193">
      <ele>427.8</ele>
    </trkpt>
    <trkpt lat="42.522201" lon="-2.50293">
      <ele>428.6</ele>
    </trkpt>
    <trkpt lat="42.522291" lon="-2.502811">
      <ele>428.8</ele>
    </trkpt>
    <trkpt lat="42.522404" lon="-2.502596">
      <ele>429.1</ele>
    </trkpt>
    <trkpt lat="42.522411" lon="-2.502425">
      <ele>429.3</ele>
    </trkpt>
    <trkpt lat="42.522318" lon="-2.502172">
      <ele>429.5</ele>
    </trkpt>
    <trkpt lat="42.522188" lon="-2.501975">
      <ele>429.7</ele>
    </trkpt>
    <trkpt lat="42.521781" lon="-2.501535">
      <ele>430</ele>
    </trkpt>
    <trkpt lat="42.52156" lon="-2.501399">
      <ele>430.1</ele>
    </trkpt>
    <trkpt lat="42.521456" lon="-2.501259">
      <ele>430.1</ele>
    </trkpt>
    <trkpt lat="42.5214" lon="-2.501141">
      <ele>430.2</ele>
    </trkpt>
    <trkpt lat="42.521296" lon="-2.500751">
      <ele>430.4</ele>
    </trkpt>
    <trkpt lat="42.521319" lon="-2.500617">
      <ele>430.5</ele>
    </trkpt>
    <trkpt lat="42.521733" lon="-2.500367">
      <ele>430.9</ele>
    </trkpt>
    <trkpt lat="42.521772" lon="-2.500284">
      <ele>431</ele>
    </trkpt>
    <trkpt lat="42.521757" lon="-2.500192">
      <ele>431.1</ele>
    </trkpt>
    <trkpt lat="42.521566" lon="-2.499662">
      <ele>431.5</ele>
    </trkpt>
    <trkpt lat="42.521204" lon="-2.499065">
      <ele>432</ele>
    </trkpt>
    <trkpt lat="42.521127" lon="-2.498993">
      <ele>432.2</ele>
    </trkpt>
    <trkpt lat="42.520939" lon="-2.49886">
      <ele>432.8</ele>
    </trkpt>
    <trkpt lat="42.520641" lon="-2.498872">
      <ele>433.9</ele>
    </trkpt>
    <trkpt lat="42.520646" lon="-2.498711">
      <ele>434.5</ele>
    </trkpt>
    <trkpt lat="42.52059" lon="-2.49823">
      <ele>436.5</ele>
    </trkpt>
    <trkpt lat="42.520639" lon="-2.498079">
      <ele>437.2</ele>
    </trkpt>
    <trkpt lat="42.520918" lon="-2.497834">
      <ele>439.4</ele>
    </trkpt>
    <trkpt lat="42.521001" lon="-2.497574">
      <ele>441</ele>
    </trkpt>
    <trkpt lat="42.521052" lon="-2.497133">
      <ele>443.7</ele>
    </trkpt>
    <trkpt lat="42.52104" lon="-2.496979">
      <ele>444.7</ele>
    </trkpt>
    <trkpt lat="42.520846" lon="-2.496697">
      <ele>447.1</ele>
    </trkpt>
    <trkpt lat="42.520824" lon="-2.496576">
      <ele>447.9</ele>
    </trkpt>
    <trkpt lat="42.520849" lon="-2.496151">
      <ele>450.6</ele>
    </trkpt>
    <trkpt lat="42.521009" lon="-2.495752">
      <ele>453.4</ele>
    </trkpt>
    <trkpt lat="42.521017" lon="-2.495611">
      <ele>454.3</ele>
    </trkpt>
    <trkpt lat="42.520898" lon="-2.495276">
      <ele>456.7</ele>
    </trkpt>
    <trkpt lat="42.52098" lon="-2.494666">
      <ele>460.5</ele>
    </trkpt>
    <trkpt lat="42.521051" lon="-2.49448">
      <ele>461.7</ele>
    </trkpt>
    <trkpt lat="42.521157" lon="-2.494375">
      <ele>462.7</ele>
    </trkpt>
    <trkpt lat="42.521293" lon="-2.49432">
      <ele>463.8</ele>
    </trkpt>
    <trkpt lat="42.521597" lon="-2.49437">
      <ele>465.9</ele>
    </trkpt>
    <trkpt lat="42.521694" lon="-2.494322">
      <ele>466.6</ele>
    </trkpt>
    <trkpt lat="42.521767" lon="-2.494214">
      <ele>467.3</ele>
    </trkpt>
    <trkpt lat="42.521835" lon="-2.493807">
      <ele>469.1</ele>
    </trkpt>
    <trkpt lat="42.521906" lon="-2.493696">
      <ele>469.7</ele>
    </trkpt>
    <trkpt lat="42.522045" lon="-2.493564">
      <ele>470.5</ele>
    </trkpt>
    <trkpt lat="42.523106" lon="-2.4929">
      <ele>474.7</ele>
    </trkpt>
    <trkpt lat="42.523381" lon="-2.492699">
      <ele>475.1</ele>
    </trkpt>
    <trkpt lat="42.522947" lon="-2.49248">
      <ele>474.9</ele>
    </trkpt>
    <trkpt lat="42.522729" lon="-2.492255">
      <ele>474.5</ele>
    </trkpt>
    <trkpt lat="42.522557" lon="-2.492029">
      <ele>473.9</ele>
    </trkpt>
    <trkpt lat="42.522141" lon="-2.4916">
      <ele>472.4</ele>
    </trkpt>
    <trkpt lat="42.521773" lon="-2.491132">
      <ele>470.7</ele>
    </trkpt>
    <trkpt lat="42.521473" lon="-2.490959">
      <ele>469.3</ele>
    </trkpt>
    <trkpt lat="42.521141" lon="-2.490699">
      <ele>467.2</ele>
    </trkpt>
    <trkpt lat="42.52102" lon="-2.49054">
      <ele>466.2</ele>
    </trkpt>
    <trkpt lat="42.52061" lon="-2.489808">
      <ele>461.7</ele>
    </trkpt>
    <trkpt lat="42.520294" lon="-2.489354">
      <ele>458.4</ele>
    </trkpt>
    <trkpt lat="42.520219" lon="-2.489242">
      <ele>457.6</ele>
    </trkpt>
    <trkpt lat="42.520105" lon="-2.488982">
      <ele>455.9</ele>
    </trkpt>
    <trkpt lat="42.52007" lon="-2.488784">
      <ele>454.8</ele>
    </trkpt>
    <trkpt lat="42.520043" lon="-2.488257">
      <ele>452</ele>
    </trkpt>
    <trkpt lat="42.520014" lon="-2.488133">
      <ele>451.4</ele>
    </trkpt>
    <trkpt lat="42.519952" lon="-2.488019">
      <ele>450.6</ele>
    </trkpt>
    <trkpt lat="42.51976" lon="-2.487789">
      <ele>448.7</ele>
    </trkpt>
    <trkpt lat="42.519721" lon="-2.487696">
      <ele>448.1</ele>
    </trkpt>
    <trkpt lat="42.519723" lon="-2.487479">
      <ele>446.7</ele>
    </trkpt>
    <trkpt lat="42.51974" lon="-2.487338">
      <ele>445.7</ele>
    </trkpt>
    <trkpt lat="42.519636" lon="-2.486733">
      <ele>441.3</ele>
    </trkpt>
    <trkpt lat="42.519672" lon="-2.486269">
      <ele>438.3</ele>
    </trkpt>
    <trkpt lat="42.519665" lon="-2.486">
      <ele>436.8</ele>
    </trkpt>
    <trkpt lat="42.519532" lon="-2.485673">
      <ele>434.8</ele>
    </trkpt>
    <trkpt lat="42.519649" lon="-2.4855">
      <ele>433.7</ele>
    </trkpt>
    <trkpt lat="42.519701" lon="-2.485253">
      <ele>432.8</ele>
    </trkpt>
    <trkpt lat="42.519708" lon="-2.485089">
      <ele>432.2</ele>
    </trkpt>
    <trkpt lat="42.519664" lon="-2.484838">
      <ele>431.6</ele>
    </trkpt>
    <trkpt lat="42.51959" lon="-2.484604">
      <ele>431.2</ele>
    </trkpt>
    <trkpt lat="42.519588" lon="-2.48445">
      <ele>431.1</ele>
    </trkpt>
    <trkpt lat="42.520025" lon="-2.484575">
      <ele>431.6</ele>
    </trkpt>
    <trkpt lat="42.520419" lon="-2.484625">
      <ele>432.8</ele>
    </trkpt>
    <trkpt lat="42.52055" lon="-2.48463">
      <ele>433.2</ele>
    </trkpt>
    <trkpt lat="42.520812" lon="-2.484569">
      <ele>434.4</ele>
    </trkpt>
    <trkpt lat="42.521025" lon="-2.484527">
      <ele>435.3</ele>
    </trkpt>
    <trkpt lat="42.521332" lon="-2.484331">
      <ele>436.8</ele>
    </trkpt>
    <trkpt lat="42.521712" lon="-2.484209">
      <ele>438.4</ele>
    </trkpt>
    <trkpt lat="42.522326" lon="-2.484191">
      <ele>440.3</ele>
    </trkpt>
    <trkpt lat="42.522474" lon="-2.484214">
      <ele>440.6</ele>
    </trkpt>
    <trkpt lat="42.523051" lon="-2.484436">
      <ele>441.4</ele>
    </trkpt>
    <trkpt lat="42.523655" lon="-2.484629">
      <ele>441.9</ele>
    </trkpt>
    <trkpt lat="42.524189" lon="-2.484918">
      <ele>442.9</ele>
    </trkpt>
    <trkpt lat="42.524774" lon="-2.484967">
      <ele>444.6</ele>
    </trkpt>
    <trkpt lat="42.524964" lon="-2.48487">
      <ele>445.2</ele>
    </trkpt>
    <trkpt lat="42.525276" lon="-2.484382">
      <ele>446.5</ele>
    </trkpt>
    <trkpt lat="42.525442" lon="-2.484248">
      <ele>446.9</ele>
    </trkpt>
    <trkpt lat="42.525652" lon="-2.484135">
      <ele>447.3</ele>
    </trkpt>
    <trkpt lat="42.525763" lon="-2.484119">
      <ele>447.4</ele>
    </trkpt>
    <trkpt lat="42.525929" lon="-2.484178">
      <ele>447.6</ele>
    </trkpt>
    <trkpt lat="42.526119" lon="-2.484323">
      <ele>447.8</ele>
    </trkpt>
    <trkpt lat="42.526328" lon="-2.484607">
      <ele>447.9</ele>
    </trkpt>
    <trkpt lat="42.526415" lon="-2.484768">
      <ele>447.9</ele>
    </trkpt>
    <trkpt lat="42.52651" lon="-2.485165">
      <ele>447.9</ele>
    </trkpt>
    <trkpt lat="42.526573" lon="-2.485256">
      <ele>447.9</ele>
    </trkpt>
    <trkpt lat="42.52658" lon="-2.485261">
      <ele>447.9</ele>
    </trkpt>
    <trkpt lat="42.526763" lon="-2.48539">
      <ele>448</ele>
    </trkpt>
    <trkpt lat="42.527091" lon="-2.485761">
      <ele>448.3</ele>
    </trkpt>
    <trkpt lat="42.527547" lon="-2.486473">
      <ele>449.4</ele>
    </trkpt>
    <trkpt lat="42.528131" lon="-2.487068">
      <ele>450.9</ele>
    </trkpt>
    <trkpt lat="42.528402" lon="-2.487262">
      <ele>451.6</ele>
    </trkpt>
    <trkpt lat="42.529052" lon="-2.487501">
      <ele>453.4</ele>
    </trkpt>
    <trkpt lat="42.529439" lon="-2.487695">
      <ele>454.9</ele>
    </trkpt>
    <trkpt lat="42.529725" lon="-2.487776">
      <ele>455.9</ele>
    </trkpt>
    <trkpt lat="42.530315" lon="-2.487735">
      <ele>457.9</ele>
    </trkpt>
    <trkpt lat="42.530853" lon="-2.487774">
      <ele>458.8</ele>
    </trkpt>
    <trkpt lat="42.531089" lon="-2.487727">
      <ele>458.9</ele>
    </trkpt>
    <trkpt lat="42.531382" lon="-2.487623">
      <ele>458.7</ele>
    </trkpt>
    <trkpt lat="42.531519" lon="-2.487624">
      <ele>458.6</ele>
    </trkpt>
    <trkpt lat="42.531515" lon="-2.487827">
      <ele>458.5</ele>
    </trkpt>
    <trkpt lat="42.531453" lon="-2.488164">
      <ele>458.2</ele>
    </trkpt>
    <trkpt lat="42.531453" lon="-2.488264">
      <ele>458.1</ele>
    </trkpt>
    <trkpt lat="42.531459" lon="-2.488374">
      <ele>458</ele>
    </trkpt>
    <trkpt lat="42.531546" lon="-2.488658">
      <ele>457.8</ele>
    </trkpt>
    <trkpt lat="42.531538" lon="-2.488765">
      <ele>457.8</ele>
    </trkpt>
    <trkpt lat="42.531335" lon="-2.489232">
      <ele>457.8</ele>
    </trkpt>
    <trkpt lat="42.53124" lon="-2.489726">
      <ele>458.5</ele>
    </trkpt>
    <trkpt lat="42.531186" lon="-2.489819">
      <ele>458.8</ele>
    </trkpt>
    <trkpt lat="42.530807" lon="-2.490136">
      <ele>460.6</ele>
    </trkpt>
    <trkpt lat="42.530712" lon="-2.49031">
      <ele>461.4</ele>
    </trkpt>
    <trkpt lat="42.530706" lon="-2.490404">
      <ele>461.8</ele>
    </trkpt>
    <trkpt lat="42.530975" lon="-2.491214">
      <ele>466.6</ele>
    </trkpt>
    <trkpt lat="42.531046" lon="-2.491531">
      <ele>468.8</ele>
    </trkpt>
    <trkpt lat="42.531025" lon="-2.492105">
      <ele>473.1</ele>
    </trkpt>
    <trkpt lat="42.531026" lon="-2.492241">
      <ele>474.2</ele>
    </trkpt>
    <trkpt lat="42.531058" lon="-2.492397">
      <ele>475.4</ele>
    </trkpt>
    <trkpt lat="42.531299" lon="-2.493003">
      <ele>480.7</ele>
    </trkpt>
    <trkpt lat="42.531408" lon="-2.493207">
      <ele>482.5</ele>
    </trkpt>
    <trkpt lat="42.531532" lon="-2.493368">
      <ele>484</ele>
    </trkpt>
    <trkpt lat="42.531803" lon="-2.493639">
      <ele>486.5</ele>
    </trkpt>
    <trkpt lat="42.532317" lon="-2.494073">
      <ele>489.5</ele>
    </trkpt>
    <trkpt lat="42.532374" lon="-2.494186">
      <ele>489.8</ele>
    </trkpt>
    <trkpt lat="42.532416" lon="-2.494344">
      <ele>490.1</ele>
    </trkpt>
    <trkpt lat="42.532513" lon="-2.494996">
      <ele>490.5</ele>
    </trkpt>
    <trkpt lat="42.532568" lon="-2.495146">
      <ele>490.5</ele>
    </trkpt>
    <trkpt lat="42.532667" lon="-2.495313">
      <ele>490.4</ele>
    </trkpt>
    <trkpt lat="42.532786" lon="-2.495409">
      <ele>490.1</ele>
    </trkpt>
    <trkpt lat="42.532873" lon="-2.495393">
      <ele>490</ele>
    </trkpt>
    <trkpt lat="42.533096" lon="-2.495248">
      <ele>489.2</ele>
    </trkpt>
    <trkpt lat="42.53323" lon="-2.495213">
      <ele>488.7</ele>
    </trkpt>
    <trkpt lat="42.533305" lon="-2.49524">
      <ele>488.4</ele>
    </trkpt>
    <trkpt lat="42.533452" lon="-2.495423">
      <ele>487.6</ele>
    </trkpt>
    <trkpt lat="42.533556" lon="-2.495726">
      <ele>486.7</ele>
    </trkpt>
    <trkpt lat="42.53374" lon="-2.496561">
      <ele>484.8</ele>
    </trkpt>
    <trkpt lat="42.534418" lon="-2.4971">
      <ele>484.1</ele>
    </trkpt>
    <trkpt lat="42.534491" lon="-2.496855">
      <ele>484.3</ele>
    </trkpt>
    <trkpt lat="42.534708" lon="-2.496388">
      <ele>485.3</ele>
    </trkpt>
    <trkpt lat="42.534955" lon="-2.496052">
      <ele>486.2</ele>
    </trkpt>
    <trkpt lat="42.53532" lon="-2.495801">
      <ele>487</ele>
    </trkpt>
    <trkpt lat="42.535529" lon="-2.49562">
      <ele>487.2</ele>
    </trkpt>
    <trkpt lat="42.535641" lon="-2.495574">
      <ele>487.2</ele>
    </trkpt>
    <trkpt lat="42.53598" lon="-2.495532">
      <ele>487.1</ele>
    </trkpt>
    <trkpt lat="42.536058" lon="-2.495493">
      <ele>487.1</ele>
    </trkpt>
    <trkpt lat="42.536079" lon="-2.49545">
      <ele>487.1</ele>
    </trkpt>
    <trkpt lat="42.536186" lon="-2.495557">
      <ele>486.9</ele>
    </trkpt>
    <trkpt lat="42.536246" lon="-2.495656">
      <ele>486.8</ele>
    </trkpt>
    <trkpt lat="42.53634" lon="-2.495999">
      <ele>486.4</ele>
    </trkpt>
    <trkpt lat="42.536411" lon="-2.496094">
      <ele>486.2</ele>
    </trkpt>
    <trkpt lat="42.536609" lon="-2.496282">
      <ele>485.7</ele>
    </trkpt>
    <trkpt lat="42.536796" lon="-2.496374">
      <ele>485.2</ele>
    </trkpt>
    <trkpt lat="42.537211" lon="-2.496944">
      <ele>483.8</ele>
    </trkpt>
    <trkpt lat="42.537529" lon="-2.497574">
      <ele>483.2</ele>
    </trkpt>
    <trkpt lat="42.537688" lon="-2.497952">
      <ele>483.1</ele>
    </trkpt>
    <trkpt lat="42.537735" lon="-2.498016">
      <ele>483.1</ele>
    </trkpt>
    <trkpt lat="42.537902" lon="-2.498122">
      <ele>483.1</ele>
    </trkpt>
    <trkpt lat="42.538301" lon="-2.498572">
      <ele>483.4</ele>
    </trkpt>
    <trkpt lat="42.538711" lon="-2.499181">
      <ele>484.3</ele>
    </trkpt>
    <trkpt lat="42.538838" lon="-2.499436">
      <ele>484.7</ele>
    </trkpt>
    <trkpt lat="42.538974" lon="-2.4998">
      <ele>485.2</ele>
    </trkpt>
    <trkpt lat="42.53924" lon="-2.500108">
      <ele>485.7</ele>
    </trkpt>
    <trkpt lat="42.539615" lon="-2.501081">
      <ele>486.9</ele>
    </trkpt>
    <trkpt lat="42.539827" lon="-2.501697">
      <ele>487</ele>
    </trkpt>
    <trkpt lat="42.539968" lon="-2.501941">
      <ele>486.7</ele>
    </trkpt>
    <trkpt lat="42.540395" lon="-2.502437">
      <ele>484.7</ele>
    </trkpt>
    <trkpt lat="42.540501" lon="-2.502665">
      <ele>483.5</ele>
    </trkpt>
    <trkpt lat="42.540619" lon="-2.503075">
      <ele>481</ele>
    </trkpt>
    <trkpt lat="42.540681" lon="-2.503134">
      <ele>480.3</ele>
    </trkpt>
    <trkpt lat="42.540797" lon="-2.503108">
      <ele>479.1</ele>
    </trkpt>
    <trkpt lat="42.540965" lon="-2.502869">
      <ele>476.5</ele>
    </trkpt>
    <trkpt lat="42.541031" lon="-2.502818">
      <ele>475.7</ele>
    </trkpt>
    <trkpt lat="42.5411" lon="-2.50281">
      <ele>474.9</ele>
    </trkpt>
    <trkpt lat="42.541339" lon="-2.502949">
      <ele>471.7</ele>
    </trkpt>
    <trkpt lat="42.541406" lon="-2.503041">
      <ele>470.6</ele>
    </trkpt>
    <trkpt lat="42.541438" lon="-2.503204">
      <ele>469</ele>
    </trkpt>
    <trkpt lat="42.541351" lon="-2.50348">
      <ele>466.2</ele>
    </trkpt>
    <trkpt lat="42.541335" lon="-2.503604">
      <ele>465</ele>
    </trkpt>
    <trkpt lat="42.541299" lon="-2.504824">
      <ele>453.4</ele>
    </trkpt>
    <trkpt lat="42.541242" lon="-2.505138">
      <ele>450.7</ele>
    </trkpt>
    <trkpt lat="42.541222" lon="-2.505556">
      <ele>447.6</ele>
    </trkpt>
    <trkpt lat="42.541234" lon="-2.505819">
      <ele>445.8</ele>
    </trkpt>
    <trkpt lat="42.541325" lon="-2.506164">
      <ele>443.7</ele>
    </trkpt>
    <trkpt lat="42.541864" lon="-2.507039">
      <ele>440.8</ele>
    </trkpt>
    <trkpt lat="42.541901" lon="-2.50728">
      <ele>441</ele>
    </trkpt>
    <trkpt lat="42.541874" lon="-2.508003">
      <ele>443.1</ele>
    </trkpt>
    <trkpt lat="42.541876" lon="-2.508186">
      <ele>443.9</ele>
    </trkpt>
    <trkpt lat="42.541902" lon="-2.508256">
      <ele>444.4</ele>
    </trkpt>
    <trkpt lat="42.541948" lon="-2.508295">
      <ele>444.8</ele>
    </trkpt>
    <trkpt lat="42.542063" lon="-2.508322">
      <ele>445.7</ele>
    </trkpt>
    <trkpt lat="42.542177" lon="-2.508323">
      <ele>446.8</ele>
    </trkpt>
    <trkpt lat="42.542417" lon="-2.508266">
      <ele>449.2</ele>
    </trkpt>
    <trkpt lat="42.542406" lon="-2.508408">
      <ele>450.4</ele>
    </trkpt>
    <trkpt lat="42.54236" lon="-2.508526">
      <ele>451.5</ele>
    </trkpt>
    <trkpt lat="42.54202" lon="-2.508784">
      <ele>456.1</ele>
    </trkpt>
    <trkpt lat="42.541909" lon="-2.5089">
      <ele>457.6</ele>
    </trkpt>
    <trkpt lat="42.54183" lon="-2.509089">
      <ele>459.3</ele>
    </trkpt>
    <trkpt lat="42.541855" lon="-2.509398">
      <ele>461.7</ele>
    </trkpt>
    <trkpt lat="42.541891" lon="-2.509494">
      <ele>462.4</ele>
    </trkpt>
    <trkpt lat="42.542058" lon="-2.509627">
      <ele>464</ele>
    </trkpt>
    <trkpt lat="42.54209" lon="-2.509817">
      <ele>465</ele>
    </trkpt>
    <trkpt lat="42.542158" lon="-2.509967">
      <ele>465.8</ele>
    </trkpt>
    <trkpt lat="42.542232" lon="-2.51004">
      <ele>466.2</ele>
    </trkpt>
    <trkpt lat="42.542366" lon="-2.510071">
      <ele>466.7</ele>
    </trkpt>
    <trkpt lat="42.542652" lon="-2.510048">
      <ele>467.3</ele>
    </trkpt>
    <trkpt lat="42.542983" lon="-2.510169">
      <ele>466.9</ele>
    </trkpt>
    <trkpt lat="42.543189" lon="-2.510358">
      <ele>466.3</ele>
    </trkpt>
    <trkpt lat="42.543342" lon="-2.510644">
      <ele>465.5</ele>
    </trkpt>
    <trkpt lat="42.543436" lon="-2.510887">
      <ele>464.8</ele>
    </trkpt>
    <trkpt lat="42.543587" lon="-2.511123">
      <ele>464</ele>
    </trkpt>
    <trkpt lat="42.543681" lon="-2.511199">
      <ele>463.7</ele>
    </trkpt>
    <trkpt lat="42.544083" lon="-2.511385">
      <ele>462.3</ele>
    </trkpt>
    <trkpt lat="42.544335" lon="-2.511611">
      <ele>461.6</ele>
    </trkpt>
    <trkpt lat="42.544757" lon="-2.511855">
      <ele>460.8</ele>
    </trkpt>
    <trkpt lat="42.545102" lon="-2.512146">
      <ele>460.3</ele>
    </trkpt>
    <trkpt lat="42.545224" lon="-2.512202">
      <ele>460.2</ele>
    </trkpt>
    <trkpt lat="42.545809" lon="-2.512196">
      <ele>459.6</ele>
    </trkpt>
    <trkpt lat="42.545919" lon="-2.512216">
      <ele>459.6</ele>
    </trkpt>
    <trkpt lat="42.546098" lon="-2.512303">
      <ele>459.5</ele>
    </trkpt>
    <trkpt lat="42.546228" lon="-2.512411">
      <ele>459.5</ele>
    </trkpt>
    <trkpt lat="42.54643" lon="-2.512714">
      <ele>459.5</ele>
    </trkpt>
    <trkpt lat="42.546736" lon="-2.512917">
      <ele>459.8</ele>
    </trkpt>
    <trkpt lat="42.547207" lon="-2.51354">
      <ele>460.7</ele>
    </trkpt>
    <trkpt lat="42.54741" lon="-2.513736">
      <ele>461.2</ele>
    </trkpt>
    <trkpt lat="42.547544" lon="-2.51382">
      <ele>461.5</ele>
    </trkpt>
    <trkpt lat="42.548007" lon="-2.513948">
      <ele>462.5</ele>
    </trkpt>
    <trkpt lat="42.548561" lon="-2.514181">
      <ele>463.7</ele>
    </trkpt>
    <trkpt lat="42.548722" lon="-2.514204">
      <ele>463.8</ele>
    </trkpt>
    <trkpt lat="42.548801" lon="-2.514196">
      <ele>463.7</ele>
    </trkpt>
    <trkpt lat="42.549124" lon="-2.513999">
      <ele>463.3</ele>
    </trkpt>
    <trkpt lat="42.549588" lon="-2.513987">
      <ele>462.6</ele>
    </trkpt>
    <trkpt lat="42.550078" lon="-2.513759">
      <ele>462.2</ele>
    </trkpt>
    <trkpt lat="42.550516" lon="-2.513327">
      <ele>462.1</ele>
    </trkpt>
    <trkpt lat="42.551055" lon="-2.512588">
      <ele>462.3</ele>
    </trkpt>
    <trkpt lat="42.551212" lon="-2.512436">
      <ele>462.4</ele>
    </trkpt>
    <trkpt lat="42.551354" lon="-2.5124">
      <ele>462.6</ele>
    </trkpt>
    <trkpt lat="42.55189" lon="-2.512436">
      <ele>462.8</ele>
    </trkpt>
    <trkpt lat="42.552222" lon="-2.512567">
      <ele>462.7</ele>
    </trkpt>
    <trkpt lat="42.552815" lon="-2.512932">
      <ele>463</ele>
    </trkpt>
    <trkpt lat="42.553214" lon="-2.513109">
      <ele>464.1</ele>
    </trkpt>
    <trkpt lat="42.55348" lon="-2.513396">
      <ele>465.4</ele>
    </trkpt>
    <trkpt lat="42.553835" lon="-2.513884">
      <ele>468</ele>
    </trkpt>
    <trkpt lat="42.554002" lon="-2.513964">
      <ele>469</ele>
    </trkpt>
    <trkpt lat="42.554208" lon="-2.513975">
      <ele>470.3</ele>
    </trkpt>
    <trkpt lat="42.5544" lon="-2.51404">
      <ele>471.6</ele>
    </trkpt>
    <trkpt lat="42.554459" lon="-2.514095">
      <ele>472.1</ele>
    </trkpt>
    <trkpt lat="42.554611" lon="-2.514378">
      <ele>473.9</ele>
    </trkpt>
    <trkpt lat="42.554961" lon="-2.514709">
      <ele>476.8</ele>
    </trkpt>
    <trkpt lat="42.555131" lon="-2.514723">
      <ele>478</ele>
    </trkpt>
    <trkpt lat="42.556277" lon="-2.514591">
      <ele>485.7</ele>
    </trkpt>
    <trkpt lat="42.557346" lon="-2.514788">
      <ele>493.6</ele>
    </trkpt>
    <trkpt lat="42.557976" lon="-2.514865">
      <ele>498.8</ele>
    </trkpt>
    <trkpt lat="42.558344" lon="-2.514834">
      <ele>502</ele>
    </trkpt>
    <trkpt lat="42.558859" lon="-2.514849">
      <ele>507.2</ele>
    </trkpt>
    <trkpt lat="42.559503" lon="-2.514553">
      <ele>516.1</ele>
    </trkpt>
    <trkpt lat="42.559751" lon="-2.514376">
      <ele>519.9</ele>
    </trkpt>
    <trkpt lat="42.560473" lon="-2.514181">
      <ele>529.1</ele>
    </trkpt>
    <trkpt lat="42.560818" lon="-2.513967">
      <ele>533.5</ele>
    </trkpt>
    <trkpt lat="42.560995" lon="-2.513937">
      <ele>535.4</ele>
    </trkpt>
    <trkpt lat="42.561232" lon="-2.513942">
      <ele>537.7</ele>
    </trkpt>
    <trkpt lat="42.561433" lon="-2.513821">
      <ele>539.6</ele>
    </trkpt>
    <trkpt lat="42.56194" lon="-2.513973">
      <ele>542.8</ele>
    </trkpt>
    <trkpt lat="42.56212" lon="-2.514001">
      <ele>543.8</ele>
    </trkpt>
    <trkpt lat="42.562267" lon="-2.514118">
      <ele>544.8</ele>
    </trkpt>
    <trkpt lat="42.562416" lon="-2.514209">
      <ele>545.8</ele>
    </trkpt>
    <trkpt lat="42.562601" lon="-2.514261">
      <ele>547</ele>
    </trkpt>
    <trkpt lat="42.562717" lon="-2.514257">
      <ele>547.8</ele>
    </trkpt>
    <trkpt lat="42.562711" lon="-2.514342">
      <ele>548.3</ele>
    </trkpt>
    <trkpt lat="42.562792" lon="-2.514549">
      <ele>549.6</ele>
    </trkpt>
    <trkpt lat="42.562895" lon="-2.514897">
      <ele>551.9</ele>
    </trkpt>
    <trkpt lat="42.562817" lon="-2.515357">
      <ele>554.8</ele>
    </trkpt>
    <trkpt lat="42.562689" lon="-2.515781">
      <ele>558</ele>
    </trkpt>
    <trkpt lat="42.562664" lon="-2.516078">
      <ele>560.3</ele>
    </trkpt>
    <trkpt lat="42.562699" lon="-2.516493">
      <ele>563.7</ele>
    </trkpt>
    <trkpt lat="42.562731" lon="-2.516872">
      <ele>566.5</ele>
    </trkpt>
    <trkpt lat="42.562759" lon="-2.517324">
      <ele>569.6</ele>
    </trkpt>
    <trkpt lat="42.562862" lon="-2.51791">
      <ele>572.4</ele>
    </trkpt>
    <trkpt lat="42.56292" lon="-2.518105">
      <ele>573.1</ele>
    </trkpt>
    <trkpt lat="42.563022" lon="-2.518354">
      <ele>573.8</ele>
    </trkpt>
    <trkpt lat="42.563138" lon="-2.518563">
      <ele>574.2</ele>
    </trkpt>
    <trkpt lat="42.563335" lon="-2.518837">
      <ele>574.3</ele>
    </trkpt>
    <trkpt lat="42.563511" lon="-2.519172">
      <ele>574.2</ele>
    </trkpt>
    <trkpt lat="42.563872" lon="-2.51964">
      <ele>573</ele>
    </trkpt>
    <trkpt lat="42.564247" lon="-2.520058">
      <ele>571</ele>
    </trkpt>
    <trkpt lat="42.565077" lon="-2.520448">
      <ele>567.1</ele>
    </trkpt>
    <trkpt lat="42.565342" lon="-2.520642">
      <ele>565.8</ele>
    </trkpt>
    <trkpt lat="42.566013" lon="-2.521">
      <ele>562.8</ele>
    </trkpt>
    <trkpt lat="42.566401" lon="-2.521044">
      <ele>560.9</ele>
    </trkpt>
    <trkpt lat="42.566653" lon="-2.521024">
      <ele>559.6</ele>
    </trkpt>
    <trkpt lat="42.567017" lon="-2.521062">
      <ele>557.2</ele>
    </trkpt>
    <trkpt lat="42.567281" lon="-2.521042">
      <ele>555.1</ele>
    </trkpt>
    <trkpt lat="42.567751" lon="-2.521142">
      <ele>550.2</ele>
    </trkpt>
    <trkpt lat="42.568291" lon="-2.521109">
      <ele>543.6</ele>
    </trkpt>
    <trkpt lat="42.568368" lon="-2.521127">
      <ele>542.6</ele>
    </trkpt>
    <trkpt lat="42.569083" lon="-2.521541">
      <ele>533.7</ele>
    </trkpt>
    <trkpt lat="42.569514" lon="-2.521887">
      <ele>529.2</ele>
    </trkpt>
    <trkpt lat="42.570052" lon="-2.52208">
      <ele>526.7</ele>
    </trkpt>
    <trkpt lat="42.570119" lon="-2.522137">
      <ele>526.5</ele>
    </trkpt>
    <trkpt lat="42.570142" lon="-2.522173">
      <ele>526.4</ele>
    </trkpt>
    <trkpt lat="42.570217" lon="-2.522308">
      <ele>526.2</ele>
    </trkpt>
    <trkpt lat="42.570237" lon="-2.522435">
      <ele>526.1</ele>
    </trkpt>
    <trkpt lat="42.570164" lon="-2.522548">
      <ele>525.9</ele>
    </trkpt>
    <trkpt lat="42.570089" lon="-2.522601">
      <ele>525.8</ele>
    </trkpt>
    <trkpt lat="42.569988" lon="-2.522609">
      <ele>525.7</ele>
    </trkpt>
    <trkpt lat="42.569666" lon="-2.522532">
      <ele>525.3</ele>
    </trkpt>
    <trkpt lat="42.569259" lon="-2.522604">
      <ele>524.8</ele>
    </trkpt>
    <trkpt lat="42.56855" lon="-2.522834">
      <ele>523.9</ele>
    </trkpt>
    <trkpt lat="42.568192" lon="-2.523064">
      <ele>523.5</ele>
    </trkpt>
    <trkpt lat="42.567749" lon="-2.523165">
      <ele>523.4</ele>
    </trkpt>
    <trkpt lat="42.566698" lon="-2.523943">
      <ele>525.3</ele>
    </trkpt>
    <trkpt lat="42.566366" lon="-2.524018">
      <ele>526.2</ele>
    </trkpt>
    <trkpt lat="42.565982" lon="-2.523952">
      <ele>527.3</ele>
    </trkpt>
    <trkpt lat="42.565823" lon="-2.523956">
      <ele>527.8</ele>
    </trkpt>
    <trkpt lat="42.565478" lon="-2.524027">
      <ele>528.8</ele>
    </trkpt>
    <trkpt lat="42.564557" lon="-2.52404">
      <ele>531</ele>
    </trkpt>
    <trkpt lat="42.564173" lon="-2.523938">
      <ele>531.8</ele>
    </trkpt>
    <trkpt lat="42.563929" lon="-2.523925">
      <ele>532.4</ele>
    </trkpt>
    <trkpt lat="42.563718" lon="-2.523952">
      <ele>533</ele>
    </trkpt>
    <trkpt lat="42.563438" lon="-2.524049">
      <ele>534</ele>
    </trkpt>
    <trkpt lat="42.563109" lon="-2.52423">
      <ele>535.7</ele>
    </trkpt>
    <trkpt lat="42.562851" lon="-2.52444">
      <ele>537.7</ele>
    </trkpt>
    <trkpt lat="42.562616" lon="-2.524714">
      <ele>540</ele>
    </trkpt>
    <trkpt lat="42.562558" lon="-2.524847">
      <ele>541</ele>
    </trkpt>
    <trkpt lat="42.562135" lon="-2.525221">
      <ele>545.7</ele>
    </trkpt>
    <trkpt lat="42.561848" lon="-2.525408">
      <ele>548.8</ele>
    </trkpt>
    <trkpt lat="42.561601" lon="-2.525498">
      <ele>551.4</ele>
    </trkpt>
    <trkpt lat="42.56155" lon="-2.525567">
      <ele>552</ele>
    </trkpt>
    <trkpt lat="42.561512" lon="-2.525762">
      <ele>553.3</ele>
    </trkpt>
    <trkpt lat="42.561616" lon="-2.526114">
      <ele>555.6</ele>
    </trkpt>
    <trkpt lat="42.561622" lon="-2.526203">
      <ele>556.1</ele>
    </trkpt>
    <trkpt lat="42.561587" lon="-2.5264">
      <ele>557.1</ele>
    </trkpt>
    <trkpt lat="42.561372" lon="-2.526815">
      <ele>559</ele>
    </trkpt>
    <trkpt lat="42.561237" lon="-2.526963">
      <ele>559.5</ele>
    </trkpt>
    <trkpt lat="42.561059" lon="-2.527089">
      <ele>559.9</ele>
    </trkpt>
    <trkpt lat="42.561211" lon="-2.527343">
      <ele>559.9</ele>
    </trkpt>
    <trkpt lat="42.561659" lon="-2.528227">
      <ele>557.3</ele>
    </trkpt>
    <trkpt lat="42.561828" lon="-2.528408">
      <ele>556.1</ele>
    </trkpt>
    <trkpt lat="42.561891" lon="-2.528519">
      <ele>555.4</ele>
    </trkpt>
    <trkpt lat="42.562423" lon="-2.530062">
      <ele>548.5</ele>
    </trkpt>
    <trkpt lat="42.56249" lon="-2.530194">
      <ele>548.1</ele>
    </trkpt>
    <trkpt lat="42.562571" lon="-2.530282">
      <ele>547.7</ele>
    </trkpt>
    <trkpt lat="42.562661" lon="-2.530318">
      <ele>547.4</ele>
    </trkpt>
    <trkpt lat="42.562989" lon="-2.530363">
      <ele>546.3</ele>
    </trkpt>
    <trkpt lat="42.563074" lon="-2.530402">
      <ele>546.1</ele>
    </trkpt>
    <trkpt lat="42.563138" lon="-2.530471">
      <ele>545.9</ele>
    </trkpt>
    <trkpt lat="42.563233" lon="-2.530701">
      <ele>545.4</ele>
    </trkpt>
    <trkpt lat="42.563246" lon="-2.530837">
      <ele>545.3</ele>
    </trkpt>
    <trkpt lat="42.563206" lon="-2.531148">
      <ele>545</ele>
    </trkpt>
    <trkpt lat="42.563189" lon="-2.53153">
      <ele>544.7</ele>
    </trkpt>
    <trkpt lat="42.563218" lon="-2.531859">
      <ele>544.6</ele>
    </trkpt>
    <trkpt lat="42.563303" lon="-2.532099">
      <ele>544.5</ele>
    </trkpt>
    <trkpt lat="42.563644" lon="-2.53249">
      <ele>544.8</ele>
    </trkpt>
    <trkpt lat="42.563689" lon="-2.532583">
      <ele>544.9</ele>
    </trkpt>
    <trkpt lat="42.563698" lon="-2.532672">
      <ele>544.9</ele>
    </trkpt>
    <trkpt lat="42.563668" lon="-2.532912">
      <ele>545.2</ele>
    </trkpt>
    <trkpt lat="42.563617" lon="-2.533028">
      <ele>545.3</ele>
    </trkpt>
    <trkpt lat="42.563568" lon="-2.533103">
      <ele>545.5</ele>
    </trkpt>
    <trkpt lat="42.563399" lon="-2.533229">
      <ele>545.8</ele>
    </trkpt>
    <trkpt lat="42.563198" lon="-2.533522">
      <ele>546.2</ele>
    </trkpt>
    <trkpt lat="42.563159" lon="-2.533634">
      <ele>546.3</ele>
    </trkpt>
    <trkpt lat="42.563138" lon="-2.533862">
      <ele>546.5</ele>
    </trkpt>
    <trkpt lat="42.563174" lon="-2.534185">
      <ele>546.8</ele>
    </trkpt>
    <trkpt lat="42.563364" lon="-2.53488">
      <ele>547.1</ele>
    </trkpt>
    <trkpt lat="42.563418" lon="-2.534971">
      <ele>547.1</ele>
    </trkpt>
    <trkpt lat="42.563498" lon="-2.535041">
      <ele>547.1</ele>
    </trkpt>
    <trkpt lat="42.564588" lon="-2.535799">
      <ele>546.8</ele>
    </trkpt>
    <trkpt lat="42.564781" lon="-2.536016">
      <ele>546.7</ele>
    </trkpt>
    <trkpt lat="42.564823" lon="-2.536128">
      <ele>546.7</ele>
    </trkpt>
    <trkpt lat="42.564951" lon="-2.537065">
      <ele>547</ele>
    </trkpt>
    <trkpt lat="42.564996" lon="-2.537207">
      <ele>547</ele>
    </trkpt>
    <trkpt lat="42.565052" lon="-2.537297">
      <ele>546.9</ele>
    </trkpt>
    <trkpt lat="42.565426" lon="-2.537677">
      <ele>547</ele>
    </trkpt>
    <trkpt lat="42.565567" lon="-2.538775">
      <ele>547.9</ele>
    </trkpt>
    <trkpt lat="42.56548" lon="-2.539376">
      <ele>548.7</ele>
    </trkpt>
    <trkpt lat="42.565535" lon="-2.540084">
      <ele>550.1</ele>
    </trkpt>
    <trkpt lat="42.565227" lon="-2.540825">
      <ele>552.5</ele>
    </trkpt>
    <trkpt lat="42.566077" lon="-2.541828">
      <ele>556.6</ele>
    </trkpt>
    <trkpt lat="42.56617" lon="-2.541868">
      <ele>556.8</ele>
    </trkpt>
    <trkpt lat="42.566338" lon="-2.541883">
      <ele>556.9</ele>
    </trkpt>
    <trkpt lat="42.56645" lon="-2.541867">
      <ele>557</ele>
    </trkpt>
    <trkpt lat="42.566503" lon="-2.541897">
      <ele>557</ele>
    </trkpt>
    <trkpt lat="42.566544" lon="-2.541946">
      <ele>556.9</ele>
    </trkpt>
    <trkpt lat="42.566583" lon="-2.542084">
      <ele>556.9</ele>
    </trkpt>
    <trkpt lat="42.566543" lon="-2.542244">
      <ele>556.8</ele>
    </trkpt>
    <trkpt lat="42.566448" lon="-2.542322">
      <ele>556.7</ele>
    </trkpt>
    <trkpt lat="42.566427" lon="-2.542331">
      <ele>556.6</ele>
    </trkpt>
    <trkpt lat="42.566431" lon="-2.542625">
      <ele>556.2</ele>
    </trkpt>
    <trkpt lat="42.566458" lon="-2.542706">
      <ele>556.1</ele>
    </trkpt>
    <trkpt lat="42.566932" lon="-2.543718">
      <ele>552</ele>
    </trkpt>
    <trkpt lat="42.567171" lon="-2.544344">
      <ele>549.5</ele>
    </trkpt>
    <trkpt lat="42.567394" lon="-2.544957">
      <ele>547</ele>
    </trkpt>
    <trkpt lat="42.567703" lon="-2.545491">
      <ele>544.6</ele>
    </trkpt>
    <trkpt lat="42.567818" lon="-2.545745">
      <ele>543.8</ele>
    </trkpt>
    <trkpt lat="42.567895" lon="-2.546091">
      <ele>542.9</ele>
    </trkpt>
    <trkpt lat="42.567923" lon="-2.546528">
      <ele>541.9</ele>
    </trkpt>
    <trkpt lat="42.567963" lon="-2.546751">
      <ele>541.4</ele>
    </trkpt>
    <trkpt lat="42.568039" lon="-2.546961">
      <ele>541.1</ele>
    </trkpt>
    <trkpt lat="42.568318" lon="-2.547468">
      <ele>541.1</ele>
    </trkpt>
    <trkpt lat="42.568357" lon="-2.547641">
      <ele>541.4</ele>
    </trkpt>
    <trkpt lat="42.568335" lon="-2.547886">
      <ele>541.9</ele>
    </trkpt>
    <trkpt lat="42.56829" lon="-2.548011">
      <ele>542.3</ele>
    </trkpt>
    <trkpt lat="42.568213" lon="-2.54814">
      <ele>542.8</ele>
    </trkpt>
    <trkpt lat="42.56814" lon="-2.548206">
      <ele>543.2</ele>
    </trkpt>
    <trkpt lat="42.569151" lon="-2.548916">
      <ele>551.5</ele>
    </trkpt>
    <trkpt lat="42.569671" lon="-2.549168">
      <ele>556.7</ele>
    </trkpt>
    <trkpt lat="42.57008" lon="-2.549277">
      <ele>560.6</ele>
    </trkpt>
    <trkpt lat="42.570024" lon="-2.549371">
      <ele>561.5</ele>
    </trkpt>
    <trkpt lat="42.569031" lon="-2.549547">
      <ele>571.7</ele>
    </trkpt>
    <trkpt lat="42.568583" lon="-2.549705">
      <ele>576.8</ele>
    </trkpt>
    <trkpt lat="42.568302" lon="-2.549979">
      <ele>580.3</ele>
    </trkpt>
    <trkpt lat="42.568072" lon="-2.55048">
      <ele>584.2</ele>
    </trkpt>
    <trkpt lat="42.568034" lon="-2.550639">
      <ele>585.1</ele>
    </trkpt>
    <trkpt lat="42.568018" lon="-2.551091">
      <ele>587.5</ele>
    </trkpt>
    <trkpt lat="42.567942" lon="-2.554087">
      <ele>594.4</ele>
    </trkpt>
    <trkpt lat="42.567881" lon="-2.55406">
      <ele>594.6</ele>
    </trkpt>
    <trkpt lat="42.567838" lon="-2.554118">
      <ele>594.7</ele>
    </trkpt>
    <trkpt lat="42.567881" lon="-2.55406">
      <ele>594.9</ele>
    </trkpt>
    <trkpt lat="42.567942" lon="-2.554087">
      <ele>595.1</ele>
    </trkpt>
    <trkpt lat="42.568002" lon="-2.554239">
      <ele>595.4</ele>
    </trkpt>
    <trkpt lat="42.572518" lon="-2.553564">
      <ele>610.4</ele>
    </trkpt>
    <trkpt lat="42.572573" lon="-2.553486">
      <ele>610.6</ele>
    </trkpt>
    <trkpt lat="42.572651" lon="-2.553568">
      <ele>610.9</ele>
    </trkpt>
    <trkpt lat="42.572805" lon="-2.553664">
      <ele>611.3</ele>
    </trkpt>
    <trkpt lat="42.574914" lon="-2.554533">
      <ele>612.9</ele>
    </trkpt>
    <trkpt lat="42.575072" lon="-2.554614">
      <ele>612.5</ele>
    </trkpt>
    <trkpt lat="42.575234" lon="-2.554796">
      <ele>612.1</ele>
    </trkpt>
    <trkpt lat="42.575361" lon="-2.555172">
      <ele>611.3</ele>
    </trkpt>
    <trkpt lat="42.576407" lon="-2.559388">
      <ele>607.1</ele>
    </trkpt>
    <trkpt lat="42.57655" lon="-2.559506">
      <ele>607.4</ele>
    </trkpt>
    <trkpt lat="42.580215" lon="-2.561019">
      <ele>626.2</ele>
    </trkpt>
    <trkpt lat="42.580363" lon="-2.561043">
      <ele>627.1</ele>
    </trkpt>
    <trkpt lat="42.581071" lon="-2.566072">
      <ele>648.2</ele>
    </trkpt>
    <trkpt lat="42.581195" lon="-2.566434">
      <ele>649</ele>
    </trkpt>
    <trkpt lat="42.581516" lon="-2.567121">
      <ele>650.3</ele>
    </trkpt>
    <trkpt lat="42.581536" lon="-2.567274">
      <ele>650.5</ele>
    </trkpt>
    <trkpt lat="42.581527" lon="-2.567413">
      <ele>650.7</ele>
    </trkpt>
    <trkpt lat="42.580914" lon="-2.569623">
      <ele>655.4</ele>
    </trkpt>
    <trkpt lat="42.580809" lon="-2.56994">
      <ele>655.4</ele>
    </trkpt>
    <trkpt lat="42.580604" lon="-2.570401">
      <ele>654.7</ele>
    </trkpt>
    <trkpt lat="42.580371" lon="-2.570857">
      <ele>653</ele>
    </trkpt>
    <trkpt lat="42.580248" lon="-2.571032">
      <ele>652</ele>
    </trkpt>
    <trkpt lat="42.580084" lon="-2.571203">
      <ele>650.6</ele>
    </trkpt>
    <trkpt lat="42.579905" lon="-2.571326">
      <ele>649.1</ele>
    </trkpt>
    <trkpt lat="42.579128" lon="-2.571673">
      <ele>642.3</ele>
    </trkpt>
    <trkpt lat="42.578951" lon="-2.571702">
      <ele>640.8</ele>
    </trkpt>
    <trkpt lat="42.578674" lon="-2.571627">
      <ele>638.4</ele>
    </trkpt>
    <trkpt lat="42.577434" lon="-2.570881">
      <ele>627.4</ele>
    </trkpt>
    <trkpt lat="42.577296" lon="-2.570836">
      <ele>626.3</ele>
    </trkpt>
    <trkpt lat="42.577165" lon="-2.570835">
      <ele>625.3</ele>
    </trkpt>
    <trkpt lat="42.577023" lon="-2.570972">
      <ele>624</ele>
    </trkpt>
    <trkpt lat="42.576899" lon="-2.571178">
      <ele>622.7</ele>
    </trkpt>
    <trkpt lat="42.575846" lon="-2.573182">
      <ele>613.3</ele>
    </trkpt>
    <trkpt lat="42.574576" lon="-2.577708">
      <ele>607.6</ele>
    </trkpt>
    <trkpt lat="42.574135" lon="-2.579271">
      <ele>600.4</ele>
    </trkpt>
    <trkpt lat="42.574084" lon="-2.579542">
      <ele>599.3</ele>
    </trkpt>
    <trkpt lat="42.574052" lon="-2.579706">
      <ele>598.7</ele>
    </trkpt>
    <trkpt lat="42.574114" lon="-2.580932">
      <ele>595</ele>
    </trkpt>
    <trkpt lat="42.573673" lon="-2.580607">
      <ele>594.1</ele>
    </trkpt>
    <trkpt lat="42.572752" lon="-2.579816">
      <ele>594.2</ele>
    </trkpt>
    <trkpt lat="42.572544" lon="-2.57977">
      <ele>594.6</ele>
    </trkpt>
    <trkpt lat="42.571825" lon="-2.579748">
      <ele>595.8</ele>
    </trkpt>
    <trkpt lat="42.56928" lon="-2.578751">
      <ele>596.9</ele>
    </trkpt>
    <trkpt lat="42.569081" lon="-2.581422">
      <ele>604.1</ele>
    </trkpt>
    <trkpt lat="42.568144" lon="-2.585367">
      <ele>600.6</ele>
    </trkpt>
    <trkpt lat="42.567029" lon="-2.590343">
      <ele>592.4</ele>
    </trkpt>
    <trkpt lat="42.566749" lon="-2.591566">
      <ele>593.5</ele>
    </trkpt>
    <trkpt lat="42.568317" lon="-2.592862">
      <ele>600.9</ele>
    </trkpt>
    <trkpt lat="42.568822" lon="-2.59316">
      <ele>602.9</ele>
    </trkpt>
    <trkpt lat="42.570994" lon="-2.594321">
      <ele>610.7</ele>
    </trkpt>
    <trkpt lat="42.571216" lon="-2.594415">
      <ele>611.8</ele>
    </trkpt>
    <trkpt lat="42.571414" lon="-2.594415">
      <ele>612.8</ele>
    </trkpt>
    <trkpt lat="42.573428" lon="-2.594158">
      <ele>623</ele>
    </trkpt>
    <trkpt lat="42.573934" lon="-2.594265">
      <ele>624.5</ele>
    </trkpt>
    <trkpt lat="42.574179" lon="-2.594265">
      <ele>625.1</ele>
    </trkpt>
    <trkpt lat="42.574191" lon="-2.594417">
      <ele>625.3</ele>
    </trkpt>
    <trkpt lat="42.574293" lon="-2.595931">
      <ele>629.3</ele>
    </trkpt>
    <trkpt lat="42.574337" lon="-2.596282">
      <ele>630.6</ele>
    </trkpt>
    <trkpt lat="42.575735" lon="-2.601206">
      <ele>646.9</ele>
    </trkpt>
    <trkpt lat="42.575988" lon="-2.602032">
      <ele>647</ele>
    </trkpt>
    <trkpt lat="42.576051" lon="-2.602333">
      <ele>646.8</ele>
    </trkpt>
    <trkpt lat="42.576083" lon="-2.602687">
      <ele>646.5</ele>
    </trkpt>
    <trkpt lat="42.57602" lon="-2.606871">
      <ele>646.3</ele>
    </trkpt>
    <trkpt lat="42.576036" lon="-2.607075">
      <ele>646.7</ele>
    </trkpt>
    <trkpt lat="42.576571" lon="-2.60882">
      <ele>649.4</ele>
    </trkpt>
    <trkpt lat="42.577711" lon="-2.612525">
      <ele>640.1</ele>
    </trkpt>
    <trkpt lat="42.577908" lon="-2.613276">
      <ele>638.1</ele>
    </trkpt>
    <trkpt lat="42.577995" lon="-2.615283">
      <ele>634.3</ele>
    </trkpt>
    <trkpt lat="42.578311" lon="-2.616356">
      <ele>633.5</ele>
    </trkpt>
    <trkpt lat="42.57935" lon="-2.619495">
      <ele>635.2</ele>
    </trkpt>
    <trkpt lat="42.579456" lon="-2.619875">
      <ele>634.9</ele>
    </trkpt>
    <trkpt lat="42.57948" lon="-2.620229">
      <ele>634.5</ele>
    </trkpt>
    <trkpt lat="42.579456" lon="-2.622374">
      <ele>628.6</ele>
    </trkpt>
    <trkpt lat="42.579377" lon="-2.622568">
      <ele>627.8</ele>
    </trkpt>
    <trkpt lat="42.578975" lon="-2.623168">
      <ele>625.2</ele>
    </trkpt>
    <trkpt lat="42.578831" lon="-2.623428">
      <ele>624.4</ele>
    </trkpt>
    <trkpt lat="42.578753" lon="-2.623632">
      <ele>624.1</ele>
    </trkpt>
    <trkpt lat="42.578698" lon="-2.62422">
      <ele>623.7</ele>
    </trkpt>
    <trkpt lat="42.578643" lon="-2.625636">
      <ele>627</ele>
    </trkpt>
    <trkpt lat="42.578674" lon="-2.625979">
      <ele>628.2</ele>
    </trkpt>
    <trkpt lat="42.578761" lon="-2.626376">
      <ele>629.8</ele>
    </trkpt>
    <trkpt lat="42.580262" lon="-2.631076">
      <ele>648.1</ele>
    </trkpt>
    <trkpt lat="42.580649" lon="-2.632245">
      <ele>649.9</ele>
    </trkpt>
    <trkpt lat="42.5811" lon="-2.633511">
      <ele>645.5</ele>
    </trkpt>
    <trkpt lat="42.581139" lon="-2.633683">
      <ele>644.4</ele>
    </trkpt>
    <trkpt lat="42.581139" lon="-2.633865">
      <ele>643.2</ele>
    </trkpt>
    <trkpt lat="42.581084" lon="-2.634133">
      <ele>641.4</ele>
    </trkpt>
    <trkpt lat="42.58077" lon="-2.635301">
      <ele>635.3</ele>
    </trkpt>
    <trkpt lat="42.580036" lon="-2.638069">
      <ele>639.8</ele>
    </trkpt>
    <trkpt lat="42.580016" lon="-2.638305">
      <ele>641</ele>
    </trkpt>
    <trkpt lat="42.580053" lon="-2.638514">
      <ele>642</ele>
    </trkpt>
    <trkpt lat="42.580426" lon="-2.639556">
      <ele>646.9</ele>
    </trkpt>
    <trkpt lat="42.581005" lon="-2.640828">
      <ele>649.4</ele>
    </trkpt>
    <trkpt lat="42.581105" lon="-2.641217">
      <ele>649.2</ele>
    </trkpt>
    <trkpt lat="42.581119" lon="-2.641351">
      <ele>649.2</ele>
    </trkpt>
    <trkpt lat="42.581106" lon="-2.641418">
      <ele>649.2</ele>
    </trkpt>
    <trkpt lat="42.580407" lon="-2.645012">
      <ele>648</ele>
    </trkpt>
    <trkpt lat="42.579982" lon="-2.647147">
      <ele>649.2</ele>
    </trkpt>
    <trkpt lat="42.579888" lon="-2.647515">
      <ele>648.4</ele>
    </trkpt>
    <trkpt lat="42.579766" lon="-2.648244">
      <ele>646.3</ele>
    </trkpt>
    <trkpt lat="42.579714" lon="-2.648384">
      <ele>645.7</ele>
    </trkpt>
    <trkpt lat="42.578099" lon="-2.651582">
      <ele>637.6</ele>
    </trkpt>
    <trkpt lat="42.577672" lon="-2.652393">
      <ele>637.4</ele>
    </trkpt>
    <trkpt lat="42.576236" lon="-2.655172">
      <ele>644.1</ele>
    </trkpt>
    <trkpt lat="42.575889" lon="-2.655848">
      <ele>643.1</ele>
    </trkpt>
    <trkpt lat="42.575812" lon="-2.656041">
      <ele>642.6</ele>
    </trkpt>
    <trkpt lat="42.575772" lon="-2.656235">
      <ele>642.1</ele>
    </trkpt>
    <trkpt lat="42.575831" lon="-2.656488">
      <ele>641.3</ele>
    </trkpt>
    <trkpt lat="42.577347" lon="-2.65963">
      <ele>629.7</ele>
    </trkpt>
    <trkpt lat="42.577442" lon="-2.65985">
      <ele>628.6</ele>
    </trkpt>
    <trkpt lat="42.577466" lon="-2.65998">
      <ele>628.1</ele>
    </trkpt>
    <trkpt lat="42.577465" lon="-2.660075">
      <ele>627.7</ele>
    </trkpt>
    <trkpt lat="42.577371" lon="-2.660429">
      <ele>626.1</ele>
    </trkpt>
    <trkpt lat="42.576186" lon="-2.664045">
      <ele>611</ele>
    </trkpt>
    <trkpt lat="42.574799" lon="-2.668299">
      <ele>607.1</ele>
    </trkpt>
    <trkpt lat="42.574716" lon="-2.668653">
      <ele>607.4</ele>
    </trkpt>
    <trkpt lat="42.574688" lon="-2.668905">
      <ele>607.5</ele>
    </trkpt>
    <trkpt lat="42.574629" lon="-2.672735">
      <ele>606.5</ele>
    </trkpt>
    <trkpt lat="42.574661" lon="-2.677837">
      <ele>604.1</ele>
    </trkpt>
    <trkpt lat="42.574696" lon="-2.68363">
      <ele>612.8</ele>
    </trkpt>
    <trkpt lat="42.570647" lon="-2.681517">
      <ele>586.6</ele>
    </trkpt>
    <trkpt lat="42.569712" lon="-2.681046">
      <ele>581.1</ele>
    </trkpt>
    <trkpt lat="42.569522" lon="-2.680934">
      <ele>579.9</ele>
    </trkpt>
    <trkpt lat="42.569417" lon="-2.680835">
      <ele>579.1</ele>
    </trkpt>
    <trkpt lat="42.569297" lon="-2.680924">
      <ele>578.3</ele>
    </trkpt>
    <trkpt lat="42.569282" lon="-2.680866">
      <ele>578</ele>
    </trkpt>
    <trkpt lat="42.569391" lon="-2.680755">
      <ele>577.2</ele>
    </trkpt>
    <trkpt lat="42.569428" lon="-2.680627">
      <ele>576.6</ele>
    </trkpt>
    <trkpt lat="42.569346" lon="-2.680535">
      <ele>575.9</ele>
    </trkpt>
    <trkpt lat="42.569287" lon="-2.680497">
      <ele>575.5</ele>
    </trkpt>
    <trkpt lat="42.569125" lon="-2.68026">
      <ele>574.2</ele>
    </trkpt>
    <trkpt lat="42.569054" lon="-2.680198">
      <ele>573.8</ele>
    </trkpt>
    <trkpt lat="42.568789" lon="-2.679964">
      <ele>572.1</ele>
    </trkpt>
    <trkpt lat="42.568534" lon="-2.679854">
      <ele>570.3</ele>
    </trkpt>
    <trkpt lat="42.568348" lon="-2.679832">
      <ele>568.9</ele>
    </trkpt>
    <trkpt lat="42.568303" lon="-2.679614">
      <ele>567.6</ele>
    </trkpt>
    <trkpt lat="42.567946" lon="-2.67971">
      <ele>564.7</ele>
    </trkpt>
    <trkpt lat="42.567751" lon="-2.679971">
      <ele>562.4</ele>
    </trkpt>
    <trkpt lat="42.566931" lon="-2.680391">
      <ele>556.2</ele>
    </trkpt>
    <trkpt lat="42.56686" lon="-2.680382">
      <ele>555.7</ele>
    </trkpt>
    <trkpt lat="42.566726" lon="-2.680617">
      <ele>554.6</ele>
    </trkpt>
    <trkpt lat="42.566318" lon="-2.681778">
      <ele>553.7</ele>
    </trkpt>
    <trkpt lat="42.566264" lon="-2.68184">
      <ele>553.9</ele>
    </trkpt>
    <trkpt lat="42.566181" lon="-2.681884">
      <ele>554.1</ele>
    </trkpt>
    <trkpt lat="42.566063" lon="-2.681896">
      <ele>554.4</ele>
    </trkpt>
    <trkpt lat="42.565633" lon="-2.681716">
      <ele>555.6</ele>
    </trkpt>
    <trkpt lat="42.565375" lon="-2.681519">
      <ele>556.4</ele>
    </trkpt>
    <trkpt lat="42.565143" lon="-2.681242">
      <ele>557.2</ele>
    </trkpt>
    <trkpt lat="42.564668" lon="-2.680847">
      <ele>558.4</ele>
    </trkpt>
    <trkpt lat="42.564627" lon="-2.680852">
      <ele>558.4</ele>
    </trkpt>
    <trkpt lat="42.564585" lon="-2.680907">
      <ele>558.5</ele>
    </trkpt>
    <trkpt lat="42.56442" lon="-2.681609">
      <ele>558.7</ele>
    </trkpt>
    <trkpt lat="42.560879" lon="-2.680412">
      <ele>550.2</ele>
    </trkpt>
    <trkpt lat="42.560063" lon="-2.680149">
      <ele>548.1</ele>
    </trkpt>
    <trkpt lat="42.55976" lon="-2.680086">
      <ele>547.4</ele>
    </trkpt>
    <trkpt lat="42.559528" lon="-2.680083">
      <ele>546.8</ele>
    </trkpt>
    <trkpt lat="42.559153" lon="-2.680125">
      <ele>546</ele>
    </trkpt>
    <trkpt lat="42.558513" lon="-2.680249">
      <ele>544.8</ele>
    </trkpt>
    <trkpt lat="42.558522" lon="-2.680147">
      <ele>544.7</ele>
    </trkpt>
    <trkpt lat="42.558433" lon="-2.679892">
      <ele>544.3</ele>
    </trkpt>
    <trkpt lat="42.558378" lon="-2.679261">
      <ele>543.6</ele>
    </trkpt>
    <trkpt lat="42.558315" lon="-2.679023">
      <ele>543.3</ele>
    </trkpt>
    <trkpt lat="42.558169" lon="-2.678899">
      <ele>543</ele>
    </trkpt>
    <trkpt lat="42.557596" lon="-2.678537">
      <ele>541.4</ele>
    </trkpt>
    <trkpt lat="42.557412" lon="-2.67851">
      <ele>540.8</ele>
    </trkpt>
    <trkpt lat="42.556752" lon="-2.678604">
      <ele>538.7</ele>
    </trkpt>
    <trkpt lat="42.556641" lon="-2.678591">
      <ele>538.4</ele>
    </trkpt>
    <trkpt lat="42.556408" lon="-2.678422">
      <ele>538</ele>
    </trkpt>
    <trkpt lat="42.556011" lon="-2.677993">
      <ele>538.1</ele>
    </trkpt>
    <trkpt lat="42.55592" lon="-2.677939">
      <ele>538.2</ele>
    </trkpt>
    <trkpt lat="42.555553" lon="-2.677856">
      <ele>539</ele>
    </trkpt>
    <trkpt lat="42.555292" lon="-2.677816">
      <ele>539.6</ele>
    </trkpt>
    <trkpt lat="42.554952" lon="-2.677692">
      <ele>540.3</ele>
    </trkpt>
    <trkpt lat="42.554743" lon="-2.677598">
      <ele>540.6</ele>
    </trkpt>
    <trkpt lat="42.5546" lon="-2.677483">
      <ele>540.6</ele>
    </trkpt>
    <trkpt lat="42.55445" lon="-2.677169">
      <ele>540.4</ele>
    </trkpt>
    <trkpt lat="42.554367" lon="-2.67652">
      <ele>538.9</ele>
    </trkpt>
    <trkpt lat="42.554314" lon="-2.676319">
      <ele>538.1</ele>
    </trkpt>
    <trkpt lat="42.553919" lon="-2.675758">
      <ele>535</ele>
    </trkpt>
    <trkpt lat="42.553551" lon="-2.675412">
      <ele>532.4</ele>
    </trkpt>
    <trkpt lat="42.553227" lon="-2.674959">
      <ele>529.6</ele>
    </trkpt>
    <trkpt lat="42.553006" lon="-2.674592">
      <ele>527.6</ele>
    </trkpt>
    <trkpt lat="42.552366" lon="-2.673352">
      <ele>520.7</ele>
    </trkpt>
    <trkpt lat="42.552038" lon="-2.672513">
      <ele>516.5</ele>
    </trkpt>
    <trkpt lat="42.551965" lon="-2.6724">
      <ele>515.9</ele>
    </trkpt>
    <trkpt lat="42.551728" lon="-2.672196">
      <ele>514.5</ele>
    </trkpt>
    <trkpt lat="42.551382" lon="-2.671756">
      <ele>512.4</ele>
    </trkpt>
    <trkpt lat="42.551172" lon="-2.671362">
      <ele>511.2</ele>
    </trkpt>
    <trkpt lat="42.550787" lon="-2.670735">
      <ele>509.7</ele>
    </trkpt>
    <trkpt lat="42.550684" lon="-2.670501">
      <ele>509.3</ele>
    </trkpt>
    <trkpt lat="42.550615" lon="-2.670072">
      <ele>508.8</ele>
    </trkpt>
    <trkpt lat="42.550536" lon="-2.669839">
      <ele>508.4</ele>
    </trkpt>
    <trkpt lat="42.550339" lon="-2.669444">
      <ele>507.8</ele>
    </trkpt>
    <trkpt lat="42.550277" lon="-2.669389">
      <ele>507.7</ele>
    </trkpt>
    <trkpt lat="42.550247" lon="-2.669268">
      <ele>507.6</ele>
    </trkpt>
    <trkpt lat="42.550111" lon="-2.668731">
      <ele>506.9</ele>
    </trkpt>
    <trkpt lat="42.550035" lon="-2.668472">
      <ele>506.6</ele>
    </trkpt>
    <trkpt lat="42.549993" lon="-2.668368">
      <ele>506.4</ele>
    </trkpt>
    <trkpt lat="42.549914" lon="-2.668187">
      <ele>506.2</ele>
    </trkpt>
    <trkpt lat="42.549667" lon="-2.667789">
      <ele>505.5</ele>
    </trkpt>
    <trkpt lat="42.549505" lon="-2.667606">
      <ele>505.2</ele>
    </trkpt>
    <trkpt lat="42.549271" lon="-2.667423">
      <ele>504.7</ele>
    </trkpt>
    <trkpt lat="42.549199" lon="-2.667367">
      <ele>504.6</ele>
    </trkpt>
    <trkpt lat="42.548861" lon="-2.667212">
      <ele>503.9</ele>
    </trkpt>
    <trkpt lat="42.548682" lon="-2.667167">
      <ele>503.4</ele>
    </trkpt>
    <trkpt lat="42.548064" lon="-2.667106">
      <ele>501.6</ele>
    </trkpt>
    <trkpt lat="42.548041" lon="-2.667105">
      <ele>501.5</ele>
    </trkpt>
    <trkpt lat="42.547158" lon="-2.667052">
      <ele>499.2</ele>
    </trkpt>
    <trkpt lat="42.547043" lon="-2.667047">
      <ele>498.9</ele>
    </trkpt>
    <trkpt lat="42.547045" lon="-2.667114">
      <ele>498.8</ele>
    </trkpt>
    <trkpt lat="42.546998" lon="-2.667206">
      <ele>498.6</ele>
    </trkpt>
    <trkpt lat="42.546659" lon="-2.667496">
      <ele>497.6</ele>
    </trkpt>
    <trkpt lat="42.546518" lon="-2.667595">
      <ele>497.1</ele>
    </trkpt>
    <trkpt lat="42.546449" lon="-2.667612">
      <ele>496.9</ele>
    </trkpt>
    <trkpt lat="42.545998" lon="-2.667813">
      <ele>495.1</ele>
    </trkpt>
    <trkpt lat="42.546" lon="-2.667888">
      <ele>494.9</ele>
    </trkpt>
    <trkpt lat="42.545972" lon="-2.667965">
      <ele>494.6</ele>
    </trkpt>
    <trkpt lat="42.545757" lon="-2.668313">
      <ele>492.7</ele>
    </trkpt>
    <trkpt lat="42.545537" lon="-2.6686">
      <ele>490.7</ele>
    </trkpt>
    <trkpt lat="42.545483" lon="-2.668667">
      <ele>490.2</ele>
    </trkpt>
    <trkpt lat="42.545161" lon="-2.669415">
      <ele>485.6</ele>
    </trkpt>
    <trkpt lat="42.544971" lon="-2.669601">
      <ele>484.1</ele>
    </trkpt>
    <trkpt lat="42.544825" lon="-2.669819">
      <ele>482.8</ele>
    </trkpt>
    <trkpt lat="42.544593" lon="-2.670407">
      <ele>479.8</ele>
    </trkpt>
    <trkpt lat="42.544378" lon="-2.670748">
      <ele>477.8</ele>
    </trkpt>
    <trkpt lat="42.544088" lon="-2.6708">
      <ele>476</ele>
    </trkpt>
    <trkpt lat="42.543884" lon="-2.670885">
      <ele>474.7</ele>
    </trkpt>
    <trkpt lat="42.543362" lon="-2.671227">
      <ele>470.9</ele>
    </trkpt>
    <trkpt lat="42.543297" lon="-2.671318">
      <ele>470.3</ele>
    </trkpt>
    <trkpt lat="42.543128" lon="-2.671704">
      <ele>468.2</ele>
    </trkpt>
    <trkpt lat="42.542989" lon="-2.671836">
      <ele>467.3</ele>
    </trkpt>
    <trkpt lat="42.542793" lon="-2.671952">
      <ele>466.1</ele>
    </trkpt>
    <trkpt lat="42.542765" lon="-2.672024">
      <ele>465.8</ele>
    </trkpt>
    <trkpt lat="42.542763" lon="-2.672147">
      <ele>465.4</ele>
    </trkpt>
    <trkpt lat="42.542594" lon="-2.67237">
      <ele>464.4</ele>
    </trkpt>
    <trkpt lat="42.542344" lon="-2.672963">
      <ele>462.4</ele>
    </trkpt>
    <trkpt lat="42.542274" lon="-2.673042">
      <ele>462.1</ele>
    </trkpt>
    <trkpt lat="42.541867" lon="-2.67322">
      <ele>460.9</ele>
    </trkpt>
    <trkpt lat="42.541599" lon="-2.673189">
      <ele>460.2</ele>
    </trkpt>
    <trkpt lat="42.541539" lon="-2.673255">
      <ele>460.1</ele>
    </trkpt>
    <trkpt lat="42.541377" lon="-2.673688">
      <ele>459.5</ele>
    </trkpt>
    <trkpt lat="42.541204" lon="-2.673958">
      <ele>459.2</ele>
    </trkpt>
    <trkpt lat="42.541035" lon="-2.674062">
      <ele>459.1</ele>
    </trkpt>
    <trkpt lat="42.540685" lon="-2.674194">
      <ele>459</ele>
    </trkpt>
    <trkpt lat="42.540065" lon="-2.67458">
      <ele>458.9</ele>
    </trkpt>
    <trkpt lat="42.539827" lon="-2.674781">
      <ele>458.8</ele>
    </trkpt>
    <trkpt lat="42.53958" lon="-2.675158">
      <ele>458.3</ele>
    </trkpt>
    <trkpt lat="42.539226" lon="-2.675616">
      <ele>457</ele>
    </trkpt>
    <trkpt lat="42.539057" lon="-2.675732">
      <ele>456.3</ele>
    </trkpt>
    <trkpt lat="42.538867" lon="-2.675804">
      <ele>455.6</ele>
    </trkpt>
    <trkpt lat="42.53877" lon="-2.675883">
      <ele>455.1</ele>
    </trkpt>
    <trkpt lat="42.538629" lon="-2.676087">
      <ele>454.3</ele>
    </trkpt>
    <trkpt lat="42.538532" lon="-2.676379">
      <ele>453.3</ele>
    </trkpt>
    <trkpt lat="42.538516" lon="-2.676561">
      <ele>452.8</ele>
    </trkpt>
    <trkpt lat="42.538557" lon="-2.676762">
      <ele>452.2</ele>
    </trkpt>
    <trkpt lat="42.538553" lon="-2.676982">
      <ele>451.6</ele>
    </trkpt>
    <trkpt lat="42.538317" lon="-2.677738">
      <ele>449.8</ele>
    </trkpt>
    <trkpt lat="42.538263" lon="-2.677879">
      <ele>449.6</ele>
    </trkpt>
    <trkpt lat="42.538099" lon="-2.678175">
      <ele>449.1</ele>
    </trkpt>
    <trkpt lat="42.537773" lon="-2.678576">
      <ele>448.5</ele>
    </trkpt>
    <trkpt lat="42.537711" lon="-2.67879">
      <ele>448.3</ele>
    </trkpt>
    <trkpt lat="42.537639" lon="-2.679242">
      <ele>448.2</ele>
    </trkpt>
    <trkpt lat="42.5373" lon="-2.679943">
      <ele>448.2</ele>
    </trkpt>
    <trkpt lat="42.537069" lon="-2.680081">
      <ele>448.2</ele>
    </trkpt>
    <trkpt lat="42.536668" lon="-2.68025">
      <ele>448.3</ele>
    </trkpt>
    <trkpt lat="42.536192" lon="-2.680505">
      <ele>448.2</ele>
    </trkpt>
    <trkpt lat="42.535846" lon="-2.680351">
      <ele>448.7</ele>
    </trkpt>
    <trkpt lat="42.535329" lon="-2.680329">
      <ele>450.5</ele>
    </trkpt>
    <trkpt lat="42.535185" lon="-2.680275">
      <ele>451.2</ele>
    </trkpt>
    <trkpt lat="42.535113" lon="-2.680205">
      <ele>451.6</ele>
    </trkpt>
    <trkpt lat="42.534927" lon="-2.679866">
      <ele>453.1</ele>
    </trkpt>
    <trkpt lat="42.534807" lon="-2.679668">
      <ele>453.8</ele>
    </trkpt>
    <trkpt lat="42.534717" lon="-2.679592">
      <ele>454.2</ele>
    </trkpt>
    <trkpt lat="42.534351" lon="-2.679408">
      <ele>455.4</ele>
    </trkpt>
    <trkpt lat="42.534076" lon="-2.679163">
      <ele>455.9</ele>
    </trkpt>
    <trkpt lat="42.533915" lon="-2.679067">
      <ele>455.5</ele>
    </trkpt>
    <trkpt lat="42.533412" lon="-2.678978">
      <ele>452.9</ele>
    </trkpt>
    <trkpt lat="42.533165" lon="-2.678996">
      <ele>451</ele>
    </trkpt>
    <trkpt lat="42.532791" lon="-2.679038">
      <ele>447.6</ele>
    </trkpt>
    <trkpt lat="42.531927" lon="-2.679143">
      <ele>441.1</ele>
    </trkpt>
    <trkpt lat="42.531661" lon="-2.679237">
      <ele>439.5</ele>
    </trkpt>
    <trkpt lat="42.531656" lon="-2.679396">
      <ele>438.9</ele>
    </trkpt>
    <trkpt lat="42.531588" lon="-2.67954">
      <ele>438.3</ele>
    </trkpt>
    <trkpt lat="42.531373" lon="-2.67981">
      <ele>437.2</ele>
    </trkpt>
    <trkpt lat="42.531286" lon="-2.679855">
      <ele>436.8</ele>
    </trkpt>
    <trkpt lat="42.530753" lon="-2.679939">
      <ele>435.4</ele>
    </trkpt>
    <trkpt lat="42.530709" lon="-2.67999">
      <ele>435.3</ele>
    </trkpt>
    <trkpt lat="42.53069" lon="-2.680084">
      <ele>435.1</ele>
    </trkpt>
    <trkpt lat="42.530667" lon="-2.680878">
      <ele>433.1</ele>
    </trkpt>
    <trkpt lat="42.530627" lon="-2.681015">
      <ele>432.7</ele>
    </trkpt>
    <trkpt lat="42.53052" lon="-2.681188">
      <ele>432.2</ele>
    </trkpt>
    <trkpt lat="42.530199" lon="-2.682101">
      <ele>429.2</ele>
    </trkpt>
    <trkpt lat="42.530239" lon="-2.682351">
      <ele>428.5</ele>
    </trkpt>
    <trkpt lat="42.530265" lon="-2.68254">
      <ele>427.9</ele>
    </trkpt>
    <trkpt lat="42.529975" lon="-2.682488">
      <ele>427</ele>
    </trkpt>
    <trkpt lat="42.529967" lon="-2.682642">
      <ele>426.6</ele>
    </trkpt>
    <trkpt lat="42.529879" lon="-2.68293">
      <ele>426.1</ele>
    </trkpt>
    <trkpt lat="42.529562" lon="-2.683366">
      <ele>425.2</ele>
    </trkpt>
    <trkpt lat="42.529489" lon="-2.683529">
      <ele>424.9</ele>
    </trkpt>
    <trkpt lat="42.529396" lon="-2.683885">
      <ele>424.6</ele>
    </trkpt>
    <trkpt lat="42.529252" lon="-2.68414">
      <ele>424.4</ele>
    </trkpt>
    <trkpt lat="42.528743" lon="-2.68442">
      <ele>424</ele>
    </trkpt>
    <trkpt lat="42.528627" lon="-2.684512">
      <ele>423.8</ele>
    </trkpt>
    <trkpt lat="42.528316" lon="-2.68497">
      <ele>423.1</ele>
    </trkpt>
    <trkpt lat="42.528112" lon="-2.685168">
      <ele>422.6</ele>
    </trkpt>
    <trkpt lat="42.527991" lon="-2.685248">
      <ele>422.4</ele>
    </trkpt>
    <trkpt lat="42.527708" lon="-2.685369">
      <ele>421.9</ele>
    </trkpt>
    <trkpt lat="42.52738" lon="-2.685533">
      <ele>421.3</ele>
    </trkpt>
    <trkpt lat="42.526764" lon="-2.685929">
      <ele>420.3</ele>
    </trkpt>
    <trkpt lat="42.52648" lon="-2.686068">
      <ele>420</ele>
    </trkpt>
    <trkpt lat="42.525762" lon="-2.686517">
      <ele>419.7</ele>
    </trkpt>
    <trkpt lat="42.52433" lon="-2.686914">
      <ele>419.6</ele>
    </trkpt>
    <trkpt lat="42.523108" lon="-2.68734">
      <ele>419.4</ele>
    </trkpt>
    <trkpt lat="42.522494" lon="-2.687443">
      <ele>419.2</ele>
    </trkpt>
    <trkpt lat="42.521578" lon="-2.687814">
      <ele>418.7</ele>
    </trkpt>
    <trkpt lat="42.521529" lon="-2.687834">
      <ele>418.7</ele>
    </trkpt>
    <trkpt lat="42.520941" lon="-2.688197">
      <ele>418.6</ele>
    </trkpt>
    <trkpt lat="42.520757" lon="-2.688415">
      <ele>418.5</ele>
    </trkpt>
    <trkpt lat="42.520623" lon="-2.688694">
      <ele>418.3</ele>
    </trkpt>
    <trkpt lat="42.520526" lon="-2.688753">
      <ele>418.2</ele>
    </trkpt>
    <trkpt lat="42.520439" lon="-2.689141">
      <ele>417.9</ele>
    </trkpt>
    <trkpt lat="42.520408" lon="-2.688984">
      <ele>417.7</ele>
    </trkpt>
    <trkpt lat="42.520398" lon="-2.688602">
      <ele>417.3</ele>
    </trkpt>
    <trkpt lat="42.520423" lon="-2.687756">
      <ele>416.3</ele>
    </trkpt>
    <trkpt lat="42.520454" lon="-2.687439">
      <ele>415.8</ele>
    </trkpt>
    <trkpt lat="42.520551" lon="-2.686881">
      <ele>415.2</ele>
    </trkpt>
    <trkpt lat="42.520652" lon="-2.686605">
      <ele>414.9</ele>
    </trkpt>
    <trkpt lat="42.520753" lon="-2.686406">
      <ele>414.8</ele>
    </trkpt>
    <trkpt lat="42.521212" lon="-2.685645">
      <ele>414.5</ele>
    </trkpt>
    <trkpt lat="42.521448" lon="-2.685337">
      <ele>414.3</ele>
    </trkpt>
    <trkpt lat="42.522518" lon="-2.684062">
      <ele>413.7</ele>
    </trkpt>
    <trkpt lat="42.522779" lon="-2.683791">
      <ele>413.6</ele>
    </trkpt>
    <trkpt lat="42.523363" lon="-2.683296">
      <ele>413.6</ele>
    </trkpt>
    <trkpt lat="42.523693" lon="-2.682927">
      <ele>413.5</ele>
    </trkpt>
    <trkpt lat="42.523893" lon="-2.682651">
      <ele>413.4</ele>
    </trkpt>
    <trkpt lat="42.524086" lon="-2.682346">
      <ele>413.3</ele>
    </trkpt>
    <trkpt lat="42.524723" lon="-2.681701">
      <ele>413.1</ele>
    </trkpt>
    <trkpt lat="42.52612" lon="-2.680042">
      <ele>413.7</ele>
    </trkpt>
    <trkpt lat="42.526412" lon="-2.679896">
      <ele>414</ele>
    </trkpt>
    <trkpt lat="42.526529" lon="-2.6799">
      <ele>414.1</ele>
    </trkpt>
    <trkpt lat="42.526727" lon="-2.679959">
      <ele>414.4</ele>
    </trkpt>
    <trkpt lat="42.526883" lon="-2.679953">
      <ele>414.6</ele>
    </trkpt>
    <trkpt lat="42.52738" lon="-2.679795">
      <ele>415.4</ele>
    </trkpt>
    <trkpt lat="42.527591" lon="-2.679775">
      <ele>415.7</ele>
    </trkpt>
    <trkpt lat="42.527954" lon="-2.679881">
      <ele>416.4</ele>
    </trkpt>
    <trkpt lat="42.528109" lon="-2.679795">
      <ele>416.7</ele>
    </trkpt>
    <trkpt lat="42.528361" lon="-2.679536">
      <ele>417.3</ele>
    </trkpt>
    <trkpt lat="42.528591" lon="-2.679379">
      <ele>418</ele>
    </trkpt>
    <trkpt lat="42.529288" lon="-2.679187">
      <ele>420.3</ele>
    </trkpt>
    <trkpt lat="42.52939" lon="-2.67909">
      <ele>420.8</ele>
    </trkpt>
    <trkpt lat="42.529494" lon="-2.678942">
      <ele>421.4</ele>
    </trkpt>
    <trkpt lat="42.529016" lon="-2.67793">
      <ele>425.2</ele>
    </trkpt>
    <trkpt lat="42.529279" lon="-2.677561">
      <ele>427.1</ele>
    </trkpt>
    <trkpt lat="42.52939" lon="-2.677337">
      <ele>428.3</ele>
    </trkpt>
    <trkpt lat="42.529607" lon="-2.67716">
      <ele>429.8</ele>
    </trkpt>
    <trkpt lat="42.529712" lon="-2.676881">
      <ele>431.2</ele>
    </trkpt>
    <trkpt lat="42.529733" lon="-2.676824">
      <ele>431.4</ele>
    </trkpt>
    <trkpt lat="42.529737" lon="-2.676682">
      <ele>432.1</ele>
    </trkpt>
    <trkpt lat="42.529666" lon="-2.676543">
      <ele>432.9</ele>
    </trkpt>
    <trkpt lat="42.529607" lon="-2.676429">
      <ele>433.5</ele>
    </trkpt>
    <trkpt lat="42.529517" lon="-2.675812">
      <ele>436.8</ele>
    </trkpt>
    <trkpt lat="42.529321" lon="-2.675282">
      <ele>440.1</ele>
    </trkpt>
    <trkpt lat="42.529265" lon="-2.674918">
      <ele>442.2</ele>
    </trkpt>
    <trkpt lat="42.529156" lon="-2.674463">
      <ele>445</ele>
    </trkpt>
    <trkpt lat="42.529053" lon="-2.674207">
      <ele>446.7</ele>
    </trkpt>
    <trkpt lat="42.528682" lon="-2.673839">
      <ele>450.5</ele>
    </trkpt>
    <trkpt lat="42.528578" lon="-2.673608">
      <ele>452.2</ele>
    </trkpt>
    <trkpt lat="42.528319" lon="-2.673192">
      <ele>455.8</ele>
    </trkpt>
    <trkpt lat="42.528233" lon="-2.673105">
      <ele>456.8</ele>
    </trkpt>
    <trkpt lat="42.528029" lon="-2.672972">
      <ele>459</ele>
    </trkpt>
    <trkpt lat="42.527696" lon="-2.672839">
      <ele>462.5</ele>
    </trkpt>
    <trkpt lat="42.527609" lon="-2.672762">
      <ele>463.6</ele>
    </trkpt>
    <trkpt lat="42.52725" lon="-2.672283">
      <ele>469.3</ele>
    </trkpt>
    <trkpt lat="42.527099" lon="-2.672134">
      <ele>471.6</ele>
    </trkpt>
    <trkpt lat="42.526823" lon="-2.671926">
      <ele>475.4</ele>
    </trkpt>
    <trkpt lat="42.526749" lon="-2.671889">
      <ele>476.3</ele>
    </trkpt>
    <trkpt lat="42.526224" lon="-2.671833">
      <ele>482.2</ele>
    </trkpt>
    <trkpt lat="42.526085" lon="-2.671843">
      <ele>483.6</ele>
    </trkpt>
    <trkpt lat="42.525786" lon="-2.671974">
      <ele>486.4</ele>
    </trkpt>
    <trkpt lat="42.525629" lon="-2.671987">
      <ele>487.7</ele>
    </trkpt>
    <trkpt lat="42.525485" lon="-2.671957">
      <ele>488.7</ele>
    </trkpt>
    <trkpt lat="42.525192" lon="-2.671664">
      <ele>490.7</ele>
    </trkpt>
    <trkpt lat="42.524825" lon="-2.671203">
      <ele>492.6</ele>
    </trkpt>
    <trkpt lat="42.524768" lon="-2.670713">
      <ele>493.5</ele>
    </trkpt>
    <trkpt lat="42.524574" lon="-2.667932">
      <ele>497.3</ele>
    </trkpt>
    <trkpt lat="42.524634" lon="-2.666757">
      <ele>499.4</ele>
    </trkpt>
    <trkpt lat="42.524681" lon="-2.666363">
      <ele>500.4</ele>
    </trkpt>
    <trkpt lat="42.524659" lon="-2.666138">
      <ele>501</ele>
    </trkpt>
    <trkpt lat="42.524456" lon="-2.665522">
      <ele>502.6</ele>
    </trkpt>
    <trkpt lat="42.524349" lon="-2.664957">
      <ele>503.8</ele>
    </trkpt>
    <trkpt lat="42.524053" lon="-2.664213">
      <ele>504.9</ele>
    </trkpt>
    <trkpt lat="42.523697" lon="-2.663747">
      <ele>505.3</ele>
    </trkpt>
    <trkpt lat="42.523483" lon="-2.663282">
      <ele>505.6</ele>
    </trkpt>
    <trkpt lat="42.52329" lon="-2.662625">
      <ele>506.3</ele>
    </trkpt>
    <trkpt lat="42.522625" lon="-2.661223">
      <ele>508</ele>
    </trkpt>
    <trkpt lat="42.522321" lon="-2.660868">
      <ele>508</ele>
    </trkpt>
    <trkpt lat="42.521975" lon="-2.660132">
      <ele>507.4</ele>
    </trkpt>
    <trkpt lat="42.521649" lon="-2.659761">
      <ele>506.9</ele>
    </trkpt>
    <trkpt lat="42.521071" lon="-2.658962">
      <ele>505.9</ele>
    </trkpt>
    <trkpt lat="42.52037" lon="-2.658363">
      <ele>504.6</ele>
    </trkpt>
    <trkpt lat="42.520107" lon="-2.657997">
      <ele>503.7</ele>
    </trkpt>
    <trkpt lat="42.519706" lon="-2.656724">
      <ele>503.7</ele>
    </trkpt>
    <trkpt lat="42.519507" lon="-2.655232">
      <ele>508.9</ele>
    </trkpt>
    <trkpt lat="42.519318" lon="-2.654281">
      <ele>514</ele>
    </trkpt>
    <trkpt lat="42.519249" lon="-2.65374">
      <ele>516.7</ele>
    </trkpt>
    <trkpt lat="42.519018" lon="-2.65284">
      <ele>521.1</ele>
    </trkpt>
    <trkpt lat="42.51876" lon="-2.652014">
      <ele>524.9</ele>
    </trkpt>
    <trkpt lat="42.518199" lon="-2.650839">
      <ele>530.7</ele>
    </trkpt>
    <trkpt lat="42.518035" lon="-2.650587">
      <ele>532</ele>
    </trkpt>
    <trkpt lat="42.517932" lon="-2.650346">
      <ele>533</ele>
    </trkpt>
    <trkpt lat="42.517811" lon="-2.649707">
      <ele>534.9</ele>
    </trkpt>
    <trkpt lat="42.517542" lon="-2.649443">
      <ele>535.7</ele>
    </trkpt>
    <trkpt lat="42.51728" lon="-2.649029">
      <ele>535.9</ele>
    </trkpt>
    <trkpt lat="42.517107" lon="-2.648439">
      <ele>534.6</ele>
    </trkpt>
    <trkpt lat="42.517152" lon="-2.647818">
      <ele>532.5</ele>
    </trkpt>
    <trkpt lat="42.517107" lon="-2.646984">
      <ele>529.8</ele>
    </trkpt>
    <trkpt lat="42.517117" lon="-2.646589">
      <ele>528.7</ele>
    </trkpt>
    <trkpt lat="42.517238" lon="-2.644888">
      <ele>528.3</ele>
    </trkpt>
    <trkpt lat="42.517292" lon="-2.643828">
      <ele>530.9</ele>
    </trkpt>
    <trkpt lat="42.517288" lon="-2.643519">
      <ele>531.9</ele>
    </trkpt>
    <trkpt lat="42.517247" lon="-2.643261">
      <ele>532.7</ele>
    </trkpt>
    <trkpt lat="42.517169" lon="-2.643071">
      <ele>533.4</ele>
    </trkpt>
    <trkpt lat="42.516952" lon="-2.642704">
      <ele>534.6</ele>
    </trkpt>
    <trkpt lat="42.517412" lon="-2.642727">
      <ele>535.9</ele>
    </trkpt>
    <trkpt lat="42.517604" lon="-2.642858">
      <ele>536.4</ele>
    </trkpt>
    <trkpt lat="42.518142" lon="-2.643329">
      <ele>537.5</ele>
    </trkpt>
    <trkpt lat="42.518893" lon="-2.64353">
      <ele>538.4</ele>
    </trkpt>
    <trkpt lat="42.519162" lon="-2.643736">
      <ele>538.7</ele>
    </trkpt>
    <trkpt lat="42.519475" lon="-2.643828">
      <ele>539</ele>
    </trkpt>
    <trkpt lat="42.519686" lon="-2.643937">
      <ele>539.2</ele>
    </trkpt>
    <trkpt lat="42.519942" lon="-2.644217">
      <ele>539.6</ele>
    </trkpt>
    <trkpt lat="42.52013" lon="-2.644334">
      <ele>539.8</ele>
    </trkpt>
    <trkpt lat="42.520367" lon="-2.644401">
      <ele>540.1</ele>
    </trkpt>
    <trkpt lat="42.520633" lon="-2.644599">
      <ele>540.6</ele>
    </trkpt>
    <trkpt lat="42.520776" lon="-2.644674">
      <ele>540.8</ele>
    </trkpt>
    <trkpt lat="42.522222" lon="-2.645179">
      <ele>544.7</ele>
    </trkpt>
    <trkpt lat="42.522336" lon="-2.645236">
      <ele>545</ele>
    </trkpt>
    <trkpt lat="42.522501" lon="-2.645318">
      <ele>545.5</ele>
    </trkpt>
    <trkpt lat="42.522741" lon="-2.645516">
      <ele>546.4</ele>
    </trkpt>
    <trkpt lat="42.523101" lon="-2.645707">
      <ele>547.5</ele>
    </trkpt>
    <trkpt lat="42.523304" lon="-2.645866">
      <ele>548.1</ele>
    </trkpt>
    <trkpt lat="42.523594" lon="-2.646249">
      <ele>549.1</ele>
    </trkpt>
    <trkpt lat="42.524363" lon="-2.647371">
      <ele>549.6</ele>
    </trkpt>
    <trkpt lat="42.5247" lon="-2.647746">
      <ele>548.9</ele>
    </trkpt>
    <trkpt lat="42.5249" lon="-2.648068">
      <ele>548</ele>
    </trkpt>
    <trkpt lat="42.525117" lon="-2.648577">
      <ele>546.2</ele>
    </trkpt>
    <trkpt lat="42.525352" lon="-2.64891">
      <ele>544.5</ele>
    </trkpt>
    <trkpt lat="42.525466" lon="-2.649016">
      <ele>543.7</ele>
    </trkpt>
    <trkpt lat="42.525691" lon="-2.649144">
      <ele>542.4</ele>
    </trkpt>
    <trkpt lat="42.52616" lon="-2.64914">
      <ele>539.7</ele>
    </trkpt>
    <trkpt lat="42.526335" lon="-2.649183">
      <ele>538.7</ele>
    </trkpt>
    <trkpt lat="42.526418" lon="-2.649236">
      <ele>538.2</ele>
    </trkpt>
    <trkpt lat="42.526494" lon="-2.649338">
      <ele>537.7</ele>
    </trkpt>
    <trkpt lat="42.526559" lon="-2.649554">
      <ele>536.9</ele>
    </trkpt>
    <trkpt lat="42.526648" lon="-2.649604">
      <ele>536.4</ele>
    </trkpt>
    <trkpt lat="42.526695" lon="-2.649604">
      <ele>536.2</ele>
    </trkpt>
    <trkpt lat="42.526739" lon="-2.649554">
      <ele>536</ele>
    </trkpt>
    <trkpt lat="42.526857" lon="-2.648945">
      <ele>534.1</ele>
    </trkpt>
    <trkpt lat="42.526911" lon="-2.648853">
      <ele>533.8</ele>
    </trkpt>
    <trkpt lat="42.527011" lon="-2.648765">
      <ele>533.4</ele>
    </trkpt>
    <trkpt lat="42.527102" lon="-2.648729">
      <ele>533</ele>
    </trkpt>
    <trkpt lat="42.527196" lon="-2.648719">
      <ele>532.7</ele>
    </trkpt>
    <trkpt lat="42.52755" lon="-2.648786">
      <ele>531.4</ele>
    </trkpt>
    <trkpt lat="42.527835" lon="-2.648737">
      <ele>530.4</ele>
    </trkpt>
    <trkpt lat="42.527965" lon="-2.648761">
      <ele>529.9</ele>
    </trkpt>
    <trkpt lat="42.528289" lon="-2.648945">
      <ele>528.8</ele>
    </trkpt>
    <trkpt lat="42.528815" lon="-2.649094">
      <ele>527.3</ele>
    </trkpt>
    <trkpt lat="42.528977" lon="-2.649105">
      <ele>526.9</ele>
    </trkpt>
    <trkpt lat="42.529267" lon="-2.649059">
      <ele>526.2</ele>
    </trkpt>
    <trkpt lat="42.529561" lon="-2.648875">
      <ele>525.5</ele>
    </trkpt>
    <trkpt lat="42.529752" lon="-2.648517">
      <ele>524.8</ele>
    </trkpt>
    <trkpt lat="42.529817" lon="-2.648454">
      <ele>524.6</ele>
    </trkpt>
    <trkpt lat="42.529887" lon="-2.648454">
      <ele>524.4</ele>
    </trkpt>
    <trkpt lat="42.530185" lon="-2.648627">
      <ele>523.4</ele>
    </trkpt>
    <trkpt lat="42.530445" lon="-2.648655">
      <ele>522.3</ele>
    </trkpt>
    <trkpt lat="42.530505" lon="-2.64874">
      <ele>521.9</ele>
    </trkpt>
    <trkpt lat="42.530586" lon="-2.649094">
      <ele>520.4</ele>
    </trkpt>
    <trkpt lat="42.53074" lon="-2.649483">
      <ele>518.5</ele>
    </trkpt>
    <trkpt lat="42.530957" lon="-2.649755">
      <ele>516.5</ele>
    </trkpt>
    <trkpt lat="42.531526" lon="-2.649989">
      <ele>512.6</ele>
    </trkpt>
    <trkpt lat="42.53169" lon="-2.650091">
      <ele>511.5</ele>
    </trkpt>
    <trkpt lat="42.531946" lon="-2.650331">
      <ele>509.7</ele>
    </trkpt>
    <trkpt lat="42.532049" lon="-2.650485">
      <ele>508.9</ele>
    </trkpt>
    <trkpt lat="42.532189" lon="-2.65083">
      <ele>507.4</ele>
    </trkpt>
    <trkpt lat="42.532246" lon="-2.6512">
      <ele>506.2</ele>
    </trkpt>
    <trkpt lat="42.532228" lon="-2.651419">
      <ele>505.7</ele>
    </trkpt>
    <trkpt lat="42.532128" lon="-2.65165">
      <ele>505.1</ele>
    </trkpt>
    <trkpt lat="42.53213" lon="-2.651708">
      <ele>504.9</ele>
    </trkpt>
    <trkpt lat="42.532305" lon="-2.651865">
      <ele>504.4</ele>
    </trkpt>
    <trkpt lat="42.532654" lon="-2.652051">
      <ele>503.3</ele>
    </trkpt>
    <trkpt lat="42.53267" lon="-2.65175">
      <ele>502.7</ele>
    </trkpt>
    <trkpt lat="42.532421" lon="-2.649671">
      <ele>500.3</ele>
    </trkpt>
    <trkpt lat="42.532501" lon="-2.649675">
      <ele>500.4</ele>
    </trkpt>
    <trkpt lat="42.532568" lon="-2.649992">
      <ele>500.5</ele>
    </trkpt>
    <trkpt lat="42.532671" lon="-2.650797">
      <ele>501.6</ele>
    </trkpt>
    <trkpt lat="42.532814" lon="-2.651682">
      <ele>504.5</ele>
    </trkpt>
    <trkpt lat="42.532837" lon="-2.651997">
      <ele>505.6</ele>
    </trkpt>
    <trkpt lat="42.532956" lon="-2.652073">
      <ele>506.3</ele>
    </trkpt>
    <trkpt lat="42.533066" lon="-2.652201">
      <ele>507</ele>
    </trkpt>
    <trkpt lat="42.533596" lon="-2.652909">
      <ele>511.1</ele>
    </trkpt>
    <trkpt lat="42.533857" lon="-2.653156">
      <ele>513.1</ele>
    </trkpt>
    <trkpt lat="42.534102" lon="-2.653263">
      <ele>514.5</ele>
    </trkpt>
    <trkpt lat="42.534387" lon="-2.653274">
      <ele>515.9</ele>
    </trkpt>
    <trkpt lat="42.534513" lon="-2.653328">
      <ele>516.5</ele>
    </trkpt>
    <trkpt lat="42.534648" lon="-2.653338">
      <ele>517</ele>
    </trkpt>
    <trkpt lat="42.535138" lon="-2.653156">
      <ele>518.7</ele>
    </trkpt>
    <trkpt lat="42.535517" lon="-2.653124">
      <ele>519.8</ele>
    </trkpt>
    <trkpt lat="42.53566" lon="-2.653188">
      <ele>520.1</ele>
    </trkpt>
    <trkpt lat="42.53596" lon="-2.653188">
      <ele>520.5</ele>
    </trkpt>
    <trkpt lat="42.536687" lon="-2.653435">
      <ele>519.9</ele>
    </trkpt>
    <trkpt lat="42.536853" lon="-2.653542">
      <ele>519.5</ele>
    </trkpt>
    <trkpt lat="42.537019" lon="-2.653853">
      <ele>518.8</ele>
    </trkpt>
    <trkpt lat="42.537154" lon="-2.654208">
      <ele>518</ele>
    </trkpt>
    <trkpt lat="42.537375" lon="-2.654411">
      <ele>517.2</ele>
    </trkpt>
    <trkpt lat="42.537502" lon="-2.654486">
      <ele>516.7</ele>
    </trkpt>
    <trkpt lat="42.537715" lon="-2.654723">
      <ele>515.8</ele>
    </trkpt>
    <trkpt lat="42.537922" lon="-2.654905">
      <ele>515</ele>
    </trkpt>
    <trkpt lat="42.538072" lon="-2.654908">
      <ele>514.5</ele>
    </trkpt>
    <trkpt lat="42.538349" lon="-2.654752">
      <ele>513.5</ele>
    </trkpt>
    <trkpt lat="42.538436" lon="-2.654739">
      <ele>513.3</ele>
    </trkpt>
    <trkpt lat="42.538569" lon="-2.654776">
      <ele>512.9</ele>
    </trkpt>
    <trkpt lat="42.538675" lon="-2.65486">
      <ele>512.5</ele>
    </trkpt>
    <trkpt lat="42.538798" lon="-2.655001">
      <ele>511.9</ele>
    </trkpt>
    <trkpt lat="42.53928" lon="-2.655752">
      <ele>509.6</ele>
    </trkpt>
    <trkpt lat="42.539584" lon="-2.656273">
      <ele>508.9</ele>
    </trkpt>
    <trkpt lat="42.539659" lon="-2.656336">
      <ele>508.8</ele>
    </trkpt>
    <trkpt lat="42.539551" lon="-2.655482">
      <ele>509</ele>
    </trkpt>
    <trkpt lat="42.539522" lon="-2.654955">
      <ele>510.3</ele>
    </trkpt>
    <trkpt lat="42.539531" lon="-2.654656">
      <ele>511.4</ele>
    </trkpt>
    <trkpt lat="42.5395" lon="-2.654525">
      <ele>511.9</ele>
    </trkpt>
    <trkpt lat="42.539386" lon="-2.654362">
      <ele>512.8</ele>
    </trkpt>
    <trkpt lat="42.539104" lon="-2.653759">
      <ele>515.6</ele>
    </trkpt>
    <trkpt lat="42.538964" lon="-2.653524">
      <ele>516.9</ele>
    </trkpt>
    <trkpt lat="42.538938" lon="-2.653381">
      <ele>517.5</ele>
    </trkpt>
    <trkpt lat="42.538979" lon="-2.653193">
      <ele>518.4</ele>
    </trkpt>
    <trkpt lat="42.539116" lon="-2.652859">
      <ele>520.3</ele>
    </trkpt>
    <trkpt lat="42.539189" lon="-2.652583">
      <ele>521.7</ele>
    </trkpt>
    <trkpt lat="42.539385" lon="-2.652055">
      <ele>524.6</ele>
    </trkpt>
    <trkpt lat="42.5394" lon="-2.65186">
      <ele>525.5</ele>
    </trkpt>
    <trkpt lat="42.53938" lon="-2.651632">
      <ele>526.7</ele>
    </trkpt>
    <trkpt lat="42.53933" lon="-2.651422">
      <ele>527.8</ele>
    </trkpt>
    <trkpt lat="42.539285" lon="-2.651329">
      <ele>528.3</ele>
    </trkpt>
    <trkpt lat="42.538782" lon="-2.650459">
      <ele>532.5</ele>
    </trkpt>
    <trkpt lat="42.538694" lon="-2.650094">
      <ele>533.2</ele>
    </trkpt>
    <trkpt lat="42.538633" lon="-2.649827">
      <ele>533.5</ele>
    </trkpt>
    <trkpt lat="42.538473" lon="-2.649409">
      <ele>533.5</ele>
    </trkpt>
    <trkpt lat="42.538311" lon="-2.648832">
      <ele>532.6</ele>
    </trkpt>
    <trkpt lat="42.538241" lon="-2.64865">
      <ele>532.2</ele>
    </trkpt>
    <trkpt lat="42.538132" lon="-2.648503">
      <ele>531.8</ele>
    </trkpt>
    <trkpt lat="42.537866" lon="-2.648318">
      <ele>531.1</ele>
    </trkpt>
    <trkpt lat="42.537828" lon="-2.64826">
      <ele>530.9</ele>
    </trkpt>
    <trkpt lat="42.537821" lon="-2.648174">
      <ele>530.8</ele>
    </trkpt>
    <trkpt lat="42.537887" lon="-2.647507">
      <ele>530</ele>
    </trkpt>
    <trkpt lat="42.538148" lon="-2.646203">
      <ele>529.4</ele>
    </trkpt>
    <trkpt lat="42.538159" lon="-2.646168">
      <ele>529.4</ele>
    </trkpt>
    <trkpt lat="42.538411" lon="-2.645358">
      <ele>529.6</ele>
    </trkpt>
    <trkpt lat="42.538434" lon="-2.645307">
      <ele>529.6</ele>
    </trkpt>
    <trkpt lat="42.538592" lon="-2.645215">
      <ele>529.6</ele>
    </trkpt>
    <trkpt lat="42.538626" lon="-2.645297">
      <ele>529.7</ele>
    </trkpt>
    <trkpt lat="42.539259" lon="-2.645853">
      <ele>529.8</ele>
    </trkpt>
    <trkpt lat="42.539659" lon="-2.646417">
      <ele>529.7</ele>
    </trkpt>
    <trkpt lat="42.539897" lon="-2.646688">
      <ele>529.5</ele>
    </trkpt>
    <trkpt lat="42.540503" lon="-2.647169">
      <ele>528.8</ele>
    </trkpt>
    <trkpt lat="42.540778" lon="-2.647557">
      <ele>528.3</ele>
    </trkpt>
    <trkpt lat="42.540973" lon="-2.64777">
      <ele>528</ele>
    </trkpt>
    <trkpt lat="42.541159" lon="-2.647844">
      <ele>527.7</ele>
    </trkpt>
    <trkpt lat="42.541516" lon="-2.64789">
      <ele>527.3</ele>
    </trkpt>
    <trkpt lat="42.541956" lon="-2.648112">
      <ele>526.8</ele>
    </trkpt>
    <trkpt lat="42.542008" lon="-2.648164">
      <ele>526.7</ele>
    </trkpt>
    <trkpt lat="42.542054" lon="-2.648337">
      <ele>526.6</ele>
    </trkpt>
    <trkpt lat="42.542047" lon="-2.648454">
      <ele>526.5</ele>
    </trkpt>
    <trkpt lat="42.541719" lon="-2.650122">
      <ele>525.4</ele>
    </trkpt>
    <trkpt lat="42.541964" lon="-2.650116">
      <ele>525.2</ele>
    </trkpt>
    <trkpt lat="42.542679" lon="-2.64974">
      <ele>524.6</ele>
    </trkpt>
    <trkpt lat="42.542718" lon="-2.649688">
      <ele>524.5</ele>
    </trkpt>
    <trkpt lat="42.542734" lon="-2.649586">
      <ele>524.4</ele>
    </trkpt>
    <trkpt lat="42.542718" lon="-2.649327">
      <ele>524.2</ele>
    </trkpt>
    <trkpt lat="42.542761" lon="-2.649247">
      <ele>524.2</ele>
    </trkpt>
    <trkpt lat="42.542845" lon="-2.649226">
      <ele>524.1</ele>
    </trkpt>
    <trkpt lat="42.544777" lon="-2.649558">
      <ele>521.1</ele>
    </trkpt>
    <trkpt lat="42.544879" lon="-2.649623">
      <ele>520.9</ele>
    </trkpt>
    <trkpt lat="42.54497" lon="-2.649762">
      <ele>520.6</ele>
    </trkpt>
    <trkpt lat="42.545047" lon="-2.650178">
      <ele>519.9</ele>
    </trkpt>
    <trkpt lat="42.545197" lon="-2.65047">
      <ele>519.4</ele>
    </trkpt>
    <trkpt lat="42.545635" lon="-2.651487">
      <ele>518.2</ele>
    </trkpt>
    <trkpt lat="42.545691" lon="-2.651567">
      <ele>518.1</ele>
    </trkpt>
    <trkpt lat="42.545791" lon="-2.651638">
      <ele>517.9</ele>
    </trkpt>
    <trkpt lat="42.54635" lon="-2.65194">
      <ele>516.4</ele>
    </trkpt>
    <trkpt lat="42.546502" lon="-2.652042">
      <ele>515.7</ele>
    </trkpt>
    <trkpt lat="42.546661" lon="-2.652091">
      <ele>514.9</ele>
    </trkpt>
    <trkpt lat="42.546856" lon="-2.652818">
      <ele>510.8</ele>
    </trkpt>
    <trkpt lat="42.546872" lon="-2.652941">
      <ele>510</ele>
    </trkpt>
    <trkpt lat="42.54682" lon="-2.653533">
      <ele>505.4</ele>
    </trkpt>
    <trkpt lat="42.546847" lon="-2.65377">
      <ele>503.5</ele>
    </trkpt>
    <trkpt lat="42.546838" lon="-2.654032">
      <ele>501.6</ele>
    </trkpt>
    <trkpt lat="42.546797" lon="-2.6543">
      <ele>499.8</ele>
    </trkpt>
    <trkpt lat="42.546804" lon="-2.65438">
      <ele>499.3</ele>
    </trkpt>
    <trkpt lat="42.546867" lon="-2.654543">
      <ele>498.3</ele>
    </trkpt>
    <trkpt lat="42.54681" lon="-2.654861">
      <ele>496.8</ele>
    </trkpt>
    <trkpt lat="42.546781" lon="-2.655502">
      <ele>495.6</ele>
    </trkpt>
    <trkpt lat="42.546788" lon="-2.655625">
      <ele>495.6</ele>
    </trkpt>
    <trkpt lat="42.546906" lon="-2.656084">
      <ele>496.4</ele>
    </trkpt>
    <trkpt lat="42.546901" lon="-2.656183">
      <ele>496.6</ele>
    </trkpt>
    <trkpt lat="42.546858" lon="-2.656238">
      <ele>496.9</ele>
    </trkpt>
    <trkpt lat="42.546645" lon="-2.656244">
      <ele>498</ele>
    </trkpt>
    <trkpt lat="42.546582" lon="-2.656286">
      <ele>498.3</ele>
    </trkpt>
    <trkpt lat="42.546552" lon="-2.656306">
      <ele>498.5</ele>
    </trkpt>
    <trkpt lat="42.546495" lon="-2.656395">
      <ele>499</ele>
    </trkpt>
    <trkpt lat="42.546461" lon="-2.65654">
      <ele>499.6</ele>
    </trkpt>
    <trkpt lat="42.546699" lon="-2.656435">
      <ele>501.2</ele>
    </trkpt>
    <trkpt lat="42.54709" lon="-2.656414">
      <ele>503.6</ele>
    </trkpt>
    <trkpt lat="42.547566" lon="-2.656466">
      <ele>506.3</ele>
    </trkpt>
    <trkpt lat="42.547916" lon="-2.656577">
      <ele>508</ele>
    </trkpt>
    <trkpt lat="42.548497" lon="-2.65707">
      <ele>510.9</ele>
    </trkpt>
    <trkpt lat="42.54867" lon="-2.657289">
      <ele>511.8</ele>
    </trkpt>
    <trkpt lat="42.548858" lon="-2.657637">
      <ele>512.7</ele>
    </trkpt>
    <trkpt lat="42.548971" lon="-2.657791">
      <ele>513.1</ele>
    </trkpt>
    <trkpt lat="42.549064" lon="-2.657868">
      <ele>513.3</ele>
    </trkpt>
    <trkpt lat="42.549016" lon="-2.658123">
      <ele>513.7</ele>
    </trkpt>
    <trkpt lat="42.548819" lon="-2.658777">
      <ele>514.6</ele>
    </trkpt>
    <trkpt lat="42.54875" lon="-2.659091">
      <ele>515</ele>
    </trkpt>
    <trkpt lat="42.549682" lon="-2.659344">
      <ele>517.4</ele>
    </trkpt>
    <trkpt lat="42.550034" lon="-2.659301">
      <ele>518.6</ele>
    </trkpt>
    <trkpt lat="42.55046" lon="-2.659331">
      <ele>519.9</ele>
    </trkpt>
    <trkpt lat="42.550876" lon="-2.659248">
      <ele>520.9</ele>
    </trkpt>
    <trkpt lat="42.551355" lon="-2.659341">
      <ele>521.7</ele>
    </trkpt>
    <trkpt lat="42.551568" lon="-2.659439">
      <ele>522</ele>
    </trkpt>
    <trkpt lat="42.552049" lon="-2.659507">
      <ele>522.3</ele>
    </trkpt>
    <trkpt lat="42.552222" lon="-2.659408">
      <ele>522.4</ele>
    </trkpt>
    <trkpt lat="42.552383" lon="-2.659248">
      <ele>522.5</ele>
    </trkpt>
    <trkpt lat="42.552546" lon="-2.659193">
      <ele>522.6</ele>
    </trkpt>
    <trkpt lat="42.552962" lon="-2.659196">
      <ele>522.8</ele>
    </trkpt>
    <trkpt lat="42.553243" lon="-2.659356">
      <ele>522.9</ele>
    </trkpt>
    <trkpt lat="42.553372" lon="-2.659359">
      <ele>523</ele>
    </trkpt>
    <trkpt lat="42.553477" lon="-2.659313">
      <ele>523.1</ele>
    </trkpt>
    <trkpt lat="42.553631" lon="-2.659177">
      <ele>523.3</ele>
    </trkpt>
    <trkpt lat="42.553969" lon="-2.658811">
      <ele>523.9</ele>
    </trkpt>
    <trkpt lat="42.554015" lon="-2.658604">
      <ele>524.2</ele>
    </trkpt>
    <trkpt lat="42.554049" lon="-2.658228">
      <ele>524.8</ele>
    </trkpt>
    <trkpt lat="42.554096" lon="-2.658074">
      <ele>525.2</ele>
    </trkpt>
    <trkpt lat="42.554323" lon="-2.657658">
      <ele>526.4</ele>
    </trkpt>
    <trkpt lat="42.55438" lon="-2.657433">
      <ele>527.1</ele>
    </trkpt>
    <trkpt lat="42.554387" lon="-2.657067">
      <ele>528.1</ele>
    </trkpt>
    <trkpt lat="42.554346" lon="-2.656793">
      <ele>529</ele>
    </trkpt>
    <trkpt lat="42.554239" lon="-2.656463">
      <ele>530</ele>
    </trkpt>
    <trkpt lat="42.554099" lon="-2.655788">
      <ele>531.4</ele>
    </trkpt>
    <trkpt lat="42.554092" lon="-2.655576">
      <ele>531.8</ele>
    </trkpt>
    <trkpt lat="42.554121" lon="-2.655483">
      <ele>531.9</ele>
    </trkpt>
    <trkpt lat="42.554141" lon="-2.655456">
      <ele>531.9</ele>
    </trkpt>
    <trkpt lat="42.554174" lon="-2.655412">
      <ele>532</ele>
    </trkpt>
    <trkpt lat="42.554237" lon="-2.655357">
      <ele>532.1</ele>
    </trkpt>
    <trkpt lat="42.554426" lon="-2.655286">
      <ele>532.3</ele>
    </trkpt>
    <trkpt lat="42.554673" lon="-2.65524">
      <ele>532.5</ele>
    </trkpt>
    <trkpt lat="42.555063" lon="-2.654938">
      <ele>532.7</ele>
    </trkpt>
    <trkpt lat="42.555333" lon="-2.654771">
      <ele>532.7</ele>
    </trkpt>
    <trkpt lat="42.55561" lon="-2.654673">
      <ele>532.8</ele>
    </trkpt>
    <trkpt lat="42.555805" lon="-2.654645">
      <ele>532.8</ele>
    </trkpt>
    <trkpt lat="42.556209" lon="-2.654734">
      <ele>532.9</ele>
    </trkpt>
    <trkpt lat="42.556573" lon="-2.65471">
      <ele>532.9</ele>
    </trkpt>
    <trkpt lat="42.556754" lon="-2.654654">
      <ele>533</ele>
    </trkpt>
    <trkpt lat="42.556811" lon="-2.654673">
      <ele>533</ele>
    </trkpt>
    <trkpt lat="42.557075" lon="-2.654832">
      <ele>533.4</ele>
    </trkpt>
    <trkpt lat="42.557117" lon="-2.654885">
      <ele>533.5</ele>
    </trkpt>
    <trkpt lat="42.557179" lon="-2.655034">
      <ele>533.7</ele>
    </trkpt>
    <trkpt lat="42.557218" lon="-2.655253">
      <ele>534.1</ele>
    </trkpt>
    <trkpt lat="42.557271" lon="-2.655399">
      <ele>534.4</ele>
    </trkpt>
    <trkpt lat="42.557395" lon="-2.655145">
      <ele>535.1</ele>
    </trkpt>
    <trkpt lat="42.55775" lon="-2.654573">
      <ele>537.1</ele>
    </trkpt>
    <trkpt lat="42.558082" lon="-2.653736">
      <ele>540</ele>
    </trkpt>
    <trkpt lat="42.558169" lon="-2.653318">
      <ele>540.8</ele>
    </trkpt>
    <trkpt lat="42.55824" lon="-2.653125">
      <ele>541.1</ele>
    </trkpt>
    <trkpt lat="42.558345" lon="-2.652611">
      <ele>541</ele>
    </trkpt>
    <trkpt lat="42.558256" lon="-2.652213">
      <ele>540.7</ele>
    </trkpt>
    <trkpt lat="42.558256" lon="-2.65203">
      <ele>540.6</ele>
    </trkpt>
    <trkpt lat="42.558428" lon="-2.651543">
      <ele>540.3</ele>
    </trkpt>
    <trkpt lat="42.558595" lon="-2.651246">
      <ele>540.3</ele>
    </trkpt>
    <trkpt lat="42.558729" lon="-2.651275">
      <ele>540.4</ele>
    </trkpt>
    <trkpt lat="42.559132" lon="-2.650987">
      <ele>541.2</ele>
    </trkpt>
    <trkpt lat="42.559566" lon="-2.650859">
      <ele>542.7</ele>
    </trkpt>
    <trkpt lat="42.559743" lon="-2.650905">
      <ele>543.6</ele>
    </trkpt>
    <trkpt lat="42.560226" lon="-2.651247">
      <ele>546.2</ele>
    </trkpt>
    <trkpt lat="42.561439" lon="-2.651594">
      <ele>551.7</ele>
    </trkpt>
    <trkpt lat="42.561516" lon="-2.651677">
      <ele>552.1</ele>
    </trkpt>
    <trkpt lat="42.561585" lon="-2.652054">
      <ele>553.4</ele>
    </trkpt>
    <trkpt lat="42.561893" lon="-2.652606">
      <ele>555.8</ele>
    </trkpt>
    <trkpt lat="42.56214" lon="-2.653365">
      <ele>558.3</ele>
    </trkpt>
    <trkpt lat="42.56226" lon="-2.653604">
      <ele>559.1</ele>
    </trkpt>
    <trkpt lat="42.562482" lon="-2.6538">
      <ele>560</ele>
    </trkpt>
    <trkpt lat="42.56312" lon="-2.654089">
      <ele>561.8</ele>
    </trkpt>
    <trkpt lat="42.563185" lon="-2.654145">
      <ele>562</ele>
    </trkpt>
    <trkpt lat="42.563404" lon="-2.654196">
      <ele>562.6</ele>
    </trkpt>
    <trkpt lat="42.563941" lon="-2.654454">
      <ele>564.1</ele>
    </trkpt>
    <trkpt lat="42.564277" lon="-2.654571">
      <ele>565.1</ele>
    </trkpt>
    <trkpt lat="42.56494" lon="-2.65466">
      <ele>567.5</ele>
    </trkpt>
    <trkpt lat="42.565042" lon="-2.654639">
      <ele>567.9</ele>
    </trkpt>
    <trkpt lat="42.565308" lon="-2.6545">
      <ele>569.2</ele>
    </trkpt>
    <trkpt lat="42.566027" lon="-2.653982">
      <ele>573.2</ele>
    </trkpt>
    <trkpt lat="42.566372" lon="-2.653779">
      <ele>575.1</ele>
    </trkpt>
    <trkpt lat="42.566382" lon="-2.65377">
      <ele>575.1</ele>
    </trkpt>
    <trkpt lat="42.566624" lon="-2.653557">
      <ele>576.4</ele>
    </trkpt>
    <trkpt lat="42.566837" lon="-2.653326">
      <ele>577.3</ele>
    </trkpt>
    <trkpt lat="42.566933" lon="-2.653185">
      <ele>577.7</ele>
    </trkpt>
    <trkpt lat="42.566926" lon="-2.652197">
      <ele>578.5</ele>
    </trkpt>
    <trkpt lat="42.566965" lon="-2.651612">
      <ele>577.7</ele>
    </trkpt>
    <trkpt lat="42.567023" lon="-2.651198">
      <ele>576.7</ele>
    </trkpt>
    <trkpt lat="42.567026" lon="-2.65096">
      <ele>576</ele>
    </trkpt>
    <trkpt lat="42.567005" lon="-2.650707">
      <ele>575.2</ele>
    </trkpt>
    <trkpt lat="42.56685" lon="-2.649855">
      <ele>572.7</ele>
    </trkpt>
    <trkpt lat="42.566847" lon="-2.649717">
      <ele>572.4</ele>
    </trkpt>
    <trkpt lat="42.567027" lon="-2.649017">
      <ele>571.6</ele>
    </trkpt>
    <trkpt lat="42.567024" lon="-2.648589">
      <ele>571.8</ele>
    </trkpt>
    <trkpt lat="42.566918" lon="-2.64804">
      <ele>572.7</ele>
    </trkpt>
    <trkpt lat="42.56675" lon="-2.64781">
      <ele>573.3</ele>
    </trkpt>
    <trkpt lat="42.566443" lon="-2.647076">
      <ele>574.5</ele>
    </trkpt>
    <trkpt lat="42.566398" lon="-2.646921">
      <ele>574.6</ele>
    </trkpt>
    <trkpt lat="42.566316" lon="-2.646202">
      <ele>573.8</ele>
    </trkpt>
    <trkpt lat="42.566316" lon="-2.645896">
      <ele>573.1</ele>
    </trkpt>
    <trkpt lat="42.56636" lon="-2.645681">
      <ele>572.5</ele>
    </trkpt>
    <trkpt lat="42.566671" lon="-2.645163">
      <ele>570.8</ele>
    </trkpt>
    <trkpt lat="42.566672" lon="-2.645043">
      <ele>570.6</ele>
    </trkpt>
    <trkpt lat="42.566617" lon="-2.644875">
      <ele>570.2</ele>
    </trkpt>
    <trkpt lat="42.56638" lon="-2.644553">
      <ele>569.7</ele>
    </trkpt>
    <trkpt lat="42.566088" lon="-2.644317">
      <ele>569.6</ele>
    </trkpt>
    <trkpt lat="42.565977" lon="-2.644167">
      <ele>569.7</ele>
    </trkpt>
    <trkpt lat="42.56589" lon="-2.643866">
      <ele>569.9</ele>
    </trkpt>
    <trkpt lat="42.565843" lon="-2.64355">
      <ele>570.2</ele>
    </trkpt>
    <trkpt lat="42.565803" lon="-2.643469">
      <ele>570.3</ele>
    </trkpt>
    <trkpt lat="42.565392" lon="-2.642396">
      <ele>570.4</ele>
    </trkpt>
    <trkpt lat="42.565187" lon="-2.641708">
      <ele>569</ele>
    </trkpt>
    <trkpt lat="42.565124" lon="-2.6413">
      <ele>567.9</ele>
    </trkpt>
    <trkpt lat="42.565108" lon="-2.64027">
      <ele>564.7</ele>
    </trkpt>
    <trkpt lat="42.564966" lon="-2.63997">
      <ele>563.5</ele>
    </trkpt>
    <trkpt lat="42.56465" lon="-2.639498">
      <ele>561.4</ele>
    </trkpt>
    <trkpt lat="42.564507" lon="-2.639197">
      <ele>560.2</ele>
    </trkpt>
    <trkpt lat="42.564428" lon="-2.638919">
      <ele>559.3</ele>
    </trkpt>
    <trkpt lat="42.564507" lon="-2.637867">
      <ele>556.1</ele>
    </trkpt>
    <trkpt lat="42.564413" lon="-2.637481">
      <ele>555.4</ele>
    </trkpt>
    <trkpt lat="42.564239" lon="-2.637159">
      <ele>555.2</ele>
    </trkpt>
    <trkpt lat="42.564239" lon="-2.636987">
      <ele>555.2</ele>
    </trkpt>
    <trkpt lat="42.564571" lon="-2.63673">
      <ele>556</ele>
    </trkpt>
    <trkpt lat="42.56476" lon="-2.636215">
      <ele>557.7</ele>
    </trkpt>
    <trkpt lat="42.564776" lon="-2.636">
      <ele>558.6</ele>
    </trkpt>
    <trkpt lat="42.564618" lon="-2.635829">
      <ele>560</ele>
    </trkpt>
    <trkpt lat="42.564472" lon="-2.635537">
      <ele>561.8</ele>
    </trkpt>
    <trkpt lat="42.56468" lon="-2.635434">
      <ele>563.4</ele>
    </trkpt>
    <trkpt lat="42.564792" lon="-2.63533">
      <ele>564.2</ele>
    </trkpt>
    <trkpt lat="42.564924" lon="-2.635007">
      <ele>565.7</ele>
    </trkpt>
    <trkpt lat="42.565122" lon="-2.634604">
      <ele>567.2</ele>
    </trkpt>
    <trkpt lat="42.565032" lon="-2.634106">
      <ele>568.6</ele>
    </trkpt>
    <trkpt lat="42.564924" lon="-2.6337">
      <ele>569.5</ele>
    </trkpt>
    <trkpt lat="42.564922" lon="-2.633459">
      <ele>569.7</ele>
    </trkpt>
    <trkpt lat="42.564993" lon="-2.633229">
      <ele>569.8</ele>
    </trkpt>
    <trkpt lat="42.565103" lon="-2.633009">
      <ele>569.8</ele>
    </trkpt>
    <trkpt lat="42.565352" lon="-2.632848">
      <ele>570</ele>
    </trkpt>
    <trkpt lat="42.565412" lon="-2.632719">
      <ele>570</ele>
    </trkpt>
    <trkpt lat="42.565479" lon="-2.632306">
      <ele>570.3</ele>
    </trkpt>
    <trkpt lat="42.565558" lon="-2.632193">
      <ele>570.3</ele>
    </trkpt>
    <trkpt lat="42.565827" lon="-2.632027">
      <ele>570.5</ele>
    </trkpt>
    <trkpt lat="42.566131" lon="-2.63192">
      <ele>570.4</ele>
    </trkpt>
    <trkpt lat="42.566561" lon="-2.631453">
      <ele>570.1</ele>
    </trkpt>
    <trkpt lat="42.566968" lon="-2.631174">
      <ele>570.5</ele>
    </trkpt>
    <trkpt lat="42.567036" lon="-2.631067">
      <ele>570.7</ele>
    </trkpt>
    <trkpt lat="42.567063" lon="-2.630911">
      <ele>570.9</ele>
    </trkpt>
    <trkpt lat="42.567043" lon="-2.630718">
      <ele>571.2</ele>
    </trkpt>
    <trkpt lat="42.566939" lon="-2.630299">
      <ele>572.3</ele>
    </trkpt>
    <trkpt lat="42.567049" lon="-2.630166">
      <ele>572.9</ele>
    </trkpt>
    <trkpt lat="42.567337" lon="-2.629599">
      <ele>575.7</ele>
    </trkpt>
    <trkpt lat="42.567408" lon="-2.629505">
      <ele>576.3</ele>
    </trkpt>
    <trkpt lat="42.567498" lon="-2.629435">
      <ele>577.1</ele>
    </trkpt>
    <trkpt lat="42.567815" lon="-2.62932">
      <ele>579.8</ele>
    </trkpt>
    <trkpt lat="42.567949" lon="-2.629238">
      <ele>581</ele>
    </trkpt>
    <trkpt lat="42.568343" lon="-2.628737">
      <ele>585.1</ele>
    </trkpt>
    <trkpt lat="42.5686" lon="-2.62846">
      <ele>587.3</ele>
    </trkpt>
    <trkpt lat="42.568713" lon="-2.62828">
      <ele>588.3</ele>
    </trkpt>
    <trkpt lat="42.568936" lon="-2.627798">
      <ele>590.4</ele>
    </trkpt>
    <trkpt lat="42.569294" lon="-2.627269">
      <ele>592.6</ele>
    </trkpt>
    <trkpt lat="42.569416" lon="-2.626996">
      <ele>593.4</ele>
    </trkpt>
    <trkpt lat="42.569505" lon="-2.626604">
      <ele>594.4</ele>
    </trkpt>
    <trkpt lat="42.569501" lon="-2.626374">
      <ele>595</ele>
    </trkpt>
    <trkpt lat="42.569452" lon="-2.625934">
      <ele>596.3</ele>
    </trkpt>
    <trkpt lat="42.569454" lon="-2.625813">
      <ele>596.6</ele>
    </trkpt>
    <trkpt lat="42.569521" lon="-2.625496">
      <ele>597.7</ele>
    </trkpt>
    <trkpt lat="42.56961" lon="-2.625296">
      <ele>598.5</ele>
    </trkpt>
    <trkpt lat="42.569893" lon="-2.624842">
      <ele>600.4</ele>
    </trkpt>
    <trkpt lat="42.570197" lon="-2.624281">
      <ele>602.7</ele>
    </trkpt>
    <trkpt lat="42.57075" lon="-2.6231">
      <ele>607</ele>
    </trkpt>
    <trkpt lat="42.570902" lon="-2.622932">
      <ele>607.8</ele>
    </trkpt>
    <trkpt lat="42.571122" lon="-2.622747">
      <ele>608.9</ele>
    </trkpt>
    <trkpt lat="42.571342" lon="-2.622452">
      <ele>610.3</ele>
    </trkpt>
    <trkpt lat="42.571642" lon="-2.62234">
      <ele>611.6</ele>
    </trkpt>
    <trkpt lat="42.571836" lon="-2.622187">
      <ele>612.4</ele>
    </trkpt>
    <trkpt lat="42.572093" lon="-2.621916">
      <ele>613.5</ele>
    </trkpt>
    <trkpt lat="42.572295" lon="-2.621652">
      <ele>614.3</ele>
    </trkpt>
    <trkpt lat="42.572418" lon="-2.621595">
      <ele>614.5</ele>
    </trkpt>
    <trkpt lat="42.573042" lon="-2.621671">
      <ele>614.5</ele>
    </trkpt>
    <trkpt lat="42.573173" lon="-2.621658">
      <ele>614.2</ele>
    </trkpt>
    <trkpt lat="42.573251" lon="-2.621619">
      <ele>614</ele>
    </trkpt>
    <trkpt lat="42.573171" lon="-2.621379">
      <ele>613.3</ele>
    </trkpt>
    <trkpt lat="42.573127" lon="-2.62111">
      <ele>612.5</ele>
    </trkpt>
    <trkpt lat="42.573181" lon="-2.620494">
      <ele>610.3</ele>
    </trkpt>
    <trkpt lat="42.57316" lon="-2.620328">
      <ele>609.6</ele>
    </trkpt>
    <trkpt lat="42.573115" lon="-2.620203">
      <ele>609</ele>
    </trkpt>
    <trkpt lat="42.57296" lon="-2.620009">
      <ele>607.8</ele>
    </trkpt>
    <trkpt lat="42.572415" lon="-2.619636">
      <ele>604.3</ele>
    </trkpt>
    <trkpt lat="42.572201" lon="-2.619381">
      <ele>602.8</ele>
    </trkpt>
    <trkpt lat="42.571903" lon="-2.618782">
      <ele>600</ele>
    </trkpt>
    <trkpt lat="42.571587" lon="-2.617899">
      <ele>596.3</ele>
    </trkpt>
    <trkpt lat="42.571337" lon="-2.61744">
      <ele>594.3</ele>
    </trkpt>
    <trkpt lat="42.571156" lon="-2.61749">
      <ele>593.5</ele>
    </trkpt>
    <trkpt lat="42.570825" lon="-2.617434">
      <ele>592.1</ele>
    </trkpt>
    <trkpt lat="42.570371" lon="-2.617423">
      <ele>590.7</ele>
    </trkpt>
    <trkpt lat="42.570181" lon="-2.61745">
      <ele>590.2</ele>
    </trkpt>
    <trkpt lat="42.570019" lon="-2.617514">
      <ele>589.8</ele>
    </trkpt>
    <trkpt lat="42.569853" lon="-2.617632">
      <ele>589.4</ele>
    </trkpt>
    <trkpt lat="42.569457" lon="-2.618085">
      <ele>587.8</ele>
    </trkpt>
    <trkpt lat="42.569296" lon="-2.618196">
      <ele>587.2</ele>
    </trkpt>
    <trkpt lat="42.569174" lon="-2.618228">
      <ele>586.8</ele>
    </trkpt>
    <trkpt lat="42.568967" lon="-2.618342">
      <ele>586</ele>
    </trkpt>
    <trkpt lat="42.568818" lon="-2.618475">
      <ele>585.3</ele>
    </trkpt>
    <trkpt lat="42.568667" lon="-2.618686">
      <ele>584.5</ele>
    </trkpt>
    <trkpt lat="42.568572" lon="-2.619027">
      <ele>583.4</ele>
    </trkpt>
    <trkpt lat="42.568351" lon="-2.61985">
      <ele>580.9</ele>
    </trkpt>
    <trkpt lat="42.568316" lon="-2.620111">
      <ele>580.2</ele>
    </trkpt>
    <trkpt lat="42.568339" lon="-2.620381">
      <ele>579.5</ele>
    </trkpt>
    <trkpt lat="42.568458" lon="-2.620996">
      <ele>578</ele>
    </trkpt>
    <trkpt lat="42.568455" lon="-2.621232">
      <ele>577.5</ele>
    </trkpt>
    <trkpt lat="42.568387" lon="-2.621491">
      <ele>577</ele>
    </trkpt>
    <trkpt lat="42.568296" lon="-2.62177">
      <ele>576.4</ele>
    </trkpt>
    <trkpt lat="42.567815" lon="-2.622626">
      <ele>574.6</ele>
    </trkpt>
    <trkpt lat="42.567703" lon="-2.6228">
      <ele>574.3</ele>
    </trkpt>
    <trkpt lat="42.567478" lon="-2.622983">
      <ele>573.9</ele>
    </trkpt>
    <trkpt lat="42.5676" lon="-2.622049">
      <ele>573.6</ele>
    </trkpt>
    <trkpt lat="42.567661" lon="-2.621339">
      <ele>574.3</ele>
    </trkpt>
    <trkpt lat="42.567498" lon="-2.620728">
      <ele>575.4</ele>
    </trkpt>
    <trkpt lat="42.567297" lon="-2.620105">
      <ele>576.4</ele>
    </trkpt>
    <trkpt lat="42.567304" lon="-2.619963">
      <ele>576.5</ele>
    </trkpt>
    <trkpt lat="42.567399" lon="-2.61971">
      <ele>576.7</ele>
    </trkpt>
    <trkpt lat="42.567411" lon="-2.619464">
      <ele>576.6</ele>
    </trkpt>
    <trkpt lat="42.567384" lon="-2.619295">
      <ele>576.6</ele>
    </trkpt>
    <trkpt lat="42.567115" lon="-2.618533">
      <ele>575.7</ele>
    </trkpt>
    <trkpt lat="42.567009" lon="-2.617831">
      <ele>575.2</ele>
    </trkpt>
    <trkpt lat="42.56702" lon="-2.617693">
      <ele>575.2</ele>
    </trkpt>
    <trkpt lat="42.567096" lon="-2.617434">
      <ele>575.3</ele>
    </trkpt>
    <trkpt lat="42.567088" lon="-2.616849">
      <ele>575.3</ele>
    </trkpt>
    <trkpt lat="42.567115" lon="-2.616667">
      <ele>575.2</ele>
    </trkpt>
    <trkpt lat="42.567257" lon="-2.616261">
      <ele>575</ele>
    </trkpt>
    <trkpt lat="42.567265" lon="-2.616184">
      <ele>574.9</ele>
    </trkpt>
    <trkpt lat="42.567158" lon="-2.615811">
      <ele>574.3</ele>
    </trkpt>
    <trkpt lat="42.566898" lon="-2.614907">
      <ele>571.3</ele>
    </trkpt>
    <trkpt lat="42.566802" lon="-2.614405">
      <ele>569</ele>
    </trkpt>
    <trkpt lat="42.56676" lon="-2.614027">
      <ele>567.6</ele>
    </trkpt>
    <trkpt lat="42.566787" lon="-2.613386">
      <ele>565.9</ele>
    </trkpt>
    <trkpt lat="42.566739" lon="-2.613043">
      <ele>565.3</ele>
    </trkpt>
    <trkpt lat="42.566428" lon="-2.612338">
      <ele>565.2</ele>
    </trkpt>
    <trkpt lat="42.566171" lon="-2.611871">
      <ele>566.3</ele>
    </trkpt>
    <trkpt lat="42.566131" lon="-2.611747">
      <ele>566.7</ele>
    </trkpt>
    <trkpt lat="42.56615" lon="-2.611616">
      <ele>567</ele>
    </trkpt>
    <trkpt lat="42.566653" lon="-2.611114">
      <ele>569.6</ele>
    </trkpt>
    <trkpt lat="42.566646" lon="-2.610847">
      <ele>570.4</ele>
    </trkpt>
    <trkpt lat="42.566578" lon="-2.610632">
      <ele>571.2</ele>
    </trkpt>
    <trkpt lat="42.566179" lon="-2.609768">
      <ele>573.7</ele>
    </trkpt>
    <trkpt lat="42.5661" lon="-2.6095">
      <ele>574.1</ele>
    </trkpt>
    <trkpt lat="42.566041" lon="-2.608352">
      <ele>574.9</ele>
    </trkpt>
    <trkpt lat="42.566005" lon="-2.60803">
      <ele>575</ele>
    </trkpt>
    <trkpt lat="42.564979" lon="-2.606374">
      <ele>574.6</ele>
    </trkpt>
    <trkpt lat="42.564505" lon="-2.606293">
      <ele>573.8</ele>
    </trkpt>
    <trkpt lat="42.56376" lon="-2.606091">
      <ele>572.8</ele>
    </trkpt>
    <trkpt lat="42.563448" lon="-2.605957">
      <ele>572.6</ele>
    </trkpt>
    <trkpt lat="42.563113" lon="-2.605677">
      <ele>572.5</ele>
    </trkpt>
    <trkpt lat="42.562962" lon="-2.605485">
      <ele>572.6</ele>
    </trkpt>
    <trkpt lat="42.562825" lon="-2.60525">
      <ele>572.7</ele>
    </trkpt>
    <trkpt lat="42.562623" lon="-2.604904">
      <ele>573.1</ele>
    </trkpt>
    <trkpt lat="42.561602" lon="-2.603086">
      <ele>575.3</ele>
    </trkpt>
    <trkpt lat="42.561332" lon="-2.602626">
      <ele>575.7</ele>
    </trkpt>
    <trkpt lat="42.561247" lon="-2.602574">
      <ele>575.8</ele>
    </trkpt>
    <trkpt lat="42.561002" lon="-2.60258">
      <ele>576</ele>
    </trkpt>
    <trkpt lat="42.560145" lon="-2.602775">
      <ele>575.9</ele>
    </trkpt>
    <trkpt lat="42.560087" lon="-2.602801">
      <ele>575.9</ele>
    </trkpt>
    <trkpt lat="42.560072" lon="-2.602624">
      <ele>575.8</ele>
    </trkpt>
    <trkpt lat="42.560087" lon="-2.602801">
      <ele>575.7</ele>
    </trkpt>
    <trkpt lat="42.559766" lon="-2.60297">
      <ele>575.5</ele>
    </trkpt>
    <trkpt lat="42.559441" lon="-2.603217">
      <ele>575.4</ele>
    </trkpt>
    <trkpt lat="42.55879" lon="-2.603705">
      <ele>575.1</ele>
    </trkpt>
    <trkpt lat="42.558694" lon="-2.603732">
      <ele>575</ele>
    </trkpt>
    <trkpt lat="42.558685" lon="-2.603776">
      <ele>575</ele>
    </trkpt>
    <trkpt lat="42.558617" lon="-2.603808">
      <ele>575</ele>
    </trkpt>
    <trkpt lat="42.558579" lon="-2.603746">
      <ele>575</ele>
    </trkpt>
    <trkpt lat="42.558601" lon="-2.603672">
      <ele>575</ele>
    </trkpt>
    <trkpt lat="42.558584" lon="-2.603616">
      <ele>575</ele>
    </trkpt>
    <trkpt lat="42.558629" lon="-2.603216">
      <ele>574.9</ele>
    </trkpt>
    <trkpt lat="42.558694" lon="-2.602728">
      <ele>574.8</ele>
    </trkpt>
    <trkpt lat="42.558765" lon="-2.602592">
      <ele>574.8</ele>
    </trkpt>
    <trkpt lat="42.558919" lon="-2.601999">
      <ele>574.7</ele>
    </trkpt>
    <trkpt lat="42.558924" lon="-2.601849">
      <ele>574.7</ele>
    </trkpt>
    <trkpt lat="42.558735" lon="-2.600824">
      <ele>574.2</ele>
    </trkpt>
    <trkpt lat="42.558578" lon="-2.600381">
      <ele>573.6</ele>
    </trkpt>
    <trkpt lat="42.558086" lon="-2.599474">
      <ele>570.9</ele>
    </trkpt>
    <trkpt lat="42.558076" lon="-2.599412">
      <ele>570.7</ele>
    </trkpt>
    <trkpt lat="42.558013" lon="-2.599385">
      <ele>570.5</ele>
    </trkpt>
    <trkpt lat="42.557704" lon="-2.599059">
      <ele>568.7</ele>
    </trkpt>
    <trkpt lat="42.557153" lon="-2.598507">
      <ele>565.2</ele>
    </trkpt>
    <trkpt lat="42.556932" lon="-2.598335">
      <ele>563.8</ele>
    </trkpt>
    <trkpt lat="42.55679" lon="-2.597949">
      <ele>562</ele>
    </trkpt>
    <trkpt lat="42.556474" lon="-2.596715">
      <ele>556.4</ele>
    </trkpt>
    <trkpt lat="42.55637" lon="-2.596201">
      <ele>554.7</ele>
    </trkpt>
    <trkpt lat="42.556332" lon="-2.595868">
      <ele>554.1</ele>
    </trkpt>
    <trkpt lat="42.556326" lon="-2.595553">
      <ele>553.7</ele>
    </trkpt>
    <trkpt lat="42.556868" lon="-2.595529">
      <ele>553.8</ele>
    </trkpt>
    <trkpt lat="42.557046" lon="-2.595488">
      <ele>554.1</ele>
    </trkpt>
    <trkpt lat="42.557367" lon="-2.595345">
      <ele>554.8</ele>
    </trkpt>
    <trkpt lat="42.557914" lon="-2.595035">
      <ele>555.9</ele>
    </trkpt>
    <trkpt lat="42.557931" lon="-2.594867">
      <ele>556.1</ele>
    </trkpt>
    <trkpt lat="42.557866" lon="-2.594055">
      <ele>557.1</ele>
    </trkpt>
    <trkpt lat="42.558008" lon="-2.593288">
      <ele>558.4</ele>
    </trkpt>
    <trkpt lat="42.557976" lon="-2.593104">
      <ele>558.8</ele>
    </trkpt>
    <trkpt lat="42.557807" lon="-2.592966">
      <ele>559.5</ele>
    </trkpt>
    <trkpt lat="42.557774" lon="-2.592876">
      <ele>559.8</ele>
    </trkpt>
    <trkpt lat="42.557762" lon="-2.592788">
      <ele>560.1</ele>
    </trkpt>
    <trkpt lat="42.557834" lon="-2.592015">
      <ele>563.2</ele>
    </trkpt>
    <trkpt lat="42.557896" lon="-2.591599">
      <ele>565.2</ele>
    </trkpt>
    <trkpt lat="42.557914" lon="-2.590477">
      <ele>571</ele>
    </trkpt>
    <trkpt lat="42.557955" lon="-2.589851">
      <ele>574.9</ele>
    </trkpt>
    <trkpt lat="42.557945" lon="-2.589107">
      <ele>580.3</ele>
    </trkpt>
    <trkpt lat="42.557948" lon="-2.58772">
      <ele>593</ele>
    </trkpt>
    <trkpt lat="42.557863" lon="-2.587227">
      <ele>597.3</ele>
    </trkpt>
    <trkpt lat="42.557831" lon="-2.586803">
      <ele>600</ele>
    </trkpt>
    <trkpt lat="42.557954" lon="-2.586444">
      <ele>602.4</ele>
    </trkpt>
    <trkpt lat="42.557909" lon="-2.58647">
      <ele>602.7</ele>
    </trkpt>
    <trkpt lat="42.558025" lon="-2.586263">
      <ele>604.2</ele>
    </trkpt>
    <trkpt lat="42.558075" lon="-2.586044">
      <ele>605.3</ele>
    </trkpt>
    <trkpt lat="42.558074" lon="-2.585954">
      <ele>605.8</ele>
    </trkpt>
    <trkpt lat="42.557898" lon="-2.585556">
      <ele>607.7</ele>
    </trkpt>
    <trkpt lat="42.557738" lon="-2.585287">
      <ele>608.9</ele>
    </trkpt>
    <trkpt lat="42.557623" lon="-2.58517">
      <ele>609.5</ele>
    </trkpt>
    <trkpt lat="42.556968" lon="-2.584859">
      <ele>613.8</ele>
    </trkpt>
    <trkpt lat="42.55637" lon="-2.584694">
      <ele>618.7</ele>
    </trkpt>
    <trkpt lat="42.556356" lon="-2.58469">
      <ele>618.8</ele>
    </trkpt>
    <trkpt lat="42.555055" lon="-2.584387">
      <ele>627.5</ele>
    </trkpt>
    <trkpt lat="42.55495" lon="-2.584368">
      <ele>627.9</ele>
    </trkpt>
    <trkpt lat="42.554772" lon="-2.584336">
      <ele>628.6</ele>
    </trkpt>
    <trkpt lat="42.553894" lon="-2.584211">
      <ele>630.2</ele>
    </trkpt>
    </trkseg>
  </trk>
</gpx>
