<?xml version="1.0" encoding="UTF-8"?>
<gpx version="1.1" creator="fitAI Komoot downloader" xmlns="http://www.topografix.com/GPX/1/1">
  <metadata>
    <name>Monasterio de Herrera y Cruz de Motrico - Recorrido circular desde Sajazarra</name>
    <desc>60 visitas · Dificultad: difficult · Distancia: 47.2 km · Desnivel +: 1268 m</desc>
    <link href="https://www.komoot.com/smarttour/e38192258"><text>Komoot</text></link>
  </metadata>
  <trk>
    <name>Monasterio de Herrera y Cruz de Motrico - Recorrido circular desde Sajazarra</name>
    <type>mtb</type>
    <trkseg>
    <trkpt lat="42.587619" lon="-2.963044">
      <ele>514.5</ele>
    </trkpt>
    <trkpt lat="42.587548" lon="-2.962884">
      <ele>514.4</ele>
    </trkpt>
    <trkpt lat="42.587478" lon="-2.962821">
      <ele>514.4</ele>
    </trkpt>
    <trkpt lat="42.587861" lon="-2.962264">
      <ele>513.9</ele>
    </trkpt>
    <trkpt lat="42.587933" lon="-2.962161">
      <ele>513.8</ele>
    </trkpt>
    <trkpt lat="42.58799" lon="-2.962076">
      <ele>513.8</ele>
    </trkpt>
    <trkpt lat="42.588078" lon="-2.961956">
      <ele>513.8</ele>
    </trkpt>
    <trkpt lat="42.588099" lon="-2.961922">
      <ele>513.8</ele>
    </trkpt>
    <trkpt lat="42.588131" lon="-2.961871">
      <ele>513.8</ele>
    </trkpt>
    <trkpt lat="42.588198" lon="-2.961764">
      <ele>513.8</ele>
    </trkpt>
    <trkpt lat="42.588298" lon="-2.961583">
      <ele>513.9</ele>
    </trkpt>
    <trkpt lat="42.588488" lon="-2.961688">
      <ele>514.2</ele>
    </trkpt>
    <trkpt lat="42.588532" lon="-2.960712">
      <ele>515.4</ele>
    </trkpt>
    <trkpt lat="42.588726" lon="-2.960722">
      <ele>515.9</ele>
    </trkpt>
    <trkpt lat="42.588935" lon="-2.960721">
      <ele>516.4</ele>
    </trkpt>
    <trkpt lat="42.589143" lon="-2.96073">
      <ele>516.8</ele>
    </trkpt>
    <trkpt lat="42.589194" lon="-2.960291">
      <ele>517.2</ele>
    </trkpt>
    <trkpt lat="42.589242" lon="-2.959887">
      <ele>517.3</ele>
    </trkpt>
    <trkpt lat="42.589266" lon="-2.959775">
      <ele>517.3</ele>
    </trkpt>
    <trkpt lat="42.589314" lon="-2.959669">
      <ele>517.3</ele>
    </trkpt>
    <trkpt lat="42.589402" lon="-2.959577">
      <ele>517.2</ele>
    </trkpt>
    <trkpt lat="42.589476" lon="-2.959555">
      <ele>517.1</ele>
    </trkpt>
    <trkpt lat="42.589504" lon="-2.95955">
      <ele>517.1</ele>
    </trkpt>
    <trkpt lat="42.589601" lon="-2.959542">
      <ele>517</ele>
    </trkpt>
    <trkpt lat="42.589726" lon="-2.959392">
      <ele>516.9</ele>
    </trkpt>
    <trkpt lat="42.589844" lon="-2.959319">
      <ele>516.8</ele>
    </trkpt>
    <trkpt lat="42.590136" lon="-2.959314">
      <ele>516.7</ele>
    </trkpt>
    <trkpt lat="42.590282" lon="-2.959275">
      <ele>516.7</ele>
    </trkpt>
    <trkpt lat="42.590662" lon="-2.959139">
      <ele>517</ele>
    </trkpt>
    <trkpt lat="42.591453" lon="-2.958774">
      <ele>518.2</ele>
    </trkpt>
    <trkpt lat="42.592007" lon="-2.958003">
      <ele>518.8</ele>
    </trkpt>
    <trkpt lat="42.592265" lon="-2.957058">
      <ele>518.1</ele>
    </trkpt>
    <trkpt lat="42.592503" lon="-2.95607">
      <ele>517</ele>
    </trkpt>
    <trkpt lat="42.59283" lon="-2.95511">
      <ele>517</ele>
    </trkpt>
    <trkpt lat="42.592986" lon="-2.954799">
      <ele>517.4</ele>
    </trkpt>
    <trkpt lat="42.594263" lon="-2.953112">
      <ele>524.3</ele>
    </trkpt>
    <trkpt lat="42.594445" lon="-2.952798">
      <ele>525.7</ele>
    </trkpt>
    <trkpt lat="42.594696" lon="-2.952198">
      <ele>528</ele>
    </trkpt>
    <trkpt lat="42.594852" lon="-2.951825">
      <ele>529.4</ele>
    </trkpt>
    <trkpt lat="42.595006" lon="-2.951243">
      <ele>531.2</ele>
    </trkpt>
    <trkpt lat="42.595065" lon="-2.951095">
      <ele>531.7</ele>
    </trkpt>
    <trkpt lat="42.5962" lon="-2.948815">
      <ele>538.9</ele>
    </trkpt>
    <trkpt lat="42.596358" lon="-2.94845">
      <ele>540</ele>
    </trkpt>
    <trkpt lat="42.597369" lon="-2.945569">
      <ele>548.6</ele>
    </trkpt>
    <trkpt lat="42.597511" lon="-2.945152">
      <ele>549.6</ele>
    </trkpt>
    <trkpt lat="42.598273" lon="-2.94294">
      <ele>553.6</ele>
    </trkpt>
    <trkpt lat="42.598368" lon="-2.942729">
      <ele>553.8</ele>
    </trkpt>
    <trkpt lat="42.598495" lon="-2.942531">
      <ele>554</ele>
    </trkpt>
    <trkpt lat="42.598775" lon="-2.94223">
      <ele>554.4</ele>
    </trkpt>
    <trkpt lat="42.599101" lon="-2.941941">
      <ele>554.9</ele>
    </trkpt>
    <trkpt lat="42.599691" lon="-2.941538">
      <ele>556</ele>
    </trkpt>
    <trkpt lat="42.60015" lon="-2.941152">
      <ele>557.3</ele>
    </trkpt>
    <trkpt lat="42.601049" lon="-2.940244">
      <ele>561.1</ele>
    </trkpt>
    <trkpt lat="42.601245" lon="-2.940122">
      <ele>561.8</ele>
    </trkpt>
    <trkpt lat="42.601374" lon="-2.940094">
      <ele>562.2</ele>
    </trkpt>
    <trkpt lat="42.601713" lon="-2.940182">
      <ele>563</ele>
    </trkpt>
    <trkpt lat="42.602264" lon="-2.939956">
      <ele>564.6</ele>
    </trkpt>
    <trkpt lat="42.602321" lon="-2.939888">
      <ele>564.8</ele>
    </trkpt>
    <trkpt lat="42.602367" lon="-2.939774">
      <ele>565.1</ele>
    </trkpt>
    <trkpt lat="42.602406" lon="-2.939613">
      <ele>565.4</ele>
    </trkpt>
    <trkpt lat="42.602459" lon="-2.939139">
      <ele>566.4</ele>
    </trkpt>
    <trkpt lat="42.602518" lon="-2.938201">
      <ele>568.8</ele>
    </trkpt>
    <trkpt lat="42.602521" lon="-2.937887">
      <ele>569.6</ele>
    </trkpt>
    <trkpt lat="42.602481" lon="-2.937504">
      <ele>570.8</ele>
    </trkpt>
    <trkpt lat="42.602704" lon="-2.937007">
      <ele>572.5</ele>
    </trkpt>
    <trkpt lat="42.602804" lon="-2.936765">
      <ele>573.1</ele>
    </trkpt>
    <trkpt lat="42.60288" lon="-2.936603">
      <ele>573.5</ele>
    </trkpt>
    <trkpt lat="42.603138" lon="-2.936536">
      <ele>574.1</ele>
    </trkpt>
    <trkpt lat="42.603318" lon="-2.936482">
      <ele>574.3</ele>
    </trkpt>
    <trkpt lat="42.603825" lon="-2.936179">
      <ele>574.6</ele>
    </trkpt>
    <trkpt lat="42.604487" lon="-2.935912">
      <ele>574.2</ele>
    </trkpt>
    <trkpt lat="42.604634" lon="-2.935811">
      <ele>574</ele>
    </trkpt>
    <trkpt lat="42.605198" lon="-2.934763">
      <ele>571.5</ele>
    </trkpt>
    <trkpt lat="42.605344" lon="-2.93409">
      <ele>569.1</ele>
    </trkpt>
    <trkpt lat="42.605423" lon="-2.933886">
      <ele>568.3</ele>
    </trkpt>
    <trkpt lat="42.60563" lon="-2.933463">
      <ele>566.5</ele>
    </trkpt>
    <trkpt lat="42.605676" lon="-2.933161">
      <ele>565.4</ele>
    </trkpt>
    <trkpt lat="42.605685" lon="-2.932937">
      <ele>564.7</ele>
    </trkpt>
    <trkpt lat="42.605557" lon="-2.931771">
      <ele>562.7</ele>
    </trkpt>
    <trkpt lat="42.605558" lon="-2.931546">
      <ele>562.9</ele>
    </trkpt>
    <trkpt lat="42.605817" lon="-2.930419">
      <ele>565.9</ele>
    </trkpt>
    <trkpt lat="42.605837" lon="-2.92975">
      <ele>568.8</ele>
    </trkpt>
    <trkpt lat="42.605951" lon="-2.928999">
      <ele>572.6</ele>
    </trkpt>
    <trkpt lat="42.60639" lon="-2.926762">
      <ele>585.1</ele>
    </trkpt>
    <trkpt lat="42.606517" lon="-2.926243">
      <ele>587.5</ele>
    </trkpt>
    <trkpt lat="42.607062" lon="-2.925059">
      <ele>593.2</ele>
    </trkpt>
    <trkpt lat="42.609055" lon="-2.925005">
      <ele>607.1</ele>
    </trkpt>
    <trkpt lat="42.6098" lon="-2.925076">
      <ele>612.9</ele>
    </trkpt>
    <trkpt lat="42.610169" lon="-2.925091">
      <ele>615.9</ele>
    </trkpt>
    <trkpt lat="42.611298" lon="-2.924629">
      <ele>626.6</ele>
    </trkpt>
    <trkpt lat="42.611743" lon="-2.924615">
      <ele>631.8</ele>
    </trkpt>
    <trkpt lat="42.611922" lon="-2.92465">
      <ele>634</ele>
    </trkpt>
    <trkpt lat="42.612117" lon="-2.924563">
      <ele>636.6</ele>
    </trkpt>
    <trkpt lat="42.612569" lon="-2.924215">
      <ele>643.3</ele>
    </trkpt>
    <trkpt lat="42.612896" lon="-2.924001">
      <ele>648.2</ele>
    </trkpt>
    <trkpt lat="42.612959" lon="-2.923961">
      <ele>649.1</ele>
    </trkpt>
    <trkpt lat="42.613168" lon="-2.923902">
      <ele>652.3</ele>
    </trkpt>
    <trkpt lat="42.613579" lon="-2.923652">
      <ele>659.1</ele>
    </trkpt>
    <trkpt lat="42.613944" lon="-2.92348">
      <ele>665.2</ele>
    </trkpt>
    <trkpt lat="42.614469" lon="-2.923317">
      <ele>671.7</ele>
    </trkpt>
    <trkpt lat="42.614673" lon="-2.923098">
      <ele>674.3</ele>
    </trkpt>
    <trkpt lat="42.614713" lon="-2.923081">
      <ele>674.7</ele>
    </trkpt>
    <trkpt lat="42.614757" lon="-2.923141">
      <ele>675.4</ele>
    </trkpt>
    <trkpt lat="42.61466" lon="-2.922893">
      <ele>677.1</ele>
    </trkpt>
    <trkpt lat="42.61434" lon="-2.922695">
      <ele>679.9</ele>
    </trkpt>
    <trkpt lat="42.614084" lon="-2.922351">
      <ele>682.1</ele>
    </trkpt>
    <trkpt lat="42.613843" lon="-2.922175">
      <ele>682.8</ele>
    </trkpt>
    <trkpt lat="42.613761" lon="-2.922004">
      <ele>683.2</ele>
    </trkpt>
    <trkpt lat="42.613733" lon="-2.921885">
      <ele>683.5</ele>
    </trkpt>
    <trkpt lat="42.613638" lon="-2.921483">
      <ele>684.3</ele>
    </trkpt>
    <trkpt lat="42.613571" lon="-2.920613">
      <ele>685.3</ele>
    </trkpt>
    <trkpt lat="42.613378" lon="-2.920164">
      <ele>684.8</ele>
    </trkpt>
    <trkpt lat="42.613314" lon="-2.9199">
      <ele>684</ele>
    </trkpt>
    <trkpt lat="42.613278" lon="-2.91957">
      <ele>682.6</ele>
    </trkpt>
    <trkpt lat="42.613195" lon="-2.91865">
      <ele>677.1</ele>
    </trkpt>
    <trkpt lat="42.613262" lon="-2.918178">
      <ele>673.8</ele>
    </trkpt>
    <trkpt lat="42.613323" lon="-2.917973">
      <ele>672.3</ele>
    </trkpt>
    <trkpt lat="42.613561" lon="-2.91766">
      <ele>669.2</ele>
    </trkpt>
    <trkpt lat="42.613627" lon="-2.917462">
      <ele>667.7</ele>
    </trkpt>
    <trkpt lat="42.613605" lon="-2.917165">
      <ele>665.9</ele>
    </trkpt>
    <trkpt lat="42.613613" lon="-2.916914">
      <ele>664.4</ele>
    </trkpt>
    <trkpt lat="42.613646" lon="-2.916726">
      <ele>663.2</ele>
    </trkpt>
    <trkpt lat="42.613789" lon="-2.916269">
      <ele>660</ele>
    </trkpt>
    <trkpt lat="42.613748" lon="-2.916128">
      <ele>659</ele>
    </trkpt>
    <trkpt lat="42.613809" lon="-2.91598">
      <ele>657.8</ele>
    </trkpt>
    <trkpt lat="42.613716" lon="-2.915764">
      <ele>656.4</ele>
    </trkpt>
    <trkpt lat="42.613501" lon="-2.915466">
      <ele>654.2</ele>
    </trkpt>
    <trkpt lat="42.613278" lon="-2.915242">
      <ele>652.3</ele>
    </trkpt>
    <trkpt lat="42.613219" lon="-2.914884">
      <ele>650.7</ele>
    </trkpt>
    <trkpt lat="42.613423" lon="-2.914694">
      <ele>649.2</ele>
    </trkpt>
    <trkpt lat="42.613466" lon="-2.914234">
      <ele>647.1</ele>
    </trkpt>
    <trkpt lat="42.613553" lon="-2.913664">
      <ele>645.4</ele>
    </trkpt>
    <trkpt lat="42.613539" lon="-2.913364">
      <ele>644.8</ele>
    </trkpt>
    <trkpt lat="42.613655" lon="-2.912707">
      <ele>643.6</ele>
    </trkpt>
    <trkpt lat="42.613596" lon="-2.912292">
      <ele>643.3</ele>
    </trkpt>
    <trkpt lat="42.613621" lon="-2.912223">
      <ele>643.3</ele>
    </trkpt>
    <trkpt lat="42.613676" lon="-2.912174">
      <ele>643.3</ele>
    </trkpt>
    <trkpt lat="42.613847" lon="-2.912167">
      <ele>643.3</ele>
    </trkpt>
    <trkpt lat="42.61387" lon="-2.912128">
      <ele>643.3</ele>
    </trkpt>
    <trkpt lat="42.613878" lon="-2.912006">
      <ele>643.3</ele>
    </trkpt>
    <trkpt lat="42.613853" lon="-2.911823">
      <ele>643.3</ele>
    </trkpt>
    <trkpt lat="42.613911" lon="-2.911643">
      <ele>643.3</ele>
    </trkpt>
    <trkpt lat="42.614201" lon="-2.911494">
      <ele>643</ele>
    </trkpt>
    <trkpt lat="42.614226" lon="-2.911388">
      <ele>643</ele>
    </trkpt>
    <trkpt lat="42.61422" lon="-2.911021">
      <ele>642.4</ele>
    </trkpt>
    <trkpt lat="42.614187" lon="-2.910925">
      <ele>642.1</ele>
    </trkpt>
    <trkpt lat="42.614134" lon="-2.910869">
      <ele>641.9</ele>
    </trkpt>
    <trkpt lat="42.613837" lon="-2.910828">
      <ele>640.9</ele>
    </trkpt>
    <trkpt lat="42.613534" lon="-2.910986">
      <ele>639.4</ele>
    </trkpt>
    <trkpt lat="42.613311" lon="-2.911046">
      <ele>638.2</ele>
    </trkpt>
    <trkpt lat="42.612855" lon="-2.910568">
      <ele>635.5</ele>
    </trkpt>
    <trkpt lat="42.612852" lon="-2.910423">
      <ele>635.2</ele>
    </trkpt>
    <trkpt lat="42.612988" lon="-2.910306">
      <ele>634.9</ele>
    </trkpt>
    <trkpt lat="42.613155" lon="-2.909969">
      <ele>634.9</ele>
    </trkpt>
    <trkpt lat="42.61307" lon="-2.909759">
      <ele>635.4</ele>
    </trkpt>
    <trkpt lat="42.613009" lon="-2.909689">
      <ele>635.6</ele>
    </trkpt>
    <trkpt lat="42.612746" lon="-2.909664">
      <ele>636.9</ele>
    </trkpt>
    <trkpt lat="42.612731" lon="-2.909585">
      <ele>637.3</ele>
    </trkpt>
    <trkpt lat="42.61276" lon="-2.90937">
      <ele>638.4</ele>
    </trkpt>
    <trkpt lat="42.612805" lon="-2.909244">
      <ele>639.2</ele>
    </trkpt>
    <trkpt lat="42.612907" lon="-2.909231">
      <ele>640</ele>
    </trkpt>
    <trkpt lat="42.613826" lon="-2.909781">
      <ele>647.5</ele>
    </trkpt>
    <trkpt lat="42.613944" lon="-2.909745">
      <ele>648.3</ele>
    </trkpt>
    <trkpt lat="42.614033" lon="-2.909661">
      <ele>649</ele>
    </trkpt>
    <trkpt lat="42.614233" lon="-2.909054">
      <ele>651.6</ele>
    </trkpt>
    <trkpt lat="42.614317" lon="-2.909018">
      <ele>651.7</ele>
    </trkpt>
    <trkpt lat="42.614345" lon="-2.908942">
      <ele>651.8</ele>
    </trkpt>
    <trkpt lat="42.614317" lon="-2.908866">
      <ele>651.9</ele>
    </trkpt>
    <trkpt lat="42.614159" lon="-2.908743">
      <ele>651.7</ele>
    </trkpt>
    <trkpt lat="42.614317" lon="-2.908266">
      <ele>650.4</ele>
    </trkpt>
    <trkpt lat="42.613411" lon="-2.907906">
      <ele>645</ele>
    </trkpt>
    <trkpt lat="42.613061" lon="-2.90761">
      <ele>642</ele>
    </trkpt>
    <trkpt lat="42.61299" lon="-2.907345">
      <ele>640.7</ele>
    </trkpt>
    <trkpt lat="42.612952" lon="-2.907199">
      <ele>640.1</ele>
    </trkpt>
    <trkpt lat="42.612959" lon="-2.906662">
      <ele>638</ele>
    </trkpt>
    <trkpt lat="42.613038" lon="-2.906233">
      <ele>636.8</ele>
    </trkpt>
    <trkpt lat="42.613026" lon="-2.906029">
      <ele>636.3</ele>
    </trkpt>
    <trkpt lat="42.612927" lon="-2.905883">
      <ele>635.8</ele>
    </trkpt>
    <trkpt lat="42.612861" lon="-2.905573">
      <ele>634.9</ele>
    </trkpt>
    <trkpt lat="42.612596" lon="-2.905321">
      <ele>633.8</ele>
    </trkpt>
    <trkpt lat="42.612722" lon="-2.90493">
      <ele>632.3</ele>
    </trkpt>
    <trkpt lat="42.612912" lon="-2.904591">
      <ele>630.9</ele>
    </trkpt>
    <trkpt lat="42.612697" lon="-2.904354">
      <ele>629.8</ele>
    </trkpt>
    <trkpt lat="42.612592" lon="-2.904076">
      <ele>629</ele>
    </trkpt>
    <trkpt lat="42.612668" lon="-2.903714">
      <ele>628.8</ele>
    </trkpt>
    <trkpt lat="42.612722" lon="-2.903532">
      <ele>629</ele>
    </trkpt>
    <trkpt lat="42.612589" lon="-2.903088">
      <ele>630.2</ele>
    </trkpt>
    <trkpt lat="42.612566" lon="-2.902729">
      <ele>631.6</ele>
    </trkpt>
    <trkpt lat="42.612609" lon="-2.902222">
      <ele>634.6</ele>
    </trkpt>
    <trkpt lat="42.612659" lon="-2.902099">
      <ele>635.4</ele>
    </trkpt>
    <trkpt lat="42.612805" lon="-2.901997">
      <ele>636.8</ele>
    </trkpt>
    <trkpt lat="42.613054" lon="-2.90196">
      <ele>639</ele>
    </trkpt>
    <trkpt lat="42.613136" lon="-2.901909">
      <ele>639.8</ele>
    </trkpt>
    <trkpt lat="42.613475" lon="-2.901549">
      <ele>642.6</ele>
    </trkpt>
    <trkpt lat="42.613508" lon="-2.901493">
      <ele>642.8</ele>
    </trkpt>
    <trkpt lat="42.613507" lon="-2.901447">
      <ele>643</ele>
    </trkpt>
    <trkpt lat="42.613459" lon="-2.901324">
      <ele>643.2</ele>
    </trkpt>
    <trkpt lat="42.613332" lon="-2.901123">
      <ele>643.3</ele>
    </trkpt>
    <trkpt lat="42.613281" lon="-2.900932">
      <ele>643.3</ele>
    </trkpt>
    <trkpt lat="42.61325" lon="-2.900895">
      <ele>643.3</ele>
    </trkpt>
    <trkpt lat="42.61259" lon="-2.900549">
      <ele>641.4</ele>
    </trkpt>
    <trkpt lat="42.612458" lon="-2.900385">
      <ele>640.8</ele>
    </trkpt>
    <trkpt lat="42.612014" lon="-2.899232">
      <ele>640.5</ele>
    </trkpt>
    <trkpt lat="42.611941" lon="-2.898964">
      <ele>641.3</ele>
    </trkpt>
    <trkpt lat="42.611865" lon="-2.898513">
      <ele>643</ele>
    </trkpt>
    <trkpt lat="42.61182" lon="-2.897909">
      <ele>645.7</ele>
    </trkpt>
    <trkpt lat="42.611829" lon="-2.89751">
      <ele>647.8</ele>
    </trkpt>
    <trkpt lat="42.611941" lon="-2.897236">
      <ele>649.4</ele>
    </trkpt>
    <trkpt lat="42.612143" lon="-2.89704">
      <ele>651</ele>
    </trkpt>
    <trkpt lat="42.612531" lon="-2.896408">
      <ele>653.9</ele>
    </trkpt>
    <trkpt lat="42.612734" lon="-2.895745">
      <ele>655.3</ele>
    </trkpt>
    <trkpt lat="42.613246" lon="-2.894753">
      <ele>652.9</ele>
    </trkpt>
    <trkpt lat="42.613255" lon="-2.894707">
      <ele>652.7</ele>
    </trkpt>
    <trkpt lat="42.613155" lon="-2.894498">
      <ele>651.4</ele>
    </trkpt>
    <trkpt lat="42.613174" lon="-2.894374">
      <ele>650.7</ele>
    </trkpt>
    <trkpt lat="42.613225" lon="-2.894302">
      <ele>650.1</ele>
    </trkpt>
    <trkpt lat="42.613297" lon="-2.894264">
      <ele>649.5</ele>
    </trkpt>
    <trkpt lat="42.613545" lon="-2.893961">
      <ele>646.7</ele>
    </trkpt>
    <trkpt lat="42.613553" lon="-2.893897">
      <ele>646.3</ele>
    </trkpt>
    <trkpt lat="42.613476" lon="-2.893722">
      <ele>645</ele>
    </trkpt>
    <trkpt lat="42.61343" lon="-2.893103">
      <ele>641.2</ele>
    </trkpt>
    <trkpt lat="42.613438" lon="-2.89295">
      <ele>640.4</ele>
    </trkpt>
    <trkpt lat="42.613501" lon="-2.892746">
      <ele>639.3</ele>
    </trkpt>
    <trkpt lat="42.613529" lon="-2.8924">
      <ele>638</ele>
    </trkpt>
    <trkpt lat="42.613624" lon="-2.89214">
      <ele>637</ele>
    </trkpt>
    <trkpt lat="42.613934" lon="-2.891625">
      <ele>635.2</ele>
    </trkpt>
    <trkpt lat="42.614137" lon="-2.89155">
      <ele>634.2</ele>
    </trkpt>
    <trkpt lat="42.614253" lon="-2.89155">
      <ele>633.6</ele>
    </trkpt>
    <trkpt lat="42.614601" lon="-2.891453">
      <ele>631.1</ele>
    </trkpt>
    <trkpt lat="42.614717" lon="-2.891386">
      <ele>630</ele>
    </trkpt>
    <trkpt lat="42.614765" lon="-2.891268">
      <ele>629.1</ele>
    </trkpt>
    <trkpt lat="42.614648" lon="-2.890952">
      <ele>626.1</ele>
    </trkpt>
    <trkpt lat="42.614447" lon="-2.890566">
      <ele>621.3</ele>
    </trkpt>
    <trkpt lat="42.614291" lon="-2.890131">
      <ele>615.6</ele>
    </trkpt>
    <trkpt lat="42.614179" lon="-2.889739">
      <ele>610.4</ele>
    </trkpt>
    <trkpt lat="42.614119" lon="-2.889662">
      <ele>609</ele>
    </trkpt>
    <trkpt lat="42.613799" lon="-2.889447">
      <ele>603.3</ele>
    </trkpt>
    <trkpt lat="42.613756" lon="-2.889391">
      <ele>602.4</ele>
    </trkpt>
    <trkpt lat="42.613701" lon="-2.88905">
      <ele>598.7</ele>
    </trkpt>
    <trkpt lat="42.613579" lon="-2.888895">
      <ele>596.4</ele>
    </trkpt>
    <trkpt lat="42.613452" lon="-2.888781">
      <ele>594.5</ele>
    </trkpt>
    <trkpt lat="42.612651" lon="-2.888063">
      <ele>585.7</ele>
    </trkpt>
    <trkpt lat="42.612257" lon="-2.887817">
      <ele>582.7</ele>
    </trkpt>
    <trkpt lat="42.611866" lon="-2.887741">
      <ele>580.4</ele>
    </trkpt>
    <trkpt lat="42.611593" lon="-2.88762">
      <ele>578.8</ele>
    </trkpt>
    <trkpt lat="42.611496" lon="-2.887374">
      <ele>577.7</ele>
    </trkpt>
    <trkpt lat="42.611434" lon="-2.887216">
      <ele>577</ele>
    </trkpt>
    <trkpt lat="42.611313" lon="-2.887124">
      <ele>576.4</ele>
    </trkpt>
    <trkpt lat="42.611226" lon="-2.887058">
      <ele>576</ele>
    </trkpt>
    <trkpt lat="42.611137" lon="-2.88699">
      <ele>575.6</ele>
    </trkpt>
    <trkpt lat="42.610828" lon="-2.886726">
      <ele>574.4</ele>
    </trkpt>
    <trkpt lat="42.610675" lon="-2.886552">
      <ele>573.9</ele>
    </trkpt>
    <trkpt lat="42.610632" lon="-2.886502">
      <ele>573.8</ele>
    </trkpt>
    <trkpt lat="42.611263" lon="-2.885617">
      <ele>574.3</ele>
    </trkpt>
    <trkpt lat="42.611357" lon="-2.885399">
      <ele>574.9</ele>
    </trkpt>
    <trkpt lat="42.611371" lon="-2.885249">
      <ele>575.3</ele>
    </trkpt>
    <trkpt lat="42.611348" lon="-2.883396">
      <ele>581.7</ele>
    </trkpt>
    <trkpt lat="42.611352" lon="-2.882622">
      <ele>584.4</ele>
    </trkpt>
    <trkpt lat="42.611482" lon="-2.882273">
      <ele>585.7</ele>
    </trkpt>
    <trkpt lat="42.611547" lon="-2.882185">
      <ele>586.2</ele>
    </trkpt>
    <trkpt lat="42.612071" lon="-2.881835">
      <ele>589</ele>
    </trkpt>
    <trkpt lat="42.612546" lon="-2.881462">
      <ele>591.9</ele>
    </trkpt>
    <trkpt lat="42.612609" lon="-2.881306">
      <ele>592.6</ele>
    </trkpt>
    <trkpt lat="42.612572" lon="-2.881127">
      <ele>593.4</ele>
    </trkpt>
    <trkpt lat="42.612407" lon="-2.880748">
      <ele>595.3</ele>
    </trkpt>
    <trkpt lat="42.61236" lon="-2.880163">
      <ele>598</ele>
    </trkpt>
    <trkpt lat="42.612265" lon="-2.879427">
      <ele>601.8</ele>
    </trkpt>
    <trkpt lat="42.612111" lon="-2.879099">
      <ele>604</ele>
    </trkpt>
    <trkpt lat="42.612087" lon="-2.878967">
      <ele>604.7</ele>
    </trkpt>
    <trkpt lat="42.612119" lon="-2.878875">
      <ele>605.3</ele>
    </trkpt>
    <trkpt lat="42.61213" lon="-2.878842">
      <ele>605.5</ele>
    </trkpt>
    <trkpt lat="42.612168" lon="-2.878811">
      <ele>605.8</ele>
    </trkpt>
    <trkpt lat="42.612239" lon="-2.878791">
      <ele>606.4</ele>
    </trkpt>
    <trkpt lat="42.612312" lon="-2.878857">
      <ele>607.1</ele>
    </trkpt>
    <trkpt lat="42.612367" lon="-2.879184">
      <ele>609</ele>
    </trkpt>
    <trkpt lat="42.612545" lon="-2.879448">
      <ele>611</ele>
    </trkpt>
    <trkpt lat="42.612703" lon="-2.879931">
      <ele>614</ele>
    </trkpt>
    <trkpt lat="42.612854" lon="-2.880218">
      <ele>616.2</ele>
    </trkpt>
    <trkpt lat="42.613062" lon="-2.880553">
      <ele>619</ele>
    </trkpt>
    <trkpt lat="42.613354" lon="-2.880955">
      <ele>622.7</ele>
    </trkpt>
    <trkpt lat="42.613591" lon="-2.881202">
      <ele>625.6</ele>
    </trkpt>
    <trkpt lat="42.61368" lon="-2.881406">
      <ele>627.3</ele>
    </trkpt>
    <trkpt lat="42.613731" lon="-2.881663">
      <ele>629</ele>
    </trkpt>
    <trkpt lat="42.613711" lon="-2.881842">
      <ele>630.1</ele>
    </trkpt>
    <trkpt lat="42.613569" lon="-2.882526">
      <ele>634</ele>
    </trkpt>
    <trkpt lat="42.613558" lon="-2.882741">
      <ele>635</ele>
    </trkpt>
    <trkpt lat="42.613453" lon="-2.883142">
      <ele>636.8</ele>
    </trkpt>
    <trkpt lat="42.613797" lon="-2.883457">
      <ele>639</ele>
    </trkpt>
    <trkpt lat="42.61394" lon="-2.883541">
      <ele>639.8</ele>
    </trkpt>
    <trkpt lat="42.616837" lon="-2.885919">
      <ele>666</ele>
    </trkpt>
    <trkpt lat="42.61729" lon="-2.885655">
      <ele>670.6</ele>
    </trkpt>
    <trkpt lat="42.617355" lon="-2.885569">
      <ele>671.5</ele>
    </trkpt>
    <trkpt lat="42.617659" lon="-2.885047">
      <ele>676.2</ele>
    </trkpt>
    <trkpt lat="42.617697" lon="-2.884909">
      <ele>677.3</ele>
    </trkpt>
    <trkpt lat="42.617693" lon="-2.884718">
      <ele>678.6</ele>
    </trkpt>
    <trkpt lat="42.617657" lon="-2.884593">
      <ele>679.5</ele>
    </trkpt>
    <trkpt lat="42.617268" lon="-2.883863">
      <ele>685.1</ele>
    </trkpt>
    <trkpt lat="42.617184" lon="-2.883777">
      <ele>685.9</ele>
    </trkpt>
    <trkpt lat="42.616982" lon="-2.883396">
      <ele>688</ele>
    </trkpt>
    <trkpt lat="42.616828" lon="-2.88303">
      <ele>689.3</ele>
    </trkpt>
    <trkpt lat="42.616743" lon="-2.882759">
      <ele>689.8</ele>
    </trkpt>
    <trkpt lat="42.616497" lon="-2.882463">
      <ele>689.9</ele>
    </trkpt>
    <trkpt lat="42.616349" lon="-2.882007">
      <ele>689</ele>
    </trkpt>
    <trkpt lat="42.616226" lon="-2.881717">
      <ele>688</ele>
    </trkpt>
    <trkpt lat="42.616141" lon="-2.881352">
      <ele>686.4</ele>
    </trkpt>
    <trkpt lat="42.615985" lon="-2.880937">
      <ele>684</ele>
    </trkpt>
    <trkpt lat="42.615932" lon="-2.880852">
      <ele>683.3</ele>
    </trkpt>
    <trkpt lat="42.6158" lon="-2.88077">
      <ele>682.3</ele>
    </trkpt>
    <trkpt lat="42.615747" lon="-2.880698">
      <ele>681.8</ele>
    </trkpt>
    <trkpt lat="42.615691" lon="-2.880556">
      <ele>680.9</ele>
    </trkpt>
    <trkpt lat="42.61565" lon="-2.880014">
      <ele>678.4</ele>
    </trkpt>
    <trkpt lat="42.615622" lon="-2.879888">
      <ele>677.9</ele>
    </trkpt>
    <trkpt lat="42.615448" lon="-2.879648">
      <ele>676.7</ele>
    </trkpt>
    <trkpt lat="42.615587" lon="-2.879637">
      <ele>676.1</ele>
    </trkpt>
    <trkpt lat="42.615705" lon="-2.879586">
      <ele>675.7</ele>
    </trkpt>
    <trkpt lat="42.615776" lon="-2.879481">
      <ele>675.3</ele>
    </trkpt>
    <trkpt lat="42.61594" lon="-2.878977">
      <ele>674.7</ele>
    </trkpt>
    <trkpt lat="42.616209" lon="-2.877952">
      <ele>678.6</ele>
    </trkpt>
    <trkpt lat="42.616374" lon="-2.877977">
      <ele>680</ele>
    </trkpt>
    <trkpt lat="42.616526" lon="-2.878111">
      <ele>681.7</ele>
    </trkpt>
    <trkpt lat="42.616798" lon="-2.87846">
      <ele>685.8</ele>
    </trkpt>
    <trkpt lat="42.616842" lon="-2.878478">
      <ele>686.3</ele>
    </trkpt>
    <trkpt lat="42.617144" lon="-2.878422">
      <ele>690.1</ele>
    </trkpt>
    <trkpt lat="42.617426" lon="-2.878513">
      <ele>693.9</ele>
    </trkpt>
    <trkpt lat="42.617886" lon="-2.878432">
      <ele>697.8</ele>
    </trkpt>
    <trkpt lat="42.618163" lon="-2.878566">
      <ele>698.9</ele>
    </trkpt>
    <trkpt lat="42.618248" lon="-2.878639">
      <ele>699.1</ele>
    </trkpt>
    <trkpt lat="42.618429" lon="-2.878534">
      <ele>699.2</ele>
    </trkpt>
    <trkpt lat="42.618518" lon="-2.878534">
      <ele>699.1</ele>
    </trkpt>
    <trkpt lat="42.61864" lon="-2.878416">
      <ele>698.9</ele>
    </trkpt>
    <trkpt lat="42.618655" lon="-2.878325">
      <ele>698.8</ele>
    </trkpt>
    <trkpt lat="42.618711" lon="-2.878242">
      <ele>698.6</ele>
    </trkpt>
    <trkpt lat="42.619256" lon="-2.878088">
      <ele>696.8</ele>
    </trkpt>
    <trkpt lat="42.619475" lon="-2.878083">
      <ele>695.1</ele>
    </trkpt>
    <trkpt lat="42.619576" lon="-2.878166">
      <ele>693.9</ele>
    </trkpt>
    <trkpt lat="42.619688" lon="-2.878172">
      <ele>692.7</ele>
    </trkpt>
    <trkpt lat="42.61988" lon="-2.878268">
      <ele>690.8</ele>
    </trkpt>
    <trkpt lat="42.619986" lon="-2.878281">
      <ele>689.7</ele>
    </trkpt>
    <trkpt lat="42.620154" lon="-2.878391">
      <ele>687.8</ele>
    </trkpt>
    <trkpt lat="42.62018" lon="-2.878397">
      <ele>687.6</ele>
    </trkpt>
    <trkpt lat="42.62026" lon="-2.878106">
      <ele>685.1</ele>
    </trkpt>
    <trkpt lat="42.620379" lon="-2.87804">
      <ele>683.7</ele>
    </trkpt>
    <trkpt lat="42.620532" lon="-2.878136">
      <ele>681.8</ele>
    </trkpt>
    <trkpt lat="42.620867" lon="-2.878132">
      <ele>677.5</ele>
    </trkpt>
    <trkpt lat="42.620956" lon="-2.878131">
      <ele>676.1</ele>
    </trkpt>
    <trkpt lat="42.621042" lon="-2.878066">
      <ele>674.6</ele>
    </trkpt>
    <trkpt lat="42.621425" lon="-2.878167">
      <ele>668</ele>
    </trkpt>
    <trkpt lat="42.621589" lon="-2.878147">
      <ele>665.4</ele>
    </trkpt>
    <trkpt lat="42.621819" lon="-2.878049">
      <ele>661.6</ele>
    </trkpt>
    <trkpt lat="42.62189" lon="-2.877833">
      <ele>658.8</ele>
    </trkpt>
    <trkpt lat="42.622076" lon="-2.876981">
      <ele>647.6</ele>
    </trkpt>
    <trkpt lat="42.62222" lon="-2.87618">
      <ele>637.5</ele>
    </trkpt>
    <trkpt lat="42.622295" lon="-2.875932">
      <ele>634.9</ele>
    </trkpt>
    <trkpt lat="42.622498" lon="-2.875587">
      <ele>631.4</ele>
    </trkpt>
    <trkpt lat="42.622646" lon="-2.875573">
      <ele>630.1</ele>
    </trkpt>
    <trkpt lat="42.622816" lon="-2.875804">
      <ele>628.4</ele>
    </trkpt>
    <trkpt lat="42.622846" lon="-2.876353">
      <ele>626.5</ele>
    </trkpt>
    <trkpt lat="42.623076" lon="-2.87673">
      <ele>625.5</ele>
    </trkpt>
    <trkpt lat="42.623481" lon="-2.877301">
      <ele>623.5</ele>
    </trkpt>
    <trkpt lat="42.623755" lon="-2.877615">
      <ele>621</ele>
    </trkpt>
    <trkpt lat="42.623991" lon="-2.877666">
      <ele>618.9</ele>
    </trkpt>
    <trkpt lat="42.624462" lon="-2.877537">
      <ele>614</ele>
    </trkpt>
    <trkpt lat="42.624707" lon="-2.877519">
      <ele>611.3</ele>
    </trkpt>
    <trkpt lat="42.625047" lon="-2.877395">
      <ele>607.7</ele>
    </trkpt>
    <trkpt lat="42.625352" lon="-2.877332">
      <ele>605</ele>
    </trkpt>
    <trkpt lat="42.625456" lon="-2.877358">
      <ele>604.2</ele>
    </trkpt>
    <trkpt lat="42.625501" lon="-2.877426">
      <ele>603.7</ele>
    </trkpt>
    <trkpt lat="42.6256" lon="-2.877448">
      <ele>603.1</ele>
    </trkpt>
    <trkpt lat="42.625666" lon="-2.877516">
      <ele>602.6</ele>
    </trkpt>
    <trkpt lat="42.625813" lon="-2.877577">
      <ele>601.9</ele>
    </trkpt>
    <trkpt lat="42.626013" lon="-2.877876">
      <ele>600.7</ele>
    </trkpt>
    <trkpt lat="42.626309" lon="-2.878913">
      <ele>599.5</ele>
    </trkpt>
    <trkpt lat="42.626422" lon="-2.879417">
      <ele>599.4</ele>
    </trkpt>
    <trkpt lat="42.626787" lon="-2.880545">
      <ele>600.5</ele>
    </trkpt>
    <trkpt lat="42.627075" lon="-2.881259">
      <ele>601.7</ele>
    </trkpt>
    <trkpt lat="42.627448" lon="-2.881895">
      <ele>603</ele>
    </trkpt>
    <trkpt lat="42.627732" lon="-2.882226">
      <ele>603.7</ele>
    </trkpt>
    <trkpt lat="42.628038" lon="-2.882666">
      <ele>604.1</ele>
    </trkpt>
    <trkpt lat="42.628364" lon="-2.883026">
      <ele>604.4</ele>
    </trkpt>
    <trkpt lat="42.628887" lon="-2.883866">
      <ele>604.8</ele>
    </trkpt>
    <trkpt lat="42.628964" lon="-2.883915">
      <ele>604.9</ele>
    </trkpt>
    <trkpt lat="42.629015" lon="-2.884008">
      <ele>604.9</ele>
    </trkpt>
    <trkpt lat="42.628994" lon="-2.884291">
      <ele>604.8</ele>
    </trkpt>
    <trkpt lat="42.629201" lon="-2.884952">
      <ele>604.1</ele>
    </trkpt>
    <trkpt lat="42.629356" lon="-2.885248">
      <ele>603.4</ele>
    </trkpt>
    <trkpt lat="42.629481" lon="-2.885332">
      <ele>603</ele>
    </trkpt>
    <trkpt lat="42.630066" lon="-2.885455">
      <ele>600.9</ele>
    </trkpt>
    <trkpt lat="42.630269" lon="-2.885405">
      <ele>599.8</ele>
    </trkpt>
    <trkpt lat="42.630423" lon="-2.885638">
      <ele>598.5</ele>
    </trkpt>
    <trkpt lat="42.630533" lon="-2.885982">
      <ele>596.6</ele>
    </trkpt>
    <trkpt lat="42.630547" lon="-2.886299">
      <ele>595.1</ele>
    </trkpt>
    <trkpt lat="42.63062" lon="-2.886041">
      <ele>593.7</ele>
    </trkpt>
    <trkpt lat="42.630783" lon="-2.885716">
      <ele>591.7</ele>
    </trkpt>
    <trkpt lat="42.630856" lon="-2.88557">
      <ele>590.6</ele>
    </trkpt>
    <trkpt lat="42.630971" lon="-2.885303">
      <ele>588.7</ele>
    </trkpt>
    <trkpt lat="42.630996" lon="-2.885162">
      <ele>587.8</ele>
    </trkpt>
    <trkpt lat="42.630924" lon="-2.884715">
      <ele>584.6</ele>
    </trkpt>
    <trkpt lat="42.630926" lon="-2.884597">
      <ele>583.8</ele>
    </trkpt>
    <trkpt lat="42.630709" lon="-2.884237">
      <ele>580.5</ele>
    </trkpt>
    <trkpt lat="42.630696" lon="-2.884149">
      <ele>579.9</ele>
    </trkpt>
    <trkpt lat="42.630873" lon="-2.88336">
      <ele>573.7</ele>
    </trkpt>
    <trkpt lat="42.630876" lon="-2.883212">
      <ele>572.6</ele>
    </trkpt>
    <trkpt lat="42.630811" lon="-2.882565">
      <ele>568.5</ele>
    </trkpt>
    <trkpt lat="42.630876" lon="-2.882218">
      <ele>566.5</ele>
    </trkpt>
    <trkpt lat="42.630801" lon="-2.882066">
      <ele>565.6</ele>
    </trkpt>
    <trkpt lat="42.630676" lon="-2.882033">
      <ele>564.7</ele>
    </trkpt>
    <trkpt lat="42.630536" lon="-2.881827">
      <ele>563.4</ele>
    </trkpt>
    <trkpt lat="42.630069" lon="-2.88085">
      <ele>559</ele>
    </trkpt>
    <trkpt lat="42.629576" lon="-2.880023">
      <ele>556.4</ele>
    </trkpt>
    <trkpt lat="42.628964" lon="-2.87945">
      <ele>555.4</ele>
    </trkpt>
    <trkpt lat="42.628648" lon="-2.87922">
      <ele>555.4</ele>
    </trkpt>
    <trkpt lat="42.628466" lon="-2.879026">
      <ele>555.5</ele>
    </trkpt>
    <trkpt lat="42.628289" lon="-2.878388">
      <ele>555.4</ele>
    </trkpt>
    <trkpt lat="42.628002" lon="-2.877982">
      <ele>555</ele>
    </trkpt>
    <trkpt lat="42.62799" lon="-2.877876">
      <ele>554.9</ele>
    </trkpt>
    <trkpt lat="42.62803" lon="-2.877475">
      <ele>554.6</ele>
    </trkpt>
    <trkpt lat="42.62796" lon="-2.877241">
      <ele>554.3</ele>
    </trkpt>
    <trkpt lat="42.6277" lon="-2.876818">
      <ele>553.7</ele>
    </trkpt>
    <trkpt lat="42.627554" lon="-2.87641">
      <ele>553.4</ele>
    </trkpt>
    <trkpt lat="42.627312" lon="-2.875933">
      <ele>553.3</ele>
    </trkpt>
    <trkpt lat="42.627143" lon="-2.875484">
      <ele>553.4</ele>
    </trkpt>
    <trkpt lat="42.627006" lon="-2.875284">
      <ele>553.6</ele>
    </trkpt>
    <trkpt lat="42.626637" lon="-2.874937">
      <ele>554.4</ele>
    </trkpt>
    <trkpt lat="42.626485" lon="-2.874754">
      <ele>554.9</ele>
    </trkpt>
    <trkpt lat="42.626229" lon="-2.874389">
      <ele>556.4</ele>
    </trkpt>
    <trkpt lat="42.626025" lon="-2.874152">
      <ele>557.7</ele>
    </trkpt>
    <trkpt lat="42.62595" lon="-2.873953">
      <ele>558.7</ele>
    </trkpt>
    <trkpt lat="42.625742" lon="-2.873358">
      <ele>561.9</ele>
    </trkpt>
    <trkpt lat="42.625529" lon="-2.872892">
      <ele>564.8</ele>
    </trkpt>
    <trkpt lat="42.625339" lon="-2.872388">
      <ele>567.8</ele>
    </trkpt>
    <trkpt lat="42.625269" lon="-2.872273">
      <ele>568.5</ele>
    </trkpt>
    <trkpt lat="42.625237" lon="-2.872151">
      <ele>569.1</ele>
    </trkpt>
    <trkpt lat="42.625224" lon="-2.871902">
      <ele>570.4</ele>
    </trkpt>
    <trkpt lat="42.625241" lon="-2.871803">
      <ele>570.9</ele>
    </trkpt>
    <trkpt lat="42.625302" lon="-2.871699">
      <ele>571.6</ele>
    </trkpt>
    <trkpt lat="42.625407" lon="-2.87159">
      <ele>572.6</ele>
    </trkpt>
    <trkpt lat="42.625491" lon="-2.871542">
      <ele>573.3</ele>
    </trkpt>
    <trkpt lat="42.625745" lon="-2.871622">
      <ele>575.6</ele>
    </trkpt>
    <trkpt lat="42.625887" lon="-2.871606">
      <ele>576.9</ele>
    </trkpt>
    <trkpt lat="42.626059" lon="-2.871493">
      <ele>578.9</ele>
    </trkpt>
    <trkpt lat="42.626078" lon="-2.871405">
      <ele>579.6</ele>
    </trkpt>
    <trkpt lat="42.626017" lon="-2.871297">
      <ele>580.6</ele>
    </trkpt>
    <trkpt lat="42.625909" lon="-2.870955">
      <ele>583.6</ele>
    </trkpt>
    <trkpt lat="42.625877" lon="-2.870652">
      <ele>586.2</ele>
    </trkpt>
    <trkpt lat="42.625736" lon="-2.870125">
      <ele>590.3</ele>
    </trkpt>
    <trkpt lat="42.625718" lon="-2.869691">
      <ele>592.5</ele>
    </trkpt>
    <trkpt lat="42.625652" lon="-2.869406">
      <ele>593.4</ele>
    </trkpt>
    <trkpt lat="42.625512" lon="-2.869272">
      <ele>593.7</ele>
    </trkpt>
    <trkpt lat="42.625237" lon="-2.869174">
      <ele>593.4</ele>
    </trkpt>
    <trkpt lat="42.625224" lon="-2.869064">
      <ele>593.2</ele>
    </trkpt>
    <trkpt lat="42.625261" lon="-2.868849">
      <ele>592.6</ele>
    </trkpt>
    <trkpt lat="42.625304" lon="-2.868251">
      <ele>590.5</ele>
    </trkpt>
    <trkpt lat="42.6253" lon="-2.867983">
      <ele>589.6</ele>
    </trkpt>
    <trkpt lat="42.625268" lon="-2.867877">
      <ele>589.2</ele>
    </trkpt>
    <trkpt lat="42.62475" lon="-2.867748">
      <ele>588.1</ele>
    </trkpt>
    <trkpt lat="42.624533" lon="-2.86761">
      <ele>587.8</ele>
    </trkpt>
    <trkpt lat="42.624086" lon="-2.867411">
      <ele>588</ele>
    </trkpt>
    <trkpt lat="42.623905" lon="-2.86724">
      <ele>588.3</ele>
    </trkpt>
    <trkpt lat="42.623782" lon="-2.866713">
      <ele>588.8</ele>
    </trkpt>
    <trkpt lat="42.623773" lon="-2.866627">
      <ele>588.9</ele>
    </trkpt>
    <trkpt lat="42.623807" lon="-2.866324">
      <ele>588.9</ele>
    </trkpt>
    <trkpt lat="42.623695" lon="-2.865983">
      <ele>588.6</ele>
    </trkpt>
    <trkpt lat="42.623617" lon="-2.865657">
      <ele>588.1</ele>
    </trkpt>
    <trkpt lat="42.62354" lon="-2.864591">
      <ele>587.7</ele>
    </trkpt>
    <trkpt lat="42.623497" lon="-2.864403">
      <ele>587.8</ele>
    </trkpt>
    <trkpt lat="42.623458" lon="-2.864323">
      <ele>587.9</ele>
    </trkpt>
    <trkpt lat="42.623278" lon="-2.864134">
      <ele>588.4</ele>
    </trkpt>
    <trkpt lat="42.623199" lon="-2.864">
      <ele>588.8</ele>
    </trkpt>
    <trkpt lat="42.623115" lon="-2.863725">
      <ele>589.6</ele>
    </trkpt>
    <trkpt lat="42.622963" lon="-2.863463">
      <ele>590.7</ele>
    </trkpt>
    <trkpt lat="42.622941" lon="-2.863426">
      <ele>590.8</ele>
    </trkpt>
    <trkpt lat="42.622477" lon="-2.863015">
      <ele>592.4</ele>
    </trkpt>
    <trkpt lat="42.622378" lon="-2.862956">
      <ele>592.5</ele>
    </trkpt>
    <trkpt lat="42.622152" lon="-2.862722">
      <ele>592.5</ele>
    </trkpt>
    <trkpt lat="42.622324" lon="-2.862613">
      <ele>592.2</ele>
    </trkpt>
    <trkpt lat="42.622455" lon="-2.862618">
      <ele>591.9</ele>
    </trkpt>
    <trkpt lat="42.622542" lon="-2.862653">
      <ele>591.5</ele>
    </trkpt>
    <trkpt lat="42.62268" lon="-2.862774">
      <ele>590.8</ele>
    </trkpt>
    <trkpt lat="42.622771" lon="-2.862954">
      <ele>589.9</ele>
    </trkpt>
    <trkpt lat="42.623291" lon="-2.863293">
      <ele>585.3</ele>
    </trkpt>
    <trkpt lat="42.623393" lon="-2.863338">
      <ele>584.4</ele>
    </trkpt>
    <trkpt lat="42.623625" lon="-2.863357">
      <ele>582.5</ele>
    </trkpt>
    <trkpt lat="42.623858" lon="-2.86345">
      <ele>580.5</ele>
    </trkpt>
    <trkpt lat="42.623973" lon="-2.863522">
      <ele>579.5</ele>
    </trkpt>
    <trkpt lat="42.624068" lon="-2.863545">
      <ele>578.7</ele>
    </trkpt>
    <trkpt lat="42.62426" lon="-2.863717">
      <ele>576.9</ele>
    </trkpt>
    <trkpt lat="42.624332" lon="-2.863725">
      <ele>576.4</ele>
    </trkpt>
    <trkpt lat="42.624403" lon="-2.863771">
      <ele>575.8</ele>
    </trkpt>
    <trkpt lat="42.624676" lon="-2.863827">
      <ele>573.9</ele>
    </trkpt>
    <trkpt lat="42.624775" lon="-2.863897">
      <ele>573.1</ele>
    </trkpt>
    <trkpt lat="42.625026" lon="-2.863902">
      <ele>571.2</ele>
    </trkpt>
    <trkpt lat="42.625088" lon="-2.863957">
      <ele>570.7</ele>
    </trkpt>
    <trkpt lat="42.625565" lon="-2.864032">
      <ele>567</ele>
    </trkpt>
    <trkpt lat="42.625777" lon="-2.864197">
      <ele>565.2</ele>
    </trkpt>
    <trkpt lat="42.626081" lon="-2.864219">
      <ele>563</ele>
    </trkpt>
    <trkpt lat="42.626508" lon="-2.864442">
      <ele>559.8</ele>
    </trkpt>
    <trkpt lat="42.62675" lon="-2.864468">
      <ele>558</ele>
    </trkpt>
    <trkpt lat="42.627241" lon="-2.864192">
      <ele>554.2</ele>
    </trkpt>
    <trkpt lat="42.627522" lon="-2.863751">
      <ele>550.9</ele>
    </trkpt>
    <trkpt lat="42.628007" lon="-2.863222">
      <ele>545.2</ele>
    </trkpt>
    <trkpt lat="42.628441" lon="-2.863019">
      <ele>540.2</ele>
    </trkpt>
    <trkpt lat="42.628716" lon="-2.863126">
      <ele>536.8</ele>
    </trkpt>
    <trkpt lat="42.629167" lon="-2.863806">
      <ele>528.3</ele>
    </trkpt>
    <trkpt lat="42.629556" lon="-2.863826">
      <ele>523.2</ele>
    </trkpt>
    <trkpt lat="42.630105" lon="-2.864096">
      <ele>515.8</ele>
    </trkpt>
    <trkpt lat="42.630496" lon="-2.864129">
      <ele>511.5</ele>
    </trkpt>
    <trkpt lat="42.630608" lon="-2.864074">
      <ele>510.3</ele>
    </trkpt>
    <trkpt lat="42.630818" lon="-2.863869">
      <ele>508.1</ele>
    </trkpt>
    <trkpt lat="42.631159" lon="-2.863327">
      <ele>504.8</ele>
    </trkpt>
    <trkpt lat="42.631291" lon="-2.862793">
      <ele>503.3</ele>
    </trkpt>
    <trkpt lat="42.631288" lon="-2.862698">
      <ele>503.1</ele>
    </trkpt>
    <trkpt lat="42.631331" lon="-2.862552">
      <ele>502.9</ele>
    </trkpt>
    <trkpt lat="42.631347" lon="-2.862193">
      <ele>502.4</ele>
    </trkpt>
    <trkpt lat="42.631415" lon="-2.862043">
      <ele>502.1</ele>
    </trkpt>
    <trkpt lat="42.63156" lon="-2.861504">
      <ele>500.3</ele>
    </trkpt>
    <trkpt lat="42.631722" lon="-2.861197">
      <ele>498.6</ele>
    </trkpt>
    <trkpt lat="42.631789" lon="-2.861152">
      <ele>498.1</ele>
    </trkpt>
    <trkpt lat="42.632347" lon="-2.861664">
      <ele>492.4</ele>
    </trkpt>
    <trkpt lat="42.632908" lon="-2.861829">
      <ele>486.5</ele>
    </trkpt>
    <trkpt lat="42.633174" lon="-2.861963">
      <ele>483.6</ele>
    </trkpt>
    <trkpt lat="42.633444" lon="-2.862184">
      <ele>481.2</ele>
    </trkpt>
    <trkpt lat="42.633583" lon="-2.862589">
      <ele>479.4</ele>
    </trkpt>
    <trkpt lat="42.633698" lon="-2.862791">
      <ele>478.7</ele>
    </trkpt>
    <trkpt lat="42.633753" lon="-2.863104">
      <ele>478.1</ele>
    </trkpt>
    <trkpt lat="42.63382" lon="-2.863276">
      <ele>477.9</ele>
    </trkpt>
    <trkpt lat="42.633717" lon="-2.863496">
      <ele>477.7</ele>
    </trkpt>
    <trkpt lat="42.633567" lon="-2.864001">
      <ele>477.9</ele>
    </trkpt>
    <trkpt lat="42.633273" lon="-2.865347">
      <ele>481.4</ele>
    </trkpt>
    <trkpt lat="42.633249" lon="-2.865743">
      <ele>482.6</ele>
    </trkpt>
    <trkpt lat="42.633361" lon="-2.866641">
      <ele>485.6</ele>
    </trkpt>
    <trkpt lat="42.633404" lon="-2.867317">
      <ele>488.1</ele>
    </trkpt>
    <trkpt lat="42.633332" lon="-2.867879">
      <ele>489.9</ele>
    </trkpt>
    <trkpt lat="42.633293" lon="-2.868389">
      <ele>491.3</ele>
    </trkpt>
    <trkpt lat="42.633246" lon="-2.868641">
      <ele>491.9</ele>
    </trkpt>
    <trkpt lat="42.633171" lon="-2.868844">
      <ele>492.4</ele>
    </trkpt>
    <trkpt lat="42.633043" lon="-2.869051">
      <ele>493</ele>
    </trkpt>
    <trkpt lat="42.632887" lon="-2.869414">
      <ele>493.7</ele>
    </trkpt>
    <trkpt lat="42.632859" lon="-2.86948">
      <ele>493.8</ele>
    </trkpt>
    <trkpt lat="42.6328" lon="-2.870266">
      <ele>494.9</ele>
    </trkpt>
    <trkpt lat="42.632727" lon="-2.870576">
      <ele>495.3</ele>
    </trkpt>
    <trkpt lat="42.632356" lon="-2.871702">
      <ele>497.6</ele>
    </trkpt>
    <trkpt lat="42.632059" lon="-2.872476">
      <ele>499.8</ele>
    </trkpt>
    <trkpt lat="42.632003" lon="-2.872742">
      <ele>500.5</ele>
    </trkpt>
    <trkpt lat="42.632035" lon="-2.873247">
      <ele>502</ele>
    </trkpt>
    <trkpt lat="42.631991" lon="-2.873557">
      <ele>503</ele>
    </trkpt>
    <trkpt lat="42.631861" lon="-2.873923">
      <ele>504.3</ele>
    </trkpt>
    <trkpt lat="42.631807" lon="-2.874257">
      <ele>505.4</ele>
    </trkpt>
    <trkpt lat="42.63182" lon="-2.874573">
      <ele>506.4</ele>
    </trkpt>
    <trkpt lat="42.631898" lon="-2.875278">
      <ele>508.5</ele>
    </trkpt>
    <trkpt lat="42.6319" lon="-2.875685">
      <ele>509.4</ele>
    </trkpt>
    <trkpt lat="42.631817" lon="-2.875993">
      <ele>510.1</ele>
    </trkpt>
    <trkpt lat="42.631564" lon="-2.876487">
      <ele>511</ele>
    </trkpt>
    <trkpt lat="42.631531" lon="-2.876876">
      <ele>511.4</ele>
    </trkpt>
    <trkpt lat="42.631349" lon="-2.877885">
      <ele>513.1</ele>
    </trkpt>
    <trkpt lat="42.631348" lon="-2.87806">
      <ele>513.4</ele>
    </trkpt>
    <trkpt lat="42.631392" lon="-2.878163">
      <ele>513.7</ele>
    </trkpt>
    <trkpt lat="42.631643" lon="-2.878328">
      <ele>514.9</ele>
    </trkpt>
    <trkpt lat="42.632012" lon="-2.878852">
      <ele>518.2</ele>
    </trkpt>
    <trkpt lat="42.632095" lon="-2.878872">
      <ele>518.9</ele>
    </trkpt>
    <trkpt lat="42.632155" lon="-2.878831">
      <ele>519.4</ele>
    </trkpt>
    <trkpt lat="42.632247" lon="-2.878586">
      <ele>521.2</ele>
    </trkpt>
    <trkpt lat="42.632291" lon="-2.878537">
      <ele>521.7</ele>
    </trkpt>
    <trkpt lat="42.632541" lon="-2.878514">
      <ele>524</ele>
    </trkpt>
    <trkpt lat="42.632782" lon="-2.878387">
      <ele>526.5</ele>
    </trkpt>
    <trkpt lat="42.632946" lon="-2.87837">
      <ele>527.9</ele>
    </trkpt>
    <trkpt lat="42.633042" lon="-2.878435">
      <ele>528.8</ele>
    </trkpt>
    <trkpt lat="42.633244" lon="-2.878754">
      <ele>531.4</ele>
    </trkpt>
    <trkpt lat="42.633556" lon="-2.879106">
      <ele>534.6</ele>
    </trkpt>
    <trkpt lat="42.633563" lon="-2.879195">
      <ele>535.1</ele>
    </trkpt>
    <trkpt lat="42.633523" lon="-2.879518">
      <ele>537</ele>
    </trkpt>
    <trkpt lat="42.633636" lon="-2.879951">
      <ele>539.6</ele>
    </trkpt>
    <trkpt lat="42.633815" lon="-2.880303">
      <ele>542</ele>
    </trkpt>
    <trkpt lat="42.633946" lon="-2.880475">
      <ele>543.3</ele>
    </trkpt>
    <trkpt lat="42.634268" lon="-2.881019">
      <ele>547.9</ele>
    </trkpt>
    <trkpt lat="42.634452" lon="-2.881202">
      <ele>550.1</ele>
    </trkpt>
    <trkpt lat="42.63527" lon="-2.881583">
      <ele>558.5</ele>
    </trkpt>
    <trkpt lat="42.635395" lon="-2.881606">
      <ele>559.7</ele>
    </trkpt>
    <trkpt lat="42.635634" lon="-2.881533">
      <ele>561.9</ele>
    </trkpt>
    <trkpt lat="42.635799" lon="-2.8814">
      <ele>563.6</ele>
    </trkpt>
    <trkpt lat="42.636019" lon="-2.881296">
      <ele>565.6</ele>
    </trkpt>
    <trkpt lat="42.636248" lon="-2.881266">
      <ele>567.3</ele>
    </trkpt>
    <trkpt lat="42.636471" lon="-2.881308">
      <ele>568.9</ele>
    </trkpt>
    <trkpt lat="42.637" lon="-2.881552">
      <ele>572.9</ele>
    </trkpt>
    <trkpt lat="42.637063" lon="-2.881537">
      <ele>573.3</ele>
    </trkpt>
    <trkpt lat="42.637294" lon="-2.881267">
      <ele>575.5</ele>
    </trkpt>
    <trkpt lat="42.637393" lon="-2.881437">
      <ele>576.6</ele>
    </trkpt>
    <trkpt lat="42.637567" lon="-2.881861">
      <ele>579</ele>
    </trkpt>
    <trkpt lat="42.637659" lon="-2.882467">
      <ele>582.4</ele>
    </trkpt>
    <trkpt lat="42.637729" lon="-2.882767">
      <ele>584.4</ele>
    </trkpt>
    <trkpt lat="42.637737" lon="-2.883019">
      <ele>586</ele>
    </trkpt>
    <trkpt lat="42.637934" lon="-2.883899">
      <ele>592.2</ele>
    </trkpt>
    <trkpt lat="42.638226" lon="-2.884816">
      <ele>599.7</ele>
    </trkpt>
    <trkpt lat="42.638447" lon="-2.885266">
      <ele>603.8</ele>
    </trkpt>
    <trkpt lat="42.638771" lon="-2.88607">
      <ele>610.6</ele>
    </trkpt>
    <trkpt lat="42.639004" lon="-2.886867">
      <ele>616.5</ele>
    </trkpt>
    <trkpt lat="42.639181" lon="-2.887701">
      <ele>622.1</ele>
    </trkpt>
    <trkpt lat="42.639275" lon="-2.888559">
      <ele>627.3</ele>
    </trkpt>
    <trkpt lat="42.639261" lon="-2.888877">
      <ele>629</ele>
    </trkpt>
    <trkpt lat="42.639269" lon="-2.88893">
      <ele>629.3</ele>
    </trkpt>
    <trkpt lat="42.639277" lon="-2.888987">
      <ele>629.6</ele>
    </trkpt>
    <trkpt lat="42.639577" lon="-2.890096">
      <ele>636.9</ele>
    </trkpt>
    <trkpt lat="42.639585" lon="-2.890273">
      <ele>638.2</ele>
    </trkpt>
    <trkpt lat="42.639554" lon="-2.890485">
      <ele>639.8</ele>
    </trkpt>
    <trkpt lat="42.639641" lon="-2.890421">
      <ele>641</ele>
    </trkpt>
    <trkpt lat="42.639831" lon="-2.891332">
      <ele>650.8</ele>
    </trkpt>
    <trkpt lat="42.640056" lon="-2.892165">
      <ele>659.9</ele>
    </trkpt>
    <trkpt lat="42.640355" lon="-2.892754">
      <ele>663.1</ele>
    </trkpt>
    <trkpt lat="42.639494" lon="-2.891954">
      <ele>658.9</ele>
    </trkpt>
    <trkpt lat="42.639263" lon="-2.891803">
      <ele>656.5</ele>
    </trkpt>
    <trkpt lat="42.638856" lon="-2.891886">
      <ele>654.2</ele>
    </trkpt>
    <trkpt lat="42.638584" lon="-2.891879">
      <ele>653.3</ele>
    </trkpt>
    <trkpt lat="42.638281" lon="-2.892168">
      <ele>652.2</ele>
    </trkpt>
    <trkpt lat="42.638161" lon="-2.892215">
      <ele>651.9</ele>
    </trkpt>
    <trkpt lat="42.638076" lon="-2.892145">
      <ele>651.6</ele>
    </trkpt>
    <trkpt lat="42.637988" lon="-2.891725">
      <ele>650.4</ele>
    </trkpt>
    <trkpt lat="42.638272" lon="-2.890471">
      <ele>641.5</ele>
    </trkpt>
    <trkpt lat="42.638285" lon="-2.890411">
      <ele>640.9</ele>
    </trkpt>
    <trkpt lat="42.638292" lon="-2.890319">
      <ele>639.9</ele>
    </trkpt>
    <trkpt lat="42.638254" lon="-2.890215">
      <ele>638.6</ele>
    </trkpt>
    <trkpt lat="42.638157" lon="-2.890124">
      <ele>636.9</ele>
    </trkpt>
    <trkpt lat="42.637847" lon="-2.889686">
      <ele>629.9</ele>
    </trkpt>
    <trkpt lat="42.637699" lon="-2.889597">
      <ele>627.3</ele>
    </trkpt>
    <trkpt lat="42.637652" lon="-2.889518">
      <ele>626.1</ele>
    </trkpt>
    <trkpt lat="42.637277" lon="-2.889381">
      <ele>620</ele>
    </trkpt>
    <trkpt lat="42.637014" lon="-2.889162">
      <ele>615.3</ele>
    </trkpt>
    <trkpt lat="42.636824" lon="-2.889067">
      <ele>612.3</ele>
    </trkpt>
    <trkpt lat="42.636717" lon="-2.888927">
      <ele>610.2</ele>
    </trkpt>
    <trkpt lat="42.636303" lon="-2.888745">
      <ele>604.3</ele>
    </trkpt>
    <trkpt lat="42.636173" lon="-2.888655">
      <ele>602.4</ele>
    </trkpt>
    <trkpt lat="42.635847" lon="-2.887953">
      <ele>595.1</ele>
    </trkpt>
    <trkpt lat="42.635657" lon="-2.887633">
      <ele>591.7</ele>
    </trkpt>
    <trkpt lat="42.63545" lon="-2.887398">
      <ele>588.8</ele>
    </trkpt>
    <trkpt lat="42.635252" lon="-2.88726">
      <ele>586.6</ele>
    </trkpt>
    <trkpt lat="42.63505" lon="-2.887162">
      <ele>584.6</ele>
    </trkpt>
    <trkpt lat="42.63488" lon="-2.887148">
      <ele>583.1</ele>
    </trkpt>
    <trkpt lat="42.634725" lon="-2.88723">
      <ele>581.9</ele>
    </trkpt>
    <trkpt lat="42.634398" lon="-2.887299">
      <ele>579.9</ele>
    </trkpt>
    <trkpt lat="42.634357" lon="-2.887301">
      <ele>579.7</ele>
    </trkpt>
    <trkpt lat="42.63431" lon="-2.887242">
      <ele>579.4</ele>
    </trkpt>
    <trkpt lat="42.634281" lon="-2.887243">
      <ele>579.3</ele>
    </trkpt>
    <trkpt lat="42.634201" lon="-2.887405">
      <ele>578.8</ele>
    </trkpt>
    <trkpt lat="42.634043" lon="-2.887491">
      <ele>578.3</ele>
    </trkpt>
    <trkpt lat="42.633938" lon="-2.887513">
      <ele>578.1</ele>
    </trkpt>
    <trkpt lat="42.633901" lon="-2.887515">
      <ele>578</ele>
    </trkpt>
    <trkpt lat="42.633688" lon="-2.887395">
      <ele>577.7</ele>
    </trkpt>
    <trkpt lat="42.633426" lon="-2.887467">
      <ele>577.7</ele>
    </trkpt>
    <trkpt lat="42.633047" lon="-2.887396">
      <ele>577.9</ele>
    </trkpt>
    <trkpt lat="42.632945" lon="-2.887482">
      <ele>578</ele>
    </trkpt>
    <trkpt lat="42.632841" lon="-2.887523">
      <ele>578.1</ele>
    </trkpt>
    <trkpt lat="42.632576" lon="-2.887513">
      <ele>578.5</ele>
    </trkpt>
    <trkpt lat="42.632405" lon="-2.887541">
      <ele>578.8</ele>
    </trkpt>
    <trkpt lat="42.632282" lon="-2.887682">
      <ele>579.1</ele>
    </trkpt>
    <trkpt lat="42.632128" lon="-2.888042">
      <ele>579.9</ele>
    </trkpt>
    <trkpt lat="42.631919" lon="-2.888355">
      <ele>580.9</ele>
    </trkpt>
    <trkpt lat="42.631551" lon="-2.888832">
      <ele>583.4</ele>
    </trkpt>
    <trkpt lat="42.631268" lon="-2.889291">
      <ele>586.9</ele>
    </trkpt>
    <trkpt lat="42.631115" lon="-2.889432">
      <ele>588.6</ele>
    </trkpt>
    <trkpt lat="42.631009" lon="-2.889438">
      <ele>589.6</ele>
    </trkpt>
    <trkpt lat="42.630746" lon="-2.889325">
      <ele>592.1</ele>
    </trkpt>
    <trkpt lat="42.630643" lon="-2.889215">
      <ele>593.2</ele>
    </trkpt>
    <trkpt lat="42.630486" lon="-2.888909">
      <ele>595.6</ele>
    </trkpt>
    <trkpt lat="42.630423" lon="-2.889016">
      <ele>596.4</ele>
    </trkpt>
    <trkpt lat="42.630418" lon="-2.889023">
      <ele>596.5</ele>
    </trkpt>
    <trkpt lat="42.63035" lon="-2.889239">
      <ele>597.7</ele>
    </trkpt>
    <trkpt lat="42.630144" lon="-2.890151">
      <ele>601.2</ele>
    </trkpt>
    <trkpt lat="42.629793" lon="-2.890991">
      <ele>601.9</ele>
    </trkpt>
    <trkpt lat="42.629803" lon="-2.891409">
      <ele>602.4</ele>
    </trkpt>
    <trkpt lat="42.629861" lon="-2.891728">
      <ele>603</ele>
    </trkpt>
    <trkpt lat="42.629853" lon="-2.892037">
      <ele>603.7</ele>
    </trkpt>
    <trkpt lat="42.629793" lon="-2.892263">
      <ele>604.5</ele>
    </trkpt>
    <trkpt lat="42.629651" lon="-2.892492">
      <ele>605.6</ele>
    </trkpt>
    <trkpt lat="42.62961" lon="-2.892624">
      <ele>606.2</ele>
    </trkpt>
    <trkpt lat="42.629639" lon="-2.892883">
      <ele>607.5</ele>
    </trkpt>
    <trkpt lat="42.629956" lon="-2.893959">
      <ele>615.5</ele>
    </trkpt>
    <trkpt lat="42.629963" lon="-2.894065">
      <ele>616.3</ele>
    </trkpt>
    <trkpt lat="42.629939" lon="-2.894155">
      <ele>617</ele>
    </trkpt>
    <trkpt lat="42.629734" lon="-2.894575">
      <ele>620.8</ele>
    </trkpt>
    <trkpt lat="42.629638" lon="-2.894675">
      <ele>622.2</ele>
    </trkpt>
    <trkpt lat="42.629384" lon="-2.8948">
      <ele>625.5</ele>
    </trkpt>
    <trkpt lat="42.629198" lon="-2.894776">
      <ele>628</ele>
    </trkpt>
    <trkpt lat="42.62875" lon="-2.894955">
      <ele>633.3</ele>
    </trkpt>
    <trkpt lat="42.628555" lon="-2.894857">
      <ele>635.2</ele>
    </trkpt>
    <trkpt lat="42.628434" lon="-2.894748">
      <ele>636.4</ele>
    </trkpt>
    <trkpt lat="42.628139" lon="-2.894628">
      <ele>639.1</ele>
    </trkpt>
    <trkpt lat="42.628047" lon="-2.894503">
      <ele>640.2</ele>
    </trkpt>
    <trkpt lat="42.627965" lon="-2.894221">
      <ele>642.2</ele>
    </trkpt>
    <trkpt lat="42.62796" lon="-2.893849">
      <ele>644.7</ele>
    </trkpt>
    <trkpt lat="42.627857" lon="-2.893286">
      <ele>647.5</ele>
    </trkpt>
    <trkpt lat="42.627737" lon="-2.892922">
      <ele>648.9</ele>
    </trkpt>
    <trkpt lat="42.627475" lon="-2.892405">
      <ele>652.3</ele>
    </trkpt>
    <trkpt lat="42.627387" lon="-2.892187">
      <ele>653.7</ele>
    </trkpt>
    <trkpt lat="42.627301" lon="-2.892043">
      <ele>654.8</ele>
    </trkpt>
    <trkpt lat="42.627086" lon="-2.891894">
      <ele>656.5</ele>
    </trkpt>
    <trkpt lat="42.62693" lon="-2.891842">
      <ele>657.6</ele>
    </trkpt>
    <trkpt lat="42.626789" lon="-2.891837">
      <ele>658.5</ele>
    </trkpt>
    <trkpt lat="42.626561" lon="-2.891881">
      <ele>659.9</ele>
    </trkpt>
    <trkpt lat="42.626434" lon="-2.891838">
      <ele>660.7</ele>
    </trkpt>
    <trkpt lat="42.626281" lon="-2.891577">
      <ele>662.3</ele>
    </trkpt>
    <trkpt lat="42.626019" lon="-2.890973">
      <ele>666.2</ele>
    </trkpt>
    <trkpt lat="42.625838" lon="-2.890807">
      <ele>667.7</ele>
    </trkpt>
    <trkpt lat="42.625724" lon="-2.890774">
      <ele>668.4</ele>
    </trkpt>
    <trkpt lat="42.625622" lon="-2.890795">
      <ele>669.1</ele>
    </trkpt>
    <trkpt lat="42.625279" lon="-2.891058">
      <ele>671.7</ele>
    </trkpt>
    <trkpt lat="42.62505" lon="-2.891157">
      <ele>673.4</ele>
    </trkpt>
    <trkpt lat="42.624949" lon="-2.89115">
      <ele>674.1</ele>
    </trkpt>
    <trkpt lat="42.624499" lon="-2.890961">
      <ele>677.8</ele>
    </trkpt>
    <trkpt lat="42.624353" lon="-2.890958">
      <ele>679</ele>
    </trkpt>
    <trkpt lat="42.624204" lon="-2.891051">
      <ele>680.4</ele>
    </trkpt>
    <trkpt lat="42.624058" lon="-2.8912">
      <ele>682.1</ele>
    </trkpt>
    <trkpt lat="42.623927" lon="-2.891395">
      <ele>683.9</ele>
    </trkpt>
    <trkpt lat="42.623218" lon="-2.892695">
      <ele>696.6</ele>
    </trkpt>
    <trkpt lat="42.622838" lon="-2.893188">
      <ele>701.8</ele>
    </trkpt>
    <trkpt lat="42.622612" lon="-2.893684">
      <ele>705.3</ele>
    </trkpt>
    <trkpt lat="42.622518" lon="-2.893807">
      <ele>706.2</ele>
    </trkpt>
    <trkpt lat="42.622127" lon="-2.89402">
      <ele>707.2</ele>
    </trkpt>
    <trkpt lat="42.621867" lon="-2.894125">
      <ele>706.4</ele>
    </trkpt>
    <trkpt lat="42.621704" lon="-2.894126">
      <ele>705.1</ele>
    </trkpt>
    <trkpt lat="42.621535" lon="-2.894037">
      <ele>703.2</ele>
    </trkpt>
    <trkpt lat="42.621421" lon="-2.893999">
      <ele>702</ele>
    </trkpt>
    <trkpt lat="42.621372" lon="-2.893984">
      <ele>701.5</ele>
    </trkpt>
    <trkpt lat="42.621214" lon="-2.893971">
      <ele>699.8</ele>
    </trkpt>
    <trkpt lat="42.621132" lon="-2.893918">
      <ele>698.9</ele>
    </trkpt>
    <trkpt lat="42.62108" lon="-2.893847">
      <ele>698.2</ele>
    </trkpt>
    <trkpt lat="42.620971" lon="-2.893861">
      <ele>697.2</ele>
    </trkpt>
    <trkpt lat="42.620637" lon="-2.893627">
      <ele>693.7</ele>
    </trkpt>
    <trkpt lat="42.620665" lon="-2.893943">
      <ele>692.2</ele>
    </trkpt>
    <trkpt lat="42.620651" lon="-2.894051">
      <ele>691.8</ele>
    </trkpt>
    <trkpt lat="42.620515" lon="-2.894458">
      <ele>691.1</ele>
    </trkpt>
    <trkpt lat="42.620457" lon="-2.894776">
      <ele>691.7</ele>
    </trkpt>
    <trkpt lat="42.62027" lon="-2.896099">
      <ele>702.6</ele>
    </trkpt>
    <trkpt lat="42.620286" lon="-2.896421">
      <ele>705.9</ele>
    </trkpt>
    <trkpt lat="42.620411" lon="-2.89682">
      <ele>710.1</ele>
    </trkpt>
    <trkpt lat="42.620602" lon="-2.897494">
      <ele>716.7</ele>
    </trkpt>
    <trkpt lat="42.621183" lon="-2.899084">
      <ele>731.7</ele>
    </trkpt>
    <trkpt lat="42.621405" lon="-2.89966">
      <ele>737.1</ele>
    </trkpt>
    <trkpt lat="42.621492" lon="-2.899982">
      <ele>740.1</ele>
    </trkpt>
    <trkpt lat="42.62166" lon="-2.900326">
      <ele>743.7</ele>
    </trkpt>
    <trkpt lat="42.621823" lon="-2.900594">
      <ele>746.8</ele>
    </trkpt>
    <trkpt lat="42.621936" lon="-2.900917">
      <ele>749.9</ele>
    </trkpt>
    <trkpt lat="42.622481" lon="-2.9017">
      <ele>756.8</ele>
    </trkpt>
    <trkpt lat="42.622724" lon="-2.902102">
      <ele>759.3</ele>
    </trkpt>
    <trkpt lat="42.622931" lon="-2.902676">
      <ele>762.2</ele>
    </trkpt>
    <trkpt lat="42.622979" lon="-2.902879">
      <ele>763.1</ele>
    </trkpt>
    <trkpt lat="42.622976" lon="-2.90315">
      <ele>764.3</ele>
    </trkpt>
    <trkpt lat="42.622949" lon="-2.903681">
      <ele>766.7</ele>
    </trkpt>
    <trkpt lat="42.622894" lon="-2.904091">
      <ele>768.9</ele>
    </trkpt>
    <trkpt lat="42.622889" lon="-2.904703">
      <ele>771.8</ele>
    </trkpt>
    <trkpt lat="42.623018" lon="-2.905401">
      <ele>774.2</ele>
    </trkpt>
    <trkpt lat="42.623022" lon="-2.905548">
      <ele>774.6</ele>
    </trkpt>
    <trkpt lat="42.623485" lon="-2.905529">
      <ele>776.2</ele>
    </trkpt>
    <trkpt lat="42.623831" lon="-2.905439">
      <ele>777.4</ele>
    </trkpt>
    <trkpt lat="42.624016" lon="-2.90546">
      <ele>778.1</ele>
    </trkpt>
    <trkpt lat="42.624537" lon="-2.905633">
      <ele>780.1</ele>
    </trkpt>
    <trkpt lat="42.624622" lon="-2.905749">
      <ele>780.8</ele>
    </trkpt>
    <trkpt lat="42.624766" lon="-2.905785">
      <ele>781.6</ele>
    </trkpt>
    <trkpt lat="42.624765" lon="-2.905944">
      <ele>782.3</ele>
    </trkpt>
    <trkpt lat="42.624847" lon="-2.906243">
      <ele>783.7</ele>
    </trkpt>
    <trkpt lat="42.624915" lon="-2.906714">
      <ele>785.9</ele>
    </trkpt>
    <trkpt lat="42.625296" lon="-2.907527">
      <ele>789.3</ele>
    </trkpt>
    <trkpt lat="42.625544" lon="-2.908592">
      <ele>791.9</ele>
    </trkpt>
    <trkpt lat="42.626039" lon="-2.908734">
      <ele>793.1</ele>
    </trkpt>
    <trkpt lat="42.626199" lon="-2.908945">
      <ele>793.6</ele>
    </trkpt>
    <trkpt lat="42.626529" lon="-2.909018">
      <ele>794.5</ele>
    </trkpt>
    <trkpt lat="42.626837" lon="-2.909351">
      <ele>795.8</ele>
    </trkpt>
    <trkpt lat="42.627392" lon="-2.91095">
      <ele>801.6</ele>
    </trkpt>
    <trkpt lat="42.6279" lon="-2.911939">
      <ele>805.2</ele>
    </trkpt>
    <trkpt lat="42.628171" lon="-2.911919">
      <ele>806.2</ele>
    </trkpt>
    <trkpt lat="42.628597" lon="-2.912237">
      <ele>807.9</ele>
    </trkpt>
    <trkpt lat="42.6288" lon="-2.91259">
      <ele>809.1</ele>
    </trkpt>
    <trkpt lat="42.629016" lon="-2.912433">
      <ele>809.9</ele>
    </trkpt>
    <trkpt lat="42.629128" lon="-2.912733">
      <ele>810.7</ele>
    </trkpt>
    <trkpt lat="42.629708" lon="-2.913959">
      <ele>812.9</ele>
    </trkpt>
    <trkpt lat="42.629857" lon="-2.914315">
      <ele>813</ele>
    </trkpt>
    <trkpt lat="42.630083" lon="-2.914681">
      <ele>813.6</ele>
    </trkpt>
    <trkpt lat="42.630173" lon="-2.91478">
      <ele>814</ele>
    </trkpt>
    <trkpt lat="42.6303" lon="-2.915147">
      <ele>815.1</ele>
    </trkpt>
    <trkpt lat="42.630391" lon="-2.915207">
      <ele>815.5</ele>
    </trkpt>
    <trkpt lat="42.630954" lon="-2.915627">
      <ele>818.1</ele>
    </trkpt>
    <trkpt lat="42.631113" lon="-2.915762">
      <ele>818.7</ele>
    </trkpt>
    <trkpt lat="42.631144" lon="-2.915827">
      <ele>818.8</ele>
    </trkpt>
    <trkpt lat="42.631354" lon="-2.915919">
      <ele>819.2</ele>
    </trkpt>
    <trkpt lat="42.631591" lon="-2.916123">
      <ele>818.8</ele>
    </trkpt>
    <trkpt lat="42.631695" lon="-2.91619">
      <ele>818.2</ele>
    </trkpt>
    <trkpt lat="42.631716" lon="-2.916149">
      <ele>818</ele>
    </trkpt>
    <trkpt lat="42.631795" lon="-2.916113">
      <ele>817.3</ele>
    </trkpt>
    <trkpt lat="42.631806" lon="-2.916143">
      <ele>817.1</ele>
    </trkpt>
    <trkpt lat="42.631791" lon="-2.916191">
      <ele>816.8</ele>
    </trkpt>
    <trkpt lat="42.631786" lon="-2.916207">
      <ele>816.6</ele>
    </trkpt>
    <trkpt lat="42.631869" lon="-2.916436">
      <ele>814.4</ele>
    </trkpt>
    <trkpt lat="42.631859" lon="-2.916514">
      <ele>813.6</ele>
    </trkpt>
    <trkpt lat="42.631901" lon="-2.916623">
      <ele>812.2</ele>
    </trkpt>
    <trkpt lat="42.63188" lon="-2.916833">
      <ele>809.4</ele>
    </trkpt>
    <trkpt lat="42.631833" lon="-2.916927">
      <ele>807.7</ele>
    </trkpt>
    <trkpt lat="42.631822" lon="-2.917055">
      <ele>805.7</ele>
    </trkpt>
    <trkpt lat="42.631855" lon="-2.917138">
      <ele>804.2</ele>
    </trkpt>
    <trkpt lat="42.631938" lon="-2.917194">
      <ele>802</ele>
    </trkpt>
    <trkpt lat="42.631932" lon="-2.917296">
      <ele>800.1</ele>
    </trkpt>
    <trkpt lat="42.632034" lon="-2.917331">
      <ele>797.4</ele>
    </trkpt>
    <trkpt lat="42.63202" lon="-2.91741">
      <ele>795.7</ele>
    </trkpt>
    <trkpt lat="42.631925" lon="-2.917558">
      <ele>791.7</ele>
    </trkpt>
    <trkpt lat="42.63188" lon="-2.917739">
      <ele>787.7</ele>
    </trkpt>
    <trkpt lat="42.631935" lon="-2.918345">
      <ele>773.7</ele>
    </trkpt>
    <trkpt lat="42.631973" lon="-2.918415">
      <ele>771.6</ele>
    </trkpt>
    <trkpt lat="42.632032" lon="-2.9184">
      <ele>769.7</ele>
    </trkpt>
    <trkpt lat="42.632158" lon="-2.91829">
      <ele>764.6</ele>
    </trkpt>
    <trkpt lat="42.63222" lon="-2.918284">
      <ele>762.4</ele>
    </trkpt>
    <trkpt lat="42.632324" lon="-2.918362">
      <ele>758.6</ele>
    </trkpt>
    <trkpt lat="42.63256" lon="-2.91884">
      <ele>745.5</ele>
    </trkpt>
    <trkpt lat="42.632557" lon="-2.918969">
      <ele>742.8</ele>
    </trkpt>
    <trkpt lat="42.632517" lon="-2.919039">
      <ele>740.9</ele>
    </trkpt>
    <trkpt lat="42.632564" lon="-2.919089">
      <ele>739.3</ele>
    </trkpt>
    <trkpt lat="42.632629" lon="-2.919092">
      <ele>737.6</ele>
    </trkpt>
    <trkpt lat="42.632746" lon="-2.919153">
      <ele>734.4</ele>
    </trkpt>
    <trkpt lat="42.632774" lon="-2.919267">
      <ele>732.2</ele>
    </trkpt>
    <trkpt lat="42.63263" lon="-2.919412">
      <ele>728.3</ele>
    </trkpt>
    <trkpt lat="42.632609" lon="-2.919533">
      <ele>726.4</ele>
    </trkpt>
    <trkpt lat="42.632472" lon="-2.919739">
      <ele>722.6</ele>
    </trkpt>
    <trkpt lat="42.632393" lon="-2.919841">
      <ele>720.9</ele>
    </trkpt>
    <trkpt lat="42.632301" lon="-2.919906">
      <ele>719.4</ele>
    </trkpt>
    <trkpt lat="42.631922" lon="-2.920131">
      <ele>714.8</ele>
    </trkpt>
    <trkpt lat="42.631592" lon="-2.920198">
      <ele>712.9</ele>
    </trkpt>
    <trkpt lat="42.631138" lon="-2.920453">
      <ele>711.5</ele>
    </trkpt>
    <trkpt lat="42.630872" lon="-2.920552">
      <ele>711.3</ele>
    </trkpt>
    <trkpt lat="42.630673" lon="-2.92059">
      <ele>711.3</ele>
    </trkpt>
    <trkpt lat="42.630412" lon="-2.920565">
      <ele>711.4</ele>
    </trkpt>
    <trkpt lat="42.630105" lon="-2.92047">
      <ele>711.9</ele>
    </trkpt>
    <trkpt lat="42.629933" lon="-2.920359">
      <ele>712.4</ele>
    </trkpt>
    <trkpt lat="42.62987" lon="-2.920354">
      <ele>712.6</ele>
    </trkpt>
    <trkpt lat="42.629487" lon="-2.920491">
      <ele>714.3</ele>
    </trkpt>
    <trkpt lat="42.629327" lon="-2.920576">
      <ele>715.3</ele>
    </trkpt>
    <trkpt lat="42.628905" lon="-2.920679">
      <ele>718.1</ele>
    </trkpt>
    <trkpt lat="42.628593" lon="-2.920531">
      <ele>720.5</ele>
    </trkpt>
    <trkpt lat="42.628515" lon="-2.920522">
      <ele>721</ele>
    </trkpt>
    <trkpt lat="42.628512" lon="-2.920795">
      <ele>722.5</ele>
    </trkpt>
    <trkpt lat="42.628547" lon="-2.920975">
      <ele>723.5</ele>
    </trkpt>
    <trkpt lat="42.628513" lon="-2.921409">
      <ele>725.8</ele>
    </trkpt>
    <trkpt lat="42.628528" lon="-2.921597">
      <ele>726.8</ele>
    </trkpt>
    <trkpt lat="42.628529" lon="-2.921684">
      <ele>727.3</ele>
    </trkpt>
    <trkpt lat="42.62849" lon="-2.921775">
      <ele>727.9</ele>
    </trkpt>
    <trkpt lat="42.627972" lon="-2.922197">
      <ele>732.4</ele>
    </trkpt>
    <trkpt lat="42.627795" lon="-2.922472">
      <ele>734.5</ele>
    </trkpt>
    <trkpt lat="42.627499" lon="-2.922843">
      <ele>737.8</ele>
    </trkpt>
    <trkpt lat="42.627238" lon="-2.923109">
      <ele>740.7</ele>
    </trkpt>
    <trkpt lat="42.626833" lon="-2.923458">
      <ele>745.2</ele>
    </trkpt>
    <trkpt lat="42.626469" lon="-2.923834">
      <ele>749.6</ele>
    </trkpt>
    <trkpt lat="42.625777" lon="-2.92431">
      <ele>756.6</ele>
    </trkpt>
    <trkpt lat="42.625121" lon="-2.924858">
      <ele>762.7</ele>
    </trkpt>
    <trkpt lat="42.624795" lon="-2.925279">
      <ele>765.7</ele>
    </trkpt>
    <trkpt lat="42.624721" lon="-2.925436">
      <ele>766.5</ele>
    </trkpt>
    <trkpt lat="42.62473" lon="-2.925484">
      <ele>766.7</ele>
    </trkpt>
    <trkpt lat="42.624753" lon="-2.925546">
      <ele>767.1</ele>
    </trkpt>
    <trkpt lat="42.625236" lon="-2.925527">
      <ele>769.7</ele>
    </trkpt>
    <trkpt lat="42.625287" lon="-2.925557">
      <ele>769.9</ele>
    </trkpt>
    <trkpt lat="42.625744" lon="-2.925563">
      <ele>772</ele>
    </trkpt>
    <trkpt lat="42.626009" lon="-2.925469">
      <ele>773</ele>
    </trkpt>
    <trkpt lat="42.626249" lon="-2.925501">
      <ele>773.9</ele>
    </trkpt>
    <trkpt lat="42.62633" lon="-2.925435">
      <ele>774.2</ele>
    </trkpt>
    <trkpt lat="42.626461" lon="-2.925391">
      <ele>774.7</ele>
    </trkpt>
    <trkpt lat="42.626964" lon="-2.925454">
      <ele>776.9</ele>
    </trkpt>
    <trkpt lat="42.627055" lon="-2.925397">
      <ele>777.4</ele>
    </trkpt>
    <trkpt lat="42.627091" lon="-2.925333">
      <ele>777.7</ele>
    </trkpt>
    <trkpt lat="42.627207" lon="-2.925268">
      <ele>778.4</ele>
    </trkpt>
    <trkpt lat="42.627568" lon="-2.925407">
      <ele>780.7</ele>
    </trkpt>
    <trkpt lat="42.627758" lon="-2.92538">
      <ele>781.9</ele>
    </trkpt>
    <trkpt lat="42.627906" lon="-2.925395">
      <ele>783</ele>
    </trkpt>
    <trkpt lat="42.628367" lon="-2.925549">
      <ele>786.3</ele>
    </trkpt>
    <trkpt lat="42.628497" lon="-2.925733">
      <ele>787.4</ele>
    </trkpt>
    <trkpt lat="42.628574" lon="-2.925916">
      <ele>788.2</ele>
    </trkpt>
    <trkpt lat="42.628745" lon="-2.926189">
      <ele>789.2</ele>
    </trkpt>
    <trkpt lat="42.6288" lon="-2.926229">
      <ele>789.4</ele>
    </trkpt>
    <trkpt lat="42.62884" lon="-2.926317">
      <ele>789.6</ele>
    </trkpt>
    <trkpt lat="42.628863" lon="-2.926477">
      <ele>789.8</ele>
    </trkpt>
    <trkpt lat="42.628835" lon="-2.926845">
      <ele>789.9</ele>
    </trkpt>
    <trkpt lat="42.6289" lon="-2.927116">
      <ele>789.7</ele>
    </trkpt>
    <trkpt lat="42.628998" lon="-2.927369">
      <ele>789.3</ele>
    </trkpt>
    <trkpt lat="42.629226" lon="-2.927717">
      <ele>788.2</ele>
    </trkpt>
    <trkpt lat="42.629438" lon="-2.928116">
      <ele>786.9</ele>
    </trkpt>
    <trkpt lat="42.629993" lon="-2.928904">
      <ele>784.2</ele>
    </trkpt>
    <trkpt lat="42.630335" lon="-2.929646">
      <ele>782.2</ele>
    </trkpt>
    <trkpt lat="42.630562" lon="-2.930231">
      <ele>780.2</ele>
    </trkpt>
    <trkpt lat="42.630651" lon="-2.930501">
      <ele>779.1</ele>
    </trkpt>
    <trkpt lat="42.630671" lon="-2.930665">
      <ele>778.4</ele>
    </trkpt>
    <trkpt lat="42.630734" lon="-2.931834">
      <ele>772.9</ele>
    </trkpt>
    <trkpt lat="42.630764" lon="-2.932025">
      <ele>771.9</ele>
    </trkpt>
    <trkpt lat="42.630902" lon="-2.932517">
      <ele>769.3</ele>
    </trkpt>
    <trkpt lat="42.630959" lon="-2.932639">
      <ele>768.7</ele>
    </trkpt>
    <trkpt lat="42.631136" lon="-2.93285">
      <ele>767.2</ele>
    </trkpt>
    <trkpt lat="42.631275" lon="-2.932937">
      <ele>766.3</ele>
    </trkpt>
    <trkpt lat="42.631683" lon="-2.933114">
      <ele>764.2</ele>
    </trkpt>
    <trkpt lat="42.631859" lon="-2.933122">
      <ele>763.5</ele>
    </trkpt>
    <trkpt lat="42.632117" lon="-2.933063">
      <ele>762.5</ele>
    </trkpt>
    <trkpt lat="42.632684" lon="-2.933264">
      <ele>760.8</ele>
    </trkpt>
    <trkpt lat="42.632998" lon="-2.933548">
      <ele>759.9</ele>
    </trkpt>
    <trkpt lat="42.633668" lon="-2.934016">
      <ele>757.9</ele>
    </trkpt>
    <trkpt lat="42.634014" lon="-2.934197">
      <ele>756.8</ele>
    </trkpt>
    <trkpt lat="42.634868" lon="-2.934307">
      <ele>754.9</ele>
    </trkpt>
    <trkpt lat="42.635194" lon="-2.934221">
      <ele>754.9</ele>
    </trkpt>
    <trkpt lat="42.635257" lon="-2.93427">
      <ele>755</ele>
    </trkpt>
    <trkpt lat="42.635342" lon="-2.934463">
      <ele>755.2</ele>
    </trkpt>
    <trkpt lat="42.635691" lon="-2.93475">
      <ele>755.9</ele>
    </trkpt>
    <trkpt lat="42.635841" lon="-2.934956">
      <ele>756.3</ele>
    </trkpt>
    <trkpt lat="42.635991" lon="-2.935273">
      <ele>756.7</ele>
    </trkpt>
    <trkpt lat="42.636062" lon="-2.935337">
      <ele>756.7</ele>
    </trkpt>
    <trkpt lat="42.63632" lon="-2.935147">
      <ele>756.6</ele>
    </trkpt>
    <trkpt lat="42.636506" lon="-2.935109">
      <ele>756.1</ele>
    </trkpt>
    <trkpt lat="42.63697" lon="-2.935142">
      <ele>753.6</ele>
    </trkpt>
    <trkpt lat="42.63711" lon="-2.935243">
      <ele>752.4</ele>
    </trkpt>
    <trkpt lat="42.637177" lon="-2.935332">
      <ele>751.6</ele>
    </trkpt>
    <trkpt lat="42.637429" lon="-2.935429">
      <ele>749.3</ele>
    </trkpt>
    <trkpt lat="42.637528" lon="-2.935514">
      <ele>748.2</ele>
    </trkpt>
    <trkpt lat="42.637895" lon="-2.935367">
      <ele>744.4</ele>
    </trkpt>
    <trkpt lat="42.638031" lon="-2.935378">
      <ele>743</ele>
    </trkpt>
    <trkpt lat="42.638114" lon="-2.935429">
      <ele>742</ele>
    </trkpt>
    <trkpt lat="42.638247" lon="-2.936067">
      <ele>736.6</ele>
    </trkpt>
    <trkpt lat="42.638355" lon="-2.936399">
      <ele>733.9</ele>
    </trkpt>
    <trkpt lat="42.638884" lon="-2.937384">
      <ele>726.4</ele>
    </trkpt>
    <trkpt lat="42.639383" lon="-2.938159">
      <ele>722.7</ele>
    </trkpt>
    <trkpt lat="42.639569" lon="-2.938408">
      <ele>722.7</ele>
    </trkpt>
    <trkpt lat="42.639861" lon="-2.938703">
      <ele>724</ele>
    </trkpt>
    <trkpt lat="42.640018" lon="-2.938969">
      <ele>725.5</ele>
    </trkpt>
    <trkpt lat="42.640064" lon="-2.93914">
      <ele>726.4</ele>
    </trkpt>
    <trkpt lat="42.639983" lon="-2.939698">
      <ele>730.2</ele>
    </trkpt>
    <trkpt lat="42.639977" lon="-2.940219">
      <ele>734.4</ele>
    </trkpt>
    <trkpt lat="42.639997" lon="-2.940825">
      <ele>739.8</ele>
    </trkpt>
    <trkpt lat="42.640087" lon="-2.941163">
      <ele>742.9</ele>
    </trkpt>
    <trkpt lat="42.640212" lon="-2.941294">
      <ele>744.7</ele>
    </trkpt>
    <trkpt lat="42.640399" lon="-2.941421">
      <ele>747.1</ele>
    </trkpt>
    <trkpt lat="42.640612" lon="-2.94174">
      <ele>750.8</ele>
    </trkpt>
    <trkpt lat="42.640889" lon="-2.942279">
      <ele>756.9</ele>
    </trkpt>
    <trkpt lat="42.640973" lon="-2.942389">
      <ele>758.6</ele>
    </trkpt>
    <trkpt lat="42.641086" lon="-2.942397">
      <ele>760.3</ele>
    </trkpt>
    <trkpt lat="42.641277" lon="-2.942228">
      <ele>763.9</ele>
    </trkpt>
    <trkpt lat="42.64149" lon="-2.942716">
      <ele>771</ele>
    </trkpt>
    <trkpt lat="42.641526" lon="-2.942872">
      <ele>773.2</ele>
    </trkpt>
    <trkpt lat="42.641622" lon="-2.94329">
      <ele>779.2</ele>
    </trkpt>
    <trkpt lat="42.64165" lon="-2.943577">
      <ele>783.2</ele>
    </trkpt>
    <trkpt lat="42.641591" lon="-2.943849">
      <ele>787.2</ele>
    </trkpt>
    <trkpt lat="42.641392" lon="-2.944191">
      <ele>793.2</ele>
    </trkpt>
    <trkpt lat="42.64093" lon="-2.944886">
      <ele>805</ele>
    </trkpt>
    <trkpt lat="42.640794" lon="-2.945226">
      <ele>809.4</ele>
    </trkpt>
    <trkpt lat="42.640713" lon="-2.945537">
      <ele>812.8</ele>
    </trkpt>
    <trkpt lat="42.640713" lon="-2.945677">
      <ele>814.2</ele>
    </trkpt>
    <trkpt lat="42.640731" lon="-2.94572">
      <ele>814.7</ele>
    </trkpt>
    <trkpt lat="42.640553" lon="-2.946122">
      <ele>818.9</ele>
    </trkpt>
    <trkpt lat="42.640458" lon="-2.946399">
      <ele>821.4</ele>
    </trkpt>
    <trkpt lat="42.640099" lon="-2.946986">
      <ele>825.9</ele>
    </trkpt>
    <trkpt lat="42.639768" lon="-2.947361">
      <ele>827.9</ele>
    </trkpt>
    <trkpt lat="42.639409" lon="-2.94763">
      <ele>829</ele>
    </trkpt>
    <trkpt lat="42.639152" lon="-2.947903">
      <ele>829.3</ele>
    </trkpt>
    <trkpt lat="42.638481" lon="-2.949336">
      <ele>828.9</ele>
    </trkpt>
    <trkpt lat="42.638217" lon="-2.94962">
      <ele>828.9</ele>
    </trkpt>
    <trkpt lat="42.638067" lon="-2.949609">
      <ele>829</ele>
    </trkpt>
    <trkpt lat="42.637921" lon="-2.949473">
      <ele>829.1</ele>
    </trkpt>
    <trkpt lat="42.637566" lon="-2.949226">
      <ele>829.4</ele>
    </trkpt>
    <trkpt lat="42.637372" lon="-2.949041">
      <ele>829.8</ele>
    </trkpt>
    <trkpt lat="42.637104" lon="-2.948953">
      <ele>830.2</ele>
    </trkpt>
    <trkpt lat="42.636887" lon="-2.948604">
      <ele>831.2</ele>
    </trkpt>
    <trkpt lat="42.63639" lon="-2.948422">
      <ele>834</ele>
    </trkpt>
    <trkpt lat="42.636216" lon="-2.948422">
      <ele>835.3</ele>
    </trkpt>
    <trkpt lat="42.635845" lon="-2.948009">
      <ele>840.1</ele>
    </trkpt>
    <trkpt lat="42.635719" lon="-2.947407">
      <ele>845.8</ele>
    </trkpt>
    <trkpt lat="42.63566" lon="-2.947331">
      <ele>846.9</ele>
    </trkpt>
    <trkpt lat="42.635281" lon="-2.947225">
      <ele>852.3</ele>
    </trkpt>
    <trkpt lat="42.635056" lon="-2.947016">
      <ele>856.1</ele>
    </trkpt>
    <trkpt lat="42.634916" lon="-2.946846">
      <ele>858.5</ele>
    </trkpt>
    <trkpt lat="42.634787" lon="-2.94633">
      <ele>863.1</ele>
    </trkpt>
    <trkpt lat="42.634732" lon="-2.946206">
      <ele>864.2</ele>
    </trkpt>
    <trkpt lat="42.634519" lon="-2.945895">
      <ele>867</ele>
    </trkpt>
    <trkpt lat="42.634448" lon="-2.945617">
      <ele>868.6</ele>
    </trkpt>
    <trkpt lat="42.634389" lon="-2.945514">
      <ele>869.3</ele>
    </trkpt>
    <trkpt lat="42.634112" lon="-2.945343">
      <ele>871.2</ele>
    </trkpt>
    <trkpt lat="42.633816" lon="-2.94508">
      <ele>873.1</ele>
    </trkpt>
    <trkpt lat="42.633635" lon="-2.944774">
      <ele>874.5</ele>
    </trkpt>
    <trkpt lat="42.633426" lon="-2.944345">
      <ele>876.5</ele>
    </trkpt>
    <trkpt lat="42.633284" lon="-2.944189">
      <ele>877.5</ele>
    </trkpt>
    <trkpt lat="42.63299" lon="-2.944348">
      <ele>879.4</ele>
    </trkpt>
    <trkpt lat="42.632917" lon="-2.944355">
      <ele>879.9</ele>
    </trkpt>
    <trkpt lat="42.632779" lon="-2.944288">
      <ele>880.9</ele>
    </trkpt>
    <trkpt lat="42.632524" lon="-2.944038">
      <ele>883.1</ele>
    </trkpt>
    <trkpt lat="42.632401" lon="-2.943977">
      <ele>884.1</ele>
    </trkpt>
    <trkpt lat="42.632022" lon="-2.943696">
      <ele>887.2</ele>
    </trkpt>
    <trkpt lat="42.631583" lon="-2.943567">
      <ele>890.3</ele>
    </trkpt>
    <trkpt lat="42.631429" lon="-2.94339">
      <ele>891.6</ele>
    </trkpt>
    <trkpt lat="42.631296" lon="-2.943041">
      <ele>893.4</ele>
    </trkpt>
    <trkpt lat="42.631096" lon="-2.942374">
      <ele>896.3</ele>
    </trkpt>
    <trkpt lat="42.631046" lon="-2.941759">
      <ele>898.6</ele>
    </trkpt>
    <trkpt lat="42.630943" lon="-2.941453">
      <ele>899.7</ele>
    </trkpt>
    <trkpt lat="42.630775" lon="-2.941276">
      <ele>900.5</ele>
    </trkpt>
    <trkpt lat="42.630616" lon="-2.94119">
      <ele>901.1</ele>
    </trkpt>
    <trkpt lat="42.630339" lon="-2.941097">
      <ele>901.9</ele>
    </trkpt>
    <trkpt lat="42.630181" lon="-2.941003">
      <ele>902.3</ele>
    </trkpt>
    <trkpt lat="42.62964" lon="-2.940994">
      <ele>902</ele>
    </trkpt>
    <trkpt lat="42.629041" lon="-2.940665">
      <ele>897.4</ele>
    </trkpt>
    <trkpt lat="42.628821" lon="-2.940709">
      <ele>894.8</ele>
    </trkpt>
    <trkpt lat="42.628617" lon="-2.940936">
      <ele>891</ele>
    </trkpt>
    <trkpt lat="42.628392" lon="-2.941047">
      <ele>886.9</ele>
    </trkpt>
    <trkpt lat="42.628218" lon="-2.941324">
      <ele>881.7</ele>
    </trkpt>
    <trkpt lat="42.628027" lon="-2.941756">
      <ele>873.7</ele>
    </trkpt>
    <trkpt lat="42.627924" lon="-2.942108">
      <ele>867.6</ele>
    </trkpt>
    <trkpt lat="42.627827" lon="-2.943008">
      <ele>854.9</ele>
    </trkpt>
    <trkpt lat="42.627845" lon="-2.943284">
      <ele>851.8</ele>
    </trkpt>
    <trkpt lat="42.627711" lon="-2.943792">
      <ele>847</ele>
    </trkpt>
    <trkpt lat="42.627732" lon="-2.944035">
      <ele>845.3</ele>
    </trkpt>
    <trkpt lat="42.627798" lon="-2.944234">
      <ele>844</ele>
    </trkpt>
    <trkpt lat="42.627995" lon="-2.944609">
      <ele>842</ele>
    </trkpt>
    <trkpt lat="42.628125" lon="-2.944802">
      <ele>841.2</ele>
    </trkpt>
    <trkpt lat="42.628189" lon="-2.944966">
      <ele>840.6</ele>
    </trkpt>
    <trkpt lat="42.628352" lon="-2.945629">
      <ele>838.4</ele>
    </trkpt>
    <trkpt lat="42.628438" lon="-2.945841">
      <ele>837.5</ele>
    </trkpt>
    <trkpt lat="42.628528" lon="-2.946005">
      <ele>836.6</ele>
    </trkpt>
    <trkpt lat="42.628641" lon="-2.94613">
      <ele>835.7</ele>
    </trkpt>
    <trkpt lat="42.628846" lon="-2.946286">
      <ele>834.1</ele>
    </trkpt>
    <trkpt lat="42.629112" lon="-2.946667">
      <ele>830.8</ele>
    </trkpt>
    <trkpt lat="42.629445" lon="-2.946906">
      <ele>827.2</ele>
    </trkpt>
    <trkpt lat="42.629525" lon="-2.947031">
      <ele>825.9</ele>
    </trkpt>
    <trkpt lat="42.62968" lon="-2.947499">
      <ele>821.7</ele>
    </trkpt>
    <trkpt lat="42.629767" lon="-2.948161">
      <ele>815.6</ele>
    </trkpt>
    <trkpt lat="42.629819" lon="-2.948281">
      <ele>814.3</ele>
    </trkpt>
    <trkpt lat="42.630155" lon="-2.948629">
      <ele>808.9</ele>
    </trkpt>
    <trkpt lat="42.630186" lon="-2.948735">
      <ele>807.8</ele>
    </trkpt>
    <trkpt lat="42.630119" lon="-2.949426">
      <ele>801.6</ele>
    </trkpt>
    <trkpt lat="42.630047" lon="-2.949843">
      <ele>798</ele>
    </trkpt>
    <trkpt lat="42.630046" lon="-2.949976">
      <ele>796.9</ele>
    </trkpt>
    <trkpt lat="42.630092" lon="-2.950317">
      <ele>794.4</ele>
    </trkpt>
    <trkpt lat="42.630081" lon="-2.950463">
      <ele>793.3</ele>
    </trkpt>
    <trkpt lat="42.629961" lon="-2.951169">
      <ele>788.9</ele>
    </trkpt>
    <trkpt lat="42.629907" lon="-2.951293">
      <ele>788.2</ele>
    </trkpt>
    <trkpt lat="42.629801" lon="-2.951447">
      <ele>787.1</ele>
    </trkpt>
    <trkpt lat="42.629513" lon="-2.952274">
      <ele>782.6</ele>
    </trkpt>
    <trkpt lat="42.629445" lon="-2.952595">
      <ele>780.6</ele>
    </trkpt>
    <trkpt lat="42.629458" lon="-2.953212">
      <ele>776.7</ele>
    </trkpt>
    <trkpt lat="42.629335" lon="-2.953582">
      <ele>773.9</ele>
    </trkpt>
    <trkpt lat="42.629351" lon="-2.953901">
      <ele>771.5</ele>
    </trkpt>
    <trkpt lat="42.629313" lon="-2.954006">
      <ele>770.7</ele>
    </trkpt>
    <trkpt lat="42.629258" lon="-2.95407">
      <ele>769.9</ele>
    </trkpt>
    <trkpt lat="42.629151" lon="-2.954132">
      <ele>768.7</ele>
    </trkpt>
    <trkpt lat="42.629061" lon="-2.953977">
      <ele>767.2</ele>
    </trkpt>
    <trkpt lat="42.628652" lon="-2.953682">
      <ele>761.8</ele>
    </trkpt>
    <trkpt lat="42.628572" lon="-2.953507">
      <ele>760.1</ele>
    </trkpt>
    <trkpt lat="42.628406" lon="-2.952812">
      <ele>755.4</ele>
    </trkpt>
    <trkpt lat="42.628188" lon="-2.952513">
      <ele>753.1</ele>
    </trkpt>
    <trkpt lat="42.627964" lon="-2.95216">
      <ele>750.6</ele>
    </trkpt>
    <trkpt lat="42.627887" lon="-2.951966">
      <ele>749.4</ele>
    </trkpt>
    <trkpt lat="42.627958" lon="-2.951638">
      <ele>747.5</ele>
    </trkpt>
    <trkpt lat="42.627949" lon="-2.951491">
      <ele>746.7</ele>
    </trkpt>
    <trkpt lat="42.62792" lon="-2.951456">
      <ele>746.4</ele>
    </trkpt>
    <trkpt lat="42.627832" lon="-2.951449">
      <ele>746</ele>
    </trkpt>
    <trkpt lat="42.627679" lon="-2.951533">
      <ele>745.2</ele>
    </trkpt>
    <trkpt lat="42.627558" lon="-2.951507">
      <ele>744.7</ele>
    </trkpt>
    <trkpt lat="42.627306" lon="-2.951538">
      <ele>743.7</ele>
    </trkpt>
    <trkpt lat="42.627044" lon="-2.951242">
      <ele>742.9</ele>
    </trkpt>
    <trkpt lat="42.627008" lon="-2.951119">
      <ele>742.8</ele>
    </trkpt>
    <trkpt lat="42.626969" lon="-2.951037">
      <ele>742.8</ele>
    </trkpt>
    <trkpt lat="42.626503" lon="-2.950732">
      <ele>743.4</ele>
    </trkpt>
    <trkpt lat="42.626487" lon="-2.950578">
      <ele>743.7</ele>
    </trkpt>
    <trkpt lat="42.62658" lon="-2.950275">
      <ele>744.7</ele>
    </trkpt>
    <trkpt lat="42.626639" lon="-2.949937">
      <ele>745.9</ele>
    </trkpt>
    <trkpt lat="42.626696" lon="-2.949739">
      <ele>746.6</ele>
    </trkpt>
    <trkpt lat="42.626671" lon="-2.949343">
      <ele>748.1</ele>
    </trkpt>
    <trkpt lat="42.626667" lon="-2.949285">
      <ele>748.3</ele>
    </trkpt>
    <trkpt lat="42.626604" lon="-2.949071">
      <ele>749.3</ele>
    </trkpt>
    <trkpt lat="42.626276" lon="-2.948642">
      <ele>751.2</ele>
    </trkpt>
    <trkpt lat="42.626179" lon="-2.948438">
      <ele>751.8</ele>
    </trkpt>
    <trkpt lat="42.62609" lon="-2.948312">
      <ele>752.2</ele>
    </trkpt>
    <trkpt lat="42.626059" lon="-2.948041">
      <ele>752.8</ele>
    </trkpt>
    <trkpt lat="42.626071" lon="-2.947939">
      <ele>753.1</ele>
    </trkpt>
    <trkpt lat="42.626025" lon="-2.947813">
      <ele>753.4</ele>
    </trkpt>
    <trkpt lat="42.625976" lon="-2.94737">
      <ele>754.6</ele>
    </trkpt>
    <trkpt lat="42.625978" lon="-2.94718">
      <ele>755.2</ele>
    </trkpt>
    <trkpt lat="42.625802" lon="-2.94634">
      <ele>758.3</ele>
    </trkpt>
    <trkpt lat="42.625708" lon="-2.945715">
      <ele>760.9</ele>
    </trkpt>
    <trkpt lat="42.625706" lon="-2.945434">
      <ele>762.1</ele>
    </trkpt>
    <trkpt lat="42.625639" lon="-2.945198">
      <ele>763.4</ele>
    </trkpt>
    <trkpt lat="42.625577" lon="-2.944857">
      <ele>765.4</ele>
    </trkpt>
    <trkpt lat="42.625625" lon="-2.944492">
      <ele>768</ele>
    </trkpt>
    <trkpt lat="42.625716" lon="-2.944223">
      <ele>770.3</ele>
    </trkpt>
    <trkpt lat="42.625769" lon="-2.943449">
      <ele>777.5</ele>
    </trkpt>
    <trkpt lat="42.62598" lon="-2.942668">
      <ele>785.9</ele>
    </trkpt>
    <trkpt lat="42.626045" lon="-2.942512">
      <ele>787.7</ele>
    </trkpt>
    <trkpt lat="42.626105" lon="-2.942386">
      <ele>789.1</ele>
    </trkpt>
    <trkpt lat="42.62617" lon="-2.94212">
      <ele>791.7</ele>
    </trkpt>
    <trkpt lat="42.626174" lon="-2.941938">
      <ele>793.3</ele>
    </trkpt>
    <trkpt lat="42.626095" lon="-2.941782">
      <ele>794.8</ele>
    </trkpt>
    <trkpt lat="42.625813" lon="-2.941662">
      <ele>797.6</ele>
    </trkpt>
    <trkpt lat="42.625676" lon="-2.94153">
      <ele>798.8</ele>
    </trkpt>
    <trkpt lat="42.625644" lon="-2.941442">
      <ele>799.3</ele>
    </trkpt>
    <trkpt lat="42.625642" lon="-2.941299">
      <ele>800</ele>
    </trkpt>
    <trkpt lat="42.625511" lon="-2.940878">
      <ele>801.8</ele>
    </trkpt>
    <trkpt lat="42.625486" lon="-2.940725">
      <ele>802.4</ele>
    </trkpt>
    <trkpt lat="42.625487" lon="-2.94053">
      <ele>803</ele>
    </trkpt>
    <trkpt lat="42.625362" lon="-2.940215">
      <ele>804.3</ele>
    </trkpt>
    <trkpt lat="42.625169" lon="-2.939199">
      <ele>810</ele>
    </trkpt>
    <trkpt lat="42.625096" lon="-2.939025">
      <ele>811.6</ele>
    </trkpt>
    <trkpt lat="42.624954" lon="-2.938537">
      <ele>816.2</ele>
    </trkpt>
    <trkpt lat="42.624741" lon="-2.938033">
      <ele>822.1</ele>
    </trkpt>
    <trkpt lat="42.624654" lon="-2.937491">
      <ele>828.2</ele>
    </trkpt>
    <trkpt lat="42.624668" lon="-2.937413">
      <ele>829</ele>
    </trkpt>
    <trkpt lat="42.624642" lon="-2.93722">
      <ele>831.2</ele>
    </trkpt>
    <trkpt lat="42.624644" lon="-2.936839">
      <ele>835.6</ele>
    </trkpt>
    <trkpt lat="42.624581" lon="-2.936539">
      <ele>839.2</ele>
    </trkpt>
    <trkpt lat="42.624538" lon="-2.936112">
      <ele>843.5</ele>
    </trkpt>
    <trkpt lat="42.624547" lon="-2.935731">
      <ele>846.8</ele>
    </trkpt>
    <trkpt lat="42.624572" lon="-2.935612">
      <ele>847.7</ele>
    </trkpt>
    <trkpt lat="42.624661" lon="-2.935417">
      <ele>849.3</ele>
    </trkpt>
    <trkpt lat="42.624794" lon="-2.935227">
      <ele>851</ele>
    </trkpt>
    <trkpt lat="42.624826" lon="-2.935157">
      <ele>851.5</ele>
    </trkpt>
    <trkpt lat="42.62482" lon="-2.935065">
      <ele>852</ele>
    </trkpt>
    <trkpt lat="42.624715" lon="-2.934728">
      <ele>853.9</ele>
    </trkpt>
    <trkpt lat="42.624676" lon="-2.934422">
      <ele>855.2</ele>
    </trkpt>
    <trkpt lat="42.624682" lon="-2.93432">
      <ele>855.6</ele>
    </trkpt>
    <trkpt lat="42.624648" lon="-2.934204">
      <ele>856</ele>
    </trkpt>
    <trkpt lat="42.624453" lon="-2.93385">
      <ele>857</ele>
    </trkpt>
    <trkpt lat="42.624174" lon="-2.933612">
      <ele>857.5</ele>
    </trkpt>
    <trkpt lat="42.62404" lon="-2.93344">
      <ele>857.9</ele>
    </trkpt>
    <trkpt lat="42.623971" lon="-2.933405">
      <ele>858</ele>
    </trkpt>
    <trkpt lat="42.623967" lon="-2.933363">
      <ele>858.1</ele>
    </trkpt>
    <trkpt lat="42.623821" lon="-2.933196">
      <ele>858.4</ele>
    </trkpt>
    <trkpt lat="42.623687" lon="-2.932627">
      <ele>858.9</ele>
    </trkpt>
    <trkpt lat="42.623616" lon="-2.932471">
      <ele>858.8</ele>
    </trkpt>
    <trkpt lat="42.623551" lon="-2.932403">
      <ele>858.7</ele>
    </trkpt>
    <trkpt lat="42.623562" lon="-2.931855">
      <ele>857.6</ele>
    </trkpt>
    <trkpt lat="42.623499" lon="-2.931392">
      <ele>855.4</ele>
    </trkpt>
    <trkpt lat="42.623578" lon="-2.930992">
      <ele>852.9</ele>
    </trkpt>
    <trkpt lat="42.623734" lon="-2.930664">
      <ele>850.4</ele>
    </trkpt>
    <trkpt lat="42.623744" lon="-2.930591">
      <ele>849.9</ele>
    </trkpt>
    <trkpt lat="42.623714" lon="-2.930359">
      <ele>848.3</ele>
    </trkpt>
    <trkpt lat="42.623744" lon="-2.930152">
      <ele>846.8</ele>
    </trkpt>
    <trkpt lat="42.623708" lon="-2.930017">
      <ele>845.9</ele>
    </trkpt>
    <trkpt lat="42.623561" lon="-2.929709">
      <ele>843.8</ele>
    </trkpt>
    <trkpt lat="42.623373" lon="-2.929594">
      <ele>842.5</ele>
    </trkpt>
    <trkpt lat="42.62299" lon="-2.929465">
      <ele>840.8</ele>
    </trkpt>
    <trkpt lat="42.622882" lon="-2.929377">
      <ele>840.6</ele>
    </trkpt>
    <trkpt lat="42.622613" lon="-2.929269">
      <ele>840.6</ele>
    </trkpt>
    <trkpt lat="42.622374" lon="-2.929104">
      <ele>840.9</ele>
    </trkpt>
    <trkpt lat="42.622132" lon="-2.929144">
      <ele>841.1</ele>
    </trkpt>
    <trkpt lat="42.621857" lon="-2.928916">
      <ele>841.4</ele>
    </trkpt>
    <trkpt lat="42.621751" lon="-2.928747">
      <ele>841.6</ele>
    </trkpt>
    <trkpt lat="42.621506" lon="-2.928634">
      <ele>841.6</ele>
    </trkpt>
    <trkpt lat="42.621291" lon="-2.928409">
      <ele>841.6</ele>
    </trkpt>
    <trkpt lat="42.621088" lon="-2.928033">
      <ele>842.3</ele>
    </trkpt>
    <trkpt lat="42.620679" lon="-2.927379">
      <ele>842.2</ele>
    </trkpt>
    <trkpt lat="42.620421" lon="-2.927194">
      <ele>841.7</ele>
    </trkpt>
    <trkpt lat="42.620308" lon="-2.927078">
      <ele>841.3</ele>
    </trkpt>
    <trkpt lat="42.620173" lon="-2.926309">
      <ele>839.4</ele>
    </trkpt>
    <trkpt lat="42.620207" lon="-2.925815">
      <ele>837.6</ele>
    </trkpt>
    <trkpt lat="42.620162" lon="-2.925289">
      <ele>834.3</ele>
    </trkpt>
    <trkpt lat="42.619953" lon="-2.924247">
      <ele>828.1</ele>
    </trkpt>
    <trkpt lat="42.619889" lon="-2.923999">
      <ele>826.9</ele>
    </trkpt>
    <trkpt lat="42.619882" lon="-2.923854">
      <ele>826.3</ele>
    </trkpt>
    <trkpt lat="42.619945" lon="-2.923505">
      <ele>825</ele>
    </trkpt>
    <trkpt lat="42.619925" lon="-2.923334">
      <ele>824.5</ele>
    </trkpt>
    <trkpt lat="42.620047" lon="-2.923317">
      <ele>824.1</ele>
    </trkpt>
    <trkpt lat="42.620044" lon="-2.922979">
      <ele>823.3</ele>
    </trkpt>
    <trkpt lat="42.61975" lon="-2.921944">
      <ele>821.8</ele>
    </trkpt>
    <trkpt lat="42.619774" lon="-2.921579">
      <ele>821.5</ele>
    </trkpt>
    <trkpt lat="42.619554" lon="-2.920911">
      <ele>820</ele>
    </trkpt>
    <trkpt lat="42.619447" lon="-2.920266">
      <ele>816.9</ele>
    </trkpt>
    <trkpt lat="42.619495" lon="-2.91988">
      <ele>814.3</ele>
    </trkpt>
    <trkpt lat="42.619427" lon="-2.919569">
      <ele>811.5</ele>
    </trkpt>
    <trkpt lat="42.619309" lon="-2.919409">
      <ele>809.3</ele>
    </trkpt>
    <trkpt lat="42.619191" lon="-2.918739">
      <ele>803</ele>
    </trkpt>
    <trkpt lat="42.619092" lon="-2.918451">
      <ele>800.5</ele>
    </trkpt>
    <trkpt lat="42.619098" lon="-2.918087">
      <ele>797.6</ele>
    </trkpt>
    <trkpt lat="42.619065" lon="-2.91783">
      <ele>795.6</ele>
    </trkpt>
    <trkpt lat="42.618956" lon="-2.917286">
      <ele>792.1</ele>
    </trkpt>
    <trkpt lat="42.618941" lon="-2.917219">
      <ele>791.8</ele>
    </trkpt>
    <trkpt lat="42.618761" lon="-2.916958">
      <ele>790.7</ele>
    </trkpt>
    <trkpt lat="42.618601" lon="-2.916962">
      <ele>790.4</ele>
    </trkpt>
    <trkpt lat="42.618509" lon="-2.91691">
      <ele>790.4</ele>
    </trkpt>
    <trkpt lat="42.618446" lon="-2.916759">
      <ele>790.6</ele>
    </trkpt>
    <trkpt lat="42.618432" lon="-2.916438">
      <ele>790.8</ele>
    </trkpt>
    <trkpt lat="42.618738" lon="-2.915603">
      <ele>788.1</ele>
    </trkpt>
    <trkpt lat="42.618764" lon="-2.91532">
      <ele>786.7</ele>
    </trkpt>
    <trkpt lat="42.618718" lon="-2.915047">
      <ele>784.7</ele>
    </trkpt>
    <trkpt lat="42.618477" lon="-2.9146">
      <ele>779.3</ele>
    </trkpt>
    <trkpt lat="42.618378" lon="-2.914541">
      <ele>777.4</ele>
    </trkpt>
    <trkpt lat="42.617259" lon="-2.913868">
      <ele>754.4</ele>
    </trkpt>
    <trkpt lat="42.617131" lon="-2.913647">
      <ele>751.5</ele>
    </trkpt>
    <trkpt lat="42.617157" lon="-2.913485">
      <ele>749.9</ele>
    </trkpt>
    <trkpt lat="42.617687" lon="-2.913516">
      <ele>743.8</ele>
    </trkpt>
    <trkpt lat="42.617891" lon="-2.913452">
      <ele>741.9</ele>
    </trkpt>
    <trkpt lat="42.617945" lon="-2.913238">
      <ele>740.8</ele>
    </trkpt>
    <trkpt lat="42.617932" lon="-2.912857">
      <ele>739.6</ele>
    </trkpt>
    <trkpt lat="42.617857" lon="-2.912648">
      <ele>739</ele>
    </trkpt>
    <trkpt lat="42.617719" lon="-2.912424">
      <ele>738.5</ele>
    </trkpt>
    <trkpt lat="42.617602" lon="-2.912294">
      <ele>738.3</ele>
    </trkpt>
    <trkpt lat="42.61775" lon="-2.912225">
      <ele>738.1</ele>
    </trkpt>
    <trkpt lat="42.618497" lon="-2.912657">
      <ele>737.1</ele>
    </trkpt>
    <trkpt lat="42.618644" lon="-2.912687">
      <ele>736.9</ele>
    </trkpt>
    <trkpt lat="42.618684" lon="-2.912552">
      <ele>736.6</ele>
    </trkpt>
    <trkpt lat="42.618676" lon="-2.911884">
      <ele>734.4</ele>
    </trkpt>
    <trkpt lat="42.618598" lon="-2.911282">
      <ele>731.2</ele>
    </trkpt>
    <trkpt lat="42.618507" lon="-2.910801">
      <ele>728.6</ele>
    </trkpt>
    <trkpt lat="42.618528" lon="-2.91062">
      <ele>727.8</ele>
    </trkpt>
    <trkpt lat="42.618426" lon="-2.910452">
      <ele>727</ele>
    </trkpt>
    <trkpt lat="42.618411" lon="-2.91036">
      <ele>726.8</ele>
    </trkpt>
    <trkpt lat="42.618577" lon="-2.910317">
      <ele>726.1</ele>
    </trkpt>
    <trkpt lat="42.618948" lon="-2.910466">
      <ele>725.3</ele>
    </trkpt>
    <trkpt lat="42.619405" lon="-2.910057">
      <ele>725.3</ele>
    </trkpt>
    <trkpt lat="42.619359" lon="-2.909725">
      <ele>725</ele>
    </trkpt>
    <trkpt lat="42.619315" lon="-2.909188">
      <ele>723.9</ele>
    </trkpt>
    <trkpt lat="42.619231" lon="-2.908844">
      <ele>722.2</ele>
    </trkpt>
    <trkpt lat="42.619054" lon="-2.908575">
      <ele>720</ele>
    </trkpt>
    <trkpt lat="42.618935" lon="-2.908503">
      <ele>718.8</ele>
    </trkpt>
    <trkpt lat="42.618802" lon="-2.908367">
      <ele>717.2</ele>
    </trkpt>
    <trkpt lat="42.618673" lon="-2.908341">
      <ele>715.9</ele>
    </trkpt>
    <trkpt lat="42.618602" lon="-2.908503">
      <ele>714.3</ele>
    </trkpt>
    <trkpt lat="42.618616" lon="-2.908898">
      <ele>710.9</ele>
    </trkpt>
    <trkpt lat="42.618551" lon="-2.909152">
      <ele>708.3</ele>
    </trkpt>
    <trkpt lat="42.618394" lon="-2.909253">
      <ele>705.9</ele>
    </trkpt>
    <trkpt lat="42.618168" lon="-2.909222">
      <ele>702.4</ele>
    </trkpt>
    <trkpt lat="42.61792" lon="-2.909099">
      <ele>698.8</ele>
    </trkpt>
    <trkpt lat="42.617687" lon="-2.909067">
      <ele>696.2</ele>
    </trkpt>
    <trkpt lat="42.617529" lon="-2.909138">
      <ele>694.6</ele>
    </trkpt>
    <trkpt lat="42.617405" lon="-2.909112">
      <ele>693.3</ele>
    </trkpt>
    <trkpt lat="42.617258" lon="-2.909008">
      <ele>691.7</ele>
    </trkpt>
    <trkpt lat="42.617214" lon="-2.90894">
      <ele>691.1</ele>
    </trkpt>
    <trkpt lat="42.617029" lon="-2.908561">
      <ele>687.9</ele>
    </trkpt>
    <trkpt lat="42.616826" lon="-2.90832">
      <ele>685.3</ele>
    </trkpt>
    <trkpt lat="42.616658" lon="-2.908252">
      <ele>683.7</ele>
    </trkpt>
    <trkpt lat="42.616521" lon="-2.908366">
      <ele>682.4</ele>
    </trkpt>
    <trkpt lat="42.616437" lon="-2.908761">
      <ele>680.1</ele>
    </trkpt>
    <trkpt lat="42.61617" lon="-2.908909">
      <ele>677.7</ele>
    </trkpt>
    <trkpt lat="42.616074" lon="-2.909287">
      <ele>674.7</ele>
    </trkpt>
    <trkpt lat="42.614452" lon="-2.908366">
      <ele>656.6</ele>
    </trkpt>
    <trkpt lat="42.614317" lon="-2.908266">
      <ele>654.9</ele>
    </trkpt>
    <trkpt lat="42.613411" lon="-2.907906">
      <ele>645.2</ele>
    </trkpt>
    <trkpt lat="42.613061" lon="-2.90761">
      <ele>642</ele>
    </trkpt>
    <trkpt lat="42.61299" lon="-2.907345">
      <ele>640.7</ele>
    </trkpt>
    <trkpt lat="42.612952" lon="-2.907199">
      <ele>640.1</ele>
    </trkpt>
    <trkpt lat="42.612959" lon="-2.906662">
      <ele>638</ele>
    </trkpt>
    <trkpt lat="42.613038" lon="-2.906233">
      <ele>636.8</ele>
    </trkpt>
    <trkpt lat="42.613026" lon="-2.906029">
      <ele>636.3</ele>
    </trkpt>
    <trkpt lat="42.612927" lon="-2.905883">
      <ele>635.8</ele>
    </trkpt>
    <trkpt lat="42.612861" lon="-2.905573">
      <ele>634.9</ele>
    </trkpt>
    <trkpt lat="42.612596" lon="-2.905321">
      <ele>633.8</ele>
    </trkpt>
    <trkpt lat="42.612722" lon="-2.90493">
      <ele>632.3</ele>
    </trkpt>
    <trkpt lat="42.612912" lon="-2.904591">
      <ele>630.3</ele>
    </trkpt>
    <trkpt lat="42.612697" lon="-2.904354">
      <ele>628.5</ele>
    </trkpt>
    <trkpt lat="42.612592" lon="-2.904076">
      <ele>626.7</ele>
    </trkpt>
    <trkpt lat="42.612668" lon="-2.903714">
      <ele>624.5</ele>
    </trkpt>
    <trkpt lat="42.612445" lon="-2.903863">
      <ele>622.3</ele>
    </trkpt>
    <trkpt lat="42.61244" lon="-2.903867">
      <ele>622.2</ele>
    </trkpt>
    <trkpt lat="42.612312" lon="-2.904096">
      <ele>620.5</ele>
    </trkpt>
    <trkpt lat="42.612227" lon="-2.904526">
      <ele>618.3</ele>
    </trkpt>
    <trkpt lat="42.611959" lon="-2.905007">
      <ele>616.7</ele>
    </trkpt>
    <trkpt lat="42.611858" lon="-2.905101">
      <ele>616.5</ele>
    </trkpt>
    <trkpt lat="42.612028" lon="-2.905892">
      <ele>617.5</ele>
    </trkpt>
    <trkpt lat="42.612047" lon="-2.906144">
      <ele>618.4</ele>
    </trkpt>
    <trkpt lat="42.612041" lon="-2.906544">
      <ele>620.3</ele>
    </trkpt>
    <trkpt lat="42.612006" lon="-2.906833">
      <ele>621.7</ele>
    </trkpt>
    <trkpt lat="42.611939" lon="-2.90711">
      <ele>622.8</ele>
    </trkpt>
    <trkpt lat="42.611658" lon="-2.907748">
      <ele>623.8</ele>
    </trkpt>
    <trkpt lat="42.611581" lon="-2.908069">
      <ele>623.5</ele>
    </trkpt>
    <trkpt lat="42.611554" lon="-2.908263">
      <ele>623.3</ele>
    </trkpt>
    <trkpt lat="42.611208" lon="-2.909269">
      <ele>620.3</ele>
    </trkpt>
    <trkpt lat="42.610013" lon="-2.912604">
      <ele>612.7</ele>
    </trkpt>
    <trkpt lat="42.609808" lon="-2.913175">
      <ele>610.8</ele>
    </trkpt>
    <trkpt lat="42.609434" lon="-2.914295">
      <ele>607</ele>
    </trkpt>
    <trkpt lat="42.608221" lon="-2.919848">
      <ele>600.7</ele>
    </trkpt>
    <trkpt lat="42.607233" lon="-2.924388">
      <ele>593</ele>
    </trkpt>
    <trkpt lat="42.607062" lon="-2.925059">
      <ele>591.6</ele>
    </trkpt>
    <trkpt lat="42.606517" lon="-2.926243">
      <ele>587.4</ele>
    </trkpt>
    <trkpt lat="42.60639" lon="-2.926762">
      <ele>585.1</ele>
    </trkpt>
    <trkpt lat="42.605951" lon="-2.928999">
      <ele>572.6</ele>
    </trkpt>
    <trkpt lat="42.605837" lon="-2.92975">
      <ele>568.8</ele>
    </trkpt>
    <trkpt lat="42.605817" lon="-2.930419">
      <ele>565.9</ele>
    </trkpt>
    <trkpt lat="42.605558" lon="-2.931546">
      <ele>562.9</ele>
    </trkpt>
    <trkpt lat="42.605557" lon="-2.931771">
      <ele>562.7</ele>
    </trkpt>
    <trkpt lat="42.605685" lon="-2.932937">
      <ele>564.7</ele>
    </trkpt>
    <trkpt lat="42.605676" lon="-2.933161">
      <ele>565.4</ele>
    </trkpt>
    <trkpt lat="42.60563" lon="-2.933463">
      <ele>566.5</ele>
    </trkpt>
    <trkpt lat="42.605423" lon="-2.933886">
      <ele>568.3</ele>
    </trkpt>
    <trkpt lat="42.605344" lon="-2.93409">
      <ele>569.1</ele>
    </trkpt>
    <trkpt lat="42.605198" lon="-2.934763">
      <ele>571.5</ele>
    </trkpt>
    <trkpt lat="42.604634" lon="-2.935811">
      <ele>574</ele>
    </trkpt>
    <trkpt lat="42.604487" lon="-2.935912">
      <ele>574.2</ele>
    </trkpt>
    <trkpt lat="42.603825" lon="-2.936179">
      <ele>574.6</ele>
    </trkpt>
    <trkpt lat="42.603318" lon="-2.936482">
      <ele>574.3</ele>
    </trkpt>
    <trkpt lat="42.603138" lon="-2.936536">
      <ele>574.1</ele>
    </trkpt>
    <trkpt lat="42.60288" lon="-2.936603">
      <ele>573.5</ele>
    </trkpt>
    <trkpt lat="42.602804" lon="-2.936765">
      <ele>573.1</ele>
    </trkpt>
    <trkpt lat="42.602704" lon="-2.937007">
      <ele>572.5</ele>
    </trkpt>
    <trkpt lat="42.602481" lon="-2.937504">
      <ele>570.8</ele>
    </trkpt>
    <trkpt lat="42.602521" lon="-2.937887">
      <ele>569.6</ele>
    </trkpt>
    <trkpt lat="42.602518" lon="-2.938201">
      <ele>568.8</ele>
    </trkpt>
    <trkpt lat="42.602459" lon="-2.939139">
      <ele>566.4</ele>
    </trkpt>
    <trkpt lat="42.602406" lon="-2.939613">
      <ele>565.4</ele>
    </trkpt>
    <trkpt lat="42.602367" lon="-2.939774">
      <ele>565.1</ele>
    </trkpt>
    <trkpt lat="42.602321" lon="-2.939888">
      <ele>564.8</ele>
    </trkpt>
    <trkpt lat="42.602264" lon="-2.939956">
      <ele>564.6</ele>
    </trkpt>
    <trkpt lat="42.601713" lon="-2.940182">
      <ele>563</ele>
    </trkpt>
    <trkpt lat="42.601374" lon="-2.940094">
      <ele>562.2</ele>
    </trkpt>
    <trkpt lat="42.601245" lon="-2.940122">
      <ele>561.8</ele>
    </trkpt>
    <trkpt lat="42.601049" lon="-2.940244">
      <ele>561.1</ele>
    </trkpt>
    <trkpt lat="42.60015" lon="-2.941152">
      <ele>557.3</ele>
    </trkpt>
    <trkpt lat="42.599691" lon="-2.941538">
      <ele>556</ele>
    </trkpt>
    <trkpt lat="42.599101" lon="-2.941941">
      <ele>554.9</ele>
    </trkpt>
    <trkpt lat="42.598775" lon="-2.94223">
      <ele>554.4</ele>
    </trkpt>
    <trkpt lat="42.598495" lon="-2.942531">
      <ele>554</ele>
    </trkpt>
    <trkpt lat="42.598368" lon="-2.942729">
      <ele>553.8</ele>
    </trkpt>
    <trkpt lat="42.598273" lon="-2.94294">
      <ele>553.6</ele>
    </trkpt>
    <trkpt lat="42.597511" lon="-2.945152">
      <ele>549.6</ele>
    </trkpt>
    <trkpt lat="42.597369" lon="-2.945569">
      <ele>548.6</ele>
    </trkpt>
    <trkpt lat="42.596358" lon="-2.94845">
      <ele>540</ele>
    </trkpt>
    <trkpt lat="42.5962" lon="-2.948815">
      <ele>538.9</ele>
    </trkpt>
    <trkpt lat="42.595065" lon="-2.951095">
      <ele>531.7</ele>
    </trkpt>
    <trkpt lat="42.595006" lon="-2.951243">
      <ele>531.2</ele>
    </trkpt>
    <trkpt lat="42.594852" lon="-2.951825">
      <ele>529.4</ele>
    </trkpt>
    <trkpt lat="42.594696" lon="-2.952198">
      <ele>528</ele>
    </trkpt>
    <trkpt lat="42.594445" lon="-2.952798">
      <ele>525.7</ele>
    </trkpt>
    <trkpt lat="42.594263" lon="-2.953112">
      <ele>524.3</ele>
    </trkpt>
    <trkpt lat="42.592986" lon="-2.954799">
      <ele>517.4</ele>
    </trkpt>
    <trkpt lat="42.59283" lon="-2.95511">
      <ele>517</ele>
    </trkpt>
    <trkpt lat="42.592503" lon="-2.95607">
      <ele>517</ele>
    </trkpt>
    <trkpt lat="42.592265" lon="-2.957058">
      <ele>518.1</ele>
    </trkpt>
    <trkpt lat="42.592007" lon="-2.958003">
      <ele>518.8</ele>
    </trkpt>
    <trkpt lat="42.591453" lon="-2.958774">
      <ele>518.2</ele>
    </trkpt>
    <trkpt lat="42.590662" lon="-2.959139">
      <ele>517</ele>
    </trkpt>
    <trkpt lat="42.590282" lon="-2.959275">
      <ele>516.7</ele>
    </trkpt>
    <trkpt lat="42.590136" lon="-2.959314">
      <ele>516.7</ele>
    </trkpt>
    <trkpt lat="42.589844" lon="-2.959319">
      <ele>516.5</ele>
    </trkpt>
    <trkpt lat="42.589726" lon="-2.959392">
      <ele>516.5</ele>
    </trkpt>
    <trkpt lat="42.589601" lon="-2.959542">
      <ele>516.4</ele>
    </trkpt>
    <trkpt lat="42.589504" lon="-2.95955">
      <ele>516.3</ele>
    </trkpt>
    <trkpt lat="42.589476" lon="-2.959555">
      <ele>516.3</ele>
    </trkpt>
    <trkpt lat="42.589402" lon="-2.959577">
      <ele>516.2</ele>
    </trkpt>
    <trkpt lat="42.589314" lon="-2.959669">
      <ele>516.1</ele>
    </trkpt>
    <trkpt lat="42.589266" lon="-2.959775">
      <ele>516.1</ele>
    </trkpt>
    <trkpt lat="42.589219" lon="-2.959762">
      <ele>516</ele>
    </trkpt>
    <trkpt lat="42.589113" lon="-2.959804">
      <ele>516</ele>
    </trkpt>
    <trkpt lat="42.588869" lon="-2.959961">
      <ele>515.8</ele>
    </trkpt>
    <trkpt lat="42.588833" lon="-2.959986">
      <ele>515.8</ele>
    </trkpt>
    <trkpt lat="42.588702" lon="-2.960069">
      <ele>515.6</ele>
    </trkpt>
    <trkpt lat="42.588672" lon="-2.960089">
      <ele>515.5</ele>
    </trkpt>
    <trkpt lat="42.588499" lon="-2.960177">
      <ele>515.1</ele>
    </trkpt>
    <trkpt lat="42.588521" lon="-2.960362">
      <ele>514.9</ele>
    </trkpt>
    <trkpt lat="42.588532" lon="-2.960712">
      <ele>514.3</ele>
    </trkpt>
    <trkpt lat="42.588488" lon="-2.961688">
      <ele>513.7</ele>
    </trkpt>
    <trkpt lat="42.588298" lon="-2.961583">
      <ele>513.8</ele>
    </trkpt>
    <trkpt lat="42.588198" lon="-2.961764">
      <ele>513.8</ele>
    </trkpt>
    <trkpt lat="42.588131" lon="-2.961871">
      <ele>513.8</ele>
    </trkpt>
    <trkpt lat="42.588099" lon="-2.961922">
      <ele>513.8</ele>
    </trkpt>
    <trkpt lat="42.588078" lon="-2.961956">
      <ele>513.8</ele>
    </trkpt>
    <trkpt lat="42.58799" lon="-2.962076">
      <ele>513.8</ele>
    </trkpt>
    <trkpt lat="42.587933" lon="-2.962161">
      <ele>513.8</ele>
    </trkpt>
    <trkpt lat="42.587861" lon="-2.962264">
      <ele>513.9</ele>
    </trkpt>
    <trkpt lat="42.587478" lon="-2.962821">
      <ele>514.4</ele>
    </trkpt>
    <trkpt lat="42.587548" lon="-2.962884">
      <ele>514.4</ele>
    </trkpt>
    <trkpt lat="42.587619" lon="-2.963044">
      <ele>514.5</ele>
    </trkpt>
    </trkseg>
  </trk>
</gpx>
