<?xml version="1.0" encoding="UTF-8"?>
<gpx version="1.1" creator="fitAI Komoot downloader" xmlns="http://www.topografix.com/GPX/1/1">
  <metadata>
    <name>Parque de La Grajera y Embalse de La Grajera - Recorrido circular desde Logroño</name>
    <desc>255 visitas · Dificultad: difficult · Distancia: 89.9 km · Desnivel +: 1040 m</desc>
    <link href="https://www.komoot.com/smarttour/e31585640"><text>Komoot</text></link>
  </metadata>
  <trk>
    <name>Parque de La Grajera y Embalse de La Grajera - Recorrido circular desde Logroño</name>
    <type>touringbicycle</type>
    <trkseg>
    <trkpt lat="42.457716" lon="-2.440949">
      <ele>386.5</ele>
    </trkpt>
    <trkpt lat="42.457818" lon="-2.440829">
      <ele>386.5</ele>
    </trkpt>
    <trkpt lat="42.457825" lon="-2.440755">
      <ele>386.4</ele>
    </trkpt>
    <trkpt lat="42.457987" lon="-2.440575">
      <ele>386.4</ele>
    </trkpt>
    <trkpt lat="42.458051" lon="-2.439942">
      <ele>386.4</ele>
    </trkpt>
    <trkpt lat="42.458104" lon="-2.439962">
      <ele>386.5</ele>
    </trkpt>
    <trkpt lat="42.458156" lon="-2.439981">
      <ele>386.5</ele>
    </trkpt>
    <trkpt lat="42.458446" lon="-2.439846">
      <ele>386.6</ele>
    </trkpt>
    <trkpt lat="42.458428" lon="-2.440131">
      <ele>386.8</ele>
    </trkpt>
    <trkpt lat="42.458469" lon="-2.440136">
      <ele>386.8</ele>
    </trkpt>
    <trkpt lat="42.458543" lon="-2.440147">
      <ele>386.8</ele>
    </trkpt>
    <trkpt lat="42.458527" lon="-2.440408">
      <ele>386.9</ele>
    </trkpt>
    <trkpt lat="42.458469" lon="-2.441333">
      <ele>386.8</ele>
    </trkpt>
    <trkpt lat="42.458458" lon="-2.441568">
      <ele>386.8</ele>
    </trkpt>
    <trkpt lat="42.458487" lon="-2.441673">
      <ele>386.8</ele>
    </trkpt>
    <trkpt lat="42.45852" lon="-2.441751">
      <ele>386.8</ele>
    </trkpt>
    <trkpt lat="42.458506" lon="-2.44189">
      <ele>386.8</ele>
    </trkpt>
    <trkpt lat="42.458482" lon="-2.441926">
      <ele>386.8</ele>
    </trkpt>
    <trkpt lat="42.458454" lon="-2.442242">
      <ele>386.7</ele>
    </trkpt>
    <trkpt lat="42.458412" lon="-2.443046">
      <ele>386.2</ele>
    </trkpt>
    <trkpt lat="42.458408" lon="-2.443179">
      <ele>386.2</ele>
    </trkpt>
    <trkpt lat="42.458389" lon="-2.443424">
      <ele>386.1</ele>
    </trkpt>
    <trkpt lat="42.458371" lon="-2.443554">
      <ele>386.1</ele>
    </trkpt>
    <trkpt lat="42.458192" lon="-2.444368">
      <ele>386.3</ele>
    </trkpt>
    <trkpt lat="42.458149" lon="-2.444541">
      <ele>386.4</ele>
    </trkpt>
    <trkpt lat="42.458149" lon="-2.444643">
      <ele>386.4</ele>
    </trkpt>
    <trkpt lat="42.458206" lon="-2.444718">
      <ele>386.5</ele>
    </trkpt>
    <trkpt lat="42.458229" lon="-2.444866">
      <ele>386.6</ele>
    </trkpt>
    <trkpt lat="42.458177" lon="-2.445">
      <ele>386.7</ele>
    </trkpt>
    <trkpt lat="42.458074" lon="-2.445057">
      <ele>386.9</ele>
    </trkpt>
    <trkpt lat="42.458022" lon="-2.445046">
      <ele>387</ele>
    </trkpt>
    <trkpt lat="42.457994" lon="-2.445214">
      <ele>387.2</ele>
    </trkpt>
    <trkpt lat="42.457683" lon="-2.446675">
      <ele>390.1</ele>
    </trkpt>
    <trkpt lat="42.457631" lon="-2.446881">
      <ele>390.5</ele>
    </trkpt>
    <trkpt lat="42.457612" lon="-2.447053">
      <ele>390.9</ele>
    </trkpt>
    <trkpt lat="42.457632" lon="-2.447143">
      <ele>391.2</ele>
    </trkpt>
    <trkpt lat="42.457678" lon="-2.447343">
      <ele>391.6</ele>
    </trkpt>
    <trkpt lat="42.458025" lon="-2.448847">
      <ele>394</ele>
    </trkpt>
    <trkpt lat="42.45805" lon="-2.448945">
      <ele>394</ele>
    </trkpt>
    <trkpt lat="42.458077" lon="-2.449064">
      <ele>394.1</ele>
    </trkpt>
    <trkpt lat="42.458201" lon="-2.449644">
      <ele>394.1</ele>
    </trkpt>
    <trkpt lat="42.458317" lon="-2.450127">
      <ele>394.1</ele>
    </trkpt>
    <trkpt lat="42.458375" lon="-2.450352">
      <ele>394.1</ele>
    </trkpt>
    <trkpt lat="42.458421" lon="-2.450557">
      <ele>394.1</ele>
    </trkpt>
    <trkpt lat="42.458553" lon="-2.45109">
      <ele>394</ele>
    </trkpt>
    <trkpt lat="42.458799" lon="-2.452188">
      <ele>394</ele>
    </trkpt>
    <trkpt lat="42.458809" lon="-2.452236">
      <ele>394</ele>
    </trkpt>
    <trkpt lat="42.458826" lon="-2.452303">
      <ele>394</ele>
    </trkpt>
    <trkpt lat="42.459417" lon="-2.454873">
      <ele>394.9</ele>
    </trkpt>
    <trkpt lat="42.459483" lon="-2.455163">
      <ele>395.2</ele>
    </trkpt>
    <trkpt lat="42.45953" lon="-2.455366">
      <ele>395.3</ele>
    </trkpt>
    <trkpt lat="42.459638" lon="-2.455538">
      <ele>395.4</ele>
    </trkpt>
    <trkpt lat="42.459713" lon="-2.455579">
      <ele>395.5</ele>
    </trkpt>
    <trkpt lat="42.459806" lon="-2.455723">
      <ele>395.4</ele>
    </trkpt>
    <trkpt lat="42.459826" lon="-2.455881">
      <ele>395.4</ele>
    </trkpt>
    <trkpt lat="42.459784" lon="-2.456041">
      <ele>395.3</ele>
    </trkpt>
    <trkpt lat="42.459671" lon="-2.456159">
      <ele>395.2</ele>
    </trkpt>
    <trkpt lat="42.459518" lon="-2.456166">
      <ele>395</ele>
    </trkpt>
    <trkpt lat="42.459448" lon="-2.456119">
      <ele>394.9</ele>
    </trkpt>
    <trkpt lat="42.459305" lon="-2.456119">
      <ele>394.7</ele>
    </trkpt>
    <trkpt lat="42.459116" lon="-2.45619">
      <ele>394.4</ele>
    </trkpt>
    <trkpt lat="42.458668" lon="-2.4565">
      <ele>393.5</ele>
    </trkpt>
    <trkpt lat="42.458725" lon="-2.456745">
      <ele>393.2</ele>
    </trkpt>
    <trkpt lat="42.45898" lon="-2.45805">
      <ele>392.1</ele>
    </trkpt>
    <trkpt lat="42.459152" lon="-2.458955">
      <ele>392.2</ele>
    </trkpt>
    <trkpt lat="42.459219" lon="-2.459306">
      <ele>392.4</ele>
    </trkpt>
    <trkpt lat="42.459341" lon="-2.459847">
      <ele>393</ele>
    </trkpt>
    <trkpt lat="42.459459" lon="-2.460142">
      <ele>393.4</ele>
    </trkpt>
    <trkpt lat="42.459386" lon="-2.460192">
      <ele>393.5</ele>
    </trkpt>
    <trkpt lat="42.459097" lon="-2.460413">
      <ele>394.2</ele>
    </trkpt>
    <trkpt lat="42.459012" lon="-2.460476">
      <ele>394.4</ele>
    </trkpt>
    <trkpt lat="42.459051" lon="-2.460556">
      <ele>394.6</ele>
    </trkpt>
    <trkpt lat="42.459144" lon="-2.460639">
      <ele>394.9</ele>
    </trkpt>
    <trkpt lat="42.45973" lon="-2.461794">
      <ele>397.7</ele>
    </trkpt>
    <trkpt lat="42.460139" lon="-2.462274">
      <ele>399.2</ele>
    </trkpt>
    <trkpt lat="42.460194" lon="-2.462315">
      <ele>399.3</ele>
    </trkpt>
    <trkpt lat="42.459978" lon="-2.463165">
      <ele>401.1</ele>
    </trkpt>
    <trkpt lat="42.459949" lon="-2.463284">
      <ele>401.3</ele>
    </trkpt>
    <trkpt lat="42.459748" lon="-2.464108">
      <ele>402.6</ele>
    </trkpt>
    <trkpt lat="42.459674" lon="-2.464465">
      <ele>402.9</ele>
    </trkpt>
    <trkpt lat="42.459595" lon="-2.464812">
      <ele>403.3</ele>
    </trkpt>
    <trkpt lat="42.459558" lon="-2.464952">
      <ele>403.4</ele>
    </trkpt>
    <trkpt lat="42.459419" lon="-2.465519">
      <ele>404.2</ele>
    </trkpt>
    <trkpt lat="42.459398" lon="-2.46565">
      <ele>404.4</ele>
    </trkpt>
    <trkpt lat="42.459324" lon="-2.466042">
      <ele>405</ele>
    </trkpt>
    <trkpt lat="42.459298" lon="-2.466175">
      <ele>405.2</ele>
    </trkpt>
    <trkpt lat="42.459288" lon="-2.466207">
      <ele>405.2</ele>
    </trkpt>
    <trkpt lat="42.459229" lon="-2.466466">
      <ele>405.7</ele>
    </trkpt>
    <trkpt lat="42.45914" lon="-2.466788">
      <ele>406.2</ele>
    </trkpt>
    <trkpt lat="42.459131" lon="-2.467122">
      <ele>406.8</ele>
    </trkpt>
    <trkpt lat="42.459118" lon="-2.467641">
      <ele>407.6</ele>
    </trkpt>
    <trkpt lat="42.459093" lon="-2.467778">
      <ele>407.7</ele>
    </trkpt>
    <trkpt lat="42.45903" lon="-2.467877">
      <ele>407.9</ele>
    </trkpt>
    <trkpt lat="42.458773" lon="-2.467985">
      <ele>408.2</ele>
    </trkpt>
    <trkpt lat="42.458407" lon="-2.46801">
      <ele>408.3</ele>
    </trkpt>
    <trkpt lat="42.458276" lon="-2.468061">
      <ele>408.4</ele>
    </trkpt>
    <trkpt lat="42.45824" lon="-2.468121">
      <ele>408.4</ele>
    </trkpt>
    <trkpt lat="42.458226" lon="-2.468201">
      <ele>408.4</ele>
    </trkpt>
    <trkpt lat="42.458326" lon="-2.469403">
      <ele>408.3</ele>
    </trkpt>
    <trkpt lat="42.458319" lon="-2.470042">
      <ele>408.3</ele>
    </trkpt>
    <trkpt lat="42.458281" lon="-2.470244">
      <ele>408.2</ele>
    </trkpt>
    <trkpt lat="42.458215" lon="-2.470472">
      <ele>408.2</ele>
    </trkpt>
    <trkpt lat="42.458132" lon="-2.47066">
      <ele>408.1</ele>
    </trkpt>
    <trkpt lat="42.457942" lon="-2.470973">
      <ele>407.9</ele>
    </trkpt>
    <trkpt lat="42.457785" lon="-2.471363">
      <ele>407.6</ele>
    </trkpt>
    <trkpt lat="42.457623" lon="-2.47185">
      <ele>407.3</ele>
    </trkpt>
    <trkpt lat="42.457517" lon="-2.472032">
      <ele>407.2</ele>
    </trkpt>
    <trkpt lat="42.457479" lon="-2.47202">
      <ele>407.3</ele>
    </trkpt>
    <trkpt lat="42.457436" lon="-2.472039">
      <ele>407.3</ele>
    </trkpt>
    <trkpt lat="42.45736" lon="-2.472318">
      <ele>407.4</ele>
    </trkpt>
    <trkpt lat="42.457295" lon="-2.472288">
      <ele>407.4</ele>
    </trkpt>
    <trkpt lat="42.457238" lon="-2.472262">
      <ele>407.4</ele>
    </trkpt>
    <trkpt lat="42.457065" lon="-2.472352">
      <ele>407.4</ele>
    </trkpt>
    <trkpt lat="42.456993" lon="-2.472322">
      <ele>407.4</ele>
    </trkpt>
    <trkpt lat="42.45696" lon="-2.472308">
      <ele>407.5</ele>
    </trkpt>
    <trkpt lat="42.456885" lon="-2.472551">
      <ele>407.6</ele>
    </trkpt>
    <trkpt lat="42.45686" lon="-2.472636">
      <ele>407.6</ele>
    </trkpt>
    <trkpt lat="42.456809" lon="-2.472851">
      <ele>407.8</ele>
    </trkpt>
    <trkpt lat="42.456837" lon="-2.472969">
      <ele>407.9</ele>
    </trkpt>
    <trkpt lat="42.456767" lon="-2.473004">
      <ele>408</ele>
    </trkpt>
    <trkpt lat="42.456614" lon="-2.473245">
      <ele>408.2</ele>
    </trkpt>
    <trkpt lat="42.456511" lon="-2.473542">
      <ele>408.5</ele>
    </trkpt>
    <trkpt lat="42.456475" lon="-2.473699">
      <ele>408.7</ele>
    </trkpt>
    <trkpt lat="42.456429" lon="-2.474112">
      <ele>408.9</ele>
    </trkpt>
    <trkpt lat="42.456395" lon="-2.474703">
      <ele>408.8</ele>
    </trkpt>
    <trkpt lat="42.456361" lon="-2.474858">
      <ele>408.8</ele>
    </trkpt>
    <trkpt lat="42.456235" lon="-2.475211">
      <ele>408.9</ele>
    </trkpt>
    <trkpt lat="42.456106" lon="-2.475512">
      <ele>409</ele>
    </trkpt>
    <trkpt lat="42.456049" lon="-2.475999">
      <ele>409.1</ele>
    </trkpt>
    <trkpt lat="42.455919" lon="-2.476813">
      <ele>408.7</ele>
    </trkpt>
    <trkpt lat="42.455792" lon="-2.477308">
      <ele>408.5</ele>
    </trkpt>
    <trkpt lat="42.45574" lon="-2.477445">
      <ele>408.4</ele>
    </trkpt>
    <trkpt lat="42.455675" lon="-2.477453">
      <ele>408.4</ele>
    </trkpt>
    <trkpt lat="42.455419" lon="-2.477405">
      <ele>408.2</ele>
    </trkpt>
    <trkpt lat="42.455333" lon="-2.477447">
      <ele>408.2</ele>
    </trkpt>
    <trkpt lat="42.455307" lon="-2.477501">
      <ele>408.2</ele>
    </trkpt>
    <trkpt lat="42.455224" lon="-2.477703">
      <ele>408.1</ele>
    </trkpt>
    <trkpt lat="42.454978" lon="-2.479085">
      <ele>408.1</ele>
    </trkpt>
    <trkpt lat="42.454941" lon="-2.479493">
      <ele>408.3</ele>
    </trkpt>
    <trkpt lat="42.454909" lon="-2.47961">
      <ele>408.4</ele>
    </trkpt>
    <trkpt lat="42.45477" lon="-2.47988">
      <ele>408.6</ele>
    </trkpt>
    <trkpt lat="42.454155" lon="-2.481156">
      <ele>409</ele>
    </trkpt>
    <trkpt lat="42.453822" lon="-2.481997">
      <ele>409.3</ele>
    </trkpt>
    <trkpt lat="42.453446" lon="-2.48316">
      <ele>409.7</ele>
    </trkpt>
    <trkpt lat="42.453092" lon="-2.485402">
      <ele>410.7</ele>
    </trkpt>
    <trkpt lat="42.452965" lon="-2.486745">
      <ele>411.6</ele>
    </trkpt>
    <trkpt lat="42.452921" lon="-2.486931">
      <ele>411.7</ele>
    </trkpt>
    <trkpt lat="42.452304" lon="-2.488426">
      <ele>413.1</ele>
    </trkpt>
    <trkpt lat="42.451635" lon="-2.490167">
      <ele>414.7</ele>
    </trkpt>
    <trkpt lat="42.451384" lon="-2.491222">
      <ele>415.6</ele>
    </trkpt>
    <trkpt lat="42.451279" lon="-2.49159">
      <ele>416</ele>
    </trkpt>
    <trkpt lat="42.451014" lon="-2.49252">
      <ele>417</ele>
    </trkpt>
    <trkpt lat="42.450826" lon="-2.493305">
      <ele>418.1</ele>
    </trkpt>
    <trkpt lat="42.450542" lon="-2.494207">
      <ele>419.6</ele>
    </trkpt>
    <trkpt lat="42.450167" lon="-2.494529">
      <ele>420.6</ele>
    </trkpt>
    <trkpt lat="42.450048" lon="-2.494701">
      <ele>421</ele>
    </trkpt>
    <trkpt lat="42.449925" lon="-2.494995">
      <ele>421.6</ele>
    </trkpt>
    <trkpt lat="42.449894" lon="-2.495143">
      <ele>421.9</ele>
    </trkpt>
    <trkpt lat="42.449917" lon="-2.496197">
      <ele>423.9</ele>
    </trkpt>
    <trkpt lat="42.44986" lon="-2.496608">
      <ele>424.7</ele>
    </trkpt>
    <trkpt lat="42.449838" lon="-2.4974">
      <ele>426.4</ele>
    </trkpt>
    <trkpt lat="42.449814" lon="-2.497578">
      <ele>426.7</ele>
    </trkpt>
    <trkpt lat="42.449719" lon="-2.497763">
      <ele>427.1</ele>
    </trkpt>
    <trkpt lat="42.449714" lon="-2.497844">
      <ele>427.3</ele>
    </trkpt>
    <trkpt lat="42.449445" lon="-2.498053">
      <ele>427.9</ele>
    </trkpt>
    <trkpt lat="42.449238" lon="-2.49823">
      <ele>428.3</ele>
    </trkpt>
    <trkpt lat="42.448886" lon="-2.498211">
      <ele>428.7</ele>
    </trkpt>
    <trkpt lat="42.448788" lon="-2.498272">
      <ele>428.8</ele>
    </trkpt>
    <trkpt lat="42.448769" lon="-2.498333">
      <ele>428.8</ele>
    </trkpt>
    <trkpt lat="42.448766" lon="-2.498604">
      <ele>428.8</ele>
    </trkpt>
    <trkpt lat="42.448676" lon="-2.498807">
      <ele>428.8</ele>
    </trkpt>
    <trkpt lat="42.44858" lon="-2.498969">
      <ele>428.9</ele>
    </trkpt>
    <trkpt lat="42.448378" lon="-2.499116">
      <ele>429.2</ele>
    </trkpt>
    <trkpt lat="42.448303" lon="-2.499213">
      <ele>429.3</ele>
    </trkpt>
    <trkpt lat="42.44824" lon="-2.499432">
      <ele>429.6</ele>
    </trkpt>
    <trkpt lat="42.448184" lon="-2.499628">
      <ele>429.9</ele>
    </trkpt>
    <trkpt lat="42.448104" lon="-2.499777">
      <ele>430.2</ele>
    </trkpt>
    <trkpt lat="42.447988" lon="-2.499875">
      <ele>430.5</ele>
    </trkpt>
    <trkpt lat="42.447872" lon="-2.499914">
      <ele>430.8</ele>
    </trkpt>
    <trkpt lat="42.447865" lon="-2.499917">
      <ele>430.8</ele>
    </trkpt>
    <trkpt lat="42.447796" lon="-2.499897">
      <ele>431</ele>
    </trkpt>
    <trkpt lat="42.447687" lon="-2.499853">
      <ele>431.2</ele>
    </trkpt>
    <trkpt lat="42.447636" lon="-2.499896">
      <ele>431.4</ele>
    </trkpt>
    <trkpt lat="42.447411" lon="-2.500304">
      <ele>432.3</ele>
    </trkpt>
    <trkpt lat="42.447283" lon="-2.500396">
      <ele>432.7</ele>
    </trkpt>
    <trkpt lat="42.44716" lon="-2.500534">
      <ele>433.2</ele>
    </trkpt>
    <trkpt lat="42.447125" lon="-2.500631">
      <ele>433.4</ele>
    </trkpt>
    <trkpt lat="42.448146" lon="-2.503498">
      <ele>435.4</ele>
    </trkpt>
    <trkpt lat="42.448142" lon="-2.503713">
      <ele>435.7</ele>
    </trkpt>
    <trkpt lat="42.448077" lon="-2.503825">
      <ele>436</ele>
    </trkpt>
    <trkpt lat="42.447966" lon="-2.5039">
      <ele>436.3</ele>
    </trkpt>
    <trkpt lat="42.447763" lon="-2.5038">
      <ele>436.9</ele>
    </trkpt>
    <trkpt lat="42.447599" lon="-2.503778">
      <ele>437.3</ele>
    </trkpt>
    <trkpt lat="42.447523" lon="-2.503797">
      <ele>437.5</ele>
    </trkpt>
    <trkpt lat="42.447415" lon="-2.503882">
      <ele>437.8</ele>
    </trkpt>
    <trkpt lat="42.447302" lon="-2.503901">
      <ele>438</ele>
    </trkpt>
    <trkpt lat="42.447282" lon="-2.503916">
      <ele>438</ele>
    </trkpt>
    <trkpt lat="42.44729" lon="-2.504004">
      <ele>438.1</ele>
    </trkpt>
    <trkpt lat="42.447259" lon="-2.504147">
      <ele>438.3</ele>
    </trkpt>
    <trkpt lat="42.447268" lon="-2.50427">
      <ele>438.3</ele>
    </trkpt>
    <trkpt lat="42.447204" lon="-2.504371">
      <ele>438.4</ele>
    </trkpt>
    <trkpt lat="42.447206" lon="-2.50451">
      <ele>438.4</ele>
    </trkpt>
    <trkpt lat="42.447154" lon="-2.504823">
      <ele>438.4</ele>
    </trkpt>
    <trkpt lat="42.447034" lon="-2.505041">
      <ele>438.5</ele>
    </trkpt>
    <trkpt lat="42.446873" lon="-2.505143">
      <ele>438.4</ele>
    </trkpt>
    <trkpt lat="42.446756" lon="-2.505277">
      <ele>438.3</ele>
    </trkpt>
    <trkpt lat="42.446694" lon="-2.505808">
      <ele>437.8</ele>
    </trkpt>
    <trkpt lat="42.446729" lon="-2.506413">
      <ele>437.2</ele>
    </trkpt>
    <trkpt lat="42.446724" lon="-2.506577">
      <ele>437.1</ele>
    </trkpt>
    <trkpt lat="42.447098" lon="-2.507778">
      <ele>437.7</ele>
    </trkpt>
    <trkpt lat="42.447121" lon="-2.508043">
      <ele>437.9</ele>
    </trkpt>
    <trkpt lat="42.447033" lon="-2.508516">
      <ele>438.3</ele>
    </trkpt>
    <trkpt lat="42.446985" lon="-2.508644">
      <ele>438.4</ele>
    </trkpt>
    <trkpt lat="42.446755" lon="-2.509108">
      <ele>439</ele>
    </trkpt>
    <trkpt lat="42.44656" lon="-2.509428">
      <ele>439.4</ele>
    </trkpt>
    <trkpt lat="42.44636" lon="-2.509972">
      <ele>440</ele>
    </trkpt>
    <trkpt lat="42.44616" lon="-2.510373">
      <ele>440.4</ele>
    </trkpt>
    <trkpt lat="42.446001" lon="-2.510851">
      <ele>440.8</ele>
    </trkpt>
    <trkpt lat="42.445661" lon="-2.511304">
      <ele>441.1</ele>
    </trkpt>
    <trkpt lat="42.445328" lon="-2.512125">
      <ele>441.3</ele>
    </trkpt>
    <trkpt lat="42.445027" lon="-2.512702">
      <ele>441.6</ele>
    </trkpt>
    <trkpt lat="42.444965" lon="-2.512863">
      <ele>441.6</ele>
    </trkpt>
    <trkpt lat="42.444913" lon="-2.513108">
      <ele>441.7</ele>
    </trkpt>
    <trkpt lat="42.444792" lon="-2.513285">
      <ele>441.7</ele>
    </trkpt>
    <trkpt lat="42.444612" lon="-2.513377">
      <ele>441.7</ele>
    </trkpt>
    <trkpt lat="42.444512" lon="-2.513383">
      <ele>441.7</ele>
    </trkpt>
    <trkpt lat="42.444459" lon="-2.513331">
      <ele>441.7</ele>
    </trkpt>
    <trkpt lat="42.444408" lon="-2.513228">
      <ele>441.7</ele>
    </trkpt>
    <trkpt lat="42.444309" lon="-2.512803">
      <ele>441.6</ele>
    </trkpt>
    <trkpt lat="42.444122" lon="-2.512186">
      <ele>441.4</ele>
    </trkpt>
    <trkpt lat="42.444008" lon="-2.512099">
      <ele>441.3</ele>
    </trkpt>
    <trkpt lat="42.443929" lon="-2.512093">
      <ele>441.3</ele>
    </trkpt>
    <trkpt lat="42.443657" lon="-2.512514">
      <ele>441.3</ele>
    </trkpt>
    <trkpt lat="42.443322" lon="-2.513149">
      <ele>441.8</ele>
    </trkpt>
    <trkpt lat="42.443246" lon="-2.513202">
      <ele>441.9</ele>
    </trkpt>
    <trkpt lat="42.442768" lon="-2.513283">
      <ele>442.5</ele>
    </trkpt>
    <trkpt lat="42.442328" lon="-2.513208">
      <ele>442.9</ele>
    </trkpt>
    <trkpt lat="42.442166" lon="-2.513206">
      <ele>443.1</ele>
    </trkpt>
    <trkpt lat="42.442008" lon="-2.513247">
      <ele>443.2</ele>
    </trkpt>
    <trkpt lat="42.441751" lon="-2.513387">
      <ele>443.5</ele>
    </trkpt>
    <trkpt lat="42.441523" lon="-2.513389">
      <ele>443.7</ele>
    </trkpt>
    <trkpt lat="42.441369" lon="-2.513366">
      <ele>443.8</ele>
    </trkpt>
    <trkpt lat="42.441315" lon="-2.513735">
      <ele>444.2</ele>
    </trkpt>
    <trkpt lat="42.441408" lon="-2.51398">
      <ele>444.4</ele>
    </trkpt>
    <trkpt lat="42.44156" lon="-2.514623">
      <ele>445</ele>
    </trkpt>
    <trkpt lat="42.441559" lon="-2.514646">
      <ele>445</ele>
    </trkpt>
    <trkpt lat="42.441556" lon="-2.51473">
      <ele>445.1</ele>
    </trkpt>
    <trkpt lat="42.44153" lon="-2.514796">
      <ele>445.2</ele>
    </trkpt>
    <trkpt lat="42.440607" lon="-2.514816">
      <ele>446.3</ele>
    </trkpt>
    <trkpt lat="42.439975" lon="-2.514906">
      <ele>447.1</ele>
    </trkpt>
    <trkpt lat="42.439791" lon="-2.514949">
      <ele>447.5</ele>
    </trkpt>
    <trkpt lat="42.439585" lon="-2.515063">
      <ele>448.1</ele>
    </trkpt>
    <trkpt lat="42.439333" lon="-2.515266">
      <ele>448.9</ele>
    </trkpt>
    <trkpt lat="42.4392" lon="-2.515318">
      <ele>449.3</ele>
    </trkpt>
    <trkpt lat="42.439086" lon="-2.515323">
      <ele>449.7</ele>
    </trkpt>
    <trkpt lat="42.438948" lon="-2.515295">
      <ele>450.2</ele>
    </trkpt>
    <trkpt lat="42.438827" lon="-2.515213">
      <ele>450.6</ele>
    </trkpt>
    <trkpt lat="42.438395" lon="-2.514689">
      <ele>452.8</ele>
    </trkpt>
    <trkpt lat="42.437916" lon="-2.514388">
      <ele>455.5</ele>
    </trkpt>
    <trkpt lat="42.437808" lon="-2.514372">
      <ele>456.2</ele>
    </trkpt>
    <trkpt lat="42.437744" lon="-2.514417">
      <ele>456.6</ele>
    </trkpt>
    <trkpt lat="42.4375" lon="-2.514922">
      <ele>460</ele>
    </trkpt>
    <trkpt lat="42.437329" lon="-2.515307">
      <ele>463</ele>
    </trkpt>
    <trkpt lat="42.437194" lon="-2.515489">
      <ele>465</ele>
    </trkpt>
    <trkpt lat="42.436789" lon="-2.515825">
      <ele>470.5</ele>
    </trkpt>
    <trkpt lat="42.436584" lon="-2.51615">
      <ele>473.8</ele>
    </trkpt>
    <trkpt lat="42.436542" lon="-2.516265">
      <ele>474.7</ele>
    </trkpt>
    <trkpt lat="42.436547" lon="-2.516337">
      <ele>475.2</ele>
    </trkpt>
    <trkpt lat="42.436749" lon="-2.516617">
      <ele>477.7</ele>
    </trkpt>
    <trkpt lat="42.436815" lon="-2.516746">
      <ele>478.5</ele>
    </trkpt>
    <trkpt lat="42.437261" lon="-2.517339">
      <ele>482.2</ele>
    </trkpt>
    <trkpt lat="42.437613" lon="-2.517876">
      <ele>484.3</ele>
    </trkpt>
    <trkpt lat="42.437815" lon="-2.518434">
      <ele>486</ele>
    </trkpt>
    <trkpt lat="42.438001" lon="-2.519042">
      <ele>488.4</ele>
    </trkpt>
    <trkpt lat="42.438297" lon="-2.519639">
      <ele>491.4</ele>
    </trkpt>
    <trkpt lat="42.438481" lon="-2.519887">
      <ele>493</ele>
    </trkpt>
    <trkpt lat="42.438583" lon="-2.520075">
      <ele>494.1</ele>
    </trkpt>
    <trkpt lat="42.438882" lon="-2.520851">
      <ele>498.6</ele>
    </trkpt>
    <trkpt lat="42.439141" lon="-2.52127">
      <ele>501.3</ele>
    </trkpt>
    <trkpt lat="42.439299" lon="-2.52182">
      <ele>504.1</ele>
    </trkpt>
    <trkpt lat="42.43949" lon="-2.522483">
      <ele>507.6</ele>
    </trkpt>
    <trkpt lat="42.439638" lon="-2.522829">
      <ele>509.5</ele>
    </trkpt>
    <trkpt lat="42.439739" lon="-2.522981">
      <ele>510.4</ele>
    </trkpt>
    <trkpt lat="42.439864" lon="-2.523168">
      <ele>511.4</ele>
    </trkpt>
    <trkpt lat="42.440035" lon="-2.523585">
      <ele>513</ele>
    </trkpt>
    <trkpt lat="42.440094" lon="-2.523912">
      <ele>514</ele>
    </trkpt>
    <trkpt lat="42.44007" lon="-2.524029">
      <ele>514.4</ele>
    </trkpt>
    <trkpt lat="42.439937" lon="-2.524755">
      <ele>516.3</ele>
    </trkpt>
    <trkpt lat="42.439907" lon="-2.524977">
      <ele>516.8</ele>
    </trkpt>
    <trkpt lat="42.439791" lon="-2.526616">
      <ele>516.5</ele>
    </trkpt>
    <trkpt lat="42.439783" lon="-2.526741">
      <ele>516.3</ele>
    </trkpt>
    <trkpt lat="42.439772" lon="-2.527191">
      <ele>515.4</ele>
    </trkpt>
    <trkpt lat="42.439712" lon="-2.527795">
      <ele>513.7</ele>
    </trkpt>
    <trkpt lat="42.439572" lon="-2.528731">
      <ele>510.8</ele>
    </trkpt>
    <trkpt lat="42.439566" lon="-2.528964">
      <ele>510.2</ele>
    </trkpt>
    <trkpt lat="42.43955" lon="-2.529125">
      <ele>509.9</ele>
    </trkpt>
    <trkpt lat="42.43936" lon="-2.530056">
      <ele>508.2</ele>
    </trkpt>
    <trkpt lat="42.439217" lon="-2.530874">
      <ele>506.6</ele>
    </trkpt>
    <trkpt lat="42.439094" lon="-2.531366">
      <ele>505.6</ele>
    </trkpt>
    <trkpt lat="42.438916" lon="-2.531922">
      <ele>504.3</ele>
    </trkpt>
    <trkpt lat="42.438861" lon="-2.532231">
      <ele>503.7</ele>
    </trkpt>
    <trkpt lat="42.43878" lon="-2.533424">
      <ele>501.7</ele>
    </trkpt>
    <trkpt lat="42.438626" lon="-2.534338">
      <ele>500.8</ele>
    </trkpt>
    <trkpt lat="42.438605" lon="-2.534661">
      <ele>500.4</ele>
    </trkpt>
    <trkpt lat="42.438518" lon="-2.535305">
      <ele>499.3</ele>
    </trkpt>
    <trkpt lat="42.438463" lon="-2.535587">
      <ele>498.7</ele>
    </trkpt>
    <trkpt lat="42.43828" lon="-2.536092">
      <ele>497.7</ele>
    </trkpt>
    <trkpt lat="42.438251" lon="-2.536171">
      <ele>497.5</ele>
    </trkpt>
    <trkpt lat="42.438044" lon="-2.536833">
      <ele>496.6</ele>
    </trkpt>
    <trkpt lat="42.437945" lon="-2.537153">
      <ele>496.3</ele>
    </trkpt>
    <trkpt lat="42.437836" lon="-2.537602">
      <ele>495.9</ele>
    </trkpt>
    <trkpt lat="42.437796" lon="-2.537796">
      <ele>495.8</ele>
    </trkpt>
    <trkpt lat="42.437638" lon="-2.538825">
      <ele>494.8</ele>
    </trkpt>
    <trkpt lat="42.437596" lon="-2.538996">
      <ele>494.5</ele>
    </trkpt>
    <trkpt lat="42.437415" lon="-2.539459">
      <ele>493.3</ele>
    </trkpt>
    <trkpt lat="42.437336" lon="-2.539613">
      <ele>492.8</ele>
    </trkpt>
    <trkpt lat="42.436941" lon="-2.540358">
      <ele>489.2</ele>
    </trkpt>
    <trkpt lat="42.436733" lon="-2.540827">
      <ele>486.7</ele>
    </trkpt>
    <trkpt lat="42.436668" lon="-2.541092">
      <ele>485.3</ele>
    </trkpt>
    <trkpt lat="42.436623" lon="-2.541557">
      <ele>483</ele>
    </trkpt>
    <trkpt lat="42.436602" lon="-2.541774">
      <ele>481.9</ele>
    </trkpt>
    <trkpt lat="42.436427" lon="-2.542481">
      <ele>478.6</ele>
    </trkpt>
    <trkpt lat="42.436326" lon="-2.542873">
      <ele>477</ele>
    </trkpt>
    <trkpt lat="42.436052" lon="-2.545206">
      <ele>471.3</ele>
    </trkpt>
    <trkpt lat="42.435832" lon="-2.546416">
      <ele>469.6</ele>
    </trkpt>
    <trkpt lat="42.435682" lon="-2.547529">
      <ele>468.4</ele>
    </trkpt>
    <trkpt lat="42.435587" lon="-2.547928">
      <ele>467.9</ele>
    </trkpt>
    <trkpt lat="42.435547" lon="-2.548093">
      <ele>467.8</ele>
    </trkpt>
    <trkpt lat="42.43555" lon="-2.548354">
      <ele>467.5</ele>
    </trkpt>
    <trkpt lat="42.435585" lon="-2.548559">
      <ele>467.3</ele>
    </trkpt>
    <trkpt lat="42.435674" lon="-2.548972">
      <ele>467</ele>
    </trkpt>
    <trkpt lat="42.435917" lon="-2.549499">
      <ele>466.7</ele>
    </trkpt>
    <trkpt lat="42.435918" lon="-2.549674">
      <ele>466.7</ele>
    </trkpt>
    <trkpt lat="42.43589" lon="-2.549765">
      <ele>466.7</ele>
    </trkpt>
    <trkpt lat="42.435422" lon="-2.550361">
      <ele>466.7</ele>
    </trkpt>
    <trkpt lat="42.435055" lon="-2.550815">
      <ele>466.8</ele>
    </trkpt>
    <trkpt lat="42.434992" lon="-2.550926">
      <ele>466.9</ele>
    </trkpt>
    <trkpt lat="42.434953" lon="-2.551064">
      <ele>466.9</ele>
    </trkpt>
    <trkpt lat="42.434909" lon="-2.551217">
      <ele>467</ele>
    </trkpt>
    <trkpt lat="42.43471" lon="-2.5519">
      <ele>467.2</ele>
    </trkpt>
    <trkpt lat="42.434532" lon="-2.552623">
      <ele>467.5</ele>
    </trkpt>
    <trkpt lat="42.434212" lon="-2.553597">
      <ele>467.8</ele>
    </trkpt>
    <trkpt lat="42.434032" lon="-2.554258">
      <ele>468.1</ele>
    </trkpt>
    <trkpt lat="42.433811" lon="-2.554929">
      <ele>468.6</ele>
    </trkpt>
    <trkpt lat="42.43369" lon="-2.555417">
      <ele>469.1</ele>
    </trkpt>
    <trkpt lat="42.433024" lon="-2.557771">
      <ele>475.3</ele>
    </trkpt>
    <trkpt lat="42.432857" lon="-2.5584">
      <ele>478.7</ele>
    </trkpt>
    <trkpt lat="42.432754" lon="-2.558692">
      <ele>480.4</ele>
    </trkpt>
    <trkpt lat="42.432572" lon="-2.559034">
      <ele>482.8</ele>
    </trkpt>
    <trkpt lat="42.432562" lon="-2.55916">
      <ele>483.6</ele>
    </trkpt>
    <trkpt lat="42.432608" lon="-2.559265">
      <ele>484.3</ele>
    </trkpt>
    <trkpt lat="42.432678" lon="-2.559311">
      <ele>484.9</ele>
    </trkpt>
    <trkpt lat="42.432909" lon="-2.559375">
      <ele>486.6</ele>
    </trkpt>
    <trkpt lat="42.432926" lon="-2.55947">
      <ele>487.1</ele>
    </trkpt>
    <trkpt lat="42.432805" lon="-2.559486">
      <ele>488</ele>
    </trkpt>
    <trkpt lat="42.432339" lon="-2.559324">
      <ele>491.3</ele>
    </trkpt>
    <trkpt lat="42.432146" lon="-2.559256">
      <ele>492.7</ele>
    </trkpt>
    <trkpt lat="42.431897" lon="-2.559207">
      <ele>494.7</ele>
    </trkpt>
    <trkpt lat="42.431738" lon="-2.559346">
      <ele>496.4</ele>
    </trkpt>
    <trkpt lat="42.431484" lon="-2.559468">
      <ele>498.6</ele>
    </trkpt>
    <trkpt lat="42.431065" lon="-2.559415">
      <ele>502.1</ele>
    </trkpt>
    <trkpt lat="42.430985" lon="-2.559433">
      <ele>502.7</ele>
    </trkpt>
    <trkpt lat="42.430262" lon="-2.559605">
      <ele>507.3</ele>
    </trkpt>
    <trkpt lat="42.430177" lon="-2.559635">
      <ele>507.7</ele>
    </trkpt>
    <trkpt lat="42.429959" lon="-2.559833">
      <ele>508.7</ele>
    </trkpt>
    <trkpt lat="42.429721" lon="-2.560224">
      <ele>509.4</ele>
    </trkpt>
    <trkpt lat="42.429587" lon="-2.560571">
      <ele>509.6</ele>
    </trkpt>
    <trkpt lat="42.429511" lon="-2.560925">
      <ele>510</ele>
    </trkpt>
    <trkpt lat="42.429502" lon="-2.560997">
      <ele>510.2</ele>
    </trkpt>
    <trkpt lat="42.429462" lon="-2.561542">
      <ele>511.5</ele>
    </trkpt>
    <trkpt lat="42.429459" lon="-2.561615">
      <ele>511.7</ele>
    </trkpt>
    <trkpt lat="42.429452" lon="-2.56186">
      <ele>512.4</ele>
    </trkpt>
    <trkpt lat="42.42945" lon="-2.561943">
      <ele>512.6</ele>
    </trkpt>
    <trkpt lat="42.429491" lon="-2.562103">
      <ele>513.1</ele>
    </trkpt>
    <trkpt lat="42.429567" lon="-2.562231">
      <ele>513.6</ele>
    </trkpt>
    <trkpt lat="42.429654" lon="-2.562312">
      <ele>514</ele>
    </trkpt>
    <trkpt lat="42.429736" lon="-2.562371">
      <ele>514.3</ele>
    </trkpt>
    <trkpt lat="42.430379" lon="-2.562823">
      <ele>516.1</ele>
    </trkpt>
    <trkpt lat="42.430467" lon="-2.562877">
      <ele>516.1</ele>
    </trkpt>
    <trkpt lat="42.430628" lon="-2.562963">
      <ele>515.9</ele>
    </trkpt>
    <trkpt lat="42.430751" lon="-2.563033">
      <ele>515.4</ele>
    </trkpt>
    <trkpt lat="42.430811" lon="-2.563067">
      <ele>515.1</ele>
    </trkpt>
    <trkpt lat="42.430782" lon="-2.563683">
      <ele>512.5</ele>
    </trkpt>
    <trkpt lat="42.430743" lon="-2.56429">
      <ele>509.2</ele>
    </trkpt>
    <trkpt lat="42.430679" lon="-2.564664">
      <ele>507.1</ele>
    </trkpt>
    <trkpt lat="42.430655" lon="-2.5647">
      <ele>506.8</ele>
    </trkpt>
    <trkpt lat="42.430597" lon="-2.565144">
      <ele>504.9</ele>
    </trkpt>
    <trkpt lat="42.430555" lon="-2.565414">
      <ele>504</ele>
    </trkpt>
    <trkpt lat="42.430208" lon="-2.567457">
      <ele>502.9</ele>
    </trkpt>
    <trkpt lat="42.430185" lon="-2.567601">
      <ele>503</ele>
    </trkpt>
    <trkpt lat="42.430104" lon="-2.568085">
      <ele>503.3</ele>
    </trkpt>
    <trkpt lat="42.429833" lon="-2.568722">
      <ele>503.6</ele>
    </trkpt>
    <trkpt lat="42.429127" lon="-2.570235">
      <ele>504.6</ele>
    </trkpt>
    <trkpt lat="42.42768" lon="-2.573253">
      <ele>508.4</ele>
    </trkpt>
    <trkpt lat="42.427493" lon="-2.573642">
      <ele>509.1</ele>
    </trkpt>
    <trkpt lat="42.427407" lon="-2.573822">
      <ele>509.5</ele>
    </trkpt>
    <trkpt lat="42.42737" lon="-2.573818">
      <ele>509.6</ele>
    </trkpt>
    <trkpt lat="42.427328" lon="-2.573813">
      <ele>509.7</ele>
    </trkpt>
    <trkpt lat="42.427286" lon="-2.573858">
      <ele>509.9</ele>
    </trkpt>
    <trkpt lat="42.427111" lon="-2.574235">
      <ele>510.8</ele>
    </trkpt>
    <trkpt lat="42.426615" lon="-2.575318">
      <ele>513.4</ele>
    </trkpt>
    <trkpt lat="42.425852" lon="-2.577059">
      <ele>518</ele>
    </trkpt>
    <trkpt lat="42.425765" lon="-2.57708">
      <ele>518.3</ele>
    </trkpt>
    <trkpt lat="42.425459" lon="-2.577502">
      <ele>519.7</ele>
    </trkpt>
    <trkpt lat="42.424865" lon="-2.578042">
      <ele>522.2</ele>
    </trkpt>
    <trkpt lat="42.424683" lon="-2.578279">
      <ele>523.1</ele>
    </trkpt>
    <trkpt lat="42.424221" lon="-2.578566">
      <ele>525.1</ele>
    </trkpt>
    <trkpt lat="42.423425" lon="-2.579096">
      <ele>528.7</ele>
    </trkpt>
    <trkpt lat="42.422934" lon="-2.579543">
      <ele>531</ele>
    </trkpt>
    <trkpt lat="42.422484" lon="-2.579763">
      <ele>532.8</ele>
    </trkpt>
    <trkpt lat="42.422258" lon="-2.579939">
      <ele>533.8</ele>
    </trkpt>
    <trkpt lat="42.421828" lon="-2.580392">
      <ele>535.9</ele>
    </trkpt>
    <trkpt lat="42.421604" lon="-2.580694">
      <ele>537.1</ele>
    </trkpt>
    <trkpt lat="42.421454" lon="-2.580881">
      <ele>538</ele>
    </trkpt>
    <trkpt lat="42.42136" lon="-2.581091">
      <ele>538.7</ele>
    </trkpt>
    <trkpt lat="42.421032" lon="-2.581592">
      <ele>540.8</ele>
    </trkpt>
    <trkpt lat="42.420563" lon="-2.582151">
      <ele>543.2</ele>
    </trkpt>
    <trkpt lat="42.419806" lon="-2.582722">
      <ele>546.2</ele>
    </trkpt>
    <trkpt lat="42.419657" lon="-2.582862">
      <ele>546.8</ele>
    </trkpt>
    <trkpt lat="42.419586" lon="-2.582979">
      <ele>547.2</ele>
    </trkpt>
    <trkpt lat="42.419449" lon="-2.583453">
      <ele>548.4</ele>
    </trkpt>
    <trkpt lat="42.419183" lon="-2.583785">
      <ele>549.6</ele>
    </trkpt>
    <trkpt lat="42.419079" lon="-2.58396">
      <ele>550.2</ele>
    </trkpt>
    <trkpt lat="42.419004" lon="-2.584158">
      <ele>550.8</ele>
    </trkpt>
    <trkpt lat="42.418777" lon="-2.584522">
      <ele>552</ele>
    </trkpt>
    <trkpt lat="42.418647" lon="-2.58465">
      <ele>552.6</ele>
    </trkpt>
    <trkpt lat="42.418134" lon="-2.585103">
      <ele>555</ele>
    </trkpt>
    <trkpt lat="42.418068" lon="-2.585161">
      <ele>555.4</ele>
    </trkpt>
    <trkpt lat="42.41806" lon="-2.585169">
      <ele>555.4</ele>
    </trkpt>
    <trkpt lat="42.416858" lon="-2.586362">
      <ele>561.8</ele>
    </trkpt>
    <trkpt lat="42.41658" lon="-2.586756">
      <ele>563.5</ele>
    </trkpt>
    <trkpt lat="42.416237" lon="-2.587108">
      <ele>565.2</ele>
    </trkpt>
    <trkpt lat="42.415893" lon="-2.587318">
      <ele>566.7</ele>
    </trkpt>
    <trkpt lat="42.415124" lon="-2.587643">
      <ele>569.4</ele>
    </trkpt>
    <trkpt lat="42.415069" lon="-2.587676">
      <ele>569.6</ele>
    </trkpt>
    <trkpt lat="42.41504" lon="-2.587737">
      <ele>569.7</ele>
    </trkpt>
    <trkpt lat="42.415187" lon="-2.58885">
      <ele>572</ele>
    </trkpt>
    <trkpt lat="42.415061" lon="-2.589712">
      <ele>573.8</ele>
    </trkpt>
    <trkpt lat="42.415024" lon="-2.590533">
      <ele>575.5</ele>
    </trkpt>
    <trkpt lat="42.414887" lon="-2.592118">
      <ele>578.4</ele>
    </trkpt>
    <trkpt lat="42.414812" lon="-2.59243">
      <ele>578.5</ele>
    </trkpt>
    <trkpt lat="42.414679" lon="-2.593001">
      <ele>578.1</ele>
    </trkpt>
    <trkpt lat="42.414648" lon="-2.59391">
      <ele>576.1</ele>
    </trkpt>
    <trkpt lat="42.414655" lon="-2.594046">
      <ele>575.6</ele>
    </trkpt>
    <trkpt lat="42.414795" lon="-2.594475">
      <ele>573.7</ele>
    </trkpt>
    <trkpt lat="42.414856" lon="-2.594615">
      <ele>573</ele>
    </trkpt>
    <trkpt lat="42.415155" lon="-2.595054">
      <ele>570.5</ele>
    </trkpt>
    <trkpt lat="42.415204" lon="-2.595131">
      <ele>570.1</ele>
    </trkpt>
    <trkpt lat="42.415407" lon="-2.595446">
      <ele>568.7</ele>
    </trkpt>
    <trkpt lat="42.415717" lon="-2.595829">
      <ele>567.3</ele>
    </trkpt>
    <trkpt lat="42.416019" lon="-2.596486">
      <ele>566.3</ele>
    </trkpt>
    <trkpt lat="42.416092" lon="-2.596632">
      <ele>566.1</ele>
    </trkpt>
    <trkpt lat="42.41641" lon="-2.597669">
      <ele>565</ele>
    </trkpt>
    <trkpt lat="42.416516" lon="-2.598155">
      <ele>564.3</ele>
    </trkpt>
    <trkpt lat="42.416668" lon="-2.598077">
      <ele>564.1</ele>
    </trkpt>
    <trkpt lat="42.416882" lon="-2.598007">
      <ele>563.8</ele>
    </trkpt>
    <trkpt lat="42.416969" lon="-2.598045">
      <ele>563.7</ele>
    </trkpt>
    <trkpt lat="42.417136" lon="-2.598238">
      <ele>563.5</ele>
    </trkpt>
    <trkpt lat="42.416716" lon="-2.599182">
      <ele>563.9</ele>
    </trkpt>
    <trkpt lat="42.416125" lon="-2.600418">
      <ele>566.8</ele>
    </trkpt>
    <trkpt lat="42.415792" lon="-2.601279">
      <ele>568.3</ele>
    </trkpt>
    <trkpt lat="42.415462" lon="-2.602217">
      <ele>569.6</ele>
    </trkpt>
    <trkpt lat="42.41491" lon="-2.603704">
      <ele>572</ele>
    </trkpt>
    <trkpt lat="42.414506" lon="-2.604875">
      <ele>574.2</ele>
    </trkpt>
    <trkpt lat="42.413844" lon="-2.606706">
      <ele>577.3</ele>
    </trkpt>
    <trkpt lat="42.41327" lon="-2.608287">
      <ele>579.9</ele>
    </trkpt>
    <trkpt lat="42.413123" lon="-2.608711">
      <ele>580.9</ele>
    </trkpt>
    <trkpt lat="42.41288" lon="-2.609547">
      <ele>583.2</ele>
    </trkpt>
    <trkpt lat="42.412721" lon="-2.610161">
      <ele>584.9</ele>
    </trkpt>
    <trkpt lat="42.412578" lon="-2.610827">
      <ele>586.6</ele>
    </trkpt>
    <trkpt lat="42.412419" lon="-2.611696">
      <ele>588.6</ele>
    </trkpt>
    <trkpt lat="42.412296" lon="-2.612504">
      <ele>590.3</ele>
    </trkpt>
    <trkpt lat="42.412234" lon="-2.613093">
      <ele>591.5</ele>
    </trkpt>
    <trkpt lat="42.412194" lon="-2.614148">
      <ele>593.5</ele>
    </trkpt>
    <trkpt lat="42.412126" lon="-2.618772">
      <ele>599</ele>
    </trkpt>
    <trkpt lat="42.412106" lon="-2.620069">
      <ele>601.2</ele>
    </trkpt>
    <trkpt lat="42.412045" lon="-2.621191">
      <ele>603.2</ele>
    </trkpt>
    <trkpt lat="42.41206" lon="-2.621846">
      <ele>603.9</ele>
    </trkpt>
    <trkpt lat="42.412108" lon="-2.622238">
      <ele>604.3</ele>
    </trkpt>
    <trkpt lat="42.412089" lon="-2.622421">
      <ele>604.4</ele>
    </trkpt>
    <trkpt lat="42.411998" lon="-2.622597">
      <ele>604.6</ele>
    </trkpt>
    <trkpt lat="42.411974" lon="-2.622798">
      <ele>604.8</ele>
    </trkpt>
    <trkpt lat="42.41199" lon="-2.623377">
      <ele>605.3</ele>
    </trkpt>
    <trkpt lat="42.411892" lon="-2.624546">
      <ele>606.7</ele>
    </trkpt>
    <trkpt lat="42.41178" lon="-2.626581">
      <ele>610.5</ele>
    </trkpt>
    <trkpt lat="42.411741" lon="-2.627354">
      <ele>611.6</ele>
    </trkpt>
    <trkpt lat="42.411734" lon="-2.62772">
      <ele>611.9</ele>
    </trkpt>
    <trkpt lat="42.411769" lon="-2.627916">
      <ele>612.1</ele>
    </trkpt>
    <trkpt lat="42.411731" lon="-2.62806">
      <ele>612.3</ele>
    </trkpt>
    <trkpt lat="42.411788" lon="-2.62805">
      <ele>612.3</ele>
    </trkpt>
    <trkpt lat="42.411825" lon="-2.628055">
      <ele>612.4</ele>
    </trkpt>
    <trkpt lat="42.412009" lon="-2.627988">
      <ele>612.5</ele>
    </trkpt>
    <trkpt lat="42.412087" lon="-2.627897">
      <ele>612.6</ele>
    </trkpt>
    <trkpt lat="42.412144" lon="-2.627775">
      <ele>612.7</ele>
    </trkpt>
    <trkpt lat="42.412206" lon="-2.62768">
      <ele>612.7</ele>
    </trkpt>
    <trkpt lat="42.412273" lon="-2.627635">
      <ele>612.8</ele>
    </trkpt>
    <trkpt lat="42.412388" lon="-2.627633">
      <ele>612.8</ele>
    </trkpt>
    <trkpt lat="42.412438" lon="-2.62766">
      <ele>612.8</ele>
    </trkpt>
    <trkpt lat="42.41252" lon="-2.62777">
      <ele>612.9</ele>
    </trkpt>
    <trkpt lat="42.412544" lon="-2.627851">
      <ele>612.9</ele>
    </trkpt>
    <trkpt lat="42.412548" lon="-2.627953">
      <ele>612.8</ele>
    </trkpt>
    <trkpt lat="42.412513" lon="-2.628081">
      <ele>612.8</ele>
    </trkpt>
    <trkpt lat="42.412468" lon="-2.628144">
      <ele>612.8</ele>
    </trkpt>
    <trkpt lat="42.412451" lon="-2.628164">
      <ele>612.8</ele>
    </trkpt>
    <trkpt lat="42.412346" lon="-2.62831">
      <ele>612.7</ele>
    </trkpt>
    <trkpt lat="42.412305" lon="-2.62853">
      <ele>612.7</ele>
    </trkpt>
    <trkpt lat="42.412315" lon="-2.628664">
      <ele>612.7</ele>
    </trkpt>
    <trkpt lat="42.412393" lon="-2.62889">
      <ele>612.8</ele>
    </trkpt>
    <trkpt lat="42.412492" lon="-2.629027">
      <ele>612.8</ele>
    </trkpt>
    <trkpt lat="42.412589" lon="-2.62911">
      <ele>612.8</ele>
    </trkpt>
    <trkpt lat="42.413001" lon="-2.629303">
      <ele>612.9</ele>
    </trkpt>
    <trkpt lat="42.413149" lon="-2.629415">
      <ele>613</ele>
    </trkpt>
    <trkpt lat="42.413347" lon="-2.629699">
      <ele>613.2</ele>
    </trkpt>
    <trkpt lat="42.414951" lon="-2.633335">
      <ele>620</ele>
    </trkpt>
    <trkpt lat="42.416704" lon="-2.637359">
      <ele>631.7</ele>
    </trkpt>
    <trkpt lat="42.417402" lon="-2.639321">
      <ele>640</ele>
    </trkpt>
    <trkpt lat="42.41758" lon="-2.63999">
      <ele>643</ele>
    </trkpt>
    <trkpt lat="42.417686" lon="-2.640686">
      <ele>645.8</ele>
    </trkpt>
    <trkpt lat="42.417696" lon="-2.641632">
      <ele>648.7</ele>
    </trkpt>
    <trkpt lat="42.417551" lon="-2.642638">
      <ele>650.3</ele>
    </trkpt>
    <trkpt lat="42.417346" lon="-2.643337">
      <ele>650</ele>
    </trkpt>
    <trkpt lat="42.417116" lon="-2.64391">
      <ele>648.9</ele>
    </trkpt>
    <trkpt lat="42.416956" lon="-2.644263">
      <ele>647.9</ele>
    </trkpt>
    <trkpt lat="42.416337" lon="-2.645615">
      <ele>643.5</ele>
    </trkpt>
    <trkpt lat="42.41631" lon="-2.645663">
      <ele>643.4</ele>
    </trkpt>
    <trkpt lat="42.416189" lon="-2.64593">
      <ele>642.7</ele>
    </trkpt>
    <trkpt lat="42.415679" lon="-2.647041">
      <ele>640.4</ele>
    </trkpt>
    <trkpt lat="42.415413" lon="-2.647604">
      <ele>639.2</ele>
    </trkpt>
    <trkpt lat="42.415218" lon="-2.647957">
      <ele>638.4</ele>
    </trkpt>
    <trkpt lat="42.414894" lon="-2.648432">
      <ele>636.9</ele>
    </trkpt>
    <trkpt lat="42.414718" lon="-2.648652">
      <ele>636.1</ele>
    </trkpt>
    <trkpt lat="42.414509" lon="-2.648854">
      <ele>635.2</ele>
    </trkpt>
    <trkpt lat="42.413786" lon="-2.649406">
      <ele>632.3</ele>
    </trkpt>
    <trkpt lat="42.413011" lon="-2.649708">
      <ele>628.8</ele>
    </trkpt>
    <trkpt lat="42.412346" lon="-2.649867">
      <ele>626</ele>
    </trkpt>
    <trkpt lat="42.412014" lon="-2.649971">
      <ele>624.6</ele>
    </trkpt>
    <trkpt lat="42.411767" lon="-2.650083">
      <ele>623.5</ele>
    </trkpt>
    <trkpt lat="42.411517" lon="-2.650274">
      <ele>622.4</ele>
    </trkpt>
    <trkpt lat="42.411152" lon="-2.650668">
      <ele>621.4</ele>
    </trkpt>
    <trkpt lat="42.410943" lon="-2.651015">
      <ele>620.8</ele>
    </trkpt>
    <trkpt lat="42.410774" lon="-2.651418">
      <ele>620.4</ele>
    </trkpt>
    <trkpt lat="42.410675" lon="-2.651772">
      <ele>620.2</ele>
    </trkpt>
    <trkpt lat="42.410623" lon="-2.652053">
      <ele>620</ele>
    </trkpt>
    <trkpt lat="42.410573" lon="-2.652832">
      <ele>619.5</ele>
    </trkpt>
    <trkpt lat="42.410545" lon="-2.654648">
      <ele>616.3</ele>
    </trkpt>
    <trkpt lat="42.410663" lon="-2.654633">
      <ele>616</ele>
    </trkpt>
    <trkpt lat="42.410704" lon="-2.655223">
      <ele>614.9</ele>
    </trkpt>
    <trkpt lat="42.41092" lon="-2.657219">
      <ele>612.4</ele>
    </trkpt>
    <trkpt lat="42.411308" lon="-2.659917">
      <ele>608.6</ele>
    </trkpt>
    <trkpt lat="42.411325" lon="-2.660454">
      <ele>607.8</ele>
    </trkpt>
    <trkpt lat="42.411407" lon="-2.661296">
      <ele>606.9</ele>
    </trkpt>
    <trkpt lat="42.411423" lon="-2.662124">
      <ele>606.1</ele>
    </trkpt>
    <trkpt lat="42.411404" lon="-2.662416">
      <ele>605.8</ele>
    </trkpt>
    <trkpt lat="42.411352" lon="-2.662599">
      <ele>605.6</ele>
    </trkpt>
    <trkpt lat="42.41143" lon="-2.663425">
      <ele>604.2</ele>
    </trkpt>
    <trkpt lat="42.411483" lon="-2.663629">
      <ele>603.8</ele>
    </trkpt>
    <trkpt lat="42.411631" lon="-2.663915">
      <ele>602.9</ele>
    </trkpt>
    <trkpt lat="42.411677" lon="-2.664053">
      <ele>602.5</ele>
    </trkpt>
    <trkpt lat="42.411698" lon="-2.664544">
      <ele>601.1</ele>
    </trkpt>
    <trkpt lat="42.411795" lon="-2.665477">
      <ele>598.3</ele>
    </trkpt>
    <trkpt lat="42.412079" lon="-2.666944">
      <ele>594.7</ele>
    </trkpt>
    <trkpt lat="42.412189" lon="-2.667664">
      <ele>593.2</ele>
    </trkpt>
    <trkpt lat="42.41242" lon="-2.668641">
      <ele>591.3</ele>
    </trkpt>
    <trkpt lat="42.412788" lon="-2.669965">
      <ele>588.2</ele>
    </trkpt>
    <trkpt lat="42.413241" lon="-2.671333">
      <ele>582.9</ele>
    </trkpt>
    <trkpt lat="42.413386" lon="-2.672271">
      <ele>578.8</ele>
    </trkpt>
    <trkpt lat="42.413383" lon="-2.67272">
      <ele>577.2</ele>
    </trkpt>
    <trkpt lat="42.413451" lon="-2.673068">
      <ele>576.1</ele>
    </trkpt>
    <trkpt lat="42.413586" lon="-2.673503">
      <ele>575.1</ele>
    </trkpt>
    <trkpt lat="42.413637" lon="-2.673824">
      <ele>574.6</ele>
    </trkpt>
    <trkpt lat="42.413616" lon="-2.674398">
      <ele>574.5</ele>
    </trkpt>
    <trkpt lat="42.413635" lon="-2.67453">
      <ele>574.6</ele>
    </trkpt>
    <trkpt lat="42.413878" lon="-2.675281">
      <ele>575.7</ele>
    </trkpt>
    <trkpt lat="42.413919" lon="-2.67549">
      <ele>576.1</ele>
    </trkpt>
    <trkpt lat="42.41466" lon="-2.676839">
      <ele>580.1</ele>
    </trkpt>
    <trkpt lat="42.414823" lon="-2.677284">
      <ele>581.2</ele>
    </trkpt>
    <trkpt lat="42.414919" lon="-2.677447">
      <ele>581.6</ele>
    </trkpt>
    <trkpt lat="42.414951" lon="-2.677605">
      <ele>581.9</ele>
    </trkpt>
    <trkpt lat="42.414994" lon="-2.678244">
      <ele>582.2</ele>
    </trkpt>
    <trkpt lat="42.414889" lon="-2.678749">
      <ele>581.6</ele>
    </trkpt>
    <trkpt lat="42.414828" lon="-2.679216">
      <ele>580.5</ele>
    </trkpt>
    <trkpt lat="42.414682" lon="-2.679889">
      <ele>578.2</ele>
    </trkpt>
    <trkpt lat="42.414447" lon="-2.680702">
      <ele>574.9</ele>
    </trkpt>
    <trkpt lat="42.414342" lon="-2.682025">
      <ele>570.8</ele>
    </trkpt>
    <trkpt lat="42.414312" lon="-2.682749">
      <ele>569.1</ele>
    </trkpt>
    <trkpt lat="42.414246" lon="-2.683318">
      <ele>567.7</ele>
    </trkpt>
    <trkpt lat="42.414087" lon="-2.683732">
      <ele>566.6</ele>
    </trkpt>
    <trkpt lat="42.413697" lon="-2.685095">
      <ele>562.9</ele>
    </trkpt>
    <trkpt lat="42.413642" lon="-2.685328">
      <ele>562.2</ele>
    </trkpt>
    <trkpt lat="42.413542" lon="-2.686015">
      <ele>560.3</ele>
    </trkpt>
    <trkpt lat="42.41343" lon="-2.686344">
      <ele>559.3</ele>
    </trkpt>
    <trkpt lat="42.413415" lon="-2.686586">
      <ele>558.8</ele>
    </trkpt>
    <trkpt lat="42.413373" lon="-2.686949">
      <ele>557.9</ele>
    </trkpt>
    <trkpt lat="42.413334" lon="-2.687267">
      <ele>557.3</ele>
    </trkpt>
    <trkpt lat="42.413331" lon="-2.68782">
      <ele>556.4</ele>
    </trkpt>
    <trkpt lat="42.413419" lon="-2.688846">
      <ele>555.3</ele>
    </trkpt>
    <trkpt lat="42.413412" lon="-2.689242">
      <ele>555</ele>
    </trkpt>
    <trkpt lat="42.413331" lon="-2.690623">
      <ele>553.7</ele>
    </trkpt>
    <trkpt lat="42.413248" lon="-2.691108">
      <ele>552.9</ele>
    </trkpt>
    <trkpt lat="42.413233" lon="-2.691321">
      <ele>552.5</ele>
    </trkpt>
    <trkpt lat="42.413231" lon="-2.691962">
      <ele>551</ele>
    </trkpt>
    <trkpt lat="42.413255" lon="-2.692252">
      <ele>550.2</ele>
    </trkpt>
    <trkpt lat="42.413513" lon="-2.693604">
      <ele>545.7</ele>
    </trkpt>
    <trkpt lat="42.413584" lon="-2.693975">
      <ele>544.4</ele>
    </trkpt>
    <trkpt lat="42.413827" lon="-2.694394">
      <ele>542.7</ele>
    </trkpt>
    <trkpt lat="42.414164" lon="-2.694904">
      <ele>540.7</ele>
    </trkpt>
    <trkpt lat="42.41412" lon="-2.695">
      <ele>540.4</ele>
    </trkpt>
    <trkpt lat="42.414079" lon="-2.695052">
      <ele>540.2</ele>
    </trkpt>
    <trkpt lat="42.414121" lon="-2.695232">
      <ele>539.7</ele>
    </trkpt>
    <trkpt lat="42.414242" lon="-2.696172">
      <ele>537.6</ele>
    </trkpt>
    <trkpt lat="42.414232" lon="-2.69626">
      <ele>537.4</ele>
    </trkpt>
    <trkpt lat="42.414168" lon="-2.696468">
      <ele>536.9</ele>
    </trkpt>
    <trkpt lat="42.414121" lon="-2.69673">
      <ele>536.4</ele>
    </trkpt>
    <trkpt lat="42.414097" lon="-2.697049">
      <ele>535.8</ele>
    </trkpt>
    <trkpt lat="42.414126" lon="-2.697277">
      <ele>535.4</ele>
    </trkpt>
    <trkpt lat="42.414343" lon="-2.697963">
      <ele>534.3</ele>
    </trkpt>
    <trkpt lat="42.41446" lon="-2.698192">
      <ele>533.9</ele>
    </trkpt>
    <trkpt lat="42.414414" lon="-2.698312">
      <ele>533.7</ele>
    </trkpt>
    <trkpt lat="42.414336" lon="-2.698502">
      <ele>533.4</ele>
    </trkpt>
    <trkpt lat="42.414319" lon="-2.698546">
      <ele>533.3</ele>
    </trkpt>
    <trkpt lat="42.41461" lon="-2.698852">
      <ele>532.5</ele>
    </trkpt>
    <trkpt lat="42.41494" lon="-2.699095">
      <ele>531.7</ele>
    </trkpt>
    <trkpt lat="42.415355" lon="-2.699406">
      <ele>530.7</ele>
    </trkpt>
    <trkpt lat="42.415602" lon="-2.699512">
      <ele>530.3</ele>
    </trkpt>
    <trkpt lat="42.415811" lon="-2.699556">
      <ele>530</ele>
    </trkpt>
    <trkpt lat="42.416137" lon="-2.699709">
      <ele>529.5</ele>
    </trkpt>
    <trkpt lat="42.416158" lon="-2.699822">
      <ele>529.4</ele>
    </trkpt>
    <trkpt lat="42.41613" lon="-2.699905">
      <ele>529.3</ele>
    </trkpt>
    <trkpt lat="42.415845" lon="-2.700152">
      <ele>528.9</ele>
    </trkpt>
    <trkpt lat="42.415728" lon="-2.700244">
      <ele>528.7</ele>
    </trkpt>
    <trkpt lat="42.415692" lon="-2.700329">
      <ele>528.6</ele>
    </trkpt>
    <trkpt lat="42.415601" lon="-2.701373">
      <ele>527.8</ele>
    </trkpt>
    <trkpt lat="42.415371" lon="-2.702524">
      <ele>526.6</ele>
    </trkpt>
    <trkpt lat="42.415408" lon="-2.702733">
      <ele>526.5</ele>
    </trkpt>
    <trkpt lat="42.415495" lon="-2.703295">
      <ele>526.2</ele>
    </trkpt>
    <trkpt lat="42.415496" lon="-2.70341">
      <ele>526.2</ele>
    </trkpt>
    <trkpt lat="42.41569" lon="-2.704734">
      <ele>526.2</ele>
    </trkpt>
    <trkpt lat="42.415833" lon="-2.70657">
      <ele>526.9</ele>
    </trkpt>
    <trkpt lat="42.415841" lon="-2.707289">
      <ele>527</ele>
    </trkpt>
    <trkpt lat="42.416061" lon="-2.709081">
      <ele>526.3</ele>
    </trkpt>
    <trkpt lat="42.416109" lon="-2.709484">
      <ele>525.8</ele>
    </trkpt>
    <trkpt lat="42.416063" lon="-2.70989">
      <ele>525.2</ele>
    </trkpt>
    <trkpt lat="42.416072" lon="-2.709966">
      <ele>525.1</ele>
    </trkpt>
    <trkpt lat="42.416103" lon="-2.710013">
      <ele>525</ele>
    </trkpt>
    <trkpt lat="42.41612" lon="-2.710037">
      <ele>524.9</ele>
    </trkpt>
    <trkpt lat="42.416211" lon="-2.710172">
      <ele>524.6</ele>
    </trkpt>
    <trkpt lat="42.416373" lon="-2.710963">
      <ele>523</ele>
    </trkpt>
    <trkpt lat="42.416536" lon="-2.712085">
      <ele>520.6</ele>
    </trkpt>
    <trkpt lat="42.416641" lon="-2.712639">
      <ele>519.6</ele>
    </trkpt>
    <trkpt lat="42.417003" lon="-2.714183">
      <ele>517.2</ele>
    </trkpt>
    <trkpt lat="42.417167" lon="-2.714777">
      <ele>516.4</ele>
    </trkpt>
    <trkpt lat="42.41722" lon="-2.714915">
      <ele>516.2</ele>
    </trkpt>
    <trkpt lat="42.41772" lon="-2.715382">
      <ele>515.1</ele>
    </trkpt>
    <trkpt lat="42.417659" lon="-2.715562">
      <ele>514.8</ele>
    </trkpt>
    <trkpt lat="42.417625" lon="-2.715664">
      <ele>514.6</ele>
    </trkpt>
    <trkpt lat="42.417576" lon="-2.715873">
      <ele>514.3</ele>
    </trkpt>
    <trkpt lat="42.417581" lon="-2.716065">
      <ele>514</ele>
    </trkpt>
    <trkpt lat="42.417783" lon="-2.716611">
      <ele>512.8</ele>
    </trkpt>
    <trkpt lat="42.417873" lon="-2.716925">
      <ele>512.1</ele>
    </trkpt>
    <trkpt lat="42.417938" lon="-2.717285">
      <ele>511.4</ele>
    </trkpt>
    <trkpt lat="42.417995" lon="-2.71783">
      <ele>510.3</ele>
    </trkpt>
    <trkpt lat="42.41832" lon="-2.718647">
      <ele>508.7</ele>
    </trkpt>
    <trkpt lat="42.418417" lon="-2.718961">
      <ele>508.4</ele>
    </trkpt>
    <trkpt lat="42.418462" lon="-2.719183">
      <ele>508.2</ele>
    </trkpt>
    <trkpt lat="42.418524" lon="-2.719897">
      <ele>507.8</ele>
    </trkpt>
    <trkpt lat="42.418591" lon="-2.720821">
      <ele>507.7</ele>
    </trkpt>
    <trkpt lat="42.418597" lon="-2.721201">
      <ele>507.7</ele>
    </trkpt>
    <trkpt lat="42.4186" lon="-2.721293">
      <ele>507.7</ele>
    </trkpt>
    <trkpt lat="42.418573" lon="-2.721685">
      <ele>507.8</ele>
    </trkpt>
    <trkpt lat="42.418567" lon="-2.721747">
      <ele>507.8</ele>
    </trkpt>
    <trkpt lat="42.418483" lon="-2.722674">
      <ele>507.2</ele>
    </trkpt>
    <trkpt lat="42.418475" lon="-2.722764">
      <ele>507.2</ele>
    </trkpt>
    <trkpt lat="42.418332" lon="-2.724706">
      <ele>504.5</ele>
    </trkpt>
    <trkpt lat="42.418293" lon="-2.724859">
      <ele>504.3</ele>
    </trkpt>
    <trkpt lat="42.418219" lon="-2.724944">
      <ele>504.2</ele>
    </trkpt>
    <trkpt lat="42.418256" lon="-2.725062">
      <ele>504</ele>
    </trkpt>
    <trkpt lat="42.418291" lon="-2.725171">
      <ele>503.9</ele>
    </trkpt>
    <trkpt lat="42.418421" lon="-2.725313">
      <ele>503.6</ele>
    </trkpt>
    <trkpt lat="42.418456" lon="-2.725323">
      <ele>503.6</ele>
    </trkpt>
    <trkpt lat="42.418507" lon="-2.725371">
      <ele>503.5</ele>
    </trkpt>
    <trkpt lat="42.418534" lon="-2.725446">
      <ele>503.4</ele>
    </trkpt>
    <trkpt lat="42.418525" lon="-2.725551">
      <ele>503.3</ele>
    </trkpt>
    <trkpt lat="42.418472" lon="-2.725627">
      <ele>503.2</ele>
    </trkpt>
    <trkpt lat="42.418421" lon="-2.72569">
      <ele>503.1</ele>
    </trkpt>
    <trkpt lat="42.418369" lon="-2.725856">
      <ele>502.9</ele>
    </trkpt>
    <trkpt lat="42.418244" lon="-2.726596">
      <ele>501.9</ele>
    </trkpt>
    <trkpt lat="42.418099" lon="-2.727373">
      <ele>500.1</ele>
    </trkpt>
    <trkpt lat="42.418034" lon="-2.72777">
      <ele>498.7</ele>
    </trkpt>
    <trkpt lat="42.418021" lon="-2.727857">
      <ele>498.4</ele>
    </trkpt>
    <trkpt lat="42.418003" lon="-2.727933">
      <ele>498.2</ele>
    </trkpt>
    <trkpt lat="42.417968" lon="-2.728098">
      <ele>497.6</ele>
    </trkpt>
    <trkpt lat="42.417891" lon="-2.728504">
      <ele>496.2</ele>
    </trkpt>
    <trkpt lat="42.417689" lon="-2.729087">
      <ele>494.2</ele>
    </trkpt>
    <trkpt lat="42.4174" lon="-2.729832">
      <ele>492.1</ele>
    </trkpt>
    <trkpt lat="42.417073" lon="-2.730463">
      <ele>490.8</ele>
    </trkpt>
    <trkpt lat="42.416919" lon="-2.731113">
      <ele>489.8</ele>
    </trkpt>
    <trkpt lat="42.416922" lon="-2.731209">
      <ele>489.6</ele>
    </trkpt>
    <trkpt lat="42.41697" lon="-2.73134">
      <ele>489.3</ele>
    </trkpt>
    <trkpt lat="42.417248" lon="-2.731797">
      <ele>488.1</ele>
    </trkpt>
    <trkpt lat="42.417302" lon="-2.731896">
      <ele>487.9</ele>
    </trkpt>
    <trkpt lat="42.417322" lon="-2.732012">
      <ele>487.7</ele>
    </trkpt>
    <trkpt lat="42.417338" lon="-2.732121">
      <ele>487.6</ele>
    </trkpt>
    <trkpt lat="42.417475" lon="-2.733226">
      <ele>486.9</ele>
    </trkpt>
    <trkpt lat="42.417516" lon="-2.733289">
      <ele>486.9</ele>
    </trkpt>
    <trkpt lat="42.417634" lon="-2.733371">
      <ele>486.9</ele>
    </trkpt>
    <trkpt lat="42.417904" lon="-2.733398">
      <ele>487.1</ele>
    </trkpt>
    <trkpt lat="42.417939" lon="-2.733398">
      <ele>487.1</ele>
    </trkpt>
    <trkpt lat="42.41803" lon="-2.73372">
      <ele>487.4</ele>
    </trkpt>
    <trkpt lat="42.418101" lon="-2.733779">
      <ele>487.6</ele>
    </trkpt>
    <trkpt lat="42.41816" lon="-2.733811">
      <ele>487.6</ele>
    </trkpt>
    <trkpt lat="42.418218" lon="-2.733918">
      <ele>487.8</ele>
    </trkpt>
    <trkpt lat="42.418487" lon="-2.734609">
      <ele>488.6</ele>
    </trkpt>
    <trkpt lat="42.418516" lon="-2.734683">
      <ele>488.7</ele>
    </trkpt>
    <trkpt lat="42.418284" lon="-2.734752">
      <ele>489.1</ele>
    </trkpt>
    <trkpt lat="42.418087" lon="-2.734864">
      <ele>489.4</ele>
    </trkpt>
    <trkpt lat="42.41771" lon="-2.734955">
      <ele>490.3</ele>
    </trkpt>
    <trkpt lat="42.417608" lon="-2.734995">
      <ele>490.5</ele>
    </trkpt>
    <trkpt lat="42.41756" lon="-2.73502">
      <ele>490.6</ele>
    </trkpt>
    <trkpt lat="42.417422" lon="-2.735122">
      <ele>490.9</ele>
    </trkpt>
    <trkpt lat="42.41731" lon="-2.73522">
      <ele>491.1</ele>
    </trkpt>
    <trkpt lat="42.417112" lon="-2.735349">
      <ele>491.2</ele>
    </trkpt>
    <trkpt lat="42.416994" lon="-2.735368">
      <ele>491.4</ele>
    </trkpt>
    <trkpt lat="42.416883" lon="-2.73536">
      <ele>491.5</ele>
    </trkpt>
    <trkpt lat="42.416653" lon="-2.73528">
      <ele>492.1</ele>
    </trkpt>
    <trkpt lat="42.416431" lon="-2.735259">
      <ele>492.9</ele>
    </trkpt>
    <trkpt lat="42.416061" lon="-2.735361">
      <ele>494.2</ele>
    </trkpt>
    <trkpt lat="42.415945" lon="-2.73541">
      <ele>494.7</ele>
    </trkpt>
    <trkpt lat="42.415816" lon="-2.735421">
      <ele>495.2</ele>
    </trkpt>
    <trkpt lat="42.415757" lon="-2.735724">
      <ele>496.1</ele>
    </trkpt>
    <trkpt lat="42.415724" lon="-2.735973">
      <ele>496.9</ele>
    </trkpt>
    <trkpt lat="42.415729" lon="-2.736191">
      <ele>497.7</ele>
    </trkpt>
    <trkpt lat="42.415948" lon="-2.737576">
      <ele>505.7</ele>
    </trkpt>
    <trkpt lat="42.415908" lon="-2.737704">
      <ele>506.5</ele>
    </trkpt>
    <trkpt lat="42.415606" lon="-2.738445">
      <ele>510.6</ele>
    </trkpt>
    <trkpt lat="42.415548" lon="-2.738602">
      <ele>511.4</ele>
    </trkpt>
    <trkpt lat="42.415435" lon="-2.739503">
      <ele>515.2</ele>
    </trkpt>
    <trkpt lat="42.414747" lon="-2.740657">
      <ele>523.8</ele>
    </trkpt>
    <trkpt lat="42.414559" lon="-2.741075">
      <ele>527.7</ele>
    </trkpt>
    <trkpt lat="42.414341" lon="-2.741787">
      <ele>534.4</ele>
    </trkpt>
    <trkpt lat="42.414238" lon="-2.742018">
      <ele>536.9</ele>
    </trkpt>
    <trkpt lat="42.414114" lon="-2.742353">
      <ele>540.2</ele>
    </trkpt>
    <trkpt lat="42.414051" lon="-2.742636">
      <ele>542.6</ele>
    </trkpt>
    <trkpt lat="42.414043" lon="-2.743005">
      <ele>545.3</ele>
    </trkpt>
    <trkpt lat="42.414061" lon="-2.743101">
      <ele>545.9</ele>
    </trkpt>
    <trkpt lat="42.414158" lon="-2.74326">
      <ele>547.1</ele>
    </trkpt>
    <trkpt lat="42.414233" lon="-2.74341">
      <ele>548.1</ele>
    </trkpt>
    <trkpt lat="42.414279" lon="-2.743635">
      <ele>549.4</ele>
    </trkpt>
    <trkpt lat="42.414309" lon="-2.743865">
      <ele>550.4</ele>
    </trkpt>
    <trkpt lat="42.414309" lon="-2.744508">
      <ele>552.6</ele>
    </trkpt>
    <trkpt lat="42.414335" lon="-2.744796">
      <ele>553</ele>
    </trkpt>
    <trkpt lat="42.414414" lon="-2.745069">
      <ele>553</ele>
    </trkpt>
    <trkpt lat="42.414483" lon="-2.745291">
      <ele>552.6</ele>
    </trkpt>
    <trkpt lat="42.414454" lon="-2.745519">
      <ele>552.1</ele>
    </trkpt>
    <trkpt lat="42.414445" lon="-2.745614">
      <ele>551.9</ele>
    </trkpt>
    <trkpt lat="42.414481" lon="-2.745749">
      <ele>551.5</ele>
    </trkpt>
    <trkpt lat="42.414739" lon="-2.746402">
      <ele>548.6</ele>
    </trkpt>
    <trkpt lat="42.414798" lon="-2.746777">
      <ele>546.9</ele>
    </trkpt>
    <trkpt lat="42.414974" lon="-2.747428">
      <ele>544.6</ele>
    </trkpt>
    <trkpt lat="42.415045" lon="-2.747626">
      <ele>544.2</ele>
    </trkpt>
    <trkpt lat="42.415181" lon="-2.74787">
      <ele>543.8</ele>
    </trkpt>
    <trkpt lat="42.415235" lon="-2.747994">
      <ele>543.7</ele>
    </trkpt>
    <trkpt lat="42.415279" lon="-2.748107">
      <ele>543.6</ele>
    </trkpt>
    <trkpt lat="42.41532" lon="-2.748394">
      <ele>543.4</ele>
    </trkpt>
    <trkpt lat="42.415376" lon="-2.749295">
      <ele>542.8</ele>
    </trkpt>
    <trkpt lat="42.415617" lon="-2.750548">
      <ele>538.6</ele>
    </trkpt>
    <trkpt lat="42.415655" lon="-2.750664">
      <ele>537.9</ele>
    </trkpt>
    <trkpt lat="42.415967" lon="-2.751167">
      <ele>534.2</ele>
    </trkpt>
    <trkpt lat="42.41629" lon="-2.751567">
      <ele>530.6</ele>
    </trkpt>
    <trkpt lat="42.416345" lon="-2.751787">
      <ele>529.1</ele>
    </trkpt>
    <trkpt lat="42.416323" lon="-2.752231">
      <ele>526.3</ele>
    </trkpt>
    <trkpt lat="42.416288" lon="-2.753413">
      <ele>519.9</ele>
    </trkpt>
    <trkpt lat="42.416255" lon="-2.753646">
      <ele>518.9</ele>
    </trkpt>
    <trkpt lat="42.416188" lon="-2.754116">
      <ele>517.2</ele>
    </trkpt>
    <trkpt lat="42.416117" lon="-2.754624">
      <ele>515.9</ele>
    </trkpt>
    <trkpt lat="42.41617" lon="-2.754897">
      <ele>515.4</ele>
    </trkpt>
    <trkpt lat="42.41618" lon="-2.755072">
      <ele>515.2</ele>
    </trkpt>
    <trkpt lat="42.416163" lon="-2.755779">
      <ele>514.9</ele>
    </trkpt>
    <trkpt lat="42.416086" lon="-2.756652">
      <ele>515.9</ele>
    </trkpt>
    <trkpt lat="42.416032" lon="-2.757321">
      <ele>517.6</ele>
    </trkpt>
    <trkpt lat="42.415975" lon="-2.759129">
      <ele>524.9</ele>
    </trkpt>
    <trkpt lat="42.41623" lon="-2.759771">
      <ele>527.9</ele>
    </trkpt>
    <trkpt lat="42.41632" lon="-2.759941">
      <ele>528.7</ele>
    </trkpt>
    <trkpt lat="42.416412" lon="-2.760213">
      <ele>529.8</ele>
    </trkpt>
    <trkpt lat="42.416505" lon="-2.760851">
      <ele>532.1</ele>
    </trkpt>
    <trkpt lat="42.416634" lon="-2.761312">
      <ele>533.5</ele>
    </trkpt>
    <trkpt lat="42.416797" lon="-2.762065">
      <ele>535.5</ele>
    </trkpt>
    <trkpt lat="42.417169" lon="-2.764095">
      <ele>539.7</ele>
    </trkpt>
    <trkpt lat="42.417343" lon="-2.764859">
      <ele>541.5</ele>
    </trkpt>
    <trkpt lat="42.417472" lon="-2.7658">
      <ele>543.8</ele>
    </trkpt>
    <trkpt lat="42.417522" lon="-2.766583">
      <ele>545.6</ele>
    </trkpt>
    <trkpt lat="42.417605" lon="-2.767003">
      <ele>546.4</ele>
    </trkpt>
    <trkpt lat="42.417762" lon="-2.768067">
      <ele>547.9</ele>
    </trkpt>
    <trkpt lat="42.417836" lon="-2.769462">
      <ele>548.3</ele>
    </trkpt>
    <trkpt lat="42.417876" lon="-2.769781">
      <ele>548.1</ele>
    </trkpt>
    <trkpt lat="42.417946" lon="-2.77034">
      <ele>547.4</ele>
    </trkpt>
    <trkpt lat="42.418181" lon="-2.771437">
      <ele>545.1</ele>
    </trkpt>
    <trkpt lat="42.418416" lon="-2.772241">
      <ele>543.6</ele>
    </trkpt>
    <trkpt lat="42.418438" lon="-2.772332">
      <ele>543.5</ele>
    </trkpt>
    <trkpt lat="42.418839" lon="-2.77393">
      <ele>541.4</ele>
    </trkpt>
    <trkpt lat="42.419105" lon="-2.773809">
      <ele>541</ele>
    </trkpt>
    <trkpt lat="42.419685" lon="-2.773708">
      <ele>540.3</ele>
    </trkpt>
    <trkpt lat="42.419924" lon="-2.773544">
      <ele>540.1</ele>
    </trkpt>
    <trkpt lat="42.420112" lon="-2.773347">
      <ele>540.1</ele>
    </trkpt>
    <trkpt lat="42.420077" lon="-2.773907">
      <ele>540.5</ele>
    </trkpt>
    <trkpt lat="42.419998" lon="-2.776561">
      <ele>545.1</ele>
    </trkpt>
    <trkpt lat="42.41997" lon="-2.776911">
      <ele>545.6</ele>
    </trkpt>
    <trkpt lat="42.419801" lon="-2.778088">
      <ele>547</ele>
    </trkpt>
    <trkpt lat="42.419923" lon="-2.779597">
      <ele>547.7</ele>
    </trkpt>
    <trkpt lat="42.420209" lon="-2.780831">
      <ele>547.3</ele>
    </trkpt>
    <trkpt lat="42.420205" lon="-2.782566">
      <ele>544.8</ele>
    </trkpt>
    <trkpt lat="42.420228" lon="-2.783186">
      <ele>543.3</ele>
    </trkpt>
    <trkpt lat="42.420294" lon="-2.783694">
      <ele>542.1</ele>
    </trkpt>
    <trkpt lat="42.420524" lon="-2.785505">
      <ele>539.3</ele>
    </trkpt>
    <trkpt lat="42.420645" lon="-2.787018">
      <ele>541.1</ele>
    </trkpt>
    <trkpt lat="42.420722" lon="-2.78884">
      <ele>544.7</ele>
    </trkpt>
    <trkpt lat="42.420744" lon="-2.789047">
      <ele>544.9</ele>
    </trkpt>
    <trkpt lat="42.420806" lon="-2.789233">
      <ele>545</ele>
    </trkpt>
    <trkpt lat="42.420966" lon="-2.789672">
      <ele>545.1</ele>
    </trkpt>
    <trkpt lat="42.421477" lon="-2.790876">
      <ele>544</ele>
    </trkpt>
    <trkpt lat="42.422146" lon="-2.792851">
      <ele>542.5</ele>
    </trkpt>
    <trkpt lat="42.422241" lon="-2.79311">
      <ele>542.3</ele>
    </trkpt>
    <trkpt lat="42.422348" lon="-2.793509">
      <ele>542.1</ele>
    </trkpt>
    <trkpt lat="42.422607" lon="-2.794954">
      <ele>542.6</ele>
    </trkpt>
    <trkpt lat="42.422649" lon="-2.795195">
      <ele>542.9</ele>
    </trkpt>
    <trkpt lat="42.422674" lon="-2.795325">
      <ele>543.1</ele>
    </trkpt>
    <trkpt lat="42.423045" lon="-2.797494">
      <ele>548.4</ele>
    </trkpt>
    <trkpt lat="42.42328" lon="-2.798568">
      <ele>550.5</ele>
    </trkpt>
    <trkpt lat="42.42332" lon="-2.798703">
      <ele>550.7</ele>
    </trkpt>
    <trkpt lat="42.423834" lon="-2.799972">
      <ele>551.2</ele>
    </trkpt>
    <trkpt lat="42.424053" lon="-2.800619">
      <ele>549.6</ele>
    </trkpt>
    <trkpt lat="42.424095" lon="-2.800731">
      <ele>549.2</ele>
    </trkpt>
    <trkpt lat="42.424186" lon="-2.800935">
      <ele>548.5</ele>
    </trkpt>
    <trkpt lat="42.424318" lon="-2.801232">
      <ele>547.3</ele>
    </trkpt>
    <trkpt lat="42.424419" lon="-2.801502">
      <ele>546.2</ele>
    </trkpt>
    <trkpt lat="42.424594" lon="-2.802205">
      <ele>543.1</ele>
    </trkpt>
    <trkpt lat="42.424619" lon="-2.802318">
      <ele>542.6</ele>
    </trkpt>
    <trkpt lat="42.424696" lon="-2.802516">
      <ele>541.7</ele>
    </trkpt>
    <trkpt lat="42.42484" lon="-2.802721">
      <ele>540.7</ele>
    </trkpt>
    <trkpt lat="42.424951" lon="-2.802823">
      <ele>540.2</ele>
    </trkpt>
    <trkpt lat="42.425806" lon="-2.803634">
      <ele>538.4</ele>
    </trkpt>
    <trkpt lat="42.426162" lon="-2.806899">
      <ele>541.6</ele>
    </trkpt>
    <trkpt lat="42.426251" lon="-2.807487">
      <ele>542.2</ele>
    </trkpt>
    <trkpt lat="42.426711" lon="-2.809199">
      <ele>544.5</ele>
    </trkpt>
    <trkpt lat="42.427188" lon="-2.81079">
      <ele>547.5</ele>
    </trkpt>
    <trkpt lat="42.428015" lon="-2.812593">
      <ele>553.3</ele>
    </trkpt>
    <trkpt lat="42.4283" lon="-2.813344">
      <ele>555.7</ele>
    </trkpt>
    <trkpt lat="42.428565" lon="-2.814215">
      <ele>558.1</ele>
    </trkpt>
    <trkpt lat="42.428646" lon="-2.81464">
      <ele>559.1</ele>
    </trkpt>
    <trkpt lat="42.428787" lon="-2.815186">
      <ele>560.2</ele>
    </trkpt>
    <trkpt lat="42.428879" lon="-2.815433">
      <ele>560.8</ele>
    </trkpt>
    <trkpt lat="42.429037" lon="-2.815854">
      <ele>561.7</ele>
    </trkpt>
    <trkpt lat="42.429284" lon="-2.816683">
      <ele>563.8</ele>
    </trkpt>
    <trkpt lat="42.429536" lon="-2.817394">
      <ele>565.6</ele>
    </trkpt>
    <trkpt lat="42.429593" lon="-2.817504">
      <ele>565.9</ele>
    </trkpt>
    <trkpt lat="42.42969" lon="-2.817611">
      <ele>566.2</ele>
    </trkpt>
    <trkpt lat="42.429701" lon="-2.817726">
      <ele>566.4</ele>
    </trkpt>
    <trkpt lat="42.429851" lon="-2.817961">
      <ele>566.9</ele>
    </trkpt>
    <trkpt lat="42.430356" lon="-2.818595">
      <ele>567.1</ele>
    </trkpt>
    <trkpt lat="42.431096" lon="-2.819186">
      <ele>563.5</ele>
    </trkpt>
    <trkpt lat="42.431258" lon="-2.819322">
      <ele>562.2</ele>
    </trkpt>
    <trkpt lat="42.431477" lon="-2.819564">
      <ele>560.1</ele>
    </trkpt>
    <trkpt lat="42.431974" lon="-2.820197">
      <ele>554.7</ele>
    </trkpt>
    <trkpt lat="42.432141" lon="-2.820432">
      <ele>552.9</ele>
    </trkpt>
    <trkpt lat="42.432419" lon="-2.820954">
      <ele>550</ele>
    </trkpt>
    <trkpt lat="42.432504" lon="-2.821173">
      <ele>549.1</ele>
    </trkpt>
    <trkpt lat="42.433295" lon="-2.820669">
      <ele>546.7</ele>
    </trkpt>
    <trkpt lat="42.433673" lon="-2.823247">
      <ele>547.2</ele>
    </trkpt>
    <trkpt lat="42.434004" lon="-2.827727">
      <ele>552.7</ele>
    </trkpt>
    <trkpt lat="42.434128" lon="-2.82859">
      <ele>553.4</ele>
    </trkpt>
    <trkpt lat="42.434146" lon="-2.828949">
      <ele>553.6</ele>
    </trkpt>
    <trkpt lat="42.434123" lon="-2.829505">
      <ele>553.9</ele>
    </trkpt>
    <trkpt lat="42.43415" lon="-2.830486">
      <ele>554.7</ele>
    </trkpt>
    <trkpt lat="42.434247" lon="-2.831352">
      <ele>555.6</ele>
    </trkpt>
    <trkpt lat="42.434206" lon="-2.832521">
      <ele>556.9</ele>
    </trkpt>
    <trkpt lat="42.434158" lon="-2.832842">
      <ele>557.2</ele>
    </trkpt>
    <trkpt lat="42.433901" lon="-2.833343">
      <ele>557.7</ele>
    </trkpt>
    <trkpt lat="42.433637" lon="-2.833824">
      <ele>558</ele>
    </trkpt>
    <trkpt lat="42.433608" lon="-2.833932">
      <ele>558</ele>
    </trkpt>
    <trkpt lat="42.43354" lon="-2.835815">
      <ele>558.6</ele>
    </trkpt>
    <trkpt lat="42.433649" lon="-2.838699">
      <ele>560.4</ele>
    </trkpt>
    <trkpt lat="42.433703" lon="-2.839027">
      <ele>560.6</ele>
    </trkpt>
    <trkpt lat="42.434021" lon="-2.839911">
      <ele>561.2</ele>
    </trkpt>
    <trkpt lat="42.434047" lon="-2.84009">
      <ele>561.3</ele>
    </trkpt>
    <trkpt lat="42.434057" lon="-2.840221">
      <ele>561.4</ele>
    </trkpt>
    <trkpt lat="42.43399" lon="-2.840828">
      <ele>561.8</ele>
    </trkpt>
    <trkpt lat="42.434016" lon="-2.841214">
      <ele>562.1</ele>
    </trkpt>
    <trkpt lat="42.433751" lon="-2.841279">
      <ele>562.4</ele>
    </trkpt>
    <trkpt lat="42.433681" lon="-2.841368">
      <ele>562.5</ele>
    </trkpt>
    <trkpt lat="42.433398" lon="-2.842169">
      <ele>563.3</ele>
    </trkpt>
    <trkpt lat="42.432724" lon="-2.845477">
      <ele>566.7</ele>
    </trkpt>
    <trkpt lat="42.432663" lon="-2.846029">
      <ele>567.2</ele>
    </trkpt>
    <trkpt lat="42.432669" lon="-2.846275">
      <ele>567.5</ele>
    </trkpt>
    <trkpt lat="42.432703" lon="-2.846532">
      <ele>567.7</ele>
    </trkpt>
    <trkpt lat="42.43293" lon="-2.847602">
      <ele>568.9</ele>
    </trkpt>
    <trkpt lat="42.43298" lon="-2.848146">
      <ele>569.5</ele>
    </trkpt>
    <trkpt lat="42.432974" lon="-2.848325">
      <ele>569.7</ele>
    </trkpt>
    <trkpt lat="42.432892" lon="-2.848618">
      <ele>570.1</ele>
    </trkpt>
    <trkpt lat="42.432814" lon="-2.848747">
      <ele>570.3</ele>
    </trkpt>
    <trkpt lat="42.432433" lon="-2.849165">
      <ele>571.2</ele>
    </trkpt>
    <trkpt lat="42.432395" lon="-2.849241">
      <ele>571.3</ele>
    </trkpt>
    <trkpt lat="42.432251" lon="-2.849749">
      <ele>572.1</ele>
    </trkpt>
    <trkpt lat="42.432013" lon="-2.850444">
      <ele>573.2</ele>
    </trkpt>
    <trkpt lat="42.43134" lon="-2.852904">
      <ele>576.9</ele>
    </trkpt>
    <trkpt lat="42.431196" lon="-2.853292">
      <ele>577.5</ele>
    </trkpt>
    <trkpt lat="42.429672" lon="-2.856214">
      <ele>582.3</ele>
    </trkpt>
    <trkpt lat="42.427369" lon="-2.860261">
      <ele>593</ele>
    </trkpt>
    <trkpt lat="42.427408" lon="-2.86047">
      <ele>593.4</ele>
    </trkpt>
    <trkpt lat="42.42707" lon="-2.864714">
      <ele>603.7</ele>
    </trkpt>
    <trkpt lat="42.427011" lon="-2.865064">
      <ele>604.6</ele>
    </trkpt>
    <trkpt lat="42.425785" lon="-2.869344">
      <ele>618.7</ele>
    </trkpt>
    <trkpt lat="42.425297" lon="-2.871049">
      <ele>629.3</ele>
    </trkpt>
    <trkpt lat="42.425033" lon="-2.873293">
      <ele>643.9</ele>
    </trkpt>
    <trkpt lat="42.424592" lon="-2.875199">
      <ele>660.1</ele>
    </trkpt>
    <trkpt lat="42.424332" lon="-2.876212">
      <ele>669.7</ele>
    </trkpt>
    <trkpt lat="42.424148" lon="-2.876749">
      <ele>674.9</ele>
    </trkpt>
    <trkpt lat="42.424032" lon="-2.876989">
      <ele>677.3</ele>
    </trkpt>
    <trkpt lat="42.423418" lon="-2.87808">
      <ele>687</ele>
    </trkpt>
    <trkpt lat="42.42277" lon="-2.878961">
      <ele>692.9</ele>
    </trkpt>
    <trkpt lat="42.418883" lon="-2.88552">
      <ele>714</ele>
    </trkpt>
    <trkpt lat="42.418729" lon="-2.885762">
      <ele>714.7</ele>
    </trkpt>
    <trkpt lat="42.418655" lon="-2.885829">
      <ele>714.9</ele>
    </trkpt>
    <trkpt lat="42.418649" lon="-2.88588">
      <ele>715</ele>
    </trkpt>
    <trkpt lat="42.418679" lon="-2.885922">
      <ele>715.1</ele>
    </trkpt>
    <trkpt lat="42.418976" lon="-2.886197">
      <ele>716.2</ele>
    </trkpt>
    <trkpt lat="42.418981" lon="-2.886245">
      <ele>716.3</ele>
    </trkpt>
    <trkpt lat="42.418795" lon="-2.886585">
      <ele>717.2</ele>
    </trkpt>
    <trkpt lat="42.418287" lon="-2.887377">
      <ele>719</ele>
    </trkpt>
    <trkpt lat="42.418208" lon="-2.88729">
      <ele>719.4</ele>
    </trkpt>
    <trkpt lat="42.418175" lon="-2.887254">
      <ele>719.5</ele>
    </trkpt>
    <trkpt lat="42.418078" lon="-2.887145">
      <ele>719.9</ele>
    </trkpt>
    <trkpt lat="42.417978" lon="-2.887035">
      <ele>720.4</ele>
    </trkpt>
    <trkpt lat="42.417871" lon="-2.886916">
      <ele>720.8</ele>
    </trkpt>
    <trkpt lat="42.417821" lon="-2.886861">
      <ele>721</ele>
    </trkpt>
    <trkpt lat="42.417742" lon="-2.886778">
      <ele>721.3</ele>
    </trkpt>
    <trkpt lat="42.417645" lon="-2.886933">
      <ele>721.7</ele>
    </trkpt>
    <trkpt lat="42.417414" lon="-2.887304">
      <ele>722.7</ele>
    </trkpt>
    <trkpt lat="42.417348" lon="-2.887408">
      <ele>723</ele>
    </trkpt>
    <trkpt lat="42.417254" lon="-2.88756">
      <ele>723.5</ele>
    </trkpt>
    <trkpt lat="42.416907" lon="-2.888116">
      <ele>725.4</ele>
    </trkpt>
    <trkpt lat="42.41662" lon="-2.888574">
      <ele>726.9</ele>
    </trkpt>
    <trkpt lat="42.416599" lon="-2.888608">
      <ele>727</ele>
    </trkpt>
    <trkpt lat="42.416154" lon="-2.889322">
      <ele>728.6</ele>
    </trkpt>
    <trkpt lat="42.416071" lon="-2.889454">
      <ele>728.9</ele>
    </trkpt>
    <trkpt lat="42.415907" lon="-2.889717">
      <ele>729.2</ele>
    </trkpt>
    <trkpt lat="42.415698" lon="-2.890038">
      <ele>729.5</ele>
    </trkpt>
    <trkpt lat="42.415748" lon="-2.891262">
      <ele>729.5</ele>
    </trkpt>
    <trkpt lat="42.415782" lon="-2.892371">
      <ele>728.9</ele>
    </trkpt>
    <trkpt lat="42.415785" lon="-2.892487">
      <ele>728.9</ele>
    </trkpt>
    <trkpt lat="42.415822" lon="-2.893438">
      <ele>728.1</ele>
    </trkpt>
    <trkpt lat="42.415853" lon="-2.894467">
      <ele>727.6</ele>
    </trkpt>
    <trkpt lat="42.415858" lon="-2.89457">
      <ele>727.7</ele>
    </trkpt>
    <trkpt lat="42.41589" lon="-2.894761">
      <ele>727.8</ele>
    </trkpt>
    <trkpt lat="42.415851" lon="-2.894837">
      <ele>727.9</ele>
    </trkpt>
    <trkpt lat="42.415755" lon="-2.894917">
      <ele>728</ele>
    </trkpt>
    <trkpt lat="42.415695" lon="-2.895011">
      <ele>728.1</ele>
    </trkpt>
    <trkpt lat="42.415053" lon="-2.895487">
      <ele>729.7</ele>
    </trkpt>
    <trkpt lat="42.414564" lon="-2.89589">
      <ele>730.9</ele>
    </trkpt>
    <trkpt lat="42.414398" lon="-2.896176">
      <ele>731.2</ele>
    </trkpt>
    <trkpt lat="42.414366" lon="-2.896326">
      <ele>731.4</ele>
    </trkpt>
    <trkpt lat="42.414369" lon="-2.896502">
      <ele>731.7</ele>
    </trkpt>
    <trkpt lat="42.414373" lon="-2.896621">
      <ele>731.9</ele>
    </trkpt>
    <trkpt lat="42.414368" lon="-2.896874">
      <ele>732.3</ele>
    </trkpt>
    <trkpt lat="42.414475" lon="-2.897348">
      <ele>732.9</ele>
    </trkpt>
    <trkpt lat="42.414336" lon="-2.896987">
      <ele>733.1</ele>
    </trkpt>
    <trkpt lat="42.414066" lon="-2.896836">
      <ele>733</ele>
    </trkpt>
    <trkpt lat="42.413971" lon="-2.896711">
      <ele>733</ele>
    </trkpt>
    <trkpt lat="42.413949" lon="-2.896526">
      <ele>732.9</ele>
    </trkpt>
    <trkpt lat="42.41397" lon="-2.896443">
      <ele>732.9</ele>
    </trkpt>
    <trkpt lat="42.414052" lon="-2.896324">
      <ele>732.9</ele>
    </trkpt>
    <trkpt lat="42.414121" lon="-2.896289">
      <ele>732.9</ele>
    </trkpt>
    <trkpt lat="42.414165" lon="-2.896286">
      <ele>732.9</ele>
    </trkpt>
    <trkpt lat="42.414354" lon="-2.896161">
      <ele>732.8</ele>
    </trkpt>
    <trkpt lat="42.414564" lon="-2.89589">
      <ele>732.2</ele>
    </trkpt>
    <trkpt lat="42.415053" lon="-2.895487">
      <ele>730.1</ele>
    </trkpt>
    <trkpt lat="42.415497" lon="-2.895089">
      <ele>728.7</ele>
    </trkpt>
    <trkpt lat="42.415583" lon="-2.894963">
      <ele>728.5</ele>
    </trkpt>
    <trkpt lat="42.415759" lon="-2.894812">
      <ele>728.2</ele>
    </trkpt>
    <trkpt lat="42.415858" lon="-2.89457">
      <ele>728</ele>
    </trkpt>
    <trkpt lat="42.415853" lon="-2.894467">
      <ele>727.9</ele>
    </trkpt>
    <trkpt lat="42.415822" lon="-2.893438">
      <ele>728.2</ele>
    </trkpt>
    <trkpt lat="42.415785" lon="-2.892487">
      <ele>728.9</ele>
    </trkpt>
    <trkpt lat="42.415782" lon="-2.892371">
      <ele>728.9</ele>
    </trkpt>
    <trkpt lat="42.415748" lon="-2.891262">
      <ele>729.5</ele>
    </trkpt>
    <trkpt lat="42.415698" lon="-2.890038">
      <ele>729.5</ele>
    </trkpt>
    <trkpt lat="42.415907" lon="-2.889717">
      <ele>729.2</ele>
    </trkpt>
    <trkpt lat="42.416071" lon="-2.889454">
      <ele>728.9</ele>
    </trkpt>
    <trkpt lat="42.416154" lon="-2.889322">
      <ele>728.6</ele>
    </trkpt>
    <trkpt lat="42.416599" lon="-2.888608">
      <ele>727</ele>
    </trkpt>
    <trkpt lat="42.41662" lon="-2.888574">
      <ele>726.9</ele>
    </trkpt>
    <trkpt lat="42.416907" lon="-2.888116">
      <ele>725.7</ele>
    </trkpt>
    <trkpt lat="42.417254" lon="-2.88756">
      <ele>724.4</ele>
    </trkpt>
    <trkpt lat="42.417348" lon="-2.887408">
      <ele>724</ele>
    </trkpt>
    <trkpt lat="42.417879" lon="-2.888016">
      <ele>722.1</ele>
    </trkpt>
    <trkpt lat="42.418287" lon="-2.887377">
      <ele>720.1</ele>
    </trkpt>
    <trkpt lat="42.418795" lon="-2.886585">
      <ele>717.3</ele>
    </trkpt>
    <trkpt lat="42.418981" lon="-2.886245">
      <ele>716.3</ele>
    </trkpt>
    <trkpt lat="42.418976" lon="-2.886197">
      <ele>716.2</ele>
    </trkpt>
    <trkpt lat="42.418679" lon="-2.885922">
      <ele>715.1</ele>
    </trkpt>
    <trkpt lat="42.418649" lon="-2.88588">
      <ele>715</ele>
    </trkpt>
    <trkpt lat="42.418655" lon="-2.885829">
      <ele>714.9</ele>
    </trkpt>
    <trkpt lat="42.418729" lon="-2.885762">
      <ele>714.7</ele>
    </trkpt>
    <trkpt lat="42.418883" lon="-2.88552">
      <ele>714</ele>
    </trkpt>
    <trkpt lat="42.42277" lon="-2.878961">
      <ele>692.9</ele>
    </trkpt>
    <trkpt lat="42.423418" lon="-2.87808">
      <ele>687</ele>
    </trkpt>
    <trkpt lat="42.424032" lon="-2.876989">
      <ele>677.3</ele>
    </trkpt>
    <trkpt lat="42.424148" lon="-2.876749">
      <ele>674.9</ele>
    </trkpt>
    <trkpt lat="42.424332" lon="-2.876212">
      <ele>669.7</ele>
    </trkpt>
    <trkpt lat="42.424592" lon="-2.875199">
      <ele>660.1</ele>
    </trkpt>
    <trkpt lat="42.424872" lon="-2.873988">
      <ele>649.3</ele>
    </trkpt>
    <trkpt lat="42.425033" lon="-2.873293">
      <ele>643.9</ele>
    </trkpt>
    <trkpt lat="42.425297" lon="-2.871049">
      <ele>629.3</ele>
    </trkpt>
    <trkpt lat="42.425785" lon="-2.869344">
      <ele>618.7</ele>
    </trkpt>
    <trkpt lat="42.427011" lon="-2.865064">
      <ele>604.6</ele>
    </trkpt>
    <trkpt lat="42.42707" lon="-2.864714">
      <ele>603.7</ele>
    </trkpt>
    <trkpt lat="42.427408" lon="-2.86047">
      <ele>593.4</ele>
    </trkpt>
    <trkpt lat="42.427369" lon="-2.860261">
      <ele>593</ele>
    </trkpt>
    <trkpt lat="42.429672" lon="-2.856214">
      <ele>582.3</ele>
    </trkpt>
    <trkpt lat="42.431196" lon="-2.853292">
      <ele>577.5</ele>
    </trkpt>
    <trkpt lat="42.43134" lon="-2.852904">
      <ele>576.9</ele>
    </trkpt>
    <trkpt lat="42.432013" lon="-2.850444">
      <ele>573.2</ele>
    </trkpt>
    <trkpt lat="42.432251" lon="-2.849749">
      <ele>572.1</ele>
    </trkpt>
    <trkpt lat="42.432395" lon="-2.849241">
      <ele>571.3</ele>
    </trkpt>
    <trkpt lat="42.432433" lon="-2.849165">
      <ele>571.2</ele>
    </trkpt>
    <trkpt lat="42.432814" lon="-2.848747">
      <ele>570.3</ele>
    </trkpt>
    <trkpt lat="42.432892" lon="-2.848618">
      <ele>570.1</ele>
    </trkpt>
    <trkpt lat="42.432974" lon="-2.848325">
      <ele>569.7</ele>
    </trkpt>
    <trkpt lat="42.43298" lon="-2.848146">
      <ele>569.5</ele>
    </trkpt>
    <trkpt lat="42.43293" lon="-2.847602">
      <ele>568.9</ele>
    </trkpt>
    <trkpt lat="42.432703" lon="-2.846532">
      <ele>567.7</ele>
    </trkpt>
    <trkpt lat="42.432669" lon="-2.846275">
      <ele>567.5</ele>
    </trkpt>
    <trkpt lat="42.432663" lon="-2.846029">
      <ele>567.2</ele>
    </trkpt>
    <trkpt lat="42.432724" lon="-2.845477">
      <ele>566.7</ele>
    </trkpt>
    <trkpt lat="42.433398" lon="-2.842169">
      <ele>563.3</ele>
    </trkpt>
    <trkpt lat="42.433681" lon="-2.841368">
      <ele>562.5</ele>
    </trkpt>
    <trkpt lat="42.433751" lon="-2.841279">
      <ele>562.4</ele>
    </trkpt>
    <trkpt lat="42.434016" lon="-2.841214">
      <ele>562.1</ele>
    </trkpt>
    <trkpt lat="42.43399" lon="-2.840828">
      <ele>561.8</ele>
    </trkpt>
    <trkpt lat="42.434057" lon="-2.840221">
      <ele>561.4</ele>
    </trkpt>
    <trkpt lat="42.434047" lon="-2.84009">
      <ele>561.3</ele>
    </trkpt>
    <trkpt lat="42.434021" lon="-2.839911">
      <ele>561.2</ele>
    </trkpt>
    <trkpt lat="42.433703" lon="-2.839027">
      <ele>560.6</ele>
    </trkpt>
    <trkpt lat="42.433649" lon="-2.838699">
      <ele>560.4</ele>
    </trkpt>
    <trkpt lat="42.43354" lon="-2.835815">
      <ele>558.6</ele>
    </trkpt>
    <trkpt lat="42.433608" lon="-2.833932">
      <ele>558</ele>
    </trkpt>
    <trkpt lat="42.433637" lon="-2.833824">
      <ele>558</ele>
    </trkpt>
    <trkpt lat="42.433901" lon="-2.833343">
      <ele>557.7</ele>
    </trkpt>
    <trkpt lat="42.434158" lon="-2.832842">
      <ele>557.2</ele>
    </trkpt>
    <trkpt lat="42.434206" lon="-2.832521">
      <ele>556.9</ele>
    </trkpt>
    <trkpt lat="42.434247" lon="-2.831352">
      <ele>555.6</ele>
    </trkpt>
    <trkpt lat="42.43415" lon="-2.830486">
      <ele>554.7</ele>
    </trkpt>
    <trkpt lat="42.434123" lon="-2.829505">
      <ele>553.9</ele>
    </trkpt>
    <trkpt lat="42.434146" lon="-2.828949">
      <ele>553.6</ele>
    </trkpt>
    <trkpt lat="42.434128" lon="-2.82859">
      <ele>553.4</ele>
    </trkpt>
    <trkpt lat="42.434004" lon="-2.827727">
      <ele>552.7</ele>
    </trkpt>
    <trkpt lat="42.433673" lon="-2.823247">
      <ele>547.2</ele>
    </trkpt>
    <trkpt lat="42.433295" lon="-2.820669">
      <ele>546.7</ele>
    </trkpt>
    <trkpt lat="42.432504" lon="-2.821173">
      <ele>549.1</ele>
    </trkpt>
    <trkpt lat="42.432419" lon="-2.820954">
      <ele>550</ele>
    </trkpt>
    <trkpt lat="42.432141" lon="-2.820432">
      <ele>552.9</ele>
    </trkpt>
    <trkpt lat="42.431974" lon="-2.820197">
      <ele>554.7</ele>
    </trkpt>
    <trkpt lat="42.431477" lon="-2.819564">
      <ele>560.1</ele>
    </trkpt>
    <trkpt lat="42.431258" lon="-2.819322">
      <ele>562.2</ele>
    </trkpt>
    <trkpt lat="42.431096" lon="-2.819186">
      <ele>563.5</ele>
    </trkpt>
    <trkpt lat="42.430356" lon="-2.818595">
      <ele>567.1</ele>
    </trkpt>
    <trkpt lat="42.429851" lon="-2.817961">
      <ele>566.9</ele>
    </trkpt>
    <trkpt lat="42.429701" lon="-2.817726">
      <ele>566.4</ele>
    </trkpt>
    <trkpt lat="42.42969" lon="-2.817611">
      <ele>566.2</ele>
    </trkpt>
    <trkpt lat="42.429593" lon="-2.817504">
      <ele>565.9</ele>
    </trkpt>
    <trkpt lat="42.429536" lon="-2.817394">
      <ele>565.6</ele>
    </trkpt>
    <trkpt lat="42.429284" lon="-2.816683">
      <ele>563.8</ele>
    </trkpt>
    <trkpt lat="42.429037" lon="-2.815854">
      <ele>561.7</ele>
    </trkpt>
    <trkpt lat="42.428787" lon="-2.815186">
      <ele>560.2</ele>
    </trkpt>
    <trkpt lat="42.428646" lon="-2.81464">
      <ele>559.1</ele>
    </trkpt>
    <trkpt lat="42.428565" lon="-2.814215">
      <ele>558.1</ele>
    </trkpt>
    <trkpt lat="42.4283" lon="-2.813344">
      <ele>555.7</ele>
    </trkpt>
    <trkpt lat="42.428015" lon="-2.812593">
      <ele>553.3</ele>
    </trkpt>
    <trkpt lat="42.427188" lon="-2.81079">
      <ele>547.5</ele>
    </trkpt>
    <trkpt lat="42.426711" lon="-2.809199">
      <ele>544.5</ele>
    </trkpt>
    <trkpt lat="42.426251" lon="-2.807487">
      <ele>542.2</ele>
    </trkpt>
    <trkpt lat="42.426162" lon="-2.806899">
      <ele>541.6</ele>
    </trkpt>
    <trkpt lat="42.425806" lon="-2.803634">
      <ele>538.4</ele>
    </trkpt>
    <trkpt lat="42.424951" lon="-2.802823">
      <ele>539.9</ele>
    </trkpt>
    <trkpt lat="42.42484" lon="-2.802721">
      <ele>540.4</ele>
    </trkpt>
    <trkpt lat="42.424793" lon="-2.802677">
      <ele>540.6</ele>
    </trkpt>
    <trkpt lat="42.424595" lon="-2.802536">
      <ele>541.6</ele>
    </trkpt>
    <trkpt lat="42.424548" lon="-2.802533">
      <ele>541.8</ele>
    </trkpt>
    <trkpt lat="42.424594" lon="-2.802205">
      <ele>543.2</ele>
    </trkpt>
    <trkpt lat="42.424419" lon="-2.801502">
      <ele>546.3</ele>
    </trkpt>
    <trkpt lat="42.424318" lon="-2.801232">
      <ele>547.3</ele>
    </trkpt>
    <trkpt lat="42.424186" lon="-2.800935">
      <ele>548.5</ele>
    </trkpt>
    <trkpt lat="42.424095" lon="-2.800731">
      <ele>549.2</ele>
    </trkpt>
    <trkpt lat="42.424053" lon="-2.800619">
      <ele>549.6</ele>
    </trkpt>
    <trkpt lat="42.423834" lon="-2.799972">
      <ele>551.2</ele>
    </trkpt>
    <trkpt lat="42.42332" lon="-2.798703">
      <ele>550.7</ele>
    </trkpt>
    <trkpt lat="42.42328" lon="-2.798568">
      <ele>550.5</ele>
    </trkpt>
    <trkpt lat="42.423045" lon="-2.797494">
      <ele>548.4</ele>
    </trkpt>
    <trkpt lat="42.422674" lon="-2.795325">
      <ele>543.1</ele>
    </trkpt>
    <trkpt lat="42.422649" lon="-2.795195">
      <ele>542.9</ele>
    </trkpt>
    <trkpt lat="42.422607" lon="-2.794954">
      <ele>542.6</ele>
    </trkpt>
    <trkpt lat="42.422348" lon="-2.793509">
      <ele>542.1</ele>
    </trkpt>
    <trkpt lat="42.422241" lon="-2.79311">
      <ele>542.3</ele>
    </trkpt>
    <trkpt lat="42.422146" lon="-2.792851">
      <ele>542.5</ele>
    </trkpt>
    <trkpt lat="42.421477" lon="-2.790876">
      <ele>544</ele>
    </trkpt>
    <trkpt lat="42.420966" lon="-2.789672">
      <ele>545.1</ele>
    </trkpt>
    <trkpt lat="42.420806" lon="-2.789233">
      <ele>545</ele>
    </trkpt>
    <trkpt lat="42.420744" lon="-2.789047">
      <ele>544.9</ele>
    </trkpt>
    <trkpt lat="42.420722" lon="-2.78884">
      <ele>544.7</ele>
    </trkpt>
    <trkpt lat="42.420645" lon="-2.787018">
      <ele>541.1</ele>
    </trkpt>
    <trkpt lat="42.420524" lon="-2.785505">
      <ele>539.3</ele>
    </trkpt>
    <trkpt lat="42.420294" lon="-2.783694">
      <ele>542.1</ele>
    </trkpt>
    <trkpt lat="42.420228" lon="-2.783186">
      <ele>543.3</ele>
    </trkpt>
    <trkpt lat="42.420205" lon="-2.782566">
      <ele>544.8</ele>
    </trkpt>
    <trkpt lat="42.420209" lon="-2.780831">
      <ele>547.3</ele>
    </trkpt>
    <trkpt lat="42.419923" lon="-2.779597">
      <ele>547.7</ele>
    </trkpt>
    <trkpt lat="42.419801" lon="-2.778088">
      <ele>547</ele>
    </trkpt>
    <trkpt lat="42.41997" lon="-2.776911">
      <ele>545.6</ele>
    </trkpt>
    <trkpt lat="42.419998" lon="-2.776561">
      <ele>545.1</ele>
    </trkpt>
    <trkpt lat="42.420077" lon="-2.773907">
      <ele>540.5</ele>
    </trkpt>
    <trkpt lat="42.420112" lon="-2.773347">
      <ele>540.1</ele>
    </trkpt>
    <trkpt lat="42.419924" lon="-2.773544">
      <ele>540.1</ele>
    </trkpt>
    <trkpt lat="42.419685" lon="-2.773708">
      <ele>540.3</ele>
    </trkpt>
    <trkpt lat="42.419105" lon="-2.773809">
      <ele>541</ele>
    </trkpt>
    <trkpt lat="42.418839" lon="-2.77393">
      <ele>541.4</ele>
    </trkpt>
    <trkpt lat="42.418438" lon="-2.772332">
      <ele>543.5</ele>
    </trkpt>
    <trkpt lat="42.418416" lon="-2.772241">
      <ele>543.6</ele>
    </trkpt>
    <trkpt lat="42.418181" lon="-2.771437">
      <ele>545.1</ele>
    </trkpt>
    <trkpt lat="42.417946" lon="-2.77034">
      <ele>547.4</ele>
    </trkpt>
    <trkpt lat="42.417836" lon="-2.769462">
      <ele>548.3</ele>
    </trkpt>
    <trkpt lat="42.417762" lon="-2.768067">
      <ele>547.9</ele>
    </trkpt>
    <trkpt lat="42.417605" lon="-2.767003">
      <ele>546.4</ele>
    </trkpt>
    <trkpt lat="42.417522" lon="-2.766583">
      <ele>545.6</ele>
    </trkpt>
    <trkpt lat="42.417472" lon="-2.7658">
      <ele>543.8</ele>
    </trkpt>
    <trkpt lat="42.417343" lon="-2.764859">
      <ele>541.5</ele>
    </trkpt>
    <trkpt lat="42.417169" lon="-2.764095">
      <ele>539.7</ele>
    </trkpt>
    <trkpt lat="42.416797" lon="-2.762065">
      <ele>535.5</ele>
    </trkpt>
    <trkpt lat="42.416634" lon="-2.761312">
      <ele>533.5</ele>
    </trkpt>
    <trkpt lat="42.416505" lon="-2.760851">
      <ele>532.1</ele>
    </trkpt>
    <trkpt lat="42.416412" lon="-2.760213">
      <ele>529.8</ele>
    </trkpt>
    <trkpt lat="42.41632" lon="-2.759941">
      <ele>528.7</ele>
    </trkpt>
    <trkpt lat="42.41623" lon="-2.759771">
      <ele>527.9</ele>
    </trkpt>
    <trkpt lat="42.415975" lon="-2.759129">
      <ele>524.9</ele>
    </trkpt>
    <trkpt lat="42.416032" lon="-2.757321">
      <ele>517.6</ele>
    </trkpt>
    <trkpt lat="42.416086" lon="-2.756652">
      <ele>515.9</ele>
    </trkpt>
    <trkpt lat="42.416163" lon="-2.755779">
      <ele>514.9</ele>
    </trkpt>
    <trkpt lat="42.41618" lon="-2.755072">
      <ele>515.2</ele>
    </trkpt>
    <trkpt lat="42.41617" lon="-2.754897">
      <ele>515.4</ele>
    </trkpt>
    <trkpt lat="42.416117" lon="-2.754624">
      <ele>515.9</ele>
    </trkpt>
    <trkpt lat="42.416188" lon="-2.754116">
      <ele>517.2</ele>
    </trkpt>
    <trkpt lat="42.416255" lon="-2.753646">
      <ele>518.9</ele>
    </trkpt>
    <trkpt lat="42.416288" lon="-2.753413">
      <ele>519.9</ele>
    </trkpt>
    <trkpt lat="42.416323" lon="-2.752231">
      <ele>526.3</ele>
    </trkpt>
    <trkpt lat="42.416345" lon="-2.751787">
      <ele>529.1</ele>
    </trkpt>
    <trkpt lat="42.41629" lon="-2.751567">
      <ele>530.6</ele>
    </trkpt>
    <trkpt lat="42.415967" lon="-2.751167">
      <ele>534.2</ele>
    </trkpt>
    <trkpt lat="42.415655" lon="-2.750664">
      <ele>537.9</ele>
    </trkpt>
    <trkpt lat="42.415617" lon="-2.750548">
      <ele>538.6</ele>
    </trkpt>
    <trkpt lat="42.415376" lon="-2.749295">
      <ele>542.8</ele>
    </trkpt>
    <trkpt lat="42.41532" lon="-2.748394">
      <ele>543.4</ele>
    </trkpt>
    <trkpt lat="42.415279" lon="-2.748107">
      <ele>543.6</ele>
    </trkpt>
    <trkpt lat="42.415235" lon="-2.747994">
      <ele>543.7</ele>
    </trkpt>
    <trkpt lat="42.415181" lon="-2.74787">
      <ele>543.8</ele>
    </trkpt>
    <trkpt lat="42.415045" lon="-2.747626">
      <ele>544.2</ele>
    </trkpt>
    <trkpt lat="42.414974" lon="-2.747428">
      <ele>544.6</ele>
    </trkpt>
    <trkpt lat="42.414798" lon="-2.746777">
      <ele>546.9</ele>
    </trkpt>
    <trkpt lat="42.414739" lon="-2.746402">
      <ele>548.6</ele>
    </trkpt>
    <trkpt lat="42.414481" lon="-2.745749">
      <ele>551.5</ele>
    </trkpt>
    <trkpt lat="42.414445" lon="-2.745614">
      <ele>551.9</ele>
    </trkpt>
    <trkpt lat="42.414454" lon="-2.745519">
      <ele>552.1</ele>
    </trkpt>
    <trkpt lat="42.414483" lon="-2.745291">
      <ele>552.6</ele>
    </trkpt>
    <trkpt lat="42.414414" lon="-2.745069">
      <ele>553</ele>
    </trkpt>
    <trkpt lat="42.414335" lon="-2.744796">
      <ele>553</ele>
    </trkpt>
    <trkpt lat="42.414309" lon="-2.744508">
      <ele>552.6</ele>
    </trkpt>
    <trkpt lat="42.414309" lon="-2.743865">
      <ele>550.4</ele>
    </trkpt>
    <trkpt lat="42.414279" lon="-2.743635">
      <ele>549.4</ele>
    </trkpt>
    <trkpt lat="42.414233" lon="-2.74341">
      <ele>548.1</ele>
    </trkpt>
    <trkpt lat="42.414158" lon="-2.74326">
      <ele>547.1</ele>
    </trkpt>
    <trkpt lat="42.414061" lon="-2.743101">
      <ele>545.9</ele>
    </trkpt>
    <trkpt lat="42.414043" lon="-2.743005">
      <ele>545.3</ele>
    </trkpt>
    <trkpt lat="42.414051" lon="-2.742636">
      <ele>542.6</ele>
    </trkpt>
    <trkpt lat="42.414114" lon="-2.742353">
      <ele>540.2</ele>
    </trkpt>
    <trkpt lat="42.414238" lon="-2.742018">
      <ele>536.9</ele>
    </trkpt>
    <trkpt lat="42.414341" lon="-2.741787">
      <ele>534.4</ele>
    </trkpt>
    <trkpt lat="42.414559" lon="-2.741075">
      <ele>527.7</ele>
    </trkpt>
    <trkpt lat="42.414747" lon="-2.740657">
      <ele>523.8</ele>
    </trkpt>
    <trkpt lat="42.415435" lon="-2.739503">
      <ele>515.2</ele>
    </trkpt>
    <trkpt lat="42.415548" lon="-2.738602">
      <ele>511.4</ele>
    </trkpt>
    <trkpt lat="42.415606" lon="-2.738445">
      <ele>510.6</ele>
    </trkpt>
    <trkpt lat="42.415908" lon="-2.737704">
      <ele>506.5</ele>
    </trkpt>
    <trkpt lat="42.415948" lon="-2.737576">
      <ele>505.7</ele>
    </trkpt>
    <trkpt lat="42.415729" lon="-2.736191">
      <ele>497.7</ele>
    </trkpt>
    <trkpt lat="42.415724" lon="-2.735973">
      <ele>496.9</ele>
    </trkpt>
    <trkpt lat="42.415757" lon="-2.735724">
      <ele>496.1</ele>
    </trkpt>
    <trkpt lat="42.415816" lon="-2.735421">
      <ele>495.1</ele>
    </trkpt>
    <trkpt lat="42.415945" lon="-2.73541">
      <ele>494.6</ele>
    </trkpt>
    <trkpt lat="42.416061" lon="-2.735361">
      <ele>494.2</ele>
    </trkpt>
    <trkpt lat="42.416431" lon="-2.735259">
      <ele>493.1</ele>
    </trkpt>
    <trkpt lat="42.416653" lon="-2.73528">
      <ele>492.7</ele>
    </trkpt>
    <trkpt lat="42.416618" lon="-2.735043">
      <ele>492.5</ele>
    </trkpt>
    <trkpt lat="42.416573" lon="-2.73463">
      <ele>492.4</ele>
    </trkpt>
    <trkpt lat="42.416905" lon="-2.73458">
      <ele>492.2</ele>
    </trkpt>
    <trkpt lat="42.416902" lon="-2.734552">
      <ele>492.1</ele>
    </trkpt>
    <trkpt lat="42.416944" lon="-2.734543">
      <ele>492.1</ele>
    </trkpt>
    <trkpt lat="42.416948" lon="-2.734607">
      <ele>492</ele>
    </trkpt>
    <trkpt lat="42.417009" lon="-2.734599">
      <ele>491.9</ele>
    </trkpt>
    <trkpt lat="42.417013" lon="-2.734642">
      <ele>491.8</ele>
    </trkpt>
    <trkpt lat="42.417109" lon="-2.734629">
      <ele>491.6</ele>
    </trkpt>
    <trkpt lat="42.417105" lon="-2.734592">
      <ele>491.6</ele>
    </trkpt>
    <trkpt lat="42.417157" lon="-2.734585">
      <ele>491.5</ele>
    </trkpt>
    <trkpt lat="42.417186" lon="-2.734516">
      <ele>491.3</ele>
    </trkpt>
    <trkpt lat="42.417477" lon="-2.734399">
      <ele>490.6</ele>
    </trkpt>
    <trkpt lat="42.417786" lon="-2.734317">
      <ele>489.5</ele>
    </trkpt>
    <trkpt lat="42.417655" lon="-2.733602">
      <ele>488.1</ele>
    </trkpt>
    <trkpt lat="42.417586" lon="-2.733528">
      <ele>487.9</ele>
    </trkpt>
    <trkpt lat="42.417567" lon="-2.733485">
      <ele>487.9</ele>
    </trkpt>
    <trkpt lat="42.417485" lon="-2.733311">
      <ele>487.7</ele>
    </trkpt>
    <trkpt lat="42.417475" lon="-2.733226">
      <ele>487.6</ele>
    </trkpt>
    <trkpt lat="42.417338" lon="-2.732121">
      <ele>487</ele>
    </trkpt>
    <trkpt lat="42.417322" lon="-2.732012">
      <ele>487.1</ele>
    </trkpt>
    <trkpt lat="42.417134" lon="-2.731977">
      <ele>487.3</ele>
    </trkpt>
    <trkpt lat="42.417031" lon="-2.731933">
      <ele>487.6</ele>
    </trkpt>
    <trkpt lat="42.416605" lon="-2.731749">
      <ele>488.5</ele>
    </trkpt>
    <trkpt lat="42.416576" lon="-2.731726">
      <ele>488.6</ele>
    </trkpt>
    <trkpt lat="42.416531" lon="-2.731591">
      <ele>488.8</ele>
    </trkpt>
    <trkpt lat="42.416576" lon="-2.731479">
      <ele>489</ele>
    </trkpt>
    <trkpt lat="42.416691" lon="-2.731328">
      <ele>489.3</ele>
    </trkpt>
    <trkpt lat="42.416919" lon="-2.731113">
      <ele>489.8</ele>
    </trkpt>
    <trkpt lat="42.417073" lon="-2.730463">
      <ele>490.7</ele>
    </trkpt>
    <trkpt lat="42.4174" lon="-2.729832">
      <ele>492.1</ele>
    </trkpt>
    <trkpt lat="42.417689" lon="-2.729087">
      <ele>494.2</ele>
    </trkpt>
    <trkpt lat="42.417891" lon="-2.728504">
      <ele>496.2</ele>
    </trkpt>
    <trkpt lat="42.417968" lon="-2.728098">
      <ele>497.6</ele>
    </trkpt>
    <trkpt lat="42.418003" lon="-2.727933">
      <ele>498.2</ele>
    </trkpt>
    <trkpt lat="42.418021" lon="-2.727857">
      <ele>498.4</ele>
    </trkpt>
    <trkpt lat="42.418034" lon="-2.72777">
      <ele>498.7</ele>
    </trkpt>
    <trkpt lat="42.418099" lon="-2.727373">
      <ele>500.1</ele>
    </trkpt>
    <trkpt lat="42.418244" lon="-2.726596">
      <ele>502</ele>
    </trkpt>
    <trkpt lat="42.418369" lon="-2.725856">
      <ele>503</ele>
    </trkpt>
    <trkpt lat="42.418339" lon="-2.725614">
      <ele>503.2</ele>
    </trkpt>
    <trkpt lat="42.418292" lon="-2.725516">
      <ele>503.3</ele>
    </trkpt>
    <trkpt lat="42.418305" lon="-2.7254">
      <ele>503.4</ele>
    </trkpt>
    <trkpt lat="42.418291" lon="-2.725171">
      <ele>503.5</ele>
    </trkpt>
    <trkpt lat="42.418256" lon="-2.725062">
      <ele>503.6</ele>
    </trkpt>
    <trkpt lat="42.418219" lon="-2.724944">
      <ele>503.6</ele>
    </trkpt>
    <trkpt lat="42.418194" lon="-2.724855">
      <ele>503.6</ele>
    </trkpt>
    <trkpt lat="42.417844" lon="-2.72362">
      <ele>504</ele>
    </trkpt>
    <trkpt lat="42.417591" lon="-2.722735">
      <ele>505</ele>
    </trkpt>
    <trkpt lat="42.417944" lon="-2.722747">
      <ele>505.6</ele>
    </trkpt>
    <trkpt lat="42.418438" lon="-2.722762">
      <ele>506.4</ele>
    </trkpt>
    <trkpt lat="42.418475" lon="-2.722764">
      <ele>506.5</ele>
    </trkpt>
    <trkpt lat="42.418483" lon="-2.722674">
      <ele>506.6</ele>
    </trkpt>
    <trkpt lat="42.418567" lon="-2.721747">
      <ele>507.7</ele>
    </trkpt>
    <trkpt lat="42.418573" lon="-2.721685">
      <ele>507.7</ele>
    </trkpt>
    <trkpt lat="42.4186" lon="-2.721293">
      <ele>507.7</ele>
    </trkpt>
    <trkpt lat="42.418597" lon="-2.721201">
      <ele>507.7</ele>
    </trkpt>
    <trkpt lat="42.418591" lon="-2.720821">
      <ele>507.7</ele>
    </trkpt>
    <trkpt lat="42.418524" lon="-2.719897">
      <ele>507.8</ele>
    </trkpt>
    <trkpt lat="42.418462" lon="-2.719183">
      <ele>508.2</ele>
    </trkpt>
    <trkpt lat="42.418417" lon="-2.718961">
      <ele>508.4</ele>
    </trkpt>
    <trkpt lat="42.41832" lon="-2.718647">
      <ele>508.7</ele>
    </trkpt>
    <trkpt lat="42.417995" lon="-2.71783">
      <ele>510.3</ele>
    </trkpt>
    <trkpt lat="42.417938" lon="-2.717285">
      <ele>511.4</ele>
    </trkpt>
    <trkpt lat="42.417873" lon="-2.716925">
      <ele>512.1</ele>
    </trkpt>
    <trkpt lat="42.417783" lon="-2.716611">
      <ele>512.8</ele>
    </trkpt>
    <trkpt lat="42.417581" lon="-2.716065">
      <ele>514</ele>
    </trkpt>
    <trkpt lat="42.417576" lon="-2.715873">
      <ele>514.3</ele>
    </trkpt>
    <trkpt lat="42.417625" lon="-2.715664">
      <ele>514.6</ele>
    </trkpt>
    <trkpt lat="42.417659" lon="-2.715562">
      <ele>514.8</ele>
    </trkpt>
    <trkpt lat="42.41772" lon="-2.715382">
      <ele>515.1</ele>
    </trkpt>
    <trkpt lat="42.41722" lon="-2.714915">
      <ele>516.2</ele>
    </trkpt>
    <trkpt lat="42.417167" lon="-2.714777">
      <ele>516.4</ele>
    </trkpt>
    <trkpt lat="42.417003" lon="-2.714183">
      <ele>517.2</ele>
    </trkpt>
    <trkpt lat="42.416641" lon="-2.712639">
      <ele>519.6</ele>
    </trkpt>
    <trkpt lat="42.416536" lon="-2.712085">
      <ele>520.6</ele>
    </trkpt>
    <trkpt lat="42.416373" lon="-2.710963">
      <ele>523</ele>
    </trkpt>
    <trkpt lat="42.416211" lon="-2.710172">
      <ele>524.6</ele>
    </trkpt>
    <trkpt lat="42.41612" lon="-2.710037">
      <ele>524.9</ele>
    </trkpt>
    <trkpt lat="42.416103" lon="-2.710013">
      <ele>525</ele>
    </trkpt>
    <trkpt lat="42.416072" lon="-2.709966">
      <ele>525.1</ele>
    </trkpt>
    <trkpt lat="42.416063" lon="-2.70989">
      <ele>525.2</ele>
    </trkpt>
    <trkpt lat="42.416109" lon="-2.709484">
      <ele>525.8</ele>
    </trkpt>
    <trkpt lat="42.416061" lon="-2.709081">
      <ele>526.3</ele>
    </trkpt>
    <trkpt lat="42.415841" lon="-2.707289">
      <ele>527</ele>
    </trkpt>
    <trkpt lat="42.415833" lon="-2.70657">
      <ele>526.9</ele>
    </trkpt>
    <trkpt lat="42.41569" lon="-2.704734">
      <ele>526.2</ele>
    </trkpt>
    <trkpt lat="42.415496" lon="-2.70341">
      <ele>526.2</ele>
    </trkpt>
    <trkpt lat="42.415495" lon="-2.703295">
      <ele>526.2</ele>
    </trkpt>
    <trkpt lat="42.415408" lon="-2.702733">
      <ele>526.5</ele>
    </trkpt>
    <trkpt lat="42.415371" lon="-2.702524">
      <ele>526.6</ele>
    </trkpt>
    <trkpt lat="42.415601" lon="-2.701373">
      <ele>527.8</ele>
    </trkpt>
    <trkpt lat="42.415692" lon="-2.700329">
      <ele>528.6</ele>
    </trkpt>
    <trkpt lat="42.415728" lon="-2.700244">
      <ele>528.7</ele>
    </trkpt>
    <trkpt lat="42.415845" lon="-2.700152">
      <ele>528.9</ele>
    </trkpt>
    <trkpt lat="42.41613" lon="-2.699905">
      <ele>529.3</ele>
    </trkpt>
    <trkpt lat="42.416158" lon="-2.699822">
      <ele>529.4</ele>
    </trkpt>
    <trkpt lat="42.416137" lon="-2.699709">
      <ele>529.5</ele>
    </trkpt>
    <trkpt lat="42.415811" lon="-2.699556">
      <ele>530</ele>
    </trkpt>
    <trkpt lat="42.415602" lon="-2.699512">
      <ele>530.3</ele>
    </trkpt>
    <trkpt lat="42.415355" lon="-2.699406">
      <ele>530.7</ele>
    </trkpt>
    <trkpt lat="42.41494" lon="-2.699095">
      <ele>531.7</ele>
    </trkpt>
    <trkpt lat="42.41461" lon="-2.698852">
      <ele>532.5</ele>
    </trkpt>
    <trkpt lat="42.414319" lon="-2.698546">
      <ele>533.3</ele>
    </trkpt>
    <trkpt lat="42.414336" lon="-2.698502">
      <ele>533.4</ele>
    </trkpt>
    <trkpt lat="42.414414" lon="-2.698312">
      <ele>533.7</ele>
    </trkpt>
    <trkpt lat="42.41446" lon="-2.698192">
      <ele>533.9</ele>
    </trkpt>
    <trkpt lat="42.414343" lon="-2.697963">
      <ele>534.3</ele>
    </trkpt>
    <trkpt lat="42.414126" lon="-2.697277">
      <ele>535.4</ele>
    </trkpt>
    <trkpt lat="42.414097" lon="-2.697049">
      <ele>535.8</ele>
    </trkpt>
    <trkpt lat="42.414121" lon="-2.69673">
      <ele>536.4</ele>
    </trkpt>
    <trkpt lat="42.414168" lon="-2.696468">
      <ele>536.9</ele>
    </trkpt>
    <trkpt lat="42.414232" lon="-2.69626">
      <ele>537.4</ele>
    </trkpt>
    <trkpt lat="42.414242" lon="-2.696172">
      <ele>537.6</ele>
    </trkpt>
    <trkpt lat="42.414121" lon="-2.695232">
      <ele>539.7</ele>
    </trkpt>
    <trkpt lat="42.414079" lon="-2.695052">
      <ele>540.2</ele>
    </trkpt>
    <trkpt lat="42.41412" lon="-2.695">
      <ele>540.4</ele>
    </trkpt>
    <trkpt lat="42.414164" lon="-2.694904">
      <ele>540.7</ele>
    </trkpt>
    <trkpt lat="42.413827" lon="-2.694394">
      <ele>542.7</ele>
    </trkpt>
    <trkpt lat="42.413584" lon="-2.693975">
      <ele>544.4</ele>
    </trkpt>
    <trkpt lat="42.413513" lon="-2.693604">
      <ele>545.7</ele>
    </trkpt>
    <trkpt lat="42.413255" lon="-2.692252">
      <ele>550.2</ele>
    </trkpt>
    <trkpt lat="42.413231" lon="-2.691962">
      <ele>551</ele>
    </trkpt>
    <trkpt lat="42.413233" lon="-2.691321">
      <ele>552.5</ele>
    </trkpt>
    <trkpt lat="42.413248" lon="-2.691108">
      <ele>552.9</ele>
    </trkpt>
    <trkpt lat="42.413331" lon="-2.690623">
      <ele>553.7</ele>
    </trkpt>
    <trkpt lat="42.413412" lon="-2.689242">
      <ele>555</ele>
    </trkpt>
    <trkpt lat="42.413419" lon="-2.688846">
      <ele>555.3</ele>
    </trkpt>
    <trkpt lat="42.413331" lon="-2.68782">
      <ele>556.4</ele>
    </trkpt>
    <trkpt lat="42.413334" lon="-2.687267">
      <ele>557.3</ele>
    </trkpt>
    <trkpt lat="42.413373" lon="-2.686949">
      <ele>557.9</ele>
    </trkpt>
    <trkpt lat="42.413415" lon="-2.686586">
      <ele>558.8</ele>
    </trkpt>
    <trkpt lat="42.41343" lon="-2.686344">
      <ele>559.3</ele>
    </trkpt>
    <trkpt lat="42.413542" lon="-2.686015">
      <ele>560.3</ele>
    </trkpt>
    <trkpt lat="42.413642" lon="-2.685328">
      <ele>562.2</ele>
    </trkpt>
    <trkpt lat="42.413697" lon="-2.685095">
      <ele>562.9</ele>
    </trkpt>
    <trkpt lat="42.414087" lon="-2.683732">
      <ele>566.6</ele>
    </trkpt>
    <trkpt lat="42.414246" lon="-2.683318">
      <ele>567.7</ele>
    </trkpt>
    <trkpt lat="42.414312" lon="-2.682749">
      <ele>569.1</ele>
    </trkpt>
    <trkpt lat="42.414342" lon="-2.682025">
      <ele>570.8</ele>
    </trkpt>
    <trkpt lat="42.414447" lon="-2.680702">
      <ele>574.9</ele>
    </trkpt>
    <trkpt lat="42.414682" lon="-2.679889">
      <ele>578.2</ele>
    </trkpt>
    <trkpt lat="42.414828" lon="-2.679216">
      <ele>580.5</ele>
    </trkpt>
    <trkpt lat="42.414889" lon="-2.678749">
      <ele>581.6</ele>
    </trkpt>
    <trkpt lat="42.414994" lon="-2.678244">
      <ele>582.2</ele>
    </trkpt>
    <trkpt lat="42.414951" lon="-2.677605">
      <ele>581.9</ele>
    </trkpt>
    <trkpt lat="42.414919" lon="-2.677447">
      <ele>581.6</ele>
    </trkpt>
    <trkpt lat="42.414823" lon="-2.677284">
      <ele>581.2</ele>
    </trkpt>
    <trkpt lat="42.41466" lon="-2.676839">
      <ele>580.1</ele>
    </trkpt>
    <trkpt lat="42.413919" lon="-2.67549">
      <ele>576.1</ele>
    </trkpt>
    <trkpt lat="42.413878" lon="-2.675281">
      <ele>575.7</ele>
    </trkpt>
    <trkpt lat="42.413635" lon="-2.67453">
      <ele>574.6</ele>
    </trkpt>
    <trkpt lat="42.413616" lon="-2.674398">
      <ele>574.5</ele>
    </trkpt>
    <trkpt lat="42.413637" lon="-2.673824">
      <ele>574.6</ele>
    </trkpt>
    <trkpt lat="42.413586" lon="-2.673503">
      <ele>575.1</ele>
    </trkpt>
    <trkpt lat="42.413451" lon="-2.673068">
      <ele>576.1</ele>
    </trkpt>
    <trkpt lat="42.413383" lon="-2.67272">
      <ele>577.2</ele>
    </trkpt>
    <trkpt lat="42.413386" lon="-2.672271">
      <ele>578.8</ele>
    </trkpt>
    <trkpt lat="42.413241" lon="-2.671333">
      <ele>582.9</ele>
    </trkpt>
    <trkpt lat="42.412788" lon="-2.669965">
      <ele>588.2</ele>
    </trkpt>
    <trkpt lat="42.41242" lon="-2.668641">
      <ele>591.3</ele>
    </trkpt>
    <trkpt lat="42.412189" lon="-2.667664">
      <ele>593.2</ele>
    </trkpt>
    <trkpt lat="42.412079" lon="-2.666944">
      <ele>594.7</ele>
    </trkpt>
    <trkpt lat="42.411795" lon="-2.665477">
      <ele>598.3</ele>
    </trkpt>
    <trkpt lat="42.411698" lon="-2.664544">
      <ele>601.1</ele>
    </trkpt>
    <trkpt lat="42.411677" lon="-2.664053">
      <ele>602.5</ele>
    </trkpt>
    <trkpt lat="42.411631" lon="-2.663915">
      <ele>602.9</ele>
    </trkpt>
    <trkpt lat="42.411483" lon="-2.663629">
      <ele>603.8</ele>
    </trkpt>
    <trkpt lat="42.41143" lon="-2.663425">
      <ele>604.2</ele>
    </trkpt>
    <trkpt lat="42.411352" lon="-2.662599">
      <ele>605.6</ele>
    </trkpt>
    <trkpt lat="42.411404" lon="-2.662416">
      <ele>605.8</ele>
    </trkpt>
    <trkpt lat="42.411423" lon="-2.662124">
      <ele>606.1</ele>
    </trkpt>
    <trkpt lat="42.411407" lon="-2.661296">
      <ele>606.9</ele>
    </trkpt>
    <trkpt lat="42.411325" lon="-2.660454">
      <ele>607.8</ele>
    </trkpt>
    <trkpt lat="42.411308" lon="-2.659917">
      <ele>608.6</ele>
    </trkpt>
    <trkpt lat="42.41092" lon="-2.657219">
      <ele>612.4</ele>
    </trkpt>
    <trkpt lat="42.410704" lon="-2.655223">
      <ele>614.9</ele>
    </trkpt>
    <trkpt lat="42.410663" lon="-2.654633">
      <ele>616</ele>
    </trkpt>
    <trkpt lat="42.410545" lon="-2.654648">
      <ele>616.3</ele>
    </trkpt>
    <trkpt lat="42.410573" lon="-2.652832">
      <ele>619.5</ele>
    </trkpt>
    <trkpt lat="42.410623" lon="-2.652053">
      <ele>620</ele>
    </trkpt>
    <trkpt lat="42.410675" lon="-2.651772">
      <ele>620.2</ele>
    </trkpt>
    <trkpt lat="42.410774" lon="-2.651418">
      <ele>620.4</ele>
    </trkpt>
    <trkpt lat="42.410943" lon="-2.651015">
      <ele>620.8</ele>
    </trkpt>
    <trkpt lat="42.411152" lon="-2.650668">
      <ele>621.4</ele>
    </trkpt>
    <trkpt lat="42.411517" lon="-2.650274">
      <ele>622.4</ele>
    </trkpt>
    <trkpt lat="42.411767" lon="-2.650083">
      <ele>623.5</ele>
    </trkpt>
    <trkpt lat="42.412014" lon="-2.649971">
      <ele>624.6</ele>
    </trkpt>
    <trkpt lat="42.412346" lon="-2.649867">
      <ele>626</ele>
    </trkpt>
    <trkpt lat="42.413011" lon="-2.649708">
      <ele>628.8</ele>
    </trkpt>
    <trkpt lat="42.413786" lon="-2.649406">
      <ele>632.3</ele>
    </trkpt>
    <trkpt lat="42.414509" lon="-2.648854">
      <ele>635.2</ele>
    </trkpt>
    <trkpt lat="42.414718" lon="-2.648652">
      <ele>636.1</ele>
    </trkpt>
    <trkpt lat="42.414894" lon="-2.648432">
      <ele>636.9</ele>
    </trkpt>
    <trkpt lat="42.415218" lon="-2.647957">
      <ele>638.4</ele>
    </trkpt>
    <trkpt lat="42.415413" lon="-2.647604">
      <ele>639.2</ele>
    </trkpt>
    <trkpt lat="42.415679" lon="-2.647041">
      <ele>640.4</ele>
    </trkpt>
    <trkpt lat="42.416189" lon="-2.64593">
      <ele>642.7</ele>
    </trkpt>
    <trkpt lat="42.41631" lon="-2.645663">
      <ele>643.4</ele>
    </trkpt>
    <trkpt lat="42.416337" lon="-2.645615">
      <ele>643.5</ele>
    </trkpt>
    <trkpt lat="42.416956" lon="-2.644263">
      <ele>647.9</ele>
    </trkpt>
    <trkpt lat="42.417116" lon="-2.64391">
      <ele>648.9</ele>
    </trkpt>
    <trkpt lat="42.417346" lon="-2.643337">
      <ele>650</ele>
    </trkpt>
    <trkpt lat="42.417551" lon="-2.642638">
      <ele>650.3</ele>
    </trkpt>
    <trkpt lat="42.417696" lon="-2.641632">
      <ele>648.7</ele>
    </trkpt>
    <trkpt lat="42.417686" lon="-2.640686">
      <ele>645.8</ele>
    </trkpt>
    <trkpt lat="42.41758" lon="-2.63999">
      <ele>643</ele>
    </trkpt>
    <trkpt lat="42.417402" lon="-2.639321">
      <ele>640</ele>
    </trkpt>
    <trkpt lat="42.416704" lon="-2.637359">
      <ele>631.7</ele>
    </trkpt>
    <trkpt lat="42.414951" lon="-2.633335">
      <ele>620</ele>
    </trkpt>
    <trkpt lat="42.413347" lon="-2.629699">
      <ele>613.2</ele>
    </trkpt>
    <trkpt lat="42.413149" lon="-2.629415">
      <ele>613</ele>
    </trkpt>
    <trkpt lat="42.413001" lon="-2.629303">
      <ele>612.9</ele>
    </trkpt>
    <trkpt lat="42.412589" lon="-2.62911">
      <ele>612.8</ele>
    </trkpt>
    <trkpt lat="42.412492" lon="-2.629027">
      <ele>612.9</ele>
    </trkpt>
    <trkpt lat="42.412393" lon="-2.62889">
      <ele>612.9</ele>
    </trkpt>
    <trkpt lat="42.412315" lon="-2.628664">
      <ele>612.9</ele>
    </trkpt>
    <trkpt lat="42.412263" lon="-2.628323">
      <ele>612.9</ele>
    </trkpt>
    <trkpt lat="42.412196" lon="-2.628151">
      <ele>612.9</ele>
    </trkpt>
    <trkpt lat="42.412162" lon="-2.6281">
      <ele>612.8</ele>
    </trkpt>
    <trkpt lat="42.411825" lon="-2.628055">
      <ele>612.6</ele>
    </trkpt>
    <trkpt lat="42.411788" lon="-2.62805">
      <ele>612.5</ele>
    </trkpt>
    <trkpt lat="42.411769" lon="-2.627916">
      <ele>612.4</ele>
    </trkpt>
    <trkpt lat="42.411734" lon="-2.62772">
      <ele>612.2</ele>
    </trkpt>
    <trkpt lat="42.411741" lon="-2.627354">
      <ele>611.7</ele>
    </trkpt>
    <trkpt lat="42.41178" lon="-2.626581">
      <ele>610.5</ele>
    </trkpt>
    <trkpt lat="42.411892" lon="-2.624546">
      <ele>606.7</ele>
    </trkpt>
    <trkpt lat="42.41199" lon="-2.623377">
      <ele>605.3</ele>
    </trkpt>
    <trkpt lat="42.411974" lon="-2.622798">
      <ele>604.8</ele>
    </trkpt>
    <trkpt lat="42.411998" lon="-2.622597">
      <ele>604.6</ele>
    </trkpt>
    <trkpt lat="42.412089" lon="-2.622421">
      <ele>604.4</ele>
    </trkpt>
    <trkpt lat="42.412108" lon="-2.622238">
      <ele>604.3</ele>
    </trkpt>
    <trkpt lat="42.41206" lon="-2.621846">
      <ele>603.9</ele>
    </trkpt>
    <trkpt lat="42.412045" lon="-2.621191">
      <ele>603.2</ele>
    </trkpt>
    <trkpt lat="42.412106" lon="-2.620069">
      <ele>601.2</ele>
    </trkpt>
    <trkpt lat="42.412126" lon="-2.618772">
      <ele>599</ele>
    </trkpt>
    <trkpt lat="42.412194" lon="-2.614148">
      <ele>593.5</ele>
    </trkpt>
    <trkpt lat="42.412234" lon="-2.613093">
      <ele>591.5</ele>
    </trkpt>
    <trkpt lat="42.412296" lon="-2.612504">
      <ele>590.3</ele>
    </trkpt>
    <trkpt lat="42.412419" lon="-2.611696">
      <ele>588.6</ele>
    </trkpt>
    <trkpt lat="42.412578" lon="-2.610827">
      <ele>586.6</ele>
    </trkpt>
    <trkpt lat="42.412721" lon="-2.610161">
      <ele>584.9</ele>
    </trkpt>
    <trkpt lat="42.41288" lon="-2.609547">
      <ele>583.2</ele>
    </trkpt>
    <trkpt lat="42.413123" lon="-2.608711">
      <ele>580.9</ele>
    </trkpt>
    <trkpt lat="42.41327" lon="-2.608287">
      <ele>579.9</ele>
    </trkpt>
    <trkpt lat="42.413844" lon="-2.606706">
      <ele>577.3</ele>
    </trkpt>
    <trkpt lat="42.414506" lon="-2.604875">
      <ele>574.2</ele>
    </trkpt>
    <trkpt lat="42.41491" lon="-2.603704">
      <ele>572</ele>
    </trkpt>
    <trkpt lat="42.415462" lon="-2.602217">
      <ele>569.6</ele>
    </trkpt>
    <trkpt lat="42.415792" lon="-2.601279">
      <ele>568.3</ele>
    </trkpt>
    <trkpt lat="42.416125" lon="-2.600418">
      <ele>566.8</ele>
    </trkpt>
    <trkpt lat="42.416716" lon="-2.599182">
      <ele>563.9</ele>
    </trkpt>
    <trkpt lat="42.417136" lon="-2.598238">
      <ele>563.5</ele>
    </trkpt>
    <trkpt lat="42.416969" lon="-2.598045">
      <ele>563.7</ele>
    </trkpt>
    <trkpt lat="42.416882" lon="-2.598007">
      <ele>563.8</ele>
    </trkpt>
    <trkpt lat="42.416668" lon="-2.598077">
      <ele>564.1</ele>
    </trkpt>
    <trkpt lat="42.416516" lon="-2.598155">
      <ele>564.3</ele>
    </trkpt>
    <trkpt lat="42.41641" lon="-2.597669">
      <ele>565</ele>
    </trkpt>
    <trkpt lat="42.416092" lon="-2.596632">
      <ele>566.1</ele>
    </trkpt>
    <trkpt lat="42.416019" lon="-2.596486">
      <ele>566.3</ele>
    </trkpt>
    <trkpt lat="42.415717" lon="-2.595829">
      <ele>567.3</ele>
    </trkpt>
    <trkpt lat="42.415407" lon="-2.595446">
      <ele>568.7</ele>
    </trkpt>
    <trkpt lat="42.415204" lon="-2.595131">
      <ele>570.1</ele>
    </trkpt>
    <trkpt lat="42.415155" lon="-2.595054">
      <ele>570.5</ele>
    </trkpt>
    <trkpt lat="42.414856" lon="-2.594615">
      <ele>573</ele>
    </trkpt>
    <trkpt lat="42.414795" lon="-2.594475">
      <ele>573.7</ele>
    </trkpt>
    <trkpt lat="42.414655" lon="-2.594046">
      <ele>575.6</ele>
    </trkpt>
    <trkpt lat="42.414648" lon="-2.59391">
      <ele>576.1</ele>
    </trkpt>
    <trkpt lat="42.414679" lon="-2.593001">
      <ele>578.1</ele>
    </trkpt>
    <trkpt lat="42.414812" lon="-2.59243">
      <ele>578.5</ele>
    </trkpt>
    <trkpt lat="42.414887" lon="-2.592118">
      <ele>578.4</ele>
    </trkpt>
    <trkpt lat="42.415024" lon="-2.590533">
      <ele>575.5</ele>
    </trkpt>
    <trkpt lat="42.415061" lon="-2.589712">
      <ele>573.8</ele>
    </trkpt>
    <trkpt lat="42.415187" lon="-2.58885">
      <ele>572</ele>
    </trkpt>
    <trkpt lat="42.41504" lon="-2.587737">
      <ele>569.7</ele>
    </trkpt>
    <trkpt lat="42.415069" lon="-2.587676">
      <ele>569.6</ele>
    </trkpt>
    <trkpt lat="42.415124" lon="-2.587643">
      <ele>569.4</ele>
    </trkpt>
    <trkpt lat="42.415893" lon="-2.587318">
      <ele>566.7</ele>
    </trkpt>
    <trkpt lat="42.416237" lon="-2.587108">
      <ele>565.2</ele>
    </trkpt>
    <trkpt lat="42.41658" lon="-2.586756">
      <ele>563.5</ele>
    </trkpt>
    <trkpt lat="42.416858" lon="-2.586362">
      <ele>561.8</ele>
    </trkpt>
    <trkpt lat="42.41806" lon="-2.585169">
      <ele>555.4</ele>
    </trkpt>
    <trkpt lat="42.418068" lon="-2.585161">
      <ele>555.4</ele>
    </trkpt>
    <trkpt lat="42.418134" lon="-2.585103">
      <ele>555</ele>
    </trkpt>
    <trkpt lat="42.418647" lon="-2.58465">
      <ele>552.6</ele>
    </trkpt>
    <trkpt lat="42.418777" lon="-2.584522">
      <ele>552</ele>
    </trkpt>
    <trkpt lat="42.419004" lon="-2.584158">
      <ele>550.8</ele>
    </trkpt>
    <trkpt lat="42.419079" lon="-2.58396">
      <ele>550.2</ele>
    </trkpt>
    <trkpt lat="42.419183" lon="-2.583785">
      <ele>549.6</ele>
    </trkpt>
    <trkpt lat="42.419449" lon="-2.583453">
      <ele>548.4</ele>
    </trkpt>
    <trkpt lat="42.419586" lon="-2.582979">
      <ele>547.2</ele>
    </trkpt>
    <trkpt lat="42.419657" lon="-2.582862">
      <ele>546.8</ele>
    </trkpt>
    <trkpt lat="42.419806" lon="-2.582722">
      <ele>546.2</ele>
    </trkpt>
    <trkpt lat="42.420563" lon="-2.582151">
      <ele>543.2</ele>
    </trkpt>
    <trkpt lat="42.421032" lon="-2.581592">
      <ele>540.8</ele>
    </trkpt>
    <trkpt lat="42.42136" lon="-2.581091">
      <ele>538.7</ele>
    </trkpt>
    <trkpt lat="42.421454" lon="-2.580881">
      <ele>538</ele>
    </trkpt>
    <trkpt lat="42.421604" lon="-2.580694">
      <ele>537.1</ele>
    </trkpt>
    <trkpt lat="42.421828" lon="-2.580392">
      <ele>535.9</ele>
    </trkpt>
    <trkpt lat="42.422258" lon="-2.579939">
      <ele>533.8</ele>
    </trkpt>
    <trkpt lat="42.422484" lon="-2.579763">
      <ele>532.8</ele>
    </trkpt>
    <trkpt lat="42.422934" lon="-2.579543">
      <ele>531</ele>
    </trkpt>
    <trkpt lat="42.423425" lon="-2.579096">
      <ele>528.7</ele>
    </trkpt>
    <trkpt lat="42.424221" lon="-2.578566">
      <ele>525.1</ele>
    </trkpt>
    <trkpt lat="42.424683" lon="-2.578279">
      <ele>523.1</ele>
    </trkpt>
    <trkpt lat="42.424865" lon="-2.578042">
      <ele>522.2</ele>
    </trkpt>
    <trkpt lat="42.425459" lon="-2.577502">
      <ele>519.7</ele>
    </trkpt>
    <trkpt lat="42.425765" lon="-2.57708">
      <ele>518.3</ele>
    </trkpt>
    <trkpt lat="42.425852" lon="-2.577059">
      <ele>518</ele>
    </trkpt>
    <trkpt lat="42.426615" lon="-2.575318">
      <ele>513.4</ele>
    </trkpt>
    <trkpt lat="42.427111" lon="-2.574235">
      <ele>510.8</ele>
    </trkpt>
    <trkpt lat="42.427286" lon="-2.573858">
      <ele>509.9</ele>
    </trkpt>
    <trkpt lat="42.427328" lon="-2.573813">
      <ele>509.7</ele>
    </trkpt>
    <trkpt lat="42.42737" lon="-2.573818">
      <ele>509.6</ele>
    </trkpt>
    <trkpt lat="42.427407" lon="-2.573822">
      <ele>509.5</ele>
    </trkpt>
    <trkpt lat="42.427493" lon="-2.573642">
      <ele>509.1</ele>
    </trkpt>
    <trkpt lat="42.42768" lon="-2.573253">
      <ele>508.4</ele>
    </trkpt>
    <trkpt lat="42.429127" lon="-2.570235">
      <ele>504.6</ele>
    </trkpt>
    <trkpt lat="42.429833" lon="-2.568722">
      <ele>503.6</ele>
    </trkpt>
    <trkpt lat="42.430104" lon="-2.568085">
      <ele>503.1</ele>
    </trkpt>
    <trkpt lat="42.430361" lon="-2.567556">
      <ele>502.4</ele>
    </trkpt>
    <trkpt lat="42.430974" lon="-2.566404">
      <ele>501.1</ele>
    </trkpt>
    <trkpt lat="42.430991" lon="-2.566171">
      <ele>501.1</ele>
    </trkpt>
    <trkpt lat="42.430991" lon="-2.56603">
      <ele>501.1</ele>
    </trkpt>
    <trkpt lat="42.431084" lon="-2.565905">
      <ele>501.2</ele>
    </trkpt>
    <trkpt lat="42.431098" lon="-2.565899">
      <ele>501.2</ele>
    </trkpt>
    <trkpt lat="42.431107" lon="-2.565798">
      <ele>501.2</ele>
    </trkpt>
    <trkpt lat="42.431501" lon="-2.565069">
      <ele>502.3</ele>
    </trkpt>
    <trkpt lat="42.43181" lon="-2.564498">
      <ele>503.6</ele>
    </trkpt>
    <trkpt lat="42.431842" lon="-2.564537">
      <ele>503.7</ele>
    </trkpt>
    <trkpt lat="42.432232" lon="-2.563807">
      <ele>504.8</ele>
    </trkpt>
    <trkpt lat="42.432335" lon="-2.563805">
      <ele>504.9</ele>
    </trkpt>
    <trkpt lat="42.432914" lon="-2.562699">
      <ele>504.9</ele>
    </trkpt>
    <trkpt lat="42.432972" lon="-2.562534">
      <ele>504.8</ele>
    </trkpt>
    <trkpt lat="42.433026" lon="-2.562253">
      <ele>504.8</ele>
    </trkpt>
    <trkpt lat="42.433038" lon="-2.561917">
      <ele>504.5</ele>
    </trkpt>
    <trkpt lat="42.432994" lon="-2.561568">
      <ele>503.9</ele>
    </trkpt>
    <trkpt lat="42.432789" lon="-2.560849">
      <ele>501.3</ele>
    </trkpt>
    <trkpt lat="42.432695" lon="-2.560537">
      <ele>499.8</ele>
    </trkpt>
    <trkpt lat="42.432403" lon="-2.559544">
      <ele>493.8</ele>
    </trkpt>
    <trkpt lat="42.432339" lon="-2.559324">
      <ele>492.5</ele>
    </trkpt>
    <trkpt lat="42.432805" lon="-2.559486">
      <ele>488.5</ele>
    </trkpt>
    <trkpt lat="42.432926" lon="-2.55947">
      <ele>487.4</ele>
    </trkpt>
    <trkpt lat="42.432909" lon="-2.559375">
      <ele>486.8</ele>
    </trkpt>
    <trkpt lat="42.432678" lon="-2.559311">
      <ele>484.9</ele>
    </trkpt>
    <trkpt lat="42.432608" lon="-2.559265">
      <ele>484.3</ele>
    </trkpt>
    <trkpt lat="42.432562" lon="-2.55916">
      <ele>483.6</ele>
    </trkpt>
    <trkpt lat="42.432572" lon="-2.559034">
      <ele>482.8</ele>
    </trkpt>
    <trkpt lat="42.432754" lon="-2.558692">
      <ele>480.4</ele>
    </trkpt>
    <trkpt lat="42.432857" lon="-2.5584">
      <ele>478.7</ele>
    </trkpt>
    <trkpt lat="42.433024" lon="-2.557771">
      <ele>475.3</ele>
    </trkpt>
    <trkpt lat="42.43369" lon="-2.555417">
      <ele>469.1</ele>
    </trkpt>
    <trkpt lat="42.433811" lon="-2.554929">
      <ele>468.6</ele>
    </trkpt>
    <trkpt lat="42.434032" lon="-2.554258">
      <ele>468.1</ele>
    </trkpt>
    <trkpt lat="42.434212" lon="-2.553597">
      <ele>467.8</ele>
    </trkpt>
    <trkpt lat="42.434532" lon="-2.552623">
      <ele>467.5</ele>
    </trkpt>
    <trkpt lat="42.43471" lon="-2.5519">
      <ele>467.2</ele>
    </trkpt>
    <trkpt lat="42.434909" lon="-2.551217">
      <ele>467</ele>
    </trkpt>
    <trkpt lat="42.434992" lon="-2.550926">
      <ele>466.9</ele>
    </trkpt>
    <trkpt lat="42.435055" lon="-2.550815">
      <ele>466.8</ele>
    </trkpt>
    <trkpt lat="42.435422" lon="-2.550361">
      <ele>466.7</ele>
    </trkpt>
    <trkpt lat="42.43589" lon="-2.549765">
      <ele>466.7</ele>
    </trkpt>
    <trkpt lat="42.435918" lon="-2.549674">
      <ele>466.7</ele>
    </trkpt>
    <trkpt lat="42.435917" lon="-2.549499">
      <ele>466.7</ele>
    </trkpt>
    <trkpt lat="42.435674" lon="-2.548972">
      <ele>467</ele>
    </trkpt>
    <trkpt lat="42.435585" lon="-2.548559">
      <ele>467.3</ele>
    </trkpt>
    <trkpt lat="42.43555" lon="-2.548354">
      <ele>467.5</ele>
    </trkpt>
    <trkpt lat="42.435547" lon="-2.548093">
      <ele>467.8</ele>
    </trkpt>
    <trkpt lat="42.435587" lon="-2.547928">
      <ele>467.9</ele>
    </trkpt>
    <trkpt lat="42.435682" lon="-2.547529">
      <ele>468.4</ele>
    </trkpt>
    <trkpt lat="42.435832" lon="-2.546416">
      <ele>469.6</ele>
    </trkpt>
    <trkpt lat="42.436052" lon="-2.545206">
      <ele>471.3</ele>
    </trkpt>
    <trkpt lat="42.436326" lon="-2.542873">
      <ele>477</ele>
    </trkpt>
    <trkpt lat="42.436427" lon="-2.542481">
      <ele>478.6</ele>
    </trkpt>
    <trkpt lat="42.436602" lon="-2.541774">
      <ele>481.9</ele>
    </trkpt>
    <trkpt lat="42.436623" lon="-2.541557">
      <ele>483</ele>
    </trkpt>
    <trkpt lat="42.436668" lon="-2.541092">
      <ele>485.3</ele>
    </trkpt>
    <trkpt lat="42.436733" lon="-2.540827">
      <ele>486.7</ele>
    </trkpt>
    <trkpt lat="42.436941" lon="-2.540358">
      <ele>489.2</ele>
    </trkpt>
    <trkpt lat="42.437336" lon="-2.539613">
      <ele>492.8</ele>
    </trkpt>
    <trkpt lat="42.437415" lon="-2.539459">
      <ele>493.3</ele>
    </trkpt>
    <trkpt lat="42.437596" lon="-2.538996">
      <ele>494.5</ele>
    </trkpt>
    <trkpt lat="42.437638" lon="-2.538825">
      <ele>494.8</ele>
    </trkpt>
    <trkpt lat="42.437796" lon="-2.537796">
      <ele>495.8</ele>
    </trkpt>
    <trkpt lat="42.437836" lon="-2.537602">
      <ele>495.9</ele>
    </trkpt>
    <trkpt lat="42.437945" lon="-2.537153">
      <ele>496.3</ele>
    </trkpt>
    <trkpt lat="42.438044" lon="-2.536833">
      <ele>496.6</ele>
    </trkpt>
    <trkpt lat="42.438251" lon="-2.536171">
      <ele>497.5</ele>
    </trkpt>
    <trkpt lat="42.438463" lon="-2.535587">
      <ele>498.7</ele>
    </trkpt>
    <trkpt lat="42.438518" lon="-2.535305">
      <ele>499.3</ele>
    </trkpt>
    <trkpt lat="42.438605" lon="-2.534661">
      <ele>500.4</ele>
    </trkpt>
    <trkpt lat="42.438626" lon="-2.534338">
      <ele>500.8</ele>
    </trkpt>
    <trkpt lat="42.43878" lon="-2.533424">
      <ele>501.7</ele>
    </trkpt>
    <trkpt lat="42.438861" lon="-2.532231">
      <ele>503.7</ele>
    </trkpt>
    <trkpt lat="42.438916" lon="-2.531922">
      <ele>504.3</ele>
    </trkpt>
    <trkpt lat="42.439094" lon="-2.531366">
      <ele>505.6</ele>
    </trkpt>
    <trkpt lat="42.439217" lon="-2.530874">
      <ele>506.6</ele>
    </trkpt>
    <trkpt lat="42.43936" lon="-2.530056">
      <ele>508.2</ele>
    </trkpt>
    <trkpt lat="42.43955" lon="-2.529125">
      <ele>509.9</ele>
    </trkpt>
    <trkpt lat="42.439566" lon="-2.528964">
      <ele>510.2</ele>
    </trkpt>
    <trkpt lat="42.439572" lon="-2.528731">
      <ele>510.8</ele>
    </trkpt>
    <trkpt lat="42.439712" lon="-2.527795">
      <ele>513.7</ele>
    </trkpt>
    <trkpt lat="42.439772" lon="-2.527191">
      <ele>515.4</ele>
    </trkpt>
    <trkpt lat="42.439783" lon="-2.526741">
      <ele>516.3</ele>
    </trkpt>
    <trkpt lat="42.439791" lon="-2.526616">
      <ele>516.5</ele>
    </trkpt>
    <trkpt lat="42.439907" lon="-2.524977">
      <ele>516.8</ele>
    </trkpt>
    <trkpt lat="42.439937" lon="-2.524755">
      <ele>516.3</ele>
    </trkpt>
    <trkpt lat="42.44007" lon="-2.524029">
      <ele>514.4</ele>
    </trkpt>
    <trkpt lat="42.440094" lon="-2.523912">
      <ele>514</ele>
    </trkpt>
    <trkpt lat="42.440035" lon="-2.523585">
      <ele>513</ele>
    </trkpt>
    <trkpt lat="42.439864" lon="-2.523168">
      <ele>511.4</ele>
    </trkpt>
    <trkpt lat="42.439739" lon="-2.522981">
      <ele>510.4</ele>
    </trkpt>
    <trkpt lat="42.439638" lon="-2.522829">
      <ele>509.5</ele>
    </trkpt>
    <trkpt lat="42.43949" lon="-2.522483">
      <ele>507.6</ele>
    </trkpt>
    <trkpt lat="42.439299" lon="-2.52182">
      <ele>504.1</ele>
    </trkpt>
    <trkpt lat="42.439141" lon="-2.52127">
      <ele>501.3</ele>
    </trkpt>
    <trkpt lat="42.438882" lon="-2.520851">
      <ele>498.6</ele>
    </trkpt>
    <trkpt lat="42.438583" lon="-2.520075">
      <ele>494.1</ele>
    </trkpt>
    <trkpt lat="42.438481" lon="-2.519887">
      <ele>493</ele>
    </trkpt>
    <trkpt lat="42.438297" lon="-2.519639">
      <ele>491.4</ele>
    </trkpt>
    <trkpt lat="42.438001" lon="-2.519042">
      <ele>488.4</ele>
    </trkpt>
    <trkpt lat="42.437815" lon="-2.518434">
      <ele>486</ele>
    </trkpt>
    <trkpt lat="42.437613" lon="-2.517876">
      <ele>484.3</ele>
    </trkpt>
    <trkpt lat="42.437261" lon="-2.517339">
      <ele>482.2</ele>
    </trkpt>
    <trkpt lat="42.436815" lon="-2.516746">
      <ele>478.5</ele>
    </trkpt>
    <trkpt lat="42.436749" lon="-2.516617">
      <ele>477.7</ele>
    </trkpt>
    <trkpt lat="42.436547" lon="-2.516337">
      <ele>475.2</ele>
    </trkpt>
    <trkpt lat="42.436542" lon="-2.516265">
      <ele>474.7</ele>
    </trkpt>
    <trkpt lat="42.436584" lon="-2.51615">
      <ele>473.8</ele>
    </trkpt>
    <trkpt lat="42.436789" lon="-2.515825">
      <ele>470.5</ele>
    </trkpt>
    <trkpt lat="42.437194" lon="-2.515489">
      <ele>465</ele>
    </trkpt>
    <trkpt lat="42.437329" lon="-2.515307">
      <ele>463</ele>
    </trkpt>
    <trkpt lat="42.4375" lon="-2.514922">
      <ele>460</ele>
    </trkpt>
    <trkpt lat="42.437744" lon="-2.514417">
      <ele>456.6</ele>
    </trkpt>
    <trkpt lat="42.437808" lon="-2.514372">
      <ele>456.2</ele>
    </trkpt>
    <trkpt lat="42.437916" lon="-2.514388">
      <ele>455.5</ele>
    </trkpt>
    <trkpt lat="42.438395" lon="-2.514689">
      <ele>452.8</ele>
    </trkpt>
    <trkpt lat="42.438827" lon="-2.515213">
      <ele>450.6</ele>
    </trkpt>
    <trkpt lat="42.438948" lon="-2.515295">
      <ele>450.2</ele>
    </trkpt>
    <trkpt lat="42.439086" lon="-2.515323">
      <ele>449.7</ele>
    </trkpt>
    <trkpt lat="42.4392" lon="-2.515318">
      <ele>449.3</ele>
    </trkpt>
    <trkpt lat="42.439333" lon="-2.515266">
      <ele>448.9</ele>
    </trkpt>
    <trkpt lat="42.439585" lon="-2.515063">
      <ele>448.1</ele>
    </trkpt>
    <trkpt lat="42.439791" lon="-2.514949">
      <ele>447.5</ele>
    </trkpt>
    <trkpt lat="42.439975" lon="-2.514906">
      <ele>447.1</ele>
    </trkpt>
    <trkpt lat="42.440607" lon="-2.514816">
      <ele>446.3</ele>
    </trkpt>
    <trkpt lat="42.44153" lon="-2.514796">
      <ele>445.2</ele>
    </trkpt>
    <trkpt lat="42.441556" lon="-2.51473">
      <ele>445.1</ele>
    </trkpt>
    <trkpt lat="42.44156" lon="-2.514623">
      <ele>445</ele>
    </trkpt>
    <trkpt lat="42.441408" lon="-2.51398">
      <ele>444.4</ele>
    </trkpt>
    <trkpt lat="42.441315" lon="-2.513735">
      <ele>444.2</ele>
    </trkpt>
    <trkpt lat="42.441369" lon="-2.513366">
      <ele>443.8</ele>
    </trkpt>
    <trkpt lat="42.441523" lon="-2.513389">
      <ele>443.7</ele>
    </trkpt>
    <trkpt lat="42.441751" lon="-2.513387">
      <ele>443.5</ele>
    </trkpt>
    <trkpt lat="42.442008" lon="-2.513247">
      <ele>443.2</ele>
    </trkpt>
    <trkpt lat="42.442166" lon="-2.513206">
      <ele>443.1</ele>
    </trkpt>
    <trkpt lat="42.442328" lon="-2.513208">
      <ele>442.9</ele>
    </trkpt>
    <trkpt lat="42.442675" lon="-2.513267">
      <ele>442.6</ele>
    </trkpt>
    <trkpt lat="42.442768" lon="-2.513283">
      <ele>442.5</ele>
    </trkpt>
    <trkpt lat="42.443246" lon="-2.513202">
      <ele>441.9</ele>
    </trkpt>
    <trkpt lat="42.443322" lon="-2.513149">
      <ele>441.8</ele>
    </trkpt>
    <trkpt lat="42.443657" lon="-2.512514">
      <ele>441.3</ele>
    </trkpt>
    <trkpt lat="42.443929" lon="-2.512093">
      <ele>441.3</ele>
    </trkpt>
    <trkpt lat="42.444008" lon="-2.512099">
      <ele>441.3</ele>
    </trkpt>
    <trkpt lat="42.444122" lon="-2.512186">
      <ele>441.4</ele>
    </trkpt>
    <trkpt lat="42.444309" lon="-2.512803">
      <ele>441.6</ele>
    </trkpt>
    <trkpt lat="42.444408" lon="-2.513228">
      <ele>441.7</ele>
    </trkpt>
    <trkpt lat="42.444459" lon="-2.513331">
      <ele>441.7</ele>
    </trkpt>
    <trkpt lat="42.444512" lon="-2.513383">
      <ele>441.7</ele>
    </trkpt>
    <trkpt lat="42.444612" lon="-2.513377">
      <ele>441.7</ele>
    </trkpt>
    <trkpt lat="42.444792" lon="-2.513285">
      <ele>441.7</ele>
    </trkpt>
    <trkpt lat="42.444913" lon="-2.513108">
      <ele>441.7</ele>
    </trkpt>
    <trkpt lat="42.444965" lon="-2.512863">
      <ele>441.6</ele>
    </trkpt>
    <trkpt lat="42.445027" lon="-2.512702">
      <ele>441.6</ele>
    </trkpt>
    <trkpt lat="42.445328" lon="-2.512125">
      <ele>441.3</ele>
    </trkpt>
    <trkpt lat="42.445661" lon="-2.511304">
      <ele>441.1</ele>
    </trkpt>
    <trkpt lat="42.446001" lon="-2.510851">
      <ele>440.8</ele>
    </trkpt>
    <trkpt lat="42.44616" lon="-2.510373">
      <ele>440.4</ele>
    </trkpt>
    <trkpt lat="42.44636" lon="-2.509972">
      <ele>440</ele>
    </trkpt>
    <trkpt lat="42.44656" lon="-2.509428">
      <ele>439.4</ele>
    </trkpt>
    <trkpt lat="42.446755" lon="-2.509108">
      <ele>439</ele>
    </trkpt>
    <trkpt lat="42.446985" lon="-2.508644">
      <ele>438.4</ele>
    </trkpt>
    <trkpt lat="42.447033" lon="-2.508516">
      <ele>438.3</ele>
    </trkpt>
    <trkpt lat="42.447121" lon="-2.508043">
      <ele>437.9</ele>
    </trkpt>
    <trkpt lat="42.447098" lon="-2.507778">
      <ele>437.7</ele>
    </trkpt>
    <trkpt lat="42.446724" lon="-2.506577">
      <ele>437.1</ele>
    </trkpt>
    <trkpt lat="42.446729" lon="-2.506413">
      <ele>437.2</ele>
    </trkpt>
    <trkpt lat="42.446694" lon="-2.505808">
      <ele>437.8</ele>
    </trkpt>
    <trkpt lat="42.446756" lon="-2.505277">
      <ele>438.3</ele>
    </trkpt>
    <trkpt lat="42.446873" lon="-2.505143">
      <ele>438.4</ele>
    </trkpt>
    <trkpt lat="42.447034" lon="-2.505041">
      <ele>438.5</ele>
    </trkpt>
    <trkpt lat="42.447154" lon="-2.504823">
      <ele>438.4</ele>
    </trkpt>
    <trkpt lat="42.447206" lon="-2.50451">
      <ele>438.4</ele>
    </trkpt>
    <trkpt lat="42.447204" lon="-2.504371">
      <ele>438.4</ele>
    </trkpt>
    <trkpt lat="42.447268" lon="-2.50427">
      <ele>438.3</ele>
    </trkpt>
    <trkpt lat="42.447259" lon="-2.504147">
      <ele>438.3</ele>
    </trkpt>
    <trkpt lat="42.44729" lon="-2.504004">
      <ele>438.1</ele>
    </trkpt>
    <trkpt lat="42.447282" lon="-2.503916">
      <ele>438</ele>
    </trkpt>
    <trkpt lat="42.447302" lon="-2.503901">
      <ele>438</ele>
    </trkpt>
    <trkpt lat="42.447415" lon="-2.503882">
      <ele>437.8</ele>
    </trkpt>
    <trkpt lat="42.447523" lon="-2.503797">
      <ele>437.5</ele>
    </trkpt>
    <trkpt lat="42.447599" lon="-2.503778">
      <ele>437.3</ele>
    </trkpt>
    <trkpt lat="42.447763" lon="-2.5038">
      <ele>436.9</ele>
    </trkpt>
    <trkpt lat="42.447966" lon="-2.5039">
      <ele>436.3</ele>
    </trkpt>
    <trkpt lat="42.448077" lon="-2.503825">
      <ele>436</ele>
    </trkpt>
    <trkpt lat="42.448142" lon="-2.503713">
      <ele>435.7</ele>
    </trkpt>
    <trkpt lat="42.448146" lon="-2.503498">
      <ele>435.4</ele>
    </trkpt>
    <trkpt lat="42.447125" lon="-2.500631">
      <ele>433.4</ele>
    </trkpt>
    <trkpt lat="42.44716" lon="-2.500534">
      <ele>433.2</ele>
    </trkpt>
    <trkpt lat="42.447283" lon="-2.500396">
      <ele>432.7</ele>
    </trkpt>
    <trkpt lat="42.447411" lon="-2.500304">
      <ele>432.3</ele>
    </trkpt>
    <trkpt lat="42.447636" lon="-2.499896">
      <ele>431.4</ele>
    </trkpt>
    <trkpt lat="42.447687" lon="-2.499853">
      <ele>431.2</ele>
    </trkpt>
    <trkpt lat="42.447796" lon="-2.499897">
      <ele>431</ele>
    </trkpt>
    <trkpt lat="42.447865" lon="-2.499917">
      <ele>430.8</ele>
    </trkpt>
    <trkpt lat="42.447872" lon="-2.499914">
      <ele>430.8</ele>
    </trkpt>
    <trkpt lat="42.447988" lon="-2.499875">
      <ele>430.5</ele>
    </trkpt>
    <trkpt lat="42.448104" lon="-2.499777">
      <ele>430.2</ele>
    </trkpt>
    <trkpt lat="42.448184" lon="-2.499628">
      <ele>429.9</ele>
    </trkpt>
    <trkpt lat="42.44824" lon="-2.499432">
      <ele>429.6</ele>
    </trkpt>
    <trkpt lat="42.448303" lon="-2.499213">
      <ele>429.3</ele>
    </trkpt>
    <trkpt lat="42.448378" lon="-2.499116">
      <ele>429.2</ele>
    </trkpt>
    <trkpt lat="42.44858" lon="-2.498969">
      <ele>428.9</ele>
    </trkpt>
    <trkpt lat="42.448676" lon="-2.498807">
      <ele>428.8</ele>
    </trkpt>
    <trkpt lat="42.448766" lon="-2.498604">
      <ele>428.8</ele>
    </trkpt>
    <trkpt lat="42.448769" lon="-2.498333">
      <ele>428.8</ele>
    </trkpt>
    <trkpt lat="42.448788" lon="-2.498272">
      <ele>428.8</ele>
    </trkpt>
    <trkpt lat="42.448886" lon="-2.498211">
      <ele>428.7</ele>
    </trkpt>
    <trkpt lat="42.449238" lon="-2.49823">
      <ele>428.3</ele>
    </trkpt>
    <trkpt lat="42.449445" lon="-2.498053">
      <ele>427.9</ele>
    </trkpt>
    <trkpt lat="42.449714" lon="-2.497844">
      <ele>427.3</ele>
    </trkpt>
    <trkpt lat="42.449719" lon="-2.497763">
      <ele>427.1</ele>
    </trkpt>
    <trkpt lat="42.449814" lon="-2.497578">
      <ele>426.7</ele>
    </trkpt>
    <trkpt lat="42.449838" lon="-2.4974">
      <ele>426.4</ele>
    </trkpt>
    <trkpt lat="42.44986" lon="-2.496608">
      <ele>424.7</ele>
    </trkpt>
    <trkpt lat="42.449917" lon="-2.496197">
      <ele>423.9</ele>
    </trkpt>
    <trkpt lat="42.449894" lon="-2.495143">
      <ele>421.9</ele>
    </trkpt>
    <trkpt lat="42.449925" lon="-2.494995">
      <ele>421.6</ele>
    </trkpt>
    <trkpt lat="42.450048" lon="-2.494701">
      <ele>421</ele>
    </trkpt>
    <trkpt lat="42.450167" lon="-2.494529">
      <ele>420.6</ele>
    </trkpt>
    <trkpt lat="42.450542" lon="-2.494207">
      <ele>419.6</ele>
    </trkpt>
    <trkpt lat="42.450826" lon="-2.493305">
      <ele>418.1</ele>
    </trkpt>
    <trkpt lat="42.451014" lon="-2.49252">
      <ele>417</ele>
    </trkpt>
    <trkpt lat="42.451279" lon="-2.49159">
      <ele>416</ele>
    </trkpt>
    <trkpt lat="42.451384" lon="-2.491222">
      <ele>415.6</ele>
    </trkpt>
    <trkpt lat="42.451635" lon="-2.490167">
      <ele>414.7</ele>
    </trkpt>
    <trkpt lat="42.452304" lon="-2.488426">
      <ele>413.1</ele>
    </trkpt>
    <trkpt lat="42.452921" lon="-2.486931">
      <ele>411.7</ele>
    </trkpt>
    <trkpt lat="42.452965" lon="-2.486745">
      <ele>411.6</ele>
    </trkpt>
    <trkpt lat="42.453092" lon="-2.485402">
      <ele>410.7</ele>
    </trkpt>
    <trkpt lat="42.453446" lon="-2.48316">
      <ele>409.7</ele>
    </trkpt>
    <trkpt lat="42.453822" lon="-2.481997">
      <ele>409.3</ele>
    </trkpt>
    <trkpt lat="42.454155" lon="-2.481156">
      <ele>409</ele>
    </trkpt>
    <trkpt lat="42.45477" lon="-2.47988">
      <ele>408.6</ele>
    </trkpt>
    <trkpt lat="42.454909" lon="-2.47961">
      <ele>408.4</ele>
    </trkpt>
    <trkpt lat="42.454941" lon="-2.479493">
      <ele>408.3</ele>
    </trkpt>
    <trkpt lat="42.454978" lon="-2.479085">
      <ele>408.1</ele>
    </trkpt>
    <trkpt lat="42.455224" lon="-2.477703">
      <ele>408.1</ele>
    </trkpt>
    <trkpt lat="42.455307" lon="-2.477501">
      <ele>408.2</ele>
    </trkpt>
    <trkpt lat="42.455333" lon="-2.477447">
      <ele>408.2</ele>
    </trkpt>
    <trkpt lat="42.455419" lon="-2.477405">
      <ele>408.2</ele>
    </trkpt>
    <trkpt lat="42.455675" lon="-2.477453">
      <ele>408.4</ele>
    </trkpt>
    <trkpt lat="42.45574" lon="-2.477445">
      <ele>408.4</ele>
    </trkpt>
    <trkpt lat="42.455792" lon="-2.477308">
      <ele>408.5</ele>
    </trkpt>
    <trkpt lat="42.455919" lon="-2.476813">
      <ele>408.7</ele>
    </trkpt>
    <trkpt lat="42.456049" lon="-2.475999">
      <ele>409.1</ele>
    </trkpt>
    <trkpt lat="42.456106" lon="-2.475512">
      <ele>409</ele>
    </trkpt>
    <trkpt lat="42.456235" lon="-2.475211">
      <ele>408.9</ele>
    </trkpt>
    <trkpt lat="42.456361" lon="-2.474858">
      <ele>408.8</ele>
    </trkpt>
    <trkpt lat="42.456395" lon="-2.474703">
      <ele>408.8</ele>
    </trkpt>
    <trkpt lat="42.456429" lon="-2.474112">
      <ele>408.9</ele>
    </trkpt>
    <trkpt lat="42.456475" lon="-2.473699">
      <ele>408.7</ele>
    </trkpt>
    <trkpt lat="42.456511" lon="-2.473542">
      <ele>408.5</ele>
    </trkpt>
    <trkpt lat="42.456614" lon="-2.473245">
      <ele>408.2</ele>
    </trkpt>
    <trkpt lat="42.456767" lon="-2.473004">
      <ele>408</ele>
    </trkpt>
    <trkpt lat="42.456837" lon="-2.472969">
      <ele>407.9</ele>
    </trkpt>
    <trkpt lat="42.456809" lon="-2.472851">
      <ele>407.8</ele>
    </trkpt>
    <trkpt lat="42.45686" lon="-2.472636">
      <ele>407.6</ele>
    </trkpt>
    <trkpt lat="42.456885" lon="-2.472551">
      <ele>407.6</ele>
    </trkpt>
    <trkpt lat="42.45696" lon="-2.472308">
      <ele>407.5</ele>
    </trkpt>
    <trkpt lat="42.456993" lon="-2.472322">
      <ele>407.4</ele>
    </trkpt>
    <trkpt lat="42.457065" lon="-2.472352">
      <ele>407.4</ele>
    </trkpt>
    <trkpt lat="42.457238" lon="-2.472262">
      <ele>407.4</ele>
    </trkpt>
    <trkpt lat="42.457295" lon="-2.472288">
      <ele>407.4</ele>
    </trkpt>
    <trkpt lat="42.45736" lon="-2.472318">
      <ele>407.4</ele>
    </trkpt>
    <trkpt lat="42.457436" lon="-2.472039">
      <ele>407.3</ele>
    </trkpt>
    <trkpt lat="42.457479" lon="-2.47202">
      <ele>407.3</ele>
    </trkpt>
    <trkpt lat="42.457517" lon="-2.472032">
      <ele>407.2</ele>
    </trkpt>
    <trkpt lat="42.457623" lon="-2.47185">
      <ele>407.3</ele>
    </trkpt>
    <trkpt lat="42.457785" lon="-2.471363">
      <ele>407.6</ele>
    </trkpt>
    <trkpt lat="42.457942" lon="-2.470973">
      <ele>407.9</ele>
    </trkpt>
    <trkpt lat="42.458132" lon="-2.47066">
      <ele>408.1</ele>
    </trkpt>
    <trkpt lat="42.458215" lon="-2.470472">
      <ele>408.2</ele>
    </trkpt>
    <trkpt lat="42.458281" lon="-2.470244">
      <ele>408.2</ele>
    </trkpt>
    <trkpt lat="42.458319" lon="-2.470042">
      <ele>408.3</ele>
    </trkpt>
    <trkpt lat="42.458326" lon="-2.469403">
      <ele>408.3</ele>
    </trkpt>
    <trkpt lat="42.458226" lon="-2.468201">
      <ele>408.4</ele>
    </trkpt>
    <trkpt lat="42.45824" lon="-2.468121">
      <ele>408.4</ele>
    </trkpt>
    <trkpt lat="42.458276" lon="-2.468061">
      <ele>408.4</ele>
    </trkpt>
    <trkpt lat="42.458407" lon="-2.46801">
      <ele>408.3</ele>
    </trkpt>
    <trkpt lat="42.458773" lon="-2.467985">
      <ele>408.2</ele>
    </trkpt>
    <trkpt lat="42.45903" lon="-2.467877">
      <ele>407.9</ele>
    </trkpt>
    <trkpt lat="42.459093" lon="-2.467778">
      <ele>407.7</ele>
    </trkpt>
    <trkpt lat="42.459118" lon="-2.467641">
      <ele>407.6</ele>
    </trkpt>
    <trkpt lat="42.459131" lon="-2.467122">
      <ele>406.8</ele>
    </trkpt>
    <trkpt lat="42.45914" lon="-2.466788">
      <ele>406.2</ele>
    </trkpt>
    <trkpt lat="42.459229" lon="-2.466466">
      <ele>405.7</ele>
    </trkpt>
    <trkpt lat="42.459288" lon="-2.466207">
      <ele>405.2</ele>
    </trkpt>
    <trkpt lat="42.459298" lon="-2.466175">
      <ele>405.2</ele>
    </trkpt>
    <trkpt lat="42.459324" lon="-2.466042">
      <ele>405</ele>
    </trkpt>
    <trkpt lat="42.459398" lon="-2.46565">
      <ele>404.4</ele>
    </trkpt>
    <trkpt lat="42.459419" lon="-2.465519">
      <ele>404.2</ele>
    </trkpt>
    <trkpt lat="42.459558" lon="-2.464952">
      <ele>403.4</ele>
    </trkpt>
    <trkpt lat="42.459595" lon="-2.464812">
      <ele>403.3</ele>
    </trkpt>
    <trkpt lat="42.459674" lon="-2.464465">
      <ele>402.9</ele>
    </trkpt>
    <trkpt lat="42.459748" lon="-2.464108">
      <ele>402.6</ele>
    </trkpt>
    <trkpt lat="42.459949" lon="-2.463284">
      <ele>401.3</ele>
    </trkpt>
    <trkpt lat="42.459978" lon="-2.463165">
      <ele>401.1</ele>
    </trkpt>
    <trkpt lat="42.460194" lon="-2.462315">
      <ele>399.3</ele>
    </trkpt>
    <trkpt lat="42.460139" lon="-2.462274">
      <ele>399.2</ele>
    </trkpt>
    <trkpt lat="42.45973" lon="-2.461794">
      <ele>397.7</ele>
    </trkpt>
    <trkpt lat="42.459144" lon="-2.460639">
      <ele>394.9</ele>
    </trkpt>
    <trkpt lat="42.459051" lon="-2.460556">
      <ele>394.6</ele>
    </trkpt>
    <trkpt lat="42.459012" lon="-2.460476">
      <ele>394.4</ele>
    </trkpt>
    <trkpt lat="42.459097" lon="-2.460413">
      <ele>394.2</ele>
    </trkpt>
    <trkpt lat="42.459386" lon="-2.460192">
      <ele>393.5</ele>
    </trkpt>
    <trkpt lat="42.459459" lon="-2.460142">
      <ele>393.4</ele>
    </trkpt>
    <trkpt lat="42.459341" lon="-2.459847">
      <ele>393</ele>
    </trkpt>
    <trkpt lat="42.459219" lon="-2.459306">
      <ele>392.4</ele>
    </trkpt>
    <trkpt lat="42.459152" lon="-2.458955">
      <ele>392.2</ele>
    </trkpt>
    <trkpt lat="42.45898" lon="-2.45805">
      <ele>392.1</ele>
    </trkpt>
    <trkpt lat="42.458725" lon="-2.456745">
      <ele>393.2</ele>
    </trkpt>
    <trkpt lat="42.458668" lon="-2.4565">
      <ele>393.5</ele>
    </trkpt>
    <trkpt lat="42.459116" lon="-2.45619">
      <ele>394.2</ele>
    </trkpt>
    <trkpt lat="42.459275" lon="-2.456005">
      <ele>394.5</ele>
    </trkpt>
    <trkpt lat="42.459349" lon="-2.455848">
      <ele>394.7</ele>
    </trkpt>
    <trkpt lat="42.459364" lon="-2.45574">
      <ele>394.7</ele>
    </trkpt>
    <trkpt lat="42.459412" lon="-2.455636">
      <ele>394.9</ele>
    </trkpt>
    <trkpt lat="42.459422" lon="-2.455507">
      <ele>395</ele>
    </trkpt>
    <trkpt lat="42.459365" lon="-2.45521">
      <ele>395.2</ele>
    </trkpt>
    <trkpt lat="42.458728" lon="-2.452337">
      <ele>394.1</ele>
    </trkpt>
    <trkpt lat="42.458711" lon="-2.452264">
      <ele>394</ele>
    </trkpt>
    <trkpt lat="42.458512" lon="-2.451398">
      <ele>393.8</ele>
    </trkpt>
    <trkpt lat="42.458442" lon="-2.451093">
      <ele>393.8</ele>
    </trkpt>
    <trkpt lat="42.458327" lon="-2.450594">
      <ele>393.9</ele>
    </trkpt>
    <trkpt lat="42.458279" lon="-2.450391">
      <ele>393.9</ele>
    </trkpt>
    <trkpt lat="42.458224" lon="-2.450163">
      <ele>393.9</ele>
    </trkpt>
    <trkpt lat="42.458016" lon="-2.449279">
      <ele>394</ele>
    </trkpt>
    <trkpt lat="42.457968" lon="-2.449058">
      <ele>393.9</ele>
    </trkpt>
    <trkpt lat="42.457929" lon="-2.448886">
      <ele>393.8</ele>
    </trkpt>
    <trkpt lat="42.457903" lon="-2.448765">
      <ele>393.7</ele>
    </trkpt>
    <trkpt lat="42.457591" lon="-2.447389">
      <ele>391.5</ele>
    </trkpt>
    <trkpt lat="42.45755" lon="-2.447175">
      <ele>391</ele>
    </trkpt>
    <trkpt lat="42.457529" lon="-2.447086">
      <ele>390.8</ele>
    </trkpt>
    <trkpt lat="42.457484" lon="-2.446899">
      <ele>390.4</ele>
    </trkpt>
    <trkpt lat="42.457165" lon="-2.445417">
      <ele>387.5</ele>
    </trkpt>
    <trkpt lat="42.457125" lon="-2.44523">
      <ele>387.3</ele>
    </trkpt>
    <trkpt lat="42.457198" lon="-2.4452">
      <ele>387.2</ele>
    </trkpt>
    <trkpt lat="42.457393" lon="-2.445118">
      <ele>386.9</ele>
    </trkpt>
    <trkpt lat="42.457782" lon="-2.444958">
      <ele>386.5</ele>
    </trkpt>
    <trkpt lat="42.457873" lon="-2.444857">
      <ele>386.4</ele>
    </trkpt>
    <trkpt lat="42.457911" lon="-2.44476">
      <ele>386.4</ele>
    </trkpt>
    <trkpt lat="42.457954" lon="-2.444671">
      <ele>386.3</ele>
    </trkpt>
    <trkpt lat="42.45802" lon="-2.444621">
      <ele>386.3</ele>
    </trkpt>
    <trkpt lat="42.458089" lon="-2.444476">
      <ele>386.2</ele>
    </trkpt>
    <trkpt lat="42.45813" lon="-2.444344">
      <ele>386.2</ele>
    </trkpt>
    <trkpt lat="42.458269" lon="-2.443756">
      <ele>386.1</ele>
    </trkpt>
    <trkpt lat="42.458317" lon="-2.443503">
      <ele>386</ele>
    </trkpt>
    <trkpt lat="42.458335" lon="-2.443378">
      <ele>386</ele>
    </trkpt>
    <trkpt lat="42.458351" lon="-2.443068">
      <ele>386</ele>
    </trkpt>
    <trkpt lat="42.458353" lon="-2.443041">
      <ele>386</ele>
    </trkpt>
    <trkpt lat="42.458391" lon="-2.442236">
      <ele>386.4</ele>
    </trkpt>
    <trkpt lat="42.458385" lon="-2.442118">
      <ele>386.4</ele>
    </trkpt>
    <trkpt lat="42.45832" lon="-2.441959">
      <ele>386.5</ele>
    </trkpt>
    <trkpt lat="42.458242" lon="-2.44184">
      <ele>386.5</ele>
    </trkpt>
    <trkpt lat="42.458244" lon="-2.441736">
      <ele>386.6</ele>
    </trkpt>
    <trkpt lat="42.458294" lon="-2.44164">
      <ele>386.6</ele>
    </trkpt>
    <trkpt lat="42.458336" lon="-2.441608">
      <ele>386.6</ele>
    </trkpt>
    <trkpt lat="42.458376" lon="-2.441499">
      <ele>386.6</ele>
    </trkpt>
    <trkpt lat="42.458393" lon="-2.441327">
      <ele>386.6</ele>
    </trkpt>
    <trkpt lat="42.458469" lon="-2.440136">
      <ele>386.8</ele>
    </trkpt>
    <trkpt lat="42.458487" lon="-2.439843">
      <ele>386.7</ele>
    </trkpt>
    <trkpt lat="42.458446" lon="-2.439846">
      <ele>386.7</ele>
    </trkpt>
    <trkpt lat="42.458156" lon="-2.439981">
      <ele>386.5</ele>
    </trkpt>
    <trkpt lat="42.458104" lon="-2.439962">
      <ele>386.5</ele>
    </trkpt>
    <trkpt lat="42.458051" lon="-2.439942">
      <ele>386.5</ele>
    </trkpt>
    <trkpt lat="42.457987" lon="-2.440575">
      <ele>386.4</ele>
    </trkpt>
    <trkpt lat="42.457825" lon="-2.440755">
      <ele>386.4</ele>
    </trkpt>
    <trkpt lat="42.457818" lon="-2.440829">
      <ele>386.5</ele>
    </trkpt>
    <trkpt lat="42.457716" lon="-2.440949">
      <ele>386.5</ele>
    </trkpt>
    </trkseg>
  </trk>
</gpx>
