<?xml version="1.0" encoding="UTF-8"?>
<gpx version="1.1" creator="fitAI Komoot downloader" xmlns="http://www.topografix.com/GPX/1/1">
  <metadata>
    <name>Parque del Iregua y Vía Romana del Iregua - Recorrido circular desde Logroño</name>
    <desc>154 visitas · Dificultad: difficult · Distancia: 54.2 km · Desnivel +: 994 m</desc>
    <link href="https://www.komoot.com/smarttour/e43314452"><text>Komoot</text></link>
  </metadata>
  <trk>
    <name>Parque del Iregua y Vía Romana del Iregua - Recorrido circular desde Logroño</name>
    <type>mtb</type>
    <trkseg>
    <trkpt lat="42.457716" lon="-2.440949">
      <ele>386.5</ele>
    </trkpt>
    <trkpt lat="42.457818" lon="-2.440829">
      <ele>386.5</ele>
    </trkpt>
    <trkpt lat="42.457825" lon="-2.440755">
      <ele>386.4</ele>
    </trkpt>
    <trkpt lat="42.457987" lon="-2.440575">
      <ele>386.4</ele>
    </trkpt>
    <trkpt lat="42.458051" lon="-2.439942">
      <ele>386.2</ele>
    </trkpt>
    <trkpt lat="42.458104" lon="-2.439962">
      <ele>386.2</ele>
    </trkpt>
    <trkpt lat="42.458156" lon="-2.439981">
      <ele>386.2</ele>
    </trkpt>
    <trkpt lat="42.458446" lon="-2.439846">
      <ele>386.1</ele>
    </trkpt>
    <trkpt lat="42.458487" lon="-2.439843">
      <ele>386.1</ele>
    </trkpt>
    <trkpt lat="42.458503" lon="-2.439569">
      <ele>386</ele>
    </trkpt>
    <trkpt lat="42.458611" lon="-2.437912">
      <ele>385.6</ele>
    </trkpt>
    <trkpt lat="42.458571" lon="-2.437862">
      <ele>385.7</ele>
    </trkpt>
    <trkpt lat="42.458432" lon="-2.437781">
      <ele>385.7</ele>
    </trkpt>
    <trkpt lat="42.457902" lon="-2.437719">
      <ele>386.1</ele>
    </trkpt>
    <trkpt lat="42.457789" lon="-2.437703">
      <ele>386.2</ele>
    </trkpt>
    <trkpt lat="42.457741" lon="-2.437696">
      <ele>386.3</ele>
    </trkpt>
    <trkpt lat="42.457735" lon="-2.437631">
      <ele>386.3</ele>
    </trkpt>
    <trkpt lat="42.457626" lon="-2.437546">
      <ele>386.4</ele>
    </trkpt>
    <trkpt lat="42.457617" lon="-2.437471">
      <ele>386.4</ele>
    </trkpt>
    <trkpt lat="42.457706" lon="-2.436177">
      <ele>386.7</ele>
    </trkpt>
    <trkpt lat="42.45773" lon="-2.4361">
      <ele>386.7</ele>
    </trkpt>
    <trkpt lat="42.457869" lon="-2.435969">
      <ele>386.6</ele>
    </trkpt>
    <trkpt lat="42.45792" lon="-2.435958">
      <ele>386.6</ele>
    </trkpt>
    <trkpt lat="42.457931" lon="-2.435928">
      <ele>386.5</ele>
    </trkpt>
    <trkpt lat="42.457926" lon="-2.435844">
      <ele>386.5</ele>
    </trkpt>
    <trkpt lat="42.457918" lon="-2.435736">
      <ele>386.4</ele>
    </trkpt>
    <trkpt lat="42.457918" lon="-2.435701">
      <ele>386.4</ele>
    </trkpt>
    <trkpt lat="42.457787" lon="-2.435525">
      <ele>386.2</ele>
    </trkpt>
    <trkpt lat="42.457816" lon="-2.435019">
      <ele>385.9</ele>
    </trkpt>
    <trkpt lat="42.457859" lon="-2.434399">
      <ele>385.9</ele>
    </trkpt>
    <trkpt lat="42.457829" lon="-2.43414">
      <ele>386</ele>
    </trkpt>
    <trkpt lat="42.457719" lon="-2.433842">
      <ele>386.1</ele>
    </trkpt>
    <trkpt lat="42.457408" lon="-2.433218">
      <ele>386.3</ele>
    </trkpt>
    <trkpt lat="42.457398" lon="-2.433229">
      <ele>386.3</ele>
    </trkpt>
    <trkpt lat="42.457358" lon="-2.433273">
      <ele>386.3</ele>
    </trkpt>
    <trkpt lat="42.457311" lon="-2.433324">
      <ele>386.3</ele>
    </trkpt>
    <trkpt lat="42.457279" lon="-2.433257">
      <ele>386.4</ele>
    </trkpt>
    <trkpt lat="42.456716" lon="-2.432153">
      <ele>387.1</ele>
    </trkpt>
    <trkpt lat="42.456661" lon="-2.432042">
      <ele>387.1</ele>
    </trkpt>
    <trkpt lat="42.456582" lon="-2.4319">
      <ele>387.1</ele>
    </trkpt>
    <trkpt lat="42.456496" lon="-2.431822">
      <ele>387.1</ele>
    </trkpt>
    <trkpt lat="42.456443" lon="-2.431804">
      <ele>387.1</ele>
    </trkpt>
    <trkpt lat="42.456374" lon="-2.431736">
      <ele>387.1</ele>
    </trkpt>
    <trkpt lat="42.456351" lon="-2.43163">
      <ele>387.1</ele>
    </trkpt>
    <trkpt lat="42.456363" lon="-2.431532">
      <ele>387.1</ele>
    </trkpt>
    <trkpt lat="42.456335" lon="-2.431342">
      <ele>387.1</ele>
    </trkpt>
    <trkpt lat="42.456288" lon="-2.43122">
      <ele>387.1</ele>
    </trkpt>
    <trkpt lat="42.455666" lon="-2.429944">
      <ele>387.4</ele>
    </trkpt>
    <trkpt lat="42.45561" lon="-2.42982">
      <ele>387.5</ele>
    </trkpt>
    <trkpt lat="42.455545" lon="-2.429682">
      <ele>387.6</ele>
    </trkpt>
    <trkpt lat="42.455364" lon="-2.42928">
      <ele>388.1</ele>
    </trkpt>
    <trkpt lat="42.455278" lon="-2.429044">
      <ele>388.5</ele>
    </trkpt>
    <trkpt lat="42.455141" lon="-2.428845">
      <ele>388.9</ele>
    </trkpt>
    <trkpt lat="42.455062" lon="-2.428767">
      <ele>389.2</ele>
    </trkpt>
    <trkpt lat="42.45503" lon="-2.428771">
      <ele>389.3</ele>
    </trkpt>
    <trkpt lat="42.454903" lon="-2.428706">
      <ele>389.7</ele>
    </trkpt>
    <trkpt lat="42.454847" lon="-2.428636">
      <ele>389.9</ele>
    </trkpt>
    <trkpt lat="42.454808" lon="-2.428546">
      <ele>390.1</ele>
    </trkpt>
    <trkpt lat="42.454787" lon="-2.428404">
      <ele>390.4</ele>
    </trkpt>
    <trkpt lat="42.454793" lon="-2.428337">
      <ele>390.5</ele>
    </trkpt>
    <trkpt lat="42.454802" lon="-2.428282">
      <ele>390.7</ele>
    </trkpt>
    <trkpt lat="42.454739" lon="-2.42807">
      <ele>391.1</ele>
    </trkpt>
    <trkpt lat="42.454608" lon="-2.427779">
      <ele>391.9</ele>
    </trkpt>
    <trkpt lat="42.45454" lon="-2.427646">
      <ele>392.2</ele>
    </trkpt>
    <trkpt lat="42.454223" lon="-2.426999">
      <ele>393.1</ele>
    </trkpt>
    <trkpt lat="42.454171" lon="-2.426894">
      <ele>393.1</ele>
    </trkpt>
    <trkpt lat="42.454083" lon="-2.42671">
      <ele>393.3</ele>
    </trkpt>
    <trkpt lat="42.453917" lon="-2.426364">
      <ele>393.5</ele>
    </trkpt>
    <trkpt lat="42.453764" lon="-2.426058">
      <ele>393.7</ele>
    </trkpt>
    <trkpt lat="42.453655" lon="-2.42591">
      <ele>393.8</ele>
    </trkpt>
    <trkpt lat="42.453554" lon="-2.425758">
      <ele>393.8</ele>
    </trkpt>
    <trkpt lat="42.453381" lon="-2.425599">
      <ele>393.6</ele>
    </trkpt>
    <trkpt lat="42.453286" lon="-2.425512">
      <ele>393.5</ele>
    </trkpt>
    <trkpt lat="42.453262" lon="-2.425443">
      <ele>393.5</ele>
    </trkpt>
    <trkpt lat="42.453273" lon="-2.425293">
      <ele>393.4</ele>
    </trkpt>
    <trkpt lat="42.4533" lon="-2.42524">
      <ele>393.4</ele>
    </trkpt>
    <trkpt lat="42.453237" lon="-2.424972">
      <ele>393.3</ele>
    </trkpt>
    <trkpt lat="42.4531" lon="-2.42468">
      <ele>393.3</ele>
    </trkpt>
    <trkpt lat="42.452896" lon="-2.424243">
      <ele>393</ele>
    </trkpt>
    <trkpt lat="42.452777" lon="-2.424069">
      <ele>392.8</ele>
    </trkpt>
    <trkpt lat="42.452709" lon="-2.424046">
      <ele>392.7</ele>
    </trkpt>
    <trkpt lat="42.452635" lon="-2.423935">
      <ele>392.4</ele>
    </trkpt>
    <trkpt lat="42.452626" lon="-2.423838">
      <ele>392.2</ele>
    </trkpt>
    <trkpt lat="42.452651" lon="-2.423746">
      <ele>392</ele>
    </trkpt>
    <trkpt lat="42.452629" lon="-2.423519">
      <ele>391.5</ele>
    </trkpt>
    <trkpt lat="42.452388" lon="-2.422745">
      <ele>389.3</ele>
    </trkpt>
    <trkpt lat="42.452334" lon="-2.422545">
      <ele>388.6</ele>
    </trkpt>
    <trkpt lat="42.452381" lon="-2.422525">
      <ele>388.4</ele>
    </trkpt>
    <trkpt lat="42.452627" lon="-2.422394">
      <ele>387.1</ele>
    </trkpt>
    <trkpt lat="42.452691" lon="-2.422308">
      <ele>386.6</ele>
    </trkpt>
    <trkpt lat="42.45272" lon="-2.422225">
      <ele>386.3</ele>
    </trkpt>
    <trkpt lat="42.452516" lon="-2.421866">
      <ele>384.6</ele>
    </trkpt>
    <trkpt lat="42.452206" lon="-2.421224">
      <ele>382.2</ele>
    </trkpt>
    <trkpt lat="42.45206" lon="-2.420771">
      <ele>381</ele>
    </trkpt>
    <trkpt lat="42.452112" lon="-2.420702">
      <ele>380.8</ele>
    </trkpt>
    <trkpt lat="42.452247" lon="-2.420657">
      <ele>380.5</ele>
    </trkpt>
    <trkpt lat="42.452562" lon="-2.420723">
      <ele>379.8</ele>
    </trkpt>
    <trkpt lat="42.452718" lon="-2.420669">
      <ele>379.6</ele>
    </trkpt>
    <trkpt lat="42.452861" lon="-2.42069">
      <ele>379.5</ele>
    </trkpt>
    <trkpt lat="42.453247" lon="-2.420436">
      <ele>379.6</ele>
    </trkpt>
    <trkpt lat="42.453507" lon="-2.420124">
      <ele>379.7</ele>
    </trkpt>
    <trkpt lat="42.453247" lon="-2.420436">
      <ele>379.6</ele>
    </trkpt>
    <trkpt lat="42.452861" lon="-2.42069">
      <ele>379.4</ele>
    </trkpt>
    <trkpt lat="42.452718" lon="-2.420669">
      <ele>379.4</ele>
    </trkpt>
    <trkpt lat="42.452562" lon="-2.420723">
      <ele>379.4</ele>
    </trkpt>
    <trkpt lat="42.452247" lon="-2.420657">
      <ele>379.6</ele>
    </trkpt>
    <trkpt lat="42.452112" lon="-2.420702">
      <ele>379.7</ele>
    </trkpt>
    <trkpt lat="42.45206" lon="-2.420771">
      <ele>379.7</ele>
    </trkpt>
    <trkpt lat="42.451962" lon="-2.420734">
      <ele>379.7</ele>
    </trkpt>
    <trkpt lat="42.451862" lon="-2.420726">
      <ele>379.8</ele>
    </trkpt>
    <trkpt lat="42.451807" lon="-2.420774">
      <ele>379.8</ele>
    </trkpt>
    <trkpt lat="42.45172" lon="-2.421019">
      <ele>379.8</ele>
    </trkpt>
    <trkpt lat="42.451397" lon="-2.421576">
      <ele>380.3</ele>
    </trkpt>
    <trkpt lat="42.451138" lon="-2.421859">
      <ele>380.7</ele>
    </trkpt>
    <trkpt lat="42.451075" lon="-2.422022">
      <ele>380.9</ele>
    </trkpt>
    <trkpt lat="42.450896" lon="-2.422297">
      <ele>381.3</ele>
    </trkpt>
    <trkpt lat="42.45062" lon="-2.422454">
      <ele>381.7</ele>
    </trkpt>
    <trkpt lat="42.4504" lon="-2.422776">
      <ele>382.1</ele>
    </trkpt>
    <trkpt lat="42.449677" lon="-2.423294">
      <ele>383.3</ele>
    </trkpt>
    <trkpt lat="42.449329" lon="-2.423744">
      <ele>384</ele>
    </trkpt>
    <trkpt lat="42.448581" lon="-2.424053">
      <ele>385.1</ele>
    </trkpt>
    <trkpt lat="42.448034" lon="-2.424355">
      <ele>385.7</ele>
    </trkpt>
    <trkpt lat="42.448013" lon="-2.424364">
      <ele>385.7</ele>
    </trkpt>
    <trkpt lat="42.447786" lon="-2.424459">
      <ele>386</ele>
    </trkpt>
    <trkpt lat="42.447771" lon="-2.424463">
      <ele>386</ele>
    </trkpt>
    <trkpt lat="42.447641" lon="-2.424546">
      <ele>386.1</ele>
    </trkpt>
    <trkpt lat="42.44746" lon="-2.424584">
      <ele>386.3</ele>
    </trkpt>
    <trkpt lat="42.44732" lon="-2.424591">
      <ele>386.4</ele>
    </trkpt>
    <trkpt lat="42.447167" lon="-2.424535">
      <ele>386.5</ele>
    </trkpt>
    <trkpt lat="42.447054" lon="-2.424531">
      <ele>386.6</ele>
    </trkpt>
    <trkpt lat="42.4457" lon="-2.425174">
      <ele>388</ele>
    </trkpt>
    <trkpt lat="42.444965" lon="-2.425429">
      <ele>388.5</ele>
    </trkpt>
    <trkpt lat="42.444793" lon="-2.425407">
      <ele>388.7</ele>
    </trkpt>
    <trkpt lat="42.444611" lon="-2.425654">
      <ele>388.9</ele>
    </trkpt>
    <trkpt lat="42.444421" lon="-2.425826">
      <ele>389.1</ele>
    </trkpt>
    <trkpt lat="42.444151" lon="-2.426435">
      <ele>389.6</ele>
    </trkpt>
    <trkpt lat="42.444025" lon="-2.42662">
      <ele>389.8</ele>
    </trkpt>
    <trkpt lat="42.441691" lon="-2.42743">
      <ele>392.3</ele>
    </trkpt>
    <trkpt lat="42.441471" lon="-2.427421">
      <ele>392.5</ele>
    </trkpt>
    <trkpt lat="42.440961" lon="-2.427305">
      <ele>393</ele>
    </trkpt>
    <trkpt lat="42.440684" lon="-2.427242">
      <ele>393.3</ele>
    </trkpt>
    <trkpt lat="42.440208" lon="-2.427199">
      <ele>393.8</ele>
    </trkpt>
    <trkpt lat="42.437532" lon="-2.428079">
      <ele>398.4</ele>
    </trkpt>
    <trkpt lat="42.437247" lon="-2.428134">
      <ele>398.9</ele>
    </trkpt>
    <trkpt lat="42.437142" lon="-2.428317">
      <ele>399.2</ele>
    </trkpt>
    <trkpt lat="42.436772" lon="-2.428556">
      <ele>399.9</ele>
    </trkpt>
    <trkpt lat="42.436619" lon="-2.429117">
      <ele>400.6</ele>
    </trkpt>
    <trkpt lat="42.436284" lon="-2.430537">
      <ele>402.4</ele>
    </trkpt>
    <trkpt lat="42.436065" lon="-2.431487">
      <ele>404.1</ele>
    </trkpt>
    <trkpt lat="42.436046" lon="-2.431743">
      <ele>404.7</ele>
    </trkpt>
    <trkpt lat="42.436088" lon="-2.431862">
      <ele>405</ele>
    </trkpt>
    <trkpt lat="42.436124" lon="-2.431899">
      <ele>405.2</ele>
    </trkpt>
    <trkpt lat="42.436466" lon="-2.432001">
      <ele>406.2</ele>
    </trkpt>
    <trkpt lat="42.436235" lon="-2.432738">
      <ele>407.7</ele>
    </trkpt>
    <trkpt lat="42.436265" lon="-2.432862">
      <ele>408</ele>
    </trkpt>
    <trkpt lat="42.436256" lon="-2.432937">
      <ele>408.1</ele>
    </trkpt>
    <trkpt lat="42.436219" lon="-2.433049">
      <ele>408.3</ele>
    </trkpt>
    <trkpt lat="42.436127" lon="-2.433189">
      <ele>408.5</ele>
    </trkpt>
    <trkpt lat="42.436025" lon="-2.433279">
      <ele>408.7</ele>
    </trkpt>
    <trkpt lat="42.435672" lon="-2.433453">
      <ele>409.2</ele>
    </trkpt>
    <trkpt lat="42.435606" lon="-2.433578">
      <ele>409.3</ele>
    </trkpt>
    <trkpt lat="42.435411" lon="-2.434364">
      <ele>409.4</ele>
    </trkpt>
    <trkpt lat="42.435371" lon="-2.43462">
      <ele>409.4</ele>
    </trkpt>
    <trkpt lat="42.43537" lon="-2.434786">
      <ele>409.4</ele>
    </trkpt>
    <trkpt lat="42.435423" lon="-2.434995">
      <ele>409.3</ele>
    </trkpt>
    <trkpt lat="42.435259" lon="-2.43539">
      <ele>409.3</ele>
    </trkpt>
    <trkpt lat="42.435195" lon="-2.43563">
      <ele>409.4</ele>
    </trkpt>
    <trkpt lat="42.435119" lon="-2.436115">
      <ele>409.4</ele>
    </trkpt>
    <trkpt lat="42.435075" lon="-2.436167">
      <ele>409.4</ele>
    </trkpt>
    <trkpt lat="42.434841" lon="-2.437714">
      <ele>409.5</ele>
    </trkpt>
    <trkpt lat="42.434694" lon="-2.438334">
      <ele>409.6</ele>
    </trkpt>
    <trkpt lat="42.434578" lon="-2.43929">
      <ele>409.9</ele>
    </trkpt>
    <trkpt lat="42.434485" lon="-2.439687">
      <ele>410.1</ele>
    </trkpt>
    <trkpt lat="42.434474" lon="-2.439872">
      <ele>410.2</ele>
    </trkpt>
    <trkpt lat="42.434326" lon="-2.440894">
      <ele>410.7</ele>
    </trkpt>
    <trkpt lat="42.434114" lon="-2.442732">
      <ele>412</ele>
    </trkpt>
    <trkpt lat="42.434336" lon="-2.442878">
      <ele>412.2</ele>
    </trkpt>
    <trkpt lat="42.434478" lon="-2.44305">
      <ele>412.3</ele>
    </trkpt>
    <trkpt lat="42.434515" lon="-2.443147">
      <ele>412.4</ele>
    </trkpt>
    <trkpt lat="42.434529" lon="-2.443427">
      <ele>412.5</ele>
    </trkpt>
    <trkpt lat="42.434462" lon="-2.443581">
      <ele>412.5</ele>
    </trkpt>
    <trkpt lat="42.434455" lon="-2.443359">
      <ele>412.6</ele>
    </trkpt>
    <trkpt lat="42.434426" lon="-2.443199">
      <ele>412.7</ele>
    </trkpt>
    <trkpt lat="42.434311" lon="-2.443032">
      <ele>412.8</ele>
    </trkpt>
    <trkpt lat="42.434132" lon="-2.442941">
      <ele>413</ele>
    </trkpt>
    <trkpt lat="42.433834" lon="-2.442872">
      <ele>413.2</ele>
    </trkpt>
    <trkpt lat="42.433537" lon="-2.442804">
      <ele>413.5</ele>
    </trkpt>
    <trkpt lat="42.433358" lon="-2.4428">
      <ele>413.7</ele>
    </trkpt>
    <trkpt lat="42.433293" lon="-2.44283">
      <ele>413.7</ele>
    </trkpt>
    <trkpt lat="42.43303" lon="-2.443078">
      <ele>414.1</ele>
    </trkpt>
    <trkpt lat="42.432921" lon="-2.443149">
      <ele>414.2</ele>
    </trkpt>
    <trkpt lat="42.432739" lon="-2.443159">
      <ele>414.5</ele>
    </trkpt>
    <trkpt lat="42.432533" lon="-2.443107">
      <ele>414.7</ele>
    </trkpt>
    <trkpt lat="42.431385" lon="-2.442473">
      <ele>415.8</ele>
    </trkpt>
    <trkpt lat="42.431188" lon="-2.442318">
      <ele>415.9</ele>
    </trkpt>
    <trkpt lat="42.430953" lon="-2.442042">
      <ele>416.2</ele>
    </trkpt>
    <trkpt lat="42.430088" lon="-2.4415">
      <ele>417</ele>
    </trkpt>
    <trkpt lat="42.429325" lon="-2.441131">
      <ele>418</ele>
    </trkpt>
    <trkpt lat="42.428841" lon="-2.441093">
      <ele>418.9</ele>
    </trkpt>
    <trkpt lat="42.428323" lon="-2.44075">
      <ele>420.1</ele>
    </trkpt>
    <trkpt lat="42.427914" lon="-2.440533">
      <ele>420.9</ele>
    </trkpt>
    <trkpt lat="42.427571" lon="-2.440568">
      <ele>421.4</ele>
    </trkpt>
    <trkpt lat="42.427028" lon="-2.440297">
      <ele>421.9</ele>
    </trkpt>
    <trkpt lat="42.427018" lon="-2.440117">
      <ele>422</ele>
    </trkpt>
    <trkpt lat="42.427056" lon="-2.439884">
      <ele>422</ele>
    </trkpt>
    <trkpt lat="42.426943" lon="-2.439108">
      <ele>421.6</ele>
    </trkpt>
    <trkpt lat="42.426844" lon="-2.438186">
      <ele>420.8</ele>
    </trkpt>
    <trkpt lat="42.426749" lon="-2.437726">
      <ele>420.3</ele>
    </trkpt>
    <trkpt lat="42.427137" lon="-2.435908">
      <ele>417.4</ele>
    </trkpt>
    <trkpt lat="42.427181" lon="-2.435384">
      <ele>416.6</ele>
    </trkpt>
    <trkpt lat="42.427158" lon="-2.434973">
      <ele>416</ele>
    </trkpt>
    <trkpt lat="42.42706" lon="-2.434666">
      <ele>415.6</ele>
    </trkpt>
    <trkpt lat="42.426841" lon="-2.43426">
      <ele>415.1</ele>
    </trkpt>
    <trkpt lat="42.426819" lon="-2.434067">
      <ele>415</ele>
    </trkpt>
    <trkpt lat="42.426782" lon="-2.433951">
      <ele>415</ele>
    </trkpt>
    <trkpt lat="42.426707" lon="-2.433878">
      <ele>414.9</ele>
    </trkpt>
    <trkpt lat="42.426605" lon="-2.433846">
      <ele>414.9</ele>
    </trkpt>
    <trkpt lat="42.426436" lon="-2.433916">
      <ele>414.8</ele>
    </trkpt>
    <trkpt lat="42.425607" lon="-2.434261">
      <ele>415.1</ele>
    </trkpt>
    <trkpt lat="42.425389" lon="-2.4344">
      <ele>415.4</ele>
    </trkpt>
    <trkpt lat="42.425001" lon="-2.434594">
      <ele>416</ele>
    </trkpt>
    <trkpt lat="42.424474" lon="-2.435023">
      <ele>417.1</ele>
    </trkpt>
    <trkpt lat="42.424347" lon="-2.435071">
      <ele>417.4</ele>
    </trkpt>
    <trkpt lat="42.423571" lon="-2.435564">
      <ele>418.9</ele>
    </trkpt>
    <trkpt lat="42.423512" lon="-2.435629">
      <ele>419</ele>
    </trkpt>
    <trkpt lat="42.423429" lon="-2.435581">
      <ele>419.1</ele>
    </trkpt>
    <trkpt lat="42.423128" lon="-2.435559">
      <ele>419.4</ele>
    </trkpt>
    <trkpt lat="42.422459" lon="-2.435741">
      <ele>419.9</ele>
    </trkpt>
    <trkpt lat="42.422173" lon="-2.435924">
      <ele>420.1</ele>
    </trkpt>
    <trkpt lat="42.422082" lon="-2.436042">
      <ele>420.2</ele>
    </trkpt>
    <trkpt lat="42.422066" lon="-2.436144">
      <ele>420.2</ele>
    </trkpt>
    <trkpt lat="42.422086" lon="-2.43623">
      <ele>420.3</ele>
    </trkpt>
    <trkpt lat="42.422278" lon="-2.436572">
      <ele>420.5</ele>
    </trkpt>
    <trkpt lat="42.421904" lon="-2.436975">
      <ele>421.1</ele>
    </trkpt>
    <trkpt lat="42.421841" lon="-2.437083">
      <ele>421.2</ele>
    </trkpt>
    <trkpt lat="42.421643" lon="-2.437249">
      <ele>421.5</ele>
    </trkpt>
    <trkpt lat="42.42133" lon="-2.437442">
      <ele>422</ele>
    </trkpt>
    <trkpt lat="42.421195" lon="-2.437581">
      <ele>422.1</ele>
    </trkpt>
    <trkpt lat="42.42078" lon="-2.437855">
      <ele>422.6</ele>
    </trkpt>
    <trkpt lat="42.42038" lon="-2.438027">
      <ele>423.2</ele>
    </trkpt>
    <trkpt lat="42.419615" lon="-2.438225">
      <ele>424.3</ele>
    </trkpt>
    <trkpt lat="42.41939" lon="-2.438204">
      <ele>424.7</ele>
    </trkpt>
    <trkpt lat="42.41922" lon="-2.438143">
      <ele>424.9</ele>
    </trkpt>
    <trkpt lat="42.419157" lon="-2.438086">
      <ele>425</ele>
    </trkpt>
    <trkpt lat="42.419106" lon="-2.43804">
      <ele>425.1</ele>
    </trkpt>
    <trkpt lat="42.418365" lon="-2.437893">
      <ele>426.3</ele>
    </trkpt>
    <trkpt lat="42.417639" lon="-2.437909">
      <ele>427.3</ele>
    </trkpt>
    <trkpt lat="42.417187" lon="-2.438264">
      <ele>428</ele>
    </trkpt>
    <trkpt lat="42.417101" lon="-2.438363">
      <ele>428.2</ele>
    </trkpt>
    <trkpt lat="42.416822" lon="-2.438843">
      <ele>428.8</ele>
    </trkpt>
    <trkpt lat="42.416763" lon="-2.43891">
      <ele>428.9</ele>
    </trkpt>
    <trkpt lat="42.416423" lon="-2.439026">
      <ele>429.4</ele>
    </trkpt>
    <trkpt lat="42.416117" lon="-2.439056">
      <ele>429.8</ele>
    </trkpt>
    <trkpt lat="42.415605" lon="-2.438883">
      <ele>430.5</ele>
    </trkpt>
    <trkpt lat="42.414746" lon="-2.438495">
      <ele>431.3</ele>
    </trkpt>
    <trkpt lat="42.414376" lon="-2.438359">
      <ele>431.4</ele>
    </trkpt>
    <trkpt lat="42.414249" lon="-2.438402">
      <ele>431.4</ele>
    </trkpt>
    <trkpt lat="42.414036" lon="-2.438595">
      <ele>431.4</ele>
    </trkpt>
    <trkpt lat="42.413987" lon="-2.438674">
      <ele>431.4</ele>
    </trkpt>
    <trkpt lat="42.413387" lon="-2.439291">
      <ele>431.2</ele>
    </trkpt>
    <trkpt lat="42.413326" lon="-2.439438">
      <ele>431.2</ele>
    </trkpt>
    <trkpt lat="42.413196" lon="-2.439491">
      <ele>431.1</ele>
    </trkpt>
    <trkpt lat="42.412716" lon="-2.439974">
      <ele>431.3</ele>
    </trkpt>
    <trkpt lat="42.412522" lon="-2.440108">
      <ele>431.4</ele>
    </trkpt>
    <trkpt lat="42.412399" lon="-2.440151">
      <ele>431.6</ele>
    </trkpt>
    <trkpt lat="42.412316" lon="-2.440248">
      <ele>431.6</ele>
    </trkpt>
    <trkpt lat="42.411964" lon="-2.440527">
      <ele>431.9</ele>
    </trkpt>
    <trkpt lat="42.411865" lon="-2.440645">
      <ele>432</ele>
    </trkpt>
    <trkpt lat="42.411767" lon="-2.440842">
      <ele>432.1</ele>
    </trkpt>
    <trkpt lat="42.411581" lon="-2.441032">
      <ele>432.3</ele>
    </trkpt>
    <trkpt lat="42.411411" lon="-2.440947">
      <ele>432.5</ele>
    </trkpt>
    <trkpt lat="42.411219" lon="-2.441101">
      <ele>432.7</ele>
    </trkpt>
    <trkpt lat="42.410872" lon="-2.441629">
      <ele>433.2</ele>
    </trkpt>
    <trkpt lat="42.409255" lon="-2.442522">
      <ele>435.6</ele>
    </trkpt>
    <trkpt lat="42.408614" lon="-2.443002">
      <ele>437.1</ele>
    </trkpt>
    <trkpt lat="42.408394" lon="-2.443223">
      <ele>437.6</ele>
    </trkpt>
    <trkpt lat="42.408177" lon="-2.443544">
      <ele>438.2</ele>
    </trkpt>
    <trkpt lat="42.40813" lon="-2.443847">
      <ele>438.5</ele>
    </trkpt>
    <trkpt lat="42.408023" lon="-2.443895">
      <ele>438.7</ele>
    </trkpt>
    <trkpt lat="42.407924" lon="-2.444003">
      <ele>438.9</ele>
    </trkpt>
    <trkpt lat="42.407765" lon="-2.444266">
      <ele>439.3</ele>
    </trkpt>
    <trkpt lat="42.407646" lon="-2.444405">
      <ele>439.5</ele>
    </trkpt>
    <trkpt lat="42.407536" lon="-2.444679">
      <ele>439.9</ele>
    </trkpt>
    <trkpt lat="42.407449" lon="-2.44499">
      <ele>440.2</ele>
    </trkpt>
    <trkpt lat="42.407282" lon="-2.445414">
      <ele>440.6</ele>
    </trkpt>
    <trkpt lat="42.407084" lon="-2.446047">
      <ele>441.4</ele>
    </trkpt>
    <trkpt lat="42.407007" lon="-2.446212">
      <ele>441.6</ele>
    </trkpt>
    <trkpt lat="42.40689" lon="-2.446422">
      <ele>441.9</ele>
    </trkpt>
    <trkpt lat="42.406866" lon="-2.446621">
      <ele>442.2</ele>
    </trkpt>
    <trkpt lat="42.407155" lon="-2.448058">
      <ele>443.7</ele>
    </trkpt>
    <trkpt lat="42.407171" lon="-2.448278">
      <ele>443.9</ele>
    </trkpt>
    <trkpt lat="42.407092" lon="-2.44845">
      <ele>444.1</ele>
    </trkpt>
    <trkpt lat="42.406169" lon="-2.449319">
      <ele>445.2</ele>
    </trkpt>
    <trkpt lat="42.405123" lon="-2.449973">
      <ele>446.5</ele>
    </trkpt>
    <trkpt lat="42.404799" lon="-2.45022">
      <ele>447</ele>
    </trkpt>
    <trkpt lat="42.404755" lon="-2.450279">
      <ele>447</ele>
    </trkpt>
    <trkpt lat="42.404715" lon="-2.450403">
      <ele>447.1</ele>
    </trkpt>
    <trkpt lat="42.404379" lon="-2.450928">
      <ele>447.7</ele>
    </trkpt>
    <trkpt lat="42.404232" lon="-2.451057">
      <ele>447.8</ele>
    </trkpt>
    <trkpt lat="42.404026" lon="-2.451293">
      <ele>448</ele>
    </trkpt>
    <trkpt lat="42.403773" lon="-2.451647">
      <ele>448.2</ele>
    </trkpt>
    <trkpt lat="42.403503" lon="-2.451894">
      <ele>448.3</ele>
    </trkpt>
    <trkpt lat="42.403349" lon="-2.451958">
      <ele>448.3</ele>
    </trkpt>
    <trkpt lat="42.403032" lon="-2.452296">
      <ele>448.4</ele>
    </trkpt>
    <trkpt lat="42.402778" lon="-2.452419">
      <ele>448.6</ele>
    </trkpt>
    <trkpt lat="42.402671" lon="-2.452532">
      <ele>448.6</ele>
    </trkpt>
    <trkpt lat="42.402564" lon="-2.452741">
      <ele>448.8</ele>
    </trkpt>
    <trkpt lat="42.402497" lon="-2.452822">
      <ele>448.8</ele>
    </trkpt>
    <trkpt lat="42.401903" lon="-2.453401">
      <ele>449.7</ele>
    </trkpt>
    <trkpt lat="42.401527" lon="-2.453691">
      <ele>450.3</ele>
    </trkpt>
    <trkpt lat="42.401285" lon="-2.454013">
      <ele>450.8</ele>
    </trkpt>
    <trkpt lat="42.401115" lon="-2.45419">
      <ele>451.2</ele>
    </trkpt>
    <trkpt lat="42.400893" lon="-2.454378">
      <ele>451.6</ele>
    </trkpt>
    <trkpt lat="42.399942" lon="-2.454914">
      <ele>453.5</ele>
    </trkpt>
    <trkpt lat="42.399673" lon="-2.455209">
      <ele>454.1</ele>
    </trkpt>
    <trkpt lat="42.399291" lon="-2.4555">
      <ele>454.8</ele>
    </trkpt>
    <trkpt lat="42.399174" lon="-2.455601">
      <ele>455.1</ele>
    </trkpt>
    <trkpt lat="42.399027" lon="-2.455633">
      <ele>455.3</ele>
    </trkpt>
    <trkpt lat="42.398682" lon="-2.455778">
      <ele>455.9</ele>
    </trkpt>
    <trkpt lat="42.398615" lon="-2.455837">
      <ele>456</ele>
    </trkpt>
    <trkpt lat="42.398587" lon="-2.455938">
      <ele>456.1</ele>
    </trkpt>
    <trkpt lat="42.398587" lon="-2.456046">
      <ele>456.2</ele>
    </trkpt>
    <trkpt lat="42.398666" lon="-2.456899">
      <ele>456.8</ele>
    </trkpt>
    <trkpt lat="42.398583" lon="-2.457349">
      <ele>457.1</ele>
    </trkpt>
    <trkpt lat="42.398536" lon="-2.457494">
      <ele>457.2</ele>
    </trkpt>
    <trkpt lat="42.398381" lon="-2.457778">
      <ele>457.3</ele>
    </trkpt>
    <trkpt lat="42.398318" lon="-2.457982">
      <ele>457.4</ele>
    </trkpt>
    <trkpt lat="42.398258" lon="-2.45831">
      <ele>457.5</ele>
    </trkpt>
    <trkpt lat="42.398274" lon="-2.458476">
      <ele>457.6</ele>
    </trkpt>
    <trkpt lat="42.398334" lon="-2.458615">
      <ele>457.6</ele>
    </trkpt>
    <trkpt lat="42.398385" lon="-2.458868">
      <ele>457.7</ele>
    </trkpt>
    <trkpt lat="42.398365" lon="-2.459109">
      <ele>457.8</ele>
    </trkpt>
    <trkpt lat="42.398337" lon="-2.459192">
      <ele>457.8</ele>
    </trkpt>
    <trkpt lat="42.398148" lon="-2.459651">
      <ele>457.9</ele>
    </trkpt>
    <trkpt lat="42.397874" lon="-2.460783">
      <ele>458.2</ele>
    </trkpt>
    <trkpt lat="42.397828" lon="-2.461691">
      <ele>458.2</ele>
    </trkpt>
    <trkpt lat="42.397822" lon="-2.461786">
      <ele>458.3</ele>
    </trkpt>
    <trkpt lat="42.397938" lon="-2.462607">
      <ele>458.4</ele>
    </trkpt>
    <trkpt lat="42.397942" lon="-2.462875">
      <ele>458.4</ele>
    </trkpt>
    <trkpt lat="42.397827" lon="-2.463591">
      <ele>458.6</ele>
    </trkpt>
    <trkpt lat="42.397799" lon="-2.46376">
      <ele>458.6</ele>
    </trkpt>
    <trkpt lat="42.397565" lon="-2.464554">
      <ele>459.1</ele>
    </trkpt>
    <trkpt lat="42.397542" lon="-2.464854">
      <ele>459.3</ele>
    </trkpt>
    <trkpt lat="42.397549" lon="-2.465262">
      <ele>459.6</ele>
    </trkpt>
    <trkpt lat="42.397617" lon="-2.465541">
      <ele>459.8</ele>
    </trkpt>
    <trkpt lat="42.397786" lon="-2.46581">
      <ele>459.9</ele>
    </trkpt>
    <trkpt lat="42.397882" lon="-2.465975">
      <ele>460</ele>
    </trkpt>
    <trkpt lat="42.397934" lon="-2.466126">
      <ele>460.1</ele>
    </trkpt>
    <trkpt lat="42.398008" lon="-2.466579">
      <ele>460.2</ele>
    </trkpt>
    <trkpt lat="42.398096" lon="-2.467086">
      <ele>460.4</ele>
    </trkpt>
    <trkpt lat="42.398243" lon="-2.467467">
      <ele>460.5</ele>
    </trkpt>
    <trkpt lat="42.39829" lon="-2.468802">
      <ele>461.3</ele>
    </trkpt>
    <trkpt lat="42.398389" lon="-2.46906">
      <ele>461.6</ele>
    </trkpt>
    <trkpt lat="42.398595" lon="-2.469301">
      <ele>462</ele>
    </trkpt>
    <trkpt lat="42.398773" lon="-2.469559">
      <ele>462.4</ele>
    </trkpt>
    <trkpt lat="42.398892" lon="-2.469838">
      <ele>462.8</ele>
    </trkpt>
    <trkpt lat="42.398994" lon="-2.470489">
      <ele>463.5</ele>
    </trkpt>
    <trkpt lat="42.399126" lon="-2.470975">
      <ele>464.2</ele>
    </trkpt>
    <trkpt lat="42.399245" lon="-2.471594">
      <ele>464.8</ele>
    </trkpt>
    <trkpt lat="42.399368" lon="-2.472118">
      <ele>465.3</ele>
    </trkpt>
    <trkpt lat="42.399368" lon="-2.472284">
      <ele>465.4</ele>
    </trkpt>
    <trkpt lat="42.399479" lon="-2.472987">
      <ele>465.9</ele>
    </trkpt>
    <trkpt lat="42.399388" lon="-2.474044">
      <ele>466.6</ele>
    </trkpt>
    <trkpt lat="42.399376" lon="-2.474558">
      <ele>466.8</ele>
    </trkpt>
    <trkpt lat="42.399405" lon="-2.474932">
      <ele>466.9</ele>
    </trkpt>
    <trkpt lat="42.400402" lon="-2.475229">
      <ele>467.6</ele>
    </trkpt>
    <trkpt lat="42.400464" lon="-2.475224">
      <ele>467.6</ele>
    </trkpt>
    <trkpt lat="42.400425" lon="-2.47565">
      <ele>467.9</ele>
    </trkpt>
    <trkpt lat="42.400225" lon="-2.476302">
      <ele>468.3</ele>
    </trkpt>
    <trkpt lat="42.399755" lon="-2.477498">
      <ele>469.4</ele>
    </trkpt>
    <trkpt lat="42.399659" lon="-2.478332">
      <ele>470</ele>
    </trkpt>
    <trkpt lat="42.399785" lon="-2.479817">
      <ele>471.2</ele>
    </trkpt>
    <trkpt lat="42.400015" lon="-2.480827">
      <ele>472.2</ele>
    </trkpt>
    <trkpt lat="42.400264" lon="-2.481506">
      <ele>472.9</ele>
    </trkpt>
    <trkpt lat="42.399666" lon="-2.483073">
      <ele>474.1</ele>
    </trkpt>
    <trkpt lat="42.398887" lon="-2.484348">
      <ele>476.7</ele>
    </trkpt>
    <trkpt lat="42.398765" lon="-2.484512">
      <ele>477.4</ele>
    </trkpt>
    <trkpt lat="42.398566" lon="-2.484696">
      <ele>478.7</ele>
    </trkpt>
    <trkpt lat="42.398332" lon="-2.48498">
      <ele>480.6</ele>
    </trkpt>
    <trkpt lat="42.397627" lon="-2.485954">
      <ele>490.6</ele>
    </trkpt>
    <trkpt lat="42.397455" lon="-2.486158">
      <ele>493.5</ele>
    </trkpt>
    <trkpt lat="42.396912" lon="-2.486917">
      <ele>502.6</ele>
    </trkpt>
    <trkpt lat="42.396615" lon="-2.487158">
      <ele>506.2</ele>
    </trkpt>
    <trkpt lat="42.396502" lon="-2.487397">
      <ele>508.2</ele>
    </trkpt>
    <trkpt lat="42.396306" lon="-2.487636">
      <ele>510.5</ele>
    </trkpt>
    <trkpt lat="42.39626" lon="-2.487799">
      <ele>511.5</ele>
    </trkpt>
    <trkpt lat="42.396244" lon="-2.488119">
      <ele>513.2</ele>
    </trkpt>
    <trkpt lat="42.396213" lon="-2.488314">
      <ele>514.2</ele>
    </trkpt>
    <trkpt lat="42.396149" lon="-2.48847">
      <ele>515.1</ele>
    </trkpt>
    <trkpt lat="42.396108" lon="-2.48865">
      <ele>515.9</ele>
    </trkpt>
    <trkpt lat="42.39611" lon="-2.488805">
      <ele>516.6</ele>
    </trkpt>
    <trkpt lat="42.396209" lon="-2.489221">
      <ele>518.5</ele>
    </trkpt>
    <trkpt lat="42.396155" lon="-2.489524">
      <ele>519.7</ele>
    </trkpt>
    <trkpt lat="42.396088" lon="-2.489639">
      <ele>520.3</ele>
    </trkpt>
    <trkpt lat="42.395803" lon="-2.489816">
      <ele>521.7</ele>
    </trkpt>
    <trkpt lat="42.395664" lon="-2.490012">
      <ele>522.5</ele>
    </trkpt>
    <trkpt lat="42.395561" lon="-2.490106">
      <ele>522.9</ele>
    </trkpt>
    <trkpt lat="42.394943" lon="-2.492145">
      <ele>524.5</ele>
    </trkpt>
    <trkpt lat="42.394776" lon="-2.492569">
      <ele>524.7</ele>
    </trkpt>
    <trkpt lat="42.394717" lon="-2.492719">
      <ele>524.8</ele>
    </trkpt>
    <trkpt lat="42.394618" lon="-2.492912">
      <ele>524.9</ele>
    </trkpt>
    <trkpt lat="42.394052" lon="-2.493636">
      <ele>526</ele>
    </trkpt>
    <trkpt lat="42.393723" lon="-2.494162">
      <ele>527.1</ele>
    </trkpt>
    <trkpt lat="42.393639" lon="-2.494302">
      <ele>527.4</ele>
    </trkpt>
    <trkpt lat="42.39343" lon="-2.494639">
      <ele>528.2</ele>
    </trkpt>
    <trkpt lat="42.393172" lon="-2.495127">
      <ele>529.2</ele>
    </trkpt>
    <trkpt lat="42.392934" lon="-2.495685">
      <ele>530</ele>
    </trkpt>
    <trkpt lat="42.392768" lon="-2.496007">
      <ele>530.4</ele>
    </trkpt>
    <trkpt lat="42.392185" lon="-2.497026">
      <ele>531</ele>
    </trkpt>
    <trkpt lat="42.392031" lon="-2.497482">
      <ele>531</ele>
    </trkpt>
    <trkpt lat="42.391857" lon="-2.49775">
      <ele>531</ele>
    </trkpt>
    <trkpt lat="42.391548" lon="-2.498051">
      <ele>531</ele>
    </trkpt>
    <trkpt lat="42.391159" lon="-2.498485">
      <ele>531.1</ele>
    </trkpt>
    <trkpt lat="42.390747" lon="-2.498979">
      <ele>531.2</ele>
    </trkpt>
    <trkpt lat="42.390501" lon="-2.499325">
      <ele>531.5</ele>
    </trkpt>
    <trkpt lat="42.389963" lon="-2.500089">
      <ele>532.1</ele>
    </trkpt>
    <trkpt lat="42.389634" lon="-2.500443">
      <ele>532.4</ele>
    </trkpt>
    <trkpt lat="42.389052" lon="-2.501661">
      <ele>533.4</ele>
    </trkpt>
    <trkpt lat="42.388604" lon="-2.502326">
      <ele>534</ele>
    </trkpt>
    <trkpt lat="42.388441" lon="-2.502546">
      <ele>534.2</ele>
    </trkpt>
    <trkpt lat="42.388109" lon="-2.502895">
      <ele>534.5</ele>
    </trkpt>
    <trkpt lat="42.387807" lon="-2.503131">
      <ele>534.8</ele>
    </trkpt>
    <trkpt lat="42.387731" lon="-2.503244">
      <ele>534.9</ele>
    </trkpt>
    <trkpt lat="42.387695" lon="-2.503312">
      <ele>534.9</ele>
    </trkpt>
    <trkpt lat="42.387633" lon="-2.503444">
      <ele>535</ele>
    </trkpt>
    <trkpt lat="42.387359" lon="-2.503969">
      <ele>535.3</ele>
    </trkpt>
    <trkpt lat="42.386843" lon="-2.504848">
      <ele>536.1</ele>
    </trkpt>
    <trkpt lat="42.386227" lon="-2.505536">
      <ele>537.1</ele>
    </trkpt>
    <trkpt lat="42.385383" lon="-2.506637">
      <ele>539.3</ele>
    </trkpt>
    <trkpt lat="42.383409" lon="-2.508018">
      <ele>545.6</ele>
    </trkpt>
    <trkpt lat="42.383371" lon="-2.507961">
      <ele>545.8</ele>
    </trkpt>
    <trkpt lat="42.383409" lon="-2.508018">
      <ele>546</ele>
    </trkpt>
    <trkpt lat="42.381854" lon="-2.509122">
      <ele>553.5</ele>
    </trkpt>
    <trkpt lat="42.38054" lon="-2.510054">
      <ele>560</ele>
    </trkpt>
    <trkpt lat="42.379682" lon="-2.510462">
      <ele>563.9</ele>
    </trkpt>
    <trkpt lat="42.379275" lon="-2.51073">
      <ele>565.9</ele>
    </trkpt>
    <trkpt lat="42.378091" lon="-2.511174">
      <ele>571.9</ele>
    </trkpt>
    <trkpt lat="42.377912" lon="-2.511209">
      <ele>572.8</ele>
    </trkpt>
    <trkpt lat="42.377781" lon="-2.511166">
      <ele>573.5</ele>
    </trkpt>
    <trkpt lat="42.376675" lon="-2.511739">
      <ele>580.3</ele>
    </trkpt>
    <trkpt lat="42.376081" lon="-2.512238">
      <ele>584.3</ele>
    </trkpt>
    <trkpt lat="42.374722" lon="-2.512521">
      <ele>591</ele>
    </trkpt>
    <trkpt lat="42.37419" lon="-2.512838">
      <ele>593.1</ele>
    </trkpt>
    <trkpt lat="42.373382" lon="-2.513016">
      <ele>595.8</ele>
    </trkpt>
    <trkpt lat="42.373087" lon="-2.513121">
      <ele>596.7</ele>
    </trkpt>
    <trkpt lat="42.373005" lon="-2.513251">
      <ele>597.1</ele>
    </trkpt>
    <trkpt lat="42.372686" lon="-2.513203">
      <ele>598</ele>
    </trkpt>
    <trkpt lat="42.372515" lon="-2.513607">
      <ele>599.1</ele>
    </trkpt>
    <trkpt lat="42.372165" lon="-2.513813">
      <ele>600.3</ele>
    </trkpt>
    <trkpt lat="42.371126" lon="-2.514528">
      <ele>604.6</ele>
    </trkpt>
    <trkpt lat="42.370364" lon="-2.514969">
      <ele>608</ele>
    </trkpt>
    <trkpt lat="42.370266" lon="-2.51499">
      <ele>608.4</ele>
    </trkpt>
    <trkpt lat="42.369345" lon="-2.515071">
      <ele>611.8</ele>
    </trkpt>
    <trkpt lat="42.369072" lon="-2.515152">
      <ele>612.6</ele>
    </trkpt>
    <trkpt lat="42.368848" lon="-2.515368">
      <ele>613.3</ele>
    </trkpt>
    <trkpt lat="42.368639" lon="-2.51544">
      <ele>613.9</ele>
    </trkpt>
    <trkpt lat="42.367894" lon="-2.515287">
      <ele>615.6</ele>
    </trkpt>
    <trkpt lat="42.367709" lon="-2.515225">
      <ele>616.1</ele>
    </trkpt>
    <trkpt lat="42.36728" lon="-2.515301">
      <ele>617.2</ele>
    </trkpt>
    <trkpt lat="42.366862" lon="-2.515512">
      <ele>618.5</ele>
    </trkpt>
    <trkpt lat="42.366889" lon="-2.517261">
      <ele>623.8</ele>
    </trkpt>
    <trkpt lat="42.366977" lon="-2.517981">
      <ele>626.4</ele>
    </trkpt>
    <trkpt lat="42.367024" lon="-2.519396">
      <ele>631.6</ele>
    </trkpt>
    <trkpt lat="42.367018" lon="-2.519823">
      <ele>633.2</ele>
    </trkpt>
    <trkpt lat="42.367088" lon="-2.520757">
      <ele>636.5</ele>
    </trkpt>
    <trkpt lat="42.36714" lon="-2.521431">
      <ele>638.8</ele>
    </trkpt>
    <trkpt lat="42.367047" lon="-2.522834">
      <ele>643.8</ele>
    </trkpt>
    <trkpt lat="42.36698" lon="-2.523024">
      <ele>644.6</ele>
    </trkpt>
    <trkpt lat="42.366862" lon="-2.523169">
      <ele>645.5</ele>
    </trkpt>
    <trkpt lat="42.36634" lon="-2.524091">
      <ele>650.5</ele>
    </trkpt>
    <trkpt lat="42.366011" lon="-2.524888">
      <ele>653.5</ele>
    </trkpt>
    <trkpt lat="42.365822" lon="-2.525219">
      <ele>654.5</ele>
    </trkpt>
    <trkpt lat="42.365805" lon="-2.525288">
      <ele>654.7</ele>
    </trkpt>
    <trkpt lat="42.365807" lon="-2.525442">
      <ele>655.1</ele>
    </trkpt>
    <trkpt lat="42.365925" lon="-2.526015">
      <ele>656.3</ele>
    </trkpt>
    <trkpt lat="42.365947" lon="-2.526261">
      <ele>656.8</ele>
    </trkpt>
    <trkpt lat="42.365953" lon="-2.526274">
      <ele>656.9</ele>
    </trkpt>
    <trkpt lat="42.365996" lon="-2.526336">
      <ele>657</ele>
    </trkpt>
    <trkpt lat="42.366004" lon="-2.526349">
      <ele>657</ele>
    </trkpt>
    <trkpt lat="42.366357" lon="-2.527377">
      <ele>659.3</ele>
    </trkpt>
    <trkpt lat="42.366384" lon="-2.528088">
      <ele>661.6</ele>
    </trkpt>
    <trkpt lat="42.366416" lon="-2.528145">
      <ele>661.8</ele>
    </trkpt>
    <trkpt lat="42.366282" lon="-2.52838">
      <ele>662.8</ele>
    </trkpt>
    <trkpt lat="42.36612" lon="-2.528585">
      <ele>663.8</ele>
    </trkpt>
    <trkpt lat="42.366075" lon="-2.528701">
      <ele>664.2</ele>
    </trkpt>
    <trkpt lat="42.366138" lon="-2.528999">
      <ele>665.3</ele>
    </trkpt>
    <trkpt lat="42.366233" lon="-2.529807">
      <ele>668.5</ele>
    </trkpt>
    <trkpt lat="42.366235" lon="-2.530139">
      <ele>669.9</ele>
    </trkpt>
    <trkpt lat="42.366194" lon="-2.530341">
      <ele>670.8</ele>
    </trkpt>
    <trkpt lat="42.366095" lon="-2.53047">
      <ele>671.5</ele>
    </trkpt>
    <trkpt lat="42.365785" lon="-2.530714">
      <ele>673.7</ele>
    </trkpt>
    <trkpt lat="42.365605" lon="-2.530903">
      <ele>675.2</ele>
    </trkpt>
    <trkpt lat="42.365405" lon="-2.530995">
      <ele>676.6</ele>
    </trkpt>
    <trkpt lat="42.36522" lon="-2.531077">
      <ele>678</ele>
    </trkpt>
    <trkpt lat="42.365027" lon="-2.531302">
      <ele>679.6</ele>
    </trkpt>
    <trkpt lat="42.364654" lon="-2.532051">
      <ele>683.1</ele>
    </trkpt>
    <trkpt lat="42.364599" lon="-2.532161">
      <ele>683.7</ele>
    </trkpt>
    <trkpt lat="42.364429" lon="-2.532015">
      <ele>684.8</ele>
    </trkpt>
    <trkpt lat="42.364384" lon="-2.532097">
      <ele>685.3</ele>
    </trkpt>
    <trkpt lat="42.364408" lon="-2.532165">
      <ele>685.6</ele>
    </trkpt>
    <trkpt lat="42.364493" lon="-2.532199">
      <ele>686.1</ele>
    </trkpt>
    <trkpt lat="42.36462" lon="-2.53234">
      <ele>687</ele>
    </trkpt>
    <trkpt lat="42.364755" lon="-2.532564">
      <ele>688.2</ele>
    </trkpt>
    <trkpt lat="42.364762" lon="-2.532658">
      <ele>688.6</ele>
    </trkpt>
    <trkpt lat="42.364707" lon="-2.532791">
      <ele>689.1</ele>
    </trkpt>
    <trkpt lat="42.364648" lon="-2.532862">
      <ele>689.6</ele>
    </trkpt>
    <trkpt lat="42.364569" lon="-2.53303">
      <ele>690.3</ele>
    </trkpt>
    <trkpt lat="42.364386" lon="-2.533546">
      <ele>692.8</ele>
    </trkpt>
    <trkpt lat="42.364165" lon="-2.53428">
      <ele>696.9</ele>
    </trkpt>
    <trkpt lat="42.363943" lon="-2.534956">
      <ele>700.9</ele>
    </trkpt>
    <trkpt lat="42.363787" lon="-2.535368">
      <ele>703.4</ele>
    </trkpt>
    <trkpt lat="42.363248" lon="-2.536341">
      <ele>710.1</ele>
    </trkpt>
    <trkpt lat="42.362838" lon="-2.536867">
      <ele>714.1</ele>
    </trkpt>
    <trkpt lat="42.362757" lon="-2.537038">
      <ele>715.2</ele>
    </trkpt>
    <trkpt lat="42.362512" lon="-2.537549">
      <ele>718.3</ele>
    </trkpt>
    <trkpt lat="42.362343" lon="-2.537998">
      <ele>720.8</ele>
    </trkpt>
    <trkpt lat="42.362178" lon="-2.53836">
      <ele>722.8</ele>
    </trkpt>
    <trkpt lat="42.361854" lon="-2.538911">
      <ele>726</ele>
    </trkpt>
    <trkpt lat="42.361674" lon="-2.539343">
      <ele>728.2</ele>
    </trkpt>
    <trkpt lat="42.361271" lon="-2.539862">
      <ele>731.5</ele>
    </trkpt>
    <trkpt lat="42.361237" lon="-2.539901">
      <ele>731.7</ele>
    </trkpt>
    <trkpt lat="42.360981" lon="-2.540187">
      <ele>733.5</ele>
    </trkpt>
    <trkpt lat="42.360008" lon="-2.540928">
      <ele>739.6</ele>
    </trkpt>
    <trkpt lat="42.359607" lon="-2.541323">
      <ele>742.6</ele>
    </trkpt>
    <trkpt lat="42.359569" lon="-2.541348">
      <ele>742.9</ele>
    </trkpt>
    <trkpt lat="42.359586" lon="-2.541503">
      <ele>743.6</ele>
    </trkpt>
    <trkpt lat="42.359626" lon="-2.541892">
      <ele>745.7</ele>
    </trkpt>
    <trkpt lat="42.359643" lon="-2.54211">
      <ele>746.9</ele>
    </trkpt>
    <trkpt lat="42.359657" lon="-2.542708">
      <ele>750.3</ele>
    </trkpt>
    <trkpt lat="42.359607" lon="-2.543208">
      <ele>753.3</ele>
    </trkpt>
    <trkpt lat="42.359538" lon="-2.5436">
      <ele>755.9</ele>
    </trkpt>
    <trkpt lat="42.358887" lon="-2.54609">
      <ele>772.4</ele>
    </trkpt>
    <trkpt lat="42.358873" lon="-2.546146">
      <ele>772.7</ele>
    </trkpt>
    <trkpt lat="42.358896" lon="-2.546384">
      <ele>774.1</ele>
    </trkpt>
    <trkpt lat="42.358935" lon="-2.546523">
      <ele>775</ele>
    </trkpt>
    <trkpt lat="42.358999" lon="-2.546598">
      <ele>775.7</ele>
    </trkpt>
    <trkpt lat="42.359049" lon="-2.546717">
      <ele>776.5</ele>
    </trkpt>
    <trkpt lat="42.359063" lon="-2.546852">
      <ele>777.3</ele>
    </trkpt>
    <trkpt lat="42.35904" lon="-2.546985">
      <ele>778</ele>
    </trkpt>
    <trkpt lat="42.358983" lon="-2.547098">
      <ele>778.7</ele>
    </trkpt>
    <trkpt lat="42.3589" lon="-2.547176">
      <ele>779.3</ele>
    </trkpt>
    <trkpt lat="42.358802" lon="-2.547207">
      <ele>780</ele>
    </trkpt>
    <trkpt lat="42.358698" lon="-2.547187">
      <ele>780.6</ele>
    </trkpt>
    <trkpt lat="42.358693" lon="-2.547262">
      <ele>781</ele>
    </trkpt>
    <trkpt lat="42.358718" lon="-2.547398">
      <ele>781.7</ele>
    </trkpt>
    <trkpt lat="42.358776" lon="-2.547495">
      <ele>782.3</ele>
    </trkpt>
    <trkpt lat="42.359125" lon="-2.547841">
      <ele>785.1</ele>
    </trkpt>
    <trkpt lat="42.359299" lon="-2.548008">
      <ele>786.3</ele>
    </trkpt>
    <trkpt lat="42.359092" lon="-2.548372">
      <ele>788</ele>
    </trkpt>
    <trkpt lat="42.358639" lon="-2.548892">
      <ele>790.6</ele>
    </trkpt>
    <trkpt lat="42.358575" lon="-2.548892">
      <ele>791</ele>
    </trkpt>
    <trkpt lat="42.358489" lon="-2.548803">
      <ele>791.6</ele>
    </trkpt>
    <trkpt lat="42.358307" lon="-2.548679">
      <ele>792.8</ele>
    </trkpt>
    <trkpt lat="42.358217" lon="-2.548661">
      <ele>793.4</ele>
    </trkpt>
    <trkpt lat="42.358086" lon="-2.549256">
      <ele>796.2</ele>
    </trkpt>
    <trkpt lat="42.357966" lon="-2.54963">
      <ele>798.3</ele>
    </trkpt>
    <trkpt lat="42.357944" lon="-2.550057">
      <ele>800.9</ele>
    </trkpt>
    <trkpt lat="42.357844" lon="-2.550785">
      <ele>806.1</ele>
    </trkpt>
    <trkpt lat="42.357719" lon="-2.551381">
      <ele>810.4</ele>
    </trkpt>
    <trkpt lat="42.357364" lon="-2.552497">
      <ele>818.3</ele>
    </trkpt>
    <trkpt lat="42.357244" lon="-2.552768">
      <ele>820.3</ele>
    </trkpt>
    <trkpt lat="42.357046" lon="-2.553394">
      <ele>824.3</ele>
    </trkpt>
    <trkpt lat="42.356951" lon="-2.553556">
      <ele>825.5</ele>
    </trkpt>
    <trkpt lat="42.356738" lon="-2.554258">
      <ele>830</ele>
    </trkpt>
    <trkpt lat="42.356687" lon="-2.554354">
      <ele>830.7</ele>
    </trkpt>
    <trkpt lat="42.356584" lon="-2.554549">
      <ele>832</ele>
    </trkpt>
    <trkpt lat="42.35642" lon="-2.555121">
      <ele>835.4</ele>
    </trkpt>
    <trkpt lat="42.356288" lon="-2.555972">
      <ele>839.4</ele>
    </trkpt>
    <trkpt lat="42.356309" lon="-2.556299">
      <ele>841</ele>
    </trkpt>
    <trkpt lat="42.356186" lon="-2.556526">
      <ele>842.2</ele>
    </trkpt>
    <trkpt lat="42.356042" lon="-2.556963">
      <ele>843.5</ele>
    </trkpt>
    <trkpt lat="42.355908" lon="-2.557288">
      <ele>844.6</ele>
    </trkpt>
    <trkpt lat="42.355788" lon="-2.557508">
      <ele>845.5</ele>
    </trkpt>
    <trkpt lat="42.355725" lon="-2.55758">
      <ele>845.9</ele>
    </trkpt>
    <trkpt lat="42.355654" lon="-2.557592">
      <ele>846.2</ele>
    </trkpt>
    <trkpt lat="42.355654" lon="-2.557387">
      <ele>847</ele>
    </trkpt>
    <trkpt lat="42.355629" lon="-2.557299">
      <ele>847.4</ele>
    </trkpt>
    <trkpt lat="42.355594" lon="-2.557265">
      <ele>847.6</ele>
    </trkpt>
    <trkpt lat="42.35549" lon="-2.557248">
      <ele>848.3</ele>
    </trkpt>
    <trkpt lat="42.35547" lon="-2.557245">
      <ele>848.4</ele>
    </trkpt>
    <trkpt lat="42.355425" lon="-2.557226">
      <ele>848.7</ele>
    </trkpt>
    <trkpt lat="42.355302" lon="-2.557245">
      <ele>849.5</ele>
    </trkpt>
    <trkpt lat="42.355166" lon="-2.557751">
      <ele>852.4</ele>
    </trkpt>
    <trkpt lat="42.355171" lon="-2.558044">
      <ele>854</ele>
    </trkpt>
    <trkpt lat="42.3547" lon="-2.558752">
      <ele>861.2</ele>
    </trkpt>
    <trkpt lat="42.354457" lon="-2.558986">
      <ele>864.7</ele>
    </trkpt>
    <trkpt lat="42.35425" lon="-2.559453">
      <ele>869.6</ele>
    </trkpt>
    <trkpt lat="42.353984" lon="-2.559765">
      <ele>873.9</ele>
    </trkpt>
    <trkpt lat="42.353803" lon="-2.560129">
      <ele>877.7</ele>
    </trkpt>
    <trkpt lat="42.35364" lon="-2.560704">
      <ele>882.8</ele>
    </trkpt>
    <trkpt lat="42.353375" lon="-2.561493">
      <ele>888.9</ele>
    </trkpt>
    <trkpt lat="42.353356" lon="-2.561591">
      <ele>889.5</ele>
    </trkpt>
    <trkpt lat="42.353164" lon="-2.562586">
      <ele>894.9</ele>
    </trkpt>
    <trkpt lat="42.352902" lon="-2.564248">
      <ele>901.5</ele>
    </trkpt>
    <trkpt lat="42.352948" lon="-2.564325">
      <ele>901.8</ele>
    </trkpt>
    <trkpt lat="42.352967" lon="-2.56455">
      <ele>902.7</ele>
    </trkpt>
    <trkpt lat="42.352913" lon="-2.564851">
      <ele>903.8</ele>
    </trkpt>
    <trkpt lat="42.352999" lon="-2.564884">
      <ele>904.3</ele>
    </trkpt>
    <trkpt lat="42.353061" lon="-2.565133">
      <ele>905.3</ele>
    </trkpt>
    <trkpt lat="42.353097" lon="-2.565159">
      <ele>905.5</ele>
    </trkpt>
    <trkpt lat="42.353062" lon="-2.565265">
      <ele>905.9</ele>
    </trkpt>
    <trkpt lat="42.352585" lon="-2.565987">
      <ele>910.1</ele>
    </trkpt>
    <trkpt lat="42.352399" lon="-2.566273">
      <ele>912.1</ele>
    </trkpt>
    <trkpt lat="42.352277" lon="-2.566618">
      <ele>914.3</ele>
    </trkpt>
    <trkpt lat="42.352117" lon="-2.566907">
      <ele>916.4</ele>
    </trkpt>
    <trkpt lat="42.351792" lon="-2.567142">
      <ele>919.6</ele>
    </trkpt>
    <trkpt lat="42.351626" lon="-2.567329">
      <ele>921.6</ele>
    </trkpt>
    <trkpt lat="42.351357" lon="-2.567515">
      <ele>924.8</ele>
    </trkpt>
    <trkpt lat="42.351122" lon="-2.567796">
      <ele>928.4</ele>
    </trkpt>
    <trkpt lat="42.350811" lon="-2.567973">
      <ele>932.6</ele>
    </trkpt>
    <trkpt lat="42.350606" lon="-2.567875">
      <ele>935.5</ele>
    </trkpt>
    <trkpt lat="42.350169" lon="-2.568225">
      <ele>943.1</ele>
    </trkpt>
    <trkpt lat="42.349852" lon="-2.568281">
      <ele>948.4</ele>
    </trkpt>
    <trkpt lat="42.349427" lon="-2.568207">
      <ele>956</ele>
    </trkpt>
    <trkpt lat="42.348891" lon="-2.568378">
      <ele>966.1</ele>
    </trkpt>
    <trkpt lat="42.348623" lon="-2.568683">
      <ele>972.8</ele>
    </trkpt>
    <trkpt lat="42.348437" lon="-2.56873">
      <ele>976</ele>
    </trkpt>
    <trkpt lat="42.347987" lon="-2.569045">
      <ele>983</ele>
    </trkpt>
    <trkpt lat="42.347719" lon="-2.569038">
      <ele>985.9</ele>
    </trkpt>
    <trkpt lat="42.347634" lon="-2.569081">
      <ele>986.8</ele>
    </trkpt>
    <trkpt lat="42.347683" lon="-2.568806">
      <ele>988.6</ele>
    </trkpt>
    <trkpt lat="42.347669" lon="-2.568516">
      <ele>990.3</ele>
    </trkpt>
    <trkpt lat="42.347612" lon="-2.568235">
      <ele>991.8</ele>
    </trkpt>
    <trkpt lat="42.347543" lon="-2.568097">
      <ele>992.6</ele>
    </trkpt>
    <trkpt lat="42.347439" lon="-2.567992">
      <ele>993.3</ele>
    </trkpt>
    <trkpt lat="42.347316" lon="-2.567934">
      <ele>993.9</ele>
    </trkpt>
    <trkpt lat="42.347197" lon="-2.567962">
      <ele>994.3</ele>
    </trkpt>
    <trkpt lat="42.347117" lon="-2.568036">
      <ele>994.6</ele>
    </trkpt>
    <trkpt lat="42.347045" lon="-2.568132">
      <ele>995</ele>
    </trkpt>
    <trkpt lat="42.346827" lon="-2.568673">
      <ele>997.2</ele>
    </trkpt>
    <trkpt lat="42.34677" lon="-2.568701">
      <ele>997.5</ele>
    </trkpt>
    <trkpt lat="42.346669" lon="-2.568682">
      <ele>998.3</ele>
    </trkpt>
    <trkpt lat="42.346133" lon="-2.568067">
      <ele>1005.3</ele>
    </trkpt>
    <trkpt lat="42.34593" lon="-2.567967">
      <ele>1008</ele>
    </trkpt>
    <trkpt lat="42.34593" lon="-2.568017">
      <ele>1008.5</ele>
    </trkpt>
    <trkpt lat="42.345815" lon="-2.568267">
      <ele>1011.4</ele>
    </trkpt>
    <trkpt lat="42.345505" lon="-2.56838">
      <ele>1016.2</ele>
    </trkpt>
    <trkpt lat="42.345069" lon="-2.56824">
      <ele>1023.8</ele>
    </trkpt>
    <trkpt lat="42.344787" lon="-2.568217">
      <ele>1028.8</ele>
    </trkpt>
    <trkpt lat="42.344524" lon="-2.568134">
      <ele>1033.3</ele>
    </trkpt>
    <trkpt lat="42.344318" lon="-2.567983">
      <ele>1036.9</ele>
    </trkpt>
    <trkpt lat="42.343915" lon="-2.567287">
      <ele>1045.5</ele>
    </trkpt>
    <trkpt lat="42.343513" lon="-2.566826">
      <ele>1050.6</ele>
    </trkpt>
    <trkpt lat="42.343387" lon="-2.566611">
      <ele>1052</ele>
    </trkpt>
    <trkpt lat="42.343343" lon="-2.566312">
      <ele>1053.5</ele>
    </trkpt>
    <trkpt lat="42.343214" lon="-2.566282">
      <ele>1054.3</ele>
    </trkpt>
    <trkpt lat="42.343083" lon="-2.566384">
      <ele>1055.3</ele>
    </trkpt>
    <trkpt lat="42.342977" lon="-2.566225">
      <ele>1056.2</ele>
    </trkpt>
    <trkpt lat="42.342995" lon="-2.565828">
      <ele>1058</ele>
    </trkpt>
    <trkpt lat="42.342897" lon="-2.565967">
      <ele>1058.8</ele>
    </trkpt>
    <trkpt lat="42.342852" lon="-2.566073">
      <ele>1059.4</ele>
    </trkpt>
    <trkpt lat="42.342817" lon="-2.566447">
      <ele>1061.2</ele>
    </trkpt>
    <trkpt lat="42.342745" lon="-2.566524">
      <ele>1061.9</ele>
    </trkpt>
    <trkpt lat="42.342614" lon="-2.566565">
      <ele>1062.9</ele>
    </trkpt>
    <trkpt lat="42.342606" lon="-2.566758">
      <ele>1064.2</ele>
    </trkpt>
    <trkpt lat="42.342514" lon="-2.566803">
      <ele>1065.1</ele>
    </trkpt>
    <trkpt lat="42.342552" lon="-2.567031">
      <ele>1066.9</ele>
    </trkpt>
    <trkpt lat="42.34241" lon="-2.56694">
      <ele>1068.8</ele>
    </trkpt>
    <trkpt lat="42.342472" lon="-2.567118">
      <ele>1070.5</ele>
    </trkpt>
    <trkpt lat="42.342415" lon="-2.567165">
      <ele>1071.3</ele>
    </trkpt>
    <trkpt lat="42.342423" lon="-2.567403">
      <ele>1073.5</ele>
    </trkpt>
    <trkpt lat="42.342373" lon="-2.567428">
      <ele>1074.2</ele>
    </trkpt>
    <trkpt lat="42.342277" lon="-2.567337">
      <ele>1075.7</ele>
    </trkpt>
    <trkpt lat="42.342236" lon="-2.567409">
      <ele>1076.6</ele>
    </trkpt>
    <trkpt lat="42.34225" lon="-2.567674">
      <ele>1079.3</ele>
    </trkpt>
    <trkpt lat="42.342323" lon="-2.567883">
      <ele>1081.7</ele>
    </trkpt>
    <trkpt lat="42.342306" lon="-2.567902">
      <ele>1082</ele>
    </trkpt>
    <trkpt lat="42.342243" lon="-2.567861">
      <ele>1083.1</ele>
    </trkpt>
    <trkpt lat="42.342219" lon="-2.567876">
      <ele>1083.5</ele>
    </trkpt>
    <trkpt lat="42.34226" lon="-2.568068">
      <ele>1085.8</ele>
    </trkpt>
    <trkpt lat="42.342209" lon="-2.568043">
      <ele>1086.7</ele>
    </trkpt>
    <trkpt lat="42.342125" lon="-2.567894">
      <ele>1088.9</ele>
    </trkpt>
    <trkpt lat="42.342098" lon="-2.567891">
      <ele>1089.4</ele>
    </trkpt>
    <trkpt lat="42.342106" lon="-2.568024">
      <ele>1091</ele>
    </trkpt>
    <trkpt lat="42.342086" lon="-2.568169">
      <ele>1092.8</ele>
    </trkpt>
    <trkpt lat="42.342009" lon="-2.568249">
      <ele>1094.5</ele>
    </trkpt>
    <trkpt lat="42.342001" lon="-2.568399">
      <ele>1096.3</ele>
    </trkpt>
    <trkpt lat="42.341937" lon="-2.568415">
      <ele>1097.5</ele>
    </trkpt>
    <trkpt lat="42.341954" lon="-2.568569">
      <ele>1099.4</ele>
    </trkpt>
    <trkpt lat="42.341875" lon="-2.568839">
      <ele>1103.1</ele>
    </trkpt>
    <trkpt lat="42.341801" lon="-2.568853">
      <ele>1104.4</ele>
    </trkpt>
    <trkpt lat="42.341811" lon="-2.568975">
      <ele>1105.9</ele>
    </trkpt>
    <trkpt lat="42.341913" lon="-2.569311">
      <ele>1110.3</ele>
    </trkpt>
    <trkpt lat="42.341881" lon="-2.569378">
      <ele>1111.2</ele>
    </trkpt>
    <trkpt lat="42.341824" lon="-2.569392">
      <ele>1112.1</ele>
    </trkpt>
    <trkpt lat="42.341726" lon="-2.56924">
      <ele>1114.4</ele>
    </trkpt>
    <trkpt lat="42.341663" lon="-2.569204">
      <ele>1115.4</ele>
    </trkpt>
    <trkpt lat="42.341663" lon="-2.569512">
      <ele>1118.6</ele>
    </trkpt>
    <trkpt lat="42.341741" lon="-2.569776">
      <ele>1121.2</ele>
    </trkpt>
    <trkpt lat="42.341845" lon="-2.569992">
      <ele>1123.5</ele>
    </trkpt>
    <trkpt lat="42.341864" lon="-2.570118">
      <ele>1124.6</ele>
    </trkpt>
    <trkpt lat="42.341633" lon="-2.569966">
      <ele>1127.5</ele>
    </trkpt>
    <trkpt lat="42.34153" lon="-2.569792">
      <ele>1129.4</ele>
    </trkpt>
    <trkpt lat="42.34147" lon="-2.569768">
      <ele>1130.2</ele>
    </trkpt>
    <trkpt lat="42.341383" lon="-2.569791">
      <ele>1131.3</ele>
    </trkpt>
    <trkpt lat="42.341346" lon="-2.569818">
      <ele>1131.8</ele>
    </trkpt>
    <trkpt lat="42.34133" lon="-2.569876">
      <ele>1132.3</ele>
    </trkpt>
    <trkpt lat="42.34137" lon="-2.569982">
      <ele>1133.4</ele>
    </trkpt>
    <trkpt lat="42.341332" lon="-2.570022">
      <ele>1134</ele>
    </trkpt>
    <trkpt lat="42.34131" lon="-2.57011">
      <ele>1134.8</ele>
    </trkpt>
    <trkpt lat="42.341189" lon="-2.570148">
      <ele>1136.2</ele>
    </trkpt>
    <trkpt lat="42.341068" lon="-2.57011">
      <ele>1137.4</ele>
    </trkpt>
    <trkpt lat="42.341122" lon="-2.570445">
      <ele>1139.7</ele>
    </trkpt>
    <trkpt lat="42.341038" lon="-2.570452">
      <ele>1140.3</ele>
    </trkpt>
    <trkpt lat="42.341059" lon="-2.570548">
      <ele>1140.8</ele>
    </trkpt>
    <trkpt lat="42.341019" lon="-2.570618">
      <ele>1141.2</ele>
    </trkpt>
    <trkpt lat="42.340944" lon="-2.57064">
      <ele>1141.6</ele>
    </trkpt>
    <trkpt lat="42.340916" lon="-2.57077">
      <ele>1142.2</ele>
    </trkpt>
    <trkpt lat="42.340958" lon="-2.571018">
      <ele>1142.7</ele>
    </trkpt>
    <trkpt lat="42.341191" lon="-2.571571">
      <ele>1141</ele>
    </trkpt>
    <trkpt lat="42.341252" lon="-2.571526">
      <ele>1140.4</ele>
    </trkpt>
    <trkpt lat="42.341295" lon="-2.571587">
      <ele>1139.8</ele>
    </trkpt>
    <trkpt lat="42.341365" lon="-2.571605">
      <ele>1138.9</ele>
    </trkpt>
    <trkpt lat="42.341522" lon="-2.571713">
      <ele>1136.5</ele>
    </trkpt>
    <trkpt lat="42.341659" lon="-2.571509">
      <ele>1132.8</ele>
    </trkpt>
    <trkpt lat="42.341879" lon="-2.571302">
      <ele>1127.4</ele>
    </trkpt>
    <trkpt lat="42.341951" lon="-2.571235">
      <ele>1125.6</ele>
    </trkpt>
    <trkpt lat="42.342144" lon="-2.571307">
      <ele>1121.7</ele>
    </trkpt>
    <trkpt lat="42.342331" lon="-2.571141">
      <ele>1117.6</ele>
    </trkpt>
    <trkpt lat="42.342667" lon="-2.571334">
      <ele>1112</ele>
    </trkpt>
    <trkpt lat="42.342878" lon="-2.57182">
      <ele>1108.3</ele>
    </trkpt>
    <trkpt lat="42.342841" lon="-2.572018">
      <ele>1107.9</ele>
    </trkpt>
    <trkpt lat="42.342699" lon="-2.57232">
      <ele>1107.7</ele>
    </trkpt>
    <trkpt lat="42.342272" lon="-2.573079">
      <ele>1110.3</ele>
    </trkpt>
    <trkpt lat="42.342218" lon="-2.573215">
      <ele>1110.9</ele>
    </trkpt>
    <trkpt lat="42.342202" lon="-2.573329">
      <ele>1111.3</ele>
    </trkpt>
    <trkpt lat="42.342242" lon="-2.573405">
      <ele>1111.6</ele>
    </trkpt>
    <trkpt lat="42.342315" lon="-2.573459">
      <ele>1112</ele>
    </trkpt>
    <trkpt lat="42.342608" lon="-2.573476">
      <ele>1112.8</ele>
    </trkpt>
    <trkpt lat="42.34293" lon="-2.573587">
      <ele>1113.2</ele>
    </trkpt>
    <trkpt lat="42.343256" lon="-2.573633">
      <ele>1113.1</ele>
    </trkpt>
    <trkpt lat="42.34344" lon="-2.573707">
      <ele>1112.9</ele>
    </trkpt>
    <trkpt lat="42.34412" lon="-2.57409">
      <ele>1112.1</ele>
    </trkpt>
    <trkpt lat="42.344508" lon="-2.574267">
      <ele>1111.3</ele>
    </trkpt>
    <trkpt lat="42.344619" lon="-2.574354">
      <ele>1111</ele>
    </trkpt>
    <trkpt lat="42.344685" lon="-2.574463">
      <ele>1110.7</ele>
    </trkpt>
    <trkpt lat="42.344836" lon="-2.574977">
      <ele>1108.9</ele>
    </trkpt>
    <trkpt lat="42.344902" lon="-2.575113">
      <ele>1108.1</ele>
    </trkpt>
    <trkpt lat="42.345145" lon="-2.575382">
      <ele>1105.3</ele>
    </trkpt>
    <trkpt lat="42.345354" lon="-2.575532">
      <ele>1102.7</ele>
    </trkpt>
    <trkpt lat="42.345394" lon="-2.575622">
      <ele>1101.7</ele>
    </trkpt>
    <trkpt lat="42.345396" lon="-2.575684">
      <ele>1101.2</ele>
    </trkpt>
    <trkpt lat="42.345502" lon="-2.575755">
      <ele>1099.5</ele>
    </trkpt>
    <trkpt lat="42.345592" lon="-2.575692">
      <ele>1098.1</ele>
    </trkpt>
    <trkpt lat="42.345742" lon="-2.57566">
      <ele>1095.7</ele>
    </trkpt>
    <trkpt lat="42.345873" lon="-2.57555">
      <ele>1093.1</ele>
    </trkpt>
    <trkpt lat="42.346166" lon="-2.575485">
      <ele>1087.6</ele>
    </trkpt>
    <trkpt lat="42.346299" lon="-2.5753">
      <ele>1083.8</ele>
    </trkpt>
    <trkpt lat="42.346443" lon="-2.575195">
      <ele>1080.4</ele>
    </trkpt>
    <trkpt lat="42.346753" lon="-2.575062">
      <ele>1073.2</ele>
    </trkpt>
    <trkpt lat="42.346874" lon="-2.575043">
      <ele>1070.6</ele>
    </trkpt>
    <trkpt lat="42.346933" lon="-2.574983">
      <ele>1069</ele>
    </trkpt>
    <trkpt lat="42.34709" lon="-2.574957">
      <ele>1065.7</ele>
    </trkpt>
    <trkpt lat="42.347235" lon="-2.574772">
      <ele>1061.6</ele>
    </trkpt>
    <trkpt lat="42.347388" lon="-2.574735">
      <ele>1058.4</ele>
    </trkpt>
    <trkpt lat="42.347559" lon="-2.574621">
      <ele>1054.6</ele>
    </trkpt>
    <trkpt lat="42.347916" lon="-2.57456">
      <ele>1047.6</ele>
    </trkpt>
    <trkpt lat="42.347968" lon="-2.574495">
      <ele>1046.2</ele>
    </trkpt>
    <trkpt lat="42.348213" lon="-2.574403">
      <ele>1041.4</ele>
    </trkpt>
    <trkpt lat="42.348329" lon="-2.574322">
      <ele>1039</ele>
    </trkpt>
    <trkpt lat="42.348444" lon="-2.574303">
      <ele>1036.8</ele>
    </trkpt>
    <trkpt lat="42.34857" lon="-2.574184">
      <ele>1034</ele>
    </trkpt>
    <trkpt lat="42.34865" lon="-2.574212">
      <ele>1032.5</ele>
    </trkpt>
    <trkpt lat="42.348698" lon="-2.574158">
      <ele>1031.4</ele>
    </trkpt>
    <trkpt lat="42.348884" lon="-2.574179">
      <ele>1027.8</ele>
    </trkpt>
    <trkpt lat="42.349211" lon="-2.574053">
      <ele>1021.8</ele>
    </trkpt>
    <trkpt lat="42.34934" lon="-2.574086">
      <ele>1019.6</ele>
    </trkpt>
    <trkpt lat="42.349426" lon="-2.574009">
      <ele>1017.8</ele>
    </trkpt>
    <trkpt lat="42.349656" lon="-2.574">
      <ele>1014.2</ele>
    </trkpt>
    <trkpt lat="42.349801" lon="-2.573958">
      <ele>1011.9</ele>
    </trkpt>
    <trkpt lat="42.349973" lon="-2.573984">
      <ele>1009.3</ele>
    </trkpt>
    <trkpt lat="42.349979" lon="-2.573965">
      <ele>1009.1</ele>
    </trkpt>
    <trkpt lat="42.350034" lon="-2.573777">
      <ele>1006.9</ele>
    </trkpt>
    <trkpt lat="42.35011" lon="-2.573651">
      <ele>1005.3</ele>
    </trkpt>
    <trkpt lat="42.350234" lon="-2.573523">
      <ele>1003.2</ele>
    </trkpt>
    <trkpt lat="42.350358" lon="-2.573525">
      <ele>1001.6</ele>
    </trkpt>
    <trkpt lat="42.350728" lon="-2.57355">
      <ele>997.1</ele>
    </trkpt>
    <trkpt lat="42.350855" lon="-2.57352">
      <ele>995.7</ele>
    </trkpt>
    <trkpt lat="42.351146" lon="-2.573305">
      <ele>992.2</ele>
    </trkpt>
    <trkpt lat="42.351425" lon="-2.573183">
      <ele>988.8</ele>
    </trkpt>
    <trkpt lat="42.351714" lon="-2.573139">
      <ele>985.5</ele>
    </trkpt>
    <trkpt lat="42.352239" lon="-2.572828">
      <ele>979</ele>
    </trkpt>
    <trkpt lat="42.352305" lon="-2.572732">
      <ele>977.9</ele>
    </trkpt>
    <trkpt lat="42.352318" lon="-2.572636">
      <ele>977.1</ele>
    </trkpt>
    <trkpt lat="42.352271" lon="-2.572514">
      <ele>975.9</ele>
    </trkpt>
    <trkpt lat="42.352222" lon="-2.572461">
      <ele>975.2</ele>
    </trkpt>
    <trkpt lat="42.352181" lon="-2.572329">
      <ele>973.9</ele>
    </trkpt>
    <trkpt lat="42.352178" lon="-2.572196">
      <ele>972.8</ele>
    </trkpt>
    <trkpt lat="42.352208" lon="-2.571448">
      <ele>966.1</ele>
    </trkpt>
    <trkpt lat="42.352317" lon="-2.570765">
      <ele>959.5</ele>
    </trkpt>
    <trkpt lat="42.35246" lon="-2.570015">
      <ele>951.9</ele>
    </trkpt>
    <trkpt lat="42.352748" lon="-2.569307">
      <ele>943.9</ele>
    </trkpt>
    <trkpt lat="42.353039" lon="-2.56885">
      <ele>938.4</ele>
    </trkpt>
    <trkpt lat="42.35312" lon="-2.568648">
      <ele>936.4</ele>
    </trkpt>
    <trkpt lat="42.353179" lon="-2.568353">
      <ele>933.8</ele>
    </trkpt>
    <trkpt lat="42.353379" lon="-2.567675">
      <ele>927.8</ele>
    </trkpt>
    <trkpt lat="42.353653" lon="-2.567066">
      <ele>922</ele>
    </trkpt>
    <trkpt lat="42.353736" lon="-2.566668">
      <ele>918.7</ele>
    </trkpt>
    <trkpt lat="42.35379" lon="-2.565847">
      <ele>912.8</ele>
    </trkpt>
    <trkpt lat="42.353901" lon="-2.565266">
      <ele>908.8</ele>
    </trkpt>
    <trkpt lat="42.353986" lon="-2.565028">
      <ele>907.1</ele>
    </trkpt>
    <trkpt lat="42.354148" lon="-2.564765">
      <ele>905</ele>
    </trkpt>
    <trkpt lat="42.354211" lon="-2.564557">
      <ele>903.6</ele>
    </trkpt>
    <trkpt lat="42.354593" lon="-2.563742">
      <ele>897.6</ele>
    </trkpt>
    <trkpt lat="42.355243" lon="-2.562018">
      <ele>883.7</ele>
    </trkpt>
    <trkpt lat="42.35584" lon="-2.559893">
      <ele>868</ele>
    </trkpt>
    <trkpt lat="42.355918" lon="-2.55972">
      <ele>866.7</ele>
    </trkpt>
    <trkpt lat="42.356209" lon="-2.559244">
      <ele>862.5</ele>
    </trkpt>
    <trkpt lat="42.356278" lon="-2.559015">
      <ele>860.8</ele>
    </trkpt>
    <trkpt lat="42.356344" lon="-2.558559">
      <ele>857.6</ele>
    </trkpt>
    <trkpt lat="42.356324" lon="-2.55765">
      <ele>851.2</ele>
    </trkpt>
    <trkpt lat="42.356415" lon="-2.557051">
      <ele>847.1</ele>
    </trkpt>
    <trkpt lat="42.356413" lon="-2.556846">
      <ele>845.8</ele>
    </trkpt>
    <trkpt lat="42.356309" lon="-2.556299">
      <ele>842.3</ele>
    </trkpt>
    <trkpt lat="42.356288" lon="-2.555972">
      <ele>840.4</ele>
    </trkpt>
    <trkpt lat="42.35642" lon="-2.555121">
      <ele>835.4</ele>
    </trkpt>
    <trkpt lat="42.356584" lon="-2.554549">
      <ele>832</ele>
    </trkpt>
    <trkpt lat="42.356687" lon="-2.554354">
      <ele>830.7</ele>
    </trkpt>
    <trkpt lat="42.356738" lon="-2.554258">
      <ele>830</ele>
    </trkpt>
    <trkpt lat="42.356951" lon="-2.553556">
      <ele>825.5</ele>
    </trkpt>
    <trkpt lat="42.357046" lon="-2.553394">
      <ele>824.3</ele>
    </trkpt>
    <trkpt lat="42.357244" lon="-2.552768">
      <ele>820.3</ele>
    </trkpt>
    <trkpt lat="42.357364" lon="-2.552497">
      <ele>818.3</ele>
    </trkpt>
    <trkpt lat="42.357719" lon="-2.551381">
      <ele>810.4</ele>
    </trkpt>
    <trkpt lat="42.357844" lon="-2.550785">
      <ele>806.1</ele>
    </trkpt>
    <trkpt lat="42.357944" lon="-2.550057">
      <ele>800.9</ele>
    </trkpt>
    <trkpt lat="42.357966" lon="-2.54963">
      <ele>798.3</ele>
    </trkpt>
    <trkpt lat="42.358086" lon="-2.549256">
      <ele>796.2</ele>
    </trkpt>
    <trkpt lat="42.358217" lon="-2.548661">
      <ele>793.4</ele>
    </trkpt>
    <trkpt lat="42.358307" lon="-2.548679">
      <ele>792.8</ele>
    </trkpt>
    <trkpt lat="42.358489" lon="-2.548803">
      <ele>791.6</ele>
    </trkpt>
    <trkpt lat="42.358575" lon="-2.548892">
      <ele>790.9</ele>
    </trkpt>
    <trkpt lat="42.358639" lon="-2.548892">
      <ele>790.6</ele>
    </trkpt>
    <trkpt lat="42.359092" lon="-2.548372">
      <ele>788.6</ele>
    </trkpt>
    <trkpt lat="42.359299" lon="-2.548008">
      <ele>788.1</ele>
    </trkpt>
    <trkpt lat="42.359457" lon="-2.548137">
      <ele>787.9</ele>
    </trkpt>
    <trkpt lat="42.359692" lon="-2.548327">
      <ele>787.6</ele>
    </trkpt>
    <trkpt lat="42.359757" lon="-2.54844">
      <ele>787.6</ele>
    </trkpt>
    <trkpt lat="42.359809" lon="-2.548622">
      <ele>787.6</ele>
    </trkpt>
    <trkpt lat="42.359837" lon="-2.548697">
      <ele>787.5</ele>
    </trkpt>
    <trkpt lat="42.359998" lon="-2.549035">
      <ele>787.8</ele>
    </trkpt>
    <trkpt lat="42.360267" lon="-2.549695">
      <ele>789.7</ele>
    </trkpt>
    <trkpt lat="42.360277" lon="-2.549784">
      <ele>790</ele>
    </trkpt>
    <trkpt lat="42.360389" lon="-2.550038">
      <ele>790.8</ele>
    </trkpt>
    <trkpt lat="42.360385" lon="-2.550211">
      <ele>791.4</ele>
    </trkpt>
    <trkpt lat="42.360189" lon="-2.551183">
      <ele>795.5</ele>
    </trkpt>
    <trkpt lat="42.35959" lon="-2.552653">
      <ele>805.2</ele>
    </trkpt>
    <trkpt lat="42.359403" lon="-2.55302">
      <ele>807.9</ele>
    </trkpt>
    <trkpt lat="42.359115" lon="-2.553484">
      <ele>810.8</ele>
    </trkpt>
    <trkpt lat="42.358722" lon="-2.554264">
      <ele>811.3</ele>
    </trkpt>
    <trkpt lat="42.358826" lon="-2.554468">
      <ele>810.7</ele>
    </trkpt>
    <trkpt lat="42.358867" lon="-2.554548">
      <ele>810.4</ele>
    </trkpt>
    <trkpt lat="42.35893" lon="-2.554737">
      <ele>809.6</ele>
    </trkpt>
    <trkpt lat="42.359155" lon="-2.555127">
      <ele>806.8</ele>
    </trkpt>
    <trkpt lat="42.359215" lon="-2.5554">
      <ele>804.2</ele>
    </trkpt>
    <trkpt lat="42.359347" lon="-2.555617">
      <ele>801</ele>
    </trkpt>
    <trkpt lat="42.359443" lon="-2.555542">
      <ele>799.2</ele>
    </trkpt>
    <trkpt lat="42.359479" lon="-2.555448">
      <ele>797.9</ele>
    </trkpt>
    <trkpt lat="42.359499" lon="-2.555221">
      <ele>794.9</ele>
    </trkpt>
    <trkpt lat="42.359556" lon="-2.555133">
      <ele>793.3</ele>
    </trkpt>
    <trkpt lat="42.360065" lon="-2.55475">
      <ele>783.2</ele>
    </trkpt>
    <trkpt lat="42.360334" lon="-2.554607">
      <ele>778.2</ele>
    </trkpt>
    <trkpt lat="42.360656" lon="-2.554272">
      <ele>771.2</ele>
    </trkpt>
    <trkpt lat="42.36072" lon="-2.554194">
      <ele>769.7</ele>
    </trkpt>
    <trkpt lat="42.360776" lon="-2.554074">
      <ele>768</ele>
    </trkpt>
    <trkpt lat="42.360874" lon="-2.553963">
      <ele>766</ele>
    </trkpt>
    <trkpt lat="42.360944" lon="-2.553931">
      <ele>764.9</ele>
    </trkpt>
    <trkpt lat="42.36109" lon="-2.553749">
      <ele>761.8</ele>
    </trkpt>
    <trkpt lat="42.36127" lon="-2.55358">
      <ele>758.6</ele>
    </trkpt>
    <trkpt lat="42.361427" lon="-2.553486">
      <ele>756.1</ele>
    </trkpt>
    <trkpt lat="42.361549" lon="-2.553353">
      <ele>753.8</ele>
    </trkpt>
    <trkpt lat="42.361688" lon="-2.553258">
      <ele>751.6</ele>
    </trkpt>
    <trkpt lat="42.362125" lon="-2.552774">
      <ele>743.5</ele>
    </trkpt>
    <trkpt lat="42.362447" lon="-2.552365">
      <ele>736.9</ele>
    </trkpt>
    <trkpt lat="42.362442" lon="-2.55218">
      <ele>734.8</ele>
    </trkpt>
    <trkpt lat="42.362624" lon="-2.552043">
      <ele>731.7</ele>
    </trkpt>
    <trkpt lat="42.362679" lon="-2.551926">
      <ele>730.2</ele>
    </trkpt>
    <trkpt lat="42.363052" lon="-2.551442">
      <ele>723.2</ele>
    </trkpt>
    <trkpt lat="42.363177" lon="-2.551368">
      <ele>721.4</ele>
    </trkpt>
    <trkpt lat="42.363263" lon="-2.551277">
      <ele>720.1</ele>
    </trkpt>
    <trkpt lat="42.363284" lon="-2.551179">
      <ele>719.1</ele>
    </trkpt>
    <trkpt lat="42.363275" lon="-2.551095">
      <ele>718.3</ele>
    </trkpt>
    <trkpt lat="42.363313" lon="-2.551023">
      <ele>717.5</ele>
    </trkpt>
    <trkpt lat="42.363642" lon="-2.550623">
      <ele>712.2</ele>
    </trkpt>
    <trkpt lat="42.364053" lon="-2.549831">
      <ele>704.6</ele>
    </trkpt>
    <trkpt lat="42.364269" lon="-2.549538">
      <ele>701.6</ele>
    </trkpt>
    <trkpt lat="42.364322" lon="-2.549431">
      <ele>700.6</ele>
    </trkpt>
    <trkpt lat="42.364338" lon="-2.549275">
      <ele>699.5</ele>
    </trkpt>
    <trkpt lat="42.364401" lon="-2.549051">
      <ele>697.7</ele>
    </trkpt>
    <trkpt lat="42.364756" lon="-2.548359">
      <ele>691.3</ele>
    </trkpt>
    <trkpt lat="42.364876" lon="-2.548226">
      <ele>689.7</ele>
    </trkpt>
    <trkpt lat="42.365455" lon="-2.5478">
      <ele>682.9</ele>
    </trkpt>
    <trkpt lat="42.36566" lon="-2.547613">
      <ele>680.3</ele>
    </trkpt>
    <trkpt lat="42.366003" lon="-2.54765">
      <ele>676.7</ele>
    </trkpt>
    <trkpt lat="42.366345" lon="-2.547748">
      <ele>673.1</ele>
    </trkpt>
    <trkpt lat="42.366478" lon="-2.54776">
      <ele>671.8</ele>
    </trkpt>
    <trkpt lat="42.366921" lon="-2.547704">
      <ele>667.4</ele>
    </trkpt>
    <trkpt lat="42.367516" lon="-2.547635">
      <ele>661.9</ele>
    </trkpt>
    <trkpt lat="42.367961" lon="-2.547694">
      <ele>658.9</ele>
    </trkpt>
    <trkpt lat="42.368104" lon="-2.547583">
      <ele>658</ele>
    </trkpt>
    <trkpt lat="42.368174" lon="-2.547411">
      <ele>657.3</ele>
    </trkpt>
    <trkpt lat="42.368178" lon="-2.547212">
      <ele>656.7</ele>
    </trkpt>
    <trkpt lat="42.368248" lon="-2.547081">
      <ele>656.3</ele>
    </trkpt>
    <trkpt lat="42.368732" lon="-2.546667">
      <ele>655.2</ele>
    </trkpt>
    <trkpt lat="42.368293" lon="-2.54639">
      <ele>655.3</ele>
    </trkpt>
    <trkpt lat="42.368195" lon="-2.546309">
      <ele>655.3</ele>
    </trkpt>
    <trkpt lat="42.368195" lon="-2.546272">
      <ele>655.3</ele>
    </trkpt>
    <trkpt lat="42.368254" lon="-2.546155">
      <ele>655.4</ele>
    </trkpt>
    <trkpt lat="42.368357" lon="-2.546147">
      <ele>655.4</ele>
    </trkpt>
    <trkpt lat="42.368976" lon="-2.546073">
      <ele>655.7</ele>
    </trkpt>
    <trkpt lat="42.368985" lon="-2.546036">
      <ele>655.7</ele>
    </trkpt>
    <trkpt lat="42.369064" lon="-2.545736">
      <ele>655.9</ele>
    </trkpt>
    <trkpt lat="42.369404" lon="-2.545087">
      <ele>656.4</ele>
    </trkpt>
    <trkpt lat="42.370233" lon="-2.543613">
      <ele>657.2</ele>
    </trkpt>
    <trkpt lat="42.37031" lon="-2.543479">
      <ele>657.2</ele>
    </trkpt>
    <trkpt lat="42.370355" lon="-2.543419">
      <ele>657.2</ele>
    </trkpt>
    <trkpt lat="42.370406" lon="-2.543356">
      <ele>657.2</ele>
    </trkpt>
    <trkpt lat="42.370355" lon="-2.543419">
      <ele>657.2</ele>
    </trkpt>
    <trkpt lat="42.37031" lon="-2.543479">
      <ele>657.2</ele>
    </trkpt>
    <trkpt lat="42.370233" lon="-2.543613">
      <ele>657.2</ele>
    </trkpt>
    <trkpt lat="42.369404" lon="-2.545087">
      <ele>656.4</ele>
    </trkpt>
    <trkpt lat="42.369064" lon="-2.545736">
      <ele>655.9</ele>
    </trkpt>
    <trkpt lat="42.368985" lon="-2.546036">
      <ele>655.8</ele>
    </trkpt>
    <trkpt lat="42.368976" lon="-2.546073">
      <ele>655.8</ele>
    </trkpt>
    <trkpt lat="42.368357" lon="-2.546147">
      <ele>655.4</ele>
    </trkpt>
    <trkpt lat="42.368304" lon="-2.546231">
      <ele>655.4</ele>
    </trkpt>
    <trkpt lat="42.368293" lon="-2.54639">
      <ele>655.3</ele>
    </trkpt>
    <trkpt lat="42.368732" lon="-2.546667">
      <ele>654.5</ele>
    </trkpt>
    <trkpt lat="42.369068" lon="-2.546788">
      <ele>653.6</ele>
    </trkpt>
    <trkpt lat="42.369339" lon="-2.546935">
      <ele>652.8</ele>
    </trkpt>
    <trkpt lat="42.369444" lon="-2.54717">
      <ele>652.2</ele>
    </trkpt>
    <trkpt lat="42.369539" lon="-2.547683">
      <ele>651</ele>
    </trkpt>
    <trkpt lat="42.369579" lon="-2.547793">
      <ele>650.8</ele>
    </trkpt>
    <trkpt lat="42.369802" lon="-2.548214">
      <ele>649.9</ele>
    </trkpt>
    <trkpt lat="42.369911" lon="-2.548519">
      <ele>649.4</ele>
    </trkpt>
    <trkpt lat="42.370039" lon="-2.54872">
      <ele>649.3</ele>
    </trkpt>
    <trkpt lat="42.370186" lon="-2.549024">
      <ele>649.5</ele>
    </trkpt>
    <trkpt lat="42.370151" lon="-2.549904">
      <ele>650.8</ele>
    </trkpt>
    <trkpt lat="42.370165" lon="-2.549986">
      <ele>651</ele>
    </trkpt>
    <trkpt lat="42.370617" lon="-2.550618">
      <ele>653.2</ele>
    </trkpt>
    <trkpt lat="42.37112" lon="-2.551796">
      <ele>658.5</ele>
    </trkpt>
    <trkpt lat="42.371268" lon="-2.552074">
      <ele>660.6</ele>
    </trkpt>
    <trkpt lat="42.371357" lon="-2.552169">
      <ele>661.5</ele>
    </trkpt>
    <trkpt lat="42.371467" lon="-2.552255">
      <ele>662.6</ele>
    </trkpt>
    <trkpt lat="42.371602" lon="-2.552538">
      <ele>664.8</ele>
    </trkpt>
    <trkpt lat="42.3719" lon="-2.552926">
      <ele>668.1</ele>
    </trkpt>
    <trkpt lat="42.371945" lon="-2.553011">
      <ele>668.7</ele>
    </trkpt>
    <trkpt lat="42.372055" lon="-2.553371">
      <ele>670.7</ele>
    </trkpt>
    <trkpt lat="42.372612" lon="-2.554414">
      <ele>671.1</ele>
    </trkpt>
    <trkpt lat="42.372825" lon="-2.555108">
      <ele>667.6</ele>
    </trkpt>
    <trkpt lat="42.372979" lon="-2.555494">
      <ele>665</ele>
    </trkpt>
    <trkpt lat="42.373041" lon="-2.555716">
      <ele>663.5</ele>
    </trkpt>
    <trkpt lat="42.373083" lon="-2.555986">
      <ele>661.7</ele>
    </trkpt>
    <trkpt lat="42.373164" lon="-2.556178">
      <ele>660.4</ele>
    </trkpt>
    <trkpt lat="42.373505" lon="-2.556578">
      <ele>657.4</ele>
    </trkpt>
    <trkpt lat="42.373973" lon="-2.557013">
      <ele>655.2</ele>
    </trkpt>
    <trkpt lat="42.374079" lon="-2.557062">
      <ele>654.8</ele>
    </trkpt>
    <trkpt lat="42.374317" lon="-2.557287">
      <ele>654</ele>
    </trkpt>
    <trkpt lat="42.374437" lon="-2.557477">
      <ele>653.5</ele>
    </trkpt>
    <trkpt lat="42.374445" lon="-2.557638">
      <ele>653.3</ele>
    </trkpt>
    <trkpt lat="42.374642" lon="-2.557744">
      <ele>653.1</ele>
    </trkpt>
    <trkpt lat="42.375045" lon="-2.557872">
      <ele>652.8</ele>
    </trkpt>
    <trkpt lat="42.375251" lon="-2.558072">
      <ele>652.6</ele>
    </trkpt>
    <trkpt lat="42.375341" lon="-2.558163">
      <ele>652.4</ele>
    </trkpt>
    <trkpt lat="42.375594" lon="-2.558542">
      <ele>651.6</ele>
    </trkpt>
    <trkpt lat="42.375714" lon="-2.558647">
      <ele>651.1</ele>
    </trkpt>
    <trkpt lat="42.375928" lon="-2.558938">
      <ele>650.2</ele>
    </trkpt>
    <trkpt lat="42.376141" lon="-2.559109">
      <ele>649.4</ele>
    </trkpt>
    <trkpt lat="42.377325" lon="-2.560247">
      <ele>641.4</ele>
    </trkpt>
    <trkpt lat="42.377439" lon="-2.560438">
      <ele>640.1</ele>
    </trkpt>
    <trkpt lat="42.377638" lon="-2.560609">
      <ele>638.4</ele>
    </trkpt>
    <trkpt lat="42.3778" lon="-2.560838">
      <ele>636.7</ele>
    </trkpt>
    <trkpt lat="42.377985" lon="-2.561">
      <ele>635.1</ele>
    </trkpt>
    <trkpt lat="42.378569" lon="-2.561686">
      <ele>630.1</ele>
    </trkpt>
    <trkpt lat="42.378757" lon="-2.561944">
      <ele>628.7</ele>
    </trkpt>
    <trkpt lat="42.378883" lon="-2.56205">
      <ele>628.1</ele>
    </trkpt>
    <trkpt lat="42.379029" lon="-2.562127">
      <ele>627.5</ele>
    </trkpt>
    <trkpt lat="42.3791" lon="-2.562218">
      <ele>627.3</ele>
    </trkpt>
    <trkpt lat="42.379345" lon="-2.562819">
      <ele>626.7</ele>
    </trkpt>
    <trkpt lat="42.379486" lon="-2.562959">
      <ele>626.7</ele>
    </trkpt>
    <trkpt lat="42.380011" lon="-2.563365">
      <ele>627.7</ele>
    </trkpt>
    <trkpt lat="42.380075" lon="-2.563392">
      <ele>627.9</ele>
    </trkpt>
    <trkpt lat="42.380132" lon="-2.563379">
      <ele>628</ele>
    </trkpt>
    <trkpt lat="42.380512" lon="-2.563112">
      <ele>628.6</ele>
    </trkpt>
    <trkpt lat="42.380553" lon="-2.563098">
      <ele>628.6</ele>
    </trkpt>
    <trkpt lat="42.380703" lon="-2.563157">
      <ele>628.9</ele>
    </trkpt>
    <trkpt lat="42.380754" lon="-2.563362">
      <ele>629.1</ele>
    </trkpt>
    <trkpt lat="42.380906" lon="-2.563553">
      <ele>629.6</ele>
    </trkpt>
    <trkpt lat="42.380979" lon="-2.563716">
      <ele>629.9</ele>
    </trkpt>
    <trkpt lat="42.38117" lon="-2.564">
      <ele>630.6</ele>
    </trkpt>
    <trkpt lat="42.381097" lon="-2.564252">
      <ele>631.2</ele>
    </trkpt>
    <trkpt lat="42.380906" lon="-2.564709">
      <ele>632.1</ele>
    </trkpt>
    <trkpt lat="42.380818" lon="-2.565248">
      <ele>633</ele>
    </trkpt>
    <trkpt lat="42.380597" lon="-2.565927">
      <ele>634.3</ele>
    </trkpt>
    <trkpt lat="42.380559" lon="-2.566327">
      <ele>634.9</ele>
    </trkpt>
    <trkpt lat="42.380648" lon="-2.567217">
      <ele>635.7</ele>
    </trkpt>
    <trkpt lat="42.380933" lon="-2.567768">
      <ele>636.4</ele>
    </trkpt>
    <trkpt lat="42.381039" lon="-2.568198">
      <ele>637.1</ele>
    </trkpt>
    <trkpt lat="42.381209" lon="-2.568658">
      <ele>638.5</ele>
    </trkpt>
    <trkpt lat="42.381274" lon="-2.568801">
      <ele>639.1</ele>
    </trkpt>
    <trkpt lat="42.381438" lon="-2.569006">
      <ele>640.3</ele>
    </trkpt>
    <trkpt lat="42.381452" lon="-2.569249">
      <ele>641.4</ele>
    </trkpt>
    <trkpt lat="42.381419" lon="-2.569448">
      <ele>642.4</ele>
    </trkpt>
    <trkpt lat="42.381305" lon="-2.569849">
      <ele>644.7</ele>
    </trkpt>
    <trkpt lat="42.381313" lon="-2.569947">
      <ele>645.3</ele>
    </trkpt>
    <trkpt lat="42.381371" lon="-2.570131">
      <ele>646.6</ele>
    </trkpt>
    <trkpt lat="42.381447" lon="-2.570353">
      <ele>648.2</ele>
    </trkpt>
    <trkpt lat="42.381808" lon="-2.57094">
      <ele>654.2</ele>
    </trkpt>
    <trkpt lat="42.382226" lon="-2.572202">
      <ele>666.3</ele>
    </trkpt>
    <trkpt lat="42.382383" lon="-2.57254">
      <ele>669.3</ele>
    </trkpt>
    <trkpt lat="42.382573" lon="-2.572694">
      <ele>671.2</ele>
    </trkpt>
    <trkpt lat="42.382688" lon="-2.57296">
      <ele>672.9</ele>
    </trkpt>
    <trkpt lat="42.383373" lon="-2.572849">
      <ele>675</ele>
    </trkpt>
    <trkpt lat="42.383692" lon="-2.572694">
      <ele>674.3</ele>
    </trkpt>
    <trkpt lat="42.384008" lon="-2.57258">
      <ele>672.7</ele>
    </trkpt>
    <trkpt lat="42.384436" lon="-2.572572">
      <ele>669.8</ele>
    </trkpt>
    <trkpt lat="42.384622" lon="-2.572522">
      <ele>668.1</ele>
    </trkpt>
    <trkpt lat="42.384837" lon="-2.572443">
      <ele>665.9</ele>
    </trkpt>
    <trkpt lat="42.385234" lon="-2.572217">
      <ele>661.5</ele>
    </trkpt>
    <trkpt lat="42.385712" lon="-2.571785">
      <ele>655.2</ele>
    </trkpt>
    <trkpt lat="42.386382" lon="-2.571373">
      <ele>647.1</ele>
    </trkpt>
    <trkpt lat="42.386668" lon="-2.571168">
      <ele>643.8</ele>
    </trkpt>
    <trkpt lat="42.386911" lon="-2.571089">
      <ele>641.3</ele>
    </trkpt>
    <trkpt lat="42.387268" lon="-2.570839">
      <ele>637.7</ele>
    </trkpt>
    <trkpt lat="42.387416" lon="-2.570625">
      <ele>635.9</ele>
    </trkpt>
    <trkpt lat="42.387918" lon="-2.57018">
      <ele>631.1</ele>
    </trkpt>
    <trkpt lat="42.38797" lon="-2.570085">
      <ele>630.4</ele>
    </trkpt>
    <trkpt lat="42.388099" lon="-2.569611">
      <ele>627.5</ele>
    </trkpt>
    <trkpt lat="42.388173" lon="-2.569492">
      <ele>626.7</ele>
    </trkpt>
    <trkpt lat="42.388239" lon="-2.569441">
      <ele>626.1</ele>
    </trkpt>
    <trkpt lat="42.38835" lon="-2.56941">
      <ele>625.3</ele>
    </trkpt>
    <trkpt lat="42.388967" lon="-2.568931">
      <ele>619.8</ele>
    </trkpt>
    <trkpt lat="42.389749" lon="-2.568599">
      <ele>613.6</ele>
    </trkpt>
    <trkpt lat="42.390027" lon="-2.568528">
      <ele>611.4</ele>
    </trkpt>
    <trkpt lat="42.390253" lon="-2.56837">
      <ele>609.4</ele>
    </trkpt>
    <trkpt lat="42.390611" lon="-2.568198">
      <ele>606.5</ele>
    </trkpt>
    <trkpt lat="42.39108" lon="-2.567792">
      <ele>602.2</ele>
    </trkpt>
    <trkpt lat="42.391277" lon="-2.567666">
      <ele>600.5</ele>
    </trkpt>
    <trkpt lat="42.391767" lon="-2.567495">
      <ele>597</ele>
    </trkpt>
    <trkpt lat="42.391837" lon="-2.567426">
      <ele>596.5</ele>
    </trkpt>
    <trkpt lat="42.391979" lon="-2.567186">
      <ele>595</ele>
    </trkpt>
    <trkpt lat="42.392269" lon="-2.567031">
      <ele>592.9</ele>
    </trkpt>
    <trkpt lat="42.392511" lon="-2.566846">
      <ele>591.2</ele>
    </trkpt>
    <trkpt lat="42.393453" lon="-2.566507">
      <ele>585.5</ele>
    </trkpt>
    <trkpt lat="42.393631" lon="-2.566388">
      <ele>584.2</ele>
    </trkpt>
    <trkpt lat="42.393752" lon="-2.566335">
      <ele>583.3</ele>
    </trkpt>
    <trkpt lat="42.394011" lon="-2.566311">
      <ele>581.6</ele>
    </trkpt>
    <trkpt lat="42.394634" lon="-2.566066">
      <ele>577.7</ele>
    </trkpt>
    <trkpt lat="42.395" lon="-2.5658">
      <ele>575.2</ele>
    </trkpt>
    <trkpt lat="42.395323" lon="-2.565474">
      <ele>572.9</ele>
    </trkpt>
    <trkpt lat="42.39572" lon="-2.565176">
      <ele>570.4</ele>
    </trkpt>
    <trkpt lat="42.395975" lon="-2.564912">
      <ele>568.8</ele>
    </trkpt>
    <trkpt lat="42.396204" lon="-2.564533">
      <ele>567.3</ele>
    </trkpt>
    <trkpt lat="42.396305" lon="-2.564398">
      <ele>566.8</ele>
    </trkpt>
    <trkpt lat="42.396455" lon="-2.564261">
      <ele>566.2</ele>
    </trkpt>
    <trkpt lat="42.396521" lon="-2.564105">
      <ele>565.9</ele>
    </trkpt>
    <trkpt lat="42.396644" lon="-2.562975">
      <ele>564.8</ele>
    </trkpt>
    <trkpt lat="42.39673" lon="-2.562609">
      <ele>564.8</ele>
    </trkpt>
    <trkpt lat="42.396829" lon="-2.562272">
      <ele>564.9</ele>
    </trkpt>
    <trkpt lat="42.397107" lon="-2.561684">
      <ele>564.4</ele>
    </trkpt>
    <trkpt lat="42.397164" lon="-2.561449">
      <ele>564</ele>
    </trkpt>
    <trkpt lat="42.397179" lon="-2.561062">
      <ele>563</ele>
    </trkpt>
    <trkpt lat="42.397263" lon="-2.560812">
      <ele>562.1</ele>
    </trkpt>
    <trkpt lat="42.397341" lon="-2.560325">
      <ele>559.8</ele>
    </trkpt>
    <trkpt lat="42.397586" lon="-2.559632">
      <ele>555.3</ele>
    </trkpt>
    <trkpt lat="42.397591" lon="-2.559594">
      <ele>555</ele>
    </trkpt>
    <trkpt lat="42.397771" lon="-2.558323">
      <ele>546.6</ele>
    </trkpt>
    <trkpt lat="42.397959" lon="-2.557373">
      <ele>541.5</ele>
    </trkpt>
    <trkpt lat="42.397989" lon="-2.557105">
      <ele>540.3</ele>
    </trkpt>
    <trkpt lat="42.397993" lon="-2.556883">
      <ele>539.4</ele>
    </trkpt>
    <trkpt lat="42.397925" lon="-2.556361">
      <ele>537.6</ele>
    </trkpt>
    <trkpt lat="42.397946" lon="-2.555829">
      <ele>535.9</ele>
    </trkpt>
    <trkpt lat="42.39802" lon="-2.55531">
      <ele>534.2</ele>
    </trkpt>
    <trkpt lat="42.398043" lon="-2.55434">
      <ele>531.5</ele>
    </trkpt>
    <trkpt lat="42.398086" lon="-2.554224">
      <ele>531.2</ele>
    </trkpt>
    <trkpt lat="42.398168" lon="-2.554116">
      <ele>530.9</ele>
    </trkpt>
    <trkpt lat="42.39857" lon="-2.553819">
      <ele>529.9</ele>
    </trkpt>
    <trkpt lat="42.398705" lon="-2.553637">
      <ele>529.6</ele>
    </trkpt>
    <trkpt lat="42.398674" lon="-2.553487">
      <ele>529.6</ele>
    </trkpt>
    <trkpt lat="42.398306" lon="-2.553062">
      <ele>529.5</ele>
    </trkpt>
    <trkpt lat="42.398207" lon="-2.552928">
      <ele>529.5</ele>
    </trkpt>
    <trkpt lat="42.398187" lon="-2.552854">
      <ele>529.5</ele>
    </trkpt>
    <trkpt lat="42.39823" lon="-2.552786">
      <ele>529.5</ele>
    </trkpt>
    <trkpt lat="42.398471" lon="-2.552609">
      <ele>529.4</ele>
    </trkpt>
    <trkpt lat="42.398479" lon="-2.552553">
      <ele>529.4</ele>
    </trkpt>
    <trkpt lat="42.398989" lon="-2.552479">
      <ele>529.1</ele>
    </trkpt>
    <trkpt lat="42.39923" lon="-2.552411">
      <ele>528.8</ele>
    </trkpt>
    <trkpt lat="42.399778" lon="-2.552085">
      <ele>527.3</ele>
    </trkpt>
    <trkpt lat="42.400011" lon="-2.551867">
      <ele>526.5</ele>
    </trkpt>
    <trkpt lat="42.400178" lon="-2.551626">
      <ele>525.9</ele>
    </trkpt>
    <trkpt lat="42.400299" lon="-2.551369">
      <ele>525.3</ele>
    </trkpt>
    <trkpt lat="42.400499" lon="-2.550685">
      <ele>524.1</ele>
    </trkpt>
    <trkpt lat="42.400794" lon="-2.549967">
      <ele>523</ele>
    </trkpt>
    <trkpt lat="42.401138" lon="-2.549364">
      <ele>521.3</ele>
    </trkpt>
    <trkpt lat="42.401148" lon="-2.548925">
      <ele>519.8</ele>
    </trkpt>
    <trkpt lat="42.401246" lon="-2.54856">
      <ele>518.3</ele>
    </trkpt>
    <trkpt lat="42.401244" lon="-2.548499">
      <ele>518</ele>
    </trkpt>
    <trkpt lat="42.401242" lon="-2.548395">
      <ele>517.6</ele>
    </trkpt>
    <trkpt lat="42.401162" lon="-2.548004">
      <ele>516</ele>
    </trkpt>
    <trkpt lat="42.401171" lon="-2.547552">
      <ele>514.2</ele>
    </trkpt>
    <trkpt lat="42.4008" lon="-2.547097">
      <ele>511.7</ele>
    </trkpt>
    <trkpt lat="42.400678" lon="-2.546722">
      <ele>510.6</ele>
    </trkpt>
    <trkpt lat="42.400571" lon="-2.546108">
      <ele>509.6</ele>
    </trkpt>
    <trkpt lat="42.400484" lon="-2.545361">
      <ele>509.3</ele>
    </trkpt>
    <trkpt lat="42.400493" lon="-2.544876">
      <ele>509.4</ele>
    </trkpt>
    <trkpt lat="42.400422" lon="-2.544043">
      <ele>510.1</ele>
    </trkpt>
    <trkpt lat="42.400238" lon="-2.543006">
      <ele>512</ele>
    </trkpt>
    <trkpt lat="42.400194" lon="-2.542876">
      <ele>512.4</ele>
    </trkpt>
    <trkpt lat="42.399967" lon="-2.542526">
      <ele>513.5</ele>
    </trkpt>
    <trkpt lat="42.399853" lon="-2.541834">
      <ele>515</ele>
    </trkpt>
    <trkpt lat="42.399814" lon="-2.541498">
      <ele>515.7</ele>
    </trkpt>
    <trkpt lat="42.399818" lon="-2.541266">
      <ele>516</ele>
    </trkpt>
    <trkpt lat="42.400116" lon="-2.540326">
      <ele>516.7</ele>
    </trkpt>
    <trkpt lat="42.400354" lon="-2.539366">
      <ele>515</ele>
    </trkpt>
    <trkpt lat="42.400461" lon="-2.539016">
      <ele>513.9</ele>
    </trkpt>
    <trkpt lat="42.400545" lon="-2.538459">
      <ele>512.1</ele>
    </trkpt>
    <trkpt lat="42.400669" lon="-2.537912">
      <ele>510</ele>
    </trkpt>
    <trkpt lat="42.401234" lon="-2.536437">
      <ele>504.6</ele>
    </trkpt>
    <trkpt lat="42.401417" lon="-2.53619">
      <ele>503.8</ele>
    </trkpt>
    <trkpt lat="42.401587" lon="-2.535798">
      <ele>502.8</ele>
    </trkpt>
    <trkpt lat="42.401639" lon="-2.535585">
      <ele>502.4</ele>
    </trkpt>
    <trkpt lat="42.401786" lon="-2.535285">
      <ele>501.7</ele>
    </trkpt>
    <trkpt lat="42.401888" lon="-2.534801">
      <ele>501</ele>
    </trkpt>
    <trkpt lat="42.401995" lon="-2.534866">
      <ele>500.8</ele>
    </trkpt>
    <trkpt lat="42.402187" lon="-2.535085">
      <ele>500.6</ele>
    </trkpt>
    <trkpt lat="42.402313" lon="-2.535332">
      <ele>500.5</ele>
    </trkpt>
    <trkpt lat="42.402444" lon="-2.535494">
      <ele>500.4</ele>
    </trkpt>
    <trkpt lat="42.40261" lon="-2.535557">
      <ele>500.4</ele>
    </trkpt>
    <trkpt lat="42.403674" lon="-2.53534">
      <ele>502.3</ele>
    </trkpt>
    <trkpt lat="42.403896" lon="-2.535251">
      <ele>503.1</ele>
    </trkpt>
    <trkpt lat="42.404158" lon="-2.534977">
      <ele>504</ele>
    </trkpt>
    <trkpt lat="42.404655" lon="-2.53422">
      <ele>505.4</ele>
    </trkpt>
    <trkpt lat="42.404775" lon="-2.534154">
      <ele>505.5</ele>
    </trkpt>
    <trkpt lat="42.404873" lon="-2.53404">
      <ele>505.6</ele>
    </trkpt>
    <trkpt lat="42.405111" lon="-2.533623">
      <ele>505.6</ele>
    </trkpt>
    <trkpt lat="42.40542" lon="-2.532897">
      <ele>504.8</ele>
    </trkpt>
    <trkpt lat="42.405633" lon="-2.532469">
      <ele>504.2</ele>
    </trkpt>
    <trkpt lat="42.405775" lon="-2.532104">
      <ele>503.8</ele>
    </trkpt>
    <trkpt lat="42.406109" lon="-2.531483">
      <ele>503.2</ele>
    </trkpt>
    <trkpt lat="42.406691" lon="-2.530204">
      <ele>502.2</ele>
    </trkpt>
    <trkpt lat="42.407188" lon="-2.529238">
      <ele>502</ele>
    </trkpt>
    <trkpt lat="42.408695" lon="-2.526058">
      <ele>502.6</ele>
    </trkpt>
    <trkpt lat="42.410822" lon="-2.521944">
      <ele>501.7</ele>
    </trkpt>
    <trkpt lat="42.412061" lon="-2.519849">
      <ele>501.8</ele>
    </trkpt>
    <trkpt lat="42.412805" lon="-2.51834">
      <ele>503</ele>
    </trkpt>
    <trkpt lat="42.413322" lon="-2.517156">
      <ele>504.6</ele>
    </trkpt>
    <trkpt lat="42.413421" lon="-2.516897">
      <ele>505.1</ele>
    </trkpt>
    <trkpt lat="42.413463" lon="-2.516653">
      <ele>505.5</ele>
    </trkpt>
    <trkpt lat="42.41358" lon="-2.516485">
      <ele>505.9</ele>
    </trkpt>
    <trkpt lat="42.413942" lon="-2.5167">
      <ele>506.9</ele>
    </trkpt>
    <trkpt lat="42.414046" lon="-2.516728">
      <ele>507.2</ele>
    </trkpt>
    <trkpt lat="42.414361" lon="-2.516479">
      <ele>508.3</ele>
    </trkpt>
    <trkpt lat="42.41492" lon="-2.516188">
      <ele>510.2</ele>
    </trkpt>
    <trkpt lat="42.415118" lon="-2.515978">
      <ele>511</ele>
    </trkpt>
    <trkpt lat="42.415298" lon="-2.515884">
      <ele>511.6</ele>
    </trkpt>
    <trkpt lat="42.415499" lon="-2.515724">
      <ele>512.2</ele>
    </trkpt>
    <trkpt lat="42.415728" lon="-2.515461">
      <ele>513.1</ele>
    </trkpt>
    <trkpt lat="42.416566" lon="-2.514974">
      <ele>515.1</ele>
    </trkpt>
    <trkpt lat="42.417068" lon="-2.514838">
      <ele>515.9</ele>
    </trkpt>
    <trkpt lat="42.417854" lon="-2.514567">
      <ele>517.2</ele>
    </trkpt>
    <trkpt lat="42.41846" lon="-2.514263">
      <ele>518.6</ele>
    </trkpt>
    <trkpt lat="42.418724" lon="-2.514099">
      <ele>519.3</ele>
    </trkpt>
    <trkpt lat="42.418967" lon="-2.513861">
      <ele>520.2</ele>
    </trkpt>
    <trkpt lat="42.419174" lon="-2.513754">
      <ele>520.9</ele>
    </trkpt>
    <trkpt lat="42.419469" lon="-2.513662">
      <ele>521.8</ele>
    </trkpt>
    <trkpt lat="42.419837" lon="-2.513649">
      <ele>523</ele>
    </trkpt>
    <trkpt lat="42.420597" lon="-2.513766">
      <ele>525.4</ele>
    </trkpt>
    <trkpt lat="42.420724" lon="-2.513825">
      <ele>525.9</ele>
    </trkpt>
    <trkpt lat="42.421224" lon="-2.51423">
      <ele>527.7</ele>
    </trkpt>
    <trkpt lat="42.421895" lon="-2.514526">
      <ele>530.6</ele>
    </trkpt>
    <trkpt lat="42.422213" lon="-2.514725">
      <ele>532.3</ele>
    </trkpt>
    <trkpt lat="42.42249" lon="-2.514817">
      <ele>533.8</ele>
    </trkpt>
    <trkpt lat="42.422796" lon="-2.514863">
      <ele>535.4</ele>
    </trkpt>
    <trkpt lat="42.423288" lon="-2.515044">
      <ele>537.6</ele>
    </trkpt>
    <trkpt lat="42.423386" lon="-2.515057">
      <ele>538</ele>
    </trkpt>
    <trkpt lat="42.423253" lon="-2.514817">
      <ele>538.8</ele>
    </trkpt>
    <trkpt lat="42.423144" lon="-2.514549">
      <ele>539.5</ele>
    </trkpt>
    <trkpt lat="42.423195" lon="-2.514051">
      <ele>540.2</ele>
    </trkpt>
    <trkpt lat="42.423181" lon="-2.513895">
      <ele>540.3</ele>
    </trkpt>
    <trkpt lat="42.423326" lon="-2.513468">
      <ele>540.3</ele>
    </trkpt>
    <trkpt lat="42.423364" lon="-2.513092">
      <ele>540.2</ele>
    </trkpt>
    <trkpt lat="42.423502" lon="-2.512841">
      <ele>539.9</ele>
    </trkpt>
    <trkpt lat="42.423413" lon="-2.511586">
      <ele>538.5</ele>
    </trkpt>
    <trkpt lat="42.423119" lon="-2.511014">
      <ele>537.8</ele>
    </trkpt>
    <trkpt lat="42.422949" lon="-2.510414">
      <ele>537.9</ele>
    </trkpt>
    <trkpt lat="42.422666" lon="-2.510209">
      <ele>538.6</ele>
    </trkpt>
    <trkpt lat="42.422578" lon="-2.509897">
      <ele>539.5</ele>
    </trkpt>
    <trkpt lat="42.42303" lon="-2.509659">
      <ele>541.8</ele>
    </trkpt>
    <trkpt lat="42.423058" lon="-2.509627">
      <ele>542</ele>
    </trkpt>
    <trkpt lat="42.423281" lon="-2.509368">
      <ele>543.8</ele>
    </trkpt>
    <trkpt lat="42.423367" lon="-2.509215">
      <ele>544.7</ele>
    </trkpt>
    <trkpt lat="42.423556" lon="-2.508974">
      <ele>546.4</ele>
    </trkpt>
    <trkpt lat="42.423589" lon="-2.508884">
      <ele>547</ele>
    </trkpt>
    <trkpt lat="42.423549" lon="-2.508577">
      <ele>548.7</ele>
    </trkpt>
    <trkpt lat="42.423498" lon="-2.508522">
      <ele>549.3</ele>
    </trkpt>
    <trkpt lat="42.423263" lon="-2.50842">
      <ele>551.3</ele>
    </trkpt>
    <trkpt lat="42.423243" lon="-2.508381">
      <ele>551.6</ele>
    </trkpt>
    <trkpt lat="42.423347" lon="-2.508162">
      <ele>553.2</ele>
    </trkpt>
    <trkpt lat="42.423378" lon="-2.507854">
      <ele>555.2</ele>
    </trkpt>
    <trkpt lat="42.423617" lon="-2.507271">
      <ele>560.1</ele>
    </trkpt>
    <trkpt lat="42.423511" lon="-2.506561">
      <ele>566.2</ele>
    </trkpt>
    <trkpt lat="42.423693" lon="-2.5066">
      <ele>568.5</ele>
    </trkpt>
    <trkpt lat="42.423887" lon="-2.506464">
      <ele>571.2</ele>
    </trkpt>
    <trkpt lat="42.424003" lon="-2.506472">
      <ele>572.6</ele>
    </trkpt>
    <trkpt lat="42.42412" lon="-2.506362">
      <ele>574.3</ele>
    </trkpt>
    <trkpt lat="42.424382" lon="-2.506035">
      <ele>578.1</ele>
    </trkpt>
    <trkpt lat="42.424617" lon="-2.505576">
      <ele>580.7</ele>
    </trkpt>
    <trkpt lat="42.424758" lon="-2.50494">
      <ele>580.7</ele>
    </trkpt>
    <trkpt lat="42.424851" lon="-2.504626">
      <ele>579.3</ele>
    </trkpt>
    <trkpt lat="42.425009" lon="-2.50466">
      <ele>578</ele>
    </trkpt>
    <trkpt lat="42.425096" lon="-2.504633">
      <ele>577.1</ele>
    </trkpt>
    <trkpt lat="42.425184" lon="-2.504571">
      <ele>576.1</ele>
    </trkpt>
    <trkpt lat="42.425376" lon="-2.50414">
      <ele>571.3</ele>
    </trkpt>
    <trkpt lat="42.425748" lon="-2.503839">
      <ele>564.5</ele>
    </trkpt>
    <trkpt lat="42.425857" lon="-2.503662">
      <ele>561.8</ele>
    </trkpt>
    <trkpt lat="42.42596" lon="-2.503584">
      <ele>560</ele>
    </trkpt>
    <trkpt lat="42.426172" lon="-2.503501">
      <ele>556.6</ele>
    </trkpt>
    <trkpt lat="42.426659" lon="-2.503673">
      <ele>548.7</ele>
    </trkpt>
    <trkpt lat="42.42674" lon="-2.503638">
      <ele>547.4</ele>
    </trkpt>
    <trkpt lat="42.426908" lon="-2.503091">
      <ele>540.1</ele>
    </trkpt>
    <trkpt lat="42.426924" lon="-2.502868">
      <ele>537.1</ele>
    </trkpt>
    <trkpt lat="42.427043" lon="-2.502629">
      <ele>532.9</ele>
    </trkpt>
    <trkpt lat="42.427029" lon="-2.502503">
      <ele>531</ele>
    </trkpt>
    <trkpt lat="42.42706" lon="-2.502308">
      <ele>527.8</ele>
    </trkpt>
    <trkpt lat="42.427086" lon="-2.502222">
      <ele>526.3</ele>
    </trkpt>
    <trkpt lat="42.427183" lon="-2.502117">
      <ele>523.6</ele>
    </trkpt>
    <trkpt lat="42.427243" lon="-2.50198">
      <ele>520.9</ele>
    </trkpt>
    <trkpt lat="42.427278" lon="-2.501779">
      <ele>517.4</ele>
    </trkpt>
    <trkpt lat="42.427274" lon="-2.501648">
      <ele>515.2</ele>
    </trkpt>
    <trkpt lat="42.427239" lon="-2.501546">
      <ele>513.3</ele>
    </trkpt>
    <trkpt lat="42.427266" lon="-2.501374">
      <ele>510.5</ele>
    </trkpt>
    <trkpt lat="42.427078" lon="-2.501009">
      <ele>503.9</ele>
    </trkpt>
    <trkpt lat="42.427054" lon="-2.50067">
      <ele>499.6</ele>
    </trkpt>
    <trkpt lat="42.427049" lon="-2.500602">
      <ele>498.8</ele>
    </trkpt>
    <trkpt lat="42.427092" lon="-2.500443">
      <ele>497</ele>
    </trkpt>
    <trkpt lat="42.427211" lon="-2.50024">
      <ele>494.4</ele>
    </trkpt>
    <trkpt lat="42.427263" lon="-2.50009">
      <ele>493</ele>
    </trkpt>
    <trkpt lat="42.427224" lon="-2.500018">
      <ele>492.3</ele>
    </trkpt>
    <trkpt lat="42.427816" lon="-2.499747">
      <ele>487.8</ele>
    </trkpt>
    <trkpt lat="42.42828" lon="-2.499701">
      <ele>486.5</ele>
    </trkpt>
    <trkpt lat="42.428635" lon="-2.499597">
      <ele>486</ele>
    </trkpt>
    <trkpt lat="42.42881" lon="-2.499484">
      <ele>486</ele>
    </trkpt>
    <trkpt lat="42.429023" lon="-2.499404">
      <ele>486</ele>
    </trkpt>
    <trkpt lat="42.429376" lon="-2.499345">
      <ele>486.3</ele>
    </trkpt>
    <trkpt lat="42.429542" lon="-2.499243">
      <ele>486.6</ele>
    </trkpt>
    <trkpt lat="42.429618" lon="-2.499109">
      <ele>486.8</ele>
    </trkpt>
    <trkpt lat="42.429552" lon="-2.497976">
      <ele>489.4</ele>
    </trkpt>
    <trkpt lat="42.429468" lon="-2.497594">
      <ele>490.6</ele>
    </trkpt>
    <trkpt lat="42.429484" lon="-2.49685">
      <ele>492.3</ele>
    </trkpt>
    <trkpt lat="42.429423" lon="-2.496067">
      <ele>493.3</ele>
    </trkpt>
    <trkpt lat="42.429422" lon="-2.495155">
      <ele>492.8</ele>
    </trkpt>
    <trkpt lat="42.429481" lon="-2.494242">
      <ele>491.4</ele>
    </trkpt>
    <trkpt lat="42.429449" lon="-2.494036">
      <ele>491</ele>
    </trkpt>
    <trkpt lat="42.429398" lon="-2.493899">
      <ele>490.7</ele>
    </trkpt>
    <trkpt lat="42.429146" lon="-2.493445">
      <ele>489.9</ele>
    </trkpt>
    <trkpt lat="42.429126" lon="-2.493338">
      <ele>489.9</ele>
    </trkpt>
    <trkpt lat="42.429139" lon="-2.493063">
      <ele>489.8</ele>
    </trkpt>
    <trkpt lat="42.429207" lon="-2.492566">
      <ele>490.2</ele>
    </trkpt>
    <trkpt lat="42.429291" lon="-2.492236">
      <ele>490.8</ele>
    </trkpt>
    <trkpt lat="42.429388" lon="-2.492084">
      <ele>491.2</ele>
    </trkpt>
    <trkpt lat="42.429835" lon="-2.491755">
      <ele>492.5</ele>
    </trkpt>
    <trkpt lat="42.43001" lon="-2.491518">
      <ele>493</ele>
    </trkpt>
    <trkpt lat="42.430073" lon="-2.491373">
      <ele>493.1</ele>
    </trkpt>
    <trkpt lat="42.430216" lon="-2.490851">
      <ele>493.4</ele>
    </trkpt>
    <trkpt lat="42.430569" lon="-2.489958">
      <ele>492.2</ele>
    </trkpt>
    <trkpt lat="42.430955" lon="-2.488793">
      <ele>490.7</ele>
    </trkpt>
    <trkpt lat="42.431014" lon="-2.488525">
      <ele>491</ele>
    </trkpt>
    <trkpt lat="42.431076" lon="-2.488034">
      <ele>491.6</ele>
    </trkpt>
    <trkpt lat="42.431182" lon="-2.487451">
      <ele>491.2</ele>
    </trkpt>
    <trkpt lat="42.4312" lon="-2.486973">
      <ele>491.1</ele>
    </trkpt>
    <trkpt lat="42.431275" lon="-2.486997">
      <ele>491.1</ele>
    </trkpt>
    <trkpt lat="42.431802" lon="-2.487119">
      <ele>491.6</ele>
    </trkpt>
    <trkpt lat="42.431928" lon="-2.487151">
      <ele>491.7</ele>
    </trkpt>
    <trkpt lat="42.432121" lon="-2.487172">
      <ele>491.6</ele>
    </trkpt>
    <trkpt lat="42.432314" lon="-2.487238">
      <ele>491.2</ele>
    </trkpt>
    <trkpt lat="42.432405" lon="-2.487227">
      <ele>490.9</ele>
    </trkpt>
    <trkpt lat="42.432455" lon="-2.48717">
      <ele>490.8</ele>
    </trkpt>
    <trkpt lat="42.432463" lon="-2.487071">
      <ele>490.7</ele>
    </trkpt>
    <trkpt lat="42.432416" lon="-2.486784">
      <ele>490.7</ele>
    </trkpt>
    <trkpt lat="42.432339" lon="-2.486475">
      <ele>491</ele>
    </trkpt>
    <trkpt lat="42.432281" lon="-2.486253">
      <ele>491.1</ele>
    </trkpt>
    <trkpt lat="42.432245" lon="-2.486114">
      <ele>491.1</ele>
    </trkpt>
    <trkpt lat="42.432234" lon="-2.485884">
      <ele>490.9</ele>
    </trkpt>
    <trkpt lat="42.432266" lon="-2.485426">
      <ele>490</ele>
    </trkpt>
    <trkpt lat="42.432252" lon="-2.485025">
      <ele>488.5</ele>
    </trkpt>
    <trkpt lat="42.432169" lon="-2.484138">
      <ele>485.1</ele>
    </trkpt>
    <trkpt lat="42.432041" lon="-2.48362">
      <ele>483.4</ele>
    </trkpt>
    <trkpt lat="42.432" lon="-2.483299">
      <ele>482.6</ele>
    </trkpt>
    <trkpt lat="42.432046" lon="-2.483013">
      <ele>481.9</ele>
    </trkpt>
    <trkpt lat="42.432129" lon="-2.482926">
      <ele>481.5</ele>
    </trkpt>
    <trkpt lat="42.432602" lon="-2.482772">
      <ele>479.7</ele>
    </trkpt>
    <trkpt lat="42.432837" lon="-2.482662">
      <ele>478.6</ele>
    </trkpt>
    <trkpt lat="42.433184" lon="-2.48241">
      <ele>476.6</ele>
    </trkpt>
    <trkpt lat="42.433517" lon="-2.48211">
      <ele>473.9</ele>
    </trkpt>
    <trkpt lat="42.434016" lon="-2.482078">
      <ele>470.1</ele>
    </trkpt>
    <trkpt lat="42.434206" lon="-2.482099">
      <ele>468.8</ele>
    </trkpt>
    <trkpt lat="42.434261" lon="-2.482024">
      <ele>468.2</ele>
    </trkpt>
    <trkpt lat="42.434285" lon="-2.481809">
      <ele>467.1</ele>
    </trkpt>
    <trkpt lat="42.434428" lon="-2.481606">
      <ele>465.7</ele>
    </trkpt>
    <trkpt lat="42.434515" lon="-2.481391">
      <ele>464.7</ele>
    </trkpt>
    <trkpt lat="42.434523" lon="-2.481262">
      <ele>464.2</ele>
    </trkpt>
    <trkpt lat="42.434467" lon="-2.481037">
      <ele>463.3</ele>
    </trkpt>
    <trkpt lat="42.434467" lon="-2.480929">
      <ele>462.9</ele>
    </trkpt>
    <trkpt lat="42.434515" lon="-2.480265">
      <ele>460.7</ele>
    </trkpt>
    <trkpt lat="42.434473" lon="-2.479997">
      <ele>459.8</ele>
    </trkpt>
    <trkpt lat="42.434471" lon="-2.479729">
      <ele>458.9</ele>
    </trkpt>
    <trkpt lat="42.434533" lon="-2.479538">
      <ele>458.2</ele>
    </trkpt>
    <trkpt lat="42.434669" lon="-2.47876">
      <ele>455.2</ele>
    </trkpt>
    <trkpt lat="42.434839" lon="-2.478333">
      <ele>453.4</ele>
    </trkpt>
    <trkpt lat="42.434894" lon="-2.477937">
      <ele>451.8</ele>
    </trkpt>
    <trkpt lat="42.435016" lon="-2.477028">
      <ele>448.5</ele>
    </trkpt>
    <trkpt lat="42.435048" lon="-2.476484">
      <ele>446.6</ele>
    </trkpt>
    <trkpt lat="42.435193" lon="-2.476526">
      <ele>445.8</ele>
    </trkpt>
    <trkpt lat="42.435708" lon="-2.476902">
      <ele>442.7</ele>
    </trkpt>
    <trkpt lat="42.436001" lon="-2.47702">
      <ele>440.9</ele>
    </trkpt>
    <trkpt lat="42.43623" lon="-2.477165">
      <ele>439.5</ele>
    </trkpt>
    <trkpt lat="42.436551" lon="-2.477245">
      <ele>437.7</ele>
    </trkpt>
    <trkpt lat="42.436796" lon="-2.477379">
      <ele>436.3</ele>
    </trkpt>
    <trkpt lat="42.437137" lon="-2.477701">
      <ele>434.1</ele>
    </trkpt>
    <trkpt lat="42.437407" lon="-2.47829">
      <ele>431.8</ele>
    </trkpt>
    <trkpt lat="42.438506" lon="-2.479129">
      <ele>427.9</ele>
    </trkpt>
    <trkpt lat="42.438821" lon="-2.479519">
      <ele>426.5</ele>
    </trkpt>
    <trkpt lat="42.439238" lon="-2.47985">
      <ele>424.9</ele>
    </trkpt>
    <trkpt lat="42.439442" lon="-2.480047">
      <ele>424.2</ele>
    </trkpt>
    <trkpt lat="42.439886" lon="-2.480582">
      <ele>422.6</ele>
    </trkpt>
    <trkpt lat="42.439946" lon="-2.480559">
      <ele>422.4</ele>
    </trkpt>
    <trkpt lat="42.44017" lon="-2.480567">
      <ele>421.8</ele>
    </trkpt>
    <trkpt lat="42.44061" lon="-2.480389">
      <ele>420.7</ele>
    </trkpt>
    <trkpt lat="42.440749" lon="-2.480284">
      <ele>420.4</ele>
    </trkpt>
    <trkpt lat="42.440849" lon="-2.480113">
      <ele>420.2</ele>
    </trkpt>
    <trkpt lat="42.440864" lon="-2.48001">
      <ele>420.1</ele>
    </trkpt>
    <trkpt lat="42.440984" lon="-2.479728">
      <ele>419.8</ele>
    </trkpt>
    <trkpt lat="42.441009" lon="-2.47949">
      <ele>419.5</ele>
    </trkpt>
    <trkpt lat="42.440995" lon="-2.479206">
      <ele>419.3</ele>
    </trkpt>
    <trkpt lat="42.440698" lon="-2.478399">
      <ele>418.6</ele>
    </trkpt>
    <trkpt lat="42.44068" lon="-2.478292">
      <ele>418.5</ele>
    </trkpt>
    <trkpt lat="42.440733" lon="-2.478132">
      <ele>418.4</ele>
    </trkpt>
    <trkpt lat="42.44149" lon="-2.478007">
      <ele>417.9</ele>
    </trkpt>
    <trkpt lat="42.441848" lon="-2.478075">
      <ele>417.8</ele>
    </trkpt>
    <trkpt lat="42.442034" lon="-2.47807">
      <ele>417.7</ele>
    </trkpt>
    <trkpt lat="42.442172" lon="-2.477991">
      <ele>417.6</ele>
    </trkpt>
    <trkpt lat="42.442841" lon="-2.477844">
      <ele>417.4</ele>
    </trkpt>
    <trkpt lat="42.442955" lon="-2.477862">
      <ele>417.3</ele>
    </trkpt>
    <trkpt lat="42.443027" lon="-2.477826">
      <ele>417.3</ele>
    </trkpt>
    <trkpt lat="42.443083" lon="-2.477714">
      <ele>417.3</ele>
    </trkpt>
    <trkpt lat="42.443322" lon="-2.476834">
      <ele>417</ele>
    </trkpt>
    <trkpt lat="42.443335" lon="-2.476536">
      <ele>416.9</ele>
    </trkpt>
    <trkpt lat="42.443163" lon="-2.475669">
      <ele>416.4</ele>
    </trkpt>
    <trkpt lat="42.443044" lon="-2.474901">
      <ele>415.9</ele>
    </trkpt>
    <trkpt lat="42.443037" lon="-2.474656">
      <ele>415.8</ele>
    </trkpt>
    <trkpt lat="42.44311" lon="-2.474226">
      <ele>415.4</ele>
    </trkpt>
    <trkpt lat="42.443361" lon="-2.473054">
      <ele>414.2</ele>
    </trkpt>
    <trkpt lat="42.44354" lon="-2.47269">
      <ele>413.7</ele>
    </trkpt>
    <trkpt lat="42.443972" lon="-2.472052">
      <ele>412.8</ele>
    </trkpt>
    <trkpt lat="42.444408" lon="-2.472348">
      <ele>412.1</ele>
    </trkpt>
    <trkpt lat="42.4445" lon="-2.472346">
      <ele>411.9</ele>
    </trkpt>
    <trkpt lat="42.444639" lon="-2.47224">
      <ele>411.7</ele>
    </trkpt>
    <trkpt lat="42.445388" lon="-2.471888">
      <ele>410.5</ele>
    </trkpt>
    <trkpt lat="42.445592" lon="-2.471743">
      <ele>410</ele>
    </trkpt>
    <trkpt lat="42.445797" lon="-2.471459">
      <ele>409.3</ele>
    </trkpt>
    <trkpt lat="42.446042" lon="-2.471373">
      <ele>408.7</ele>
    </trkpt>
    <trkpt lat="42.446433" lon="-2.4713">
      <ele>407.6</ele>
    </trkpt>
    <trkpt lat="42.446568" lon="-2.471262">
      <ele>407.2</ele>
    </trkpt>
    <trkpt lat="42.446682" lon="-2.471086">
      <ele>406.8</ele>
    </trkpt>
    <trkpt lat="42.446872" lon="-2.470648">
      <ele>405.8</ele>
    </trkpt>
    <trkpt lat="42.447063" lon="-2.470606">
      <ele>405.3</ele>
    </trkpt>
    <trkpt lat="42.448948" lon="-2.47078">
      <ele>402.3</ele>
    </trkpt>
    <trkpt lat="42.44906" lon="-2.47076">
      <ele>402.2</ele>
    </trkpt>
    <trkpt lat="42.449186" lon="-2.470777">
      <ele>402.1</ele>
    </trkpt>
    <trkpt lat="42.449301" lon="-2.470813">
      <ele>402</ele>
    </trkpt>
    <trkpt lat="42.450165" lon="-2.470877">
      <ele>401.8</ele>
    </trkpt>
    <trkpt lat="42.450314" lon="-2.470855">
      <ele>401.7</ele>
    </trkpt>
    <trkpt lat="42.450409" lon="-2.47072">
      <ele>401.7</ele>
    </trkpt>
    <trkpt lat="42.450467" lon="-2.470543">
      <ele>401.7</ele>
    </trkpt>
    <trkpt lat="42.450417" lon="-2.470534">
      <ele>401.7</ele>
    </trkpt>
    <trkpt lat="42.450392" lon="-2.470514">
      <ele>401.7</ele>
    </trkpt>
    <trkpt lat="42.450541" lon="-2.46735">
      <ele>400.2</ele>
    </trkpt>
    <trkpt lat="42.450578" lon="-2.466565">
      <ele>399.9</ele>
    </trkpt>
    <trkpt lat="42.450604" lon="-2.466534">
      <ele>399.8</ele>
    </trkpt>
    <trkpt lat="42.450657" lon="-2.466535">
      <ele>399.8</ele>
    </trkpt>
    <trkpt lat="42.450656" lon="-2.466388">
      <ele>399.8</ele>
    </trkpt>
    <trkpt lat="42.450578" lon="-2.466273">
      <ele>399.7</ele>
    </trkpt>
    <trkpt lat="42.450578" lon="-2.466149">
      <ele>399.7</ele>
    </trkpt>
    <trkpt lat="42.450665" lon="-2.466031">
      <ele>399.6</ele>
    </trkpt>
    <trkpt lat="42.450685" lon="-2.46587">
      <ele>399.6</ele>
    </trkpt>
    <trkpt lat="42.450695" lon="-2.464825">
      <ele>399.2</ele>
    </trkpt>
    <trkpt lat="42.450693" lon="-2.464669">
      <ele>399.2</ele>
    </trkpt>
    <trkpt lat="42.450691" lon="-2.464507">
      <ele>399.2</ele>
    </trkpt>
    <trkpt lat="42.450664" lon="-2.463765">
      <ele>399</ele>
    </trkpt>
    <trkpt lat="42.450637" lon="-2.46358">
      <ele>398.9</ele>
    </trkpt>
    <trkpt lat="42.450583" lon="-2.463513">
      <ele>398.9</ele>
    </trkpt>
    <trkpt lat="42.450564" lon="-2.463377">
      <ele>398.8</ele>
    </trkpt>
    <trkpt lat="42.450618" lon="-2.463261">
      <ele>398.7</ele>
    </trkpt>
    <trkpt lat="42.450629" lon="-2.46309">
      <ele>398.6</ele>
    </trkpt>
    <trkpt lat="42.450615" lon="-2.462942">
      <ele>398.6</ele>
    </trkpt>
    <trkpt lat="42.450562" lon="-2.462354">
      <ele>398.2</ele>
    </trkpt>
    <trkpt lat="42.450548" lon="-2.462242">
      <ele>398.2</ele>
    </trkpt>
    <trkpt lat="42.450508" lon="-2.461909">
      <ele>398</ele>
    </trkpt>
    <trkpt lat="42.450462" lon="-2.461571">
      <ele>397.9</ele>
    </trkpt>
    <trkpt lat="42.450445" lon="-2.461453">
      <ele>397.8</ele>
    </trkpt>
    <trkpt lat="42.450325" lon="-2.46076">
      <ele>397.5</ele>
    </trkpt>
    <trkpt lat="42.450311" lon="-2.460669">
      <ele>397.5</ele>
    </trkpt>
    <trkpt lat="42.450254" lon="-2.460546">
      <ele>397.5</ele>
    </trkpt>
    <trkpt lat="42.450206" lon="-2.460464">
      <ele>397.5</ele>
    </trkpt>
    <trkpt lat="42.450199" lon="-2.460361">
      <ele>397.4</ele>
    </trkpt>
    <trkpt lat="42.450251" lon="-2.460248">
      <ele>397.4</ele>
    </trkpt>
    <trkpt lat="42.450307" lon="-2.460215">
      <ele>397.4</ele>
    </trkpt>
    <trkpt lat="42.450368" lon="-2.460218">
      <ele>397.4</ele>
    </trkpt>
    <trkpt lat="42.450407" lon="-2.460243">
      <ele>397.4</ele>
    </trkpt>
    <trkpt lat="42.450448" lon="-2.4603">
      <ele>397.4</ele>
    </trkpt>
    <trkpt lat="42.450576" lon="-2.460322">
      <ele>397.4</ele>
    </trkpt>
    <trkpt lat="42.451226" lon="-2.460125">
      <ele>397.3</ele>
    </trkpt>
    <trkpt lat="42.451045" lon="-2.459068">
      <ele>397</ele>
    </trkpt>
    <trkpt lat="42.450951" lon="-2.459092">
      <ele>397</ele>
    </trkpt>
    <trkpt lat="42.450886" lon="-2.458735">
      <ele>396.9</ele>
    </trkpt>
    <trkpt lat="42.451957" lon="-2.458505">
      <ele>395.9</ele>
    </trkpt>
    <trkpt lat="42.452636" lon="-2.458323">
      <ele>395</ele>
    </trkpt>
    <trkpt lat="42.452796" lon="-2.458256">
      <ele>394.8</ele>
    </trkpt>
    <trkpt lat="42.452753" lon="-2.457911">
      <ele>394.6</ele>
    </trkpt>
    <trkpt lat="42.452713" lon="-2.457604">
      <ele>394.4</ele>
    </trkpt>
    <trkpt lat="42.452572" lon="-2.456703">
      <ele>394.7</ele>
    </trkpt>
    <trkpt lat="42.452626" lon="-2.456686">
      <ele>394.7</ele>
    </trkpt>
    <trkpt lat="42.452727" lon="-2.456654">
      <ele>394.8</ele>
    </trkpt>
    <trkpt lat="42.452794" lon="-2.456641">
      <ele>394.9</ele>
    </trkpt>
    <trkpt lat="42.453553" lon="-2.456425">
      <ele>395.2</ele>
    </trkpt>
    <trkpt lat="42.453594" lon="-2.456314">
      <ele>395.2</ele>
    </trkpt>
    <trkpt lat="42.45352" lon="-2.455842">
      <ele>395.1</ele>
    </trkpt>
    <trkpt lat="42.45361" lon="-2.455806">
      <ele>394.9</ele>
    </trkpt>
    <trkpt lat="42.453744" lon="-2.455763">
      <ele>394.8</ele>
    </trkpt>
    <trkpt lat="42.453885" lon="-2.455726">
      <ele>394.6</ele>
    </trkpt>
    <trkpt lat="42.453977" lon="-2.455697">
      <ele>394.4</ele>
    </trkpt>
    <trkpt lat="42.453846" lon="-2.454859">
      <ele>393.3</ele>
    </trkpt>
    <trkpt lat="42.453868" lon="-2.454813">
      <ele>393.2</ele>
    </trkpt>
    <trkpt lat="42.453921" lon="-2.4548">
      <ele>393.1</ele>
    </trkpt>
    <trkpt lat="42.453938" lon="-2.454767">
      <ele>393.1</ele>
    </trkpt>
    <trkpt lat="42.453926" lon="-2.454722">
      <ele>393</ele>
    </trkpt>
    <trkpt lat="42.45393" lon="-2.45458">
      <ele>392.9</ele>
    </trkpt>
    <trkpt lat="42.453992" lon="-2.454484">
      <ele>392.8</ele>
    </trkpt>
    <trkpt lat="42.454022" lon="-2.454306">
      <ele>392.6</ele>
    </trkpt>
    <trkpt lat="42.454062" lon="-2.454225">
      <ele>392.6</ele>
    </trkpt>
    <trkpt lat="42.454243" lon="-2.454168">
      <ele>392.4</ele>
    </trkpt>
    <trkpt lat="42.454258" lon="-2.454238">
      <ele>392.4</ele>
    </trkpt>
    <trkpt lat="42.454271" lon="-2.454362">
      <ele>392.3</ele>
    </trkpt>
    <trkpt lat="42.454238" lon="-2.454464">
      <ele>392.3</ele>
    </trkpt>
    <trkpt lat="42.454179" lon="-2.454485">
      <ele>392.3</ele>
    </trkpt>
    <trkpt lat="42.454134" lon="-2.45446">
      <ele>392.3</ele>
    </trkpt>
    <trkpt lat="42.454106" lon="-2.454404">
      <ele>392.3</ele>
    </trkpt>
    <trkpt lat="42.454107" lon="-2.454319">
      <ele>392.3</ele>
    </trkpt>
    <trkpt lat="42.454188" lon="-2.45424">
      <ele>392.3</ele>
    </trkpt>
    <trkpt lat="42.454815" lon="-2.454045">
      <ele>392.2</ele>
    </trkpt>
    <trkpt lat="42.454942" lon="-2.454017">
      <ele>392.2</ele>
    </trkpt>
    <trkpt lat="42.455003" lon="-2.454043">
      <ele>392.2</ele>
    </trkpt>
    <trkpt lat="42.45502" lon="-2.454172">
      <ele>392.2</ele>
    </trkpt>
    <trkpt lat="42.454966" lon="-2.454233">
      <ele>392.2</ele>
    </trkpt>
    <trkpt lat="42.454879" lon="-2.454211">
      <ele>392.2</ele>
    </trkpt>
    <trkpt lat="42.454841" lon="-2.454075">
      <ele>392.3</ele>
    </trkpt>
    <trkpt lat="42.454827" lon="-2.453999">
      <ele>392.3</ele>
    </trkpt>
    <trkpt lat="42.454821" lon="-2.453975">
      <ele>392.3</ele>
    </trkpt>
    <trkpt lat="42.454809" lon="-2.453922">
      <ele>392.3</ele>
    </trkpt>
    <trkpt lat="42.454805" lon="-2.453746">
      <ele>392.4</ele>
    </trkpt>
    <trkpt lat="42.454835" lon="-2.453766">
      <ele>392.4</ele>
    </trkpt>
    <trkpt lat="42.455594" lon="-2.453541">
      <ele>393</ele>
    </trkpt>
    <trkpt lat="42.455658" lon="-2.453494">
      <ele>393.1</ele>
    </trkpt>
    <trkpt lat="42.455736" lon="-2.453441">
      <ele>393.2</ele>
    </trkpt>
    <trkpt lat="42.456484" lon="-2.453203">
      <ele>393.8</ele>
    </trkpt>
    <trkpt lat="42.4567" lon="-2.453124">
      <ele>393.7</ele>
    </trkpt>
    <trkpt lat="42.456797" lon="-2.453051">
      <ele>393.6</ele>
    </trkpt>
    <trkpt lat="42.457164" lon="-2.452904">
      <ele>393.1</ele>
    </trkpt>
    <trkpt lat="42.457156" lon="-2.452872">
      <ele>393.1</ele>
    </trkpt>
    <trkpt lat="42.457563" lon="-2.452716">
      <ele>392.5</ele>
    </trkpt>
    <trkpt lat="42.45794" lon="-2.452572">
      <ele>392.1</ele>
    </trkpt>
    <trkpt lat="42.457877" lon="-2.452322">
      <ele>392.1</ele>
    </trkpt>
    <trkpt lat="42.457879" lon="-2.452261">
      <ele>392.1</ele>
    </trkpt>
    <trkpt lat="42.457949" lon="-2.452249">
      <ele>392.1</ele>
    </trkpt>
    <trkpt lat="42.457995" lon="-2.452416">
      <ele>392.1</ele>
    </trkpt>
    <trkpt lat="42.458098" lon="-2.452511">
      <ele>392.1</ele>
    </trkpt>
    <trkpt lat="42.458159" lon="-2.452487">
      <ele>392.1</ele>
    </trkpt>
    <trkpt lat="42.458661" lon="-2.452285">
      <ele>392.6</ele>
    </trkpt>
    <trkpt lat="42.458711" lon="-2.452264">
      <ele>392.6</ele>
    </trkpt>
    <trkpt lat="42.458512" lon="-2.451398">
      <ele>393.5</ele>
    </trkpt>
    <trkpt lat="42.458442" lon="-2.451093">
      <ele>393.8</ele>
    </trkpt>
    <trkpt lat="42.458327" lon="-2.450594">
      <ele>393.9</ele>
    </trkpt>
    <trkpt lat="42.458279" lon="-2.450391">
      <ele>393.9</ele>
    </trkpt>
    <trkpt lat="42.458224" lon="-2.450163">
      <ele>393.9</ele>
    </trkpt>
    <trkpt lat="42.458016" lon="-2.449279">
      <ele>394</ele>
    </trkpt>
    <trkpt lat="42.457968" lon="-2.449058">
      <ele>393.9</ele>
    </trkpt>
    <trkpt lat="42.457929" lon="-2.448886">
      <ele>393.8</ele>
    </trkpt>
    <trkpt lat="42.457903" lon="-2.448765">
      <ele>393.7</ele>
    </trkpt>
    <trkpt lat="42.457591" lon="-2.447389">
      <ele>391.8</ele>
    </trkpt>
    <trkpt lat="42.45755" lon="-2.447175">
      <ele>391.3</ele>
    </trkpt>
    <trkpt lat="42.457529" lon="-2.447086">
      <ele>391.1</ele>
    </trkpt>
    <trkpt lat="42.457612" lon="-2.447053">
      <ele>390.8</ele>
    </trkpt>
    <trkpt lat="42.457631" lon="-2.446881">
      <ele>390.4</ele>
    </trkpt>
    <trkpt lat="42.457683" lon="-2.446675">
      <ele>390</ele>
    </trkpt>
    <trkpt lat="42.457994" lon="-2.445214">
      <ele>387.2</ele>
    </trkpt>
    <trkpt lat="42.458022" lon="-2.445046">
      <ele>387</ele>
    </trkpt>
    <trkpt lat="42.457934" lon="-2.444971">
      <ele>386.9</ele>
    </trkpt>
    <trkpt lat="42.457903" lon="-2.444876">
      <ele>386.7</ele>
    </trkpt>
    <trkpt lat="42.457911" lon="-2.44476">
      <ele>386.6</ele>
    </trkpt>
    <trkpt lat="42.457954" lon="-2.444671">
      <ele>386.5</ele>
    </trkpt>
    <trkpt lat="42.45802" lon="-2.444621">
      <ele>386.4</ele>
    </trkpt>
    <trkpt lat="42.458089" lon="-2.444476">
      <ele>386.3</ele>
    </trkpt>
    <trkpt lat="42.45813" lon="-2.444344">
      <ele>386.3</ele>
    </trkpt>
    <trkpt lat="42.458269" lon="-2.443756">
      <ele>386.1</ele>
    </trkpt>
    <trkpt lat="42.458317" lon="-2.443503">
      <ele>386</ele>
    </trkpt>
    <trkpt lat="42.458335" lon="-2.443378">
      <ele>386</ele>
    </trkpt>
    <trkpt lat="42.458351" lon="-2.443068">
      <ele>386</ele>
    </trkpt>
    <trkpt lat="42.458353" lon="-2.443041">
      <ele>386</ele>
    </trkpt>
    <trkpt lat="42.458391" lon="-2.442236">
      <ele>386.4</ele>
    </trkpt>
    <trkpt lat="42.458385" lon="-2.442118">
      <ele>386.4</ele>
    </trkpt>
    <trkpt lat="42.45832" lon="-2.441959">
      <ele>386.5</ele>
    </trkpt>
    <trkpt lat="42.458242" lon="-2.44184">
      <ele>386.5</ele>
    </trkpt>
    <trkpt lat="42.458244" lon="-2.441736">
      <ele>386.6</ele>
    </trkpt>
    <trkpt lat="42.458294" lon="-2.44164">
      <ele>386.6</ele>
    </trkpt>
    <trkpt lat="42.458336" lon="-2.441608">
      <ele>386.6</ele>
    </trkpt>
    <trkpt lat="42.458376" lon="-2.441499">
      <ele>386.6</ele>
    </trkpt>
    <trkpt lat="42.458393" lon="-2.441327">
      <ele>386.6</ele>
    </trkpt>
    <trkpt lat="42.458469" lon="-2.440136">
      <ele>386.8</ele>
    </trkpt>
    <trkpt lat="42.458487" lon="-2.439843">
      <ele>386.7</ele>
    </trkpt>
    <trkpt lat="42.458446" lon="-2.439846">
      <ele>386.7</ele>
    </trkpt>
    <trkpt lat="42.458156" lon="-2.439981">
      <ele>386.5</ele>
    </trkpt>
    <trkpt lat="42.458104" lon="-2.439962">
      <ele>386.5</ele>
    </trkpt>
    <trkpt lat="42.458051" lon="-2.439942">
      <ele>386.5</ele>
    </trkpt>
    <trkpt lat="42.457987" lon="-2.440575">
      <ele>386.4</ele>
    </trkpt>
    <trkpt lat="42.457825" lon="-2.440755">
      <ele>386.4</ele>
    </trkpt>
    <trkpt lat="42.457818" lon="-2.440829">
      <ele>386.5</ele>
    </trkpt>
    <trkpt lat="42.457716" lon="-2.440949">
      <ele>386.5</ele>
    </trkpt>
    </trkseg>
  </trk>
</gpx>
