<?xml version="1.0" encoding="UTF-8"?>
<gpx version="1.1" creator="fitAI Komoot downloader" xmlns="http://www.topografix.com/GPX/1/1">
  <metadata>
    <name>Puente de Piedra de Logroño y Logroño - Recorrido circular desde Laguna de Cameros</name>
    <desc>163 visitas · Dificultad: difficult · Distancia: 94.9 km · Desnivel +: 1237 m</desc>
    <link href="https://www.komoot.com/smarttour/e38246025"><text>Komoot</text></link>
  </metadata>
  <trk>
    <name>Puente de Piedra de Logroño y Logroño - Recorrido circular desde Laguna de Cameros</name>
    <type>racebike</type>
    <trkseg>
    <trkpt lat="42.173794" lon="-2.542738">
      <ele>1023.9</ele>
    </trkpt>
    <trkpt lat="42.173882" lon="-2.542637">
      <ele>1024.2</ele>
    </trkpt>
    <trkpt lat="42.173963" lon="-2.542704">
      <ele>1024.5</ele>
    </trkpt>
    <trkpt lat="42.174386" lon="-2.542307">
      <ele>1026.3</ele>
    </trkpt>
    <trkpt lat="42.174532" lon="-2.542174">
      <ele>1026.9</ele>
    </trkpt>
    <trkpt lat="42.174592" lon="-2.542119">
      <ele>1027.2</ele>
    </trkpt>
    <trkpt lat="42.174757" lon="-2.541969">
      <ele>1027.6</ele>
    </trkpt>
    <trkpt lat="42.175225" lon="-2.541551">
      <ele>1027.2</ele>
    </trkpt>
    <trkpt lat="42.175431" lon="-2.541363">
      <ele>1026.6</ele>
    </trkpt>
    <trkpt lat="42.175879" lon="-2.540964">
      <ele>1024.9</ele>
    </trkpt>
    <trkpt lat="42.176322" lon="-2.540558">
      <ele>1022.6</ele>
    </trkpt>
    <trkpt lat="42.176695" lon="-2.540221">
      <ele>1020.2</ele>
    </trkpt>
    <trkpt lat="42.176725" lon="-2.540195">
      <ele>1020</ele>
    </trkpt>
    <trkpt lat="42.176914" lon="-2.540028">
      <ele>1018.9</ele>
    </trkpt>
    <trkpt lat="42.177113" lon="-2.539849">
      <ele>1017.5</ele>
    </trkpt>
    <trkpt lat="42.177365" lon="-2.539638">
      <ele>1015.5</ele>
    </trkpt>
    <trkpt lat="42.177589" lon="-2.539515">
      <ele>1013.9</ele>
    </trkpt>
    <trkpt lat="42.177836" lon="-2.539467">
      <ele>1012.1</ele>
    </trkpt>
    <trkpt lat="42.178041" lon="-2.539434">
      <ele>1010.5</ele>
    </trkpt>
    <trkpt lat="42.178215" lon="-2.539323">
      <ele>1008.9</ele>
    </trkpt>
    <trkpt lat="42.178443" lon="-2.538937">
      <ele>1006</ele>
    </trkpt>
    <trkpt lat="42.178747" lon="-2.538517">
      <ele>1002.8</ele>
    </trkpt>
    <trkpt lat="42.179515" lon="-2.537923">
      <ele>996.2</ele>
    </trkpt>
    <trkpt lat="42.179611" lon="-2.537778">
      <ele>995.1</ele>
    </trkpt>
    <trkpt lat="42.179678" lon="-2.537554">
      <ele>993.7</ele>
    </trkpt>
    <trkpt lat="42.179796" lon="-2.536953">
      <ele>990.2</ele>
    </trkpt>
    <trkpt lat="42.179892" lon="-2.536713">
      <ele>988.6</ele>
    </trkpt>
    <trkpt lat="42.180683" lon="-2.535604">
      <ele>982.3</ele>
    </trkpt>
    <trkpt lat="42.180762" lon="-2.535549">
      <ele>982</ele>
    </trkpt>
    <trkpt lat="42.180887" lon="-2.535517">
      <ele>981.5</ele>
    </trkpt>
    <trkpt lat="42.181009" lon="-2.535525">
      <ele>981.1</ele>
    </trkpt>
    <trkpt lat="42.181207" lon="-2.535604">
      <ele>980.3</ele>
    </trkpt>
    <trkpt lat="42.181322" lon="-2.535733">
      <ele>979.8</ele>
    </trkpt>
    <trkpt lat="42.181444" lon="-2.535936">
      <ele>979.2</ele>
    </trkpt>
    <trkpt lat="42.181488" lon="-2.535967">
      <ele>979</ele>
    </trkpt>
    <trkpt lat="42.181573" lon="-2.535971">
      <ele>978.8</ele>
    </trkpt>
    <trkpt lat="42.181613" lon="-2.535951">
      <ele>978.6</ele>
    </trkpt>
    <trkpt lat="42.181781" lon="-2.535744">
      <ele>978</ele>
    </trkpt>
    <trkpt lat="42.181865" lon="-2.535691">
      <ele>977.7</ele>
    </trkpt>
    <trkpt lat="42.184048" lon="-2.534887">
      <ele>968.5</ele>
    </trkpt>
    <trkpt lat="42.184348" lon="-2.534765">
      <ele>967.7</ele>
    </trkpt>
    <trkpt lat="42.184459" lon="-2.534692">
      <ele>967.4</ele>
    </trkpt>
    <trkpt lat="42.184487" lon="-2.534647">
      <ele>967.2</ele>
    </trkpt>
    <trkpt lat="42.184581" lon="-2.534294">
      <ele>966.4</ele>
    </trkpt>
    <trkpt lat="42.184629" lon="-2.53423">
      <ele>966.3</ele>
    </trkpt>
    <trkpt lat="42.18491" lon="-2.534127">
      <ele>965.5</ele>
    </trkpt>
    <trkpt lat="42.185046" lon="-2.534046">
      <ele>965.1</ele>
    </trkpt>
    <trkpt lat="42.185348" lon="-2.533824">
      <ele>963.7</ele>
    </trkpt>
    <trkpt lat="42.186884" lon="-2.532378">
      <ele>956.3</ele>
    </trkpt>
    <trkpt lat="42.188349" lon="-2.530482">
      <ele>948.7</ele>
    </trkpt>
    <trkpt lat="42.188556" lon="-2.530048">
      <ele>948.6</ele>
    </trkpt>
    <trkpt lat="42.188594" lon="-2.529952">
      <ele>948.7</ele>
    </trkpt>
    <trkpt lat="42.188693" lon="-2.529781">
      <ele>948.9</ele>
    </trkpt>
    <trkpt lat="42.188973" lon="-2.529645">
      <ele>949.5</ele>
    </trkpt>
    <trkpt lat="42.189119" lon="-2.529535">
      <ele>949.9</ele>
    </trkpt>
    <trkpt lat="42.189578" lon="-2.528892">
      <ele>951</ele>
    </trkpt>
    <trkpt lat="42.189657" lon="-2.5288">
      <ele>951.1</ele>
    </trkpt>
    <trkpt lat="42.189786" lon="-2.528707">
      <ele>951.2</ele>
    </trkpt>
    <trkpt lat="42.190133" lon="-2.528582">
      <ele>951.7</ele>
    </trkpt>
    <trkpt lat="42.190296" lon="-2.528556">
      <ele>951.9</ele>
    </trkpt>
    <trkpt lat="42.19066" lon="-2.528564">
      <ele>952</ele>
    </trkpt>
    <trkpt lat="42.190766" lon="-2.528544">
      <ele>951.9</ele>
    </trkpt>
    <trkpt lat="42.19089" lon="-2.528469">
      <ele>951.7</ele>
    </trkpt>
    <trkpt lat="42.191073" lon="-2.528276">
      <ele>951.5</ele>
    </trkpt>
    <trkpt lat="42.191229" lon="-2.528011">
      <ele>951</ele>
    </trkpt>
    <trkpt lat="42.191331" lon="-2.527772">
      <ele>950.6</ele>
    </trkpt>
    <trkpt lat="42.191549" lon="-2.527518">
      <ele>949.8</ele>
    </trkpt>
    <trkpt lat="42.191706" lon="-2.527439">
      <ele>949.3</ele>
    </trkpt>
    <trkpt lat="42.192086" lon="-2.527419">
      <ele>947.7</ele>
    </trkpt>
    <trkpt lat="42.19235" lon="-2.527443">
      <ele>946.1</ele>
    </trkpt>
    <trkpt lat="42.192712" lon="-2.527531">
      <ele>943.7</ele>
    </trkpt>
    <trkpt lat="42.193004" lon="-2.527469">
      <ele>942.1</ele>
    </trkpt>
    <trkpt lat="42.193237" lon="-2.527288">
      <ele>941.2</ele>
    </trkpt>
    <trkpt lat="42.193547" lon="-2.526928">
      <ele>940.5</ele>
    </trkpt>
    <trkpt lat="42.193701" lon="-2.526692">
      <ele>940.1</ele>
    </trkpt>
    <trkpt lat="42.193902" lon="-2.526226">
      <ele>939.5</ele>
    </trkpt>
    <trkpt lat="42.195559" lon="-2.522071">
      <ele>926.9</ele>
    </trkpt>
    <trkpt lat="42.196092" lon="-2.520705">
      <ele>920.7</ele>
    </trkpt>
    <trkpt lat="42.196359" lon="-2.520029">
      <ele>918.5</ele>
    </trkpt>
    <trkpt lat="42.196458" lon="-2.519834">
      <ele>918</ele>
    </trkpt>
    <trkpt lat="42.196611" lon="-2.519471">
      <ele>917.3</ele>
    </trkpt>
    <trkpt lat="42.196577" lon="-2.518966">
      <ele>916.7</ele>
    </trkpt>
    <trkpt lat="42.196639" lon="-2.518624">
      <ele>916.4</ele>
    </trkpt>
    <trkpt lat="42.196775" lon="-2.51828">
      <ele>916.2</ele>
    </trkpt>
    <trkpt lat="42.197266" lon="-2.517598">
      <ele>915.4</ele>
    </trkpt>
    <trkpt lat="42.199403" lon="-2.513966">
      <ele>909.9</ele>
    </trkpt>
    <trkpt lat="42.201261" lon="-2.510828">
      <ele>908.2</ele>
    </trkpt>
    <trkpt lat="42.20147" lon="-2.510557">
      <ele>907.3</ele>
    </trkpt>
    <trkpt lat="42.201898" lon="-2.51014">
      <ele>904.9</ele>
    </trkpt>
    <trkpt lat="42.202361" lon="-2.509764">
      <ele>902</ele>
    </trkpt>
    <trkpt lat="42.20281" lon="-2.509504">
      <ele>899.4</ele>
    </trkpt>
    <trkpt lat="42.203868" lon="-2.508965">
      <ele>896.1</ele>
    </trkpt>
    <trkpt lat="42.204037" lon="-2.50873">
      <ele>896</ele>
    </trkpt>
    <trkpt lat="42.204176" lon="-2.508433">
      <ele>895.8</ele>
    </trkpt>
    <trkpt lat="42.204413" lon="-2.507774">
      <ele>894.4</ele>
    </trkpt>
    <trkpt lat="42.204594" lon="-2.507414">
      <ele>893.2</ele>
    </trkpt>
    <trkpt lat="42.204748" lon="-2.507279">
      <ele>892.5</ele>
    </trkpt>
    <trkpt lat="42.204863" lon="-2.507284">
      <ele>891.9</ele>
    </trkpt>
    <trkpt lat="42.205008" lon="-2.507353">
      <ele>891.2</ele>
    </trkpt>
    <trkpt lat="42.205171" lon="-2.507376">
      <ele>890.4</ele>
    </trkpt>
    <trkpt lat="42.205459" lon="-2.507332">
      <ele>888.8</ele>
    </trkpt>
    <trkpt lat="42.205694" lon="-2.507246">
      <ele>887.3</ele>
    </trkpt>
    <trkpt lat="42.205838" lon="-2.507155">
      <ele>886.3</ele>
    </trkpt>
    <trkpt lat="42.207715" lon="-2.505422">
      <ele>879.4</ele>
    </trkpt>
    <trkpt lat="42.207972" lon="-2.505226">
      <ele>878.7</ele>
    </trkpt>
    <trkpt lat="42.209631" lon="-2.504513">
      <ele>875.2</ele>
    </trkpt>
    <trkpt lat="42.209722" lon="-2.504479">
      <ele>875</ele>
    </trkpt>
    <trkpt lat="42.209866" lon="-2.504483">
      <ele>874.9</ele>
    </trkpt>
    <trkpt lat="42.210028" lon="-2.504524">
      <ele>874.7</ele>
    </trkpt>
    <trkpt lat="42.210152" lon="-2.504521">
      <ele>874.5</ele>
    </trkpt>
    <trkpt lat="42.210266" lon="-2.504407">
      <ele>874.4</ele>
    </trkpt>
    <trkpt lat="42.210399" lon="-2.504177">
      <ele>874.2</ele>
    </trkpt>
    <trkpt lat="42.210475" lon="-2.503965">
      <ele>874</ele>
    </trkpt>
    <trkpt lat="42.210529" lon="-2.50364">
      <ele>873.7</ele>
    </trkpt>
    <trkpt lat="42.210584" lon="-2.502174">
      <ele>871.4</ele>
    </trkpt>
    <trkpt lat="42.210624" lon="-2.501833">
      <ele>870.9</ele>
    </trkpt>
    <trkpt lat="42.210713" lon="-2.501386">
      <ele>870.3</ele>
    </trkpt>
    <trkpt lat="42.210808" lon="-2.50114">
      <ele>869.9</ele>
    </trkpt>
    <trkpt lat="42.210877" lon="-2.501026">
      <ele>869.8</ele>
    </trkpt>
    <trkpt lat="42.211441" lon="-2.500329">
      <ele>868.5</ele>
    </trkpt>
    <trkpt lat="42.211647" lon="-2.499909">
      <ele>867.8</ele>
    </trkpt>
    <trkpt lat="42.211714" lon="-2.499699">
      <ele>867.4</ele>
    </trkpt>
    <trkpt lat="42.2125" lon="-2.496415">
      <ele>861.6</ele>
    </trkpt>
    <trkpt lat="42.21261" lon="-2.496091">
      <ele>861</ele>
    </trkpt>
    <trkpt lat="42.213259" lon="-2.495103">
      <ele>859.4</ele>
    </trkpt>
    <trkpt lat="42.21348" lon="-2.494855">
      <ele>859.2</ele>
    </trkpt>
    <trkpt lat="42.214557" lon="-2.494143">
      <ele>860</ele>
    </trkpt>
    <trkpt lat="42.214929" lon="-2.49393">
      <ele>859.8</ele>
    </trkpt>
    <trkpt lat="42.215074" lon="-2.493797">
      <ele>859.5</ele>
    </trkpt>
    <trkpt lat="42.215259" lon="-2.493525">
      <ele>858.8</ele>
    </trkpt>
    <trkpt lat="42.215334" lon="-2.493372">
      <ele>858.4</ele>
    </trkpt>
    <trkpt lat="42.215457" lon="-2.493005">
      <ele>857.2</ele>
    </trkpt>
    <trkpt lat="42.215519" lon="-2.492578">
      <ele>855.7</ele>
    </trkpt>
    <trkpt lat="42.215592" lon="-2.492262">
      <ele>854.4</ele>
    </trkpt>
    <trkpt lat="42.215797" lon="-2.491809">
      <ele>852.5</ele>
    </trkpt>
    <trkpt lat="42.216008" lon="-2.491425">
      <ele>851</ele>
    </trkpt>
    <trkpt lat="42.216126" lon="-2.491261">
      <ele>850.5</ele>
    </trkpt>
    <trkpt lat="42.216709" lon="-2.490617">
      <ele>849.2</ele>
    </trkpt>
    <trkpt lat="42.216902" lon="-2.490406">
      <ele>849.1</ele>
    </trkpt>
    <trkpt lat="42.216938" lon="-2.490369">
      <ele>849</ele>
    </trkpt>
    <trkpt lat="42.217029" lon="-2.490276">
      <ele>849</ele>
    </trkpt>
    <trkpt lat="42.217066" lon="-2.490234">
      <ele>849</ele>
    </trkpt>
    <trkpt lat="42.21728" lon="-2.489973">
      <ele>848.9</ele>
    </trkpt>
    <trkpt lat="42.217487" lon="-2.489616">
      <ele>848.7</ele>
    </trkpt>
    <trkpt lat="42.217561" lon="-2.489355">
      <ele>848.5</ele>
    </trkpt>
    <trkpt lat="42.217593" lon="-2.488896">
      <ele>848.1</ele>
    </trkpt>
    <trkpt lat="42.217575" lon="-2.488574">
      <ele>847.6</ele>
    </trkpt>
    <trkpt lat="42.217488" lon="-2.488093">
      <ele>847</ele>
    </trkpt>
    <trkpt lat="42.217498" lon="-2.487865">
      <ele>846.6</ele>
    </trkpt>
    <trkpt lat="42.217659" lon="-2.487333">
      <ele>845.6</ele>
    </trkpt>
    <trkpt lat="42.217854" lon="-2.486833">
      <ele>844.8</ele>
    </trkpt>
    <trkpt lat="42.217987" lon="-2.486645">
      <ele>844.4</ele>
    </trkpt>
    <trkpt lat="42.218581" lon="-2.485985">
      <ele>843.3</ele>
    </trkpt>
    <trkpt lat="42.218977" lon="-2.485329">
      <ele>842.5</ele>
    </trkpt>
    <trkpt lat="42.219049" lon="-2.48503">
      <ele>842.2</ele>
    </trkpt>
    <trkpt lat="42.219081" lon="-2.484481">
      <ele>841.4</ele>
    </trkpt>
    <trkpt lat="42.219052" lon="-2.484214">
      <ele>841.1</ele>
    </trkpt>
    <trkpt lat="42.218965" lon="-2.483832">
      <ele>840.5</ele>
    </trkpt>
    <trkpt lat="42.218961" lon="-2.483603">
      <ele>840.2</ele>
    </trkpt>
    <trkpt lat="42.219031" lon="-2.483444">
      <ele>839.9</ele>
    </trkpt>
    <trkpt lat="42.21924" lon="-2.483147">
      <ele>839.1</ele>
    </trkpt>
    <trkpt lat="42.219297" lon="-2.482964">
      <ele>838.8</ele>
    </trkpt>
    <trkpt lat="42.219374" lon="-2.4825">
      <ele>837.9</ele>
    </trkpt>
    <trkpt lat="42.219431" lon="-2.482341">
      <ele>837.5</ele>
    </trkpt>
    <trkpt lat="42.219518" lon="-2.48216">
      <ele>837.2</ele>
    </trkpt>
    <trkpt lat="42.220642" lon="-2.480381">
      <ele>835.7</ele>
    </trkpt>
    <trkpt lat="42.22084" lon="-2.480239">
      <ele>835.7</ele>
    </trkpt>
    <trkpt lat="42.22099" lon="-2.480219">
      <ele>835.7</ele>
    </trkpt>
    <trkpt lat="42.221212" lon="-2.48027">
      <ele>835.6</ele>
    </trkpt>
    <trkpt lat="42.221513" lon="-2.480387">
      <ele>835.6</ele>
    </trkpt>
    <trkpt lat="42.221634" lon="-2.480431">
      <ele>835.6</ele>
    </trkpt>
    <trkpt lat="42.221663" lon="-2.480442">
      <ele>835.6</ele>
    </trkpt>
    <trkpt lat="42.222479" lon="-2.480758">
      <ele>835.2</ele>
    </trkpt>
    <trkpt lat="42.223683" lon="-2.481065">
      <ele>835.4</ele>
    </trkpt>
    <trkpt lat="42.224263" lon="-2.481403">
      <ele>834.6</ele>
    </trkpt>
    <trkpt lat="42.224359" lon="-2.481431">
      <ele>834.4</ele>
    </trkpt>
    <trkpt lat="42.224457" lon="-2.481439">
      <ele>834.3</ele>
    </trkpt>
    <trkpt lat="42.224854" lon="-2.481345">
      <ele>833.1</ele>
    </trkpt>
    <trkpt lat="42.225419" lon="-2.481204">
      <ele>831</ele>
    </trkpt>
    <trkpt lat="42.225684" lon="-2.481088">
      <ele>830.2</ele>
    </trkpt>
    <trkpt lat="42.225801" lon="-2.481">
      <ele>829.9</ele>
    </trkpt>
    <trkpt lat="42.226008" lon="-2.480731">
      <ele>829.5</ele>
    </trkpt>
    <trkpt lat="42.226757" lon="-2.480122">
      <ele>828.9</ele>
    </trkpt>
    <trkpt lat="42.22775" lon="-2.47948">
      <ele>828.7</ele>
    </trkpt>
    <trkpt lat="42.22796" lon="-2.47927">
      <ele>828.3</ele>
    </trkpt>
    <trkpt lat="42.22814" lon="-2.4788">
      <ele>827.3</ele>
    </trkpt>
    <trkpt lat="42.22865" lon="-2.47803">
      <ele>824.4</ele>
    </trkpt>
    <trkpt lat="42.22927" lon="-2.47671">
      <ele>820.4</ele>
    </trkpt>
    <trkpt lat="42.229778" lon="-2.475993">
      <ele>819.3</ele>
    </trkpt>
    <trkpt lat="42.230253" lon="-2.475321">
      <ele>819.1</ele>
    </trkpt>
    <trkpt lat="42.230952" lon="-2.474583">
      <ele>820.8</ele>
    </trkpt>
    <trkpt lat="42.231147" lon="-2.474923">
      <ele>821.7</ele>
    </trkpt>
    <trkpt lat="42.231259" lon="-2.475121">
      <ele>822.3</ele>
    </trkpt>
    <trkpt lat="42.231484" lon="-2.475351">
      <ele>823.4</ele>
    </trkpt>
    <trkpt lat="42.231404" lon="-2.474938">
      <ele>825.1</ele>
    </trkpt>
    <trkpt lat="42.231507" lon="-2.474477">
      <ele>826.6</ele>
    </trkpt>
    <trkpt lat="42.231531" lon="-2.474227">
      <ele>827.2</ele>
    </trkpt>
    <trkpt lat="42.231605" lon="-2.474167">
      <ele>827.5</ele>
    </trkpt>
    <trkpt lat="42.231722" lon="-2.474228">
      <ele>827.9</ele>
    </trkpt>
    <trkpt lat="42.231863" lon="-2.474181">
      <ele>828.2</ele>
    </trkpt>
    <trkpt lat="42.231906" lon="-2.474247">
      <ele>828.4</ele>
    </trkpt>
    <trkpt lat="42.231907" lon="-2.474291">
      <ele>828.4</ele>
    </trkpt>
    <trkpt lat="42.23191" lon="-2.474379">
      <ele>828.6</ele>
    </trkpt>
    <trkpt lat="42.231803" lon="-2.474479">
      <ele>828.9</ele>
    </trkpt>
    <trkpt lat="42.23167" lon="-2.474858">
      <ele>829.5</ele>
    </trkpt>
    <trkpt lat="42.231834" lon="-2.475048">
      <ele>829.7</ele>
    </trkpt>
    <trkpt lat="42.23167" lon="-2.474858">
      <ele>829.4</ele>
    </trkpt>
    <trkpt lat="42.231803" lon="-2.474479">
      <ele>828.1</ele>
    </trkpt>
    <trkpt lat="42.23191" lon="-2.474379">
      <ele>827.4</ele>
    </trkpt>
    <trkpt lat="42.231907" lon="-2.474291">
      <ele>827.1</ele>
    </trkpt>
    <trkpt lat="42.231906" lon="-2.474247">
      <ele>826.9</ele>
    </trkpt>
    <trkpt lat="42.231863" lon="-2.474181">
      <ele>826.4</ele>
    </trkpt>
    <trkpt lat="42.231722" lon="-2.474228">
      <ele>825.5</ele>
    </trkpt>
    <trkpt lat="42.231605" lon="-2.474167">
      <ele>824.8</ele>
    </trkpt>
    <trkpt lat="42.231531" lon="-2.474227">
      <ele>824.2</ele>
    </trkpt>
    <trkpt lat="42.231148" lon="-2.473566">
      <ele>820.3</ele>
    </trkpt>
    <trkpt lat="42.231074" lon="-2.473595">
      <ele>819.7</ele>
    </trkpt>
    <trkpt lat="42.230959" lon="-2.473714">
      <ele>818.7</ele>
    </trkpt>
    <trkpt lat="42.23103" lon="-2.47358">
      <ele>818</ele>
    </trkpt>
    <trkpt lat="42.231101" lon="-2.473504">
      <ele>817.5</ele>
    </trkpt>
    <trkpt lat="42.23136" lon="-2.4733">
      <ele>816.1</ele>
    </trkpt>
    <trkpt lat="42.23184" lon="-2.47302">
      <ele>815.3</ele>
    </trkpt>
    <trkpt lat="42.23256" lon="-2.472352">
      <ele>816.1</ele>
    </trkpt>
    <trkpt lat="42.232892" lon="-2.472186">
      <ele>816.5</ele>
    </trkpt>
    <trkpt lat="42.233071" lon="-2.472176">
      <ele>816.7</ele>
    </trkpt>
    <trkpt lat="42.233331" lon="-2.472214">
      <ele>817</ele>
    </trkpt>
    <trkpt lat="42.233894" lon="-2.472338">
      <ele>817.9</ele>
    </trkpt>
    <trkpt lat="42.2344" lon="-2.47236">
      <ele>818.6</ele>
    </trkpt>
    <trkpt lat="42.23514" lon="-2.472166">
      <ele>818.5</ele>
    </trkpt>
    <trkpt lat="42.235395" lon="-2.472072">
      <ele>818.1</ele>
    </trkpt>
    <trkpt lat="42.236307" lon="-2.471283">
      <ele>814.4</ele>
    </trkpt>
    <trkpt lat="42.237732" lon="-2.470109">
      <ele>808.1</ele>
    </trkpt>
    <trkpt lat="42.237907" lon="-2.470015">
      <ele>807.8</ele>
    </trkpt>
    <trkpt lat="42.238543" lon="-2.469857">
      <ele>807.3</ele>
    </trkpt>
    <trkpt lat="42.239532" lon="-2.469188">
      <ele>806.5</ele>
    </trkpt>
    <trkpt lat="42.239686" lon="-2.469035">
      <ele>806.2</ele>
    </trkpt>
    <trkpt lat="42.240173" lon="-2.467878">
      <ele>804.2</ele>
    </trkpt>
    <trkpt lat="42.24075" lon="-2.46716">
      <ele>802.9</ele>
    </trkpt>
    <trkpt lat="42.240879" lon="-2.46696">
      <ele>802.6</ele>
    </trkpt>
    <trkpt lat="42.242459" lon="-2.463636">
      <ele>798.7</ele>
    </trkpt>
    <trkpt lat="42.242565" lon="-2.463203">
      <ele>798</ele>
    </trkpt>
    <trkpt lat="42.242629" lon="-2.462621">
      <ele>797.2</ele>
    </trkpt>
    <trkpt lat="42.242696" lon="-2.461994">
      <ele>796.5</ele>
    </trkpt>
    <trkpt lat="42.242801" lon="-2.461658">
      <ele>796</ele>
    </trkpt>
    <trkpt lat="42.243537" lon="-2.460361">
      <ele>794.9</ele>
    </trkpt>
    <trkpt lat="42.243786" lon="-2.460021">
      <ele>794.8</ele>
    </trkpt>
    <trkpt lat="42.244814" lon="-2.459183">
      <ele>794.3</ele>
    </trkpt>
    <trkpt lat="42.24507" lon="-2.458956">
      <ele>794.2</ele>
    </trkpt>
    <trkpt lat="42.2452" lon="-2.458804">
      <ele>794.1</ele>
    </trkpt>
    <trkpt lat="42.245374" lon="-2.458485">
      <ele>793.8</ele>
    </trkpt>
    <trkpt lat="42.247167" lon="-2.454478">
      <ele>789.4</ele>
    </trkpt>
    <trkpt lat="42.247296" lon="-2.454158">
      <ele>789.4</ele>
    </trkpt>
    <trkpt lat="42.247411" lon="-2.453672">
      <ele>789.5</ele>
    </trkpt>
    <trkpt lat="42.247607" lon="-2.453447">
      <ele>789.8</ele>
    </trkpt>
    <trkpt lat="42.247921" lon="-2.453342">
      <ele>790.2</ele>
    </trkpt>
    <trkpt lat="42.248076" lon="-2.453359">
      <ele>790.4</ele>
    </trkpt>
    <trkpt lat="42.248906" lon="-2.453591">
      <ele>791.8</ele>
    </trkpt>
    <trkpt lat="42.249503" lon="-2.453569">
      <ele>793.4</ele>
    </trkpt>
    <trkpt lat="42.250029" lon="-2.453791">
      <ele>795.5</ele>
    </trkpt>
    <trkpt lat="42.250109" lon="-2.453849">
      <ele>795.9</ele>
    </trkpt>
    <trkpt lat="42.251013" lon="-2.454828">
      <ele>799.9</ele>
    </trkpt>
    <trkpt lat="42.251192" lon="-2.454938">
      <ele>800</ele>
    </trkpt>
    <trkpt lat="42.251892" lon="-2.455157">
      <ele>798.2</ele>
    </trkpt>
    <trkpt lat="42.252432" lon="-2.455222">
      <ele>794</ele>
    </trkpt>
    <trkpt lat="42.252574" lon="-2.455177">
      <ele>792.6</ele>
    </trkpt>
    <trkpt lat="42.253336" lon="-2.454658">
      <ele>785.2</ele>
    </trkpt>
    <trkpt lat="42.253538" lon="-2.454589">
      <ele>783.7</ele>
    </trkpt>
    <trkpt lat="42.254683" lon="-2.454575">
      <ele>779.4</ele>
    </trkpt>
    <trkpt lat="42.254946" lon="-2.454733">
      <ele>778.7</ele>
    </trkpt>
    <trkpt lat="42.255085" lon="-2.454707">
      <ele>778.4</ele>
    </trkpt>
    <trkpt lat="42.255412" lon="-2.454455">
      <ele>777.4</ele>
    </trkpt>
    <trkpt lat="42.255639" lon="-2.454239">
      <ele>776.8</ele>
    </trkpt>
    <trkpt lat="42.255907" lon="-2.453912">
      <ele>775.6</ele>
    </trkpt>
    <trkpt lat="42.256171" lon="-2.453547">
      <ele>774.7</ele>
    </trkpt>
    <trkpt lat="42.256669" lon="-2.452749">
      <ele>774.7</ele>
    </trkpt>
    <trkpt lat="42.256774" lon="-2.452567">
      <ele>774.8</ele>
    </trkpt>
    <trkpt lat="42.256827" lon="-2.452417">
      <ele>774.8</ele>
    </trkpt>
    <trkpt lat="42.256852" lon="-2.452237">
      <ele>774.9</ele>
    </trkpt>
    <trkpt lat="42.25689" lon="-2.450645">
      <ele>774.6</ele>
    </trkpt>
    <trkpt lat="42.257007" lon="-2.449343">
      <ele>774</ele>
    </trkpt>
    <trkpt lat="42.257034" lon="-2.448668">
      <ele>773.7</ele>
    </trkpt>
    <trkpt lat="42.257028" lon="-2.44843">
      <ele>773.6</ele>
    </trkpt>
    <trkpt lat="42.257" lon="-2.446787">
      <ele>772.5</ele>
    </trkpt>
    <trkpt lat="42.256817" lon="-2.445357">
      <ele>770.2</ele>
    </trkpt>
    <trkpt lat="42.256696" lon="-2.444363">
      <ele>769</ele>
    </trkpt>
    <trkpt lat="42.256676" lon="-2.444018">
      <ele>768.9</ele>
    </trkpt>
    <trkpt lat="42.256681" lon="-2.443479">
      <ele>768.8</ele>
    </trkpt>
    <trkpt lat="42.256726" lon="-2.442967">
      <ele>768.8</ele>
    </trkpt>
    <trkpt lat="42.256822" lon="-2.442452">
      <ele>768.8</ele>
    </trkpt>
    <trkpt lat="42.256999" lon="-2.441752">
      <ele>769.2</ele>
    </trkpt>
    <trkpt lat="42.25714" lon="-2.441246">
      <ele>770</ele>
    </trkpt>
    <trkpt lat="42.257217" lon="-2.441047">
      <ele>770.4</ele>
    </trkpt>
    <trkpt lat="42.257335" lon="-2.440857">
      <ele>771</ele>
    </trkpt>
    <trkpt lat="42.257486" lon="-2.440715">
      <ele>771.7</ele>
    </trkpt>
    <trkpt lat="42.257641" lon="-2.440627">
      <ele>772.5</ele>
    </trkpt>
    <trkpt lat="42.257817" lon="-2.440606">
      <ele>773.4</ele>
    </trkpt>
    <trkpt lat="42.258" lon="-2.440638">
      <ele>774.4</ele>
    </trkpt>
    <trkpt lat="42.258203" lon="-2.440728">
      <ele>775.7</ele>
    </trkpt>
    <trkpt lat="42.259223" lon="-2.441321">
      <ele>779.4</ele>
    </trkpt>
    <trkpt lat="42.259457" lon="-2.441376">
      <ele>779.1</ele>
    </trkpt>
    <trkpt lat="42.259689" lon="-2.441332">
      <ele>778.5</ele>
    </trkpt>
    <trkpt lat="42.259923" lon="-2.441193">
      <ele>777.6</ele>
    </trkpt>
    <trkpt lat="42.260088" lon="-2.441003">
      <ele>776.5</ele>
    </trkpt>
    <trkpt lat="42.260694" lon="-2.440057">
      <ele>771.8</ele>
    </trkpt>
    <trkpt lat="42.260858" lon="-2.439727">
      <ele>770.8</ele>
    </trkpt>
    <trkpt lat="42.260968" lon="-2.439345">
      <ele>770</ele>
    </trkpt>
    <trkpt lat="42.261329" lon="-2.437448">
      <ele>769.6</ele>
    </trkpt>
    <trkpt lat="42.26149" lon="-2.436798">
      <ele>771.1</ele>
    </trkpt>
    <trkpt lat="42.261645" lon="-2.436365">
      <ele>772.5</ele>
    </trkpt>
    <trkpt lat="42.261863" lon="-2.435992">
      <ele>774</ele>
    </trkpt>
    <trkpt lat="42.262111" lon="-2.435673">
      <ele>775.1</ele>
    </trkpt>
    <trkpt lat="42.262482" lon="-2.435313">
      <ele>775.9</ele>
    </trkpt>
    <trkpt lat="42.263651" lon="-2.434341">
      <ele>774.1</ele>
    </trkpt>
    <trkpt lat="42.263893" lon="-2.434187">
      <ele>774.2</ele>
    </trkpt>
    <trkpt lat="42.264166" lon="-2.434078">
      <ele>774.6</ele>
    </trkpt>
    <trkpt lat="42.26441" lon="-2.43404">
      <ele>774.9</ele>
    </trkpt>
    <trkpt lat="42.264627" lon="-2.434062">
      <ele>775.1</ele>
    </trkpt>
    <trkpt lat="42.265044" lon="-2.434234">
      <ele>775.4</ele>
    </trkpt>
    <trkpt lat="42.265198" lon="-2.434247">
      <ele>775.5</ele>
    </trkpt>
    <trkpt lat="42.265323" lon="-2.4342">
      <ele>775.6</ele>
    </trkpt>
    <trkpt lat="42.265893" lon="-2.433826">
      <ele>775.1</ele>
    </trkpt>
    <trkpt lat="42.2678" lon="-2.43339">
      <ele>769.3</ele>
    </trkpt>
    <trkpt lat="42.268145" lon="-2.433253">
      <ele>768.5</ele>
    </trkpt>
    <trkpt lat="42.268667" lon="-2.432931">
      <ele>767.1</ele>
    </trkpt>
    <trkpt lat="42.268954" lon="-2.432821">
      <ele>765.9</ele>
    </trkpt>
    <trkpt lat="42.269166" lon="-2.432809">
      <ele>764.9</ele>
    </trkpt>
    <trkpt lat="42.269362" lon="-2.432843">
      <ele>763.8</ele>
    </trkpt>
    <trkpt lat="42.269592" lon="-2.432926">
      <ele>762.5</ele>
    </trkpt>
    <trkpt lat="42.269866" lon="-2.433053">
      <ele>760.6</ele>
    </trkpt>
    <trkpt lat="42.270247" lon="-2.433063">
      <ele>758</ele>
    </trkpt>
    <trkpt lat="42.27038" lon="-2.43299">
      <ele>757</ele>
    </trkpt>
    <trkpt lat="42.2714" lon="-2.43222">
      <ele>750.7</ele>
    </trkpt>
    <trkpt lat="42.271604" lon="-2.432108">
      <ele>750.2</ele>
    </trkpt>
    <trkpt lat="42.271784" lon="-2.432072">
      <ele>749.8</ele>
    </trkpt>
    <trkpt lat="42.271942" lon="-2.432102">
      <ele>749.5</ele>
    </trkpt>
    <trkpt lat="42.272197" lon="-2.432286">
      <ele>749.2</ele>
    </trkpt>
    <trkpt lat="42.272368" lon="-2.432307">
      <ele>749.1</ele>
    </trkpt>
    <trkpt lat="42.273318" lon="-2.431893">
      <ele>750.4</ele>
    </trkpt>
    <trkpt lat="42.273618" lon="-2.431661">
      <ele>751.5</ele>
    </trkpt>
    <trkpt lat="42.273738" lon="-2.431695">
      <ele>751.9</ele>
    </trkpt>
    <trkpt lat="42.273804" lon="-2.431806">
      <ele>752.2</ele>
    </trkpt>
    <trkpt lat="42.274092" lon="-2.432607">
      <ele>754.2</ele>
    </trkpt>
    <trkpt lat="42.274628" lon="-2.43392">
      <ele>754.3</ele>
    </trkpt>
    <trkpt lat="42.274706" lon="-2.433986">
      <ele>754.1</ele>
    </trkpt>
    <trkpt lat="42.274775" lon="-2.433988">
      <ele>754</ele>
    </trkpt>
    <trkpt lat="42.274895" lon="-2.433881">
      <ele>753.7</ele>
    </trkpt>
    <trkpt lat="42.275034" lon="-2.433803">
      <ele>753.3</ele>
    </trkpt>
    <trkpt lat="42.275191" lon="-2.433781">
      <ele>752.9</ele>
    </trkpt>
    <trkpt lat="42.275335" lon="-2.433826">
      <ele>752.4</ele>
    </trkpt>
    <trkpt lat="42.27547" lon="-2.433945">
      <ele>751.8</ele>
    </trkpt>
    <trkpt lat="42.275713" lon="-2.434223">
      <ele>750.4</ele>
    </trkpt>
    <trkpt lat="42.275819" lon="-2.434256">
      <ele>749.9</ele>
    </trkpt>
    <trkpt lat="42.275946" lon="-2.434245">
      <ele>749.3</ele>
    </trkpt>
    <trkpt lat="42.276264" lon="-2.434053">
      <ele>747.4</ele>
    </trkpt>
    <trkpt lat="42.276994" lon="-2.433163">
      <ele>741.4</ele>
    </trkpt>
    <trkpt lat="42.277221" lon="-2.432743">
      <ele>739.9</ele>
    </trkpt>
    <trkpt lat="42.277345" lon="-2.432332">
      <ele>739.6</ele>
    </trkpt>
    <trkpt lat="42.277449" lon="-2.432189">
      <ele>739.6</ele>
    </trkpt>
    <trkpt lat="42.277739" lon="-2.432154">
      <ele>739.9</ele>
    </trkpt>
    <trkpt lat="42.27801" lon="-2.432189">
      <ele>740.3</ele>
    </trkpt>
    <trkpt lat="42.27811" lon="-2.43226">
      <ele>740.4</ele>
    </trkpt>
    <trkpt lat="42.278348" lon="-2.432643">
      <ele>740.6</ele>
    </trkpt>
    <trkpt lat="42.278455" lon="-2.43273">
      <ele>740.7</ele>
    </trkpt>
    <trkpt lat="42.278569" lon="-2.432733">
      <ele>740.7</ele>
    </trkpt>
    <trkpt lat="42.278828" lon="-2.432593">
      <ele>740.6</ele>
    </trkpt>
    <trkpt lat="42.278969" lon="-2.432571">
      <ele>740.5</ele>
    </trkpt>
    <trkpt lat="42.279133" lon="-2.43258">
      <ele>740.3</ele>
    </trkpt>
    <trkpt lat="42.279376" lon="-2.432666">
      <ele>740.3</ele>
    </trkpt>
    <trkpt lat="42.279749" lon="-2.432847">
      <ele>740</ele>
    </trkpt>
    <trkpt lat="42.280121" lon="-2.433136">
      <ele>739.4</ele>
    </trkpt>
    <trkpt lat="42.280387" lon="-2.433267">
      <ele>738.9</ele>
    </trkpt>
    <trkpt lat="42.280522" lon="-2.433289">
      <ele>738.6</ele>
    </trkpt>
    <trkpt lat="42.280682" lon="-2.433272">
      <ele>738.2</ele>
    </trkpt>
    <trkpt lat="42.281619" lon="-2.432863">
      <ele>732.7</ele>
    </trkpt>
    <trkpt lat="42.282307" lon="-2.432187">
      <ele>726.2</ele>
    </trkpt>
    <trkpt lat="42.2827" lon="-2.431576">
      <ele>723.1</ele>
    </trkpt>
    <trkpt lat="42.283352" lon="-2.430274">
      <ele>720.3</ele>
    </trkpt>
    <trkpt lat="42.283871" lon="-2.429019">
      <ele>718.9</ele>
    </trkpt>
    <trkpt lat="42.284879" lon="-2.427385">
      <ele>714.5</ele>
    </trkpt>
    <trkpt lat="42.28504" lon="-2.42722">
      <ele>713.6</ele>
    </trkpt>
    <trkpt lat="42.285184" lon="-2.427093">
      <ele>712.7</ele>
    </trkpt>
    <trkpt lat="42.285323" lon="-2.426971">
      <ele>712</ele>
    </trkpt>
    <trkpt lat="42.28558" lon="-2.42681">
      <ele>710.9</ele>
    </trkpt>
    <trkpt lat="42.285817" lon="-2.426679">
      <ele>710.1</ele>
    </trkpt>
    <trkpt lat="42.286047" lon="-2.426656">
      <ele>709.7</ele>
    </trkpt>
    <trkpt lat="42.286228" lon="-2.42668">
      <ele>709.8</ele>
    </trkpt>
    <trkpt lat="42.286483" lon="-2.426773">
      <ele>710.8</ele>
    </trkpt>
    <trkpt lat="42.286724" lon="-2.426953">
      <ele>712</ele>
    </trkpt>
    <trkpt lat="42.286857" lon="-2.427085">
      <ele>712.9</ele>
    </trkpt>
    <trkpt lat="42.286991" lon="-2.427296">
      <ele>714</ele>
    </trkpt>
    <trkpt lat="42.287256" lon="-2.42775">
      <ele>717</ele>
    </trkpt>
    <trkpt lat="42.287449" lon="-2.428084">
      <ele>719</ele>
    </trkpt>
    <trkpt lat="42.28761" lon="-2.42824">
      <ele>720.2</ele>
    </trkpt>
    <trkpt lat="42.287731" lon="-2.428315">
      <ele>720.8</ele>
    </trkpt>
    <trkpt lat="42.287967" lon="-2.428396">
      <ele>721.6</ele>
    </trkpt>
    <trkpt lat="42.288293" lon="-2.428446">
      <ele>721.8</ele>
    </trkpt>
    <trkpt lat="42.28852" lon="-2.428401">
      <ele>721.5</ele>
    </trkpt>
    <trkpt lat="42.288776" lon="-2.428225">
      <ele>721.1</ele>
    </trkpt>
    <trkpt lat="42.289013" lon="-2.42801">
      <ele>720.7</ele>
    </trkpt>
    <trkpt lat="42.289212" lon="-2.427664">
      <ele>720.2</ele>
    </trkpt>
    <trkpt lat="42.289288" lon="-2.427399">
      <ele>720</ele>
    </trkpt>
    <trkpt lat="42.28979" lon="-2.42518">
      <ele>726.4</ele>
    </trkpt>
    <trkpt lat="42.28989" lon="-2.42504">
      <ele>727.9</ele>
    </trkpt>
    <trkpt lat="42.28998" lon="-2.42502">
      <ele>728.9</ele>
    </trkpt>
    <trkpt lat="42.29015" lon="-2.42507">
      <ele>731</ele>
    </trkpt>
    <trkpt lat="42.290771" lon="-2.425778">
      <ele>743.1</ele>
    </trkpt>
    <trkpt lat="42.291446" lon="-2.426176">
      <ele>755.3</ele>
    </trkpt>
    <trkpt lat="42.291553" lon="-2.426272">
      <ele>757.2</ele>
    </trkpt>
    <trkpt lat="42.291863" lon="-2.426969">
      <ele>763.9</ele>
    </trkpt>
    <trkpt lat="42.291949" lon="-2.427101">
      <ele>764.9</ele>
    </trkpt>
    <trkpt lat="42.29211" lon="-2.42721">
      <ele>765.9</ele>
    </trkpt>
    <trkpt lat="42.292456" lon="-2.427351">
      <ele>766.7</ele>
    </trkpt>
    <trkpt lat="42.292574" lon="-2.427366">
      <ele>766.6</ele>
    </trkpt>
    <trkpt lat="42.292682" lon="-2.427335">
      <ele>766.3</ele>
    </trkpt>
    <trkpt lat="42.292791" lon="-2.427254">
      <ele>765.9</ele>
    </trkpt>
    <trkpt lat="42.292873" lon="-2.427142">
      <ele>765.4</ele>
    </trkpt>
    <trkpt lat="42.292956" lon="-2.426932">
      <ele>764.5</ele>
    </trkpt>
    <trkpt lat="42.292986" lon="-2.426684">
      <ele>763.3</ele>
    </trkpt>
    <trkpt lat="42.293" lon="-2.425867">
      <ele>759.5</ele>
    </trkpt>
    <trkpt lat="42.293447" lon="-2.423418">
      <ele>758</ele>
    </trkpt>
    <trkpt lat="42.293511" lon="-2.423297">
      <ele>758.9</ele>
    </trkpt>
    <trkpt lat="42.293604" lon="-2.423213">
      <ele>759.8</ele>
    </trkpt>
    <trkpt lat="42.293724" lon="-2.423174">
      <ele>761</ele>
    </trkpt>
    <trkpt lat="42.293798" lon="-2.423191">
      <ele>761.7</ele>
    </trkpt>
    <trkpt lat="42.293915" lon="-2.423271">
      <ele>763</ele>
    </trkpt>
    <trkpt lat="42.294235" lon="-2.423611">
      <ele>767.8</ele>
    </trkpt>
    <trkpt lat="42.294397" lon="-2.423719">
      <ele>770.3</ele>
    </trkpt>
    <trkpt lat="42.294548" lon="-2.423726">
      <ele>772.4</ele>
    </trkpt>
    <trkpt lat="42.294917" lon="-2.423622">
      <ele>777.2</ele>
    </trkpt>
    <trkpt lat="42.295154" lon="-2.423601">
      <ele>779.2</ele>
    </trkpt>
    <trkpt lat="42.295677" lon="-2.423771">
      <ele>780.6</ele>
    </trkpt>
    <trkpt lat="42.29585" lon="-2.423733">
      <ele>780.4</ele>
    </trkpt>
    <trkpt lat="42.295995" lon="-2.423607">
      <ele>780</ele>
    </trkpt>
    <trkpt lat="42.296066" lon="-2.423423">
      <ele>779.7</ele>
    </trkpt>
    <trkpt lat="42.296176" lon="-2.422753">
      <ele>778.9</ele>
    </trkpt>
    <trkpt lat="42.296273" lon="-2.422544">
      <ele>778.6</ele>
    </trkpt>
    <trkpt lat="42.296461" lon="-2.422447">
      <ele>778.1</ele>
    </trkpt>
    <trkpt lat="42.296782" lon="-2.422339">
      <ele>776.9</ele>
    </trkpt>
    <trkpt lat="42.29698" lon="-2.422203">
      <ele>775.8</ele>
    </trkpt>
    <trkpt lat="42.297159" lon="-2.421943">
      <ele>773.3</ele>
    </trkpt>
    <trkpt lat="42.297241" lon="-2.421759">
      <ele>771</ele>
    </trkpt>
    <trkpt lat="42.297341" lon="-2.421652">
      <ele>768.8</ele>
    </trkpt>
    <trkpt lat="42.297383" lon="-2.421607">
      <ele>767.8</ele>
    </trkpt>
    <trkpt lat="42.297254" lon="-2.42164">
      <ele>765.3</ele>
    </trkpt>
    <trkpt lat="42.297388" lon="-2.421547">
      <ele>762.8</ele>
    </trkpt>
    <trkpt lat="42.297298" lon="-2.421492">
      <ele>761.3</ele>
    </trkpt>
    <trkpt lat="42.297144" lon="-2.421477">
      <ele>759.4</ele>
    </trkpt>
    <trkpt lat="42.297012" lon="-2.42111">
      <ele>757.2</ele>
    </trkpt>
    <trkpt lat="42.297029" lon="-2.420998">
      <ele>757</ele>
    </trkpt>
    <trkpt lat="42.297129" lon="-2.42091">
      <ele>756.6</ele>
    </trkpt>
    <trkpt lat="42.297022" lon="-2.420867">
      <ele>756.4</ele>
    </trkpt>
    <trkpt lat="42.297129" lon="-2.42091">
      <ele>756.7</ele>
    </trkpt>
    <trkpt lat="42.297029" lon="-2.420998">
      <ele>757.2</ele>
    </trkpt>
    <trkpt lat="42.297012" lon="-2.42111">
      <ele>757.7</ele>
    </trkpt>
    <trkpt lat="42.297144" lon="-2.421477">
      <ele>761.8</ele>
    </trkpt>
    <trkpt lat="42.297298" lon="-2.421492">
      <ele>765.1</ele>
    </trkpt>
    <trkpt lat="42.297388" lon="-2.421547">
      <ele>767.8</ele>
    </trkpt>
    <trkpt lat="42.297254" lon="-2.42164">
      <ele>772.3</ele>
    </trkpt>
    <trkpt lat="42.297383" lon="-2.421607">
      <ele>776.6</ele>
    </trkpt>
    <trkpt lat="42.29743" lon="-2.421574">
      <ele>778.3</ele>
    </trkpt>
    <trkpt lat="42.297543" lon="-2.421567">
      <ele>781.8</ele>
    </trkpt>
    <trkpt lat="42.297855" lon="-2.421584">
      <ele>789.6</ele>
    </trkpt>
    <trkpt lat="42.298207" lon="-2.42179">
      <ele>795.1</ele>
    </trkpt>
    <trkpt lat="42.298386" lon="-2.421733">
      <ele>796.7</ele>
    </trkpt>
    <trkpt lat="42.299066" lon="-2.421159">
      <ele>797.5</ele>
    </trkpt>
    <trkpt lat="42.299541" lon="-2.42064">
      <ele>794.4</ele>
    </trkpt>
    <trkpt lat="42.300102" lon="-2.420467">
      <ele>791.8</ele>
    </trkpt>
    <trkpt lat="42.300205" lon="-2.420382">
      <ele>791.4</ele>
    </trkpt>
    <trkpt lat="42.30046" lon="-2.42">
      <ele>790.4</ele>
    </trkpt>
    <trkpt lat="42.300754" lon="-2.419644">
      <ele>790.5</ele>
    </trkpt>
    <trkpt lat="42.301029" lon="-2.41909">
      <ele>792.2</ele>
    </trkpt>
    <trkpt lat="42.301147" lon="-2.418988">
      <ele>792.9</ele>
    </trkpt>
    <trkpt lat="42.301255" lon="-2.418959">
      <ele>793.6</ele>
    </trkpt>
    <trkpt lat="42.301358" lon="-2.418979">
      <ele>794.3</ele>
    </trkpt>
    <trkpt lat="42.301742" lon="-2.41919">
      <ele>797.2</ele>
    </trkpt>
    <trkpt lat="42.301834" lon="-2.419182">
      <ele>797.9</ele>
    </trkpt>
    <trkpt lat="42.301975" lon="-2.419099">
      <ele>798.9</ele>
    </trkpt>
    <trkpt lat="42.302155" lon="-2.419039">
      <ele>799.9</ele>
    </trkpt>
    <trkpt lat="42.302318" lon="-2.41906">
      <ele>800.2</ele>
    </trkpt>
    <trkpt lat="42.302776" lon="-2.419386">
      <ele>797.9</ele>
    </trkpt>
    <trkpt lat="42.302928" lon="-2.41943">
      <ele>797</ele>
    </trkpt>
    <trkpt lat="42.303072" lon="-2.419354">
      <ele>796.2</ele>
    </trkpt>
    <trkpt lat="42.303405" lon="-2.418889">
      <ele>794.5</ele>
    </trkpt>
    <trkpt lat="42.303531" lon="-2.418796">
      <ele>794.3</ele>
    </trkpt>
    <trkpt lat="42.303637" lon="-2.418787">
      <ele>794.2</ele>
    </trkpt>
    <trkpt lat="42.303764" lon="-2.418836">
      <ele>794.1</ele>
    </trkpt>
    <trkpt lat="42.303839" lon="-2.418907">
      <ele>794.1</ele>
    </trkpt>
    <trkpt lat="42.303867" lon="-2.419003">
      <ele>794.1</ele>
    </trkpt>
    <trkpt lat="42.303897" lon="-2.419522">
      <ele>794.6</ele>
    </trkpt>
    <trkpt lat="42.303963" lon="-2.419887">
      <ele>795.6</ele>
    </trkpt>
    <trkpt lat="42.304041" lon="-2.420159">
      <ele>796.7</ele>
    </trkpt>
    <trkpt lat="42.304168" lon="-2.420326">
      <ele>797.2</ele>
    </trkpt>
    <trkpt lat="42.30436" lon="-2.420334">
      <ele>796.9</ele>
    </trkpt>
    <trkpt lat="42.304481" lon="-2.42025">
      <ele>796.3</ele>
    </trkpt>
    <trkpt lat="42.304683" lon="-2.419697">
      <ele>792.7</ele>
    </trkpt>
    <trkpt lat="42.304757" lon="-2.419596">
      <ele>791.7</ele>
    </trkpt>
    <trkpt lat="42.305157" lon="-2.419205">
      <ele>787.9</ele>
    </trkpt>
    <trkpt lat="42.305369" lon="-2.418879">
      <ele>786.9</ele>
    </trkpt>
    <trkpt lat="42.305432" lon="-2.418827">
      <ele>786.9</ele>
    </trkpt>
    <trkpt lat="42.305509" lon="-2.418812">
      <ele>787</ele>
    </trkpt>
    <trkpt lat="42.30557" lon="-2.41882">
      <ele>787.1</ele>
    </trkpt>
    <trkpt lat="42.305639" lon="-2.418875">
      <ele>787.3</ele>
    </trkpt>
    <trkpt lat="42.305729" lon="-2.419032">
      <ele>787.7</ele>
    </trkpt>
    <trkpt lat="42.305771" lon="-2.419303">
      <ele>788.4</ele>
    </trkpt>
    <trkpt lat="42.305814" lon="-2.419836">
      <ele>789.6</ele>
    </trkpt>
    <trkpt lat="42.305872" lon="-2.420135">
      <ele>790.1</ele>
    </trkpt>
    <trkpt lat="42.305933" lon="-2.420229">
      <ele>790.1</ele>
    </trkpt>
    <trkpt lat="42.30612" lon="-2.420319">
      <ele>790.2</ele>
    </trkpt>
    <trkpt lat="42.30629" lon="-2.42026">
      <ele>789.8</ele>
    </trkpt>
    <trkpt lat="42.30647" lon="-2.42005">
      <ele>788.9</ele>
    </trkpt>
    <trkpt lat="42.306572" lon="-2.419887">
      <ele>787.9</ele>
    </trkpt>
    <trkpt lat="42.30666" lon="-2.41966">
      <ele>786.4</ele>
    </trkpt>
    <trkpt lat="42.30677" lon="-2.418814">
      <ele>779.6</ele>
    </trkpt>
    <trkpt lat="42.306892" lon="-2.417532">
      <ele>770.1</ele>
    </trkpt>
    <trkpt lat="42.306871" lon="-2.417364">
      <ele>768.9</ele>
    </trkpt>
    <trkpt lat="42.306751" lon="-2.416875">
      <ele>765.5</ele>
    </trkpt>
    <trkpt lat="42.306772" lon="-2.416656">
      <ele>764</ele>
    </trkpt>
    <trkpt lat="42.306827" lon="-2.41654">
      <ele>763.1</ele>
    </trkpt>
    <trkpt lat="42.307089" lon="-2.416224">
      <ele>759.7</ele>
    </trkpt>
    <trkpt lat="42.307358" lon="-2.415925">
      <ele>756.1</ele>
    </trkpt>
    <trkpt lat="42.307661" lon="-2.415663">
      <ele>752</ele>
    </trkpt>
    <trkpt lat="42.307753" lon="-2.415551">
      <ele>750.6</ele>
    </trkpt>
    <trkpt lat="42.307811" lon="-2.415403">
      <ele>749.3</ele>
    </trkpt>
    <trkpt lat="42.308055" lon="-2.414491">
      <ele>741.1</ele>
    </trkpt>
    <trkpt lat="42.308042" lon="-2.414108">
      <ele>737.7</ele>
    </trkpt>
    <trkpt lat="42.308062" lon="-2.413946">
      <ele>736.2</ele>
    </trkpt>
    <trkpt lat="42.308101" lon="-2.41381">
      <ele>734.9</ele>
    </trkpt>
    <trkpt lat="42.308281" lon="-2.413502">
      <ele>731.8</ele>
    </trkpt>
    <trkpt lat="42.308366" lon="-2.41331">
      <ele>730.3</ele>
    </trkpt>
    <trkpt lat="42.308413" lon="-2.413041">
      <ele>728.8</ele>
    </trkpt>
    <trkpt lat="42.30844" lon="-2.412536">
      <ele>727.2</ele>
    </trkpt>
    <trkpt lat="42.308497" lon="-2.412327">
      <ele>726.9</ele>
    </trkpt>
    <trkpt lat="42.308639" lon="-2.412117">
      <ele>727</ele>
    </trkpt>
    <trkpt lat="42.308739" lon="-2.412079">
      <ele>727.2</ele>
    </trkpt>
    <trkpt lat="42.309106" lon="-2.412091">
      <ele>729</ele>
    </trkpt>
    <trkpt lat="42.309491" lon="-2.411947">
      <ele>732.7</ele>
    </trkpt>
    <trkpt lat="42.309662" lon="-2.411943">
      <ele>734.8</ele>
    </trkpt>
    <trkpt lat="42.309782" lon="-2.41199">
      <ele>736.4</ele>
    </trkpt>
    <trkpt lat="42.309944" lon="-2.412113">
      <ele>739</ele>
    </trkpt>
    <trkpt lat="42.310705" lon="-2.413045">
      <ele>749.4</ele>
    </trkpt>
    <trkpt lat="42.310845" lon="-2.413129">
      <ele>750.2</ele>
    </trkpt>
    <trkpt lat="42.31113" lon="-2.413112">
      <ele>751.5</ele>
    </trkpt>
    <trkpt lat="42.311257" lon="-2.413164">
      <ele>751.9</ele>
    </trkpt>
    <trkpt lat="42.311429" lon="-2.413385">
      <ele>752.4</ele>
    </trkpt>
    <trkpt lat="42.311819" lon="-2.414079">
      <ele>751.6</ele>
    </trkpt>
    <trkpt lat="42.312177" lon="-2.414353">
      <ele>750.8</ele>
    </trkpt>
    <trkpt lat="42.312919" lon="-2.415306">
      <ele>748.7</ele>
    </trkpt>
    <trkpt lat="42.313422" lon="-2.415734">
      <ele>747.2</ele>
    </trkpt>
    <trkpt lat="42.313904" lon="-2.416218">
      <ele>746.3</ele>
    </trkpt>
    <trkpt lat="42.315073" lon="-2.417653">
      <ele>741.2</ele>
    </trkpt>
    <trkpt lat="42.315257" lon="-2.417801">
      <ele>739.5</ele>
    </trkpt>
    <trkpt lat="42.315371" lon="-2.417833">
      <ele>738.4</ele>
    </trkpt>
    <trkpt lat="42.315931" lon="-2.417624">
      <ele>732.5</ele>
    </trkpt>
    <trkpt lat="42.316025" lon="-2.417483">
      <ele>730.9</ele>
    </trkpt>
    <trkpt lat="42.316052" lon="-2.417387">
      <ele>730</ele>
    </trkpt>
    <trkpt lat="42.316088" lon="-2.417056">
      <ele>727</ele>
    </trkpt>
    <trkpt lat="42.316132" lon="-2.416908">
      <ele>725.6</ele>
    </trkpt>
    <trkpt lat="42.316224" lon="-2.416814">
      <ele>724.2</ele>
    </trkpt>
    <trkpt lat="42.316518" lon="-2.416759">
      <ele>720.6</ele>
    </trkpt>
    <trkpt lat="42.316626" lon="-2.416684">
      <ele>719.2</ele>
    </trkpt>
    <trkpt lat="42.316701" lon="-2.416565">
      <ele>718</ele>
    </trkpt>
    <trkpt lat="42.316823" lon="-2.416191">
      <ele>715.4</ele>
    </trkpt>
    <trkpt lat="42.316875" lon="-2.416101">
      <ele>714.9</ele>
    </trkpt>
    <trkpt lat="42.317217" lon="-2.415667">
      <ele>713.1</ele>
    </trkpt>
    <trkpt lat="42.317436" lon="-2.41534">
      <ele>713.1</ele>
    </trkpt>
    <trkpt lat="42.317573" lon="-2.415232">
      <ele>713.2</ele>
    </trkpt>
    <trkpt lat="42.3177" lon="-2.415231">
      <ele>713.3</ele>
    </trkpt>
    <trkpt lat="42.317766" lon="-2.415264">
      <ele>713.3</ele>
    </trkpt>
    <trkpt lat="42.31787" lon="-2.415394">
      <ele>713.5</ele>
    </trkpt>
    <trkpt lat="42.318052" lon="-2.415802">
      <ele>714.4</ele>
    </trkpt>
    <trkpt lat="42.318191" lon="-2.415901">
      <ele>714.9</ele>
    </trkpt>
    <trkpt lat="42.318277" lon="-2.415927">
      <ele>715.2</ele>
    </trkpt>
    <trkpt lat="42.318378" lon="-2.415922">
      <ele>715.7</ele>
    </trkpt>
    <trkpt lat="42.318554" lon="-2.415817">
      <ele>716.4</ele>
    </trkpt>
    <trkpt lat="42.318773" lon="-2.415551">
      <ele>717.4</ele>
    </trkpt>
    <trkpt lat="42.318923" lon="-2.415532">
      <ele>717.6</ele>
    </trkpt>
    <trkpt lat="42.318968" lon="-2.415559">
      <ele>717.6</ele>
    </trkpt>
    <trkpt lat="42.31905" lon="-2.415649">
      <ele>717.6</ele>
    </trkpt>
    <trkpt lat="42.319138" lon="-2.415823">
      <ele>717.3</ele>
    </trkpt>
    <trkpt lat="42.319347" lon="-2.416345">
      <ele>715.1</ele>
    </trkpt>
    <trkpt lat="42.319474" lon="-2.416458">
      <ele>714</ele>
    </trkpt>
    <trkpt lat="42.319646" lon="-2.416494">
      <ele>712.5</ele>
    </trkpt>
    <trkpt lat="42.319813" lon="-2.416413">
      <ele>710.7</ele>
    </trkpt>
    <trkpt lat="42.319897" lon="-2.416297">
      <ele>709.4</ele>
    </trkpt>
    <trkpt lat="42.320253" lon="-2.415185">
      <ele>699.7</ele>
    </trkpt>
    <trkpt lat="42.320354" lon="-2.415054">
      <ele>698.6</ele>
    </trkpt>
    <trkpt lat="42.32045" lon="-2.41503">
      <ele>697.9</ele>
    </trkpt>
    <trkpt lat="42.320591" lon="-2.415085">
      <ele>697.2</ele>
    </trkpt>
    <trkpt lat="42.320696" lon="-2.415243">
      <ele>696.8</ele>
    </trkpt>
    <trkpt lat="42.32075" lon="-2.415399">
      <ele>696.6</ele>
    </trkpt>
    <trkpt lat="42.320912" lon="-2.416118">
      <ele>697.4</ele>
    </trkpt>
    <trkpt lat="42.320982" lon="-2.416317">
      <ele>698.1</ele>
    </trkpt>
    <trkpt lat="42.321139" lon="-2.416579">
      <ele>699</ele>
    </trkpt>
    <trkpt lat="42.32219" lon="-2.417334">
      <ele>697.2</ele>
    </trkpt>
    <trkpt lat="42.322327" lon="-2.417383">
      <ele>696.1</ele>
    </trkpt>
    <trkpt lat="42.322437" lon="-2.417364">
      <ele>695.2</ele>
    </trkpt>
    <trkpt lat="42.322513" lon="-2.417302">
      <ele>694.4</ele>
    </trkpt>
    <trkpt lat="42.322574" lon="-2.417205">
      <ele>693.6</ele>
    </trkpt>
    <trkpt lat="42.32261" lon="-2.417007">
      <ele>692.2</ele>
    </trkpt>
    <trkpt lat="42.322458" lon="-2.416303">
      <ele>686.7</ele>
    </trkpt>
    <trkpt lat="42.322436" lon="-2.416089">
      <ele>684.9</ele>
    </trkpt>
    <trkpt lat="42.322553" lon="-2.414038">
      <ele>668</ele>
    </trkpt>
    <trkpt lat="42.322542" lon="-2.413918">
      <ele>667</ele>
    </trkpt>
    <trkpt lat="42.322492" lon="-2.413765">
      <ele>665.8</ele>
    </trkpt>
    <trkpt lat="42.322329" lon="-2.413435">
      <ele>663.4</ele>
    </trkpt>
    <trkpt lat="42.322243" lon="-2.413174">
      <ele>662.1</ele>
    </trkpt>
    <trkpt lat="42.322213" lon="-2.412775">
      <ele>661.2</ele>
    </trkpt>
    <trkpt lat="42.322266" lon="-2.412485">
      <ele>661.1</ele>
    </trkpt>
    <trkpt lat="42.322328" lon="-2.412247">
      <ele>661.6</ele>
    </trkpt>
    <trkpt lat="42.322434" lon="-2.411983">
      <ele>662.6</ele>
    </trkpt>
    <trkpt lat="42.322503" lon="-2.4119">
      <ele>663.2</ele>
    </trkpt>
    <trkpt lat="42.322587" lon="-2.411854">
      <ele>663.7</ele>
    </trkpt>
    <trkpt lat="42.322704" lon="-2.411867">
      <ele>664.2</ele>
    </trkpt>
    <trkpt lat="42.323369" lon="-2.412286">
      <ele>667.5</ele>
    </trkpt>
    <trkpt lat="42.323573" lon="-2.412335">
      <ele>668.4</ele>
    </trkpt>
    <trkpt lat="42.323705" lon="-2.412333">
      <ele>668.8</ele>
    </trkpt>
    <trkpt lat="42.323894" lon="-2.412258">
      <ele>669.1</ele>
    </trkpt>
    <trkpt lat="42.324205" lon="-2.412044">
      <ele>668.5</ele>
    </trkpt>
    <trkpt lat="42.324692" lon="-2.411685">
      <ele>664.6</ele>
    </trkpt>
    <trkpt lat="42.324787" lon="-2.411502">
      <ele>663.3</ele>
    </trkpt>
    <trkpt lat="42.324835" lon="-2.411165">
      <ele>661.6</ele>
    </trkpt>
    <trkpt lat="42.324861" lon="-2.409944">
      <ele>653.9</ele>
    </trkpt>
    <trkpt lat="42.324893" lon="-2.409695">
      <ele>652.9</ele>
    </trkpt>
    <trkpt lat="42.324966" lon="-2.409517">
      <ele>652.3</ele>
    </trkpt>
    <trkpt lat="42.325025" lon="-2.409437">
      <ele>652</ele>
    </trkpt>
    <trkpt lat="42.325122" lon="-2.409376">
      <ele>651.9</ele>
    </trkpt>
    <trkpt lat="42.325198" lon="-2.409364">
      <ele>651.8</ele>
    </trkpt>
    <trkpt lat="42.325312" lon="-2.409407">
      <ele>651.9</ele>
    </trkpt>
    <trkpt lat="42.325968" lon="-2.410095">
      <ele>654.5</ele>
    </trkpt>
    <trkpt lat="42.326052" lon="-2.410236">
      <ele>655</ele>
    </trkpt>
    <trkpt lat="42.326228" lon="-2.410704">
      <ele>655.5</ele>
    </trkpt>
    <trkpt lat="42.326341" lon="-2.410905">
      <ele>655.3</ele>
    </trkpt>
    <trkpt lat="42.32643" lon="-2.41102">
      <ele>655.1</ele>
    </trkpt>
    <trkpt lat="42.326501" lon="-2.411068">
      <ele>654.9</ele>
    </trkpt>
    <trkpt lat="42.326644" lon="-2.411073">
      <ele>654.5</ele>
    </trkpt>
    <trkpt lat="42.326904" lon="-2.410958">
      <ele>653.4</ele>
    </trkpt>
    <trkpt lat="42.327195" lon="-2.410956">
      <ele>651.8</ele>
    </trkpt>
    <trkpt lat="42.327382" lon="-2.410995">
      <ele>650.6</ele>
    </trkpt>
    <trkpt lat="42.32756" lon="-2.411097">
      <ele>649.4</ele>
    </trkpt>
    <trkpt lat="42.327781" lon="-2.411331">
      <ele>647.6</ele>
    </trkpt>
    <trkpt lat="42.327942" lon="-2.411447">
      <ele>646.6</ele>
    </trkpt>
    <trkpt lat="42.328078" lon="-2.411493">
      <ele>645.9</ele>
    </trkpt>
    <trkpt lat="42.328448" lon="-2.411512">
      <ele>644.3</ele>
    </trkpt>
    <trkpt lat="42.328611" lon="-2.41155">
      <ele>643.5</ele>
    </trkpt>
    <trkpt lat="42.328738" lon="-2.411634">
      <ele>642.7</ele>
    </trkpt>
    <trkpt lat="42.329239" lon="-2.412077">
      <ele>637.6</ele>
    </trkpt>
    <trkpt lat="42.329329" lon="-2.412141">
      <ele>636.5</ele>
    </trkpt>
    <trkpt lat="42.329427" lon="-2.412159">
      <ele>635.3</ele>
    </trkpt>
    <trkpt lat="42.32951" lon="-2.412149">
      <ele>634.4</ele>
    </trkpt>
    <trkpt lat="42.329668" lon="-2.412066">
      <ele>632.4</ele>
    </trkpt>
    <trkpt lat="42.329837" lon="-2.411876">
      <ele>629.5</ele>
    </trkpt>
    <trkpt lat="42.330131" lon="-2.411344">
      <ele>623</ele>
    </trkpt>
    <trkpt lat="42.330512" lon="-2.410844">
      <ele>616.9</ele>
    </trkpt>
    <trkpt lat="42.33081" lon="-2.410595">
      <ele>614.3</ele>
    </trkpt>
    <trkpt lat="42.331397" lon="-2.410325">
      <ele>613.1</ele>
    </trkpt>
    <trkpt lat="42.331537" lon="-2.410317">
      <ele>613.2</ele>
    </trkpt>
    <trkpt lat="42.33173" lon="-2.41038">
      <ele>613.4</ele>
    </trkpt>
    <trkpt lat="42.332262" lon="-2.410785">
      <ele>613.3</ele>
    </trkpt>
    <trkpt lat="42.332352" lon="-2.410822">
      <ele>613</ele>
    </trkpt>
    <trkpt lat="42.332899" lon="-2.410878">
      <ele>610.1</ele>
    </trkpt>
    <trkpt lat="42.333135" lon="-2.410788">
      <ele>607.9</ele>
    </trkpt>
    <trkpt lat="42.333254" lon="-2.410662">
      <ele>606.1</ele>
    </trkpt>
    <trkpt lat="42.333346" lon="-2.410478">
      <ele>603.8</ele>
    </trkpt>
    <trkpt lat="42.333386" lon="-2.410278">
      <ele>601.4</ele>
    </trkpt>
    <trkpt lat="42.333384" lon="-2.41009">
      <ele>599.1</ele>
    </trkpt>
    <trkpt lat="42.33336" lon="-2.409958">
      <ele>597.4</ele>
    </trkpt>
    <trkpt lat="42.333291" lon="-2.409798">
      <ele>595.1</ele>
    </trkpt>
    <trkpt lat="42.333107" lon="-2.409581">
      <ele>591.3</ele>
    </trkpt>
    <trkpt lat="42.332974" lon="-2.409372">
      <ele>588.7</ele>
    </trkpt>
    <trkpt lat="42.332931" lon="-2.409113">
      <ele>586.9</ele>
    </trkpt>
    <trkpt lat="42.332931" lon="-2.408748">
      <ele>585.3</ele>
    </trkpt>
    <trkpt lat="42.332958" lon="-2.408616">
      <ele>584.9</ele>
    </trkpt>
    <trkpt lat="42.333044" lon="-2.408421">
      <ele>584.7</ele>
    </trkpt>
    <trkpt lat="42.333235" lon="-2.408207">
      <ele>584.9</ele>
    </trkpt>
    <trkpt lat="42.333355" lon="-2.408112">
      <ele>585.2</ele>
    </trkpt>
    <trkpt lat="42.333647" lon="-2.407996">
      <ele>586.7</ele>
    </trkpt>
    <trkpt lat="42.333957" lon="-2.407961">
      <ele>589.2</ele>
    </trkpt>
    <trkpt lat="42.334159" lon="-2.40798">
      <ele>590.9</ele>
    </trkpt>
    <trkpt lat="42.334685" lon="-2.408074">
      <ele>594.4</ele>
    </trkpt>
    <trkpt lat="42.335168" lon="-2.408156">
      <ele>595.5</ele>
    </trkpt>
    <trkpt lat="42.335395" lon="-2.408224">
      <ele>595.6</ele>
    </trkpt>
    <trkpt lat="42.335624" lon="-2.408338">
      <ele>595.5</ele>
    </trkpt>
    <trkpt lat="42.336151" lon="-2.408773">
      <ele>594.1</ele>
    </trkpt>
    <trkpt lat="42.336325" lon="-2.408886">
      <ele>593.5</ele>
    </trkpt>
    <trkpt lat="42.336576" lon="-2.408899">
      <ele>592.5</ele>
    </trkpt>
    <trkpt lat="42.336723" lon="-2.408845">
      <ele>591.9</ele>
    </trkpt>
    <trkpt lat="42.336851" lon="-2.408749">
      <ele>591.2</ele>
    </trkpt>
    <trkpt lat="42.336989" lon="-2.408512">
      <ele>590.1</ele>
    </trkpt>
    <trkpt lat="42.337632" lon="-2.406969">
      <ele>584.7</ele>
    </trkpt>
    <trkpt lat="42.337729" lon="-2.406768">
      <ele>584.5</ele>
    </trkpt>
    <trkpt lat="42.337899" lon="-2.40656">
      <ele>584.4</ele>
    </trkpt>
    <trkpt lat="42.33799" lon="-2.406503">
      <ele>584.4</ele>
    </trkpt>
    <trkpt lat="42.338182" lon="-2.406464">
      <ele>584.4</ele>
    </trkpt>
    <trkpt lat="42.338861" lon="-2.406566">
      <ele>583.5</ele>
    </trkpt>
    <trkpt lat="42.339072" lon="-2.406547">
      <ele>582.9</ele>
    </trkpt>
    <trkpt lat="42.339178" lon="-2.40648">
      <ele>582.5</ele>
    </trkpt>
    <trkpt lat="42.339259" lon="-2.406398">
      <ele>582.1</ele>
    </trkpt>
    <trkpt lat="42.33933" lon="-2.406271">
      <ele>581.6</ele>
    </trkpt>
    <trkpt lat="42.339375" lon="-2.406009">
      <ele>580.7</ele>
    </trkpt>
    <trkpt lat="42.339379" lon="-2.405635">
      <ele>579.2</ele>
    </trkpt>
    <trkpt lat="42.339395" lon="-2.404976">
      <ele>576.2</ele>
    </trkpt>
    <trkpt lat="42.339433" lon="-2.404773">
      <ele>575.2</ele>
    </trkpt>
    <trkpt lat="42.3395" lon="-2.404578">
      <ele>574.4</ele>
    </trkpt>
    <trkpt lat="42.33962" lon="-2.404338">
      <ele>573.6</ele>
    </trkpt>
    <trkpt lat="42.339934" lon="-2.404026">
      <ele>572.5</ele>
    </trkpt>
    <trkpt lat="42.342181" lon="-2.402446">
      <ele>571</ele>
    </trkpt>
    <trkpt lat="42.343433" lon="-2.401604">
      <ele>570.3</ele>
    </trkpt>
    <trkpt lat="42.343724" lon="-2.401552">
      <ele>569.6</ele>
    </trkpt>
    <trkpt lat="42.34507" lon="-2.401481">
      <ele>562</ele>
    </trkpt>
    <trkpt lat="42.345318" lon="-2.401429">
      <ele>560.4</ele>
    </trkpt>
    <trkpt lat="42.34548" lon="-2.401329">
      <ele>559.3</ele>
    </trkpt>
    <trkpt lat="42.345632" lon="-2.401171">
      <ele>558.3</ele>
    </trkpt>
    <trkpt lat="42.345756" lon="-2.400938">
      <ele>557.2</ele>
    </trkpt>
    <trkpt lat="42.345809" lon="-2.400754">
      <ele>556.6</ele>
    </trkpt>
    <trkpt lat="42.345822" lon="-2.40054">
      <ele>556</ele>
    </trkpt>
    <trkpt lat="42.345765" lon="-2.400134">
      <ele>554.9</ele>
    </trkpt>
    <trkpt lat="42.345615" lon="-2.399567">
      <ele>553.6</ele>
    </trkpt>
    <trkpt lat="42.345549" lon="-2.399418">
      <ele>553.3</ele>
    </trkpt>
    <trkpt lat="42.345477" lon="-2.399335">
      <ele>553.1</ele>
    </trkpt>
    <trkpt lat="42.345084" lon="-2.399062">
      <ele>552</ele>
    </trkpt>
    <trkpt lat="42.344968" lon="-2.398954">
      <ele>551.7</ele>
    </trkpt>
    <trkpt lat="42.34482" lon="-2.398736">
      <ele>551.2</ele>
    </trkpt>
    <trkpt lat="42.344739" lon="-2.398514">
      <ele>550.7</ele>
    </trkpt>
    <trkpt lat="42.344313" lon="-2.397044">
      <ele>548.8</ele>
    </trkpt>
    <trkpt lat="42.344338" lon="-2.396556">
      <ele>548.6</ele>
    </trkpt>
    <trkpt lat="42.344743" lon="-2.395106">
      <ele>547.7</ele>
    </trkpt>
    <trkpt lat="42.344971" lon="-2.394815">
      <ele>547.4</ele>
    </trkpt>
    <trkpt lat="42.34677" lon="-2.39442">
      <ele>546.2</ele>
    </trkpt>
    <trkpt lat="42.34744" lon="-2.39412">
      <ele>546.6</ele>
    </trkpt>
    <trkpt lat="42.348695" lon="-2.393085">
      <ele>546.8</ele>
    </trkpt>
    <trkpt lat="42.349063" lon="-2.392871">
      <ele>546.2</ele>
    </trkpt>
    <trkpt lat="42.34954" lon="-2.392688">
      <ele>545.3</ele>
    </trkpt>
    <trkpt lat="42.349867" lon="-2.392329">
      <ele>544.6</ele>
    </trkpt>
    <trkpt lat="42.350491" lon="-2.391524">
      <ele>545.1</ele>
    </trkpt>
    <trkpt lat="42.350797" lon="-2.391315">
      <ele>545.7</ele>
    </trkpt>
    <trkpt lat="42.351022" lon="-2.391251">
      <ele>546.2</ele>
    </trkpt>
    <trkpt lat="42.35133" lon="-2.391331">
      <ele>546.9</ele>
    </trkpt>
    <trkpt lat="42.351649" lon="-2.391538">
      <ele>547.7</ele>
    </trkpt>
    <trkpt lat="42.352038" lon="-2.392178">
      <ele>548.5</ele>
    </trkpt>
    <trkpt lat="42.352354" lon="-2.39279">
      <ele>548.8</ele>
    </trkpt>
    <trkpt lat="42.352564" lon="-2.393139">
      <ele>549.2</ele>
    </trkpt>
    <trkpt lat="42.352841" lon="-2.393415">
      <ele>549.5</ele>
    </trkpt>
    <trkpt lat="42.354526" lon="-2.3951">
      <ele>552.3</ele>
    </trkpt>
    <trkpt lat="42.354722" lon="-2.395214">
      <ele>551.6</ele>
    </trkpt>
    <trkpt lat="42.354879" lon="-2.395167">
      <ele>550.9</ele>
    </trkpt>
    <trkpt lat="42.35508" lon="-2.394997">
      <ele>549.6</ele>
    </trkpt>
    <trkpt lat="42.355143" lon="-2.394774">
      <ele>548.5</ele>
    </trkpt>
    <trkpt lat="42.355172" lon="-2.393769">
      <ele>542.4</ele>
    </trkpt>
    <trkpt lat="42.355208" lon="-2.393354">
      <ele>539.7</ele>
    </trkpt>
    <trkpt lat="42.355272" lon="-2.392974">
      <ele>537.3</ele>
    </trkpt>
    <trkpt lat="42.355595" lon="-2.391554">
      <ele>530.3</ele>
    </trkpt>
    <trkpt lat="42.355682" lon="-2.390758">
      <ele>527.7</ele>
    </trkpt>
    <trkpt lat="42.355733" lon="-2.390619">
      <ele>527.2</ele>
    </trkpt>
    <trkpt lat="42.35585" lon="-2.390181">
      <ele>526.2</ele>
    </trkpt>
    <trkpt lat="42.355868" lon="-2.38952">
      <ele>525.7</ele>
    </trkpt>
    <trkpt lat="42.355903" lon="-2.389343">
      <ele>525.7</ele>
    </trkpt>
    <trkpt lat="42.355972" lon="-2.389215">
      <ele>525.8</ele>
    </trkpt>
    <trkpt lat="42.356032" lon="-2.389162">
      <ele>525.9</ele>
    </trkpt>
    <trkpt lat="42.35651" lon="-2.388986">
      <ele>526.5</ele>
    </trkpt>
    <trkpt lat="42.356641" lon="-2.388891">
      <ele>526.7</ele>
    </trkpt>
    <trkpt lat="42.356802" lon="-2.388673">
      <ele>527</ele>
    </trkpt>
    <trkpt lat="42.356889" lon="-2.388524">
      <ele>527.2</ele>
    </trkpt>
    <trkpt lat="42.357855" lon="-2.386875">
      <ele>526.4</ele>
    </trkpt>
    <trkpt lat="42.357983" lon="-2.386706">
      <ele>525.8</ele>
    </trkpt>
    <trkpt lat="42.35816" lon="-2.386571">
      <ele>524.9</ele>
    </trkpt>
    <trkpt lat="42.358214" lon="-2.386552">
      <ele>524.7</ele>
    </trkpt>
    <trkpt lat="42.358387" lon="-2.386524">
      <ele>523.8</ele>
    </trkpt>
    <trkpt lat="42.358451" lon="-2.386543">
      <ele>523.5</ele>
    </trkpt>
    <trkpt lat="42.358552" lon="-2.386572">
      <ele>522.9</ele>
    </trkpt>
    <trkpt lat="42.35875" lon="-2.386704">
      <ele>521.6</ele>
    </trkpt>
    <trkpt lat="42.359974" lon="-2.387728">
      <ele>513</ele>
    </trkpt>
    <trkpt lat="42.360458" lon="-2.388117">
      <ele>512.3</ele>
    </trkpt>
    <trkpt lat="42.360849" lon="-2.38845">
      <ele>512.6</ele>
    </trkpt>
    <trkpt lat="42.36112" lon="-2.388639">
      <ele>513.1</ele>
    </trkpt>
    <trkpt lat="42.361552" lon="-2.388756">
      <ele>514.1</ele>
    </trkpt>
    <trkpt lat="42.36344" lon="-2.388564">
      <ele>514.6</ele>
    </trkpt>
    <trkpt lat="42.368565" lon="-2.388074">
      <ele>525.1</ele>
    </trkpt>
    <trkpt lat="42.369403" lon="-2.388039">
      <ele>525</ele>
    </trkpt>
    <trkpt lat="42.370067" lon="-2.388144">
      <ele>524.3</ele>
    </trkpt>
    <trkpt lat="42.374453" lon="-2.389015">
      <ele>519.1</ele>
    </trkpt>
    <trkpt lat="42.375214" lon="-2.389299">
      <ele>517.9</ele>
    </trkpt>
    <trkpt lat="42.375715" lon="-2.389539">
      <ele>516.7</ele>
    </trkpt>
    <trkpt lat="42.376231" lon="-2.389952">
      <ele>515.1</ele>
    </trkpt>
    <trkpt lat="42.378964" lon="-2.392474">
      <ele>506.4</ele>
    </trkpt>
    <trkpt lat="42.379029" lon="-2.392534">
      <ele>506.2</ele>
    </trkpt>
    <trkpt lat="42.3807" lon="-2.394086">
      <ele>499.8</ele>
    </trkpt>
    <trkpt lat="42.38198" lon="-2.395275">
      <ele>494.1</ele>
    </trkpt>
    <trkpt lat="42.382532" lon="-2.395725">
      <ele>492.2</ele>
    </trkpt>
    <trkpt lat="42.383173" lon="-2.396145">
      <ele>490.4</ele>
    </trkpt>
    <trkpt lat="42.383767" lon="-2.396457">
      <ele>489.1</ele>
    </trkpt>
    <trkpt lat="42.386658" lon="-2.397669">
      <ele>484.3</ele>
    </trkpt>
    <trkpt lat="42.39225" lon="-2.400014">
      <ele>471.7</ele>
    </trkpt>
    <trkpt lat="42.397494" lon="-2.402239">
      <ele>467.5</ele>
    </trkpt>
    <trkpt lat="42.398539" lon="-2.402689">
      <ele>465.1</ele>
    </trkpt>
    <trkpt lat="42.402322" lon="-2.404317">
      <ele>458.9</ele>
    </trkpt>
    <trkpt lat="42.406963" lon="-2.406269">
      <ele>458.9</ele>
    </trkpt>
    <trkpt lat="42.41003" lon="-2.40757">
      <ele>459.5</ele>
    </trkpt>
    <trkpt lat="42.410905" lon="-2.407944">
      <ele>459.1</ele>
    </trkpt>
    <trkpt lat="42.411138" lon="-2.408043">
      <ele>458.9</ele>
    </trkpt>
    <trkpt lat="42.413606" lon="-2.409099">
      <ele>456.4</ele>
    </trkpt>
    <trkpt lat="42.414239" lon="-2.409368">
      <ele>456.4</ele>
    </trkpt>
    <trkpt lat="42.415626" lon="-2.409984">
      <ele>457.2</ele>
    </trkpt>
    <trkpt lat="42.415906" lon="-2.410115">
      <ele>457.2</ele>
    </trkpt>
    <trkpt lat="42.417374" lon="-2.410705">
      <ele>456.2</ele>
    </trkpt>
    <trkpt lat="42.418521" lon="-2.411206">
      <ele>456.4</ele>
    </trkpt>
    <trkpt lat="42.41936" lon="-2.411664">
      <ele>457.6</ele>
    </trkpt>
    <trkpt lat="42.420015" lon="-2.412087">
      <ele>458</ele>
    </trkpt>
    <trkpt lat="42.420352" lon="-2.412347">
      <ele>457.9</ele>
    </trkpt>
    <trkpt lat="42.420641" lon="-2.41261">
      <ele>457.4</ele>
    </trkpt>
    <trkpt lat="42.420849" lon="-2.412705">
      <ele>457</ele>
    </trkpt>
    <trkpt lat="42.421055" lon="-2.412685">
      <ele>456.4</ele>
    </trkpt>
    <trkpt lat="42.421148" lon="-2.412622">
      <ele>456.1</ele>
    </trkpt>
    <trkpt lat="42.42117" lon="-2.412615">
      <ele>456</ele>
    </trkpt>
    <trkpt lat="42.421336" lon="-2.412635">
      <ele>455.4</ele>
    </trkpt>
    <trkpt lat="42.421467" lon="-2.412776">
      <ele>454.7</ele>
    </trkpt>
    <trkpt lat="42.421499" lon="-2.412861">
      <ele>454.4</ele>
    </trkpt>
    <trkpt lat="42.421514" lon="-2.413063">
      <ele>453.7</ele>
    </trkpt>
    <trkpt lat="42.421453" lon="-2.413247">
      <ele>453</ele>
    </trkpt>
    <trkpt lat="42.42139" lon="-2.413325">
      <ele>452.6</ele>
    </trkpt>
    <trkpt lat="42.421314" lon="-2.413492">
      <ele>451.9</ele>
    </trkpt>
    <trkpt lat="42.421259" lon="-2.413704">
      <ele>451</ele>
    </trkpt>
    <trkpt lat="42.421263" lon="-2.41403">
      <ele>449.6</ele>
    </trkpt>
    <trkpt lat="42.421319" lon="-2.414717">
      <ele>446.6</ele>
    </trkpt>
    <trkpt lat="42.421313" lon="-2.41512">
      <ele>444.8</ele>
    </trkpt>
    <trkpt lat="42.42131" lon="-2.415749">
      <ele>442</ele>
    </trkpt>
    <trkpt lat="42.421248" lon="-2.418044">
      <ele>433.6</ele>
    </trkpt>
    <trkpt lat="42.421188" lon="-2.419647">
      <ele>430.6</ele>
    </trkpt>
    <trkpt lat="42.421196" lon="-2.420075">
      <ele>429.9</ele>
    </trkpt>
    <trkpt lat="42.421216" lon="-2.420477">
      <ele>429.3</ele>
    </trkpt>
    <trkpt lat="42.421366" lon="-2.421297">
      <ele>427.7</ele>
    </trkpt>
    <trkpt lat="42.421478" lon="-2.421675">
      <ele>426.9</ele>
    </trkpt>
    <trkpt lat="42.421612" lon="-2.422036">
      <ele>426</ele>
    </trkpt>
    <trkpt lat="42.421919" lon="-2.422685">
      <ele>424.6</ele>
    </trkpt>
    <trkpt lat="42.422037" lon="-2.422912">
      <ele>424.2</ele>
    </trkpt>
    <trkpt lat="42.422398" lon="-2.423424">
      <ele>423.2</ele>
    </trkpt>
    <trkpt lat="42.422883" lon="-2.42393">
      <ele>422.6</ele>
    </trkpt>
    <trkpt lat="42.42306" lon="-2.42404">
      <ele>422.5</ele>
    </trkpt>
    <trkpt lat="42.423225" lon="-2.424095">
      <ele>422.5</ele>
    </trkpt>
    <trkpt lat="42.423327" lon="-2.424095">
      <ele>422.5</ele>
    </trkpt>
    <trkpt lat="42.423474" lon="-2.424022">
      <ele>422.7</ele>
    </trkpt>
    <trkpt lat="42.423592" lon="-2.423923">
      <ele>422.8</ele>
    </trkpt>
    <trkpt lat="42.423994" lon="-2.423224">
      <ele>424.3</ele>
    </trkpt>
    <trkpt lat="42.424281" lon="-2.422716">
      <ele>425.9</ele>
    </trkpt>
    <trkpt lat="42.424661" lon="-2.422081">
      <ele>427.9</ele>
    </trkpt>
    <trkpt lat="42.424787" lon="-2.421872">
      <ele>428.5</ele>
    </trkpt>
    <trkpt lat="42.425065" lon="-2.421394">
      <ele>430</ele>
    </trkpt>
    <trkpt lat="42.425238" lon="-2.42111">
      <ele>431.1</ele>
    </trkpt>
    <trkpt lat="42.425513" lon="-2.420612">
      <ele>433.7</ele>
    </trkpt>
    <trkpt lat="42.425581" lon="-2.420384">
      <ele>434.9</ele>
    </trkpt>
    <trkpt lat="42.425589" lon="-2.420287">
      <ele>435.4</ele>
    </trkpt>
    <trkpt lat="42.425565" lon="-2.41997">
      <ele>437</ele>
    </trkpt>
    <trkpt lat="42.425602" lon="-2.419721">
      <ele>438.3</ele>
    </trkpt>
    <trkpt lat="42.425661" lon="-2.419584">
      <ele>439.1</ele>
    </trkpt>
    <trkpt lat="42.425755" lon="-2.419486">
      <ele>439.8</ele>
    </trkpt>
    <trkpt lat="42.425706" lon="-2.41947">
      <ele>440.1</ele>
    </trkpt>
    <trkpt lat="42.425709" lon="-2.419111">
      <ele>441.6</ele>
    </trkpt>
    <trkpt lat="42.425766" lon="-2.418956">
      <ele>442.2</ele>
    </trkpt>
    <trkpt lat="42.425963" lon="-2.418829">
      <ele>443.1</ele>
    </trkpt>
    <trkpt lat="42.425986" lon="-2.418825">
      <ele>443.2</ele>
    </trkpt>
    <trkpt lat="42.426024" lon="-2.418819">
      <ele>443.3</ele>
    </trkpt>
    <trkpt lat="42.426056" lon="-2.418842">
      <ele>443.5</ele>
    </trkpt>
    <trkpt lat="42.426506" lon="-2.419186">
      <ele>444.3</ele>
    </trkpt>
    <trkpt lat="42.426603" lon="-2.419111">
      <ele>444.2</ele>
    </trkpt>
    <trkpt lat="42.426806" lon="-2.418956">
      <ele>443.8</ele>
    </trkpt>
    <trkpt lat="42.427121" lon="-2.418693">
      <ele>442.6</ele>
    </trkpt>
    <trkpt lat="42.427367" lon="-2.418515">
      <ele>441.4</ele>
    </trkpt>
    <trkpt lat="42.427773" lon="-2.418258">
      <ele>439.1</ele>
    </trkpt>
    <trkpt lat="42.428157" lon="-2.41806">
      <ele>436.4</ele>
    </trkpt>
    <trkpt lat="42.428183" lon="-2.418047">
      <ele>436.2</ele>
    </trkpt>
    <trkpt lat="42.428585" lon="-2.417872">
      <ele>433.1</ele>
    </trkpt>
    <trkpt lat="42.42866" lon="-2.41784">
      <ele>432.5</ele>
    </trkpt>
    <trkpt lat="42.428688" lon="-2.417832">
      <ele>432.3</ele>
    </trkpt>
    <trkpt lat="42.42922" lon="-2.41775">
      <ele>428.4</ele>
    </trkpt>
    <trkpt lat="42.429343" lon="-2.417746">
      <ele>427.6</ele>
    </trkpt>
    <trkpt lat="42.43009" lon="-2.417723">
      <ele>423.1</ele>
    </trkpt>
    <trkpt lat="42.430462" lon="-2.417716">
      <ele>421.1</ele>
    </trkpt>
    <trkpt lat="42.43073" lon="-2.417706">
      <ele>419.7</ele>
    </trkpt>
    <trkpt lat="42.430827" lon="-2.417699">
      <ele>419.2</ele>
    </trkpt>
    <trkpt lat="42.430914" lon="-2.417664">
      <ele>418.7</ele>
    </trkpt>
    <trkpt lat="42.431161" lon="-2.417672">
      <ele>417.5</ele>
    </trkpt>
    <trkpt lat="42.431271" lon="-2.417643">
      <ele>417</ele>
    </trkpt>
    <trkpt lat="42.431424" lon="-2.417734">
      <ele>416.2</ele>
    </trkpt>
    <trkpt lat="42.431437" lon="-2.417754">
      <ele>416.1</ele>
    </trkpt>
    <trkpt lat="42.431563" lon="-2.417776">
      <ele>415.6</ele>
    </trkpt>
    <trkpt lat="42.431762" lon="-2.417753">
      <ele>414.8</ele>
    </trkpt>
    <trkpt lat="42.431792" lon="-2.417743">
      <ele>414.7</ele>
    </trkpt>
    <trkpt lat="42.432114" lon="-2.417668">
      <ele>413.5</ele>
    </trkpt>
    <trkpt lat="42.432532" lon="-2.417631">
      <ele>412.1</ele>
    </trkpt>
    <trkpt lat="42.434664" lon="-2.417553">
      <ele>407.5</ele>
    </trkpt>
    <trkpt lat="42.435197" lon="-2.417529">
      <ele>406.5</ele>
    </trkpt>
    <trkpt lat="42.435821" lon="-2.417587">
      <ele>405.3</ele>
    </trkpt>
    <trkpt lat="42.436339" lon="-2.417669">
      <ele>404.4</ele>
    </trkpt>
    <trkpt lat="42.436915" lon="-2.417775">
      <ele>403.4</ele>
    </trkpt>
    <trkpt lat="42.437926" lon="-2.417988">
      <ele>402</ele>
    </trkpt>
    <trkpt lat="42.439044" lon="-2.418179">
      <ele>401.4</ele>
    </trkpt>
    <trkpt lat="42.439324" lon="-2.418248">
      <ele>401.3</ele>
    </trkpt>
    <trkpt lat="42.440032" lon="-2.41849">
      <ele>401</ele>
    </trkpt>
    <trkpt lat="42.440269" lon="-2.418431">
      <ele>400.9</ele>
    </trkpt>
    <trkpt lat="42.440409" lon="-2.418357">
      <ele>400.7</ele>
    </trkpt>
    <trkpt lat="42.440508" lon="-2.418387">
      <ele>400.6</ele>
    </trkpt>
    <trkpt lat="42.44061" lon="-2.418527">
      <ele>400.4</ele>
    </trkpt>
    <trkpt lat="42.440725" lon="-2.418718">
      <ele>400.1</ele>
    </trkpt>
    <trkpt lat="42.440805" lon="-2.418794">
      <ele>400</ele>
    </trkpt>
    <trkpt lat="42.440911" lon="-2.418824">
      <ele>399.8</ele>
    </trkpt>
    <trkpt lat="42.441283" lon="-2.418902">
      <ele>399.2</ele>
    </trkpt>
    <trkpt lat="42.441729" lon="-2.418939">
      <ele>398.5</ele>
    </trkpt>
    <trkpt lat="42.442026" lon="-2.418938">
      <ele>397.9</ele>
    </trkpt>
    <trkpt lat="42.442153" lon="-2.418852">
      <ele>397.6</ele>
    </trkpt>
    <trkpt lat="42.442194" lon="-2.418699">
      <ele>397.4</ele>
    </trkpt>
    <trkpt lat="42.442305" lon="-2.418585">
      <ele>397.1</ele>
    </trkpt>
    <trkpt lat="42.442442" lon="-2.418577">
      <ele>396.9</ele>
    </trkpt>
    <trkpt lat="42.442558" lon="-2.418674">
      <ele>396.6</ele>
    </trkpt>
    <trkpt lat="42.442603" lon="-2.418782">
      <ele>396.4</ele>
    </trkpt>
    <trkpt lat="42.442614" lon="-2.418906">
      <ele>396.2</ele>
    </trkpt>
    <trkpt lat="42.442717" lon="-2.419027">
      <ele>395.8</ele>
    </trkpt>
    <trkpt lat="42.44282" lon="-2.419094">
      <ele>395.5</ele>
    </trkpt>
    <trkpt lat="42.4431" lon="-2.41917">
      <ele>394.8</ele>
    </trkpt>
    <trkpt lat="42.443235" lon="-2.419175">
      <ele>394.3</ele>
    </trkpt>
    <trkpt lat="42.443512" lon="-2.419123">
      <ele>393.5</ele>
    </trkpt>
    <trkpt lat="42.444114" lon="-2.418906">
      <ele>391.6</ele>
    </trkpt>
    <trkpt lat="42.444396" lon="-2.418833">
      <ele>390.7</ele>
    </trkpt>
    <trkpt lat="42.445066" lon="-2.418812">
      <ele>389</ele>
    </trkpt>
    <trkpt lat="42.445484" lon="-2.418913">
      <ele>388.1</ele>
    </trkpt>
    <trkpt lat="42.446474" lon="-2.419263">
      <ele>386.4</ele>
    </trkpt>
    <trkpt lat="42.446641" lon="-2.419268">
      <ele>386.2</ele>
    </trkpt>
    <trkpt lat="42.44686" lon="-2.419179">
      <ele>385.9</ele>
    </trkpt>
    <trkpt lat="42.446964" lon="-2.419048">
      <ele>385.8</ele>
    </trkpt>
    <trkpt lat="42.447076" lon="-2.418993">
      <ele>385.7</ele>
    </trkpt>
    <trkpt lat="42.447195" lon="-2.418997">
      <ele>385.6</ele>
    </trkpt>
    <trkpt lat="42.447357" lon="-2.419117">
      <ele>385.5</ele>
    </trkpt>
    <trkpt lat="42.447438" lon="-2.4193">
      <ele>385.4</ele>
    </trkpt>
    <trkpt lat="42.447451" lon="-2.419446">
      <ele>385.3</ele>
    </trkpt>
    <trkpt lat="42.447404" lon="-2.419653">
      <ele>385.3</ele>
    </trkpt>
    <trkpt lat="42.447351" lon="-2.419743">
      <ele>385.3</ele>
    </trkpt>
    <trkpt lat="42.447279" lon="-2.419906">
      <ele>385.2</ele>
    </trkpt>
    <trkpt lat="42.447233" lon="-2.420354">
      <ele>385.2</ele>
    </trkpt>
    <trkpt lat="42.447294" lon="-2.421426">
      <ele>385.4</ele>
    </trkpt>
    <trkpt lat="42.447422" lon="-2.422236">
      <ele>385.8</ele>
    </trkpt>
    <trkpt lat="42.447651" lon="-2.423207">
      <ele>386.5</ele>
    </trkpt>
    <trkpt lat="42.448668" lon="-2.427337">
      <ele>391.1</ele>
    </trkpt>
    <trkpt lat="42.448674" lon="-2.427363">
      <ele>391.1</ele>
    </trkpt>
    <trkpt lat="42.448802" lon="-2.427905">
      <ele>391.9</ele>
    </trkpt>
    <trkpt lat="42.448891" lon="-2.428513">
      <ele>392.7</ele>
    </trkpt>
    <trkpt lat="42.448908" lon="-2.4288">
      <ele>393</ele>
    </trkpt>
    <trkpt lat="42.448906" lon="-2.429252">
      <ele>393.3</ele>
    </trkpt>
    <trkpt lat="42.448856" lon="-2.430108">
      <ele>393.4</ele>
    </trkpt>
    <trkpt lat="42.448856" lon="-2.430399">
      <ele>393.3</ele>
    </trkpt>
    <trkpt lat="42.448895" lon="-2.430756">
      <ele>393.3</ele>
    </trkpt>
    <trkpt lat="42.448974" lon="-2.430844">
      <ele>393.2</ele>
    </trkpt>
    <trkpt lat="42.449023" lon="-2.43096">
      <ele>393.2</ele>
    </trkpt>
    <trkpt lat="42.449043" lon="-2.43109">
      <ele>393.2</ele>
    </trkpt>
    <trkpt lat="42.449009" lon="-2.431293">
      <ele>393.2</ele>
    </trkpt>
    <trkpt lat="42.448925" lon="-2.431443">
      <ele>393.2</ele>
    </trkpt>
    <trkpt lat="42.44884" lon="-2.431508">
      <ele>393.2</ele>
    </trkpt>
    <trkpt lat="42.448767" lon="-2.431709">
      <ele>393.2</ele>
    </trkpt>
    <trkpt lat="42.448715" lon="-2.432082">
      <ele>393.2</ele>
    </trkpt>
    <trkpt lat="42.448571" lon="-2.434233">
      <ele>393.6</ele>
    </trkpt>
    <trkpt lat="42.448596" lon="-2.434396">
      <ele>393.6</ele>
    </trkpt>
    <trkpt lat="42.448642" lon="-2.434443">
      <ele>393.6</ele>
    </trkpt>
    <trkpt lat="42.448699" lon="-2.434579">
      <ele>393.5</ele>
    </trkpt>
    <trkpt lat="42.448814" lon="-2.434626">
      <ele>393.5</ele>
    </trkpt>
    <trkpt lat="42.451082" lon="-2.434913">
      <ele>391.2</ele>
    </trkpt>
    <trkpt lat="42.451119" lon="-2.434916">
      <ele>391.2</ele>
    </trkpt>
    <trkpt lat="42.451267" lon="-2.434874">
      <ele>391</ele>
    </trkpt>
    <trkpt lat="42.451348" lon="-2.434767">
      <ele>390.9</ele>
    </trkpt>
    <trkpt lat="42.451463" lon="-2.434729">
      <ele>390.8</ele>
    </trkpt>
    <trkpt lat="42.451648" lon="-2.434776">
      <ele>390.7</ele>
    </trkpt>
    <trkpt lat="42.45172" lon="-2.434866">
      <ele>390.6</ele>
    </trkpt>
    <trkpt lat="42.451753" lon="-2.434962">
      <ele>390.6</ele>
    </trkpt>
    <trkpt lat="42.451885" lon="-2.435015">
      <ele>390.5</ele>
    </trkpt>
    <trkpt lat="42.451914" lon="-2.435019">
      <ele>390.5</ele>
    </trkpt>
    <trkpt lat="42.453054" lon="-2.435162">
      <ele>389.4</ele>
    </trkpt>
    <trkpt lat="42.453229" lon="-2.435124">
      <ele>389.2</ele>
    </trkpt>
    <trkpt lat="42.453264" lon="-2.435053">
      <ele>389.1</ele>
    </trkpt>
    <trkpt lat="42.453323" lon="-2.435008">
      <ele>389.1</ele>
    </trkpt>
    <trkpt lat="42.453453" lon="-2.434975">
      <ele>388.9</ele>
    </trkpt>
    <trkpt lat="42.453512" lon="-2.434994">
      <ele>388.9</ele>
    </trkpt>
    <trkpt lat="42.453571" lon="-2.435041">
      <ele>388.8</ele>
    </trkpt>
    <trkpt lat="42.453612" lon="-2.435118">
      <ele>388.7</ele>
    </trkpt>
    <trkpt lat="42.453689" lon="-2.435251">
      <ele>388.6</ele>
    </trkpt>
    <trkpt lat="42.453755" lon="-2.435296">
      <ele>388.5</ele>
    </trkpt>
    <trkpt lat="42.454122" lon="-2.435355">
      <ele>388.1</ele>
    </trkpt>
    <trkpt lat="42.454217" lon="-2.435371">
      <ele>387.9</ele>
    </trkpt>
    <trkpt lat="42.454194" lon="-2.435673">
      <ele>387.7</ele>
    </trkpt>
    <trkpt lat="42.45407" lon="-2.437229">
      <ele>387</ele>
    </trkpt>
    <trkpt lat="42.453898" lon="-2.439729">
      <ele>388.1</ele>
    </trkpt>
    <trkpt lat="42.453864" lon="-2.440534">
      <ele>388.6</ele>
    </trkpt>
    <trkpt lat="42.453904" lon="-2.440777">
      <ele>388.6</ele>
    </trkpt>
    <trkpt lat="42.453998" lon="-2.440972">
      <ele>388.6</ele>
    </trkpt>
    <trkpt lat="42.454074" lon="-2.441054">
      <ele>388.6</ele>
    </trkpt>
    <trkpt lat="42.454096" lon="-2.441183">
      <ele>388.7</ele>
    </trkpt>
    <trkpt lat="42.454064" lon="-2.441285">
      <ele>388.7</ele>
    </trkpt>
    <trkpt lat="42.454015" lon="-2.441343">
      <ele>388.7</ele>
    </trkpt>
    <trkpt lat="42.453835" lon="-2.441669">
      <ele>388.8</ele>
    </trkpt>
    <trkpt lat="42.453747" lon="-2.442029">
      <ele>388.9</ele>
    </trkpt>
    <trkpt lat="42.453722" lon="-2.442369">
      <ele>389</ele>
    </trkpt>
    <trkpt lat="42.453638" lon="-2.443557">
      <ele>389.4</ele>
    </trkpt>
    <trkpt lat="42.4536" lon="-2.444092">
      <ele>389.8</ele>
    </trkpt>
    <trkpt lat="42.453563" lon="-2.444647">
      <ele>390.1</ele>
    </trkpt>
    <trkpt lat="42.45354" lon="-2.445175">
      <ele>390.5</ele>
    </trkpt>
    <trkpt lat="42.453529" lon="-2.446179">
      <ele>391.3</ele>
    </trkpt>
    <trkpt lat="42.453533" lon="-2.446467">
      <ele>391.6</ele>
    </trkpt>
    <trkpt lat="42.453595" lon="-2.447262">
      <ele>392.5</ele>
    </trkpt>
    <trkpt lat="42.453713" lon="-2.447948">
      <ele>393.1</ele>
    </trkpt>
    <trkpt lat="42.453764" lon="-2.448131">
      <ele>393.3</ele>
    </trkpt>
    <trkpt lat="42.453781" lon="-2.448154">
      <ele>393.3</ele>
    </trkpt>
    <trkpt lat="42.453965" lon="-2.448189">
      <ele>393.5</ele>
    </trkpt>
    <trkpt lat="42.454132" lon="-2.448148">
      <ele>393.6</ele>
    </trkpt>
    <trkpt lat="42.455332" lon="-2.447806">
      <ele>393.7</ele>
    </trkpt>
    <trkpt lat="42.455673" lon="-2.447716">
      <ele>393.6</ele>
    </trkpt>
    <trkpt lat="42.45581" lon="-2.447675">
      <ele>393.5</ele>
    </trkpt>
    <trkpt lat="42.455948" lon="-2.44764">
      <ele>393.4</ele>
    </trkpt>
    <trkpt lat="42.456614" lon="-2.447457">
      <ele>392.6</ele>
    </trkpt>
    <trkpt lat="42.457529" lon="-2.447086">
      <ele>394</ele>
    </trkpt>
    <trkpt lat="42.457612" lon="-2.447053">
      <ele>394.3</ele>
    </trkpt>
    <trkpt lat="42.457762" lon="-2.446994">
      <ele>394.8</ele>
    </trkpt>
    <trkpt lat="42.457978" lon="-2.446904">
      <ele>395.6</ele>
    </trkpt>
    <trkpt lat="42.458395" lon="-2.446743">
      <ele>397.2</ele>
    </trkpt>
    <trkpt lat="42.458505" lon="-2.446697">
      <ele>397.7</ele>
    </trkpt>
    <trkpt lat="42.458682" lon="-2.446629">
      <ele>398.5</ele>
    </trkpt>
    <trkpt lat="42.45957" lon="-2.446263">
      <ele>400.7</ele>
    </trkpt>
    <trkpt lat="42.459709" lon="-2.44621">
      <ele>400.5</ele>
    </trkpt>
    <trkpt lat="42.460442" lon="-2.44589">
      <ele>399.7</ele>
    </trkpt>
    <trkpt lat="42.460678" lon="-2.44579">
      <ele>399.4</ele>
    </trkpt>
    <trkpt lat="42.460784" lon="-2.445843">
      <ele>399.3</ele>
    </trkpt>
    <trkpt lat="42.460968" lon="-2.445719">
      <ele>399</ele>
    </trkpt>
    <trkpt lat="42.46244" lon="-2.445113">
      <ele>395.6</ele>
    </trkpt>
    <trkpt lat="42.462581" lon="-2.444959">
      <ele>395.2</ele>
    </trkpt>
    <trkpt lat="42.462601" lon="-2.444884">
      <ele>395.1</ele>
    </trkpt>
    <trkpt lat="42.462693" lon="-2.444775">
      <ele>394.9</ele>
    </trkpt>
    <trkpt lat="42.462822" lon="-2.444793">
      <ele>394.6</ele>
    </trkpt>
    <trkpt lat="42.462868" lon="-2.444846">
      <ele>394.4</ele>
    </trkpt>
    <trkpt lat="42.463071" lon="-2.444848">
      <ele>393.9</ele>
    </trkpt>
    <trkpt lat="42.463325" lon="-2.444749">
      <ele>393</ele>
    </trkpt>
    <trkpt lat="42.463347" lon="-2.44474">
      <ele>393</ele>
    </trkpt>
    <trkpt lat="42.463957" lon="-2.444489">
      <ele>391.2</ele>
    </trkpt>
    <trkpt lat="42.4641" lon="-2.444436">
      <ele>390.9</ele>
    </trkpt>
    <trkpt lat="42.464239" lon="-2.444383">
      <ele>390.7</ele>
    </trkpt>
    <trkpt lat="42.464534" lon="-2.444263">
      <ele>390</ele>
    </trkpt>
    <trkpt lat="42.464636" lon="-2.444221">
      <ele>389.7</ele>
    </trkpt>
    <trkpt lat="42.465102" lon="-2.444032">
      <ele>388.5</ele>
    </trkpt>
    <trkpt lat="42.465169" lon="-2.444007">
      <ele>388.4</ele>
    </trkpt>
    <trkpt lat="42.46521" lon="-2.443992">
      <ele>388.3</ele>
    </trkpt>
    <trkpt lat="42.465364" lon="-2.443929">
      <ele>388</ele>
    </trkpt>
    <trkpt lat="42.466138" lon="-2.443441">
      <ele>387.6</ele>
    </trkpt>
    <trkpt lat="42.466239" lon="-2.443356">
      <ele>387.5</ele>
    </trkpt>
    <trkpt lat="42.466277" lon="-2.443301">
      <ele>387.4</ele>
    </trkpt>
    <trkpt lat="42.466373" lon="-2.443375">
      <ele>387.3</ele>
    </trkpt>
    <trkpt lat="42.466396" lon="-2.443372">
      <ele>387.2</ele>
    </trkpt>
    <trkpt lat="42.466593" lon="-2.443348">
      <ele>387</ele>
    </trkpt>
    <trkpt lat="42.466724" lon="-2.443332">
      <ele>386.9</ele>
    </trkpt>
    <trkpt lat="42.466767" lon="-2.443322">
      <ele>386.8</ele>
    </trkpt>
    <trkpt lat="42.466895" lon="-2.443294">
      <ele>386.8</ele>
    </trkpt>
    <trkpt lat="42.467066" lon="-2.443256">
      <ele>386.7</ele>
    </trkpt>
    <trkpt lat="42.467166" lon="-2.443214">
      <ele>386.7</ele>
    </trkpt>
    <trkpt lat="42.467389" lon="-2.443111">
      <ele>386.6</ele>
    </trkpt>
    <trkpt lat="42.467621" lon="-2.442953">
      <ele>386.4</ele>
    </trkpt>
    <trkpt lat="42.467903" lon="-2.442636">
      <ele>385.9</ele>
    </trkpt>
    <trkpt lat="42.468118" lon="-2.442396">
      <ele>385.1</ele>
    </trkpt>
    <trkpt lat="42.468289" lon="-2.442238">
      <ele>384.2</ele>
    </trkpt>
    <trkpt lat="42.468332" lon="-2.442199">
      <ele>384</ele>
    </trkpt>
    <trkpt lat="42.468423" lon="-2.442505">
      <ele>382.8</ele>
    </trkpt>
    <trkpt lat="42.468539" lon="-2.442863">
      <ele>381.7</ele>
    </trkpt>
    <trkpt lat="42.468658" lon="-2.442988">
      <ele>381.2</ele>
    </trkpt>
    <trkpt lat="42.468774" lon="-2.443017">
      <ele>380.8</ele>
    </trkpt>
    <trkpt lat="42.468816" lon="-2.442996">
      <ele>380.7</ele>
    </trkpt>
    <trkpt lat="42.468912" lon="-2.443021">
      <ele>380.4</ele>
    </trkpt>
    <trkpt lat="42.468961" lon="-2.443107">
      <ele>380.2</ele>
    </trkpt>
    <trkpt lat="42.468964" lon="-2.443159">
      <ele>380.1</ele>
    </trkpt>
    <trkpt lat="42.469023" lon="-2.443215">
      <ele>380</ele>
    </trkpt>
    <trkpt lat="42.469011" lon="-2.443262">
      <ele>379.9</ele>
    </trkpt>
    <trkpt lat="42.469004" lon="-2.443286">
      <ele>379.9</ele>
    </trkpt>
    <trkpt lat="42.469027" lon="-2.443295">
      <ele>379.8</ele>
    </trkpt>
    <trkpt lat="42.46908" lon="-2.44332">
      <ele>379.7</ele>
    </trkpt>
    <trkpt lat="42.469027" lon="-2.443295">
      <ele>379.7</ele>
    </trkpt>
    <trkpt lat="42.469004" lon="-2.443286">
      <ele>379.7</ele>
    </trkpt>
    <trkpt lat="42.469011" lon="-2.443262">
      <ele>379.6</ele>
    </trkpt>
    <trkpt lat="42.468948" lon="-2.44325">
      <ele>379.6</ele>
    </trkpt>
    <trkpt lat="42.468927" lon="-2.443279">
      <ele>379.5</ele>
    </trkpt>
    <trkpt lat="42.468845" lon="-2.443323">
      <ele>379.5</ele>
    </trkpt>
    <trkpt lat="42.468812" lon="-2.443321">
      <ele>379.5</ele>
    </trkpt>
    <trkpt lat="42.46881" lon="-2.443404">
      <ele>379.4</ele>
    </trkpt>
    <trkpt lat="42.468453" lon="-2.444238">
      <ele>380.7</ele>
    </trkpt>
    <trkpt lat="42.468342" lon="-2.444664">
      <ele>381.8</ele>
    </trkpt>
    <trkpt lat="42.468237" lon="-2.445262">
      <ele>383</ele>
    </trkpt>
    <trkpt lat="42.467996" lon="-2.445702">
      <ele>383.8</ele>
    </trkpt>
    <trkpt lat="42.467687" lon="-2.446477">
      <ele>385.2</ele>
    </trkpt>
    <trkpt lat="42.467617" lon="-2.446718">
      <ele>385.8</ele>
    </trkpt>
    <trkpt lat="42.467301" lon="-2.446702">
      <ele>387.2</ele>
    </trkpt>
    <trkpt lat="42.466881" lon="-2.446669">
      <ele>388.8</ele>
    </trkpt>
    <trkpt lat="42.466407" lon="-2.446644">
      <ele>389.9</ele>
    </trkpt>
    <trkpt lat="42.466364" lon="-2.446644">
      <ele>390</ele>
    </trkpt>
    <trkpt lat="42.465898" lon="-2.446674">
      <ele>390.3</ele>
    </trkpt>
    <trkpt lat="42.465574" lon="-2.446706">
      <ele>390.3</ele>
    </trkpt>
    <trkpt lat="42.465427" lon="-2.446716">
      <ele>390.1</ele>
    </trkpt>
    <trkpt lat="42.465308" lon="-2.446717">
      <ele>389.9</ele>
    </trkpt>
    <trkpt lat="42.465306" lon="-2.446595">
      <ele>389.8</ele>
    </trkpt>
    <trkpt lat="42.465284" lon="-2.446597">
      <ele>389.7</ele>
    </trkpt>
    <trkpt lat="42.465244" lon="-2.445713">
      <ele>388</ele>
    </trkpt>
    <trkpt lat="42.465174" lon="-2.444223">
      <ele>387.8</ele>
    </trkpt>
    <trkpt lat="42.465171" lon="-2.444159">
      <ele>387.8</ele>
    </trkpt>
    <trkpt lat="42.465169" lon="-2.444007">
      <ele>388</ele>
    </trkpt>
    <trkpt lat="42.465102" lon="-2.444032">
      <ele>388.1</ele>
    </trkpt>
    <trkpt lat="42.464636" lon="-2.444221">
      <ele>389.4</ele>
    </trkpt>
    <trkpt lat="42.464534" lon="-2.444263">
      <ele>389.7</ele>
    </trkpt>
    <trkpt lat="42.464239" lon="-2.444383">
      <ele>390.6</ele>
    </trkpt>
    <trkpt lat="42.4641" lon="-2.444436">
      <ele>390.9</ele>
    </trkpt>
    <trkpt lat="42.463957" lon="-2.444489">
      <ele>391.1</ele>
    </trkpt>
    <trkpt lat="42.463347" lon="-2.44474">
      <ele>392.6</ele>
    </trkpt>
    <trkpt lat="42.463325" lon="-2.444749">
      <ele>392.6</ele>
    </trkpt>
    <trkpt lat="42.463071" lon="-2.444848">
      <ele>393.2</ele>
    </trkpt>
    <trkpt lat="42.462903" lon="-2.445014">
      <ele>393.4</ele>
    </trkpt>
    <trkpt lat="42.462864" lon="-2.445129">
      <ele>393.5</ele>
    </trkpt>
    <trkpt lat="42.462799" lon="-2.44519">
      <ele>393.6</ele>
    </trkpt>
    <trkpt lat="42.46272" lon="-2.445202">
      <ele>393.7</ele>
    </trkpt>
    <trkpt lat="42.462619" lon="-2.445127">
      <ele>393.8</ele>
    </trkpt>
    <trkpt lat="42.462581" lon="-2.444959">
      <ele>393.9</ele>
    </trkpt>
    <trkpt lat="42.462601" lon="-2.444884">
      <ele>393.9</ele>
    </trkpt>
    <trkpt lat="42.46255" lon="-2.444681">
      <ele>394</ele>
    </trkpt>
    <trkpt lat="42.462216" lon="-2.443372">
      <ele>394.7</ele>
    </trkpt>
    <trkpt lat="42.462241" lon="-2.443273">
      <ele>394.6</ele>
    </trkpt>
    <trkpt lat="42.462278" lon="-2.443235">
      <ele>394.6</ele>
    </trkpt>
    <trkpt lat="42.46232" lon="-2.443117">
      <ele>394.5</ele>
    </trkpt>
    <trkpt lat="42.462336" lon="-2.44295">
      <ele>394.3</ele>
    </trkpt>
    <trkpt lat="42.462325" lon="-2.442905">
      <ele>394.3</ele>
    </trkpt>
    <trkpt lat="42.46229" lon="-2.442766">
      <ele>394.1</ele>
    </trkpt>
    <trkpt lat="42.461716" lon="-2.440615">
      <ele>391.1</ele>
    </trkpt>
    <trkpt lat="42.461709" lon="-2.440592">
      <ele>391</ele>
    </trkpt>
    <trkpt lat="42.461662" lon="-2.440421">
      <ele>390.7</ele>
    </trkpt>
    <trkpt lat="42.461591" lon="-2.44017">
      <ele>390.3</ele>
    </trkpt>
    <trkpt lat="42.461382" lon="-2.439342">
      <ele>388.6</ele>
    </trkpt>
    <trkpt lat="42.461344" lon="-2.439184">
      <ele>388.3</ele>
    </trkpt>
    <trkpt lat="42.461279" lon="-2.439104">
      <ele>388.1</ele>
    </trkpt>
    <trkpt lat="42.461239" lon="-2.438963">
      <ele>387.8</ele>
    </trkpt>
    <trkpt lat="42.461044" lon="-2.438204">
      <ele>385.9</ele>
    </trkpt>
    <trkpt lat="42.461013" lon="-2.438086">
      <ele>385.5</ele>
    </trkpt>
    <trkpt lat="42.461008" lon="-2.438052">
      <ele>385.4</ele>
    </trkpt>
    <trkpt lat="42.460731" lon="-2.436995">
      <ele>383.7</ele>
    </trkpt>
    <trkpt lat="42.46069" lon="-2.436829">
      <ele>383.6</ele>
    </trkpt>
    <trkpt lat="42.460277" lon="-2.435207">
      <ele>383.1</ele>
    </trkpt>
    <trkpt lat="42.46026" lon="-2.435141">
      <ele>383.2</ele>
    </trkpt>
    <trkpt lat="42.460206" lon="-2.434953">
      <ele>383.3</ele>
    </trkpt>
    <trkpt lat="42.460176" lon="-2.434932">
      <ele>383.3</ele>
    </trkpt>
    <trkpt lat="42.460082" lon="-2.434897">
      <ele>383.4</ele>
    </trkpt>
    <trkpt lat="42.460037" lon="-2.434907">
      <ele>383.4</ele>
    </trkpt>
    <trkpt lat="42.459982" lon="-2.43493">
      <ele>383.5</ele>
    </trkpt>
    <trkpt lat="42.459842" lon="-2.434992">
      <ele>383.5</ele>
    </trkpt>
    <trkpt lat="42.459087" lon="-2.435336">
      <ele>384.1</ele>
    </trkpt>
    <trkpt lat="42.459058" lon="-2.435351">
      <ele>384.1</ele>
    </trkpt>
    <trkpt lat="42.458944" lon="-2.435505">
      <ele>384.3</ele>
    </trkpt>
    <trkpt lat="42.458923" lon="-2.435634">
      <ele>384.4</ele>
    </trkpt>
    <trkpt lat="42.458846" lon="-2.435716">
      <ele>384.5</ele>
    </trkpt>
    <trkpt lat="42.458727" lon="-2.435697">
      <ele>384.8</ele>
    </trkpt>
    <trkpt lat="42.458669" lon="-2.435604">
      <ele>385</ele>
    </trkpt>
    <trkpt lat="42.458598" lon="-2.435578">
      <ele>385.1</ele>
    </trkpt>
    <trkpt lat="42.458506" lon="-2.43562">
      <ele>385.3</ele>
    </trkpt>
    <trkpt lat="42.45796" lon="-2.435839">
      <ele>386.2</ele>
    </trkpt>
    <trkpt lat="42.457926" lon="-2.435844">
      <ele>386.3</ele>
    </trkpt>
    <trkpt lat="42.457778" lon="-2.435921">
      <ele>386.7</ele>
    </trkpt>
    <trkpt lat="42.457695" lon="-2.435995">
      <ele>387</ele>
    </trkpt>
    <trkpt lat="42.457604" lon="-2.435982">
      <ele>387.2</ele>
    </trkpt>
    <trkpt lat="42.457555" lon="-2.435932">
      <ele>387.4</ele>
    </trkpt>
    <trkpt lat="42.457526" lon="-2.435859">
      <ele>387.6</ele>
    </trkpt>
    <trkpt lat="42.457465" lon="-2.435796">
      <ele>387.8</ele>
    </trkpt>
    <trkpt lat="42.457369" lon="-2.435757">
      <ele>388.1</ele>
    </trkpt>
    <trkpt lat="42.456826" lon="-2.435685">
      <ele>389.5</ele>
    </trkpt>
    <trkpt lat="42.456772" lon="-2.435679">
      <ele>389.6</ele>
    </trkpt>
    <trkpt lat="42.456729" lon="-2.435674">
      <ele>389.7</ele>
    </trkpt>
    <trkpt lat="42.456671" lon="-2.435667">
      <ele>389.8</ele>
    </trkpt>
    <trkpt lat="42.456637" lon="-2.435664">
      <ele>389.9</ele>
    </trkpt>
    <trkpt lat="42.455943" lon="-2.435572">
      <ele>390.9</ele>
    </trkpt>
    <trkpt lat="42.455846" lon="-2.43556">
      <ele>390.9</ele>
    </trkpt>
    <trkpt lat="42.455746" lon="-2.435549">
      <ele>391</ele>
    </trkpt>
    <trkpt lat="42.454969" lon="-2.435459">
      <ele>390.2</ele>
    </trkpt>
    <trkpt lat="42.454311" lon="-2.435382">
      <ele>389.6</ele>
    </trkpt>
    <trkpt lat="42.454217" lon="-2.435371">
      <ele>389.5</ele>
    </trkpt>
    <trkpt lat="42.454122" lon="-2.435355">
      <ele>389.4</ele>
    </trkpt>
    <trkpt lat="42.453755" lon="-2.435296">
      <ele>389.2</ele>
    </trkpt>
    <trkpt lat="42.45368" lon="-2.435329">
      <ele>389.1</ele>
    </trkpt>
    <trkpt lat="42.453579" lon="-2.435457">
      <ele>389.1</ele>
    </trkpt>
    <trkpt lat="42.453521" lon="-2.435516">
      <ele>389.2</ele>
    </trkpt>
    <trkpt lat="42.45338" lon="-2.435548">
      <ele>389.2</ele>
    </trkpt>
    <trkpt lat="42.453312" lon="-2.435517">
      <ele>389.3</ele>
    </trkpt>
    <trkpt lat="42.453257" lon="-2.43545">
      <ele>389.4</ele>
    </trkpt>
    <trkpt lat="42.453231" lon="-2.435389">
      <ele>389.5</ele>
    </trkpt>
    <trkpt lat="42.453136" lon="-2.435302">
      <ele>389.6</ele>
    </trkpt>
    <trkpt lat="42.453043" lon="-2.435276">
      <ele>389.7</ele>
    </trkpt>
    <trkpt lat="42.451908" lon="-2.435128">
      <ele>390.7</ele>
    </trkpt>
    <trkpt lat="42.451878" lon="-2.435128">
      <ele>390.7</ele>
    </trkpt>
    <trkpt lat="42.451738" lon="-2.435155">
      <ele>390.9</ele>
    </trkpt>
    <trkpt lat="42.451705" lon="-2.435223">
      <ele>390.9</ele>
    </trkpt>
    <trkpt lat="42.451617" lon="-2.435301">
      <ele>391</ele>
    </trkpt>
    <trkpt lat="42.451403" lon="-2.435297">
      <ele>391.1</ele>
    </trkpt>
    <trkpt lat="42.451286" lon="-2.435195">
      <ele>391.3</ele>
    </trkpt>
    <trkpt lat="42.451245" lon="-2.435081">
      <ele>391.3</ele>
    </trkpt>
    <trkpt lat="42.451112" lon="-2.435041">
      <ele>391.4</ele>
    </trkpt>
    <trkpt lat="42.451073" lon="-2.435033">
      <ele>391.5</ele>
    </trkpt>
    <trkpt lat="42.448862" lon="-2.43475">
      <ele>393.7</ele>
    </trkpt>
    <trkpt lat="42.448674" lon="-2.4348">
      <ele>393.8</ele>
    </trkpt>
    <trkpt lat="42.448574" lon="-2.434916">
      <ele>393.8</ele>
    </trkpt>
    <trkpt lat="42.448509" lon="-2.434938">
      <ele>393.9</ele>
    </trkpt>
    <trkpt lat="42.44838" lon="-2.434896">
      <ele>393.9</ele>
    </trkpt>
    <trkpt lat="42.448329" lon="-2.434838">
      <ele>394</ele>
    </trkpt>
    <trkpt lat="42.448278" lon="-2.434672">
      <ele>394</ele>
    </trkpt>
    <trkpt lat="42.448309" lon="-2.434497">
      <ele>394</ele>
    </trkpt>
    <trkpt lat="42.448407" lon="-2.434382">
      <ele>394</ele>
    </trkpt>
    <trkpt lat="42.448483" lon="-2.434203">
      <ele>394</ele>
    </trkpt>
    <trkpt lat="42.448645" lon="-2.431919">
      <ele>393.7</ele>
    </trkpt>
    <trkpt lat="42.448637" lon="-2.431731">
      <ele>393.7</ele>
    </trkpt>
    <trkpt lat="42.44858" lon="-2.431484">
      <ele>393.7</ele>
    </trkpt>
    <trkpt lat="42.44846" lon="-2.431328">
      <ele>393.7</ele>
    </trkpt>
    <trkpt lat="42.448416" lon="-2.43111">
      <ele>393.7</ele>
    </trkpt>
    <trkpt lat="42.44846" lon="-2.430893">
      <ele>393.7</ele>
    </trkpt>
    <trkpt lat="42.44858" lon="-2.430737">
      <ele>393.8</ele>
    </trkpt>
    <trkpt lat="42.448659" lon="-2.430696">
      <ele>393.8</ele>
    </trkpt>
    <trkpt lat="42.448758" lon="-2.430195">
      <ele>393.8</ele>
    </trkpt>
    <trkpt lat="42.448814" lon="-2.429345">
      <ele>393.5</ele>
    </trkpt>
    <trkpt lat="42.448811" lon="-2.4289">
      <ele>393</ele>
    </trkpt>
    <trkpt lat="42.448783" lon="-2.428479">
      <ele>392.5</ele>
    </trkpt>
    <trkpt lat="42.448723" lon="-2.428052">
      <ele>391.9</ele>
    </trkpt>
    <trkpt lat="42.448578" lon="-2.427388">
      <ele>390.8</ele>
    </trkpt>
    <trkpt lat="42.447556" lon="-2.423249">
      <ele>386.5</ele>
    </trkpt>
    <trkpt lat="42.447271" lon="-2.421979">
      <ele>385.6</ele>
    </trkpt>
    <trkpt lat="42.44719" lon="-2.421402">
      <ele>385.5</ele>
    </trkpt>
    <trkpt lat="42.447136" lon="-2.420527">
      <ele>385.4</ele>
    </trkpt>
    <trkpt lat="42.447094" lon="-2.420189">
      <ele>385.5</ele>
    </trkpt>
    <trkpt lat="42.447004" lon="-2.419831">
      <ele>385.7</ele>
    </trkpt>
    <trkpt lat="42.446895" lon="-2.419731">
      <ele>385.8</ele>
    </trkpt>
    <trkpt lat="42.446862" lon="-2.419679">
      <ele>385.9</ele>
    </trkpt>
    <trkpt lat="42.446821" lon="-2.419575">
      <ele>386</ele>
    </trkpt>
    <trkpt lat="42.446718" lon="-2.419479">
      <ele>386.1</ele>
    </trkpt>
    <trkpt lat="42.446115" lon="-2.419304">
      <ele>387.1</ele>
    </trkpt>
    <trkpt lat="42.445563" lon="-2.419082">
      <ele>388.1</ele>
    </trkpt>
    <trkpt lat="42.44512" lon="-2.418958">
      <ele>389</ele>
    </trkpt>
    <trkpt lat="42.444752" lon="-2.41894">
      <ele>389.9</ele>
    </trkpt>
    <trkpt lat="42.444359" lon="-2.418988">
      <ele>390.8</ele>
    </trkpt>
    <trkpt lat="42.444192" lon="-2.419025">
      <ele>391.2</ele>
    </trkpt>
    <trkpt lat="42.443716" lon="-2.419224">
      <ele>392.7</ele>
    </trkpt>
    <trkpt lat="42.443221" lon="-2.419334">
      <ele>394.2</ele>
    </trkpt>
    <trkpt lat="42.443044" lon="-2.41932">
      <ele>394.7</ele>
    </trkpt>
    <trkpt lat="42.442518" lon="-2.419133">
      <ele>396.2</ele>
    </trkpt>
    <trkpt lat="42.442422" lon="-2.419189">
      <ele>396.5</ele>
    </trkpt>
    <trkpt lat="42.442336" lon="-2.419186">
      <ele>396.7</ele>
    </trkpt>
    <trkpt lat="42.442222" lon="-2.419105">
      <ele>397.1</ele>
    </trkpt>
    <trkpt lat="42.442169" lon="-2.419001">
      <ele>397.3</ele>
    </trkpt>
    <trkpt lat="42.442026" lon="-2.418938">
      <ele>397.7</ele>
    </trkpt>
    <trkpt lat="42.441729" lon="-2.418939">
      <ele>398.3</ele>
    </trkpt>
    <trkpt lat="42.441283" lon="-2.418902">
      <ele>399.1</ele>
    </trkpt>
    <trkpt lat="42.440911" lon="-2.418824">
      <ele>399.7</ele>
    </trkpt>
    <trkpt lat="42.440805" lon="-2.418794">
      <ele>399.9</ele>
    </trkpt>
    <trkpt lat="42.440723" lon="-2.418798">
      <ele>400</ele>
    </trkpt>
    <trkpt lat="42.440542" lon="-2.418891">
      <ele>400.3</ele>
    </trkpt>
    <trkpt lat="42.44043" lon="-2.418948">
      <ele>400.5</ele>
    </trkpt>
    <trkpt lat="42.44037" lon="-2.418943">
      <ele>400.6</ele>
    </trkpt>
    <trkpt lat="42.44026" lon="-2.418864">
      <ele>400.7</ele>
    </trkpt>
    <trkpt lat="42.440196" lon="-2.418691">
      <ele>400.9</ele>
    </trkpt>
    <trkpt lat="42.440032" lon="-2.41849">
      <ele>401</ele>
    </trkpt>
    <trkpt lat="42.439324" lon="-2.418248">
      <ele>401.3</ele>
    </trkpt>
    <trkpt lat="42.439044" lon="-2.418179">
      <ele>401.4</ele>
    </trkpt>
    <trkpt lat="42.437926" lon="-2.417988">
      <ele>401.9</ele>
    </trkpt>
    <trkpt lat="42.436904" lon="-2.417849">
      <ele>403.2</ele>
    </trkpt>
    <trkpt lat="42.435814" lon="-2.417671">
      <ele>405</ele>
    </trkpt>
    <trkpt lat="42.434824" lon="-2.417564">
      <ele>406.9</ele>
    </trkpt>
    <trkpt lat="42.434664" lon="-2.417553">
      <ele>407.3</ele>
    </trkpt>
    <trkpt lat="42.432532" lon="-2.417631">
      <ele>411.9</ele>
    </trkpt>
    <trkpt lat="42.432114" lon="-2.417668">
      <ele>412.8</ele>
    </trkpt>
    <trkpt lat="42.431792" lon="-2.417743">
      <ele>413.7</ele>
    </trkpt>
    <trkpt lat="42.431762" lon="-2.417753">
      <ele>413.8</ele>
    </trkpt>
    <trkpt lat="42.431595" lon="-2.417881">
      <ele>414.5</ele>
    </trkpt>
    <trkpt lat="42.431486" lon="-2.418018">
      <ele>415</ele>
    </trkpt>
    <trkpt lat="42.431412" lon="-2.418191">
      <ele>415.6</ele>
    </trkpt>
    <trkpt lat="42.431349" lon="-2.418244">
      <ele>415.8</ele>
    </trkpt>
    <trkpt lat="42.431202" lon="-2.418258">
      <ele>416.4</ele>
    </trkpt>
    <trkpt lat="42.431095" lon="-2.418174">
      <ele>416.9</ele>
    </trkpt>
    <trkpt lat="42.431035" lon="-2.418028">
      <ele>417.4</ele>
    </trkpt>
    <trkpt lat="42.43103" lon="-2.417922">
      <ele>417.8</ele>
    </trkpt>
    <trkpt lat="42.430949" lon="-2.417773">
      <ele>418.4</ele>
    </trkpt>
    <trkpt lat="42.430827" lon="-2.417699">
      <ele>419.1</ele>
    </trkpt>
    <trkpt lat="42.43073" lon="-2.417706">
      <ele>419.5</ele>
    </trkpt>
    <trkpt lat="42.430462" lon="-2.417716">
      <ele>420.9</ele>
    </trkpt>
    <trkpt lat="42.43009" lon="-2.417723">
      <ele>423</ele>
    </trkpt>
    <trkpt lat="42.429343" lon="-2.417746">
      <ele>427.6</ele>
    </trkpt>
    <trkpt lat="42.42922" lon="-2.41775">
      <ele>428.4</ele>
    </trkpt>
    <trkpt lat="42.428688" lon="-2.417832">
      <ele>432.3</ele>
    </trkpt>
    <trkpt lat="42.42866" lon="-2.41784">
      <ele>432.5</ele>
    </trkpt>
    <trkpt lat="42.428585" lon="-2.417872">
      <ele>433.1</ele>
    </trkpt>
    <trkpt lat="42.428183" lon="-2.418047">
      <ele>436.2</ele>
    </trkpt>
    <trkpt lat="42.428157" lon="-2.41806">
      <ele>436.4</ele>
    </trkpt>
    <trkpt lat="42.427773" lon="-2.418258">
      <ele>439.1</ele>
    </trkpt>
    <trkpt lat="42.427367" lon="-2.418515">
      <ele>441.4</ele>
    </trkpt>
    <trkpt lat="42.427121" lon="-2.418693">
      <ele>442.6</ele>
    </trkpt>
    <trkpt lat="42.426806" lon="-2.418956">
      <ele>443.9</ele>
    </trkpt>
    <trkpt lat="42.426603" lon="-2.419111">
      <ele>444.6</ele>
    </trkpt>
    <trkpt lat="42.426506" lon="-2.419186">
      <ele>444.9</ele>
    </trkpt>
    <trkpt lat="42.426056" lon="-2.418842">
      <ele>446.2</ele>
    </trkpt>
    <trkpt lat="42.426024" lon="-2.418819">
      <ele>446.2</ele>
    </trkpt>
    <trkpt lat="42.425805" lon="-2.418665">
      <ele>446.8</ele>
    </trkpt>
    <trkpt lat="42.42562" lon="-2.418543">
      <ele>447.2</ele>
    </trkpt>
    <trkpt lat="42.425563" lon="-2.418497">
      <ele>447.4</ele>
    </trkpt>
    <trkpt lat="42.425368" lon="-2.418341">
      <ele>448.1</ele>
    </trkpt>
    <trkpt lat="42.424945" lon="-2.41755">
      <ele>450.3</ele>
    </trkpt>
    <trkpt lat="42.424799" lon="-2.417113">
      <ele>451.5</ele>
    </trkpt>
    <trkpt lat="42.424607" lon="-2.416527">
      <ele>453.1</ele>
    </trkpt>
    <trkpt lat="42.424585" lon="-2.4164">
      <ele>453.4</ele>
    </trkpt>
    <trkpt lat="42.424606" lon="-2.41597">
      <ele>454.5</ele>
    </trkpt>
    <trkpt lat="42.424593" lon="-2.415826">
      <ele>454.8</ele>
    </trkpt>
    <trkpt lat="42.424513" lon="-2.415811">
      <ele>455</ele>
    </trkpt>
    <trkpt lat="42.424481" lon="-2.41571">
      <ele>455.2</ele>
    </trkpt>
    <trkpt lat="42.424433" lon="-2.415687">
      <ele>455.3</ele>
    </trkpt>
    <trkpt lat="42.424081" lon="-2.415729">
      <ele>455.8</ele>
    </trkpt>
    <trkpt lat="42.423937" lon="-2.415712">
      <ele>455.9</ele>
    </trkpt>
    <trkpt lat="42.423772" lon="-2.41565">
      <ele>456</ele>
    </trkpt>
    <trkpt lat="42.42355" lon="-2.415463">
      <ele>455.9</ele>
    </trkpt>
    <trkpt lat="42.423122" lon="-2.414955">
      <ele>455.5</ele>
    </trkpt>
    <trkpt lat="42.423015" lon="-2.414822">
      <ele>455.4</ele>
    </trkpt>
    <trkpt lat="42.422697" lon="-2.414414">
      <ele>455</ele>
    </trkpt>
    <trkpt lat="42.422267" lon="-2.413906">
      <ele>454.5</ele>
    </trkpt>
    <trkpt lat="42.421798" lon="-2.413356">
      <ele>454</ele>
    </trkpt>
    <trkpt lat="42.421625" lon="-2.413241">
      <ele>454</ele>
    </trkpt>
    <trkpt lat="42.42156" lon="-2.413224">
      <ele>454.1</ele>
    </trkpt>
    <trkpt lat="42.421453" lon="-2.413247">
      <ele>454.2</ele>
    </trkpt>
    <trkpt lat="42.42139" lon="-2.413325">
      <ele>454.3</ele>
    </trkpt>
    <trkpt lat="42.421247" lon="-2.413391">
      <ele>454.6</ele>
    </trkpt>
    <trkpt lat="42.421099" lon="-2.413351">
      <ele>455</ele>
    </trkpt>
    <trkpt lat="42.420977" lon="-2.413195">
      <ele>455.3</ele>
    </trkpt>
    <trkpt lat="42.420946" lon="-2.413088">
      <ele>455.5</ele>
    </trkpt>
    <trkpt lat="42.420641" lon="-2.41261">
      <ele>456.5</ele>
    </trkpt>
    <trkpt lat="42.420352" lon="-2.412347">
      <ele>457.2</ele>
    </trkpt>
    <trkpt lat="42.420015" lon="-2.412087">
      <ele>457.8</ele>
    </trkpt>
    <trkpt lat="42.41936" lon="-2.411664">
      <ele>457.6</ele>
    </trkpt>
    <trkpt lat="42.418521" lon="-2.411206">
      <ele>456.4</ele>
    </trkpt>
    <trkpt lat="42.417374" lon="-2.410705">
      <ele>456.2</ele>
    </trkpt>
    <trkpt lat="42.415906" lon="-2.410115">
      <ele>457.2</ele>
    </trkpt>
    <trkpt lat="42.415626" lon="-2.409984">
      <ele>457.2</ele>
    </trkpt>
    <trkpt lat="42.414239" lon="-2.409368">
      <ele>456.4</ele>
    </trkpt>
    <trkpt lat="42.413606" lon="-2.409099">
      <ele>456.4</ele>
    </trkpt>
    <trkpt lat="42.411138" lon="-2.408043">
      <ele>458.9</ele>
    </trkpt>
    <trkpt lat="42.410905" lon="-2.407944">
      <ele>459.1</ele>
    </trkpt>
    <trkpt lat="42.41003" lon="-2.40757">
      <ele>459.5</ele>
    </trkpt>
    <trkpt lat="42.406963" lon="-2.406269">
      <ele>458.9</ele>
    </trkpt>
    <trkpt lat="42.402322" lon="-2.404317">
      <ele>458.9</ele>
    </trkpt>
    <trkpt lat="42.398539" lon="-2.402689">
      <ele>465.1</ele>
    </trkpt>
    <trkpt lat="42.397494" lon="-2.402239">
      <ele>467.5</ele>
    </trkpt>
    <trkpt lat="42.39225" lon="-2.400014">
      <ele>471.7</ele>
    </trkpt>
    <trkpt lat="42.386658" lon="-2.397669">
      <ele>484.3</ele>
    </trkpt>
    <trkpt lat="42.383767" lon="-2.396457">
      <ele>489.1</ele>
    </trkpt>
    <trkpt lat="42.383173" lon="-2.396145">
      <ele>490.4</ele>
    </trkpt>
    <trkpt lat="42.382532" lon="-2.395725">
      <ele>492.2</ele>
    </trkpt>
    <trkpt lat="42.38198" lon="-2.395275">
      <ele>494.1</ele>
    </trkpt>
    <trkpt lat="42.3807" lon="-2.394086">
      <ele>499.8</ele>
    </trkpt>
    <trkpt lat="42.379029" lon="-2.392534">
      <ele>506.2</ele>
    </trkpt>
    <trkpt lat="42.378964" lon="-2.392474">
      <ele>506.4</ele>
    </trkpt>
    <trkpt lat="42.376231" lon="-2.389952">
      <ele>515.1</ele>
    </trkpt>
    <trkpt lat="42.375715" lon="-2.389539">
      <ele>516.7</ele>
    </trkpt>
    <trkpt lat="42.375214" lon="-2.389299">
      <ele>517.9</ele>
    </trkpt>
    <trkpt lat="42.374453" lon="-2.389015">
      <ele>519.1</ele>
    </trkpt>
    <trkpt lat="42.370067" lon="-2.388144">
      <ele>524.3</ele>
    </trkpt>
    <trkpt lat="42.369403" lon="-2.388039">
      <ele>525</ele>
    </trkpt>
    <trkpt lat="42.368565" lon="-2.388074">
      <ele>525.1</ele>
    </trkpt>
    <trkpt lat="42.36344" lon="-2.388564">
      <ele>514.6</ele>
    </trkpt>
    <trkpt lat="42.361552" lon="-2.388756">
      <ele>514.1</ele>
    </trkpt>
    <trkpt lat="42.36112" lon="-2.388639">
      <ele>513.1</ele>
    </trkpt>
    <trkpt lat="42.360849" lon="-2.38845">
      <ele>512.6</ele>
    </trkpt>
    <trkpt lat="42.360458" lon="-2.388117">
      <ele>512.3</ele>
    </trkpt>
    <trkpt lat="42.359974" lon="-2.387728">
      <ele>513</ele>
    </trkpt>
    <trkpt lat="42.35875" lon="-2.386704">
      <ele>521.6</ele>
    </trkpt>
    <trkpt lat="42.358552" lon="-2.386572">
      <ele>522.9</ele>
    </trkpt>
    <trkpt lat="42.358451" lon="-2.386543">
      <ele>523.5</ele>
    </trkpt>
    <trkpt lat="42.358387" lon="-2.386524">
      <ele>523.8</ele>
    </trkpt>
    <trkpt lat="42.358214" lon="-2.386552">
      <ele>524.7</ele>
    </trkpt>
    <trkpt lat="42.35816" lon="-2.386571">
      <ele>524.9</ele>
    </trkpt>
    <trkpt lat="42.357983" lon="-2.386706">
      <ele>525.8</ele>
    </trkpt>
    <trkpt lat="42.357855" lon="-2.386875">
      <ele>526.4</ele>
    </trkpt>
    <trkpt lat="42.356889" lon="-2.388524">
      <ele>527.2</ele>
    </trkpt>
    <trkpt lat="42.356802" lon="-2.388673">
      <ele>527</ele>
    </trkpt>
    <trkpt lat="42.356641" lon="-2.388891">
      <ele>526.7</ele>
    </trkpt>
    <trkpt lat="42.35651" lon="-2.388986">
      <ele>526.5</ele>
    </trkpt>
    <trkpt lat="42.356032" lon="-2.389162">
      <ele>525.9</ele>
    </trkpt>
    <trkpt lat="42.355972" lon="-2.389215">
      <ele>525.8</ele>
    </trkpt>
    <trkpt lat="42.355903" lon="-2.389343">
      <ele>525.7</ele>
    </trkpt>
    <trkpt lat="42.355868" lon="-2.38952">
      <ele>525.7</ele>
    </trkpt>
    <trkpt lat="42.35585" lon="-2.390181">
      <ele>526.2</ele>
    </trkpt>
    <trkpt lat="42.355733" lon="-2.390619">
      <ele>527.2</ele>
    </trkpt>
    <trkpt lat="42.355682" lon="-2.390758">
      <ele>527.7</ele>
    </trkpt>
    <trkpt lat="42.355595" lon="-2.391554">
      <ele>530.3</ele>
    </trkpt>
    <trkpt lat="42.355272" lon="-2.392974">
      <ele>537.3</ele>
    </trkpt>
    <trkpt lat="42.355208" lon="-2.393354">
      <ele>539.7</ele>
    </trkpt>
    <trkpt lat="42.355172" lon="-2.393769">
      <ele>542.4</ele>
    </trkpt>
    <trkpt lat="42.355143" lon="-2.394774">
      <ele>548.5</ele>
    </trkpt>
    <trkpt lat="42.35508" lon="-2.394997">
      <ele>549.6</ele>
    </trkpt>
    <trkpt lat="42.354879" lon="-2.395167">
      <ele>550.9</ele>
    </trkpt>
    <trkpt lat="42.354722" lon="-2.395214">
      <ele>551.6</ele>
    </trkpt>
    <trkpt lat="42.354526" lon="-2.3951">
      <ele>552.3</ele>
    </trkpt>
    <trkpt lat="42.352841" lon="-2.393415">
      <ele>549.5</ele>
    </trkpt>
    <trkpt lat="42.352564" lon="-2.393139">
      <ele>549.2</ele>
    </trkpt>
    <trkpt lat="42.352354" lon="-2.39279">
      <ele>548.8</ele>
    </trkpt>
    <trkpt lat="42.352038" lon="-2.392178">
      <ele>548.5</ele>
    </trkpt>
    <trkpt lat="42.351649" lon="-2.391538">
      <ele>547.7</ele>
    </trkpt>
    <trkpt lat="42.35133" lon="-2.391331">
      <ele>546.9</ele>
    </trkpt>
    <trkpt lat="42.351022" lon="-2.391251">
      <ele>546.2</ele>
    </trkpt>
    <trkpt lat="42.350797" lon="-2.391315">
      <ele>545.7</ele>
    </trkpt>
    <trkpt lat="42.350491" lon="-2.391524">
      <ele>545.1</ele>
    </trkpt>
    <trkpt lat="42.349867" lon="-2.392329">
      <ele>544.6</ele>
    </trkpt>
    <trkpt lat="42.34954" lon="-2.392688">
      <ele>545.3</ele>
    </trkpt>
    <trkpt lat="42.349063" lon="-2.392871">
      <ele>546.2</ele>
    </trkpt>
    <trkpt lat="42.348695" lon="-2.393085">
      <ele>546.8</ele>
    </trkpt>
    <trkpt lat="42.34744" lon="-2.39412">
      <ele>546.6</ele>
    </trkpt>
    <trkpt lat="42.34677" lon="-2.39442">
      <ele>546.2</ele>
    </trkpt>
    <trkpt lat="42.344971" lon="-2.394815">
      <ele>547.4</ele>
    </trkpt>
    <trkpt lat="42.344743" lon="-2.395106">
      <ele>547.7</ele>
    </trkpt>
    <trkpt lat="42.344338" lon="-2.396556">
      <ele>548.6</ele>
    </trkpt>
    <trkpt lat="42.344313" lon="-2.397044">
      <ele>548.8</ele>
    </trkpt>
    <trkpt lat="42.344739" lon="-2.398514">
      <ele>550.7</ele>
    </trkpt>
    <trkpt lat="42.34482" lon="-2.398736">
      <ele>551.2</ele>
    </trkpt>
    <trkpt lat="42.344968" lon="-2.398954">
      <ele>551.7</ele>
    </trkpt>
    <trkpt lat="42.345084" lon="-2.399062">
      <ele>552</ele>
    </trkpt>
    <trkpt lat="42.345477" lon="-2.399335">
      <ele>553.1</ele>
    </trkpt>
    <trkpt lat="42.345549" lon="-2.399418">
      <ele>553.3</ele>
    </trkpt>
    <trkpt lat="42.345615" lon="-2.399567">
      <ele>553.6</ele>
    </trkpt>
    <trkpt lat="42.345765" lon="-2.400134">
      <ele>554.9</ele>
    </trkpt>
    <trkpt lat="42.345822" lon="-2.40054">
      <ele>556</ele>
    </trkpt>
    <trkpt lat="42.345809" lon="-2.400754">
      <ele>556.6</ele>
    </trkpt>
    <trkpt lat="42.345756" lon="-2.400938">
      <ele>557.2</ele>
    </trkpt>
    <trkpt lat="42.345632" lon="-2.401171">
      <ele>558.3</ele>
    </trkpt>
    <trkpt lat="42.34548" lon="-2.401329">
      <ele>559.3</ele>
    </trkpt>
    <trkpt lat="42.345318" lon="-2.401429">
      <ele>560.4</ele>
    </trkpt>
    <trkpt lat="42.34507" lon="-2.401481">
      <ele>562</ele>
    </trkpt>
    <trkpt lat="42.343724" lon="-2.401552">
      <ele>569.6</ele>
    </trkpt>
    <trkpt lat="42.343433" lon="-2.401604">
      <ele>570.3</ele>
    </trkpt>
    <trkpt lat="42.342181" lon="-2.402446">
      <ele>571</ele>
    </trkpt>
    <trkpt lat="42.339934" lon="-2.404026">
      <ele>572.5</ele>
    </trkpt>
    <trkpt lat="42.33962" lon="-2.404338">
      <ele>573.6</ele>
    </trkpt>
    <trkpt lat="42.3395" lon="-2.404578">
      <ele>574.4</ele>
    </trkpt>
    <trkpt lat="42.339433" lon="-2.404773">
      <ele>575.2</ele>
    </trkpt>
    <trkpt lat="42.339395" lon="-2.404976">
      <ele>576.2</ele>
    </trkpt>
    <trkpt lat="42.339379" lon="-2.405635">
      <ele>579.2</ele>
    </trkpt>
    <trkpt lat="42.339375" lon="-2.406009">
      <ele>580.7</ele>
    </trkpt>
    <trkpt lat="42.33933" lon="-2.406271">
      <ele>581.6</ele>
    </trkpt>
    <trkpt lat="42.339259" lon="-2.406398">
      <ele>582.1</ele>
    </trkpt>
    <trkpt lat="42.339178" lon="-2.40648">
      <ele>582.5</ele>
    </trkpt>
    <trkpt lat="42.339072" lon="-2.406547">
      <ele>582.9</ele>
    </trkpt>
    <trkpt lat="42.338861" lon="-2.406566">
      <ele>583.5</ele>
    </trkpt>
    <trkpt lat="42.338182" lon="-2.406464">
      <ele>584.4</ele>
    </trkpt>
    <trkpt lat="42.33799" lon="-2.406503">
      <ele>584.4</ele>
    </trkpt>
    <trkpt lat="42.337899" lon="-2.40656">
      <ele>584.4</ele>
    </trkpt>
    <trkpt lat="42.337729" lon="-2.406768">
      <ele>584.5</ele>
    </trkpt>
    <trkpt lat="42.337632" lon="-2.406969">
      <ele>584.7</ele>
    </trkpt>
    <trkpt lat="42.336989" lon="-2.408512">
      <ele>590.1</ele>
    </trkpt>
    <trkpt lat="42.336851" lon="-2.408749">
      <ele>591.2</ele>
    </trkpt>
    <trkpt lat="42.336723" lon="-2.408845">
      <ele>591.9</ele>
    </trkpt>
    <trkpt lat="42.336576" lon="-2.408899">
      <ele>592.5</ele>
    </trkpt>
    <trkpt lat="42.336325" lon="-2.408886">
      <ele>593.5</ele>
    </trkpt>
    <trkpt lat="42.336151" lon="-2.408773">
      <ele>594.1</ele>
    </trkpt>
    <trkpt lat="42.335624" lon="-2.408338">
      <ele>595.5</ele>
    </trkpt>
    <trkpt lat="42.335395" lon="-2.408224">
      <ele>595.5</ele>
    </trkpt>
    <trkpt lat="42.335168" lon="-2.408156">
      <ele>595.4</ele>
    </trkpt>
    <trkpt lat="42.334685" lon="-2.408074">
      <ele>594.6</ele>
    </trkpt>
    <trkpt lat="42.333784" lon="-2.408051">
      <ele>588.4</ele>
    </trkpt>
    <trkpt lat="42.333574" lon="-2.40805">
      <ele>587</ele>
    </trkpt>
    <trkpt lat="42.333235" lon="-2.408207">
      <ele>585.8</ele>
    </trkpt>
    <trkpt lat="42.333067" lon="-2.408443">
      <ele>585.8</ele>
    </trkpt>
    <trkpt lat="42.333026" lon="-2.408593">
      <ele>586</ele>
    </trkpt>
    <trkpt lat="42.332977" lon="-2.408713">
      <ele>586.1</ele>
    </trkpt>
    <trkpt lat="42.332931" lon="-2.409113">
      <ele>587.5</ele>
    </trkpt>
    <trkpt lat="42.332974" lon="-2.409372">
      <ele>589.2</ele>
    </trkpt>
    <trkpt lat="42.333107" lon="-2.409581">
      <ele>591.7</ele>
    </trkpt>
    <trkpt lat="42.333291" lon="-2.409798">
      <ele>595.4</ele>
    </trkpt>
    <trkpt lat="42.33336" lon="-2.409958">
      <ele>597.6</ele>
    </trkpt>
    <trkpt lat="42.333384" lon="-2.41009">
      <ele>599.2</ele>
    </trkpt>
    <trkpt lat="42.333386" lon="-2.410278">
      <ele>601.4</ele>
    </trkpt>
    <trkpt lat="42.333346" lon="-2.410478">
      <ele>603.8</ele>
    </trkpt>
    <trkpt lat="42.333254" lon="-2.410662">
      <ele>606.1</ele>
    </trkpt>
    <trkpt lat="42.333135" lon="-2.410788">
      <ele>607.9</ele>
    </trkpt>
    <trkpt lat="42.332899" lon="-2.410878">
      <ele>610.1</ele>
    </trkpt>
    <trkpt lat="42.332352" lon="-2.410822">
      <ele>613</ele>
    </trkpt>
    <trkpt lat="42.332262" lon="-2.410785">
      <ele>613.3</ele>
    </trkpt>
    <trkpt lat="42.33173" lon="-2.41038">
      <ele>613.4</ele>
    </trkpt>
    <trkpt lat="42.331537" lon="-2.410317">
      <ele>613.2</ele>
    </trkpt>
    <trkpt lat="42.331397" lon="-2.410325">
      <ele>613.1</ele>
    </trkpt>
    <trkpt lat="42.33081" lon="-2.410595">
      <ele>614.3</ele>
    </trkpt>
    <trkpt lat="42.330512" lon="-2.410844">
      <ele>616.9</ele>
    </trkpt>
    <trkpt lat="42.330131" lon="-2.411344">
      <ele>623</ele>
    </trkpt>
    <trkpt lat="42.329837" lon="-2.411876">
      <ele>629.5</ele>
    </trkpt>
    <trkpt lat="42.329668" lon="-2.412066">
      <ele>632.4</ele>
    </trkpt>
    <trkpt lat="42.32951" lon="-2.412149">
      <ele>634.4</ele>
    </trkpt>
    <trkpt lat="42.329427" lon="-2.412159">
      <ele>635.3</ele>
    </trkpt>
    <trkpt lat="42.329329" lon="-2.412141">
      <ele>636.5</ele>
    </trkpt>
    <trkpt lat="42.329239" lon="-2.412077">
      <ele>637.6</ele>
    </trkpt>
    <trkpt lat="42.328738" lon="-2.411634">
      <ele>642.7</ele>
    </trkpt>
    <trkpt lat="42.328611" lon="-2.41155">
      <ele>643.5</ele>
    </trkpt>
    <trkpt lat="42.328448" lon="-2.411512">
      <ele>644.3</ele>
    </trkpt>
    <trkpt lat="42.328078" lon="-2.411493">
      <ele>645.9</ele>
    </trkpt>
    <trkpt lat="42.327942" lon="-2.411447">
      <ele>646.6</ele>
    </trkpt>
    <trkpt lat="42.327781" lon="-2.411331">
      <ele>647.6</ele>
    </trkpt>
    <trkpt lat="42.32756" lon="-2.411097">
      <ele>649.4</ele>
    </trkpt>
    <trkpt lat="42.327382" lon="-2.410995">
      <ele>650.6</ele>
    </trkpt>
    <trkpt lat="42.327195" lon="-2.410956">
      <ele>651.8</ele>
    </trkpt>
    <trkpt lat="42.326904" lon="-2.410958">
      <ele>653.4</ele>
    </trkpt>
    <trkpt lat="42.326644" lon="-2.411073">
      <ele>654.5</ele>
    </trkpt>
    <trkpt lat="42.326501" lon="-2.411068">
      <ele>654.9</ele>
    </trkpt>
    <trkpt lat="42.32643" lon="-2.41102">
      <ele>655.1</ele>
    </trkpt>
    <trkpt lat="42.326341" lon="-2.410905">
      <ele>655.3</ele>
    </trkpt>
    <trkpt lat="42.326228" lon="-2.410704">
      <ele>655.5</ele>
    </trkpt>
    <trkpt lat="42.326052" lon="-2.410236">
      <ele>655</ele>
    </trkpt>
    <trkpt lat="42.325968" lon="-2.410095">
      <ele>654.5</ele>
    </trkpt>
    <trkpt lat="42.325312" lon="-2.409407">
      <ele>651.9</ele>
    </trkpt>
    <trkpt lat="42.325198" lon="-2.409364">
      <ele>651.8</ele>
    </trkpt>
    <trkpt lat="42.325122" lon="-2.409376">
      <ele>651.9</ele>
    </trkpt>
    <trkpt lat="42.325025" lon="-2.409437">
      <ele>652</ele>
    </trkpt>
    <trkpt lat="42.324966" lon="-2.409517">
      <ele>652.3</ele>
    </trkpt>
    <trkpt lat="42.324893" lon="-2.409695">
      <ele>652.9</ele>
    </trkpt>
    <trkpt lat="42.324861" lon="-2.409944">
      <ele>653.9</ele>
    </trkpt>
    <trkpt lat="42.324835" lon="-2.411165">
      <ele>661.6</ele>
    </trkpt>
    <trkpt lat="42.324787" lon="-2.411502">
      <ele>663.3</ele>
    </trkpt>
    <trkpt lat="42.324692" lon="-2.411685">
      <ele>664.6</ele>
    </trkpt>
    <trkpt lat="42.324205" lon="-2.412044">
      <ele>668.5</ele>
    </trkpt>
    <trkpt lat="42.323894" lon="-2.412258">
      <ele>669.1</ele>
    </trkpt>
    <trkpt lat="42.323705" lon="-2.412333">
      <ele>668.8</ele>
    </trkpt>
    <trkpt lat="42.323573" lon="-2.412335">
      <ele>668.4</ele>
    </trkpt>
    <trkpt lat="42.323369" lon="-2.412286">
      <ele>667.5</ele>
    </trkpt>
    <trkpt lat="42.322704" lon="-2.411867">
      <ele>664.2</ele>
    </trkpt>
    <trkpt lat="42.322587" lon="-2.411854">
      <ele>663.7</ele>
    </trkpt>
    <trkpt lat="42.322503" lon="-2.4119">
      <ele>663.2</ele>
    </trkpt>
    <trkpt lat="42.322434" lon="-2.411983">
      <ele>662.6</ele>
    </trkpt>
    <trkpt lat="42.322328" lon="-2.412247">
      <ele>661.6</ele>
    </trkpt>
    <trkpt lat="42.322266" lon="-2.412485">
      <ele>661.1</ele>
    </trkpt>
    <trkpt lat="42.322213" lon="-2.412775">
      <ele>661.2</ele>
    </trkpt>
    <trkpt lat="42.322243" lon="-2.413174">
      <ele>662.1</ele>
    </trkpt>
    <trkpt lat="42.322329" lon="-2.413435">
      <ele>663.4</ele>
    </trkpt>
    <trkpt lat="42.322492" lon="-2.413765">
      <ele>665.8</ele>
    </trkpt>
    <trkpt lat="42.322542" lon="-2.413918">
      <ele>667</ele>
    </trkpt>
    <trkpt lat="42.322553" lon="-2.414038">
      <ele>668</ele>
    </trkpt>
    <trkpt lat="42.322436" lon="-2.416089">
      <ele>684.9</ele>
    </trkpt>
    <trkpt lat="42.322458" lon="-2.416303">
      <ele>686.7</ele>
    </trkpt>
    <trkpt lat="42.32261" lon="-2.417007">
      <ele>692.2</ele>
    </trkpt>
    <trkpt lat="42.322574" lon="-2.417205">
      <ele>693.6</ele>
    </trkpt>
    <trkpt lat="42.322513" lon="-2.417302">
      <ele>694.4</ele>
    </trkpt>
    <trkpt lat="42.322437" lon="-2.417364">
      <ele>695.2</ele>
    </trkpt>
    <trkpt lat="42.322327" lon="-2.417383">
      <ele>696.1</ele>
    </trkpt>
    <trkpt lat="42.32219" lon="-2.417334">
      <ele>697.2</ele>
    </trkpt>
    <trkpt lat="42.321139" lon="-2.416579">
      <ele>699</ele>
    </trkpt>
    <trkpt lat="42.320982" lon="-2.416317">
      <ele>698.1</ele>
    </trkpt>
    <trkpt lat="42.320912" lon="-2.416118">
      <ele>697.4</ele>
    </trkpt>
    <trkpt lat="42.32075" lon="-2.415399">
      <ele>696.6</ele>
    </trkpt>
    <trkpt lat="42.320696" lon="-2.415243">
      <ele>696.8</ele>
    </trkpt>
    <trkpt lat="42.320591" lon="-2.415085">
      <ele>697.2</ele>
    </trkpt>
    <trkpt lat="42.32045" lon="-2.41503">
      <ele>697.9</ele>
    </trkpt>
    <trkpt lat="42.320354" lon="-2.415054">
      <ele>698.6</ele>
    </trkpt>
    <trkpt lat="42.320253" lon="-2.415185">
      <ele>699.7</ele>
    </trkpt>
    <trkpt lat="42.319897" lon="-2.416297">
      <ele>709.4</ele>
    </trkpt>
    <trkpt lat="42.319813" lon="-2.416413">
      <ele>710.7</ele>
    </trkpt>
    <trkpt lat="42.319646" lon="-2.416494">
      <ele>712.5</ele>
    </trkpt>
    <trkpt lat="42.319474" lon="-2.416458">
      <ele>714</ele>
    </trkpt>
    <trkpt lat="42.319347" lon="-2.416345">
      <ele>715.1</ele>
    </trkpt>
    <trkpt lat="42.319138" lon="-2.415823">
      <ele>717.3</ele>
    </trkpt>
    <trkpt lat="42.31905" lon="-2.415649">
      <ele>717.6</ele>
    </trkpt>
    <trkpt lat="42.318968" lon="-2.415559">
      <ele>717.6</ele>
    </trkpt>
    <trkpt lat="42.318923" lon="-2.415532">
      <ele>717.6</ele>
    </trkpt>
    <trkpt lat="42.318773" lon="-2.415551">
      <ele>717.4</ele>
    </trkpt>
    <trkpt lat="42.318554" lon="-2.415817">
      <ele>716.4</ele>
    </trkpt>
    <trkpt lat="42.318378" lon="-2.415922">
      <ele>715.7</ele>
    </trkpt>
    <trkpt lat="42.318277" lon="-2.415927">
      <ele>715.2</ele>
    </trkpt>
    <trkpt lat="42.318191" lon="-2.415901">
      <ele>714.9</ele>
    </trkpt>
    <trkpt lat="42.318052" lon="-2.415802">
      <ele>714.4</ele>
    </trkpt>
    <trkpt lat="42.31787" lon="-2.415394">
      <ele>713.5</ele>
    </trkpt>
    <trkpt lat="42.317766" lon="-2.415264">
      <ele>713.3</ele>
    </trkpt>
    <trkpt lat="42.3177" lon="-2.415231">
      <ele>713.3</ele>
    </trkpt>
    <trkpt lat="42.317573" lon="-2.415232">
      <ele>713.2</ele>
    </trkpt>
    <trkpt lat="42.317436" lon="-2.41534">
      <ele>713.1</ele>
    </trkpt>
    <trkpt lat="42.317217" lon="-2.415667">
      <ele>713.1</ele>
    </trkpt>
    <trkpt lat="42.316875" lon="-2.416101">
      <ele>714.9</ele>
    </trkpt>
    <trkpt lat="42.316823" lon="-2.416191">
      <ele>715.4</ele>
    </trkpt>
    <trkpt lat="42.316701" lon="-2.416565">
      <ele>718</ele>
    </trkpt>
    <trkpt lat="42.316626" lon="-2.416684">
      <ele>719.2</ele>
    </trkpt>
    <trkpt lat="42.316518" lon="-2.416759">
      <ele>720.6</ele>
    </trkpt>
    <trkpt lat="42.316224" lon="-2.416814">
      <ele>724.2</ele>
    </trkpt>
    <trkpt lat="42.316132" lon="-2.416908">
      <ele>725.6</ele>
    </trkpt>
    <trkpt lat="42.316088" lon="-2.417056">
      <ele>727</ele>
    </trkpt>
    <trkpt lat="42.316052" lon="-2.417387">
      <ele>730</ele>
    </trkpt>
    <trkpt lat="42.316025" lon="-2.417483">
      <ele>730.9</ele>
    </trkpt>
    <trkpt lat="42.315931" lon="-2.417624">
      <ele>732.5</ele>
    </trkpt>
    <trkpt lat="42.315371" lon="-2.417833">
      <ele>738.4</ele>
    </trkpt>
    <trkpt lat="42.315257" lon="-2.417801">
      <ele>739.5</ele>
    </trkpt>
    <trkpt lat="42.315073" lon="-2.417653">
      <ele>741.2</ele>
    </trkpt>
    <trkpt lat="42.313904" lon="-2.416218">
      <ele>746.3</ele>
    </trkpt>
    <trkpt lat="42.313422" lon="-2.415734">
      <ele>747.2</ele>
    </trkpt>
    <trkpt lat="42.312919" lon="-2.415306">
      <ele>748.7</ele>
    </trkpt>
    <trkpt lat="42.312177" lon="-2.414353">
      <ele>750.8</ele>
    </trkpt>
    <trkpt lat="42.311819" lon="-2.414079">
      <ele>751.6</ele>
    </trkpt>
    <trkpt lat="42.311429" lon="-2.413385">
      <ele>752.4</ele>
    </trkpt>
    <trkpt lat="42.311257" lon="-2.413164">
      <ele>751.9</ele>
    </trkpt>
    <trkpt lat="42.31113" lon="-2.413112">
      <ele>751.5</ele>
    </trkpt>
    <trkpt lat="42.310845" lon="-2.413129">
      <ele>750.2</ele>
    </trkpt>
    <trkpt lat="42.310705" lon="-2.413045">
      <ele>749.4</ele>
    </trkpt>
    <trkpt lat="42.309944" lon="-2.412113">
      <ele>739</ele>
    </trkpt>
    <trkpt lat="42.309782" lon="-2.41199">
      <ele>736.4</ele>
    </trkpt>
    <trkpt lat="42.309662" lon="-2.411943">
      <ele>734.8</ele>
    </trkpt>
    <trkpt lat="42.309491" lon="-2.411947">
      <ele>732.7</ele>
    </trkpt>
    <trkpt lat="42.309106" lon="-2.412091">
      <ele>729</ele>
    </trkpt>
    <trkpt lat="42.308739" lon="-2.412079">
      <ele>727.2</ele>
    </trkpt>
    <trkpt lat="42.308639" lon="-2.412117">
      <ele>727</ele>
    </trkpt>
    <trkpt lat="42.308497" lon="-2.412327">
      <ele>726.9</ele>
    </trkpt>
    <trkpt lat="42.30844" lon="-2.412536">
      <ele>727.2</ele>
    </trkpt>
    <trkpt lat="42.308413" lon="-2.413041">
      <ele>728.8</ele>
    </trkpt>
    <trkpt lat="42.308366" lon="-2.41331">
      <ele>730.3</ele>
    </trkpt>
    <trkpt lat="42.308281" lon="-2.413502">
      <ele>731.8</ele>
    </trkpt>
    <trkpt lat="42.308101" lon="-2.41381">
      <ele>734.9</ele>
    </trkpt>
    <trkpt lat="42.308062" lon="-2.413946">
      <ele>736.2</ele>
    </trkpt>
    <trkpt lat="42.308042" lon="-2.414108">
      <ele>737.7</ele>
    </trkpt>
    <trkpt lat="42.308055" lon="-2.414491">
      <ele>741.1</ele>
    </trkpt>
    <trkpt lat="42.307811" lon="-2.415403">
      <ele>749.3</ele>
    </trkpt>
    <trkpt lat="42.307753" lon="-2.415551">
      <ele>750.6</ele>
    </trkpt>
    <trkpt lat="42.307661" lon="-2.415663">
      <ele>752</ele>
    </trkpt>
    <trkpt lat="42.307358" lon="-2.415925">
      <ele>756.1</ele>
    </trkpt>
    <trkpt lat="42.307089" lon="-2.416224">
      <ele>759.7</ele>
    </trkpt>
    <trkpt lat="42.306827" lon="-2.41654">
      <ele>763.1</ele>
    </trkpt>
    <trkpt lat="42.306772" lon="-2.416656">
      <ele>764</ele>
    </trkpt>
    <trkpt lat="42.306751" lon="-2.416875">
      <ele>765.5</ele>
    </trkpt>
    <trkpt lat="42.306871" lon="-2.417364">
      <ele>768.9</ele>
    </trkpt>
    <trkpt lat="42.306892" lon="-2.417532">
      <ele>770.1</ele>
    </trkpt>
    <trkpt lat="42.30677" lon="-2.418814">
      <ele>779.6</ele>
    </trkpt>
    <trkpt lat="42.30666" lon="-2.41966">
      <ele>786.4</ele>
    </trkpt>
    <trkpt lat="42.306572" lon="-2.419887">
      <ele>787.9</ele>
    </trkpt>
    <trkpt lat="42.30647" lon="-2.42005">
      <ele>788.9</ele>
    </trkpt>
    <trkpt lat="42.30629" lon="-2.42026">
      <ele>789.8</ele>
    </trkpt>
    <trkpt lat="42.30612" lon="-2.420319">
      <ele>790.2</ele>
    </trkpt>
    <trkpt lat="42.305933" lon="-2.420229">
      <ele>790.1</ele>
    </trkpt>
    <trkpt lat="42.305872" lon="-2.420135">
      <ele>790.1</ele>
    </trkpt>
    <trkpt lat="42.305814" lon="-2.419836">
      <ele>789.6</ele>
    </trkpt>
    <trkpt lat="42.305771" lon="-2.419303">
      <ele>788.4</ele>
    </trkpt>
    <trkpt lat="42.305729" lon="-2.419032">
      <ele>787.7</ele>
    </trkpt>
    <trkpt lat="42.305639" lon="-2.418875">
      <ele>787.3</ele>
    </trkpt>
    <trkpt lat="42.30557" lon="-2.41882">
      <ele>787.1</ele>
    </trkpt>
    <trkpt lat="42.305509" lon="-2.418812">
      <ele>787</ele>
    </trkpt>
    <trkpt lat="42.305432" lon="-2.418827">
      <ele>786.9</ele>
    </trkpt>
    <trkpt lat="42.305369" lon="-2.418879">
      <ele>786.9</ele>
    </trkpt>
    <trkpt lat="42.305157" lon="-2.419205">
      <ele>787.9</ele>
    </trkpt>
    <trkpt lat="42.304757" lon="-2.419596">
      <ele>791.7</ele>
    </trkpt>
    <trkpt lat="42.304683" lon="-2.419697">
      <ele>792.7</ele>
    </trkpt>
    <trkpt lat="42.304481" lon="-2.42025">
      <ele>796.3</ele>
    </trkpt>
    <trkpt lat="42.30436" lon="-2.420334">
      <ele>796.9</ele>
    </trkpt>
    <trkpt lat="42.304168" lon="-2.420326">
      <ele>797.2</ele>
    </trkpt>
    <trkpt lat="42.304041" lon="-2.420159">
      <ele>796.7</ele>
    </trkpt>
    <trkpt lat="42.303963" lon="-2.419887">
      <ele>795.6</ele>
    </trkpt>
    <trkpt lat="42.303897" lon="-2.419522">
      <ele>794.6</ele>
    </trkpt>
    <trkpt lat="42.303867" lon="-2.419003">
      <ele>794.1</ele>
    </trkpt>
    <trkpt lat="42.303839" lon="-2.418907">
      <ele>794.1</ele>
    </trkpt>
    <trkpt lat="42.303764" lon="-2.418836">
      <ele>794.1</ele>
    </trkpt>
    <trkpt lat="42.303637" lon="-2.418787">
      <ele>794.2</ele>
    </trkpt>
    <trkpt lat="42.303531" lon="-2.418796">
      <ele>794.3</ele>
    </trkpt>
    <trkpt lat="42.303405" lon="-2.418889">
      <ele>794.5</ele>
    </trkpt>
    <trkpt lat="42.303072" lon="-2.419354">
      <ele>796.2</ele>
    </trkpt>
    <trkpt lat="42.302928" lon="-2.41943">
      <ele>797</ele>
    </trkpt>
    <trkpt lat="42.302776" lon="-2.419386">
      <ele>797.9</ele>
    </trkpt>
    <trkpt lat="42.302318" lon="-2.41906">
      <ele>800.2</ele>
    </trkpt>
    <trkpt lat="42.302155" lon="-2.419039">
      <ele>799.9</ele>
    </trkpt>
    <trkpt lat="42.301975" lon="-2.419099">
      <ele>798.9</ele>
    </trkpt>
    <trkpt lat="42.301834" lon="-2.419182">
      <ele>797.9</ele>
    </trkpt>
    <trkpt lat="42.301742" lon="-2.41919">
      <ele>797.2</ele>
    </trkpt>
    <trkpt lat="42.301358" lon="-2.418979">
      <ele>794.3</ele>
    </trkpt>
    <trkpt lat="42.301255" lon="-2.418959">
      <ele>793.6</ele>
    </trkpt>
    <trkpt lat="42.301147" lon="-2.418988">
      <ele>792.9</ele>
    </trkpt>
    <trkpt lat="42.301029" lon="-2.41909">
      <ele>792.2</ele>
    </trkpt>
    <trkpt lat="42.300754" lon="-2.419644">
      <ele>790.5</ele>
    </trkpt>
    <trkpt lat="42.30046" lon="-2.42">
      <ele>790.4</ele>
    </trkpt>
    <trkpt lat="42.300205" lon="-2.420382">
      <ele>791.4</ele>
    </trkpt>
    <trkpt lat="42.300102" lon="-2.420467">
      <ele>791.8</ele>
    </trkpt>
    <trkpt lat="42.299541" lon="-2.42064">
      <ele>794.4</ele>
    </trkpt>
    <trkpt lat="42.299066" lon="-2.421159">
      <ele>797.5</ele>
    </trkpt>
    <trkpt lat="42.298386" lon="-2.421733">
      <ele>796.8</ele>
    </trkpt>
    <trkpt lat="42.298207" lon="-2.42179">
      <ele>795.7</ele>
    </trkpt>
    <trkpt lat="42.297855" lon="-2.421584">
      <ele>793</ele>
    </trkpt>
    <trkpt lat="42.297543" lon="-2.421567">
      <ele>789.7</ele>
    </trkpt>
    <trkpt lat="42.29743" lon="-2.421574">
      <ele>788.2</ele>
    </trkpt>
    <trkpt lat="42.297383" lon="-2.421607">
      <ele>787.5</ele>
    </trkpt>
    <trkpt lat="42.297341" lon="-2.421652">
      <ele>786.8</ele>
    </trkpt>
    <trkpt lat="42.297241" lon="-2.421759">
      <ele>785</ele>
    </trkpt>
    <trkpt lat="42.297159" lon="-2.421943">
      <ele>782.8</ele>
    </trkpt>
    <trkpt lat="42.29698" lon="-2.422203">
      <ele>779.8</ele>
    </trkpt>
    <trkpt lat="42.296782" lon="-2.422339">
      <ele>778.2</ele>
    </trkpt>
    <trkpt lat="42.296461" lon="-2.422447">
      <ele>778.1</ele>
    </trkpt>
    <trkpt lat="42.296273" lon="-2.422544">
      <ele>778.6</ele>
    </trkpt>
    <trkpt lat="42.296176" lon="-2.422753">
      <ele>778.9</ele>
    </trkpt>
    <trkpt lat="42.296066" lon="-2.423423">
      <ele>779.7</ele>
    </trkpt>
    <trkpt lat="42.295995" lon="-2.423607">
      <ele>780</ele>
    </trkpt>
    <trkpt lat="42.29585" lon="-2.423733">
      <ele>780.4</ele>
    </trkpt>
    <trkpt lat="42.295677" lon="-2.423771">
      <ele>780.6</ele>
    </trkpt>
    <trkpt lat="42.295154" lon="-2.423601">
      <ele>779.2</ele>
    </trkpt>
    <trkpt lat="42.294917" lon="-2.423622">
      <ele>777.2</ele>
    </trkpt>
    <trkpt lat="42.294548" lon="-2.423726">
      <ele>772.4</ele>
    </trkpt>
    <trkpt lat="42.294397" lon="-2.423719">
      <ele>770.3</ele>
    </trkpt>
    <trkpt lat="42.294235" lon="-2.423611">
      <ele>767.8</ele>
    </trkpt>
    <trkpt lat="42.293915" lon="-2.423271">
      <ele>763</ele>
    </trkpt>
    <trkpt lat="42.293798" lon="-2.423191">
      <ele>761.7</ele>
    </trkpt>
    <trkpt lat="42.293724" lon="-2.423174">
      <ele>761</ele>
    </trkpt>
    <trkpt lat="42.293604" lon="-2.423213">
      <ele>759.8</ele>
    </trkpt>
    <trkpt lat="42.293511" lon="-2.423297">
      <ele>758.9</ele>
    </trkpt>
    <trkpt lat="42.293447" lon="-2.423418">
      <ele>758</ele>
    </trkpt>
    <trkpt lat="42.293" lon="-2.425867">
      <ele>759.5</ele>
    </trkpt>
    <trkpt lat="42.292986" lon="-2.426684">
      <ele>763.3</ele>
    </trkpt>
    <trkpt lat="42.292956" lon="-2.426932">
      <ele>764.5</ele>
    </trkpt>
    <trkpt lat="42.292873" lon="-2.427142">
      <ele>765.4</ele>
    </trkpt>
    <trkpt lat="42.292791" lon="-2.427254">
      <ele>765.9</ele>
    </trkpt>
    <trkpt lat="42.292682" lon="-2.427335">
      <ele>766.3</ele>
    </trkpt>
    <trkpt lat="42.292574" lon="-2.427366">
      <ele>766.6</ele>
    </trkpt>
    <trkpt lat="42.292456" lon="-2.427351">
      <ele>766.7</ele>
    </trkpt>
    <trkpt lat="42.29211" lon="-2.42721">
      <ele>765.9</ele>
    </trkpt>
    <trkpt lat="42.291949" lon="-2.427101">
      <ele>764.9</ele>
    </trkpt>
    <trkpt lat="42.291863" lon="-2.426969">
      <ele>763.9</ele>
    </trkpt>
    <trkpt lat="42.291553" lon="-2.426272">
      <ele>757.2</ele>
    </trkpt>
    <trkpt lat="42.291446" lon="-2.426176">
      <ele>755.3</ele>
    </trkpt>
    <trkpt lat="42.290771" lon="-2.425778">
      <ele>743.1</ele>
    </trkpt>
    <trkpt lat="42.29015" lon="-2.42507">
      <ele>731</ele>
    </trkpt>
    <trkpt lat="42.28998" lon="-2.42502">
      <ele>728.9</ele>
    </trkpt>
    <trkpt lat="42.28989" lon="-2.42504">
      <ele>727.9</ele>
    </trkpt>
    <trkpt lat="42.28979" lon="-2.42518">
      <ele>726.4</ele>
    </trkpt>
    <trkpt lat="42.289288" lon="-2.427399">
      <ele>720</ele>
    </trkpt>
    <trkpt lat="42.289212" lon="-2.427664">
      <ele>720.2</ele>
    </trkpt>
    <trkpt lat="42.289013" lon="-2.42801">
      <ele>720.7</ele>
    </trkpt>
    <trkpt lat="42.288776" lon="-2.428225">
      <ele>721.1</ele>
    </trkpt>
    <trkpt lat="42.28852" lon="-2.428401">
      <ele>721.5</ele>
    </trkpt>
    <trkpt lat="42.288293" lon="-2.428446">
      <ele>721.8</ele>
    </trkpt>
    <trkpt lat="42.287967" lon="-2.428396">
      <ele>721.6</ele>
    </trkpt>
    <trkpt lat="42.287731" lon="-2.428315">
      <ele>720.8</ele>
    </trkpt>
    <trkpt lat="42.28761" lon="-2.42824">
      <ele>720.2</ele>
    </trkpt>
    <trkpt lat="42.287449" lon="-2.428084">
      <ele>719</ele>
    </trkpt>
    <trkpt lat="42.287256" lon="-2.42775">
      <ele>717</ele>
    </trkpt>
    <trkpt lat="42.286991" lon="-2.427296">
      <ele>714</ele>
    </trkpt>
    <trkpt lat="42.286857" lon="-2.427085">
      <ele>712.9</ele>
    </trkpt>
    <trkpt lat="42.286724" lon="-2.426953">
      <ele>712</ele>
    </trkpt>
    <trkpt lat="42.286483" lon="-2.426773">
      <ele>710.8</ele>
    </trkpt>
    <trkpt lat="42.286228" lon="-2.42668">
      <ele>709.8</ele>
    </trkpt>
    <trkpt lat="42.286047" lon="-2.426656">
      <ele>709.7</ele>
    </trkpt>
    <trkpt lat="42.285817" lon="-2.426679">
      <ele>710.1</ele>
    </trkpt>
    <trkpt lat="42.28558" lon="-2.42681">
      <ele>710.9</ele>
    </trkpt>
    <trkpt lat="42.285323" lon="-2.426971">
      <ele>712</ele>
    </trkpt>
    <trkpt lat="42.285184" lon="-2.427093">
      <ele>712.7</ele>
    </trkpt>
    <trkpt lat="42.28504" lon="-2.42722">
      <ele>713.6</ele>
    </trkpt>
    <trkpt lat="42.284879" lon="-2.427385">
      <ele>714.5</ele>
    </trkpt>
    <trkpt lat="42.283871" lon="-2.429019">
      <ele>718.9</ele>
    </trkpt>
    <trkpt lat="42.283352" lon="-2.430274">
      <ele>720.3</ele>
    </trkpt>
    <trkpt lat="42.2827" lon="-2.431576">
      <ele>723.1</ele>
    </trkpt>
    <trkpt lat="42.282307" lon="-2.432187">
      <ele>726.2</ele>
    </trkpt>
    <trkpt lat="42.281619" lon="-2.432863">
      <ele>732.7</ele>
    </trkpt>
    <trkpt lat="42.280682" lon="-2.433272">
      <ele>738.2</ele>
    </trkpt>
    <trkpt lat="42.280522" lon="-2.433289">
      <ele>738.6</ele>
    </trkpt>
    <trkpt lat="42.280387" lon="-2.433267">
      <ele>738.9</ele>
    </trkpt>
    <trkpt lat="42.280121" lon="-2.433136">
      <ele>739.4</ele>
    </trkpt>
    <trkpt lat="42.279749" lon="-2.432847">
      <ele>740</ele>
    </trkpt>
    <trkpt lat="42.279376" lon="-2.432666">
      <ele>740.3</ele>
    </trkpt>
    <trkpt lat="42.279133" lon="-2.43258">
      <ele>740.3</ele>
    </trkpt>
    <trkpt lat="42.278969" lon="-2.432571">
      <ele>740.5</ele>
    </trkpt>
    <trkpt lat="42.278828" lon="-2.432593">
      <ele>740.6</ele>
    </trkpt>
    <trkpt lat="42.278569" lon="-2.432733">
      <ele>740.7</ele>
    </trkpt>
    <trkpt lat="42.278455" lon="-2.43273">
      <ele>740.7</ele>
    </trkpt>
    <trkpt lat="42.278348" lon="-2.432643">
      <ele>740.6</ele>
    </trkpt>
    <trkpt lat="42.27811" lon="-2.43226">
      <ele>740.4</ele>
    </trkpt>
    <trkpt lat="42.27801" lon="-2.432189">
      <ele>740.3</ele>
    </trkpt>
    <trkpt lat="42.277739" lon="-2.432154">
      <ele>739.9</ele>
    </trkpt>
    <trkpt lat="42.277449" lon="-2.432189">
      <ele>739.6</ele>
    </trkpt>
    <trkpt lat="42.277345" lon="-2.432332">
      <ele>739.6</ele>
    </trkpt>
    <trkpt lat="42.277221" lon="-2.432743">
      <ele>739.9</ele>
    </trkpt>
    <trkpt lat="42.276994" lon="-2.433163">
      <ele>741.4</ele>
    </trkpt>
    <trkpt lat="42.276264" lon="-2.434053">
      <ele>747.4</ele>
    </trkpt>
    <trkpt lat="42.275946" lon="-2.434245">
      <ele>749.3</ele>
    </trkpt>
    <trkpt lat="42.275819" lon="-2.434256">
      <ele>749.9</ele>
    </trkpt>
    <trkpt lat="42.275713" lon="-2.434223">
      <ele>750.4</ele>
    </trkpt>
    <trkpt lat="42.27547" lon="-2.433945">
      <ele>751.8</ele>
    </trkpt>
    <trkpt lat="42.275335" lon="-2.433826">
      <ele>752.4</ele>
    </trkpt>
    <trkpt lat="42.275191" lon="-2.433781">
      <ele>752.9</ele>
    </trkpt>
    <trkpt lat="42.275034" lon="-2.433803">
      <ele>753.3</ele>
    </trkpt>
    <trkpt lat="42.274895" lon="-2.433881">
      <ele>753.7</ele>
    </trkpt>
    <trkpt lat="42.274775" lon="-2.433988">
      <ele>754</ele>
    </trkpt>
    <trkpt lat="42.274706" lon="-2.433986">
      <ele>754.1</ele>
    </trkpt>
    <trkpt lat="42.274628" lon="-2.43392">
      <ele>754.3</ele>
    </trkpt>
    <trkpt lat="42.274092" lon="-2.432607">
      <ele>754.2</ele>
    </trkpt>
    <trkpt lat="42.273804" lon="-2.431806">
      <ele>752.2</ele>
    </trkpt>
    <trkpt lat="42.273738" lon="-2.431695">
      <ele>751.9</ele>
    </trkpt>
    <trkpt lat="42.273618" lon="-2.431661">
      <ele>751.5</ele>
    </trkpt>
    <trkpt lat="42.273318" lon="-2.431893">
      <ele>750.4</ele>
    </trkpt>
    <trkpt lat="42.272368" lon="-2.432307">
      <ele>749.1</ele>
    </trkpt>
    <trkpt lat="42.272197" lon="-2.432286">
      <ele>749.2</ele>
    </trkpt>
    <trkpt lat="42.271942" lon="-2.432102">
      <ele>749.5</ele>
    </trkpt>
    <trkpt lat="42.271784" lon="-2.432072">
      <ele>749.8</ele>
    </trkpt>
    <trkpt lat="42.271604" lon="-2.432108">
      <ele>750.2</ele>
    </trkpt>
    <trkpt lat="42.2714" lon="-2.43222">
      <ele>750.7</ele>
    </trkpt>
    <trkpt lat="42.27038" lon="-2.43299">
      <ele>757</ele>
    </trkpt>
    <trkpt lat="42.270247" lon="-2.433063">
      <ele>758</ele>
    </trkpt>
    <trkpt lat="42.269866" lon="-2.433053">
      <ele>760.6</ele>
    </trkpt>
    <trkpt lat="42.269592" lon="-2.432926">
      <ele>762.5</ele>
    </trkpt>
    <trkpt lat="42.269362" lon="-2.432843">
      <ele>763.8</ele>
    </trkpt>
    <trkpt lat="42.269166" lon="-2.432809">
      <ele>764.9</ele>
    </trkpt>
    <trkpt lat="42.268954" lon="-2.432821">
      <ele>765.9</ele>
    </trkpt>
    <trkpt lat="42.268667" lon="-2.432931">
      <ele>767.1</ele>
    </trkpt>
    <trkpt lat="42.268145" lon="-2.433253">
      <ele>768.5</ele>
    </trkpt>
    <trkpt lat="42.2678" lon="-2.43339">
      <ele>769.3</ele>
    </trkpt>
    <trkpt lat="42.265893" lon="-2.433826">
      <ele>775.1</ele>
    </trkpt>
    <trkpt lat="42.265323" lon="-2.4342">
      <ele>775.6</ele>
    </trkpt>
    <trkpt lat="42.265198" lon="-2.434247">
      <ele>775.5</ele>
    </trkpt>
    <trkpt lat="42.265044" lon="-2.434234">
      <ele>775.4</ele>
    </trkpt>
    <trkpt lat="42.264627" lon="-2.434062">
      <ele>775.1</ele>
    </trkpt>
    <trkpt lat="42.26441" lon="-2.43404">
      <ele>774.9</ele>
    </trkpt>
    <trkpt lat="42.264166" lon="-2.434078">
      <ele>774.6</ele>
    </trkpt>
    <trkpt lat="42.263893" lon="-2.434187">
      <ele>774.2</ele>
    </trkpt>
    <trkpt lat="42.263651" lon="-2.434341">
      <ele>774.1</ele>
    </trkpt>
    <trkpt lat="42.262482" lon="-2.435313">
      <ele>775.9</ele>
    </trkpt>
    <trkpt lat="42.262111" lon="-2.435673">
      <ele>775.1</ele>
    </trkpt>
    <trkpt lat="42.261863" lon="-2.435992">
      <ele>774</ele>
    </trkpt>
    <trkpt lat="42.261645" lon="-2.436365">
      <ele>772.5</ele>
    </trkpt>
    <trkpt lat="42.26149" lon="-2.436798">
      <ele>771.1</ele>
    </trkpt>
    <trkpt lat="42.261329" lon="-2.437448">
      <ele>769.6</ele>
    </trkpt>
    <trkpt lat="42.260968" lon="-2.439345">
      <ele>770</ele>
    </trkpt>
    <trkpt lat="42.260858" lon="-2.439727">
      <ele>770.8</ele>
    </trkpt>
    <trkpt lat="42.260694" lon="-2.440057">
      <ele>771.8</ele>
    </trkpt>
    <trkpt lat="42.260088" lon="-2.441003">
      <ele>776.5</ele>
    </trkpt>
    <trkpt lat="42.259923" lon="-2.441193">
      <ele>777.6</ele>
    </trkpt>
    <trkpt lat="42.259689" lon="-2.441332">
      <ele>778.5</ele>
    </trkpt>
    <trkpt lat="42.259457" lon="-2.441376">
      <ele>779.1</ele>
    </trkpt>
    <trkpt lat="42.259223" lon="-2.441321">
      <ele>779.4</ele>
    </trkpt>
    <trkpt lat="42.258203" lon="-2.440728">
      <ele>775.7</ele>
    </trkpt>
    <trkpt lat="42.258" lon="-2.440638">
      <ele>774.4</ele>
    </trkpt>
    <trkpt lat="42.257817" lon="-2.440606">
      <ele>773.4</ele>
    </trkpt>
    <trkpt lat="42.257641" lon="-2.440627">
      <ele>772.5</ele>
    </trkpt>
    <trkpt lat="42.257486" lon="-2.440715">
      <ele>771.7</ele>
    </trkpt>
    <trkpt lat="42.257335" lon="-2.440857">
      <ele>771</ele>
    </trkpt>
    <trkpt lat="42.257217" lon="-2.441047">
      <ele>770.4</ele>
    </trkpt>
    <trkpt lat="42.25714" lon="-2.441246">
      <ele>770</ele>
    </trkpt>
    <trkpt lat="42.256999" lon="-2.441752">
      <ele>769.2</ele>
    </trkpt>
    <trkpt lat="42.256822" lon="-2.442452">
      <ele>768.8</ele>
    </trkpt>
    <trkpt lat="42.256726" lon="-2.442967">
      <ele>768.8</ele>
    </trkpt>
    <trkpt lat="42.256681" lon="-2.443479">
      <ele>768.8</ele>
    </trkpt>
    <trkpt lat="42.256676" lon="-2.444018">
      <ele>768.9</ele>
    </trkpt>
    <trkpt lat="42.256696" lon="-2.444363">
      <ele>769</ele>
    </trkpt>
    <trkpt lat="42.256817" lon="-2.445357">
      <ele>770.2</ele>
    </trkpt>
    <trkpt lat="42.257" lon="-2.446787">
      <ele>772.5</ele>
    </trkpt>
    <trkpt lat="42.257028" lon="-2.44843">
      <ele>773.6</ele>
    </trkpt>
    <trkpt lat="42.257034" lon="-2.448668">
      <ele>773.7</ele>
    </trkpt>
    <trkpt lat="42.257007" lon="-2.449343">
      <ele>774</ele>
    </trkpt>
    <trkpt lat="42.25689" lon="-2.450645">
      <ele>774.6</ele>
    </trkpt>
    <trkpt lat="42.256852" lon="-2.452237">
      <ele>774.9</ele>
    </trkpt>
    <trkpt lat="42.256827" lon="-2.452417">
      <ele>774.8</ele>
    </trkpt>
    <trkpt lat="42.256774" lon="-2.452567">
      <ele>774.8</ele>
    </trkpt>
    <trkpt lat="42.256669" lon="-2.452749">
      <ele>774.7</ele>
    </trkpt>
    <trkpt lat="42.256171" lon="-2.453547">
      <ele>774.7</ele>
    </trkpt>
    <trkpt lat="42.255907" lon="-2.453912">
      <ele>775.6</ele>
    </trkpt>
    <trkpt lat="42.255639" lon="-2.454239">
      <ele>776.8</ele>
    </trkpt>
    <trkpt lat="42.255412" lon="-2.454455">
      <ele>777.4</ele>
    </trkpt>
    <trkpt lat="42.255085" lon="-2.454707">
      <ele>778.4</ele>
    </trkpt>
    <trkpt lat="42.254946" lon="-2.454733">
      <ele>778.7</ele>
    </trkpt>
    <trkpt lat="42.254683" lon="-2.454575">
      <ele>779.4</ele>
    </trkpt>
    <trkpt lat="42.253538" lon="-2.454589">
      <ele>783.7</ele>
    </trkpt>
    <trkpt lat="42.253336" lon="-2.454658">
      <ele>785.2</ele>
    </trkpt>
    <trkpt lat="42.252574" lon="-2.455177">
      <ele>792.6</ele>
    </trkpt>
    <trkpt lat="42.252432" lon="-2.455222">
      <ele>794</ele>
    </trkpt>
    <trkpt lat="42.251892" lon="-2.455157">
      <ele>798.2</ele>
    </trkpt>
    <trkpt lat="42.251192" lon="-2.454938">
      <ele>800</ele>
    </trkpt>
    <trkpt lat="42.251013" lon="-2.454828">
      <ele>799.9</ele>
    </trkpt>
    <trkpt lat="42.250109" lon="-2.453849">
      <ele>795.9</ele>
    </trkpt>
    <trkpt lat="42.250029" lon="-2.453791">
      <ele>795.5</ele>
    </trkpt>
    <trkpt lat="42.249503" lon="-2.453569">
      <ele>793.4</ele>
    </trkpt>
    <trkpt lat="42.248906" lon="-2.453591">
      <ele>791.8</ele>
    </trkpt>
    <trkpt lat="42.248076" lon="-2.453359">
      <ele>790.4</ele>
    </trkpt>
    <trkpt lat="42.247921" lon="-2.453342">
      <ele>790.2</ele>
    </trkpt>
    <trkpt lat="42.247607" lon="-2.453447">
      <ele>789.8</ele>
    </trkpt>
    <trkpt lat="42.247411" lon="-2.453672">
      <ele>789.5</ele>
    </trkpt>
    <trkpt lat="42.247296" lon="-2.454158">
      <ele>789.4</ele>
    </trkpt>
    <trkpt lat="42.247167" lon="-2.454478">
      <ele>789.4</ele>
    </trkpt>
    <trkpt lat="42.245374" lon="-2.458485">
      <ele>793.8</ele>
    </trkpt>
    <trkpt lat="42.2452" lon="-2.458804">
      <ele>794.1</ele>
    </trkpt>
    <trkpt lat="42.24507" lon="-2.458956">
      <ele>794.2</ele>
    </trkpt>
    <trkpt lat="42.244814" lon="-2.459183">
      <ele>794.3</ele>
    </trkpt>
    <trkpt lat="42.243786" lon="-2.460021">
      <ele>794.8</ele>
    </trkpt>
    <trkpt lat="42.243537" lon="-2.460361">
      <ele>794.9</ele>
    </trkpt>
    <trkpt lat="42.242801" lon="-2.461658">
      <ele>796</ele>
    </trkpt>
    <trkpt lat="42.242696" lon="-2.461994">
      <ele>796.5</ele>
    </trkpt>
    <trkpt lat="42.242629" lon="-2.462621">
      <ele>797.2</ele>
    </trkpt>
    <trkpt lat="42.242565" lon="-2.463203">
      <ele>798</ele>
    </trkpt>
    <trkpt lat="42.242459" lon="-2.463636">
      <ele>798.7</ele>
    </trkpt>
    <trkpt lat="42.240879" lon="-2.46696">
      <ele>802.6</ele>
    </trkpt>
    <trkpt lat="42.24075" lon="-2.46716">
      <ele>802.9</ele>
    </trkpt>
    <trkpt lat="42.240173" lon="-2.467878">
      <ele>804.2</ele>
    </trkpt>
    <trkpt lat="42.239686" lon="-2.469035">
      <ele>806.2</ele>
    </trkpt>
    <trkpt lat="42.239532" lon="-2.469188">
      <ele>806.5</ele>
    </trkpt>
    <trkpt lat="42.238543" lon="-2.469857">
      <ele>807.3</ele>
    </trkpt>
    <trkpt lat="42.237907" lon="-2.470015">
      <ele>807.8</ele>
    </trkpt>
    <trkpt lat="42.237732" lon="-2.470109">
      <ele>808.1</ele>
    </trkpt>
    <trkpt lat="42.236307" lon="-2.471283">
      <ele>814.4</ele>
    </trkpt>
    <trkpt lat="42.235395" lon="-2.472072">
      <ele>818.1</ele>
    </trkpt>
    <trkpt lat="42.23514" lon="-2.472166">
      <ele>818.5</ele>
    </trkpt>
    <trkpt lat="42.2344" lon="-2.47236">
      <ele>818.6</ele>
    </trkpt>
    <trkpt lat="42.233894" lon="-2.472338">
      <ele>817.9</ele>
    </trkpt>
    <trkpt lat="42.233331" lon="-2.472214">
      <ele>817</ele>
    </trkpt>
    <trkpt lat="42.233071" lon="-2.472176">
      <ele>816.7</ele>
    </trkpt>
    <trkpt lat="42.232892" lon="-2.472186">
      <ele>816.5</ele>
    </trkpt>
    <trkpt lat="42.23256" lon="-2.472352">
      <ele>816.1</ele>
    </trkpt>
    <trkpt lat="42.23184" lon="-2.47302">
      <ele>815.3</ele>
    </trkpt>
    <trkpt lat="42.23136" lon="-2.4733">
      <ele>815.6</ele>
    </trkpt>
    <trkpt lat="42.231101" lon="-2.473504">
      <ele>816.1</ele>
    </trkpt>
    <trkpt lat="42.23103" lon="-2.47358">
      <ele>816.2</ele>
    </trkpt>
    <trkpt lat="42.230959" lon="-2.473714">
      <ele>816.4</ele>
    </trkpt>
    <trkpt lat="42.230933" lon="-2.47387">
      <ele>816.7</ele>
    </trkpt>
    <trkpt lat="42.231034" lon="-2.47438">
      <ele>817.4</ele>
    </trkpt>
    <trkpt lat="42.230952" lon="-2.474583">
      <ele>817.7</ele>
    </trkpt>
    <trkpt lat="42.230253" lon="-2.475321">
      <ele>818.9</ele>
    </trkpt>
    <trkpt lat="42.229778" lon="-2.475993">
      <ele>819.3</ele>
    </trkpt>
    <trkpt lat="42.22927" lon="-2.47671">
      <ele>820.4</ele>
    </trkpt>
    <trkpt lat="42.22865" lon="-2.47803">
      <ele>824.4</ele>
    </trkpt>
    <trkpt lat="42.22814" lon="-2.4788">
      <ele>827.3</ele>
    </trkpt>
    <trkpt lat="42.22796" lon="-2.47927">
      <ele>828.3</ele>
    </trkpt>
    <trkpt lat="42.22775" lon="-2.47948">
      <ele>828.7</ele>
    </trkpt>
    <trkpt lat="42.226757" lon="-2.480122">
      <ele>828.9</ele>
    </trkpt>
    <trkpt lat="42.226008" lon="-2.480731">
      <ele>829.5</ele>
    </trkpt>
    <trkpt lat="42.225801" lon="-2.481">
      <ele>829.9</ele>
    </trkpt>
    <trkpt lat="42.225684" lon="-2.481088">
      <ele>830.2</ele>
    </trkpt>
    <trkpt lat="42.225419" lon="-2.481204">
      <ele>831</ele>
    </trkpt>
    <trkpt lat="42.224854" lon="-2.481345">
      <ele>833.1</ele>
    </trkpt>
    <trkpt lat="42.224457" lon="-2.481439">
      <ele>834.3</ele>
    </trkpt>
    <trkpt lat="42.224359" lon="-2.481431">
      <ele>834.4</ele>
    </trkpt>
    <trkpt lat="42.224263" lon="-2.481403">
      <ele>834.6</ele>
    </trkpt>
    <trkpt lat="42.223683" lon="-2.481065">
      <ele>835.4</ele>
    </trkpt>
    <trkpt lat="42.222479" lon="-2.480758">
      <ele>835.2</ele>
    </trkpt>
    <trkpt lat="42.221663" lon="-2.480442">
      <ele>835.6</ele>
    </trkpt>
    <trkpt lat="42.221634" lon="-2.480431">
      <ele>835.6</ele>
    </trkpt>
    <trkpt lat="42.221513" lon="-2.480387">
      <ele>835.6</ele>
    </trkpt>
    <trkpt lat="42.221212" lon="-2.48027">
      <ele>835.6</ele>
    </trkpt>
    <trkpt lat="42.22099" lon="-2.480219">
      <ele>835.7</ele>
    </trkpt>
    <trkpt lat="42.22084" lon="-2.480239">
      <ele>835.7</ele>
    </trkpt>
    <trkpt lat="42.220642" lon="-2.480381">
      <ele>835.7</ele>
    </trkpt>
    <trkpt lat="42.219518" lon="-2.48216">
      <ele>837.2</ele>
    </trkpt>
    <trkpt lat="42.219431" lon="-2.482341">
      <ele>837.5</ele>
    </trkpt>
    <trkpt lat="42.219374" lon="-2.4825">
      <ele>837.9</ele>
    </trkpt>
    <trkpt lat="42.219297" lon="-2.482964">
      <ele>838.8</ele>
    </trkpt>
    <trkpt lat="42.21924" lon="-2.483147">
      <ele>839.1</ele>
    </trkpt>
    <trkpt lat="42.219031" lon="-2.483444">
      <ele>839.9</ele>
    </trkpt>
    <trkpt lat="42.218961" lon="-2.483603">
      <ele>840.2</ele>
    </trkpt>
    <trkpt lat="42.218965" lon="-2.483832">
      <ele>840.5</ele>
    </trkpt>
    <trkpt lat="42.219052" lon="-2.484214">
      <ele>841.1</ele>
    </trkpt>
    <trkpt lat="42.219081" lon="-2.484481">
      <ele>841.4</ele>
    </trkpt>
    <trkpt lat="42.219049" lon="-2.48503">
      <ele>842.2</ele>
    </trkpt>
    <trkpt lat="42.218977" lon="-2.485329">
      <ele>842.5</ele>
    </trkpt>
    <trkpt lat="42.218581" lon="-2.485985">
      <ele>843.3</ele>
    </trkpt>
    <trkpt lat="42.217987" lon="-2.486645">
      <ele>844.4</ele>
    </trkpt>
    <trkpt lat="42.217854" lon="-2.486833">
      <ele>844.8</ele>
    </trkpt>
    <trkpt lat="42.217659" lon="-2.487333">
      <ele>845.6</ele>
    </trkpt>
    <trkpt lat="42.217498" lon="-2.487865">
      <ele>846.6</ele>
    </trkpt>
    <trkpt lat="42.217488" lon="-2.488093">
      <ele>847</ele>
    </trkpt>
    <trkpt lat="42.217575" lon="-2.488574">
      <ele>847.6</ele>
    </trkpt>
    <trkpt lat="42.217593" lon="-2.488896">
      <ele>848.1</ele>
    </trkpt>
    <trkpt lat="42.217561" lon="-2.489355">
      <ele>848.5</ele>
    </trkpt>
    <trkpt lat="42.217487" lon="-2.489616">
      <ele>848.7</ele>
    </trkpt>
    <trkpt lat="42.21728" lon="-2.489973">
      <ele>848.9</ele>
    </trkpt>
    <trkpt lat="42.217066" lon="-2.490234">
      <ele>849</ele>
    </trkpt>
    <trkpt lat="42.217029" lon="-2.490276">
      <ele>849</ele>
    </trkpt>
    <trkpt lat="42.216938" lon="-2.490369">
      <ele>849</ele>
    </trkpt>
    <trkpt lat="42.216902" lon="-2.490406">
      <ele>849.1</ele>
    </trkpt>
    <trkpt lat="42.216709" lon="-2.490617">
      <ele>849.2</ele>
    </trkpt>
    <trkpt lat="42.216126" lon="-2.491261">
      <ele>850.5</ele>
    </trkpt>
    <trkpt lat="42.216008" lon="-2.491425">
      <ele>851</ele>
    </trkpt>
    <trkpt lat="42.215797" lon="-2.491809">
      <ele>852.5</ele>
    </trkpt>
    <trkpt lat="42.215592" lon="-2.492262">
      <ele>854.4</ele>
    </trkpt>
    <trkpt lat="42.215519" lon="-2.492578">
      <ele>855.7</ele>
    </trkpt>
    <trkpt lat="42.215457" lon="-2.493005">
      <ele>857.2</ele>
    </trkpt>
    <trkpt lat="42.215334" lon="-2.493372">
      <ele>858.4</ele>
    </trkpt>
    <trkpt lat="42.215259" lon="-2.493525">
      <ele>858.8</ele>
    </trkpt>
    <trkpt lat="42.215074" lon="-2.493797">
      <ele>859.5</ele>
    </trkpt>
    <trkpt lat="42.214929" lon="-2.49393">
      <ele>859.8</ele>
    </trkpt>
    <trkpt lat="42.214557" lon="-2.494143">
      <ele>860</ele>
    </trkpt>
    <trkpt lat="42.21348" lon="-2.494855">
      <ele>859.2</ele>
    </trkpt>
    <trkpt lat="42.213259" lon="-2.495103">
      <ele>859.4</ele>
    </trkpt>
    <trkpt lat="42.21261" lon="-2.496091">
      <ele>861</ele>
    </trkpt>
    <trkpt lat="42.2125" lon="-2.496415">
      <ele>861.6</ele>
    </trkpt>
    <trkpt lat="42.211714" lon="-2.499699">
      <ele>867.4</ele>
    </trkpt>
    <trkpt lat="42.211647" lon="-2.499909">
      <ele>867.8</ele>
    </trkpt>
    <trkpt lat="42.211441" lon="-2.500329">
      <ele>868.5</ele>
    </trkpt>
    <trkpt lat="42.210877" lon="-2.501026">
      <ele>869.8</ele>
    </trkpt>
    <trkpt lat="42.210808" lon="-2.50114">
      <ele>869.9</ele>
    </trkpt>
    <trkpt lat="42.210713" lon="-2.501386">
      <ele>870.3</ele>
    </trkpt>
    <trkpt lat="42.210624" lon="-2.501833">
      <ele>870.9</ele>
    </trkpt>
    <trkpt lat="42.210584" lon="-2.502174">
      <ele>871.4</ele>
    </trkpt>
    <trkpt lat="42.210529" lon="-2.50364">
      <ele>873.7</ele>
    </trkpt>
    <trkpt lat="42.210475" lon="-2.503965">
      <ele>874</ele>
    </trkpt>
    <trkpt lat="42.210399" lon="-2.504177">
      <ele>874.2</ele>
    </trkpt>
    <trkpt lat="42.210266" lon="-2.504407">
      <ele>874.4</ele>
    </trkpt>
    <trkpt lat="42.210152" lon="-2.504521">
      <ele>874.5</ele>
    </trkpt>
    <trkpt lat="42.210028" lon="-2.504524">
      <ele>874.7</ele>
    </trkpt>
    <trkpt lat="42.209866" lon="-2.504483">
      <ele>874.9</ele>
    </trkpt>
    <trkpt lat="42.209722" lon="-2.504479">
      <ele>875</ele>
    </trkpt>
    <trkpt lat="42.209631" lon="-2.504513">
      <ele>875.2</ele>
    </trkpt>
    <trkpt lat="42.207972" lon="-2.505226">
      <ele>878.7</ele>
    </trkpt>
    <trkpt lat="42.207715" lon="-2.505422">
      <ele>879.4</ele>
    </trkpt>
    <trkpt lat="42.205838" lon="-2.507155">
      <ele>886.3</ele>
    </trkpt>
    <trkpt lat="42.205694" lon="-2.507246">
      <ele>887.3</ele>
    </trkpt>
    <trkpt lat="42.205459" lon="-2.507332">
      <ele>888.8</ele>
    </trkpt>
    <trkpt lat="42.205171" lon="-2.507376">
      <ele>890.4</ele>
    </trkpt>
    <trkpt lat="42.205008" lon="-2.507353">
      <ele>891.2</ele>
    </trkpt>
    <trkpt lat="42.204863" lon="-2.507284">
      <ele>891.9</ele>
    </trkpt>
    <trkpt lat="42.204748" lon="-2.507279">
      <ele>892.5</ele>
    </trkpt>
    <trkpt lat="42.204594" lon="-2.507414">
      <ele>893.2</ele>
    </trkpt>
    <trkpt lat="42.204413" lon="-2.507774">
      <ele>894.4</ele>
    </trkpt>
    <trkpt lat="42.204176" lon="-2.508433">
      <ele>895.8</ele>
    </trkpt>
    <trkpt lat="42.204037" lon="-2.50873">
      <ele>896</ele>
    </trkpt>
    <trkpt lat="42.203868" lon="-2.508965">
      <ele>896.1</ele>
    </trkpt>
    <trkpt lat="42.20281" lon="-2.509504">
      <ele>899.4</ele>
    </trkpt>
    <trkpt lat="42.202361" lon="-2.509764">
      <ele>902</ele>
    </trkpt>
    <trkpt lat="42.201898" lon="-2.51014">
      <ele>904.9</ele>
    </trkpt>
    <trkpt lat="42.20147" lon="-2.510557">
      <ele>907.3</ele>
    </trkpt>
    <trkpt lat="42.201261" lon="-2.510828">
      <ele>908.2</ele>
    </trkpt>
    <trkpt lat="42.199403" lon="-2.513966">
      <ele>909.9</ele>
    </trkpt>
    <trkpt lat="42.197266" lon="-2.517598">
      <ele>915.4</ele>
    </trkpt>
    <trkpt lat="42.196775" lon="-2.51828">
      <ele>916.2</ele>
    </trkpt>
    <trkpt lat="42.196639" lon="-2.518624">
      <ele>916.4</ele>
    </trkpt>
    <trkpt lat="42.196577" lon="-2.518966">
      <ele>916.7</ele>
    </trkpt>
    <trkpt lat="42.196611" lon="-2.519471">
      <ele>917.3</ele>
    </trkpt>
    <trkpt lat="42.196458" lon="-2.519834">
      <ele>918</ele>
    </trkpt>
    <trkpt lat="42.196359" lon="-2.520029">
      <ele>918.5</ele>
    </trkpt>
    <trkpt lat="42.196092" lon="-2.520705">
      <ele>920.7</ele>
    </trkpt>
    <trkpt lat="42.195559" lon="-2.522071">
      <ele>926.9</ele>
    </trkpt>
    <trkpt lat="42.193902" lon="-2.526226">
      <ele>939.5</ele>
    </trkpt>
    <trkpt lat="42.193701" lon="-2.526692">
      <ele>940.1</ele>
    </trkpt>
    <trkpt lat="42.193547" lon="-2.526928">
      <ele>940.5</ele>
    </trkpt>
    <trkpt lat="42.193237" lon="-2.527288">
      <ele>941.2</ele>
    </trkpt>
    <trkpt lat="42.193004" lon="-2.527469">
      <ele>942.1</ele>
    </trkpt>
    <trkpt lat="42.192712" lon="-2.527531">
      <ele>943.7</ele>
    </trkpt>
    <trkpt lat="42.19235" lon="-2.527443">
      <ele>946.1</ele>
    </trkpt>
    <trkpt lat="42.192086" lon="-2.527419">
      <ele>947.7</ele>
    </trkpt>
    <trkpt lat="42.191706" lon="-2.527439">
      <ele>949.3</ele>
    </trkpt>
    <trkpt lat="42.191549" lon="-2.527518">
      <ele>949.8</ele>
    </trkpt>
    <trkpt lat="42.191331" lon="-2.527772">
      <ele>950.6</ele>
    </trkpt>
    <trkpt lat="42.191229" lon="-2.528011">
      <ele>951</ele>
    </trkpt>
    <trkpt lat="42.191073" lon="-2.528276">
      <ele>951.5</ele>
    </trkpt>
    <trkpt lat="42.19089" lon="-2.528469">
      <ele>951.7</ele>
    </trkpt>
    <trkpt lat="42.190766" lon="-2.528544">
      <ele>951.9</ele>
    </trkpt>
    <trkpt lat="42.19066" lon="-2.528564">
      <ele>952</ele>
    </trkpt>
    <trkpt lat="42.190296" lon="-2.528556">
      <ele>951.9</ele>
    </trkpt>
    <trkpt lat="42.190133" lon="-2.528582">
      <ele>951.7</ele>
    </trkpt>
    <trkpt lat="42.189786" lon="-2.528707">
      <ele>951.2</ele>
    </trkpt>
    <trkpt lat="42.189657" lon="-2.5288">
      <ele>951.1</ele>
    </trkpt>
    <trkpt lat="42.189578" lon="-2.528892">
      <ele>951</ele>
    </trkpt>
    <trkpt lat="42.189119" lon="-2.529535">
      <ele>949.9</ele>
    </trkpt>
    <trkpt lat="42.188973" lon="-2.529645">
      <ele>949.5</ele>
    </trkpt>
    <trkpt lat="42.188693" lon="-2.529781">
      <ele>948.9</ele>
    </trkpt>
    <trkpt lat="42.188594" lon="-2.529952">
      <ele>948.7</ele>
    </trkpt>
    <trkpt lat="42.188556" lon="-2.530048">
      <ele>948.6</ele>
    </trkpt>
    <trkpt lat="42.188349" lon="-2.530482">
      <ele>948.7</ele>
    </trkpt>
    <trkpt lat="42.186884" lon="-2.532378">
      <ele>956.3</ele>
    </trkpt>
    <trkpt lat="42.185348" lon="-2.533824">
      <ele>963.7</ele>
    </trkpt>
    <trkpt lat="42.185046" lon="-2.534046">
      <ele>965.1</ele>
    </trkpt>
    <trkpt lat="42.18491" lon="-2.534127">
      <ele>965.5</ele>
    </trkpt>
    <trkpt lat="42.184629" lon="-2.53423">
      <ele>966.3</ele>
    </trkpt>
    <trkpt lat="42.184581" lon="-2.534294">
      <ele>966.4</ele>
    </trkpt>
    <trkpt lat="42.184487" lon="-2.534647">
      <ele>967.2</ele>
    </trkpt>
    <trkpt lat="42.184459" lon="-2.534692">
      <ele>967.4</ele>
    </trkpt>
    <trkpt lat="42.184348" lon="-2.534765">
      <ele>967.7</ele>
    </trkpt>
    <trkpt lat="42.184048" lon="-2.534887">
      <ele>968.5</ele>
    </trkpt>
    <trkpt lat="42.181865" lon="-2.535691">
      <ele>977.7</ele>
    </trkpt>
    <trkpt lat="42.181781" lon="-2.535744">
      <ele>978</ele>
    </trkpt>
    <trkpt lat="42.181613" lon="-2.535951">
      <ele>978.6</ele>
    </trkpt>
    <trkpt lat="42.181573" lon="-2.535971">
      <ele>978.8</ele>
    </trkpt>
    <trkpt lat="42.181488" lon="-2.535967">
      <ele>979</ele>
    </trkpt>
    <trkpt lat="42.181444" lon="-2.535936">
      <ele>979.2</ele>
    </trkpt>
    <trkpt lat="42.181322" lon="-2.535733">
      <ele>979.8</ele>
    </trkpt>
    <trkpt lat="42.181207" lon="-2.535604">
      <ele>980.3</ele>
    </trkpt>
    <trkpt lat="42.181009" lon="-2.535525">
      <ele>981.1</ele>
    </trkpt>
    <trkpt lat="42.180887" lon="-2.535517">
      <ele>981.5</ele>
    </trkpt>
    <trkpt lat="42.180762" lon="-2.535549">
      <ele>982</ele>
    </trkpt>
    <trkpt lat="42.180683" lon="-2.535604">
      <ele>982.3</ele>
    </trkpt>
    <trkpt lat="42.179892" lon="-2.536713">
      <ele>988.6</ele>
    </trkpt>
    <trkpt lat="42.179796" lon="-2.536953">
      <ele>990.2</ele>
    </trkpt>
    <trkpt lat="42.179678" lon="-2.537554">
      <ele>993.7</ele>
    </trkpt>
    <trkpt lat="42.179611" lon="-2.537778">
      <ele>995.1</ele>
    </trkpt>
    <trkpt lat="42.179515" lon="-2.537923">
      <ele>996.2</ele>
    </trkpt>
    <trkpt lat="42.178747" lon="-2.538517">
      <ele>1002.8</ele>
    </trkpt>
    <trkpt lat="42.178443" lon="-2.538937">
      <ele>1006</ele>
    </trkpt>
    <trkpt lat="42.178215" lon="-2.539323">
      <ele>1008.9</ele>
    </trkpt>
    <trkpt lat="42.178041" lon="-2.539434">
      <ele>1010.5</ele>
    </trkpt>
    <trkpt lat="42.177836" lon="-2.539467">
      <ele>1012.1</ele>
    </trkpt>
    <trkpt lat="42.177589" lon="-2.539515">
      <ele>1013.9</ele>
    </trkpt>
    <trkpt lat="42.177365" lon="-2.539638">
      <ele>1015.5</ele>
    </trkpt>
    <trkpt lat="42.177113" lon="-2.539849">
      <ele>1017.5</ele>
    </trkpt>
    <trkpt lat="42.176914" lon="-2.540028">
      <ele>1018.9</ele>
    </trkpt>
    <trkpt lat="42.176725" lon="-2.540195">
      <ele>1020</ele>
    </trkpt>
    <trkpt lat="42.176695" lon="-2.540221">
      <ele>1020.2</ele>
    </trkpt>
    <trkpt lat="42.176322" lon="-2.540558">
      <ele>1022.6</ele>
    </trkpt>
    <trkpt lat="42.175879" lon="-2.540964">
      <ele>1024.9</ele>
    </trkpt>
    <trkpt lat="42.175431" lon="-2.541363">
      <ele>1026.6</ele>
    </trkpt>
    <trkpt lat="42.175225" lon="-2.541551">
      <ele>1027.2</ele>
    </trkpt>
    <trkpt lat="42.174757" lon="-2.541969">
      <ele>1027.6</ele>
    </trkpt>
    <trkpt lat="42.174592" lon="-2.542119">
      <ele>1027.2</ele>
    </trkpt>
    <trkpt lat="42.174532" lon="-2.542174">
      <ele>1026.9</ele>
    </trkpt>
    <trkpt lat="42.174386" lon="-2.542307">
      <ele>1026.3</ele>
    </trkpt>
    <trkpt lat="42.173963" lon="-2.542704">
      <ele>1024.5</ele>
    </trkpt>
    <trkpt lat="42.173882" lon="-2.542637">
      <ele>1024.2</ele>
    </trkpt>
    <trkpt lat="42.173794" lon="-2.542738">
      <ele>1023.9</ele>
    </trkpt>
    </trkseg>
  </trk>
</gpx>
