<?xml version="1.0" encoding="UTF-8"?>
<gpx version="1.1" creator="fitAI Komoot downloader" xmlns="http://www.topografix.com/GPX/1/1">
  <metadata>
    <name>Puente de Santo Domingo y Puente sobre el río Duero - Recorrido circular desde Comunero de Revenga</name>
    <desc>181 visitas · Dificultad: difficult · Distancia: 77.5 km · Desnivel +: 1446 m</desc>
    <link href="https://www.komoot.com/smarttour/e40326752"><text>Komoot</text></link>
  </metadata>
  <trk>
    <name>Puente de Santo Domingo y Puente sobre el río Duero - Recorrido circular desde Comunero de Revenga</name>
    <type>mtb</type>
    <trkseg>
    <trkpt lat="41.958167" lon="-3.012795">
      <ele>1099.7</ele>
    </trkpt>
    <trkpt lat="41.958035" lon="-3.012941">
      <ele>1099.6</ele>
    </trkpt>
    <trkpt lat="41.957955" lon="-3.013016">
      <ele>1099.5</ele>
    </trkpt>
    <trkpt lat="41.957354" lon="-3.01357">
      <ele>1098.9</ele>
    </trkpt>
    <trkpt lat="41.957161" lon="-3.013671">
      <ele>1098.7</ele>
    </trkpt>
    <trkpt lat="41.957103" lon="-3.013785">
      <ele>1098.6</ele>
    </trkpt>
    <trkpt lat="41.956794" lon="-3.014087">
      <ele>1098.3</ele>
    </trkpt>
    <trkpt lat="41.956751" lon="-3.014236">
      <ele>1098.3</ele>
    </trkpt>
    <trkpt lat="41.956683" lon="-3.014196">
      <ele>1098.3</ele>
    </trkpt>
    <trkpt lat="41.956399" lon="-3.01404">
      <ele>1098.5</ele>
    </trkpt>
    <trkpt lat="41.956162" lon="-3.013952">
      <ele>1098.7</ele>
    </trkpt>
    <trkpt lat="41.955918" lon="-3.013883">
      <ele>1099.1</ele>
    </trkpt>
    <trkpt lat="41.955387" lon="-3.013843">
      <ele>1100.1</ele>
    </trkpt>
    <trkpt lat="41.955021" lon="-3.013889">
      <ele>1101.1</ele>
    </trkpt>
    <trkpt lat="41.954017" lon="-3.01409">
      <ele>1103.1</ele>
    </trkpt>
    <trkpt lat="41.953853" lon="-3.014091">
      <ele>1103.1</ele>
    </trkpt>
    <trkpt lat="41.95355" lon="-3.014005">
      <ele>1103</ele>
    </trkpt>
    <trkpt lat="41.953272" lon="-3.013819">
      <ele>1102.8</ele>
    </trkpt>
    <trkpt lat="41.953063" lon="-3.013582">
      <ele>1102.4</ele>
    </trkpt>
    <trkpt lat="41.952971" lon="-3.01344">
      <ele>1102.2</ele>
    </trkpt>
    <trkpt lat="41.952788" lon="-3.012981">
      <ele>1101.7</ele>
    </trkpt>
    <trkpt lat="41.952546" lon="-3.012113">
      <ele>1101.5</ele>
    </trkpt>
    <trkpt lat="41.952229" lon="-3.010951">
      <ele>1102.2</ele>
    </trkpt>
    <trkpt lat="41.951907" lon="-3.010345">
      <ele>1102.9</ele>
    </trkpt>
    <trkpt lat="41.951808" lon="-3.009989">
      <ele>1103.3</ele>
    </trkpt>
    <trkpt lat="41.951785" lon="-3.009791">
      <ele>1103.5</ele>
    </trkpt>
    <trkpt lat="41.951796" lon="-3.009434">
      <ele>1103.8</ele>
    </trkpt>
    <trkpt lat="41.952053" lon="-3.008563">
      <ele>1104.5</ele>
    </trkpt>
    <trkpt lat="41.952105" lon="-3.007808">
      <ele>1104.5</ele>
    </trkpt>
    <trkpt lat="41.952106" lon="-3.007304">
      <ele>1103.9</ele>
    </trkpt>
    <trkpt lat="41.952054" lon="-3.006811">
      <ele>1103.3</ele>
    </trkpt>
    <trkpt lat="41.951937" lon="-3.006459">
      <ele>1102.8</ele>
    </trkpt>
    <trkpt lat="41.951836" lon="-3.006287">
      <ele>1102.5</ele>
    </trkpt>
    <trkpt lat="41.95165" lon="-3.006072">
      <ele>1102.3</ele>
    </trkpt>
    <trkpt lat="41.95137" lon="-3.005847">
      <ele>1102.2</ele>
    </trkpt>
    <trkpt lat="41.951103" lon="-3.005491">
      <ele>1102.6</ele>
    </trkpt>
    <trkpt lat="41.950954" lon="-3.005082">
      <ele>1103.4</ele>
    </trkpt>
    <trkpt lat="41.950909" lon="-3.00472">
      <ele>1104.2</ele>
    </trkpt>
    <trkpt lat="41.950909" lon="-3.004035">
      <ele>1106</ele>
    </trkpt>
    <trkpt lat="41.950956" lon="-3.002643">
      <ele>1109.7</ele>
    </trkpt>
    <trkpt lat="41.951016" lon="-3.002286">
      <ele>1110.6</ele>
    </trkpt>
    <trkpt lat="41.951245" lon="-3.001593">
      <ele>1112</ele>
    </trkpt>
    <trkpt lat="41.951279" lon="-3.001402">
      <ele>1112.3</ele>
    </trkpt>
    <trkpt lat="41.951288" lon="-3.001146">
      <ele>1112.7</ele>
    </trkpt>
    <trkpt lat="41.950692" lon="-2.997537">
      <ele>1116.4</ele>
    </trkpt>
    <trkpt lat="41.95063" lon="-2.997061">
      <ele>1116.7</ele>
    </trkpt>
    <trkpt lat="41.95063" lon="-2.996848">
      <ele>1116.9</ele>
    </trkpt>
    <trkpt lat="41.950652" lon="-2.996628">
      <ele>1117</ele>
    </trkpt>
    <trkpt lat="41.950763" lon="-2.996226">
      <ele>1117.3</ele>
    </trkpt>
    <trkpt lat="41.950853" lon="-2.996045">
      <ele>1117.4</ele>
    </trkpt>
    <trkpt lat="41.951403" lon="-2.995218">
      <ele>1118.2</ele>
    </trkpt>
    <trkpt lat="41.95156" lon="-2.994895">
      <ele>1118.6</ele>
    </trkpt>
    <trkpt lat="41.951683" lon="-2.994346">
      <ele>1119.3</ele>
    </trkpt>
    <trkpt lat="41.951695" lon="-2.993903">
      <ele>1119.9</ele>
    </trkpt>
    <trkpt lat="41.951686" lon="-2.992773">
      <ele>1121</ele>
    </trkpt>
    <trkpt lat="41.951675" lon="-2.992225">
      <ele>1121.4</ele>
    </trkpt>
    <trkpt lat="41.951639" lon="-2.992002">
      <ele>1121.5</ele>
    </trkpt>
    <trkpt lat="41.951607" lon="-2.991881">
      <ele>1121.6</ele>
    </trkpt>
    <trkpt lat="41.951444" lon="-2.991531">
      <ele>1121.9</ele>
    </trkpt>
    <trkpt lat="41.950993" lon="-2.990609">
      <ele>1122.2</ele>
    </trkpt>
    <trkpt lat="41.950776" lon="-2.989924">
      <ele>1121.8</ele>
    </trkpt>
    <trkpt lat="41.950751" lon="-2.989836">
      <ele>1121.6</ele>
    </trkpt>
    <trkpt lat="41.950631" lon="-2.989422">
      <ele>1120.9</ele>
    </trkpt>
    <trkpt lat="41.950583" lon="-2.989257">
      <ele>1120.5</ele>
    </trkpt>
    <trkpt lat="41.950486" lon="-2.988926">
      <ele>1119.4</ele>
    </trkpt>
    <trkpt lat="41.950334" lon="-2.988396">
      <ele>1117.3</ele>
    </trkpt>
    <trkpt lat="41.950285" lon="-2.988217">
      <ele>1116.5</ele>
    </trkpt>
    <trkpt lat="41.950129" lon="-2.987678">
      <ele>1113.9</ele>
    </trkpt>
    <trkpt lat="41.950004" lon="-2.987411">
      <ele>1112.4</ele>
    </trkpt>
    <trkpt lat="41.949866" lon="-2.987207">
      <ele>1111.2</ele>
    </trkpt>
    <trkpt lat="41.949642" lon="-2.987007">
      <ele>1109.6</ele>
    </trkpt>
    <trkpt lat="41.949294" lon="-2.986845">
      <ele>1107.5</ele>
    </trkpt>
    <trkpt lat="41.948995" lon="-2.986847">
      <ele>1106.1</ele>
    </trkpt>
    <trkpt lat="41.948778" lon="-2.986851">
      <ele>1105.2</ele>
    </trkpt>
    <trkpt lat="41.948628" lon="-2.986828">
      <ele>1104.7</ele>
    </trkpt>
    <trkpt lat="41.948324" lon="-2.986665">
      <ele>1104</ele>
    </trkpt>
    <trkpt lat="41.948171" lon="-2.986515">
      <ele>1103.8</ele>
    </trkpt>
    <trkpt lat="41.948063" lon="-2.986367">
      <ele>1103.7</ele>
    </trkpt>
    <trkpt lat="41.947965" lon="-2.986186">
      <ele>1103.7</ele>
    </trkpt>
    <trkpt lat="41.947881" lon="-2.985962">
      <ele>1103.9</ele>
    </trkpt>
    <trkpt lat="41.947505" lon="-2.984534">
      <ele>1105.9</ele>
    </trkpt>
    <trkpt lat="41.94738" lon="-2.984257">
      <ele>1106.2</ele>
    </trkpt>
    <trkpt lat="41.947124" lon="-2.983927">
      <ele>1106.5</ele>
    </trkpt>
    <trkpt lat="41.946475" lon="-2.983423">
      <ele>1106.6</ele>
    </trkpt>
    <trkpt lat="41.946288" lon="-2.983242">
      <ele>1106.6</ele>
    </trkpt>
    <trkpt lat="41.946093" lon="-2.982917">
      <ele>1106.6</ele>
    </trkpt>
    <trkpt lat="41.945946" lon="-2.982422">
      <ele>1106.7</ele>
    </trkpt>
    <trkpt lat="41.945799" lon="-2.982126">
      <ele>1107</ele>
    </trkpt>
    <trkpt lat="41.945125" lon="-2.981321">
      <ele>1108.8</ele>
    </trkpt>
    <trkpt lat="41.944959" lon="-2.981068">
      <ele>1109.2</ele>
    </trkpt>
    <trkpt lat="41.944898" lon="-2.980932">
      <ele>1109.5</ele>
    </trkpt>
    <trkpt lat="41.94473" lon="-2.980341">
      <ele>1110.2</ele>
    </trkpt>
    <trkpt lat="41.94411" lon="-2.977638">
      <ele>1110.6</ele>
    </trkpt>
    <trkpt lat="41.943979" lon="-2.977311">
      <ele>1110.5</ele>
    </trkpt>
    <trkpt lat="41.943462" lon="-2.976435">
      <ele>1110.1</ele>
    </trkpt>
    <trkpt lat="41.943298" lon="-2.975988">
      <ele>1110</ele>
    </trkpt>
    <trkpt lat="41.943261" lon="-2.975819">
      <ele>1109.9</ele>
    </trkpt>
    <trkpt lat="41.943216" lon="-2.975366">
      <ele>1109.9</ele>
    </trkpt>
    <trkpt lat="41.943155" lon="-2.974047">
      <ele>1110.1</ele>
    </trkpt>
    <trkpt lat="41.943109" lon="-2.973768">
      <ele>1110.2</ele>
    </trkpt>
    <trkpt lat="41.942942" lon="-2.973173">
      <ele>1110.8</ele>
    </trkpt>
    <trkpt lat="41.942912" lon="-2.972984">
      <ele>1111</ele>
    </trkpt>
    <trkpt lat="41.942899" lon="-2.972264">
      <ele>1111.9</ele>
    </trkpt>
    <trkpt lat="41.942855" lon="-2.971769">
      <ele>1112.4</ele>
    </trkpt>
    <trkpt lat="41.942685" lon="-2.971284">
      <ele>1113.1</ele>
    </trkpt>
    <trkpt lat="41.942582" lon="-2.971054">
      <ele>1113.5</ele>
    </trkpt>
    <trkpt lat="41.942473" lon="-2.970559">
      <ele>1114.2</ele>
    </trkpt>
    <trkpt lat="41.942436" lon="-2.968956">
      <ele>1116.1</ele>
    </trkpt>
    <trkpt lat="41.942042" lon="-2.963396">
      <ele>1119.1</ele>
    </trkpt>
    <trkpt lat="41.94203" lon="-2.963288">
      <ele>1119.3</ele>
    </trkpt>
    <trkpt lat="41.942" lon="-2.963057">
      <ele>1119.8</ele>
    </trkpt>
    <trkpt lat="41.941857" lon="-2.962404">
      <ele>1121.7</ele>
    </trkpt>
    <trkpt lat="41.940848" lon="-2.959549">
      <ele>1135.6</ele>
    </trkpt>
    <trkpt lat="41.940671" lon="-2.958883">
      <ele>1138.6</ele>
    </trkpt>
    <trkpt lat="41.9406" lon="-2.958271">
      <ele>1141.1</ele>
    </trkpt>
    <trkpt lat="41.940492" lon="-2.95636">
      <ele>1147.7</ele>
    </trkpt>
    <trkpt lat="41.940444" lon="-2.955972">
      <ele>1149.3</ele>
    </trkpt>
    <trkpt lat="41.940382" lon="-2.95569">
      <ele>1150.5</ele>
    </trkpt>
    <trkpt lat="41.940203" lon="-2.955142">
      <ele>1153.2</ele>
    </trkpt>
    <trkpt lat="41.939248" lon="-2.952779">
      <ele>1167</ele>
    </trkpt>
    <trkpt lat="41.939137" lon="-2.952393">
      <ele>1169.4</ele>
    </trkpt>
    <trkpt lat="41.93901" lon="-2.95164">
      <ele>1174.1</ele>
    </trkpt>
    <trkpt lat="41.93898" lon="-2.95123">
      <ele>1176.7</ele>
    </trkpt>
    <trkpt lat="41.939004" lon="-2.950515">
      <ele>1181.3</ele>
    </trkpt>
    <trkpt lat="41.939149" lon="-2.949638">
      <ele>1186.9</ele>
    </trkpt>
    <trkpt lat="41.939357" lon="-2.948994">
      <ele>1190.9</ele>
    </trkpt>
    <trkpt lat="41.939531" lon="-2.948604">
      <ele>1193.1</ele>
    </trkpt>
    <trkpt lat="41.93999" lon="-2.947881">
      <ele>1196.6</ele>
    </trkpt>
    <trkpt lat="41.94017" lon="-2.947664">
      <ele>1197.5</ele>
    </trkpt>
    <trkpt lat="41.940618" lon="-2.94726">
      <ele>1199</ele>
    </trkpt>
    <trkpt lat="41.940557" lon="-2.947204">
      <ele>1199.2</ele>
    </trkpt>
    <trkpt lat="41.940421" lon="-2.947171">
      <ele>1199.4</ele>
    </trkpt>
    <trkpt lat="41.939899" lon="-2.94718">
      <ele>1200.1</ele>
    </trkpt>
    <trkpt lat="41.939529" lon="-2.947193">
      <ele>1200.4</ele>
    </trkpt>
    <trkpt lat="41.939527" lon="-2.946921">
      <ele>1200.5</ele>
    </trkpt>
    <trkpt lat="41.939462" lon="-2.946915">
      <ele>1200.6</ele>
    </trkpt>
    <trkpt lat="41.939178" lon="-2.946691">
      <ele>1200.7</ele>
    </trkpt>
    <trkpt lat="41.939071" lon="-2.946493">
      <ele>1200.7</ele>
    </trkpt>
    <trkpt lat="41.939031" lon="-2.946353">
      <ele>1200.6</ele>
    </trkpt>
    <trkpt lat="41.938886" lon="-2.944563">
      <ele>1201.2</ele>
    </trkpt>
    <trkpt lat="41.938803" lon="-2.944142">
      <ele>1201.8</ele>
    </trkpt>
    <trkpt lat="41.938772" lon="-2.943683">
      <ele>1202.4</ele>
    </trkpt>
    <trkpt lat="41.938626" lon="-2.943215">
      <ele>1203.2</ele>
    </trkpt>
    <trkpt lat="41.938607" lon="-2.943037">
      <ele>1203.5</ele>
    </trkpt>
    <trkpt lat="41.938575" lon="-2.942689">
      <ele>1203.9</ele>
    </trkpt>
    <trkpt lat="41.938612" lon="-2.942095">
      <ele>1204.6</ele>
    </trkpt>
    <trkpt lat="41.938656" lon="-2.941929">
      <ele>1204.7</ele>
    </trkpt>
    <trkpt lat="41.938678" lon="-2.94145">
      <ele>1204.9</ele>
    </trkpt>
    <trkpt lat="41.93875" lon="-2.941321">
      <ele>1204.9</ele>
    </trkpt>
    <trkpt lat="41.938785" lon="-2.941138">
      <ele>1204.8</ele>
    </trkpt>
    <trkpt lat="41.938793" lon="-2.940605">
      <ele>1204.5</ele>
    </trkpt>
    <trkpt lat="41.938803" lon="-2.940366">
      <ele>1204.2</ele>
    </trkpt>
    <trkpt lat="41.938738" lon="-2.940145">
      <ele>1203.8</ele>
    </trkpt>
    <trkpt lat="41.939015" lon="-2.939703">
      <ele>1202.7</ele>
    </trkpt>
    <trkpt lat="41.939081" lon="-2.939516">
      <ele>1202.2</ele>
    </trkpt>
    <trkpt lat="41.939105" lon="-2.939167">
      <ele>1201.2</ele>
    </trkpt>
    <trkpt lat="41.939408" lon="-2.937874">
      <ele>1197.1</ele>
    </trkpt>
    <trkpt lat="41.939444" lon="-2.937589">
      <ele>1196.3</ele>
    </trkpt>
    <trkpt lat="41.939499" lon="-2.936622">
      <ele>1193.9</ele>
    </trkpt>
    <trkpt lat="41.939608" lon="-2.936134">
      <ele>1192.7</ele>
    </trkpt>
    <trkpt lat="41.939729" lon="-2.935833">
      <ele>1192</ele>
    </trkpt>
    <trkpt lat="41.939771" lon="-2.935337">
      <ele>1190.9</ele>
    </trkpt>
    <trkpt lat="41.939704" lon="-2.934971">
      <ele>1190.1</ele>
    </trkpt>
    <trkpt lat="41.939698" lon="-2.93454">
      <ele>1189.2</ele>
    </trkpt>
    <trkpt lat="41.939753" lon="-2.93428">
      <ele>1188.6</ele>
    </trkpt>
    <trkpt lat="41.939771" lon="-2.934028">
      <ele>1188.1</ele>
    </trkpt>
    <trkpt lat="41.939722" lon="-2.933491">
      <ele>1186.8</ele>
    </trkpt>
    <trkpt lat="41.939825" lon="-2.932646">
      <ele>1184.3</ele>
    </trkpt>
    <trkpt lat="41.9398" lon="-2.932229">
      <ele>1183.1</ele>
    </trkpt>
    <trkpt lat="41.939709" lon="-2.931969">
      <ele>1182.3</ele>
    </trkpt>
    <trkpt lat="41.939552" lon="-2.931643">
      <ele>1181.5</ele>
    </trkpt>
    <trkpt lat="41.939419" lon="-2.931522">
      <ele>1181.2</ele>
    </trkpt>
    <trkpt lat="41.939292" lon="-2.931335">
      <ele>1180.8</ele>
    </trkpt>
    <trkpt lat="41.939225" lon="-2.931156">
      <ele>1180.6</ele>
    </trkpt>
    <trkpt lat="41.939216" lon="-2.930972">
      <ele>1180.4</ele>
    </trkpt>
    <trkpt lat="41.939207" lon="-2.930773">
      <ele>1180.3</ele>
    </trkpt>
    <trkpt lat="41.939267" lon="-2.930456">
      <ele>1180.2</ele>
    </trkpt>
    <trkpt lat="41.939564" lon="-2.929367">
      <ele>1180.5</ele>
    </trkpt>
    <trkpt lat="41.939618" lon="-2.928985">
      <ele>1180.4</ele>
    </trkpt>
    <trkpt lat="41.93963" lon="-2.92857">
      <ele>1180.1</ele>
    </trkpt>
    <trkpt lat="41.939624" lon="-2.928351">
      <ele>1179.8</ele>
    </trkpt>
    <trkpt lat="41.939509" lon="-2.927806">
      <ele>1179.1</ele>
    </trkpt>
    <trkpt lat="41.939443" lon="-2.927106">
      <ele>1177.9</ele>
    </trkpt>
    <trkpt lat="41.939388" lon="-2.926798">
      <ele>1177.4</ele>
    </trkpt>
    <trkpt lat="41.939382" lon="-2.926155">
      <ele>1176.6</ele>
    </trkpt>
    <trkpt lat="41.939279" lon="-2.925586">
      <ele>1176.4</ele>
    </trkpt>
    <trkpt lat="41.939249" lon="-2.924914">
      <ele>1176.5</ele>
    </trkpt>
    <trkpt lat="41.939213" lon="-2.924602">
      <ele>1176.8</ele>
    </trkpt>
    <trkpt lat="41.939114" lon="-2.924225">
      <ele>1177.3</ele>
    </trkpt>
    <trkpt lat="41.939097" lon="-2.923908">
      <ele>1177.7</ele>
    </trkpt>
    <trkpt lat="41.938928" lon="-2.922832">
      <ele>1178.2</ele>
    </trkpt>
    <trkpt lat="41.93887" lon="-2.922275">
      <ele>1178.2</ele>
    </trkpt>
    <trkpt lat="41.938881" lon="-2.922206">
      <ele>1178.2</ele>
    </trkpt>
    <trkpt lat="41.938834" lon="-2.921795">
      <ele>1178</ele>
    </trkpt>
    <trkpt lat="41.938824" lon="-2.921741">
      <ele>1178</ele>
    </trkpt>
    <trkpt lat="41.938834" lon="-2.921795">
      <ele>1178</ele>
    </trkpt>
    <trkpt lat="41.938881" lon="-2.922206">
      <ele>1177.8</ele>
    </trkpt>
    <trkpt lat="41.938374" lon="-2.921809">
      <ele>1177.5</ele>
    </trkpt>
    <trkpt lat="41.938218" lon="-2.921793">
      <ele>1177.5</ele>
    </trkpt>
    <trkpt lat="41.938012" lon="-2.921848">
      <ele>1177.4</ele>
    </trkpt>
    <trkpt lat="41.937892" lon="-2.921839">
      <ele>1177.4</ele>
    </trkpt>
    <trkpt lat="41.937446" lon="-2.921678">
      <ele>1177.2</ele>
    </trkpt>
    <trkpt lat="41.937328" lon="-2.921603">
      <ele>1177.1</ele>
    </trkpt>
    <trkpt lat="41.937251" lon="-2.921513">
      <ele>1177</ele>
    </trkpt>
    <trkpt lat="41.937158" lon="-2.921352">
      <ele>1176.9</ele>
    </trkpt>
    <trkpt lat="41.937034" lon="-2.920993">
      <ele>1176.8</ele>
    </trkpt>
    <trkpt lat="41.937007" lon="-2.920593">
      <ele>1176.5</ele>
    </trkpt>
    <trkpt lat="41.936934" lon="-2.92026">
      <ele>1176.3</ele>
    </trkpt>
    <trkpt lat="41.936569" lon="-2.919611">
      <ele>1175.8</ele>
    </trkpt>
    <trkpt lat="41.936307" lon="-2.919011">
      <ele>1175.4</ele>
    </trkpt>
    <trkpt lat="41.935875" lon="-2.918225">
      <ele>1174.8</ele>
    </trkpt>
    <trkpt lat="41.935637" lon="-2.917887">
      <ele>1174.6</ele>
    </trkpt>
    <trkpt lat="41.935471" lon="-2.917744">
      <ele>1174.4</ele>
    </trkpt>
    <trkpt lat="41.935234" lon="-2.917436">
      <ele>1174.2</ele>
    </trkpt>
    <trkpt lat="41.934374" lon="-2.916497">
      <ele>1173.8</ele>
    </trkpt>
    <trkpt lat="41.93421" lon="-2.916374">
      <ele>1173.7</ele>
    </trkpt>
    <trkpt lat="41.934111" lon="-2.916342">
      <ele>1173.7</ele>
    </trkpt>
    <trkpt lat="41.93385" lon="-2.916409">
      <ele>1173.5</ele>
    </trkpt>
    <trkpt lat="41.933664" lon="-2.916524">
      <ele>1173.4</ele>
    </trkpt>
    <trkpt lat="41.93355" lon="-2.916556">
      <ele>1173.3</ele>
    </trkpt>
    <trkpt lat="41.933273" lon="-2.916548">
      <ele>1173.2</ele>
    </trkpt>
    <trkpt lat="41.933009" lon="-2.916499">
      <ele>1173.1</ele>
    </trkpt>
    <trkpt lat="41.932795" lon="-2.916464">
      <ele>1173</ele>
    </trkpt>
    <trkpt lat="41.932174" lon="-2.916106">
      <ele>1172.6</ele>
    </trkpt>
    <trkpt lat="41.931919" lon="-2.915818">
      <ele>1172.5</ele>
    </trkpt>
    <trkpt lat="41.931815" lon="-2.915659">
      <ele>1172.5</ele>
    </trkpt>
    <trkpt lat="41.931644" lon="-2.915501">
      <ele>1172.5</ele>
    </trkpt>
    <trkpt lat="41.931097" lon="-2.91484">
      <ele>1172.8</ele>
    </trkpt>
    <trkpt lat="41.930959" lon="-2.914726">
      <ele>1172.9</ele>
    </trkpt>
    <trkpt lat="41.930861" lon="-2.914577">
      <ele>1173.2</ele>
    </trkpt>
    <trkpt lat="41.930787" lon="-2.91451">
      <ele>1173.4</ele>
    </trkpt>
    <trkpt lat="41.930825" lon="-2.91364">
      <ele>1174.9</ele>
    </trkpt>
    <trkpt lat="41.930839" lon="-2.913362">
      <ele>1175.4</ele>
    </trkpt>
    <trkpt lat="41.930842" lon="-2.913289">
      <ele>1175.6</ele>
    </trkpt>
    <trkpt lat="41.930883" lon="-2.913043">
      <ele>1176.3</ele>
    </trkpt>
    <trkpt lat="41.930993" lon="-2.912886">
      <ele>1177</ele>
    </trkpt>
    <trkpt lat="41.931135" lon="-2.912839">
      <ele>1177.6</ele>
    </trkpt>
    <trkpt lat="41.931233" lon="-2.91285">
      <ele>1178</ele>
    </trkpt>
    <trkpt lat="41.931318" lon="-2.912865">
      <ele>1178.5</ele>
    </trkpt>
    <trkpt lat="41.931447" lon="-2.912965">
      <ele>1179.2</ele>
    </trkpt>
    <trkpt lat="41.931454" lon="-2.912854">
      <ele>1179.7</ele>
    </trkpt>
    <trkpt lat="41.93143" lon="-2.912741">
      <ele>1180.2</ele>
    </trkpt>
    <trkpt lat="41.931326" lon="-2.912564">
      <ele>1181.1</ele>
    </trkpt>
    <trkpt lat="41.931729" lon="-2.912212">
      <ele>1183.5</ele>
    </trkpt>
    <trkpt lat="41.931798" lon="-2.912098">
      <ele>1184.2</ele>
    </trkpt>
    <trkpt lat="41.931907" lon="-2.911988">
      <ele>1184.9</ele>
    </trkpt>
    <trkpt lat="41.932188" lon="-2.911488">
      <ele>1187.7</ele>
    </trkpt>
    <trkpt lat="41.932267" lon="-2.911309">
      <ele>1188.4</ele>
    </trkpt>
    <trkpt lat="41.932309" lon="-2.911069">
      <ele>1189.3</ele>
    </trkpt>
    <trkpt lat="41.932391" lon="-2.91085">
      <ele>1190.1</ele>
    </trkpt>
    <trkpt lat="41.932364" lon="-2.910415">
      <ele>1191.4</ele>
    </trkpt>
    <trkpt lat="41.932388" lon="-2.910305">
      <ele>1191.6</ele>
    </trkpt>
    <trkpt lat="41.932346" lon="-2.909923">
      <ele>1192.4</ele>
    </trkpt>
    <trkpt lat="41.932297" lon="-2.909687">
      <ele>1192.8</ele>
    </trkpt>
    <trkpt lat="41.932209" lon="-2.909313">
      <ele>1193.2</ele>
    </trkpt>
    <trkpt lat="41.932131" lon="-2.909122">
      <ele>1193.3</ele>
    </trkpt>
    <trkpt lat="41.932055" lon="-2.9085">
      <ele>1193.6</ele>
    </trkpt>
    <trkpt lat="41.931928" lon="-2.908089">
      <ele>1193.7</ele>
    </trkpt>
    <trkpt lat="41.931922" lon="-2.907703">
      <ele>1193.6</ele>
    </trkpt>
    <trkpt lat="41.931831" lon="-2.907601">
      <ele>1193.6</ele>
    </trkpt>
    <trkpt lat="41.931738" lon="-2.90737">
      <ele>1193.5</ele>
    </trkpt>
    <trkpt lat="41.931641" lon="-2.907317">
      <ele>1193.4</ele>
    </trkpt>
    <trkpt lat="41.931626" lon="-2.907231">
      <ele>1193.3</ele>
    </trkpt>
    <trkpt lat="41.931556" lon="-2.907142">
      <ele>1193.2</ele>
    </trkpt>
    <trkpt lat="41.93132" lon="-2.906585">
      <ele>1192.7</ele>
    </trkpt>
    <trkpt lat="41.93132" lon="-2.906496">
      <ele>1192.6</ele>
    </trkpt>
    <trkpt lat="41.931366" lon="-2.906394">
      <ele>1192.5</ele>
    </trkpt>
    <trkpt lat="41.931598" lon="-2.906008">
      <ele>1192.1</ele>
    </trkpt>
    <trkpt lat="41.931623" lon="-2.905874">
      <ele>1192</ele>
    </trkpt>
    <trkpt lat="41.931632" lon="-2.905418">
      <ele>1191.7</ele>
    </trkpt>
    <trkpt lat="41.931689" lon="-2.905142">
      <ele>1191.5</ele>
    </trkpt>
    <trkpt lat="41.93168" lon="-2.904922">
      <ele>1191.5</ele>
    </trkpt>
    <trkpt lat="41.931719" lon="-2.904739">
      <ele>1191.5</ele>
    </trkpt>
    <trkpt lat="41.931662" lon="-2.904292">
      <ele>1191.7</ele>
    </trkpt>
    <trkpt lat="41.931611" lon="-2.90419">
      <ele>1191.8</ele>
    </trkpt>
    <trkpt lat="41.93158" lon="-2.904032">
      <ele>1192</ele>
    </trkpt>
    <trkpt lat="41.931514" lon="-2.903894">
      <ele>1192.1</ele>
    </trkpt>
    <trkpt lat="41.931517" lon="-2.903723">
      <ele>1192.3</ele>
    </trkpt>
    <trkpt lat="41.931484" lon="-2.903609">
      <ele>1192.5</ele>
    </trkpt>
    <trkpt lat="41.931462" lon="-2.903398">
      <ele>1192.8</ele>
    </trkpt>
    <trkpt lat="41.931432" lon="-2.90332">
      <ele>1192.9</ele>
    </trkpt>
    <trkpt lat="41.931381" lon="-2.903284">
      <ele>1192.9</ele>
    </trkpt>
    <trkpt lat="41.931378" lon="-2.903178">
      <ele>1193.1</ele>
    </trkpt>
    <trkpt lat="41.931233" lon="-2.902853">
      <ele>1193.4</ele>
    </trkpt>
    <trkpt lat="41.931242" lon="-2.902784">
      <ele>1193.5</ele>
    </trkpt>
    <trkpt lat="41.931214" lon="-2.902674">
      <ele>1193.6</ele>
    </trkpt>
    <trkpt lat="41.931163" lon="-2.902625">
      <ele>1193.7</ele>
    </trkpt>
    <trkpt lat="41.93109" lon="-2.902446">
      <ele>1193.8</ele>
    </trkpt>
    <trkpt lat="41.93097" lon="-2.902267">
      <ele>1194</ele>
    </trkpt>
    <trkpt lat="41.930951" lon="-2.902219">
      <ele>1194</ele>
    </trkpt>
    <trkpt lat="41.930966" lon="-2.902101">
      <ele>1194</ele>
    </trkpt>
    <trkpt lat="41.930933" lon="-2.901906">
      <ele>1194.1</ele>
    </trkpt>
    <trkpt lat="41.930788" lon="-2.901621">
      <ele>1194.2</ele>
    </trkpt>
    <trkpt lat="41.930724" lon="-2.901239">
      <ele>1194.3</ele>
    </trkpt>
    <trkpt lat="41.930721" lon="-2.900934">
      <ele>1194.4</ele>
    </trkpt>
    <trkpt lat="41.93074" lon="-2.900812">
      <ele>1194.4</ele>
    </trkpt>
    <trkpt lat="41.930734" lon="-2.900751">
      <ele>1194.4</ele>
    </trkpt>
    <trkpt lat="41.930691" lon="-2.900682">
      <ele>1194.5</ele>
    </trkpt>
    <trkpt lat="41.930708" lon="-2.900458">
      <ele>1194.6</ele>
    </trkpt>
    <trkpt lat="41.93082" lon="-2.900232">
      <ele>1194.8</ele>
    </trkpt>
    <trkpt lat="41.930923" lon="-2.89988">
      <ele>1195.3</ele>
    </trkpt>
    <trkpt lat="41.930936" lon="-2.899747">
      <ele>1195.4</ele>
    </trkpt>
    <trkpt lat="41.930906" lon="-2.898696">
      <ele>1197.7</ele>
    </trkpt>
    <trkpt lat="41.930834" lon="-2.8984">
      <ele>1198.6</ele>
    </trkpt>
    <trkpt lat="41.930694" lon="-2.898162">
      <ele>1199.6</ele>
    </trkpt>
    <trkpt lat="41.930641" lon="-2.89802">
      <ele>1200.2</ele>
    </trkpt>
    <trkpt lat="41.930636" lon="-2.897801">
      <ele>1200.9</ele>
    </trkpt>
    <trkpt lat="41.930712" lon="-2.89705">
      <ele>1203.3</ele>
    </trkpt>
    <trkpt lat="41.9308" lon="-2.896587">
      <ele>1204.7</ele>
    </trkpt>
    <trkpt lat="41.930795" lon="-2.895717">
      <ele>1206.9</ele>
    </trkpt>
    <trkpt lat="41.930737" lon="-2.895334">
      <ele>1207.7</ele>
    </trkpt>
    <trkpt lat="41.930705" lon="-2.894932">
      <ele>1208.4</ele>
    </trkpt>
    <trkpt lat="41.93073" lon="-2.89435">
      <ele>1209.4</ele>
    </trkpt>
    <trkpt lat="41.930856" lon="-2.893686">
      <ele>1210.7</ele>
    </trkpt>
    <trkpt lat="41.930895" lon="-2.893076">
      <ele>1211.7</ele>
    </trkpt>
    <trkpt lat="41.93099" lon="-2.89254">
      <ele>1212.5</ele>
    </trkpt>
    <trkpt lat="41.930999" lon="-2.892328">
      <ele>1212.7</ele>
    </trkpt>
    <trkpt lat="41.930954" lon="-2.892065">
      <ele>1212.9</ele>
    </trkpt>
    <trkpt lat="41.930862" lon="-2.891803">
      <ele>1213.1</ele>
    </trkpt>
    <trkpt lat="41.930734" lon="-2.891472">
      <ele>1213.3</ele>
    </trkpt>
    <trkpt lat="41.930466" lon="-2.890947">
      <ele>1213</ele>
    </trkpt>
    <trkpt lat="41.93032" lon="-2.890723">
      <ele>1212.7</ele>
    </trkpt>
    <trkpt lat="41.930197" lon="-2.890591">
      <ele>1212.3</ele>
    </trkpt>
    <trkpt lat="41.92996" lon="-2.890454">
      <ele>1211.5</ele>
    </trkpt>
    <trkpt lat="41.929908" lon="-2.890366">
      <ele>1211.2</ele>
    </trkpt>
    <trkpt lat="41.929871" lon="-2.890222">
      <ele>1210.8</ele>
    </trkpt>
    <trkpt lat="41.929885" lon="-2.889624">
      <ele>1208.6</ele>
    </trkpt>
    <trkpt lat="41.93002" lon="-2.888821">
      <ele>1205</ele>
    </trkpt>
    <trkpt lat="41.930088" lon="-2.8887">
      <ele>1204.4</ele>
    </trkpt>
    <trkpt lat="41.93023" lon="-2.88853">
      <ele>1203.5</ele>
    </trkpt>
    <trkpt lat="41.930318" lon="-2.888366">
      <ele>1202.8</ele>
    </trkpt>
    <trkpt lat="41.930512" lon="-2.888203">
      <ele>1201.8</ele>
    </trkpt>
    <trkpt lat="41.930515" lon="-2.888031">
      <ele>1201.3</ele>
    </trkpt>
    <trkpt lat="41.930297" lon="-2.887927">
      <ele>1200.7</ele>
    </trkpt>
    <trkpt lat="41.929969" lon="-2.887332">
      <ele>1200</ele>
    </trkpt>
    <trkpt lat="41.929954" lon="-2.88703">
      <ele>1200</ele>
    </trkpt>
    <trkpt lat="41.929854" lon="-2.886768">
      <ele>1200.1</ele>
    </trkpt>
    <trkpt lat="41.929679" lon="-2.886546">
      <ele>1200.3</ele>
    </trkpt>
    <trkpt lat="41.929179" lon="-2.886115">
      <ele>1200.9</ele>
    </trkpt>
    <trkpt lat="41.929009" lon="-2.8859">
      <ele>1201.2</ele>
    </trkpt>
    <trkpt lat="41.928849" lon="-2.885645">
      <ele>1201.5</ele>
    </trkpt>
    <trkpt lat="41.928174" lon="-2.884092">
      <ele>1202.8</ele>
    </trkpt>
    <trkpt lat="41.928017" lon="-2.883632">
      <ele>1202.3</ele>
    </trkpt>
    <trkpt lat="41.928043" lon="-2.883317">
      <ele>1201.6</ele>
    </trkpt>
    <trkpt lat="41.928213" lon="-2.883041">
      <ele>1200.5</ele>
    </trkpt>
    <trkpt lat="41.928358" lon="-2.882678">
      <ele>1198.8</ele>
    </trkpt>
    <trkpt lat="41.92855" lon="-2.881721">
      <ele>1193.6</ele>
    </trkpt>
    <trkpt lat="41.928624" lon="-2.881354">
      <ele>1191.4</ele>
    </trkpt>
    <trkpt lat="41.928314" lon="-2.879638">
      <ele>1181.1</ele>
    </trkpt>
    <trkpt lat="41.928347" lon="-2.878584">
      <ele>1175.3</ele>
    </trkpt>
    <trkpt lat="41.928404" lon="-2.878366">
      <ele>1174.3</ele>
    </trkpt>
    <trkpt lat="41.928459" lon="-2.878381">
      <ele>1173.9</ele>
    </trkpt>
    <trkpt lat="41.928567" lon="-2.878354">
      <ele>1173.3</ele>
    </trkpt>
    <trkpt lat="41.928481" lon="-2.878204">
      <ele>1172.6</ele>
    </trkpt>
    <trkpt lat="41.92846" lon="-2.877829">
      <ele>1171.4</ele>
    </trkpt>
    <trkpt lat="41.928384" lon="-2.877604">
      <ele>1170.9</ele>
    </trkpt>
    <trkpt lat="41.928163" lon="-2.877115">
      <ele>1170.5</ele>
    </trkpt>
    <trkpt lat="41.928016" lon="-2.876863">
      <ele>1170.9</ele>
    </trkpt>
    <trkpt lat="41.927681" lon="-2.876387">
      <ele>1171.5</ele>
    </trkpt>
    <trkpt lat="41.927226" lon="-2.875987">
      <ele>1171.7</ele>
    </trkpt>
    <trkpt lat="41.926564" lon="-2.875155">
      <ele>1170.2</ele>
    </trkpt>
    <trkpt lat="41.926297" lon="-2.874585">
      <ele>1168</ele>
    </trkpt>
    <trkpt lat="41.926122" lon="-2.874352">
      <ele>1167</ele>
    </trkpt>
    <trkpt lat="41.925891" lon="-2.874135">
      <ele>1165.8</ele>
    </trkpt>
    <trkpt lat="41.925803" lon="-2.874014">
      <ele>1165.4</ele>
    </trkpt>
    <trkpt lat="41.925735" lon="-2.873867">
      <ele>1164.9</ele>
    </trkpt>
    <trkpt lat="41.925858" lon="-2.87385">
      <ele>1164.5</ele>
    </trkpt>
    <trkpt lat="41.925912" lon="-2.873809">
      <ele>1164.4</ele>
    </trkpt>
    <trkpt lat="41.925994" lon="-2.873759">
      <ele>1164.1</ele>
    </trkpt>
    <trkpt lat="41.925997" lon="-2.873668">
      <ele>1163.9</ele>
    </trkpt>
    <trkpt lat="41.925902" lon="-2.873524">
      <ele>1163.6</ele>
    </trkpt>
    <trkpt lat="41.925707" lon="-2.873372">
      <ele>1163.2</ele>
    </trkpt>
    <trkpt lat="41.925407" lon="-2.872907">
      <ele>1162.9</ele>
    </trkpt>
    <trkpt lat="41.92526" lon="-2.872539">
      <ele>1162.8</ele>
    </trkpt>
    <trkpt lat="41.924912" lon="-2.871266">
      <ele>1163.1</ele>
    </trkpt>
    <trkpt lat="41.924848" lon="-2.87093">
      <ele>1163.5</ele>
    </trkpt>
    <trkpt lat="41.924864" lon="-2.870513">
      <ele>1164.3</ele>
    </trkpt>
    <trkpt lat="41.924807" lon="-2.869944">
      <ele>1165.7</ele>
    </trkpt>
    <trkpt lat="41.924613" lon="-2.870103">
      <ele>1166.4</ele>
    </trkpt>
    <trkpt lat="41.924598" lon="-2.870122">
      <ele>1166.4</ele>
    </trkpt>
    <trkpt lat="41.924511" lon="-2.870229">
      <ele>1166.7</ele>
    </trkpt>
    <trkpt lat="41.924401" lon="-2.870439">
      <ele>1167.3</ele>
    </trkpt>
    <trkpt lat="41.924311" lon="-2.870099">
      <ele>1167.9</ele>
    </trkpt>
    <trkpt lat="41.924084" lon="-2.869533">
      <ele>1169.1</ele>
    </trkpt>
    <trkpt lat="41.923069" lon="-2.86774">
      <ele>1170.8</ele>
    </trkpt>
    <trkpt lat="41.922994" lon="-2.86751">
      <ele>1171.1</ele>
    </trkpt>
    <trkpt lat="41.922946" lon="-2.867304">
      <ele>1171.4</ele>
    </trkpt>
    <trkpt lat="41.922849" lon="-2.865737">
      <ele>1177</ele>
    </trkpt>
    <trkpt lat="41.922804" lon="-2.865417">
      <ele>1179.2</ele>
    </trkpt>
    <trkpt lat="41.922666" lon="-2.864816">
      <ele>1184</ele>
    </trkpt>
    <trkpt lat="41.922327" lon="-2.863889">
      <ele>1192.7</ele>
    </trkpt>
    <trkpt lat="41.922242" lon="-2.863594">
      <ele>1195.1</ele>
    </trkpt>
    <trkpt lat="41.922189" lon="-2.863338">
      <ele>1197</ele>
    </trkpt>
    <trkpt lat="41.922108" lon="-2.862477">
      <ele>1202.1</ele>
    </trkpt>
    <trkpt lat="41.922055" lon="-2.862267">
      <ele>1203.2</ele>
    </trkpt>
    <trkpt lat="41.921977" lon="-2.862102">
      <ele>1204.1</ele>
    </trkpt>
    <trkpt lat="41.921683" lon="-2.861701">
      <ele>1206.6</ele>
    </trkpt>
    <trkpt lat="41.921183" lon="-2.861105">
      <ele>1210.5</ele>
    </trkpt>
    <trkpt lat="41.920978" lon="-2.860955">
      <ele>1211.9</ele>
    </trkpt>
    <trkpt lat="41.920047" lon="-2.860514">
      <ele>1216.9</ele>
    </trkpt>
    <trkpt lat="41.91935" lon="-2.860114">
      <ele>1220</ele>
    </trkpt>
    <trkpt lat="41.91919" lon="-2.859989">
      <ele>1220.7</ele>
    </trkpt>
    <trkpt lat="41.918784" lon="-2.859573">
      <ele>1222.8</ele>
    </trkpt>
    <trkpt lat="41.918393" lon="-2.859002">
      <ele>1225.3</ele>
    </trkpt>
    <trkpt lat="41.918191" lon="-2.858616">
      <ele>1227</ele>
    </trkpt>
    <trkpt lat="41.91802" lon="-2.858211">
      <ele>1228.5</ele>
    </trkpt>
    <trkpt lat="41.917566" lon="-2.856879">
      <ele>1234.4</ele>
    </trkpt>
    <trkpt lat="41.916936" lon="-2.855497">
      <ele>1244.3</ele>
    </trkpt>
    <trkpt lat="41.916224" lon="-2.854014">
      <ele>1255.1</ele>
    </trkpt>
    <trkpt lat="41.915926" lon="-2.853644">
      <ele>1257.4</ele>
    </trkpt>
    <trkpt lat="41.91527" lon="-2.852928">
      <ele>1259.9</ele>
    </trkpt>
    <trkpt lat="41.915106" lon="-2.852793">
      <ele>1260</ele>
    </trkpt>
    <trkpt lat="41.914827" lon="-2.852677">
      <ele>1260.1</ele>
    </trkpt>
    <trkpt lat="41.913705" lon="-2.852387">
      <ele>1259.9</ele>
    </trkpt>
    <trkpt lat="41.913597" lon="-2.852337">
      <ele>1260</ele>
    </trkpt>
    <trkpt lat="41.913474" lon="-2.852227">
      <ele>1260.1</ele>
    </trkpt>
    <trkpt lat="41.91192" lon="-2.849613">
      <ele>1269.3</ele>
    </trkpt>
    <trkpt lat="41.911708" lon="-2.849272">
      <ele>1270.9</ele>
    </trkpt>
    <trkpt lat="41.911481" lon="-2.848989">
      <ele>1272.3</ele>
    </trkpt>
    <trkpt lat="41.911004" lon="-2.848312">
      <ele>1275.9</ele>
    </trkpt>
    <trkpt lat="41.910591" lon="-2.847971">
      <ele>1278.6</ele>
    </trkpt>
    <trkpt lat="41.910289" lon="-2.847576">
      <ele>1281</ele>
    </trkpt>
    <trkpt lat="41.910125" lon="-2.84731">
      <ele>1282.6</ele>
    </trkpt>
    <trkpt lat="41.909369" lon="-2.846239">
      <ele>1288.7</ele>
    </trkpt>
    <trkpt lat="41.909216" lon="-2.845989">
      <ele>1289.5</ele>
    </trkpt>
    <trkpt lat="41.908947" lon="-2.845408">
      <ele>1290.3</ele>
    </trkpt>
    <trkpt lat="41.908858" lon="-2.845103">
      <ele>1290.3</ele>
    </trkpt>
    <trkpt lat="41.90878" lon="-2.844958">
      <ele>1290.3</ele>
    </trkpt>
    <trkpt lat="41.908064" lon="-2.843971">
      <ele>1287.7</ele>
    </trkpt>
    <trkpt lat="41.907572" lon="-2.84353">
      <ele>1285.7</ele>
    </trkpt>
    <trkpt lat="41.906909" lon="-2.84302">
      <ele>1283.9</ele>
    </trkpt>
    <trkpt lat="41.906738" lon="-2.842945">
      <ele>1283.5</ele>
    </trkpt>
    <trkpt lat="41.906585" lon="-2.842929">
      <ele>1283.2</ele>
    </trkpt>
    <trkpt lat="41.906205" lon="-2.84298">
      <ele>1282.4</ele>
    </trkpt>
    <trkpt lat="41.905489" lon="-2.84315">
      <ele>1280.5</ele>
    </trkpt>
    <trkpt lat="41.904841" lon="-2.84347">
      <ele>1277.4</ele>
    </trkpt>
    <trkpt lat="41.904509" lon="-2.84359">
      <ele>1275.8</ele>
    </trkpt>
    <trkpt lat="41.9042" lon="-2.843776">
      <ele>1274.4</ele>
    </trkpt>
    <trkpt lat="41.904106" lon="-2.843796">
      <ele>1274</ele>
    </trkpt>
    <trkpt lat="41.904024" lon="-2.843796">
      <ele>1273.7</ele>
    </trkpt>
    <trkpt lat="41.903913" lon="-2.843751">
      <ele>1273.3</ele>
    </trkpt>
    <trkpt lat="41.903473" lon="-2.843495">
      <ele>1271.9</ele>
    </trkpt>
    <trkpt lat="41.902876" lon="-2.84331">
      <ele>1270.8</ele>
    </trkpt>
    <trkpt lat="41.902698" lon="-2.84321">
      <ele>1270.7</ele>
    </trkpt>
    <trkpt lat="41.902101" lon="-2.842559">
      <ele>1270.7</ele>
    </trkpt>
    <trkpt lat="41.901937" lon="-2.842299">
      <ele>1270.7</ele>
    </trkpt>
    <trkpt lat="41.901773" lon="-2.841973">
      <ele>1270.6</ele>
    </trkpt>
    <trkpt lat="41.901464" lon="-2.841237">
      <ele>1269.5</ele>
    </trkpt>
    <trkpt lat="41.901333" lon="-2.840801">
      <ele>1268.4</ele>
    </trkpt>
    <trkpt lat="41.901285" lon="-2.840446">
      <ele>1267.1</ele>
    </trkpt>
    <trkpt lat="41.901292" lon="-2.839574">
      <ele>1263.3</ele>
    </trkpt>
    <trkpt lat="41.901229" lon="-2.839304">
      <ele>1262.5</ele>
    </trkpt>
    <trkpt lat="41.900942" lon="-2.838888">
      <ele>1262.2</ele>
    </trkpt>
    <trkpt lat="41.900812" lon="-2.838773">
      <ele>1262.6</ele>
    </trkpt>
    <trkpt lat="41.900633" lon="-2.838673">
      <ele>1263.3</ele>
    </trkpt>
    <trkpt lat="41.900517" lon="-2.838668">
      <ele>1263.9</ele>
    </trkpt>
    <trkpt lat="41.900294" lon="-2.838773">
      <ele>1265.3</ele>
    </trkpt>
    <trkpt lat="41.900007" lon="-2.839074">
      <ele>1268</ele>
    </trkpt>
    <trkpt lat="41.899809" lon="-2.839174">
      <ele>1269.7</ele>
    </trkpt>
    <trkpt lat="41.899589" lon="-2.839139">
      <ele>1271.7</ele>
    </trkpt>
    <trkpt lat="41.899533" lon="-2.839099">
      <ele>1272.2</ele>
    </trkpt>
    <trkpt lat="41.899418" lon="-2.838938">
      <ele>1273.5</ele>
    </trkpt>
    <trkpt lat="41.899272" lon="-2.838468">
      <ele>1275.4</ele>
    </trkpt>
    <trkpt lat="41.899161" lon="-2.837927">
      <ele>1276.8</ele>
    </trkpt>
    <trkpt lat="41.89903" lon="-2.837576">
      <ele>1277.5</ele>
    </trkpt>
    <trkpt lat="41.898874" lon="-2.837246">
      <ele>1278.3</ele>
    </trkpt>
    <trkpt lat="41.898069" lon="-2.836139">
      <ele>1282.7</ele>
    </trkpt>
    <trkpt lat="41.897442" lon="-2.834942">
      <ele>1287.4</ele>
    </trkpt>
    <trkpt lat="41.89698" lon="-2.834387">
      <ele>1288.7</ele>
    </trkpt>
    <trkpt lat="41.896879" lon="-2.834231">
      <ele>1288.9</ele>
    </trkpt>
    <trkpt lat="41.896738" lon="-2.833671">
      <ele>1289</ele>
    </trkpt>
    <trkpt lat="41.896723" lon="-2.833285">
      <ele>1288.9</ele>
    </trkpt>
    <trkpt lat="41.896675" lon="-2.83294">
      <ele>1288.6</ele>
    </trkpt>
    <trkpt lat="41.896436" lon="-2.832554">
      <ele>1288.2</ele>
    </trkpt>
    <trkpt lat="41.896216" lon="-2.832133">
      <ele>1287.8</ele>
    </trkpt>
    <trkpt lat="41.896048" lon="-2.831903">
      <ele>1287.8</ele>
    </trkpt>
    <trkpt lat="41.895862" lon="-2.831522">
      <ele>1288.1</ele>
    </trkpt>
    <trkpt lat="41.895239" lon="-2.830906">
      <ele>1289.3</ele>
    </trkpt>
    <trkpt lat="41.895008" lon="-2.830776">
      <ele>1289.9</ele>
    </trkpt>
    <trkpt lat="41.894777" lon="-2.830696">
      <ele>1290.6</ele>
    </trkpt>
    <trkpt lat="41.894483" lon="-2.830646">
      <ele>1291.8</ele>
    </trkpt>
    <trkpt lat="41.89402" lon="-2.830686">
      <ele>1293.9</ele>
    </trkpt>
    <trkpt lat="41.893712" lon="-2.830738">
      <ele>1295.5</ele>
    </trkpt>
    <trkpt lat="41.893337" lon="-2.830852">
      <ele>1297.7</ele>
    </trkpt>
    <trkpt lat="41.893262" lon="-2.830833">
      <ele>1298</ele>
    </trkpt>
    <trkpt lat="41.89297" lon="-2.830856">
      <ele>1299.6</ele>
    </trkpt>
    <trkpt lat="41.892813" lon="-2.830903">
      <ele>1300.4</ele>
    </trkpt>
    <trkpt lat="41.892657" lon="-2.830871">
      <ele>1301.1</ele>
    </trkpt>
    <trkpt lat="41.892518" lon="-2.830931">
      <ele>1301.8</ele>
    </trkpt>
    <trkpt lat="41.892441" lon="-2.831015">
      <ele>1302.2</ele>
    </trkpt>
    <trkpt lat="41.892337" lon="-2.831034">
      <ele>1302.6</ele>
    </trkpt>
    <trkpt lat="41.892302" lon="-2.830955">
      <ele>1302.8</ele>
    </trkpt>
    <trkpt lat="41.892295" lon="-2.830847">
      <ele>1303</ele>
    </trkpt>
    <trkpt lat="41.892285" lon="-2.830553">
      <ele>1303.5</ele>
    </trkpt>
    <trkpt lat="41.892306" lon="-2.830277">
      <ele>1303.9</ele>
    </trkpt>
    <trkpt lat="41.89216" lon="-2.830063">
      <ele>1304.2</ele>
    </trkpt>
    <trkpt lat="41.891941" lon="-2.829899">
      <ele>1304.3</ele>
    </trkpt>
    <trkpt lat="41.891684" lon="-2.829526">
      <ele>1304</ele>
    </trkpt>
    <trkpt lat="41.891614" lon="-2.828928">
      <ele>1303.3</ele>
    </trkpt>
    <trkpt lat="41.891465" lon="-2.828475">
      <ele>1302.4</ele>
    </trkpt>
    <trkpt lat="41.891395" lon="-2.828153">
      <ele>1301.7</ele>
    </trkpt>
    <trkpt lat="41.891375" lon="-2.828098">
      <ele>1301.5</ele>
    </trkpt>
    <trkpt lat="41.891211" lon="-2.827658">
      <ele>1300.5</ele>
    </trkpt>
    <trkpt lat="41.891033" lon="-2.827489">
      <ele>1300</ele>
    </trkpt>
    <trkpt lat="41.890832" lon="-2.827363">
      <ele>1299.8</ele>
    </trkpt>
    <trkpt lat="41.890745" lon="-2.827237">
      <ele>1299.8</ele>
    </trkpt>
    <trkpt lat="41.890582" lon="-2.82712">
      <ele>1300.1</ele>
    </trkpt>
    <trkpt lat="41.890258" lon="-2.826798">
      <ele>1301.2</ele>
    </trkpt>
    <trkpt lat="41.890123" lon="-2.82677">
      <ele>1301.9</ele>
    </trkpt>
    <trkpt lat="41.889813" lon="-2.827158">
      <ele>1304.3</ele>
    </trkpt>
    <trkpt lat="41.889768" lon="-2.827307">
      <ele>1305</ele>
    </trkpt>
    <trkpt lat="41.889726" lon="-2.82734">
      <ele>1305.3</ele>
    </trkpt>
    <trkpt lat="41.889653" lon="-2.82734">
      <ele>1305.7</ele>
    </trkpt>
    <trkpt lat="41.889539" lon="-2.827265">
      <ele>1306.4</ele>
    </trkpt>
    <trkpt lat="41.889368" lon="-2.827265">
      <ele>1307.4</ele>
    </trkpt>
    <trkpt lat="41.889129" lon="-2.827192">
      <ele>1308.7</ele>
    </trkpt>
    <trkpt lat="41.889014" lon="-2.827097">
      <ele>1309.4</ele>
    </trkpt>
    <trkpt lat="41.888764" lon="-2.826415">
      <ele>1311.8</ele>
    </trkpt>
    <trkpt lat="41.888694" lon="-2.825859">
      <ele>1313.1</ele>
    </trkpt>
    <trkpt lat="41.888559" lon="-2.825168">
      <ele>1314.4</ele>
    </trkpt>
    <trkpt lat="41.888428" lon="-2.823686">
      <ele>1318.1</ele>
    </trkpt>
    <trkpt lat="41.888479" lon="-2.823493">
      <ele>1318.4</ele>
    </trkpt>
    <trkpt lat="41.888753" lon="-2.82309">
      <ele>1318.9</ele>
    </trkpt>
    <trkpt lat="41.888891" lon="-2.822749">
      <ele>1318.9</ele>
    </trkpt>
    <trkpt lat="41.88904" lon="-2.821983">
      <ele>1317.8</ele>
    </trkpt>
    <trkpt lat="41.8891" lon="-2.821507">
      <ele>1316.6</ele>
    </trkpt>
    <trkpt lat="41.889126" lon="-2.821003">
      <ele>1314.8</ele>
    </trkpt>
    <trkpt lat="41.889108" lon="-2.820801">
      <ele>1313.9</ele>
    </trkpt>
    <trkpt lat="41.888756" lon="-2.820111">
      <ele>1309.2</ele>
    </trkpt>
    <trkpt lat="41.888612" lon="-2.819865">
      <ele>1307</ele>
    </trkpt>
    <trkpt lat="41.888514" lon="-2.819755">
      <ele>1305.8</ele>
    </trkpt>
    <trkpt lat="41.888429" lon="-2.8197">
      <ele>1304.9</ele>
    </trkpt>
    <trkpt lat="41.888297" lon="-2.81954">
      <ele>1303.1</ele>
    </trkpt>
    <trkpt lat="41.888194" lon="-2.819199">
      <ele>1300.3</ele>
    </trkpt>
    <trkpt lat="41.888039" lon="-2.818414">
      <ele>1294.3</ele>
    </trkpt>
    <trkpt lat="41.88789" lon="-2.817543">
      <ele>1289</ele>
    </trkpt>
    <trkpt lat="41.887612" lon="-2.817031">
      <ele>1285.1</ele>
    </trkpt>
    <trkpt lat="41.887542" lon="-2.81685">
      <ele>1283.8</ele>
    </trkpt>
    <trkpt lat="41.887396" lon="-2.816635">
      <ele>1282</ele>
    </trkpt>
    <trkpt lat="41.887201" lon="-2.81666">
      <ele>1280.2</ele>
    </trkpt>
    <trkpt lat="41.887139" lon="-2.816627">
      <ele>1279.6</ele>
    </trkpt>
    <trkpt lat="41.887059" lon="-2.816585">
      <ele>1278.7</ele>
    </trkpt>
    <trkpt lat="41.886515" lon="-2.815859">
      <ele>1270.3</ele>
    </trkpt>
    <trkpt lat="41.886403" lon="-2.815559">
      <ele>1267.4</ele>
    </trkpt>
    <trkpt lat="41.886198" lon="-2.814748">
      <ele>1260.4</ele>
    </trkpt>
    <trkpt lat="41.886105" lon="-2.814472">
      <ele>1258.1</ele>
    </trkpt>
    <trkpt lat="41.88593" lon="-2.814077">
      <ele>1254.6</ele>
    </trkpt>
    <trkpt lat="41.885397" lon="-2.813015">
      <ele>1245.5</ele>
    </trkpt>
    <trkpt lat="41.885225" lon="-2.81272">
      <ele>1243</ele>
    </trkpt>
    <trkpt lat="41.88426" lon="-2.811528">
      <ele>1230.4</ele>
    </trkpt>
    <trkpt lat="41.884088" lon="-2.811232">
      <ele>1227.9</ele>
    </trkpt>
    <trkpt lat="41.883958" lon="-2.810822">
      <ele>1225.2</ele>
    </trkpt>
    <trkpt lat="41.883769" lon="-2.809947">
      <ele>1221</ele>
    </trkpt>
    <trkpt lat="41.882317" lon="-2.80296">
      <ele>1215.8</ele>
    </trkpt>
    <trkpt lat="41.88223" lon="-2.802512">
      <ele>1215.5</ele>
    </trkpt>
    <trkpt lat="41.882321" lon="-2.802389">
      <ele>1215.3</ele>
    </trkpt>
    <trkpt lat="41.882578" lon="-2.801923">
      <ele>1214.1</ele>
    </trkpt>
    <trkpt lat="41.882729" lon="-2.801749">
      <ele>1213.4</ele>
    </trkpt>
    <trkpt lat="41.882849" lon="-2.801704">
      <ele>1213</ele>
    </trkpt>
    <trkpt lat="41.883527" lon="-2.801663">
      <ele>1207.3</ele>
    </trkpt>
    <trkpt lat="41.883632" lon="-2.801635">
      <ele>1206.1</ele>
    </trkpt>
    <trkpt lat="41.883755" lon="-2.801774">
      <ele>1204.1</ele>
    </trkpt>
    <trkpt lat="41.883844" lon="-2.801747">
      <ele>1202.8</ele>
    </trkpt>
    <trkpt lat="41.883873" lon="-2.801708">
      <ele>1202.3</ele>
    </trkpt>
    <trkpt lat="41.883943" lon="-2.801507">
      <ele>1200.1</ele>
    </trkpt>
    <trkpt lat="41.884029" lon="-2.801342">
      <ele>1198</ele>
    </trkpt>
    <trkpt lat="41.884214" lon="-2.801225">
      <ele>1195.2</ele>
    </trkpt>
    <trkpt lat="41.884292" lon="-2.801212">
      <ele>1194.1</ele>
    </trkpt>
    <trkpt lat="41.884386" lon="-2.801216">
      <ele>1192.8</ele>
    </trkpt>
    <trkpt lat="41.884676" lon="-2.801354">
      <ele>1188.3</ele>
    </trkpt>
    <trkpt lat="41.884865" lon="-2.801409">
      <ele>1185.2</ele>
    </trkpt>
    <trkpt lat="41.885254" lon="-2.801671">
      <ele>1178.4</ele>
    </trkpt>
    <trkpt lat="41.885377" lon="-2.801833">
      <ele>1175.9</ele>
    </trkpt>
    <trkpt lat="41.885488" lon="-2.801862">
      <ele>1174.3</ele>
    </trkpt>
    <trkpt lat="41.88584" lon="-2.801805">
      <ele>1169.2</ele>
    </trkpt>
    <trkpt lat="41.885937" lon="-2.801746">
      <ele>1167.6</ele>
    </trkpt>
    <trkpt lat="41.886248" lon="-2.801677">
      <ele>1162.9</ele>
    </trkpt>
    <trkpt lat="41.886429" lon="-2.801601">
      <ele>1160</ele>
    </trkpt>
    <trkpt lat="41.886614" lon="-2.801451">
      <ele>1156.6</ele>
    </trkpt>
    <trkpt lat="41.886853" lon="-2.80146">
      <ele>1152.8</ele>
    </trkpt>
    <trkpt lat="41.887036" lon="-2.801336">
      <ele>1149.7</ele>
    </trkpt>
    <trkpt lat="41.887153" lon="-2.801181">
      <ele>1147.2</ele>
    </trkpt>
    <trkpt lat="41.887267" lon="-2.800865">
      <ele>1143.6</ele>
    </trkpt>
    <trkpt lat="41.887197" lon="-2.80047">
      <ele>1139.5</ele>
    </trkpt>
    <trkpt lat="41.887187" lon="-2.800298">
      <ele>1137.8</ele>
    </trkpt>
    <trkpt lat="41.887135" lon="-2.800144">
      <ele>1136.1</ele>
    </trkpt>
    <trkpt lat="41.886972" lon="-2.799792">
      <ele>1131.6</ele>
    </trkpt>
    <trkpt lat="41.886874" lon="-2.799718">
      <ele>1129.9</ele>
    </trkpt>
    <trkpt lat="41.886762" lon="-2.799558">
      <ele>1127.5</ele>
    </trkpt>
    <trkpt lat="41.886763" lon="-2.799419">
      <ele>1126</ele>
    </trkpt>
    <trkpt lat="41.886873" lon="-2.798901">
      <ele>1120.1</ele>
    </trkpt>
    <trkpt lat="41.887116" lon="-2.79863">
      <ele>1115.2</ele>
    </trkpt>
    <trkpt lat="41.887361" lon="-2.798828">
      <ele>1110.8</ele>
    </trkpt>
    <trkpt lat="41.887504" lon="-2.798798">
      <ele>1108.6</ele>
    </trkpt>
    <trkpt lat="41.887585" lon="-2.798645">
      <ele>1106.6</ele>
    </trkpt>
    <trkpt lat="41.887705" lon="-2.798135">
      <ele>1101.7</ele>
    </trkpt>
    <trkpt lat="41.887806" lon="-2.797849">
      <ele>1099.7</ele>
    </trkpt>
    <trkpt lat="41.88781" lon="-2.797777">
      <ele>1099.3</ele>
    </trkpt>
    <trkpt lat="41.887932" lon="-2.797729">
      <ele>1098.4</ele>
    </trkpt>
    <trkpt lat="41.888165" lon="-2.797555">
      <ele>1096.9</ele>
    </trkpt>
    <trkpt lat="41.887932" lon="-2.797729">
      <ele>1095.9</ele>
    </trkpt>
    <trkpt lat="41.88781" lon="-2.797777">
      <ele>1095.6</ele>
    </trkpt>
    <trkpt lat="41.88767" lon="-2.797364">
      <ele>1095.6</ele>
    </trkpt>
    <trkpt lat="41.887273" lon="-2.796517">
      <ele>1097.2</ele>
    </trkpt>
    <trkpt lat="41.886765" lon="-2.795757">
      <ele>1098</ele>
    </trkpt>
    <trkpt lat="41.886688" lon="-2.795492">
      <ele>1098.1</ele>
    </trkpt>
    <trkpt lat="41.886668" lon="-2.795017">
      <ele>1098.2</ele>
    </trkpt>
    <trkpt lat="41.886636" lon="-2.794765">
      <ele>1098.2</ele>
    </trkpt>
    <trkpt lat="41.886542" lon="-2.79437">
      <ele>1097.8</ele>
    </trkpt>
    <trkpt lat="41.886372" lon="-2.793883">
      <ele>1097.3</ele>
    </trkpt>
    <trkpt lat="41.886328" lon="-2.793185">
      <ele>1097.2</ele>
    </trkpt>
    <trkpt lat="41.886289" lon="-2.792979">
      <ele>1097.3</ele>
    </trkpt>
    <trkpt lat="41.886171" lon="-2.79271">
      <ele>1097.5</ele>
    </trkpt>
    <trkpt lat="41.885793" lon="-2.792126">
      <ele>1098.5</ele>
    </trkpt>
    <trkpt lat="41.885711" lon="-2.791909">
      <ele>1098.9</ele>
    </trkpt>
    <trkpt lat="41.885478" lon="-2.790778">
      <ele>1100.4</ele>
    </trkpt>
    <trkpt lat="41.885409" lon="-2.790327">
      <ele>1100.6</ele>
    </trkpt>
    <trkpt lat="41.885411" lon="-2.79018">
      <ele>1100.6</ele>
    </trkpt>
    <trkpt lat="41.885506" lon="-2.789572">
      <ele>1100.7</ele>
    </trkpt>
    <trkpt lat="41.885522" lon="-2.789382">
      <ele>1100.7</ele>
    </trkpt>
    <trkpt lat="41.885465" lon="-2.788927">
      <ele>1100.5</ele>
    </trkpt>
    <trkpt lat="41.885348" lon="-2.788335">
      <ele>1099.2</ele>
    </trkpt>
    <trkpt lat="41.885326" lon="-2.788261">
      <ele>1099.2</ele>
    </trkpt>
    <trkpt lat="41.8853" lon="-2.787943">
      <ele>1098.8</ele>
    </trkpt>
    <trkpt lat="41.885287" lon="-2.787809">
      <ele>1098.7</ele>
    </trkpt>
    <trkpt lat="41.885498" lon="-2.787533">
      <ele>1098.3</ele>
    </trkpt>
    <trkpt lat="41.885587" lon="-2.787492">
      <ele>1098.1</ele>
    </trkpt>
    <trkpt lat="41.885632" lon="-2.787417">
      <ele>1098</ele>
    </trkpt>
    <trkpt lat="41.885533" lon="-2.787294">
      <ele>1097.8</ele>
    </trkpt>
    <trkpt lat="41.885428" lon="-2.787242">
      <ele>1097.5</ele>
    </trkpt>
    <trkpt lat="41.885384" lon="-2.787238">
      <ele>1097.4</ele>
    </trkpt>
    <trkpt lat="41.885428" lon="-2.787242">
      <ele>1097.3</ele>
    </trkpt>
    <trkpt lat="41.885533" lon="-2.787294">
      <ele>1097</ele>
    </trkpt>
    <trkpt lat="41.885632" lon="-2.787417">
      <ele>1096.7</ele>
    </trkpt>
    <trkpt lat="41.885728" lon="-2.78738">
      <ele>1096.4</ele>
    </trkpt>
    <trkpt lat="41.885936" lon="-2.787364">
      <ele>1096</ele>
    </trkpt>
    <trkpt lat="41.885994" lon="-2.787363">
      <ele>1095.9</ele>
    </trkpt>
    <trkpt lat="41.886492" lon="-2.787265">
      <ele>1095.7</ele>
    </trkpt>
    <trkpt lat="41.886581" lon="-2.787241">
      <ele>1095.6</ele>
    </trkpt>
    <trkpt lat="41.886648" lon="-2.787205">
      <ele>1095.6</ele>
    </trkpt>
    <trkpt lat="41.886827" lon="-2.787138">
      <ele>1095.8</ele>
    </trkpt>
    <trkpt lat="41.887077" lon="-2.787062">
      <ele>1096</ele>
    </trkpt>
    <trkpt lat="41.887142" lon="-2.787077">
      <ele>1096.1</ele>
    </trkpt>
    <trkpt lat="41.887277" lon="-2.787014">
      <ele>1096.3</ele>
    </trkpt>
    <trkpt lat="41.887988" lon="-2.786485">
      <ele>1097.2</ele>
    </trkpt>
    <trkpt lat="41.888312" lon="-2.786049">
      <ele>1097.9</ele>
    </trkpt>
    <trkpt lat="41.888567" lon="-2.78532">
      <ele>1099</ele>
    </trkpt>
    <trkpt lat="41.888723" lon="-2.784971">
      <ele>1099.5</ele>
    </trkpt>
    <trkpt lat="41.888959" lon="-2.784156">
      <ele>1100.4</ele>
    </trkpt>
    <trkpt lat="41.889176" lon="-2.783216">
      <ele>1101.1</ele>
    </trkpt>
    <trkpt lat="41.889428" lon="-2.782452">
      <ele>1101.1</ele>
    </trkpt>
    <trkpt lat="41.889764" lon="-2.781572">
      <ele>1100.5</ele>
    </trkpt>
    <trkpt lat="41.889846" lon="-2.781446">
      <ele>1100.3</ele>
    </trkpt>
    <trkpt lat="41.890383" lon="-2.780971">
      <ele>1099.2</ele>
    </trkpt>
    <trkpt lat="41.891243" lon="-2.779784">
      <ele>1098.2</ele>
    </trkpt>
    <trkpt lat="41.89144" lon="-2.779418">
      <ele>1098.9</ele>
    </trkpt>
    <trkpt lat="41.891455" lon="-2.778492">
      <ele>1101.2</ele>
    </trkpt>
    <trkpt lat="41.892121" lon="-2.777732">
      <ele>1103.6</ele>
    </trkpt>
    <trkpt lat="41.892392" lon="-2.777618">
      <ele>1103.5</ele>
    </trkpt>
    <trkpt lat="41.892672" lon="-2.777192">
      <ele>1102.5</ele>
    </trkpt>
    <trkpt lat="41.893182" lon="-2.776766">
      <ele>1099.3</ele>
    </trkpt>
    <trkpt lat="41.893461" lon="-2.776262">
      <ele>1095.9</ele>
    </trkpt>
    <trkpt lat="41.893614" lon="-2.775933">
      <ele>1094.3</ele>
    </trkpt>
    <trkpt lat="41.893858" lon="-2.775963">
      <ele>1093</ele>
    </trkpt>
    <trkpt lat="41.893921" lon="-2.775995">
      <ele>1092.7</ele>
    </trkpt>
    <trkpt lat="41.894207" lon="-2.776173">
      <ele>1091.5</ele>
    </trkpt>
    <trkpt lat="41.893921" lon="-2.775995">
      <ele>1090.5</ele>
    </trkpt>
    <trkpt lat="41.894211" lon="-2.775045">
      <ele>1089.6</ele>
    </trkpt>
    <trkpt lat="41.894314" lon="-2.774781">
      <ele>1089.7</ele>
    </trkpt>
    <trkpt lat="41.894319" lon="-2.7747">
      <ele>1089.7</ele>
    </trkpt>
    <trkpt lat="41.894283" lon="-2.774623">
      <ele>1089.6</ele>
    </trkpt>
    <trkpt lat="41.894263" lon="-2.774468">
      <ele>1089.6</ele>
    </trkpt>
    <trkpt lat="41.894276" lon="-2.774375">
      <ele>1089.5</ele>
    </trkpt>
    <trkpt lat="41.894418" lon="-2.773818">
      <ele>1089.4</ele>
    </trkpt>
    <trkpt lat="41.894526" lon="-2.77318">
      <ele>1089.6</ele>
    </trkpt>
    <trkpt lat="41.8946" lon="-2.77295">
      <ele>1089.8</ele>
    </trkpt>
    <trkpt lat="41.894723" lon="-2.772169">
      <ele>1090.4</ele>
    </trkpt>
    <trkpt lat="41.894767" lon="-2.772051">
      <ele>1090.5</ele>
    </trkpt>
    <trkpt lat="41.8948" lon="-2.771848">
      <ele>1090.5</ele>
    </trkpt>
    <trkpt lat="41.89498" lon="-2.771386">
      <ele>1090.6</ele>
    </trkpt>
    <trkpt lat="41.895011" lon="-2.771222">
      <ele>1090.5</ele>
    </trkpt>
    <trkpt lat="41.895129" lon="-2.771018">
      <ele>1090.2</ele>
    </trkpt>
    <trkpt lat="41.895337" lon="-2.770497">
      <ele>1089.2</ele>
    </trkpt>
    <trkpt lat="41.895383" lon="-2.770277">
      <ele>1088.7</ele>
    </trkpt>
    <trkpt lat="41.895376" lon="-2.770121">
      <ele>1088.3</ele>
    </trkpt>
    <trkpt lat="41.895405" lon="-2.769925">
      <ele>1087.8</ele>
    </trkpt>
    <trkpt lat="41.895556" lon="-2.769396">
      <ele>1086.6</ele>
    </trkpt>
    <trkpt lat="41.895659" lon="-2.768784">
      <ele>1086</ele>
    </trkpt>
    <trkpt lat="41.895728" lon="-2.768536">
      <ele>1086</ele>
    </trkpt>
    <trkpt lat="41.895751" lon="-2.768246">
      <ele>1086.1</ele>
    </trkpt>
    <trkpt lat="41.895708" lon="-2.767757">
      <ele>1086.5</ele>
    </trkpt>
    <trkpt lat="41.895597" lon="-2.767464">
      <ele>1086.7</ele>
    </trkpt>
    <trkpt lat="41.895567" lon="-2.767253">
      <ele>1086.9</ele>
    </trkpt>
    <trkpt lat="41.895606" lon="-2.767187">
      <ele>1087</ele>
    </trkpt>
    <trkpt lat="41.89581" lon="-2.767082">
      <ele>1087.1</ele>
    </trkpt>
    <trkpt lat="41.895893" lon="-2.766972">
      <ele>1087.2</ele>
    </trkpt>
    <trkpt lat="41.895946" lon="-2.766843">
      <ele>1087.3</ele>
    </trkpt>
    <trkpt lat="41.896156" lon="-2.766559">
      <ele>1087.8</ele>
    </trkpt>
    <trkpt lat="41.896287" lon="-2.766271">
      <ele>1088.1</ele>
    </trkpt>
    <trkpt lat="41.896533" lon="-2.765884">
      <ele>1088.3</ele>
    </trkpt>
    <trkpt lat="41.896463" lon="-2.765787">
      <ele>1088.4</ele>
    </trkpt>
    <trkpt lat="41.896639" lon="-2.765474">
      <ele>1088.5</ele>
    </trkpt>
    <trkpt lat="41.896655" lon="-2.765183">
      <ele>1088.7</ele>
    </trkpt>
    <trkpt lat="41.896691" lon="-2.765076">
      <ele>1088.9</ele>
    </trkpt>
    <trkpt lat="41.896986" lon="-2.764584">
      <ele>1090.3</ele>
    </trkpt>
    <trkpt lat="41.897102" lon="-2.764311">
      <ele>1091.1</ele>
    </trkpt>
    <trkpt lat="41.89714" lon="-2.764118">
      <ele>1091.6</ele>
    </trkpt>
    <trkpt lat="41.897312" lon="-2.762222">
      <ele>1098.8</ele>
    </trkpt>
    <trkpt lat="41.897383" lon="-2.761924">
      <ele>1099.7</ele>
    </trkpt>
    <trkpt lat="41.897462" lon="-2.761742">
      <ele>1100</ele>
    </trkpt>
    <trkpt lat="41.897757" lon="-2.761308">
      <ele>1099.6</ele>
    </trkpt>
    <trkpt lat="41.897844" lon="-2.761064">
      <ele>1099.1</ele>
    </trkpt>
    <trkpt lat="41.898116" lon="-2.760843">
      <ele>1097.8</ele>
    </trkpt>
    <trkpt lat="41.898444" lon="-2.760494">
      <ele>1095.8</ele>
    </trkpt>
    <trkpt lat="41.89862" lon="-2.760244">
      <ele>1094.6</ele>
    </trkpt>
    <trkpt lat="41.898844" lon="-2.759919">
      <ele>1093</ele>
    </trkpt>
    <trkpt lat="41.898962" lon="-2.759713">
      <ele>1092.7</ele>
    </trkpt>
    <trkpt lat="41.898939" lon="-2.759641">
      <ele>1092.7</ele>
    </trkpt>
    <trkpt lat="41.898871" lon="-2.759437">
      <ele>1092.9</ele>
    </trkpt>
    <trkpt lat="41.898841" lon="-2.759126">
      <ele>1093.6</ele>
    </trkpt>
    <trkpt lat="41.898871" lon="-2.758485">
      <ele>1096.5</ele>
    </trkpt>
    <trkpt lat="41.898864" lon="-2.75819">
      <ele>1098.4</ele>
    </trkpt>
    <trkpt lat="41.898756" lon="-2.757809">
      <ele>1101.3</ele>
    </trkpt>
    <trkpt lat="41.898525" lon="-2.757148">
      <ele>1107.2</ele>
    </trkpt>
    <trkpt lat="41.898402" lon="-2.756863">
      <ele>1110</ele>
    </trkpt>
    <trkpt lat="41.898338" lon="-2.756757">
      <ele>1111.1</ele>
    </trkpt>
    <trkpt lat="41.89823" lon="-2.756647">
      <ele>1112.7</ele>
    </trkpt>
    <trkpt lat="41.897518" lon="-2.756142">
      <ele>1122</ele>
    </trkpt>
    <trkpt lat="41.897213" lon="-2.755881">
      <ele>1125.7</ele>
    </trkpt>
    <trkpt lat="41.897116" lon="-2.755751">
      <ele>1127</ele>
    </trkpt>
    <trkpt lat="41.896959" lon="-2.75546">
      <ele>1129.4</ele>
    </trkpt>
    <trkpt lat="41.896873" lon="-2.7552">
      <ele>1131.1</ele>
    </trkpt>
    <trkpt lat="41.89687" lon="-2.755025">
      <ele>1132.1</ele>
    </trkpt>
    <trkpt lat="41.8969" lon="-2.754905">
      <ele>1132.8</ele>
    </trkpt>
    <trkpt lat="41.8976" lon="-2.753728">
      <ele>1139.6</ele>
    </trkpt>
    <trkpt lat="41.897686" lon="-2.753497">
      <ele>1140.5</ele>
    </trkpt>
    <trkpt lat="41.897764" lon="-2.753182">
      <ele>1141.2</ele>
    </trkpt>
    <trkpt lat="41.897876" lon="-2.752526">
      <ele>1142.8</ele>
    </trkpt>
    <trkpt lat="41.897884" lon="-2.75214">
      <ele>1143.3</ele>
    </trkpt>
    <trkpt lat="41.898032" lon="-2.752121">
      <ele>1143.4</ele>
    </trkpt>
    <trkpt lat="41.898034" lon="-2.751947">
      <ele>1143.4</ele>
    </trkpt>
    <trkpt lat="41.898032" lon="-2.752121">
      <ele>1143.3</ele>
    </trkpt>
    <trkpt lat="41.897884" lon="-2.75214">
      <ele>1143.2</ele>
    </trkpt>
    <trkpt lat="41.897406" lon="-2.750163">
      <ele>1138.4</ele>
    </trkpt>
    <trkpt lat="41.897321" lon="-2.749732">
      <ele>1137</ele>
    </trkpt>
    <trkpt lat="41.897328" lon="-2.749495">
      <ele>1136.3</ele>
    </trkpt>
    <trkpt lat="41.897556" lon="-2.747929">
      <ele>1132.5</ele>
    </trkpt>
    <trkpt lat="41.897559" lon="-2.747709">
      <ele>1132.1</ele>
    </trkpt>
    <trkpt lat="41.897507" lon="-2.747398">
      <ele>1131.4</ele>
    </trkpt>
    <trkpt lat="41.897086" lon="-2.745761">
      <ele>1125.9</ele>
    </trkpt>
    <trkpt lat="41.897071" lon="-2.745365">
      <ele>1123.9</ele>
    </trkpt>
    <trkpt lat="41.897324" lon="-2.741424">
      <ele>1098.2</ele>
    </trkpt>
    <trkpt lat="41.897418" lon="-2.740703">
      <ele>1094.4</ele>
    </trkpt>
    <trkpt lat="41.897488" lon="-2.740343">
      <ele>1092.9</ele>
    </trkpt>
    <trkpt lat="41.897563" lon="-2.740087">
      <ele>1092</ele>
    </trkpt>
    <trkpt lat="41.897559" lon="-2.739882">
      <ele>1091.5</ele>
    </trkpt>
    <trkpt lat="41.897466" lon="-2.739587">
      <ele>1090.8</ele>
    </trkpt>
    <trkpt lat="41.897354" lon="-2.739421">
      <ele>1090.5</ele>
    </trkpt>
    <trkpt lat="41.897045" lon="-2.739006">
      <ele>1090.1</ele>
    </trkpt>
    <trkpt lat="41.896817" lon="-2.73879">
      <ele>1090.1</ele>
    </trkpt>
    <trkpt lat="41.896601" lon="-2.738755">
      <ele>1090</ele>
    </trkpt>
    <trkpt lat="41.896188" lon="-2.738831">
      <ele>1089.9</ele>
    </trkpt>
    <trkpt lat="41.896072" lon="-2.73882">
      <ele>1089.8</ele>
    </trkpt>
    <trkpt lat="41.895949" lon="-2.73877">
      <ele>1089.7</ele>
    </trkpt>
    <trkpt lat="41.895874" lon="-2.73868">
      <ele>1089.7</ele>
    </trkpt>
    <trkpt lat="41.895804" lon="-2.738545">
      <ele>1089.6</ele>
    </trkpt>
    <trkpt lat="41.895692" lon="-2.738064">
      <ele>1089.2</ele>
    </trkpt>
    <trkpt lat="41.895669" lon="-2.737849">
      <ele>1089</ele>
    </trkpt>
    <trkpt lat="41.895662" lon="-2.737248">
      <ele>1088.8</ele>
    </trkpt>
    <trkpt lat="41.89558" lon="-2.736993">
      <ele>1088.8</ele>
    </trkpt>
    <trkpt lat="41.895479" lon="-2.736913">
      <ele>1088.9</ele>
    </trkpt>
    <trkpt lat="41.895207" lon="-2.736858">
      <ele>1089.2</ele>
    </trkpt>
    <trkpt lat="41.894346" lon="-2.736832">
      <ele>1092.4</ele>
    </trkpt>
    <trkpt lat="41.893493" lon="-2.736893">
      <ele>1097.2</ele>
    </trkpt>
    <trkpt lat="41.893314" lon="-2.736867">
      <ele>1098.3</ele>
    </trkpt>
    <trkpt lat="41.891405" lon="-2.735936">
      <ele>1109.1</ele>
    </trkpt>
    <trkpt lat="41.891126" lon="-2.735741">
      <ele>1110.2</ele>
    </trkpt>
    <trkpt lat="41.890801" lon="-2.73544">
      <ele>1110.9</ele>
    </trkpt>
    <trkpt lat="41.890317" lon="-2.73514">
      <ele>1110.9</ele>
    </trkpt>
    <trkpt lat="41.890041" lon="-2.73491">
      <ele>1110.3</ele>
    </trkpt>
    <trkpt lat="41.889616" lon="-2.734394">
      <ele>1108.5</ele>
    </trkpt>
    <trkpt lat="41.889075" lon="-2.734078">
      <ele>1105.9</ele>
    </trkpt>
    <trkpt lat="41.887998" lon="-2.733337">
      <ele>1100.3</ele>
    </trkpt>
    <trkpt lat="41.887271" lon="-2.732877">
      <ele>1096.1</ele>
    </trkpt>
    <trkpt lat="41.88651" lon="-2.732095">
      <ele>1091</ele>
    </trkpt>
    <trkpt lat="41.886309" lon="-2.73194">
      <ele>1090</ele>
    </trkpt>
    <trkpt lat="41.886119" lon="-2.73183">
      <ele>1089.3</ele>
    </trkpt>
    <trkpt lat="41.885951" lon="-2.73177">
      <ele>1088.9</ele>
    </trkpt>
    <trkpt lat="41.88553" lon="-2.731745">
      <ele>1088.4</ele>
    </trkpt>
    <trkpt lat="41.88521" lon="-2.731625">
      <ele>1088.6</ele>
    </trkpt>
    <trkpt lat="41.883454" lon="-2.730853">
      <ele>1092.3</ele>
    </trkpt>
    <trkpt lat="41.882924" lon="-2.730508">
      <ele>1094.5</ele>
    </trkpt>
    <trkpt lat="41.882454" lon="-2.730047">
      <ele>1097.9</ele>
    </trkpt>
    <trkpt lat="41.882167" lon="-2.729852">
      <ele>1100.2</ele>
    </trkpt>
    <trkpt lat="41.881411" lon="-2.729617">
      <ele>1106.1</ele>
    </trkpt>
    <trkpt lat="41.880355" lon="-2.729226">
      <ele>1114</ele>
    </trkpt>
    <trkpt lat="41.880214" lon="-2.729201">
      <ele>1114.9</ele>
    </trkpt>
    <trkpt lat="41.880053" lon="-2.729196">
      <ele>1115.8</ele>
    </trkpt>
    <trkpt lat="41.878924" lon="-2.729396">
      <ele>1118.7</ele>
    </trkpt>
    <trkpt lat="41.878611" lon="-2.729381">
      <ele>1118.4</ele>
    </trkpt>
    <trkpt lat="41.87829" lon="-2.729326">
      <ele>1118.3</ele>
    </trkpt>
    <trkpt lat="41.877555" lon="-2.729551">
      <ele>1120.7</ele>
    </trkpt>
    <trkpt lat="41.877484" lon="-2.729655">
      <ele>1121.3</ele>
    </trkpt>
    <trkpt lat="41.877574" lon="-2.730412">
      <ele>1125.8</ele>
    </trkpt>
    <trkpt lat="41.877133" lon="-2.730688">
      <ele>1130.7</ele>
    </trkpt>
    <trkpt lat="41.876691" lon="-2.731086">
      <ele>1135.6</ele>
    </trkpt>
    <trkpt lat="41.876582" lon="-2.731314">
      <ele>1137</ele>
    </trkpt>
    <trkpt lat="41.876527" lon="-2.731542">
      <ele>1138.1</ele>
    </trkpt>
    <trkpt lat="41.876509" lon="-2.731729">
      <ele>1138.9</ele>
    </trkpt>
    <trkpt lat="41.876527" lon="-2.731843">
      <ele>1139.4</ele>
    </trkpt>
    <trkpt lat="41.876582" lon="-2.731858">
      <ele>1139.7</ele>
    </trkpt>
    <trkpt lat="41.877004" lon="-2.731476">
      <ele>1142.9</ele>
    </trkpt>
    <trkpt lat="41.877366" lon="-2.731381">
      <ele>1146</ele>
    </trkpt>
    <trkpt lat="41.877674" lon="-2.731383">
      <ele>1149.2</ele>
    </trkpt>
    <trkpt lat="41.878087" lon="-2.731429">
      <ele>1154.3</ele>
    </trkpt>
    <trkpt lat="41.878304" lon="-2.731603">
      <ele>1157.8</ele>
    </trkpt>
    <trkpt lat="41.878424" lon="-2.731902">
      <ele>1161.4</ele>
    </trkpt>
    <trkpt lat="41.878441" lon="-2.732177">
      <ele>1164.5</ele>
    </trkpt>
    <trkpt lat="41.878246" lon="-2.733427">
      <ele>1179</ele>
    </trkpt>
    <trkpt lat="41.878291" lon="-2.733928">
      <ele>1184.5</ele>
    </trkpt>
    <trkpt lat="41.878588" lon="-2.734911">
      <ele>1195.2</ele>
    </trkpt>
    <trkpt lat="41.878514" lon="-2.735183">
      <ele>1197.8</ele>
    </trkpt>
    <trkpt lat="41.878548" lon="-2.735584">
      <ele>1200.9</ele>
    </trkpt>
    <trkpt lat="41.878545" lon="-2.735817">
      <ele>1202.6</ele>
    </trkpt>
    <trkpt lat="41.878307" lon="-2.736453">
      <ele>1206.8</ele>
    </trkpt>
    <trkpt lat="41.878248" lon="-2.736672">
      <ele>1207.9</ele>
    </trkpt>
    <trkpt lat="41.878315" lon="-2.73686">
      <ele>1208.9</ele>
    </trkpt>
    <trkpt lat="41.878498" lon="-2.737222">
      <ele>1210.7</ele>
    </trkpt>
    <trkpt lat="41.879035" lon="-2.737946">
      <ele>1214.6</ele>
    </trkpt>
    <trkpt lat="41.879494" lon="-2.738498">
      <ele>1217.5</ele>
    </trkpt>
    <trkpt lat="41.879991" lon="-2.738987">
      <ele>1220.1</ele>
    </trkpt>
    <trkpt lat="41.88047" lon="-2.739384">
      <ele>1222.4</ele>
    </trkpt>
    <trkpt lat="41.88107" lon="-2.739754">
      <ele>1225.6</ele>
    </trkpt>
    <trkpt lat="41.881459" lon="-2.739784">
      <ele>1227.8</ele>
    </trkpt>
    <trkpt lat="41.881979" lon="-2.740011">
      <ele>1231.3</ele>
    </trkpt>
    <trkpt lat="41.882302" lon="-2.739895">
      <ele>1233.4</ele>
    </trkpt>
    <trkpt lat="41.882602" lon="-2.739718">
      <ele>1235.3</ele>
    </trkpt>
    <trkpt lat="41.882912" lon="-2.739356">
      <ele>1237.2</ele>
    </trkpt>
    <trkpt lat="41.882958" lon="-2.739137">
      <ele>1237.8</ele>
    </trkpt>
    <trkpt lat="41.88309" lon="-2.739042">
      <ele>1238.3</ele>
    </trkpt>
    <trkpt lat="41.884115" lon="-2.73919">
      <ele>1239.5</ele>
    </trkpt>
    <trkpt lat="41.88444" lon="-2.739424">
      <ele>1239.4</ele>
    </trkpt>
    <trkpt lat="41.884553" lon="-2.739544">
      <ele>1239.4</ele>
    </trkpt>
    <trkpt lat="41.884737" lon="-2.739511">
      <ele>1239.3</ele>
    </trkpt>
    <trkpt lat="41.884958" lon="-2.73965">
      <ele>1239</ele>
    </trkpt>
    <trkpt lat="41.885587" lon="-2.740214">
      <ele>1237.7</ele>
    </trkpt>
    <trkpt lat="41.885809" lon="-2.740442">
      <ele>1237.2</ele>
    </trkpt>
    <trkpt lat="41.886008" lon="-2.741013">
      <ele>1236.4</ele>
    </trkpt>
    <trkpt lat="41.886163" lon="-2.741217">
      <ele>1235.9</ele>
    </trkpt>
    <trkpt lat="41.886284" lon="-2.741278">
      <ele>1235.6</ele>
    </trkpt>
    <trkpt lat="41.886556" lon="-2.741246">
      <ele>1234.7</ele>
    </trkpt>
    <trkpt lat="41.886728" lon="-2.741337">
      <ele>1234.1</ele>
    </trkpt>
    <trkpt lat="41.886927" lon="-2.74149">
      <ele>1233.1</ele>
    </trkpt>
    <trkpt lat="41.887115" lon="-2.741979">
      <ele>1231</ele>
    </trkpt>
    <trkpt lat="41.887153" lon="-2.742242">
      <ele>1229.8</ele>
    </trkpt>
    <trkpt lat="41.887162" lon="-2.742693">
      <ele>1227.5</ele>
    </trkpt>
    <trkpt lat="41.887226" lon="-2.74274">
      <ele>1226.9</ele>
    </trkpt>
    <trkpt lat="41.88736" lon="-2.742715">
      <ele>1225.9</ele>
    </trkpt>
    <trkpt lat="41.887459" lon="-2.74274">
      <ele>1225.1</ele>
    </trkpt>
    <trkpt lat="41.887948" lon="-2.743226">
      <ele>1220.8</ele>
    </trkpt>
    <trkpt lat="41.888431" lon="-2.743598">
      <ele>1217.8</ele>
    </trkpt>
    <trkpt lat="41.889097" lon="-2.743863">
      <ele>1214.5</ele>
    </trkpt>
    <trkpt lat="41.888959" lon="-2.743966">
      <ele>1213.7</ele>
    </trkpt>
    <trkpt lat="41.888872" lon="-2.744084">
      <ele>1212.9</ele>
    </trkpt>
    <trkpt lat="41.88884" lon="-2.74432">
      <ele>1211.8</ele>
    </trkpt>
    <trkpt lat="41.88884" lon="-2.744567">
      <ele>1210.4</ele>
    </trkpt>
    <trkpt lat="41.88856" lon="-2.745189">
      <ele>1205.5</ele>
    </trkpt>
    <trkpt lat="41.88832" lon="-2.745414">
      <ele>1202.2</ele>
    </trkpt>
    <trkpt lat="41.888161" lon="-2.745683">
      <ele>1199.2</ele>
    </trkpt>
    <trkpt lat="41.887985" lon="-2.74579">
      <ele>1196.8</ele>
    </trkpt>
    <trkpt lat="41.887729" lon="-2.745854">
      <ele>1193.6</ele>
    </trkpt>
    <trkpt lat="41.887394" lon="-2.746015">
      <ele>1189.2</ele>
    </trkpt>
    <trkpt lat="41.887258" lon="-2.745919">
      <ele>1187.4</ele>
    </trkpt>
    <trkpt lat="41.887051" lon="-2.745951">
      <ele>1184.9</ele>
    </trkpt>
    <trkpt lat="41.886979" lon="-2.746047">
      <ele>1183.6</ele>
    </trkpt>
    <trkpt lat="41.886907" lon="-2.746058">
      <ele>1182.8</ele>
    </trkpt>
    <trkpt lat="41.886747" lon="-2.746155">
      <ele>1180.7</ele>
    </trkpt>
    <trkpt lat="41.886476" lon="-2.746369">
      <ele>1177.1</ele>
    </trkpt>
    <trkpt lat="41.886292" lon="-2.746713">
      <ele>1173.6</ele>
    </trkpt>
    <trkpt lat="41.885677" lon="-2.747485">
      <ele>1165.2</ele>
    </trkpt>
    <trkpt lat="41.885525" lon="-2.747635">
      <ele>1163.5</ele>
    </trkpt>
    <trkpt lat="41.885325" lon="-2.747775">
      <ele>1161.6</ele>
    </trkpt>
    <trkpt lat="41.884982" lon="-2.747839">
      <ele>1158.7</ele>
    </trkpt>
    <trkpt lat="41.884566" lon="-2.748118">
      <ele>1155.2</ele>
    </trkpt>
    <trkpt lat="41.884119" lon="-2.748654">
      <ele>1150.8</ele>
    </trkpt>
    <trkpt lat="41.883808" lon="-2.748751">
      <ele>1148.6</ele>
    </trkpt>
    <trkpt lat="41.883624" lon="-2.748869">
      <ele>1147.2</ele>
    </trkpt>
    <trkpt lat="41.883424" lon="-2.749116">
      <ele>1145.5</ele>
    </trkpt>
    <trkpt lat="41.883081" lon="-2.749405">
      <ele>1143.3</ele>
    </trkpt>
    <trkpt lat="41.882777" lon="-2.749577">
      <ele>1141.8</ele>
    </trkpt>
    <trkpt lat="41.882466" lon="-2.749448">
      <ele>1140.5</ele>
    </trkpt>
    <trkpt lat="41.882282" lon="-2.749545">
      <ele>1139.6</ele>
    </trkpt>
    <trkpt lat="41.882098" lon="-2.749845">
      <ele>1138.2</ele>
    </trkpt>
    <trkpt lat="41.881986" lon="-2.750307">
      <ele>1136.3</ele>
    </trkpt>
    <trkpt lat="41.881859" lon="-2.750532">
      <ele>1135.1</ele>
    </trkpt>
    <trkpt lat="41.881475" lon="-2.751455">
      <ele>1129.9</ele>
    </trkpt>
    <trkpt lat="41.881355" lon="-2.752088">
      <ele>1127.4</ele>
    </trkpt>
    <trkpt lat="41.881355" lon="-2.752195">
      <ele>1127.2</ele>
    </trkpt>
    <trkpt lat="41.881611" lon="-2.752259">
      <ele>1126.6</ele>
    </trkpt>
    <trkpt lat="41.881723" lon="-2.75242">
      <ele>1126.4</ele>
    </trkpt>
    <trkpt lat="41.881883" lon="-2.752431">
      <ele>1126.5</ele>
    </trkpt>
    <trkpt lat="41.882346" lon="-2.752882">
      <ele>1128.2</ele>
    </trkpt>
    <trkpt lat="41.882554" lon="-2.753021">
      <ele>1129.4</ele>
    </trkpt>
    <trkpt lat="41.882905" lon="-2.753053">
      <ele>1131.5</ele>
    </trkpt>
    <trkpt lat="41.88344" lon="-2.753311">
      <ele>1135.1</ele>
    </trkpt>
    <trkpt lat="41.8836" lon="-2.7533">
      <ele>1136.1</ele>
    </trkpt>
    <trkpt lat="41.883816" lon="-2.753236">
      <ele>1137.6</ele>
    </trkpt>
    <trkpt lat="41.884023" lon="-2.753246">
      <ele>1138.9</ele>
    </trkpt>
    <trkpt lat="41.884239" lon="-2.753214">
      <ele>1140.3</ele>
    </trkpt>
    <trkpt lat="41.884702" lon="-2.753332">
      <ele>1143.5</ele>
    </trkpt>
    <trkpt lat="41.884838" lon="-2.753289">
      <ele>1144.5</ele>
    </trkpt>
    <trkpt lat="41.884845" lon="-2.753293">
      <ele>1144.5</ele>
    </trkpt>
    <trkpt lat="41.884926" lon="-2.753332">
      <ele>1145.2</ele>
    </trkpt>
    <trkpt lat="41.885237" lon="-2.753665">
      <ele>1148</ele>
    </trkpt>
    <trkpt lat="41.885437" lon="-2.754008">
      <ele>1150.5</ele>
    </trkpt>
    <trkpt lat="41.885629" lon="-2.754051">
      <ele>1152</ele>
    </trkpt>
    <trkpt lat="41.88586" lon="-2.753912">
      <ele>1153.9</ele>
    </trkpt>
    <trkpt lat="41.886076" lon="-2.753708">
      <ele>1156</ele>
    </trkpt>
    <trkpt lat="41.88614" lon="-2.753558">
      <ele>1157</ele>
    </trkpt>
    <trkpt lat="41.886188" lon="-2.753053">
      <ele>1160</ele>
    </trkpt>
    <trkpt lat="41.88634" lon="-2.752334">
      <ele>1164.2</ele>
    </trkpt>
    <trkpt lat="41.886388" lon="-2.751862">
      <ele>1167</ele>
    </trkpt>
    <trkpt lat="41.886356" lon="-2.75154">
      <ele>1169</ele>
    </trkpt>
    <trkpt lat="41.886476" lon="-2.751476">
      <ele>1170.1</ele>
    </trkpt>
    <trkpt lat="41.886611" lon="-2.751701">
      <ele>1172</ele>
    </trkpt>
    <trkpt lat="41.886747" lon="-2.752098">
      <ele>1175.1</ele>
    </trkpt>
    <trkpt lat="41.88737" lon="-2.752238">
      <ele>1181.6</ele>
    </trkpt>
    <trkpt lat="41.887841" lon="-2.752442">
      <ele>1187.3</ele>
    </trkpt>
    <trkpt lat="41.888097" lon="-2.752753">
      <ele>1191.2</ele>
    </trkpt>
    <trkpt lat="41.888424" lon="-2.753332">
      <ele>1197</ele>
    </trkpt>
    <trkpt lat="41.888592" lon="-2.753568">
      <ele>1199.4</ele>
    </trkpt>
    <trkpt lat="41.888848" lon="-2.754212">
      <ele>1204.2</ele>
    </trkpt>
    <trkpt lat="41.889007" lon="-2.754695">
      <ele>1207.6</ele>
    </trkpt>
    <trkpt lat="41.889039" lon="-2.755167">
      <ele>1210.6</ele>
    </trkpt>
    <trkpt lat="41.889167" lon="-2.755757">
      <ele>1214.6</ele>
    </trkpt>
    <trkpt lat="41.889343" lon="-2.756197">
      <ele>1218</ele>
    </trkpt>
    <trkpt lat="41.889463" lon="-2.756669">
      <ele>1221.3</ele>
    </trkpt>
    <trkpt lat="41.890237" lon="-2.757291">
      <ele>1226.7</ele>
    </trkpt>
    <trkpt lat="41.890349" lon="-2.757323">
      <ele>1227.1</ele>
    </trkpt>
    <trkpt lat="41.890492" lon="-2.757478">
      <ele>1227.5</ele>
    </trkpt>
    <trkpt lat="41.890317" lon="-2.75832">
      <ele>1227.8</ele>
    </trkpt>
    <trkpt lat="41.890063" lon="-2.759096">
      <ele>1226.6</ele>
    </trkpt>
    <trkpt lat="41.890018" lon="-2.759326">
      <ele>1226.2</ele>
    </trkpt>
    <trkpt lat="41.889992" lon="-2.759727">
      <ele>1225.6</ele>
    </trkpt>
    <trkpt lat="41.889985" lon="-2.760543">
      <ele>1224.4</ele>
    </trkpt>
    <trkpt lat="41.88994" lon="-2.760919">
      <ele>1223.7</ele>
    </trkpt>
    <trkpt lat="41.889888" lon="-2.761109">
      <ele>1223.3</ele>
    </trkpt>
    <trkpt lat="41.889813" lon="-2.761269">
      <ele>1223</ele>
    </trkpt>
    <trkpt lat="41.889564" lon="-2.761595">
      <ele>1222.2</ele>
    </trkpt>
    <trkpt lat="41.889515" lon="-2.761715">
      <ele>1221.9</ele>
    </trkpt>
    <trkpt lat="41.889504" lon="-2.762216">
      <ele>1220.7</ele>
    </trkpt>
    <trkpt lat="41.889452" lon="-2.762571">
      <ele>1219.8</ele>
    </trkpt>
    <trkpt lat="41.88929" lon="-2.76282">
      <ele>1218.9</ele>
    </trkpt>
    <trkpt lat="41.889101" lon="-2.763075">
      <ele>1217.9</ele>
    </trkpt>
    <trkpt lat="41.888751" lon="-2.763693">
      <ele>1215.2</ele>
    </trkpt>
    <trkpt lat="41.888654" lon="-2.763813">
      <ele>1214.5</ele>
    </trkpt>
    <trkpt lat="41.888214" lon="-2.764219">
      <ele>1211.5</ele>
    </trkpt>
    <trkpt lat="41.888005" lon="-2.764514">
      <ele>1209.8</ele>
    </trkpt>
    <trkpt lat="41.887774" lon="-2.764935">
      <ele>1207.4</ele>
    </trkpt>
    <trkpt lat="41.887405" lon="-2.765741">
      <ele>1202.6</ele>
    </trkpt>
    <trkpt lat="41.887107" lon="-2.766157">
      <ele>1199.3</ele>
    </trkpt>
    <trkpt lat="41.886414" lon="-2.766742">
      <ele>1192.4</ele>
    </trkpt>
    <trkpt lat="41.885731" lon="-2.767363">
      <ele>1185.7</ele>
    </trkpt>
    <trkpt lat="41.885567" lon="-2.767549">
      <ele>1184.1</ele>
    </trkpt>
    <trkpt lat="41.885407" lon="-2.767804">
      <ele>1182.3</ele>
    </trkpt>
    <trkpt lat="41.885086" lon="-2.76845">
      <ele>1178.2</ele>
    </trkpt>
    <trkpt lat="41.884997" lon="-2.76872">
      <ele>1176.6</ele>
    </trkpt>
    <trkpt lat="41.884967" lon="-2.769006">
      <ele>1175</ele>
    </trkpt>
    <trkpt lat="41.884997" lon="-2.769306">
      <ele>1173.3</ele>
    </trkpt>
    <trkpt lat="41.884975" lon="-2.769411">
      <ele>1172.7</ele>
    </trkpt>
    <trkpt lat="41.884404" lon="-2.770583">
      <ele>1163.3</ele>
    </trkpt>
    <trkpt lat="41.884318" lon="-2.770688">
      <ele>1162.3</ele>
    </trkpt>
    <trkpt lat="41.884218" lon="-2.770758">
      <ele>1161.3</ele>
    </trkpt>
    <trkpt lat="41.884024" lon="-2.770773">
      <ele>1159.6</ele>
    </trkpt>
    <trkpt lat="41.883603" lon="-2.770739">
      <ele>1156.2</ele>
    </trkpt>
    <trkpt lat="41.883498" lon="-2.770658">
      <ele>1155.3</ele>
    </trkpt>
    <trkpt lat="41.883442" lon="-2.770553">
      <ele>1154.5</ele>
    </trkpt>
    <trkpt lat="41.883394" lon="-2.770268">
      <ele>1152.8</ele>
    </trkpt>
    <trkpt lat="41.883293" lon="-2.770198">
      <ele>1151.9</ele>
    </trkpt>
    <trkpt lat="41.883193" lon="-2.770178">
      <ele>1151.2</ele>
    </trkpt>
    <trkpt lat="41.883055" lon="-2.770188">
      <ele>1150.2</ele>
    </trkpt>
    <trkpt lat="41.882246" lon="-2.770378">
      <ele>1144.3</ele>
    </trkpt>
    <trkpt lat="41.881194" lon="-2.770313">
      <ele>1136.7</ele>
    </trkpt>
    <trkpt lat="41.880896" lon="-2.770373">
      <ele>1134.7</ele>
    </trkpt>
    <trkpt lat="41.880711" lon="-2.770456">
      <ele>1133.4</ele>
    </trkpt>
    <trkpt lat="41.880256" lon="-2.76908">
      <ele>1126.6</ele>
    </trkpt>
    <trkpt lat="41.879941" lon="-2.767991">
      <ele>1121.9</ele>
    </trkpt>
    <trkpt lat="41.879802" lon="-2.768335">
      <ele>1120.4</ele>
    </trkpt>
    <trkpt lat="41.879584" lon="-2.768384">
      <ele>1119.3</ele>
    </trkpt>
    <trkpt lat="41.879281" lon="-2.768287">
      <ele>1118</ele>
    </trkpt>
    <trkpt lat="41.878942" lon="-2.768124">
      <ele>1116.9</ele>
    </trkpt>
    <trkpt lat="41.878591" lon="-2.76827">
      <ele>1115.8</ele>
    </trkpt>
    <trkpt lat="41.878313" lon="-2.768238">
      <ele>1115.1</ele>
    </trkpt>
    <trkpt lat="41.877719" lon="-2.768644">
      <ele>1113.8</ele>
    </trkpt>
    <trkpt lat="41.877393" lon="-2.768937">
      <ele>1113</ele>
    </trkpt>
    <trkpt lat="41.877223" lon="-2.76923">
      <ele>1112.4</ele>
    </trkpt>
    <trkpt lat="41.877041" lon="-2.769392">
      <ele>1111.9</ele>
    </trkpt>
    <trkpt lat="41.876957" lon="-2.769539">
      <ele>1111.6</ele>
    </trkpt>
    <trkpt lat="41.876872" lon="-2.770157">
      <ele>1110.5</ele>
    </trkpt>
    <trkpt lat="41.876727" lon="-2.770498">
      <ele>1109.8</ele>
    </trkpt>
    <trkpt lat="41.876666" lon="-2.771116">
      <ele>1108.7</ele>
    </trkpt>
    <trkpt lat="41.876581" lon="-2.771702">
      <ele>1107.6</ele>
    </trkpt>
    <trkpt lat="41.876448" lon="-2.772303">
      <ele>1106.4</ele>
    </trkpt>
    <trkpt lat="41.876472" lon="-2.772775">
      <ele>1105.5</ele>
    </trkpt>
    <trkpt lat="41.876424" lon="-2.772986">
      <ele>1105</ele>
    </trkpt>
    <trkpt lat="41.876182" lon="-2.77336">
      <ele>1103.9</ele>
    </trkpt>
    <trkpt lat="41.876145" lon="-2.773913">
      <ele>1102.5</ele>
    </trkpt>
    <trkpt lat="41.875952" lon="-2.774629">
      <ele>1100.5</ele>
    </trkpt>
    <trkpt lat="41.875649" lon="-2.775377">
      <ele>1098</ele>
    </trkpt>
    <trkpt lat="41.875564" lon="-2.775897">
      <ele>1096.6</ele>
    </trkpt>
    <trkpt lat="41.875201" lon="-2.776401">
      <ele>1095.1</ele>
    </trkpt>
    <trkpt lat="41.874995" lon="-2.776775">
      <ele>1094.5</ele>
    </trkpt>
    <trkpt lat="41.875068" lon="-2.777036">
      <ele>1094.3</ele>
    </trkpt>
    <trkpt lat="41.875383" lon="-2.777068">
      <ele>1094.3</ele>
    </trkpt>
    <trkpt lat="41.875479" lon="-2.776987">
      <ele>1094.3</ele>
    </trkpt>
    <trkpt lat="41.875855" lon="-2.777166">
      <ele>1094.8</ele>
    </trkpt>
    <trkpt lat="41.876074" lon="-2.777171">
      <ele>1095.1</ele>
    </trkpt>
    <trkpt lat="41.876291" lon="-2.777052">
      <ele>1095.6</ele>
    </trkpt>
    <trkpt lat="41.876831" lon="-2.777301">
      <ele>1097.2</ele>
    </trkpt>
    <trkpt lat="41.876952" lon="-2.777426">
      <ele>1097.8</ele>
    </trkpt>
    <trkpt lat="41.877102" lon="-2.777962">
      <ele>1099.7</ele>
    </trkpt>
    <trkpt lat="41.877259" lon="-2.778223">
      <ele>1100.9</ele>
    </trkpt>
    <trkpt lat="41.877659" lon="-2.778645">
      <ele>1103.7</ele>
    </trkpt>
    <trkpt lat="41.877733" lon="-2.778658">
      <ele>1104.2</ele>
    </trkpt>
    <trkpt lat="41.878034" lon="-2.77871">
      <ele>1105.9</ele>
    </trkpt>
    <trkpt lat="41.878373" lon="-2.778873">
      <ele>1108.2</ele>
    </trkpt>
    <trkpt lat="41.878957" lon="-2.779519">
      <ele>1112.8</ele>
    </trkpt>
    <trkpt lat="41.879216" lon="-2.779569">
      <ele>1114.1</ele>
    </trkpt>
    <trkpt lat="41.879938" lon="-2.779724">
      <ele>1116.5</ele>
    </trkpt>
    <trkpt lat="41.880152" lon="-2.779787">
      <ele>1116.9</ele>
    </trkpt>
    <trkpt lat="41.881674" lon="-2.780443">
      <ele>1116.5</ele>
    </trkpt>
    <trkpt lat="41.881643" lon="-2.780778">
      <ele>1116.8</ele>
    </trkpt>
    <trkpt lat="41.881655" lon="-2.780983">
      <ele>1117.2</ele>
    </trkpt>
    <trkpt lat="41.88171" lon="-2.781232">
      <ele>1117.9</ele>
    </trkpt>
    <trkpt lat="41.88193" lon="-2.781682">
      <ele>1119.9</ele>
    </trkpt>
    <trkpt lat="41.881716" lon="-2.781641">
      <ele>1121.4</ele>
    </trkpt>
    <trkpt lat="41.881592" lon="-2.781571">
      <ele>1122.4</ele>
    </trkpt>
    <trkpt lat="41.881504" lon="-2.781665">
      <ele>1123.3</ele>
    </trkpt>
    <trkpt lat="41.88145" lon="-2.781811">
      <ele>1124.3</ele>
    </trkpt>
    <trkpt lat="41.881468" lon="-2.782055">
      <ele>1125.7</ele>
    </trkpt>
    <trkpt lat="41.881408" lon="-2.78212">
      <ele>1126.3</ele>
    </trkpt>
    <trkpt lat="41.88128" lon="-2.782104">
      <ele>1127.3</ele>
    </trkpt>
    <trkpt lat="41.880996" lon="-2.781933">
      <ele>1129.8</ele>
    </trkpt>
    <trkpt lat="41.880656" lon="-2.781916">
      <ele>1132.6</ele>
    </trkpt>
    <trkpt lat="41.880402" lon="-2.781802">
      <ele>1134.4</ele>
    </trkpt>
    <trkpt lat="41.880015" lon="-2.781883">
      <ele>1136.5</ele>
    </trkpt>
    <trkpt lat="41.879615" lon="-2.781883">
      <ele>1138</ele>
    </trkpt>
    <trkpt lat="41.878537" lon="-2.782257">
      <ele>1138.7</ele>
    </trkpt>
    <trkpt lat="41.876649" lon="-2.783298">
      <ele>1137</ele>
    </trkpt>
    <trkpt lat="41.876382" lon="-2.783542">
      <ele>1137.5</ele>
    </trkpt>
    <trkpt lat="41.876326" lon="-2.78363">
      <ele>1137.8</ele>
    </trkpt>
    <trkpt lat="41.875934" lon="-2.784241">
      <ele>1139.9</ele>
    </trkpt>
    <trkpt lat="41.875692" lon="-2.785103">
      <ele>1143.4</ele>
    </trkpt>
    <trkpt lat="41.87545" lon="-2.785591">
      <ele>1145.8</ele>
    </trkpt>
    <trkpt lat="41.875256" lon="-2.786258">
      <ele>1148.4</ele>
    </trkpt>
    <trkpt lat="41.875341" lon="-2.78668">
      <ele>1149.7</ele>
    </trkpt>
    <trkpt lat="41.875583" lon="-2.787315">
      <ele>1151.2</ele>
    </trkpt>
    <trkpt lat="41.875644" lon="-2.78777">
      <ele>1151.8</ele>
    </trkpt>
    <trkpt lat="41.875571" lon="-2.789103">
      <ele>1152.4</ele>
    </trkpt>
    <trkpt lat="41.875631" lon="-2.789851">
      <ele>1152.4</ele>
    </trkpt>
    <trkpt lat="41.875789" lon="-2.79086">
      <ele>1152.9</ele>
    </trkpt>
    <trkpt lat="41.875971" lon="-2.791705">
      <ele>1153.6</ele>
    </trkpt>
    <trkpt lat="41.876031" lon="-2.792551">
      <ele>1154.6</ele>
    </trkpt>
    <trkpt lat="41.876346" lon="-2.794291">
      <ele>1157.4</ele>
    </trkpt>
    <trkpt lat="41.876491" lon="-2.794763">
      <ele>1158.1</ele>
    </trkpt>
    <trkpt lat="41.876528" lon="-2.795446">
      <ele>1158.9</ele>
    </trkpt>
    <trkpt lat="41.876528" lon="-2.796047">
      <ele>1159.3</ele>
    </trkpt>
    <trkpt lat="41.87637" lon="-2.797185">
      <ele>1159.4</ele>
    </trkpt>
    <trkpt lat="41.876394" lon="-2.797673">
      <ele>1159.2</ele>
    </trkpt>
    <trkpt lat="41.87637" lon="-2.798161">
      <ele>1158.9</ele>
    </trkpt>
    <trkpt lat="41.876249" lon="-2.799381">
      <ele>1158.4</ele>
    </trkpt>
    <trkpt lat="41.876249" lon="-2.799836">
      <ele>1158.4</ele>
    </trkpt>
    <trkpt lat="41.876382" lon="-2.800275">
      <ele>1158.6</ele>
    </trkpt>
    <trkpt lat="41.876491" lon="-2.800747">
      <ele>1159</ele>
    </trkpt>
    <trkpt lat="41.876467" lon="-2.801397">
      <ele>1159.8</ele>
    </trkpt>
    <trkpt lat="41.876528" lon="-2.801836">
      <ele>1160.4</ele>
    </trkpt>
    <trkpt lat="41.876661" lon="-2.802324">
      <ele>1161</ele>
    </trkpt>
    <trkpt lat="41.876782" lon="-2.803072">
      <ele>1161.5</ele>
    </trkpt>
    <trkpt lat="41.876673" lon="-2.803365">
      <ele>1161.5</ele>
    </trkpt>
    <trkpt lat="41.8766" lon="-2.803674">
      <ele>1161.5</ele>
    </trkpt>
    <trkpt lat="41.876649" lon="-2.804064">
      <ele>1161.2</ele>
    </trkpt>
    <trkpt lat="41.877" lon="-2.804894">
      <ele>1160.4</ele>
    </trkpt>
    <trkpt lat="41.877133" lon="-2.805121">
      <ele>1160.2</ele>
    </trkpt>
    <trkpt lat="41.877351" lon="-2.805268">
      <ele>1160.1</ele>
    </trkpt>
    <trkpt lat="41.877508" lon="-2.805609">
      <ele>1160.2</ele>
    </trkpt>
    <trkpt lat="41.877799" lon="-2.805756">
      <ele>1160.5</ele>
    </trkpt>
    <trkpt lat="41.878295" lon="-2.805788">
      <ele>1161.3</ele>
    </trkpt>
    <trkpt lat="41.878574" lon="-2.805772">
      <ele>1161.9</ele>
    </trkpt>
    <trkpt lat="41.878831" lon="-2.805879">
      <ele>1162.4</ele>
    </trkpt>
    <trkpt lat="41.87947" lon="-2.806394">
      <ele>1163.9</ele>
    </trkpt>
    <trkpt lat="41.879677" lon="-2.806866">
      <ele>1164.8</ele>
    </trkpt>
    <trkpt lat="41.879821" lon="-2.807102">
      <ele>1165.4</ele>
    </trkpt>
    <trkpt lat="41.879965" lon="-2.807402">
      <ele>1166.1</ele>
    </trkpt>
    <trkpt lat="41.879917" lon="-2.807799">
      <ele>1167.3</ele>
    </trkpt>
    <trkpt lat="41.879805" lon="-2.808347">
      <ele>1169.4</ele>
    </trkpt>
    <trkpt lat="41.879666" lon="-2.808605">
      <ele>1170.6</ele>
    </trkpt>
    <trkpt lat="41.879486" lon="-2.808915">
      <ele>1172.3</ele>
    </trkpt>
    <trkpt lat="41.879398" lon="-2.809216">
      <ele>1173.8</ele>
    </trkpt>
    <trkpt lat="41.879398" lon="-2.8093">
      <ele>1174.2</ele>
    </trkpt>
    <trkpt lat="41.87943" lon="-2.809892">
      <ele>1177.1</ele>
    </trkpt>
    <trkpt lat="41.879805" lon="-2.811125">
      <ele>1183.2</ele>
    </trkpt>
    <trkpt lat="41.880053" lon="-2.811329">
      <ele>1184.5</ele>
    </trkpt>
    <trkpt lat="41.880237" lon="-2.811522">
      <ele>1185.4</ele>
    </trkpt>
    <trkpt lat="41.880412" lon="-2.811791">
      <ele>1186.2</ele>
    </trkpt>
    <trkpt lat="41.880508" lon="-2.811984">
      <ele>1186.6</ele>
    </trkpt>
    <trkpt lat="41.880635" lon="-2.812111">
      <ele>1186.8</ele>
    </trkpt>
    <trkpt lat="41.880526" lon="-2.812151">
      <ele>1187</ele>
    </trkpt>
    <trkpt lat="41.880405" lon="-2.812265">
      <ele>1187</ele>
    </trkpt>
    <trkpt lat="41.880302" lon="-2.812289">
      <ele>1187</ele>
    </trkpt>
    <trkpt lat="41.879921" lon="-2.812541">
      <ele>1186.7</ele>
    </trkpt>
    <trkpt lat="41.879697" lon="-2.812574">
      <ele>1186.3</ele>
    </trkpt>
    <trkpt lat="41.879569" lon="-2.812517">
      <ele>1186</ele>
    </trkpt>
    <trkpt lat="41.879079" lon="-2.812566">
      <ele>1184.5</ele>
    </trkpt>
    <trkpt lat="41.878879" lon="-2.812485">
      <ele>1183.7</ele>
    </trkpt>
    <trkpt lat="41.87851" lon="-2.812476">
      <ele>1181.9</ele>
    </trkpt>
    <trkpt lat="41.877977" lon="-2.81259">
      <ele>1178.7</ele>
    </trkpt>
    <trkpt lat="41.877705" lon="-2.812858">
      <ele>1176.5</ele>
    </trkpt>
    <trkpt lat="41.877336" lon="-2.812858">
      <ele>1173.7</ele>
    </trkpt>
    <trkpt lat="41.877093" lon="-2.812777">
      <ele>1171.7</ele>
    </trkpt>
    <trkpt lat="41.876797" lon="-2.812875">
      <ele>1169.1</ele>
    </trkpt>
    <trkpt lat="41.876663" lon="-2.812867">
      <ele>1167.8</ele>
    </trkpt>
    <trkpt lat="41.876355" lon="-2.812525">
      <ele>1163.9</ele>
    </trkpt>
    <trkpt lat="41.875998" lon="-2.812501">
      <ele>1160</ele>
    </trkpt>
    <trkpt lat="41.875852" lon="-2.812761">
      <ele>1157.2</ele>
    </trkpt>
    <trkpt lat="41.875828" lon="-2.81307">
      <ele>1154.4</ele>
    </trkpt>
    <trkpt lat="41.875774" lon="-2.813216">
      <ele>1152.8</ele>
    </trkpt>
    <trkpt lat="41.875616" lon="-2.813379">
      <ele>1150.2</ele>
    </trkpt>
    <trkpt lat="41.875507" lon="-2.813607">
      <ele>1147.6</ele>
    </trkpt>
    <trkpt lat="41.87535" lon="-2.813785">
      <ele>1145</ele>
    </trkpt>
    <trkpt lat="41.875108" lon="-2.81394">
      <ele>1141.8</ele>
    </trkpt>
    <trkpt lat="41.875023" lon="-2.814103">
      <ele>1140.1</ele>
    </trkpt>
    <trkpt lat="41.874823" lon="-2.814371">
      <ele>1137.5</ele>
    </trkpt>
    <trkpt lat="41.87472" lon="-2.81468">
      <ele>1135.7</ele>
    </trkpt>
    <trkpt lat="41.874563" lon="-2.815371">
      <ele>1133.9</ele>
    </trkpt>
    <trkpt lat="41.874375" lon="-2.815908">
      <ele>1134.5</ele>
    </trkpt>
    <trkpt lat="41.874109" lon="-2.81629">
      <ele>1136</ele>
    </trkpt>
    <trkpt lat="41.874078" lon="-2.816404">
      <ele>1136.4</ele>
    </trkpt>
    <trkpt lat="41.874" lon="-2.816509">
      <ele>1137</ele>
    </trkpt>
    <trkpt lat="41.873655" lon="-2.81655">
      <ele>1138.8</ele>
    </trkpt>
    <trkpt lat="41.873328" lon="-2.816745">
      <ele>1140.4</ele>
    </trkpt>
    <trkpt lat="41.873182" lon="-2.816721">
      <ele>1140.9</ele>
    </trkpt>
    <trkpt lat="41.873049" lon="-2.816778">
      <ele>1141.4</ele>
    </trkpt>
    <trkpt lat="41.872886" lon="-2.816786">
      <ele>1141.9</ele>
    </trkpt>
    <trkpt lat="41.872746" lon="-2.816883">
      <ele>1142.4</ele>
    </trkpt>
    <trkpt lat="41.87231" lon="-2.817331">
      <ele>1143.9</ele>
    </trkpt>
    <trkpt lat="41.872262" lon="-2.817534">
      <ele>1144.3</ele>
    </trkpt>
    <trkpt lat="41.872183" lon="-2.81755">
      <ele>1144.5</ele>
    </trkpt>
    <trkpt lat="41.871911" lon="-2.817705">
      <ele>1145.1</ele>
    </trkpt>
    <trkpt lat="41.871517" lon="-2.81777">
      <ele>1146</ele>
    </trkpt>
    <trkpt lat="41.871069" lon="-2.817973">
      <ele>1147.1</ele>
    </trkpt>
    <trkpt lat="41.870964" lon="-2.81799">
      <ele>1147.3</ele>
    </trkpt>
    <trkpt lat="41.871107" lon="-2.818398">
      <ele>1148</ele>
    </trkpt>
    <trkpt lat="41.871264" lon="-2.818495">
      <ele>1148.4</ele>
    </trkpt>
    <trkpt lat="41.871512" lon="-2.819422">
      <ele>1150.1</ele>
    </trkpt>
    <trkpt lat="41.872039" lon="-2.819886">
      <ele>1152.1</ele>
    </trkpt>
    <trkpt lat="41.872251" lon="-2.819878">
      <ele>1152.7</ele>
    </trkpt>
    <trkpt lat="41.872699" lon="-2.820187">
      <ele>1154.1</ele>
    </trkpt>
    <trkpt lat="41.872959" lon="-2.82013">
      <ele>1154.8</ele>
    </trkpt>
    <trkpt lat="41.874158" lon="-2.820252">
      <ele>1156.7</ele>
    </trkpt>
    <trkpt lat="41.874582" lon="-2.82052">
      <ele>1157.4</ele>
    </trkpt>
    <trkpt lat="41.875363" lon="-2.820374">
      <ele>1159.4</ele>
    </trkpt>
    <trkpt lat="41.875611" lon="-2.82039">
      <ele>1160.4</ele>
    </trkpt>
    <trkpt lat="41.875878" lon="-2.820488">
      <ele>1161.6</ele>
    </trkpt>
    <trkpt lat="41.876271" lon="-2.820788">
      <ele>1163.4</ele>
    </trkpt>
    <trkpt lat="41.876519" lon="-2.820666">
      <ele>1164.3</ele>
    </trkpt>
    <trkpt lat="41.876695" lon="-2.820626">
      <ele>1164.8</ele>
    </trkpt>
    <trkpt lat="41.876834" lon="-2.820648">
      <ele>1165.2</ele>
    </trkpt>
    <trkpt lat="41.876805" lon="-2.820731">
      <ele>1165.3</ele>
    </trkpt>
    <trkpt lat="41.8765" lon="-2.821014">
      <ele>1166</ele>
    </trkpt>
    <trkpt lat="41.876426" lon="-2.82117">
      <ele>1166.1</ele>
    </trkpt>
    <trkpt lat="41.876236" lon="-2.822388">
      <ele>1166</ele>
    </trkpt>
    <trkpt lat="41.87632" lon="-2.822529">
      <ele>1166.1</ele>
    </trkpt>
    <trkpt lat="41.876542" lon="-2.822487">
      <ele>1166.3</ele>
    </trkpt>
    <trkpt lat="41.876668" lon="-2.822784">
      <ele>1166.6</ele>
    </trkpt>
    <trkpt lat="41.87689" lon="-2.823166">
      <ele>1167.5</ele>
    </trkpt>
    <trkpt lat="41.877079" lon="-2.823336">
      <ele>1168.1</ele>
    </trkpt>
    <trkpt lat="41.877459" lon="-2.823024">
      <ele>1169.9</ele>
    </trkpt>
    <trkpt lat="41.877649" lon="-2.823251">
      <ele>1171</ele>
    </trkpt>
    <trkpt lat="41.87824" lon="-2.823524">
      <ele>1173.4</ele>
    </trkpt>
    <trkpt lat="41.878507" lon="-2.823367">
      <ele>1174.2</ele>
    </trkpt>
    <trkpt lat="41.878403" lon="-2.823569">
      <ele>1174.5</ele>
    </trkpt>
    <trkpt lat="41.878375" lon="-2.82369">
      <ele>1174.7</ele>
    </trkpt>
    <trkpt lat="41.878383" lon="-2.823858">
      <ele>1174.9</ele>
    </trkpt>
    <trkpt lat="41.878355" lon="-2.824036">
      <ele>1175</ele>
    </trkpt>
    <trkpt lat="41.878299" lon="-2.824194">
      <ele>1175.1</ele>
    </trkpt>
    <trkpt lat="41.878306" lon="-2.824372">
      <ele>1175.1</ele>
    </trkpt>
    <trkpt lat="41.878236" lon="-2.824633">
      <ele>1175</ele>
    </trkpt>
    <trkpt lat="41.878097" lon="-2.825091">
      <ele>1174.2</ele>
    </trkpt>
    <trkpt lat="41.877944" lon="-2.825437">
      <ele>1173.4</ele>
    </trkpt>
    <trkpt lat="41.877882" lon="-2.825707">
      <ele>1172.7</ele>
    </trkpt>
    <trkpt lat="41.877555" lon="-2.826669">
      <ele>1169.4</ele>
    </trkpt>
    <trkpt lat="41.877291" lon="-2.826987">
      <ele>1167.8</ele>
    </trkpt>
    <trkpt lat="41.877082" lon="-2.827164">
      <ele>1166.6</ele>
    </trkpt>
    <trkpt lat="41.876922" lon="-2.827351">
      <ele>1165.6</ele>
    </trkpt>
    <trkpt lat="41.876533" lon="-2.827333">
      <ele>1163.7</ele>
    </trkpt>
    <trkpt lat="41.876366" lon="-2.827314">
      <ele>1162.9</ele>
    </trkpt>
    <trkpt lat="41.876324" lon="-2.827108">
      <ele>1162.1</ele>
    </trkpt>
    <trkpt lat="41.876359" lon="-2.826903">
      <ele>1161.3</ele>
    </trkpt>
    <trkpt lat="41.876331" lon="-2.826604">
      <ele>1160.2</ele>
    </trkpt>
    <trkpt lat="41.87622" lon="-2.826529">
      <ele>1159.6</ele>
    </trkpt>
    <trkpt lat="41.876081" lon="-2.826595">
      <ele>1158.9</ele>
    </trkpt>
    <trkpt lat="41.875434" lon="-2.827249">
      <ele>1154.8</ele>
    </trkpt>
    <trkpt lat="41.875163" lon="-2.82766">
      <ele>1152.6</ele>
    </trkpt>
    <trkpt lat="41.874884" lon="-2.828351">
      <ele>1149.3</ele>
    </trkpt>
    <trkpt lat="41.87469" lon="-2.82864">
      <ele>1147.5</ele>
    </trkpt>
    <trkpt lat="41.87453" lon="-2.829014">
      <ele>1145.4</ele>
    </trkpt>
    <trkpt lat="41.874509" lon="-2.829313">
      <ele>1143.9</ele>
    </trkpt>
    <trkpt lat="41.874759" lon="-2.82992">
      <ele>1140.2</ele>
    </trkpt>
    <trkpt lat="41.874877" lon="-2.830116">
      <ele>1139</ele>
    </trkpt>
    <trkpt lat="41.875232" lon="-2.830835">
      <ele>1135.1</ele>
    </trkpt>
    <trkpt lat="41.87542" lon="-2.831069">
      <ele>1133.9</ele>
    </trkpt>
    <trkpt lat="41.875754" lon="-2.831629">
      <ele>1131.9</ele>
    </trkpt>
    <trkpt lat="41.875837" lon="-2.831704">
      <ele>1131.6</ele>
    </trkpt>
    <trkpt lat="41.875893" lon="-2.831863">
      <ele>1131.3</ele>
    </trkpt>
    <trkpt lat="41.875705" lon="-2.832339">
      <ele>1130.5</ele>
    </trkpt>
    <trkpt lat="41.875845" lon="-2.833279">
      <ele>1129.9</ele>
    </trkpt>
    <trkpt lat="41.87593" lon="-2.833517">
      <ele>1130</ele>
    </trkpt>
    <trkpt lat="41.876147" lon="-2.834123">
      <ele>1130.5</ele>
    </trkpt>
    <trkpt lat="41.876262" lon="-2.834326">
      <ele>1130.9</ele>
    </trkpt>
    <trkpt lat="41.876402" lon="-2.834668">
      <ele>1131.6</ele>
    </trkpt>
    <trkpt lat="41.876486" lon="-2.835025">
      <ele>1132.5</ele>
    </trkpt>
    <trkpt lat="41.876662" lon="-2.835399">
      <ele>1133.6</ele>
    </trkpt>
    <trkpt lat="41.876819" lon="-2.835619">
      <ele>1134.3</ele>
    </trkpt>
    <trkpt lat="41.876985" lon="-2.835771">
      <ele>1134.9</ele>
    </trkpt>
    <trkpt lat="41.877516" lon="-2.835895">
      <ele>1136.1</ele>
    </trkpt>
    <trkpt lat="41.877395" lon="-2.835546">
      <ele>1136.6</ele>
    </trkpt>
    <trkpt lat="41.877292" lon="-2.835334">
      <ele>1137</ele>
    </trkpt>
    <trkpt lat="41.877152" lon="-2.835155">
      <ele>1137.3</ele>
    </trkpt>
    <trkpt lat="41.87708" lon="-2.834985">
      <ele>1137.6</ele>
    </trkpt>
    <trkpt lat="41.877007" lon="-2.834724">
      <ele>1137.9</ele>
    </trkpt>
    <trkpt lat="41.877062" lon="-2.833554">
      <ele>1139.4</ele>
    </trkpt>
    <trkpt lat="41.876971" lon="-2.832976">
      <ele>1140.9</ele>
    </trkpt>
    <trkpt lat="41.876995" lon="-2.832521">
      <ele>1142.3</ele>
    </trkpt>
    <trkpt lat="41.877158" lon="-2.83244">
      <ele>1143.1</ele>
    </trkpt>
    <trkpt lat="41.877322" lon="-2.83231">
      <ele>1144.1</ele>
    </trkpt>
    <trkpt lat="41.87751" lon="-2.832301">
      <ele>1145.1</ele>
    </trkpt>
    <trkpt lat="41.877715" lon="-2.832399">
      <ele>1146.3</ele>
    </trkpt>
    <trkpt lat="41.877982" lon="-2.832415">
      <ele>1147.9</ele>
    </trkpt>
    <trkpt lat="41.878515" lon="-2.832163">
      <ele>1151.5</ele>
    </trkpt>
    <trkpt lat="41.878708" lon="-2.83222">
      <ele>1152.8</ele>
    </trkpt>
    <trkpt lat="41.878987" lon="-2.832074">
      <ele>1154.8</ele>
    </trkpt>
    <trkpt lat="41.879211" lon="-2.832049">
      <ele>1156.3</ele>
    </trkpt>
    <trkpt lat="41.879404" lon="-2.831984">
      <ele>1157.6</ele>
    </trkpt>
    <trkpt lat="41.879538" lon="-2.831903">
      <ele>1158.7</ele>
    </trkpt>
    <trkpt lat="41.879677" lon="-2.831692">
      <ele>1160</ele>
    </trkpt>
    <trkpt lat="41.879725" lon="-2.831521">
      <ele>1160.8</ele>
    </trkpt>
    <trkpt lat="41.880004" lon="-2.831277">
      <ele>1162.6</ele>
    </trkpt>
    <trkpt lat="41.880185" lon="-2.830887">
      <ele>1164.3</ele>
    </trkpt>
    <trkpt lat="41.880282" lon="-2.830911">
      <ele>1164.7</ele>
    </trkpt>
    <trkpt lat="41.880367" lon="-2.831407">
      <ele>1166.4</ele>
    </trkpt>
    <trkpt lat="41.88044" lon="-2.831692">
      <ele>1167.3</ele>
    </trkpt>
    <trkpt lat="41.880506" lon="-2.831911">
      <ele>1168</ele>
    </trkpt>
    <trkpt lat="41.880627" lon="-2.832196">
      <ele>1168.9</ele>
    </trkpt>
    <trkpt lat="41.880627" lon="-2.832358">
      <ele>1169.4</ele>
    </trkpt>
    <trkpt lat="41.880428" lon="-2.832846">
      <ele>1171.3</ele>
    </trkpt>
    <trkpt lat="41.880379" lon="-2.83309">
      <ele>1172.3</ele>
    </trkpt>
    <trkpt lat="41.880482" lon="-2.833228">
      <ele>1173.2</ele>
    </trkpt>
    <trkpt lat="41.880512" lon="-2.833667">
      <ele>1175.2</ele>
    </trkpt>
    <trkpt lat="41.880594" lon="-2.833762">
      <ele>1175.9</ele>
    </trkpt>
    <trkpt lat="41.880803" lon="-2.833949">
      <ele>1177.6</ele>
    </trkpt>
    <trkpt lat="41.880949" lon="-2.834024">
      <ele>1178.7</ele>
    </trkpt>
    <trkpt lat="41.88113" lon="-2.833921">
      <ele>1180.1</ele>
    </trkpt>
    <trkpt lat="41.881324" lon="-2.833912">
      <ele>1181.5</ele>
    </trkpt>
    <trkpt lat="41.881498" lon="-2.833818">
      <ele>1182.8</ele>
    </trkpt>
    <trkpt lat="41.881617" lon="-2.833678">
      <ele>1183.9</ele>
    </trkpt>
    <trkpt lat="41.881811" lon="-2.833706">
      <ele>1185.3</ele>
    </trkpt>
    <trkpt lat="41.882027" lon="-2.833678">
      <ele>1186.9</ele>
    </trkpt>
    <trkpt lat="41.882187" lon="-2.833716">
      <ele>1188.1</ele>
    </trkpt>
    <trkpt lat="41.882569" lon="-2.833865">
      <ele>1191.4</ele>
    </trkpt>
    <trkpt lat="41.882889" lon="-2.834042">
      <ele>1193.9</ele>
    </trkpt>
    <trkpt lat="41.883014" lon="-2.834024">
      <ele>1194.7</ele>
    </trkpt>
    <trkpt lat="41.883202" lon="-2.833884">
      <ele>1196.2</ele>
    </trkpt>
    <trkpt lat="41.883341" lon="-2.833809">
      <ele>1197.2</ele>
    </trkpt>
    <trkpt lat="41.883441" lon="-2.833793">
      <ele>1197.9</ele>
    </trkpt>
    <trkpt lat="41.883577" lon="-2.834353">
      <ele>1201.1</ele>
    </trkpt>
    <trkpt lat="41.883632" lon="-2.834381">
      <ele>1201.5</ele>
    </trkpt>
    <trkpt lat="41.883876" lon="-2.834727">
      <ele>1204</ele>
    </trkpt>
    <trkpt lat="41.88455" lon="-2.834418">
      <ele>1207.8</ele>
    </trkpt>
    <trkpt lat="41.884682" lon="-2.834493">
      <ele>1208.5</ele>
    </trkpt>
    <trkpt lat="41.884793" lon="-2.834801">
      <ele>1209.6</ele>
    </trkpt>
    <trkpt lat="41.884807" lon="-2.835166">
      <ele>1210.3</ele>
    </trkpt>
    <trkpt lat="41.885454" lon="-2.836725">
      <ele>1210.7</ele>
    </trkpt>
    <trkpt lat="41.88585" lon="-2.837351">
      <ele>1212.8</ele>
    </trkpt>
    <trkpt lat="41.885996" lon="-2.83751">
      <ele>1214.1</ele>
    </trkpt>
    <trkpt lat="41.886108" lon="-2.837407">
      <ele>1215.1</ele>
    </trkpt>
    <trkpt lat="41.886254" lon="-2.836884">
      <ele>1218.8</ele>
    </trkpt>
    <trkpt lat="41.886274" lon="-2.836212">
      <ele>1224.1</ele>
    </trkpt>
    <trkpt lat="41.886052" lon="-2.835138">
      <ele>1232.8</ele>
    </trkpt>
    <trkpt lat="41.885864" lon="-2.834502">
      <ele>1237.4</ele>
    </trkpt>
    <trkpt lat="41.88585" lon="-2.834138">
      <ele>1239.7</ele>
    </trkpt>
    <trkpt lat="41.885941" lon="-2.833914">
      <ele>1241.2</ele>
    </trkpt>
    <trkpt lat="41.886128" lon="-2.833755">
      <ele>1243</ele>
    </trkpt>
    <trkpt lat="41.886281" lon="-2.833783">
      <ele>1244.2</ele>
    </trkpt>
    <trkpt lat="41.886393" lon="-2.834129">
      <ele>1246.3</ele>
    </trkpt>
    <trkpt lat="41.88681" lon="-2.834549">
      <ele>1250</ele>
    </trkpt>
    <trkpt lat="41.887032" lon="-2.835016">
      <ele>1252.3</ele>
    </trkpt>
    <trkpt lat="41.887171" lon="-2.835446">
      <ele>1254.1</ele>
    </trkpt>
    <trkpt lat="41.887352" lon="-2.835903">
      <ele>1256.3</ele>
    </trkpt>
    <trkpt lat="41.88754" lon="-2.836258">
      <ele>1258.5</ele>
    </trkpt>
    <trkpt lat="41.887728" lon="-2.836501">
      <ele>1260.6</ele>
    </trkpt>
    <trkpt lat="41.888117" lon="-2.836595">
      <ele>1263.9</ele>
    </trkpt>
    <trkpt lat="41.888166" lon="-2.836549">
      <ele>1264.4</ele>
    </trkpt>
    <trkpt lat="41.888277" lon="-2.836445">
      <ele>1265.6</ele>
    </trkpt>
    <trkpt lat="41.888312" lon="-2.836212">
      <ele>1267.3</ele>
    </trkpt>
    <trkpt lat="41.888451" lon="-2.836072">
      <ele>1269</ele>
    </trkpt>
    <trkpt lat="41.888743" lon="-2.836062">
      <ele>1271.9</ele>
    </trkpt>
    <trkpt lat="41.889049" lon="-2.836268">
      <ele>1275.5</ele>
    </trkpt>
    <trkpt lat="41.889355" lon="-2.836342">
      <ele>1278.7</ele>
    </trkpt>
    <trkpt lat="41.88925" lon="-2.836212">
      <ele>1280.2</ele>
    </trkpt>
    <trkpt lat="41.88916" lon="-2.835931">
      <ele>1282.5</ele>
    </trkpt>
    <trkpt lat="41.888861" lon="-2.835362">
      <ele>1288.1</ele>
    </trkpt>
    <trkpt lat="41.888652" lon="-2.834633">
      <ele>1294.4</ele>
    </trkpt>
    <trkpt lat="41.888646" lon="-2.834017">
      <ele>1298.8</ele>
    </trkpt>
    <trkpt lat="41.888465" lon="-2.833242">
      <ele>1303.6</ele>
    </trkpt>
    <trkpt lat="41.888562" lon="-2.832616">
      <ele>1306.6</ele>
    </trkpt>
    <trkpt lat="41.888604" lon="-2.832093">
      <ele>1308.7</ele>
    </trkpt>
    <trkpt lat="41.888583" lon="-2.831588">
      <ele>1310.4</ele>
    </trkpt>
    <trkpt lat="41.888548" lon="-2.83128">
      <ele>1311.4</ele>
    </trkpt>
    <trkpt lat="41.88843" lon="-2.831205">
      <ele>1312</ele>
    </trkpt>
    <trkpt lat="41.888458" lon="-2.830757">
      <ele>1313.8</ele>
    </trkpt>
    <trkpt lat="41.888312" lon="-2.830103">
      <ele>1316.5</ele>
    </trkpt>
    <trkpt lat="41.888317" lon="-2.82989">
      <ele>1317.4</ele>
    </trkpt>
    <trkpt lat="41.888533" lon="-2.830286">
      <ele>1319.6</ele>
    </trkpt>
    <trkpt lat="41.888813" lon="-2.830621">
      <ele>1321.9</ele>
    </trkpt>
    <trkpt lat="41.888981" lon="-2.830866">
      <ele>1323.6</ele>
    </trkpt>
    <trkpt lat="41.889384" lon="-2.831608">
      <ele>1327.4</ele>
    </trkpt>
    <trkpt lat="41.889651" lon="-2.831978">
      <ele>1328.8</ele>
    </trkpt>
    <trkpt lat="41.889776" lon="-2.832276">
      <ele>1329.5</ele>
    </trkpt>
    <trkpt lat="41.889881" lon="-2.83237">
      <ele>1329.8</ele>
    </trkpt>
    <trkpt lat="41.89019" lon="-2.832794">
      <ele>1330.2</ele>
    </trkpt>
    <trkpt lat="41.890254" lon="-2.832965">
      <ele>1330.3</ele>
    </trkpt>
    <trkpt lat="41.890364" lon="-2.833412">
      <ele>1330.1</ele>
    </trkpt>
    <trkpt lat="41.890503" lon="-2.833677">
      <ele>1329.9</ele>
    </trkpt>
    <trkpt lat="41.890781" lon="-2.833992">
      <ele>1329.5</ele>
    </trkpt>
    <trkpt lat="41.891283" lon="-2.834492">
      <ele>1329.6</ele>
    </trkpt>
    <trkpt lat="41.891442" lon="-2.83473">
      <ele>1330.1</ele>
    </trkpt>
    <trkpt lat="41.89164" lon="-2.834954">
      <ele>1331</ele>
    </trkpt>
    <trkpt lat="41.891876" lon="-2.835081">
      <ele>1332.2</ele>
    </trkpt>
    <trkpt lat="41.891931" lon="-2.835236">
      <ele>1333</ele>
    </trkpt>
    <trkpt lat="41.892086" lon="-2.835411">
      <ele>1334.4</ele>
    </trkpt>
    <trkpt lat="41.892253" lon="-2.835522">
      <ele>1335.8</ele>
    </trkpt>
    <trkpt lat="41.892408" lon="-2.835546">
      <ele>1337.1</ele>
    </trkpt>
    <trkpt lat="41.892566" lon="-2.835452">
      <ele>1338.8</ele>
    </trkpt>
    <trkpt lat="41.892632" lon="-2.835473">
      <ele>1339.4</ele>
    </trkpt>
    <trkpt lat="41.892799" lon="-2.835457">
      <ele>1341.1</ele>
    </trkpt>
    <trkpt lat="41.89292" lon="-2.835398">
      <ele>1342.4</ele>
    </trkpt>
    <trkpt lat="41.893064" lon="-2.83524">
      <ele>1344.2</ele>
    </trkpt>
    <trkpt lat="41.893188" lon="-2.835277">
      <ele>1345.5</ele>
    </trkpt>
    <trkpt lat="41.893359" lon="-2.835411">
      <ele>1347.4</ele>
    </trkpt>
    <trkpt lat="41.893601" lon="-2.835739">
      <ele>1350.5</ele>
    </trkpt>
    <trkpt lat="41.89358" lon="-2.835955">
      <ele>1351.9</ele>
    </trkpt>
    <trkpt lat="41.893663" lon="-2.836118">
      <ele>1353.1</ele>
    </trkpt>
    <trkpt lat="41.893696" lon="-2.836447">
      <ele>1355</ele>
    </trkpt>
    <trkpt lat="41.89395" lon="-2.836522">
      <ele>1356.8</ele>
    </trkpt>
    <trkpt lat="41.893979" lon="-2.836568">
      <ele>1357.1</ele>
    </trkpt>
    <trkpt lat="41.894061" lon="-2.836754">
      <ele>1358.2</ele>
    </trkpt>
    <trkpt lat="41.894096" lon="-2.837064">
      <ele>1359.7</ele>
    </trkpt>
    <trkpt lat="41.894206" lon="-2.837422">
      <ele>1361.4</ele>
    </trkpt>
    <trkpt lat="41.894336" lon="-2.837551">
      <ele>1362.3</ele>
    </trkpt>
    <trkpt lat="41.894398" lon="-2.837858">
      <ele>1363.4</ele>
    </trkpt>
    <trkpt lat="41.894561" lon="-2.838181">
      <ele>1364.8</ele>
    </trkpt>
    <trkpt lat="41.894638" lon="-2.838264">
      <ele>1365.2</ele>
    </trkpt>
    <trkpt lat="41.894734" lon="-2.83843">
      <ele>1365.9</ele>
    </trkpt>
    <trkpt lat="41.894777" lon="-2.838684">
      <ele>1366.8</ele>
    </trkpt>
    <trkpt lat="41.894828" lon="-2.8396">
      <ele>1370.3</ele>
    </trkpt>
    <trkpt lat="41.894761" lon="-2.840002">
      <ele>1372.2</ele>
    </trkpt>
    <trkpt lat="41.894905" lon="-2.840388">
      <ele>1374.5</ele>
    </trkpt>
    <trkpt lat="41.894934" lon="-2.840812">
      <ele>1377.2</ele>
    </trkpt>
    <trkpt lat="41.894915" lon="-2.841173">
      <ele>1379.9</ele>
    </trkpt>
    <trkpt lat="41.894825" lon="-2.841621">
      <ele>1383.5</ele>
    </trkpt>
    <trkpt lat="41.894839" lon="-2.842028">
      <ele>1386.6</ele>
    </trkpt>
    <trkpt lat="41.894756" lon="-2.842396">
      <ele>1389.6</ele>
    </trkpt>
    <trkpt lat="41.894692" lon="-2.842533">
      <ele>1390.8</ele>
    </trkpt>
    <trkpt lat="41.894651" lon="-2.842844">
      <ele>1393.1</ele>
    </trkpt>
    <trkpt lat="41.894655" lon="-2.843351">
      <ele>1396.8</ele>
    </trkpt>
    <trkpt lat="41.89476" lon="-2.843741">
      <ele>1399.6</ele>
    </trkpt>
    <trkpt lat="41.894854" lon="-2.843922">
      <ele>1401</ele>
    </trkpt>
    <trkpt lat="41.894936" lon="-2.844422">
      <ele>1404.1</ele>
    </trkpt>
    <trkpt lat="41.895043" lon="-2.844679">
      <ele>1405.7</ele>
    </trkpt>
    <trkpt lat="41.895054" lon="-2.844829">
      <ele>1406.6</ele>
    </trkpt>
    <trkpt lat="41.895025" lon="-2.845183">
      <ele>1408.7</ele>
    </trkpt>
    <trkpt lat="41.895103" lon="-2.845904">
      <ele>1412.9</ele>
    </trkpt>
    <trkpt lat="41.895084" lon="-2.846199">
      <ele>1414.6</ele>
    </trkpt>
    <trkpt lat="41.895115" lon="-2.846321">
      <ele>1415.3</ele>
    </trkpt>
    <trkpt lat="41.895202" lon="-2.846505">
      <ele>1416.6</ele>
    </trkpt>
    <trkpt lat="41.895231" lon="-2.846651">
      <ele>1417.5</ele>
    </trkpt>
    <trkpt lat="41.895595" lon="-2.84709">
      <ele>1421.4</ele>
    </trkpt>
    <trkpt lat="41.895631" lon="-2.8473">
      <ele>1422.8</ele>
    </trkpt>
    <trkpt lat="41.895673" lon="-2.847404">
      <ele>1423.6</ele>
    </trkpt>
    <trkpt lat="41.896031" lon="-2.847786">
      <ele>1427.2</ele>
    </trkpt>
    <trkpt lat="41.89645" lon="-2.848176">
      <ele>1430.7</ele>
    </trkpt>
    <trkpt lat="41.896704" lon="-2.848461">
      <ele>1432.5</ele>
    </trkpt>
    <trkpt lat="41.89681" lon="-2.84875">
      <ele>1433.5</ele>
    </trkpt>
    <trkpt lat="41.896864" lon="-2.849122">
      <ele>1434.3</ele>
    </trkpt>
    <trkpt lat="41.897016" lon="-2.84959">
      <ele>1434.9</ele>
    </trkpt>
    <trkpt lat="41.897025" lon="-2.849678">
      <ele>1434.9</ele>
    </trkpt>
    <trkpt lat="41.896993" lon="-2.849773">
      <ele>1435</ele>
    </trkpt>
    <trkpt lat="41.896722" lon="-2.849821">
      <ele>1435.1</ele>
    </trkpt>
    <trkpt lat="41.896653" lon="-2.849914">
      <ele>1435.2</ele>
    </trkpt>
    <trkpt lat="41.896635" lon="-2.850005">
      <ele>1435.1</ele>
    </trkpt>
    <trkpt lat="41.896638" lon="-2.850719">
      <ele>1434.9</ele>
    </trkpt>
    <trkpt lat="41.896541" lon="-2.851708">
      <ele>1435.1</ele>
    </trkpt>
    <trkpt lat="41.896515" lon="-2.852372">
      <ele>1435.7</ele>
    </trkpt>
    <trkpt lat="41.896543" lon="-2.853118">
      <ele>1436.3</ele>
    </trkpt>
    <trkpt lat="41.896627" lon="-2.853688">
      <ele>1436.9</ele>
    </trkpt>
    <trkpt lat="41.896808" lon="-2.854373">
      <ele>1438.2</ele>
    </trkpt>
    <trkpt lat="41.896805" lon="-2.854672">
      <ele>1439</ele>
    </trkpt>
    <trkpt lat="41.896944" lon="-2.855115">
      <ele>1440.5</ele>
    </trkpt>
    <trkpt lat="41.897186" lon="-2.855477">
      <ele>1442.4</ele>
    </trkpt>
    <trkpt lat="41.89723" lon="-2.85558">
      <ele>1442.8</ele>
    </trkpt>
    <trkpt lat="41.897317" lon="-2.855944">
      <ele>1444.4</ele>
    </trkpt>
    <trkpt lat="41.897443" lon="-2.856295">
      <ele>1446</ele>
    </trkpt>
    <trkpt lat="41.897515" lon="-2.856589">
      <ele>1447.1</ele>
    </trkpt>
    <trkpt lat="41.897775" lon="-2.857113">
      <ele>1448.2</ele>
    </trkpt>
    <trkpt lat="41.897928" lon="-2.857663">
      <ele>1447.8</ele>
    </trkpt>
    <trkpt lat="41.898117" lon="-2.857975">
      <ele>1446.7</ele>
    </trkpt>
    <trkpt lat="41.898216" lon="-2.858059">
      <ele>1446.2</ele>
    </trkpt>
    <trkpt lat="41.898259" lon="-2.858141">
      <ele>1445.9</ele>
    </trkpt>
    <trkpt lat="41.898226" lon="-2.858281">
      <ele>1445.3</ele>
    </trkpt>
    <trkpt lat="41.898021" lon="-2.858698">
      <ele>1443.4</ele>
    </trkpt>
    <trkpt lat="41.898025" lon="-2.859145">
      <ele>1441.7</ele>
    </trkpt>
    <trkpt lat="41.898081" lon="-2.859543">
      <ele>1440.5</ele>
    </trkpt>
    <trkpt lat="41.897999" lon="-2.859916">
      <ele>1439.7</ele>
    </trkpt>
    <trkpt lat="41.897981" lon="-2.860104">
      <ele>1439.5</ele>
    </trkpt>
    <trkpt lat="41.89787" lon="-2.860227">
      <ele>1439.3</ele>
    </trkpt>
    <trkpt lat="41.897821" lon="-2.860421">
      <ele>1439.2</ele>
    </trkpt>
    <trkpt lat="41.897735" lon="-2.861611">
      <ele>1440.8</ele>
    </trkpt>
    <trkpt lat="41.897705" lon="-2.861705">
      <ele>1441</ele>
    </trkpt>
    <trkpt lat="41.897558" lon="-2.861836">
      <ele>1441.6</ele>
    </trkpt>
    <trkpt lat="41.897514" lon="-2.861949">
      <ele>1442</ele>
    </trkpt>
    <trkpt lat="41.897508" lon="-2.862175">
      <ele>1442.6</ele>
    </trkpt>
    <trkpt lat="41.897576" lon="-2.863121">
      <ele>1445.9</ele>
    </trkpt>
    <trkpt lat="41.897627" lon="-2.863384">
      <ele>1447</ele>
    </trkpt>
    <trkpt lat="41.897743" lon="-2.86369">
      <ele>1448.6</ele>
    </trkpt>
    <trkpt lat="41.897805" lon="-2.863945">
      <ele>1449.9</ele>
    </trkpt>
    <trkpt lat="41.897748" lon="-2.864435">
      <ele>1452.6</ele>
    </trkpt>
    <trkpt lat="41.897785" lon="-2.865007">
      <ele>1455.9</ele>
    </trkpt>
    <trkpt lat="41.897899" lon="-2.865251">
      <ele>1457.6</ele>
    </trkpt>
    <trkpt lat="41.898069" lon="-2.865425">
      <ele>1459.3</ele>
    </trkpt>
    <trkpt lat="41.898256" lon="-2.865689">
      <ele>1461.4</ele>
    </trkpt>
    <trkpt lat="41.898284" lon="-2.865744">
      <ele>1461.8</ele>
    </trkpt>
    <trkpt lat="41.898279" lon="-2.865816">
      <ele>1462.2</ele>
    </trkpt>
    <trkpt lat="41.898258" lon="-2.865857">
      <ele>1462.5</ele>
    </trkpt>
    <trkpt lat="41.898154" lon="-2.865911">
      <ele>1463.3</ele>
    </trkpt>
    <trkpt lat="41.898081" lon="-2.866017">
      <ele>1464.1</ele>
    </trkpt>
    <trkpt lat="41.897855" lon="-2.866561">
      <ele>1467.3</ele>
    </trkpt>
    <trkpt lat="41.897625" lon="-2.866822">
      <ele>1469.1</ele>
    </trkpt>
    <trkpt lat="41.897551" lon="-2.867017">
      <ele>1469.9</ele>
    </trkpt>
    <trkpt lat="41.897495" lon="-2.867395">
      <ele>1471.2</ele>
    </trkpt>
    <trkpt lat="41.897396" lon="-2.867646">
      <ele>1472</ele>
    </trkpt>
    <trkpt lat="41.897372" lon="-2.867986">
      <ele>1472.8</ele>
    </trkpt>
    <trkpt lat="41.897239" lon="-2.868686">
      <ele>1473.8</ele>
    </trkpt>
    <trkpt lat="41.897214" lon="-2.869258">
      <ele>1473.8</ele>
    </trkpt>
    <trkpt lat="41.897235" lon="-2.869881">
      <ele>1472.9</ele>
    </trkpt>
    <trkpt lat="41.897261" lon="-2.870021">
      <ele>1472.5</ele>
    </trkpt>
    <trkpt lat="41.897326" lon="-2.870151">
      <ele>1472</ele>
    </trkpt>
    <trkpt lat="41.897512" lon="-2.870323">
      <ele>1470.8</ele>
    </trkpt>
    <trkpt lat="41.897678" lon="-2.870693">
      <ele>1468.5</ele>
    </trkpt>
    <trkpt lat="41.897723" lon="-2.870871">
      <ele>1467.4</ele>
    </trkpt>
    <trkpt lat="41.897765" lon="-2.871387">
      <ele>1463.8</ele>
    </trkpt>
    <trkpt lat="41.897763" lon="-2.871932">
      <ele>1459.4</ele>
    </trkpt>
    <trkpt lat="41.89794" lon="-2.872417">
      <ele>1455.4</ele>
    </trkpt>
    <trkpt lat="41.897984" lon="-2.872772">
      <ele>1453.1</ele>
    </trkpt>
    <trkpt lat="41.897967" lon="-2.872982">
      <ele>1452</ele>
    </trkpt>
    <trkpt lat="41.89793" lon="-2.872994">
      <ele>1451.8</ele>
    </trkpt>
    <trkpt lat="41.897821" lon="-2.873125">
      <ele>1451</ele>
    </trkpt>
    <trkpt lat="41.897506" lon="-2.873637">
      <ele>1449.4</ele>
    </trkpt>
    <trkpt lat="41.897432" lon="-2.873848">
      <ele>1449.2</ele>
    </trkpt>
    <trkpt lat="41.897429" lon="-2.874018">
      <ele>1449.2</ele>
    </trkpt>
    <trkpt lat="41.89745" lon="-2.874236">
      <ele>1449.2</ele>
    </trkpt>
    <trkpt lat="41.897548" lon="-2.874312">
      <ele>1449.2</ele>
    </trkpt>
    <trkpt lat="41.89766" lon="-2.874349">
      <ele>1449.2</ele>
    </trkpt>
    <trkpt lat="41.897717" lon="-2.874421">
      <ele>1449.2</ele>
    </trkpt>
    <trkpt lat="41.897774" lon="-2.874664">
      <ele>1449.1</ele>
    </trkpt>
    <trkpt lat="41.89777" lon="-2.87486">
      <ele>1449</ele>
    </trkpt>
    <trkpt lat="41.897799" lon="-2.875045">
      <ele>1448.8</ele>
    </trkpt>
    <trkpt lat="41.897993" lon="-2.875688">
      <ele>1447.4</ele>
    </trkpt>
    <trkpt lat="41.898047" lon="-2.875948">
      <ele>1446.8</ele>
    </trkpt>
    <trkpt lat="41.898152" lon="-2.876856">
      <ele>1444.5</ele>
    </trkpt>
    <trkpt lat="41.898257" lon="-2.877395">
      <ele>1443.7</ele>
    </trkpt>
    <trkpt lat="41.898304" lon="-2.877475">
      <ele>1443.6</ele>
    </trkpt>
    <trkpt lat="41.898527" lon="-2.877712">
      <ele>1443.5</ele>
    </trkpt>
    <trkpt lat="41.898685" lon="-2.877809">
      <ele>1443.7</ele>
    </trkpt>
    <trkpt lat="41.898814" lon="-2.877887">
      <ele>1444</ele>
    </trkpt>
    <trkpt lat="41.899193" lon="-2.877887">
      <ele>1445</ele>
    </trkpt>
    <trkpt lat="41.899406" lon="-2.877965">
      <ele>1445.7</ele>
    </trkpt>
    <trkpt lat="41.899764" lon="-2.878242">
      <ele>1447.3</ele>
    </trkpt>
    <trkpt lat="41.899909" lon="-2.878297">
      <ele>1447.9</ele>
    </trkpt>
    <trkpt lat="41.900017" lon="-2.87838">
      <ele>1448.4</ele>
    </trkpt>
    <trkpt lat="41.900299" lon="-2.878494">
      <ele>1449.7</ele>
    </trkpt>
    <trkpt lat="41.900464" lon="-2.878506">
      <ele>1450.3</ele>
    </trkpt>
    <trkpt lat="41.900776" lon="-2.878458">
      <ele>1451.8</ele>
    </trkpt>
    <trkpt lat="41.900888" lon="-2.878394">
      <ele>1452.4</ele>
    </trkpt>
    <trkpt lat="41.901103" lon="-2.878069">
      <ele>1454.4</ele>
    </trkpt>
    <trkpt lat="41.901149" lon="-2.87797">
      <ele>1455</ele>
    </trkpt>
    <trkpt lat="41.901208" lon="-2.877718">
      <ele>1456.4</ele>
    </trkpt>
    <trkpt lat="41.901277" lon="-2.8777">
      <ele>1456.9</ele>
    </trkpt>
    <trkpt lat="41.90184" lon="-2.879498">
      <ele>1467.6</ele>
    </trkpt>
    <trkpt lat="41.901854" lon="-2.879739">
      <ele>1467.8</ele>
    </trkpt>
    <trkpt lat="41.901774" lon="-2.880054">
      <ele>1467.6</ele>
    </trkpt>
    <trkpt lat="41.901761" lon="-2.880201">
      <ele>1467.4</ele>
    </trkpt>
    <trkpt lat="41.901606" lon="-2.88044">
      <ele>1466.5</ele>
    </trkpt>
    <trkpt lat="41.901123" lon="-2.880923">
      <ele>1463.6</ele>
    </trkpt>
    <trkpt lat="41.901102" lon="-2.881124">
      <ele>1462.9</ele>
    </trkpt>
    <trkpt lat="41.901047" lon="-2.881301">
      <ele>1462.5</ele>
    </trkpt>
    <trkpt lat="41.901115" lon="-2.8816">
      <ele>1462.1</ele>
    </trkpt>
    <trkpt lat="41.90125" lon="-2.881821">
      <ele>1462.1</ele>
    </trkpt>
    <trkpt lat="41.901274" lon="-2.881937">
      <ele>1462.3</ele>
    </trkpt>
    <trkpt lat="41.90127" lon="-2.882144">
      <ele>1462.6</ele>
    </trkpt>
    <trkpt lat="41.901341" lon="-2.882274">
      <ele>1463</ele>
    </trkpt>
    <trkpt lat="41.901421" lon="-2.88235">
      <ele>1463.5</ele>
    </trkpt>
    <trkpt lat="41.9014" lon="-2.882472">
      <ele>1463.9</ele>
    </trkpt>
    <trkpt lat="41.901452" lon="-2.882592">
      <ele>1464.4</ele>
    </trkpt>
    <trkpt lat="41.901479" lon="-2.882899">
      <ele>1465.7</ele>
    </trkpt>
    <trkpt lat="41.901618" lon="-2.883074">
      <ele>1466.7</ele>
    </trkpt>
    <trkpt lat="41.90167" lon="-2.883262">
      <ele>1467.5</ele>
    </trkpt>
    <trkpt lat="41.901676" lon="-2.883467">
      <ele>1468.2</ele>
    </trkpt>
    <trkpt lat="41.901648" lon="-2.883604">
      <ele>1468.6</ele>
    </trkpt>
    <trkpt lat="41.901662" lon="-2.883703">
      <ele>1468.8</ele>
    </trkpt>
    <trkpt lat="41.901804" lon="-2.884049">
      <ele>1469.4</ele>
    </trkpt>
    <trkpt lat="41.902148" lon="-2.884257">
      <ele>1469.3</ele>
    </trkpt>
    <trkpt lat="41.902592" lon="-2.884252">
      <ele>1467.9</ele>
    </trkpt>
    <trkpt lat="41.902649" lon="-2.884272">
      <ele>1467.6</ele>
    </trkpt>
    <trkpt lat="41.902663" lon="-2.884354">
      <ele>1467.3</ele>
    </trkpt>
    <trkpt lat="41.90264" lon="-2.884431">
      <ele>1467</ele>
    </trkpt>
    <trkpt lat="41.902527" lon="-2.884597">
      <ele>1466</ele>
    </trkpt>
    <trkpt lat="41.902491" lon="-2.884697">
      <ele>1465.5</ele>
    </trkpt>
    <trkpt lat="41.90251" lon="-2.884918">
      <ele>1464.3</ele>
    </trkpt>
    <trkpt lat="41.902407" lon="-2.885226">
      <ele>1462.5</ele>
    </trkpt>
    <trkpt lat="41.90244" lon="-2.885298">
      <ele>1462</ele>
    </trkpt>
    <trkpt lat="41.90266" lon="-2.885529">
      <ele>1459.6</ele>
    </trkpt>
    <trkpt lat="41.902749" lon="-2.885538">
      <ele>1458.8</ele>
    </trkpt>
    <trkpt lat="41.902977" lon="-2.88567">
      <ele>1456.6</ele>
    </trkpt>
    <trkpt lat="41.903193" lon="-2.885735">
      <ele>1454.6</ele>
    </trkpt>
    <trkpt lat="41.903308" lon="-2.885814">
      <ele>1453.4</ele>
    </trkpt>
    <trkpt lat="41.903862" lon="-2.886474">
      <ele>1447.1</ele>
    </trkpt>
    <trkpt lat="41.903948" lon="-2.886707">
      <ele>1445.5</ele>
    </trkpt>
    <trkpt lat="41.90403" lon="-2.887032">
      <ele>1443.5</ele>
    </trkpt>
    <trkpt lat="41.904427" lon="-2.887868">
      <ele>1438</ele>
    </trkpt>
    <trkpt lat="41.904557" lon="-2.888197">
      <ele>1435.9</ele>
    </trkpt>
    <trkpt lat="41.90468" lon="-2.888886">
      <ele>1432.1</ele>
    </trkpt>
    <trkpt lat="41.90483" lon="-2.889394">
      <ele>1429.3</ele>
    </trkpt>
    <trkpt lat="41.905006" lon="-2.889748">
      <ele>1427.2</ele>
    </trkpt>
    <trkpt lat="41.905108" lon="-2.890324">
      <ele>1424.2</ele>
    </trkpt>
    <trkpt lat="41.905195" lon="-2.890379">
      <ele>1423.5</ele>
    </trkpt>
    <trkpt lat="41.905427" lon="-2.89045">
      <ele>1421.9</ele>
    </trkpt>
    <trkpt lat="41.905518" lon="-2.890541">
      <ele>1421.2</ele>
    </trkpt>
    <trkpt lat="41.905737" lon="-2.891084">
      <ele>1418.2</ele>
    </trkpt>
    <trkpt lat="41.905839" lon="-2.891188">
      <ele>1417.3</ele>
    </trkpt>
    <trkpt lat="41.905956" lon="-2.891223">
      <ele>1416.5</ele>
    </trkpt>
    <trkpt lat="41.906004" lon="-2.891266">
      <ele>1416.2</ele>
    </trkpt>
    <trkpt lat="41.906177" lon="-2.89167">
      <ele>1413.7</ele>
    </trkpt>
    <trkpt lat="41.906211" lon="-2.891908">
      <ele>1412.5</ele>
    </trkpt>
    <trkpt lat="41.906253" lon="-2.892034">
      <ele>1411.7</ele>
    </trkpt>
    <trkpt lat="41.906386" lon="-2.892107">
      <ele>1410.7</ele>
    </trkpt>
    <trkpt lat="41.906579" lon="-2.892151">
      <ele>1409.4</ele>
    </trkpt>
    <trkpt lat="41.906717" lon="-2.892288">
      <ele>1408.3</ele>
    </trkpt>
    <trkpt lat="41.906848" lon="-2.892317">
      <ele>1407.5</ele>
    </trkpt>
    <trkpt lat="41.9069" lon="-2.892355">
      <ele>1407.2</ele>
    </trkpt>
    <trkpt lat="41.906954" lon="-2.892497">
      <ele>1406.5</ele>
    </trkpt>
    <trkpt lat="41.907224" lon="-2.892665">
      <ele>1404.9</ele>
    </trkpt>
    <trkpt lat="41.907373" lon="-2.892683">
      <ele>1404.1</ele>
    </trkpt>
    <trkpt lat="41.907488" lon="-2.89282">
      <ele>1403.3</ele>
    </trkpt>
    <trkpt lat="41.907609" lon="-2.893115">
      <ele>1402</ele>
    </trkpt>
    <trkpt lat="41.907605" lon="-2.893304">
      <ele>1401.3</ele>
    </trkpt>
    <trkpt lat="41.907628" lon="-2.893433">
      <ele>1400.8</ele>
    </trkpt>
    <trkpt lat="41.907749" lon="-2.893661">
      <ele>1399.8</ele>
    </trkpt>
    <trkpt lat="41.90777" lon="-2.894012">
      <ele>1398.3</ele>
    </trkpt>
    <trkpt lat="41.907813" lon="-2.894106">
      <ele>1397.9</ele>
    </trkpt>
    <trkpt lat="41.907874" lon="-2.89416">
      <ele>1397.5</ele>
    </trkpt>
    <trkpt lat="41.907883" lon="-2.894205">
      <ele>1397.3</ele>
    </trkpt>
    <trkpt lat="41.907854" lon="-2.894285">
      <ele>1396.9</ele>
    </trkpt>
    <trkpt lat="41.907581" lon="-2.894662">
      <ele>1394.5</ele>
    </trkpt>
    <trkpt lat="41.907557" lon="-2.894729">
      <ele>1394.2</ele>
    </trkpt>
    <trkpt lat="41.907542" lon="-2.894998">
      <ele>1392.9</ele>
    </trkpt>
    <trkpt lat="41.907567" lon="-2.895246">
      <ele>1391.8</ele>
    </trkpt>
    <trkpt lat="41.907561" lon="-2.895864">
      <ele>1389.1</ele>
    </trkpt>
    <trkpt lat="41.907488" lon="-2.896244">
      <ele>1387.5</ele>
    </trkpt>
    <trkpt lat="41.907584" lon="-2.896464">
      <ele>1386.4</ele>
    </trkpt>
    <trkpt lat="41.907649" lon="-2.896721">
      <ele>1385.5</ele>
    </trkpt>
    <trkpt lat="41.907786" lon="-2.896972">
      <ele>1384.7</ele>
    </trkpt>
    <trkpt lat="41.908024" lon="-2.897295">
      <ele>1383.9</ele>
    </trkpt>
    <trkpt lat="41.908059" lon="-2.8974">
      <ele>1383.7</ele>
    </trkpt>
    <trkpt lat="41.908067" lon="-2.897569">
      <ele>1383.3</ele>
    </trkpt>
    <trkpt lat="41.908173" lon="-2.897721">
      <ele>1382.9</ele>
    </trkpt>
    <trkpt lat="41.908293" lon="-2.89766">
      <ele>1382.6</ele>
    </trkpt>
    <trkpt lat="41.908439" lon="-2.897697">
      <ele>1382.1</ele>
    </trkpt>
    <trkpt lat="41.908558" lon="-2.897801">
      <ele>1381.6</ele>
    </trkpt>
    <trkpt lat="41.908673" lon="-2.898017">
      <ele>1380.8</ele>
    </trkpt>
    <trkpt lat="41.908838" lon="-2.898196">
      <ele>1379.9</ele>
    </trkpt>
    <trkpt lat="41.9092" lon="-2.89872">
      <ele>1377.5</ele>
    </trkpt>
    <trkpt lat="41.909136" lon="-2.898991">
      <ele>1376.3</ele>
    </trkpt>
    <trkpt lat="41.908971" lon="-2.899484">
      <ele>1373.8</ele>
    </trkpt>
    <trkpt lat="41.908939" lon="-2.899878">
      <ele>1372</ele>
    </trkpt>
    <trkpt lat="41.908884" lon="-2.900131">
      <ele>1370.8</ele>
    </trkpt>
    <trkpt lat="41.908797" lon="-2.900297">
      <ele>1369.9</ele>
    </trkpt>
    <trkpt lat="41.908737" lon="-2.900581">
      <ele>1368.5</ele>
    </trkpt>
    <trkpt lat="41.908668" lon="-2.900722">
      <ele>1367.7</ele>
    </trkpt>
    <trkpt lat="41.908421" lon="-2.901061">
      <ele>1365.2</ele>
    </trkpt>
    <trkpt lat="41.908338" lon="-2.901271">
      <ele>1364</ele>
    </trkpt>
    <trkpt lat="41.908201" lon="-2.901369">
      <ele>1362.9</ele>
    </trkpt>
    <trkpt lat="41.907784" lon="-2.901554">
      <ele>1359.7</ele>
    </trkpt>
    <trkpt lat="41.907705" lon="-2.90185">
      <ele>1358.1</ele>
    </trkpt>
    <trkpt lat="41.907747" lon="-2.903397">
      <ele>1349.9</ele>
    </trkpt>
    <trkpt lat="41.907701" lon="-2.903508">
      <ele>1349.2</ele>
    </trkpt>
    <trkpt lat="41.907637" lon="-2.903434">
      <ele>1348.5</ele>
    </trkpt>
    <trkpt lat="41.907531" lon="-2.903612">
      <ele>1347.2</ele>
    </trkpt>
    <trkpt lat="41.907426" lon="-2.903662">
      <ele>1346.2</ele>
    </trkpt>
    <trkpt lat="41.907261" lon="-2.903551">
      <ele>1344.4</ele>
    </trkpt>
    <trkpt lat="41.906926" lon="-2.903606">
      <ele>1340.7</ele>
    </trkpt>
    <trkpt lat="41.906848" lon="-2.903526">
      <ele>1339.5</ele>
    </trkpt>
    <trkpt lat="41.906839" lon="-2.903138">
      <ele>1335.6</ele>
    </trkpt>
    <trkpt lat="41.906807" lon="-2.903021">
      <ele>1334.3</ele>
    </trkpt>
    <trkpt lat="41.906752" lon="-2.903008">
      <ele>1333.5</ele>
    </trkpt>
    <trkpt lat="41.906499" lon="-2.903347">
      <ele>1328.7</ele>
    </trkpt>
    <trkpt lat="41.906206" lon="-2.90336">
      <ele>1324.9</ele>
    </trkpt>
    <trkpt lat="41.906064" lon="-2.903335">
      <ele>1323.2</ele>
    </trkpt>
    <trkpt lat="41.90599" lon="-2.90323">
      <ele>1321.9</ele>
    </trkpt>
    <trkpt lat="41.905811" lon="-2.903286">
      <ele>1319.9</ele>
    </trkpt>
    <trkpt lat="41.905688" lon="-2.903274">
      <ele>1318.6</ele>
    </trkpt>
    <trkpt lat="41.905656" lon="-2.903256">
      <ele>1318.2</ele>
    </trkpt>
    <trkpt lat="41.90561" lon="-2.90323">
      <ele>1317.8</ele>
    </trkpt>
    <trkpt lat="41.90561" lon="-2.903119">
      <ele>1317</ele>
    </trkpt>
    <trkpt lat="41.905871" lon="-2.902774">
      <ele>1313.9</ele>
    </trkpt>
    <trkpt lat="41.905885" lon="-2.902633">
      <ele>1313.1</ele>
    </trkpt>
    <trkpt lat="41.905825" lon="-2.902546">
      <ele>1312.5</ele>
    </trkpt>
    <trkpt lat="41.905665" lon="-2.902448">
      <ele>1311.3</ele>
    </trkpt>
    <trkpt lat="41.905568" lon="-2.902331">
      <ele>1310.4</ele>
    </trkpt>
    <trkpt lat="41.905445" lon="-2.902281">
      <ele>1309.5</ele>
    </trkpt>
    <trkpt lat="41.905321" lon="-2.901936">
      <ele>1307.3</ele>
    </trkpt>
    <trkpt lat="41.905339" lon="-2.901813">
      <ele>1306.4</ele>
    </trkpt>
    <trkpt lat="41.905468" lon="-2.90169">
      <ele>1304.8</ele>
    </trkpt>
    <trkpt lat="41.90549" lon="-2.901604">
      <ele>1304.1</ele>
    </trkpt>
    <trkpt lat="41.905426" lon="-2.901505">
      <ele>1303</ele>
    </trkpt>
    <trkpt lat="41.905344" lon="-2.901443">
      <ele>1301.9</ele>
    </trkpt>
    <trkpt lat="41.904899" lon="-2.90145">
      <ele>1296.1</ele>
    </trkpt>
    <trkpt lat="41.904738" lon="-2.901505">
      <ele>1293.7</ele>
    </trkpt>
    <trkpt lat="41.904527" lon="-2.901499">
      <ele>1290.6</ele>
    </trkpt>
    <trkpt lat="41.90443" lon="-2.901542">
      <ele>1289.1</ele>
    </trkpt>
    <trkpt lat="41.904382" lon="-2.901619">
      <ele>1287.9</ele>
    </trkpt>
    <trkpt lat="41.904297" lon="-2.901654">
      <ele>1286.6</ele>
    </trkpt>
    <trkpt lat="41.904187" lon="-2.901831">
      <ele>1284.1</ele>
    </trkpt>
    <trkpt lat="41.90415" lon="-2.902109">
      <ele>1281</ele>
    </trkpt>
    <trkpt lat="41.904225" lon="-2.902633">
      <ele>1275.7</ele>
    </trkpt>
    <trkpt lat="41.904259" lon="-2.902729">
      <ele>1274.7</ele>
    </trkpt>
    <trkpt lat="41.904349" lon="-2.902819">
      <ele>1273.3</ele>
    </trkpt>
    <trkpt lat="41.904363" lon="-2.90289">
      <ele>1272.7</ele>
    </trkpt>
    <trkpt lat="41.904291" lon="-2.903123">
      <ele>1270.7</ele>
    </trkpt>
    <trkpt lat="41.904198" lon="-2.903682">
      <ele>1266.7</ele>
    </trkpt>
    <trkpt lat="41.903904" lon="-2.904124">
      <ele>1263</ele>
    </trkpt>
    <trkpt lat="41.903856" lon="-2.90435">
      <ele>1261.7</ele>
    </trkpt>
    <trkpt lat="41.903887" lon="-2.9045">
      <ele>1260.8</ele>
    </trkpt>
    <trkpt lat="41.903864" lon="-2.904653">
      <ele>1259.9</ele>
    </trkpt>
    <trkpt lat="41.903759" lon="-2.904956">
      <ele>1257.9</ele>
    </trkpt>
    <trkpt lat="41.903466" lon="-2.905624">
      <ele>1253.5</ele>
    </trkpt>
    <trkpt lat="41.903326" lon="-2.905822">
      <ele>1252.2</ele>
    </trkpt>
    <trkpt lat="41.903075" lon="-2.906052">
      <ele>1250.5</ele>
    </trkpt>
    <trkpt lat="41.903012" lon="-2.906179">
      <ele>1249.9</ele>
    </trkpt>
    <trkpt lat="41.902891" lon="-2.906337">
      <ele>1249.2</ele>
    </trkpt>
    <trkpt lat="41.902839" lon="-2.906551">
      <ele>1248.6</ele>
    </trkpt>
    <trkpt lat="41.902968" lon="-2.906747">
      <ele>1247.9</ele>
    </trkpt>
    <trkpt lat="41.903567" lon="-2.907175">
      <ele>1246.7</ele>
    </trkpt>
    <trkpt lat="41.9039" lon="-2.907485">
      <ele>1246.5</ele>
    </trkpt>
    <trkpt lat="41.904271" lon="-2.907692">
      <ele>1246.3</ele>
    </trkpt>
    <trkpt lat="41.904927" lon="-2.907986">
      <ele>1245.7</ele>
    </trkpt>
    <trkpt lat="41.905331" lon="-2.908141">
      <ele>1245.7</ele>
    </trkpt>
    <trkpt lat="41.905588" lon="-2.908218">
      <ele>1245.9</ele>
    </trkpt>
    <trkpt lat="41.905934" lon="-2.908248">
      <ele>1246.3</ele>
    </trkpt>
    <trkpt lat="41.906682" lon="-2.908128">
      <ele>1246.9</ele>
    </trkpt>
    <trkpt lat="41.907645" lon="-2.908233">
      <ele>1246.8</ele>
    </trkpt>
    <trkpt lat="41.908152" lon="-2.908324">
      <ele>1246.3</ele>
    </trkpt>
    <trkpt lat="41.908958" lon="-2.908349">
      <ele>1245.7</ele>
    </trkpt>
    <trkpt lat="41.909431" lon="-2.908332">
      <ele>1245.6</ele>
    </trkpt>
    <trkpt lat="41.909897" lon="-2.908268">
      <ele>1245.5</ele>
    </trkpt>
    <trkpt lat="41.911003" lon="-2.908027">
      <ele>1241.7</ele>
    </trkpt>
    <trkpt lat="41.91106" lon="-2.908139">
      <ele>1241.3</ele>
    </trkpt>
    <trkpt lat="41.91114" lon="-2.908222">
      <ele>1240.9</ele>
    </trkpt>
    <trkpt lat="41.911709" lon="-2.908364">
      <ele>1239.1</ele>
    </trkpt>
    <trkpt lat="41.911941" lon="-2.908293">
      <ele>1238.6</ele>
    </trkpt>
    <trkpt lat="41.912009" lon="-2.908322">
      <ele>1238.5</ele>
    </trkpt>
    <trkpt lat="41.912383" lon="-2.908251">
      <ele>1238.2</ele>
    </trkpt>
    <trkpt lat="41.912494" lon="-2.908194">
      <ele>1238.3</ele>
    </trkpt>
    <trkpt lat="41.912791" lon="-2.908248">
      <ele>1238.6</ele>
    </trkpt>
    <trkpt lat="41.913369" lon="-2.908198">
      <ele>1239.4</ele>
    </trkpt>
    <trkpt lat="41.913956" lon="-2.907816">
      <ele>1239.6</ele>
    </trkpt>
    <trkpt lat="41.914112" lon="-2.907853">
      <ele>1239.5</ele>
    </trkpt>
    <trkpt lat="41.914222" lon="-2.907767">
      <ele>1239.4</ele>
    </trkpt>
    <trkpt lat="41.914433" lon="-2.907484">
      <ele>1239.2</ele>
    </trkpt>
    <trkpt lat="41.914635" lon="-2.907311">
      <ele>1239</ele>
    </trkpt>
    <trkpt lat="41.914855" lon="-2.907225">
      <ele>1238.9</ele>
    </trkpt>
    <trkpt lat="41.915231" lon="-2.906818">
      <ele>1239.1</ele>
    </trkpt>
    <trkpt lat="41.915598" lon="-2.906843">
      <ele>1239.6</ele>
    </trkpt>
    <trkpt lat="41.915708" lon="-2.906744">
      <ele>1239.8</ele>
    </trkpt>
    <trkpt lat="41.915937" lon="-2.906436">
      <ele>1240.9</ele>
    </trkpt>
    <trkpt lat="41.916093" lon="-2.906115">
      <ele>1241.7</ele>
    </trkpt>
    <trkpt lat="41.916322" lon="-2.905918">
      <ele>1242.5</ele>
    </trkpt>
    <trkpt lat="41.916735" lon="-2.905721">
      <ele>1244.6</ele>
    </trkpt>
    <trkpt lat="41.916845" lon="-2.905512">
      <ele>1245.7</ele>
    </trkpt>
    <trkpt lat="41.917028" lon="-2.905302">
      <ele>1247.1</ele>
    </trkpt>
    <trkpt lat="41.917221" lon="-2.905167">
      <ele>1248.4</ele>
    </trkpt>
    <trkpt lat="41.917778" lon="-2.905195">
      <ele>1251.3</ele>
    </trkpt>
    <trkpt lat="41.917094" lon="-2.906179">
      <ele>1257.7</ele>
    </trkpt>
    <trkpt lat="41.916927" lon="-2.906363">
      <ele>1258.9</ele>
    </trkpt>
    <trkpt lat="41.916543" lon="-2.907238">
      <ele>1263.2</ele>
    </trkpt>
    <trkpt lat="41.916443" lon="-2.907388">
      <ele>1264.3</ele>
    </trkpt>
    <trkpt lat="41.916134" lon="-2.907769">
      <ele>1267.8</ele>
    </trkpt>
    <trkpt lat="41.915998" lon="-2.908011">
      <ele>1269.9</ele>
    </trkpt>
    <trkpt lat="41.915693" lon="-2.908295">
      <ele>1273.6</ele>
    </trkpt>
    <trkpt lat="41.915599" lon="-2.908416">
      <ele>1274.9</ele>
    </trkpt>
    <trkpt lat="41.915459" lon="-2.908826">
      <ele>1278.5</ele>
    </trkpt>
    <trkpt lat="41.915206" lon="-2.909272">
      <ele>1283</ele>
    </trkpt>
    <trkpt lat="41.915142" lon="-2.909341">
      <ele>1283.8</ele>
    </trkpt>
    <trkpt lat="41.914879" lon="-2.909462">
      <ele>1286.6</ele>
    </trkpt>
    <trkpt lat="41.914645" lon="-2.909518">
      <ele>1288.8</ele>
    </trkpt>
    <trkpt lat="41.914354" lon="-2.909658">
      <ele>1291.4</ele>
    </trkpt>
    <trkpt lat="41.913727" lon="-2.909717">
      <ele>1296.6</ele>
    </trkpt>
    <trkpt lat="41.91349" lon="-2.909831">
      <ele>1298.9</ele>
    </trkpt>
    <trkpt lat="41.913226" lon="-2.910114">
      <ele>1302.1</ele>
    </trkpt>
    <trkpt lat="41.913146" lon="-2.910318">
      <ele>1303.8</ele>
    </trkpt>
    <trkpt lat="41.913103" lon="-2.910374">
      <ele>1304.4</ele>
    </trkpt>
    <trkpt lat="41.912589" lon="-2.910658">
      <ele>1310</ele>
    </trkpt>
    <trkpt lat="41.912396" lon="-2.910867">
      <ele>1312.5</ele>
    </trkpt>
    <trkpt lat="41.912174" lon="-2.910956">
      <ele>1314.7</ele>
    </trkpt>
    <trkpt lat="41.911935" lon="-2.91121">
      <ele>1317.5</ele>
    </trkpt>
    <trkpt lat="41.911637" lon="-2.911262">
      <ele>1320</ele>
    </trkpt>
    <trkpt lat="41.911268" lon="-2.911397">
      <ele>1323.1</ele>
    </trkpt>
    <trkpt lat="41.911082" lon="-2.911543">
      <ele>1324.8</ele>
    </trkpt>
    <trkpt lat="41.910953" lon="-2.911787">
      <ele>1326.6</ele>
    </trkpt>
    <trkpt lat="41.910887" lon="-2.912108">
      <ele>1328.5</ele>
    </trkpt>
    <trkpt lat="41.910927" lon="-2.912251">
      <ele>1329.4</ele>
    </trkpt>
    <trkpt lat="41.911074" lon="-2.912277">
      <ele>1330.6</ele>
    </trkpt>
    <trkpt lat="41.911337" lon="-2.912218">
      <ele>1332.7</ele>
    </trkpt>
    <trkpt lat="41.911635" lon="-2.912333">
      <ele>1334.9</ele>
    </trkpt>
    <trkpt lat="41.912087" lon="-2.912362">
      <ele>1337.7</ele>
    </trkpt>
    <trkpt lat="41.912238" lon="-2.912518">
      <ele>1338.8</ele>
    </trkpt>
    <trkpt lat="41.912235" lon="-2.912627">
      <ele>1339.2</ele>
    </trkpt>
    <trkpt lat="41.912132" lon="-2.912754">
      <ele>1340</ele>
    </trkpt>
    <trkpt lat="41.912113" lon="-2.912835">
      <ele>1340.3</ele>
    </trkpt>
    <trkpt lat="41.91208" lon="-2.913697">
      <ele>1343.3</ele>
    </trkpt>
    <trkpt lat="41.912098" lon="-2.914001">
      <ele>1344.3</ele>
    </trkpt>
    <trkpt lat="41.912142" lon="-2.914223">
      <ele>1345</ele>
    </trkpt>
    <trkpt lat="41.912229" lon="-2.914466">
      <ele>1345.8</ele>
    </trkpt>
    <trkpt lat="41.912472" lon="-2.914875">
      <ele>1347.4</ele>
    </trkpt>
    <trkpt lat="41.912647" lon="-2.915459">
      <ele>1349.6</ele>
    </trkpt>
    <trkpt lat="41.912819" lon="-2.915773">
      <ele>1351.1</ele>
    </trkpt>
    <trkpt lat="41.912987" lon="-2.916196">
      <ele>1353</ele>
    </trkpt>
    <trkpt lat="41.913107" lon="-2.916353">
      <ele>1353.9</ele>
    </trkpt>
    <trkpt lat="41.91318" lon="-2.916642">
      <ele>1355.1</ele>
    </trkpt>
    <trkpt lat="41.913254" lon="-2.916813">
      <ele>1355.9</ele>
    </trkpt>
    <trkpt lat="41.913373" lon="-2.916921">
      <ele>1356.8</ele>
    </trkpt>
    <trkpt lat="41.91332" lon="-2.917706">
      <ele>1360.5</ele>
    </trkpt>
    <trkpt lat="41.913239" lon="-2.917902">
      <ele>1361.6</ele>
    </trkpt>
    <trkpt lat="41.913112" lon="-2.918388">
      <ele>1363.8</ele>
    </trkpt>
    <trkpt lat="41.912923" lon="-2.918795">
      <ele>1365.5</ele>
    </trkpt>
    <trkpt lat="41.912797" lon="-2.91918">
      <ele>1366.7</ele>
    </trkpt>
    <trkpt lat="41.912736" lon="-2.919527">
      <ele>1367.7</ele>
    </trkpt>
    <trkpt lat="41.912738" lon="-2.919884">
      <ele>1368.5</ele>
    </trkpt>
    <trkpt lat="41.912789" lon="-2.920472">
      <ele>1369.7</ele>
    </trkpt>
    <trkpt lat="41.912767" lon="-2.921802">
      <ele>1372.9</ele>
    </trkpt>
    <trkpt lat="41.912732" lon="-2.921994">
      <ele>1373.5</ele>
    </trkpt>
    <trkpt lat="41.912718" lon="-2.922335">
      <ele>1374.5</ele>
    </trkpt>
    <trkpt lat="41.912629" lon="-2.922685">
      <ele>1375.6</ele>
    </trkpt>
    <trkpt lat="41.912572" lon="-2.923056">
      <ele>1376.7</ele>
    </trkpt>
    <trkpt lat="41.91255" lon="-2.923528">
      <ele>1378.1</ele>
    </trkpt>
    <trkpt lat="41.912388" lon="-2.923839">
      <ele>1379</ele>
    </trkpt>
    <trkpt lat="41.912401" lon="-2.924043">
      <ele>1379.4</ele>
    </trkpt>
    <trkpt lat="41.912467" lon="-2.924423">
      <ele>1380.1</ele>
    </trkpt>
    <trkpt lat="41.912465" lon="-2.924613">
      <ele>1380.4</ele>
    </trkpt>
    <trkpt lat="41.912333" lon="-2.92506">
      <ele>1380.9</ele>
    </trkpt>
    <trkpt lat="41.912242" lon="-2.925219">
      <ele>1381</ele>
    </trkpt>
    <trkpt lat="41.912153" lon="-2.925675">
      <ele>1381.1</ele>
    </trkpt>
    <trkpt lat="41.911847" lon="-2.926468">
      <ele>1380.2</ele>
    </trkpt>
    <trkpt lat="41.911833" lon="-2.926588">
      <ele>1379.9</ele>
    </trkpt>
    <trkpt lat="41.911785" lon="-2.926713">
      <ele>1379.7</ele>
    </trkpt>
    <trkpt lat="41.911639" lon="-2.926934">
      <ele>1379.1</ele>
    </trkpt>
    <trkpt lat="41.911586" lon="-2.92708">
      <ele>1378.8</ele>
    </trkpt>
    <trkpt lat="41.911088" lon="-2.927997">
      <ele>1377.3</ele>
    </trkpt>
    <trkpt lat="41.910933" lon="-2.928168">
      <ele>1377.4</ele>
    </trkpt>
    <trkpt lat="41.910642" lon="-2.928685">
      <ele>1378.4</ele>
    </trkpt>
    <trkpt lat="41.910587" lon="-2.928924">
      <ele>1379.1</ele>
    </trkpt>
    <trkpt lat="41.910587" lon="-2.929067">
      <ele>1379.4</ele>
    </trkpt>
    <trkpt lat="41.910425" lon="-2.929607">
      <ele>1380.3</ele>
    </trkpt>
    <trkpt lat="41.910416" lon="-2.929761">
      <ele>1380.4</ele>
    </trkpt>
    <trkpt lat="41.910463" lon="-2.92989">
      <ele>1380.4</ele>
    </trkpt>
    <trkpt lat="41.910591" lon="-2.930018">
      <ele>1380.2</ele>
    </trkpt>
    <trkpt lat="41.910612" lon="-2.93008">
      <ele>1380.1</ele>
    </trkpt>
    <trkpt lat="41.910695" lon="-2.930155">
      <ele>1379.9</ele>
    </trkpt>
    <trkpt lat="41.91082" lon="-2.93037">
      <ele>1379.1</ele>
    </trkpt>
    <trkpt lat="41.91089" lon="-2.930762">
      <ele>1377.2</ele>
    </trkpt>
    <trkpt lat="41.910917" lon="-2.931295">
      <ele>1373.2</ele>
    </trkpt>
    <trkpt lat="41.910778" lon="-2.93164">
      <ele>1369.1</ele>
    </trkpt>
    <trkpt lat="41.910834" lon="-2.932135">
      <ele>1363.2</ele>
    </trkpt>
    <trkpt lat="41.910904" lon="-2.932285">
      <ele>1361.1</ele>
    </trkpt>
    <trkpt lat="41.911327" lon="-2.932425">
      <ele>1354</ele>
    </trkpt>
    <trkpt lat="41.91164" lon="-2.932668">
      <ele>1348.6</ele>
    </trkpt>
    <trkpt lat="41.911765" lon="-2.932808">
      <ele>1346.3</ele>
    </trkpt>
    <trkpt lat="41.912168" lon="-2.932855">
      <ele>1341.4</ele>
    </trkpt>
    <trkpt lat="41.912342" lon="-2.932957">
      <ele>1339.5</ele>
    </trkpt>
    <trkpt lat="41.913044" lon="-2.933023">
      <ele>1334.3</ele>
    </trkpt>
    <trkpt lat="41.913281" lon="-2.932957">
      <ele>1332.9</ele>
    </trkpt>
    <trkpt lat="41.913559" lon="-2.932929">
      <ele>1331.4</ele>
    </trkpt>
    <trkpt lat="41.914073" lon="-2.932957">
      <ele>1328.4</ele>
    </trkpt>
    <trkpt lat="41.914351" lon="-2.933023">
      <ele>1326.6</ele>
    </trkpt>
    <trkpt lat="41.914712" lon="-2.933181">
      <ele>1324.2</ele>
    </trkpt>
    <trkpt lat="41.914921" lon="-2.933209">
      <ele>1322.9</ele>
    </trkpt>
    <trkpt lat="41.915234" lon="-2.933359">
      <ele>1320.8</ele>
    </trkpt>
    <trkpt lat="41.915324" lon="-2.933471">
      <ele>1319.9</ele>
    </trkpt>
    <trkpt lat="41.915602" lon="-2.933574">
      <ele>1317.8</ele>
    </trkpt>
    <trkpt lat="41.916063" lon="-2.933612">
      <ele>1313.8</ele>
    </trkpt>
    <trkpt lat="41.916178" lon="-2.933685">
      <ele>1312.6</ele>
    </trkpt>
    <trkpt lat="41.916353" lon="-2.933717">
      <ele>1310.7</ele>
    </trkpt>
    <trkpt lat="41.916601" lon="-2.933693">
      <ele>1307.9</ele>
    </trkpt>
    <trkpt lat="41.916849" lon="-2.933766">
      <ele>1304.8</ele>
    </trkpt>
    <trkpt lat="41.917128" lon="-2.933904">
      <ele>1300.9</ele>
    </trkpt>
    <trkpt lat="41.917533" lon="-2.93401">
      <ele>1294.8</ele>
    </trkpt>
    <trkpt lat="41.917727" lon="-2.934319">
      <ele>1290.4</ele>
    </trkpt>
    <trkpt lat="41.917854" lon="-2.934343">
      <ele>1288.5</ele>
    </trkpt>
    <trkpt lat="41.917793" lon="-2.934238">
      <ele>1287</ele>
    </trkpt>
    <trkpt lat="41.917823" lon="-2.93414">
      <ele>1285.8</ele>
    </trkpt>
    <trkpt lat="41.917932" lon="-2.934099">
      <ele>1284</ele>
    </trkpt>
    <trkpt lat="41.918305" lon="-2.934059">
      <ele>1278.2</ele>
    </trkpt>
    <trkpt lat="41.918406" lon="-2.933985">
      <ele>1276.3</ele>
    </trkpt>
    <trkpt lat="41.918883" lon="-2.933813">
      <ele>1268.1</ele>
    </trkpt>
    <trkpt lat="41.919066" lon="-2.9338">
      <ele>1264.9</ele>
    </trkpt>
    <trkpt lat="41.919323" lon="-2.93385">
      <ele>1260.7</ele>
    </trkpt>
    <trkpt lat="41.919397" lon="-2.93401">
      <ele>1258.5</ele>
    </trkpt>
    <trkpt lat="41.919442" lon="-2.934281">
      <ele>1255.4</ele>
    </trkpt>
    <trkpt lat="41.919756" lon="-2.93452">
      <ele>1250.5</ele>
    </trkpt>
    <trkpt lat="41.919814" lon="-2.934447">
      <ele>1249.6</ele>
    </trkpt>
    <trkpt lat="41.919883" lon="-2.934207">
      <ele>1247.3</ele>
    </trkpt>
    <trkpt lat="41.920045" lon="-2.934157">
      <ele>1245.5</ele>
    </trkpt>
    <trkpt lat="41.920207" lon="-2.933955">
      <ele>1243.3</ele>
    </trkpt>
    <trkpt lat="41.92035" lon="-2.933936">
      <ele>1241.9</ele>
    </trkpt>
    <trkpt lat="41.920508" lon="-2.933724">
      <ele>1239.9</ele>
    </trkpt>
    <trkpt lat="41.920644" lon="-2.933369">
      <ele>1237.4</ele>
    </trkpt>
    <trkpt lat="41.920901" lon="-2.933308">
      <ele>1235.4</ele>
    </trkpt>
    <trkpt lat="41.921289" lon="-2.933127">
      <ele>1231.9</ele>
    </trkpt>
    <trkpt lat="41.921753" lon="-2.932654">
      <ele>1226.6</ele>
    </trkpt>
    <trkpt lat="41.921852" lon="-2.932696">
      <ele>1225.6</ele>
    </trkpt>
    <trkpt lat="41.921937" lon="-2.932925">
      <ele>1223.8</ele>
    </trkpt>
    <trkpt lat="41.922001" lon="-2.932888">
      <ele>1223.2</ele>
    </trkpt>
    <trkpt lat="41.922093" lon="-2.932691">
      <ele>1221.7</ele>
    </trkpt>
    <trkpt lat="41.922175" lon="-2.93258">
      <ele>1220.7</ele>
    </trkpt>
    <trkpt lat="41.92245" lon="-2.932383">
      <ele>1218.1</ele>
    </trkpt>
    <trkpt lat="41.922608" lon="-2.932112">
      <ele>1216.1</ele>
    </trkpt>
    <trkpt lat="41.922854" lon="-2.931989">
      <ele>1214.2</ele>
    </trkpt>
    <trkpt lat="41.923074" lon="-2.93152">
      <ele>1211.9</ele>
    </trkpt>
    <trkpt lat="41.923242" lon="-2.931393">
      <ele>1211.1</ele>
    </trkpt>
    <trkpt lat="41.923276" lon="-2.931151">
      <ele>1210.6</ele>
    </trkpt>
    <trkpt lat="41.923385" lon="-2.930947">
      <ele>1210.4</ele>
    </trkpt>
    <trkpt lat="41.923404" lon="-2.930997">
      <ele>1210.4</ele>
    </trkpt>
    <trkpt lat="41.923531" lon="-2.931115">
      <ele>1210.3</ele>
    </trkpt>
    <trkpt lat="41.9238" lon="-2.931276">
      <ele>1210.6</ele>
    </trkpt>
    <trkpt lat="41.924049" lon="-2.931534">
      <ele>1211.2</ele>
    </trkpt>
    <trkpt lat="41.924195" lon="-2.931625">
      <ele>1211.6</ele>
    </trkpt>
    <trkpt lat="41.924478" lon="-2.931689">
      <ele>1212.5</ele>
    </trkpt>
    <trkpt lat="41.924751" lon="-2.93186">
      <ele>1213.5</ele>
    </trkpt>
    <trkpt lat="41.924817" lon="-2.931943">
      <ele>1213.8</ele>
    </trkpt>
    <trkpt lat="41.92486" lon="-2.932097">
      <ele>1214.1</ele>
    </trkpt>
    <trkpt lat="41.925003" lon="-2.932354">
      <ele>1214.6</ele>
    </trkpt>
    <trkpt lat="41.925167" lon="-2.932504">
      <ele>1214.8</ele>
    </trkpt>
    <trkpt lat="41.925335" lon="-2.932772">
      <ele>1214.9</ele>
    </trkpt>
    <trkpt lat="41.925748" lon="-2.933049">
      <ele>1214.6</ele>
    </trkpt>
    <trkpt lat="41.926275" lon="-2.933504">
      <ele>1213.5</ele>
    </trkpt>
    <trkpt lat="41.926997" lon="-2.93435">
      <ele>1211</ele>
    </trkpt>
    <trkpt lat="41.92746" lon="-2.934993">
      <ele>1209.1</ele>
    </trkpt>
    <trkpt lat="41.927797" lon="-2.935232">
      <ele>1208.2</ele>
    </trkpt>
    <trkpt lat="41.927981" lon="-2.935293">
      <ele>1207.7</ele>
    </trkpt>
    <trkpt lat="41.928122" lon="-2.935319">
      <ele>1207.3</ele>
    </trkpt>
    <trkpt lat="41.928336" lon="-2.935418">
      <ele>1206.7</ele>
    </trkpt>
    <trkpt lat="41.928415" lon="-2.935611">
      <ele>1206.3</ele>
    </trkpt>
    <trkpt lat="41.928602" lon="-2.935847">
      <ele>1205.6</ele>
    </trkpt>
    <trkpt lat="41.929012" lon="-2.936056">
      <ele>1204.9</ele>
    </trkpt>
    <trkpt lat="41.929202" lon="-2.936199">
      <ele>1204.7</ele>
    </trkpt>
    <trkpt lat="41.929406" lon="-2.936442">
      <ele>1204.4</ele>
    </trkpt>
    <trkpt lat="41.929685" lon="-2.936611">
      <ele>1204.1</ele>
    </trkpt>
    <trkpt lat="41.929966" lon="-2.936715">
      <ele>1204</ele>
    </trkpt>
    <trkpt lat="41.93029" lon="-2.936961">
      <ele>1204.2</ele>
    </trkpt>
    <trkpt lat="41.931326" lon="-2.937524">
      <ele>1205.4</ele>
    </trkpt>
    <trkpt lat="41.93152" lon="-2.937796">
      <ele>1205.6</ele>
    </trkpt>
    <trkpt lat="41.931727" lon="-2.938019">
      <ele>1205.7</ele>
    </trkpt>
    <trkpt lat="41.93188" lon="-2.938316">
      <ele>1205.7</ele>
    </trkpt>
    <trkpt lat="41.932166" lon="-2.938559">
      <ele>1205.6</ele>
    </trkpt>
    <trkpt lat="41.932645" lon="-2.939126">
      <ele>1205</ele>
    </trkpt>
    <trkpt lat="41.9329" lon="-2.939386">
      <ele>1204.5</ele>
    </trkpt>
    <trkpt lat="41.933292" lon="-2.93966">
      <ele>1203.9</ele>
    </trkpt>
    <trkpt lat="41.933745" lon="-2.940223">
      <ele>1203.1</ele>
    </trkpt>
    <trkpt lat="41.933874" lon="-2.940557">
      <ele>1202.8</ele>
    </trkpt>
    <trkpt lat="41.933966" lon="-2.940675">
      <ele>1202.6</ele>
    </trkpt>
    <trkpt lat="41.934018" lon="-2.940818">
      <ele>1202.4</ele>
    </trkpt>
    <trkpt lat="41.934056" lon="-2.941383">
      <ele>1201.9</ele>
    </trkpt>
    <trkpt lat="41.934386" lon="-2.9421">
      <ele>1202</ele>
    </trkpt>
    <trkpt lat="41.934618" lon="-2.942264">
      <ele>1202.4</ele>
    </trkpt>
    <trkpt lat="41.9348" lon="-2.942549">
      <ele>1203</ele>
    </trkpt>
    <trkpt lat="41.935039" lon="-2.943279">
      <ele>1205.3</ele>
    </trkpt>
    <trkpt lat="41.935101" lon="-2.943614">
      <ele>1206.8</ele>
    </trkpt>
    <trkpt lat="41.935106" lon="-2.943812">
      <ele>1207.8</ele>
    </trkpt>
    <trkpt lat="41.935092" lon="-2.94398">
      <ele>1208.7</ele>
    </trkpt>
    <trkpt lat="41.935015" lon="-2.944173">
      <ele>1209.9</ele>
    </trkpt>
    <trkpt lat="41.934866" lon="-2.944313">
      <ele>1211.4</ele>
    </trkpt>
    <trkpt lat="41.93461" lon="-2.944622">
      <ele>1214.1</ele>
    </trkpt>
    <trkpt lat="41.934481" lon="-2.944862">
      <ele>1215.4</ele>
    </trkpt>
    <trkpt lat="41.934338" lon="-2.945056">
      <ele>1216.3</ele>
    </trkpt>
    <trkpt lat="41.934213" lon="-2.945324">
      <ele>1217.1</ele>
    </trkpt>
    <trkpt lat="41.934213" lon="-2.945659">
      <ele>1217.6</ele>
    </trkpt>
    <trkpt lat="41.934469" lon="-2.945853">
      <ele>1217.9</ele>
    </trkpt>
    <trkpt lat="41.934715" lon="-2.94612">
      <ele>1217.6</ele>
    </trkpt>
    <trkpt lat="41.935006" lon="-2.94671">
      <ele>1215.7</ele>
    </trkpt>
    <trkpt lat="41.935268" lon="-2.947123">
      <ele>1213.9</ele>
    </trkpt>
    <trkpt lat="41.93537" lon="-2.947217">
      <ele>1213.4</ele>
    </trkpt>
    <trkpt lat="41.935602" lon="-2.947327">
      <ele>1212.5</ele>
    </trkpt>
    <trkpt lat="41.93891" lon="-2.94721">
      <ele>1202.4</ele>
    </trkpt>
    <trkpt lat="41.939529" lon="-2.947193">
      <ele>1201</ele>
    </trkpt>
    <trkpt lat="41.939899" lon="-2.94718">
      <ele>1200.3</ele>
    </trkpt>
    <trkpt lat="41.940421" lon="-2.947171">
      <ele>1199.5</ele>
    </trkpt>
    <trkpt lat="41.940557" lon="-2.947204">
      <ele>1199.2</ele>
    </trkpt>
    <trkpt lat="41.940618" lon="-2.94726">
      <ele>1199</ele>
    </trkpt>
    <trkpt lat="41.94017" lon="-2.947664">
      <ele>1197.5</ele>
    </trkpt>
    <trkpt lat="41.93999" lon="-2.947881">
      <ele>1196.6</ele>
    </trkpt>
    <trkpt lat="41.939531" lon="-2.948604">
      <ele>1193.1</ele>
    </trkpt>
    <trkpt lat="41.939357" lon="-2.948994">
      <ele>1190.9</ele>
    </trkpt>
    <trkpt lat="41.939149" lon="-2.949638">
      <ele>1186.9</ele>
    </trkpt>
    <trkpt lat="41.939004" lon="-2.950515">
      <ele>1181.3</ele>
    </trkpt>
    <trkpt lat="41.93898" lon="-2.95123">
      <ele>1176.7</ele>
    </trkpt>
    <trkpt lat="41.93901" lon="-2.95164">
      <ele>1174.1</ele>
    </trkpt>
    <trkpt lat="41.939137" lon="-2.952393">
      <ele>1169.4</ele>
    </trkpt>
    <trkpt lat="41.939248" lon="-2.952779">
      <ele>1167</ele>
    </trkpt>
    <trkpt lat="41.940203" lon="-2.955142">
      <ele>1153.2</ele>
    </trkpt>
    <trkpt lat="41.940382" lon="-2.95569">
      <ele>1150.5</ele>
    </trkpt>
    <trkpt lat="41.940444" lon="-2.955972">
      <ele>1149.3</ele>
    </trkpt>
    <trkpt lat="41.940492" lon="-2.95636">
      <ele>1147.7</ele>
    </trkpt>
    <trkpt lat="41.9406" lon="-2.958271">
      <ele>1141.1</ele>
    </trkpt>
    <trkpt lat="41.940671" lon="-2.958883">
      <ele>1138.6</ele>
    </trkpt>
    <trkpt lat="41.940848" lon="-2.959549">
      <ele>1135.6</ele>
    </trkpt>
    <trkpt lat="41.941857" lon="-2.962404">
      <ele>1121.7</ele>
    </trkpt>
    <trkpt lat="41.942" lon="-2.963057">
      <ele>1119.8</ele>
    </trkpt>
    <trkpt lat="41.94203" lon="-2.963288">
      <ele>1119.3</ele>
    </trkpt>
    <trkpt lat="41.942042" lon="-2.963396">
      <ele>1119.1</ele>
    </trkpt>
    <trkpt lat="41.942436" lon="-2.968956">
      <ele>1116.1</ele>
    </trkpt>
    <trkpt lat="41.942473" lon="-2.970559">
      <ele>1114.2</ele>
    </trkpt>
    <trkpt lat="41.942582" lon="-2.971054">
      <ele>1113.5</ele>
    </trkpt>
    <trkpt lat="41.942685" lon="-2.971284">
      <ele>1113.1</ele>
    </trkpt>
    <trkpt lat="41.942855" lon="-2.971769">
      <ele>1112.4</ele>
    </trkpt>
    <trkpt lat="41.942899" lon="-2.972264">
      <ele>1111.9</ele>
    </trkpt>
    <trkpt lat="41.942912" lon="-2.972984">
      <ele>1111</ele>
    </trkpt>
    <trkpt lat="41.942942" lon="-2.973173">
      <ele>1110.8</ele>
    </trkpt>
    <trkpt lat="41.943109" lon="-2.973768">
      <ele>1110.2</ele>
    </trkpt>
    <trkpt lat="41.943155" lon="-2.974047">
      <ele>1110.1</ele>
    </trkpt>
    <trkpt lat="41.943216" lon="-2.975366">
      <ele>1109.9</ele>
    </trkpt>
    <trkpt lat="41.943261" lon="-2.975819">
      <ele>1109.9</ele>
    </trkpt>
    <trkpt lat="41.943298" lon="-2.975988">
      <ele>1110</ele>
    </trkpt>
    <trkpt lat="41.943462" lon="-2.976435">
      <ele>1110.1</ele>
    </trkpt>
    <trkpt lat="41.943979" lon="-2.977311">
      <ele>1110.5</ele>
    </trkpt>
    <trkpt lat="41.94411" lon="-2.977638">
      <ele>1110.6</ele>
    </trkpt>
    <trkpt lat="41.94473" lon="-2.980341">
      <ele>1110.2</ele>
    </trkpt>
    <trkpt lat="41.944898" lon="-2.980932">
      <ele>1109.5</ele>
    </trkpt>
    <trkpt lat="41.944959" lon="-2.981068">
      <ele>1109.2</ele>
    </trkpt>
    <trkpt lat="41.945125" lon="-2.981321">
      <ele>1108.8</ele>
    </trkpt>
    <trkpt lat="41.945799" lon="-2.982126">
      <ele>1107</ele>
    </trkpt>
    <trkpt lat="41.945946" lon="-2.982422">
      <ele>1106.7</ele>
    </trkpt>
    <trkpt lat="41.946093" lon="-2.982917">
      <ele>1106.6</ele>
    </trkpt>
    <trkpt lat="41.946288" lon="-2.983242">
      <ele>1106.6</ele>
    </trkpt>
    <trkpt lat="41.946475" lon="-2.983423">
      <ele>1106.6</ele>
    </trkpt>
    <trkpt lat="41.947124" lon="-2.983927">
      <ele>1106.5</ele>
    </trkpt>
    <trkpt lat="41.94738" lon="-2.984257">
      <ele>1106.2</ele>
    </trkpt>
    <trkpt lat="41.947505" lon="-2.984534">
      <ele>1105.9</ele>
    </trkpt>
    <trkpt lat="41.947881" lon="-2.985962">
      <ele>1103.9</ele>
    </trkpt>
    <trkpt lat="41.947965" lon="-2.986186">
      <ele>1103.7</ele>
    </trkpt>
    <trkpt lat="41.948063" lon="-2.986367">
      <ele>1103.7</ele>
    </trkpt>
    <trkpt lat="41.948171" lon="-2.986515">
      <ele>1103.8</ele>
    </trkpt>
    <trkpt lat="41.948324" lon="-2.986665">
      <ele>1104</ele>
    </trkpt>
    <trkpt lat="41.948628" lon="-2.986828">
      <ele>1104.7</ele>
    </trkpt>
    <trkpt lat="41.948778" lon="-2.986851">
      <ele>1105.2</ele>
    </trkpt>
    <trkpt lat="41.948995" lon="-2.986847">
      <ele>1106.1</ele>
    </trkpt>
    <trkpt lat="41.949294" lon="-2.986845">
      <ele>1107.5</ele>
    </trkpt>
    <trkpt lat="41.949642" lon="-2.987007">
      <ele>1109.6</ele>
    </trkpt>
    <trkpt lat="41.949866" lon="-2.987207">
      <ele>1111.2</ele>
    </trkpt>
    <trkpt lat="41.950004" lon="-2.987411">
      <ele>1112.4</ele>
    </trkpt>
    <trkpt lat="41.950129" lon="-2.987678">
      <ele>1113.9</ele>
    </trkpt>
    <trkpt lat="41.950285" lon="-2.988217">
      <ele>1116.5</ele>
    </trkpt>
    <trkpt lat="41.950334" lon="-2.988396">
      <ele>1117.3</ele>
    </trkpt>
    <trkpt lat="41.950486" lon="-2.988926">
      <ele>1119.4</ele>
    </trkpt>
    <trkpt lat="41.950583" lon="-2.989257">
      <ele>1120.5</ele>
    </trkpt>
    <trkpt lat="41.950631" lon="-2.989422">
      <ele>1120.9</ele>
    </trkpt>
    <trkpt lat="41.950751" lon="-2.989836">
      <ele>1121.6</ele>
    </trkpt>
    <trkpt lat="41.950776" lon="-2.989924">
      <ele>1121.8</ele>
    </trkpt>
    <trkpt lat="41.950993" lon="-2.990609">
      <ele>1122.2</ele>
    </trkpt>
    <trkpt lat="41.951444" lon="-2.991531">
      <ele>1121.9</ele>
    </trkpt>
    <trkpt lat="41.951607" lon="-2.991881">
      <ele>1121.6</ele>
    </trkpt>
    <trkpt lat="41.951639" lon="-2.992002">
      <ele>1121.5</ele>
    </trkpt>
    <trkpt lat="41.951675" lon="-2.992225">
      <ele>1121.4</ele>
    </trkpt>
    <trkpt lat="41.951686" lon="-2.992773">
      <ele>1121</ele>
    </trkpt>
    <trkpt lat="41.951695" lon="-2.993903">
      <ele>1119.9</ele>
    </trkpt>
    <trkpt lat="41.951683" lon="-2.994346">
      <ele>1119.3</ele>
    </trkpt>
    <trkpt lat="41.95156" lon="-2.994895">
      <ele>1118.6</ele>
    </trkpt>
    <trkpt lat="41.951403" lon="-2.995218">
      <ele>1118.2</ele>
    </trkpt>
    <trkpt lat="41.950853" lon="-2.996045">
      <ele>1117.4</ele>
    </trkpt>
    <trkpt lat="41.950763" lon="-2.996226">
      <ele>1117.3</ele>
    </trkpt>
    <trkpt lat="41.950652" lon="-2.996628">
      <ele>1117</ele>
    </trkpt>
    <trkpt lat="41.95063" lon="-2.996848">
      <ele>1116.9</ele>
    </trkpt>
    <trkpt lat="41.95063" lon="-2.997061">
      <ele>1116.7</ele>
    </trkpt>
    <trkpt lat="41.950692" lon="-2.997537">
      <ele>1116.4</ele>
    </trkpt>
    <trkpt lat="41.951288" lon="-3.001146">
      <ele>1112.7</ele>
    </trkpt>
    <trkpt lat="41.951279" lon="-3.001402">
      <ele>1112.3</ele>
    </trkpt>
    <trkpt lat="41.951245" lon="-3.001593">
      <ele>1112</ele>
    </trkpt>
    <trkpt lat="41.951016" lon="-3.002286">
      <ele>1110.6</ele>
    </trkpt>
    <trkpt lat="41.950956" lon="-3.002643">
      <ele>1109.7</ele>
    </trkpt>
    <trkpt lat="41.950909" lon="-3.004035">
      <ele>1106</ele>
    </trkpt>
    <trkpt lat="41.950909" lon="-3.00472">
      <ele>1104.2</ele>
    </trkpt>
    <trkpt lat="41.950954" lon="-3.005082">
      <ele>1103.4</ele>
    </trkpt>
    <trkpt lat="41.951103" lon="-3.005491">
      <ele>1102.6</ele>
    </trkpt>
    <trkpt lat="41.95137" lon="-3.005847">
      <ele>1102.2</ele>
    </trkpt>
    <trkpt lat="41.95165" lon="-3.006072">
      <ele>1102.3</ele>
    </trkpt>
    <trkpt lat="41.951836" lon="-3.006287">
      <ele>1102.5</ele>
    </trkpt>
    <trkpt lat="41.951937" lon="-3.006459">
      <ele>1102.8</ele>
    </trkpt>
    <trkpt lat="41.952054" lon="-3.006811">
      <ele>1103.3</ele>
    </trkpt>
    <trkpt lat="41.952106" lon="-3.007304">
      <ele>1103.9</ele>
    </trkpt>
    <trkpt lat="41.952105" lon="-3.007808">
      <ele>1104.5</ele>
    </trkpt>
    <trkpt lat="41.952053" lon="-3.008563">
      <ele>1104.5</ele>
    </trkpt>
    <trkpt lat="41.951796" lon="-3.009434">
      <ele>1103.8</ele>
    </trkpt>
    <trkpt lat="41.951785" lon="-3.009791">
      <ele>1103.5</ele>
    </trkpt>
    <trkpt lat="41.951808" lon="-3.009989">
      <ele>1103.3</ele>
    </trkpt>
    <trkpt lat="41.951907" lon="-3.010345">
      <ele>1102.9</ele>
    </trkpt>
    <trkpt lat="41.952229" lon="-3.010951">
      <ele>1102.2</ele>
    </trkpt>
    <trkpt lat="41.952546" lon="-3.012113">
      <ele>1101.5</ele>
    </trkpt>
    <trkpt lat="41.952788" lon="-3.012981">
      <ele>1101.7</ele>
    </trkpt>
    <trkpt lat="41.952971" lon="-3.01344">
      <ele>1102.2</ele>
    </trkpt>
    <trkpt lat="41.953063" lon="-3.013582">
      <ele>1102.4</ele>
    </trkpt>
    <trkpt lat="41.953272" lon="-3.013819">
      <ele>1102.8</ele>
    </trkpt>
    <trkpt lat="41.95355" lon="-3.014005">
      <ele>1103</ele>
    </trkpt>
    <trkpt lat="41.953853" lon="-3.014091">
      <ele>1103.1</ele>
    </trkpt>
    <trkpt lat="41.954017" lon="-3.01409">
      <ele>1103.1</ele>
    </trkpt>
    <trkpt lat="41.955021" lon="-3.013889">
      <ele>1101.1</ele>
    </trkpt>
    <trkpt lat="41.955387" lon="-3.013843">
      <ele>1100.2</ele>
    </trkpt>
    <trkpt lat="41.955918" lon="-3.013883">
      <ele>1099.2</ele>
    </trkpt>
    <trkpt lat="41.956162" lon="-3.013952">
      <ele>1098.8</ele>
    </trkpt>
    <trkpt lat="41.956189" lon="-3.013907">
      <ele>1098.8</ele>
    </trkpt>
    <trkpt lat="41.956553" lon="-3.013856">
      <ele>1098.5</ele>
    </trkpt>
    <trkpt lat="41.956817" lon="-3.013762">
      <ele>1098.4</ele>
    </trkpt>
    <trkpt lat="41.956934" lon="-3.013753">
      <ele>1098.5</ele>
    </trkpt>
    <trkpt lat="41.957161" lon="-3.013671">
      <ele>1098.7</ele>
    </trkpt>
    <trkpt lat="41.957354" lon="-3.01357">
      <ele>1098.9</ele>
    </trkpt>
    <trkpt lat="41.957955" lon="-3.013016">
      <ele>1099.5</ele>
    </trkpt>
    <trkpt lat="41.958035" lon="-3.012941">
      <ele>1099.6</ele>
    </trkpt>
    <trkpt lat="41.958167" lon="-3.012795">
      <ele>1099.7</ele>
    </trkpt>
    </trkseg>
  </trk>
</gpx>
