<?xml version="1.0" encoding="UTF-8"?>
<gpx version="1.1" creator="fitAI Komoot downloader" xmlns="http://www.topografix.com/GPX/1/1">
  <metadata>
    <name>Puente de Piedra de Logroño y Parque de La Grajera - Recorrido circular desde Bargota</name>
    <desc>139 visitas · Dificultad: difficult · Distancia: 106.2 km · Desnivel +: 1399 m</desc>
    <link href="https://www.komoot.com/smarttour/e44706439"><text>Komoot</text></link>
  </metadata>
  <trk>
    <name>Puente de Piedra de Logroño y Parque de La Grajera - Recorrido circular desde Bargota</name>
    <type>touringbicycle</type>
    <trkseg>
    <trkpt lat="42.557938" lon="-2.309674">
      <ele>592.9</ele>
    </trkpt>
    <trkpt lat="42.557982" lon="-2.309624">
      <ele>592.8</ele>
    </trkpt>
    <trkpt lat="42.557974" lon="-2.30953">
      <ele>592.7</ele>
    </trkpt>
    <trkpt lat="42.557924" lon="-2.309432">
      <ele>592.6</ele>
    </trkpt>
    <trkpt lat="42.556747" lon="-2.307898">
      <ele>589.9</ele>
    </trkpt>
    <trkpt lat="42.556557" lon="-2.307556">
      <ele>589.8</ele>
    </trkpt>
    <trkpt lat="42.556339" lon="-2.307093">
      <ele>589.7</ele>
    </trkpt>
    <trkpt lat="42.556117" lon="-2.306533">
      <ele>589.6</ele>
    </trkpt>
    <trkpt lat="42.556073" lon="-2.306352">
      <ele>589.5</ele>
    </trkpt>
    <trkpt lat="42.555996" lon="-2.305429">
      <ele>588.5</ele>
    </trkpt>
    <trkpt lat="42.555926" lon="-2.30508">
      <ele>587.8</ele>
    </trkpt>
    <trkpt lat="42.555788" lon="-2.304711">
      <ele>586.8</ele>
    </trkpt>
    <trkpt lat="42.555497" lon="-2.304286">
      <ele>585.3</ele>
    </trkpt>
    <trkpt lat="42.554885" lon="-2.303528">
      <ele>582</ele>
    </trkpt>
    <trkpt lat="42.55406" lon="-2.302577">
      <ele>578</ele>
    </trkpt>
    <trkpt lat="42.553145" lon="-2.301767">
      <ele>574</ele>
    </trkpt>
    <trkpt lat="42.552723" lon="-2.301355">
      <ele>572</ele>
    </trkpt>
    <trkpt lat="42.552576" lon="-2.301092">
      <ele>571</ele>
    </trkpt>
    <trkpt lat="42.552482" lon="-2.300837">
      <ele>570.1</ele>
    </trkpt>
    <trkpt lat="42.551609" lon="-2.298189">
      <ele>559.8</ele>
    </trkpt>
    <trkpt lat="42.551416" lon="-2.297534">
      <ele>557.9</ele>
    </trkpt>
    <trkpt lat="42.550696" lon="-2.293866">
      <ele>551</ele>
    </trkpt>
    <trkpt lat="42.550685" lon="-2.29365">
      <ele>550.2</ele>
    </trkpt>
    <trkpt lat="42.550734" lon="-2.293302">
      <ele>548.6</ele>
    </trkpt>
    <trkpt lat="42.550975" lon="-2.292376">
      <ele>543.1</ele>
    </trkpt>
    <trkpt lat="42.551041" lon="-2.292013">
      <ele>540.8</ele>
    </trkpt>
    <trkpt lat="42.551055" lon="-2.291636">
      <ele>538.5</ele>
    </trkpt>
    <trkpt lat="42.55105" lon="-2.291506">
      <ele>537.7</ele>
    </trkpt>
    <trkpt lat="42.550807" lon="-2.289617">
      <ele>528.3</ele>
    </trkpt>
    <trkpt lat="42.550503" lon="-2.287905">
      <ele>521.1</ele>
    </trkpt>
    <trkpt lat="42.550494" lon="-2.287369">
      <ele>518.5</ele>
    </trkpt>
    <trkpt lat="42.550528" lon="-2.286638">
      <ele>514.6</ele>
    </trkpt>
    <trkpt lat="42.550615" lon="-2.285297">
      <ele>507.5</ele>
    </trkpt>
    <trkpt lat="42.550716" lon="-2.284665">
      <ele>504.4</ele>
    </trkpt>
    <trkpt lat="42.550762" lon="-2.284448">
      <ele>503.2</ele>
    </trkpt>
    <trkpt lat="42.550806" lon="-2.284231">
      <ele>502</ele>
    </trkpt>
    <trkpt lat="42.550802" lon="-2.284049">
      <ele>501</ele>
    </trkpt>
    <trkpt lat="42.551053" lon="-2.283768">
      <ele>498.9</ele>
    </trkpt>
    <trkpt lat="42.551251" lon="-2.28358">
      <ele>497.3</ele>
    </trkpt>
    <trkpt lat="42.551394" lon="-2.283348">
      <ele>496</ele>
    </trkpt>
    <trkpt lat="42.551726" lon="-2.282332">
      <ele>490.7</ele>
    </trkpt>
    <trkpt lat="42.5518" lon="-2.28192">
      <ele>489</ele>
    </trkpt>
    <trkpt lat="42.551802" lon="-2.28173">
      <ele>488.2</ele>
    </trkpt>
    <trkpt lat="42.551774" lon="-2.28151">
      <ele>487.3</ele>
    </trkpt>
    <trkpt lat="42.55156" lon="-2.280782">
      <ele>483.9</ele>
    </trkpt>
    <trkpt lat="42.551469" lon="-2.280296">
      <ele>481.4</ele>
    </trkpt>
    <trkpt lat="42.551461" lon="-2.280035">
      <ele>480.1</ele>
    </trkpt>
    <trkpt lat="42.551503" lon="-2.279115">
      <ele>475.5</ele>
    </trkpt>
    <trkpt lat="42.551576" lon="-2.278585">
      <ele>473</ele>
    </trkpt>
    <trkpt lat="42.551811" lon="-2.277717">
      <ele>469.5</ele>
    </trkpt>
    <trkpt lat="42.551907" lon="-2.277464">
      <ele>468.7</ele>
    </trkpt>
    <trkpt lat="42.552597" lon="-2.276402">
      <ele>465.3</ele>
    </trkpt>
    <trkpt lat="42.552715" lon="-2.276193">
      <ele>464.7</ele>
    </trkpt>
    <trkpt lat="42.552772" lon="-2.276029">
      <ele>464.3</ele>
    </trkpt>
    <trkpt lat="42.553379" lon="-2.272805">
      <ele>455</ele>
    </trkpt>
    <trkpt lat="42.553457" lon="-2.272537">
      <ele>454.3</ele>
    </trkpt>
    <trkpt lat="42.553537" lon="-2.272346">
      <ele>453.8</ele>
    </trkpt>
    <trkpt lat="42.553597" lon="-2.272219">
      <ele>453.5</ele>
    </trkpt>
    <trkpt lat="42.553672" lon="-2.272096">
      <ele>453.2</ele>
    </trkpt>
    <trkpt lat="42.55388" lon="-2.271731">
      <ele>452.6</ele>
    </trkpt>
    <trkpt lat="42.554213" lon="-2.271151">
      <ele>452.6</ele>
    </trkpt>
    <trkpt lat="42.554334" lon="-2.270836">
      <ele>452.6</ele>
    </trkpt>
    <trkpt lat="42.554364" lon="-2.270627">
      <ele>452.7</ele>
    </trkpt>
    <trkpt lat="42.554349" lon="-2.270381">
      <ele>453.1</ele>
    </trkpt>
    <trkpt lat="42.554271" lon="-2.270099">
      <ele>453.6</ele>
    </trkpt>
    <trkpt lat="42.554181" lon="-2.269939">
      <ele>454.1</ele>
    </trkpt>
    <trkpt lat="42.553946" lon="-2.269614">
      <ele>455.4</ele>
    </trkpt>
    <trkpt lat="42.552438" lon="-2.267366">
      <ele>471.2</ele>
    </trkpt>
    <trkpt lat="42.552308" lon="-2.267155">
      <ele>473.1</ele>
    </trkpt>
    <trkpt lat="42.552256" lon="-2.267021">
      <ele>474.1</ele>
    </trkpt>
    <trkpt lat="42.552235" lon="-2.266827">
      <ele>475.4</ele>
    </trkpt>
    <trkpt lat="42.552258" lon="-2.26672">
      <ele>476.1</ele>
    </trkpt>
    <trkpt lat="42.55236" lon="-2.266524">
      <ele>477.7</ele>
    </trkpt>
    <trkpt lat="42.552452" lon="-2.266406">
      <ele>478.8</ele>
    </trkpt>
    <trkpt lat="42.552934" lon="-2.265933">
      <ele>483.7</ele>
    </trkpt>
    <trkpt lat="42.553002" lon="-2.265868">
      <ele>484.4</ele>
    </trkpt>
    <trkpt lat="42.553085" lon="-2.265938">
      <ele>485.1</ele>
    </trkpt>
    <trkpt lat="42.55346" lon="-2.265989">
      <ele>487.4</ele>
    </trkpt>
    <trkpt lat="42.553613" lon="-2.26602">
      <ele>488.2</ele>
    </trkpt>
    <trkpt lat="42.553826" lon="-2.266152">
      <ele>489.1</ele>
    </trkpt>
    <trkpt lat="42.554077" lon="-2.266362">
      <ele>489.7</ele>
    </trkpt>
    <trkpt lat="42.554178" lon="-2.266445">
      <ele>489.8</ele>
    </trkpt>
    <trkpt lat="42.554313" lon="-2.266511">
      <ele>489.8</ele>
    </trkpt>
    <trkpt lat="42.554489" lon="-2.266504">
      <ele>489.6</ele>
    </trkpt>
    <trkpt lat="42.554918" lon="-2.266415">
      <ele>488.3</ele>
    </trkpt>
    <trkpt lat="42.555189" lon="-2.266317">
      <ele>486.9</ele>
    </trkpt>
    <trkpt lat="42.555347" lon="-2.266212">
      <ele>485.8</ele>
    </trkpt>
    <trkpt lat="42.556255" lon="-2.265116">
      <ele>477</ele>
    </trkpt>
    <trkpt lat="42.556363" lon="-2.265017">
      <ele>476.1</ele>
    </trkpt>
    <trkpt lat="42.556517" lon="-2.26494">
      <ele>475.1</ele>
    </trkpt>
    <trkpt lat="42.556687" lon="-2.264904">
      <ele>474.1</ele>
    </trkpt>
    <trkpt lat="42.557397" lon="-2.265014">
      <ele>470.5</ele>
    </trkpt>
    <trkpt lat="42.557547" lon="-2.264952">
      <ele>469.8</ele>
    </trkpt>
    <trkpt lat="42.557622" lon="-2.264863">
      <ele>469.4</ele>
    </trkpt>
    <trkpt lat="42.558767" lon="-2.26229">
      <ele>463.3</ele>
    </trkpt>
    <trkpt lat="42.559034" lon="-2.261713">
      <ele>463.1</ele>
    </trkpt>
    <trkpt lat="42.559227" lon="-2.261364">
      <ele>463.2</ele>
    </trkpt>
    <trkpt lat="42.560498" lon="-2.259583">
      <ele>465.3</ele>
    </trkpt>
    <trkpt lat="42.560782" lon="-2.259225">
      <ele>465.3</ele>
    </trkpt>
    <trkpt lat="42.561859" lon="-2.258262">
      <ele>463.8</ele>
    </trkpt>
    <trkpt lat="42.562909" lon="-2.257307">
      <ele>460.1</ele>
    </trkpt>
    <trkpt lat="42.562871" lon="-2.256959">
      <ele>459.1</ele>
    </trkpt>
    <trkpt lat="42.562803" lon="-2.256716">
      <ele>458.2</ele>
    </trkpt>
    <trkpt lat="42.562794" lon="-2.256467">
      <ele>457.4</ele>
    </trkpt>
    <trkpt lat="42.562829" lon="-2.256335">
      <ele>456.9</ele>
    </trkpt>
    <trkpt lat="42.562956" lon="-2.256099">
      <ele>455.9</ele>
    </trkpt>
    <trkpt lat="42.563025" lon="-2.256007">
      <ele>455.5</ele>
    </trkpt>
    <trkpt lat="42.563298" lon="-2.255796">
      <ele>454.2</ele>
    </trkpt>
    <trkpt lat="42.563508" lon="-2.255495">
      <ele>453.2</ele>
    </trkpt>
    <trkpt lat="42.563679" lon="-2.255192">
      <ele>452.8</ele>
    </trkpt>
    <trkpt lat="42.563729" lon="-2.255077">
      <ele>452.7</ele>
    </trkpt>
    <trkpt lat="42.563769" lon="-2.254943">
      <ele>452.6</ele>
    </trkpt>
    <trkpt lat="42.563772" lon="-2.254718">
      <ele>452.5</ele>
    </trkpt>
    <trkpt lat="42.563583" lon="-2.254293">
      <ele>452.7</ele>
    </trkpt>
    <trkpt lat="42.563555" lon="-2.254109">
      <ele>452.9</ele>
    </trkpt>
    <trkpt lat="42.563649" lon="-2.253695">
      <ele>453.6</ele>
    </trkpt>
    <trkpt lat="42.563777" lon="-2.253277">
      <ele>454.4</ele>
    </trkpt>
    <trkpt lat="42.563824" lon="-2.252975">
      <ele>455</ele>
    </trkpt>
    <trkpt lat="42.563969" lon="-2.252377">
      <ele>456.3</ele>
    </trkpt>
    <trkpt lat="42.564008" lon="-2.252157">
      <ele>456.7</ele>
    </trkpt>
    <trkpt lat="42.564069" lon="-2.25095">
      <ele>458.5</ele>
    </trkpt>
    <trkpt lat="42.564098" lon="-2.250756">
      <ele>458.7</ele>
    </trkpt>
    <trkpt lat="42.564226" lon="-2.2503">
      <ele>459</ele>
    </trkpt>
    <trkpt lat="42.564323" lon="-2.249661">
      <ele>459.4</ele>
    </trkpt>
    <trkpt lat="42.564311" lon="-2.249367">
      <ele>459.6</ele>
    </trkpt>
    <trkpt lat="42.564246" lon="-2.249112">
      <ele>459.8</ele>
    </trkpt>
    <trkpt lat="42.564185" lon="-2.24898">
      <ele>459.9</ele>
    </trkpt>
    <trkpt lat="42.563961" lon="-2.24864">
      <ele>460.4</ele>
    </trkpt>
    <trkpt lat="42.563855" lon="-2.248387">
      <ele>460.7</ele>
    </trkpt>
    <trkpt lat="42.563712" lon="-2.247799">
      <ele>461.2</ele>
    </trkpt>
    <trkpt lat="42.563653" lon="-2.247505">
      <ele>461.4</ele>
    </trkpt>
    <trkpt lat="42.563617" lon="-2.246811">
      <ele>461.8</ele>
    </trkpt>
    <trkpt lat="42.563459" lon="-2.245666">
      <ele>462.1</ele>
    </trkpt>
    <trkpt lat="42.563476" lon="-2.245236">
      <ele>462</ele>
    </trkpt>
    <trkpt lat="42.563534" lon="-2.244932">
      <ele>462</ele>
    </trkpt>
    <trkpt lat="42.563789" lon="-2.242914">
      <ele>461.6</ele>
    </trkpt>
    <trkpt lat="42.563819" lon="-2.241624">
      <ele>460.5</ele>
    </trkpt>
    <trkpt lat="42.563795" lon="-2.241029">
      <ele>459.7</ele>
    </trkpt>
    <trkpt lat="42.563663" lon="-2.239813">
      <ele>458.1</ele>
    </trkpt>
    <trkpt lat="42.563667" lon="-2.239191">
      <ele>457.3</ele>
    </trkpt>
    <trkpt lat="42.563623" lon="-2.238624">
      <ele>456.6</ele>
    </trkpt>
    <trkpt lat="42.563607" lon="-2.237769">
      <ele>455.5</ele>
    </trkpt>
    <trkpt lat="42.563548" lon="-2.236895">
      <ele>454</ele>
    </trkpt>
    <trkpt lat="42.5635" lon="-2.236718">
      <ele>453.6</ele>
    </trkpt>
    <trkpt lat="42.563457" lon="-2.236656">
      <ele>453.4</ele>
    </trkpt>
    <trkpt lat="42.563189" lon="-2.236397">
      <ele>452.5</ele>
    </trkpt>
    <trkpt lat="42.563094" lon="-2.236226">
      <ele>452.1</ele>
    </trkpt>
    <trkpt lat="42.562991" lon="-2.235765">
      <ele>451.3</ele>
    </trkpt>
    <trkpt lat="42.562865" lon="-2.23568">
      <ele>451</ele>
    </trkpt>
    <trkpt lat="42.563129" lon="-2.234354">
      <ele>450.3</ele>
    </trkpt>
    <trkpt lat="42.564969" lon="-2.223609">
      <ele>462.5</ele>
    </trkpt>
    <trkpt lat="42.565479" lon="-2.216739">
      <ele>464.2</ele>
    </trkpt>
    <trkpt lat="42.565678" lon="-2.214901">
      <ele>463.4</ele>
    </trkpt>
    <trkpt lat="42.565757" lon="-2.213853">
      <ele>463.2</ele>
    </trkpt>
    <trkpt lat="42.566093" lon="-2.208162">
      <ele>463</ele>
    </trkpt>
    <trkpt lat="42.566167" lon="-2.207502">
      <ele>462.9</ele>
    </trkpt>
    <trkpt lat="42.566406" lon="-2.205908">
      <ele>463.2</ele>
    </trkpt>
    <trkpt lat="42.566487" lon="-2.205327">
      <ele>463.4</ele>
    </trkpt>
    <trkpt lat="42.566591" lon="-2.203456">
      <ele>463.6</ele>
    </trkpt>
    <trkpt lat="42.566741" lon="-2.202676">
      <ele>463.9</ele>
    </trkpt>
    <trkpt lat="42.566803" lon="-2.202528">
      <ele>463.9</ele>
    </trkpt>
    <trkpt lat="42.567084" lon="-2.200788">
      <ele>465.2</ele>
    </trkpt>
    <trkpt lat="42.567136" lon="-2.199826">
      <ele>465.3</ele>
    </trkpt>
    <trkpt lat="42.567226" lon="-2.199017">
      <ele>464.2</ele>
    </trkpt>
    <trkpt lat="42.567257" lon="-2.19889">
      <ele>463.9</ele>
    </trkpt>
    <trkpt lat="42.567563" lon="-2.19799">
      <ele>461.5</ele>
    </trkpt>
    <trkpt lat="42.567638" lon="-2.197893">
      <ele>461.1</ele>
    </trkpt>
    <trkpt lat="42.56805" lon="-2.196496">
      <ele>455.9</ele>
    </trkpt>
    <trkpt lat="42.568202" lon="-2.195965">
      <ele>453.7</ele>
    </trkpt>
    <trkpt lat="42.568537" lon="-2.194539">
      <ele>448.1</ele>
    </trkpt>
    <trkpt lat="42.568578" lon="-2.194371">
      <ele>447.7</ele>
    </trkpt>
    <trkpt lat="42.568717" lon="-2.19392">
      <ele>446.9</ele>
    </trkpt>
    <trkpt lat="42.568742" lon="-2.193844">
      <ele>446.9</ele>
    </trkpt>
    <trkpt lat="42.568867" lon="-2.19345">
      <ele>447.1</ele>
    </trkpt>
    <trkpt lat="42.568896" lon="-2.193336">
      <ele>447.2</ele>
    </trkpt>
    <trkpt lat="42.568945" lon="-2.193129">
      <ele>447.5</ele>
    </trkpt>
    <trkpt lat="42.5691" lon="-2.192681">
      <ele>448.3</ele>
    </trkpt>
    <trkpt lat="42.569228" lon="-2.192404">
      <ele>449.1</ele>
    </trkpt>
    <trkpt lat="42.569243" lon="-2.192374">
      <ele>449.2</ele>
    </trkpt>
    <trkpt lat="42.56933" lon="-2.192229">
      <ele>449.7</ele>
    </trkpt>
    <trkpt lat="42.569509" lon="-2.191824">
      <ele>450.9</ele>
    </trkpt>
    <trkpt lat="42.569469" lon="-2.191791">
      <ele>451</ele>
    </trkpt>
    <trkpt lat="42.569411" lon="-2.191722">
      <ele>451.2</ele>
    </trkpt>
    <trkpt lat="42.569445" lon="-2.191162">
      <ele>451.6</ele>
    </trkpt>
    <trkpt lat="42.569405" lon="-2.190723">
      <ele>451.4</ele>
    </trkpt>
    <trkpt lat="42.56933" lon="-2.19074">
      <ele>451.4</ele>
    </trkpt>
    <trkpt lat="42.568923" lon="-2.190639">
      <ele>451.2</ele>
    </trkpt>
    <trkpt lat="42.568774" lon="-2.190337">
      <ele>451.4</ele>
    </trkpt>
    <trkpt lat="42.568601" lon="-2.190437">
      <ele>451.5</ele>
    </trkpt>
    <trkpt lat="42.568799" lon="-2.18935">
      <ele>453.1</ele>
    </trkpt>
    <trkpt lat="42.569136" lon="-2.187274">
      <ele>458</ele>
    </trkpt>
    <trkpt lat="42.569147" lon="-2.187213">
      <ele>458.1</ele>
    </trkpt>
    <trkpt lat="42.569371" lon="-2.185858">
      <ele>459.8</ele>
    </trkpt>
    <trkpt lat="42.56955" lon="-2.184776">
      <ele>460.4</ele>
    </trkpt>
    <trkpt lat="42.569905" lon="-2.182636">
      <ele>460.8</ele>
    </trkpt>
    <trkpt lat="42.570989" lon="-2.176108">
      <ele>463.2</ele>
    </trkpt>
    <trkpt lat="42.571081" lon="-2.17525">
      <ele>462.7</ele>
    </trkpt>
    <trkpt lat="42.571168" lon="-2.173794">
      <ele>460.5</ele>
    </trkpt>
    <trkpt lat="42.571163" lon="-2.173666">
      <ele>460.2</ele>
    </trkpt>
    <trkpt lat="42.570993" lon="-2.173366">
      <ele>459.6</ele>
    </trkpt>
    <trkpt lat="42.573057" lon="-2.170477">
      <ele>457</ele>
    </trkpt>
    <trkpt lat="42.573494" lon="-2.169806">
      <ele>458.4</ele>
    </trkpt>
    <trkpt lat="42.573818" lon="-2.169129">
      <ele>460.4</ele>
    </trkpt>
    <trkpt lat="42.57406" lon="-2.168439">
      <ele>462.3</ele>
    </trkpt>
    <trkpt lat="42.574222" lon="-2.167829">
      <ele>463.5</ele>
    </trkpt>
    <trkpt lat="42.575054" lon="-2.163354">
      <ele>465.3</ele>
    </trkpt>
    <trkpt lat="42.576428" lon="-2.156018">
      <ele>479.8</ele>
    </trkpt>
    <trkpt lat="42.57651" lon="-2.155782">
      <ele>480.5</ele>
    </trkpt>
    <trkpt lat="42.57673" lon="-2.155409">
      <ele>481.8</ele>
    </trkpt>
    <trkpt lat="42.577113" lon="-2.154873">
      <ele>484</ele>
    </trkpt>
    <trkpt lat="42.57786" lon="-2.153919">
      <ele>487.6</ele>
    </trkpt>
    <trkpt lat="42.578964" lon="-2.152635">
      <ele>488.8</ele>
    </trkpt>
    <trkpt lat="42.579023" lon="-2.152491">
      <ele>488.6</ele>
    </trkpt>
    <trkpt lat="42.579036" lon="-2.152196">
      <ele>488.1</ele>
    </trkpt>
    <trkpt lat="42.578905" lon="-2.151579">
      <ele>487.1</ele>
    </trkpt>
    <trkpt lat="42.57889" lon="-2.151406">
      <ele>486.8</ele>
    </trkpt>
    <trkpt lat="42.578912" lon="-2.151199">
      <ele>486.5</ele>
    </trkpt>
    <trkpt lat="42.578967" lon="-2.151057">
      <ele>486.3</ele>
    </trkpt>
    <trkpt lat="42.584358" lon="-2.143048">
      <ele>503.4</ele>
    </trkpt>
    <trkpt lat="42.584483" lon="-2.142861">
      <ele>503.6</ele>
    </trkpt>
    <trkpt lat="42.587098" lon="-2.138971">
      <ele>499.6</ele>
    </trkpt>
    <trkpt lat="42.587898" lon="-2.138145">
      <ele>497.4</ele>
    </trkpt>
    <trkpt lat="42.58874" lon="-2.137485">
      <ele>495.3</ele>
    </trkpt>
    <trkpt lat="42.588974" lon="-2.137386">
      <ele>494.9</ele>
    </trkpt>
    <trkpt lat="42.589739" lon="-2.137317">
      <ele>494.3</ele>
    </trkpt>
    <trkpt lat="42.589915" lon="-2.137304">
      <ele>494.3</ele>
    </trkpt>
    <trkpt lat="42.591791" lon="-2.137113">
      <ele>497.9</ele>
    </trkpt>
    <trkpt lat="42.59213" lon="-2.137041">
      <ele>498.9</ele>
    </trkpt>
    <trkpt lat="42.592423" lon="-2.136901">
      <ele>499.9</ele>
    </trkpt>
    <trkpt lat="42.592631" lon="-2.136748">
      <ele>500.5</ele>
    </trkpt>
    <trkpt lat="42.592858" lon="-2.136524">
      <ele>501.2</ele>
    </trkpt>
    <trkpt lat="42.593054" lon="-2.136258">
      <ele>501.8</ele>
    </trkpt>
    <trkpt lat="42.59322" lon="-2.135949">
      <ele>502.2</ele>
    </trkpt>
    <trkpt lat="42.593434" lon="-2.1354">
      <ele>502.5</ele>
    </trkpt>
    <trkpt lat="42.594059" lon="-2.133513">
      <ele>502.4</ele>
    </trkpt>
    <trkpt lat="42.594465" lon="-2.132375">
      <ele>502.9</ele>
    </trkpt>
    <trkpt lat="42.595717" lon="-2.128582">
      <ele>507.8</ele>
    </trkpt>
    <trkpt lat="42.59768" lon="-2.122835">
      <ele>518.1</ele>
    </trkpt>
    <trkpt lat="42.597963" lon="-2.12224">
      <ele>519.6</ele>
    </trkpt>
    <trkpt lat="42.59867" lon="-2.120966">
      <ele>521.1</ele>
    </trkpt>
    <trkpt lat="42.599709" lon="-2.119426">
      <ele>518.6</ele>
    </trkpt>
    <trkpt lat="42.599659" lon="-2.119266">
      <ele>518.4</ele>
    </trkpt>
    <trkpt lat="42.599684" lon="-2.119095">
      <ele>518.3</ele>
    </trkpt>
    <trkpt lat="42.599723" lon="-2.119023">
      <ele>518.2</ele>
    </trkpt>
    <trkpt lat="42.599837" lon="-2.118942">
      <ele>518.1</ele>
    </trkpt>
    <trkpt lat="42.599903" lon="-2.118939">
      <ele>518.1</ele>
    </trkpt>
    <trkpt lat="42.600021" lon="-2.11901">
      <ele>518</ele>
    </trkpt>
    <trkpt lat="42.601736" lon="-2.116432">
      <ele>519</ele>
    </trkpt>
    <trkpt lat="42.602477" lon="-2.115268">
      <ele>519.6</ele>
    </trkpt>
    <trkpt lat="42.604793" lon="-2.111779">
      <ele>527.5</ele>
    </trkpt>
    <trkpt lat="42.60501" lon="-2.111518">
      <ele>528.7</ele>
    </trkpt>
    <trkpt lat="42.606765" lon="-2.110381">
      <ele>539.9</ele>
    </trkpt>
    <trkpt lat="42.606897" lon="-2.110273">
      <ele>540.8</ele>
    </trkpt>
    <trkpt lat="42.607084" lon="-2.11005">
      <ele>542.3</ele>
    </trkpt>
    <trkpt lat="42.607442" lon="-2.109565">
      <ele>545.3</ele>
    </trkpt>
    <trkpt lat="42.607638" lon="-2.109354">
      <ele>546.8</ele>
    </trkpt>
    <trkpt lat="42.612215" lon="-2.105718">
      <ele>573.9</ele>
    </trkpt>
    <trkpt lat="42.61374" lon="-2.104497">
      <ele>576.5</ele>
    </trkpt>
    <trkpt lat="42.616259" lon="-2.102487">
      <ele>590.4</ele>
    </trkpt>
    <trkpt lat="42.617188" lon="-2.101741">
      <ele>595.7</ele>
    </trkpt>
    <trkpt lat="42.618005" lon="-2.101131">
      <ele>598</ele>
    </trkpt>
    <trkpt lat="42.620736" lon="-2.099424">
      <ele>595.4</ele>
    </trkpt>
    <trkpt lat="42.621788" lon="-2.098777">
      <ele>600.3</ele>
    </trkpt>
    <trkpt lat="42.622086" lon="-2.098567">
      <ele>602.7</ele>
    </trkpt>
    <trkpt lat="42.62234" lon="-2.098338">
      <ele>605</ele>
    </trkpt>
    <trkpt lat="42.622634" lon="-2.097965">
      <ele>608.2</ele>
    </trkpt>
    <trkpt lat="42.623126" lon="-2.097073">
      <ele>613.9</ele>
    </trkpt>
    <trkpt lat="42.623352" lon="-2.096773">
      <ele>615.3</ele>
    </trkpt>
    <trkpt lat="42.623632" lon="-2.096643">
      <ele>615.9</ele>
    </trkpt>
    <trkpt lat="42.623801" lon="-2.096656">
      <ele>616</ele>
    </trkpt>
    <trkpt lat="42.623894" lon="-2.096497">
      <ele>615.9</ele>
    </trkpt>
    <trkpt lat="42.62404" lon="-2.096452">
      <ele>615.7</ele>
    </trkpt>
    <trkpt lat="42.624107" lon="-2.096476">
      <ele>615.6</ele>
    </trkpt>
    <trkpt lat="42.62421" lon="-2.096601">
      <ele>615.3</ele>
    </trkpt>
    <trkpt lat="42.62424" lon="-2.096782">
      <ele>614.9</ele>
    </trkpt>
    <trkpt lat="42.624224" lon="-2.096874">
      <ele>614.7</ele>
    </trkpt>
    <trkpt lat="42.624136" lon="-2.097016">
      <ele>614.3</ele>
    </trkpt>
    <trkpt lat="42.624295" lon="-2.097295">
      <ele>613.6</ele>
    </trkpt>
    <trkpt lat="42.624685" lon="-2.098035">
      <ele>612.2</ele>
    </trkpt>
    <trkpt lat="42.624897" lon="-2.098419">
      <ele>612.1</ele>
    </trkpt>
    <trkpt lat="42.625014" lon="-2.098369">
      <ele>612.1</ele>
    </trkpt>
    <trkpt lat="42.625131" lon="-2.098416">
      <ele>612.2</ele>
    </trkpt>
    <trkpt lat="42.625214" lon="-2.098552">
      <ele>612.3</ele>
    </trkpt>
    <trkpt lat="42.625229" lon="-2.098638">
      <ele>612.4</ele>
    </trkpt>
    <trkpt lat="42.62549" lon="-2.098596">
      <ele>612.6</ele>
    </trkpt>
    <trkpt lat="42.62561" lon="-2.098495">
      <ele>612.7</ele>
    </trkpt>
    <trkpt lat="42.625657" lon="-2.09833">
      <ele>612.7</ele>
    </trkpt>
    <trkpt lat="42.625659" lon="-2.098319">
      <ele>612.7</ele>
    </trkpt>
    <trkpt lat="42.625657" lon="-2.09833">
      <ele>612.7</ele>
    </trkpt>
    <trkpt lat="42.62561" lon="-2.098495">
      <ele>612.7</ele>
    </trkpt>
    <trkpt lat="42.62549" lon="-2.098596">
      <ele>612.7</ele>
    </trkpt>
    <trkpt lat="42.625229" lon="-2.098638">
      <ele>612.6</ele>
    </trkpt>
    <trkpt lat="42.625224" lon="-2.098728">
      <ele>612.5</ele>
    </trkpt>
    <trkpt lat="42.625155" lon="-2.098881">
      <ele>612.3</ele>
    </trkpt>
    <trkpt lat="42.625101" lon="-2.098926">
      <ele>612.2</ele>
    </trkpt>
    <trkpt lat="42.624977" lon="-2.098946">
      <ele>612</ele>
    </trkpt>
    <trkpt lat="42.624918" lon="-2.098918">
      <ele>611.9</ele>
    </trkpt>
    <trkpt lat="42.624828" lon="-2.0988">
      <ele>611.8</ele>
    </trkpt>
    <trkpt lat="42.624806" lon="-2.098719">
      <ele>611.8</ele>
    </trkpt>
    <trkpt lat="42.624818" lon="-2.09855">
      <ele>611.7</ele>
    </trkpt>
    <trkpt lat="42.624897" lon="-2.098419">
      <ele>611.6</ele>
    </trkpt>
    <trkpt lat="42.624685" lon="-2.098035">
      <ele>611.8</ele>
    </trkpt>
    <trkpt lat="42.624295" lon="-2.097295">
      <ele>613.1</ele>
    </trkpt>
    <trkpt lat="42.624136" lon="-2.097016">
      <ele>613.8</ele>
    </trkpt>
    <trkpt lat="42.623995" lon="-2.097063">
      <ele>614.1</ele>
    </trkpt>
    <trkpt lat="42.623862" lon="-2.096984">
      <ele>614.5</ele>
    </trkpt>
    <trkpt lat="42.623795" lon="-2.096832">
      <ele>614.7</ele>
    </trkpt>
    <trkpt lat="42.623801" lon="-2.096656">
      <ele>614.8</ele>
    </trkpt>
    <trkpt lat="42.623632" lon="-2.096643">
      <ele>614.8</ele>
    </trkpt>
    <trkpt lat="42.623352" lon="-2.096773">
      <ele>614.5</ele>
    </trkpt>
    <trkpt lat="42.623126" lon="-2.097073">
      <ele>613.5</ele>
    </trkpt>
    <trkpt lat="42.622634" lon="-2.097965">
      <ele>608.2</ele>
    </trkpt>
    <trkpt lat="42.62234" lon="-2.098338">
      <ele>605</ele>
    </trkpt>
    <trkpt lat="42.622086" lon="-2.098567">
      <ele>602.7</ele>
    </trkpt>
    <trkpt lat="42.621788" lon="-2.098777">
      <ele>600.3</ele>
    </trkpt>
    <trkpt lat="42.620736" lon="-2.099424">
      <ele>595.4</ele>
    </trkpt>
    <trkpt lat="42.618005" lon="-2.101131">
      <ele>598</ele>
    </trkpt>
    <trkpt lat="42.617188" lon="-2.101741">
      <ele>595.7</ele>
    </trkpt>
    <trkpt lat="42.616259" lon="-2.102487">
      <ele>590.4</ele>
    </trkpt>
    <trkpt lat="42.61374" lon="-2.104497">
      <ele>576.5</ele>
    </trkpt>
    <trkpt lat="42.612215" lon="-2.105718">
      <ele>573.9</ele>
    </trkpt>
    <trkpt lat="42.607638" lon="-2.109354">
      <ele>546.8</ele>
    </trkpt>
    <trkpt lat="42.607442" lon="-2.109565">
      <ele>545.3</ele>
    </trkpt>
    <trkpt lat="42.607084" lon="-2.11005">
      <ele>542.3</ele>
    </trkpt>
    <trkpt lat="42.606897" lon="-2.110273">
      <ele>540.8</ele>
    </trkpt>
    <trkpt lat="42.606765" lon="-2.110381">
      <ele>539.9</ele>
    </trkpt>
    <trkpt lat="42.60501" lon="-2.111518">
      <ele>528.7</ele>
    </trkpt>
    <trkpt lat="42.604793" lon="-2.111779">
      <ele>527.5</ele>
    </trkpt>
    <trkpt lat="42.602477" lon="-2.115268">
      <ele>520.5</ele>
    </trkpt>
    <trkpt lat="42.603137" lon="-2.116086">
      <ele>522.5</ele>
    </trkpt>
    <trkpt lat="42.603178" lon="-2.11611">
      <ele>522.7</ele>
    </trkpt>
    <trkpt lat="42.603299" lon="-2.116182">
      <ele>523.2</ele>
    </trkpt>
    <trkpt lat="42.603526" lon="-2.116216">
      <ele>524.1</ele>
    </trkpt>
    <trkpt lat="42.603564" lon="-2.1163">
      <ele>524.3</ele>
    </trkpt>
    <trkpt lat="42.603762" lon="-2.116698">
      <ele>525.7</ele>
    </trkpt>
    <trkpt lat="42.604209" lon="-2.117595">
      <ele>529.2</ele>
    </trkpt>
    <trkpt lat="42.604353" lon="-2.117805">
      <ele>530.2</ele>
    </trkpt>
    <trkpt lat="42.604509" lon="-2.117874">
      <ele>531</ele>
    </trkpt>
    <trkpt lat="42.6044" lon="-2.118364">
      <ele>532.9</ele>
    </trkpt>
    <trkpt lat="42.60427" lon="-2.118629">
      <ele>534.3</ele>
    </trkpt>
    <trkpt lat="42.603913" lon="-2.119061">
      <ele>536.8</ele>
    </trkpt>
    <trkpt lat="42.603746" lon="-2.11933">
      <ele>538</ele>
    </trkpt>
    <trkpt lat="42.603697" lon="-2.119461">
      <ele>538.5</ele>
    </trkpt>
    <trkpt lat="42.603666" lon="-2.119632">
      <ele>539</ele>
    </trkpt>
    <trkpt lat="42.603516" lon="-2.123246">
      <ele>542.4</ele>
    </trkpt>
    <trkpt lat="42.60349" lon="-2.123432">
      <ele>542.5</ele>
    </trkpt>
    <trkpt lat="42.603424" lon="-2.123659">
      <ele>542.6</ele>
    </trkpt>
    <trkpt lat="42.60319" lon="-2.124271">
      <ele>542.5</ele>
    </trkpt>
    <trkpt lat="42.603066" lon="-2.124474">
      <ele>542.4</ele>
    </trkpt>
    <trkpt lat="42.6029" lon="-2.124573">
      <ele>542.2</ele>
    </trkpt>
    <trkpt lat="42.602675" lon="-2.124608">
      <ele>541.8</ele>
    </trkpt>
    <trkpt lat="42.602489" lon="-2.124684">
      <ele>541.4</ele>
    </trkpt>
    <trkpt lat="42.601666" lon="-2.125427">
      <ele>537.6</ele>
    </trkpt>
    <trkpt lat="42.600679" lon="-2.126413">
      <ele>531</ele>
    </trkpt>
    <trkpt lat="42.600563" lon="-2.126571">
      <ele>530.2</ele>
    </trkpt>
    <trkpt lat="42.600509" lon="-2.126687">
      <ele>529.8</ele>
    </trkpt>
    <trkpt lat="42.600444" lon="-2.127024">
      <ele>528.7</ele>
    </trkpt>
    <trkpt lat="42.600194" lon="-2.131076">
      <ele>524.6</ele>
    </trkpt>
    <trkpt lat="42.600045" lon="-2.133364">
      <ele>527.6</ele>
    </trkpt>
    <trkpt lat="42.599376" lon="-2.139605">
      <ele>515.2</ele>
    </trkpt>
    <trkpt lat="42.599332" lon="-2.13983">
      <ele>514.9</ele>
    </trkpt>
    <trkpt lat="42.599265" lon="-2.140027">
      <ele>514.6</ele>
    </trkpt>
    <trkpt lat="42.598227" lon="-2.142735">
      <ele>512.8</ele>
    </trkpt>
    <trkpt lat="42.598085" lon="-2.143316">
      <ele>512.4</ele>
    </trkpt>
    <trkpt lat="42.597906" lon="-2.14425">
      <ele>511.4</ele>
    </trkpt>
    <trkpt lat="42.597862" lon="-2.144408">
      <ele>511.2</ele>
    </trkpt>
    <trkpt lat="42.597815" lon="-2.14449">
      <ele>511.1</ele>
    </trkpt>
    <trkpt lat="42.597753" lon="-2.144572">
      <ele>510.9</ele>
    </trkpt>
    <trkpt lat="42.596495" lon="-2.145554">
      <ele>508.9</ele>
    </trkpt>
    <trkpt lat="42.596479" lon="-2.145601">
      <ele>508.9</ele>
    </trkpt>
    <trkpt lat="42.596493" lon="-2.145841">
      <ele>509</ele>
    </trkpt>
    <trkpt lat="42.596542" lon="-2.146226">
      <ele>509.2</ele>
    </trkpt>
    <trkpt lat="42.596774" lon="-2.146861">
      <ele>509.7</ele>
    </trkpt>
    <trkpt lat="42.596837" lon="-2.14742">
      <ele>510.3</ele>
    </trkpt>
    <trkpt lat="42.596846" lon="-2.148201">
      <ele>510.9</ele>
    </trkpt>
    <trkpt lat="42.596806" lon="-2.148443">
      <ele>511.1</ele>
    </trkpt>
    <trkpt lat="42.596677" lon="-2.148841">
      <ele>511.5</ele>
    </trkpt>
    <trkpt lat="42.596616" lon="-2.149542">
      <ele>512.3</ele>
    </trkpt>
    <trkpt lat="42.596625" lon="-2.150394">
      <ele>513.6</ele>
    </trkpt>
    <trkpt lat="42.596694" lon="-2.150636">
      <ele>514.1</ele>
    </trkpt>
    <trkpt lat="42.59671" lon="-2.150857">
      <ele>514.6</ele>
    </trkpt>
    <trkpt lat="42.596513" lon="-2.151375">
      <ele>516</ele>
    </trkpt>
    <trkpt lat="42.596404" lon="-2.151504">
      <ele>516.5</ele>
    </trkpt>
    <trkpt lat="42.59617" lon="-2.153455">
      <ele>523.2</ele>
    </trkpt>
    <trkpt lat="42.596247" lon="-2.156376">
      <ele>534.4</ele>
    </trkpt>
    <trkpt lat="42.593161" lon="-2.156684">
      <ele>534.4</ele>
    </trkpt>
    <trkpt lat="42.59307" lon="-2.15676">
      <ele>534.3</ele>
    </trkpt>
    <trkpt lat="42.593011" lon="-2.157655">
      <ele>533.3</ele>
    </trkpt>
    <trkpt lat="42.59291" lon="-2.158559">
      <ele>531.9</ele>
    </trkpt>
    <trkpt lat="42.592892" lon="-2.158921">
      <ele>531.2</ele>
    </trkpt>
    <trkpt lat="42.593016" lon="-2.169377">
      <ele>508.9</ele>
    </trkpt>
    <trkpt lat="42.593057" lon="-2.16958">
      <ele>508.5</ele>
    </trkpt>
    <trkpt lat="42.593142" lon="-2.169729">
      <ele>508.1</ele>
    </trkpt>
    <trkpt lat="42.593216" lon="-2.169788">
      <ele>507.9</ele>
    </trkpt>
    <trkpt lat="42.593465" lon="-2.169854">
      <ele>507.3</ele>
    </trkpt>
    <trkpt lat="42.593658" lon="-2.169948">
      <ele>506.8</ele>
    </trkpt>
    <trkpt lat="42.593739" lon="-2.17008">
      <ele>506.5</ele>
    </trkpt>
    <trkpt lat="42.593722" lon="-2.172467">
      <ele>503</ele>
    </trkpt>
    <trkpt lat="42.593671" lon="-2.173985">
      <ele>500.8</ele>
    </trkpt>
    <trkpt lat="42.593577" lon="-2.17444">
      <ele>500.1</ele>
    </trkpt>
    <trkpt lat="42.592906" lon="-2.176726">
      <ele>496.9</ele>
    </trkpt>
    <trkpt lat="42.592833" lon="-2.176904">
      <ele>496.7</ele>
    </trkpt>
    <trkpt lat="42.592759" lon="-2.177032">
      <ele>496.5</ele>
    </trkpt>
    <trkpt lat="42.592184" lon="-2.177568">
      <ele>495.6</ele>
    </trkpt>
    <trkpt lat="42.59144" lon="-2.179179">
      <ele>493.1</ele>
    </trkpt>
    <trkpt lat="42.591359" lon="-2.179298">
      <ele>492.8</ele>
    </trkpt>
    <trkpt lat="42.590599" lon="-2.180102">
      <ele>491.8</ele>
    </trkpt>
    <trkpt lat="42.590436" lon="-2.180363">
      <ele>491.8</ele>
    </trkpt>
    <trkpt lat="42.5901" lon="-2.181402">
      <ele>491.5</ele>
    </trkpt>
    <trkpt lat="42.590018" lon="-2.181594">
      <ele>491.4</ele>
    </trkpt>
    <trkpt lat="42.589722" lon="-2.181391">
      <ele>491.1</ele>
    </trkpt>
    <trkpt lat="42.589496" lon="-2.181292">
      <ele>490.8</ele>
    </trkpt>
    <trkpt lat="42.588818" lon="-2.181317">
      <ele>489.3</ele>
    </trkpt>
    <trkpt lat="42.587834" lon="-2.181423">
      <ele>487.2</ele>
    </trkpt>
    <trkpt lat="42.587623" lon="-2.181447">
      <ele>486.9</ele>
    </trkpt>
    <trkpt lat="42.587422" lon="-2.18151">
      <ele>486.7</ele>
    </trkpt>
    <trkpt lat="42.586958" lon="-2.181754">
      <ele>486.2</ele>
    </trkpt>
    <trkpt lat="42.586349" lon="-2.182045">
      <ele>485.8</ele>
    </trkpt>
    <trkpt lat="42.585735" lon="-2.182173">
      <ele>485.8</ele>
    </trkpt>
    <trkpt lat="42.585169" lon="-2.182244">
      <ele>486.6</ele>
    </trkpt>
    <trkpt lat="42.584818" lon="-2.182385">
      <ele>487.2</ele>
    </trkpt>
    <trkpt lat="42.584752" lon="-2.182468">
      <ele>487.3</ele>
    </trkpt>
    <trkpt lat="42.584508" lon="-2.182976">
      <ele>487.8</ele>
    </trkpt>
    <trkpt lat="42.584436" lon="-2.183066">
      <ele>487.9</ele>
    </trkpt>
    <trkpt lat="42.584034" lon="-2.183329">
      <ele>488.6</ele>
    </trkpt>
    <trkpt lat="42.58383" lon="-2.183495">
      <ele>488.9</ele>
    </trkpt>
    <trkpt lat="42.583722" lon="-2.183634">
      <ele>489.1</ele>
    </trkpt>
    <trkpt lat="42.581584" lon="-2.187031">
      <ele>495.2</ele>
    </trkpt>
    <trkpt lat="42.581343" lon="-2.187319">
      <ele>494.6</ele>
    </trkpt>
    <trkpt lat="42.580897" lon="-2.187539">
      <ele>492.7</ele>
    </trkpt>
    <trkpt lat="42.57994" lon="-2.188396">
      <ele>483.1</ele>
    </trkpt>
    <trkpt lat="42.579782" lon="-2.188506">
      <ele>481.3</ele>
    </trkpt>
    <trkpt lat="42.579394" lon="-2.188539">
      <ele>477.4</ele>
    </trkpt>
    <trkpt lat="42.579237" lon="-2.188589">
      <ele>475.9</ele>
    </trkpt>
    <trkpt lat="42.578438" lon="-2.189101">
      <ele>468.5</ele>
    </trkpt>
    <trkpt lat="42.576414" lon="-2.190257">
      <ele>458</ele>
    </trkpt>
    <trkpt lat="42.576289" lon="-2.190358">
      <ele>457.5</ele>
    </trkpt>
    <trkpt lat="42.574918" lon="-2.191901">
      <ele>454.9</ele>
    </trkpt>
    <trkpt lat="42.574345" lon="-2.19266">
      <ele>454.9</ele>
    </trkpt>
    <trkpt lat="42.573973" lon="-2.193066">
      <ele>454.7</ele>
    </trkpt>
    <trkpt lat="42.573758" lon="-2.193264">
      <ele>454.5</ele>
    </trkpt>
    <trkpt lat="42.573545" lon="-2.193378">
      <ele>454.3</ele>
    </trkpt>
    <trkpt lat="42.573094" lon="-2.193407">
      <ele>453.8</ele>
    </trkpt>
    <trkpt lat="42.57274" lon="-2.19338">
      <ele>453.3</ele>
    </trkpt>
    <trkpt lat="42.572179" lon="-2.19323">
      <ele>452.5</ele>
    </trkpt>
    <trkpt lat="42.571884" lon="-2.193107">
      <ele>452.2</ele>
    </trkpt>
    <trkpt lat="42.571062" lon="-2.192643">
      <ele>452.1</ele>
    </trkpt>
    <trkpt lat="42.570327" lon="-2.192201">
      <ele>452.5</ele>
    </trkpt>
    <trkpt lat="42.570131" lon="-2.192097">
      <ele>452.5</ele>
    </trkpt>
    <trkpt lat="42.569908" lon="-2.192054">
      <ele>452.3</ele>
    </trkpt>
    <trkpt lat="42.569778" lon="-2.191966">
      <ele>452</ele>
    </trkpt>
    <trkpt lat="42.569583" lon="-2.191775">
      <ele>451.5</ele>
    </trkpt>
    <trkpt lat="42.569509" lon="-2.191824">
      <ele>451.2</ele>
    </trkpt>
    <trkpt lat="42.56933" lon="-2.192229">
      <ele>450</ele>
    </trkpt>
    <trkpt lat="42.569243" lon="-2.192374">
      <ele>449.5</ele>
    </trkpt>
    <trkpt lat="42.569228" lon="-2.192404">
      <ele>449.4</ele>
    </trkpt>
    <trkpt lat="42.5691" lon="-2.192681">
      <ele>448.5</ele>
    </trkpt>
    <trkpt lat="42.568945" lon="-2.193129">
      <ele>447.5</ele>
    </trkpt>
    <trkpt lat="42.568896" lon="-2.193336">
      <ele>447.2</ele>
    </trkpt>
    <trkpt lat="42.568867" lon="-2.19345">
      <ele>447.1</ele>
    </trkpt>
    <trkpt lat="42.568742" lon="-2.193844">
      <ele>446.9</ele>
    </trkpt>
    <trkpt lat="42.568717" lon="-2.19392">
      <ele>446.9</ele>
    </trkpt>
    <trkpt lat="42.568578" lon="-2.194371">
      <ele>447.7</ele>
    </trkpt>
    <trkpt lat="42.568537" lon="-2.194539">
      <ele>448.1</ele>
    </trkpt>
    <trkpt lat="42.568202" lon="-2.195965">
      <ele>453.7</ele>
    </trkpt>
    <trkpt lat="42.56805" lon="-2.196496">
      <ele>455.9</ele>
    </trkpt>
    <trkpt lat="42.567638" lon="-2.197893">
      <ele>461.1</ele>
    </trkpt>
    <trkpt lat="42.567563" lon="-2.19799">
      <ele>461.5</ele>
    </trkpt>
    <trkpt lat="42.567257" lon="-2.19889">
      <ele>463.9</ele>
    </trkpt>
    <trkpt lat="42.567226" lon="-2.199017">
      <ele>464.2</ele>
    </trkpt>
    <trkpt lat="42.567136" lon="-2.199826">
      <ele>465.3</ele>
    </trkpt>
    <trkpt lat="42.567084" lon="-2.200788">
      <ele>465.2</ele>
    </trkpt>
    <trkpt lat="42.566803" lon="-2.202528">
      <ele>463.9</ele>
    </trkpt>
    <trkpt lat="42.566741" lon="-2.202676">
      <ele>463.9</ele>
    </trkpt>
    <trkpt lat="42.566591" lon="-2.203456">
      <ele>463.6</ele>
    </trkpt>
    <trkpt lat="42.566487" lon="-2.205327">
      <ele>463.4</ele>
    </trkpt>
    <trkpt lat="42.566406" lon="-2.205908">
      <ele>463.2</ele>
    </trkpt>
    <trkpt lat="42.566167" lon="-2.207502">
      <ele>462.9</ele>
    </trkpt>
    <trkpt lat="42.566093" lon="-2.208162">
      <ele>463</ele>
    </trkpt>
    <trkpt lat="42.565757" lon="-2.213853">
      <ele>463.2</ele>
    </trkpt>
    <trkpt lat="42.565678" lon="-2.214901">
      <ele>463.4</ele>
    </trkpt>
    <trkpt lat="42.565479" lon="-2.216739">
      <ele>464.2</ele>
    </trkpt>
    <trkpt lat="42.564969" lon="-2.223609">
      <ele>462.5</ele>
    </trkpt>
    <trkpt lat="42.563129" lon="-2.234354">
      <ele>450.3</ele>
    </trkpt>
    <trkpt lat="42.562865" lon="-2.23568">
      <ele>451</ele>
    </trkpt>
    <trkpt lat="42.562991" lon="-2.235765">
      <ele>451.3</ele>
    </trkpt>
    <trkpt lat="42.563094" lon="-2.236226">
      <ele>452.1</ele>
    </trkpt>
    <trkpt lat="42.563189" lon="-2.236397">
      <ele>452.5</ele>
    </trkpt>
    <trkpt lat="42.563457" lon="-2.236656">
      <ele>453.4</ele>
    </trkpt>
    <trkpt lat="42.5635" lon="-2.236718">
      <ele>453.6</ele>
    </trkpt>
    <trkpt lat="42.563548" lon="-2.236895">
      <ele>454</ele>
    </trkpt>
    <trkpt lat="42.563607" lon="-2.237769">
      <ele>455.5</ele>
    </trkpt>
    <trkpt lat="42.563623" lon="-2.238624">
      <ele>456.6</ele>
    </trkpt>
    <trkpt lat="42.563667" lon="-2.239191">
      <ele>457.3</ele>
    </trkpt>
    <trkpt lat="42.563663" lon="-2.239813">
      <ele>458.1</ele>
    </trkpt>
    <trkpt lat="42.563795" lon="-2.241029">
      <ele>459.7</ele>
    </trkpt>
    <trkpt lat="42.563819" lon="-2.241624">
      <ele>460.5</ele>
    </trkpt>
    <trkpt lat="42.563789" lon="-2.242914">
      <ele>461.6</ele>
    </trkpt>
    <trkpt lat="42.563534" lon="-2.244932">
      <ele>462</ele>
    </trkpt>
    <trkpt lat="42.563476" lon="-2.245236">
      <ele>462</ele>
    </trkpt>
    <trkpt lat="42.563459" lon="-2.245666">
      <ele>462.1</ele>
    </trkpt>
    <trkpt lat="42.563617" lon="-2.246811">
      <ele>461.8</ele>
    </trkpt>
    <trkpt lat="42.563653" lon="-2.247505">
      <ele>461.4</ele>
    </trkpt>
    <trkpt lat="42.563712" lon="-2.247799">
      <ele>461.2</ele>
    </trkpt>
    <trkpt lat="42.563855" lon="-2.248387">
      <ele>460.7</ele>
    </trkpt>
    <trkpt lat="42.563961" lon="-2.24864">
      <ele>460.4</ele>
    </trkpt>
    <trkpt lat="42.564185" lon="-2.24898">
      <ele>459.9</ele>
    </trkpt>
    <trkpt lat="42.564246" lon="-2.249112">
      <ele>459.8</ele>
    </trkpt>
    <trkpt lat="42.564311" lon="-2.249367">
      <ele>459.6</ele>
    </trkpt>
    <trkpt lat="42.564323" lon="-2.249661">
      <ele>459.4</ele>
    </trkpt>
    <trkpt lat="42.564226" lon="-2.2503">
      <ele>459</ele>
    </trkpt>
    <trkpt lat="42.564098" lon="-2.250756">
      <ele>458.7</ele>
    </trkpt>
    <trkpt lat="42.564069" lon="-2.25095">
      <ele>458.5</ele>
    </trkpt>
    <trkpt lat="42.564008" lon="-2.252157">
      <ele>456.7</ele>
    </trkpt>
    <trkpt lat="42.563969" lon="-2.252377">
      <ele>456.3</ele>
    </trkpt>
    <trkpt lat="42.563824" lon="-2.252975">
      <ele>455</ele>
    </trkpt>
    <trkpt lat="42.563777" lon="-2.253277">
      <ele>454.4</ele>
    </trkpt>
    <trkpt lat="42.563649" lon="-2.253695">
      <ele>453.6</ele>
    </trkpt>
    <trkpt lat="42.563555" lon="-2.254109">
      <ele>452.9</ele>
    </trkpt>
    <trkpt lat="42.563583" lon="-2.254293">
      <ele>452.7</ele>
    </trkpt>
    <trkpt lat="42.563772" lon="-2.254718">
      <ele>452.5</ele>
    </trkpt>
    <trkpt lat="42.563769" lon="-2.254943">
      <ele>452.6</ele>
    </trkpt>
    <trkpt lat="42.563729" lon="-2.255077">
      <ele>452.7</ele>
    </trkpt>
    <trkpt lat="42.563679" lon="-2.255192">
      <ele>452.8</ele>
    </trkpt>
    <trkpt lat="42.563508" lon="-2.255495">
      <ele>453.2</ele>
    </trkpt>
    <trkpt lat="42.563298" lon="-2.255796">
      <ele>454.2</ele>
    </trkpt>
    <trkpt lat="42.563025" lon="-2.256007">
      <ele>455.5</ele>
    </trkpt>
    <trkpt lat="42.562956" lon="-2.256099">
      <ele>455.9</ele>
    </trkpt>
    <trkpt lat="42.562829" lon="-2.256335">
      <ele>456.9</ele>
    </trkpt>
    <trkpt lat="42.562794" lon="-2.256467">
      <ele>457.4</ele>
    </trkpt>
    <trkpt lat="42.562803" lon="-2.256716">
      <ele>458.2</ele>
    </trkpt>
    <trkpt lat="42.562871" lon="-2.256959">
      <ele>459.1</ele>
    </trkpt>
    <trkpt lat="42.562909" lon="-2.257307">
      <ele>460.1</ele>
    </trkpt>
    <trkpt lat="42.561859" lon="-2.258262">
      <ele>463.8</ele>
    </trkpt>
    <trkpt lat="42.560782" lon="-2.259225">
      <ele>465.3</ele>
    </trkpt>
    <trkpt lat="42.560498" lon="-2.259583">
      <ele>465.3</ele>
    </trkpt>
    <trkpt lat="42.559227" lon="-2.261364">
      <ele>463.2</ele>
    </trkpt>
    <trkpt lat="42.559034" lon="-2.261713">
      <ele>463.1</ele>
    </trkpt>
    <trkpt lat="42.558767" lon="-2.26229">
      <ele>463.3</ele>
    </trkpt>
    <trkpt lat="42.557622" lon="-2.264863">
      <ele>469.4</ele>
    </trkpt>
    <trkpt lat="42.557547" lon="-2.264952">
      <ele>469.8</ele>
    </trkpt>
    <trkpt lat="42.557397" lon="-2.265014">
      <ele>470.5</ele>
    </trkpt>
    <trkpt lat="42.556687" lon="-2.264904">
      <ele>474.1</ele>
    </trkpt>
    <trkpt lat="42.556517" lon="-2.26494">
      <ele>475.1</ele>
    </trkpt>
    <trkpt lat="42.556363" lon="-2.265017">
      <ele>476.1</ele>
    </trkpt>
    <trkpt lat="42.556255" lon="-2.265116">
      <ele>477</ele>
    </trkpt>
    <trkpt lat="42.555347" lon="-2.266212">
      <ele>485.8</ele>
    </trkpt>
    <trkpt lat="42.555189" lon="-2.266317">
      <ele>486.9</ele>
    </trkpt>
    <trkpt lat="42.554918" lon="-2.266415">
      <ele>488.3</ele>
    </trkpt>
    <trkpt lat="42.554489" lon="-2.266504">
      <ele>489.6</ele>
    </trkpt>
    <trkpt lat="42.554313" lon="-2.266511">
      <ele>489.8</ele>
    </trkpt>
    <trkpt lat="42.554178" lon="-2.266445">
      <ele>489.8</ele>
    </trkpt>
    <trkpt lat="42.554077" lon="-2.266362">
      <ele>489.7</ele>
    </trkpt>
    <trkpt lat="42.553826" lon="-2.266152">
      <ele>489.1</ele>
    </trkpt>
    <trkpt lat="42.553613" lon="-2.26602">
      <ele>488.2</ele>
    </trkpt>
    <trkpt lat="42.55346" lon="-2.265989">
      <ele>487.4</ele>
    </trkpt>
    <trkpt lat="42.553085" lon="-2.265938">
      <ele>485.1</ele>
    </trkpt>
    <trkpt lat="42.553002" lon="-2.265868">
      <ele>484.4</ele>
    </trkpt>
    <trkpt lat="42.552934" lon="-2.265933">
      <ele>483.7</ele>
    </trkpt>
    <trkpt lat="42.552452" lon="-2.266406">
      <ele>478.8</ele>
    </trkpt>
    <trkpt lat="42.55236" lon="-2.266524">
      <ele>477.7</ele>
    </trkpt>
    <trkpt lat="42.552258" lon="-2.26672">
      <ele>476.1</ele>
    </trkpt>
    <trkpt lat="42.552235" lon="-2.266827">
      <ele>475.4</ele>
    </trkpt>
    <trkpt lat="42.552256" lon="-2.267021">
      <ele>474.1</ele>
    </trkpt>
    <trkpt lat="42.552308" lon="-2.267155">
      <ele>473.1</ele>
    </trkpt>
    <trkpt lat="42.552438" lon="-2.267366">
      <ele>471.2</ele>
    </trkpt>
    <trkpt lat="42.553946" lon="-2.269614">
      <ele>455.4</ele>
    </trkpt>
    <trkpt lat="42.554181" lon="-2.269939">
      <ele>454.1</ele>
    </trkpt>
    <trkpt lat="42.554271" lon="-2.270099">
      <ele>453.6</ele>
    </trkpt>
    <trkpt lat="42.554349" lon="-2.270381">
      <ele>453.1</ele>
    </trkpt>
    <trkpt lat="42.554364" lon="-2.270627">
      <ele>452.7</ele>
    </trkpt>
    <trkpt lat="42.554334" lon="-2.270836">
      <ele>452.6</ele>
    </trkpt>
    <trkpt lat="42.554213" lon="-2.271151">
      <ele>452.6</ele>
    </trkpt>
    <trkpt lat="42.55388" lon="-2.271731">
      <ele>452.6</ele>
    </trkpt>
    <trkpt lat="42.553672" lon="-2.272096">
      <ele>453.2</ele>
    </trkpt>
    <trkpt lat="42.553597" lon="-2.272219">
      <ele>453.5</ele>
    </trkpt>
    <trkpt lat="42.553537" lon="-2.272346">
      <ele>453.8</ele>
    </trkpt>
    <trkpt lat="42.553457" lon="-2.272537">
      <ele>454.3</ele>
    </trkpt>
    <trkpt lat="42.553379" lon="-2.272805">
      <ele>455</ele>
    </trkpt>
    <trkpt lat="42.552772" lon="-2.276029">
      <ele>464.3</ele>
    </trkpt>
    <trkpt lat="42.552715" lon="-2.276193">
      <ele>464.7</ele>
    </trkpt>
    <trkpt lat="42.552597" lon="-2.276402">
      <ele>465.3</ele>
    </trkpt>
    <trkpt lat="42.551907" lon="-2.277464">
      <ele>468.7</ele>
    </trkpt>
    <trkpt lat="42.551811" lon="-2.277717">
      <ele>469.5</ele>
    </trkpt>
    <trkpt lat="42.551576" lon="-2.278585">
      <ele>473</ele>
    </trkpt>
    <trkpt lat="42.551503" lon="-2.279115">
      <ele>475.5</ele>
    </trkpt>
    <trkpt lat="42.551461" lon="-2.280035">
      <ele>480.1</ele>
    </trkpt>
    <trkpt lat="42.551469" lon="-2.280296">
      <ele>481.4</ele>
    </trkpt>
    <trkpt lat="42.55156" lon="-2.280782">
      <ele>483.9</ele>
    </trkpt>
    <trkpt lat="42.551774" lon="-2.28151">
      <ele>487.3</ele>
    </trkpt>
    <trkpt lat="42.551802" lon="-2.28173">
      <ele>488.2</ele>
    </trkpt>
    <trkpt lat="42.5518" lon="-2.28192">
      <ele>489</ele>
    </trkpt>
    <trkpt lat="42.551726" lon="-2.282332">
      <ele>490.7</ele>
    </trkpt>
    <trkpt lat="42.551394" lon="-2.283348">
      <ele>495.8</ele>
    </trkpt>
    <trkpt lat="42.551251" lon="-2.28358">
      <ele>497.2</ele>
    </trkpt>
    <trkpt lat="42.551053" lon="-2.283768">
      <ele>498.8</ele>
    </trkpt>
    <trkpt lat="42.550716" lon="-2.284665">
      <ele>504</ele>
    </trkpt>
    <trkpt lat="42.550615" lon="-2.285297">
      <ele>507.2</ele>
    </trkpt>
    <trkpt lat="42.550528" lon="-2.286638">
      <ele>514.6</ele>
    </trkpt>
    <trkpt lat="42.550494" lon="-2.287369">
      <ele>518.5</ele>
    </trkpt>
    <trkpt lat="42.550503" lon="-2.287905">
      <ele>521.1</ele>
    </trkpt>
    <trkpt lat="42.550807" lon="-2.289617">
      <ele>528.3</ele>
    </trkpt>
    <trkpt lat="42.55105" lon="-2.291506">
      <ele>537.7</ele>
    </trkpt>
    <trkpt lat="42.551055" lon="-2.291636">
      <ele>538.5</ele>
    </trkpt>
    <trkpt lat="42.551041" lon="-2.292013">
      <ele>540.8</ele>
    </trkpt>
    <trkpt lat="42.550975" lon="-2.292376">
      <ele>543.1</ele>
    </trkpt>
    <trkpt lat="42.550734" lon="-2.293302">
      <ele>548.6</ele>
    </trkpt>
    <trkpt lat="42.550685" lon="-2.29365">
      <ele>550.2</ele>
    </trkpt>
    <trkpt lat="42.550696" lon="-2.293866">
      <ele>551</ele>
    </trkpt>
    <trkpt lat="42.551416" lon="-2.297534">
      <ele>557.9</ele>
    </trkpt>
    <trkpt lat="42.551609" lon="-2.298189">
      <ele>559.8</ele>
    </trkpt>
    <trkpt lat="42.552482" lon="-2.300837">
      <ele>570.1</ele>
    </trkpt>
    <trkpt lat="42.552576" lon="-2.301092">
      <ele>571</ele>
    </trkpt>
    <trkpt lat="42.552723" lon="-2.301355">
      <ele>572</ele>
    </trkpt>
    <trkpt lat="42.553145" lon="-2.301767">
      <ele>574</ele>
    </trkpt>
    <trkpt lat="42.55406" lon="-2.302577">
      <ele>578</ele>
    </trkpt>
    <trkpt lat="42.554885" lon="-2.303528">
      <ele>582</ele>
    </trkpt>
    <trkpt lat="42.555497" lon="-2.304286">
      <ele>585.3</ele>
    </trkpt>
    <trkpt lat="42.555788" lon="-2.304711">
      <ele>586.8</ele>
    </trkpt>
    <trkpt lat="42.555926" lon="-2.30508">
      <ele>587.8</ele>
    </trkpt>
    <trkpt lat="42.555996" lon="-2.305429">
      <ele>588.5</ele>
    </trkpt>
    <trkpt lat="42.556073" lon="-2.306352">
      <ele>589.5</ele>
    </trkpt>
    <trkpt lat="42.556117" lon="-2.306533">
      <ele>589.6</ele>
    </trkpt>
    <trkpt lat="42.556339" lon="-2.307093">
      <ele>589.7</ele>
    </trkpt>
    <trkpt lat="42.556557" lon="-2.307556">
      <ele>589.8</ele>
    </trkpt>
    <trkpt lat="42.556747" lon="-2.307898">
      <ele>589.9</ele>
    </trkpt>
    <trkpt lat="42.557924" lon="-2.309432">
      <ele>594.2</ele>
    </trkpt>
    <trkpt lat="42.557974" lon="-2.30953">
      <ele>594.7</ele>
    </trkpt>
    <trkpt lat="42.557982" lon="-2.309624">
      <ele>595</ele>
    </trkpt>
    <trkpt lat="42.557938" lon="-2.309674">
      <ele>595.3</ele>
    </trkpt>
    <trkpt lat="42.557808" lon="-2.309667">
      <ele>596.1</ele>
    </trkpt>
    <trkpt lat="42.557635" lon="-2.309605">
      <ele>597.1</ele>
    </trkpt>
    <trkpt lat="42.55732" lon="-2.309402">
      <ele>599.3</ele>
    </trkpt>
    <trkpt lat="42.555777" lon="-2.308115">
      <ele>610.7</ele>
    </trkpt>
    <trkpt lat="42.555379" lon="-2.307674">
      <ele>612.7</ele>
    </trkpt>
    <trkpt lat="42.555162" lon="-2.307604">
      <ele>613.2</ele>
    </trkpt>
    <trkpt lat="42.554785" lon="-2.307601">
      <ele>613.6</ele>
    </trkpt>
    <trkpt lat="42.554558" lon="-2.307485">
      <ele>613.5</ele>
    </trkpt>
    <trkpt lat="42.554178" lon="-2.307184">
      <ele>613.1</ele>
    </trkpt>
    <trkpt lat="42.553877" lon="-2.306836">
      <ele>612.3</ele>
    </trkpt>
    <trkpt lat="42.553759" lon="-2.306733">
      <ele>611.9</ele>
    </trkpt>
    <trkpt lat="42.553574" lon="-2.306639">
      <ele>611.4</ele>
    </trkpt>
    <trkpt lat="42.553367" lon="-2.30658">
      <ele>610.9</ele>
    </trkpt>
    <trkpt lat="42.553033" lon="-2.306546">
      <ele>610.3</ele>
    </trkpt>
    <trkpt lat="42.552398" lon="-2.306643">
      <ele>609.1</ele>
    </trkpt>
    <trkpt lat="42.55219" lon="-2.306643">
      <ele>608.7</ele>
    </trkpt>
    <trkpt lat="42.551197" lon="-2.306374">
      <ele>606.4</ele>
    </trkpt>
    <trkpt lat="42.549809" lon="-2.305708">
      <ele>602.4</ele>
    </trkpt>
    <trkpt lat="42.549471" lon="-2.30557">
      <ele>601.2</ele>
    </trkpt>
    <trkpt lat="42.548905" lon="-2.30549">
      <ele>599.3</ele>
    </trkpt>
    <trkpt lat="42.548212" lon="-2.305344">
      <ele>596.8</ele>
    </trkpt>
    <trkpt lat="42.548045" lon="-2.305345">
      <ele>596.3</ele>
    </trkpt>
    <trkpt lat="42.545296" lon="-2.3058">
      <ele>588.2</ele>
    </trkpt>
    <trkpt lat="42.543756" lon="-2.305887">
      <ele>585.2</ele>
    </trkpt>
    <trkpt lat="42.543086" lon="-2.306107">
      <ele>584.1</ele>
    </trkpt>
    <trkpt lat="42.542589" lon="-2.306204">
      <ele>582.9</ele>
    </trkpt>
    <trkpt lat="42.541432" lon="-2.306311">
      <ele>577.5</ele>
    </trkpt>
    <trkpt lat="42.540621" lon="-2.306226">
      <ele>573.6</ele>
    </trkpt>
    <trkpt lat="42.540361" lon="-2.306189">
      <ele>572.6</ele>
    </trkpt>
    <trkpt lat="42.539681" lon="-2.306104">
      <ele>570.2</ele>
    </trkpt>
    <trkpt lat="42.539483" lon="-2.306104">
      <ele>569.7</ele>
    </trkpt>
    <trkpt lat="42.538571" lon="-2.306285">
      <ele>567.9</ele>
    </trkpt>
    <trkpt lat="42.538424" lon="-2.306245">
      <ele>567.5</ele>
    </trkpt>
    <trkpt lat="42.538203" lon="-2.306127">
      <ele>567</ele>
    </trkpt>
    <trkpt lat="42.538041" lon="-2.306097">
      <ele>566.6</ele>
    </trkpt>
    <trkpt lat="42.537888" lon="-2.306121">
      <ele>566.3</ele>
    </trkpt>
    <trkpt lat="42.537764" lon="-2.306202">
      <ele>565.9</ele>
    </trkpt>
    <trkpt lat="42.537584" lon="-2.306411">
      <ele>565.3</ele>
    </trkpt>
    <trkpt lat="42.536859" lon="-2.307373">
      <ele>561.2</ele>
    </trkpt>
    <trkpt lat="42.536347" lon="-2.307804">
      <ele>558.2</ele>
    </trkpt>
    <trkpt lat="42.536169" lon="-2.308085">
      <ele>556.9</ele>
    </trkpt>
    <trkpt lat="42.535811" lon="-2.308883">
      <ele>553.9</ele>
    </trkpt>
    <trkpt lat="42.535605" lon="-2.309127">
      <ele>553</ele>
    </trkpt>
    <trkpt lat="42.535518" lon="-2.309184">
      <ele>552.7</ele>
    </trkpt>
    <trkpt lat="42.535459" lon="-2.309182">
      <ele>552.5</ele>
    </trkpt>
    <trkpt lat="42.534879" lon="-2.310863">
      <ele>546.8</ele>
    </trkpt>
    <trkpt lat="42.534788" lon="-2.311195">
      <ele>545</ele>
    </trkpt>
    <trkpt lat="42.534697" lon="-2.311818">
      <ele>541.1</ele>
    </trkpt>
    <trkpt lat="42.534707" lon="-2.312037">
      <ele>539.7</ele>
    </trkpt>
    <trkpt lat="42.534759" lon="-2.312305">
      <ele>537.8</ele>
    </trkpt>
    <trkpt lat="42.534939" lon="-2.312819">
      <ele>533.6</ele>
    </trkpt>
    <trkpt lat="42.535755" lon="-2.314296">
      <ele>521.8</ele>
    </trkpt>
    <trkpt lat="42.535867" lon="-2.314577">
      <ele>520</ele>
    </trkpt>
    <trkpt lat="42.535865" lon="-2.314699">
      <ele>519.4</ele>
    </trkpt>
    <trkpt lat="42.535829" lon="-2.314787">
      <ele>518.9</ele>
    </trkpt>
    <trkpt lat="42.535737" lon="-2.314854">
      <ele>518.2</ele>
    </trkpt>
    <trkpt lat="42.534943" lon="-2.315007">
      <ele>515.1</ele>
    </trkpt>
    <trkpt lat="42.534732" lon="-2.314888">
      <ele>514.9</ele>
    </trkpt>
    <trkpt lat="42.534293" lon="-2.314418">
      <ele>514.6</ele>
    </trkpt>
    <trkpt lat="42.534206" lon="-2.314357">
      <ele>514.5</ele>
    </trkpt>
    <trkpt lat="42.534139" lon="-2.314348">
      <ele>514.4</ele>
    </trkpt>
    <trkpt lat="42.534055" lon="-2.314386">
      <ele>514.3</ele>
    </trkpt>
    <trkpt lat="42.533999" lon="-2.314458">
      <ele>514.2</ele>
    </trkpt>
    <trkpt lat="42.533968" lon="-2.314569">
      <ele>514.1</ele>
    </trkpt>
    <trkpt lat="42.534033" lon="-2.31519">
      <ele>512.7</ele>
    </trkpt>
    <trkpt lat="42.534149" lon="-2.315602">
      <ele>511</ele>
    </trkpt>
    <trkpt lat="42.534248" lon="-2.315815">
      <ele>509.7</ele>
    </trkpt>
    <trkpt lat="42.534812" lon="-2.316814">
      <ele>501.9</ele>
    </trkpt>
    <trkpt lat="42.534847" lon="-2.317025">
      <ele>500.6</ele>
    </trkpt>
    <trkpt lat="42.534822" lon="-2.317206">
      <ele>499.6</ele>
    </trkpt>
    <trkpt lat="42.534621" lon="-2.318291">
      <ele>493.7</ele>
    </trkpt>
    <trkpt lat="42.534531" lon="-2.318572">
      <ele>492.2</ele>
    </trkpt>
    <trkpt lat="42.53439" lon="-2.318789">
      <ele>490.6</ele>
    </trkpt>
    <trkpt lat="42.53372" lon="-2.319603">
      <ele>482.8</ele>
    </trkpt>
    <trkpt lat="42.533383" lon="-2.32028">
      <ele>476.8</ele>
    </trkpt>
    <trkpt lat="42.533259" lon="-2.320461">
      <ele>475</ele>
    </trkpt>
    <trkpt lat="42.533041" lon="-2.320673">
      <ele>472.6</ele>
    </trkpt>
    <trkpt lat="42.532876" lon="-2.320785">
      <ele>471.1</ele>
    </trkpt>
    <trkpt lat="42.532411" lon="-2.320978">
      <ele>467.9</ele>
    </trkpt>
    <trkpt lat="42.532279" lon="-2.321008">
      <ele>467.1</ele>
    </trkpt>
    <trkpt lat="42.531703" lon="-2.320981">
      <ele>464.6</ele>
    </trkpt>
    <trkpt lat="42.53135" lon="-2.321102">
      <ele>463.5</ele>
    </trkpt>
    <trkpt lat="42.527688" lon="-2.322751">
      <ele>452.3</ele>
    </trkpt>
    <trkpt lat="42.527433" lon="-2.322914">
      <ele>451.8</ele>
    </trkpt>
    <trkpt lat="42.527212" lon="-2.323255">
      <ele>451.6</ele>
    </trkpt>
    <trkpt lat="42.527192" lon="-2.32329">
      <ele>451.6</ele>
    </trkpt>
    <trkpt lat="42.526942" lon="-2.323747">
      <ele>451.9</ele>
    </trkpt>
    <trkpt lat="42.526356" lon="-2.324822">
      <ele>455.2</ele>
    </trkpt>
    <trkpt lat="42.52621" lon="-2.325104">
      <ele>456.6</ele>
    </trkpt>
    <trkpt lat="42.526169" lon="-2.325242">
      <ele>457.3</ele>
    </trkpt>
    <trkpt lat="42.526053" lon="-2.325982">
      <ele>461.1</ele>
    </trkpt>
    <trkpt lat="42.525954" lon="-2.326833">
      <ele>466</ele>
    </trkpt>
    <trkpt lat="42.525982" lon="-2.327216">
      <ele>468.1</ele>
    </trkpt>
    <trkpt lat="42.526046" lon="-2.327445">
      <ele>469.4</ele>
    </trkpt>
    <trkpt lat="42.526155" lon="-2.327691">
      <ele>470.9</ele>
    </trkpt>
    <trkpt lat="42.526326" lon="-2.328039">
      <ele>473</ele>
    </trkpt>
    <trkpt lat="42.526352" lon="-2.328176">
      <ele>473.7</ele>
    </trkpt>
    <trkpt lat="42.526349" lon="-2.32831">
      <ele>474.4</ele>
    </trkpt>
    <trkpt lat="42.526237" lon="-2.329042">
      <ele>478</ele>
    </trkpt>
    <trkpt lat="42.526239" lon="-2.329439">
      <ele>479.8</ele>
    </trkpt>
    <trkpt lat="42.526275" lon="-2.329627">
      <ele>480.8</ele>
    </trkpt>
    <trkpt lat="42.526521" lon="-2.330196">
      <ele>484.4</ele>
    </trkpt>
    <trkpt lat="42.52696" lon="-2.330846">
      <ele>489.7</ele>
    </trkpt>
    <trkpt lat="42.527034" lon="-2.331093">
      <ele>491.2</ele>
    </trkpt>
    <trkpt lat="42.527012" lon="-2.331342">
      <ele>492.6</ele>
    </trkpt>
    <trkpt lat="42.526928" lon="-2.331558">
      <ele>493.8</ele>
    </trkpt>
    <trkpt lat="42.526859" lon="-2.331651">
      <ele>494.5</ele>
    </trkpt>
    <trkpt lat="42.526717" lon="-2.331715">
      <ele>495.5</ele>
    </trkpt>
    <trkpt lat="42.526447" lon="-2.331688">
      <ele>497.1</ele>
    </trkpt>
    <trkpt lat="42.525448" lon="-2.331178">
      <ele>501.2</ele>
    </trkpt>
    <trkpt lat="42.525146" lon="-2.331064">
      <ele>501.5</ele>
    </trkpt>
    <trkpt lat="42.524967" lon="-2.331062">
      <ele>501.5</ele>
    </trkpt>
    <trkpt lat="42.52489" lon="-2.331097">
      <ele>501.5</ele>
    </trkpt>
    <trkpt lat="42.524713" lon="-2.331258">
      <ele>501.3</ele>
    </trkpt>
    <trkpt lat="42.524602" lon="-2.331516">
      <ele>501</ele>
    </trkpt>
    <trkpt lat="42.524261" lon="-2.333115">
      <ele>497.6</ele>
    </trkpt>
    <trkpt lat="42.524086" lon="-2.334286">
      <ele>493.8</ele>
    </trkpt>
    <trkpt lat="42.523857" lon="-2.336514">
      <ele>483.3</ele>
    </trkpt>
    <trkpt lat="42.523811" lon="-2.336724">
      <ele>482.3</ele>
    </trkpt>
    <trkpt lat="42.523748" lon="-2.336909">
      <ele>481.4</ele>
    </trkpt>
    <trkpt lat="42.523628" lon="-2.337126">
      <ele>480.5</ele>
    </trkpt>
    <trkpt lat="42.523281" lon="-2.337592">
      <ele>478.8</ele>
    </trkpt>
    <trkpt lat="42.521848" lon="-2.3395">
      <ele>480.2</ele>
    </trkpt>
    <trkpt lat="42.521127" lon="-2.34051">
      <ele>480.5</ele>
    </trkpt>
    <trkpt lat="42.519833" lon="-2.343646">
      <ele>475.4</ele>
    </trkpt>
    <trkpt lat="42.519715" lon="-2.343985">
      <ele>474.8</ele>
    </trkpt>
    <trkpt lat="42.519664" lon="-2.34421">
      <ele>474.4</ele>
    </trkpt>
    <trkpt lat="42.518382" lon="-2.349916">
      <ele>463.8</ele>
    </trkpt>
    <trkpt lat="42.517986" lon="-2.351742">
      <ele>459.4</ele>
    </trkpt>
    <trkpt lat="42.517981" lon="-2.351938">
      <ele>458.9</ele>
    </trkpt>
    <trkpt lat="42.5181" lon="-2.353357">
      <ele>454.5</ele>
    </trkpt>
    <trkpt lat="42.518086" lon="-2.353863">
      <ele>452.8</ele>
    </trkpt>
    <trkpt lat="42.517515" lon="-2.356245">
      <ele>446</ele>
    </trkpt>
    <trkpt lat="42.517075" lon="-2.358049">
      <ele>444</ele>
    </trkpt>
    <trkpt lat="42.516962" lon="-2.358598">
      <ele>443.6</ele>
    </trkpt>
    <trkpt lat="42.516981" lon="-2.358836">
      <ele>443.5</ele>
    </trkpt>
    <trkpt lat="42.517017" lon="-2.358961">
      <ele>443.5</ele>
    </trkpt>
    <trkpt lat="42.516989" lon="-2.359111">
      <ele>443.4</ele>
    </trkpt>
    <trkpt lat="42.516875" lon="-2.35921">
      <ele>443.4</ele>
    </trkpt>
    <trkpt lat="42.516807" lon="-2.359282">
      <ele>443.4</ele>
    </trkpt>
    <trkpt lat="42.516761" lon="-2.359379">
      <ele>443.3</ele>
    </trkpt>
    <trkpt lat="42.516677" lon="-2.359665">
      <ele>443.3</ele>
    </trkpt>
    <trkpt lat="42.516521" lon="-2.360298">
      <ele>443.4</ele>
    </trkpt>
    <trkpt lat="42.516092" lon="-2.362028">
      <ele>443.9</ele>
    </trkpt>
    <trkpt lat="42.515753" lon="-2.363407">
      <ele>443</ele>
    </trkpt>
    <trkpt lat="42.515652" lon="-2.363817">
      <ele>442.7</ele>
    </trkpt>
    <trkpt lat="42.515445" lon="-2.364671">
      <ele>442.3</ele>
    </trkpt>
    <trkpt lat="42.515503" lon="-2.364761">
      <ele>442.3</ele>
    </trkpt>
    <trkpt lat="42.515528" lon="-2.365237">
      <ele>442.4</ele>
    </trkpt>
    <trkpt lat="42.515534" lon="-2.366217">
      <ele>443.5</ele>
    </trkpt>
    <trkpt lat="42.515467" lon="-2.366799">
      <ele>444.8</ele>
    </trkpt>
    <trkpt lat="42.515335" lon="-2.367828">
      <ele>448.5</ele>
    </trkpt>
    <trkpt lat="42.515337" lon="-2.368075">
      <ele>449.6</ele>
    </trkpt>
    <trkpt lat="42.515186" lon="-2.368955">
      <ele>455.3</ele>
    </trkpt>
    <trkpt lat="42.515053" lon="-2.368954">
      <ele>456.5</ele>
    </trkpt>
    <trkpt lat="42.515067" lon="-2.369042">
      <ele>457.2</ele>
    </trkpt>
    <trkpt lat="42.515389" lon="-2.369391">
      <ele>461.1</ele>
    </trkpt>
    <trkpt lat="42.515378" lon="-2.369554">
      <ele>462.3</ele>
    </trkpt>
    <trkpt lat="42.515594" lon="-2.369744">
      <ele>464.5</ele>
    </trkpt>
    <trkpt lat="42.515702" lon="-2.369953">
      <ele>466</ele>
    </trkpt>
    <trkpt lat="42.515721" lon="-2.369996">
      <ele>466.3</ele>
    </trkpt>
    <trkpt lat="42.515778" lon="-2.370098">
      <ele>467</ele>
    </trkpt>
    <trkpt lat="42.515827" lon="-2.370319">
      <ele>468.3</ele>
    </trkpt>
    <trkpt lat="42.51584" lon="-2.370367">
      <ele>468.5</ele>
    </trkpt>
    <trkpt lat="42.515827" lon="-2.370413">
      <ele>468.7</ele>
    </trkpt>
    <trkpt lat="42.515724" lon="-2.370654">
      <ele>470</ele>
    </trkpt>
    <trkpt lat="42.515701" lon="-2.371">
      <ele>471.2</ele>
    </trkpt>
    <trkpt lat="42.515542" lon="-2.371889">
      <ele>472.3</ele>
    </trkpt>
    <trkpt lat="42.515342" lon="-2.371945">
      <ele>472.2</ele>
    </trkpt>
    <trkpt lat="42.515174" lon="-2.37196">
      <ele>471.9</ele>
    </trkpt>
    <trkpt lat="42.51492" lon="-2.371965">
      <ele>471.2</ele>
    </trkpt>
    <trkpt lat="42.514825" lon="-2.373263">
      <ele>467.5</ele>
    </trkpt>
    <trkpt lat="42.514785" lon="-2.373304">
      <ele>467.1</ele>
    </trkpt>
    <trkpt lat="42.514794" lon="-2.373468">
      <ele>466.3</ele>
    </trkpt>
    <trkpt lat="42.514801" lon="-2.373596">
      <ele>465.7</ele>
    </trkpt>
    <trkpt lat="42.515022" lon="-2.37373">
      <ele>464</ele>
    </trkpt>
    <trkpt lat="42.5152" lon="-2.373753">
      <ele>462.7</ele>
    </trkpt>
    <trkpt lat="42.515251" lon="-2.374262">
      <ele>459.8</ele>
    </trkpt>
    <trkpt lat="42.515262" lon="-2.37434">
      <ele>459.2</ele>
    </trkpt>
    <trkpt lat="42.515522" lon="-2.374461">
      <ele>457</ele>
    </trkpt>
    <trkpt lat="42.515553" lon="-2.374633">
      <ele>455.9</ele>
    </trkpt>
    <trkpt lat="42.51553" lon="-2.374687">
      <ele>455.4</ele>
    </trkpt>
    <trkpt lat="42.515336" lon="-2.374768">
      <ele>453.2</ele>
    </trkpt>
    <trkpt lat="42.515118" lon="-2.374826">
      <ele>450.6</ele>
    </trkpt>
    <trkpt lat="42.515183" lon="-2.375615">
      <ele>444.8</ele>
    </trkpt>
    <trkpt lat="42.515126" lon="-2.375915">
      <ele>442.7</ele>
    </trkpt>
    <trkpt lat="42.51487" lon="-2.375882">
      <ele>440.3</ele>
    </trkpt>
    <trkpt lat="42.514727" lon="-2.37571">
      <ele>438.5</ele>
    </trkpt>
    <trkpt lat="42.514552" lon="-2.375443">
      <ele>436.5</ele>
    </trkpt>
    <trkpt lat="42.514075" lon="-2.375807">
      <ele>433.4</ele>
    </trkpt>
    <trkpt lat="42.514008" lon="-2.375775">
      <ele>433.1</ele>
    </trkpt>
    <trkpt lat="42.513751" lon="-2.37512">
      <ele>430.6</ele>
    </trkpt>
    <trkpt lat="42.51363" lon="-2.374806">
      <ele>429.6</ele>
    </trkpt>
    <trkpt lat="42.513282" lon="-2.374805">
      <ele>428.6</ele>
    </trkpt>
    <trkpt lat="42.513161" lon="-2.374866">
      <ele>428.3</ele>
    </trkpt>
    <trkpt lat="42.512091" lon="-2.376427">
      <ele>423.9</ele>
    </trkpt>
    <trkpt lat="42.51199" lon="-2.376521">
      <ele>423.6</ele>
    </trkpt>
    <trkpt lat="42.511664" lon="-2.377031">
      <ele>422.5</ele>
    </trkpt>
    <trkpt lat="42.511422" lon="-2.377411">
      <ele>421.9</ele>
    </trkpt>
    <trkpt lat="42.511336" lon="-2.377539">
      <ele>421.7</ele>
    </trkpt>
    <trkpt lat="42.511069" lon="-2.377967">
      <ele>421.3</ele>
    </trkpt>
    <trkpt lat="42.509942" lon="-2.379703">
      <ele>420.5</ele>
    </trkpt>
    <trkpt lat="42.507357" lon="-2.383695">
      <ele>415</ele>
    </trkpt>
    <trkpt lat="42.507136" lon="-2.383752">
      <ele>414.7</ele>
    </trkpt>
    <trkpt lat="42.506448" lon="-2.383966">
      <ele>413.7</ele>
    </trkpt>
    <trkpt lat="42.505879" lon="-2.384046">
      <ele>412.4</ele>
    </trkpt>
    <trkpt lat="42.505704" lon="-2.384109">
      <ele>412</ele>
    </trkpt>
    <trkpt lat="42.505326" lon="-2.384266">
      <ele>410.9</ele>
    </trkpt>
    <trkpt lat="42.505267" lon="-2.384555">
      <ele>410.2</ele>
    </trkpt>
    <trkpt lat="42.50522" lon="-2.384684">
      <ele>409.8</ele>
    </trkpt>
    <trkpt lat="42.505137" lon="-2.384802">
      <ele>409.4</ele>
    </trkpt>
    <trkpt lat="42.504772" lon="-2.385171">
      <ele>407.6</ele>
    </trkpt>
    <trkpt lat="42.503816" lon="-2.386305">
      <ele>402.7</ele>
    </trkpt>
    <trkpt lat="42.503534" lon="-2.386466">
      <ele>401.7</ele>
    </trkpt>
    <trkpt lat="42.503228" lon="-2.386875">
      <ele>400.3</ele>
    </trkpt>
    <trkpt lat="42.50287" lon="-2.386993">
      <ele>399.3</ele>
    </trkpt>
    <trkpt lat="42.502159" lon="-2.387406">
      <ele>397.6</ele>
    </trkpt>
    <trkpt lat="42.50208" lon="-2.387492">
      <ele>397.4</ele>
    </trkpt>
    <trkpt lat="42.501886" lon="-2.38792">
      <ele>396.8</ele>
    </trkpt>
    <trkpt lat="42.501854" lon="-2.387978">
      <ele>396.7</ele>
    </trkpt>
    <trkpt lat="42.501698" lon="-2.388103">
      <ele>396.4</ele>
    </trkpt>
    <trkpt lat="42.501581" lon="-2.388148">
      <ele>396.2</ele>
    </trkpt>
    <trkpt lat="42.501324" lon="-2.388175">
      <ele>395.8</ele>
    </trkpt>
    <trkpt lat="42.501042" lon="-2.388163">
      <ele>395.4</ele>
    </trkpt>
    <trkpt lat="42.500845" lon="-2.388122">
      <ele>395.1</ele>
    </trkpt>
    <trkpt lat="42.500529" lon="-2.387959">
      <ele>394.6</ele>
    </trkpt>
    <trkpt lat="42.500434" lon="-2.387947">
      <ele>394.5</ele>
    </trkpt>
    <trkpt lat="42.500135" lon="-2.388055">
      <ele>394</ele>
    </trkpt>
    <trkpt lat="42.499429" lon="-2.388585">
      <ele>393.1</ele>
    </trkpt>
    <trkpt lat="42.499218" lon="-2.388674">
      <ele>392.9</ele>
    </trkpt>
    <trkpt lat="42.498267" lon="-2.388899">
      <ele>393</ele>
    </trkpt>
    <trkpt lat="42.498109" lon="-2.388892">
      <ele>393.1</ele>
    </trkpt>
    <trkpt lat="42.497786" lon="-2.388782">
      <ele>393.3</ele>
    </trkpt>
    <trkpt lat="42.497664" lon="-2.3888">
      <ele>393.4</ele>
    </trkpt>
    <trkpt lat="42.497585" lon="-2.388846">
      <ele>393.5</ele>
    </trkpt>
    <trkpt lat="42.497422" lon="-2.388813">
      <ele>393.6</ele>
    </trkpt>
    <trkpt lat="42.49666" lon="-2.388552">
      <ele>394.5</ele>
    </trkpt>
    <trkpt lat="42.496483" lon="-2.388533">
      <ele>394.8</ele>
    </trkpt>
    <trkpt lat="42.496102" lon="-2.388646">
      <ele>395.7</ele>
    </trkpt>
    <trkpt lat="42.49598" lon="-2.38902">
      <ele>396.3</ele>
    </trkpt>
    <trkpt lat="42.495928" lon="-2.389504">
      <ele>396.7</ele>
    </trkpt>
    <trkpt lat="42.495889" lon="-2.390022">
      <ele>396.7</ele>
    </trkpt>
    <trkpt lat="42.495914" lon="-2.390555">
      <ele>396.2</ele>
    </trkpt>
    <trkpt lat="42.495952" lon="-2.390961">
      <ele>395.3</ele>
    </trkpt>
    <trkpt lat="42.496051" lon="-2.391547">
      <ele>393.3</ele>
    </trkpt>
    <trkpt lat="42.495985" lon="-2.392071">
      <ele>391.6</ele>
    </trkpt>
    <trkpt lat="42.49589" lon="-2.392536">
      <ele>390.4</ele>
    </trkpt>
    <trkpt lat="42.495918" lon="-2.392968">
      <ele>389.8</ele>
    </trkpt>
    <trkpt lat="42.495879" lon="-2.393681">
      <ele>389.6</ele>
    </trkpt>
    <trkpt lat="42.495782" lon="-2.394193">
      <ele>389.9</ele>
    </trkpt>
    <trkpt lat="42.495597" lon="-2.394573">
      <ele>390.2</ele>
    </trkpt>
    <trkpt lat="42.495585" lon="-2.394596">
      <ele>390.2</ele>
    </trkpt>
    <trkpt lat="42.495553" lon="-2.395303">
      <ele>390.5</ele>
    </trkpt>
    <trkpt lat="42.495393" lon="-2.396211">
      <ele>390.5</ele>
    </trkpt>
    <trkpt lat="42.495391" lon="-2.39634">
      <ele>390.5</ele>
    </trkpt>
    <trkpt lat="42.495377" lon="-2.396749">
      <ele>390.3</ele>
    </trkpt>
    <trkpt lat="42.495313" lon="-2.397392">
      <ele>390</ele>
    </trkpt>
    <trkpt lat="42.49513" lon="-2.398445">
      <ele>390</ele>
    </trkpt>
    <trkpt lat="42.494954" lon="-2.399118">
      <ele>390.5</ele>
    </trkpt>
    <trkpt lat="42.494638" lon="-2.399972">
      <ele>392.5</ele>
    </trkpt>
    <trkpt lat="42.49436" lon="-2.400507">
      <ele>394.6</ele>
    </trkpt>
    <trkpt lat="42.494161" lon="-2.400837">
      <ele>396</ele>
    </trkpt>
    <trkpt lat="42.494043" lon="-2.401134">
      <ele>397.2</ele>
    </trkpt>
    <trkpt lat="42.493883" lon="-2.401686">
      <ele>399.4</ele>
    </trkpt>
    <trkpt lat="42.493952" lon="-2.402023">
      <ele>400.6</ele>
    </trkpt>
    <trkpt lat="42.494034" lon="-2.402256">
      <ele>401.4</ele>
    </trkpt>
    <trkpt lat="42.494244" lon="-2.402707">
      <ele>402.6</ele>
    </trkpt>
    <trkpt lat="42.494288" lon="-2.402856">
      <ele>402.9</ele>
    </trkpt>
    <trkpt lat="42.494238" lon="-2.403315">
      <ele>403.5</ele>
    </trkpt>
    <trkpt lat="42.494146" lon="-2.403554">
      <ele>403.6</ele>
    </trkpt>
    <trkpt lat="42.493978" lon="-2.403887">
      <ele>403.6</ele>
    </trkpt>
    <trkpt lat="42.493941" lon="-2.404018">
      <ele>403.5</ele>
    </trkpt>
    <trkpt lat="42.493989" lon="-2.404196">
      <ele>403.3</ele>
    </trkpt>
    <trkpt lat="42.493956" lon="-2.40426">
      <ele>403.2</ele>
    </trkpt>
    <trkpt lat="42.493889" lon="-2.404323">
      <ele>403</ele>
    </trkpt>
    <trkpt lat="42.493801" lon="-2.404468">
      <ele>402.7</ele>
    </trkpt>
    <trkpt lat="42.493692" lon="-2.404556">
      <ele>402.4</ele>
    </trkpt>
    <trkpt lat="42.493671" lon="-2.40461">
      <ele>402.2</ele>
    </trkpt>
    <trkpt lat="42.493681" lon="-2.404717">
      <ele>402.1</ele>
    </trkpt>
    <trkpt lat="42.493643" lon="-2.404762">
      <ele>401.9</ele>
    </trkpt>
    <trkpt lat="42.493718" lon="-2.40489">
      <ele>401.6</ele>
    </trkpt>
    <trkpt lat="42.49337" lon="-2.405432">
      <ele>399.8</ele>
    </trkpt>
    <trkpt lat="42.493212" lon="-2.405766">
      <ele>398.8</ele>
    </trkpt>
    <trkpt lat="42.493029" lon="-2.406299">
      <ele>397.6</ele>
    </trkpt>
    <trkpt lat="42.491325" lon="-2.412614">
      <ele>386.5</ele>
    </trkpt>
    <trkpt lat="42.491221" lon="-2.413226">
      <ele>386.2</ele>
    </trkpt>
    <trkpt lat="42.491118" lon="-2.413616">
      <ele>386.1</ele>
    </trkpt>
    <trkpt lat="42.491121" lon="-2.413813">
      <ele>386.1</ele>
    </trkpt>
    <trkpt lat="42.49114" lon="-2.41394">
      <ele>386.1</ele>
    </trkpt>
    <trkpt lat="42.491188" lon="-2.414019">
      <ele>386.2</ele>
    </trkpt>
    <trkpt lat="42.491087" lon="-2.414156">
      <ele>386.2</ele>
    </trkpt>
    <trkpt lat="42.490988" lon="-2.414363">
      <ele>386.3</ele>
    </trkpt>
    <trkpt lat="42.490701" lon="-2.415423">
      <ele>386.7</ele>
    </trkpt>
    <trkpt lat="42.490582" lon="-2.415588">
      <ele>386.8</ele>
    </trkpt>
    <trkpt lat="42.490531" lon="-2.415756">
      <ele>386.9</ele>
    </trkpt>
    <trkpt lat="42.49052" lon="-2.416087">
      <ele>387.1</ele>
    </trkpt>
    <trkpt lat="42.49036" lon="-2.416736">
      <ele>387.5</ele>
    </trkpt>
    <trkpt lat="42.490005" lon="-2.417833">
      <ele>388.9</ele>
    </trkpt>
    <trkpt lat="42.489959" lon="-2.418154">
      <ele>389.2</ele>
    </trkpt>
    <trkpt lat="42.489897" lon="-2.418351">
      <ele>389.5</ele>
    </trkpt>
    <trkpt lat="42.489863" lon="-2.418416">
      <ele>389.6</ele>
    </trkpt>
    <trkpt lat="42.489772" lon="-2.418442">
      <ele>389.8</ele>
    </trkpt>
    <trkpt lat="42.489688" lon="-2.418409">
      <ele>389.9</ele>
    </trkpt>
    <trkpt lat="42.489626" lon="-2.418417">
      <ele>390.1</ele>
    </trkpt>
    <trkpt lat="42.489257" lon="-2.418793">
      <ele>391.1</ele>
    </trkpt>
    <trkpt lat="42.48916" lon="-2.41898">
      <ele>391.5</ele>
    </trkpt>
    <trkpt lat="42.489121" lon="-2.419116">
      <ele>391.8</ele>
    </trkpt>
    <trkpt lat="42.489143" lon="-2.419857">
      <ele>393</ele>
    </trkpt>
    <trkpt lat="42.489136" lon="-2.419978">
      <ele>393.3</ele>
    </trkpt>
    <trkpt lat="42.489105" lon="-2.420065">
      <ele>393.5</ele>
    </trkpt>
    <trkpt lat="42.488943" lon="-2.420143">
      <ele>394</ele>
    </trkpt>
    <trkpt lat="42.488869" lon="-2.420333">
      <ele>394.5</ele>
    </trkpt>
    <trkpt lat="42.488698" lon="-2.421514">
      <ele>397.5</ele>
    </trkpt>
    <trkpt lat="42.48852" lon="-2.422233">
      <ele>399.7</ele>
    </trkpt>
    <trkpt lat="42.488093" lon="-2.423181">
      <ele>403.2</ele>
    </trkpt>
    <trkpt lat="42.487844" lon="-2.423633">
      <ele>405.3</ele>
    </trkpt>
    <trkpt lat="42.486875" lon="-2.42562">
      <ele>415.9</ele>
    </trkpt>
    <trkpt lat="42.486628" lon="-2.426141">
      <ele>418.9</ele>
    </trkpt>
    <trkpt lat="42.485984" lon="-2.427452">
      <ele>425.6</ele>
    </trkpt>
    <trkpt lat="42.485867" lon="-2.427729">
      <ele>426.6</ele>
    </trkpt>
    <trkpt lat="42.485698" lon="-2.428126">
      <ele>427.9</ele>
    </trkpt>
    <trkpt lat="42.48552" lon="-2.428673">
      <ele>429.4</ele>
    </trkpt>
    <trkpt lat="42.484986" lon="-2.430924">
      <ele>432.5</ele>
    </trkpt>
    <trkpt lat="42.484824" lon="-2.431431">
      <ele>432.2</ele>
    </trkpt>
    <trkpt lat="42.484573" lon="-2.431823">
      <ele>431.6</ele>
    </trkpt>
    <trkpt lat="42.483943" lon="-2.432627">
      <ele>429.3</ele>
    </trkpt>
    <trkpt lat="42.482615" lon="-2.434043">
      <ele>424.2</ele>
    </trkpt>
    <trkpt lat="42.482375" lon="-2.4343">
      <ele>423.1</ele>
    </trkpt>
    <trkpt lat="42.482208" lon="-2.434426">
      <ele>422.4</ele>
    </trkpt>
    <trkpt lat="42.481538" lon="-2.434833">
      <ele>419.4</ele>
    </trkpt>
    <trkpt lat="42.480147" lon="-2.435507">
      <ele>412.7</ele>
    </trkpt>
    <trkpt lat="42.479723" lon="-2.435799">
      <ele>410.5</ele>
    </trkpt>
    <trkpt lat="42.479033" lon="-2.436271">
      <ele>406.6</ele>
    </trkpt>
    <trkpt lat="42.478611" lon="-2.436621">
      <ele>403.9</ele>
    </trkpt>
    <trkpt lat="42.477833" lon="-2.437205">
      <ele>398</ele>
    </trkpt>
    <trkpt lat="42.477219" lon="-2.437495">
      <ele>391.9</ele>
    </trkpt>
    <trkpt lat="42.477014" lon="-2.437611">
      <ele>389.6</ele>
    </trkpt>
    <trkpt lat="42.476923" lon="-2.437692">
      <ele>388.4</ele>
    </trkpt>
    <trkpt lat="42.4767" lon="-2.43809">
      <ele>384.2</ele>
    </trkpt>
    <trkpt lat="42.476567" lon="-2.43844">
      <ele>380.9</ele>
    </trkpt>
    <trkpt lat="42.476213" lon="-2.439103">
      <ele>374.9</ele>
    </trkpt>
    <trkpt lat="42.476144" lon="-2.439161">
      <ele>374.3</ele>
    </trkpt>
    <trkpt lat="42.475654" lon="-2.439229">
      <ele>371.2</ele>
    </trkpt>
    <trkpt lat="42.475428" lon="-2.439342">
      <ele>370.2</ele>
    </trkpt>
    <trkpt lat="42.475353" lon="-2.439385">
      <ele>369.9</ele>
    </trkpt>
    <trkpt lat="42.475075" lon="-2.439486">
      <ele>369.1</ele>
    </trkpt>
    <trkpt lat="42.474777" lon="-2.43955">
      <ele>368.6</ele>
    </trkpt>
    <trkpt lat="42.474214" lon="-2.439587">
      <ele>368.3</ele>
    </trkpt>
    <trkpt lat="42.47385" lon="-2.439649">
      <ele>368.3</ele>
    </trkpt>
    <trkpt lat="42.473607" lon="-2.439764">
      <ele>368.3</ele>
    </trkpt>
    <trkpt lat="42.473259" lon="-2.440024">
      <ele>368.3</ele>
    </trkpt>
    <trkpt lat="42.47311" lon="-2.440137">
      <ele>368.3</ele>
    </trkpt>
    <trkpt lat="42.472873" lon="-2.440245">
      <ele>368.3</ele>
    </trkpt>
    <trkpt lat="42.47281" lon="-2.440233">
      <ele>368.3</ele>
    </trkpt>
    <trkpt lat="42.472757" lon="-2.4402">
      <ele>368.3</ele>
    </trkpt>
    <trkpt lat="42.472665" lon="-2.440308">
      <ele>368.3</ele>
    </trkpt>
    <trkpt lat="42.472454" lon="-2.440547">
      <ele>368.2</ele>
    </trkpt>
    <trkpt lat="42.471983" lon="-2.44113">
      <ele>367.9</ele>
    </trkpt>
    <trkpt lat="42.471742" lon="-2.441511">
      <ele>367.8</ele>
    </trkpt>
    <trkpt lat="42.471612" lon="-2.44184">
      <ele>367.8</ele>
    </trkpt>
    <trkpt lat="42.471349" lon="-2.442818">
      <ele>368.2</ele>
    </trkpt>
    <trkpt lat="42.471203" lon="-2.443404">
      <ele>369</ele>
    </trkpt>
    <trkpt lat="42.471141" lon="-2.443619">
      <ele>369.2</ele>
    </trkpt>
    <trkpt lat="42.471131" lon="-2.443755">
      <ele>369.1</ele>
    </trkpt>
    <trkpt lat="42.471153" lon="-2.443872">
      <ele>369.1</ele>
    </trkpt>
    <trkpt lat="42.471247" lon="-2.444034">
      <ele>369</ele>
    </trkpt>
    <trkpt lat="42.47133" lon="-2.444147">
      <ele>369</ele>
    </trkpt>
    <trkpt lat="42.47133" lon="-2.444256">
      <ele>369</ele>
    </trkpt>
    <trkpt lat="42.471289" lon="-2.444343">
      <ele>369.1</ele>
    </trkpt>
    <trkpt lat="42.471251" lon="-2.444375">
      <ele>369.1</ele>
    </trkpt>
    <trkpt lat="42.47118" lon="-2.44439">
      <ele>369.1</ele>
    </trkpt>
    <trkpt lat="42.471115" lon="-2.444354">
      <ele>369.1</ele>
    </trkpt>
    <trkpt lat="42.471104" lon="-2.444338">
      <ele>369.2</ele>
    </trkpt>
    <trkpt lat="42.471084" lon="-2.444301">
      <ele>369.2</ele>
    </trkpt>
    <trkpt lat="42.470989" lon="-2.44419">
      <ele>369.3</ele>
    </trkpt>
    <trkpt lat="42.470877" lon="-2.44413">
      <ele>369.4</ele>
    </trkpt>
    <trkpt lat="42.470787" lon="-2.44409">
      <ele>369.5</ele>
    </trkpt>
    <trkpt lat="42.469033" lon="-2.443272">
      <ele>375</ele>
    </trkpt>
    <trkpt lat="42.469011" lon="-2.443262">
      <ele>375.1</ele>
    </trkpt>
    <trkpt lat="42.469004" lon="-2.443286">
      <ele>375.2</ele>
    </trkpt>
    <trkpt lat="42.469027" lon="-2.443295">
      <ele>375.3</ele>
    </trkpt>
    <trkpt lat="42.46908" lon="-2.44332">
      <ele>375.7</ele>
    </trkpt>
    <trkpt lat="42.469027" lon="-2.443295">
      <ele>376</ele>
    </trkpt>
    <trkpt lat="42.469004" lon="-2.443286">
      <ele>376.1</ele>
    </trkpt>
    <trkpt lat="42.469011" lon="-2.443262">
      <ele>376.2</ele>
    </trkpt>
    <trkpt lat="42.468948" lon="-2.44325">
      <ele>376.6</ele>
    </trkpt>
    <trkpt lat="42.468927" lon="-2.443279">
      <ele>376.7</ele>
    </trkpt>
    <trkpt lat="42.468845" lon="-2.443323">
      <ele>377.2</ele>
    </trkpt>
    <trkpt lat="42.468812" lon="-2.443321">
      <ele>377.4</ele>
    </trkpt>
    <trkpt lat="42.46881" lon="-2.443404">
      <ele>377.7</ele>
    </trkpt>
    <trkpt lat="42.468453" lon="-2.444238">
      <ele>380.7</ele>
    </trkpt>
    <trkpt lat="42.468342" lon="-2.444664">
      <ele>381.8</ele>
    </trkpt>
    <trkpt lat="42.468237" lon="-2.445262">
      <ele>383</ele>
    </trkpt>
    <trkpt lat="42.467996" lon="-2.445702">
      <ele>383.7</ele>
    </trkpt>
    <trkpt lat="42.467687" lon="-2.446477">
      <ele>384.2</ele>
    </trkpt>
    <trkpt lat="42.467617" lon="-2.446718">
      <ele>384.5</ele>
    </trkpt>
    <trkpt lat="42.4676" lon="-2.447015">
      <ele>385</ele>
    </trkpt>
    <trkpt lat="42.467595" lon="-2.447087">
      <ele>385.1</ele>
    </trkpt>
    <trkpt lat="42.46762" lon="-2.447177">
      <ele>385.3</ele>
    </trkpt>
    <trkpt lat="42.467641" lon="-2.447234">
      <ele>385.4</ele>
    </trkpt>
    <trkpt lat="42.467647" lon="-2.447249">
      <ele>385.5</ele>
    </trkpt>
    <trkpt lat="42.467653" lon="-2.447266">
      <ele>385.5</ele>
    </trkpt>
    <trkpt lat="42.467666" lon="-2.447624">
      <ele>386.2</ele>
    </trkpt>
    <trkpt lat="42.467547" lon="-2.448068">
      <ele>386.8</ele>
    </trkpt>
    <trkpt lat="42.467478" lon="-2.448256">
      <ele>387</ele>
    </trkpt>
    <trkpt lat="42.467343" lon="-2.448653">
      <ele>387.7</ele>
    </trkpt>
    <trkpt lat="42.467171" lon="-2.449156">
      <ele>388.7</ele>
    </trkpt>
    <trkpt lat="42.46713" lon="-2.44922">
      <ele>388.8</ele>
    </trkpt>
    <trkpt lat="42.467084" lon="-2.449388">
      <ele>389</ele>
    </trkpt>
    <trkpt lat="42.467066" lon="-2.449453">
      <ele>389.1</ele>
    </trkpt>
    <trkpt lat="42.467027" lon="-2.449588">
      <ele>389.2</ele>
    </trkpt>
    <trkpt lat="42.466682" lon="-2.449515">
      <ele>389.9</ele>
    </trkpt>
    <trkpt lat="42.466656" lon="-2.449711">
      <ele>390.2</ele>
    </trkpt>
    <trkpt lat="42.466644" lon="-2.449836">
      <ele>390.4</ele>
    </trkpt>
    <trkpt lat="42.466641" lon="-2.449917">
      <ele>390.6</ele>
    </trkpt>
    <trkpt lat="42.466786" lon="-2.44994">
      <ele>390.9</ele>
    </trkpt>
    <trkpt lat="42.466641" lon="-2.449917">
      <ele>391.3</ele>
    </trkpt>
    <trkpt lat="42.46663" lon="-2.450119">
      <ele>391.6</ele>
    </trkpt>
    <trkpt lat="42.46623" lon="-2.450115">
      <ele>392.2</ele>
    </trkpt>
    <trkpt lat="42.466189" lon="-2.450795">
      <ele>393.7</ele>
    </trkpt>
    <trkpt lat="42.46619" lon="-2.450834">
      <ele>393.8</ele>
    </trkpt>
    <trkpt lat="42.466289" lon="-2.450874">
      <ele>394.2</ele>
    </trkpt>
    <trkpt lat="42.466346" lon="-2.450937">
      <ele>394.5</ele>
    </trkpt>
    <trkpt lat="42.466402" lon="-2.451083">
      <ele>395.1</ele>
    </trkpt>
    <trkpt lat="42.466409" lon="-2.451133">
      <ele>395.2</ele>
    </trkpt>
    <trkpt lat="42.466378" lon="-2.451307">
      <ele>395.7</ele>
    </trkpt>
    <trkpt lat="42.46639" lon="-2.451349">
      <ele>395.8</ele>
    </trkpt>
    <trkpt lat="42.466353" lon="-2.4514">
      <ele>396</ele>
    </trkpt>
    <trkpt lat="42.466222" lon="-2.451473">
      <ele>396.4</ele>
    </trkpt>
    <trkpt lat="42.46608" lon="-2.451503">
      <ele>396.7</ele>
    </trkpt>
    <trkpt lat="42.466063" lon="-2.451548">
      <ele>396.8</ele>
    </trkpt>
    <trkpt lat="42.465783" lon="-2.452656">
      <ele>397.3</ele>
    </trkpt>
    <trkpt lat="42.465573" lon="-2.453533">
      <ele>396.1</ele>
    </trkpt>
    <trkpt lat="42.465498" lon="-2.453789">
      <ele>396</ele>
    </trkpt>
    <trkpt lat="42.465439" lon="-2.453907">
      <ele>395.9</ele>
    </trkpt>
    <trkpt lat="42.465376" lon="-2.454178">
      <ele>395.7</ele>
    </trkpt>
    <trkpt lat="42.465336" lon="-2.454412">
      <ele>395.6</ele>
    </trkpt>
    <trkpt lat="42.465387" lon="-2.45471">
      <ele>395.7</ele>
    </trkpt>
    <trkpt lat="42.465358" lon="-2.454785">
      <ele>395.7</ele>
    </trkpt>
    <trkpt lat="42.465307" lon="-2.454824">
      <ele>395.9</ele>
    </trkpt>
    <trkpt lat="42.465272" lon="-2.454832">
      <ele>395.9</ele>
    </trkpt>
    <trkpt lat="42.465168" lon="-2.455017">
      <ele>396.3</ele>
    </trkpt>
    <trkpt lat="42.465139" lon="-2.455128">
      <ele>396.5</ele>
    </trkpt>
    <trkpt lat="42.465006" lon="-2.455675">
      <ele>397.5</ele>
    </trkpt>
    <trkpt lat="42.464919" lon="-2.456063">
      <ele>397.9</ele>
    </trkpt>
    <trkpt lat="42.464828" lon="-2.456424">
      <ele>397.7</ele>
    </trkpt>
    <trkpt lat="42.464612" lon="-2.457299">
      <ele>396.3</ele>
    </trkpt>
    <trkpt lat="42.464598" lon="-2.457356">
      <ele>396.3</ele>
    </trkpt>
    <trkpt lat="42.464543" lon="-2.457582">
      <ele>395.9</ele>
    </trkpt>
    <trkpt lat="42.464494" lon="-2.457781">
      <ele>395.6</ele>
    </trkpt>
    <trkpt lat="42.46446" lon="-2.457926">
      <ele>395.3</ele>
    </trkpt>
    <trkpt lat="42.464263" lon="-2.458752">
      <ele>394.6</ele>
    </trkpt>
    <trkpt lat="42.464134" lon="-2.459291">
      <ele>393.9</ele>
    </trkpt>
    <trkpt lat="42.464045" lon="-2.459662">
      <ele>393.6</ele>
    </trkpt>
    <trkpt lat="42.46401" lon="-2.459807">
      <ele>393.5</ele>
    </trkpt>
    <trkpt lat="42.463957" lon="-2.460025">
      <ele>393.5</ele>
    </trkpt>
    <trkpt lat="42.463923" lon="-2.460161">
      <ele>393.4</ele>
    </trkpt>
    <trkpt lat="42.463882" lon="-2.460332">
      <ele>393.4</ele>
    </trkpt>
    <trkpt lat="42.463802" lon="-2.460661">
      <ele>393.5</ele>
    </trkpt>
    <trkpt lat="42.463777" lon="-2.460765">
      <ele>393.5</ele>
    </trkpt>
    <trkpt lat="42.46367" lon="-2.461197">
      <ele>393.3</ele>
    </trkpt>
    <trkpt lat="42.463579" lon="-2.461568">
      <ele>393</ele>
    </trkpt>
    <trkpt lat="42.463546" lon="-2.461698">
      <ele>392.9</ele>
    </trkpt>
    <trkpt lat="42.463498" lon="-2.461856">
      <ele>392.9</ele>
    </trkpt>
    <trkpt lat="42.463508" lon="-2.462067">
      <ele>393</ele>
    </trkpt>
    <trkpt lat="42.463544" lon="-2.462141">
      <ele>393</ele>
    </trkpt>
    <trkpt lat="42.46354" lon="-2.462257">
      <ele>393.1</ele>
    </trkpt>
    <trkpt lat="42.463481" lon="-2.46234">
      <ele>393.1</ele>
    </trkpt>
    <trkpt lat="42.463424" lon="-2.462356">
      <ele>393.1</ele>
    </trkpt>
    <trkpt lat="42.463334" lon="-2.462295">
      <ele>393.2</ele>
    </trkpt>
    <trkpt lat="42.463306" lon="-2.462197">
      <ele>393.2</ele>
    </trkpt>
    <trkpt lat="42.463093" lon="-2.462112">
      <ele>393.2</ele>
    </trkpt>
    <trkpt lat="42.46305" lon="-2.462093">
      <ele>393.2</ele>
    </trkpt>
    <trkpt lat="42.463038" lon="-2.462144">
      <ele>393.1</ele>
    </trkpt>
    <trkpt lat="42.462604" lon="-2.461945">
      <ele>392.8</ele>
    </trkpt>
    <trkpt lat="42.462545" lon="-2.461951">
      <ele>392.7</ele>
    </trkpt>
    <trkpt lat="42.462527" lon="-2.461985">
      <ele>392.7</ele>
    </trkpt>
    <trkpt lat="42.462488" lon="-2.46197">
      <ele>392.7</ele>
    </trkpt>
    <trkpt lat="42.462442" lon="-2.461952">
      <ele>392.7</ele>
    </trkpt>
    <trkpt lat="42.462422" lon="-2.46187">
      <ele>392.6</ele>
    </trkpt>
    <trkpt lat="42.462069" lon="-2.46172">
      <ele>392.8</ele>
    </trkpt>
    <trkpt lat="42.461499" lon="-2.461473">
      <ele>393.5</ele>
    </trkpt>
    <trkpt lat="42.461154" lon="-2.461271">
      <ele>394.1</ele>
    </trkpt>
    <trkpt lat="42.461122" lon="-2.461295">
      <ele>394.1</ele>
    </trkpt>
    <trkpt lat="42.461" lon="-2.461415">
      <ele>394.4</ele>
    </trkpt>
    <trkpt lat="42.460829" lon="-2.461742">
      <ele>395</ele>
    </trkpt>
    <trkpt lat="42.460453" lon="-2.461926">
      <ele>396.1</ele>
    </trkpt>
    <trkpt lat="42.460458" lon="-2.462017">
      <ele>396.3</ele>
    </trkpt>
    <trkpt lat="42.460579" lon="-2.46212">
      <ele>396.8</ele>
    </trkpt>
    <trkpt lat="42.460558" lon="-2.462182">
      <ele>397</ele>
    </trkpt>
    <trkpt lat="42.4604" lon="-2.461999">
      <ele>397.6</ele>
    </trkpt>
    <trkpt lat="42.460287" lon="-2.462136">
      <ele>398.1</ele>
    </trkpt>
    <trkpt lat="42.460194" lon="-2.462315">
      <ele>398.7</ele>
    </trkpt>
    <trkpt lat="42.459978" lon="-2.463165">
      <ele>400.8</ele>
    </trkpt>
    <trkpt lat="42.459949" lon="-2.463284">
      <ele>401.1</ele>
    </trkpt>
    <trkpt lat="42.459748" lon="-2.464108">
      <ele>402.6</ele>
    </trkpt>
    <trkpt lat="42.459674" lon="-2.464465">
      <ele>402.9</ele>
    </trkpt>
    <trkpt lat="42.459595" lon="-2.464812">
      <ele>403.3</ele>
    </trkpt>
    <trkpt lat="42.459558" lon="-2.464952">
      <ele>403.4</ele>
    </trkpt>
    <trkpt lat="42.459419" lon="-2.465519">
      <ele>404.2</ele>
    </trkpt>
    <trkpt lat="42.459398" lon="-2.46565">
      <ele>404.4</ele>
    </trkpt>
    <trkpt lat="42.459324" lon="-2.466042">
      <ele>405</ele>
    </trkpt>
    <trkpt lat="42.459298" lon="-2.466175">
      <ele>405.2</ele>
    </trkpt>
    <trkpt lat="42.459288" lon="-2.466207">
      <ele>405.2</ele>
    </trkpt>
    <trkpt lat="42.459229" lon="-2.466466">
      <ele>405.7</ele>
    </trkpt>
    <trkpt lat="42.45914" lon="-2.466788">
      <ele>406.2</ele>
    </trkpt>
    <trkpt lat="42.459131" lon="-2.467122">
      <ele>406.8</ele>
    </trkpt>
    <trkpt lat="42.459118" lon="-2.467641">
      <ele>407.6</ele>
    </trkpt>
    <trkpt lat="42.459093" lon="-2.467778">
      <ele>407.7</ele>
    </trkpt>
    <trkpt lat="42.45903" lon="-2.467877">
      <ele>407.9</ele>
    </trkpt>
    <trkpt lat="42.458773" lon="-2.467985">
      <ele>408.2</ele>
    </trkpt>
    <trkpt lat="42.458407" lon="-2.46801">
      <ele>408.3</ele>
    </trkpt>
    <trkpt lat="42.458276" lon="-2.468061">
      <ele>408.4</ele>
    </trkpt>
    <trkpt lat="42.45824" lon="-2.468121">
      <ele>408.4</ele>
    </trkpt>
    <trkpt lat="42.458226" lon="-2.468201">
      <ele>408.4</ele>
    </trkpt>
    <trkpt lat="42.458326" lon="-2.469403">
      <ele>408.3</ele>
    </trkpt>
    <trkpt lat="42.458319" lon="-2.470042">
      <ele>408.3</ele>
    </trkpt>
    <trkpt lat="42.458281" lon="-2.470244">
      <ele>408.2</ele>
    </trkpt>
    <trkpt lat="42.458215" lon="-2.470472">
      <ele>408.2</ele>
    </trkpt>
    <trkpt lat="42.458132" lon="-2.47066">
      <ele>408.1</ele>
    </trkpt>
    <trkpt lat="42.457942" lon="-2.470973">
      <ele>407.9</ele>
    </trkpt>
    <trkpt lat="42.457785" lon="-2.471363">
      <ele>407.6</ele>
    </trkpt>
    <trkpt lat="42.457623" lon="-2.47185">
      <ele>407.3</ele>
    </trkpt>
    <trkpt lat="42.457517" lon="-2.472032">
      <ele>407.2</ele>
    </trkpt>
    <trkpt lat="42.457479" lon="-2.47202">
      <ele>407.3</ele>
    </trkpt>
    <trkpt lat="42.457436" lon="-2.472039">
      <ele>407.3</ele>
    </trkpt>
    <trkpt lat="42.45736" lon="-2.472318">
      <ele>407.4</ele>
    </trkpt>
    <trkpt lat="42.457295" lon="-2.472288">
      <ele>407.4</ele>
    </trkpt>
    <trkpt lat="42.457238" lon="-2.472262">
      <ele>407.4</ele>
    </trkpt>
    <trkpt lat="42.457065" lon="-2.472352">
      <ele>407.4</ele>
    </trkpt>
    <trkpt lat="42.456993" lon="-2.472322">
      <ele>407.4</ele>
    </trkpt>
    <trkpt lat="42.45696" lon="-2.472308">
      <ele>407.5</ele>
    </trkpt>
    <trkpt lat="42.456885" lon="-2.472551">
      <ele>407.6</ele>
    </trkpt>
    <trkpt lat="42.45686" lon="-2.472636">
      <ele>407.6</ele>
    </trkpt>
    <trkpt lat="42.456809" lon="-2.472851">
      <ele>407.8</ele>
    </trkpt>
    <trkpt lat="42.456837" lon="-2.472969">
      <ele>407.9</ele>
    </trkpt>
    <trkpt lat="42.456767" lon="-2.473004">
      <ele>408</ele>
    </trkpt>
    <trkpt lat="42.456614" lon="-2.473245">
      <ele>408.2</ele>
    </trkpt>
    <trkpt lat="42.456511" lon="-2.473542">
      <ele>408.5</ele>
    </trkpt>
    <trkpt lat="42.456475" lon="-2.473699">
      <ele>408.7</ele>
    </trkpt>
    <trkpt lat="42.456429" lon="-2.474112">
      <ele>408.9</ele>
    </trkpt>
    <trkpt lat="42.456395" lon="-2.474703">
      <ele>408.8</ele>
    </trkpt>
    <trkpt lat="42.456361" lon="-2.474858">
      <ele>408.8</ele>
    </trkpt>
    <trkpt lat="42.456235" lon="-2.475211">
      <ele>408.9</ele>
    </trkpt>
    <trkpt lat="42.456106" lon="-2.475512">
      <ele>409</ele>
    </trkpt>
    <trkpt lat="42.456049" lon="-2.475999">
      <ele>409.1</ele>
    </trkpt>
    <trkpt lat="42.455919" lon="-2.476813">
      <ele>408.7</ele>
    </trkpt>
    <trkpt lat="42.455792" lon="-2.477308">
      <ele>408.5</ele>
    </trkpt>
    <trkpt lat="42.45574" lon="-2.477445">
      <ele>408.4</ele>
    </trkpt>
    <trkpt lat="42.455675" lon="-2.477453">
      <ele>408.4</ele>
    </trkpt>
    <trkpt lat="42.455419" lon="-2.477405">
      <ele>408.2</ele>
    </trkpt>
    <trkpt lat="42.455333" lon="-2.477447">
      <ele>408.2</ele>
    </trkpt>
    <trkpt lat="42.455307" lon="-2.477501">
      <ele>408.2</ele>
    </trkpt>
    <trkpt lat="42.455224" lon="-2.477703">
      <ele>408.1</ele>
    </trkpt>
    <trkpt lat="42.454978" lon="-2.479085">
      <ele>408.1</ele>
    </trkpt>
    <trkpt lat="42.454941" lon="-2.479493">
      <ele>408.3</ele>
    </trkpt>
    <trkpt lat="42.454909" lon="-2.47961">
      <ele>408.4</ele>
    </trkpt>
    <trkpt lat="42.45477" lon="-2.47988">
      <ele>408.6</ele>
    </trkpt>
    <trkpt lat="42.454155" lon="-2.481156">
      <ele>409</ele>
    </trkpt>
    <trkpt lat="42.453822" lon="-2.481997">
      <ele>409.3</ele>
    </trkpt>
    <trkpt lat="42.453446" lon="-2.48316">
      <ele>409.7</ele>
    </trkpt>
    <trkpt lat="42.453092" lon="-2.485402">
      <ele>410.7</ele>
    </trkpt>
    <trkpt lat="42.452965" lon="-2.486745">
      <ele>411.6</ele>
    </trkpt>
    <trkpt lat="42.452921" lon="-2.486931">
      <ele>411.7</ele>
    </trkpt>
    <trkpt lat="42.452304" lon="-2.488426">
      <ele>413.1</ele>
    </trkpt>
    <trkpt lat="42.451635" lon="-2.490167">
      <ele>414.7</ele>
    </trkpt>
    <trkpt lat="42.451384" lon="-2.491222">
      <ele>415.6</ele>
    </trkpt>
    <trkpt lat="42.451279" lon="-2.49159">
      <ele>416</ele>
    </trkpt>
    <trkpt lat="42.451014" lon="-2.49252">
      <ele>417</ele>
    </trkpt>
    <trkpt lat="42.450826" lon="-2.493305">
      <ele>418.1</ele>
    </trkpt>
    <trkpt lat="42.450542" lon="-2.494207">
      <ele>419.6</ele>
    </trkpt>
    <trkpt lat="42.450167" lon="-2.494529">
      <ele>420.6</ele>
    </trkpt>
    <trkpt lat="42.450048" lon="-2.494701">
      <ele>421</ele>
    </trkpt>
    <trkpt lat="42.449925" lon="-2.494995">
      <ele>421.6</ele>
    </trkpt>
    <trkpt lat="42.449894" lon="-2.495143">
      <ele>421.9</ele>
    </trkpt>
    <trkpt lat="42.449917" lon="-2.496197">
      <ele>423.9</ele>
    </trkpt>
    <trkpt lat="42.44986" lon="-2.496608">
      <ele>424.7</ele>
    </trkpt>
    <trkpt lat="42.449838" lon="-2.4974">
      <ele>426.4</ele>
    </trkpt>
    <trkpt lat="42.449814" lon="-2.497578">
      <ele>426.7</ele>
    </trkpt>
    <trkpt lat="42.449719" lon="-2.497763">
      <ele>427.1</ele>
    </trkpt>
    <trkpt lat="42.449714" lon="-2.497844">
      <ele>427.3</ele>
    </trkpt>
    <trkpt lat="42.449445" lon="-2.498053">
      <ele>427.9</ele>
    </trkpt>
    <trkpt lat="42.449238" lon="-2.49823">
      <ele>428.3</ele>
    </trkpt>
    <trkpt lat="42.448886" lon="-2.498211">
      <ele>428.7</ele>
    </trkpt>
    <trkpt lat="42.448788" lon="-2.498272">
      <ele>428.8</ele>
    </trkpt>
    <trkpt lat="42.448769" lon="-2.498333">
      <ele>428.8</ele>
    </trkpt>
    <trkpt lat="42.448766" lon="-2.498604">
      <ele>428.8</ele>
    </trkpt>
    <trkpt lat="42.448676" lon="-2.498807">
      <ele>428.8</ele>
    </trkpt>
    <trkpt lat="42.44858" lon="-2.498969">
      <ele>428.9</ele>
    </trkpt>
    <trkpt lat="42.448378" lon="-2.499116">
      <ele>429.2</ele>
    </trkpt>
    <trkpt lat="42.448303" lon="-2.499213">
      <ele>429.3</ele>
    </trkpt>
    <trkpt lat="42.448184" lon="-2.499628">
      <ele>429.9</ele>
    </trkpt>
    <trkpt lat="42.448104" lon="-2.499777">
      <ele>430.2</ele>
    </trkpt>
    <trkpt lat="42.447988" lon="-2.499875">
      <ele>430.5</ele>
    </trkpt>
    <trkpt lat="42.447865" lon="-2.499917">
      <ele>430.8</ele>
    </trkpt>
    <trkpt lat="42.447796" lon="-2.499897">
      <ele>431</ele>
    </trkpt>
    <trkpt lat="42.447687" lon="-2.499853">
      <ele>431.2</ele>
    </trkpt>
    <trkpt lat="42.447636" lon="-2.499896">
      <ele>431.4</ele>
    </trkpt>
    <trkpt lat="42.447411" lon="-2.500304">
      <ele>432.3</ele>
    </trkpt>
    <trkpt lat="42.447283" lon="-2.500396">
      <ele>432.7</ele>
    </trkpt>
    <trkpt lat="42.44716" lon="-2.500534">
      <ele>433.2</ele>
    </trkpt>
    <trkpt lat="42.447125" lon="-2.500631">
      <ele>433.4</ele>
    </trkpt>
    <trkpt lat="42.448146" lon="-2.503498">
      <ele>435.4</ele>
    </trkpt>
    <trkpt lat="42.448142" lon="-2.503713">
      <ele>435.7</ele>
    </trkpt>
    <trkpt lat="42.448077" lon="-2.503825">
      <ele>436</ele>
    </trkpt>
    <trkpt lat="42.447966" lon="-2.5039">
      <ele>436.3</ele>
    </trkpt>
    <trkpt lat="42.447763" lon="-2.5038">
      <ele>436.9</ele>
    </trkpt>
    <trkpt lat="42.447599" lon="-2.503778">
      <ele>437.3</ele>
    </trkpt>
    <trkpt lat="42.447523" lon="-2.503797">
      <ele>437.5</ele>
    </trkpt>
    <trkpt lat="42.447415" lon="-2.503882">
      <ele>437.8</ele>
    </trkpt>
    <trkpt lat="42.447302" lon="-2.503901">
      <ele>438</ele>
    </trkpt>
    <trkpt lat="42.447282" lon="-2.503916">
      <ele>438</ele>
    </trkpt>
    <trkpt lat="42.44729" lon="-2.504004">
      <ele>438.1</ele>
    </trkpt>
    <trkpt lat="42.447259" lon="-2.504147">
      <ele>438.3</ele>
    </trkpt>
    <trkpt lat="42.447268" lon="-2.50427">
      <ele>438.3</ele>
    </trkpt>
    <trkpt lat="42.447204" lon="-2.504371">
      <ele>438.4</ele>
    </trkpt>
    <trkpt lat="42.447206" lon="-2.50451">
      <ele>438.4</ele>
    </trkpt>
    <trkpt lat="42.447154" lon="-2.504823">
      <ele>438.4</ele>
    </trkpt>
    <trkpt lat="42.447034" lon="-2.505041">
      <ele>438.5</ele>
    </trkpt>
    <trkpt lat="42.446873" lon="-2.505143">
      <ele>438.4</ele>
    </trkpt>
    <trkpt lat="42.446756" lon="-2.505277">
      <ele>438.3</ele>
    </trkpt>
    <trkpt lat="42.446694" lon="-2.505808">
      <ele>437.8</ele>
    </trkpt>
    <trkpt lat="42.446729" lon="-2.506413">
      <ele>437.2</ele>
    </trkpt>
    <trkpt lat="42.446724" lon="-2.506577">
      <ele>437.1</ele>
    </trkpt>
    <trkpt lat="42.447098" lon="-2.507778">
      <ele>437.7</ele>
    </trkpt>
    <trkpt lat="42.447121" lon="-2.508043">
      <ele>437.9</ele>
    </trkpt>
    <trkpt lat="42.447033" lon="-2.508516">
      <ele>438.3</ele>
    </trkpt>
    <trkpt lat="42.446985" lon="-2.508644">
      <ele>438.4</ele>
    </trkpt>
    <trkpt lat="42.446755" lon="-2.509108">
      <ele>439</ele>
    </trkpt>
    <trkpt lat="42.44656" lon="-2.509428">
      <ele>439.4</ele>
    </trkpt>
    <trkpt lat="42.44636" lon="-2.509972">
      <ele>440</ele>
    </trkpt>
    <trkpt lat="42.44616" lon="-2.510373">
      <ele>440.4</ele>
    </trkpt>
    <trkpt lat="42.446001" lon="-2.510851">
      <ele>440.8</ele>
    </trkpt>
    <trkpt lat="42.445661" lon="-2.511304">
      <ele>441.1</ele>
    </trkpt>
    <trkpt lat="42.445328" lon="-2.512125">
      <ele>441.3</ele>
    </trkpt>
    <trkpt lat="42.445027" lon="-2.512702">
      <ele>441.6</ele>
    </trkpt>
    <trkpt lat="42.444965" lon="-2.512863">
      <ele>441.6</ele>
    </trkpt>
    <trkpt lat="42.444913" lon="-2.513108">
      <ele>441.7</ele>
    </trkpt>
    <trkpt lat="42.444792" lon="-2.513285">
      <ele>441.7</ele>
    </trkpt>
    <trkpt lat="42.444612" lon="-2.513377">
      <ele>441.7</ele>
    </trkpt>
    <trkpt lat="42.444512" lon="-2.513383">
      <ele>441.7</ele>
    </trkpt>
    <trkpt lat="42.444459" lon="-2.513331">
      <ele>441.7</ele>
    </trkpt>
    <trkpt lat="42.444408" lon="-2.513228">
      <ele>441.7</ele>
    </trkpt>
    <trkpt lat="42.444309" lon="-2.512803">
      <ele>441.6</ele>
    </trkpt>
    <trkpt lat="42.444122" lon="-2.512186">
      <ele>441.4</ele>
    </trkpt>
    <trkpt lat="42.444008" lon="-2.512099">
      <ele>441.3</ele>
    </trkpt>
    <trkpt lat="42.443929" lon="-2.512093">
      <ele>441.3</ele>
    </trkpt>
    <trkpt lat="42.443657" lon="-2.512514">
      <ele>441.3</ele>
    </trkpt>
    <trkpt lat="42.443322" lon="-2.513149">
      <ele>441.8</ele>
    </trkpt>
    <trkpt lat="42.443246" lon="-2.513202">
      <ele>441.9</ele>
    </trkpt>
    <trkpt lat="42.442768" lon="-2.513283">
      <ele>442.5</ele>
    </trkpt>
    <trkpt lat="42.442675" lon="-2.513267">
      <ele>442.6</ele>
    </trkpt>
    <trkpt lat="42.442328" lon="-2.513208">
      <ele>442.9</ele>
    </trkpt>
    <trkpt lat="42.442166" lon="-2.513206">
      <ele>443.1</ele>
    </trkpt>
    <trkpt lat="42.442008" lon="-2.513247">
      <ele>443.2</ele>
    </trkpt>
    <trkpt lat="42.441751" lon="-2.513387">
      <ele>443.5</ele>
    </trkpt>
    <trkpt lat="42.441523" lon="-2.513389">
      <ele>443.7</ele>
    </trkpt>
    <trkpt lat="42.441369" lon="-2.513366">
      <ele>443.8</ele>
    </trkpt>
    <trkpt lat="42.441315" lon="-2.513735">
      <ele>444.2</ele>
    </trkpt>
    <trkpt lat="42.441408" lon="-2.51398">
      <ele>444.4</ele>
    </trkpt>
    <trkpt lat="42.44156" lon="-2.514623">
      <ele>445</ele>
    </trkpt>
    <trkpt lat="42.441559" lon="-2.514646">
      <ele>445</ele>
    </trkpt>
    <trkpt lat="42.441556" lon="-2.51473">
      <ele>445.1</ele>
    </trkpt>
    <trkpt lat="42.44153" lon="-2.514796">
      <ele>445.2</ele>
    </trkpt>
    <trkpt lat="42.440607" lon="-2.514816">
      <ele>446.3</ele>
    </trkpt>
    <trkpt lat="42.439975" lon="-2.514906">
      <ele>447.1</ele>
    </trkpt>
    <trkpt lat="42.439791" lon="-2.514949">
      <ele>447.5</ele>
    </trkpt>
    <trkpt lat="42.439585" lon="-2.515063">
      <ele>448.1</ele>
    </trkpt>
    <trkpt lat="42.439333" lon="-2.515266">
      <ele>448.9</ele>
    </trkpt>
    <trkpt lat="42.4392" lon="-2.515318">
      <ele>449.3</ele>
    </trkpt>
    <trkpt lat="42.439086" lon="-2.515323">
      <ele>449.7</ele>
    </trkpt>
    <trkpt lat="42.438948" lon="-2.515295">
      <ele>450.2</ele>
    </trkpt>
    <trkpt lat="42.438827" lon="-2.515213">
      <ele>450.6</ele>
    </trkpt>
    <trkpt lat="42.438395" lon="-2.514689">
      <ele>452.8</ele>
    </trkpt>
    <trkpt lat="42.437916" lon="-2.514388">
      <ele>455.5</ele>
    </trkpt>
    <trkpt lat="42.437808" lon="-2.514372">
      <ele>456.2</ele>
    </trkpt>
    <trkpt lat="42.437744" lon="-2.514417">
      <ele>456.6</ele>
    </trkpt>
    <trkpt lat="42.4375" lon="-2.514922">
      <ele>460</ele>
    </trkpt>
    <trkpt lat="42.437329" lon="-2.515307">
      <ele>463</ele>
    </trkpt>
    <trkpt lat="42.437194" lon="-2.515489">
      <ele>465</ele>
    </trkpt>
    <trkpt lat="42.436789" lon="-2.515825">
      <ele>470.5</ele>
    </trkpt>
    <trkpt lat="42.436584" lon="-2.51615">
      <ele>473.8</ele>
    </trkpt>
    <trkpt lat="42.436542" lon="-2.516265">
      <ele>474.7</ele>
    </trkpt>
    <trkpt lat="42.436547" lon="-2.516337">
      <ele>475.2</ele>
    </trkpt>
    <trkpt lat="42.436749" lon="-2.516617">
      <ele>477.7</ele>
    </trkpt>
    <trkpt lat="42.436815" lon="-2.516746">
      <ele>478.5</ele>
    </trkpt>
    <trkpt lat="42.437261" lon="-2.517339">
      <ele>482.2</ele>
    </trkpt>
    <trkpt lat="42.437613" lon="-2.517876">
      <ele>484.3</ele>
    </trkpt>
    <trkpt lat="42.437815" lon="-2.518434">
      <ele>486</ele>
    </trkpt>
    <trkpt lat="42.438001" lon="-2.519042">
      <ele>488.4</ele>
    </trkpt>
    <trkpt lat="42.438297" lon="-2.519639">
      <ele>491.4</ele>
    </trkpt>
    <trkpt lat="42.438481" lon="-2.519887">
      <ele>493</ele>
    </trkpt>
    <trkpt lat="42.438583" lon="-2.520075">
      <ele>494.1</ele>
    </trkpt>
    <trkpt lat="42.438882" lon="-2.520851">
      <ele>498.6</ele>
    </trkpt>
    <trkpt lat="42.439141" lon="-2.52127">
      <ele>501.3</ele>
    </trkpt>
    <trkpt lat="42.439299" lon="-2.52182">
      <ele>504.1</ele>
    </trkpt>
    <trkpt lat="42.43949" lon="-2.522483">
      <ele>507.6</ele>
    </trkpt>
    <trkpt lat="42.439638" lon="-2.522829">
      <ele>509.5</ele>
    </trkpt>
    <trkpt lat="42.439739" lon="-2.522981">
      <ele>510.4</ele>
    </trkpt>
    <trkpt lat="42.439864" lon="-2.523168">
      <ele>511.4</ele>
    </trkpt>
    <trkpt lat="42.440035" lon="-2.523585">
      <ele>513</ele>
    </trkpt>
    <trkpt lat="42.440094" lon="-2.523912">
      <ele>514</ele>
    </trkpt>
    <trkpt lat="42.44007" lon="-2.524029">
      <ele>514.4</ele>
    </trkpt>
    <trkpt lat="42.439937" lon="-2.524755">
      <ele>516.3</ele>
    </trkpt>
    <trkpt lat="42.439907" lon="-2.524977">
      <ele>516.8</ele>
    </trkpt>
    <trkpt lat="42.439791" lon="-2.526616">
      <ele>516.5</ele>
    </trkpt>
    <trkpt lat="42.439783" lon="-2.526741">
      <ele>516.3</ele>
    </trkpt>
    <trkpt lat="42.439772" lon="-2.527191">
      <ele>515.4</ele>
    </trkpt>
    <trkpt lat="42.439712" lon="-2.527795">
      <ele>513.7</ele>
    </trkpt>
    <trkpt lat="42.439572" lon="-2.528731">
      <ele>510.8</ele>
    </trkpt>
    <trkpt lat="42.439566" lon="-2.528964">
      <ele>510.2</ele>
    </trkpt>
    <trkpt lat="42.43955" lon="-2.529125">
      <ele>509.9</ele>
    </trkpt>
    <trkpt lat="42.43936" lon="-2.530056">
      <ele>508.2</ele>
    </trkpt>
    <trkpt lat="42.439217" lon="-2.530874">
      <ele>506.6</ele>
    </trkpt>
    <trkpt lat="42.439094" lon="-2.531366">
      <ele>505.6</ele>
    </trkpt>
    <trkpt lat="42.438916" lon="-2.531922">
      <ele>504.3</ele>
    </trkpt>
    <trkpt lat="42.438861" lon="-2.532231">
      <ele>503.7</ele>
    </trkpt>
    <trkpt lat="42.43878" lon="-2.533424">
      <ele>501.7</ele>
    </trkpt>
    <trkpt lat="42.438626" lon="-2.534338">
      <ele>500.8</ele>
    </trkpt>
    <trkpt lat="42.438605" lon="-2.534661">
      <ele>500.4</ele>
    </trkpt>
    <trkpt lat="42.438518" lon="-2.535305">
      <ele>499.3</ele>
    </trkpt>
    <trkpt lat="42.438463" lon="-2.535587">
      <ele>498.7</ele>
    </trkpt>
    <trkpt lat="42.438251" lon="-2.536171">
      <ele>497.5</ele>
    </trkpt>
    <trkpt lat="42.438044" lon="-2.536833">
      <ele>496.6</ele>
    </trkpt>
    <trkpt lat="42.437945" lon="-2.537153">
      <ele>496.3</ele>
    </trkpt>
    <trkpt lat="42.437836" lon="-2.537602">
      <ele>495.9</ele>
    </trkpt>
    <trkpt lat="42.437796" lon="-2.537796">
      <ele>495.8</ele>
    </trkpt>
    <trkpt lat="42.437638" lon="-2.538825">
      <ele>494.8</ele>
    </trkpt>
    <trkpt lat="42.437596" lon="-2.538996">
      <ele>494.5</ele>
    </trkpt>
    <trkpt lat="42.437415" lon="-2.539459">
      <ele>493.3</ele>
    </trkpt>
    <trkpt lat="42.437336" lon="-2.539613">
      <ele>492.8</ele>
    </trkpt>
    <trkpt lat="42.436941" lon="-2.540358">
      <ele>489.2</ele>
    </trkpt>
    <trkpt lat="42.436733" lon="-2.540827">
      <ele>486.7</ele>
    </trkpt>
    <trkpt lat="42.436668" lon="-2.541092">
      <ele>485.3</ele>
    </trkpt>
    <trkpt lat="42.436623" lon="-2.541557">
      <ele>483</ele>
    </trkpt>
    <trkpt lat="42.436602" lon="-2.541774">
      <ele>481.9</ele>
    </trkpt>
    <trkpt lat="42.436427" lon="-2.542481">
      <ele>478.6</ele>
    </trkpt>
    <trkpt lat="42.436326" lon="-2.542873">
      <ele>477</ele>
    </trkpt>
    <trkpt lat="42.436052" lon="-2.545206">
      <ele>471.3</ele>
    </trkpt>
    <trkpt lat="42.435832" lon="-2.546416">
      <ele>469.6</ele>
    </trkpt>
    <trkpt lat="42.435682" lon="-2.547529">
      <ele>468.4</ele>
    </trkpt>
    <trkpt lat="42.435587" lon="-2.547928">
      <ele>467.9</ele>
    </trkpt>
    <trkpt lat="42.435547" lon="-2.548093">
      <ele>467.8</ele>
    </trkpt>
    <trkpt lat="42.43555" lon="-2.548354">
      <ele>467.5</ele>
    </trkpt>
    <trkpt lat="42.435585" lon="-2.548559">
      <ele>467.3</ele>
    </trkpt>
    <trkpt lat="42.435674" lon="-2.548972">
      <ele>467</ele>
    </trkpt>
    <trkpt lat="42.435917" lon="-2.549499">
      <ele>466.7</ele>
    </trkpt>
    <trkpt lat="42.435918" lon="-2.549674">
      <ele>466.7</ele>
    </trkpt>
    <trkpt lat="42.43589" lon="-2.549765">
      <ele>466.7</ele>
    </trkpt>
    <trkpt lat="42.435422" lon="-2.550361">
      <ele>466.7</ele>
    </trkpt>
    <trkpt lat="42.435055" lon="-2.550815">
      <ele>466.7</ele>
    </trkpt>
    <trkpt lat="42.434992" lon="-2.550926">
      <ele>466.7</ele>
    </trkpt>
    <trkpt lat="42.434953" lon="-2.551064">
      <ele>466.7</ele>
    </trkpt>
    <trkpt lat="42.434992" lon="-2.550926">
      <ele>466.7</ele>
    </trkpt>
    <trkpt lat="42.435055" lon="-2.550815">
      <ele>466.7</ele>
    </trkpt>
    <trkpt lat="42.435422" lon="-2.550361">
      <ele>466.7</ele>
    </trkpt>
    <trkpt lat="42.43589" lon="-2.549765">
      <ele>466.7</ele>
    </trkpt>
    <trkpt lat="42.435918" lon="-2.549674">
      <ele>466.7</ele>
    </trkpt>
    <trkpt lat="42.435917" lon="-2.549499">
      <ele>466.7</ele>
    </trkpt>
    <trkpt lat="42.435674" lon="-2.548972">
      <ele>467</ele>
    </trkpt>
    <trkpt lat="42.435585" lon="-2.548559">
      <ele>467.3</ele>
    </trkpt>
    <trkpt lat="42.43555" lon="-2.548354">
      <ele>467.5</ele>
    </trkpt>
    <trkpt lat="42.435547" lon="-2.548093">
      <ele>467.8</ele>
    </trkpt>
    <trkpt lat="42.435587" lon="-2.547928">
      <ele>467.9</ele>
    </trkpt>
    <trkpt lat="42.435682" lon="-2.547529">
      <ele>468.4</ele>
    </trkpt>
    <trkpt lat="42.435832" lon="-2.546416">
      <ele>469.6</ele>
    </trkpt>
    <trkpt lat="42.436052" lon="-2.545206">
      <ele>471.3</ele>
    </trkpt>
    <trkpt lat="42.436326" lon="-2.542873">
      <ele>477</ele>
    </trkpt>
    <trkpt lat="42.436427" lon="-2.542481">
      <ele>478.6</ele>
    </trkpt>
    <trkpt lat="42.436602" lon="-2.541774">
      <ele>481.9</ele>
    </trkpt>
    <trkpt lat="42.436623" lon="-2.541557">
      <ele>483</ele>
    </trkpt>
    <trkpt lat="42.436668" lon="-2.541092">
      <ele>485.3</ele>
    </trkpt>
    <trkpt lat="42.436733" lon="-2.540827">
      <ele>486.7</ele>
    </trkpt>
    <trkpt lat="42.436941" lon="-2.540358">
      <ele>489.2</ele>
    </trkpt>
    <trkpt lat="42.437336" lon="-2.539613">
      <ele>492.8</ele>
    </trkpt>
    <trkpt lat="42.437415" lon="-2.539459">
      <ele>493.3</ele>
    </trkpt>
    <trkpt lat="42.437596" lon="-2.538996">
      <ele>494.5</ele>
    </trkpt>
    <trkpt lat="42.437638" lon="-2.538825">
      <ele>494.8</ele>
    </trkpt>
    <trkpt lat="42.437796" lon="-2.537796">
      <ele>495.8</ele>
    </trkpt>
    <trkpt lat="42.437836" lon="-2.537602">
      <ele>495.9</ele>
    </trkpt>
    <trkpt lat="42.437945" lon="-2.537153">
      <ele>496.3</ele>
    </trkpt>
    <trkpt lat="42.438044" lon="-2.536833">
      <ele>496.6</ele>
    </trkpt>
    <trkpt lat="42.438251" lon="-2.536171">
      <ele>497.5</ele>
    </trkpt>
    <trkpt lat="42.438463" lon="-2.535587">
      <ele>498.7</ele>
    </trkpt>
    <trkpt lat="42.438518" lon="-2.535305">
      <ele>499.3</ele>
    </trkpt>
    <trkpt lat="42.438605" lon="-2.534661">
      <ele>500.4</ele>
    </trkpt>
    <trkpt lat="42.438626" lon="-2.534338">
      <ele>500.8</ele>
    </trkpt>
    <trkpt lat="42.43878" lon="-2.533424">
      <ele>501.7</ele>
    </trkpt>
    <trkpt lat="42.438861" lon="-2.532231">
      <ele>503.7</ele>
    </trkpt>
    <trkpt lat="42.438916" lon="-2.531922">
      <ele>504.3</ele>
    </trkpt>
    <trkpt lat="42.439094" lon="-2.531366">
      <ele>505.6</ele>
    </trkpt>
    <trkpt lat="42.439217" lon="-2.530874">
      <ele>506.6</ele>
    </trkpt>
    <trkpt lat="42.43936" lon="-2.530056">
      <ele>508.2</ele>
    </trkpt>
    <trkpt lat="42.43955" lon="-2.529125">
      <ele>509.9</ele>
    </trkpt>
    <trkpt lat="42.439566" lon="-2.528964">
      <ele>510.2</ele>
    </trkpt>
    <trkpt lat="42.439572" lon="-2.528731">
      <ele>510.8</ele>
    </trkpt>
    <trkpt lat="42.439712" lon="-2.527795">
      <ele>513.7</ele>
    </trkpt>
    <trkpt lat="42.439772" lon="-2.527191">
      <ele>515.4</ele>
    </trkpt>
    <trkpt lat="42.439783" lon="-2.526741">
      <ele>516.3</ele>
    </trkpt>
    <trkpt lat="42.439791" lon="-2.526616">
      <ele>516.5</ele>
    </trkpt>
    <trkpt lat="42.439907" lon="-2.524977">
      <ele>516.8</ele>
    </trkpt>
    <trkpt lat="42.439937" lon="-2.524755">
      <ele>516.3</ele>
    </trkpt>
    <trkpt lat="42.44007" lon="-2.524029">
      <ele>514.4</ele>
    </trkpt>
    <trkpt lat="42.440094" lon="-2.523912">
      <ele>514</ele>
    </trkpt>
    <trkpt lat="42.440035" lon="-2.523585">
      <ele>513</ele>
    </trkpt>
    <trkpt lat="42.439864" lon="-2.523168">
      <ele>511.4</ele>
    </trkpt>
    <trkpt lat="42.439739" lon="-2.522981">
      <ele>510.4</ele>
    </trkpt>
    <trkpt lat="42.439638" lon="-2.522829">
      <ele>509.5</ele>
    </trkpt>
    <trkpt lat="42.43949" lon="-2.522483">
      <ele>507.6</ele>
    </trkpt>
    <trkpt lat="42.439299" lon="-2.52182">
      <ele>504.1</ele>
    </trkpt>
    <trkpt lat="42.439141" lon="-2.52127">
      <ele>501.3</ele>
    </trkpt>
    <trkpt lat="42.438882" lon="-2.520851">
      <ele>498.6</ele>
    </trkpt>
    <trkpt lat="42.438583" lon="-2.520075">
      <ele>494.1</ele>
    </trkpt>
    <trkpt lat="42.438481" lon="-2.519887">
      <ele>493</ele>
    </trkpt>
    <trkpt lat="42.438297" lon="-2.519639">
      <ele>491.4</ele>
    </trkpt>
    <trkpt lat="42.438001" lon="-2.519042">
      <ele>488.4</ele>
    </trkpt>
    <trkpt lat="42.437815" lon="-2.518434">
      <ele>486</ele>
    </trkpt>
    <trkpt lat="42.437613" lon="-2.517876">
      <ele>484.3</ele>
    </trkpt>
    <trkpt lat="42.437261" lon="-2.517339">
      <ele>482.2</ele>
    </trkpt>
    <trkpt lat="42.436815" lon="-2.516746">
      <ele>478.5</ele>
    </trkpt>
    <trkpt lat="42.436749" lon="-2.516617">
      <ele>477.7</ele>
    </trkpt>
    <trkpt lat="42.436547" lon="-2.516337">
      <ele>475.2</ele>
    </trkpt>
    <trkpt lat="42.436542" lon="-2.516265">
      <ele>474.7</ele>
    </trkpt>
    <trkpt lat="42.436584" lon="-2.51615">
      <ele>473.8</ele>
    </trkpt>
    <trkpt lat="42.436789" lon="-2.515825">
      <ele>470.5</ele>
    </trkpt>
    <trkpt lat="42.437194" lon="-2.515489">
      <ele>465</ele>
    </trkpt>
    <trkpt lat="42.437329" lon="-2.515307">
      <ele>463</ele>
    </trkpt>
    <trkpt lat="42.4375" lon="-2.514922">
      <ele>460</ele>
    </trkpt>
    <trkpt lat="42.437744" lon="-2.514417">
      <ele>456.6</ele>
    </trkpt>
    <trkpt lat="42.437808" lon="-2.514372">
      <ele>456.2</ele>
    </trkpt>
    <trkpt lat="42.437916" lon="-2.514388">
      <ele>455.5</ele>
    </trkpt>
    <trkpt lat="42.438395" lon="-2.514689">
      <ele>452.8</ele>
    </trkpt>
    <trkpt lat="42.438827" lon="-2.515213">
      <ele>450.6</ele>
    </trkpt>
    <trkpt lat="42.438948" lon="-2.515295">
      <ele>450.2</ele>
    </trkpt>
    <trkpt lat="42.439086" lon="-2.515323">
      <ele>449.7</ele>
    </trkpt>
    <trkpt lat="42.4392" lon="-2.515318">
      <ele>449.3</ele>
    </trkpt>
    <trkpt lat="42.439333" lon="-2.515266">
      <ele>448.9</ele>
    </trkpt>
    <trkpt lat="42.439585" lon="-2.515063">
      <ele>448.1</ele>
    </trkpt>
    <trkpt lat="42.439791" lon="-2.514949">
      <ele>447.5</ele>
    </trkpt>
    <trkpt lat="42.439975" lon="-2.514906">
      <ele>447.1</ele>
    </trkpt>
    <trkpt lat="42.440607" lon="-2.514816">
      <ele>446.3</ele>
    </trkpt>
    <trkpt lat="42.44153" lon="-2.514796">
      <ele>445.2</ele>
    </trkpt>
    <trkpt lat="42.441556" lon="-2.51473">
      <ele>445.1</ele>
    </trkpt>
    <trkpt lat="42.441559" lon="-2.514646">
      <ele>445</ele>
    </trkpt>
    <trkpt lat="42.44156" lon="-2.514623">
      <ele>445</ele>
    </trkpt>
    <trkpt lat="42.441408" lon="-2.51398">
      <ele>444.4</ele>
    </trkpt>
    <trkpt lat="42.441315" lon="-2.513735">
      <ele>444.2</ele>
    </trkpt>
    <trkpt lat="42.441369" lon="-2.513366">
      <ele>443.8</ele>
    </trkpt>
    <trkpt lat="42.441523" lon="-2.513389">
      <ele>443.7</ele>
    </trkpt>
    <trkpt lat="42.441751" lon="-2.513387">
      <ele>443.5</ele>
    </trkpt>
    <trkpt lat="42.442008" lon="-2.513247">
      <ele>443.2</ele>
    </trkpt>
    <trkpt lat="42.442166" lon="-2.513206">
      <ele>443.1</ele>
    </trkpt>
    <trkpt lat="42.442328" lon="-2.513208">
      <ele>442.9</ele>
    </trkpt>
    <trkpt lat="42.442768" lon="-2.513283">
      <ele>442.5</ele>
    </trkpt>
    <trkpt lat="42.443246" lon="-2.513202">
      <ele>441.9</ele>
    </trkpt>
    <trkpt lat="42.443322" lon="-2.513149">
      <ele>441.8</ele>
    </trkpt>
    <trkpt lat="42.443657" lon="-2.512514">
      <ele>441.3</ele>
    </trkpt>
    <trkpt lat="42.443929" lon="-2.512093">
      <ele>441.3</ele>
    </trkpt>
    <trkpt lat="42.444008" lon="-2.512099">
      <ele>441.3</ele>
    </trkpt>
    <trkpt lat="42.444122" lon="-2.512186">
      <ele>441.4</ele>
    </trkpt>
    <trkpt lat="42.444309" lon="-2.512803">
      <ele>441.6</ele>
    </trkpt>
    <trkpt lat="42.444408" lon="-2.513228">
      <ele>441.7</ele>
    </trkpt>
    <trkpt lat="42.444459" lon="-2.513331">
      <ele>441.7</ele>
    </trkpt>
    <trkpt lat="42.444512" lon="-2.513383">
      <ele>441.7</ele>
    </trkpt>
    <trkpt lat="42.444612" lon="-2.513377">
      <ele>441.7</ele>
    </trkpt>
    <trkpt lat="42.444792" lon="-2.513285">
      <ele>441.7</ele>
    </trkpt>
    <trkpt lat="42.444913" lon="-2.513108">
      <ele>441.7</ele>
    </trkpt>
    <trkpt lat="42.444965" lon="-2.512863">
      <ele>441.6</ele>
    </trkpt>
    <trkpt lat="42.445027" lon="-2.512702">
      <ele>441.6</ele>
    </trkpt>
    <trkpt lat="42.445328" lon="-2.512125">
      <ele>441.3</ele>
    </trkpt>
    <trkpt lat="42.445661" lon="-2.511304">
      <ele>441.1</ele>
    </trkpt>
    <trkpt lat="42.446001" lon="-2.510851">
      <ele>440.8</ele>
    </trkpt>
    <trkpt lat="42.44616" lon="-2.510373">
      <ele>440.4</ele>
    </trkpt>
    <trkpt lat="42.44636" lon="-2.509972">
      <ele>440</ele>
    </trkpt>
    <trkpt lat="42.44656" lon="-2.509428">
      <ele>439.4</ele>
    </trkpt>
    <trkpt lat="42.446755" lon="-2.509108">
      <ele>439</ele>
    </trkpt>
    <trkpt lat="42.446985" lon="-2.508644">
      <ele>438.4</ele>
    </trkpt>
    <trkpt lat="42.447033" lon="-2.508516">
      <ele>438.3</ele>
    </trkpt>
    <trkpt lat="42.447121" lon="-2.508043">
      <ele>437.9</ele>
    </trkpt>
    <trkpt lat="42.447098" lon="-2.507778">
      <ele>437.7</ele>
    </trkpt>
    <trkpt lat="42.446724" lon="-2.506577">
      <ele>437.1</ele>
    </trkpt>
    <trkpt lat="42.446729" lon="-2.506413">
      <ele>437.2</ele>
    </trkpt>
    <trkpt lat="42.446694" lon="-2.505808">
      <ele>437.8</ele>
    </trkpt>
    <trkpt lat="42.446756" lon="-2.505277">
      <ele>438.3</ele>
    </trkpt>
    <trkpt lat="42.446873" lon="-2.505143">
      <ele>438.4</ele>
    </trkpt>
    <trkpt lat="42.447034" lon="-2.505041">
      <ele>438.5</ele>
    </trkpt>
    <trkpt lat="42.447154" lon="-2.504823">
      <ele>438.4</ele>
    </trkpt>
    <trkpt lat="42.447206" lon="-2.50451">
      <ele>438.4</ele>
    </trkpt>
    <trkpt lat="42.447204" lon="-2.504371">
      <ele>438.4</ele>
    </trkpt>
    <trkpt lat="42.447268" lon="-2.50427">
      <ele>438.3</ele>
    </trkpt>
    <trkpt lat="42.447259" lon="-2.504147">
      <ele>438.3</ele>
    </trkpt>
    <trkpt lat="42.44729" lon="-2.504004">
      <ele>438.1</ele>
    </trkpt>
    <trkpt lat="42.447282" lon="-2.503916">
      <ele>438</ele>
    </trkpt>
    <trkpt lat="42.447302" lon="-2.503901">
      <ele>438</ele>
    </trkpt>
    <trkpt lat="42.447415" lon="-2.503882">
      <ele>437.8</ele>
    </trkpt>
    <trkpt lat="42.447523" lon="-2.503797">
      <ele>437.5</ele>
    </trkpt>
    <trkpt lat="42.447599" lon="-2.503778">
      <ele>437.3</ele>
    </trkpt>
    <trkpt lat="42.447763" lon="-2.5038">
      <ele>436.9</ele>
    </trkpt>
    <trkpt lat="42.447966" lon="-2.5039">
      <ele>436.3</ele>
    </trkpt>
    <trkpt lat="42.448077" lon="-2.503825">
      <ele>436</ele>
    </trkpt>
    <trkpt lat="42.448142" lon="-2.503713">
      <ele>435.7</ele>
    </trkpt>
    <trkpt lat="42.448146" lon="-2.503498">
      <ele>435.4</ele>
    </trkpt>
    <trkpt lat="42.447125" lon="-2.500631">
      <ele>433.4</ele>
    </trkpt>
    <trkpt lat="42.44716" lon="-2.500534">
      <ele>433.2</ele>
    </trkpt>
    <trkpt lat="42.447283" lon="-2.500396">
      <ele>432.7</ele>
    </trkpt>
    <trkpt lat="42.447411" lon="-2.500304">
      <ele>432.3</ele>
    </trkpt>
    <trkpt lat="42.447636" lon="-2.499896">
      <ele>431.3</ele>
    </trkpt>
    <trkpt lat="42.447687" lon="-2.499853">
      <ele>431.1</ele>
    </trkpt>
    <trkpt lat="42.447796" lon="-2.499897">
      <ele>430.8</ele>
    </trkpt>
    <trkpt lat="42.447865" lon="-2.499917">
      <ele>430.7</ele>
    </trkpt>
    <trkpt lat="42.447872" lon="-2.499914">
      <ele>430.6</ele>
    </trkpt>
    <trkpt lat="42.447988" lon="-2.499875">
      <ele>430.3</ele>
    </trkpt>
    <trkpt lat="42.448104" lon="-2.499777">
      <ele>429.9</ele>
    </trkpt>
    <trkpt lat="42.448184" lon="-2.499628">
      <ele>429.6</ele>
    </trkpt>
    <trkpt lat="42.44824" lon="-2.499432">
      <ele>429.2</ele>
    </trkpt>
    <trkpt lat="42.448184" lon="-2.499628">
      <ele>428.9</ele>
    </trkpt>
    <trkpt lat="42.448104" lon="-2.499777">
      <ele>428.6</ele>
    </trkpt>
    <trkpt lat="42.447988" lon="-2.499875">
      <ele>428.4</ele>
    </trkpt>
    <trkpt lat="42.447872" lon="-2.499914">
      <ele>428.4</ele>
    </trkpt>
    <trkpt lat="42.447988" lon="-2.499875">
      <ele>428.4</ele>
    </trkpt>
    <trkpt lat="42.448104" lon="-2.499777">
      <ele>428.4</ele>
    </trkpt>
    <trkpt lat="42.448184" lon="-2.499628">
      <ele>428.5</ele>
    </trkpt>
    <trkpt lat="42.44824" lon="-2.499432">
      <ele>428.6</ele>
    </trkpt>
    <trkpt lat="42.448303" lon="-2.499213">
      <ele>428.7</ele>
    </trkpt>
    <trkpt lat="42.448378" lon="-2.499116">
      <ele>428.7</ele>
    </trkpt>
    <trkpt lat="42.44858" lon="-2.498969">
      <ele>428.9</ele>
    </trkpt>
    <trkpt lat="42.448676" lon="-2.498807">
      <ele>428.8</ele>
    </trkpt>
    <trkpt lat="42.448766" lon="-2.498604">
      <ele>428.8</ele>
    </trkpt>
    <trkpt lat="42.448769" lon="-2.498333">
      <ele>428.8</ele>
    </trkpt>
    <trkpt lat="42.448788" lon="-2.498272">
      <ele>428.8</ele>
    </trkpt>
    <trkpt lat="42.448886" lon="-2.498211">
      <ele>428.7</ele>
    </trkpt>
    <trkpt lat="42.449238" lon="-2.49823">
      <ele>428.3</ele>
    </trkpt>
    <trkpt lat="42.449445" lon="-2.498053">
      <ele>427.9</ele>
    </trkpt>
    <trkpt lat="42.449714" lon="-2.497844">
      <ele>427.3</ele>
    </trkpt>
    <trkpt lat="42.449719" lon="-2.497763">
      <ele>427.1</ele>
    </trkpt>
    <trkpt lat="42.449814" lon="-2.497578">
      <ele>426.7</ele>
    </trkpt>
    <trkpt lat="42.449838" lon="-2.4974">
      <ele>426.4</ele>
    </trkpt>
    <trkpt lat="42.44986" lon="-2.496608">
      <ele>424.7</ele>
    </trkpt>
    <trkpt lat="42.449917" lon="-2.496197">
      <ele>423.9</ele>
    </trkpt>
    <trkpt lat="42.449894" lon="-2.495143">
      <ele>421.9</ele>
    </trkpt>
    <trkpt lat="42.449925" lon="-2.494995">
      <ele>421.6</ele>
    </trkpt>
    <trkpt lat="42.450048" lon="-2.494701">
      <ele>421</ele>
    </trkpt>
    <trkpt lat="42.450167" lon="-2.494529">
      <ele>420.6</ele>
    </trkpt>
    <trkpt lat="42.450542" lon="-2.494207">
      <ele>419.6</ele>
    </trkpt>
    <trkpt lat="42.450826" lon="-2.493305">
      <ele>418.1</ele>
    </trkpt>
    <trkpt lat="42.451014" lon="-2.49252">
      <ele>417</ele>
    </trkpt>
    <trkpt lat="42.451279" lon="-2.49159">
      <ele>416</ele>
    </trkpt>
    <trkpt lat="42.451384" lon="-2.491222">
      <ele>415.6</ele>
    </trkpt>
    <trkpt lat="42.451635" lon="-2.490167">
      <ele>414.7</ele>
    </trkpt>
    <trkpt lat="42.452304" lon="-2.488426">
      <ele>413.1</ele>
    </trkpt>
    <trkpt lat="42.452921" lon="-2.486931">
      <ele>411.7</ele>
    </trkpt>
    <trkpt lat="42.452965" lon="-2.486745">
      <ele>411.6</ele>
    </trkpt>
    <trkpt lat="42.453092" lon="-2.485402">
      <ele>410.7</ele>
    </trkpt>
    <trkpt lat="42.453446" lon="-2.48316">
      <ele>409.7</ele>
    </trkpt>
    <trkpt lat="42.453822" lon="-2.481997">
      <ele>409.3</ele>
    </trkpt>
    <trkpt lat="42.454155" lon="-2.481156">
      <ele>409</ele>
    </trkpt>
    <trkpt lat="42.45477" lon="-2.47988">
      <ele>408.6</ele>
    </trkpt>
    <trkpt lat="42.454909" lon="-2.47961">
      <ele>408.4</ele>
    </trkpt>
    <trkpt lat="42.454941" lon="-2.479493">
      <ele>408.3</ele>
    </trkpt>
    <trkpt lat="42.454978" lon="-2.479085">
      <ele>408.1</ele>
    </trkpt>
    <trkpt lat="42.455224" lon="-2.477703">
      <ele>408.1</ele>
    </trkpt>
    <trkpt lat="42.455307" lon="-2.477501">
      <ele>408.2</ele>
    </trkpt>
    <trkpt lat="42.455333" lon="-2.477447">
      <ele>408.2</ele>
    </trkpt>
    <trkpt lat="42.455419" lon="-2.477405">
      <ele>408.2</ele>
    </trkpt>
    <trkpt lat="42.455675" lon="-2.477453">
      <ele>408.4</ele>
    </trkpt>
    <trkpt lat="42.45574" lon="-2.477445">
      <ele>408.4</ele>
    </trkpt>
    <trkpt lat="42.455792" lon="-2.477308">
      <ele>408.5</ele>
    </trkpt>
    <trkpt lat="42.455919" lon="-2.476813">
      <ele>408.7</ele>
    </trkpt>
    <trkpt lat="42.456049" lon="-2.475999">
      <ele>409.1</ele>
    </trkpt>
    <trkpt lat="42.456106" lon="-2.475512">
      <ele>409</ele>
    </trkpt>
    <trkpt lat="42.456235" lon="-2.475211">
      <ele>408.9</ele>
    </trkpt>
    <trkpt lat="42.456361" lon="-2.474858">
      <ele>408.8</ele>
    </trkpt>
    <trkpt lat="42.456395" lon="-2.474703">
      <ele>408.8</ele>
    </trkpt>
    <trkpt lat="42.456429" lon="-2.474112">
      <ele>408.9</ele>
    </trkpt>
    <trkpt lat="42.456475" lon="-2.473699">
      <ele>408.7</ele>
    </trkpt>
    <trkpt lat="42.456511" lon="-2.473542">
      <ele>408.5</ele>
    </trkpt>
    <trkpt lat="42.456614" lon="-2.473245">
      <ele>408.2</ele>
    </trkpt>
    <trkpt lat="42.456767" lon="-2.473004">
      <ele>408</ele>
    </trkpt>
    <trkpt lat="42.456837" lon="-2.472969">
      <ele>407.9</ele>
    </trkpt>
    <trkpt lat="42.456809" lon="-2.472851">
      <ele>407.8</ele>
    </trkpt>
    <trkpt lat="42.45686" lon="-2.472636">
      <ele>407.6</ele>
    </trkpt>
    <trkpt lat="42.456885" lon="-2.472551">
      <ele>407.6</ele>
    </trkpt>
    <trkpt lat="42.45696" lon="-2.472308">
      <ele>407.5</ele>
    </trkpt>
    <trkpt lat="42.456993" lon="-2.472322">
      <ele>407.4</ele>
    </trkpt>
    <trkpt lat="42.457065" lon="-2.472352">
      <ele>407.4</ele>
    </trkpt>
    <trkpt lat="42.457238" lon="-2.472262">
      <ele>407.4</ele>
    </trkpt>
    <trkpt lat="42.457295" lon="-2.472288">
      <ele>407.4</ele>
    </trkpt>
    <trkpt lat="42.45736" lon="-2.472318">
      <ele>407.4</ele>
    </trkpt>
    <trkpt lat="42.457436" lon="-2.472039">
      <ele>407.3</ele>
    </trkpt>
    <trkpt lat="42.457479" lon="-2.47202">
      <ele>407.3</ele>
    </trkpt>
    <trkpt lat="42.457517" lon="-2.472032">
      <ele>407.2</ele>
    </trkpt>
    <trkpt lat="42.457623" lon="-2.47185">
      <ele>407.3</ele>
    </trkpt>
    <trkpt lat="42.457785" lon="-2.471363">
      <ele>407.6</ele>
    </trkpt>
    <trkpt lat="42.457942" lon="-2.470973">
      <ele>407.9</ele>
    </trkpt>
    <trkpt lat="42.458132" lon="-2.47066">
      <ele>408.1</ele>
    </trkpt>
    <trkpt lat="42.458215" lon="-2.470472">
      <ele>408.2</ele>
    </trkpt>
    <trkpt lat="42.458281" lon="-2.470244">
      <ele>408.2</ele>
    </trkpt>
    <trkpt lat="42.458319" lon="-2.470042">
      <ele>408.3</ele>
    </trkpt>
    <trkpt lat="42.458326" lon="-2.469403">
      <ele>408.3</ele>
    </trkpt>
    <trkpt lat="42.458226" lon="-2.468201">
      <ele>408.4</ele>
    </trkpt>
    <trkpt lat="42.45824" lon="-2.468121">
      <ele>408.4</ele>
    </trkpt>
    <trkpt lat="42.458276" lon="-2.468061">
      <ele>408.4</ele>
    </trkpt>
    <trkpt lat="42.458407" lon="-2.46801">
      <ele>408.3</ele>
    </trkpt>
    <trkpt lat="42.458773" lon="-2.467985">
      <ele>408.2</ele>
    </trkpt>
    <trkpt lat="42.45903" lon="-2.467877">
      <ele>407.9</ele>
    </trkpt>
    <trkpt lat="42.459093" lon="-2.467778">
      <ele>407.7</ele>
    </trkpt>
    <trkpt lat="42.459118" lon="-2.467641">
      <ele>407.6</ele>
    </trkpt>
    <trkpt lat="42.459131" lon="-2.467122">
      <ele>406.8</ele>
    </trkpt>
    <trkpt lat="42.45914" lon="-2.466788">
      <ele>406.2</ele>
    </trkpt>
    <trkpt lat="42.459229" lon="-2.466466">
      <ele>405.7</ele>
    </trkpt>
    <trkpt lat="42.459288" lon="-2.466207">
      <ele>405.2</ele>
    </trkpt>
    <trkpt lat="42.459298" lon="-2.466175">
      <ele>405.2</ele>
    </trkpt>
    <trkpt lat="42.459324" lon="-2.466042">
      <ele>405</ele>
    </trkpt>
    <trkpt lat="42.459398" lon="-2.46565">
      <ele>404.4</ele>
    </trkpt>
    <trkpt lat="42.459419" lon="-2.465519">
      <ele>404.2</ele>
    </trkpt>
    <trkpt lat="42.459558" lon="-2.464952">
      <ele>403.4</ele>
    </trkpt>
    <trkpt lat="42.459595" lon="-2.464812">
      <ele>403.3</ele>
    </trkpt>
    <trkpt lat="42.459674" lon="-2.464465">
      <ele>402.9</ele>
    </trkpt>
    <trkpt lat="42.459748" lon="-2.464108">
      <ele>402.6</ele>
    </trkpt>
    <trkpt lat="42.459949" lon="-2.463284">
      <ele>401.1</ele>
    </trkpt>
    <trkpt lat="42.459978" lon="-2.463165">
      <ele>400.8</ele>
    </trkpt>
    <trkpt lat="42.460194" lon="-2.462315">
      <ele>398.7</ele>
    </trkpt>
    <trkpt lat="42.460287" lon="-2.462136">
      <ele>398.1</ele>
    </trkpt>
    <trkpt lat="42.4604" lon="-2.461999">
      <ele>397.6</ele>
    </trkpt>
    <trkpt lat="42.460558" lon="-2.462182">
      <ele>397</ele>
    </trkpt>
    <trkpt lat="42.460579" lon="-2.46212">
      <ele>396.8</ele>
    </trkpt>
    <trkpt lat="42.460458" lon="-2.462017">
      <ele>396.3</ele>
    </trkpt>
    <trkpt lat="42.460453" lon="-2.461926">
      <ele>396.1</ele>
    </trkpt>
    <trkpt lat="42.460829" lon="-2.461742">
      <ele>395</ele>
    </trkpt>
    <trkpt lat="42.461" lon="-2.461415">
      <ele>394.4</ele>
    </trkpt>
    <trkpt lat="42.461122" lon="-2.461295">
      <ele>394.1</ele>
    </trkpt>
    <trkpt lat="42.461154" lon="-2.461271">
      <ele>394.1</ele>
    </trkpt>
    <trkpt lat="42.461499" lon="-2.461473">
      <ele>393.5</ele>
    </trkpt>
    <trkpt lat="42.462069" lon="-2.46172">
      <ele>392.8</ele>
    </trkpt>
    <trkpt lat="42.462422" lon="-2.46187">
      <ele>392.6</ele>
    </trkpt>
    <trkpt lat="42.462442" lon="-2.461952">
      <ele>392.6</ele>
    </trkpt>
    <trkpt lat="42.462488" lon="-2.46197">
      <ele>392.6</ele>
    </trkpt>
    <trkpt lat="42.462527" lon="-2.461985">
      <ele>392.7</ele>
    </trkpt>
    <trkpt lat="42.462545" lon="-2.461951">
      <ele>392.7</ele>
    </trkpt>
    <trkpt lat="42.462604" lon="-2.461945">
      <ele>392.7</ele>
    </trkpt>
    <trkpt lat="42.463038" lon="-2.462144">
      <ele>392.8</ele>
    </trkpt>
    <trkpt lat="42.46305" lon="-2.462093">
      <ele>392.8</ele>
    </trkpt>
    <trkpt lat="42.463082" lon="-2.461958">
      <ele>392.8</ele>
    </trkpt>
    <trkpt lat="42.463123" lon="-2.461975">
      <ele>392.8</ele>
    </trkpt>
    <trkpt lat="42.463318" lon="-2.462061">
      <ele>392.6</ele>
    </trkpt>
    <trkpt lat="42.463365" lon="-2.462049">
      <ele>392.6</ele>
    </trkpt>
    <trkpt lat="42.463397" lon="-2.462031">
      <ele>392.6</ele>
    </trkpt>
    <trkpt lat="42.463498" lon="-2.461856">
      <ele>392.5</ele>
    </trkpt>
    <trkpt lat="42.463546" lon="-2.461698">
      <ele>392.4</ele>
    </trkpt>
    <trkpt lat="42.463579" lon="-2.461568">
      <ele>392.5</ele>
    </trkpt>
    <trkpt lat="42.46367" lon="-2.461197">
      <ele>392.9</ele>
    </trkpt>
    <trkpt lat="42.463777" lon="-2.460765">
      <ele>393.3</ele>
    </trkpt>
    <trkpt lat="42.463802" lon="-2.460661">
      <ele>393.4</ele>
    </trkpt>
    <trkpt lat="42.463882" lon="-2.460332">
      <ele>393.4</ele>
    </trkpt>
    <trkpt lat="42.463923" lon="-2.460161">
      <ele>393.4</ele>
    </trkpt>
    <trkpt lat="42.463957" lon="-2.460025">
      <ele>393.5</ele>
    </trkpt>
    <trkpt lat="42.46401" lon="-2.459807">
      <ele>393.5</ele>
    </trkpt>
    <trkpt lat="42.464045" lon="-2.459662">
      <ele>393.6</ele>
    </trkpt>
    <trkpt lat="42.464134" lon="-2.459291">
      <ele>393.9</ele>
    </trkpt>
    <trkpt lat="42.464263" lon="-2.458752">
      <ele>394.6</ele>
    </trkpt>
    <trkpt lat="42.46446" lon="-2.457926">
      <ele>395.3</ele>
    </trkpt>
    <trkpt lat="42.464494" lon="-2.457781">
      <ele>395.6</ele>
    </trkpt>
    <trkpt lat="42.464543" lon="-2.457582">
      <ele>395.9</ele>
    </trkpt>
    <trkpt lat="42.464598" lon="-2.457356">
      <ele>396.3</ele>
    </trkpt>
    <trkpt lat="42.464612" lon="-2.457299">
      <ele>396.3</ele>
    </trkpt>
    <trkpt lat="42.464828" lon="-2.456424">
      <ele>397.7</ele>
    </trkpt>
    <trkpt lat="42.464919" lon="-2.456063">
      <ele>398.2</ele>
    </trkpt>
    <trkpt lat="42.465006" lon="-2.455675">
      <ele>398.1</ele>
    </trkpt>
    <trkpt lat="42.465139" lon="-2.455128">
      <ele>397.1</ele>
    </trkpt>
    <trkpt lat="42.465168" lon="-2.455017">
      <ele>396.9</ele>
    </trkpt>
    <trkpt lat="42.465181" lon="-2.454843">
      <ele>396.6</ele>
    </trkpt>
    <trkpt lat="42.465164" lon="-2.454699">
      <ele>396.4</ele>
    </trkpt>
    <trkpt lat="42.465125" lon="-2.454529">
      <ele>396.2</ele>
    </trkpt>
    <trkpt lat="42.465138" lon="-2.454414">
      <ele>396.1</ele>
    </trkpt>
    <trkpt lat="42.465212" lon="-2.45434">
      <ele>396.1</ele>
    </trkpt>
    <trkpt lat="42.465247" lon="-2.454341">
      <ele>396.1</ele>
    </trkpt>
    <trkpt lat="42.465376" lon="-2.454178">
      <ele>396.2</ele>
    </trkpt>
    <trkpt lat="42.465439" lon="-2.453907">
      <ele>396.7</ele>
    </trkpt>
    <trkpt lat="42.465429" lon="-2.453733">
      <ele>396.8</ele>
    </trkpt>
    <trkpt lat="42.465476" lon="-2.453494">
      <ele>397.1</ele>
    </trkpt>
    <trkpt lat="42.465681" lon="-2.452617">
      <ele>398.5</ele>
    </trkpt>
    <trkpt lat="42.465706" lon="-2.452513">
      <ele>398.8</ele>
    </trkpt>
    <trkpt lat="42.465954" lon="-2.451492">
      <ele>398.9</ele>
    </trkpt>
    <trkpt lat="42.465972" lon="-2.451448">
      <ele>398.8</ele>
    </trkpt>
    <trkpt lat="42.465944" lon="-2.451145">
      <ele>398.1</ele>
    </trkpt>
    <trkpt lat="42.465996" lon="-2.450899">
      <ele>397.1</ele>
    </trkpt>
    <trkpt lat="42.46619" lon="-2.450834">
      <ele>396</ele>
    </trkpt>
    <trkpt lat="42.466189" lon="-2.450795">
      <ele>395.9</ele>
    </trkpt>
    <trkpt lat="42.46623" lon="-2.450115">
      <ele>393.6</ele>
    </trkpt>
    <trkpt lat="42.46663" lon="-2.450119">
      <ele>391.8</ele>
    </trkpt>
    <trkpt lat="42.466641" lon="-2.449917">
      <ele>391.3</ele>
    </trkpt>
    <trkpt lat="42.466644" lon="-2.449836">
      <ele>391.2</ele>
    </trkpt>
    <trkpt lat="42.466656" lon="-2.449711">
      <ele>390.9</ele>
    </trkpt>
    <trkpt lat="42.466682" lon="-2.449515">
      <ele>390.6</ele>
    </trkpt>
    <trkpt lat="42.467027" lon="-2.449588">
      <ele>389.5</ele>
    </trkpt>
    <trkpt lat="42.467066" lon="-2.449453">
      <ele>389.2</ele>
    </trkpt>
    <trkpt lat="42.467084" lon="-2.449388">
      <ele>389.1</ele>
    </trkpt>
    <trkpt lat="42.46713" lon="-2.44922">
      <ele>388.8</ele>
    </trkpt>
    <trkpt lat="42.467171" lon="-2.449156">
      <ele>388.7</ele>
    </trkpt>
    <trkpt lat="42.467343" lon="-2.448653">
      <ele>387.7</ele>
    </trkpt>
    <trkpt lat="42.467478" lon="-2.448256">
      <ele>387</ele>
    </trkpt>
    <trkpt lat="42.467547" lon="-2.448068">
      <ele>386.8</ele>
    </trkpt>
    <trkpt lat="42.467666" lon="-2.447624">
      <ele>386.2</ele>
    </trkpt>
    <trkpt lat="42.467653" lon="-2.447266">
      <ele>385.5</ele>
    </trkpt>
    <trkpt lat="42.467647" lon="-2.447249">
      <ele>385.5</ele>
    </trkpt>
    <trkpt lat="42.467641" lon="-2.447234">
      <ele>385.4</ele>
    </trkpt>
    <trkpt lat="42.46762" lon="-2.447177">
      <ele>385.3</ele>
    </trkpt>
    <trkpt lat="42.467595" lon="-2.447087">
      <ele>385.1</ele>
    </trkpt>
    <trkpt lat="42.4676" lon="-2.447015">
      <ele>385</ele>
    </trkpt>
    <trkpt lat="42.467617" lon="-2.446718">
      <ele>384.5</ele>
    </trkpt>
    <trkpt lat="42.467687" lon="-2.446477">
      <ele>384.2</ele>
    </trkpt>
    <trkpt lat="42.467996" lon="-2.445702">
      <ele>383.7</ele>
    </trkpt>
    <trkpt lat="42.468237" lon="-2.445262">
      <ele>383</ele>
    </trkpt>
    <trkpt lat="42.468342" lon="-2.444664">
      <ele>381.8</ele>
    </trkpt>
    <trkpt lat="42.468453" lon="-2.444238">
      <ele>381.3</ele>
    </trkpt>
    <trkpt lat="42.46881" lon="-2.443404">
      <ele>378.6</ele>
    </trkpt>
    <trkpt lat="42.468812" lon="-2.443321">
      <ele>378.3</ele>
    </trkpt>
    <trkpt lat="42.468729" lon="-2.44323">
      <ele>377.8</ele>
    </trkpt>
    <trkpt lat="42.468726" lon="-2.443219">
      <ele>377.8</ele>
    </trkpt>
    <trkpt lat="42.468726" lon="-2.443094">
      <ele>377.3</ele>
    </trkpt>
    <trkpt lat="42.468774" lon="-2.443017">
      <ele>376.9</ele>
    </trkpt>
    <trkpt lat="42.468816" lon="-2.442996">
      <ele>376.7</ele>
    </trkpt>
    <trkpt lat="42.468912" lon="-2.443021">
      <ele>376.2</ele>
    </trkpt>
    <trkpt lat="42.468961" lon="-2.443107">
      <ele>375.7</ele>
    </trkpt>
    <trkpt lat="42.468964" lon="-2.443159">
      <ele>375.6</ele>
    </trkpt>
    <trkpt lat="42.469023" lon="-2.443215">
      <ele>375.2</ele>
    </trkpt>
    <trkpt lat="42.469045" lon="-2.443227">
      <ele>375.1</ele>
    </trkpt>
    <trkpt lat="42.470797" lon="-2.44405">
      <ele>368.6</ele>
    </trkpt>
    <trkpt lat="42.470887" lon="-2.444091">
      <ele>368.5</ele>
    </trkpt>
    <trkpt lat="42.470941" lon="-2.444102">
      <ele>368.5</ele>
    </trkpt>
    <trkpt lat="42.471007" lon="-2.444039">
      <ele>368.4</ele>
    </trkpt>
    <trkpt lat="42.471097" lon="-2.44378">
      <ele>368.2</ele>
    </trkpt>
    <trkpt lat="42.471141" lon="-2.443619">
      <ele>368.1</ele>
    </trkpt>
    <trkpt lat="42.471203" lon="-2.443404">
      <ele>368</ele>
    </trkpt>
    <trkpt lat="42.471349" lon="-2.442818">
      <ele>368.1</ele>
    </trkpt>
    <trkpt lat="42.471612" lon="-2.44184">
      <ele>367.8</ele>
    </trkpt>
    <trkpt lat="42.471742" lon="-2.441511">
      <ele>367.8</ele>
    </trkpt>
    <trkpt lat="42.471983" lon="-2.44113">
      <ele>367.9</ele>
    </trkpt>
    <trkpt lat="42.472454" lon="-2.440547">
      <ele>368.2</ele>
    </trkpt>
    <trkpt lat="42.472665" lon="-2.440308">
      <ele>368.3</ele>
    </trkpt>
    <trkpt lat="42.472757" lon="-2.4402">
      <ele>368.3</ele>
    </trkpt>
    <trkpt lat="42.47281" lon="-2.440233">
      <ele>368.3</ele>
    </trkpt>
    <trkpt lat="42.472873" lon="-2.440245">
      <ele>368.3</ele>
    </trkpt>
    <trkpt lat="42.47311" lon="-2.440137">
      <ele>368.3</ele>
    </trkpt>
    <trkpt lat="42.473259" lon="-2.440024">
      <ele>368.3</ele>
    </trkpt>
    <trkpt lat="42.473607" lon="-2.439764">
      <ele>368.3</ele>
    </trkpt>
    <trkpt lat="42.47385" lon="-2.439649">
      <ele>368.3</ele>
    </trkpt>
    <trkpt lat="42.474214" lon="-2.439587">
      <ele>368.3</ele>
    </trkpt>
    <trkpt lat="42.474777" lon="-2.43955">
      <ele>368.6</ele>
    </trkpt>
    <trkpt lat="42.475075" lon="-2.439486">
      <ele>369.1</ele>
    </trkpt>
    <trkpt lat="42.475353" lon="-2.439385">
      <ele>369.9</ele>
    </trkpt>
    <trkpt lat="42.475428" lon="-2.439342">
      <ele>370.2</ele>
    </trkpt>
    <trkpt lat="42.475654" lon="-2.439229">
      <ele>371.2</ele>
    </trkpt>
    <trkpt lat="42.476144" lon="-2.439161">
      <ele>374.3</ele>
    </trkpt>
    <trkpt lat="42.476213" lon="-2.439103">
      <ele>374.9</ele>
    </trkpt>
    <trkpt lat="42.476567" lon="-2.43844">
      <ele>380.9</ele>
    </trkpt>
    <trkpt lat="42.4767" lon="-2.43809">
      <ele>384.2</ele>
    </trkpt>
    <trkpt lat="42.476923" lon="-2.437692">
      <ele>388.4</ele>
    </trkpt>
    <trkpt lat="42.477014" lon="-2.437611">
      <ele>389.6</ele>
    </trkpt>
    <trkpt lat="42.477219" lon="-2.437495">
      <ele>391.9</ele>
    </trkpt>
    <trkpt lat="42.477833" lon="-2.437205">
      <ele>398</ele>
    </trkpt>
    <trkpt lat="42.478611" lon="-2.436621">
      <ele>403.9</ele>
    </trkpt>
    <trkpt lat="42.479033" lon="-2.436271">
      <ele>406.6</ele>
    </trkpt>
    <trkpt lat="42.479723" lon="-2.435799">
      <ele>410.5</ele>
    </trkpt>
    <trkpt lat="42.480147" lon="-2.435507">
      <ele>412.7</ele>
    </trkpt>
    <trkpt lat="42.481538" lon="-2.434833">
      <ele>419.4</ele>
    </trkpt>
    <trkpt lat="42.482208" lon="-2.434426">
      <ele>422.4</ele>
    </trkpt>
    <trkpt lat="42.482375" lon="-2.4343">
      <ele>423.1</ele>
    </trkpt>
    <trkpt lat="42.482615" lon="-2.434043">
      <ele>424.2</ele>
    </trkpt>
    <trkpt lat="42.483943" lon="-2.432627">
      <ele>429.3</ele>
    </trkpt>
    <trkpt lat="42.484573" lon="-2.431823">
      <ele>431.6</ele>
    </trkpt>
    <trkpt lat="42.484824" lon="-2.431431">
      <ele>432.2</ele>
    </trkpt>
    <trkpt lat="42.484986" lon="-2.430924">
      <ele>432.5</ele>
    </trkpt>
    <trkpt lat="42.48552" lon="-2.428673">
      <ele>429.4</ele>
    </trkpt>
    <trkpt lat="42.485698" lon="-2.428126">
      <ele>427.9</ele>
    </trkpt>
    <trkpt lat="42.485867" lon="-2.427729">
      <ele>426.6</ele>
    </trkpt>
    <trkpt lat="42.485984" lon="-2.427452">
      <ele>425.6</ele>
    </trkpt>
    <trkpt lat="42.486628" lon="-2.426141">
      <ele>418.9</ele>
    </trkpt>
    <trkpt lat="42.486875" lon="-2.42562">
      <ele>415.9</ele>
    </trkpt>
    <trkpt lat="42.487844" lon="-2.423633">
      <ele>405.3</ele>
    </trkpt>
    <trkpt lat="42.488093" lon="-2.423181">
      <ele>403.2</ele>
    </trkpt>
    <trkpt lat="42.48852" lon="-2.422233">
      <ele>399.7</ele>
    </trkpt>
    <trkpt lat="42.488698" lon="-2.421514">
      <ele>397.5</ele>
    </trkpt>
    <trkpt lat="42.488869" lon="-2.420333">
      <ele>394.5</ele>
    </trkpt>
    <trkpt lat="42.488943" lon="-2.420143">
      <ele>394</ele>
    </trkpt>
    <trkpt lat="42.489105" lon="-2.420065">
      <ele>393.5</ele>
    </trkpt>
    <trkpt lat="42.489136" lon="-2.419978">
      <ele>393.3</ele>
    </trkpt>
    <trkpt lat="42.489143" lon="-2.419857">
      <ele>393</ele>
    </trkpt>
    <trkpt lat="42.489121" lon="-2.419116">
      <ele>391.8</ele>
    </trkpt>
    <trkpt lat="42.48916" lon="-2.41898">
      <ele>391.5</ele>
    </trkpt>
    <trkpt lat="42.489257" lon="-2.418793">
      <ele>391.1</ele>
    </trkpt>
    <trkpt lat="42.489626" lon="-2.418417">
      <ele>390.1</ele>
    </trkpt>
    <trkpt lat="42.489688" lon="-2.418409">
      <ele>389.9</ele>
    </trkpt>
    <trkpt lat="42.489772" lon="-2.418442">
      <ele>389.8</ele>
    </trkpt>
    <trkpt lat="42.489863" lon="-2.418416">
      <ele>389.6</ele>
    </trkpt>
    <trkpt lat="42.489897" lon="-2.418351">
      <ele>389.5</ele>
    </trkpt>
    <trkpt lat="42.489959" lon="-2.418154">
      <ele>389.2</ele>
    </trkpt>
    <trkpt lat="42.490005" lon="-2.417833">
      <ele>388.9</ele>
    </trkpt>
    <trkpt lat="42.49036" lon="-2.416736">
      <ele>387.5</ele>
    </trkpt>
    <trkpt lat="42.49052" lon="-2.416087">
      <ele>387.1</ele>
    </trkpt>
    <trkpt lat="42.490531" lon="-2.415756">
      <ele>386.9</ele>
    </trkpt>
    <trkpt lat="42.490582" lon="-2.415588">
      <ele>386.8</ele>
    </trkpt>
    <trkpt lat="42.490701" lon="-2.415423">
      <ele>386.7</ele>
    </trkpt>
    <trkpt lat="42.490988" lon="-2.414363">
      <ele>386.4</ele>
    </trkpt>
    <trkpt lat="42.491087" lon="-2.414156">
      <ele>386.4</ele>
    </trkpt>
    <trkpt lat="42.491188" lon="-2.414019">
      <ele>386.3</ele>
    </trkpt>
    <trkpt lat="42.491251" lon="-2.413857">
      <ele>386.3</ele>
    </trkpt>
    <trkpt lat="42.491231" lon="-2.413705">
      <ele>386.4</ele>
    </trkpt>
    <trkpt lat="42.491247" lon="-2.413586">
      <ele>386.4</ele>
    </trkpt>
    <trkpt lat="42.491467" lon="-2.412712">
      <ele>387.1</ele>
    </trkpt>
    <trkpt lat="42.491474" lon="-2.412559">
      <ele>387.3</ele>
    </trkpt>
    <trkpt lat="42.491524" lon="-2.412314">
      <ele>387.6</ele>
    </trkpt>
    <trkpt lat="42.492266" lon="-2.409707">
      <ele>393.2</ele>
    </trkpt>
    <trkpt lat="42.492375" lon="-2.409418">
      <ele>393.9</ele>
    </trkpt>
    <trkpt lat="42.492426" lon="-2.409136">
      <ele>394.5</ele>
    </trkpt>
    <trkpt lat="42.492613" lon="-2.40844">
      <ele>396</ele>
    </trkpt>
    <trkpt lat="42.492823" lon="-2.40774">
      <ele>397.4</ele>
    </trkpt>
    <trkpt lat="42.492919" lon="-2.40749">
      <ele>397.8</ele>
    </trkpt>
    <trkpt lat="42.493022" lon="-2.406979">
      <ele>398.6</ele>
    </trkpt>
    <trkpt lat="42.493302" lon="-2.406054">
      <ele>400.2</ele>
    </trkpt>
    <trkpt lat="42.493314" lon="-2.405869">
      <ele>400.5</ele>
    </trkpt>
    <trkpt lat="42.493526" lon="-2.405427">
      <ele>401.8</ele>
    </trkpt>
    <trkpt lat="42.493752" lon="-2.405069">
      <ele>402.9</ele>
    </trkpt>
    <trkpt lat="42.493864" lon="-2.40507">
      <ele>403.2</ele>
    </trkpt>
    <trkpt lat="42.493943" lon="-2.405027">
      <ele>403.4</ele>
    </trkpt>
    <trkpt lat="42.494093" lon="-2.404716">
      <ele>404.1</ele>
    </trkpt>
    <trkpt lat="42.494354" lon="-2.404512">
      <ele>404.7</ele>
    </trkpt>
    <trkpt lat="42.49459" lon="-2.404484">
      <ele>404.9</ele>
    </trkpt>
    <trkpt lat="42.494748" lon="-2.404415">
      <ele>405</ele>
    </trkpt>
    <trkpt lat="42.494986" lon="-2.403905">
      <ele>404.6</ele>
    </trkpt>
    <trkpt lat="42.495232" lon="-2.403504">
      <ele>403.9</ele>
    </trkpt>
    <trkpt lat="42.495492" lon="-2.403188">
      <ele>403.3</ele>
    </trkpt>
    <trkpt lat="42.495963" lon="-2.402686">
      <ele>402.5</ele>
    </trkpt>
    <trkpt lat="42.496425" lon="-2.402335">
      <ele>402.6</ele>
    </trkpt>
    <trkpt lat="42.496844" lon="-2.402078">
      <ele>403.1</ele>
    </trkpt>
    <trkpt lat="42.497032" lon="-2.402009">
      <ele>403.4</ele>
    </trkpt>
    <trkpt lat="42.497044" lon="-2.401934">
      <ele>403.5</ele>
    </trkpt>
    <trkpt lat="42.497198" lon="-2.401686">
      <ele>403.9</ele>
    </trkpt>
    <trkpt lat="42.497898" lon="-2.4011">
      <ele>403.9</ele>
    </trkpt>
    <trkpt lat="42.49813" lon="-2.401038">
      <ele>403.6</ele>
    </trkpt>
    <trkpt lat="42.498249" lon="-2.400955">
      <ele>403.3</ele>
    </trkpt>
    <trkpt lat="42.498752" lon="-2.400513">
      <ele>401.9</ele>
    </trkpt>
    <trkpt lat="42.498972" lon="-2.400357">
      <ele>401.2</ele>
    </trkpt>
    <trkpt lat="42.499462" lon="-2.400167">
      <ele>400</ele>
    </trkpt>
    <trkpt lat="42.499686" lon="-2.400012">
      <ele>399.6</ele>
    </trkpt>
    <trkpt lat="42.501478" lon="-2.398487">
      <ele>399</ele>
    </trkpt>
    <trkpt lat="42.501731" lon="-2.398211">
      <ele>399.2</ele>
    </trkpt>
    <trkpt lat="42.502099" lon="-2.397908">
      <ele>399.5</ele>
    </trkpt>
    <trkpt lat="42.50244" lon="-2.397428">
      <ele>400.1</ele>
    </trkpt>
    <trkpt lat="42.502652" lon="-2.397195">
      <ele>400.5</ele>
    </trkpt>
    <trkpt lat="42.503255" lon="-2.396642">
      <ele>401.6</ele>
    </trkpt>
    <trkpt lat="42.503421" lon="-2.396554">
      <ele>401.8</ele>
    </trkpt>
    <trkpt lat="42.503769" lon="-2.396401">
      <ele>402.3</ele>
    </trkpt>
    <trkpt lat="42.504306" lon="-2.396281">
      <ele>402.9</ele>
    </trkpt>
    <trkpt lat="42.504772" lon="-2.396244">
      <ele>403.2</ele>
    </trkpt>
    <trkpt lat="42.505353" lon="-2.39599">
      <ele>403.6</ele>
    </trkpt>
    <trkpt lat="42.505881" lon="-2.39562">
      <ele>404.2</ele>
    </trkpt>
    <trkpt lat="42.506208" lon="-2.395513">
      <ele>404.6</ele>
    </trkpt>
    <trkpt lat="42.506589" lon="-2.395446">
      <ele>405.2</ele>
    </trkpt>
    <trkpt lat="42.506882" lon="-2.395454">
      <ele>405.6</ele>
    </trkpt>
    <trkpt lat="42.507595" lon="-2.395758">
      <ele>406.6</ele>
    </trkpt>
    <trkpt lat="42.507714" lon="-2.395588">
      <ele>406.8</ele>
    </trkpt>
    <trkpt lat="42.507756" lon="-2.395465">
      <ele>406.9</ele>
    </trkpt>
    <trkpt lat="42.507766" lon="-2.3954">
      <ele>406.9</ele>
    </trkpt>
    <trkpt lat="42.507789" lon="-2.395333">
      <ele>406.9</ele>
    </trkpt>
    <trkpt lat="42.508217" lon="-2.394899">
      <ele>407.4</ele>
    </trkpt>
    <trkpt lat="42.508561" lon="-2.394383">
      <ele>407.8</ele>
    </trkpt>
    <trkpt lat="42.508687" lon="-2.393916">
      <ele>408.3</ele>
    </trkpt>
    <trkpt lat="42.508846" lon="-2.39359">
      <ele>408.9</ele>
    </trkpt>
    <trkpt lat="42.509022" lon="-2.39291">
      <ele>410.3</ele>
    </trkpt>
    <trkpt lat="42.509194" lon="-2.391998">
      <ele>412.5</ele>
    </trkpt>
    <trkpt lat="42.509231" lon="-2.391585">
      <ele>413.6</ele>
    </trkpt>
    <trkpt lat="42.509302" lon="-2.391322">
      <ele>414.3</ele>
    </trkpt>
    <trkpt lat="42.50967" lon="-2.390668">
      <ele>416.3</ele>
    </trkpt>
    <trkpt lat="42.50985" lon="-2.390275">
      <ele>417.4</ele>
    </trkpt>
    <trkpt lat="42.510049" lon="-2.389917">
      <ele>418.4</ele>
    </trkpt>
    <trkpt lat="42.510457" lon="-2.389246">
      <ele>420.2</ele>
    </trkpt>
    <trkpt lat="42.510757" lon="-2.388864">
      <ele>421.2</ele>
    </trkpt>
    <trkpt lat="42.510905" lon="-2.38855">
      <ele>421.8</ele>
    </trkpt>
    <trkpt lat="42.511242" lon="-2.387421">
      <ele>423.4</ele>
    </trkpt>
    <trkpt lat="42.511486" lon="-2.386395">
      <ele>424.3</ele>
    </trkpt>
    <trkpt lat="42.511644" lon="-2.385934">
      <ele>424.6</ele>
    </trkpt>
    <trkpt lat="42.511741" lon="-2.385555">
      <ele>424.8</ele>
    </trkpt>
    <trkpt lat="42.511967" lon="-2.385187">
      <ele>425</ele>
    </trkpt>
    <trkpt lat="42.512193" lon="-2.384782">
      <ele>425.1</ele>
    </trkpt>
    <trkpt lat="42.512437" lon="-2.384206">
      <ele>424.9</ele>
    </trkpt>
    <trkpt lat="42.512637" lon="-2.38396">
      <ele>424.7</ele>
    </trkpt>
    <trkpt lat="42.512864" lon="-2.383731">
      <ele>424.5</ele>
    </trkpt>
    <trkpt lat="42.512955" lon="-2.383687">
      <ele>424.4</ele>
    </trkpt>
    <trkpt lat="42.513215" lon="-2.383717">
      <ele>424.2</ele>
    </trkpt>
    <trkpt lat="42.51337" lon="-2.383683">
      <ele>424</ele>
    </trkpt>
    <trkpt lat="42.513456" lon="-2.383586">
      <ele>423.9</ele>
    </trkpt>
    <trkpt lat="42.513621" lon="-2.383125">
      <ele>423.7</ele>
    </trkpt>
    <trkpt lat="42.513745" lon="-2.382651">
      <ele>423.8</ele>
    </trkpt>
    <trkpt lat="42.513753" lon="-2.382618">
      <ele>423.8</ele>
    </trkpt>
    <trkpt lat="42.513824" lon="-2.382439">
      <ele>424</ele>
    </trkpt>
    <trkpt lat="42.514068" lon="-2.381839">
      <ele>425</ele>
    </trkpt>
    <trkpt lat="42.514215" lon="-2.381349">
      <ele>425.7</ele>
    </trkpt>
    <trkpt lat="42.514251" lon="-2.381118">
      <ele>426</ele>
    </trkpt>
    <trkpt lat="42.514303" lon="-2.380766">
      <ele>426.4</ele>
    </trkpt>
    <trkpt lat="42.514319" lon="-2.379988">
      <ele>427.2</ele>
    </trkpt>
    <trkpt lat="42.514279" lon="-2.379715">
      <ele>427.4</ele>
    </trkpt>
    <trkpt lat="42.51419" lon="-2.379411">
      <ele>427.5</ele>
    </trkpt>
    <trkpt lat="42.514179" lon="-2.379377">
      <ele>427.5</ele>
    </trkpt>
    <trkpt lat="42.514141" lon="-2.379201">
      <ele>427.5</ele>
    </trkpt>
    <trkpt lat="42.514133" lon="-2.37874">
      <ele>427.6</ele>
    </trkpt>
    <trkpt lat="42.514145" lon="-2.378612">
      <ele>427.7</ele>
    </trkpt>
    <trkpt lat="42.514169" lon="-2.378525">
      <ele>427.8</ele>
    </trkpt>
    <trkpt lat="42.514248" lon="-2.378463">
      <ele>428</ele>
    </trkpt>
    <trkpt lat="42.514308" lon="-2.378369">
      <ele>428.1</ele>
    </trkpt>
    <trkpt lat="42.514499" lon="-2.377708">
      <ele>429.8</ele>
    </trkpt>
    <trkpt lat="42.514896" lon="-2.376374">
      <ele>435.3</ele>
    </trkpt>
    <trkpt lat="42.514916" lon="-2.376225">
      <ele>436</ele>
    </trkpt>
    <trkpt lat="42.51487" lon="-2.375882">
      <ele>437.4</ele>
    </trkpt>
    <trkpt lat="42.514727" lon="-2.37549">
      <ele>439</ele>
    </trkpt>
    <trkpt lat="42.51466" lon="-2.375121">
      <ele>440.2</ele>
    </trkpt>
    <trkpt lat="42.514617" lon="-2.375029">
      <ele>440.5</ele>
    </trkpt>
    <trkpt lat="42.513934" lon="-2.373781">
      <ele>441</ele>
    </trkpt>
    <trkpt lat="42.513844" lon="-2.373512">
      <ele>440.9</ele>
    </trkpt>
    <trkpt lat="42.513801" lon="-2.373492">
      <ele>440.8</ele>
    </trkpt>
    <trkpt lat="42.513778" lon="-2.373414">
      <ele>440.8</ele>
    </trkpt>
    <trkpt lat="42.513739" lon="-2.3731">
      <ele>440.7</ele>
    </trkpt>
    <trkpt lat="42.513729" lon="-2.372984">
      <ele>440.6</ele>
    </trkpt>
    <trkpt lat="42.513832" lon="-2.371977">
      <ele>440.3</ele>
    </trkpt>
    <trkpt lat="42.513828" lon="-2.371317">
      <ele>441.1</ele>
    </trkpt>
    <trkpt lat="42.513859" lon="-2.371089">
      <ele>441.4</ele>
    </trkpt>
    <trkpt lat="42.514114" lon="-2.369777">
      <ele>443.4</ele>
    </trkpt>
    <trkpt lat="42.514173" lon="-2.369576">
      <ele>443.5</ele>
    </trkpt>
    <trkpt lat="42.514277" lon="-2.369362">
      <ele>443.5</ele>
    </trkpt>
    <trkpt lat="42.514345" lon="-2.369103">
      <ele>443.3</ele>
    </trkpt>
    <trkpt lat="42.514596" lon="-2.368145">
      <ele>442.2</ele>
    </trkpt>
    <trkpt lat="42.514549" lon="-2.367848">
      <ele>441.7</ele>
    </trkpt>
    <trkpt lat="42.514431" lon="-2.367886">
      <ele>441.5</ele>
    </trkpt>
    <trkpt lat="42.514347" lon="-2.367818">
      <ele>441.3</ele>
    </trkpt>
    <trkpt lat="42.514313" lon="-2.367694">
      <ele>441.1</ele>
    </trkpt>
    <trkpt lat="42.514315" lon="-2.367671">
      <ele>441.1</ele>
    </trkpt>
    <trkpt lat="42.514341" lon="-2.367577">
      <ele>440.9</ele>
    </trkpt>
    <trkpt lat="42.514414" lon="-2.367504">
      <ele>440.8</ele>
    </trkpt>
    <trkpt lat="42.514443" lon="-2.367496">
      <ele>440.8</ele>
    </trkpt>
    <trkpt lat="42.514547" lon="-2.367412">
      <ele>440.6</ele>
    </trkpt>
    <trkpt lat="42.514658" lon="-2.367256">
      <ele>440.5</ele>
    </trkpt>
    <trkpt lat="42.514939" lon="-2.366585">
      <ele>440.5</ele>
    </trkpt>
    <trkpt lat="42.515077" lon="-2.366171">
      <ele>440.8</ele>
    </trkpt>
    <trkpt lat="42.515103" lon="-2.366077">
      <ele>440.9</ele>
    </trkpt>
    <trkpt lat="42.515286" lon="-2.365325">
      <ele>441.3</ele>
    </trkpt>
    <trkpt lat="42.515445" lon="-2.364671">
      <ele>441.7</ele>
    </trkpt>
    <trkpt lat="42.515652" lon="-2.363817">
      <ele>442.5</ele>
    </trkpt>
    <trkpt lat="42.515753" lon="-2.363407">
      <ele>443</ele>
    </trkpt>
    <trkpt lat="42.516092" lon="-2.362028">
      <ele>443.9</ele>
    </trkpt>
    <trkpt lat="42.516521" lon="-2.360298">
      <ele>443.3</ele>
    </trkpt>
    <trkpt lat="42.516677" lon="-2.359665">
      <ele>443.1</ele>
    </trkpt>
    <trkpt lat="42.516717" lon="-2.359331">
      <ele>443.1</ele>
    </trkpt>
    <trkpt lat="42.516703" lon="-2.359108">
      <ele>443.2</ele>
    </trkpt>
    <trkpt lat="42.516676" lon="-2.358963">
      <ele>443.2</ele>
    </trkpt>
    <trkpt lat="42.516689" lon="-2.358889">
      <ele>443.3</ele>
    </trkpt>
    <trkpt lat="42.51672" lon="-2.358826">
      <ele>443.3</ele>
    </trkpt>
    <trkpt lat="42.516816" lon="-2.358753">
      <ele>443.3</ele>
    </trkpt>
    <trkpt lat="42.516916" lon="-2.358576">
      <ele>443.4</ele>
    </trkpt>
    <trkpt lat="42.517075" lon="-2.358049">
      <ele>443.8</ele>
    </trkpt>
    <trkpt lat="42.517515" lon="-2.356245">
      <ele>446</ele>
    </trkpt>
    <trkpt lat="42.518086" lon="-2.353863">
      <ele>452.8</ele>
    </trkpt>
    <trkpt lat="42.5181" lon="-2.353357">
      <ele>454.5</ele>
    </trkpt>
    <trkpt lat="42.517981" lon="-2.351938">
      <ele>458.9</ele>
    </trkpt>
    <trkpt lat="42.517986" lon="-2.351742">
      <ele>459.4</ele>
    </trkpt>
    <trkpt lat="42.518382" lon="-2.349916">
      <ele>463.8</ele>
    </trkpt>
    <trkpt lat="42.519664" lon="-2.34421">
      <ele>474.4</ele>
    </trkpt>
    <trkpt lat="42.519715" lon="-2.343985">
      <ele>474.8</ele>
    </trkpt>
    <trkpt lat="42.519833" lon="-2.343646">
      <ele>475.4</ele>
    </trkpt>
    <trkpt lat="42.521127" lon="-2.34051">
      <ele>480.5</ele>
    </trkpt>
    <trkpt lat="42.521848" lon="-2.3395">
      <ele>480.2</ele>
    </trkpt>
    <trkpt lat="42.523281" lon="-2.337592">
      <ele>478.8</ele>
    </trkpt>
    <trkpt lat="42.523628" lon="-2.337126">
      <ele>480.5</ele>
    </trkpt>
    <trkpt lat="42.523748" lon="-2.336909">
      <ele>481.4</ele>
    </trkpt>
    <trkpt lat="42.523811" lon="-2.336724">
      <ele>482.3</ele>
    </trkpt>
    <trkpt lat="42.523857" lon="-2.336514">
      <ele>483.3</ele>
    </trkpt>
    <trkpt lat="42.524086" lon="-2.334286">
      <ele>493.8</ele>
    </trkpt>
    <trkpt lat="42.524261" lon="-2.333115">
      <ele>497.6</ele>
    </trkpt>
    <trkpt lat="42.524602" lon="-2.331516">
      <ele>501</ele>
    </trkpt>
    <trkpt lat="42.524713" lon="-2.331258">
      <ele>501.3</ele>
    </trkpt>
    <trkpt lat="42.52489" lon="-2.331097">
      <ele>501.5</ele>
    </trkpt>
    <trkpt lat="42.524967" lon="-2.331062">
      <ele>501.5</ele>
    </trkpt>
    <trkpt lat="42.525146" lon="-2.331064">
      <ele>501.5</ele>
    </trkpt>
    <trkpt lat="42.525448" lon="-2.331178">
      <ele>501.2</ele>
    </trkpt>
    <trkpt lat="42.526447" lon="-2.331688">
      <ele>497.1</ele>
    </trkpt>
    <trkpt lat="42.526717" lon="-2.331715">
      <ele>495.5</ele>
    </trkpt>
    <trkpt lat="42.526859" lon="-2.331651">
      <ele>494.5</ele>
    </trkpt>
    <trkpt lat="42.526928" lon="-2.331558">
      <ele>493.8</ele>
    </trkpt>
    <trkpt lat="42.527012" lon="-2.331342">
      <ele>492.6</ele>
    </trkpt>
    <trkpt lat="42.527034" lon="-2.331093">
      <ele>491.2</ele>
    </trkpt>
    <trkpt lat="42.52696" lon="-2.330846">
      <ele>489.7</ele>
    </trkpt>
    <trkpt lat="42.526521" lon="-2.330196">
      <ele>484.4</ele>
    </trkpt>
    <trkpt lat="42.526275" lon="-2.329627">
      <ele>480.8</ele>
    </trkpt>
    <trkpt lat="42.526239" lon="-2.329439">
      <ele>479.8</ele>
    </trkpt>
    <trkpt lat="42.526237" lon="-2.329042">
      <ele>478</ele>
    </trkpt>
    <trkpt lat="42.526349" lon="-2.32831">
      <ele>474.4</ele>
    </trkpt>
    <trkpt lat="42.526352" lon="-2.328176">
      <ele>473.7</ele>
    </trkpt>
    <trkpt lat="42.526326" lon="-2.328039">
      <ele>473</ele>
    </trkpt>
    <trkpt lat="42.526155" lon="-2.327691">
      <ele>470.9</ele>
    </trkpt>
    <trkpt lat="42.526046" lon="-2.327445">
      <ele>469.4</ele>
    </trkpt>
    <trkpt lat="42.525982" lon="-2.327216">
      <ele>468.1</ele>
    </trkpt>
    <trkpt lat="42.525954" lon="-2.326833">
      <ele>466</ele>
    </trkpt>
    <trkpt lat="42.526053" lon="-2.325982">
      <ele>461.1</ele>
    </trkpt>
    <trkpt lat="42.526169" lon="-2.325242">
      <ele>457.3</ele>
    </trkpt>
    <trkpt lat="42.52621" lon="-2.325104">
      <ele>456.6</ele>
    </trkpt>
    <trkpt lat="42.526356" lon="-2.324822">
      <ele>455.2</ele>
    </trkpt>
    <trkpt lat="42.526942" lon="-2.323747">
      <ele>451.9</ele>
    </trkpt>
    <trkpt lat="42.527192" lon="-2.32329">
      <ele>451.6</ele>
    </trkpt>
    <trkpt lat="42.527212" lon="-2.323255">
      <ele>451.6</ele>
    </trkpt>
    <trkpt lat="42.527433" lon="-2.322914">
      <ele>451.8</ele>
    </trkpt>
    <trkpt lat="42.527688" lon="-2.322751">
      <ele>452.3</ele>
    </trkpt>
    <trkpt lat="42.53135" lon="-2.321102">
      <ele>463.5</ele>
    </trkpt>
    <trkpt lat="42.531703" lon="-2.320981">
      <ele>464.6</ele>
    </trkpt>
    <trkpt lat="42.532279" lon="-2.321008">
      <ele>467.1</ele>
    </trkpt>
    <trkpt lat="42.532411" lon="-2.320978">
      <ele>467.9</ele>
    </trkpt>
    <trkpt lat="42.532876" lon="-2.320785">
      <ele>471.1</ele>
    </trkpt>
    <trkpt lat="42.533041" lon="-2.320673">
      <ele>472.6</ele>
    </trkpt>
    <trkpt lat="42.533259" lon="-2.320461">
      <ele>475</ele>
    </trkpt>
    <trkpt lat="42.533383" lon="-2.32028">
      <ele>476.8</ele>
    </trkpt>
    <trkpt lat="42.53372" lon="-2.319603">
      <ele>482.8</ele>
    </trkpt>
    <trkpt lat="42.53439" lon="-2.318789">
      <ele>490.6</ele>
    </trkpt>
    <trkpt lat="42.534531" lon="-2.318572">
      <ele>492.2</ele>
    </trkpt>
    <trkpt lat="42.534621" lon="-2.318291">
      <ele>493.7</ele>
    </trkpt>
    <trkpt lat="42.534822" lon="-2.317206">
      <ele>499.6</ele>
    </trkpt>
    <trkpt lat="42.534847" lon="-2.317025">
      <ele>500.6</ele>
    </trkpt>
    <trkpt lat="42.534812" lon="-2.316814">
      <ele>501.9</ele>
    </trkpt>
    <trkpt lat="42.534248" lon="-2.315815">
      <ele>509.7</ele>
    </trkpt>
    <trkpt lat="42.534149" lon="-2.315602">
      <ele>511</ele>
    </trkpt>
    <trkpt lat="42.534033" lon="-2.31519">
      <ele>512.7</ele>
    </trkpt>
    <trkpt lat="42.533968" lon="-2.314569">
      <ele>514.1</ele>
    </trkpt>
    <trkpt lat="42.533999" lon="-2.314458">
      <ele>514.2</ele>
    </trkpt>
    <trkpt lat="42.534055" lon="-2.314386">
      <ele>514.3</ele>
    </trkpt>
    <trkpt lat="42.534139" lon="-2.314348">
      <ele>514.4</ele>
    </trkpt>
    <trkpt lat="42.534206" lon="-2.314357">
      <ele>514.5</ele>
    </trkpt>
    <trkpt lat="42.534293" lon="-2.314418">
      <ele>514.6</ele>
    </trkpt>
    <trkpt lat="42.534732" lon="-2.314888">
      <ele>514.9</ele>
    </trkpt>
    <trkpt lat="42.534943" lon="-2.315007">
      <ele>515.1</ele>
    </trkpt>
    <trkpt lat="42.535737" lon="-2.314854">
      <ele>518.2</ele>
    </trkpt>
    <trkpt lat="42.535829" lon="-2.314787">
      <ele>518.9</ele>
    </trkpt>
    <trkpt lat="42.535865" lon="-2.314699">
      <ele>519.4</ele>
    </trkpt>
    <trkpt lat="42.535867" lon="-2.314577">
      <ele>520</ele>
    </trkpt>
    <trkpt lat="42.535755" lon="-2.314296">
      <ele>521.8</ele>
    </trkpt>
    <trkpt lat="42.534939" lon="-2.312819">
      <ele>533.6</ele>
    </trkpt>
    <trkpt lat="42.534759" lon="-2.312305">
      <ele>537.8</ele>
    </trkpt>
    <trkpt lat="42.534707" lon="-2.312037">
      <ele>539.7</ele>
    </trkpt>
    <trkpt lat="42.534697" lon="-2.311818">
      <ele>541.1</ele>
    </trkpt>
    <trkpt lat="42.534788" lon="-2.311195">
      <ele>545</ele>
    </trkpt>
    <trkpt lat="42.534879" lon="-2.310863">
      <ele>546.8</ele>
    </trkpt>
    <trkpt lat="42.535459" lon="-2.309182">
      <ele>552.5</ele>
    </trkpt>
    <trkpt lat="42.535518" lon="-2.309184">
      <ele>552.7</ele>
    </trkpt>
    <trkpt lat="42.535605" lon="-2.309127">
      <ele>553</ele>
    </trkpt>
    <trkpt lat="42.535811" lon="-2.308883">
      <ele>553.9</ele>
    </trkpt>
    <trkpt lat="42.536169" lon="-2.308085">
      <ele>556.9</ele>
    </trkpt>
    <trkpt lat="42.536347" lon="-2.307804">
      <ele>558.2</ele>
    </trkpt>
    <trkpt lat="42.536859" lon="-2.307373">
      <ele>561.2</ele>
    </trkpt>
    <trkpt lat="42.537584" lon="-2.306411">
      <ele>565.3</ele>
    </trkpt>
    <trkpt lat="42.537764" lon="-2.306202">
      <ele>565.9</ele>
    </trkpt>
    <trkpt lat="42.537888" lon="-2.306121">
      <ele>566.3</ele>
    </trkpt>
    <trkpt lat="42.538041" lon="-2.306097">
      <ele>566.6</ele>
    </trkpt>
    <trkpt lat="42.538203" lon="-2.306127">
      <ele>567</ele>
    </trkpt>
    <trkpt lat="42.538424" lon="-2.306245">
      <ele>567.5</ele>
    </trkpt>
    <trkpt lat="42.538571" lon="-2.306285">
      <ele>567.9</ele>
    </trkpt>
    <trkpt lat="42.539483" lon="-2.306104">
      <ele>569.7</ele>
    </trkpt>
    <trkpt lat="42.539681" lon="-2.306104">
      <ele>570.2</ele>
    </trkpt>
    <trkpt lat="42.540361" lon="-2.306189">
      <ele>572.6</ele>
    </trkpt>
    <trkpt lat="42.540621" lon="-2.306226">
      <ele>573.6</ele>
    </trkpt>
    <trkpt lat="42.541432" lon="-2.306311">
      <ele>577.5</ele>
    </trkpt>
    <trkpt lat="42.542589" lon="-2.306204">
      <ele>582.9</ele>
    </trkpt>
    <trkpt lat="42.543086" lon="-2.306107">
      <ele>584.1</ele>
    </trkpt>
    <trkpt lat="42.543756" lon="-2.305887">
      <ele>585.2</ele>
    </trkpt>
    <trkpt lat="42.545296" lon="-2.3058">
      <ele>588.2</ele>
    </trkpt>
    <trkpt lat="42.548045" lon="-2.305345">
      <ele>596.3</ele>
    </trkpt>
    <trkpt lat="42.548212" lon="-2.305344">
      <ele>596.8</ele>
    </trkpt>
    <trkpt lat="42.548905" lon="-2.30549">
      <ele>599.3</ele>
    </trkpt>
    <trkpt lat="42.549471" lon="-2.30557">
      <ele>601.2</ele>
    </trkpt>
    <trkpt lat="42.549809" lon="-2.305708">
      <ele>602.4</ele>
    </trkpt>
    <trkpt lat="42.551197" lon="-2.306374">
      <ele>606.4</ele>
    </trkpt>
    <trkpt lat="42.55219" lon="-2.306643">
      <ele>608.7</ele>
    </trkpt>
    <trkpt lat="42.552398" lon="-2.306643">
      <ele>609.1</ele>
    </trkpt>
    <trkpt lat="42.553033" lon="-2.306546">
      <ele>610.3</ele>
    </trkpt>
    <trkpt lat="42.553367" lon="-2.30658">
      <ele>610.9</ele>
    </trkpt>
    <trkpt lat="42.553574" lon="-2.306639">
      <ele>611.4</ele>
    </trkpt>
    <trkpt lat="42.553759" lon="-2.306733">
      <ele>611.9</ele>
    </trkpt>
    <trkpt lat="42.553877" lon="-2.306836">
      <ele>612.3</ele>
    </trkpt>
    <trkpt lat="42.554178" lon="-2.307184">
      <ele>613.1</ele>
    </trkpt>
    <trkpt lat="42.554558" lon="-2.307485">
      <ele>613.5</ele>
    </trkpt>
    <trkpt lat="42.554785" lon="-2.307601">
      <ele>613.6</ele>
    </trkpt>
    <trkpt lat="42.555162" lon="-2.307604">
      <ele>613.2</ele>
    </trkpt>
    <trkpt lat="42.555379" lon="-2.307674">
      <ele>612.7</ele>
    </trkpt>
    <trkpt lat="42.555777" lon="-2.308115">
      <ele>610.7</ele>
    </trkpt>
    <trkpt lat="42.55732" lon="-2.309402">
      <ele>599.7</ele>
    </trkpt>
    <trkpt lat="42.557635" lon="-2.309605">
      <ele>597.9</ele>
    </trkpt>
    <trkpt lat="42.557808" lon="-2.309667">
      <ele>597.2</ele>
    </trkpt>
    <trkpt lat="42.557938" lon="-2.309674">
      <ele>596.7</ele>
    </trkpt>
    </trkseg>
  </trk>
</gpx>
