<?xml version="1.0" encoding="UTF-8"?>
<gpx version="1.1" creator="fitAI Komoot downloader" xmlns="http://www.topografix.com/GPX/1/1">
  <metadata>
    <name>Puente Románico de Puente la Reina y Estella-Lizarra - Recorrido circular desde Berbinzana</name>
    <desc>92 visitas · Dificultad: moderate · Distancia: 70.7 km · Desnivel +: 778 m</desc>
    <link href="https://www.komoot.com/smarttour/e1288567"><text>Komoot</text></link>
  </metadata>
  <trk>
    <name>Puente Románico de Puente la Reina y Estella-Lizarra - Recorrido circular desde Berbinzana</name>
    <type>racebike</type>
    <trkseg>
    <trkpt lat="42.526759" lon="-1.83364">
      <ele>316.2</ele>
    </trkpt>
    <trkpt lat="42.526855" lon="-1.834068">
      <ele>316.8</ele>
    </trkpt>
    <trkpt lat="42.527029" lon="-1.834745">
      <ele>317.6</ele>
    </trkpt>
    <trkpt lat="42.527222" lon="-1.834694">
      <ele>317.9</ele>
    </trkpt>
    <trkpt lat="42.527264" lon="-1.834682">
      <ele>317.9</ele>
    </trkpt>
    <trkpt lat="42.527672" lon="-1.834568">
      <ele>318.4</ele>
    </trkpt>
    <trkpt lat="42.528369" lon="-1.834424">
      <ele>318.4</ele>
    </trkpt>
    <trkpt lat="42.52866" lon="-1.834368">
      <ele>318.3</ele>
    </trkpt>
    <trkpt lat="42.528907" lon="-1.834311">
      <ele>318.2</ele>
    </trkpt>
    <trkpt lat="42.529667" lon="-1.834074">
      <ele>318.2</ele>
    </trkpt>
    <trkpt lat="42.529972" lon="-1.833982">
      <ele>318.1</ele>
    </trkpt>
    <trkpt lat="42.530396" lon="-1.833855">
      <ele>318</ele>
    </trkpt>
    <trkpt lat="42.532275" lon="-1.833358">
      <ele>317.6</ele>
    </trkpt>
    <trkpt lat="42.533074" lon="-1.833157">
      <ele>317.6</ele>
    </trkpt>
    <trkpt lat="42.533247" lon="-1.83309">
      <ele>317.7</ele>
    </trkpt>
    <trkpt lat="42.534378" lon="-1.832521">
      <ele>318</ele>
    </trkpt>
    <trkpt lat="42.5355" lon="-1.832034">
      <ele>318.8</ele>
    </trkpt>
    <trkpt lat="42.536473" lon="-1.831698">
      <ele>319</ele>
    </trkpt>
    <trkpt lat="42.537123" lon="-1.8312">
      <ele>318.6</ele>
    </trkpt>
    <trkpt lat="42.538113" lon="-1.830635">
      <ele>317.8</ele>
    </trkpt>
    <trkpt lat="42.538533" lon="-1.830449">
      <ele>317.5</ele>
    </trkpt>
    <trkpt lat="42.539983" lon="-1.829907">
      <ele>316.8</ele>
    </trkpt>
    <trkpt lat="42.540316" lon="-1.829828">
      <ele>316.7</ele>
    </trkpt>
    <trkpt lat="42.54101" lon="-1.829756">
      <ele>316.6</ele>
    </trkpt>
    <trkpt lat="42.542659" lon="-1.829392">
      <ele>316.9</ele>
    </trkpt>
    <trkpt lat="42.542823" lon="-1.829363">
      <ele>316.9</ele>
    </trkpt>
    <trkpt lat="42.543366" lon="-1.829349">
      <ele>317.2</ele>
    </trkpt>
    <trkpt lat="42.543712" lon="-1.829372">
      <ele>317.5</ele>
    </trkpt>
    <trkpt lat="42.543986" lon="-1.829439">
      <ele>317.7</ele>
    </trkpt>
    <trkpt lat="42.544611" lon="-1.829676">
      <ele>318.4</ele>
    </trkpt>
    <trkpt lat="42.545591" lon="-1.830192">
      <ele>319.5</ele>
    </trkpt>
    <trkpt lat="42.546101" lon="-1.830459">
      <ele>319.9</ele>
    </trkpt>
    <trkpt lat="42.547763" lon="-1.831467">
      <ele>320.1</ele>
    </trkpt>
    <trkpt lat="42.548014" lon="-1.831589">
      <ele>320.2</ele>
    </trkpt>
    <trkpt lat="42.548515" lon="-1.831743">
      <ele>320.2</ele>
    </trkpt>
    <trkpt lat="42.549853" lon="-1.832357">
      <ele>321.2</ele>
    </trkpt>
    <trkpt lat="42.55017" lon="-1.832531">
      <ele>321.5</ele>
    </trkpt>
    <trkpt lat="42.550415" lon="-1.832767">
      <ele>321.6</ele>
    </trkpt>
    <trkpt lat="42.550735" lon="-1.833225">
      <ele>322</ele>
    </trkpt>
    <trkpt lat="42.551029" lon="-1.833782">
      <ele>322.6</ele>
    </trkpt>
    <trkpt lat="42.551401" lon="-1.83457">
      <ele>323.8</ele>
    </trkpt>
    <trkpt lat="42.551507" lon="-1.834799">
      <ele>324.3</ele>
    </trkpt>
    <trkpt lat="42.551704" lon="-1.835306">
      <ele>325.8</ele>
    </trkpt>
    <trkpt lat="42.551833" lon="-1.835546">
      <ele>326.6</ele>
    </trkpt>
    <trkpt lat="42.552423" lon="-1.836009">
      <ele>329.2</ele>
    </trkpt>
    <trkpt lat="42.552529" lon="-1.836143">
      <ele>329.8</ele>
    </trkpt>
    <trkpt lat="42.552603" lon="-1.836289">
      <ele>330.4</ele>
    </trkpt>
    <trkpt lat="42.552671" lon="-1.836601">
      <ele>331.3</ele>
    </trkpt>
    <trkpt lat="42.552712" lon="-1.836966">
      <ele>332.4</ele>
    </trkpt>
    <trkpt lat="42.552738" lon="-1.837749">
      <ele>334.8</ele>
    </trkpt>
    <trkpt lat="42.552798" lon="-1.83795">
      <ele>335.5</ele>
    </trkpt>
    <trkpt lat="42.553335" lon="-1.839168">
      <ele>340.4</ele>
    </trkpt>
    <trkpt lat="42.55343" lon="-1.839493">
      <ele>341.6</ele>
    </trkpt>
    <trkpt lat="42.553506" lon="-1.840066">
      <ele>343.4</ele>
    </trkpt>
    <trkpt lat="42.553628" lon="-1.841267">
      <ele>348.4</ele>
    </trkpt>
    <trkpt lat="42.553684" lon="-1.84149">
      <ele>349.6</ele>
    </trkpt>
    <trkpt lat="42.553809" lon="-1.841668">
      <ele>350.9</ele>
    </trkpt>
    <trkpt lat="42.554076" lon="-1.841809">
      <ele>353</ele>
    </trkpt>
    <trkpt lat="42.554431" lon="-1.841933">
      <ele>356</ele>
    </trkpt>
    <trkpt lat="42.554741" lon="-1.841892">
      <ele>358.7</ele>
    </trkpt>
    <trkpt lat="42.555107" lon="-1.841787">
      <ele>361.8</ele>
    </trkpt>
    <trkpt lat="42.555227" lon="-1.841802">
      <ele>362.7</ele>
    </trkpt>
    <trkpt lat="42.555282" lon="-1.841883">
      <ele>363.3</ele>
    </trkpt>
    <trkpt lat="42.555275" lon="-1.842005">
      <ele>363.9</ele>
    </trkpt>
    <trkpt lat="42.555088" lon="-1.842387">
      <ele>366</ele>
    </trkpt>
    <trkpt lat="42.555061" lon="-1.842567">
      <ele>366.7</ele>
    </trkpt>
    <trkpt lat="42.555101" lon="-1.842926">
      <ele>368</ele>
    </trkpt>
    <trkpt lat="42.555105" lon="-1.842939">
      <ele>368</ele>
    </trkpt>
    <trkpt lat="42.555213" lon="-1.843316">
      <ele>369.3</ele>
    </trkpt>
    <trkpt lat="42.555509" lon="-1.844009">
      <ele>371.1</ele>
    </trkpt>
    <trkpt lat="42.555551" lon="-1.844104">
      <ele>371.2</ele>
    </trkpt>
    <trkpt lat="42.555749" lon="-1.844572">
      <ele>371.8</ele>
    </trkpt>
    <trkpt lat="42.55578" lon="-1.844842">
      <ele>372</ele>
    </trkpt>
    <trkpt lat="42.555762" lon="-1.844999">
      <ele>372</ele>
    </trkpt>
    <trkpt lat="42.555748" lon="-1.845169">
      <ele>372.1</ele>
    </trkpt>
    <trkpt lat="42.555655" lon="-1.845905">
      <ele>372.3</ele>
    </trkpt>
    <trkpt lat="42.555599" lon="-1.846223">
      <ele>372.4</ele>
    </trkpt>
    <trkpt lat="42.555517" lon="-1.846487">
      <ele>372.6</ele>
    </trkpt>
    <trkpt lat="42.555485" lon="-1.846725">
      <ele>372.7</ele>
    </trkpt>
    <trkpt lat="42.5555" lon="-1.846902">
      <ele>372.9</ele>
    </trkpt>
    <trkpt lat="42.556001" lon="-1.848088">
      <ele>375.2</ele>
    </trkpt>
    <trkpt lat="42.55612" lon="-1.848281">
      <ele>376</ele>
    </trkpt>
    <trkpt lat="42.556551" lon="-1.848769">
      <ele>379.1</ele>
    </trkpt>
    <trkpt lat="42.556772" lon="-1.848981">
      <ele>380.4</ele>
    </trkpt>
    <trkpt lat="42.556919" lon="-1.848992">
      <ele>381.1</ele>
    </trkpt>
    <trkpt lat="42.557329" lon="-1.848935">
      <ele>382.4</ele>
    </trkpt>
    <trkpt lat="42.5575" lon="-1.849071">
      <ele>383</ele>
    </trkpt>
    <trkpt lat="42.557719" lon="-1.849394">
      <ele>384</ele>
    </trkpt>
    <trkpt lat="42.557839" lon="-1.849604">
      <ele>384.7</ele>
    </trkpt>
    <trkpt lat="42.55795" lon="-1.849767">
      <ele>385.2</ele>
    </trkpt>
    <trkpt lat="42.558051" lon="-1.849973">
      <ele>385.6</ele>
    </trkpt>
    <trkpt lat="42.558154" lon="-1.850015">
      <ele>385.8</ele>
    </trkpt>
    <trkpt lat="42.558477" lon="-1.850254">
      <ele>386.6</ele>
    </trkpt>
    <trkpt lat="42.558573" lon="-1.850288">
      <ele>386.8</ele>
    </trkpt>
    <trkpt lat="42.558652" lon="-1.850283">
      <ele>387</ele>
    </trkpt>
    <trkpt lat="42.558735" lon="-1.850215">
      <ele>387.2</ele>
    </trkpt>
    <trkpt lat="42.558796" lon="-1.850101">
      <ele>387.5</ele>
    </trkpt>
    <trkpt lat="42.558872" lon="-1.849919">
      <ele>387.9</ele>
    </trkpt>
    <trkpt lat="42.55901" lon="-1.849824">
      <ele>388.3</ele>
    </trkpt>
    <trkpt lat="42.559476" lon="-1.849819">
      <ele>388.5</ele>
    </trkpt>
    <trkpt lat="42.560178" lon="-1.849643">
      <ele>387.1</ele>
    </trkpt>
    <trkpt lat="42.560426" lon="-1.849606">
      <ele>386.3</ele>
    </trkpt>
    <trkpt lat="42.560744" lon="-1.849516">
      <ele>385.2</ele>
    </trkpt>
    <trkpt lat="42.560942" lon="-1.849474">
      <ele>384.6</ele>
    </trkpt>
    <trkpt lat="42.561355" lon="-1.849411">
      <ele>383.5</ele>
    </trkpt>
    <trkpt lat="42.561563" lon="-1.849425">
      <ele>383.1</ele>
    </trkpt>
    <trkpt lat="42.562073" lon="-1.849636">
      <ele>382.4</ele>
    </trkpt>
    <trkpt lat="42.562186" lon="-1.849646">
      <ele>382.2</ele>
    </trkpt>
    <trkpt lat="42.563226" lon="-1.849409">
      <ele>379.2</ele>
    </trkpt>
    <trkpt lat="42.563541" lon="-1.849378">
      <ele>377.7</ele>
    </trkpt>
    <trkpt lat="42.564497" lon="-1.849379">
      <ele>372.2</ele>
    </trkpt>
    <trkpt lat="42.56486" lon="-1.849317">
      <ele>370.2</ele>
    </trkpt>
    <trkpt lat="42.565792" lon="-1.848917">
      <ele>365.1</ele>
    </trkpt>
    <trkpt lat="42.566062" lon="-1.848884">
      <ele>363.7</ele>
    </trkpt>
    <trkpt lat="42.566262" lon="-1.848932">
      <ele>362.6</ele>
    </trkpt>
    <trkpt lat="42.56642" lon="-1.849019">
      <ele>361.6</ele>
    </trkpt>
    <trkpt lat="42.566545" lon="-1.849122">
      <ele>360.8</ele>
    </trkpt>
    <trkpt lat="42.566742" lon="-1.84936">
      <ele>359.1</ele>
    </trkpt>
    <trkpt lat="42.566793" lon="-1.849386">
      <ele>358.7</ele>
    </trkpt>
    <trkpt lat="42.566972" lon="-1.849456">
      <ele>357.5</ele>
    </trkpt>
    <trkpt lat="42.567048" lon="-1.849426">
      <ele>356.9</ele>
    </trkpt>
    <trkpt lat="42.567165" lon="-1.849291">
      <ele>355.8</ele>
    </trkpt>
    <trkpt lat="42.567297" lon="-1.848768">
      <ele>352.9</ele>
    </trkpt>
    <trkpt lat="42.567381" lon="-1.848564">
      <ele>351.6</ele>
    </trkpt>
    <trkpt lat="42.567444" lon="-1.84835">
      <ele>350.3</ele>
    </trkpt>
    <trkpt lat="42.567637" lon="-1.847513">
      <ele>345.4</ele>
    </trkpt>
    <trkpt lat="42.568163" lon="-1.845264">
      <ele>332.7</ele>
    </trkpt>
    <trkpt lat="42.568224" lon="-1.844835">
      <ele>330.5</ele>
    </trkpt>
    <trkpt lat="42.568252" lon="-1.844405">
      <ele>328.4</ele>
    </trkpt>
    <trkpt lat="42.568238" lon="-1.84411">
      <ele>327</ele>
    </trkpt>
    <trkpt lat="42.568196" lon="-1.843664">
      <ele>325.1</ele>
    </trkpt>
    <trkpt lat="42.56808" lon="-1.843065">
      <ele>322.5</ele>
    </trkpt>
    <trkpt lat="42.567952" lon="-1.842665">
      <ele>320.8</ele>
    </trkpt>
    <trkpt lat="42.567823" lon="-1.842369">
      <ele>319.5</ele>
    </trkpt>
    <trkpt lat="42.567657" lon="-1.842034">
      <ele>318.3</ele>
    </trkpt>
    <trkpt lat="42.567299" lon="-1.841427">
      <ele>316.9</ele>
    </trkpt>
    <trkpt lat="42.566614" lon="-1.840184">
      <ele>316.9</ele>
    </trkpt>
    <trkpt lat="42.566503" lon="-1.839994">
      <ele>317.1</ele>
    </trkpt>
    <trkpt lat="42.567593" lon="-1.83913">
      <ele>318.1</ele>
    </trkpt>
    <trkpt lat="42.567818" lon="-1.838915">
      <ele>318.2</ele>
    </trkpt>
    <trkpt lat="42.568841" lon="-1.837563">
      <ele>318.9</ele>
    </trkpt>
    <trkpt lat="42.569119" lon="-1.837286">
      <ele>319</ele>
    </trkpt>
    <trkpt lat="42.569259" lon="-1.837219">
      <ele>319</ele>
    </trkpt>
    <trkpt lat="42.570521" lon="-1.836833">
      <ele>318.9</ele>
    </trkpt>
    <trkpt lat="42.571142" lon="-1.836698">
      <ele>318.9</ele>
    </trkpt>
    <trkpt lat="42.574459" lon="-1.836259">
      <ele>322.7</ele>
    </trkpt>
    <trkpt lat="42.574663" lon="-1.836197">
      <ele>323.4</ele>
    </trkpt>
    <trkpt lat="42.574853" lon="-1.836102">
      <ele>324.3</ele>
    </trkpt>
    <trkpt lat="42.575865" lon="-1.835462">
      <ele>328</ele>
    </trkpt>
    <trkpt lat="42.576263" lon="-1.83531">
      <ele>328.5</ele>
    </trkpt>
    <trkpt lat="42.576759" lon="-1.835244">
      <ele>328.4</ele>
    </trkpt>
    <trkpt lat="42.578584" lon="-1.835448">
      <ele>326.8</ele>
    </trkpt>
    <trkpt lat="42.57883" lon="-1.835441">
      <ele>326.9</ele>
    </trkpt>
    <trkpt lat="42.579046" lon="-1.835414">
      <ele>327</ele>
    </trkpt>
    <trkpt lat="42.579266" lon="-1.835347">
      <ele>327.2</ele>
    </trkpt>
    <trkpt lat="42.580573" lon="-1.834826">
      <ele>328.1</ele>
    </trkpt>
    <trkpt lat="42.580961" lon="-1.83475">
      <ele>328</ele>
    </trkpt>
    <trkpt lat="42.581153" lon="-1.834747">
      <ele>327.8</ele>
    </trkpt>
    <trkpt lat="42.581499" lon="-1.834817">
      <ele>327.5</ele>
    </trkpt>
    <trkpt lat="42.58188" lon="-1.835031">
      <ele>327.2</ele>
    </trkpt>
    <trkpt lat="42.582101" lon="-1.835222">
      <ele>327.1</ele>
    </trkpt>
    <trkpt lat="42.582285" lon="-1.835447">
      <ele>327.1</ele>
    </trkpt>
    <trkpt lat="42.583165" lon="-1.837433">
      <ele>329.1</ele>
    </trkpt>
    <trkpt lat="42.583288" lon="-1.837604">
      <ele>329.5</ele>
    </trkpt>
    <trkpt lat="42.584998" lon="-1.839521">
      <ele>333.1</ele>
    </trkpt>
    <trkpt lat="42.585998" lon="-1.840397">
      <ele>334.8</ele>
    </trkpt>
    <trkpt lat="42.586286" lon="-1.840731">
      <ele>335.4</ele>
    </trkpt>
    <trkpt lat="42.586676" lon="-1.841252">
      <ele>336.3</ele>
    </trkpt>
    <trkpt lat="42.586871" lon="-1.841448">
      <ele>336.8</ele>
    </trkpt>
    <trkpt lat="42.587088" lon="-1.841624">
      <ele>337.3</ele>
    </trkpt>
    <trkpt lat="42.588166" lon="-1.84223">
      <ele>339.8</ele>
    </trkpt>
    <trkpt lat="42.588437" lon="-1.842417">
      <ele>340.4</ele>
    </trkpt>
    <trkpt lat="42.589166" lon="-1.842996">
      <ele>341.5</ele>
    </trkpt>
    <trkpt lat="42.590973" lon="-1.843927">
      <ele>342.4</ele>
    </trkpt>
    <trkpt lat="42.591926" lon="-1.844421">
      <ele>341.6</ele>
    </trkpt>
    <trkpt lat="42.592114" lon="-1.844467">
      <ele>341.5</ele>
    </trkpt>
    <trkpt lat="42.592845" lon="-1.844573">
      <ele>341.5</ele>
    </trkpt>
    <trkpt lat="42.593064" lon="-1.844579">
      <ele>341.7</ele>
    </trkpt>
    <trkpt lat="42.593967" lon="-1.84451">
      <ele>343.1</ele>
    </trkpt>
    <trkpt lat="42.594446" lon="-1.844517">
      <ele>343.9</ele>
    </trkpt>
    <trkpt lat="42.594909" lon="-1.844607">
      <ele>344</ele>
    </trkpt>
    <trkpt lat="42.595503" lon="-1.844896">
      <ele>342.9</ele>
    </trkpt>
    <trkpt lat="42.596711" lon="-1.845622">
      <ele>337.9</ele>
    </trkpt>
    <trkpt lat="42.596889" lon="-1.845703">
      <ele>337</ele>
    </trkpt>
    <trkpt lat="42.597086" lon="-1.845741">
      <ele>336.1</ele>
    </trkpt>
    <trkpt lat="42.597684" lon="-1.845723">
      <ele>333.4</ele>
    </trkpt>
    <trkpt lat="42.598073" lon="-1.845677">
      <ele>331.8</ele>
    </trkpt>
    <trkpt lat="42.598823" lon="-1.845535">
      <ele>329.1</ele>
    </trkpt>
    <trkpt lat="42.600014" lon="-1.84546">
      <ele>326.8</ele>
    </trkpt>
    <trkpt lat="42.602906" lon="-1.845224">
      <ele>326.6</ele>
    </trkpt>
    <trkpt lat="42.604534" lon="-1.845181">
      <ele>326.5</ele>
    </trkpt>
    <trkpt lat="42.60525" lon="-1.845122">
      <ele>326.6</ele>
    </trkpt>
    <trkpt lat="42.607549" lon="-1.844674">
      <ele>327.3</ele>
    </trkpt>
    <trkpt lat="42.608294" lon="-1.844362">
      <ele>327.6</ele>
    </trkpt>
    <trkpt lat="42.608705" lon="-1.844257">
      <ele>327.7</ele>
    </trkpt>
    <trkpt lat="42.609739" lon="-1.844137">
      <ele>327.7</ele>
    </trkpt>
    <trkpt lat="42.610899" lon="-1.844116">
      <ele>327.1</ele>
    </trkpt>
    <trkpt lat="42.61112" lon="-1.844078">
      <ele>326.9</ele>
    </trkpt>
    <trkpt lat="42.612462" lon="-1.843533">
      <ele>326.3</ele>
    </trkpt>
    <trkpt lat="42.612868" lon="-1.843429">
      <ele>326.5</ele>
    </trkpt>
    <trkpt lat="42.614242" lon="-1.843155">
      <ele>327.3</ele>
    </trkpt>
    <trkpt lat="42.614796" lon="-1.843002">
      <ele>327.6</ele>
    </trkpt>
    <trkpt lat="42.615519" lon="-1.842721">
      <ele>328.3</ele>
    </trkpt>
    <trkpt lat="42.616138" lon="-1.842314">
      <ele>329.4</ele>
    </trkpt>
    <trkpt lat="42.616551" lon="-1.842151">
      <ele>330.1</ele>
    </trkpt>
    <trkpt lat="42.617609" lon="-1.841734">
      <ele>331.6</ele>
    </trkpt>
    <trkpt lat="42.618702" lon="-1.84137">
      <ele>332.1</ele>
    </trkpt>
    <trkpt lat="42.618934" lon="-1.841317">
      <ele>332</ele>
    </trkpt>
    <trkpt lat="42.620428" lon="-1.841354">
      <ele>330.7</ele>
    </trkpt>
    <trkpt lat="42.620639" lon="-1.841319">
      <ele>330.7</ele>
    </trkpt>
    <trkpt lat="42.620877" lon="-1.841213">
      <ele>330.8</ele>
    </trkpt>
    <trkpt lat="42.622813" lon="-1.840055">
      <ele>331.9</ele>
    </trkpt>
    <trkpt lat="42.623025" lon="-1.839899">
      <ele>332.2</ele>
    </trkpt>
    <trkpt lat="42.623945" lon="-1.839019">
      <ele>334.2</ele>
    </trkpt>
    <trkpt lat="42.624132" lon="-1.838782">
      <ele>334.9</ele>
    </trkpt>
    <trkpt lat="42.624449" lon="-1.838112">
      <ele>337.1</ele>
    </trkpt>
    <trkpt lat="42.624569" lon="-1.837992">
      <ele>337.7</ele>
    </trkpt>
    <trkpt lat="42.62502" lon="-1.837235">
      <ele>341.1</ele>
    </trkpt>
    <trkpt lat="42.625149" lon="-1.836951">
      <ele>342.3</ele>
    </trkpt>
    <trkpt lat="42.625253" lon="-1.836008">
      <ele>346.6</ele>
    </trkpt>
    <trkpt lat="42.625339" lon="-1.83575">
      <ele>348.1</ele>
    </trkpt>
    <trkpt lat="42.625431" lon="-1.835291">
      <ele>350.8</ele>
    </trkpt>
    <trkpt lat="42.625523" lon="-1.834957">
      <ele>353</ele>
    </trkpt>
    <trkpt lat="42.626001" lon="-1.834272">
      <ele>359.4</ele>
    </trkpt>
    <trkpt lat="42.626362" lon="-1.833975">
      <ele>363.2</ele>
    </trkpt>
    <trkpt lat="42.626564" lon="-1.833933">
      <ele>365</ele>
    </trkpt>
    <trkpt lat="42.626577" lon="-1.833839">
      <ele>365.5</ele>
    </trkpt>
    <trkpt lat="42.627074" lon="-1.83301">
      <ele>372.4</ele>
    </trkpt>
    <trkpt lat="42.627105" lon="-1.832966">
      <ele>372.8</ele>
    </trkpt>
    <trkpt lat="42.627389" lon="-1.832543">
      <ele>376.2</ele>
    </trkpt>
    <trkpt lat="42.627909" lon="-1.832041">
      <ele>380.5</ele>
    </trkpt>
    <trkpt lat="42.628104" lon="-1.831839">
      <ele>381.6</ele>
    </trkpt>
    <trkpt lat="42.628272" lon="-1.831586">
      <ele>382.5</ele>
    </trkpt>
    <trkpt lat="42.628343" lon="-1.831412">
      <ele>382.9</ele>
    </trkpt>
    <trkpt lat="42.628372" lon="-1.831249">
      <ele>383.1</ele>
    </trkpt>
    <trkpt lat="42.628361" lon="-1.830914">
      <ele>383.1</ele>
    </trkpt>
    <trkpt lat="42.628263" lon="-1.830022">
      <ele>382.1</ele>
    </trkpt>
    <trkpt lat="42.628239" lon="-1.829722">
      <ele>381.6</ele>
    </trkpt>
    <trkpt lat="42.628474" lon="-1.829546">
      <ele>381</ele>
    </trkpt>
    <trkpt lat="42.628909" lon="-1.829178">
      <ele>379.9</ele>
    </trkpt>
    <trkpt lat="42.629053" lon="-1.828658">
      <ele>378.5</ele>
    </trkpt>
    <trkpt lat="42.629163" lon="-1.828499">
      <ele>377.8</ele>
    </trkpt>
    <trkpt lat="42.6295" lon="-1.828229">
      <ele>375.1</ele>
    </trkpt>
    <trkpt lat="42.629852" lon="-1.828087">
      <ele>372.2</ele>
    </trkpt>
    <trkpt lat="42.630224" lon="-1.827981">
      <ele>369.5</ele>
    </trkpt>
    <trkpt lat="42.63052" lon="-1.827879">
      <ele>366.6</ele>
    </trkpt>
    <trkpt lat="42.630598" lon="-1.827789">
      <ele>365.6</ele>
    </trkpt>
    <trkpt lat="42.630648" lon="-1.827657">
      <ele>364.6</ele>
    </trkpt>
    <trkpt lat="42.630648" lon="-1.82738">
      <ele>362.7</ele>
    </trkpt>
    <trkpt lat="42.63058" lon="-1.826953">
      <ele>359.9</ele>
    </trkpt>
    <trkpt lat="42.630584" lon="-1.826877">
      <ele>359.4</ele>
    </trkpt>
    <trkpt lat="42.630647" lon="-1.826806">
      <ele>358.6</ele>
    </trkpt>
    <trkpt lat="42.630738" lon="-1.826834">
      <ele>357.9</ele>
    </trkpt>
    <trkpt lat="42.630764" lon="-1.826887">
      <ele>357.5</ele>
    </trkpt>
    <trkpt lat="42.630819" lon="-1.827271">
      <ele>355.4</ele>
    </trkpt>
    <trkpt lat="42.630926" lon="-1.828069">
      <ele>350.5</ele>
    </trkpt>
    <trkpt lat="42.631001" lon="-1.82822">
      <ele>349.3</ele>
    </trkpt>
    <trkpt lat="42.631145" lon="-1.828291">
      <ele>348.3</ele>
    </trkpt>
    <trkpt lat="42.63168" lon="-1.828277">
      <ele>345</ele>
    </trkpt>
    <trkpt lat="42.632037" lon="-1.828309">
      <ele>343.7</ele>
    </trkpt>
    <trkpt lat="42.632269" lon="-1.828366">
      <ele>343.3</ele>
    </trkpt>
    <trkpt lat="42.632496" lon="-1.828543">
      <ele>343.1</ele>
    </trkpt>
    <trkpt lat="42.632756" lon="-1.828814">
      <ele>343.3</ele>
    </trkpt>
    <trkpt lat="42.633021" lon="-1.828953">
      <ele>343.8</ele>
    </trkpt>
    <trkpt lat="42.635269" lon="-1.829038">
      <ele>346.4</ele>
    </trkpt>
    <trkpt lat="42.636" lon="-1.829094">
      <ele>345</ele>
    </trkpt>
    <trkpt lat="42.636936" lon="-1.829219">
      <ele>343</ele>
    </trkpt>
    <trkpt lat="42.638473" lon="-1.829537">
      <ele>343.1</ele>
    </trkpt>
    <trkpt lat="42.638833" lon="-1.829551">
      <ele>343.2</ele>
    </trkpt>
    <trkpt lat="42.639271" lon="-1.829514">
      <ele>343.2</ele>
    </trkpt>
    <trkpt lat="42.640706" lon="-1.829033">
      <ele>340</ele>
    </trkpt>
    <trkpt lat="42.641079" lon="-1.828945">
      <ele>338.6</ele>
    </trkpt>
    <trkpt lat="42.641433" lon="-1.828888">
      <ele>337.5</ele>
    </trkpt>
    <trkpt lat="42.64177" lon="-1.828891">
      <ele>336.5</ele>
    </trkpt>
    <trkpt lat="42.641922" lon="-1.828896">
      <ele>336.1</ele>
    </trkpt>
    <trkpt lat="42.645569" lon="-1.829046">
      <ele>336.8</ele>
    </trkpt>
    <trkpt lat="42.650271" lon="-1.829294">
      <ele>343.4</ele>
    </trkpt>
    <trkpt lat="42.650837" lon="-1.829295">
      <ele>344.2</ele>
    </trkpt>
    <trkpt lat="42.651347" lon="-1.829221">
      <ele>344.7</ele>
    </trkpt>
    <trkpt lat="42.651684" lon="-1.829136">
      <ele>344.9</ele>
    </trkpt>
    <trkpt lat="42.652517" lon="-1.828814">
      <ele>344.8</ele>
    </trkpt>
    <trkpt lat="42.653048" lon="-1.828657">
      <ele>344.5</ele>
    </trkpt>
    <trkpt lat="42.653503" lon="-1.82868">
      <ele>344.2</ele>
    </trkpt>
    <trkpt lat="42.654009" lon="-1.828753">
      <ele>344.1</ele>
    </trkpt>
    <trkpt lat="42.655528" lon="-1.828844">
      <ele>344.6</ele>
    </trkpt>
    <trkpt lat="42.658023" lon="-1.828767">
      <ele>345.9</ele>
    </trkpt>
    <trkpt lat="42.659287" lon="-1.828753">
      <ele>346.1</ele>
    </trkpt>
    <trkpt lat="42.659993" lon="-1.8288">
      <ele>345.9</ele>
    </trkpt>
    <trkpt lat="42.660344" lon="-1.828775">
      <ele>345.7</ele>
    </trkpt>
    <trkpt lat="42.661349" lon="-1.828551">
      <ele>345.2</ele>
    </trkpt>
    <trkpt lat="42.661841" lon="-1.828422">
      <ele>345.4</ele>
    </trkpt>
    <trkpt lat="42.662234" lon="-1.828239">
      <ele>345.7</ele>
    </trkpt>
    <trkpt lat="42.66285" lon="-1.827896">
      <ele>346.2</ele>
    </trkpt>
    <trkpt lat="42.663025" lon="-1.827803">
      <ele>346.4</ele>
    </trkpt>
    <trkpt lat="42.664156" lon="-1.82705">
      <ele>345.4</ele>
    </trkpt>
    <trkpt lat="42.664152" lon="-1.826981">
      <ele>345.2</ele>
    </trkpt>
    <trkpt lat="42.664186" lon="-1.826854">
      <ele>344.9</ele>
    </trkpt>
    <trkpt lat="42.664266" lon="-1.826773">
      <ele>344.6</ele>
    </trkpt>
    <trkpt lat="42.664316" lon="-1.826759">
      <ele>344.4</ele>
    </trkpt>
    <trkpt lat="42.664406" lon="-1.826784">
      <ele>344.1</ele>
    </trkpt>
    <trkpt lat="42.664494" lon="-1.826925">
      <ele>343.7</ele>
    </trkpt>
    <trkpt lat="42.664945" lon="-1.826854">
      <ele>342.3</ele>
    </trkpt>
    <trkpt lat="42.665231" lon="-1.826841">
      <ele>341.4</ele>
    </trkpt>
    <trkpt lat="42.666986" lon="-1.826874">
      <ele>339.9</ele>
    </trkpt>
    <trkpt lat="42.667357" lon="-1.826881">
      <ele>340.3</ele>
    </trkpt>
    <trkpt lat="42.66758" lon="-1.82678">
      <ele>340.6</ele>
    </trkpt>
    <trkpt lat="42.667651" lon="-1.826628">
      <ele>340.8</ele>
    </trkpt>
    <trkpt lat="42.667769" lon="-1.826546">
      <ele>341</ele>
    </trkpt>
    <trkpt lat="42.667851" lon="-1.826437">
      <ele>341.1</ele>
    </trkpt>
    <trkpt lat="42.66791" lon="-1.826251">
      <ele>341.3</ele>
    </trkpt>
    <trkpt lat="42.667992" lon="-1.825562">
      <ele>341.7</ele>
    </trkpt>
    <trkpt lat="42.668064" lon="-1.824793">
      <ele>341.6</ele>
    </trkpt>
    <trkpt lat="42.668101" lon="-1.824483">
      <ele>341.7</ele>
    </trkpt>
    <trkpt lat="42.668224" lon="-1.823748">
      <ele>341.6</ele>
    </trkpt>
    <trkpt lat="42.668287" lon="-1.823433">
      <ele>341.6</ele>
    </trkpt>
    <trkpt lat="42.668478" lon="-1.822773">
      <ele>341.7</ele>
    </trkpt>
    <trkpt lat="42.668789" lon="-1.821871">
      <ele>341.5</ele>
    </trkpt>
    <trkpt lat="42.668829" lon="-1.821755">
      <ele>341.5</ele>
    </trkpt>
    <trkpt lat="42.669582" lon="-1.81958">
      <ele>340.7</ele>
    </trkpt>
    <trkpt lat="42.669744" lon="-1.819121">
      <ele>340</ele>
    </trkpt>
    <trkpt lat="42.669787" lon="-1.819011">
      <ele>339.8</ele>
    </trkpt>
    <trkpt lat="42.669855" lon="-1.818839">
      <ele>339.5</ele>
    </trkpt>
    <trkpt lat="42.669871" lon="-1.818799">
      <ele>339.4</ele>
    </trkpt>
    <trkpt lat="42.66989" lon="-1.818749">
      <ele>339.3</ele>
    </trkpt>
    <trkpt lat="42.670339" lon="-1.81757">
      <ele>338.6</ele>
    </trkpt>
    <trkpt lat="42.67042" lon="-1.817345">
      <ele>338.8</ele>
    </trkpt>
    <trkpt lat="42.670453" lon="-1.817255">
      <ele>338.9</ele>
    </trkpt>
    <trkpt lat="42.670722" lon="-1.815958">
      <ele>341.1</ele>
    </trkpt>
    <trkpt lat="42.670738" lon="-1.815882">
      <ele>341.2</ele>
    </trkpt>
    <trkpt lat="42.670839" lon="-1.815395">
      <ele>341.5</ele>
    </trkpt>
    <trkpt lat="42.67076" lon="-1.815375">
      <ele>341.6</ele>
    </trkpt>
    <trkpt lat="42.670839" lon="-1.815395">
      <ele>341.5</ele>
    </trkpt>
    <trkpt lat="42.670738" lon="-1.815882">
      <ele>341.2</ele>
    </trkpt>
    <trkpt lat="42.670722" lon="-1.815958">
      <ele>341.1</ele>
    </trkpt>
    <trkpt lat="42.670453" lon="-1.817255">
      <ele>338.9</ele>
    </trkpt>
    <trkpt lat="42.67042" lon="-1.817345">
      <ele>338.8</ele>
    </trkpt>
    <trkpt lat="42.670339" lon="-1.81757">
      <ele>338.6</ele>
    </trkpt>
    <trkpt lat="42.66989" lon="-1.818749">
      <ele>339.3</ele>
    </trkpt>
    <trkpt lat="42.669871" lon="-1.818799">
      <ele>339.4</ele>
    </trkpt>
    <trkpt lat="42.669873" lon="-1.818851">
      <ele>339.5</ele>
    </trkpt>
    <trkpt lat="42.669908" lon="-1.819045">
      <ele>339.7</ele>
    </trkpt>
    <trkpt lat="42.670076" lon="-1.819216">
      <ele>339.9</ele>
    </trkpt>
    <trkpt lat="42.67026" lon="-1.819264">
      <ele>340</ele>
    </trkpt>
    <trkpt lat="42.670523" lon="-1.819311">
      <ele>340.1</ele>
    </trkpt>
    <trkpt lat="42.670808" lon="-1.819468">
      <ele>340.2</ele>
    </trkpt>
    <trkpt lat="42.670845" lon="-1.81941">
      <ele>340.2</ele>
    </trkpt>
    <trkpt lat="42.670874" lon="-1.819365">
      <ele>340.2</ele>
    </trkpt>
    <trkpt lat="42.671135" lon="-1.818765">
      <ele>340.4</ele>
    </trkpt>
    <trkpt lat="42.670874" lon="-1.819365">
      <ele>340.3</ele>
    </trkpt>
    <trkpt lat="42.670845" lon="-1.81941">
      <ele>340.3</ele>
    </trkpt>
    <trkpt lat="42.670808" lon="-1.819468">
      <ele>340.3</ele>
    </trkpt>
    <trkpt lat="42.670523" lon="-1.819311">
      <ele>340.6</ele>
    </trkpt>
    <trkpt lat="42.67026" lon="-1.819264">
      <ele>340.9</ele>
    </trkpt>
    <trkpt lat="42.66994" lon="-1.819256">
      <ele>341.2</ele>
    </trkpt>
    <trkpt lat="42.669796" lon="-1.819299">
      <ele>341.3</ele>
    </trkpt>
    <trkpt lat="42.669673" lon="-1.819428">
      <ele>341.4</ele>
    </trkpt>
    <trkpt lat="42.669582" lon="-1.81958">
      <ele>341.4</ele>
    </trkpt>
    <trkpt lat="42.668829" lon="-1.821755">
      <ele>341.5</ele>
    </trkpt>
    <trkpt lat="42.668789" lon="-1.821871">
      <ele>341.5</ele>
    </trkpt>
    <trkpt lat="42.668478" lon="-1.822773">
      <ele>341.7</ele>
    </trkpt>
    <trkpt lat="42.668287" lon="-1.823433">
      <ele>341.6</ele>
    </trkpt>
    <trkpt lat="42.668224" lon="-1.823748">
      <ele>341.6</ele>
    </trkpt>
    <trkpt lat="42.668101" lon="-1.824483">
      <ele>341.7</ele>
    </trkpt>
    <trkpt lat="42.668064" lon="-1.824793">
      <ele>341.6</ele>
    </trkpt>
    <trkpt lat="42.667992" lon="-1.825562">
      <ele>342.6</ele>
    </trkpt>
    <trkpt lat="42.66791" lon="-1.826251">
      <ele>344.3</ele>
    </trkpt>
    <trkpt lat="42.667962" lon="-1.826596">
      <ele>345.3</ele>
    </trkpt>
    <trkpt lat="42.668044" lon="-1.826717">
      <ele>345.7</ele>
    </trkpt>
    <trkpt lat="42.668067" lon="-1.826794">
      <ele>346</ele>
    </trkpt>
    <trkpt lat="42.668069" lon="-1.826959">
      <ele>346.5</ele>
    </trkpt>
    <trkpt lat="42.668045" lon="-1.827047">
      <ele>346.7</ele>
    </trkpt>
    <trkpt lat="42.66795" lon="-1.827181">
      <ele>347.3</ele>
    </trkpt>
    <trkpt lat="42.667877" lon="-1.82722">
      <ele>347.6</ele>
    </trkpt>
    <trkpt lat="42.667932" lon="-1.827386">
      <ele>348.2</ele>
    </trkpt>
    <trkpt lat="42.66801" lon="-1.827471">
      <ele>348.6</ele>
    </trkpt>
    <trkpt lat="42.66816" lon="-1.827536">
      <ele>349.3</ele>
    </trkpt>
    <trkpt lat="42.66843" lon="-1.827712">
      <ele>350.2</ele>
    </trkpt>
    <trkpt lat="42.668507" lon="-1.827799">
      <ele>350.4</ele>
    </trkpt>
    <trkpt lat="42.668587" lon="-1.827985">
      <ele>350.8</ele>
    </trkpt>
    <trkpt lat="42.668635" lon="-1.82804">
      <ele>350.9</ele>
    </trkpt>
    <trkpt lat="42.668786" lon="-1.828112">
      <ele>351.4</ele>
    </trkpt>
    <trkpt lat="42.669058" lon="-1.828151">
      <ele>352.5</ele>
    </trkpt>
    <trkpt lat="42.669359" lon="-1.828252">
      <ele>353.9</ele>
    </trkpt>
    <trkpt lat="42.66972" lon="-1.828492">
      <ele>356.3</ele>
    </trkpt>
    <trkpt lat="42.669974" lon="-1.828785">
      <ele>358.5</ele>
    </trkpt>
    <trkpt lat="42.670339" lon="-1.829365">
      <ele>362.7</ele>
    </trkpt>
    <trkpt lat="42.670391" lon="-1.829494">
      <ele>363.6</ele>
    </trkpt>
    <trkpt lat="42.670407" lon="-1.829611">
      <ele>364.3</ele>
    </trkpt>
    <trkpt lat="42.670395" lon="-1.829795">
      <ele>365.3</ele>
    </trkpt>
    <trkpt lat="42.67033" lon="-1.829948">
      <ele>366.3</ele>
    </trkpt>
    <trkpt lat="42.670186" lon="-1.830086">
      <ele>367.7</ele>
    </trkpt>
    <trkpt lat="42.669738" lon="-1.830211">
      <ele>370.7</ele>
    </trkpt>
    <trkpt lat="42.669453" lon="-1.830349">
      <ele>372.3</ele>
    </trkpt>
    <trkpt lat="42.669055" lon="-1.830663">
      <ele>374.8</ele>
    </trkpt>
    <trkpt lat="42.66887" lon="-1.830865">
      <ele>376</ele>
    </trkpt>
    <trkpt lat="42.668539" lon="-1.83131">
      <ele>378</ele>
    </trkpt>
    <trkpt lat="42.6681" lon="-1.832021">
      <ele>380.5</ele>
    </trkpt>
    <trkpt lat="42.667842" lon="-1.832528">
      <ele>381.9</ele>
    </trkpt>
    <trkpt lat="42.667664" lon="-1.832896">
      <ele>382.9</ele>
    </trkpt>
    <trkpt lat="42.667499" lon="-1.833306">
      <ele>384</ele>
    </trkpt>
    <trkpt lat="42.667264" lon="-1.833948">
      <ele>385.8</ele>
    </trkpt>
    <trkpt lat="42.667029" lon="-1.834723">
      <ele>388.2</ele>
    </trkpt>
    <trkpt lat="42.666953" lon="-1.835095">
      <ele>389.5</ele>
    </trkpt>
    <trkpt lat="42.666802" lon="-1.836155">
      <ele>393.9</ele>
    </trkpt>
    <trkpt lat="42.666814" lon="-1.836583">
      <ele>395.9</ele>
    </trkpt>
    <trkpt lat="42.666843" lon="-1.836754">
      <ele>396.7</ele>
    </trkpt>
    <trkpt lat="42.666932" lon="-1.837036">
      <ele>398.2</ele>
    </trkpt>
    <trkpt lat="42.668594" lon="-1.839635">
      <ele>415.4</ele>
    </trkpt>
    <trkpt lat="42.668669" lon="-1.839834">
      <ele>416.3</ele>
    </trkpt>
    <trkpt lat="42.66869" lon="-1.840033">
      <ele>417.2</ele>
    </trkpt>
    <trkpt lat="42.668669" lon="-1.840249">
      <ele>418.1</ele>
    </trkpt>
    <trkpt lat="42.668607" lon="-1.840401">
      <ele>418.8</ele>
    </trkpt>
    <trkpt lat="42.668411" lon="-1.840682">
      <ele>420.3</ele>
    </trkpt>
    <trkpt lat="42.667823" lon="-1.841132">
      <ele>422.7</ele>
    </trkpt>
    <trkpt lat="42.667662" lon="-1.841302">
      <ele>423.4</ele>
    </trkpt>
    <trkpt lat="42.667591" lon="-1.841543">
      <ele>424</ele>
    </trkpt>
    <trkpt lat="42.667562" lon="-1.84227">
      <ele>425.8</ele>
    </trkpt>
    <trkpt lat="42.667545" lon="-1.842953">
      <ele>428</ele>
    </trkpt>
    <trkpt lat="42.66757" lon="-1.843159">
      <ele>428.9</ele>
    </trkpt>
    <trkpt lat="42.667739" lon="-1.843892">
      <ele>432.9</ele>
    </trkpt>
    <trkpt lat="42.667854" lon="-1.844284">
      <ele>435.6</ele>
    </trkpt>
    <trkpt lat="42.668156" lon="-1.84486">
      <ele>440.7</ele>
    </trkpt>
    <trkpt lat="42.668315" lon="-1.845061">
      <ele>443</ele>
    </trkpt>
    <trkpt lat="42.668818" lon="-1.84556">
      <ele>449.3</ele>
    </trkpt>
    <trkpt lat="42.668927" lon="-1.845697">
      <ele>450.7</ele>
    </trkpt>
    <trkpt lat="42.669035" lon="-1.845886">
      <ele>452.2</ele>
    </trkpt>
    <trkpt lat="42.669064" lon="-1.846108">
      <ele>453.5</ele>
    </trkpt>
    <trkpt lat="42.669038" lon="-1.846321">
      <ele>454.7</ele>
    </trkpt>
    <trkpt lat="42.668939" lon="-1.84655">
      <ele>455.8</ele>
    </trkpt>
    <trkpt lat="42.668812" lon="-1.846714">
      <ele>456.6</ele>
    </trkpt>
    <trkpt lat="42.668212" lon="-1.84719">
      <ele>458.1</ele>
    </trkpt>
    <trkpt lat="42.667879" lon="-1.847511">
      <ele>458.5</ele>
    </trkpt>
    <trkpt lat="42.66771" lon="-1.847859">
      <ele>459.3</ele>
    </trkpt>
    <trkpt lat="42.66767" lon="-1.848051">
      <ele>459.9</ele>
    </trkpt>
    <trkpt lat="42.667667" lon="-1.848366">
      <ele>461.1</ele>
    </trkpt>
    <trkpt lat="42.667712" lon="-1.848592">
      <ele>462.2</ele>
    </trkpt>
    <trkpt lat="42.668048" lon="-1.849597">
      <ele>470.8</ele>
    </trkpt>
    <trkpt lat="42.668296" lon="-1.850724">
      <ele>480.3</ele>
    </trkpt>
    <trkpt lat="42.668297" lon="-1.851126">
      <ele>481.9</ele>
    </trkpt>
    <trkpt lat="42.668247" lon="-1.851474">
      <ele>482.6</ele>
    </trkpt>
    <trkpt lat="42.668007" lon="-1.852649">
      <ele>481.4</ele>
    </trkpt>
    <trkpt lat="42.667973" lon="-1.853116">
      <ele>480.2</ele>
    </trkpt>
    <trkpt lat="42.667992" lon="-1.853642">
      <ele>479.3</ele>
    </trkpt>
    <trkpt lat="42.668135" lon="-1.854245">
      <ele>479.1</ele>
    </trkpt>
    <trkpt lat="42.668668" lon="-1.855334">
      <ele>477.9</ele>
    </trkpt>
    <trkpt lat="42.668724" lon="-1.855654">
      <ele>477.1</ele>
    </trkpt>
    <trkpt lat="42.668581" lon="-1.856955">
      <ele>473.3</ele>
    </trkpt>
    <trkpt lat="42.668535" lon="-1.857376">
      <ele>472.3</ele>
    </trkpt>
    <trkpt lat="42.668532" lon="-1.857702">
      <ele>471.8</ele>
    </trkpt>
    <trkpt lat="42.6686" lon="-1.857945">
      <ele>471.4</ele>
    </trkpt>
    <trkpt lat="42.668755" lon="-1.858241">
      <ele>471</ele>
    </trkpt>
    <trkpt lat="42.668839" lon="-1.858382">
      <ele>470.7</ele>
    </trkpt>
    <trkpt lat="42.669044" lon="-1.858675">
      <ele>470.1</ele>
    </trkpt>
    <trkpt lat="42.669167" lon="-1.858636">
      <ele>469.8</ele>
    </trkpt>
    <trkpt lat="42.669229" lon="-1.858656">
      <ele>469.7</ele>
    </trkpt>
    <trkpt lat="42.669327" lon="-1.858764">
      <ele>469.4</ele>
    </trkpt>
    <trkpt lat="42.669472" lon="-1.858862">
      <ele>468.9</ele>
    </trkpt>
    <trkpt lat="42.66953" lon="-1.858974">
      <ele>468.5</ele>
    </trkpt>
    <trkpt lat="42.669569" lon="-1.859352">
      <ele>467.4</ele>
    </trkpt>
    <trkpt lat="42.669725" lon="-1.859614">
      <ele>466.5</ele>
    </trkpt>
    <trkpt lat="42.6699" lon="-1.859909">
      <ele>465.5</ele>
    </trkpt>
    <trkpt lat="42.670026" lon="-1.860113">
      <ele>464.8</ele>
    </trkpt>
    <trkpt lat="42.670341" lon="-1.860622">
      <ele>463.6</ele>
    </trkpt>
    <trkpt lat="42.670496" lon="-1.860867">
      <ele>463.3</ele>
    </trkpt>
    <trkpt lat="42.670896" lon="-1.8615">
      <ele>462.8</ele>
    </trkpt>
    <trkpt lat="42.671168" lon="-1.861935">
      <ele>462.6</ele>
    </trkpt>
    <trkpt lat="42.671451" lon="-1.862407">
      <ele>462.5</ele>
    </trkpt>
    <trkpt lat="42.671554" lon="-1.862666">
      <ele>462.4</ele>
    </trkpt>
    <trkpt lat="42.671576" lon="-1.862764">
      <ele>462.3</ele>
    </trkpt>
    <trkpt lat="42.671609" lon="-1.863207">
      <ele>462</ele>
    </trkpt>
    <trkpt lat="42.671554" lon="-1.8636">
      <ele>461.6</ele>
    </trkpt>
    <trkpt lat="42.671441" lon="-1.864273">
      <ele>461.4</ele>
    </trkpt>
    <trkpt lat="42.671363" lon="-1.864742">
      <ele>461.5</ele>
    </trkpt>
    <trkpt lat="42.671322" lon="-1.865279">
      <ele>462</ele>
    </trkpt>
    <trkpt lat="42.671354" lon="-1.86559">
      <ele>462.5</ele>
    </trkpt>
    <trkpt lat="42.671477" lon="-1.866182">
      <ele>464.1</ele>
    </trkpt>
    <trkpt lat="42.671894" lon="-1.867974">
      <ele>471.5</ele>
    </trkpt>
    <trkpt lat="42.672158" lon="-1.869107">
      <ele>474</ele>
    </trkpt>
    <trkpt lat="42.674179" lon="-1.877128">
      <ele>464.6</ele>
    </trkpt>
    <trkpt lat="42.674771" lon="-1.879396">
      <ele>461.2</ele>
    </trkpt>
    <trkpt lat="42.674975" lon="-1.880343">
      <ele>460.4</ele>
    </trkpt>
    <trkpt lat="42.675223" lon="-1.88186">
      <ele>461.6</ele>
    </trkpt>
    <trkpt lat="42.675319" lon="-1.882681">
      <ele>463.5</ele>
    </trkpt>
    <trkpt lat="42.675294" lon="-1.883165">
      <ele>464.5</ele>
    </trkpt>
    <trkpt lat="42.675305" lon="-1.883371">
      <ele>464.9</ele>
    </trkpt>
    <trkpt lat="42.675341" lon="-1.883465">
      <ele>465.1</ele>
    </trkpt>
    <trkpt lat="42.675496" lon="-1.883511">
      <ele>465.4</ele>
    </trkpt>
    <trkpt lat="42.675522" lon="-1.883488">
      <ele>465.5</ele>
    </trkpt>
    <trkpt lat="42.675594" lon="-1.883467">
      <ele>465.7</ele>
    </trkpt>
    <trkpt lat="42.675666" lon="-1.883486">
      <ele>465.9</ele>
    </trkpt>
    <trkpt lat="42.675727" lon="-1.883541">
      <ele>466</ele>
    </trkpt>
    <trkpt lat="42.67578" lon="-1.883713">
      <ele>466.3</ele>
    </trkpt>
    <trkpt lat="42.675768" lon="-1.883808">
      <ele>466.5</ele>
    </trkpt>
    <trkpt lat="42.67573" lon="-1.88389">
      <ele>466.6</ele>
    </trkpt>
    <trkpt lat="42.675634" lon="-1.883963">
      <ele>466.8</ele>
    </trkpt>
    <trkpt lat="42.675573" lon="-1.884057">
      <ele>467</ele>
    </trkpt>
    <trkpt lat="42.675574" lon="-1.884216">
      <ele>467.2</ele>
    </trkpt>
    <trkpt lat="42.675627" lon="-1.884316">
      <ele>467.3</ele>
    </trkpt>
    <trkpt lat="42.67592" lon="-1.884575">
      <ele>467.7</ele>
    </trkpt>
    <trkpt lat="42.676063" lon="-1.884764">
      <ele>467.9</ele>
    </trkpt>
    <trkpt lat="42.676158" lon="-1.884953">
      <ele>468.1</ele>
    </trkpt>
    <trkpt lat="42.676642" lon="-1.886826">
      <ele>469.5</ele>
    </trkpt>
    <trkpt lat="42.676715" lon="-1.887116">
      <ele>469.4</ele>
    </trkpt>
    <trkpt lat="42.676971" lon="-1.888024">
      <ele>468.1</ele>
    </trkpt>
    <trkpt lat="42.677079" lon="-1.888294">
      <ele>467.4</ele>
    </trkpt>
    <trkpt lat="42.677629" lon="-1.889675">
      <ele>461.9</ele>
    </trkpt>
    <trkpt lat="42.677729" lon="-1.88966">
      <ele>461.4</ele>
    </trkpt>
    <trkpt lat="42.677779" lon="-1.889725">
      <ele>461</ele>
    </trkpt>
    <trkpt lat="42.677786" lon="-1.889818">
      <ele>460.6</ele>
    </trkpt>
    <trkpt lat="42.677734" lon="-1.889907">
      <ele>460.2</ele>
    </trkpt>
    <trkpt lat="42.67806" lon="-1.8908">
      <ele>456.9</ele>
    </trkpt>
    <trkpt lat="42.678151" lon="-1.891171">
      <ele>455.8</ele>
    </trkpt>
    <trkpt lat="42.67819" lon="-1.891587">
      <ele>454.8</ele>
    </trkpt>
    <trkpt lat="42.67819" lon="-1.891917">
      <ele>454.1</ele>
    </trkpt>
    <trkpt lat="42.678157" lon="-1.892311">
      <ele>453.3</ele>
    </trkpt>
    <trkpt lat="42.677696" lon="-1.895722">
      <ele>446.8</ele>
    </trkpt>
    <trkpt lat="42.677619" lon="-1.895695">
      <ele>446.7</ele>
    </trkpt>
    <trkpt lat="42.677476" lon="-1.89569">
      <ele>446.7</ele>
    </trkpt>
    <trkpt lat="42.677329" lon="-1.895756">
      <ele>446.8</ele>
    </trkpt>
    <trkpt lat="42.677476" lon="-1.89569">
      <ele>447</ele>
    </trkpt>
    <trkpt lat="42.677619" lon="-1.895695">
      <ele>447.1</ele>
    </trkpt>
    <trkpt lat="42.677696" lon="-1.895722">
      <ele>447.3</ele>
    </trkpt>
    <trkpt lat="42.677549" lon="-1.896832">
      <ele>448.3</ele>
    </trkpt>
    <trkpt lat="42.677106" lon="-1.898463">
      <ele>444</ele>
    </trkpt>
    <trkpt lat="42.676722" lon="-1.899879">
      <ele>434.8</ele>
    </trkpt>
    <trkpt lat="42.675516" lon="-1.903356">
      <ele>413.9</ele>
    </trkpt>
    <trkpt lat="42.675312" lon="-1.903819">
      <ele>411.8</ele>
    </trkpt>
    <trkpt lat="42.674838" lon="-1.904663">
      <ele>409.4</ele>
    </trkpt>
    <trkpt lat="42.673916" lon="-1.906029">
      <ele>408.5</ele>
    </trkpt>
    <trkpt lat="42.673629" lon="-1.906632">
      <ele>407.3</ele>
    </trkpt>
    <trkpt lat="42.6734" lon="-1.90724">
      <ele>405.1</ele>
    </trkpt>
    <trkpt lat="42.673221" lon="-1.907978">
      <ele>401.1</ele>
    </trkpt>
    <trkpt lat="42.673133" lon="-1.908467">
      <ele>397.9</ele>
    </trkpt>
    <trkpt lat="42.673088" lon="-1.908716">
      <ele>396.1</ele>
    </trkpt>
    <trkpt lat="42.673042" lon="-1.909621">
      <ele>389.4</ele>
    </trkpt>
    <trkpt lat="42.673078" lon="-1.910098">
      <ele>385.8</ele>
    </trkpt>
    <trkpt lat="42.673211" lon="-1.910912">
      <ele>380.3</ele>
    </trkpt>
    <trkpt lat="42.673248" lon="-1.911141">
      <ele>379</ele>
    </trkpt>
    <trkpt lat="42.673639" lon="-1.912695">
      <ele>373.1</ele>
    </trkpt>
    <trkpt lat="42.674389" lon="-1.915042">
      <ele>371.4</ele>
    </trkpt>
    <trkpt lat="42.67677" lon="-1.922219">
      <ele>382.4</ele>
    </trkpt>
    <trkpt lat="42.676975" lon="-1.922763">
      <ele>383.3</ele>
    </trkpt>
    <trkpt lat="42.677207" lon="-1.923152">
      <ele>383.9</ele>
    </trkpt>
    <trkpt lat="42.677315" lon="-1.923279">
      <ele>384.1</ele>
    </trkpt>
    <trkpt lat="42.677375" lon="-1.923318">
      <ele>384.1</ele>
    </trkpt>
    <trkpt lat="42.677436" lon="-1.92342">
      <ele>384.2</ele>
    </trkpt>
    <trkpt lat="42.677453" lon="-1.923515">
      <ele>384.2</ele>
    </trkpt>
    <trkpt lat="42.677662" lon="-1.923947">
      <ele>384.3</ele>
    </trkpt>
    <trkpt lat="42.678332" lon="-1.924818">
      <ele>383</ele>
    </trkpt>
    <trkpt lat="42.678571" lon="-1.92522">
      <ele>382.2</ele>
    </trkpt>
    <trkpt lat="42.678884" lon="-1.925887">
      <ele>381</ele>
    </trkpt>
    <trkpt lat="42.67899" lon="-1.926152">
      <ele>380.6</ele>
    </trkpt>
    <trkpt lat="42.679103" lon="-1.926529">
      <ele>380.1</ele>
    </trkpt>
    <trkpt lat="42.679222" lon="-1.927248">
      <ele>379.6</ele>
    </trkpt>
    <trkpt lat="42.679253" lon="-1.927743">
      <ele>379.6</ele>
    </trkpt>
    <trkpt lat="42.679215" lon="-1.928434">
      <ele>379.9</ele>
    </trkpt>
    <trkpt lat="42.679061" lon="-1.929308">
      <ele>380.7</ele>
    </trkpt>
    <trkpt lat="42.678892" lon="-1.930053">
      <ele>381.6</ele>
    </trkpt>
    <trkpt lat="42.678768" lon="-1.930853">
      <ele>382.5</ele>
    </trkpt>
    <trkpt lat="42.678758" lon="-1.931185">
      <ele>382.9</ele>
    </trkpt>
    <trkpt lat="42.678757" lon="-1.931503">
      <ele>383.5</ele>
    </trkpt>
    <trkpt lat="42.678784" lon="-1.931917">
      <ele>384.3</ele>
    </trkpt>
    <trkpt lat="42.67879" lon="-1.931965">
      <ele>384.4</ele>
    </trkpt>
    <trkpt lat="42.678828" lon="-1.932445">
      <ele>385.8</ele>
    </trkpt>
    <trkpt lat="42.678891" lon="-1.933532">
      <ele>390.3</ele>
    </trkpt>
    <trkpt lat="42.678784" lon="-1.93541">
      <ele>402.7</ele>
    </trkpt>
    <trkpt lat="42.678699" lon="-1.936656">
      <ele>408.1</ele>
    </trkpt>
    <trkpt lat="42.678591" lon="-1.93742">
      <ele>410.4</ele>
    </trkpt>
    <trkpt lat="42.678418" lon="-1.938269">
      <ele>412.4</ele>
    </trkpt>
    <trkpt lat="42.678226" lon="-1.938978">
      <ele>415.2</ele>
    </trkpt>
    <trkpt lat="42.678089" lon="-1.93931">
      <ele>416.9</ele>
    </trkpt>
    <trkpt lat="42.67775" lon="-1.939758">
      <ele>419.8</ele>
    </trkpt>
    <trkpt lat="42.676699" lon="-1.940647">
      <ele>425.5</ele>
    </trkpt>
    <trkpt lat="42.676222" lon="-1.941127">
      <ele>428.7</ele>
    </trkpt>
    <trkpt lat="42.676025" lon="-1.94138">
      <ele>430.5</ele>
    </trkpt>
    <trkpt lat="42.675779" lon="-1.941777">
      <ele>433.6</ele>
    </trkpt>
    <trkpt lat="42.675572" lon="-1.942195">
      <ele>436.9</ele>
    </trkpt>
    <trkpt lat="42.675359" lon="-1.942793">
      <ele>440.9</ele>
    </trkpt>
    <trkpt lat="42.675198" lon="-1.943363">
      <ele>443.9</ele>
    </trkpt>
    <trkpt lat="42.674988" lon="-1.944385">
      <ele>447.7</ele>
    </trkpt>
    <trkpt lat="42.674846" lon="-1.944729">
      <ele>448.5</ele>
    </trkpt>
    <trkpt lat="42.674766" lon="-1.944827">
      <ele>448.7</ele>
    </trkpt>
    <trkpt lat="42.674706" lon="-1.944886">
      <ele>448.9</ele>
    </trkpt>
    <trkpt lat="42.673507" lon="-1.945506">
      <ele>452</ele>
    </trkpt>
    <trkpt lat="42.673281" lon="-1.945628">
      <ele>452.6</ele>
    </trkpt>
    <trkpt lat="42.673024" lon="-1.945829">
      <ele>453</ele>
    </trkpt>
    <trkpt lat="42.672819" lon="-1.946078">
      <ele>453.2</ele>
    </trkpt>
    <trkpt lat="42.672693" lon="-1.946274">
      <ele>453.2</ele>
    </trkpt>
    <trkpt lat="42.672338" lon="-1.946824">
      <ele>453</ele>
    </trkpt>
    <trkpt lat="42.672295" lon="-1.946884">
      <ele>452.9</ele>
    </trkpt>
    <trkpt lat="42.671861" lon="-1.947435">
      <ele>453.1</ele>
    </trkpt>
    <trkpt lat="42.671604" lon="-1.947749">
      <ele>453.7</ele>
    </trkpt>
    <trkpt lat="42.670819" lon="-1.948714">
      <ele>459.2</ele>
    </trkpt>
    <trkpt lat="42.670567" lon="-1.949043">
      <ele>461.8</ele>
    </trkpt>
    <trkpt lat="42.670325" lon="-1.949425">
      <ele>464.3</ele>
    </trkpt>
    <trkpt lat="42.670037" lon="-1.949969">
      <ele>467.6</ele>
    </trkpt>
    <trkpt lat="42.669962" lon="-1.950114">
      <ele>468.5</ele>
    </trkpt>
    <trkpt lat="42.669844" lon="-1.95037">
      <ele>469.8</ele>
    </trkpt>
    <trkpt lat="42.669437" lon="-1.951462">
      <ele>474.6</ele>
    </trkpt>
    <trkpt lat="42.669229" lon="-1.951983">
      <ele>476.3</ele>
    </trkpt>
    <trkpt lat="42.668581" lon="-1.953832">
      <ele>479.1</ele>
    </trkpt>
    <trkpt lat="42.668378" lon="-1.954546">
      <ele>478.9</ele>
    </trkpt>
    <trkpt lat="42.668325" lon="-1.954859">
      <ele>478.8</ele>
    </trkpt>
    <trkpt lat="42.668327" lon="-1.954907">
      <ele>478.8</ele>
    </trkpt>
    <trkpt lat="42.668478" lon="-1.9549">
      <ele>478.7</ele>
    </trkpt>
    <trkpt lat="42.668546" lon="-1.954949">
      <ele>478.6</ele>
    </trkpt>
    <trkpt lat="42.668627" lon="-1.955121">
      <ele>478.5</ele>
    </trkpt>
    <trkpt lat="42.66861" lon="-1.955324">
      <ele>478.4</ele>
    </trkpt>
    <trkpt lat="42.668521" lon="-1.955453">
      <ele>478.3</ele>
    </trkpt>
    <trkpt lat="42.668394" lon="-1.955493">
      <ele>478.2</ele>
    </trkpt>
    <trkpt lat="42.668323" lon="-1.95547">
      <ele>478.2</ele>
    </trkpt>
    <trkpt lat="42.668216" lon="-1.955342">
      <ele>478.1</ele>
    </trkpt>
    <trkpt lat="42.668171" lon="-1.955387">
      <ele>478.1</ele>
    </trkpt>
    <trkpt lat="42.668104" lon="-1.955553">
      <ele>478</ele>
    </trkpt>
    <trkpt lat="42.667591" lon="-1.957533">
      <ele>479.1</ele>
    </trkpt>
    <trkpt lat="42.667524" lon="-1.957802">
      <ele>479.6</ele>
    </trkpt>
    <trkpt lat="42.667026" lon="-1.959817">
      <ele>485.1</ele>
    </trkpt>
    <trkpt lat="42.66673" lon="-1.961183">
      <ele>488.3</ele>
    </trkpt>
    <trkpt lat="42.666695" lon="-1.961356">
      <ele>488.6</ele>
    </trkpt>
    <trkpt lat="42.666543" lon="-1.962239">
      <ele>489</ele>
    </trkpt>
    <trkpt lat="42.666351" lon="-1.963872">
      <ele>486.9</ele>
    </trkpt>
    <trkpt lat="42.666322" lon="-1.964954">
      <ele>484.4</ele>
    </trkpt>
    <trkpt lat="42.666365" lon="-1.967176">
      <ele>478.4</ele>
    </trkpt>
    <trkpt lat="42.666407" lon="-1.968195">
      <ele>475.2</ele>
    </trkpt>
    <trkpt lat="42.66655" lon="-1.969732">
      <ele>470.4</ele>
    </trkpt>
    <trkpt lat="42.666755" lon="-1.97123">
      <ele>466</ele>
    </trkpt>
    <trkpt lat="42.666775" lon="-1.972195">
      <ele>462.9</ele>
    </trkpt>
    <trkpt lat="42.666688" lon="-1.972761">
      <ele>460.9</ele>
    </trkpt>
    <trkpt lat="42.666515" lon="-1.973312">
      <ele>458.9</ele>
    </trkpt>
    <trkpt lat="42.666343" lon="-1.973783">
      <ele>457.4</ele>
    </trkpt>
    <trkpt lat="42.666091" lon="-1.974252">
      <ele>455.9</ele>
    </trkpt>
    <trkpt lat="42.665889" lon="-1.974618">
      <ele>454.9</ele>
    </trkpt>
    <trkpt lat="42.66575" lon="-1.974815">
      <ele>454.4</ele>
    </trkpt>
    <trkpt lat="42.665522" lon="-1.975032">
      <ele>453.7</ele>
    </trkpt>
    <trkpt lat="42.665354" lon="-1.975143">
      <ele>453.3</ele>
    </trkpt>
    <trkpt lat="42.664852" lon="-1.975372">
      <ele>452.3</ele>
    </trkpt>
    <trkpt lat="42.664759" lon="-1.975513">
      <ele>452.1</ele>
    </trkpt>
    <trkpt lat="42.664736" lon="-1.975611">
      <ele>451.9</ele>
    </trkpt>
    <trkpt lat="42.664729" lon="-1.975746">
      <ele>451.7</ele>
    </trkpt>
    <trkpt lat="42.664773" lon="-1.97583">
      <ele>451.6</ele>
    </trkpt>
    <trkpt lat="42.66484" lon="-1.975792">
      <ele>451.5</ele>
    </trkpt>
    <trkpt lat="42.664912" lon="-1.97579">
      <ele>451.3</ele>
    </trkpt>
    <trkpt lat="42.664979" lon="-1.975825">
      <ele>451.2</ele>
    </trkpt>
    <trkpt lat="42.665033" lon="-1.975891">
      <ele>451.1</ele>
    </trkpt>
    <trkpt lat="42.665065" lon="-1.975982">
      <ele>451</ele>
    </trkpt>
    <trkpt lat="42.665069" lon="-1.976084">
      <ele>450.9</ele>
    </trkpt>
    <trkpt lat="42.665044" lon="-1.976179">
      <ele>450.8</ele>
    </trkpt>
    <trkpt lat="42.664995" lon="-1.976255">
      <ele>450.7</ele>
    </trkpt>
    <trkpt lat="42.665408" lon="-1.977373">
      <ele>450.3</ele>
    </trkpt>
    <trkpt lat="42.665637" lon="-1.977917">
      <ele>450</ele>
    </trkpt>
    <trkpt lat="42.665777" lon="-1.978098">
      <ele>449.9</ele>
    </trkpt>
    <trkpt lat="42.665802" lon="-1.978194">
      <ele>449.8</ele>
    </trkpt>
    <trkpt lat="42.665722" lon="-1.9786">
      <ele>449.5</ele>
    </trkpt>
    <trkpt lat="42.665631" lon="-1.979067">
      <ele>448.9</ele>
    </trkpt>
    <trkpt lat="42.665558" lon="-1.979496">
      <ele>448</ele>
    </trkpt>
    <trkpt lat="42.665492" lon="-1.979919">
      <ele>446.9</ele>
    </trkpt>
    <trkpt lat="42.665328" lon="-1.980939">
      <ele>444.7</ele>
    </trkpt>
    <trkpt lat="42.664996" lon="-1.983069">
      <ele>440.3</ele>
    </trkpt>
    <trkpt lat="42.664544" lon="-1.986011">
      <ele>432</ele>
    </trkpt>
    <trkpt lat="42.664324" lon="-1.987364">
      <ele>430.5</ele>
    </trkpt>
    <trkpt lat="42.664241" lon="-1.987899">
      <ele>430.3</ele>
    </trkpt>
    <trkpt lat="42.664203" lon="-1.98815">
      <ele>430.1</ele>
    </trkpt>
    <trkpt lat="42.664146" lon="-1.988487">
      <ele>429.8</ele>
    </trkpt>
    <trkpt lat="42.664054" lon="-1.988586">
      <ele>429.7</ele>
    </trkpt>
    <trkpt lat="42.663975" lon="-1.988674">
      <ele>429.6</ele>
    </trkpt>
    <trkpt lat="42.663872" lon="-1.988738">
      <ele>429.4</ele>
    </trkpt>
    <trkpt lat="42.663768" lon="-1.988802">
      <ele>429.3</ele>
    </trkpt>
    <trkpt lat="42.663538" lon="-1.989017">
      <ele>428.9</ele>
    </trkpt>
    <trkpt lat="42.663194" lon="-1.989342">
      <ele>428.1</ele>
    </trkpt>
    <trkpt lat="42.662999" lon="-1.989571">
      <ele>427.6</ele>
    </trkpt>
    <trkpt lat="42.662848" lon="-1.989749">
      <ele>427.3</ele>
    </trkpt>
    <trkpt lat="42.662806" lon="-1.989691">
      <ele>427.2</ele>
    </trkpt>
    <trkpt lat="42.662322" lon="-1.989021">
      <ele>426.3</ele>
    </trkpt>
    <trkpt lat="42.662277" lon="-1.988959">
      <ele>426.2</ele>
    </trkpt>
    <trkpt lat="42.661665" lon="-1.989684">
      <ele>425.3</ele>
    </trkpt>
    <trkpt lat="42.661627" lon="-1.989727">
      <ele>425.2</ele>
    </trkpt>
    <trkpt lat="42.661239" lon="-1.989891">
      <ele>424.5</ele>
    </trkpt>
    <trkpt lat="42.661123" lon="-1.989941">
      <ele>424.3</ele>
    </trkpt>
    <trkpt lat="42.660473" lon="-1.990217">
      <ele>423</ele>
    </trkpt>
    <trkpt lat="42.659965" lon="-1.990423">
      <ele>421.8</ele>
    </trkpt>
    <trkpt lat="42.659909" lon="-1.990445">
      <ele>421.7</ele>
    </trkpt>
    <trkpt lat="42.659474" lon="-1.990616">
      <ele>420.9</ele>
    </trkpt>
    <trkpt lat="42.659371" lon="-1.990657">
      <ele>420.8</ele>
    </trkpt>
    <trkpt lat="42.659391" lon="-1.991586">
      <ele>421.7</ele>
    </trkpt>
    <trkpt lat="42.659437" lon="-1.991685">
      <ele>422</ele>
    </trkpt>
    <trkpt lat="42.659413" lon="-1.991777">
      <ele>422.3</ele>
    </trkpt>
    <trkpt lat="42.65936" lon="-1.992026">
      <ele>423.4</ele>
    </trkpt>
    <trkpt lat="42.65934" lon="-1.992161">
      <ele>424</ele>
    </trkpt>
    <trkpt lat="42.659376" lon="-1.992198">
      <ele>424.3</ele>
    </trkpt>
    <trkpt lat="42.659509" lon="-1.992547">
      <ele>426.6</ele>
    </trkpt>
    <trkpt lat="42.659542" lon="-1.99276">
      <ele>428</ele>
    </trkpt>
    <trkpt lat="42.659539" lon="-1.992935">
      <ele>429.1</ele>
    </trkpt>
    <trkpt lat="42.65943" lon="-1.993789">
      <ele>434.9</ele>
    </trkpt>
    <trkpt lat="42.659361" lon="-1.994339">
      <ele>437.8</ele>
    </trkpt>
    <trkpt lat="42.659204" lon="-1.995059">
      <ele>439.8</ele>
    </trkpt>
    <trkpt lat="42.659203" lon="-1.995217">
      <ele>440</ele>
    </trkpt>
    <trkpt lat="42.659171" lon="-1.995342">
      <ele>440</ele>
    </trkpt>
    <trkpt lat="42.659315" lon="-1.995477">
      <ele>440.1</ele>
    </trkpt>
    <trkpt lat="42.65932" lon="-1.995484">
      <ele>440.1</ele>
    </trkpt>
    <trkpt lat="42.659549" lon="-1.995871">
      <ele>440.1</ele>
    </trkpt>
    <trkpt lat="42.659733" lon="-1.996314">
      <ele>440</ele>
    </trkpt>
    <trkpt lat="42.659823" lon="-1.996591">
      <ele>439.9</ele>
    </trkpt>
    <trkpt lat="42.659977" lon="-1.997148">
      <ele>440</ele>
    </trkpt>
    <trkpt lat="42.660068" lon="-1.997583">
      <ele>440.1</ele>
    </trkpt>
    <trkpt lat="42.660083" lon="-1.997669">
      <ele>440.2</ele>
    </trkpt>
    <trkpt lat="42.660131" lon="-1.997899">
      <ele>440.4</ele>
    </trkpt>
    <trkpt lat="42.660155" lon="-1.998015">
      <ele>440.5</ele>
    </trkpt>
    <trkpt lat="42.660212" lon="-1.998006">
      <ele>440.5</ele>
    </trkpt>
    <trkpt lat="42.660719" lon="-1.997929">
      <ele>441.4</ele>
    </trkpt>
    <trkpt lat="42.661485" lon="-1.997877">
      <ele>442.9</ele>
    </trkpt>
    <trkpt lat="42.661753" lon="-1.997858">
      <ele>443.5</ele>
    </trkpt>
    <trkpt lat="42.661769" lon="-1.998422">
      <ele>444.5</ele>
    </trkpt>
    <trkpt lat="42.661782" lon="-1.998855">
      <ele>445.4</ele>
    </trkpt>
    <trkpt lat="42.661798" lon="-2.000243">
      <ele>447.6</ele>
    </trkpt>
    <trkpt lat="42.661751" lon="-2.000959">
      <ele>448.3</ele>
    </trkpt>
    <trkpt lat="42.661476" lon="-2.003277">
      <ele>447.6</ele>
    </trkpt>
    <trkpt lat="42.661428" lon="-2.003887">
      <ele>447</ele>
    </trkpt>
    <trkpt lat="42.661453" lon="-2.004421">
      <ele>445.7</ele>
    </trkpt>
    <trkpt lat="42.661491" lon="-2.004688">
      <ele>444.8</ele>
    </trkpt>
    <trkpt lat="42.661583" lon="-2.005078">
      <ele>443.1</ele>
    </trkpt>
    <trkpt lat="42.661782" lon="-2.00562">
      <ele>439.1</ele>
    </trkpt>
    <trkpt lat="42.661982" lon="-2.005981">
      <ele>435.9</ele>
    </trkpt>
    <trkpt lat="42.662153" lon="-2.006215">
      <ele>433.6</ele>
    </trkpt>
    <trkpt lat="42.662414" lon="-2.006515">
      <ele>430.4</ele>
    </trkpt>
    <trkpt lat="42.662589" lon="-2.006657">
      <ele>428.8</ele>
    </trkpt>
    <trkpt lat="42.662928" lon="-2.00687">
      <ele>426.2</ele>
    </trkpt>
    <trkpt lat="42.664526" lon="-2.007443">
      <ele>420.4</ele>
    </trkpt>
    <trkpt lat="42.664892" lon="-2.007701">
      <ele>419.4</ele>
    </trkpt>
    <trkpt lat="42.665327" lon="-2.008117">
      <ele>418.5</ele>
    </trkpt>
    <trkpt lat="42.665521" lon="-2.008333">
      <ele>418.2</ele>
    </trkpt>
    <trkpt lat="42.665729" lon="-2.008638">
      <ele>417.7</ele>
    </trkpt>
    <trkpt lat="42.665797" lon="-2.008839">
      <ele>417.4</ele>
    </trkpt>
    <trkpt lat="42.665856" lon="-2.009166">
      <ele>417</ele>
    </trkpt>
    <trkpt lat="42.66586" lon="-2.009456">
      <ele>416.5</ele>
    </trkpt>
    <trkpt lat="42.665698" lon="-2.011161">
      <ele>415.6</ele>
    </trkpt>
    <trkpt lat="42.665416" lon="-2.013615">
      <ele>418.1</ele>
    </trkpt>
    <trkpt lat="42.665235" lon="-2.014153">
      <ele>418.7</ele>
    </trkpt>
    <trkpt lat="42.66506" lon="-2.014506">
      <ele>418.8</ele>
    </trkpt>
    <trkpt lat="42.664821" lon="-2.014874">
      <ele>418.7</ele>
    </trkpt>
    <trkpt lat="42.664598" lon="-2.01526">
      <ele>418.4</ele>
    </trkpt>
    <trkpt lat="42.664513" lon="-2.015509">
      <ele>418.2</ele>
    </trkpt>
    <trkpt lat="42.664341" lon="-2.017384">
      <ele>416.3</ele>
    </trkpt>
    <trkpt lat="42.664396" lon="-2.017911">
      <ele>416.4</ele>
    </trkpt>
    <trkpt lat="42.66448" lon="-2.018238">
      <ele>416.7</ele>
    </trkpt>
    <trkpt lat="42.664624" lon="-2.018635">
      <ele>417.1</ele>
    </trkpt>
    <trkpt lat="42.664884" lon="-2.019093">
      <ele>417.9</ele>
    </trkpt>
    <trkpt lat="42.665198" lon="-2.019524">
      <ele>418.7</ele>
    </trkpt>
    <trkpt lat="42.665265" lon="-2.019612">
      <ele>418.8</ele>
    </trkpt>
    <trkpt lat="42.665561" lon="-2.020015">
      <ele>419.3</ele>
    </trkpt>
    <trkpt lat="42.665931" lon="-2.020515">
      <ele>419.5</ele>
    </trkpt>
    <trkpt lat="42.666034" lon="-2.02064">
      <ele>419.6</ele>
    </trkpt>
    <trkpt lat="42.666217" lon="-2.020837">
      <ele>419.7</ele>
    </trkpt>
    <trkpt lat="42.666285" lon="-2.020908">
      <ele>419.7</ele>
    </trkpt>
    <trkpt lat="42.666616" lon="-2.021128">
      <ele>419.7</ele>
    </trkpt>
    <trkpt lat="42.667844" lon="-2.02165">
      <ele>420.6</ele>
    </trkpt>
    <trkpt lat="42.668247" lon="-2.021867">
      <ele>420.6</ele>
    </trkpt>
    <trkpt lat="42.669248" lon="-2.022401">
      <ele>420</ele>
    </trkpt>
    <trkpt lat="42.670179" lon="-2.022943">
      <ele>418.7</ele>
    </trkpt>
    <trkpt lat="42.67032" lon="-2.023107">
      <ele>418.5</ele>
    </trkpt>
    <trkpt lat="42.670473" lon="-2.023372">
      <ele>418.2</ele>
    </trkpt>
    <trkpt lat="42.670597" lon="-2.02376">
      <ele>418</ele>
    </trkpt>
    <trkpt lat="42.670667" lon="-2.023908">
      <ele>417.9</ele>
    </trkpt>
    <trkpt lat="42.670749" lon="-2.023994">
      <ele>417.9</ele>
    </trkpt>
    <trkpt lat="42.670791" lon="-2.023994">
      <ele>417.9</ele>
    </trkpt>
    <trkpt lat="42.670865" lon="-2.024049">
      <ele>418</ele>
    </trkpt>
    <trkpt lat="42.670899" lon="-2.024155">
      <ele>418.1</ele>
    </trkpt>
    <trkpt lat="42.670896" lon="-2.024213">
      <ele>418.1</ele>
    </trkpt>
    <trkpt lat="42.670874" lon="-2.024275">
      <ele>418.1</ele>
    </trkpt>
    <trkpt lat="42.670812" lon="-2.024336">
      <ele>418.2</ele>
    </trkpt>
    <trkpt lat="42.670751" lon="-2.024345">
      <ele>418.3</ele>
    </trkpt>
    <trkpt lat="42.670703" lon="-2.024394">
      <ele>418.3</ele>
    </trkpt>
    <trkpt lat="42.670658" lon="-2.02451">
      <ele>418.4</ele>
    </trkpt>
    <trkpt lat="42.670636" lon="-2.02474">
      <ele>418.7</ele>
    </trkpt>
    <trkpt lat="42.670615" lon="-2.024969">
      <ele>418.9</ele>
    </trkpt>
    <trkpt lat="42.670603" lon="-2.025091">
      <ele>419.1</ele>
    </trkpt>
    <trkpt lat="42.670572" lon="-2.02526">
      <ele>419.3</ele>
    </trkpt>
    <trkpt lat="42.670575" lon="-2.025372">
      <ele>419.4</ele>
    </trkpt>
    <trkpt lat="42.670604" lon="-2.025463">
      <ele>419.6</ele>
    </trkpt>
    <trkpt lat="42.670586" lon="-2.025824">
      <ele>420.1</ele>
    </trkpt>
    <trkpt lat="42.670593" lon="-2.026506">
      <ele>421.7</ele>
    </trkpt>
    <trkpt lat="42.6706" lon="-2.027102">
      <ele>423</ele>
    </trkpt>
    <trkpt lat="42.671227" lon="-2.027099">
      <ele>425.9</ele>
    </trkpt>
    <trkpt lat="42.671272" lon="-2.027068">
      <ele>426.2</ele>
    </trkpt>
    <trkpt lat="42.671295" lon="-2.027099">
      <ele>426.4</ele>
    </trkpt>
    <trkpt lat="42.671341" lon="-2.027369">
      <ele>427.7</ele>
    </trkpt>
    <trkpt lat="42.671395" lon="-2.027436">
      <ele>428.1</ele>
    </trkpt>
    <trkpt lat="42.671515" lon="-2.027588">
      <ele>429.1</ele>
    </trkpt>
    <trkpt lat="42.671563" lon="-2.027649">
      <ele>429.5</ele>
    </trkpt>
    <trkpt lat="42.671893" lon="-2.028132">
      <ele>432.6</ele>
    </trkpt>
    <trkpt lat="42.672153" lon="-2.028454">
      <ele>435</ele>
    </trkpt>
    <trkpt lat="42.672243" lon="-2.028536">
      <ele>435.9</ele>
    </trkpt>
    <trkpt lat="42.672295" lon="-2.028583">
      <ele>436.3</ele>
    </trkpt>
    <trkpt lat="42.672439" lon="-2.028713">
      <ele>437.5</ele>
    </trkpt>
    <trkpt lat="42.672708" lon="-2.028829">
      <ele>439.2</ele>
    </trkpt>
    <trkpt lat="42.673139" lon="-2.028999">
      <ele>441.2</ele>
    </trkpt>
    <trkpt lat="42.673262" lon="-2.029083">
      <ele>441.8</ele>
    </trkpt>
    <trkpt lat="42.673332" lon="-2.029189">
      <ele>442.4</ele>
    </trkpt>
    <trkpt lat="42.67339" lon="-2.029352">
      <ele>443.2</ele>
    </trkpt>
    <trkpt lat="42.673379" lon="-2.029465">
      <ele>443.7</ele>
    </trkpt>
    <trkpt lat="42.673406" lon="-2.029644">
      <ele>444.5</ele>
    </trkpt>
    <trkpt lat="42.673446" lon="-2.029735">
      <ele>444.9</ele>
    </trkpt>
    <trkpt lat="42.673636" lon="-2.029997">
      <ele>446.2</ele>
    </trkpt>
    <trkpt lat="42.673687" lon="-2.030208">
      <ele>446.8</ele>
    </trkpt>
    <trkpt lat="42.673704" lon="-2.030255">
      <ele>446.9</ele>
    </trkpt>
    <trkpt lat="42.673777" lon="-2.030481">
      <ele>447.2</ele>
    </trkpt>
    <trkpt lat="42.673916" lon="-2.030909">
      <ele>447.8</ele>
    </trkpt>
    <trkpt lat="42.674024" lon="-2.031247">
      <ele>448.4</ele>
    </trkpt>
    <trkpt lat="42.673997" lon="-2.031759">
      <ele>449.2</ele>
    </trkpt>
    <trkpt lat="42.673977" lon="-2.031866">
      <ele>449.4</ele>
    </trkpt>
    <trkpt lat="42.674028" lon="-2.031962">
      <ele>449.4</ele>
    </trkpt>
    <trkpt lat="42.674171" lon="-2.031995">
      <ele>449.4</ele>
    </trkpt>
    <trkpt lat="42.674355" lon="-2.031983">
      <ele>449.1</ele>
    </trkpt>
    <trkpt lat="42.674445" lon="-2.032021">
      <ele>448.9</ele>
    </trkpt>
    <trkpt lat="42.674566" lon="-2.032056">
      <ele>448.5</ele>
    </trkpt>
    <trkpt lat="42.674635" lon="-2.032096">
      <ele>448.2</ele>
    </trkpt>
    <trkpt lat="42.6747" lon="-2.032144">
      <ele>447.9</ele>
    </trkpt>
    <trkpt lat="42.674732" lon="-2.032148">
      <ele>447.7</ele>
    </trkpt>
    <trkpt lat="42.675014" lon="-2.032215">
      <ele>446.6</ele>
    </trkpt>
    <trkpt lat="42.675174" lon="-2.032314">
      <ele>445.9</ele>
    </trkpt>
    <trkpt lat="42.675737" lon="-2.032852">
      <ele>441.9</ele>
    </trkpt>
    <trkpt lat="42.676194" lon="-2.033307">
      <ele>437.6</ele>
    </trkpt>
    <trkpt lat="42.676274" lon="-2.033394">
      <ele>436.9</ele>
    </trkpt>
    <trkpt lat="42.676361" lon="-2.03356">
      <ele>436</ele>
    </trkpt>
    <trkpt lat="42.676558" lon="-2.033888">
      <ele>434.4</ele>
    </trkpt>
    <trkpt lat="42.676978" lon="-2.034455">
      <ele>431.9</ele>
    </trkpt>
    <trkpt lat="42.677279" lon="-2.034989">
      <ele>430.7</ele>
    </trkpt>
    <trkpt lat="42.677401" lon="-2.035284">
      <ele>430.3</ele>
    </trkpt>
    <trkpt lat="42.677472" lon="-2.035568">
      <ele>429.9</ele>
    </trkpt>
    <trkpt lat="42.677836" lon="-2.035606">
      <ele>429.2</ele>
    </trkpt>
    <trkpt lat="42.677681" lon="-2.035639">
      <ele>428.9</ele>
    </trkpt>
    <trkpt lat="42.677602" lon="-2.035733">
      <ele>428.7</ele>
    </trkpt>
    <trkpt lat="42.677483" lon="-2.035621">
      <ele>428.5</ele>
    </trkpt>
    <trkpt lat="42.677369" lon="-2.035581">
      <ele>428.3</ele>
    </trkpt>
    <trkpt lat="42.677002" lon="-2.035567">
      <ele>427.9</ele>
    </trkpt>
    <trkpt lat="42.676924" lon="-2.035564">
      <ele>427.7</ele>
    </trkpt>
    <trkpt lat="42.676" lon="-2.035512">
      <ele>426.5</ele>
    </trkpt>
    <trkpt lat="42.67587" lon="-2.035506">
      <ele>426.4</ele>
    </trkpt>
    <trkpt lat="42.67584" lon="-2.035509">
      <ele>426.4</ele>
    </trkpt>
    <trkpt lat="42.675745" lon="-2.035518">
      <ele>426.4</ele>
    </trkpt>
    <trkpt lat="42.675652" lon="-2.035608">
      <ele>426.4</ele>
    </trkpt>
    <trkpt lat="42.675685" lon="-2.035761">
      <ele>426.4</ele>
    </trkpt>
    <trkpt lat="42.675642" lon="-2.035863">
      <ele>426.4</ele>
    </trkpt>
    <trkpt lat="42.675562" lon="-2.035906">
      <ele>426.4</ele>
    </trkpt>
    <trkpt lat="42.675519" lon="-2.035898">
      <ele>426.4</ele>
    </trkpt>
    <trkpt lat="42.67548" lon="-2.035872">
      <ele>426.4</ele>
    </trkpt>
    <trkpt lat="42.675431" lon="-2.035776">
      <ele>426.4</ele>
    </trkpt>
    <trkpt lat="42.675427" lon="-2.035717">
      <ele>426.4</ele>
    </trkpt>
    <trkpt lat="42.675461" lon="-2.03561">
      <ele>426.4</ele>
    </trkpt>
    <trkpt lat="42.675297" lon="-2.035504">
      <ele>426.4</ele>
    </trkpt>
    <trkpt lat="42.675023" lon="-2.035449">
      <ele>426.4</ele>
    </trkpt>
    <trkpt lat="42.673766" lon="-2.035344">
      <ele>427.3</ele>
    </trkpt>
    <trkpt lat="42.673755" lon="-2.035391">
      <ele>427.3</ele>
    </trkpt>
    <trkpt lat="42.673707" lon="-2.035422">
      <ele>427.4</ele>
    </trkpt>
    <trkpt lat="42.673664" lon="-2.035392">
      <ele>427.5</ele>
    </trkpt>
    <trkpt lat="42.673654" lon="-2.035327">
      <ele>427.5</ele>
    </trkpt>
    <trkpt lat="42.67319" lon="-2.035271">
      <ele>428.2</ele>
    </trkpt>
    <trkpt lat="42.672977" lon="-2.035272">
      <ele>428.6</ele>
    </trkpt>
    <trkpt lat="42.672422" lon="-2.035374">
      <ele>429.8</ele>
    </trkpt>
    <trkpt lat="42.672193" lon="-2.035422">
      <ele>430.2</ele>
    </trkpt>
    <trkpt lat="42.672251" lon="-2.035203">
      <ele>430.3</ele>
    </trkpt>
    <trkpt lat="42.671805" lon="-2.033884">
      <ele>430.3</ele>
    </trkpt>
    <trkpt lat="42.671251" lon="-2.03231">
      <ele>427.6</ele>
    </trkpt>
    <trkpt lat="42.671035" lon="-2.03165">
      <ele>426.3</ele>
    </trkpt>
    <trkpt lat="42.670587" lon="-2.030358">
      <ele>422.9</ele>
    </trkpt>
    <trkpt lat="42.670546" lon="-2.030297">
      <ele>422.8</ele>
    </trkpt>
    <trkpt lat="42.670576" lon="-2.030201">
      <ele>422.7</ele>
    </trkpt>
    <trkpt lat="42.670583" lon="-2.029948">
      <ele>422.6</ele>
    </trkpt>
    <trkpt lat="42.670555" lon="-2.029809">
      <ele>422.5</ele>
    </trkpt>
    <trkpt lat="42.670486" lon="-2.029645">
      <ele>422.6</ele>
    </trkpt>
    <trkpt lat="42.670435" lon="-2.029615">
      <ele>422.8</ele>
    </trkpt>
    <trkpt lat="42.670005" lon="-2.029587">
      <ele>423.8</ele>
    </trkpt>
    <trkpt lat="42.669913" lon="-2.029595">
      <ele>424.1</ele>
    </trkpt>
    <trkpt lat="42.66977" lon="-2.02972">
      <ele>424.5</ele>
    </trkpt>
    <trkpt lat="42.669702" lon="-2.029779">
      <ele>424.7</ele>
    </trkpt>
    <trkpt lat="42.669675" lon="-2.029733">
      <ele>424.8</ele>
    </trkpt>
    <trkpt lat="42.669433" lon="-2.029395">
      <ele>426</ele>
    </trkpt>
    <trkpt lat="42.669404" lon="-2.029359">
      <ele>426.1</ele>
    </trkpt>
    <trkpt lat="42.669416" lon="-2.029316">
      <ele>426.2</ele>
    </trkpt>
    <trkpt lat="42.669421" lon="-2.029292">
      <ele>426.3</ele>
    </trkpt>
    <trkpt lat="42.669451" lon="-2.0292">
      <ele>426.5</ele>
    </trkpt>
    <trkpt lat="42.669468" lon="-2.029152">
      <ele>426.6</ele>
    </trkpt>
    <trkpt lat="42.66967" lon="-2.028528">
      <ele>427.1</ele>
    </trkpt>
    <trkpt lat="42.669761" lon="-2.028152">
      <ele>427</ele>
    </trkpt>
    <trkpt lat="42.669894" lon="-2.027175">
      <ele>426.6</ele>
    </trkpt>
    <trkpt lat="42.669845" lon="-2.026581">
      <ele>426.7</ele>
    </trkpt>
    <trkpt lat="42.669837" lon="-2.026418">
      <ele>426.6</ele>
    </trkpt>
    <trkpt lat="42.669833" lon="-2.026012">
      <ele>426.6</ele>
    </trkpt>
    <trkpt lat="42.669788" lon="-2.026082">
      <ele>426.6</ele>
    </trkpt>
    <trkpt lat="42.669736" lon="-2.026281">
      <ele>426.6</ele>
    </trkpt>
    <trkpt lat="42.669691" lon="-2.026501">
      <ele>426.6</ele>
    </trkpt>
    <trkpt lat="42.669684" lon="-2.026711">
      <ele>426.5</ele>
    </trkpt>
    <trkpt lat="42.669691" lon="-2.026777">
      <ele>426.4</ele>
    </trkpt>
    <trkpt lat="42.669753" lon="-2.026878">
      <ele>426.3</ele>
    </trkpt>
    <trkpt lat="42.66979" lon="-2.026816">
      <ele>426.1</ele>
    </trkpt>
    <trkpt lat="42.670382" lon="-2.025844">
      <ele>422</ele>
    </trkpt>
    <trkpt lat="42.670465" lon="-2.02561">
      <ele>421.1</ele>
    </trkpt>
    <trkpt lat="42.670533" lon="-2.025415">
      <ele>420.4</ele>
    </trkpt>
    <trkpt lat="42.670572" lon="-2.02526">
      <ele>420</ele>
    </trkpt>
    <trkpt lat="42.670603" lon="-2.025091">
      <ele>419.6</ele>
    </trkpt>
    <trkpt lat="42.670615" lon="-2.024969">
      <ele>419.3</ele>
    </trkpt>
    <trkpt lat="42.670636" lon="-2.02474">
      <ele>418.9</ele>
    </trkpt>
    <trkpt lat="42.670658" lon="-2.02451">
      <ele>418.6</ele>
    </trkpt>
    <trkpt lat="42.67067" lon="-2.02435">
      <ele>418.4</ele>
    </trkpt>
    <trkpt lat="42.670653" lon="-2.024249">
      <ele>418.3</ele>
    </trkpt>
    <trkpt lat="42.670648" lon="-2.024105">
      <ele>418.2</ele>
    </trkpt>
    <trkpt lat="42.670597" lon="-2.02376">
      <ele>418.1</ele>
    </trkpt>
    <trkpt lat="42.670473" lon="-2.023372">
      <ele>418.1</ele>
    </trkpt>
    <trkpt lat="42.67032" lon="-2.023107">
      <ele>418.3</ele>
    </trkpt>
    <trkpt lat="42.670179" lon="-2.022943">
      <ele>418.6</ele>
    </trkpt>
    <trkpt lat="42.669248" lon="-2.022401">
      <ele>420</ele>
    </trkpt>
    <trkpt lat="42.668247" lon="-2.021867">
      <ele>420.6</ele>
    </trkpt>
    <trkpt lat="42.667844" lon="-2.02165">
      <ele>420.6</ele>
    </trkpt>
    <trkpt lat="42.666616" lon="-2.021128">
      <ele>419.7</ele>
    </trkpt>
    <trkpt lat="42.666285" lon="-2.020908">
      <ele>419.7</ele>
    </trkpt>
    <trkpt lat="42.666217" lon="-2.020837">
      <ele>419.7</ele>
    </trkpt>
    <trkpt lat="42.666034" lon="-2.02064">
      <ele>419.6</ele>
    </trkpt>
    <trkpt lat="42.665931" lon="-2.020515">
      <ele>419.5</ele>
    </trkpt>
    <trkpt lat="42.665561" lon="-2.020015">
      <ele>419.3</ele>
    </trkpt>
    <trkpt lat="42.665265" lon="-2.019612">
      <ele>418.8</ele>
    </trkpt>
    <trkpt lat="42.665198" lon="-2.019524">
      <ele>418.7</ele>
    </trkpt>
    <trkpt lat="42.664884" lon="-2.019093">
      <ele>417.9</ele>
    </trkpt>
    <trkpt lat="42.664624" lon="-2.018635">
      <ele>417.1</ele>
    </trkpt>
    <trkpt lat="42.66448" lon="-2.018238">
      <ele>416.7</ele>
    </trkpt>
    <trkpt lat="42.664396" lon="-2.017911">
      <ele>416.4</ele>
    </trkpt>
    <trkpt lat="42.664341" lon="-2.017384">
      <ele>416.3</ele>
    </trkpt>
    <trkpt lat="42.664513" lon="-2.015509">
      <ele>418.2</ele>
    </trkpt>
    <trkpt lat="42.664598" lon="-2.01526">
      <ele>418.4</ele>
    </trkpt>
    <trkpt lat="42.664821" lon="-2.014874">
      <ele>418.7</ele>
    </trkpt>
    <trkpt lat="42.66506" lon="-2.014506">
      <ele>418.8</ele>
    </trkpt>
    <trkpt lat="42.665235" lon="-2.014153">
      <ele>418.7</ele>
    </trkpt>
    <trkpt lat="42.665416" lon="-2.013615">
      <ele>418.1</ele>
    </trkpt>
    <trkpt lat="42.665698" lon="-2.011161">
      <ele>415.6</ele>
    </trkpt>
    <trkpt lat="42.66586" lon="-2.009456">
      <ele>416.5</ele>
    </trkpt>
    <trkpt lat="42.665856" lon="-2.009166">
      <ele>417</ele>
    </trkpt>
    <trkpt lat="42.665797" lon="-2.008839">
      <ele>417.4</ele>
    </trkpt>
    <trkpt lat="42.665729" lon="-2.008638">
      <ele>417.7</ele>
    </trkpt>
    <trkpt lat="42.665521" lon="-2.008333">
      <ele>418.2</ele>
    </trkpt>
    <trkpt lat="42.665327" lon="-2.008117">
      <ele>418.5</ele>
    </trkpt>
    <trkpt lat="42.664892" lon="-2.007701">
      <ele>419.4</ele>
    </trkpt>
    <trkpt lat="42.664526" lon="-2.007443">
      <ele>420.4</ele>
    </trkpt>
    <trkpt lat="42.662928" lon="-2.00687">
      <ele>425</ele>
    </trkpt>
    <trkpt lat="42.662653" lon="-2.006771">
      <ele>426.1</ele>
    </trkpt>
    <trkpt lat="42.662357" lon="-2.006585">
      <ele>427.4</ele>
    </trkpt>
    <trkpt lat="42.662066" lon="-2.00652">
      <ele>428.1</ele>
    </trkpt>
    <trkpt lat="42.661806" lon="-2.006599">
      <ele>428.5</ele>
    </trkpt>
    <trkpt lat="42.661435" lon="-2.006855">
      <ele>429.1</ele>
    </trkpt>
    <trkpt lat="42.661234" lon="-2.007008">
      <ele>429.2</ele>
    </trkpt>
    <trkpt lat="42.66092" lon="-2.007176">
      <ele>429.3</ele>
    </trkpt>
    <trkpt lat="42.660713" lon="-2.007243">
      <ele>429.1</ele>
    </trkpt>
    <trkpt lat="42.66032" lon="-2.007289">
      <ele>428.4</ele>
    </trkpt>
    <trkpt lat="42.659909" lon="-2.007242">
      <ele>428</ele>
    </trkpt>
    <trkpt lat="42.657561" lon="-2.006554">
      <ele>426.3</ele>
    </trkpt>
    <trkpt lat="42.656836" lon="-2.00626">
      <ele>425.5</ele>
    </trkpt>
    <trkpt lat="42.656494" lon="-2.006066">
      <ele>425.1</ele>
    </trkpt>
    <trkpt lat="42.656025" lon="-2.005799">
      <ele>424.5</ele>
    </trkpt>
    <trkpt lat="42.655297" lon="-2.005384">
      <ele>423.6</ele>
    </trkpt>
    <trkpt lat="42.655034" lon="-2.005243">
      <ele>423.3</ele>
    </trkpt>
    <trkpt lat="42.654427" lon="-2.004892">
      <ele>422.2</ele>
    </trkpt>
    <trkpt lat="42.654277" lon="-2.004805">
      <ele>421.9</ele>
    </trkpt>
    <trkpt lat="42.653943" lon="-2.004612">
      <ele>421.1</ele>
    </trkpt>
    <trkpt lat="42.653805" lon="-2.004546">
      <ele>420.8</ele>
    </trkpt>
    <trkpt lat="42.65339" lon="-2.004354">
      <ele>419.9</ele>
    </trkpt>
    <trkpt lat="42.652582" lon="-2.004039">
      <ele>417.5</ele>
    </trkpt>
    <trkpt lat="42.652261" lon="-2.003924">
      <ele>416.6</ele>
    </trkpt>
    <trkpt lat="42.650485" lon="-2.003298">
      <ele>411.6</ele>
    </trkpt>
    <trkpt lat="42.650157" lon="-2.003182">
      <ele>410.8</ele>
    </trkpt>
    <trkpt lat="42.649157" lon="-2.00266">
      <ele>409.1</ele>
    </trkpt>
    <trkpt lat="42.649077" lon="-2.002764">
      <ele>409</ele>
    </trkpt>
    <trkpt lat="42.648967" lon="-2.002775">
      <ele>408.9</ele>
    </trkpt>
    <trkpt lat="42.648924" lon="-2.002749">
      <ele>408.9</ele>
    </trkpt>
    <trkpt lat="42.648863" lon="-2.002654">
      <ele>408.8</ele>
    </trkpt>
    <trkpt lat="42.648865" lon="-2.002467">
      <ele>408.6</ele>
    </trkpt>
    <trkpt lat="42.648755" lon="-2.002378">
      <ele>408.6</ele>
    </trkpt>
    <trkpt lat="42.648275" lon="-2.001925">
      <ele>408.8</ele>
    </trkpt>
    <trkpt lat="42.648178" lon="-2.001844">
      <ele>409</ele>
    </trkpt>
    <trkpt lat="42.648089" lon="-2.001912">
      <ele>409.1</ele>
    </trkpt>
    <trkpt lat="42.648001" lon="-2.001896">
      <ele>409.3</ele>
    </trkpt>
    <trkpt lat="42.647952" lon="-2.00186">
      <ele>409.4</ele>
    </trkpt>
    <trkpt lat="42.647905" lon="-2.00176">
      <ele>409.6</ele>
    </trkpt>
    <trkpt lat="42.647905" lon="-2.001637">
      <ele>409.8</ele>
    </trkpt>
    <trkpt lat="42.647954" lon="-2.001533">
      <ele>410.1</ele>
    </trkpt>
    <trkpt lat="42.647249" lon="-2.000615">
      <ele>413.1</ele>
    </trkpt>
    <trkpt lat="42.646492" lon="-1.999061">
      <ele>416.3</ele>
    </trkpt>
    <trkpt lat="42.645708" lon="-1.9975">
      <ele>416.4</ele>
    </trkpt>
    <trkpt lat="42.644504" lon="-1.995102">
      <ele>416</ele>
    </trkpt>
    <trkpt lat="42.644025" lon="-1.994162">
      <ele>416.9</ele>
    </trkpt>
    <trkpt lat="42.643842" lon="-1.993802">
      <ele>417.5</ele>
    </trkpt>
    <trkpt lat="42.642382" lon="-1.990947">
      <ele>422.6</ele>
    </trkpt>
    <trkpt lat="42.642191" lon="-1.990549">
      <ele>423.3</ele>
    </trkpt>
    <trkpt lat="42.641993" lon="-1.990053">
      <ele>423.9</ele>
    </trkpt>
    <trkpt lat="42.641795" lon="-1.989557">
      <ele>424.3</ele>
    </trkpt>
    <trkpt lat="42.641107" lon="-1.986828">
      <ele>425</ele>
    </trkpt>
    <trkpt lat="42.64108" lon="-1.986722">
      <ele>425.1</ele>
    </trkpt>
    <trkpt lat="42.640879" lon="-1.985898">
      <ele>426.1</ele>
    </trkpt>
    <trkpt lat="42.64064" lon="-1.985144">
      <ele>427.6</ele>
    </trkpt>
    <trkpt lat="42.640381" lon="-1.984494">
      <ele>429.4</ele>
    </trkpt>
    <trkpt lat="42.639246" lon="-1.98243">
      <ele>439.1</ele>
    </trkpt>
    <trkpt lat="42.638084" lon="-1.980397">
      <ele>453.6</ele>
    </trkpt>
    <trkpt lat="42.63786" lon="-1.979995">
      <ele>456.2</ele>
    </trkpt>
    <trkpt lat="42.637715" lon="-1.979735">
      <ele>457.6</ele>
    </trkpt>
    <trkpt lat="42.637277" lon="-1.978409">
      <ele>463.4</ele>
    </trkpt>
    <trkpt lat="42.636519" lon="-1.975259">
      <ele>477.3</ele>
    </trkpt>
    <trkpt lat="42.636212" lon="-1.974419">
      <ele>481.2</ele>
    </trkpt>
    <trkpt lat="42.635763" lon="-1.973674">
      <ele>485.1</ele>
    </trkpt>
    <trkpt lat="42.635309" lon="-1.973246">
      <ele>487.9</ele>
    </trkpt>
    <trkpt lat="42.634226" lon="-1.972602">
      <ele>494.3</ele>
    </trkpt>
    <trkpt lat="42.634128" lon="-1.972544">
      <ele>495</ele>
    </trkpt>
    <trkpt lat="42.633727" lon="-1.972306">
      <ele>498</ele>
    </trkpt>
    <trkpt lat="42.633177" lon="-1.971849">
      <ele>502.4</ele>
    </trkpt>
    <trkpt lat="42.63292" lon="-1.971573">
      <ele>504.2</ele>
    </trkpt>
    <trkpt lat="42.632677" lon="-1.97127">
      <ele>505.5</ele>
    </trkpt>
    <trkpt lat="42.631588" lon="-1.969461">
      <ele>504.1</ele>
    </trkpt>
    <trkpt lat="42.631204" lon="-1.968978">
      <ele>501.8</ele>
    </trkpt>
    <trkpt lat="42.630775" lon="-1.968589">
      <ele>499</ele>
    </trkpt>
    <trkpt lat="42.627915" lon="-1.966817">
      <ele>479.2</ele>
    </trkpt>
    <trkpt lat="42.62643" lon="-1.965889">
      <ele>472.8</ele>
    </trkpt>
    <trkpt lat="42.62601" lon="-1.96562">
      <ele>471.3</ele>
    </trkpt>
    <trkpt lat="42.625967" lon="-1.965593">
      <ele>471.2</ele>
    </trkpt>
    <trkpt lat="42.625927" lon="-1.965428">
      <ele>470.7</ele>
    </trkpt>
    <trkpt lat="42.62591" lon="-1.965202">
      <ele>470.2</ele>
    </trkpt>
    <trkpt lat="42.625897" lon="-1.965035">
      <ele>469.8</ele>
    </trkpt>
    <trkpt lat="42.624866" lon="-1.962819">
      <ele>463.2</ele>
    </trkpt>
    <trkpt lat="42.624607" lon="-1.962163">
      <ele>462.3</ele>
    </trkpt>
    <trkpt lat="42.624577" lon="-1.962088">
      <ele>462.3</ele>
    </trkpt>
    <trkpt lat="42.624411" lon="-1.961566">
      <ele>462.3</ele>
    </trkpt>
    <trkpt lat="42.624373" lon="-1.961345">
      <ele>462.5</ele>
    </trkpt>
    <trkpt lat="42.624266" lon="-1.961162">
      <ele>462.8</ele>
    </trkpt>
    <trkpt lat="42.624148" lon="-1.960803">
      <ele>463.5</ele>
    </trkpt>
    <trkpt lat="42.624152" lon="-1.960763">
      <ele>463.6</ele>
    </trkpt>
    <trkpt lat="42.624165" lon="-1.960634">
      <ele>463.9</ele>
    </trkpt>
    <trkpt lat="42.623931" lon="-1.959918">
      <ele>466</ele>
    </trkpt>
    <trkpt lat="42.623609" lon="-1.958802">
      <ele>470.7</ele>
    </trkpt>
    <trkpt lat="42.623527" lon="-1.958605">
      <ele>471.7</ele>
    </trkpt>
    <trkpt lat="42.623394" lon="-1.958416">
      <ele>472.9</ele>
    </trkpt>
    <trkpt lat="42.623263" lon="-1.958339">
      <ele>473.8</ele>
    </trkpt>
    <trkpt lat="42.623028" lon="-1.958201">
      <ele>475.4</ele>
    </trkpt>
    <trkpt lat="42.622914" lon="-1.958115">
      <ele>476.2</ele>
    </trkpt>
    <trkpt lat="42.62282" lon="-1.957969">
      <ele>477.1</ele>
    </trkpt>
    <trkpt lat="42.622782" lon="-1.957866">
      <ele>477.6</ele>
    </trkpt>
    <trkpt lat="42.622763" lon="-1.957669">
      <ele>478.5</ele>
    </trkpt>
    <trkpt lat="42.622775" lon="-1.957137">
      <ele>481</ele>
    </trkpt>
    <trkpt lat="42.622744" lon="-1.956948">
      <ele>481.9</ele>
    </trkpt>
    <trkpt lat="42.622624" lon="-1.956631">
      <ele>483.4</ele>
    </trkpt>
    <trkpt lat="42.622333" lon="-1.956073">
      <ele>486.3</ele>
    </trkpt>
    <trkpt lat="42.622163" lon="-1.955832">
      <ele>488</ele>
    </trkpt>
    <trkpt lat="42.622036" lon="-1.955712">
      <ele>489</ele>
    </trkpt>
    <trkpt lat="42.621544" lon="-1.955369">
      <ele>492.7</ele>
    </trkpt>
    <trkpt lat="42.621367" lon="-1.955214">
      <ele>494.2</ele>
    </trkpt>
    <trkpt lat="42.621128" lon="-1.954917">
      <ele>496.5</ele>
    </trkpt>
    <trkpt lat="42.620759" lon="-1.954277">
      <ele>500.8</ele>
    </trkpt>
    <trkpt lat="42.620521" lon="-1.953833">
      <ele>503.5</ele>
    </trkpt>
    <trkpt lat="42.620053" lon="-1.952785">
      <ele>508.9</ele>
    </trkpt>
    <trkpt lat="42.62003" lon="-1.952747">
      <ele>509.1</ele>
    </trkpt>
    <trkpt lat="42.619959" lon="-1.952631">
      <ele>509.5</ele>
    </trkpt>
    <trkpt lat="42.619865" lon="-1.952556">
      <ele>509.8</ele>
    </trkpt>
    <trkpt lat="42.619807" lon="-1.952588">
      <ele>509.9</ele>
    </trkpt>
    <trkpt lat="42.619675" lon="-1.952799">
      <ele>510.2</ele>
    </trkpt>
    <trkpt lat="42.61954" lon="-1.953002">
      <ele>510.2</ele>
    </trkpt>
    <trkpt lat="42.619451" lon="-1.953164">
      <ele>510</ele>
    </trkpt>
    <trkpt lat="42.619265" lon="-1.953615">
      <ele>508.8</ele>
    </trkpt>
    <trkpt lat="42.619181" lon="-1.953698">
      <ele>508.3</ele>
    </trkpt>
    <trkpt lat="42.619055" lon="-1.953735">
      <ele>507.6</ele>
    </trkpt>
    <trkpt lat="42.618332" lon="-1.953826">
      <ele>502.5</ele>
    </trkpt>
    <trkpt lat="42.618099" lon="-1.953885">
      <ele>500.6</ele>
    </trkpt>
    <trkpt lat="42.617946" lon="-1.953923">
      <ele>499.5</ele>
    </trkpt>
    <trkpt lat="42.617565" lon="-1.954035">
      <ele>496.7</ele>
    </trkpt>
    <trkpt lat="42.617224" lon="-1.954056">
      <ele>494.5</ele>
    </trkpt>
    <trkpt lat="42.616889" lon="-1.954039">
      <ele>492.6</ele>
    </trkpt>
    <trkpt lat="42.615869" lon="-1.953905">
      <ele>487.5</ele>
    </trkpt>
    <trkpt lat="42.615774" lon="-1.953946">
      <ele>487.1</ele>
    </trkpt>
    <trkpt lat="42.615616" lon="-1.954065">
      <ele>486.3</ele>
    </trkpt>
    <trkpt lat="42.615588" lon="-1.954095">
      <ele>486.1</ele>
    </trkpt>
    <trkpt lat="42.615548" lon="-1.954032">
      <ele>485.8</ele>
    </trkpt>
    <trkpt lat="42.6152" lon="-1.953391">
      <ele>482.9</ele>
    </trkpt>
    <trkpt lat="42.614675" lon="-1.952548">
      <ele>479</ele>
    </trkpt>
    <trkpt lat="42.611403" lon="-1.947132">
      <ele>460.1</ele>
    </trkpt>
    <trkpt lat="42.610929" lon="-1.946399">
      <ele>458</ele>
    </trkpt>
    <trkpt lat="42.610748" lon="-1.946187">
      <ele>457.2</ele>
    </trkpt>
    <trkpt lat="42.610446" lon="-1.945905">
      <ele>455.8</ele>
    </trkpt>
    <trkpt lat="42.609471" lon="-1.94516">
      <ele>450.3</ele>
    </trkpt>
    <trkpt lat="42.609279" lon="-1.944987">
      <ele>449.1</ele>
    </trkpt>
    <trkpt lat="42.608963" lon="-1.944667">
      <ele>446.8</ele>
    </trkpt>
    <trkpt lat="42.608704" lon="-1.944354">
      <ele>444.7</ele>
    </trkpt>
    <trkpt lat="42.60846" lon="-1.943967">
      <ele>442.4</ele>
    </trkpt>
    <trkpt lat="42.608086" lon="-1.943252">
      <ele>438.8</ele>
    </trkpt>
    <trkpt lat="42.60364" lon="-1.934314">
      <ele>412</ele>
    </trkpt>
    <trkpt lat="42.602984" lon="-1.933028">
      <ele>409.2</ele>
    </trkpt>
    <trkpt lat="42.602747" lon="-1.932652">
      <ele>408.5</ele>
    </trkpt>
    <trkpt lat="42.602332" lon="-1.932111">
      <ele>407.8</ele>
    </trkpt>
    <trkpt lat="42.600703" lon="-1.930122">
      <ele>407.2</ele>
    </trkpt>
    <trkpt lat="42.600439" lon="-1.929717">
      <ele>406.9</ele>
    </trkpt>
    <trkpt lat="42.60026" lon="-1.92938">
      <ele>406.5</ele>
    </trkpt>
    <trkpt lat="42.600001" lon="-1.928743">
      <ele>405.4</ele>
    </trkpt>
    <trkpt lat="42.598347" lon="-1.923542">
      <ele>393.5</ele>
    </trkpt>
    <trkpt lat="42.598015" lon="-1.922752">
      <ele>393.2</ele>
    </trkpt>
    <trkpt lat="42.597563" lon="-1.921966">
      <ele>394.1</ele>
    </trkpt>
    <trkpt lat="42.596604" lon="-1.920686">
      <ele>396.4</ele>
    </trkpt>
    <trkpt lat="42.596184" lon="-1.920082">
      <ele>396.2</ele>
    </trkpt>
    <trkpt lat="42.595938" lon="-1.919705">
      <ele>395.6</ele>
    </trkpt>
    <trkpt lat="42.594953" lon="-1.917974">
      <ele>390.7</ele>
    </trkpt>
    <trkpt lat="42.594484" lon="-1.917221">
      <ele>389.1</ele>
    </trkpt>
    <trkpt lat="42.594144" lon="-1.916768">
      <ele>388.5</ele>
    </trkpt>
    <trkpt lat="42.593059" lon="-1.91558">
      <ele>388.2</ele>
    </trkpt>
    <trkpt lat="42.592674" lon="-1.915224">
      <ele>388.6</ele>
    </trkpt>
    <trkpt lat="42.592262" lon="-1.914923">
      <ele>389.1</ele>
    </trkpt>
    <trkpt lat="42.591175" lon="-1.91433">
      <ele>389.9</ele>
    </trkpt>
    <trkpt lat="42.590903" lon="-1.914125">
      <ele>389.7</ele>
    </trkpt>
    <trkpt lat="42.590642" lon="-1.913874">
      <ele>389.5</ele>
    </trkpt>
    <trkpt lat="42.590276" lon="-1.91338">
      <ele>388.8</ele>
    </trkpt>
    <trkpt lat="42.587719" lon="-1.909034">
      <ele>381.7</ele>
    </trkpt>
    <trkpt lat="42.587504" lon="-1.908574">
      <ele>381.2</ele>
    </trkpt>
    <trkpt lat="42.587333" lon="-1.908141">
      <ele>381</ele>
    </trkpt>
    <trkpt lat="42.587023" lon="-1.907239">
      <ele>381.2</ele>
    </trkpt>
    <trkpt lat="42.586732" lon="-1.906618">
      <ele>381.9</ele>
    </trkpt>
    <trkpt lat="42.58652" lon="-1.906257">
      <ele>382.5</ele>
    </trkpt>
    <trkpt lat="42.58575" lon="-1.905279">
      <ele>382.6</ele>
    </trkpt>
    <trkpt lat="42.584955" lon="-1.904327">
      <ele>378.9</ele>
    </trkpt>
    <trkpt lat="42.584682" lon="-1.903922">
      <ele>377</ele>
    </trkpt>
    <trkpt lat="42.58426" lon="-1.903177">
      <ele>374.6</ele>
    </trkpt>
    <trkpt lat="42.5837" lon="-1.901999">
      <ele>372.5</ele>
    </trkpt>
    <trkpt lat="42.583128" lon="-1.900667">
      <ele>370.9</ele>
    </trkpt>
    <trkpt lat="42.582301" lon="-1.89852">
      <ele>369.2</ele>
    </trkpt>
    <trkpt lat="42.581684" lon="-1.897092">
      <ele>367.9</ele>
    </trkpt>
    <trkpt lat="42.581016" lon="-1.895639">
      <ele>365.7</ele>
    </trkpt>
    <trkpt lat="42.580857" lon="-1.895239">
      <ele>365.1</ele>
    </trkpt>
    <trkpt lat="42.580658" lon="-1.894436">
      <ele>364.3</ele>
    </trkpt>
    <trkpt lat="42.580596" lon="-1.893916">
      <ele>363.9</ele>
    </trkpt>
    <trkpt lat="42.580526" lon="-1.892836">
      <ele>362.7</ele>
    </trkpt>
    <trkpt lat="42.580477" lon="-1.892227">
      <ele>361.8</ele>
    </trkpt>
    <trkpt lat="42.580334" lon="-1.891198">
      <ele>360.4</ele>
    </trkpt>
    <trkpt lat="42.579961" lon="-1.889264">
      <ele>358.9</ele>
    </trkpt>
    <trkpt lat="42.579782" lon="-1.888599">
      <ele>358.1</ele>
    </trkpt>
    <trkpt lat="42.579583" lon="-1.888033">
      <ele>357.3</ele>
    </trkpt>
    <trkpt lat="42.579327" lon="-1.887465">
      <ele>356.4</ele>
    </trkpt>
    <trkpt lat="42.579169" lon="-1.887173">
      <ele>355.8</ele>
    </trkpt>
    <trkpt lat="42.576543" lon="-1.882354">
      <ele>351.3</ele>
    </trkpt>
    <trkpt lat="42.57602" lon="-1.88151">
      <ele>349.5</ele>
    </trkpt>
    <trkpt lat="42.575778" lon="-1.881164">
      <ele>348.6</ele>
    </trkpt>
    <trkpt lat="42.574581" lon="-1.879555">
      <ele>346.1</ele>
    </trkpt>
    <trkpt lat="42.574065" lon="-1.878962">
      <ele>345.7</ele>
    </trkpt>
    <trkpt lat="42.573439" lon="-1.87847">
      <ele>345.4</ele>
    </trkpt>
    <trkpt lat="42.571847" lon="-1.87747">
      <ele>345</ele>
    </trkpt>
    <trkpt lat="42.571322" lon="-1.877081">
      <ele>344.6</ele>
    </trkpt>
    <trkpt lat="42.57104" lon="-1.876804">
      <ele>344.1</ele>
    </trkpt>
    <trkpt lat="42.570794" lon="-1.876516">
      <ele>343.6</ele>
    </trkpt>
    <trkpt lat="42.570526" lon="-1.876134">
      <ele>342.8</ele>
    </trkpt>
    <trkpt lat="42.570269" lon="-1.875704">
      <ele>341.9</ele>
    </trkpt>
    <trkpt lat="42.569484" lon="-1.874243">
      <ele>339.6</ele>
    </trkpt>
    <trkpt lat="42.568555" lon="-1.872494">
      <ele>339.3</ele>
    </trkpt>
    <trkpt lat="42.568068" lon="-1.871656">
      <ele>339.5</ele>
    </trkpt>
    <trkpt lat="42.567853" lon="-1.871334">
      <ele>339.4</ele>
    </trkpt>
    <trkpt lat="42.567574" lon="-1.870979">
      <ele>339.3</ele>
    </trkpt>
    <trkpt lat="42.566851" lon="-1.870109">
      <ele>338.4</ele>
    </trkpt>
    <trkpt lat="42.566443" lon="-1.869477">
      <ele>337.9</ele>
    </trkpt>
    <trkpt lat="42.566175" lon="-1.868679">
      <ele>337.6</ele>
    </trkpt>
    <trkpt lat="42.566107" lon="-1.868141">
      <ele>337.6</ele>
    </trkpt>
    <trkpt lat="42.565868" lon="-1.860798">
      <ele>337.6</ele>
    </trkpt>
    <trkpt lat="42.565856" lon="-1.859676">
      <ele>339.3</ele>
    </trkpt>
    <trkpt lat="42.565872" lon="-1.859019">
      <ele>340.8</ele>
    </trkpt>
    <trkpt lat="42.565988" lon="-1.857213">
      <ele>345.6</ele>
    </trkpt>
    <trkpt lat="42.566062" lon="-1.856484">
      <ele>348.4</ele>
    </trkpt>
    <trkpt lat="42.566238" lon="-1.854154">
      <ele>358.4</ele>
    </trkpt>
    <trkpt lat="42.566396" lon="-1.852869">
      <ele>361</ele>
    </trkpt>
    <trkpt lat="42.566488" lon="-1.852434">
      <ele>361.2</ele>
    </trkpt>
    <trkpt lat="42.566495" lon="-1.852401">
      <ele>361.2</ele>
    </trkpt>
    <trkpt lat="42.56685" lon="-1.850847">
      <ele>360.5</ele>
    </trkpt>
    <trkpt lat="42.566894" lon="-1.850663">
      <ele>360.4</ele>
    </trkpt>
    <trkpt lat="42.566916" lon="-1.850479">
      <ele>360.3</ele>
    </trkpt>
    <trkpt lat="42.566959" lon="-1.850003">
      <ele>360.5</ele>
    </trkpt>
    <trkpt lat="42.566905" lon="-1.849694">
      <ele>360.8</ele>
    </trkpt>
    <trkpt lat="42.566847" lon="-1.849565">
      <ele>361</ele>
    </trkpt>
    <trkpt lat="42.566742" lon="-1.84936">
      <ele>361.4</ele>
    </trkpt>
    <trkpt lat="42.566545" lon="-1.849122">
      <ele>362</ele>
    </trkpt>
    <trkpt lat="42.56642" lon="-1.849019">
      <ele>362.5</ele>
    </trkpt>
    <trkpt lat="42.566262" lon="-1.848932">
      <ele>363.1</ele>
    </trkpt>
    <trkpt lat="42.566062" lon="-1.848884">
      <ele>363.9</ele>
    </trkpt>
    <trkpt lat="42.565792" lon="-1.848917">
      <ele>365.1</ele>
    </trkpt>
    <trkpt lat="42.56486" lon="-1.849317">
      <ele>370.2</ele>
    </trkpt>
    <trkpt lat="42.564497" lon="-1.849379">
      <ele>372.2</ele>
    </trkpt>
    <trkpt lat="42.563541" lon="-1.849378">
      <ele>377.7</ele>
    </trkpt>
    <trkpt lat="42.563226" lon="-1.849409">
      <ele>379.2</ele>
    </trkpt>
    <trkpt lat="42.562186" lon="-1.849646">
      <ele>382.2</ele>
    </trkpt>
    <trkpt lat="42.562073" lon="-1.849636">
      <ele>382.4</ele>
    </trkpt>
    <trkpt lat="42.561563" lon="-1.849425">
      <ele>383.1</ele>
    </trkpt>
    <trkpt lat="42.561355" lon="-1.849411">
      <ele>383.5</ele>
    </trkpt>
    <trkpt lat="42.560942" lon="-1.849474">
      <ele>384.6</ele>
    </trkpt>
    <trkpt lat="42.560744" lon="-1.849516">
      <ele>385.2</ele>
    </trkpt>
    <trkpt lat="42.560426" lon="-1.849606">
      <ele>386.3</ele>
    </trkpt>
    <trkpt lat="42.560178" lon="-1.849643">
      <ele>387.1</ele>
    </trkpt>
    <trkpt lat="42.559476" lon="-1.849819">
      <ele>388.5</ele>
    </trkpt>
    <trkpt lat="42.55901" lon="-1.849824">
      <ele>388.3</ele>
    </trkpt>
    <trkpt lat="42.558872" lon="-1.849919">
      <ele>387.9</ele>
    </trkpt>
    <trkpt lat="42.558796" lon="-1.850101">
      <ele>387.5</ele>
    </trkpt>
    <trkpt lat="42.558735" lon="-1.850215">
      <ele>387.2</ele>
    </trkpt>
    <trkpt lat="42.558652" lon="-1.850283">
      <ele>387</ele>
    </trkpt>
    <trkpt lat="42.558573" lon="-1.850288">
      <ele>386.8</ele>
    </trkpt>
    <trkpt lat="42.558477" lon="-1.850254">
      <ele>386.6</ele>
    </trkpt>
    <trkpt lat="42.558154" lon="-1.850015">
      <ele>385.8</ele>
    </trkpt>
    <trkpt lat="42.558051" lon="-1.849973">
      <ele>385.6</ele>
    </trkpt>
    <trkpt lat="42.55795" lon="-1.849767">
      <ele>385.2</ele>
    </trkpt>
    <trkpt lat="42.557839" lon="-1.849604">
      <ele>384.7</ele>
    </trkpt>
    <trkpt lat="42.557719" lon="-1.849394">
      <ele>384</ele>
    </trkpt>
    <trkpt lat="42.5575" lon="-1.849071">
      <ele>383</ele>
    </trkpt>
    <trkpt lat="42.557329" lon="-1.848935">
      <ele>382.4</ele>
    </trkpt>
    <trkpt lat="42.556919" lon="-1.848992">
      <ele>381.1</ele>
    </trkpt>
    <trkpt lat="42.556772" lon="-1.848981">
      <ele>380.4</ele>
    </trkpt>
    <trkpt lat="42.556551" lon="-1.848769">
      <ele>379.1</ele>
    </trkpt>
    <trkpt lat="42.55612" lon="-1.848281">
      <ele>376</ele>
    </trkpt>
    <trkpt lat="42.556001" lon="-1.848088">
      <ele>375.2</ele>
    </trkpt>
    <trkpt lat="42.5555" lon="-1.846902">
      <ele>372.9</ele>
    </trkpt>
    <trkpt lat="42.555485" lon="-1.846725">
      <ele>372.7</ele>
    </trkpt>
    <trkpt lat="42.555517" lon="-1.846487">
      <ele>372.6</ele>
    </trkpt>
    <trkpt lat="42.555599" lon="-1.846223">
      <ele>372.4</ele>
    </trkpt>
    <trkpt lat="42.555655" lon="-1.845905">
      <ele>372.3</ele>
    </trkpt>
    <trkpt lat="42.555748" lon="-1.845169">
      <ele>372.1</ele>
    </trkpt>
    <trkpt lat="42.555762" lon="-1.844999">
      <ele>372</ele>
    </trkpt>
    <trkpt lat="42.55578" lon="-1.844842">
      <ele>372</ele>
    </trkpt>
    <trkpt lat="42.555749" lon="-1.844572">
      <ele>371.8</ele>
    </trkpt>
    <trkpt lat="42.555551" lon="-1.844104">
      <ele>371.2</ele>
    </trkpt>
    <trkpt lat="42.555509" lon="-1.844009">
      <ele>371.1</ele>
    </trkpt>
    <trkpt lat="42.555213" lon="-1.843316">
      <ele>369.3</ele>
    </trkpt>
    <trkpt lat="42.555105" lon="-1.842939">
      <ele>368</ele>
    </trkpt>
    <trkpt lat="42.555101" lon="-1.842926">
      <ele>368</ele>
    </trkpt>
    <trkpt lat="42.555061" lon="-1.842567">
      <ele>366.7</ele>
    </trkpt>
    <trkpt lat="42.555088" lon="-1.842387">
      <ele>366</ele>
    </trkpt>
    <trkpt lat="42.555275" lon="-1.842005">
      <ele>363.9</ele>
    </trkpt>
    <trkpt lat="42.555282" lon="-1.841883">
      <ele>363.3</ele>
    </trkpt>
    <trkpt lat="42.555227" lon="-1.841802">
      <ele>362.7</ele>
    </trkpt>
    <trkpt lat="42.555107" lon="-1.841787">
      <ele>361.8</ele>
    </trkpt>
    <trkpt lat="42.554741" lon="-1.841892">
      <ele>358.7</ele>
    </trkpt>
    <trkpt lat="42.554431" lon="-1.841933">
      <ele>356</ele>
    </trkpt>
    <trkpt lat="42.554076" lon="-1.841809">
      <ele>353</ele>
    </trkpt>
    <trkpt lat="42.553809" lon="-1.841668">
      <ele>350.9</ele>
    </trkpt>
    <trkpt lat="42.553684" lon="-1.84149">
      <ele>349.6</ele>
    </trkpt>
    <trkpt lat="42.553628" lon="-1.841267">
      <ele>348.4</ele>
    </trkpt>
    <trkpt lat="42.553506" lon="-1.840066">
      <ele>343.4</ele>
    </trkpt>
    <trkpt lat="42.55343" lon="-1.839493">
      <ele>341.6</ele>
    </trkpt>
    <trkpt lat="42.553335" lon="-1.839168">
      <ele>340.4</ele>
    </trkpt>
    <trkpt lat="42.552798" lon="-1.83795">
      <ele>335.5</ele>
    </trkpt>
    <trkpt lat="42.552738" lon="-1.837749">
      <ele>334.8</ele>
    </trkpt>
    <trkpt lat="42.552712" lon="-1.836966">
      <ele>332.4</ele>
    </trkpt>
    <trkpt lat="42.552671" lon="-1.836601">
      <ele>331.3</ele>
    </trkpt>
    <trkpt lat="42.552603" lon="-1.836289">
      <ele>330.4</ele>
    </trkpt>
    <trkpt lat="42.552529" lon="-1.836143">
      <ele>329.8</ele>
    </trkpt>
    <trkpt lat="42.552423" lon="-1.836009">
      <ele>329.2</ele>
    </trkpt>
    <trkpt lat="42.551833" lon="-1.835546">
      <ele>326.6</ele>
    </trkpt>
    <trkpt lat="42.551704" lon="-1.835306">
      <ele>325.8</ele>
    </trkpt>
    <trkpt lat="42.551507" lon="-1.834799">
      <ele>324.3</ele>
    </trkpt>
    <trkpt lat="42.551401" lon="-1.83457">
      <ele>323.8</ele>
    </trkpt>
    <trkpt lat="42.551029" lon="-1.833782">
      <ele>322.6</ele>
    </trkpt>
    <trkpt lat="42.550735" lon="-1.833225">
      <ele>322</ele>
    </trkpt>
    <trkpt lat="42.550415" lon="-1.832767">
      <ele>321.6</ele>
    </trkpt>
    <trkpt lat="42.55017" lon="-1.832531">
      <ele>321.5</ele>
    </trkpt>
    <trkpt lat="42.549853" lon="-1.832357">
      <ele>321.2</ele>
    </trkpt>
    <trkpt lat="42.548515" lon="-1.831743">
      <ele>320.2</ele>
    </trkpt>
    <trkpt lat="42.548014" lon="-1.831589">
      <ele>320.2</ele>
    </trkpt>
    <trkpt lat="42.547763" lon="-1.831467">
      <ele>320.1</ele>
    </trkpt>
    <trkpt lat="42.546101" lon="-1.830459">
      <ele>319.9</ele>
    </trkpt>
    <trkpt lat="42.545591" lon="-1.830192">
      <ele>319.5</ele>
    </trkpt>
    <trkpt lat="42.544611" lon="-1.829676">
      <ele>318.4</ele>
    </trkpt>
    <trkpt lat="42.543986" lon="-1.829439">
      <ele>317.7</ele>
    </trkpt>
    <trkpt lat="42.543712" lon="-1.829372">
      <ele>317.5</ele>
    </trkpt>
    <trkpt lat="42.543366" lon="-1.829349">
      <ele>317.2</ele>
    </trkpt>
    <trkpt lat="42.542823" lon="-1.829363">
      <ele>316.9</ele>
    </trkpt>
    <trkpt lat="42.542659" lon="-1.829392">
      <ele>316.9</ele>
    </trkpt>
    <trkpt lat="42.54101" lon="-1.829756">
      <ele>316.6</ele>
    </trkpt>
    <trkpt lat="42.540316" lon="-1.829828">
      <ele>316.7</ele>
    </trkpt>
    <trkpt lat="42.539983" lon="-1.829907">
      <ele>316.8</ele>
    </trkpt>
    <trkpt lat="42.538533" lon="-1.830449">
      <ele>317.5</ele>
    </trkpt>
    <trkpt lat="42.538113" lon="-1.830635">
      <ele>317.8</ele>
    </trkpt>
    <trkpt lat="42.537123" lon="-1.8312">
      <ele>318.6</ele>
    </trkpt>
    <trkpt lat="42.536473" lon="-1.831698">
      <ele>319</ele>
    </trkpt>
    <trkpt lat="42.5355" lon="-1.832034">
      <ele>318.8</ele>
    </trkpt>
    <trkpt lat="42.534378" lon="-1.832521">
      <ele>318</ele>
    </trkpt>
    <trkpt lat="42.533247" lon="-1.83309">
      <ele>317.7</ele>
    </trkpt>
    <trkpt lat="42.533074" lon="-1.833157">
      <ele>317.6</ele>
    </trkpt>
    <trkpt lat="42.532275" lon="-1.833358">
      <ele>317.6</ele>
    </trkpt>
    <trkpt lat="42.530396" lon="-1.833855">
      <ele>318</ele>
    </trkpt>
    <trkpt lat="42.529972" lon="-1.833982">
      <ele>318.1</ele>
    </trkpt>
    <trkpt lat="42.529667" lon="-1.834074">
      <ele>318.2</ele>
    </trkpt>
    <trkpt lat="42.528907" lon="-1.834311">
      <ele>318.2</ele>
    </trkpt>
    <trkpt lat="42.52866" lon="-1.834368">
      <ele>318.3</ele>
    </trkpt>
    <trkpt lat="42.528369" lon="-1.834424">
      <ele>318.4</ele>
    </trkpt>
    <trkpt lat="42.527672" lon="-1.834568">
      <ele>318.4</ele>
    </trkpt>
    <trkpt lat="42.527264" lon="-1.834682">
      <ele>317.9</ele>
    </trkpt>
    <trkpt lat="42.527222" lon="-1.834694">
      <ele>317.9</ele>
    </trkpt>
    <trkpt lat="42.527029" lon="-1.834745">
      <ele>317.6</ele>
    </trkpt>
    <trkpt lat="42.526855" lon="-1.834068">
      <ele>316.8</ele>
    </trkpt>
    <trkpt lat="42.526759" lon="-1.83364">
      <ele>316.2</ele>
    </trkpt>
    </trkseg>
  </trk>
</gpx>
