<?xml version="1.0" encoding="UTF-8"?>
<gpx version="1.1" creator="fitAI Komoot downloader" xmlns="http://www.topografix.com/GPX/1/1">
  <metadata>
    <name>Puerto de Herrera y Puerto de Zaldiaran - Recorrido circular desde Fuenmayor</name>
    <desc>100 visitas · Dificultad: difficult · Distancia: 123.7 km · Desnivel +: 2253 m</desc>
    <link href="https://www.komoot.com/smarttour/e31561274"><text>Komoot</text></link>
  </metadata>
  <trk>
    <name>Puerto de Herrera y Puerto de Zaldiaran - Recorrido circular desde Fuenmayor</name>
    <type>racebike</type>
    <trkseg>
    <trkpt lat="42.48775" lon="-2.570813">
      <ele>412.1</ele>
    </trkpt>
    <trkpt lat="42.487791" lon="-2.570597">
      <ele>411.7</ele>
    </trkpt>
    <trkpt lat="42.487783" lon="-2.570277">
      <ele>411</ele>
    </trkpt>
    <trkpt lat="42.487766" lon="-2.5702">
      <ele>410.8</ele>
    </trkpt>
    <trkpt lat="42.487693" lon="-2.569916">
      <ele>410</ele>
    </trkpt>
    <trkpt lat="42.487948" lon="-2.569989">
      <ele>408.7</ele>
    </trkpt>
    <trkpt lat="42.488019" lon="-2.570006">
      <ele>408.3</ele>
    </trkpt>
    <trkpt lat="42.488105" lon="-2.570018">
      <ele>407.8</ele>
    </trkpt>
    <trkpt lat="42.488282" lon="-2.570045">
      <ele>406.7</ele>
    </trkpt>
    <trkpt lat="42.488354" lon="-2.570061">
      <ele>406.2</ele>
    </trkpt>
    <trkpt lat="42.488625" lon="-2.570151">
      <ele>404.2</ele>
    </trkpt>
    <trkpt lat="42.488793" lon="-2.570276">
      <ele>402.8</ele>
    </trkpt>
    <trkpt lat="42.489229" lon="-2.5708">
      <ele>398.9</ele>
    </trkpt>
    <trkpt lat="42.489409" lon="-2.570949">
      <ele>397.8</ele>
    </trkpt>
    <trkpt lat="42.48962" lon="-2.571033">
      <ele>396.7</ele>
    </trkpt>
    <trkpt lat="42.490018" lon="-2.57107">
      <ele>395.3</ele>
    </trkpt>
    <trkpt lat="42.490763" lon="-2.57111">
      <ele>393.8</ele>
    </trkpt>
    <trkpt lat="42.490974" lon="-2.571168">
      <ele>393.6</ele>
    </trkpt>
    <trkpt lat="42.491199" lon="-2.571276">
      <ele>393.3</ele>
    </trkpt>
    <trkpt lat="42.49143" lon="-2.571466">
      <ele>392.9</ele>
    </trkpt>
    <trkpt lat="42.491636" lon="-2.571715">
      <ele>392.5</ele>
    </trkpt>
    <trkpt lat="42.492071" lon="-2.572444">
      <ele>391.6</ele>
    </trkpt>
    <trkpt lat="42.492444" lon="-2.573095">
      <ele>392.5</ele>
    </trkpt>
    <trkpt lat="42.492646" lon="-2.573448">
      <ele>393.5</ele>
    </trkpt>
    <trkpt lat="42.492693" lon="-2.573574">
      <ele>393.9</ele>
    </trkpt>
    <trkpt lat="42.492661" lon="-2.573711">
      <ele>394.4</ele>
    </trkpt>
    <trkpt lat="42.492301" lon="-2.574195">
      <ele>397</ele>
    </trkpt>
    <trkpt lat="42.491765" lon="-2.574623">
      <ele>403</ele>
    </trkpt>
    <trkpt lat="42.491555" lon="-2.574832">
      <ele>405.3</ele>
    </trkpt>
    <trkpt lat="42.491481" lon="-2.575039">
      <ele>406.8</ele>
    </trkpt>
    <trkpt lat="42.49148" lon="-2.575128">
      <ele>407.4</ele>
    </trkpt>
    <trkpt lat="42.491515" lon="-2.575272">
      <ele>408.4</ele>
    </trkpt>
    <trkpt lat="42.491577" lon="-2.575365">
      <ele>409.2</ele>
    </trkpt>
    <trkpt lat="42.491666" lon="-2.575431">
      <ele>410.2</ele>
    </trkpt>
    <trkpt lat="42.491734" lon="-2.575442">
      <ele>410.8</ele>
    </trkpt>
    <trkpt lat="42.492229" lon="-2.575326">
      <ele>415.4</ele>
    </trkpt>
    <trkpt lat="42.492383" lon="-2.575232">
      <ele>416.9</ele>
    </trkpt>
    <trkpt lat="42.492411" lon="-2.575163">
      <ele>417.3</ele>
    </trkpt>
    <trkpt lat="42.49246" lon="-2.575123">
      <ele>417.8</ele>
    </trkpt>
    <trkpt lat="42.492552" lon="-2.575141">
      <ele>418.3</ele>
    </trkpt>
    <trkpt lat="42.492732" lon="-2.575141">
      <ele>419.1</ele>
    </trkpt>
    <trkpt lat="42.493183" lon="-2.574576">
      <ele>420.8</ele>
    </trkpt>
    <trkpt lat="42.493323" lon="-2.574386">
      <ele>421.5</ele>
    </trkpt>
    <trkpt lat="42.493466" lon="-2.574006">
      <ele>423</ele>
    </trkpt>
    <trkpt lat="42.493558" lon="-2.573696">
      <ele>424.2</ele>
    </trkpt>
    <trkpt lat="42.493675" lon="-2.573438">
      <ele>425.4</ele>
    </trkpt>
    <trkpt lat="42.493743" lon="-2.573392">
      <ele>425.9</ele>
    </trkpt>
    <trkpt lat="42.494182" lon="-2.573287">
      <ele>428.8</ele>
    </trkpt>
    <trkpt lat="42.49471" lon="-2.573144">
      <ele>433.2</ele>
    </trkpt>
    <trkpt lat="42.49477" lon="-2.573342">
      <ele>434.6</ele>
    </trkpt>
    <trkpt lat="42.494803" lon="-2.573451">
      <ele>435.4</ele>
    </trkpt>
    <trkpt lat="42.494783" lon="-2.5736">
      <ele>436.2</ele>
    </trkpt>
    <trkpt lat="42.494613" lon="-2.574232">
      <ele>439.7</ele>
    </trkpt>
    <trkpt lat="42.494518" lon="-2.574671">
      <ele>441.8</ele>
    </trkpt>
    <trkpt lat="42.494547" lon="-2.574896">
      <ele>442.9</ele>
    </trkpt>
    <trkpt lat="42.49485" lon="-2.575942">
      <ele>449</ele>
    </trkpt>
    <trkpt lat="42.495042" lon="-2.576352">
      <ele>452.6</ele>
    </trkpt>
    <trkpt lat="42.495269" lon="-2.57673">
      <ele>456.3</ele>
    </trkpt>
    <trkpt lat="42.495396" lon="-2.576939">
      <ele>458.4</ele>
    </trkpt>
    <trkpt lat="42.49547" lon="-2.577212">
      <ele>460.5</ele>
    </trkpt>
    <trkpt lat="42.495474" lon="-2.577479">
      <ele>462.4</ele>
    </trkpt>
    <trkpt lat="42.49545" lon="-2.577652">
      <ele>463.6</ele>
    </trkpt>
    <trkpt lat="42.495418" lon="-2.577792">
      <ele>464.5</ele>
    </trkpt>
    <trkpt lat="42.495288" lon="-2.578821">
      <ele>469.2</ele>
    </trkpt>
    <trkpt lat="42.495284" lon="-2.578976">
      <ele>469.6</ele>
    </trkpt>
    <trkpt lat="42.49535" lon="-2.579722">
      <ele>471.4</ele>
    </trkpt>
    <trkpt lat="42.495378" lon="-2.579924">
      <ele>471.9</ele>
    </trkpt>
    <trkpt lat="42.495421" lon="-2.58004">
      <ele>472.2</ele>
    </trkpt>
    <trkpt lat="42.49553" lon="-2.58019">
      <ele>472.7</ele>
    </trkpt>
    <trkpt lat="42.495715" lon="-2.580323">
      <ele>473.5</ele>
    </trkpt>
    <trkpt lat="42.496783" lon="-2.580826">
      <ele>479.3</ele>
    </trkpt>
    <trkpt lat="42.49695" lon="-2.580957">
      <ele>480.5</ele>
    </trkpt>
    <trkpt lat="42.49708" lon="-2.581178">
      <ele>481.8</ele>
    </trkpt>
    <trkpt lat="42.497585" lon="-2.582265">
      <ele>488.3</ele>
    </trkpt>
    <trkpt lat="42.497742" lon="-2.582449">
      <ele>489.8</ele>
    </trkpt>
    <trkpt lat="42.497977" lon="-2.582641">
      <ele>491.8</ele>
    </trkpt>
    <trkpt lat="42.498049" lon="-2.582888">
      <ele>493.4</ele>
    </trkpt>
    <trkpt lat="42.49808" lon="-2.583298">
      <ele>496.1</ele>
    </trkpt>
    <trkpt lat="42.497951" lon="-2.584044">
      <ele>501.3</ele>
    </trkpt>
    <trkpt lat="42.497949" lon="-2.584654">
      <ele>504.7</ele>
    </trkpt>
    <trkpt lat="42.497975" lon="-2.585066">
      <ele>506.7</ele>
    </trkpt>
    <trkpt lat="42.49806" lon="-2.585401">
      <ele>508.2</ele>
    </trkpt>
    <trkpt lat="42.498622" lon="-2.58689">
      <ele>511.7</ele>
    </trkpt>
    <trkpt lat="42.498733" lon="-2.587076">
      <ele>511.6</ele>
    </trkpt>
    <trkpt lat="42.498898" lon="-2.587155">
      <ele>511.5</ele>
    </trkpt>
    <trkpt lat="42.499333" lon="-2.587208">
      <ele>510.8</ele>
    </trkpt>
    <trkpt lat="42.499721" lon="-2.58743">
      <ele>510</ele>
    </trkpt>
    <trkpt lat="42.499908" lon="-2.587569">
      <ele>509.5</ele>
    </trkpt>
    <trkpt lat="42.500014" lon="-2.587684">
      <ele>509.2</ele>
    </trkpt>
    <trkpt lat="42.500609" lon="-2.588409">
      <ele>508.7</ele>
    </trkpt>
    <trkpt lat="42.500748" lon="-2.588496">
      <ele>509</ele>
    </trkpt>
    <trkpt lat="42.500953" lon="-2.588529">
      <ele>509.5</ele>
    </trkpt>
    <trkpt lat="42.502211" lon="-2.588438">
      <ele>513.6</ele>
    </trkpt>
    <trkpt lat="42.502423" lon="-2.588491">
      <ele>514</ele>
    </trkpt>
    <trkpt lat="42.502528" lon="-2.588606">
      <ele>514.1</ele>
    </trkpt>
    <trkpt lat="42.503625" lon="-2.590177">
      <ele>511.3</ele>
    </trkpt>
    <trkpt lat="42.503754" lon="-2.590314">
      <ele>510.3</ele>
    </trkpt>
    <trkpt lat="42.503925" lon="-2.590414">
      <ele>509.2</ele>
    </trkpt>
    <trkpt lat="42.50429" lon="-2.590434">
      <ele>506.4</ele>
    </trkpt>
    <trkpt lat="42.504545" lon="-2.590554">
      <ele>504</ele>
    </trkpt>
    <trkpt lat="42.505381" lon="-2.591045">
      <ele>494.6</ele>
    </trkpt>
    <trkpt lat="42.505479" lon="-2.591161">
      <ele>493.2</ele>
    </trkpt>
    <trkpt lat="42.505517" lon="-2.591264">
      <ele>492.3</ele>
    </trkpt>
    <trkpt lat="42.505717" lon="-2.592318">
      <ele>484.4</ele>
    </trkpt>
    <trkpt lat="42.505923" lon="-2.592934">
      <ele>479.8</ele>
    </trkpt>
    <trkpt lat="42.505973" lon="-2.593145">
      <ele>478.4</ele>
    </trkpt>
    <trkpt lat="42.506176" lon="-2.594921">
      <ele>466.5</ele>
    </trkpt>
    <trkpt lat="42.506149" lon="-2.595171">
      <ele>464.9</ele>
    </trkpt>
    <trkpt lat="42.505726" lon="-2.596256">
      <ele>457.5</ele>
    </trkpt>
    <trkpt lat="42.505722" lon="-2.59645">
      <ele>456.4</ele>
    </trkpt>
    <trkpt lat="42.50576" lon="-2.596561">
      <ele>455.7</ele>
    </trkpt>
    <trkpt lat="42.506254" lon="-2.597389">
      <ele>449.8</ele>
    </trkpt>
    <trkpt lat="42.506311" lon="-2.597524">
      <ele>448.9</ele>
    </trkpt>
    <trkpt lat="42.506444" lon="-2.597933">
      <ele>446.2</ele>
    </trkpt>
    <trkpt lat="42.506872" lon="-2.599641">
      <ele>433.6</ele>
    </trkpt>
    <trkpt lat="42.507052" lon="-2.600358">
      <ele>429</ele>
    </trkpt>
    <trkpt lat="42.507208" lon="-2.600809">
      <ele>426.8</ele>
    </trkpt>
    <trkpt lat="42.507555" lon="-2.601432">
      <ele>425.5</ele>
    </trkpt>
    <trkpt lat="42.507648" lon="-2.601836">
      <ele>426</ele>
    </trkpt>
    <trkpt lat="42.507741" lon="-2.602205">
      <ele>427.1</ele>
    </trkpt>
    <trkpt lat="42.507821" lon="-2.602305">
      <ele>427.6</ele>
    </trkpt>
    <trkpt lat="42.50894" lon="-2.602771">
      <ele>435.7</ele>
    </trkpt>
    <trkpt lat="42.509023" lon="-2.602843">
      <ele>436.4</ele>
    </trkpt>
    <trkpt lat="42.50906" lon="-2.60294">
      <ele>437</ele>
    </trkpt>
    <trkpt lat="42.5093" lon="-2.60432">
      <ele>442</ele>
    </trkpt>
    <trkpt lat="42.509391" lon="-2.60515">
      <ele>443.3</ele>
    </trkpt>
    <trkpt lat="42.509433" lon="-2.605707">
      <ele>443.6</ele>
    </trkpt>
    <trkpt lat="42.509335" lon="-2.606889">
      <ele>443.8</ele>
    </trkpt>
    <trkpt lat="42.509339" lon="-2.607236">
      <ele>443.9</ele>
    </trkpt>
    <trkpt lat="42.509365" lon="-2.607425">
      <ele>444</ele>
    </trkpt>
    <trkpt lat="42.5097" lon="-2.60892">
      <ele>446.3</ele>
    </trkpt>
    <trkpt lat="42.509705" lon="-2.61047">
      <ele>450.4</ele>
    </trkpt>
    <trkpt lat="42.509817" lon="-2.610974">
      <ele>451.5</ele>
    </trkpt>
    <trkpt lat="42.509809" lon="-2.611643">
      <ele>452.9</ele>
    </trkpt>
    <trkpt lat="42.509939" lon="-2.612356">
      <ele>454.3</ele>
    </trkpt>
    <trkpt lat="42.51035" lon="-2.614326">
      <ele>459.5</ele>
    </trkpt>
    <trkpt lat="42.510553" lon="-2.61469">
      <ele>460.3</ele>
    </trkpt>
    <trkpt lat="42.51099" lon="-2.615256">
      <ele>460.2</ele>
    </trkpt>
    <trkpt lat="42.51112" lon="-2.615378">
      <ele>459.8</ele>
    </trkpt>
    <trkpt lat="42.511273" lon="-2.615476">
      <ele>459.2</ele>
    </trkpt>
    <trkpt lat="42.51187" lon="-2.615716">
      <ele>455.2</ele>
    </trkpt>
    <trkpt lat="42.511942" lon="-2.615833">
      <ele>454.3</ele>
    </trkpt>
    <trkpt lat="42.511851" lon="-2.61674">
      <ele>448.2</ele>
    </trkpt>
    <trkpt lat="42.511885" lon="-2.616864">
      <ele>447.3</ele>
    </trkpt>
    <trkpt lat="42.511925" lon="-2.616909">
      <ele>446.8</ele>
    </trkpt>
    <trkpt lat="42.512058" lon="-2.616968">
      <ele>445.7</ele>
    </trkpt>
    <trkpt lat="42.51218" lon="-2.616975">
      <ele>444.8</ele>
    </trkpt>
    <trkpt lat="42.512241" lon="-2.616956">
      <ele>444.4</ele>
    </trkpt>
    <trkpt lat="42.512357" lon="-2.616856">
      <ele>443.6</ele>
    </trkpt>
    <trkpt lat="42.512416" lon="-2.616844">
      <ele>443.2</ele>
    </trkpt>
    <trkpt lat="42.512702" lon="-2.616978">
      <ele>441.9</ele>
    </trkpt>
    <trkpt lat="42.512766" lon="-2.616937">
      <ele>441.6</ele>
    </trkpt>
    <trkpt lat="42.513021" lon="-2.616455">
      <ele>440.4</ele>
    </trkpt>
    <trkpt lat="42.513226" lon="-2.616248">
      <ele>439.7</ele>
    </trkpt>
    <trkpt lat="42.513577" lon="-2.615952">
      <ele>439.3</ele>
    </trkpt>
    <trkpt lat="42.513617" lon="-2.615934">
      <ele>439.3</ele>
    </trkpt>
    <trkpt lat="42.513709" lon="-2.615881">
      <ele>439.5</ele>
    </trkpt>
    <trkpt lat="42.513824" lon="-2.615873">
      <ele>439.6</ele>
    </trkpt>
    <trkpt lat="42.513847" lon="-2.615863">
      <ele>439.6</ele>
    </trkpt>
    <trkpt lat="42.513875" lon="-2.615859">
      <ele>439.7</ele>
    </trkpt>
    <trkpt lat="42.513974" lon="-2.615929">
      <ele>439.8</ele>
    </trkpt>
    <trkpt lat="42.513995" lon="-2.615998">
      <ele>439.9</ele>
    </trkpt>
    <trkpt lat="42.514018" lon="-2.616072">
      <ele>439.9</ele>
    </trkpt>
    <trkpt lat="42.514118" lon="-2.616257">
      <ele>440.3</ele>
    </trkpt>
    <trkpt lat="42.514535" lon="-2.616598">
      <ele>441.4</ele>
    </trkpt>
    <trkpt lat="42.515032" lon="-2.616964">
      <ele>443.7</ele>
    </trkpt>
    <trkpt lat="42.515321" lon="-2.617134">
      <ele>445.3</ele>
    </trkpt>
    <trkpt lat="42.516171" lon="-2.617604">
      <ele>448.6</ele>
    </trkpt>
    <trkpt lat="42.516643" lon="-2.617958">
      <ele>450.3</ele>
    </trkpt>
    <trkpt lat="42.516736" lon="-2.618033">
      <ele>450.6</ele>
    </trkpt>
    <trkpt lat="42.517299" lon="-2.61854">
      <ele>452.1</ele>
    </trkpt>
    <trkpt lat="42.517419" lon="-2.618584">
      <ele>452.3</ele>
    </trkpt>
    <trkpt lat="42.51792" lon="-2.61858">
      <ele>453.7</ele>
    </trkpt>
    <trkpt lat="42.518029" lon="-2.618572">
      <ele>454.1</ele>
    </trkpt>
    <trkpt lat="42.51856" lon="-2.618444">
      <ele>455.9</ele>
    </trkpt>
    <trkpt lat="42.518871" lon="-2.61833">
      <ele>456.8</ele>
    </trkpt>
    <trkpt lat="42.519003" lon="-2.618292">
      <ele>457.3</ele>
    </trkpt>
    <trkpt lat="42.519353" lon="-2.618266">
      <ele>458.3</ele>
    </trkpt>
    <trkpt lat="42.51952" lon="-2.61826">
      <ele>458.8</ele>
    </trkpt>
    <trkpt lat="42.519957" lon="-2.618249">
      <ele>460</ele>
    </trkpt>
    <trkpt lat="42.521386" lon="-2.618122">
      <ele>462.2</ele>
    </trkpt>
    <trkpt lat="42.521889" lon="-2.618104">
      <ele>462.8</ele>
    </trkpt>
    <trkpt lat="42.522428" lon="-2.618139">
      <ele>463.4</ele>
    </trkpt>
    <trkpt lat="42.523001" lon="-2.618237">
      <ele>464</ele>
    </trkpt>
    <trkpt lat="42.523556" lon="-2.618392">
      <ele>464.7</ele>
    </trkpt>
    <trkpt lat="42.524353" lon="-2.618726">
      <ele>466.2</ele>
    </trkpt>
    <trkpt lat="42.525773" lon="-2.619576">
      <ele>469.8</ele>
    </trkpt>
    <trkpt lat="42.527629" lon="-2.620706">
      <ele>471.7</ele>
    </trkpt>
    <trkpt lat="42.528126" lon="-2.620957">
      <ele>472.1</ele>
    </trkpt>
    <trkpt lat="42.528413" lon="-2.621074">
      <ele>472.4</ele>
    </trkpt>
    <trkpt lat="42.52942" lon="-2.621396">
      <ele>473.7</ele>
    </trkpt>
    <trkpt lat="42.529957" lon="-2.621608">
      <ele>474.4</ele>
    </trkpt>
    <trkpt lat="42.53148" lon="-2.622416">
      <ele>477</ele>
    </trkpt>
    <trkpt lat="42.532046" lon="-2.622547">
      <ele>478.2</ele>
    </trkpt>
    <trkpt lat="42.533219" lon="-2.622533">
      <ele>480.7</ele>
    </trkpt>
    <trkpt lat="42.533573" lon="-2.622574">
      <ele>481.5</ele>
    </trkpt>
    <trkpt lat="42.533779" lon="-2.622633">
      <ele>482.1</ele>
    </trkpt>
    <trkpt lat="42.534364" lon="-2.622899">
      <ele>484.2</ele>
    </trkpt>
    <trkpt lat="42.534685" lon="-2.62313">
      <ele>485.8</ele>
    </trkpt>
    <trkpt lat="42.535506" lon="-2.623796">
      <ele>491</ele>
    </trkpt>
    <trkpt lat="42.53601" lon="-2.624078">
      <ele>494.1</ele>
    </trkpt>
    <trkpt lat="42.536406" lon="-2.624214">
      <ele>496.3</ele>
    </trkpt>
    <trkpt lat="42.53681" lon="-2.624278">
      <ele>498.2</ele>
    </trkpt>
    <trkpt lat="42.537029" lon="-2.624286">
      <ele>499</ele>
    </trkpt>
    <trkpt lat="42.537435" lon="-2.624239">
      <ele>500.6</ele>
    </trkpt>
    <trkpt lat="42.538095" lon="-2.624074">
      <ele>503.5</ele>
    </trkpt>
    <trkpt lat="42.538389" lon="-2.624032">
      <ele>504.5</ele>
    </trkpt>
    <trkpt lat="42.53868" lon="-2.62406">
      <ele>505.4</ele>
    </trkpt>
    <trkpt lat="42.538942" lon="-2.62415">
      <ele>506</ele>
    </trkpt>
    <trkpt lat="42.539067" lon="-2.624221">
      <ele>506.2</ele>
    </trkpt>
    <trkpt lat="42.539419" lon="-2.624521">
      <ele>506.7</ele>
    </trkpt>
    <trkpt lat="42.540211" lon="-2.625487">
      <ele>504.7</ele>
    </trkpt>
    <trkpt lat="42.54066" lon="-2.625897">
      <ele>503.6</ele>
    </trkpt>
    <trkpt lat="42.541113" lon="-2.626198">
      <ele>503.1</ele>
    </trkpt>
    <trkpt lat="42.541847" lon="-2.626526">
      <ele>503</ele>
    </trkpt>
    <trkpt lat="42.542947" lon="-2.627024">
      <ele>504</ele>
    </trkpt>
    <trkpt lat="42.545047" lon="-2.62815">
      <ele>508.4</ele>
    </trkpt>
    <trkpt lat="42.545561" lon="-2.628401">
      <ele>509.3</ele>
    </trkpt>
    <trkpt lat="42.546445" lon="-2.628777">
      <ele>511.4</ele>
    </trkpt>
    <trkpt lat="42.546706" lon="-2.628911">
      <ele>512.4</ele>
    </trkpt>
    <trkpt lat="42.546937" lon="-2.629067">
      <ele>513.4</ele>
    </trkpt>
    <trkpt lat="42.547285" lon="-2.629408">
      <ele>515.1</ele>
    </trkpt>
    <trkpt lat="42.547809" lon="-2.630113">
      <ele>517.2</ele>
    </trkpt>
    <trkpt lat="42.547958" lon="-2.630273">
      <ele>517.6</ele>
    </trkpt>
    <trkpt lat="42.548089" lon="-2.630389">
      <ele>517.8</ele>
    </trkpt>
    <trkpt lat="42.548625" lon="-2.630704">
      <ele>518.8</ele>
    </trkpt>
    <trkpt lat="42.549016" lon="-2.63098">
      <ele>519.4</ele>
    </trkpt>
    <trkpt lat="42.549262" lon="-2.63124">
      <ele>519.9</ele>
    </trkpt>
    <trkpt lat="42.549648" lon="-2.631784">
      <ele>521.5</ele>
    </trkpt>
    <trkpt lat="42.550626" lon="-2.633262">
      <ele>525.5</ele>
    </trkpt>
    <trkpt lat="42.551135" lon="-2.633846">
      <ele>526.4</ele>
    </trkpt>
    <trkpt lat="42.55147" lon="-2.634142">
      <ele>526.5</ele>
    </trkpt>
    <trkpt lat="42.551851" lon="-2.634418">
      <ele>526.5</ele>
    </trkpt>
    <trkpt lat="42.552248" lon="-2.634641">
      <ele>526.7</ele>
    </trkpt>
    <trkpt lat="42.552625" lon="-2.634804">
      <ele>527.1</ele>
    </trkpt>
    <trkpt lat="42.553659" lon="-2.635207">
      <ele>529.7</ele>
    </trkpt>
    <trkpt lat="42.553843" lon="-2.63528">
      <ele>530.4</ele>
    </trkpt>
    <trkpt lat="42.554061" lon="-2.635348">
      <ele>531.2</ele>
    </trkpt>
    <trkpt lat="42.554423" lon="-2.635395">
      <ele>532.4</ele>
    </trkpt>
    <trkpt lat="42.555477" lon="-2.63524">
      <ele>535.2</ele>
    </trkpt>
    <trkpt lat="42.555818" lon="-2.635264">
      <ele>536</ele>
    </trkpt>
    <trkpt lat="42.556081" lon="-2.635331">
      <ele>536.4</ele>
    </trkpt>
    <trkpt lat="42.55644" lon="-2.635508">
      <ele>537</ele>
    </trkpt>
    <trkpt lat="42.558324" lon="-2.636794">
      <ele>538.7</ele>
    </trkpt>
    <trkpt lat="42.558935" lon="-2.637166">
      <ele>539.4</ele>
    </trkpt>
    <trkpt lat="42.559151" lon="-2.637269">
      <ele>539.6</ele>
    </trkpt>
    <trkpt lat="42.559591" lon="-2.637412">
      <ele>540</ele>
    </trkpt>
    <trkpt lat="42.560096" lon="-2.637479">
      <ele>540.5</ele>
    </trkpt>
    <trkpt lat="42.560427" lon="-2.637475">
      <ele>540.8</ele>
    </trkpt>
    <trkpt lat="42.560861" lon="-2.637401">
      <ele>541.4</ele>
    </trkpt>
    <trkpt lat="42.561551" lon="-2.637149">
      <ele>542.8</ele>
    </trkpt>
    <trkpt lat="42.56297" lon="-2.636495">
      <ele>548.6</ele>
    </trkpt>
    <trkpt lat="42.563506" lon="-2.63618">
      <ele>552.5</ele>
    </trkpt>
    <trkpt lat="42.564472" lon="-2.635537">
      <ele>561.3</ele>
    </trkpt>
    <trkpt lat="42.56468" lon="-2.635434">
      <ele>563.2</ele>
    </trkpt>
    <trkpt lat="42.564792" lon="-2.63533">
      <ele>564.3</ele>
    </trkpt>
    <trkpt lat="42.564924" lon="-2.635007">
      <ele>566.3</ele>
    </trkpt>
    <trkpt lat="42.565122" lon="-2.634604">
      <ele>568.7</ele>
    </trkpt>
    <trkpt lat="42.565156" lon="-2.634567">
      <ele>569</ele>
    </trkpt>
    <trkpt lat="42.565384" lon="-2.6344">
      <ele>570.5</ele>
    </trkpt>
    <trkpt lat="42.565521" lon="-2.634216">
      <ele>571.4</ele>
    </trkpt>
    <trkpt lat="42.565651" lon="-2.633923">
      <ele>572.5</ele>
    </trkpt>
    <trkpt lat="42.565687" lon="-2.633721">
      <ele>573</ele>
    </trkpt>
    <trkpt lat="42.565717" lon="-2.633665">
      <ele>573.1</ele>
    </trkpt>
    <trkpt lat="42.565808" lon="-2.633605">
      <ele>573.4</ele>
    </trkpt>
    <trkpt lat="42.566015" lon="-2.633566">
      <ele>573.7</ele>
    </trkpt>
    <trkpt lat="42.566106" lon="-2.633563">
      <ele>573.8</ele>
    </trkpt>
    <trkpt lat="42.566324" lon="-2.633636">
      <ele>574</ele>
    </trkpt>
    <trkpt lat="42.566707" lon="-2.633879">
      <ele>574</ele>
    </trkpt>
    <trkpt lat="42.566889" lon="-2.633951">
      <ele>573.9</ele>
    </trkpt>
    <trkpt lat="42.567092" lon="-2.63398">
      <ele>573.6</ele>
    </trkpt>
    <trkpt lat="42.567477" lon="-2.633963">
      <ele>573.1</ele>
    </trkpt>
    <trkpt lat="42.569041" lon="-2.633845">
      <ele>572.4</ele>
    </trkpt>
    <trkpt lat="42.569275" lon="-2.633856">
      <ele>572.7</ele>
    </trkpt>
    <trkpt lat="42.56954" lon="-2.633942">
      <ele>573.2</ele>
    </trkpt>
    <trkpt lat="42.569693" lon="-2.634041">
      <ele>573.7</ele>
    </trkpt>
    <trkpt lat="42.569888" lon="-2.634218">
      <ele>574.5</ele>
    </trkpt>
    <trkpt lat="42.570093" lon="-2.634492">
      <ele>575.6</ele>
    </trkpt>
    <trkpt lat="42.571071" lon="-2.635853">
      <ele>583.2</ele>
    </trkpt>
    <trkpt lat="42.571601" lon="-2.636525">
      <ele>586.9</ele>
    </trkpt>
    <trkpt lat="42.572234" lon="-2.637266">
      <ele>590.8</ele>
    </trkpt>
    <trkpt lat="42.573041" lon="-2.638146">
      <ele>596.5</ele>
    </trkpt>
    <trkpt lat="42.573727" lon="-2.638832">
      <ele>601.8</ele>
    </trkpt>
    <trkpt lat="42.575302" lon="-2.64029">
      <ele>612.9</ele>
    </trkpt>
    <trkpt lat="42.575563" lon="-2.640582">
      <ele>614.4</ele>
    </trkpt>
    <trkpt lat="42.575716" lon="-2.640813">
      <ele>615.3</ele>
    </trkpt>
    <trkpt lat="42.575929" lon="-2.64129">
      <ele>616.7</ele>
    </trkpt>
    <trkpt lat="42.576425" lon="-2.642454">
      <ele>620.5</ele>
    </trkpt>
    <trkpt lat="42.577284" lon="-2.644258">
      <ele>629</ele>
    </trkpt>
    <trkpt lat="42.577352" lon="-2.644401">
      <ele>629.6</ele>
    </trkpt>
    <trkpt lat="42.577557" lon="-2.644816">
      <ele>631.3</ele>
    </trkpt>
    <trkpt lat="42.577866" lon="-2.645456">
      <ele>633.8</ele>
    </trkpt>
    <trkpt lat="42.57844" lon="-2.646605">
      <ele>637.7</ele>
    </trkpt>
    <trkpt lat="42.579714" lon="-2.648384">
      <ele>644.9</ele>
    </trkpt>
    <trkpt lat="42.58104" lon="-2.65025">
      <ele>658.3</ele>
    </trkpt>
    <trkpt lat="42.581185" lon="-2.65054">
      <ele>660.2</ele>
    </trkpt>
    <trkpt lat="42.581251" lon="-2.650796">
      <ele>661.7</ele>
    </trkpt>
    <trkpt lat="42.581262" lon="-2.651247">
      <ele>664.2</ele>
    </trkpt>
    <trkpt lat="42.581211" lon="-2.651721">
      <ele>667</ele>
    </trkpt>
    <trkpt lat="42.581143" lon="-2.652013">
      <ele>668.7</ele>
    </trkpt>
    <trkpt lat="42.580841" lon="-2.652941">
      <ele>674.5</ele>
    </trkpt>
    <trkpt lat="42.580395" lon="-2.653762">
      <ele>680.6</ele>
    </trkpt>
    <trkpt lat="42.580277" lon="-2.654059">
      <ele>682.7</ele>
    </trkpt>
    <trkpt lat="42.580265" lon="-2.654153">
      <ele>683.3</ele>
    </trkpt>
    <trkpt lat="42.580297" lon="-2.654321">
      <ele>684.4</ele>
    </trkpt>
    <trkpt lat="42.580394" lon="-2.654473">
      <ele>685.8</ele>
    </trkpt>
    <trkpt lat="42.58055" lon="-2.654579">
      <ele>687.4</ele>
    </trkpt>
    <trkpt lat="42.581305" lon="-2.654738">
      <ele>695.2</ele>
    </trkpt>
    <trkpt lat="42.581862" lon="-2.654828">
      <ele>701.3</ele>
    </trkpt>
    <trkpt lat="42.582488" lon="-2.654844">
      <ele>708.4</ele>
    </trkpt>
    <trkpt lat="42.583047" lon="-2.654976">
      <ele>715.3</ele>
    </trkpt>
    <trkpt lat="42.583476" lon="-2.655112">
      <ele>721</ele>
    </trkpt>
    <trkpt lat="42.585766" lon="-2.656">
      <ele>753.8</ele>
    </trkpt>
    <trkpt lat="42.586106" lon="-2.656109">
      <ele>757.8</ele>
    </trkpt>
    <trkpt lat="42.586245" lon="-2.656213">
      <ele>759.5</ele>
    </trkpt>
    <trkpt lat="42.586293" lon="-2.656292">
      <ele>760.2</ele>
    </trkpt>
    <trkpt lat="42.586345" lon="-2.65648">
      <ele>761.7</ele>
    </trkpt>
    <trkpt lat="42.586328" lon="-2.656741">
      <ele>763.6</ele>
    </trkpt>
    <trkpt lat="42.586343" lon="-2.657023">
      <ele>765.6</ele>
    </trkpt>
    <trkpt lat="42.586613" lon="-2.65822">
      <ele>776.5</ele>
    </trkpt>
    <trkpt lat="42.586709" lon="-2.658403">
      <ele>779.1</ele>
    </trkpt>
    <trkpt lat="42.587042" lon="-2.658687">
      <ele>785.5</ele>
    </trkpt>
    <trkpt lat="42.587232" lon="-2.658909">
      <ele>789.4</ele>
    </trkpt>
    <trkpt lat="42.587298" lon="-2.659023">
      <ele>791.1</ele>
    </trkpt>
    <trkpt lat="42.587486" lon="-2.659496">
      <ele>797.2</ele>
    </trkpt>
    <trkpt lat="42.587562" lon="-2.659861">
      <ele>801.1</ele>
    </trkpt>
    <trkpt lat="42.587571" lon="-2.659988">
      <ele>802.3</ele>
    </trkpt>
    <trkpt lat="42.587523" lon="-2.660665">
      <ele>807.6</ele>
    </trkpt>
    <trkpt lat="42.58754" lon="-2.661491">
      <ele>810.4</ele>
    </trkpt>
    <trkpt lat="42.587523" lon="-2.661595">
      <ele>810.5</ele>
    </trkpt>
    <trkpt lat="42.587459" lon="-2.661743">
      <ele>810.7</ele>
    </trkpt>
    <trkpt lat="42.587345" lon="-2.661871">
      <ele>810.9</ele>
    </trkpt>
    <trkpt lat="42.587256" lon="-2.661927">
      <ele>810.9</ele>
    </trkpt>
    <trkpt lat="42.586709" lon="-2.662132">
      <ele>810.6</ele>
    </trkpt>
    <trkpt lat="42.586301" lon="-2.662336">
      <ele>809.7</ele>
    </trkpt>
    <trkpt lat="42.585992" lon="-2.662549">
      <ele>809.3</ele>
    </trkpt>
    <trkpt lat="42.585782" lon="-2.662733">
      <ele>809.3</ele>
    </trkpt>
    <trkpt lat="42.585597" lon="-2.663001">
      <ele>809.7</ele>
    </trkpt>
    <trkpt lat="42.585428" lon="-2.663321">
      <ele>810.6</ele>
    </trkpt>
    <trkpt lat="42.585203" lon="-2.663784">
      <ele>812.7</ele>
    </trkpt>
    <trkpt lat="42.585005" lon="-2.664268">
      <ele>815.7</ele>
    </trkpt>
    <trkpt lat="42.584699" lon="-2.664875">
      <ele>821</ele>
    </trkpt>
    <trkpt lat="42.584605" lon="-2.665181">
      <ele>823.6</ele>
    </trkpt>
    <trkpt lat="42.584541" lon="-2.665639">
      <ele>827.3</ele>
    </trkpt>
    <trkpt lat="42.584603" lon="-2.666244">
      <ele>832.4</ele>
    </trkpt>
    <trkpt lat="42.584578" lon="-2.666682">
      <ele>836.2</ele>
    </trkpt>
    <trkpt lat="42.584594" lon="-2.666867">
      <ele>837.7</ele>
    </trkpt>
    <trkpt lat="42.584657" lon="-2.667009">
      <ele>839.1</ele>
    </trkpt>
    <trkpt lat="42.584715" lon="-2.667029">
      <ele>839.8</ele>
    </trkpt>
    <trkpt lat="42.584795" lon="-2.666955">
      <ele>840.9</ele>
    </trkpt>
    <trkpt lat="42.584912" lon="-2.666428">
      <ele>845.3</ele>
    </trkpt>
    <trkpt lat="42.58514" lon="-2.665816">
      <ele>851.1</ele>
    </trkpt>
    <trkpt lat="42.585265" lon="-2.665593">
      <ele>853.6</ele>
    </trkpt>
    <trkpt lat="42.585465" lon="-2.665353">
      <ele>856.9</ele>
    </trkpt>
    <trkpt lat="42.585903" lon="-2.664955">
      <ele>863.7</ele>
    </trkpt>
    <trkpt lat="42.586149" lon="-2.664777">
      <ele>867.3</ele>
    </trkpt>
    <trkpt lat="42.586262" lon="-2.664739">
      <ele>868.8</ele>
    </trkpt>
    <trkpt lat="42.586358" lon="-2.664789">
      <ele>870.1</ele>
    </trkpt>
    <trkpt lat="42.58639" lon="-2.664892">
      <ele>871.2</ele>
    </trkpt>
    <trkpt lat="42.586388" lon="-2.664961">
      <ele>871.8</ele>
    </trkpt>
    <trkpt lat="42.586338" lon="-2.665125">
      <ele>873.5</ele>
    </trkpt>
    <trkpt lat="42.586072" lon="-2.665656">
      <ele>879.6</ele>
    </trkpt>
    <trkpt lat="42.585994" lon="-2.665891">
      <ele>881.9</ele>
    </trkpt>
    <trkpt lat="42.585949" lon="-2.666262">
      <ele>885.2</ele>
    </trkpt>
    <trkpt lat="42.585978" lon="-2.666629">
      <ele>888.3</ele>
    </trkpt>
    <trkpt lat="42.586073" lon="-2.666893">
      <ele>890.8</ele>
    </trkpt>
    <trkpt lat="42.586839" lon="-2.668515">
      <ele>906.8</ele>
    </trkpt>
    <trkpt lat="42.586949" lon="-2.668695">
      <ele>908.8</ele>
    </trkpt>
    <trkpt lat="42.587064" lon="-2.668803">
      <ele>910.4</ele>
    </trkpt>
    <trkpt lat="42.587228" lon="-2.668858">
      <ele>912.4</ele>
    </trkpt>
    <trkpt lat="42.58737" lon="-2.668783">
      <ele>914.2</ele>
    </trkpt>
    <trkpt lat="42.58883" lon="-2.666936">
      <ele>937.9</ele>
    </trkpt>
    <trkpt lat="42.588921" lon="-2.666842">
      <ele>939.1</ele>
    </trkpt>
    <trkpt lat="42.589016" lon="-2.666838">
      <ele>940.1</ele>
    </trkpt>
    <trkpt lat="42.589089" lon="-2.666935">
      <ele>941.2</ele>
    </trkpt>
    <trkpt lat="42.589321" lon="-2.66763">
      <ele>946.7</ele>
    </trkpt>
    <trkpt lat="42.590128" lon="-2.669533">
      <ele>962.4</ele>
    </trkpt>
    <trkpt lat="42.590544" lon="-2.671579">
      <ele>980.6</ele>
    </trkpt>
    <trkpt lat="42.590562" lon="-2.671897">
      <ele>982.6</ele>
    </trkpt>
    <trkpt lat="42.590515" lon="-2.67218">
      <ele>984.3</ele>
    </trkpt>
    <trkpt lat="42.590404" lon="-2.672444">
      <ele>985.9</ele>
    </trkpt>
    <trkpt lat="42.59018" lon="-2.672794">
      <ele>988</ele>
    </trkpt>
    <trkpt lat="42.590132" lon="-2.672906">
      <ele>988.5</ele>
    </trkpt>
    <trkpt lat="42.590101" lon="-2.673128">
      <ele>989.4</ele>
    </trkpt>
    <trkpt lat="42.590252" lon="-2.6756">
      <ele>999.9</ele>
    </trkpt>
    <trkpt lat="42.590385" lon="-2.676425">
      <ele>1005.4</ele>
    </trkpt>
    <trkpt lat="42.590574" lon="-2.677225">
      <ele>1011.6</ele>
    </trkpt>
    <trkpt lat="42.590611" lon="-2.677592">
      <ele>1014.4</ele>
    </trkpt>
    <trkpt lat="42.590635" lon="-2.678168">
      <ele>1018.5</ele>
    </trkpt>
    <trkpt lat="42.590698" lon="-2.678932">
      <ele>1023.4</ele>
    </trkpt>
    <trkpt lat="42.590733" lon="-2.67918">
      <ele>1025</ele>
    </trkpt>
    <trkpt lat="42.590842" lon="-2.67966">
      <ele>1028.1</ele>
    </trkpt>
    <trkpt lat="42.591049" lon="-2.680212">
      <ele>1032.2</ele>
    </trkpt>
    <trkpt lat="42.591337" lon="-2.680771">
      <ele>1037</ele>
    </trkpt>
    <trkpt lat="42.591715" lon="-2.6813">
      <ele>1042.6</ele>
    </trkpt>
    <trkpt lat="42.592016" lon="-2.681646">
      <ele>1046.6</ele>
    </trkpt>
    <trkpt lat="42.592712" lon="-2.682283">
      <ele>1057.6</ele>
    </trkpt>
    <trkpt lat="42.592876" lon="-2.682376">
      <ele>1060.1</ele>
    </trkpt>
    <trkpt lat="42.592975" lon="-2.682381">
      <ele>1061.6</ele>
    </trkpt>
    <trkpt lat="42.593204" lon="-2.682293">
      <ele>1064.8</ele>
    </trkpt>
    <trkpt lat="42.593389" lon="-2.682176">
      <ele>1067.6</ele>
    </trkpt>
    <trkpt lat="42.593476" lon="-2.682087">
      <ele>1069</ele>
    </trkpt>
    <trkpt lat="42.593816" lon="-2.681602">
      <ele>1075.5</ele>
    </trkpt>
    <trkpt lat="42.594174" lon="-2.681117">
      <ele>1081.5</ele>
    </trkpt>
    <trkpt lat="42.594266" lon="-2.681032">
      <ele>1082.5</ele>
    </trkpt>
    <trkpt lat="42.594381" lon="-2.680971">
      <ele>1083.5</ele>
    </trkpt>
    <trkpt lat="42.594512" lon="-2.680985">
      <ele>1084.7</ele>
    </trkpt>
    <trkpt lat="42.596021" lon="-2.682133">
      <ele>1098.3</ele>
    </trkpt>
    <trkpt lat="42.596601" lon="-2.682657">
      <ele>1098.8</ele>
    </trkpt>
    <trkpt lat="42.597169" lon="-2.683159">
      <ele>1094.9</ele>
    </trkpt>
    <trkpt lat="42.597884" lon="-2.683955">
      <ele>1086.1</ele>
    </trkpt>
    <trkpt lat="42.598209" lon="-2.684167">
      <ele>1082.5</ele>
    </trkpt>
    <trkpt lat="42.598481" lon="-2.684268">
      <ele>1079.6</ele>
    </trkpt>
    <trkpt lat="42.598741" lon="-2.684302">
      <ele>1077.1</ele>
    </trkpt>
    <trkpt lat="42.599162" lon="-2.684223">
      <ele>1073.6</ele>
    </trkpt>
    <trkpt lat="42.599474" lon="-2.684094">
      <ele>1071.3</ele>
    </trkpt>
    <trkpt lat="42.599958" lon="-2.683642">
      <ele>1068.2</ele>
    </trkpt>
    <trkpt lat="42.600158" lon="-2.683532">
      <ele>1067.2</ele>
    </trkpt>
    <trkpt lat="42.600274" lon="-2.683515">
      <ele>1066.7</ele>
    </trkpt>
    <trkpt lat="42.600709" lon="-2.683563">
      <ele>1065.4</ele>
    </trkpt>
    <trkpt lat="42.60096" lon="-2.683544">
      <ele>1064.8</ele>
    </trkpt>
    <trkpt lat="42.601621" lon="-2.683281">
      <ele>1063.1</ele>
    </trkpt>
    <trkpt lat="42.602165" lon="-2.6832">
      <ele>1061.3</ele>
    </trkpt>
    <trkpt lat="42.602422" lon="-2.683062">
      <ele>1060.1</ele>
    </trkpt>
    <trkpt lat="42.603017" lon="-2.682482">
      <ele>1055.2</ele>
    </trkpt>
    <trkpt lat="42.603461" lon="-2.681901">
      <ele>1049.9</ele>
    </trkpt>
    <trkpt lat="42.603755" lon="-2.681252">
      <ele>1045</ele>
    </trkpt>
    <trkpt lat="42.603916" lon="-2.680796">
      <ele>1041.2</ele>
    </trkpt>
    <trkpt lat="42.604053" lon="-2.680286">
      <ele>1037.3</ele>
    </trkpt>
    <trkpt lat="42.604175" lon="-2.680071">
      <ele>1035.6</ele>
    </trkpt>
    <trkpt lat="42.604267" lon="-2.67994">
      <ele>1034.7</ele>
    </trkpt>
    <trkpt lat="42.604403" lon="-2.679807">
      <ele>1033.6</ele>
    </trkpt>
    <trkpt lat="42.604764" lon="-2.679626">
      <ele>1031.5</ele>
    </trkpt>
    <trkpt lat="42.60519" lon="-2.679293">
      <ele>1029.6</ele>
    </trkpt>
    <trkpt lat="42.60568" lon="-2.678867">
      <ele>1030</ele>
    </trkpt>
    <trkpt lat="42.605859" lon="-2.678615">
      <ele>1031.1</ele>
    </trkpt>
    <trkpt lat="42.605951" lon="-2.678386">
      <ele>1032</ele>
    </trkpt>
    <trkpt lat="42.606037" lon="-2.677797">
      <ele>1034.5</ele>
    </trkpt>
    <trkpt lat="42.606118" lon="-2.677435">
      <ele>1036.2</ele>
    </trkpt>
    <trkpt lat="42.606379" lon="-2.676668">
      <ele>1040</ele>
    </trkpt>
    <trkpt lat="42.606587" lon="-2.676185">
      <ele>1042.3</ele>
    </trkpt>
    <trkpt lat="42.606843" lon="-2.675686">
      <ele>1044.4</ele>
    </trkpt>
    <trkpt lat="42.606921" lon="-2.675576">
      <ele>1044.9</ele>
    </trkpt>
    <trkpt lat="42.607111" lon="-2.675391">
      <ele>1045.7</ele>
    </trkpt>
    <trkpt lat="42.60843" lon="-2.674528">
      <ele>1049.8</ele>
    </trkpt>
    <trkpt lat="42.608621" lon="-2.674435">
      <ele>1050.4</ele>
    </trkpt>
    <trkpt lat="42.608768" lon="-2.674431">
      <ele>1050.8</ele>
    </trkpt>
    <trkpt lat="42.608905" lon="-2.674498">
      <ele>1051.2</ele>
    </trkpt>
    <trkpt lat="42.60904" lon="-2.674672">
      <ele>1051.6</ele>
    </trkpt>
    <trkpt lat="42.609189" lon="-2.675033">
      <ele>1051.8</ele>
    </trkpt>
    <trkpt lat="42.609346" lon="-2.675285">
      <ele>1051.6</ele>
    </trkpt>
    <trkpt lat="42.609522" lon="-2.675431">
      <ele>1051.1</ele>
    </trkpt>
    <trkpt lat="42.609752" lon="-2.675504">
      <ele>1050.3</ele>
    </trkpt>
    <trkpt lat="42.609903" lon="-2.67549">
      <ele>1049.5</ele>
    </trkpt>
    <trkpt lat="42.610157" lon="-2.675371">
      <ele>1047.7</ele>
    </trkpt>
    <trkpt lat="42.61161" lon="-2.674541">
      <ele>1033.2</ele>
    </trkpt>
    <trkpt lat="42.612019" lon="-2.674425">
      <ele>1031</ele>
    </trkpt>
    <trkpt lat="42.612149" lon="-2.674427">
      <ele>1030.6</ele>
    </trkpt>
    <trkpt lat="42.612355" lon="-2.674489">
      <ele>1030.2</ele>
    </trkpt>
    <trkpt lat="42.612476" lon="-2.674568">
      <ele>1030.1</ele>
    </trkpt>
    <trkpt lat="42.612624" lon="-2.67472">
      <ele>1030</ele>
    </trkpt>
    <trkpt lat="42.612945" lon="-2.675135">
      <ele>1029.9</ele>
    </trkpt>
    <trkpt lat="42.613012" lon="-2.675266">
      <ele>1029.9</ele>
    </trkpt>
    <trkpt lat="42.61313" lon="-2.675608">
      <ele>1029.7</ele>
    </trkpt>
    <trkpt lat="42.613587" lon="-2.677645">
      <ele>1022.1</ele>
    </trkpt>
    <trkpt lat="42.613638" lon="-2.678164">
      <ele>1019.1</ele>
    </trkpt>
    <trkpt lat="42.613643" lon="-2.678619">
      <ele>1016.5</ele>
    </trkpt>
    <trkpt lat="42.613596" lon="-2.679051">
      <ele>1014</ele>
    </trkpt>
    <trkpt lat="42.613329" lon="-2.68075">
      <ele>1006.9</ele>
    </trkpt>
    <trkpt lat="42.613215" lon="-2.682476">
      <ele>1003.6</ele>
    </trkpt>
    <trkpt lat="42.613219" lon="-2.682966">
      <ele>1002.6</ele>
    </trkpt>
    <trkpt lat="42.613265" lon="-2.683373">
      <ele>1001.7</ele>
    </trkpt>
    <trkpt lat="42.613342" lon="-2.683775">
      <ele>1000.7</ele>
    </trkpt>
    <trkpt lat="42.6135" lon="-2.684246">
      <ele>999.5</ele>
    </trkpt>
    <trkpt lat="42.613573" lon="-2.684407">
      <ele>998.9</ele>
    </trkpt>
    <trkpt lat="42.613762" lon="-2.684711">
      <ele>997.7</ele>
    </trkpt>
    <trkpt lat="42.614089" lon="-2.685096">
      <ele>996.1</ele>
    </trkpt>
    <trkpt lat="42.614292" lon="-2.685364">
      <ele>995.3</ele>
    </trkpt>
    <trkpt lat="42.61436" lon="-2.685497">
      <ele>994.9</ele>
    </trkpt>
    <trkpt lat="42.615597" lon="-2.688236">
      <ele>991</ele>
    </trkpt>
    <trkpt lat="42.615908" lon="-2.688823">
      <ele>989.9</ele>
    </trkpt>
    <trkpt lat="42.616185" lon="-2.689283">
      <ele>988.6</ele>
    </trkpt>
    <trkpt lat="42.617016" lon="-2.690557">
      <ele>981.9</ele>
    </trkpt>
    <trkpt lat="42.617208" lon="-2.6908">
      <ele>979.9</ele>
    </trkpt>
    <trkpt lat="42.617886" lon="-2.691491">
      <ele>971.7</ele>
    </trkpt>
    <trkpt lat="42.61823" lon="-2.692054">
      <ele>964.7</ele>
    </trkpt>
    <trkpt lat="42.618356" lon="-2.692172">
      <ele>962.8</ele>
    </trkpt>
    <trkpt lat="42.618492" lon="-2.692234">
      <ele>960.9</ele>
    </trkpt>
    <trkpt lat="42.618615" lon="-2.692234">
      <ele>959.2</ele>
    </trkpt>
    <trkpt lat="42.618751" lon="-2.69218">
      <ele>957.3</ele>
    </trkpt>
    <trkpt lat="42.619096" lon="-2.691999">
      <ele>952.4</ele>
    </trkpt>
    <trkpt lat="42.619263" lon="-2.692009">
      <ele>950.2</ele>
    </trkpt>
    <trkpt lat="42.619629" lon="-2.692159">
      <ele>945</ele>
    </trkpt>
    <trkpt lat="42.620306" lon="-2.69234">
      <ele>937.4</ele>
    </trkpt>
    <trkpt lat="42.620518" lon="-2.69244">
      <ele>935.5</ele>
    </trkpt>
    <trkpt lat="42.620772" lon="-2.692648">
      <ele>933.5</ele>
    </trkpt>
    <trkpt lat="42.620979" lon="-2.692948">
      <ele>932</ele>
    </trkpt>
    <trkpt lat="42.621904" lon="-2.694632">
      <ele>934.2</ele>
    </trkpt>
    <trkpt lat="42.622043" lon="-2.694965">
      <ele>935.2</ele>
    </trkpt>
    <trkpt lat="42.62225" lon="-2.695597">
      <ele>936.3</ele>
    </trkpt>
    <trkpt lat="42.622373" lon="-2.695854">
      <ele>936.5</ele>
    </trkpt>
    <trkpt lat="42.622441" lon="-2.695947">
      <ele>936.5</ele>
    </trkpt>
    <trkpt lat="42.622583" lon="-2.696066">
      <ele>936.3</ele>
    </trkpt>
    <trkpt lat="42.622935" lon="-2.696168">
      <ele>934.8</ele>
    </trkpt>
    <trkpt lat="42.623105" lon="-2.696256">
      <ele>933.6</ele>
    </trkpt>
    <trkpt lat="42.623385" lon="-2.696511">
      <ele>930.5</ele>
    </trkpt>
    <trkpt lat="42.624202" lon="-2.697368">
      <ele>917</ele>
    </trkpt>
    <trkpt lat="42.624705" lon="-2.698103">
      <ele>905.6</ele>
    </trkpt>
    <trkpt lat="42.625212" lon="-2.698775">
      <ele>894.9</ele>
    </trkpt>
    <trkpt lat="42.625392" lon="-2.698911">
      <ele>891.8</ele>
    </trkpt>
    <trkpt lat="42.625921" lon="-2.699169">
      <ele>884</ele>
    </trkpt>
    <trkpt lat="42.626232" lon="-2.699419">
      <ele>879.4</ele>
    </trkpt>
    <trkpt lat="42.626322" lon="-2.699527">
      <ele>878</ele>
    </trkpt>
    <trkpt lat="42.626775" lon="-2.700351">
      <ele>869.8</ele>
    </trkpt>
    <trkpt lat="42.627017" lon="-2.700649">
      <ele>866.5</ele>
    </trkpt>
    <trkpt lat="42.627263" lon="-2.700887">
      <ele>863.5</ele>
    </trkpt>
    <trkpt lat="42.627736" lon="-2.701288">
      <ele>858.1</ele>
    </trkpt>
    <trkpt lat="42.628091" lon="-2.701507">
      <ele>854.2</ele>
    </trkpt>
    <trkpt lat="42.629701" lon="-2.702069">
      <ele>838</ele>
    </trkpt>
    <trkpt lat="42.629956" lon="-2.702204">
      <ele>834.8</ele>
    </trkpt>
    <trkpt lat="42.630041" lon="-2.702272">
      <ele>833.7</ele>
    </trkpt>
    <trkpt lat="42.630138" lon="-2.702412">
      <ele>832</ele>
    </trkpt>
    <trkpt lat="42.630354" lon="-2.703059">
      <ele>825.6</ele>
    </trkpt>
    <trkpt lat="42.630444" lon="-2.703251">
      <ele>823.5</ele>
    </trkpt>
    <trkpt lat="42.630652" lon="-2.703489">
      <ele>820.2</ele>
    </trkpt>
    <trkpt lat="42.630811" lon="-2.703575">
      <ele>818.2</ele>
    </trkpt>
    <trkpt lat="42.631087" lon="-2.7036">
      <ele>815.2</ele>
    </trkpt>
    <trkpt lat="42.631973" lon="-2.703309">
      <ele>805.4</ele>
    </trkpt>
    <trkpt lat="42.632289" lon="-2.703249">
      <ele>801.8</ele>
    </trkpt>
    <trkpt lat="42.632535" lon="-2.703241">
      <ele>799.1</ele>
    </trkpt>
    <trkpt lat="42.632832" lon="-2.703293">
      <ele>795.8</ele>
    </trkpt>
    <trkpt lat="42.634604" lon="-2.703758">
      <ele>778.8</ele>
    </trkpt>
    <trkpt lat="42.634804" lon="-2.703886">
      <ele>777.2</ele>
    </trkpt>
    <trkpt lat="42.634927" lon="-2.704002">
      <ele>776.2</ele>
    </trkpt>
    <trkpt lat="42.637462" lon="-2.706514">
      <ele>759.7</ele>
    </trkpt>
    <trkpt lat="42.638132" lon="-2.70718">
      <ele>755.6</ele>
    </trkpt>
    <trkpt lat="42.640554" lon="-2.709591">
      <ele>744.9</ele>
    </trkpt>
    <trkpt lat="42.64181" lon="-2.710839">
      <ele>744.2</ele>
    </trkpt>
    <trkpt lat="42.641853" lon="-2.710882">
      <ele>744.2</ele>
    </trkpt>
    <trkpt lat="42.642719" lon="-2.711734">
      <ele>744.7</ele>
    </trkpt>
    <trkpt lat="42.643002" lon="-2.711989">
      <ele>744.5</ele>
    </trkpt>
    <trkpt lat="42.64318" lon="-2.712099">
      <ele>744.3</ele>
    </trkpt>
    <trkpt lat="42.643245" lon="-2.71213">
      <ele>744.1</ele>
    </trkpt>
    <trkpt lat="42.643452" lon="-2.712192">
      <ele>743.6</ele>
    </trkpt>
    <trkpt lat="42.643559" lon="-2.712205">
      <ele>743.3</ele>
    </trkpt>
    <trkpt lat="42.643709" lon="-2.712208">
      <ele>742.8</ele>
    </trkpt>
    <trkpt lat="42.644072" lon="-2.712214">
      <ele>741</ele>
    </trkpt>
    <trkpt lat="42.644249" lon="-2.712176">
      <ele>739.6</ele>
    </trkpt>
    <trkpt lat="42.644372" lon="-2.712095">
      <ele>738.5</ele>
    </trkpt>
    <trkpt lat="42.644478" lon="-2.711971">
      <ele>737.3</ele>
    </trkpt>
    <trkpt lat="42.644564" lon="-2.711787">
      <ele>735.9</ele>
    </trkpt>
    <trkpt lat="42.644655" lon="-2.711362">
      <ele>733.1</ele>
    </trkpt>
    <trkpt lat="42.644737" lon="-2.711236">
      <ele>732</ele>
    </trkpt>
    <trkpt lat="42.644851" lon="-2.711181">
      <ele>730.9</ele>
    </trkpt>
    <trkpt lat="42.645006" lon="-2.711239">
      <ele>729.5</ele>
    </trkpt>
    <trkpt lat="42.645748" lon="-2.712411">
      <ele>720.4</ele>
    </trkpt>
    <trkpt lat="42.645916" lon="-2.71263">
      <ele>718.8</ele>
    </trkpt>
    <trkpt lat="42.646008" lon="-2.712695">
      <ele>718.1</ele>
    </trkpt>
    <trkpt lat="42.64623" lon="-2.71278">
      <ele>716.6</ele>
    </trkpt>
    <trkpt lat="42.647145" lon="-2.713085">
      <ele>711.9</ele>
    </trkpt>
    <trkpt lat="42.649012" lon="-2.713719">
      <ele>711.6</ele>
    </trkpt>
    <trkpt lat="42.6502" lon="-2.714122">
      <ele>714</ele>
    </trkpt>
    <trkpt lat="42.654614" lon="-2.715674">
      <ele>728.7</ele>
    </trkpt>
    <trkpt lat="42.654925" lon="-2.715787">
      <ele>730.2</ele>
    </trkpt>
    <trkpt lat="42.6552" lon="-2.715881">
      <ele>731.5</ele>
    </trkpt>
    <trkpt lat="42.661096" lon="-2.717953">
      <ele>752.4</ele>
    </trkpt>
    <trkpt lat="42.661469" lon="-2.718029">
      <ele>753</ele>
    </trkpt>
    <trkpt lat="42.66199" lon="-2.718009">
      <ele>752.8</ele>
    </trkpt>
    <trkpt lat="42.662452" lon="-2.717856">
      <ele>751.4</ele>
    </trkpt>
    <trkpt lat="42.663593" lon="-2.717269">
      <ele>743.7</ele>
    </trkpt>
    <trkpt lat="42.664348" lon="-2.716924">
      <ele>737</ele>
    </trkpt>
    <trkpt lat="42.664578" lon="-2.716769">
      <ele>734.9</ele>
    </trkpt>
    <trkpt lat="42.664819" lon="-2.716554">
      <ele>732.7</ele>
    </trkpt>
    <trkpt lat="42.665037" lon="-2.716417">
      <ele>730.9</ele>
    </trkpt>
    <trkpt lat="42.6659" lon="-2.716033">
      <ele>724.4</ele>
    </trkpt>
    <trkpt lat="42.666201" lon="-2.715939">
      <ele>722.3</ele>
    </trkpt>
    <trkpt lat="42.666524" lon="-2.715912">
      <ele>720</ele>
    </trkpt>
    <trkpt lat="42.667009" lon="-2.715965">
      <ele>716.2</ele>
    </trkpt>
    <trkpt lat="42.667294" lon="-2.716008">
      <ele>713.9</ele>
    </trkpt>
    <trkpt lat="42.667972" lon="-2.716201">
      <ele>708.7</ele>
    </trkpt>
    <trkpt lat="42.6682" lon="-2.716237">
      <ele>707.1</ele>
    </trkpt>
    <trkpt lat="42.669727" lon="-2.716194">
      <ele>698.2</ele>
    </trkpt>
    <trkpt lat="42.670809" lon="-2.71616">
      <ele>692.1</ele>
    </trkpt>
    <trkpt lat="42.67115" lon="-2.71609">
      <ele>690.1</ele>
    </trkpt>
    <trkpt lat="42.671624" lon="-2.715839">
      <ele>686.9</ele>
    </trkpt>
    <trkpt lat="42.673001" lon="-2.714972">
      <ele>677.3</ele>
    </trkpt>
    <trkpt lat="42.674636" lon="-2.713974">
      <ele>667.5</ele>
    </trkpt>
    <trkpt lat="42.675481" lon="-2.713444">
      <ele>666.9</ele>
    </trkpt>
    <trkpt lat="42.676249" lon="-2.712792">
      <ele>670</ele>
    </trkpt>
    <trkpt lat="42.67649" lon="-2.712639">
      <ele>671.3</ele>
    </trkpt>
    <trkpt lat="42.67675" lon="-2.712541">
      <ele>672.7</ele>
    </trkpt>
    <trkpt lat="42.676997" lon="-2.712516">
      <ele>673.9</ele>
    </trkpt>
    <trkpt lat="42.679332" lon="-2.712693">
      <ele>683.1</ele>
    </trkpt>
    <trkpt lat="42.679596" lon="-2.712718">
      <ele>684.1</ele>
    </trkpt>
    <trkpt lat="42.684629" lon="-2.713166">
      <ele>706.4</ele>
    </trkpt>
    <trkpt lat="42.686321" lon="-2.713332">
      <ele>708.6</ele>
    </trkpt>
    <trkpt lat="42.686716" lon="-2.713374">
      <ele>709.1</ele>
    </trkpt>
    <trkpt lat="42.686966" lon="-2.713448">
      <ele>709.5</ele>
    </trkpt>
    <trkpt lat="42.687183" lon="-2.713572">
      <ele>709.9</ele>
    </trkpt>
    <trkpt lat="42.688007" lon="-2.714161">
      <ele>711</ele>
    </trkpt>
    <trkpt lat="42.688226" lon="-2.714255">
      <ele>711.1</ele>
    </trkpt>
    <trkpt lat="42.688539" lon="-2.714278">
      <ele>711.1</ele>
    </trkpt>
    <trkpt lat="42.689056" lon="-2.714225">
      <ele>711</ele>
    </trkpt>
    <trkpt lat="42.689419" lon="-2.714285">
      <ele>710.9</ele>
    </trkpt>
    <trkpt lat="42.689705" lon="-2.714401">
      <ele>710.8</ele>
    </trkpt>
    <trkpt lat="42.690188" lon="-2.71465">
      <ele>711</ele>
    </trkpt>
    <trkpt lat="42.691144" lon="-2.71492">
      <ele>711</ele>
    </trkpt>
    <trkpt lat="42.69178" lon="-2.715235">
      <ele>710.7</ele>
    </trkpt>
    <trkpt lat="42.692034" lon="-2.715332">
      <ele>711</ele>
    </trkpt>
    <trkpt lat="42.692315" lon="-2.715338">
      <ele>711.2</ele>
    </trkpt>
    <trkpt lat="42.692595" lon="-2.715253">
      <ele>711.3</ele>
    </trkpt>
    <trkpt lat="42.692777" lon="-2.715162">
      <ele>711.2</ele>
    </trkpt>
    <trkpt lat="42.693066" lon="-2.715004">
      <ele>710.9</ele>
    </trkpt>
    <trkpt lat="42.693152" lon="-2.714957">
      <ele>710.8</ele>
    </trkpt>
    <trkpt lat="42.693431" lon="-2.714817">
      <ele>710.3</ele>
    </trkpt>
    <trkpt lat="42.693793" lon="-2.71472">
      <ele>709.3</ele>
    </trkpt>
    <trkpt lat="42.69463" lon="-2.71472">
      <ele>705.7</ele>
    </trkpt>
    <trkpt lat="42.694957" lon="-2.714665">
      <ele>704.6</ele>
    </trkpt>
    <trkpt lat="42.696009" lon="-2.71429">
      <ele>701.9</ele>
    </trkpt>
    <trkpt lat="42.696559" lon="-2.713855">
      <ele>698.4</ele>
    </trkpt>
    <trkpt lat="42.696843" lon="-2.713723">
      <ele>696.3</ele>
    </trkpt>
    <trkpt lat="42.697147" lon="-2.7137">
      <ele>693.9</ele>
    </trkpt>
    <trkpt lat="42.697576" lon="-2.713762">
      <ele>690.2</ele>
    </trkpt>
    <trkpt lat="42.698124" lon="-2.713716">
      <ele>684.9</ele>
    </trkpt>
    <trkpt lat="42.698597" lon="-2.71374">
      <ele>680.4</ele>
    </trkpt>
    <trkpt lat="42.699605" lon="-2.713944">
      <ele>670.3</ele>
    </trkpt>
    <trkpt lat="42.699906" lon="-2.713937">
      <ele>667.1</ele>
    </trkpt>
    <trkpt lat="42.700988" lon="-2.71349">
      <ele>656.1</ele>
    </trkpt>
    <trkpt lat="42.70178" lon="-2.713099">
      <ele>650.4</ele>
    </trkpt>
    <trkpt lat="42.702833" lon="-2.712562">
      <ele>648.2</ele>
    </trkpt>
    <trkpt lat="42.70307" lon="-2.712491">
      <ele>648.8</ele>
    </trkpt>
    <trkpt lat="42.703344" lon="-2.712485">
      <ele>649.7</ele>
    </trkpt>
    <trkpt lat="42.703609" lon="-2.712566">
      <ele>651</ele>
    </trkpt>
    <trkpt lat="42.703842" lon="-2.712709">
      <ele>652.6</ele>
    </trkpt>
    <trkpt lat="42.704425" lon="-2.713165">
      <ele>657.7</ele>
    </trkpt>
    <trkpt lat="42.704711" lon="-2.713303">
      <ele>660.2</ele>
    </trkpt>
    <trkpt lat="42.704935" lon="-2.713332">
      <ele>662.1</ele>
    </trkpt>
    <trkpt lat="42.706182" lon="-2.713126">
      <ele>669.2</ele>
    </trkpt>
    <trkpt lat="42.707044" lon="-2.712823">
      <ele>669.8</ele>
    </trkpt>
    <trkpt lat="42.707609" lon="-2.712737">
      <ele>667.9</ele>
    </trkpt>
    <trkpt lat="42.707668" lon="-2.712724">
      <ele>667.6</ele>
    </trkpt>
    <trkpt lat="42.707879" lon="-2.71267">
      <ele>666.5</ele>
    </trkpt>
    <trkpt lat="42.711082" lon="-2.711702">
      <ele>637.3</ele>
    </trkpt>
    <trkpt lat="42.711598" lon="-2.711468">
      <ele>632.7</ele>
    </trkpt>
    <trkpt lat="42.712124" lon="-2.711082">
      <ele>627.9</ele>
    </trkpt>
    <trkpt lat="42.712681" lon="-2.710474">
      <ele>622.4</ele>
    </trkpt>
    <trkpt lat="42.71296" lon="-2.710086">
      <ele>619.4</ele>
    </trkpt>
    <trkpt lat="42.714536" lon="-2.707399">
      <ele>600.7</ele>
    </trkpt>
    <trkpt lat="42.714727" lon="-2.70711">
      <ele>598.5</ele>
    </trkpt>
    <trkpt lat="42.715529" lon="-2.706182">
      <ele>590.7</ele>
    </trkpt>
    <trkpt lat="42.716797" lon="-2.705028">
      <ele>581.4</ele>
    </trkpt>
    <trkpt lat="42.71896" lon="-2.703065">
      <ele>566.4</ele>
    </trkpt>
    <trkpt lat="42.719735" lon="-2.702074">
      <ele>559.8</ele>
    </trkpt>
    <trkpt lat="42.720255" lon="-2.701367">
      <ele>555</ele>
    </trkpt>
    <trkpt lat="42.721193" lon="-2.70006">
      <ele>547.7</ele>
    </trkpt>
    <trkpt lat="42.721392" lon="-2.699874">
      <ele>546.9</ele>
    </trkpt>
    <trkpt lat="42.721613" lon="-2.699703">
      <ele>546.3</ele>
    </trkpt>
    <trkpt lat="42.721744" lon="-2.699586">
      <ele>546</ele>
    </trkpt>
    <trkpt lat="42.721818" lon="-2.699454">
      <ele>545.8</ele>
    </trkpt>
    <trkpt lat="42.721877" lon="-2.699584">
      <ele>545.7</ele>
    </trkpt>
    <trkpt lat="42.721917" lon="-2.699846">
      <ele>545.5</ele>
    </trkpt>
    <trkpt lat="42.721978" lon="-2.700008">
      <ele>545.4</ele>
    </trkpt>
    <trkpt lat="42.722079" lon="-2.700025">
      <ele>545.4</ele>
    </trkpt>
    <trkpt lat="42.72243" lon="-2.699972">
      <ele>545.3</ele>
    </trkpt>
    <trkpt lat="42.722625" lon="-2.70001">
      <ele>545.2</ele>
    </trkpt>
    <trkpt lat="42.722687" lon="-2.700159">
      <ele>545.1</ele>
    </trkpt>
    <trkpt lat="42.723098" lon="-2.701157">
      <ele>544.8</ele>
    </trkpt>
    <trkpt lat="42.723893" lon="-2.70308">
      <ele>544</ele>
    </trkpt>
    <trkpt lat="42.723958" lon="-2.70335">
      <ele>543.8</ele>
    </trkpt>
    <trkpt lat="42.724016" lon="-2.703733">
      <ele>543.6</ele>
    </trkpt>
    <trkpt lat="42.724358" lon="-2.707067">
      <ele>541.4</ele>
    </trkpt>
    <trkpt lat="42.724451" lon="-2.707683">
      <ele>541.1</ele>
    </trkpt>
    <trkpt lat="42.724933" lon="-2.710065">
      <ele>540.2</ele>
    </trkpt>
    <trkpt lat="42.725018" lon="-2.710335">
      <ele>540.1</ele>
    </trkpt>
    <trkpt lat="42.725124" lon="-2.710558">
      <ele>540</ele>
    </trkpt>
    <trkpt lat="42.725436" lon="-2.711073">
      <ele>539.7</ele>
    </trkpt>
    <trkpt lat="42.725505" lon="-2.711186">
      <ele>539.6</ele>
    </trkpt>
    <trkpt lat="42.725628" lon="-2.711386">
      <ele>539.6</ele>
    </trkpt>
    <trkpt lat="42.725674" lon="-2.711462">
      <ele>539.5</ele>
    </trkpt>
    <trkpt lat="42.725869" lon="-2.711771">
      <ele>539.4</ele>
    </trkpt>
    <trkpt lat="42.726204" lon="-2.712317">
      <ele>539.1</ele>
    </trkpt>
    <trkpt lat="42.72634" lon="-2.712658">
      <ele>538.8</ele>
    </trkpt>
    <trkpt lat="42.726716" lon="-2.713999">
      <ele>538</ele>
    </trkpt>
    <trkpt lat="42.726856" lon="-2.714482">
      <ele>537.7</ele>
    </trkpt>
    <trkpt lat="42.726895" lon="-2.714624">
      <ele>537.6</ele>
    </trkpt>
    <trkpt lat="42.727032" lon="-2.715101">
      <ele>537.4</ele>
    </trkpt>
    <trkpt lat="42.727524" lon="-2.716813">
      <ele>536.8</ele>
    </trkpt>
    <trkpt lat="42.727699" lon="-2.717302">
      <ele>536.6</ele>
    </trkpt>
    <trkpt lat="42.727943" lon="-2.71778">
      <ele>536.3</ele>
    </trkpt>
    <trkpt lat="42.728851" lon="-2.719259">
      <ele>535.2</ele>
    </trkpt>
    <trkpt lat="42.729105" lon="-2.719723">
      <ele>534.8</ele>
    </trkpt>
    <trkpt lat="42.729293" lon="-2.72018">
      <ele>534.5</ele>
    </trkpt>
    <trkpt lat="42.729354" lon="-2.720324">
      <ele>534.4</ele>
    </trkpt>
    <trkpt lat="42.729533" lon="-2.720776">
      <ele>534</ele>
    </trkpt>
    <trkpt lat="42.730225" lon="-2.72249">
      <ele>533.2</ele>
    </trkpt>
    <trkpt lat="42.730593" lon="-2.723324">
      <ele>533</ele>
    </trkpt>
    <trkpt lat="42.730756" lon="-2.723569">
      <ele>533</ele>
    </trkpt>
    <trkpt lat="42.731471" lon="-2.724343">
      <ele>532.7</ele>
    </trkpt>
    <trkpt lat="42.731625" lon="-2.724455">
      <ele>532.7</ele>
    </trkpt>
    <trkpt lat="42.732356" lon="-2.72484">
      <ele>532.3</ele>
    </trkpt>
    <trkpt lat="42.732547" lon="-2.725028">
      <ele>532.3</ele>
    </trkpt>
    <trkpt lat="42.732657" lon="-2.725304">
      <ele>532.2</ele>
    </trkpt>
    <trkpt lat="42.732884" lon="-2.726347">
      <ele>532.1</ele>
    </trkpt>
    <trkpt lat="42.732998" lon="-2.726876">
      <ele>532</ele>
    </trkpt>
    <trkpt lat="42.733093" lon="-2.727153">
      <ele>532.1</ele>
    </trkpt>
    <trkpt lat="42.733237" lon="-2.727376">
      <ele>532.2</ele>
    </trkpt>
    <trkpt lat="42.733512" lon="-2.727687">
      <ele>532.3</ele>
    </trkpt>
    <trkpt lat="42.733624" lon="-2.727813">
      <ele>532.3</ele>
    </trkpt>
    <trkpt lat="42.733707" lon="-2.727903">
      <ele>532.4</ele>
    </trkpt>
    <trkpt lat="42.733834" lon="-2.728119">
      <ele>532.5</ele>
    </trkpt>
    <trkpt lat="42.733919" lon="-2.728328">
      <ele>532.6</ele>
    </trkpt>
    <trkpt lat="42.734026" lon="-2.728683">
      <ele>532.7</ele>
    </trkpt>
    <trkpt lat="42.734169" lon="-2.729309">
      <ele>533</ele>
    </trkpt>
    <trkpt lat="42.734214" lon="-2.729672">
      <ele>533.1</ele>
    </trkpt>
    <trkpt lat="42.734294" lon="-2.731158">
      <ele>533.9</ele>
    </trkpt>
    <trkpt lat="42.734324" lon="-2.731759">
      <ele>534.3</ele>
    </trkpt>
    <trkpt lat="42.73435" lon="-2.73237">
      <ele>534.8</ele>
    </trkpt>
    <trkpt lat="42.734459" lon="-2.734851">
      <ele>535.5</ele>
    </trkpt>
    <trkpt lat="42.734542" lon="-2.738143">
      <ele>532.4</ele>
    </trkpt>
    <trkpt lat="42.734521" lon="-2.738782">
      <ele>531.6</ele>
    </trkpt>
    <trkpt lat="42.734434" lon="-2.73973">
      <ele>530.5</ele>
    </trkpt>
    <trkpt lat="42.734368" lon="-2.740225">
      <ele>530</ele>
    </trkpt>
    <trkpt lat="42.734076" lon="-2.742778">
      <ele>528.7</ele>
    </trkpt>
    <trkpt lat="42.733879" lon="-2.744765">
      <ele>528.7</ele>
    </trkpt>
    <trkpt lat="42.733879" lon="-2.744807">
      <ele>528.8</ele>
    </trkpt>
    <trkpt lat="42.733877" lon="-2.745">
      <ele>528.8</ele>
    </trkpt>
    <trkpt lat="42.734059" lon="-2.745593">
      <ele>529.1</ele>
    </trkpt>
    <trkpt lat="42.734088" lon="-2.745787">
      <ele>529.2</ele>
    </trkpt>
    <trkpt lat="42.734089" lon="-2.746386">
      <ele>529.6</ele>
    </trkpt>
    <trkpt lat="42.734082" lon="-2.746783">
      <ele>530</ele>
    </trkpt>
    <trkpt lat="42.734082" lon="-2.747028">
      <ele>530.1</ele>
    </trkpt>
    <trkpt lat="42.73413" lon="-2.747987">
      <ele>530</ele>
    </trkpt>
    <trkpt lat="42.734102" lon="-2.748719">
      <ele>529.4</ele>
    </trkpt>
    <trkpt lat="42.734068" lon="-2.748976">
      <ele>529.1</ele>
    </trkpt>
    <trkpt lat="42.734001" lon="-2.749203">
      <ele>528.8</ele>
    </trkpt>
    <trkpt lat="42.733655" lon="-2.749738">
      <ele>527.6</ele>
    </trkpt>
    <trkpt lat="42.733118" lon="-2.75053">
      <ele>526.6</ele>
    </trkpt>
    <trkpt lat="42.733061" lon="-2.750605">
      <ele>526.6</ele>
    </trkpt>
    <trkpt lat="42.732947" lon="-2.750771">
      <ele>526.7</ele>
    </trkpt>
    <trkpt lat="42.732726" lon="-2.751103">
      <ele>527.1</ele>
    </trkpt>
    <trkpt lat="42.732745" lon="-2.751338">
      <ele>527.4</ele>
    </trkpt>
    <trkpt lat="42.73271" lon="-2.751571">
      <ele>527.8</ele>
    </trkpt>
    <trkpt lat="42.732698" lon="-2.751903">
      <ele>528.4</ele>
    </trkpt>
    <trkpt lat="42.73277" lon="-2.75226">
      <ele>529</ele>
    </trkpt>
    <trkpt lat="42.732884" lon="-2.752523">
      <ele>529.6</ele>
    </trkpt>
    <trkpt lat="42.732951" lon="-2.752624">
      <ele>529.9</ele>
    </trkpt>
    <trkpt lat="42.733531" lon="-2.753266">
      <ele>531.7</ele>
    </trkpt>
    <trkpt lat="42.733797" lon="-2.753471">
      <ele>532.4</ele>
    </trkpt>
    <trkpt lat="42.735032" lon="-2.754218">
      <ele>535.2</ele>
    </trkpt>
    <trkpt lat="42.735857" lon="-2.754724">
      <ele>537.3</ele>
    </trkpt>
    <trkpt lat="42.736441" lon="-2.755013">
      <ele>538.2</ele>
    </trkpt>
    <trkpt lat="42.736747" lon="-2.75513">
      <ele>538.5</ele>
    </trkpt>
    <trkpt lat="42.737128" lon="-2.755128">
      <ele>538.6</ele>
    </trkpt>
    <trkpt lat="42.738178" lon="-2.75492">
      <ele>538.8</ele>
    </trkpt>
    <trkpt lat="42.73831" lon="-2.754823">
      <ele>539</ele>
    </trkpt>
    <trkpt lat="42.738428" lon="-2.754659">
      <ele>539.2</ele>
    </trkpt>
    <trkpt lat="42.738968" lon="-2.753682">
      <ele>540.6</ele>
    </trkpt>
    <trkpt lat="42.739294" lon="-2.753214">
      <ele>541.5</ele>
    </trkpt>
    <trkpt lat="42.740695" lon="-2.752025">
      <ele>544.5</ele>
    </trkpt>
    <trkpt lat="42.743735" lon="-2.749512">
      <ele>549.1</ele>
    </trkpt>
    <trkpt lat="42.743923" lon="-2.749318">
      <ele>549.4</ele>
    </trkpt>
    <trkpt lat="42.744328" lon="-2.748799">
      <ele>550.2</ele>
    </trkpt>
    <trkpt lat="42.74574" lon="-2.746974">
      <ele>553.9</ele>
    </trkpt>
    <trkpt lat="42.74595" lon="-2.746756">
      <ele>554.7</ele>
    </trkpt>
    <trkpt lat="42.746167" lon="-2.74658">
      <ele>555.5</ele>
    </trkpt>
    <trkpt lat="42.746702" lon="-2.746312">
      <ele>558.1</ele>
    </trkpt>
    <trkpt lat="42.747335" lon="-2.746039">
      <ele>562.1</ele>
    </trkpt>
    <trkpt lat="42.747792" lon="-2.745909">
      <ele>565.3</ele>
    </trkpt>
    <trkpt lat="42.748585" lon="-2.745812">
      <ele>571.1</ele>
    </trkpt>
    <trkpt lat="42.750925" lon="-2.745602">
      <ele>586.2</ele>
    </trkpt>
    <trkpt lat="42.75132" lon="-2.745502">
      <ele>587.9</ele>
    </trkpt>
    <trkpt lat="42.751571" lon="-2.745385">
      <ele>588.9</ele>
    </trkpt>
    <trkpt lat="42.752409" lon="-2.744824">
      <ele>592.7</ele>
    </trkpt>
    <trkpt lat="42.752644" lon="-2.744629">
      <ele>593.9</ele>
    </trkpt>
    <trkpt lat="42.752813" lon="-2.744434">
      <ele>594.9</ele>
    </trkpt>
    <trkpt lat="42.753042" lon="-2.744024">
      <ele>596.3</ele>
    </trkpt>
    <trkpt lat="42.753495" lon="-2.742792">
      <ele>597.8</ele>
    </trkpt>
    <trkpt lat="42.754105" lon="-2.741093">
      <ele>595.4</ele>
    </trkpt>
    <trkpt lat="42.754329" lon="-2.740542">
      <ele>593.8</ele>
    </trkpt>
    <trkpt lat="42.754486" lon="-2.740283">
      <ele>592.7</ele>
    </trkpt>
    <trkpt lat="42.754582" lon="-2.740168">
      <ele>592.1</ele>
    </trkpt>
    <trkpt lat="42.755457" lon="-2.739251">
      <ele>587.1</ele>
    </trkpt>
    <trkpt lat="42.755586" lon="-2.739095">
      <ele>586.4</ele>
    </trkpt>
    <trkpt lat="42.75579" lon="-2.738779">
      <ele>585.6</ele>
    </trkpt>
    <trkpt lat="42.756102" lon="-2.738041">
      <ele>585.5</ele>
    </trkpt>
    <trkpt lat="42.756261" lon="-2.737743">
      <ele>586.1</ele>
    </trkpt>
    <trkpt lat="42.756499" lon="-2.737491">
      <ele>587</ele>
    </trkpt>
    <trkpt lat="42.756673" lon="-2.737391">
      <ele>587.8</ele>
    </trkpt>
    <trkpt lat="42.757504" lon="-2.737203">
      <ele>591.9</ele>
    </trkpt>
    <trkpt lat="42.757716" lon="-2.73712">
      <ele>592.9</ele>
    </trkpt>
    <trkpt lat="42.757806" lon="-2.737054">
      <ele>593.4</ele>
    </trkpt>
    <trkpt lat="42.757972" lon="-2.736848">
      <ele>594.5</ele>
    </trkpt>
    <trkpt lat="42.758781" lon="-2.735502">
      <ele>598.7</ele>
    </trkpt>
    <trkpt lat="42.759049" lon="-2.735249">
      <ele>599.4</ele>
    </trkpt>
    <trkpt lat="42.759619" lon="-2.734829">
      <ele>600.2</ele>
    </trkpt>
    <trkpt lat="42.761584" lon="-2.733385">
      <ele>602.1</ele>
    </trkpt>
    <trkpt lat="42.761802" lon="-2.733251">
      <ele>602.6</ele>
    </trkpt>
    <trkpt lat="42.762094" lon="-2.733171">
      <ele>603.4</ele>
    </trkpt>
    <trkpt lat="42.76269" lon="-2.733122">
      <ele>605.7</ele>
    </trkpt>
    <trkpt lat="42.764449" lon="-2.732959">
      <ele>615.2</ele>
    </trkpt>
    <trkpt lat="42.764787" lon="-2.732867">
      <ele>617.4</ele>
    </trkpt>
    <trkpt lat="42.76639" lon="-2.732313">
      <ele>626.9</ele>
    </trkpt>
    <trkpt lat="42.76659" lon="-2.732267">
      <ele>627.7</ele>
    </trkpt>
    <trkpt lat="42.766795" lon="-2.732264">
      <ele>628.5</ele>
    </trkpt>
    <trkpt lat="42.76686" lon="-2.732269">
      <ele>628.8</ele>
    </trkpt>
    <trkpt lat="42.770499" lon="-2.73247">
      <ele>641.8</ele>
    </trkpt>
    <trkpt lat="42.771947" lon="-2.732545">
      <ele>647.3</ele>
    </trkpt>
    <trkpt lat="42.772289" lon="-2.732614">
      <ele>648.6</ele>
    </trkpt>
    <trkpt lat="42.773463" lon="-2.73311">
      <ele>653.4</ele>
    </trkpt>
    <trkpt lat="42.774394" lon="-2.733503">
      <ele>657.5</ele>
    </trkpt>
    <trkpt lat="42.775076" lon="-2.733786">
      <ele>660.8</ele>
    </trkpt>
    <trkpt lat="42.775241" lon="-2.733801">
      <ele>661.6</ele>
    </trkpt>
    <trkpt lat="42.776449" lon="-2.733662">
      <ele>668.4</ele>
    </trkpt>
    <trkpt lat="42.777168" lon="-2.733585">
      <ele>672.6</ele>
    </trkpt>
    <trkpt lat="42.777284" lon="-2.73357">
      <ele>673.3</ele>
    </trkpt>
    <trkpt lat="42.77761" lon="-2.73352">
      <ele>675.4</ele>
    </trkpt>
    <trkpt lat="42.77824" lon="-2.733284">
      <ele>679.5</ele>
    </trkpt>
    <trkpt lat="42.778442" lon="-2.733306">
      <ele>680.7</ele>
    </trkpt>
    <trkpt lat="42.778569" lon="-2.733372">
      <ele>681.5</ele>
    </trkpt>
    <trkpt lat="42.780874" lon="-2.735267">
      <ele>701.1</ele>
    </trkpt>
    <trkpt lat="42.781162" lon="-2.735585">
      <ele>703.9</ele>
    </trkpt>
    <trkpt lat="42.781434" lon="-2.735943">
      <ele>706.8</ele>
    </trkpt>
    <trkpt lat="42.781518" lon="-2.736113">
      <ele>708</ele>
    </trkpt>
    <trkpt lat="42.782259" lon="-2.737641">
      <ele>715.3</ele>
    </trkpt>
    <trkpt lat="42.78241" lon="-2.737841">
      <ele>715.7</ele>
    </trkpt>
    <trkpt lat="42.782652" lon="-2.738028">
      <ele>715.7</ele>
    </trkpt>
    <trkpt lat="42.782895" lon="-2.73814">
      <ele>715.6</ele>
    </trkpt>
    <trkpt lat="42.783014" lon="-2.738135">
      <ele>715.6</ele>
    </trkpt>
    <trkpt lat="42.783105" lon="-2.738091">
      <ele>715.5</ele>
    </trkpt>
    <trkpt lat="42.783204" lon="-2.737976">
      <ele>715.4</ele>
    </trkpt>
    <trkpt lat="42.783261" lon="-2.737839">
      <ele>715.3</ele>
    </trkpt>
    <trkpt lat="42.783271" lon="-2.737722">
      <ele>715.3</ele>
    </trkpt>
    <trkpt lat="42.78324" lon="-2.737551">
      <ele>715.3</ele>
    </trkpt>
    <trkpt lat="42.783009" lon="-2.736767">
      <ele>716.1</ele>
    </trkpt>
    <trkpt lat="42.782976" lon="-2.736514">
      <ele>716.7</ele>
    </trkpt>
    <trkpt lat="42.782975" lon="-2.736168">
      <ele>717.6</ele>
    </trkpt>
    <trkpt lat="42.783022" lon="-2.735326">
      <ele>720.2</ele>
    </trkpt>
    <trkpt lat="42.783004" lon="-2.734989">
      <ele>721</ele>
    </trkpt>
    <trkpt lat="42.782933" lon="-2.734764">
      <ele>721.6</ele>
    </trkpt>
    <trkpt lat="42.78241" lon="-2.733677">
      <ele>724.9</ele>
    </trkpt>
    <trkpt lat="42.782395" lon="-2.733445">
      <ele>725.8</ele>
    </trkpt>
    <trkpt lat="42.782434" lon="-2.733266">
      <ele>726.7</ele>
    </trkpt>
    <trkpt lat="42.782565" lon="-2.7331">
      <ele>727.9</ele>
    </trkpt>
    <trkpt lat="42.782743" lon="-2.733038">
      <ele>729.3</ele>
    </trkpt>
    <trkpt lat="42.783389" lon="-2.733191">
      <ele>735.4</ele>
    </trkpt>
    <trkpt lat="42.783644" lon="-2.733141">
      <ele>738.2</ele>
    </trkpt>
    <trkpt lat="42.784422" lon="-2.732715">
      <ele>747.8</ele>
    </trkpt>
    <trkpt lat="42.784568" lon="-2.732681">
      <ele>749.4</ele>
    </trkpt>
    <trkpt lat="42.785441" lon="-2.732783">
      <ele>757.7</ele>
    </trkpt>
    <trkpt lat="42.786694" lon="-2.733112">
      <ele>765.1</ele>
    </trkpt>
    <trkpt lat="42.786972" lon="-2.7331">
      <ele>766.1</ele>
    </trkpt>
    <trkpt lat="42.788275" lon="-2.732914">
      <ele>770.9</ele>
    </trkpt>
    <trkpt lat="42.789391" lon="-2.733083">
      <ele>775.9</ele>
    </trkpt>
    <trkpt lat="42.789596" lon="-2.73304">
      <ele>776.8</ele>
    </trkpt>
    <trkpt lat="42.789713" lon="-2.732959">
      <ele>777.4</ele>
    </trkpt>
    <trkpt lat="42.790449" lon="-2.731639">
      <ele>783</ele>
    </trkpt>
    <trkpt lat="42.790701" lon="-2.731017">
      <ele>785.5</ele>
    </trkpt>
    <trkpt lat="42.791023" lon="-2.730089">
      <ele>790.3</ele>
    </trkpt>
    <trkpt lat="42.791066" lon="-2.729864">
      <ele>791.6</ele>
    </trkpt>
    <trkpt lat="42.791049" lon="-2.729611">
      <ele>793</ele>
    </trkpt>
    <trkpt lat="42.790884" lon="-2.72855">
      <ele>796.7</ele>
    </trkpt>
    <trkpt lat="42.790872" lon="-2.72834">
      <ele>796.8</ele>
    </trkpt>
    <trkpt lat="42.790913" lon="-2.728095">
      <ele>796.8</ele>
    </trkpt>
    <trkpt lat="42.790962" lon="-2.727918">
      <ele>796.6</ele>
    </trkpt>
    <trkpt lat="42.791021" lon="-2.72773">
      <ele>796.2</ele>
    </trkpt>
    <trkpt lat="42.79106" lon="-2.727609">
      <ele>795.9</ele>
    </trkpt>
    <trkpt lat="42.791152" lon="-2.727335">
      <ele>795.1</ele>
    </trkpt>
    <trkpt lat="42.791356" lon="-2.726976">
      <ele>793.6</ele>
    </trkpt>
    <trkpt lat="42.791598" lon="-2.72674">
      <ele>792.2</ele>
    </trkpt>
    <trkpt lat="42.791703" lon="-2.726667">
      <ele>791.7</ele>
    </trkpt>
    <trkpt lat="42.791873" lon="-2.726613">
      <ele>791.2</ele>
    </trkpt>
    <trkpt lat="42.792006" lon="-2.726621">
      <ele>790.8</ele>
    </trkpt>
    <trkpt lat="42.792148" lon="-2.726715">
      <ele>790.6</ele>
    </trkpt>
    <trkpt lat="42.79268" lon="-2.727362">
      <ele>789.6</ele>
    </trkpt>
    <trkpt lat="42.79274" lon="-2.727394">
      <ele>789.4</ele>
    </trkpt>
    <trkpt lat="42.792839" lon="-2.727392">
      <ele>789.1</ele>
    </trkpt>
    <trkpt lat="42.792983" lon="-2.727272">
      <ele>788.5</ele>
    </trkpt>
    <trkpt lat="42.79304" lon="-2.727142">
      <ele>787.9</ele>
    </trkpt>
    <trkpt lat="42.793076" lon="-2.72697">
      <ele>787.2</ele>
    </trkpt>
    <trkpt lat="42.793062" lon="-2.726005">
      <ele>781</ele>
    </trkpt>
    <trkpt lat="42.793298" lon="-2.723749">
      <ele>764.4</ele>
    </trkpt>
    <trkpt lat="42.793378" lon="-2.723486">
      <ele>763.9</ele>
    </trkpt>
    <trkpt lat="42.793439" lon="-2.723381">
      <ele>763.8</ele>
    </trkpt>
    <trkpt lat="42.793635" lon="-2.723183">
      <ele>764</ele>
    </trkpt>
    <trkpt lat="42.793817" lon="-2.723124">
      <ele>764.6</ele>
    </trkpt>
    <trkpt lat="42.794017" lon="-2.723133">
      <ele>765.7</ele>
    </trkpt>
    <trkpt lat="42.794196" lon="-2.723217">
      <ele>767</ele>
    </trkpt>
    <trkpt lat="42.794346" lon="-2.723367">
      <ele>768.6</ele>
    </trkpt>
    <trkpt lat="42.794486" lon="-2.723604">
      <ele>770.5</ele>
    </trkpt>
    <trkpt lat="42.794797" lon="-2.724297">
      <ele>775.4</ele>
    </trkpt>
    <trkpt lat="42.795443" lon="-2.725446">
      <ele>774.4</ele>
    </trkpt>
    <trkpt lat="42.795532" lon="-2.725559">
      <ele>773.3</ele>
    </trkpt>
    <trkpt lat="42.795648" lon="-2.725628">
      <ele>772.1</ele>
    </trkpt>
    <trkpt lat="42.795762" lon="-2.725622">
      <ele>770.9</ele>
    </trkpt>
    <trkpt lat="42.795887" lon="-2.725523">
      <ele>769.4</ele>
    </trkpt>
    <trkpt lat="42.795955" lon="-2.725356">
      <ele>767.8</ele>
    </trkpt>
    <trkpt lat="42.796044" lon="-2.724925">
      <ele>764</ele>
    </trkpt>
    <trkpt lat="42.796199" lon="-2.724635">
      <ele>760.4</ele>
    </trkpt>
    <trkpt lat="42.796378" lon="-2.724447">
      <ele>757.1</ele>
    </trkpt>
    <trkpt lat="42.796822" lon="-2.724181">
      <ele>751.5</ele>
    </trkpt>
    <trkpt lat="42.79693" lon="-2.724042">
      <ele>750.2</ele>
    </trkpt>
    <trkpt lat="42.797005" lon="-2.72382">
      <ele>748.7</ele>
    </trkpt>
    <trkpt lat="42.797028" lon="-2.723576">
      <ele>747.4</ele>
    </trkpt>
    <trkpt lat="42.79703" lon="-2.723158">
      <ele>745.2</ele>
    </trkpt>
    <trkpt lat="42.79714" lon="-2.722694">
      <ele>742.8</ele>
    </trkpt>
    <trkpt lat="42.797135" lon="-2.721845">
      <ele>739.7</ele>
    </trkpt>
    <trkpt lat="42.797199" lon="-2.721657">
      <ele>739.1</ele>
    </trkpt>
    <trkpt lat="42.797464" lon="-2.721304">
      <ele>737.5</ele>
    </trkpt>
    <trkpt lat="42.79752" lon="-2.721141">
      <ele>736.9</ele>
    </trkpt>
    <trkpt lat="42.797532" lon="-2.720941">
      <ele>736.2</ele>
    </trkpt>
    <trkpt lat="42.797481" lon="-2.720758">
      <ele>735.5</ele>
    </trkpt>
    <trkpt lat="42.79695" lon="-2.720139">
      <ele>731</ele>
    </trkpt>
    <trkpt lat="42.796819" lon="-2.719885">
      <ele>729.2</ele>
    </trkpt>
    <trkpt lat="42.796779" lon="-2.719625">
      <ele>727.6</ele>
    </trkpt>
    <trkpt lat="42.796694" lon="-2.71846">
      <ele>722.4</ele>
    </trkpt>
    <trkpt lat="42.796724" lon="-2.71824">
      <ele>722.1</ele>
    </trkpt>
    <trkpt lat="42.796848" lon="-2.717932">
      <ele>721.9</ele>
    </trkpt>
    <trkpt lat="42.797004" lon="-2.717785">
      <ele>722</ele>
    </trkpt>
    <trkpt lat="42.797189" lon="-2.717767">
      <ele>722.4</ele>
    </trkpt>
    <trkpt lat="42.797373" lon="-2.717901">
      <ele>722.9</ele>
    </trkpt>
    <trkpt lat="42.797988" lon="-2.718564">
      <ele>723.9</ele>
    </trkpt>
    <trkpt lat="42.798115" lon="-2.718623">
      <ele>723.6</ele>
    </trkpt>
    <trkpt lat="42.798232" lon="-2.718593">
      <ele>723.2</ele>
    </trkpt>
    <trkpt lat="42.79829" lon="-2.718547">
      <ele>722.9</ele>
    </trkpt>
    <trkpt lat="42.798374" lon="-2.718408">
      <ele>722.2</ele>
    </trkpt>
    <trkpt lat="42.798564" lon="-2.717554">
      <ele>716.3</ele>
    </trkpt>
    <trkpt lat="42.79856" lon="-2.717351">
      <ele>714.5</ele>
    </trkpt>
    <trkpt lat="42.79853" lon="-2.717165">
      <ele>712.9</ele>
    </trkpt>
    <trkpt lat="42.798372" lon="-2.716481">
      <ele>707.5</ele>
    </trkpt>
    <trkpt lat="42.798371" lon="-2.716327">
      <ele>706.6</ele>
    </trkpt>
    <trkpt lat="42.798416" lon="-2.716165">
      <ele>705.7</ele>
    </trkpt>
    <trkpt lat="42.798566" lon="-2.716021">
      <ele>704.7</ele>
    </trkpt>
    <trkpt lat="42.798935" lon="-2.715885">
      <ele>703.5</ele>
    </trkpt>
    <trkpt lat="42.799335" lon="-2.71566">
      <ele>703</ele>
    </trkpt>
    <trkpt lat="42.799466" lon="-2.715673">
      <ele>702.8</ele>
    </trkpt>
    <trkpt lat="42.799558" lon="-2.715715">
      <ele>702.7</ele>
    </trkpt>
    <trkpt lat="42.799961" lon="-2.715953">
      <ele>701.3</ele>
    </trkpt>
    <trkpt lat="42.800078" lon="-2.715966">
      <ele>700.7</ele>
    </trkpt>
    <trkpt lat="42.800174" lon="-2.715917">
      <ele>700.1</ele>
    </trkpt>
    <trkpt lat="42.800252" lon="-2.715778">
      <ele>699.3</ele>
    </trkpt>
    <trkpt lat="42.800279" lon="-2.71558">
      <ele>698.1</ele>
    </trkpt>
    <trkpt lat="42.800203" lon="-2.714036">
      <ele>686.3</ele>
    </trkpt>
    <trkpt lat="42.800204" lon="-2.713918">
      <ele>685.3</ele>
    </trkpt>
    <trkpt lat="42.80025" lon="-2.713758">
      <ele>684</ele>
    </trkpt>
    <trkpt lat="42.800346" lon="-2.713632">
      <ele>682.7</ele>
    </trkpt>
    <trkpt lat="42.800634" lon="-2.713454">
      <ele>679.8</ele>
    </trkpt>
    <trkpt lat="42.800838" lon="-2.713279">
      <ele>677.7</ele>
    </trkpt>
    <trkpt lat="42.801276" lon="-2.712577">
      <ele>672.7</ele>
    </trkpt>
    <trkpt lat="42.801458" lon="-2.712338">
      <ele>670.9</ele>
    </trkpt>
    <trkpt lat="42.802355" lon="-2.711624">
      <ele>663.8</ele>
    </trkpt>
    <trkpt lat="42.803757" lon="-2.711052">
      <ele>658.5</ele>
    </trkpt>
    <trkpt lat="42.804031" lon="-2.71105">
      <ele>658.4</ele>
    </trkpt>
    <trkpt lat="42.804309" lon="-2.711143">
      <ele>658.7</ele>
    </trkpt>
    <trkpt lat="42.804476" lon="-2.711255">
      <ele>659</ele>
    </trkpt>
    <trkpt lat="42.80457" lon="-2.711379">
      <ele>659.2</ele>
    </trkpt>
    <trkpt lat="42.804642" lon="-2.711615">
      <ele>659.6</ele>
    </trkpt>
    <trkpt lat="42.804792" lon="-2.712506">
      <ele>659.5</ele>
    </trkpt>
    <trkpt lat="42.804873" lon="-2.712693">
      <ele>659.1</ele>
    </trkpt>
    <trkpt lat="42.805031" lon="-2.712869">
      <ele>658.5</ele>
    </trkpt>
    <trkpt lat="42.805336" lon="-2.713043">
      <ele>656.9</ele>
    </trkpt>
    <trkpt lat="42.805487" lon="-2.713068">
      <ele>656.1</ele>
    </trkpt>
    <trkpt lat="42.806009" lon="-2.712948">
      <ele>652.4</ele>
    </trkpt>
    <trkpt lat="42.80609" lon="-2.712905">
      <ele>651.8</ele>
    </trkpt>
    <trkpt lat="42.806231" lon="-2.712769">
      <ele>650.5</ele>
    </trkpt>
    <trkpt lat="42.806355" lon="-2.712593">
      <ele>649.4</ele>
    </trkpt>
    <trkpt lat="42.806787" lon="-2.711848">
      <ele>646.3</ele>
    </trkpt>
    <trkpt lat="42.806921" lon="-2.711691">
      <ele>645.6</ele>
    </trkpt>
    <trkpt lat="42.807147" lon="-2.71159">
      <ele>644.7</ele>
    </trkpt>
    <trkpt lat="42.807503" lon="-2.711616">
      <ele>643.6</ele>
    </trkpt>
    <trkpt lat="42.807714" lon="-2.711601">
      <ele>642.9</ele>
    </trkpt>
    <trkpt lat="42.807807" lon="-2.711568">
      <ele>642.6</ele>
    </trkpt>
    <trkpt lat="42.808125" lon="-2.711343">
      <ele>641.3</ele>
    </trkpt>
    <trkpt lat="42.808279" lon="-2.711282">
      <ele>640.5</ele>
    </trkpt>
    <trkpt lat="42.808538" lon="-2.711362">
      <ele>639.1</ele>
    </trkpt>
    <trkpt lat="42.808908" lon="-2.711638">
      <ele>636.2</ele>
    </trkpt>
    <trkpt lat="42.809047" lon="-2.711706">
      <ele>635.1</ele>
    </trkpt>
    <trkpt lat="42.809253" lon="-2.711702">
      <ele>633.7</ele>
    </trkpt>
    <trkpt lat="42.809575" lon="-2.711562">
      <ele>631.2</ele>
    </trkpt>
    <trkpt lat="42.8097" lon="-2.711451">
      <ele>630</ele>
    </trkpt>
    <trkpt lat="42.809821" lon="-2.711241">
      <ele>628.4</ele>
    </trkpt>
    <trkpt lat="42.810119" lon="-2.710418">
      <ele>623.6</ele>
    </trkpt>
    <trkpt lat="42.810313" lon="-2.710015">
      <ele>621.8</ele>
    </trkpt>
    <trkpt lat="42.810503" lon="-2.709741">
      <ele>620.5</ele>
    </trkpt>
    <trkpt lat="42.810692" lon="-2.7096">
      <ele>619.7</ele>
    </trkpt>
    <trkpt lat="42.810804" lon="-2.709556">
      <ele>619.3</ele>
    </trkpt>
    <trkpt lat="42.811059" lon="-2.70952">
      <ele>618.3</ele>
    </trkpt>
    <trkpt lat="42.811824" lon="-2.709526">
      <ele>615.5</ele>
    </trkpt>
    <trkpt lat="42.812015" lon="-2.709485">
      <ele>614.8</ele>
    </trkpt>
    <trkpt lat="42.812254" lon="-2.709344">
      <ele>613.7</ele>
    </trkpt>
    <trkpt lat="42.812812" lon="-2.708958">
      <ele>610.9</ele>
    </trkpt>
    <trkpt lat="42.813083" lon="-2.708709">
      <ele>609.4</ele>
    </trkpt>
    <trkpt lat="42.814387" lon="-2.707279">
      <ele>602</ele>
    </trkpt>
    <trkpt lat="42.814616" lon="-2.707079">
      <ele>600.9</ele>
    </trkpt>
    <trkpt lat="42.814959" lon="-2.706845">
      <ele>599.3</ele>
    </trkpt>
    <trkpt lat="42.815034" lon="-2.706799">
      <ele>599</ele>
    </trkpt>
    <trkpt lat="42.817176" lon="-2.70536">
      <ele>590.5</ele>
    </trkpt>
    <trkpt lat="42.817868" lon="-2.704651">
      <ele>587.5</ele>
    </trkpt>
    <trkpt lat="42.818376" lon="-2.70408">
      <ele>585.4</ele>
    </trkpt>
    <trkpt lat="42.819091" lon="-2.703005">
      <ele>582</ele>
    </trkpt>
    <trkpt lat="42.819403" lon="-2.702632">
      <ele>580.9</ele>
    </trkpt>
    <trkpt lat="42.82134" lon="-2.700491">
      <ele>574.8</ele>
    </trkpt>
    <trkpt lat="42.82225" lon="-2.699485">
      <ele>571.8</ele>
    </trkpt>
    <trkpt lat="42.823397" lon="-2.698216">
      <ele>567.6</ele>
    </trkpt>
    <trkpt lat="42.823482" lon="-2.698119">
      <ele>567.3</ele>
    </trkpt>
    <trkpt lat="42.823563" lon="-2.698028">
      <ele>567</ele>
    </trkpt>
    <trkpt lat="42.82506" lon="-2.696345">
      <ele>562.5</ele>
    </trkpt>
    <trkpt lat="42.82504" lon="-2.696191">
      <ele>562.2</ele>
    </trkpt>
    <trkpt lat="42.825057" lon="-2.696142">
      <ele>562.2</ele>
    </trkpt>
    <trkpt lat="42.825144" lon="-2.696069">
      <ele>562</ele>
    </trkpt>
    <trkpt lat="42.825208" lon="-2.696079">
      <ele>561.9</ele>
    </trkpt>
    <trkpt lat="42.82526" lon="-2.696131">
      <ele>561.8</ele>
    </trkpt>
    <trkpt lat="42.829667" lon="-2.691229">
      <ele>549.8</ele>
    </trkpt>
    <trkpt lat="42.829992" lon="-2.690869">
      <ele>548.6</ele>
    </trkpt>
    <trkpt lat="42.83231" lon="-2.688295">
      <ele>540.8</ele>
    </trkpt>
    <trkpt lat="42.833197" lon="-2.687257">
      <ele>538.4</ele>
    </trkpt>
    <trkpt lat="42.833243" lon="-2.687201">
      <ele>538.3</ele>
    </trkpt>
    <trkpt lat="42.833179" lon="-2.686774">
      <ele>537.8</ele>
    </trkpt>
    <trkpt lat="42.83317" lon="-2.686698">
      <ele>537.7</ele>
    </trkpt>
    <trkpt lat="42.833307" lon="-2.68667">
      <ele>537.5</ele>
    </trkpt>
    <trkpt lat="42.833233" lon="-2.68575">
      <ele>536.8</ele>
    </trkpt>
    <trkpt lat="42.833219" lon="-2.685093">
      <ele>536.2</ele>
    </trkpt>
    <trkpt lat="42.833241" lon="-2.684306">
      <ele>535.6</ele>
    </trkpt>
    <trkpt lat="42.833301" lon="-2.68358">
      <ele>535.1</ele>
    </trkpt>
    <trkpt lat="42.83343" lon="-2.682678">
      <ele>534.4</ele>
    </trkpt>
    <trkpt lat="42.83358" lon="-2.681957">
      <ele>533.9</ele>
    </trkpt>
    <trkpt lat="42.833725" lon="-2.681489">
      <ele>533.4</ele>
    </trkpt>
    <trkpt lat="42.833899" lon="-2.681125">
      <ele>533</ele>
    </trkpt>
    <trkpt lat="42.833909" lon="-2.681079">
      <ele>533</ele>
    </trkpt>
    <trkpt lat="42.833887" lon="-2.681012">
      <ele>532.9</ele>
    </trkpt>
    <trkpt lat="42.833833" lon="-2.680933">
      <ele>532.8</ele>
    </trkpt>
    <trkpt lat="42.83382" lon="-2.680818">
      <ele>532.7</ele>
    </trkpt>
    <trkpt lat="42.833859" lon="-2.680707">
      <ele>532.6</ele>
    </trkpt>
    <trkpt lat="42.834088" lon="-2.680384">
      <ele>532.2</ele>
    </trkpt>
    <trkpt lat="42.834173" lon="-2.680244">
      <ele>532</ele>
    </trkpt>
    <trkpt lat="42.834295" lon="-2.679918">
      <ele>531.7</ele>
    </trkpt>
    <trkpt lat="42.83463" lon="-2.678663">
      <ele>530.6</ele>
    </trkpt>
    <trkpt lat="42.834925" lon="-2.67722">
      <ele>529.6</ele>
    </trkpt>
    <trkpt lat="42.834956" lon="-2.67704">
      <ele>529.5</ele>
    </trkpt>
    <trkpt lat="42.834983" lon="-2.676894">
      <ele>529.4</ele>
    </trkpt>
    <trkpt lat="42.835184" lon="-2.67655">
      <ele>529.3</ele>
    </trkpt>
    <trkpt lat="42.835202" lon="-2.676405">
      <ele>529.3</ele>
    </trkpt>
    <trkpt lat="42.835217" lon="-2.67627">
      <ele>529.3</ele>
    </trkpt>
    <trkpt lat="42.835284" lon="-2.675596">
      <ele>529.3</ele>
    </trkpt>
    <trkpt lat="42.835313" lon="-2.674979">
      <ele>529.5</ele>
    </trkpt>
    <trkpt lat="42.835313" lon="-2.67492">
      <ele>529.5</ele>
    </trkpt>
    <trkpt lat="42.835316" lon="-2.674299">
      <ele>529.8</ele>
    </trkpt>
    <trkpt lat="42.835284" lon="-2.673479">
      <ele>530.3</ele>
    </trkpt>
    <trkpt lat="42.835275" lon="-2.673315">
      <ele>530.4</ele>
    </trkpt>
    <trkpt lat="42.835267" lon="-2.673061">
      <ele>530.6</ele>
    </trkpt>
    <trkpt lat="42.835186" lon="-2.672501">
      <ele>531</ele>
    </trkpt>
    <trkpt lat="42.83516" lon="-2.672327">
      <ele>531.2</ele>
    </trkpt>
    <trkpt lat="42.834908" lon="-2.670205">
      <ele>532.8</ele>
    </trkpt>
    <trkpt lat="42.834898" lon="-2.67011">
      <ele>532.8</ele>
    </trkpt>
    <trkpt lat="42.834771" lon="-2.670011">
      <ele>533</ele>
    </trkpt>
    <trkpt lat="42.834752" lon="-2.669966">
      <ele>533</ele>
    </trkpt>
    <trkpt lat="42.834736" lon="-2.669822">
      <ele>533.2</ele>
    </trkpt>
    <trkpt lat="42.834685" lon="-2.66969">
      <ele>533.3</ele>
    </trkpt>
    <trkpt lat="42.834594" lon="-2.669219">
      <ele>533.8</ele>
    </trkpt>
    <trkpt lat="42.834524" lon="-2.668694">
      <ele>534.6</ele>
    </trkpt>
    <trkpt lat="42.834474" lon="-2.668543">
      <ele>534.9</ele>
    </trkpt>
    <trkpt lat="42.834386" lon="-2.66842">
      <ele>535.2</ele>
    </trkpt>
    <trkpt lat="42.834331" lon="-2.668371">
      <ele>535.4</ele>
    </trkpt>
    <trkpt lat="42.834257" lon="-2.668318">
      <ele>535.6</ele>
    </trkpt>
    <trkpt lat="42.834065" lon="-2.668285">
      <ele>536.1</ele>
    </trkpt>
    <trkpt lat="42.833532" lon="-2.668404">
      <ele>537.9</ele>
    </trkpt>
    <trkpt lat="42.832038" lon="-2.668833">
      <ele>543.3</ele>
    </trkpt>
    <trkpt lat="42.831424" lon="-2.669058">
      <ele>545.1</ele>
    </trkpt>
    <trkpt lat="42.831351" lon="-2.669113">
      <ele>545.4</ele>
    </trkpt>
    <trkpt lat="42.831275" lon="-2.66921">
      <ele>545.6</ele>
    </trkpt>
    <trkpt lat="42.831198" lon="-2.669219">
      <ele>545.8</ele>
    </trkpt>
    <trkpt lat="42.831128" lon="-2.669171">
      <ele>546</ele>
    </trkpt>
    <trkpt lat="42.830013" lon="-2.669655">
      <ele>548.2</ele>
    </trkpt>
    <trkpt lat="42.82877" lon="-2.670305">
      <ele>550.6</ele>
    </trkpt>
    <trkpt lat="42.828403" lon="-2.670493">
      <ele>551.4</ele>
    </trkpt>
    <trkpt lat="42.82834" lon="-2.670569">
      <ele>551.6</ele>
    </trkpt>
    <trkpt lat="42.828259" lon="-2.670686">
      <ele>551.8</ele>
    </trkpt>
    <trkpt lat="42.828194" lon="-2.670698">
      <ele>552</ele>
    </trkpt>
    <trkpt lat="42.828132" lon="-2.670668">
      <ele>552.1</ele>
    </trkpt>
    <trkpt lat="42.828005" lon="-2.670704">
      <ele>552.4</ele>
    </trkpt>
    <trkpt lat="42.826199" lon="-2.671706">
      <ele>556.6</ele>
    </trkpt>
    <trkpt lat="42.826017" lon="-2.671826">
      <ele>557.1</ele>
    </trkpt>
    <trkpt lat="42.825994" lon="-2.671901">
      <ele>557.2</ele>
    </trkpt>
    <trkpt lat="42.82591" lon="-2.671971">
      <ele>557.4</ele>
    </trkpt>
    <trkpt lat="42.825799" lon="-2.671964">
      <ele>557.6</ele>
    </trkpt>
    <trkpt lat="42.825696" lon="-2.671978">
      <ele>557.8</ele>
    </trkpt>
    <trkpt lat="42.824593" lon="-2.672644">
      <ele>559.8</ele>
    </trkpt>
    <trkpt lat="42.823974" lon="-2.673096">
      <ele>560.8</ele>
    </trkpt>
    <trkpt lat="42.823476" lon="-2.673523">
      <ele>561.5</ele>
    </trkpt>
    <trkpt lat="42.823394" lon="-2.673619">
      <ele>561.6</ele>
    </trkpt>
    <trkpt lat="42.823372" lon="-2.673737">
      <ele>561.8</ele>
    </trkpt>
    <trkpt lat="42.823284" lon="-2.673819">
      <ele>561.9</ele>
    </trkpt>
    <trkpt lat="42.823168" lon="-2.673783">
      <ele>562.1</ele>
    </trkpt>
    <trkpt lat="42.822876" lon="-2.673874">
      <ele>562.6</ele>
    </trkpt>
    <trkpt lat="42.822124" lon="-2.674751">
      <ele>564.6</ele>
    </trkpt>
    <trkpt lat="42.82157" lon="-2.675516">
      <ele>566.5</ele>
    </trkpt>
    <trkpt lat="42.821219" lon="-2.676075">
      <ele>567.9</ele>
    </trkpt>
    <trkpt lat="42.820676" lon="-2.677046">
      <ele>569.9</ele>
    </trkpt>
    <trkpt lat="42.820343" lon="-2.677555">
      <ele>571.1</ele>
    </trkpt>
    <trkpt lat="42.819967" lon="-2.678038">
      <ele>572.3</ele>
    </trkpt>
    <trkpt lat="42.819771" lon="-2.67825">
      <ele>572.8</ele>
    </trkpt>
    <trkpt lat="42.819195" lon="-2.678798">
      <ele>574.5</ele>
    </trkpt>
    <trkpt lat="42.818495" lon="-2.679284">
      <ele>576.5</ele>
    </trkpt>
    <trkpt lat="42.81825" lon="-2.679422">
      <ele>577.2</ele>
    </trkpt>
    <trkpt lat="42.817745" lon="-2.67964">
      <ele>578.5</ele>
    </trkpt>
    <trkpt lat="42.816963" lon="-2.679939">
      <ele>580.7</ele>
    </trkpt>
    <trkpt lat="42.81652" lon="-2.680109">
      <ele>582.1</ele>
    </trkpt>
    <trkpt lat="42.816135" lon="-2.680255">
      <ele>583.5</ele>
    </trkpt>
    <trkpt lat="42.815184" lon="-2.680606">
      <ele>586.6</ele>
    </trkpt>
    <trkpt lat="42.814526" lon="-2.680775">
      <ele>588.4</ele>
    </trkpt>
    <trkpt lat="42.814441" lon="-2.680795">
      <ele>588.6</ele>
    </trkpt>
    <trkpt lat="42.814298" lon="-2.680819">
      <ele>589</ele>
    </trkpt>
    <trkpt lat="42.814188" lon="-2.680837">
      <ele>589.2</ele>
    </trkpt>
    <trkpt lat="42.813426" lon="-2.680903">
      <ele>590.7</ele>
    </trkpt>
    <trkpt lat="42.812669" lon="-2.680868">
      <ele>592.6</ele>
    </trkpt>
    <trkpt lat="42.811961" lon="-2.680748">
      <ele>594.4</ele>
    </trkpt>
    <trkpt lat="42.811422" lon="-2.680598">
      <ele>596</ele>
    </trkpt>
    <trkpt lat="42.809739" lon="-2.679977">
      <ele>600.5</ele>
    </trkpt>
    <trkpt lat="42.808969" lon="-2.679724">
      <ele>603</ele>
    </trkpt>
    <trkpt lat="42.808267" lon="-2.679539">
      <ele>606.6</ele>
    </trkpt>
    <trkpt lat="42.807659" lon="-2.679423">
      <ele>611.3</ele>
    </trkpt>
    <trkpt lat="42.806966" lon="-2.679358">
      <ele>617.4</ele>
    </trkpt>
    <trkpt lat="42.8065" lon="-2.67936">
      <ele>621</ele>
    </trkpt>
    <trkpt lat="42.805954" lon="-2.679416">
      <ele>624.6</ele>
    </trkpt>
    <trkpt lat="42.805406" lon="-2.679545">
      <ele>627.3</ele>
    </trkpt>
    <trkpt lat="42.804848" lon="-2.679753">
      <ele>629.8</ele>
    </trkpt>
    <trkpt lat="42.804392" lon="-2.679988">
      <ele>632.1</ele>
    </trkpt>
    <trkpt lat="42.803821" lon="-2.68037">
      <ele>635.7</ele>
    </trkpt>
    <trkpt lat="42.803281" lon="-2.680836">
      <ele>639.3</ele>
    </trkpt>
    <trkpt lat="42.802961" lon="-2.68117">
      <ele>641.3</ele>
    </trkpt>
    <trkpt lat="42.802492" lon="-2.681758">
      <ele>643.6</ele>
    </trkpt>
    <trkpt lat="42.802249" lon="-2.682123">
      <ele>644.3</ele>
    </trkpt>
    <trkpt lat="42.80112" lon="-2.684004">
      <ele>646.3</ele>
    </trkpt>
    <trkpt lat="42.800408" lon="-2.684959">
      <ele>649.4</ele>
    </trkpt>
    <trkpt lat="42.799893" lon="-2.685528">
      <ele>652.5</ele>
    </trkpt>
    <trkpt lat="42.799209" lon="-2.686163">
      <ele>657.1</ele>
    </trkpt>
    <trkpt lat="42.798423" lon="-2.686747">
      <ele>662.4</ele>
    </trkpt>
    <trkpt lat="42.797824" lon="-2.687103">
      <ele>665.6</ele>
    </trkpt>
    <trkpt lat="42.796974" lon="-2.68749">
      <ele>668.4</ele>
    </trkpt>
    <trkpt lat="42.796364" lon="-2.687683">
      <ele>669.4</ele>
    </trkpt>
    <trkpt lat="42.79591" lon="-2.687765">
      <ele>669.8</ele>
    </trkpt>
    <trkpt lat="42.795228" lon="-2.687757">
      <ele>669.8</ele>
    </trkpt>
    <trkpt lat="42.794808" lon="-2.687649">
      <ele>669.5</ele>
    </trkpt>
    <trkpt lat="42.794284" lon="-2.68738">
      <ele>668.6</ele>
    </trkpt>
    <trkpt lat="42.793911" lon="-2.687071">
      <ele>667.8</ele>
    </trkpt>
    <trkpt lat="42.793255" lon="-2.686373">
      <ele>668.5</ele>
    </trkpt>
    <trkpt lat="42.792924" lon="-2.686068">
      <ele>669.4</ele>
    </trkpt>
    <trkpt lat="42.792549" lon="-2.685792">
      <ele>670.9</ele>
    </trkpt>
    <trkpt lat="42.791234" lon="-2.685099">
      <ele>677.8</ele>
    </trkpt>
    <trkpt lat="42.791117" lon="-2.685028">
      <ele>678.6</ele>
    </trkpt>
    <trkpt lat="42.790651" lon="-2.684732">
      <ele>682</ele>
    </trkpt>
    <trkpt lat="42.790197" lon="-2.684394">
      <ele>686.3</ele>
    </trkpt>
    <trkpt lat="42.788516" lon="-2.682886">
      <ele>705.5</ele>
    </trkpt>
    <trkpt lat="42.786296" lon="-2.681358">
      <ele>721.6</ele>
    </trkpt>
    <trkpt lat="42.785394" lon="-2.680617">
      <ele>726.9</ele>
    </trkpt>
    <trkpt lat="42.784946" lon="-2.6802">
      <ele>729.6</ele>
    </trkpt>
    <trkpt lat="42.784426" lon="-2.679663">
      <ele>733</ele>
    </trkpt>
    <trkpt lat="42.783828" lon="-2.678981">
      <ele>737.6</ele>
    </trkpt>
    <trkpt lat="42.782678" lon="-2.677558">
      <ele>746.9</ele>
    </trkpt>
    <trkpt lat="42.782494" lon="-2.677361">
      <ele>747.8</ele>
    </trkpt>
    <trkpt lat="42.782319" lon="-2.677182">
      <ele>748.5</ele>
    </trkpt>
    <trkpt lat="42.781713" lon="-2.676684">
      <ele>749.9</ele>
    </trkpt>
    <trkpt lat="42.781247" lon="-2.676404">
      <ele>750.1</ele>
    </trkpt>
    <trkpt lat="42.780801" lon="-2.6762">
      <ele>750.6</ele>
    </trkpt>
    <trkpt lat="42.780265" lon="-2.676039">
      <ele>751.9</ele>
    </trkpt>
    <trkpt lat="42.779809" lon="-2.675968">
      <ele>753.6</ele>
    </trkpt>
    <trkpt lat="42.779205" lon="-2.675961">
      <ele>755.8</ele>
    </trkpt>
    <trkpt lat="42.778847" lon="-2.676012">
      <ele>756.6</ele>
    </trkpt>
    <trkpt lat="42.778678" lon="-2.676036">
      <ele>756.7</ele>
    </trkpt>
    <trkpt lat="42.778236" lon="-2.676161">
      <ele>756.1</ele>
    </trkpt>
    <trkpt lat="42.776056" lon="-2.677077">
      <ele>741</ele>
    </trkpt>
    <trkpt lat="42.775525" lon="-2.67726">
      <ele>736.8</ele>
    </trkpt>
    <trkpt lat="42.775161" lon="-2.67732">
      <ele>733.9</ele>
    </trkpt>
    <trkpt lat="42.774621" lon="-2.677305">
      <ele>729.9</ele>
    </trkpt>
    <trkpt lat="42.774349" lon="-2.677247">
      <ele>728.1</ele>
    </trkpt>
    <trkpt lat="42.773937" lon="-2.677101">
      <ele>725.6</ele>
    </trkpt>
    <trkpt lat="42.773297" lon="-2.676853">
      <ele>722.6</ele>
    </trkpt>
    <trkpt lat="42.772949" lon="-2.676788">
      <ele>721.5</ele>
    </trkpt>
    <trkpt lat="42.772765" lon="-2.676785">
      <ele>720.9</ele>
    </trkpt>
    <trkpt lat="42.772445" lon="-2.676835">
      <ele>719.9</ele>
    </trkpt>
    <trkpt lat="42.772132" lon="-2.676955">
      <ele>718.7</ele>
    </trkpt>
    <trkpt lat="42.771733" lon="-2.677226">
      <ele>717</ele>
    </trkpt>
    <trkpt lat="42.771588" lon="-2.677375">
      <ele>716.3</ele>
    </trkpt>
    <trkpt lat="42.771369" lon="-2.677639">
      <ele>715.2</ele>
    </trkpt>
    <trkpt lat="42.770673" lon="-2.678678">
      <ele>710.5</ele>
    </trkpt>
    <trkpt lat="42.770468" lon="-2.678926">
      <ele>709</ele>
    </trkpt>
    <trkpt lat="42.770139" lon="-2.679222">
      <ele>706.9</ele>
    </trkpt>
    <trkpt lat="42.769976" lon="-2.679334">
      <ele>705.9</ele>
    </trkpt>
    <trkpt lat="42.769602" lon="-2.679521">
      <ele>703.7</ele>
    </trkpt>
    <trkpt lat="42.768692" lon="-2.679868">
      <ele>696.6</ele>
    </trkpt>
    <trkpt lat="42.76811" lon="-2.680168">
      <ele>691.5</ele>
    </trkpt>
    <trkpt lat="42.767981" lon="-2.68021">
      <ele>690.3</ele>
    </trkpt>
    <trkpt lat="42.767523" lon="-2.680267">
      <ele>686.2</ele>
    </trkpt>
    <trkpt lat="42.767185" lon="-2.680213">
      <ele>683.3</ele>
    </trkpt>
    <trkpt lat="42.766988" lon="-2.680151">
      <ele>681.6</ele>
    </trkpt>
    <trkpt lat="42.766784" lon="-2.680069">
      <ele>680</ele>
    </trkpt>
    <trkpt lat="42.766325" lon="-2.67982">
      <ele>675.7</ele>
    </trkpt>
    <trkpt lat="42.765484" lon="-2.679172">
      <ele>667.1</ele>
    </trkpt>
    <trkpt lat="42.765107" lon="-2.679031">
      <ele>664.5</ele>
    </trkpt>
    <trkpt lat="42.764857" lon="-2.67902">
      <ele>663.1</ele>
    </trkpt>
    <trkpt lat="42.764541" lon="-2.679093">
      <ele>661.5</ele>
    </trkpt>
    <trkpt lat="42.763396" lon="-2.679517">
      <ele>658.5</ele>
    </trkpt>
    <trkpt lat="42.76285" lon="-2.679798">
      <ele>656.8</ele>
    </trkpt>
    <trkpt lat="42.762204" lon="-2.680303">
      <ele>655.1</ele>
    </trkpt>
    <trkpt lat="42.76189" lon="-2.680498">
      <ele>654.2</ele>
    </trkpt>
    <trkpt lat="42.761589" lon="-2.680601">
      <ele>653.1</ele>
    </trkpt>
    <trkpt lat="42.760762" lon="-2.680685">
      <ele>648.6</ele>
    </trkpt>
    <trkpt lat="42.760531" lon="-2.680733">
      <ele>647</ele>
    </trkpt>
    <trkpt lat="42.760187" lon="-2.680866">
      <ele>644.3</ele>
    </trkpt>
    <trkpt lat="42.759741" lon="-2.681083">
      <ele>641.1</ele>
    </trkpt>
    <trkpt lat="42.759368" lon="-2.681316">
      <ele>638.7</ele>
    </trkpt>
    <trkpt lat="42.759237" lon="-2.681447">
      <ele>637.9</ele>
    </trkpt>
    <trkpt lat="42.75898" lon="-2.681803">
      <ele>636.2</ele>
    </trkpt>
    <trkpt lat="42.758549" lon="-2.682702">
      <ele>634</ele>
    </trkpt>
    <trkpt lat="42.758322" lon="-2.68305">
      <ele>633.1</ele>
    </trkpt>
    <trkpt lat="42.758115" lon="-2.683267">
      <ele>632.4</ele>
    </trkpt>
    <trkpt lat="42.757898" lon="-2.683422">
      <ele>631.6</ele>
    </trkpt>
    <trkpt lat="42.757685" lon="-2.683526">
      <ele>630.9</ele>
    </trkpt>
    <trkpt lat="42.757462" lon="-2.683592">
      <ele>630.2</ele>
    </trkpt>
    <trkpt lat="42.757233" lon="-2.683612">
      <ele>629.4</ele>
    </trkpt>
    <trkpt lat="42.753092" lon="-2.683479">
      <ele>614.2</ele>
    </trkpt>
    <trkpt lat="42.751259" lon="-2.683493">
      <ele>611.6</ele>
    </trkpt>
    <trkpt lat="42.751066" lon="-2.683495">
      <ele>611.5</ele>
    </trkpt>
    <trkpt lat="42.750836" lon="-2.683498">
      <ele>611.4</ele>
    </trkpt>
    <trkpt lat="42.750539" lon="-2.683503">
      <ele>611.4</ele>
    </trkpt>
    <trkpt lat="42.749472" lon="-2.683506">
      <ele>611</ele>
    </trkpt>
    <trkpt lat="42.748824" lon="-2.683517">
      <ele>610.1</ele>
    </trkpt>
    <trkpt lat="42.748452" lon="-2.683593">
      <ele>609</ele>
    </trkpt>
    <trkpt lat="42.746425" lon="-2.684517">
      <ele>599.8</ele>
    </trkpt>
    <trkpt lat="42.746" lon="-2.684696">
      <ele>597.9</ele>
    </trkpt>
    <trkpt lat="42.745557" lon="-2.684828">
      <ele>596.1</ele>
    </trkpt>
    <trkpt lat="42.744543" lon="-2.685">
      <ele>593.1</ele>
    </trkpt>
    <trkpt lat="42.743451" lon="-2.685168">
      <ele>592.6</ele>
    </trkpt>
    <trkpt lat="42.743223" lon="-2.685204">
      <ele>592.9</ele>
    </trkpt>
    <trkpt lat="42.742946" lon="-2.685246">
      <ele>593.2</ele>
    </trkpt>
    <trkpt lat="42.741246" lon="-2.685506">
      <ele>595.6</ele>
    </trkpt>
    <trkpt lat="42.740561" lon="-2.68561">
      <ele>595.3</ele>
    </trkpt>
    <trkpt lat="42.740536" lon="-2.685613">
      <ele>595.3</ele>
    </trkpt>
    <trkpt lat="42.740023" lon="-2.685648">
      <ele>594.4</ele>
    </trkpt>
    <trkpt lat="42.739761" lon="-2.685664">
      <ele>593.7</ele>
    </trkpt>
    <trkpt lat="42.739065" lon="-2.685695">
      <ele>590.3</ele>
    </trkpt>
    <trkpt lat="42.738596" lon="-2.685694">
      <ele>587.7</ele>
    </trkpt>
    <trkpt lat="42.738233" lon="-2.685702">
      <ele>585.6</ele>
    </trkpt>
    <trkpt lat="42.736429" lon="-2.685749">
      <ele>575.8</ele>
    </trkpt>
    <trkpt lat="42.736005" lon="-2.685786">
      <ele>574.2</ele>
    </trkpt>
    <trkpt lat="42.735776" lon="-2.685837">
      <ele>573.5</ele>
    </trkpt>
    <trkpt lat="42.735473" lon="-2.685951">
      <ele>572.6</ele>
    </trkpt>
    <trkpt lat="42.735182" lon="-2.686127">
      <ele>571.8</ele>
    </trkpt>
    <trkpt lat="42.73503" lon="-2.686242">
      <ele>571.4</ele>
    </trkpt>
    <trkpt lat="42.734029" lon="-2.687208">
      <ele>568.4</ele>
    </trkpt>
    <trkpt lat="42.733078" lon="-2.688019">
      <ele>566.6</ele>
    </trkpt>
    <trkpt lat="42.732167" lon="-2.688804">
      <ele>565.7</ele>
    </trkpt>
    <trkpt lat="42.731881" lon="-2.688986">
      <ele>565.4</ele>
    </trkpt>
    <trkpt lat="42.731375" lon="-2.689186">
      <ele>564.8</ele>
    </trkpt>
    <trkpt lat="42.730764" lon="-2.689321">
      <ele>564</ele>
    </trkpt>
    <trkpt lat="42.729786" lon="-2.68958">
      <ele>562.6</ele>
    </trkpt>
    <trkpt lat="42.728429" lon="-2.690125">
      <ele>561.1</ele>
    </trkpt>
    <trkpt lat="42.727974" lon="-2.690343">
      <ele>560.5</ele>
    </trkpt>
    <trkpt lat="42.727798" lon="-2.690448">
      <ele>560.2</ele>
    </trkpt>
    <trkpt lat="42.727515" lon="-2.690672">
      <ele>559.7</ele>
    </trkpt>
    <trkpt lat="42.726913" lon="-2.691266">
      <ele>558.5</ele>
    </trkpt>
    <trkpt lat="42.724848" lon="-2.693344">
      <ele>554.4</ele>
    </trkpt>
    <trkpt lat="42.723233" lon="-2.694989">
      <ele>550.9</ele>
    </trkpt>
    <trkpt lat="42.723024" lon="-2.69524">
      <ele>550.1</ele>
    </trkpt>
    <trkpt lat="42.722851" lon="-2.695556">
      <ele>549.3</ele>
    </trkpt>
    <trkpt lat="42.722664" lon="-2.695874">
      <ele>548.5</ele>
    </trkpt>
    <trkpt lat="42.722449" lon="-2.696074">
      <ele>547.8</ele>
    </trkpt>
    <trkpt lat="42.722433" lon="-2.696211">
      <ele>547.6</ele>
    </trkpt>
    <trkpt lat="42.722391" lon="-2.696268">
      <ele>547.4</ele>
    </trkpt>
    <trkpt lat="42.7223" lon="-2.696293">
      <ele>547.2</ele>
    </trkpt>
    <trkpt lat="42.72222" lon="-2.696232">
      <ele>547</ele>
    </trkpt>
    <trkpt lat="42.722197" lon="-2.696179">
      <ele>546.9</ele>
    </trkpt>
    <trkpt lat="42.722195" lon="-2.696058">
      <ele>546.7</ele>
    </trkpt>
    <trkpt lat="42.722155" lon="-2.695771">
      <ele>546.4</ele>
    </trkpt>
    <trkpt lat="42.722115" lon="-2.695601">
      <ele>546.2</ele>
    </trkpt>
    <trkpt lat="42.72207" lon="-2.695002">
      <ele>546</ele>
    </trkpt>
    <trkpt lat="42.722025" lon="-2.694765">
      <ele>546</ele>
    </trkpt>
    <trkpt lat="42.721955" lon="-2.694532">
      <ele>546.1</ele>
    </trkpt>
    <trkpt lat="42.721784" lon="-2.694182">
      <ele>546.4</ele>
    </trkpt>
    <trkpt lat="42.72094" lon="-2.692667">
      <ele>548.3</ele>
    </trkpt>
    <trkpt lat="42.72068" lon="-2.692107">
      <ele>549</ele>
    </trkpt>
    <trkpt lat="42.720077" lon="-2.690399">
      <ele>550.3</ele>
    </trkpt>
    <trkpt lat="42.719552" lon="-2.689162">
      <ele>550.9</ele>
    </trkpt>
    <trkpt lat="42.71944" lon="-2.688978">
      <ele>551.1</ele>
    </trkpt>
    <trkpt lat="42.719287" lon="-2.688872">
      <ele>551.2</ele>
    </trkpt>
    <trkpt lat="42.718822" lon="-2.688585">
      <ele>551.6</ele>
    </trkpt>
    <trkpt lat="42.718518" lon="-2.688458">
      <ele>551.9</ele>
    </trkpt>
    <trkpt lat="42.718303" lon="-2.688369">
      <ele>552.1</ele>
    </trkpt>
    <trkpt lat="42.717564" lon="-2.688189">
      <ele>552.8</ele>
    </trkpt>
    <trkpt lat="42.717311" lon="-2.68811">
      <ele>553</ele>
    </trkpt>
    <trkpt lat="42.717063" lon="-2.687973">
      <ele>553.1</ele>
    </trkpt>
    <trkpt lat="42.715245" lon="-2.686543">
      <ele>554.3</ele>
    </trkpt>
    <trkpt lat="42.715066" lon="-2.686371">
      <ele>554.4</ele>
    </trkpt>
    <trkpt lat="42.714995" lon="-2.686242">
      <ele>554.4</ele>
    </trkpt>
    <trkpt lat="42.713728" lon="-2.68151">
      <ele>557</ele>
    </trkpt>
    <trkpt lat="42.713398" lon="-2.68018">
      <ele>558</ele>
    </trkpt>
    <trkpt lat="42.713295" lon="-2.67962">
      <ele>558.3</ele>
    </trkpt>
    <trkpt lat="42.713142" lon="-2.678489">
      <ele>558.6</ele>
    </trkpt>
    <trkpt lat="42.71281" lon="-2.675474">
      <ele>559.8</ele>
    </trkpt>
    <trkpt lat="42.712769" lon="-2.675236">
      <ele>560</ele>
    </trkpt>
    <trkpt lat="42.712695" lon="-2.674909">
      <ele>560.2</ele>
    </trkpt>
    <trkpt lat="42.712577" lon="-2.674643">
      <ele>560.4</ele>
    </trkpt>
    <trkpt lat="42.712394" lon="-2.674396">
      <ele>560.7</ele>
    </trkpt>
    <trkpt lat="42.71209" lon="-2.674089">
      <ele>561.1</ele>
    </trkpt>
    <trkpt lat="42.711387" lon="-2.673474">
      <ele>561.7</ele>
    </trkpt>
    <trkpt lat="42.710649" lon="-2.67303">
      <ele>562.1</ele>
    </trkpt>
    <trkpt lat="42.709858" lon="-2.672644">
      <ele>562.8</ele>
    </trkpt>
    <trkpt lat="42.709531" lon="-2.67253">
      <ele>563.1</ele>
    </trkpt>
    <trkpt lat="42.7089" lon="-2.672308">
      <ele>563.8</ele>
    </trkpt>
    <trkpt lat="42.70789" lon="-2.671786">
      <ele>564.8</ele>
    </trkpt>
    <trkpt lat="42.707122" lon="-2.671338">
      <ele>565.4</ele>
    </trkpt>
    <trkpt lat="42.706839" lon="-2.671195">
      <ele>565.7</ele>
    </trkpt>
    <trkpt lat="42.706529" lon="-2.671166">
      <ele>565.9</ele>
    </trkpt>
    <trkpt lat="42.705072" lon="-2.671381">
      <ele>567.1</ele>
    </trkpt>
    <trkpt lat="42.704125" lon="-2.671515">
      <ele>568.2</ele>
    </trkpt>
    <trkpt lat="42.703987" lon="-2.671534">
      <ele>568.4</ele>
    </trkpt>
    <trkpt lat="42.703705" lon="-2.671531">
      <ele>568.9</ele>
    </trkpt>
    <trkpt lat="42.703352" lon="-2.671445">
      <ele>569.6</ele>
    </trkpt>
    <trkpt lat="42.702869" lon="-2.67131">
      <ele>570.8</ele>
    </trkpt>
    <trkpt lat="42.702718" lon="-2.671272">
      <ele>571.2</ele>
    </trkpt>
    <trkpt lat="42.702314" lon="-2.671142">
      <ele>572.3</ele>
    </trkpt>
    <trkpt lat="42.702072" lon="-2.671006">
      <ele>573.1</ele>
    </trkpt>
    <trkpt lat="42.701968" lon="-2.670914">
      <ele>573.4</ele>
    </trkpt>
    <trkpt lat="42.701734" lon="-2.670632">
      <ele>574.4</ele>
    </trkpt>
    <trkpt lat="42.701061" lon="-2.669601">
      <ele>576.7</ele>
    </trkpt>
    <trkpt lat="42.70075" lon="-2.66919">
      <ele>577.2</ele>
    </trkpt>
    <trkpt lat="42.697231" lon="-2.665511">
      <ele>578.3</ele>
    </trkpt>
    <trkpt lat="42.697064" lon="-2.665294">
      <ele>578.6</ele>
    </trkpt>
    <trkpt lat="42.696994" lon="-2.665166">
      <ele>578.7</ele>
    </trkpt>
    <trkpt lat="42.6969" lon="-2.664876">
      <ele>579.1</ele>
    </trkpt>
    <trkpt lat="42.696854" lon="-2.664547">
      <ele>579.6</ele>
    </trkpt>
    <trkpt lat="42.696852" lon="-2.661723">
      <ele>584.4</ele>
    </trkpt>
    <trkpt lat="42.696851" lon="-2.660257">
      <ele>585</ele>
    </trkpt>
    <trkpt lat="42.696766" lon="-2.658463">
      <ele>584.1</ele>
    </trkpt>
    <trkpt lat="42.696413" lon="-2.653534">
      <ele>587.8</ele>
    </trkpt>
    <trkpt lat="42.696148" lon="-2.649755">
      <ele>594.3</ele>
    </trkpt>
    <trkpt lat="42.695994" lon="-2.647442">
      <ele>596.2</ele>
    </trkpt>
    <trkpt lat="42.695993" lon="-2.64632">
      <ele>595.6</ele>
    </trkpt>
    <trkpt lat="42.695994" lon="-2.646205">
      <ele>595.4</ele>
    </trkpt>
    <trkpt lat="42.696041" lon="-2.645138">
      <ele>594.2</ele>
    </trkpt>
    <trkpt lat="42.696239" lon="-2.643588">
      <ele>592.8</ele>
    </trkpt>
    <trkpt lat="42.696256" lon="-2.643312">
      <ele>592.7</ele>
    </trkpt>
    <trkpt lat="42.69623" lon="-2.642716">
      <ele>592.5</ele>
    </trkpt>
    <trkpt lat="42.696035" lon="-2.641056">
      <ele>592</ele>
    </trkpt>
    <trkpt lat="42.695967" lon="-2.640705">
      <ele>591.9</ele>
    </trkpt>
    <trkpt lat="42.695817" lon="-2.640127">
      <ele>591.7</ele>
    </trkpt>
    <trkpt lat="42.69489" lon="-2.637165">
      <ele>592.1</ele>
    </trkpt>
    <trkpt lat="42.694508" lon="-2.636017">
      <ele>592.7</ele>
    </trkpt>
    <trkpt lat="42.693861" lon="-2.634207">
      <ele>593.6</ele>
    </trkpt>
    <trkpt lat="42.693444" lon="-2.633315">
      <ele>594.2</ele>
    </trkpt>
    <trkpt lat="42.693106" lon="-2.632811">
      <ele>594.8</ele>
    </trkpt>
    <trkpt lat="42.692968" lon="-2.632648">
      <ele>595</ele>
    </trkpt>
    <trkpt lat="42.692861" lon="-2.632523">
      <ele>595.2</ele>
    </trkpt>
    <trkpt lat="42.691287" lon="-2.630663">
      <ele>599.1</ele>
    </trkpt>
    <trkpt lat="42.690272" lon="-2.629444">
      <ele>603.9</ele>
    </trkpt>
    <trkpt lat="42.689917" lon="-2.628919">
      <ele>605.6</ele>
    </trkpt>
    <trkpt lat="42.689696" lon="-2.628593">
      <ele>606.5</ele>
    </trkpt>
    <trkpt lat="42.68743" lon="-2.625026">
      <ele>613.2</ele>
    </trkpt>
    <trkpt lat="42.686714" lon="-2.623954">
      <ele>618.1</ele>
    </trkpt>
    <trkpt lat="42.686234" lon="-2.623145">
      <ele>622.8</ele>
    </trkpt>
    <trkpt lat="42.685868" lon="-2.622448">
      <ele>626.9</ele>
    </trkpt>
    <trkpt lat="42.685451" lon="-2.621392">
      <ele>632.5</ele>
    </trkpt>
    <trkpt lat="42.68522" lon="-2.620599">
      <ele>636</ele>
    </trkpt>
    <trkpt lat="42.68512" lon="-2.620163">
      <ele>637.9</ele>
    </trkpt>
    <trkpt lat="42.684441" lon="-2.616314">
      <ele>655.5</ele>
    </trkpt>
    <trkpt lat="42.684231" lon="-2.615095">
      <ele>659.8</ele>
    </trkpt>
    <trkpt lat="42.683836" lon="-2.6128">
      <ele>667.1</ele>
    </trkpt>
    <trkpt lat="42.683715" lon="-2.612212">
      <ele>669.7</ele>
    </trkpt>
    <trkpt lat="42.683595" lon="-2.61184">
      <ele>671.6</ele>
    </trkpt>
    <trkpt lat="42.683417" lon="-2.611563">
      <ele>673.6</ele>
    </trkpt>
    <trkpt lat="42.683175" lon="-2.611324">
      <ele>675.9</ele>
    </trkpt>
    <trkpt lat="42.68297" lon="-2.611222">
      <ele>677.7</ele>
    </trkpt>
    <trkpt lat="42.682713" lon="-2.611163">
      <ele>680</ele>
    </trkpt>
    <trkpt lat="42.68248" lon="-2.611191">
      <ele>682</ele>
    </trkpt>
    <trkpt lat="42.682224" lon="-2.611314">
      <ele>684.3</ele>
    </trkpt>
    <trkpt lat="42.682023" lon="-2.611508">
      <ele>686.3</ele>
    </trkpt>
    <trkpt lat="42.681936" lon="-2.611635">
      <ele>687.2</ele>
    </trkpt>
    <trkpt lat="42.681794" lon="-2.611843">
      <ele>688.7</ele>
    </trkpt>
    <trkpt lat="42.681264" lon="-2.613193">
      <ele>695.4</ele>
    </trkpt>
    <trkpt lat="42.681159" lon="-2.613364">
      <ele>696.3</ele>
    </trkpt>
    <trkpt lat="42.680948" lon="-2.613603">
      <ele>697.8</ele>
    </trkpt>
    <trkpt lat="42.680744" lon="-2.61375">
      <ele>699.1</ele>
    </trkpt>
    <trkpt lat="42.680493" lon="-2.613832">
      <ele>700.6</ele>
    </trkpt>
    <trkpt lat="42.680222" lon="-2.613835">
      <ele>702.2</ele>
    </trkpt>
    <trkpt lat="42.678034" lon="-2.613448">
      <ele>715.5</ele>
    </trkpt>
    <trkpt lat="42.67645" lon="-2.613135">
      <ele>726.8</ele>
    </trkpt>
    <trkpt lat="42.675885" lon="-2.61295">
      <ele>730.6</ele>
    </trkpt>
    <trkpt lat="42.675043" lon="-2.612615">
      <ele>734.9</ele>
    </trkpt>
    <trkpt lat="42.673925" lon="-2.612127">
      <ele>736.8</ele>
    </trkpt>
    <trkpt lat="42.673652" lon="-2.611987">
      <ele>736.3</ele>
    </trkpt>
    <trkpt lat="42.673473" lon="-2.611833">
      <ele>735.8</ele>
    </trkpt>
    <trkpt lat="42.673227" lon="-2.61155">
      <ele>734.9</ele>
    </trkpt>
    <trkpt lat="42.672779" lon="-2.610914">
      <ele>733</ele>
    </trkpt>
    <trkpt lat="42.672524" lon="-2.610552">
      <ele>732.3</ele>
    </trkpt>
    <trkpt lat="42.672345" lon="-2.61021">
      <ele>732</ele>
    </trkpt>
    <trkpt lat="42.672232" lon="-2.609893">
      <ele>732</ele>
    </trkpt>
    <trkpt lat="42.672006" lon="-2.608284">
      <ele>735.4</ele>
    </trkpt>
    <trkpt lat="42.671934" lon="-2.607952">
      <ele>736.6</ele>
    </trkpt>
    <trkpt lat="42.671578" lon="-2.60696">
      <ele>740.3</ele>
    </trkpt>
    <trkpt lat="42.671112" lon="-2.605663">
      <ele>744.9</ele>
    </trkpt>
    <trkpt lat="42.670909" lon="-2.604389">
      <ele>749.1</ele>
    </trkpt>
    <trkpt lat="42.669886" lon="-2.601089">
      <ele>765.2</ele>
    </trkpt>
    <trkpt lat="42.669778" lon="-2.600672">
      <ele>767</ele>
    </trkpt>
    <trkpt lat="42.669731" lon="-2.600399">
      <ele>768</ele>
    </trkpt>
    <trkpt lat="42.669648" lon="-2.599408">
      <ele>770.7</ele>
    </trkpt>
    <trkpt lat="42.669635" lon="-2.598796">
      <ele>771.7</ele>
    </trkpt>
    <trkpt lat="42.66971" lon="-2.598403">
      <ele>772.2</ele>
    </trkpt>
    <trkpt lat="42.670484" lon="-2.596128">
      <ele>772.2</ele>
    </trkpt>
    <trkpt lat="42.670567" lon="-2.595821">
      <ele>771.9</ele>
    </trkpt>
    <trkpt lat="42.67061" lon="-2.595349">
      <ele>771.4</ele>
    </trkpt>
    <trkpt lat="42.670611" lon="-2.594927">
      <ele>770.7</ele>
    </trkpt>
    <trkpt lat="42.670601" lon="-2.592518">
      <ele>766.4</ele>
    </trkpt>
    <trkpt lat="42.670587" lon="-2.590481">
      <ele>768.8</ele>
    </trkpt>
    <trkpt lat="42.670467" lon="-2.588315">
      <ele>772.6</ele>
    </trkpt>
    <trkpt lat="42.670156" lon="-2.583988">
      <ele>778</ele>
    </trkpt>
    <trkpt lat="42.670034" lon="-2.582374">
      <ele>781</ele>
    </trkpt>
    <trkpt lat="42.669952" lon="-2.581974">
      <ele>781.5</ele>
    </trkpt>
    <trkpt lat="42.669729" lon="-2.581334">
      <ele>781.6</ele>
    </trkpt>
    <trkpt lat="42.669474" lon="-2.580539">
      <ele>780.4</ele>
    </trkpt>
    <trkpt lat="42.669306" lon="-2.580252">
      <ele>779.5</ele>
    </trkpt>
    <trkpt lat="42.669103" lon="-2.580013">
      <ele>778.3</ele>
    </trkpt>
    <trkpt lat="42.668459" lon="-2.579364">
      <ele>773.9</ele>
    </trkpt>
    <trkpt lat="42.668264" lon="-2.579217">
      <ele>772.5</ele>
    </trkpt>
    <trkpt lat="42.667975" lon="-2.579098">
      <ele>770.4</ele>
    </trkpt>
    <trkpt lat="42.667726" lon="-2.57905">
      <ele>768.6</ele>
    </trkpt>
    <trkpt lat="42.66748" lon="-2.579067">
      <ele>766.7</ele>
    </trkpt>
    <trkpt lat="42.667216" lon="-2.579118">
      <ele>764.4</ele>
    </trkpt>
    <trkpt lat="42.666573" lon="-2.579374">
      <ele>758.6</ele>
    </trkpt>
    <trkpt lat="42.666354" lon="-2.579429">
      <ele>756.7</ele>
    </trkpt>
    <trkpt lat="42.665671" lon="-2.57948">
      <ele>751.2</ele>
    </trkpt>
    <trkpt lat="42.665455" lon="-2.579415">
      <ele>749.6</ele>
    </trkpt>
    <trkpt lat="42.665138" lon="-2.579207">
      <ele>747.2</ele>
    </trkpt>
    <trkpt lat="42.664943" lon="-2.57894">
      <ele>745.5</ele>
    </trkpt>
    <trkpt lat="42.664485" lon="-2.577991">
      <ele>741.2</ele>
    </trkpt>
    <trkpt lat="42.664099" lon="-2.577004">
      <ele>737.7</ele>
    </trkpt>
    <trkpt lat="42.664076" lon="-2.57674">
      <ele>737</ele>
    </trkpt>
    <trkpt lat="42.664204" lon="-2.576009">
      <ele>735.5</ele>
    </trkpt>
    <trkpt lat="42.664199" lon="-2.575668">
      <ele>735.1</ele>
    </trkpt>
    <trkpt lat="42.664126" lon="-2.575292">
      <ele>734.7</ele>
    </trkpt>
    <trkpt lat="42.66397" lon="-2.574797">
      <ele>734.7</ele>
    </trkpt>
    <trkpt lat="42.663739" lon="-2.574465">
      <ele>735.4</ele>
    </trkpt>
    <trkpt lat="42.663186" lon="-2.574034">
      <ele>738.7</ele>
    </trkpt>
    <trkpt lat="42.663005" lon="-2.573834">
      <ele>740.4</ele>
    </trkpt>
    <trkpt lat="42.662931" lon="-2.573687">
      <ele>741.4</ele>
    </trkpt>
    <trkpt lat="42.662841" lon="-2.573431">
      <ele>743.2</ele>
    </trkpt>
    <trkpt lat="42.662635" lon="-2.572399">
      <ele>750.8</ele>
    </trkpt>
    <trkpt lat="42.662551" lon="-2.572139">
      <ele>752.7</ele>
    </trkpt>
    <trkpt lat="42.662445" lon="-2.571956">
      <ele>754.3</ele>
    </trkpt>
    <trkpt lat="42.662169" lon="-2.571581">
      <ele>757.6</ele>
    </trkpt>
    <trkpt lat="42.66195" lon="-2.571175">
      <ele>760.6</ele>
    </trkpt>
    <trkpt lat="42.661817" lon="-2.570835">
      <ele>762.6</ele>
    </trkpt>
    <trkpt lat="42.661795" lon="-2.570611">
      <ele>763.8</ele>
    </trkpt>
    <trkpt lat="42.66183" lon="-2.570093">
      <ele>766.5</ele>
    </trkpt>
    <trkpt lat="42.661791" lon="-2.569185">
      <ele>771.3</ele>
    </trkpt>
    <trkpt lat="42.661698" lon="-2.56877">
      <ele>773.6</ele>
    </trkpt>
    <trkpt lat="42.661609" lon="-2.568612">
      <ele>774.6</ele>
    </trkpt>
    <trkpt lat="42.661496" lon="-2.568507">
      <ele>775.6</ele>
    </trkpt>
    <trkpt lat="42.661368" lon="-2.568446">
      <ele>776.5</ele>
    </trkpt>
    <trkpt lat="42.661197" lon="-2.568446">
      <ele>777.5</ele>
    </trkpt>
    <trkpt lat="42.661086" lon="-2.568497">
      <ele>778.2</ele>
    </trkpt>
    <trkpt lat="42.660963" lon="-2.568599">
      <ele>778.9</ele>
    </trkpt>
    <trkpt lat="42.660883" lon="-2.568773">
      <ele>779.7</ele>
    </trkpt>
    <trkpt lat="42.660838" lon="-2.569035">
      <ele>780.5</ele>
    </trkpt>
    <trkpt lat="42.660853" lon="-2.569358">
      <ele>781.3</ele>
    </trkpt>
    <trkpt lat="42.660991" lon="-2.569805">
      <ele>782.3</ele>
    </trkpt>
    <trkpt lat="42.661169" lon="-2.57027">
      <ele>783</ele>
    </trkpt>
    <trkpt lat="42.661232" lon="-2.570553">
      <ele>783.4</ele>
    </trkpt>
    <trkpt lat="42.661229" lon="-2.570864">
      <ele>784</ele>
    </trkpt>
    <trkpt lat="42.661147" lon="-2.571131">
      <ele>784.7</ele>
    </trkpt>
    <trkpt lat="42.661034" lon="-2.571271">
      <ele>785.2</ele>
    </trkpt>
    <trkpt lat="42.66086" lon="-2.571336">
      <ele>786</ele>
    </trkpt>
    <trkpt lat="42.660722" lon="-2.571329">
      <ele>786.6</ele>
    </trkpt>
    <trkpt lat="42.660609" lon="-2.571278">
      <ele>787.2</ele>
    </trkpt>
    <trkpt lat="42.660453" lon="-2.571052">
      <ele>788.5</ele>
    </trkpt>
    <trkpt lat="42.66034" lon="-2.57068">
      <ele>790.1</ele>
    </trkpt>
    <trkpt lat="42.659858" lon="-2.568606">
      <ele>798.6</ele>
    </trkpt>
    <trkpt lat="42.659692" lon="-2.568059">
      <ele>800.7</ele>
    </trkpt>
    <trkpt lat="42.659544" lon="-2.567735">
      <ele>801.9</ele>
    </trkpt>
    <trkpt lat="42.659385" lon="-2.567496">
      <ele>802.8</ele>
    </trkpt>
    <trkpt lat="42.659175" lon="-2.567327">
      <ele>803.7</ele>
    </trkpt>
    <trkpt lat="42.658994" lon="-2.567212">
      <ele>804.4</ele>
    </trkpt>
    <trkpt lat="42.658777" lon="-2.567161">
      <ele>805</ele>
    </trkpt>
    <trkpt lat="42.658587" lon="-2.567151">
      <ele>805.3</ele>
    </trkpt>
    <trkpt lat="42.658398" lon="-2.567175">
      <ele>805.4</ele>
    </trkpt>
    <trkpt lat="42.658164" lon="-2.56726">
      <ele>805.3</ele>
    </trkpt>
    <trkpt lat="42.65784" lon="-2.567462">
      <ele>804.7</ele>
    </trkpt>
    <trkpt lat="42.657305" lon="-2.567851">
      <ele>803</ele>
    </trkpt>
    <trkpt lat="42.656951" lon="-2.568046">
      <ele>801.3</ele>
    </trkpt>
    <trkpt lat="42.656699" lon="-2.568097">
      <ele>799.9</ele>
    </trkpt>
    <trkpt lat="42.656404" lon="-2.568092">
      <ele>798.3</ele>
    </trkpt>
    <trkpt lat="42.656236" lon="-2.568057">
      <ele>797.4</ele>
    </trkpt>
    <trkpt lat="42.656146" lon="-2.568039">
      <ele>797</ele>
    </trkpt>
    <trkpt lat="42.655752" lon="-2.567957">
      <ele>795.2</ele>
    </trkpt>
    <trkpt lat="42.655232" lon="-2.567759">
      <ele>793</ele>
    </trkpt>
    <trkpt lat="42.654709" lon="-2.567496">
      <ele>791.1</ele>
    </trkpt>
    <trkpt lat="42.65439" lon="-2.567279">
      <ele>790.2</ele>
    </trkpt>
    <trkpt lat="42.654116" lon="-2.566952">
      <ele>789.5</ele>
    </trkpt>
    <trkpt lat="42.6537" lon="-2.566291">
      <ele>788.6</ele>
    </trkpt>
    <trkpt lat="42.6536" lon="-2.566091">
      <ele>788.4</ele>
    </trkpt>
    <trkpt lat="42.653426" lon="-2.565621">
      <ele>788.2</ele>
    </trkpt>
    <trkpt lat="42.653265" lon="-2.565122">
      <ele>787.9</ele>
    </trkpt>
    <trkpt lat="42.653083" lon="-2.564661">
      <ele>787.5</ele>
    </trkpt>
    <trkpt lat="42.652381" lon="-2.563682">
      <ele>785.7</ele>
    </trkpt>
    <trkpt lat="42.652185" lon="-2.563233">
      <ele>784.5</ele>
    </trkpt>
    <trkpt lat="42.652055" lon="-2.562762">
      <ele>783.2</ele>
    </trkpt>
    <trkpt lat="42.651851" lon="-2.561784">
      <ele>780.3</ele>
    </trkpt>
    <trkpt lat="42.65166" lon="-2.561244">
      <ele>778.4</ele>
    </trkpt>
    <trkpt lat="42.651271" lon="-2.560314">
      <ele>774.8</ele>
    </trkpt>
    <trkpt lat="42.650981" lon="-2.559384">
      <ele>771.5</ele>
    </trkpt>
    <trkpt lat="42.650902" lon="-2.559003">
      <ele>770.4</ele>
    </trkpt>
    <trkpt lat="42.650802" lon="-2.557914">
      <ele>767.9</ele>
    </trkpt>
    <trkpt lat="42.650718" lon="-2.557459">
      <ele>767.3</ele>
    </trkpt>
    <trkpt lat="42.650553" lon="-2.557034">
      <ele>767.1</ele>
    </trkpt>
    <trkpt lat="42.650081" lon="-2.556324">
      <ele>768.6</ele>
    </trkpt>
    <trkpt lat="42.649963" lon="-2.556077">
      <ele>769.6</ele>
    </trkpt>
    <trkpt lat="42.649803" lon="-2.555635">
      <ele>771.8</ele>
    </trkpt>
    <trkpt lat="42.649569" lon="-2.554933">
      <ele>775.5</ele>
    </trkpt>
    <trkpt lat="42.649461" lon="-2.554521">
      <ele>777.7</ele>
    </trkpt>
    <trkpt lat="42.649395" lon="-2.553942">
      <ele>780.2</ele>
    </trkpt>
    <trkpt lat="42.649369" lon="-2.552039">
      <ele>785.1</ele>
    </trkpt>
    <trkpt lat="42.649329" lon="-2.547496">
      <ele>794.6</ele>
    </trkpt>
    <trkpt lat="42.649387" lon="-2.546445">
      <ele>793.8</ele>
    </trkpt>
    <trkpt lat="42.649698" lon="-2.542327">
      <ele>775.8</ele>
    </trkpt>
    <trkpt lat="42.649783" lon="-2.540782">
      <ele>767.2</ele>
    </trkpt>
    <trkpt lat="42.649844" lon="-2.538819">
      <ele>754.9</ele>
    </trkpt>
    <trkpt lat="42.649771" lon="-2.536806">
      <ele>744.1</ele>
    </trkpt>
    <trkpt lat="42.649743" lon="-2.534107">
      <ele>737.2</ele>
    </trkpt>
    <trkpt lat="42.649709" lon="-2.531941">
      <ele>730.2</ele>
    </trkpt>
    <trkpt lat="42.649705" lon="-2.531805">
      <ele>729.8</ele>
    </trkpt>
    <trkpt lat="42.649697" lon="-2.531637">
      <ele>729.3</ele>
    </trkpt>
    <trkpt lat="42.649675" lon="-2.531502">
      <ele>729</ele>
    </trkpt>
    <trkpt lat="42.649599" lon="-2.531316">
      <ele>728.6</ele>
    </trkpt>
    <trkpt lat="42.649392" lon="-2.531022">
      <ele>728.1</ele>
    </trkpt>
    <trkpt lat="42.649232" lon="-2.530831">
      <ele>727.9</ele>
    </trkpt>
    <trkpt lat="42.649036" lon="-2.530723">
      <ele>727.7</ele>
    </trkpt>
    <trkpt lat="42.648761" lon="-2.530769">
      <ele>727.6</ele>
    </trkpt>
    <trkpt lat="42.64834" lon="-2.530939">
      <ele>727.7</ele>
    </trkpt>
    <trkpt lat="42.648094" lon="-2.530914">
      <ele>727.7</ele>
    </trkpt>
    <trkpt lat="42.64682" lon="-2.530334">
      <ele>724.1</ele>
    </trkpt>
    <trkpt lat="42.646454" lon="-2.53012">
      <ele>722.8</ele>
    </trkpt>
    <trkpt lat="42.646277" lon="-2.529923">
      <ele>722.3</ele>
    </trkpt>
    <trkpt lat="42.646208" lon="-2.529791">
      <ele>722.1</ele>
    </trkpt>
    <trkpt lat="42.646153" lon="-2.529634">
      <ele>721.8</ele>
    </trkpt>
    <trkpt lat="42.646011" lon="-2.528968">
      <ele>721</ele>
    </trkpt>
    <trkpt lat="42.645907" lon="-2.528724">
      <ele>720.8</ele>
    </trkpt>
    <trkpt lat="42.64579" lon="-2.528512">
      <ele>720.7</ele>
    </trkpt>
    <trkpt lat="42.645002" lon="-2.527484">
      <ele>719.3</ele>
    </trkpt>
    <trkpt lat="42.644812" lon="-2.527289">
      <ele>718.7</ele>
    </trkpt>
    <trkpt lat="42.644305" lon="-2.526978">
      <ele>717.4</ele>
    </trkpt>
    <trkpt lat="42.64413" lon="-2.526835">
      <ele>716.8</ele>
    </trkpt>
    <trkpt lat="42.643742" lon="-2.526257">
      <ele>715.7</ele>
    </trkpt>
    <trkpt lat="42.643534" lon="-2.52602">
      <ele>715.5</ele>
    </trkpt>
    <trkpt lat="42.643344" lon="-2.525896">
      <ele>715.5</ele>
    </trkpt>
    <trkpt lat="42.642584" lon="-2.525679">
      <ele>716.7</ele>
    </trkpt>
    <trkpt lat="42.642378" lon="-2.525563">
      <ele>717.1</ele>
    </trkpt>
    <trkpt lat="42.642303" lon="-2.525479">
      <ele>717.4</ele>
    </trkpt>
    <trkpt lat="42.642117" lon="-2.525146">
      <ele>718.1</ele>
    </trkpt>
    <trkpt lat="42.640746" lon="-2.521975">
      <ele>716.7</ele>
    </trkpt>
    <trkpt lat="42.640502" lon="-2.521533">
      <ele>715.1</ele>
    </trkpt>
    <trkpt lat="42.640375" lon="-2.521354">
      <ele>714.3</ele>
    </trkpt>
    <trkpt lat="42.640053" lon="-2.521012">
      <ele>712</ele>
    </trkpt>
    <trkpt lat="42.639565" lon="-2.520687">
      <ele>708.3</ele>
    </trkpt>
    <trkpt lat="42.638749" lon="-2.520339">
      <ele>702.6</ele>
    </trkpt>
    <trkpt lat="42.638419" lon="-2.520128">
      <ele>700.2</ele>
    </trkpt>
    <trkpt lat="42.638146" lon="-2.519891">
      <ele>698.1</ele>
    </trkpt>
    <trkpt lat="42.63806" lon="-2.519799">
      <ele>697.3</ele>
    </trkpt>
    <trkpt lat="42.636721" lon="-2.518273">
      <ele>686.8</ele>
    </trkpt>
    <trkpt lat="42.636063" lon="-2.51752">
      <ele>683.8</ele>
    </trkpt>
    <trkpt lat="42.634185" lon="-2.515364">
      <ele>681.4</ele>
    </trkpt>
    <trkpt lat="42.631394" lon="-2.512173">
      <ele>676.3</ele>
    </trkpt>
    <trkpt lat="42.6301" lon="-2.510684">
      <ele>674.6</ele>
    </trkpt>
    <trkpt lat="42.628059" lon="-2.508302">
      <ele>674.7</ele>
    </trkpt>
    <trkpt lat="42.627937" lon="-2.508159">
      <ele>675</ele>
    </trkpt>
    <trkpt lat="42.627755" lon="-2.507886">
      <ele>675.7</ele>
    </trkpt>
    <trkpt lat="42.627585" lon="-2.507518">
      <ele>676.7</ele>
    </trkpt>
    <trkpt lat="42.627555" lon="-2.50741">
      <ele>677</ele>
    </trkpt>
    <trkpt lat="42.627457" lon="-2.506948">
      <ele>678.3</ele>
    </trkpt>
    <trkpt lat="42.627423" lon="-2.506578">
      <ele>679.4</ele>
    </trkpt>
    <trkpt lat="42.627411" lon="-2.505813">
      <ele>681.3</ele>
    </trkpt>
    <trkpt lat="42.627322" lon="-2.504101">
      <ele>685.5</ele>
    </trkpt>
    <trkpt lat="42.627313" lon="-2.503442">
      <ele>687.5</ele>
    </trkpt>
    <trkpt lat="42.627339" lon="-2.502252">
      <ele>691.1</ele>
    </trkpt>
    <trkpt lat="42.627394" lon="-2.500718">
      <ele>695.2</ele>
    </trkpt>
    <trkpt lat="42.627549" lon="-2.499325">
      <ele>699.2</ele>
    </trkpt>
    <trkpt lat="42.627571" lon="-2.499125">
      <ele>699.7</ele>
    </trkpt>
    <trkpt lat="42.627594" lon="-2.49868">
      <ele>701</ele>
    </trkpt>
    <trkpt lat="42.627535" lon="-2.498024">
      <ele>703.3</ele>
    </trkpt>
    <trkpt lat="42.627522" lon="-2.497921">
      <ele>703.7</ele>
    </trkpt>
    <trkpt lat="42.627499" lon="-2.497736">
      <ele>704.5</ele>
    </trkpt>
    <trkpt lat="42.627473" lon="-2.497365">
      <ele>705.9</ele>
    </trkpt>
    <trkpt lat="42.62715" lon="-2.497194">
      <ele>707.7</ele>
    </trkpt>
    <trkpt lat="42.626934" lon="-2.497019">
      <ele>709.1</ele>
    </trkpt>
    <trkpt lat="42.627043" lon="-2.496849">
      <ele>710</ele>
    </trkpt>
    <trkpt lat="42.627277" lon="-2.4962">
      <ele>712.9</ele>
    </trkpt>
    <trkpt lat="42.627329" lon="-2.495687">
      <ele>713.5</ele>
    </trkpt>
    <trkpt lat="42.6273" lon="-2.495347">
      <ele>713.4</ele>
    </trkpt>
    <trkpt lat="42.627328" lon="-2.494919">
      <ele>713.5</ele>
    </trkpt>
    <trkpt lat="42.62745" lon="-2.494646">
      <ele>713.9</ele>
    </trkpt>
    <trkpt lat="42.627634" lon="-2.494417">
      <ele>714.6</ele>
    </trkpt>
    <trkpt lat="42.627715" lon="-2.494201">
      <ele>715.2</ele>
    </trkpt>
    <trkpt lat="42.62745" lon="-2.494451">
      <ele>716.7</ele>
    </trkpt>
    <trkpt lat="42.627349" lon="-2.49448">
      <ele>717.3</ele>
    </trkpt>
    <trkpt lat="42.627244" lon="-2.494472">
      <ele>718</ele>
    </trkpt>
    <trkpt lat="42.62708" lon="-2.494363">
      <ele>719.4</ele>
    </trkpt>
    <trkpt lat="42.626782" lon="-2.493942">
      <ele>723.9</ele>
    </trkpt>
    <trkpt lat="42.626635" lon="-2.493807">
      <ele>726</ele>
    </trkpt>
    <trkpt lat="42.626164" lon="-2.493504">
      <ele>731.2</ele>
    </trkpt>
    <trkpt lat="42.626048" lon="-2.493492">
      <ele>732.2</ele>
    </trkpt>
    <trkpt lat="42.625961" lon="-2.493548">
      <ele>732.9</ele>
    </trkpt>
    <trkpt lat="42.625881" lon="-2.493727">
      <ele>734</ele>
    </trkpt>
    <trkpt lat="42.625875" lon="-2.49383">
      <ele>734.4</ele>
    </trkpt>
    <trkpt lat="42.625906" lon="-2.493962">
      <ele>735</ele>
    </trkpt>
    <trkpt lat="42.626147" lon="-2.494619">
      <ele>737</ele>
    </trkpt>
    <trkpt lat="42.626532" lon="-2.495206">
      <ele>738.5</ele>
    </trkpt>
    <trkpt lat="42.626566" lon="-2.495308">
      <ele>738.8</ele>
    </trkpt>
    <trkpt lat="42.626573" lon="-2.495416">
      <ele>739</ele>
    </trkpt>
    <trkpt lat="42.626544" lon="-2.495541">
      <ele>739.4</ele>
    </trkpt>
    <trkpt lat="42.626488" lon="-2.495644">
      <ele>739.8</ele>
    </trkpt>
    <trkpt lat="42.626325" lon="-2.495837">
      <ele>740.8</ele>
    </trkpt>
    <trkpt lat="42.626144" lon="-2.495992">
      <ele>742</ele>
    </trkpt>
    <trkpt lat="42.626032" lon="-2.495995">
      <ele>742.7</ele>
    </trkpt>
    <trkpt lat="42.62583" lon="-2.495808">
      <ele>744.6</ele>
    </trkpt>
    <trkpt lat="42.625702" lon="-2.495574">
      <ele>746.4</ele>
    </trkpt>
    <trkpt lat="42.625442" lon="-2.49489">
      <ele>751.6</ele>
    </trkpt>
    <trkpt lat="42.625302" lon="-2.494692">
      <ele>753.5</ele>
    </trkpt>
    <trkpt lat="42.624946" lon="-2.494313">
      <ele>757.4</ele>
    </trkpt>
    <trkpt lat="42.624741" lon="-2.493975">
      <ele>760</ele>
    </trkpt>
    <trkpt lat="42.624411" lon="-2.493109">
      <ele>765.2</ele>
    </trkpt>
    <trkpt lat="42.624385" lon="-2.492736">
      <ele>767</ele>
    </trkpt>
    <trkpt lat="42.624336" lon="-2.492539">
      <ele>767.9</ele>
    </trkpt>
    <trkpt lat="42.624129" lon="-2.492181">
      <ele>769.8</ele>
    </trkpt>
    <trkpt lat="42.624122" lon="-2.492115">
      <ele>770</ele>
    </trkpt>
    <trkpt lat="42.624153" lon="-2.491983">
      <ele>770.6</ele>
    </trkpt>
    <trkpt lat="42.624467" lon="-2.491683">
      <ele>772.8</ele>
    </trkpt>
    <trkpt lat="42.624522" lon="-2.491601">
      <ele>773.2</ele>
    </trkpt>
    <trkpt lat="42.62457" lon="-2.491404">
      <ele>774</ele>
    </trkpt>
    <trkpt lat="42.624565" lon="-2.491275">
      <ele>774.5</ele>
    </trkpt>
    <trkpt lat="42.624515" lon="-2.491059">
      <ele>775.5</ele>
    </trkpt>
    <trkpt lat="42.624405" lon="-2.490642">
      <ele>777.9</ele>
    </trkpt>
    <trkpt lat="42.624327" lon="-2.490433">
      <ele>779.4</ele>
    </trkpt>
    <trkpt lat="42.624064" lon="-2.490048">
      <ele>783.2</ele>
    </trkpt>
    <trkpt lat="42.623703" lon="-2.489635">
      <ele>788.8</ele>
    </trkpt>
    <trkpt lat="42.623545" lon="-2.489564">
      <ele>790.6</ele>
    </trkpt>
    <trkpt lat="42.623009" lon="-2.489454">
      <ele>795.6</ele>
    </trkpt>
    <trkpt lat="42.622878" lon="-2.489334">
      <ele>796.7</ele>
    </trkpt>
    <trkpt lat="42.62283" lon="-2.489231">
      <ele>797.3</ele>
    </trkpt>
    <trkpt lat="42.622797" lon="-2.489099">
      <ele>798</ele>
    </trkpt>
    <trkpt lat="42.622802" lon="-2.488969">
      <ele>798.6</ele>
    </trkpt>
    <trkpt lat="42.622844" lon="-2.488823">
      <ele>799.3</ele>
    </trkpt>
    <trkpt lat="42.622906" lon="-2.488734">
      <ele>799.7</ele>
    </trkpt>
    <trkpt lat="42.623302" lon="-2.488469">
      <ele>801.8</ele>
    </trkpt>
    <trkpt lat="42.62338" lon="-2.488326">
      <ele>802.3</ele>
    </trkpt>
    <trkpt lat="42.623384" lon="-2.488173">
      <ele>802.7</ele>
    </trkpt>
    <trkpt lat="42.623328" lon="-2.487993">
      <ele>803.3</ele>
    </trkpt>
    <trkpt lat="42.622789" lon="-2.487006">
      <ele>809.9</ele>
    </trkpt>
    <trkpt lat="42.622227" lon="-2.486271">
      <ele>818.6</ele>
    </trkpt>
    <trkpt lat="42.622103" lon="-2.486168">
      <ele>820.3</ele>
    </trkpt>
    <trkpt lat="42.62154" lon="-2.485946">
      <ele>826.4</ele>
    </trkpt>
    <trkpt lat="42.621409" lon="-2.485824">
      <ele>827.9</ele>
    </trkpt>
    <trkpt lat="42.621321" lon="-2.485651">
      <ele>829.3</ele>
    </trkpt>
    <trkpt lat="42.621328" lon="-2.485345">
      <ele>831.2</ele>
    </trkpt>
    <trkpt lat="42.621296" lon="-2.485234">
      <ele>831.9</ele>
    </trkpt>
    <trkpt lat="42.620906" lon="-2.484704">
      <ele>835.8</ele>
    </trkpt>
    <trkpt lat="42.620691" lon="-2.484287">
      <ele>838.1</ele>
    </trkpt>
    <trkpt lat="42.620332" lon="-2.483961">
      <ele>841</ele>
    </trkpt>
    <trkpt lat="42.620034" lon="-2.483534">
      <ele>844.3</ele>
    </trkpt>
    <trkpt lat="42.61991" lon="-2.483432">
      <ele>845.5</ele>
    </trkpt>
    <trkpt lat="42.619615" lon="-2.483421">
      <ele>848</ele>
    </trkpt>
    <trkpt lat="42.619541" lon="-2.483402">
      <ele>848.7</ele>
    </trkpt>
    <trkpt lat="42.619412" lon="-2.483311">
      <ele>850</ele>
    </trkpt>
    <trkpt lat="42.619259" lon="-2.483132">
      <ele>851.9</ele>
    </trkpt>
    <trkpt lat="42.618998" lon="-2.482636">
      <ele>856.1</ele>
    </trkpt>
    <trkpt lat="42.618873" lon="-2.482458">
      <ele>857.8</ele>
    </trkpt>
    <trkpt lat="42.618728" lon="-2.482334">
      <ele>859.3</ele>
    </trkpt>
    <trkpt lat="42.618403" lon="-2.482233">
      <ele>862.1</ele>
    </trkpt>
    <trkpt lat="42.618274" lon="-2.482163">
      <ele>863.2</ele>
    </trkpt>
    <trkpt lat="42.618021" lon="-2.481854">
      <ele>865.9</ele>
    </trkpt>
    <trkpt lat="42.617633" lon="-2.48131">
      <ele>869.8</ele>
    </trkpt>
    <trkpt lat="42.616945" lon="-2.480641">
      <ele>874.7</ele>
    </trkpt>
    <trkpt lat="42.616089" lon="-2.479779">
      <ele>881.5</ele>
    </trkpt>
    <trkpt lat="42.615805" lon="-2.479586">
      <ele>884.8</ele>
    </trkpt>
    <trkpt lat="42.615726" lon="-2.479562">
      <ele>885.8</ele>
    </trkpt>
    <trkpt lat="42.615666" lon="-2.479548">
      <ele>886.5</ele>
    </trkpt>
    <trkpt lat="42.615615" lon="-2.479544">
      <ele>887.1</ele>
    </trkpt>
    <trkpt lat="42.615482" lon="-2.47955">
      <ele>888.7</ele>
    </trkpt>
    <trkpt lat="42.614789" lon="-2.479712">
      <ele>897.2</ele>
    </trkpt>
    <trkpt lat="42.61463" lon="-2.479678">
      <ele>899.2</ele>
    </trkpt>
    <trkpt lat="42.614466" lon="-2.479544">
      <ele>901.5</ele>
    </trkpt>
    <trkpt lat="42.614116" lon="-2.478917">
      <ele>907.5</ele>
    </trkpt>
    <trkpt lat="42.61404" lon="-2.478819">
      <ele>908.3</ele>
    </trkpt>
    <trkpt lat="42.613059" lon="-2.477751">
      <ele>916.6</ele>
    </trkpt>
    <trkpt lat="42.612571" lon="-2.477269">
      <ele>921.1</ele>
    </trkpt>
    <trkpt lat="42.611923" lon="-2.476399">
      <ele>929.2</ele>
    </trkpt>
    <trkpt lat="42.611757" lon="-2.476252">
      <ele>931.2</ele>
    </trkpt>
    <trkpt lat="42.611494" lon="-2.476101">
      <ele>934.2</ele>
    </trkpt>
    <trkpt lat="42.611309" lon="-2.475952">
      <ele>936.6</ele>
    </trkpt>
    <trkpt lat="42.610532" lon="-2.475142">
      <ele>945.4</ele>
    </trkpt>
    <trkpt lat="42.610425" lon="-2.474962">
      <ele>946.5</ele>
    </trkpt>
    <trkpt lat="42.610379" lon="-2.474776">
      <ele>947.4</ele>
    </trkpt>
    <trkpt lat="42.610273" lon="-2.474068">
      <ele>949.9</ele>
    </trkpt>
    <trkpt lat="42.610216" lon="-2.473879">
      <ele>950.5</ele>
    </trkpt>
    <trkpt lat="42.610124" lon="-2.473682">
      <ele>951.1</ele>
    </trkpt>
    <trkpt lat="42.609685" lon="-2.473003">
      <ele>953.8</ele>
    </trkpt>
    <trkpt lat="42.60956" lon="-2.472853">
      <ele>954.7</ele>
    </trkpt>
    <trkpt lat="42.609316" lon="-2.472594">
      <ele>956.6</ele>
    </trkpt>
    <trkpt lat="42.60855" lon="-2.471979">
      <ele>962.8</ele>
    </trkpt>
    <trkpt lat="42.607702" lon="-2.471293">
      <ele>969.3</ele>
    </trkpt>
    <trkpt lat="42.607159" lon="-2.470924">
      <ele>972.9</ele>
    </trkpt>
    <trkpt lat="42.606837" lon="-2.470639">
      <ele>975.5</ele>
    </trkpt>
    <trkpt lat="42.606754" lon="-2.470534">
      <ele>976.2</ele>
    </trkpt>
    <trkpt lat="42.606614" lon="-2.470271">
      <ele>977.5</ele>
    </trkpt>
    <trkpt lat="42.606359" lon="-2.469617">
      <ele>978.4</ele>
    </trkpt>
    <trkpt lat="42.606242" lon="-2.469466">
      <ele>977.8</ele>
    </trkpt>
    <trkpt lat="42.606172" lon="-2.469433">
      <ele>977.5</ele>
    </trkpt>
    <trkpt lat="42.606107" lon="-2.469425">
      <ele>977.2</ele>
    </trkpt>
    <trkpt lat="42.605601" lon="-2.469354">
      <ele>974.7</ele>
    </trkpt>
    <trkpt lat="42.605437" lon="-2.469331">
      <ele>973.8</ele>
    </trkpt>
    <trkpt lat="42.605423" lon="-2.469329">
      <ele>973.8</ele>
    </trkpt>
    <trkpt lat="42.605354" lon="-2.469294">
      <ele>973.3</ele>
    </trkpt>
    <trkpt lat="42.605297" lon="-2.469244">
      <ele>972.9</ele>
    </trkpt>
    <trkpt lat="42.605286" lon="-2.469227">
      <ele>972.8</ele>
    </trkpt>
    <trkpt lat="42.605243" lon="-2.469158">
      <ele>972.4</ele>
    </trkpt>
    <trkpt lat="42.605197" lon="-2.469006">
      <ele>971.5</ele>
    </trkpt>
    <trkpt lat="42.604873" lon="-2.467242">
      <ele>968.5</ele>
    </trkpt>
    <trkpt lat="42.604821" lon="-2.466487">
      <ele>969.5</ele>
    </trkpt>
    <trkpt lat="42.604747" lon="-2.465962">
      <ele>969.3</ele>
    </trkpt>
    <trkpt lat="42.604646" lon="-2.465566">
      <ele>968.5</ele>
    </trkpt>
    <trkpt lat="42.604503" lon="-2.465185">
      <ele>966.7</ele>
    </trkpt>
    <trkpt lat="42.604463" lon="-2.46511">
      <ele>966.2</ele>
    </trkpt>
    <trkpt lat="42.604224" lon="-2.464824">
      <ele>963.7</ele>
    </trkpt>
    <trkpt lat="42.604016" lon="-2.464666">
      <ele>961.4</ele>
    </trkpt>
    <trkpt lat="42.603891" lon="-2.464575">
      <ele>960</ele>
    </trkpt>
    <trkpt lat="42.603681" lon="-2.4643">
      <ele>957.2</ele>
    </trkpt>
    <trkpt lat="42.603614" lon="-2.464017">
      <ele>955.2</ele>
    </trkpt>
    <trkpt lat="42.603597" lon="-2.463396">
      <ele>951.7</ele>
    </trkpt>
    <trkpt lat="42.603633" lon="-2.463103">
      <ele>950.4</ele>
    </trkpt>
    <trkpt lat="42.60389" lon="-2.462251">
      <ele>947.6</ele>
    </trkpt>
    <trkpt lat="42.604136" lon="-2.461707">
      <ele>947</ele>
    </trkpt>
    <trkpt lat="42.60412" lon="-2.461528">
      <ele>946.9</ele>
    </trkpt>
    <trkpt lat="42.604037" lon="-2.461451">
      <ele>946.9</ele>
    </trkpt>
    <trkpt lat="42.604236" lon="-2.46042">
      <ele>947.7</ele>
    </trkpt>
    <trkpt lat="42.604251" lon="-2.46036">
      <ele>947.8</ele>
    </trkpt>
    <trkpt lat="42.604324" lon="-2.460177">
      <ele>947.8</ele>
    </trkpt>
    <trkpt lat="42.604606" lon="-2.459519">
      <ele>948.3</ele>
    </trkpt>
    <trkpt lat="42.604662" lon="-2.459417">
      <ele>948.4</ele>
    </trkpt>
    <trkpt lat="42.604606" lon="-2.459519">
      <ele>948.3</ele>
    </trkpt>
    <trkpt lat="42.604324" lon="-2.460177">
      <ele>947.5</ele>
    </trkpt>
    <trkpt lat="42.604251" lon="-2.46036">
      <ele>947</ele>
    </trkpt>
    <trkpt lat="42.604236" lon="-2.46042">
      <ele>946.8</ele>
    </trkpt>
    <trkpt lat="42.604037" lon="-2.461451">
      <ele>943.7</ele>
    </trkpt>
    <trkpt lat="42.603918" lon="-2.461457">
      <ele>943.3</ele>
    </trkpt>
    <trkpt lat="42.603847" lon="-2.461585">
      <ele>942.8</ele>
    </trkpt>
    <trkpt lat="42.603762" lon="-2.462">
      <ele>941.5</ele>
    </trkpt>
    <trkpt lat="42.603575" lon="-2.462571">
      <ele>939.3</ele>
    </trkpt>
    <trkpt lat="42.603204" lon="-2.463612">
      <ele>934.5</ele>
    </trkpt>
    <trkpt lat="42.602719" lon="-2.465175">
      <ele>926.4</ele>
    </trkpt>
    <trkpt lat="42.602645" lon="-2.465673">
      <ele>924.5</ele>
    </trkpt>
    <trkpt lat="42.602531" lon="-2.46693">
      <ele>920.7</ele>
    </trkpt>
    <trkpt lat="42.60255" lon="-2.467567">
      <ele>918.2</ele>
    </trkpt>
    <trkpt lat="42.602535" lon="-2.467695">
      <ele>917.6</ele>
    </trkpt>
    <trkpt lat="42.602489" lon="-2.467812">
      <ele>917</ele>
    </trkpt>
    <trkpt lat="42.602344" lon="-2.468064">
      <ele>915.5</ele>
    </trkpt>
    <trkpt lat="42.601866" lon="-2.468724">
      <ele>911</ele>
    </trkpt>
    <trkpt lat="42.601714" lon="-2.469041">
      <ele>909</ele>
    </trkpt>
    <trkpt lat="42.601693" lon="-2.469184">
      <ele>908.3</ele>
    </trkpt>
    <trkpt lat="42.601641" lon="-2.469623">
      <ele>906.2</ele>
    </trkpt>
    <trkpt lat="42.601639" lon="-2.470018">
      <ele>904.5</ele>
    </trkpt>
    <trkpt lat="42.601689" lon="-2.470718">
      <ele>901.6</ele>
    </trkpt>
    <trkpt lat="42.601724" lon="-2.470923">
      <ele>900.6</ele>
    </trkpt>
    <trkpt lat="42.60178" lon="-2.471096">
      <ele>899.8</ele>
    </trkpt>
    <trkpt lat="42.602028" lon="-2.471624">
      <ele>896.9</ele>
    </trkpt>
    <trkpt lat="42.602193" lon="-2.472302">
      <ele>893.4</ele>
    </trkpt>
    <trkpt lat="42.602264" lon="-2.472484">
      <ele>892.4</ele>
    </trkpt>
    <trkpt lat="42.602623" lon="-2.472926">
      <ele>889.5</ele>
    </trkpt>
    <trkpt lat="42.60276" lon="-2.473152">
      <ele>888.2</ele>
    </trkpt>
    <trkpt lat="42.603001" lon="-2.473623">
      <ele>885.6</ele>
    </trkpt>
    <trkpt lat="42.60319" lon="-2.474011">
      <ele>883</ele>
    </trkpt>
    <trkpt lat="42.603215" lon="-2.474192">
      <ele>882.1</ele>
    </trkpt>
    <trkpt lat="42.603181" lon="-2.474318">
      <ele>881.4</ele>
    </trkpt>
    <trkpt lat="42.603125" lon="-2.474409">
      <ele>880.8</ele>
    </trkpt>
    <trkpt lat="42.603024" lon="-2.474476">
      <ele>880</ele>
    </trkpt>
    <trkpt lat="42.602959" lon="-2.474476">
      <ele>879.6</ele>
    </trkpt>
    <trkpt lat="42.602866" lon="-2.475089">
      <ele>876.2</ele>
    </trkpt>
    <trkpt lat="42.602835" lon="-2.475309">
      <ele>875.1</ele>
    </trkpt>
    <trkpt lat="42.602787" lon="-2.475647">
      <ele>873.5</ele>
    </trkpt>
    <trkpt lat="42.60276" lon="-2.475852">
      <ele>872.7</ele>
    </trkpt>
    <trkpt lat="42.602692" lon="-2.476379">
      <ele>871.4</ele>
    </trkpt>
    <trkpt lat="42.602331" lon="-2.478891">
      <ele>871.7</ele>
    </trkpt>
    <trkpt lat="42.602341" lon="-2.479555">
      <ele>870</ele>
    </trkpt>
    <trkpt lat="42.602436" lon="-2.481321">
      <ele>859.9</ele>
    </trkpt>
    <trkpt lat="42.602457" lon="-2.481533">
      <ele>858.6</ele>
    </trkpt>
    <trkpt lat="42.602492" lon="-2.481652">
      <ele>857.9</ele>
    </trkpt>
    <trkpt lat="42.60255" lon="-2.481757">
      <ele>857.3</ele>
    </trkpt>
    <trkpt lat="42.602675" lon="-2.481886">
      <ele>856.2</ele>
    </trkpt>
    <trkpt lat="42.603083" lon="-2.482052">
      <ele>854.2</ele>
    </trkpt>
    <trkpt lat="42.603683" lon="-2.48224">
      <ele>852.6</ele>
    </trkpt>
    <trkpt lat="42.603876" lon="-2.482246">
      <ele>852.3</ele>
    </trkpt>
    <trkpt lat="42.604061" lon="-2.482186">
      <ele>851.9</ele>
    </trkpt>
    <trkpt lat="42.60448" lon="-2.48181">
      <ele>850.8</ele>
    </trkpt>
    <trkpt lat="42.604608" lon="-2.481768">
      <ele>850.5</ele>
    </trkpt>
    <trkpt lat="42.604772" lon="-2.481816">
      <ele>850</ele>
    </trkpt>
    <trkpt lat="42.605053" lon="-2.482048">
      <ele>848.8</ele>
    </trkpt>
    <trkpt lat="42.605204" lon="-2.482114">
      <ele>848.1</ele>
    </trkpt>
    <trkpt lat="42.605339" lon="-2.482087">
      <ele>847.4</ele>
    </trkpt>
    <trkpt lat="42.605738" lon="-2.481773">
      <ele>844.1</ele>
    </trkpt>
    <trkpt lat="42.605872" lon="-2.481768">
      <ele>843</ele>
    </trkpt>
    <trkpt lat="42.606233" lon="-2.481959">
      <ele>839.3</ele>
    </trkpt>
    <trkpt lat="42.606318" lon="-2.482086">
      <ele>838.1</ele>
    </trkpt>
    <trkpt lat="42.606321" lon="-2.482222">
      <ele>837.1</ele>
    </trkpt>
    <trkpt lat="42.606124" lon="-2.482888">
      <ele>832</ele>
    </trkpt>
    <trkpt lat="42.606092" lon="-2.483159">
      <ele>830.2</ele>
    </trkpt>
    <trkpt lat="42.606207" lon="-2.483477">
      <ele>827.8</ele>
    </trkpt>
    <trkpt lat="42.606286" lon="-2.483779">
      <ele>825.9</ele>
    </trkpt>
    <trkpt lat="42.606498" lon="-2.484154">
      <ele>823.5</ele>
    </trkpt>
    <trkpt lat="42.606536" lon="-2.484374">
      <ele>822.6</ele>
    </trkpt>
    <trkpt lat="42.606541" lon="-2.484962">
      <ele>820.6</ele>
    </trkpt>
    <trkpt lat="42.606558" lon="-2.485065">
      <ele>820.2</ele>
    </trkpt>
    <trkpt lat="42.606692" lon="-2.485351">
      <ele>819</ele>
    </trkpt>
    <trkpt lat="42.607256" lon="-2.48606">
      <ele>814.9</ele>
    </trkpt>
    <trkpt lat="42.607291" lon="-2.486193">
      <ele>814.3</ele>
    </trkpt>
    <trkpt lat="42.607289" lon="-2.486289">
      <ele>813.9</ele>
    </trkpt>
    <trkpt lat="42.607156" lon="-2.486762">
      <ele>811.5</ele>
    </trkpt>
    <trkpt lat="42.607043" lon="-2.486966">
      <ele>810.2</ele>
    </trkpt>
    <trkpt lat="42.60686" lon="-2.487151">
      <ele>808.6</ele>
    </trkpt>
    <trkpt lat="42.606282" lon="-2.487717">
      <ele>803.6</ele>
    </trkpt>
    <trkpt lat="42.606188" lon="-2.487878">
      <ele>802.6</ele>
    </trkpt>
    <trkpt lat="42.60619" lon="-2.488027">
      <ele>801.9</ele>
    </trkpt>
    <trkpt lat="42.606226" lon="-2.488099">
      <ele>801.5</ele>
    </trkpt>
    <trkpt lat="42.606529" lon="-2.48853">
      <ele>798.3</ele>
    </trkpt>
    <trkpt lat="42.606605" lon="-2.488693">
      <ele>797.4</ele>
    </trkpt>
    <trkpt lat="42.606705" lon="-2.48946">
      <ele>793.4</ele>
    </trkpt>
    <trkpt lat="42.606705" lon="-2.489606">
      <ele>792.6</ele>
    </trkpt>
    <trkpt lat="42.606665" lon="-2.489766">
      <ele>791.6</ele>
    </trkpt>
    <trkpt lat="42.606609" lon="-2.489852">
      <ele>791</ele>
    </trkpt>
    <trkpt lat="42.606274" lon="-2.490237">
      <ele>787.4</ele>
    </trkpt>
    <trkpt lat="42.606123" lon="-2.490465">
      <ele>785.5</ele>
    </trkpt>
    <trkpt lat="42.605911" lon="-2.491097">
      <ele>781.4</ele>
    </trkpt>
    <trkpt lat="42.605882" lon="-2.491303">
      <ele>780.2</ele>
    </trkpt>
    <trkpt lat="42.605906" lon="-2.492169">
      <ele>776</ele>
    </trkpt>
    <trkpt lat="42.605881" lon="-2.492347">
      <ele>775.1</ele>
    </trkpt>
    <trkpt lat="42.60579" lon="-2.492637">
      <ele>773.7</ele>
    </trkpt>
    <trkpt lat="42.605365" lon="-2.493599">
      <ele>769.6</ele>
    </trkpt>
    <trkpt lat="42.605238" lon="-2.493889">
      <ele>768.6</ele>
    </trkpt>
    <trkpt lat="42.605111" lon="-2.4941">
      <ele>767.8</ele>
    </trkpt>
    <trkpt lat="42.603961" lon="-2.495328">
      <ele>765</ele>
    </trkpt>
    <trkpt lat="42.603754" lon="-2.495606">
      <ele>764.5</ele>
    </trkpt>
    <trkpt lat="42.603674" lon="-2.495765">
      <ele>764.3</ele>
    </trkpt>
    <trkpt lat="42.603586" lon="-2.49606">
      <ele>763.8</ele>
    </trkpt>
    <trkpt lat="42.603562" lon="-2.496211">
      <ele>763.6</ele>
    </trkpt>
    <trkpt lat="42.603561" lon="-2.496493">
      <ele>763.1</ele>
    </trkpt>
    <trkpt lat="42.603584" lon="-2.496659">
      <ele>762.7</ele>
    </trkpt>
    <trkpt lat="42.603827" lon="-2.497394">
      <ele>760.6</ele>
    </trkpt>
    <trkpt lat="42.603851" lon="-2.497524">
      <ele>760.2</ele>
    </trkpt>
    <trkpt lat="42.603839" lon="-2.497718">
      <ele>759.5</ele>
    </trkpt>
    <trkpt lat="42.603803" lon="-2.497808">
      <ele>759.2</ele>
    </trkpt>
    <trkpt lat="42.603665" lon="-2.497974">
      <ele>758.2</ele>
    </trkpt>
    <trkpt lat="42.603263" lon="-2.498276">
      <ele>755.6</ele>
    </trkpt>
    <trkpt lat="42.60303" lon="-2.498357">
      <ele>754.1</ele>
    </trkpt>
    <trkpt lat="42.602196" lon="-2.498519">
      <ele>749.1</ele>
    </trkpt>
    <trkpt lat="42.602049" lon="-2.498651">
      <ele>748.2</ele>
    </trkpt>
    <trkpt lat="42.60188" lon="-2.499113">
      <ele>746.6</ele>
    </trkpt>
    <trkpt lat="42.601762" lon="-2.499326">
      <ele>745.8</ele>
    </trkpt>
    <trkpt lat="42.601674" lon="-2.49939">
      <ele>745.5</ele>
    </trkpt>
    <trkpt lat="42.601196" lon="-2.499492">
      <ele>743.9</ele>
    </trkpt>
    <trkpt lat="42.600988" lon="-2.499534">
      <ele>743.2</ele>
    </trkpt>
    <trkpt lat="42.600796" lon="-2.49962">
      <ele>742.4</ele>
    </trkpt>
    <trkpt lat="42.60064" lon="-2.499796">
      <ele>741.6</ele>
    </trkpt>
    <trkpt lat="42.60056" lon="-2.499957">
      <ele>740.9</ele>
    </trkpt>
    <trkpt lat="42.600186" lon="-2.501067">
      <ele>735.8</ele>
    </trkpt>
    <trkpt lat="42.599697" lon="-2.501974">
      <ele>730.6</ele>
    </trkpt>
    <trkpt lat="42.599552" lon="-2.502302">
      <ele>729.1</ele>
    </trkpt>
    <trkpt lat="42.599509" lon="-2.502542">
      <ele>728.1</ele>
    </trkpt>
    <trkpt lat="42.599554" lon="-2.50308">
      <ele>726.2</ele>
    </trkpt>
    <trkpt lat="42.599502" lon="-2.503337">
      <ele>725.3</ele>
    </trkpt>
    <trkpt lat="42.598972" lon="-2.504186">
      <ele>722.2</ele>
    </trkpt>
    <trkpt lat="42.598843" lon="-2.504336">
      <ele>721.6</ele>
    </trkpt>
    <trkpt lat="42.59874" lon="-2.504394">
      <ele>721.2</ele>
    </trkpt>
    <trkpt lat="42.597984" lon="-2.5044">
      <ele>719.4</ele>
    </trkpt>
    <trkpt lat="42.597738" lon="-2.504476">
      <ele>719.1</ele>
    </trkpt>
    <trkpt lat="42.597183" lon="-2.504757">
      <ele>719.1</ele>
    </trkpt>
    <trkpt lat="42.597055" lon="-2.504883">
      <ele>719.1</ele>
    </trkpt>
    <trkpt lat="42.596954" lon="-2.505053">
      <ele>719.2</ele>
    </trkpt>
    <trkpt lat="42.596683" lon="-2.505916">
      <ele>718.6</ele>
    </trkpt>
    <trkpt lat="42.596665" lon="-2.506069">
      <ele>718.3</ele>
    </trkpt>
    <trkpt lat="42.596682" lon="-2.506224">
      <ele>718</ele>
    </trkpt>
    <trkpt lat="42.596733" lon="-2.506366">
      <ele>717.6</ele>
    </trkpt>
    <trkpt lat="42.596818" lon="-2.506512">
      <ele>717.1</ele>
    </trkpt>
    <trkpt lat="42.598053" lon="-2.508343">
      <ele>705.1</ele>
    </trkpt>
    <trkpt lat="42.598194" lon="-2.508606">
      <ele>703.9</ele>
    </trkpt>
    <trkpt lat="42.598234" lon="-2.508753">
      <ele>703.3</ele>
    </trkpt>
    <trkpt lat="42.598234" lon="-2.508938">
      <ele>702.7</ele>
    </trkpt>
    <trkpt lat="42.598215" lon="-2.509018">
      <ele>702.5</ele>
    </trkpt>
    <trkpt lat="42.598132" lon="-2.509188">
      <ele>701.9</ele>
    </trkpt>
    <trkpt lat="42.598012" lon="-2.509294">
      <ele>701.4</ele>
    </trkpt>
    <trkpt lat="42.597887" lon="-2.509319">
      <ele>701.1</ele>
    </trkpt>
    <trkpt lat="42.597391" lon="-2.509319">
      <ele>700.3</ele>
    </trkpt>
    <trkpt lat="42.597243" lon="-2.509388">
      <ele>700.2</ele>
    </trkpt>
    <trkpt lat="42.597182" lon="-2.509453">
      <ele>700.2</ele>
    </trkpt>
    <trkpt lat="42.597135" lon="-2.509531">
      <ele>700.1</ele>
    </trkpt>
    <trkpt lat="42.597078" lon="-2.509779">
      <ele>700</ele>
    </trkpt>
    <trkpt lat="42.597028" lon="-2.510574">
      <ele>699.8</ele>
    </trkpt>
    <trkpt lat="42.596998" lon="-2.510648">
      <ele>699.8</ele>
    </trkpt>
    <trkpt lat="42.596941" lon="-2.510706">
      <ele>699.8</ele>
    </trkpt>
    <trkpt lat="42.5968" lon="-2.510733">
      <ele>699.8</ele>
    </trkpt>
    <trkpt lat="42.596172" lon="-2.510527">
      <ele>699.4</ele>
    </trkpt>
    <trkpt lat="42.595965" lon="-2.510502">
      <ele>699.1</ele>
    </trkpt>
    <trkpt lat="42.595861" lon="-2.510529">
      <ele>698.9</ele>
    </trkpt>
    <trkpt lat="42.595676" lon="-2.510635">
      <ele>698.4</ele>
    </trkpt>
    <trkpt lat="42.594962" lon="-2.511191">
      <ele>695</ele>
    </trkpt>
    <trkpt lat="42.594577" lon="-2.511398">
      <ele>692.5</ele>
    </trkpt>
    <trkpt lat="42.594314" lon="-2.51147">
      <ele>690.6</ele>
    </trkpt>
    <trkpt lat="42.593964" lon="-2.511483">
      <ele>687.9</ele>
    </trkpt>
    <trkpt lat="42.593709" lon="-2.511432">
      <ele>685.7</ele>
    </trkpt>
    <trkpt lat="42.593389" lon="-2.511299">
      <ele>682.8</ele>
    </trkpt>
    <trkpt lat="42.592573" lon="-2.510832">
      <ele>675.3</ele>
    </trkpt>
    <trkpt lat="42.592442" lon="-2.51078">
      <ele>674.4</ele>
    </trkpt>
    <trkpt lat="42.59217" lon="-2.510732">
      <ele>672.9</ele>
    </trkpt>
    <trkpt lat="42.591904" lon="-2.510745">
      <ele>671.8</ele>
    </trkpt>
    <trkpt lat="42.591627" lon="-2.510821">
      <ele>670.9</ele>
    </trkpt>
    <trkpt lat="42.591362" lon="-2.510972">
      <ele>670</ele>
    </trkpt>
    <trkpt lat="42.591127" lon="-2.511162">
      <ele>669.4</ele>
    </trkpt>
    <trkpt lat="42.590136" lon="-2.512125">
      <ele>666.3</ele>
    </trkpt>
    <trkpt lat="42.589864" lon="-2.512261">
      <ele>665.1</ele>
    </trkpt>
    <trkpt lat="42.589416" lon="-2.512426">
      <ele>663</ele>
    </trkpt>
    <trkpt lat="42.58921" lon="-2.512511">
      <ele>662</ele>
    </trkpt>
    <trkpt lat="42.589042" lon="-2.512629">
      <ele>661.1</ele>
    </trkpt>
    <trkpt lat="42.588524" lon="-2.513301">
      <ele>657.5</ele>
    </trkpt>
    <trkpt lat="42.587675" lon="-2.514135">
      <ele>652.1</ele>
    </trkpt>
    <trkpt lat="42.587445" lon="-2.514212">
      <ele>651.2</ele>
    </trkpt>
    <trkpt lat="42.587303" lon="-2.514215">
      <ele>650.8</ele>
    </trkpt>
    <trkpt lat="42.586591" lon="-2.514108">
      <ele>649.3</ele>
    </trkpt>
    <trkpt lat="42.586358" lon="-2.514102">
      <ele>648.6</ele>
    </trkpt>
    <trkpt lat="42.586173" lon="-2.514156">
      <ele>647.9</ele>
    </trkpt>
    <trkpt lat="42.58601" lon="-2.514253">
      <ele>647.3</ele>
    </trkpt>
    <trkpt lat="42.58583" lon="-2.514542">
      <ele>646.1</ele>
    </trkpt>
    <trkpt lat="42.585547" lon="-2.515311">
      <ele>642.8</ele>
    </trkpt>
    <trkpt lat="42.58548" lon="-2.515442">
      <ele>642</ele>
    </trkpt>
    <trkpt lat="42.585266" lon="-2.5157">
      <ele>639.9</ele>
    </trkpt>
    <trkpt lat="42.584981" lon="-2.515857">
      <ele>637.8</ele>
    </trkpt>
    <trkpt lat="42.584476" lon="-2.515966">
      <ele>634.5</ele>
    </trkpt>
    <trkpt lat="42.583937" lon="-2.51588">
      <ele>631.2</ele>
    </trkpt>
    <trkpt lat="42.583822" lon="-2.515885">
      <ele>630.4</ele>
    </trkpt>
    <trkpt lat="42.583018" lon="-2.516096">
      <ele>625.1</ele>
    </trkpt>
    <trkpt lat="42.582824" lon="-2.516111">
      <ele>624.1</ele>
    </trkpt>
    <trkpt lat="42.582679" lon="-2.516087">
      <ele>623.5</ele>
    </trkpt>
    <trkpt lat="42.582417" lon="-2.515995">
      <ele>622.7</ele>
    </trkpt>
    <trkpt lat="42.582294" lon="-2.515894">
      <ele>622.3</ele>
    </trkpt>
    <trkpt lat="42.582232" lon="-2.515797">
      <ele>622.2</ele>
    </trkpt>
    <trkpt lat="42.581971" lon="-2.51509">
      <ele>621.9</ele>
    </trkpt>
    <trkpt lat="42.581921" lon="-2.515021">
      <ele>621.9</ele>
    </trkpt>
    <trkpt lat="42.581809" lon="-2.514968">
      <ele>622</ele>
    </trkpt>
    <trkpt lat="42.581735" lon="-2.514979">
      <ele>622.1</ele>
    </trkpt>
    <trkpt lat="42.581624" lon="-2.515054">
      <ele>622.2</ele>
    </trkpt>
    <trkpt lat="42.58116" lon="-2.515539">
      <ele>622.7</ele>
    </trkpt>
    <trkpt lat="42.580513" lon="-2.515973">
      <ele>622.3</ele>
    </trkpt>
    <trkpt lat="42.580293" lon="-2.516108">
      <ele>621.9</ele>
    </trkpt>
    <trkpt lat="42.580015" lon="-2.51623">
      <ele>621.3</ele>
    </trkpt>
    <trkpt lat="42.579392" lon="-2.516396">
      <ele>619.7</ele>
    </trkpt>
    <trkpt lat="42.57916" lon="-2.516441">
      <ele>619</ele>
    </trkpt>
    <trkpt lat="42.578582" lon="-2.516463">
      <ele>617.4</ele>
    </trkpt>
    <trkpt lat="42.578104" lon="-2.516579">
      <ele>616</ele>
    </trkpt>
    <trkpt lat="42.577797" lon="-2.516596">
      <ele>615.3</ele>
    </trkpt>
    <trkpt lat="42.577281" lon="-2.51656">
      <ele>614.4</ele>
    </trkpt>
    <trkpt lat="42.576805" lon="-2.516431">
      <ele>613.5</ele>
    </trkpt>
    <trkpt lat="42.576697" lon="-2.516435">
      <ele>613.3</ele>
    </trkpt>
    <trkpt lat="42.576466" lon="-2.516492">
      <ele>612.8</ele>
    </trkpt>
    <trkpt lat="42.575854" lon="-2.516721">
      <ele>612</ele>
    </trkpt>
    <trkpt lat="42.575648" lon="-2.516748">
      <ele>611.9</ele>
    </trkpt>
    <trkpt lat="42.575451" lon="-2.516699">
      <ele>611.9</ele>
    </trkpt>
    <trkpt lat="42.575274" lon="-2.516584">
      <ele>612</ele>
    </trkpt>
    <trkpt lat="42.575066" lon="-2.516361">
      <ele>612.3</ele>
    </trkpt>
    <trkpt lat="42.574655" lon="-2.515753">
      <ele>613.6</ele>
    </trkpt>
    <trkpt lat="42.57459" lon="-2.515608">
      <ele>614</ele>
    </trkpt>
    <trkpt lat="42.574548" lon="-2.515427">
      <ele>614.3</ele>
    </trkpt>
    <trkpt lat="42.574433" lon="-2.514747">
      <ele>615.4</ele>
    </trkpt>
    <trkpt lat="42.574384" lon="-2.514636">
      <ele>615.5</ele>
    </trkpt>
    <trkpt lat="42.574315" lon="-2.514563">
      <ele>615.6</ele>
    </trkpt>
    <trkpt lat="42.57414" lon="-2.514475">
      <ele>615.6</ele>
    </trkpt>
    <trkpt lat="42.57357" lon="-2.514302">
      <ele>615</ele>
    </trkpt>
    <trkpt lat="42.573" lon="-2.514366">
      <ele>613.1</ele>
    </trkpt>
    <trkpt lat="42.572484" lon="-2.514255">
      <ele>610.6</ele>
    </trkpt>
    <trkpt lat="42.572193" lon="-2.514318">
      <ele>609.1</ele>
    </trkpt>
    <trkpt lat="42.571032" lon="-2.514757">
      <ele>602.3</ele>
    </trkpt>
    <trkpt lat="42.570918" lon="-2.514763">
      <ele>601.7</ele>
    </trkpt>
    <trkpt lat="42.570706" lon="-2.514717">
      <ele>600.6</ele>
    </trkpt>
    <trkpt lat="42.570539" lon="-2.514634">
      <ele>599.7</ele>
    </trkpt>
    <trkpt lat="42.568886" lon="-2.513653">
      <ele>591</ele>
    </trkpt>
    <trkpt lat="42.568648" lon="-2.513547">
      <ele>589.7</ele>
    </trkpt>
    <trkpt lat="42.5681" lon="-2.513453">
      <ele>587</ele>
    </trkpt>
    <trkpt lat="42.567496" lon="-2.513364">
      <ele>583.9</ele>
    </trkpt>
    <trkpt lat="42.567252" lon="-2.513257">
      <ele>582.4</ele>
    </trkpt>
    <trkpt lat="42.566746" lon="-2.512879">
      <ele>579</ele>
    </trkpt>
    <trkpt lat="42.56662" lon="-2.512692">
      <ele>577.9</ele>
    </trkpt>
    <trkpt lat="42.566476" lon="-2.512298">
      <ele>575.8</ele>
    </trkpt>
    <trkpt lat="42.566355" lon="-2.512098">
      <ele>574.5</ele>
    </trkpt>
    <trkpt lat="42.565642" lon="-2.511446">
      <ele>568.7</ele>
    </trkpt>
    <trkpt lat="42.565423" lon="-2.51133">
      <ele>567.1</ele>
    </trkpt>
    <trkpt lat="42.564777" lon="-2.511206">
      <ele>562.8</ele>
    </trkpt>
    <trkpt lat="42.564276" lon="-2.511121">
      <ele>559.6</ele>
    </trkpt>
    <trkpt lat="42.562983" lon="-2.510883">
      <ele>554.2</ele>
    </trkpt>
    <trkpt lat="42.562783" lon="-2.510849">
      <ele>554</ele>
    </trkpt>
    <trkpt lat="42.562466" lon="-2.510772">
      <ele>553.9</ele>
    </trkpt>
    <trkpt lat="42.562062" lon="-2.510723">
      <ele>553.9</ele>
    </trkpt>
    <trkpt lat="42.561825" lon="-2.510754">
      <ele>553.8</ele>
    </trkpt>
    <trkpt lat="42.56156" lon="-2.510922">
      <ele>553.6</ele>
    </trkpt>
    <trkpt lat="42.561293" lon="-2.511181">
      <ele>552.9</ele>
    </trkpt>
    <trkpt lat="42.561054" lon="-2.511399">
      <ele>551.9</ele>
    </trkpt>
    <trkpt lat="42.560694" lon="-2.511599">
      <ele>550.2</ele>
    </trkpt>
    <trkpt lat="42.559893" lon="-2.511883">
      <ele>546</ele>
    </trkpt>
    <trkpt lat="42.559219" lon="-2.511983">
      <ele>542.8</ele>
    </trkpt>
    <trkpt lat="42.558964" lon="-2.512107">
      <ele>541.7</ele>
    </trkpt>
    <trkpt lat="42.5587" lon="-2.512302">
      <ele>540.5</ele>
    </trkpt>
    <trkpt lat="42.558465" lon="-2.512385">
      <ele>539.6</ele>
    </trkpt>
    <trkpt lat="42.558338" lon="-2.5124">
      <ele>539.2</ele>
    </trkpt>
    <trkpt lat="42.558073" lon="-2.51238">
      <ele>538.4</ele>
    </trkpt>
    <trkpt lat="42.557813" lon="-2.51232">
      <ele>538</ele>
    </trkpt>
    <trkpt lat="42.557275" lon="-2.512084">
      <ele>537.6</ele>
    </trkpt>
    <trkpt lat="42.556766" lon="-2.511868">
      <ele>537.1</ele>
    </trkpt>
    <trkpt lat="42.556501" lon="-2.511791">
      <ele>536.6</ele>
    </trkpt>
    <trkpt lat="42.555639" lon="-2.511748">
      <ele>534.2</ele>
    </trkpt>
    <trkpt lat="42.555436" lon="-2.511718">
      <ele>533.5</ele>
    </trkpt>
    <trkpt lat="42.555037" lon="-2.511578">
      <ele>532.1</ele>
    </trkpt>
    <trkpt lat="42.554676" lon="-2.511341">
      <ele>530.9</ele>
    </trkpt>
    <trkpt lat="42.554329" lon="-2.510874">
      <ele>529.3</ele>
    </trkpt>
    <trkpt lat="42.554242" lon="-2.510805">
      <ele>529</ele>
    </trkpt>
    <trkpt lat="42.554062" lon="-2.510735">
      <ele>528.5</ele>
    </trkpt>
    <trkpt lat="42.553432" lon="-2.51072">
      <ele>526.5</ele>
    </trkpt>
    <trkpt lat="42.552982" lon="-2.51082">
      <ele>524.8</ele>
    </trkpt>
    <trkpt lat="42.552247" lon="-2.510677">
      <ele>522.5</ele>
    </trkpt>
    <trkpt lat="42.551435" lon="-2.510627">
      <ele>521.1</ele>
    </trkpt>
    <trkpt lat="42.551182" lon="-2.510663">
      <ele>520.3</ele>
    </trkpt>
    <trkpt lat="42.550853" lon="-2.510812">
      <ele>518.9</ele>
    </trkpt>
    <trkpt lat="42.550684" lon="-2.511006">
      <ele>517.8</ele>
    </trkpt>
    <trkpt lat="42.550117" lon="-2.511932">
      <ele>511.6</ele>
    </trkpt>
    <trkpt lat="42.549941" lon="-2.512149">
      <ele>509.3</ele>
    </trkpt>
    <trkpt lat="42.549506" lon="-2.512378">
      <ele>504.8</ele>
    </trkpt>
    <trkpt lat="42.549007" lon="-2.512438">
      <ele>500.8</ele>
    </trkpt>
    <trkpt lat="42.548804" lon="-2.512422">
      <ele>499.5</ele>
    </trkpt>
    <trkpt lat="42.54859" lon="-2.512341">
      <ele>498</ele>
    </trkpt>
    <trkpt lat="42.547812" lon="-2.511952">
      <ele>493.6</ele>
    </trkpt>
    <trkpt lat="42.547463" lon="-2.511627">
      <ele>491.8</ele>
    </trkpt>
    <trkpt lat="42.54707" lon="-2.511346">
      <ele>490.2</ele>
    </trkpt>
    <trkpt lat="42.546762" lon="-2.510941">
      <ele>488.8</ele>
    </trkpt>
    <trkpt lat="42.546518" lon="-2.510759">
      <ele>487.9</ele>
    </trkpt>
    <trkpt lat="42.546264" lon="-2.510678">
      <ele>487</ele>
    </trkpt>
    <trkpt lat="42.545969" lon="-2.510635">
      <ele>485.7</ele>
    </trkpt>
    <trkpt lat="42.545687" lon="-2.510646">
      <ele>484.4</ele>
    </trkpt>
    <trkpt lat="42.545076" lon="-2.510747">
      <ele>480.9</ele>
    </trkpt>
    <trkpt lat="42.544811" lon="-2.510707">
      <ele>479.3</ele>
    </trkpt>
    <trkpt lat="42.544388" lon="-2.510506">
      <ele>476.7</ele>
    </trkpt>
    <trkpt lat="42.542649" lon="-2.509531">
      <ele>469.6</ele>
    </trkpt>
    <trkpt lat="42.542434" lon="-2.509528">
      <ele>468.8</ele>
    </trkpt>
    <trkpt lat="42.542058" lon="-2.509627">
      <ele>467.4</ele>
    </trkpt>
    <trkpt lat="42.54168" lon="-2.509669">
      <ele>465.8</ele>
    </trkpt>
    <trkpt lat="42.541373" lon="-2.509689">
      <ele>464.5</ele>
    </trkpt>
    <trkpt lat="42.540999" lon="-2.50978">
      <ele>462.7</ele>
    </trkpt>
    <trkpt lat="42.540385" lon="-2.510152">
      <ele>459.3</ele>
    </trkpt>
    <trkpt lat="42.539832" lon="-2.510351">
      <ele>456.5</ele>
    </trkpt>
    <trkpt lat="42.539013" lon="-2.510602">
      <ele>453</ele>
    </trkpt>
    <trkpt lat="42.538815" lon="-2.510687">
      <ele>452.1</ele>
    </trkpt>
    <trkpt lat="42.538512" lon="-2.51086">
      <ele>450.6</ele>
    </trkpt>
    <trkpt lat="42.538202" lon="-2.511106">
      <ele>448.8</ele>
    </trkpt>
    <trkpt lat="42.537944" lon="-2.511399">
      <ele>447.1</ele>
    </trkpt>
    <trkpt lat="42.537764" lon="-2.511496">
      <ele>446</ele>
    </trkpt>
    <trkpt lat="42.537569" lon="-2.511492">
      <ele>444.8</ele>
    </trkpt>
    <trkpt lat="42.537064" lon="-2.511223">
      <ele>440.9</ele>
    </trkpt>
    <trkpt lat="42.536867" lon="-2.511223">
      <ele>439.4</ele>
    </trkpt>
    <trkpt lat="42.53607" lon="-2.511588">
      <ele>433.2</ele>
    </trkpt>
    <trkpt lat="42.535803" lon="-2.511749">
      <ele>431.3</ele>
    </trkpt>
    <trkpt lat="42.535258" lon="-2.512138">
      <ele>427.9</ele>
    </trkpt>
    <trkpt lat="42.53489" lon="-2.512476">
      <ele>425.8</ele>
    </trkpt>
    <trkpt lat="42.534622" lon="-2.512628">
      <ele>424.6</ele>
    </trkpt>
    <trkpt lat="42.534212" lon="-2.512642">
      <ele>422.7</ele>
    </trkpt>
    <trkpt lat="42.533727" lon="-2.512499">
      <ele>420.3</ele>
    </trkpt>
    <trkpt lat="42.533532" lon="-2.512496">
      <ele>419.4</ele>
    </trkpt>
    <trkpt lat="42.533431" lon="-2.512553">
      <ele>418.9</ele>
    </trkpt>
    <trkpt lat="42.533177" lon="-2.512832">
      <ele>417.9</ele>
    </trkpt>
    <trkpt lat="42.53292" lon="-2.513045">
      <ele>417.5</ele>
    </trkpt>
    <trkpt lat="42.532652" lon="-2.513218">
      <ele>417.5</ele>
    </trkpt>
    <trkpt lat="42.532485" lon="-2.513173">
      <ele>417.7</ele>
    </trkpt>
    <trkpt lat="42.53205" lon="-2.512956">
      <ele>419.4</ele>
    </trkpt>
    <trkpt lat="42.531491" lon="-2.5129">
      <ele>423</ele>
    </trkpt>
    <trkpt lat="42.531349" lon="-2.512813">
      <ele>424.1</ele>
    </trkpt>
    <trkpt lat="42.531172" lon="-2.512646">
      <ele>425.6</ele>
    </trkpt>
    <trkpt lat="42.53102" lon="-2.512615">
      <ele>426.6</ele>
    </trkpt>
    <trkpt lat="42.530835" lon="-2.512687">
      <ele>427.7</ele>
    </trkpt>
    <trkpt lat="42.530544" lon="-2.512932">
      <ele>429.7</ele>
    </trkpt>
    <trkpt lat="42.530466" lon="-2.512971">
      <ele>430.2</ele>
    </trkpt>
    <trkpt lat="42.529571" lon="-2.513119">
      <ele>434.2</ele>
    </trkpt>
    <trkpt lat="42.528972" lon="-2.513375">
      <ele>436</ele>
    </trkpt>
    <trkpt lat="42.528786" lon="-2.513375">
      <ele>436.2</ele>
    </trkpt>
    <trkpt lat="42.528338" lon="-2.513168">
      <ele>436.3</ele>
    </trkpt>
    <trkpt lat="42.528103" lon="-2.513125">
      <ele>436</ele>
    </trkpt>
    <trkpt lat="42.526834" lon="-2.513181">
      <ele>430.7</ele>
    </trkpt>
    <trkpt lat="42.526445" lon="-2.513178">
      <ele>428.3</ele>
    </trkpt>
    <trkpt lat="42.525905" lon="-2.513387">
      <ele>425.1</ele>
    </trkpt>
    <trkpt lat="42.525593" lon="-2.513399">
      <ele>423.3</ele>
    </trkpt>
    <trkpt lat="42.525317" lon="-2.513315">
      <ele>421.8</ele>
    </trkpt>
    <trkpt lat="42.524458" lon="-2.512901">
      <ele>417.3</ele>
    </trkpt>
    <trkpt lat="42.524074" lon="-2.51257">
      <ele>414.5</ele>
    </trkpt>
    <trkpt lat="42.523965" lon="-2.512442">
      <ele>413.4</ele>
    </trkpt>
    <trkpt lat="42.523697" lon="-2.512037">
      <ele>410.2</ele>
    </trkpt>
    <trkpt lat="42.523631" lon="-2.511973">
      <ele>409.5</ele>
    </trkpt>
    <trkpt lat="42.522821" lon="-2.511418">
      <ele>400.5</ele>
    </trkpt>
    <trkpt lat="42.522537" lon="-2.511292">
      <ele>397.7</ele>
    </trkpt>
    <trkpt lat="42.522169" lon="-2.511021">
      <ele>394.1</ele>
    </trkpt>
    <trkpt lat="42.522095" lon="-2.511008">
      <ele>393.5</ele>
    </trkpt>
    <trkpt lat="42.521828" lon="-2.511106">
      <ele>391</ele>
    </trkpt>
    <trkpt lat="42.521617" lon="-2.511126">
      <ele>389.2</ele>
    </trkpt>
    <trkpt lat="42.521443" lon="-2.511102">
      <ele>387.6</ele>
    </trkpt>
    <trkpt lat="42.520606" lon="-2.511001">
      <ele>382.8</ele>
    </trkpt>
    <trkpt lat="42.520342" lon="-2.51097">
      <ele>381.6</ele>
    </trkpt>
    <trkpt lat="42.52031" lon="-2.511309">
      <ele>380.3</ele>
    </trkpt>
    <trkpt lat="42.520253" lon="-2.511603">
      <ele>379.4</ele>
    </trkpt>
    <trkpt lat="42.52019" lon="-2.511867">
      <ele>378.9</ele>
    </trkpt>
    <trkpt lat="42.520099" lon="-2.512126">
      <ele>378.8</ele>
    </trkpt>
    <trkpt lat="42.519819" lon="-2.512694">
      <ele>379.4</ele>
    </trkpt>
    <trkpt lat="42.519306" lon="-2.513589">
      <ele>380.1</ele>
    </trkpt>
    <trkpt lat="42.519098" lon="-2.514057">
      <ele>381</ele>
    </trkpt>
    <trkpt lat="42.51849" lon="-2.515963">
      <ele>383.4</ele>
    </trkpt>
    <trkpt lat="42.518158" lon="-2.516831">
      <ele>383.8</ele>
    </trkpt>
    <trkpt lat="42.517861" lon="-2.517384">
      <ele>383.8</ele>
    </trkpt>
    <trkpt lat="42.5171" lon="-2.518674">
      <ele>383.5</ele>
    </trkpt>
    <trkpt lat="42.516866" lon="-2.51925">
      <ele>384.4</ele>
    </trkpt>
    <trkpt lat="42.516731" lon="-2.519709">
      <ele>385.7</ele>
    </trkpt>
    <trkpt lat="42.51636" lon="-2.521106">
      <ele>391.5</ele>
    </trkpt>
    <trkpt lat="42.516229" lon="-2.521834">
      <ele>394.3</ele>
    </trkpt>
    <trkpt lat="42.516201" lon="-2.522034">
      <ele>394.9</ele>
    </trkpt>
    <trkpt lat="42.516155" lon="-2.522533">
      <ele>396</ele>
    </trkpt>
    <trkpt lat="42.516061" lon="-2.522668">
      <ele>396.4</ele>
    </trkpt>
    <trkpt lat="42.515979" lon="-2.522701">
      <ele>396.5</ele>
    </trkpt>
    <trkpt lat="42.515815" lon="-2.522719">
      <ele>396.8</ele>
    </trkpt>
    <trkpt lat="42.514979" lon="-2.523037">
      <ele>397</ele>
    </trkpt>
    <trkpt lat="42.514614" lon="-2.523075">
      <ele>396.6</ele>
    </trkpt>
    <trkpt lat="42.512374" lon="-2.523176">
      <ele>393.7</ele>
    </trkpt>
    <trkpt lat="42.51205" lon="-2.523173">
      <ele>393.8</ele>
    </trkpt>
    <trkpt lat="42.510964" lon="-2.523033">
      <ele>395.5</ele>
    </trkpt>
    <trkpt lat="42.510839" lon="-2.523062">
      <ele>395.7</ele>
    </trkpt>
    <trkpt lat="42.510701" lon="-2.523139">
      <ele>396</ele>
    </trkpt>
    <trkpt lat="42.509933" lon="-2.523777">
      <ele>397.2</ele>
    </trkpt>
    <trkpt lat="42.509103" lon="-2.524374">
      <ele>398.1</ele>
    </trkpt>
    <trkpt lat="42.507366" lon="-2.525098">
      <ele>400.2</ele>
    </trkpt>
    <trkpt lat="42.507081" lon="-2.525249">
      <ele>400.5</ele>
    </trkpt>
    <trkpt lat="42.50576" lon="-2.526201">
      <ele>400.3</ele>
    </trkpt>
    <trkpt lat="42.505574" lon="-2.526371">
      <ele>400.1</ele>
    </trkpt>
    <trkpt lat="42.505424" lon="-2.526532">
      <ele>399.9</ele>
    </trkpt>
    <trkpt lat="42.505304" lon="-2.526709">
      <ele>399.7</ele>
    </trkpt>
    <trkpt lat="42.504537" lon="-2.527959">
      <ele>398.6</ele>
    </trkpt>
    <trkpt lat="42.504398" lon="-2.528243">
      <ele>398.5</ele>
    </trkpt>
    <trkpt lat="42.503554" lon="-2.530317">
      <ele>399.3</ele>
    </trkpt>
    <trkpt lat="42.503498" lon="-2.530523">
      <ele>399.5</ele>
    </trkpt>
    <trkpt lat="42.503473" lon="-2.530741">
      <ele>399.7</ele>
    </trkpt>
    <trkpt lat="42.503439" lon="-2.531513">
      <ele>400.5</ele>
    </trkpt>
    <trkpt lat="42.503247" lon="-2.535152">
      <ele>404.1</ele>
    </trkpt>
    <trkpt lat="42.503121" lon="-2.537381">
      <ele>405.9</ele>
    </trkpt>
    <trkpt lat="42.502961" lon="-2.53853">
      <ele>406</ele>
    </trkpt>
    <trkpt lat="42.502833" lon="-2.539058">
      <ele>406.1</ele>
    </trkpt>
    <trkpt lat="42.502735" lon="-2.539293">
      <ele>406.2</ele>
    </trkpt>
    <trkpt lat="42.502343" lon="-2.539875">
      <ele>406.5</ele>
    </trkpt>
    <trkpt lat="42.501138" lon="-2.541564">
      <ele>408.5</ele>
    </trkpt>
    <trkpt lat="42.496956" lon="-2.546004">
      <ele>417</ele>
    </trkpt>
    <trkpt lat="42.496829" lon="-2.546176">
      <ele>417.5</ele>
    </trkpt>
    <trkpt lat="42.496692" lon="-2.546465">
      <ele>418.2</ele>
    </trkpt>
    <trkpt lat="42.495779" lon="-2.548618">
      <ele>423.8</ele>
    </trkpt>
    <trkpt lat="42.495574" lon="-2.548917">
      <ele>424.6</ele>
    </trkpt>
    <trkpt lat="42.494505" lon="-2.549956">
      <ele>425.7</ele>
    </trkpt>
    <trkpt lat="42.492817" lon="-2.551664">
      <ele>419.8</ele>
    </trkpt>
    <trkpt lat="42.491609" lon="-2.553802">
      <ele>414.9</ele>
    </trkpt>
    <trkpt lat="42.491475" lon="-2.554106">
      <ele>414.5</ele>
    </trkpt>
    <trkpt lat="42.490866" lon="-2.556168">
      <ele>411.6</ele>
    </trkpt>
    <trkpt lat="42.490324" lon="-2.558">
      <ele>405</ele>
    </trkpt>
    <trkpt lat="42.490254" lon="-2.55835">
      <ele>404</ele>
    </trkpt>
    <trkpt lat="42.490277" lon="-2.558557">
      <ele>403.4</ele>
    </trkpt>
    <trkpt lat="42.490386" lon="-2.558792">
      <ele>402.8</ele>
    </trkpt>
    <trkpt lat="42.49063" lon="-2.559189">
      <ele>401.5</ele>
    </trkpt>
    <trkpt lat="42.490761" lon="-2.559303">
      <ele>400.9</ele>
    </trkpt>
    <trkpt lat="42.491005" lon="-2.559435">
      <ele>400.2</ele>
    </trkpt>
    <trkpt lat="42.491173" lon="-2.559628">
      <ele>399.8</ele>
    </trkpt>
    <trkpt lat="42.491219" lon="-2.559725">
      <ele>399.7</ele>
    </trkpt>
    <trkpt lat="42.491258" lon="-2.559902">
      <ele>399.4</ele>
    </trkpt>
    <trkpt lat="42.491242" lon="-2.56041">
      <ele>398.6</ele>
    </trkpt>
    <trkpt lat="42.491257" lon="-2.560717">
      <ele>398.1</ele>
    </trkpt>
    <trkpt lat="42.491394" lon="-2.561349">
      <ele>396.9</ele>
    </trkpt>
    <trkpt lat="42.491498" lon="-2.561688">
      <ele>396.3</ele>
    </trkpt>
    <trkpt lat="42.491791" lon="-2.562292">
      <ele>395.6</ele>
    </trkpt>
    <trkpt lat="42.492256" lon="-2.563515">
      <ele>394.5</ele>
    </trkpt>
    <trkpt lat="42.492462" lon="-2.563865">
      <ele>394.2</ele>
    </trkpt>
    <trkpt lat="42.492886" lon="-2.564378">
      <ele>394.2</ele>
    </trkpt>
    <trkpt lat="42.49445" lon="-2.567001">
      <ele>394.6</ele>
    </trkpt>
    <trkpt lat="42.494527" lon="-2.567227">
      <ele>394.4</ele>
    </trkpt>
    <trkpt lat="42.494714" lon="-2.568113">
      <ele>393.8</ele>
    </trkpt>
    <trkpt lat="42.494852" lon="-2.568564">
      <ele>393.4</ele>
    </trkpt>
    <trkpt lat="42.494867" lon="-2.568894">
      <ele>393.2</ele>
    </trkpt>
    <trkpt lat="42.49475" lon="-2.569339">
      <ele>393.1</ele>
    </trkpt>
    <trkpt lat="42.494411" lon="-2.570238">
      <ele>393.1</ele>
    </trkpt>
    <trkpt lat="42.493901" lon="-2.571175">
      <ele>392.8</ele>
    </trkpt>
    <trkpt lat="42.493744" lon="-2.57185">
      <ele>392.5</ele>
    </trkpt>
    <trkpt lat="42.493558" lon="-2.572264">
      <ele>392.5</ele>
    </trkpt>
    <trkpt lat="42.493404" lon="-2.57254">
      <ele>392.6</ele>
    </trkpt>
    <trkpt lat="42.492919" lon="-2.57337">
      <ele>392</ele>
    </trkpt>
    <trkpt lat="42.492661" lon="-2.573711">
      <ele>391.8</ele>
    </trkpt>
    <trkpt lat="42.492693" lon="-2.573574">
      <ele>391.8</ele>
    </trkpt>
    <trkpt lat="42.492646" lon="-2.573448">
      <ele>391.7</ele>
    </trkpt>
    <trkpt lat="42.492444" lon="-2.573095">
      <ele>391.7</ele>
    </trkpt>
    <trkpt lat="42.492071" lon="-2.572444">
      <ele>391.6</ele>
    </trkpt>
    <trkpt lat="42.491636" lon="-2.571715">
      <ele>392.5</ele>
    </trkpt>
    <trkpt lat="42.49143" lon="-2.571466">
      <ele>392.9</ele>
    </trkpt>
    <trkpt lat="42.491199" lon="-2.571276">
      <ele>393.3</ele>
    </trkpt>
    <trkpt lat="42.490974" lon="-2.571168">
      <ele>393.6</ele>
    </trkpt>
    <trkpt lat="42.490763" lon="-2.57111">
      <ele>393.8</ele>
    </trkpt>
    <trkpt lat="42.490018" lon="-2.57107">
      <ele>395.3</ele>
    </trkpt>
    <trkpt lat="42.48962" lon="-2.571033">
      <ele>396.7</ele>
    </trkpt>
    <trkpt lat="42.489409" lon="-2.570949">
      <ele>397.8</ele>
    </trkpt>
    <trkpt lat="42.489229" lon="-2.5708">
      <ele>398.9</ele>
    </trkpt>
    <trkpt lat="42.488793" lon="-2.570276">
      <ele>402.8</ele>
    </trkpt>
    <trkpt lat="42.488625" lon="-2.570151">
      <ele>404.3</ele>
    </trkpt>
    <trkpt lat="42.488354" lon="-2.570061">
      <ele>406.3</ele>
    </trkpt>
    <trkpt lat="42.488282" lon="-2.570045">
      <ele>406.8</ele>
    </trkpt>
    <trkpt lat="42.488105" lon="-2.570018">
      <ele>407.9</ele>
    </trkpt>
    <trkpt lat="42.488019" lon="-2.570006">
      <ele>408.4</ele>
    </trkpt>
    <trkpt lat="42.487878" lon="-2.5701">
      <ele>409.3</ele>
    </trkpt>
    <trkpt lat="42.487783" lon="-2.570277">
      <ele>410</ele>
    </trkpt>
    <trkpt lat="42.487791" lon="-2.570597">
      <ele>410.9</ele>
    </trkpt>
    <trkpt lat="42.48775" lon="-2.570813">
      <ele>411.4</ele>
    </trkpt>
    </trkseg>
  </trk>
</gpx>
