<?xml version="1.0" encoding="UTF-8"?>
<gpx version="1.1" creator="fitAI Komoot downloader" xmlns="http://www.topografix.com/GPX/1/1">
  <metadata>
    <name>Puerto de Peñacerrada y Puerto de La Aldea - Recorrido circular desde Haro</name>
    <desc>115 visitas · Dificultad: difficult · Distancia: 86.9 km · Desnivel +: 1551 m</desc>
    <link href="https://www.komoot.com/smarttour/e10473372"><text>Komoot</text></link>
  </metadata>
  <trk>
    <name>Puerto de Peñacerrada y Puerto de La Aldea - Recorrido circular desde Haro</name>
    <type>racebike</type>
    <trkseg>
    <trkpt lat="42.583574" lon="-2.849365">
      <ele>450.3</ele>
    </trkpt>
    <trkpt lat="42.583413" lon="-2.849185">
      <ele>449.8</ele>
    </trkpt>
    <trkpt lat="42.583405" lon="-2.849102">
      <ele>449.6</ele>
    </trkpt>
    <trkpt lat="42.582526" lon="-2.848038">
      <ele>447.2</ele>
    </trkpt>
    <trkpt lat="42.582469" lon="-2.847997">
      <ele>447.1</ele>
    </trkpt>
    <trkpt lat="42.582484" lon="-2.847934">
      <ele>447.1</ele>
    </trkpt>
    <trkpt lat="42.58249" lon="-2.84791">
      <ele>447.1</ele>
    </trkpt>
    <trkpt lat="42.58252" lon="-2.847837">
      <ele>447.1</ele>
    </trkpt>
    <trkpt lat="42.582572" lon="-2.847747">
      <ele>447.1</ele>
    </trkpt>
    <trkpt lat="42.582618" lon="-2.847663">
      <ele>447.2</ele>
    </trkpt>
    <trkpt lat="42.582636" lon="-2.847598">
      <ele>447.2</ele>
    </trkpt>
    <trkpt lat="42.583281" lon="-2.847888">
      <ele>448.7</ele>
    </trkpt>
    <trkpt lat="42.583391" lon="-2.847884">
      <ele>449.1</ele>
    </trkpt>
    <trkpt lat="42.583858" lon="-2.847726">
      <ele>451.1</ele>
    </trkpt>
    <trkpt lat="42.584089" lon="-2.847648">
      <ele>451.7</ele>
    </trkpt>
    <trkpt lat="42.584589" lon="-2.847456">
      <ele>452.6</ele>
    </trkpt>
    <trkpt lat="42.584704" lon="-2.847334">
      <ele>452.6</ele>
    </trkpt>
    <trkpt lat="42.584589" lon="-2.847456">
      <ele>452.6</ele>
    </trkpt>
    <trkpt lat="42.584089" lon="-2.847648">
      <ele>451.7</ele>
    </trkpt>
    <trkpt lat="42.583858" lon="-2.847726">
      <ele>451.1</ele>
    </trkpt>
    <trkpt lat="42.583391" lon="-2.847884">
      <ele>449.1</ele>
    </trkpt>
    <trkpt lat="42.583281" lon="-2.847888">
      <ele>448.6</ele>
    </trkpt>
    <trkpt lat="42.582636" lon="-2.847598">
      <ele>445.7</ele>
    </trkpt>
    <trkpt lat="42.582372" lon="-2.84734">
      <ele>444.4</ele>
    </trkpt>
    <trkpt lat="42.582254" lon="-2.847189">
      <ele>443.8</ele>
    </trkpt>
    <trkpt lat="42.582155" lon="-2.846958">
      <ele>443.2</ele>
    </trkpt>
    <trkpt lat="42.582106" lon="-2.846823">
      <ele>442.9</ele>
    </trkpt>
    <trkpt lat="42.581991" lon="-2.846661">
      <ele>442.5</ele>
    </trkpt>
    <trkpt lat="42.581914" lon="-2.846632">
      <ele>442.4</ele>
    </trkpt>
    <trkpt lat="42.581846" lon="-2.846575">
      <ele>442.2</ele>
    </trkpt>
    <trkpt lat="42.581762" lon="-2.846394">
      <ele>442</ele>
    </trkpt>
    <trkpt lat="42.581754" lon="-2.846267">
      <ele>441.9</ele>
    </trkpt>
    <trkpt lat="42.581778" lon="-2.846145">
      <ele>441.8</ele>
    </trkpt>
    <trkpt lat="42.581832" lon="-2.846041">
      <ele>441.7</ele>
    </trkpt>
    <trkpt lat="42.581908" lon="-2.845969">
      <ele>441.6</ele>
    </trkpt>
    <trkpt lat="42.58225" lon="-2.845657">
      <ele>441.4</ele>
    </trkpt>
    <trkpt lat="42.582293" lon="-2.845631">
      <ele>441.3</ele>
    </trkpt>
    <trkpt lat="42.582507" lon="-2.84547">
      <ele>441.3</ele>
    </trkpt>
    <trkpt lat="42.582614" lon="-2.84532">
      <ele>441.2</ele>
    </trkpt>
    <trkpt lat="42.582838" lon="-2.844387">
      <ele>440.9</ele>
    </trkpt>
    <trkpt lat="42.583024" lon="-2.843625">
      <ele>440.4</ele>
    </trkpt>
    <trkpt lat="42.583896" lon="-2.840112">
      <ele>441.1</ele>
    </trkpt>
    <trkpt lat="42.584989" lon="-2.835711">
      <ele>440.4</ele>
    </trkpt>
    <trkpt lat="42.58519" lon="-2.834912">
      <ele>440.5</ele>
    </trkpt>
    <trkpt lat="42.58538" lon="-2.834134">
      <ele>440.6</ele>
    </trkpt>
    <trkpt lat="42.585427" lon="-2.833716">
      <ele>440.8</ele>
    </trkpt>
    <trkpt lat="42.585391" lon="-2.833466">
      <ele>441</ele>
    </trkpt>
    <trkpt lat="42.585346" lon="-2.833347">
      <ele>441.2</ele>
    </trkpt>
    <trkpt lat="42.585207" lon="-2.833131">
      <ele>441.5</ele>
    </trkpt>
    <trkpt lat="42.585043" lon="-2.832999">
      <ele>441.9</ele>
    </trkpt>
    <trkpt lat="42.584539" lon="-2.832695">
      <ele>443.1</ele>
    </trkpt>
    <trkpt lat="42.584025" lon="-2.832394">
      <ele>444.7</ele>
    </trkpt>
    <trkpt lat="42.583393" lon="-2.832006">
      <ele>447.1</ele>
    </trkpt>
    <trkpt lat="42.583042" lon="-2.83175">
      <ele>448.5</ele>
    </trkpt>
    <trkpt lat="42.582574" lon="-2.831358">
      <ele>450.4</ele>
    </trkpt>
    <trkpt lat="42.581434" lon="-2.83033">
      <ele>455.7</ele>
    </trkpt>
    <trkpt lat="42.581189" lon="-2.830069">
      <ele>457.1</ele>
    </trkpt>
    <trkpt lat="42.580996" lon="-2.829823">
      <ele>458.4</ele>
    </trkpt>
    <trkpt lat="42.580699" lon="-2.829282">
      <ele>460.8</ele>
    </trkpt>
    <trkpt lat="42.580502" lon="-2.82872">
      <ele>462.8</ele>
    </trkpt>
    <trkpt lat="42.580417" lon="-2.82833">
      <ele>463.9</ele>
    </trkpt>
    <trkpt lat="42.580357" lon="-2.827664">
      <ele>465</ele>
    </trkpt>
    <trkpt lat="42.580346" lon="-2.826879">
      <ele>465.6</ele>
    </trkpt>
    <trkpt lat="42.580344" lon="-2.826728">
      <ele>465.7</ele>
    </trkpt>
    <trkpt lat="42.580329" lon="-2.82572">
      <ele>466.1</ele>
    </trkpt>
    <trkpt lat="42.580303" lon="-2.823249">
      <ele>469.6</ele>
    </trkpt>
    <trkpt lat="42.580349" lon="-2.822595">
      <ele>471</ele>
    </trkpt>
    <trkpt lat="42.580491" lon="-2.821825">
      <ele>473</ele>
    </trkpt>
    <trkpt lat="42.580592" lon="-2.821456">
      <ele>474.1</ele>
    </trkpt>
    <trkpt lat="42.580821" lon="-2.820867">
      <ele>476.1</ele>
    </trkpt>
    <trkpt lat="42.580951" lon="-2.820587">
      <ele>477.1</ele>
    </trkpt>
    <trkpt lat="42.581282" lon="-2.820044">
      <ele>479.2</ele>
    </trkpt>
    <trkpt lat="42.581477" lon="-2.819785">
      <ele>480.3</ele>
    </trkpt>
    <trkpt lat="42.581816" lon="-2.819415">
      <ele>481.8</ele>
    </trkpt>
    <trkpt lat="42.582229" lon="-2.81907">
      <ele>483.2</ele>
    </trkpt>
    <trkpt lat="42.583009" lon="-2.818545">
      <ele>485.2</ele>
    </trkpt>
    <trkpt lat="42.583357" lon="-2.818221">
      <ele>486</ele>
    </trkpt>
    <trkpt lat="42.58391" lon="-2.817486">
      <ele>487.4</ele>
    </trkpt>
    <trkpt lat="42.584989" lon="-2.815947">
      <ele>490.9</ele>
    </trkpt>
    <trkpt lat="42.585242" lon="-2.815505">
      <ele>492</ele>
    </trkpt>
    <trkpt lat="42.585385" lon="-2.815195">
      <ele>492.8</ele>
    </trkpt>
    <trkpt lat="42.586458" lon="-2.812617">
      <ele>499.5</ele>
    </trkpt>
    <trkpt lat="42.586669" lon="-2.812105">
      <ele>500.7</ele>
    </trkpt>
    <trkpt lat="42.586763" lon="-2.811794">
      <ele>501.3</ele>
    </trkpt>
    <trkpt lat="42.587537" lon="-2.809862">
      <ele>505.1</ele>
    </trkpt>
    <trkpt lat="42.587883" lon="-2.808968">
      <ele>506.5</ele>
    </trkpt>
    <trkpt lat="42.588103" lon="-2.80821">
      <ele>508</ele>
    </trkpt>
    <trkpt lat="42.588253" lon="-2.807479">
      <ele>509.6</ele>
    </trkpt>
    <trkpt lat="42.588342" lon="-2.806731">
      <ele>511.2</ele>
    </trkpt>
    <trkpt lat="42.588418" lon="-2.80459">
      <ele>513.8</ele>
    </trkpt>
    <trkpt lat="42.588439" lon="-2.804497">
      <ele>513.9</ele>
    </trkpt>
    <trkpt lat="42.588443" lon="-2.803557">
      <ele>515</ele>
    </trkpt>
    <trkpt lat="42.588462" lon="-2.801719">
      <ele>517.6</ele>
    </trkpt>
    <trkpt lat="42.588476" lon="-2.801281">
      <ele>518.2</ele>
    </trkpt>
    <trkpt lat="42.588516" lon="-2.80087">
      <ele>518.8</ele>
    </trkpt>
    <trkpt lat="42.588525" lon="-2.800802">
      <ele>518.9</ele>
    </trkpt>
    <trkpt lat="42.588641" lon="-2.8001">
      <ele>519.9</ele>
    </trkpt>
    <trkpt lat="42.588969" lon="-2.798319">
      <ele>522.8</ele>
    </trkpt>
    <trkpt lat="42.589151" lon="-2.797397">
      <ele>525</ele>
    </trkpt>
    <trkpt lat="42.589351" lon="-2.796425">
      <ele>527</ele>
    </trkpt>
    <trkpt lat="42.589462" lon="-2.796101">
      <ele>527.5</ele>
    </trkpt>
    <trkpt lat="42.589676" lon="-2.79579">
      <ele>527.8</ele>
    </trkpt>
    <trkpt lat="42.589796" lon="-2.795685">
      <ele>527.9</ele>
    </trkpt>
    <trkpt lat="42.589915" lon="-2.795581">
      <ele>527.9</ele>
    </trkpt>
    <trkpt lat="42.589759" lon="-2.795214">
      <ele>527.6</ele>
    </trkpt>
    <trkpt lat="42.589482" lon="-2.794559">
      <ele>527.2</ele>
    </trkpt>
    <trkpt lat="42.589453" lon="-2.79449">
      <ele>527.2</ele>
    </trkpt>
    <trkpt lat="42.589252" lon="-2.794071">
      <ele>527.4</ele>
    </trkpt>
    <trkpt lat="42.58914" lon="-2.793848">
      <ele>527.7</ele>
    </trkpt>
    <trkpt lat="42.588999" lon="-2.793422">
      <ele>528.9</ele>
    </trkpt>
    <trkpt lat="42.588778" lon="-2.792896">
      <ele>531.2</ele>
    </trkpt>
    <trkpt lat="42.588693" lon="-2.792679">
      <ele>532.3</ele>
    </trkpt>
    <trkpt lat="42.588659" lon="-2.792468">
      <ele>533.3</ele>
    </trkpt>
    <trkpt lat="42.588669" lon="-2.792295">
      <ele>534.1</ele>
    </trkpt>
    <trkpt lat="42.588759" lon="-2.791907">
      <ele>535.4</ele>
    </trkpt>
    <trkpt lat="42.588913" lon="-2.791335">
      <ele>536.1</ele>
    </trkpt>
    <trkpt lat="42.588936" lon="-2.791199">
      <ele>536</ele>
    </trkpt>
    <trkpt lat="42.588932" lon="-2.790963">
      <ele>535.6</ele>
    </trkpt>
    <trkpt lat="42.588915" lon="-2.790731">
      <ele>535.2</ele>
    </trkpt>
    <trkpt lat="42.588892" lon="-2.790417">
      <ele>534.3</ele>
    </trkpt>
    <trkpt lat="42.588834" lon="-2.790178">
      <ele>533.4</ele>
    </trkpt>
    <trkpt lat="42.588757" lon="-2.790016">
      <ele>532.6</ele>
    </trkpt>
    <trkpt lat="42.588563" lon="-2.78975">
      <ele>531</ele>
    </trkpt>
    <trkpt lat="42.58857" lon="-2.789713">
      <ele>530.9</ele>
    </trkpt>
    <trkpt lat="42.588557" lon="-2.789532">
      <ele>530.2</ele>
    </trkpt>
    <trkpt lat="42.588522" lon="-2.789176">
      <ele>529.4</ele>
    </trkpt>
    <trkpt lat="42.588475" lon="-2.788712">
      <ele>529</ele>
    </trkpt>
    <trkpt lat="42.588475" lon="-2.788357">
      <ele>529.5</ele>
    </trkpt>
    <trkpt lat="42.588535" lon="-2.788135">
      <ele>530</ele>
    </trkpt>
    <trkpt lat="42.588659" lon="-2.787833">
      <ele>530.6</ele>
    </trkpt>
    <trkpt lat="42.588887" lon="-2.787287">
      <ele>530.7</ele>
    </trkpt>
    <trkpt lat="42.589138" lon="-2.786985">
      <ele>530.4</ele>
    </trkpt>
    <trkpt lat="42.589294" lon="-2.786831">
      <ele>529.9</ele>
    </trkpt>
    <trkpt lat="42.589447" lon="-2.786336">
      <ele>528.3</ele>
    </trkpt>
    <trkpt lat="42.58955" lon="-2.785713">
      <ele>525.5</ele>
    </trkpt>
    <trkpt lat="42.589803" lon="-2.784662">
      <ele>521.2</ele>
    </trkpt>
    <trkpt lat="42.590016" lon="-2.784037">
      <ele>520.5</ele>
    </trkpt>
    <trkpt lat="42.590163" lon="-2.783709">
      <ele>520.4</ele>
    </trkpt>
    <trkpt lat="42.591181" lon="-2.78169">
      <ele>525.7</ele>
    </trkpt>
    <trkpt lat="42.591553" lon="-2.781027">
      <ele>528.2</ele>
    </trkpt>
    <trkpt lat="42.591726" lon="-2.780502">
      <ele>529.7</ele>
    </trkpt>
    <trkpt lat="42.591954" lon="-2.780129">
      <ele>530.9</ele>
    </trkpt>
    <trkpt lat="42.592036" lon="-2.780076">
      <ele>531.2</ele>
    </trkpt>
    <trkpt lat="42.592872" lon="-2.778332">
      <ele>535</ele>
    </trkpt>
    <trkpt lat="42.593652" lon="-2.77676">
      <ele>540</ele>
    </trkpt>
    <trkpt lat="42.594779" lon="-2.774761">
      <ele>545.2</ele>
    </trkpt>
    <trkpt lat="42.594839" lon="-2.774531">
      <ele>545.7</ele>
    </trkpt>
    <trkpt lat="42.594872" lon="-2.773046">
      <ele>550</ele>
    </trkpt>
    <trkpt lat="42.594902" lon="-2.772877">
      <ele>550.5</ele>
    </trkpt>
    <trkpt lat="42.595006" lon="-2.772684">
      <ele>551.3</ele>
    </trkpt>
    <trkpt lat="42.595303" lon="-2.772394">
      <ele>552.9</ele>
    </trkpt>
    <trkpt lat="42.595396" lon="-2.772243">
      <ele>553.6</ele>
    </trkpt>
    <trkpt lat="42.595507" lon="-2.771986">
      <ele>554.5</ele>
    </trkpt>
    <trkpt lat="42.595688" lon="-2.771485">
      <ele>556.4</ele>
    </trkpt>
    <trkpt lat="42.595824" lon="-2.77118">
      <ele>557.6</ele>
    </trkpt>
    <trkpt lat="42.595973" lon="-2.771029">
      <ele>558.5</ele>
    </trkpt>
    <trkpt lat="42.5976" lon="-2.770208">
      <ele>567.1</ele>
    </trkpt>
    <trkpt lat="42.597776" lon="-2.770078">
      <ele>568.1</ele>
    </trkpt>
    <trkpt lat="42.597842" lon="-2.769981">
      <ele>568.6</ele>
    </trkpt>
    <trkpt lat="42.597932" lon="-2.769773">
      <ele>569.5</ele>
    </trkpt>
    <trkpt lat="42.598353" lon="-2.768607">
      <ele>574.6</ele>
    </trkpt>
    <trkpt lat="42.598795" lon="-2.76781">
      <ele>578.7</ele>
    </trkpt>
    <trkpt lat="42.599199" lon="-2.767145">
      <ele>581.9</ele>
    </trkpt>
    <trkpt lat="42.599244" lon="-2.767026">
      <ele>582.3</ele>
    </trkpt>
    <trkpt lat="42.599248" lon="-2.766928">
      <ele>582.6</ele>
    </trkpt>
    <trkpt lat="42.599198" lon="-2.76681">
      <ele>583.1</ele>
    </trkpt>
    <trkpt lat="42.599015" lon="-2.766618">
      <ele>583.9</ele>
    </trkpt>
    <trkpt lat="42.598922" lon="-2.766569">
      <ele>584.3</ele>
    </trkpt>
    <trkpt lat="42.598784" lon="-2.766556">
      <ele>584.7</ele>
    </trkpt>
    <trkpt lat="42.598273" lon="-2.766705">
      <ele>586.2</ele>
    </trkpt>
    <trkpt lat="42.598159" lon="-2.766666">
      <ele>586.5</ele>
    </trkpt>
    <trkpt lat="42.598055" lon="-2.766559">
      <ele>586.8</ele>
    </trkpt>
    <trkpt lat="42.597981" lon="-2.766335">
      <ele>587.3</ele>
    </trkpt>
    <trkpt lat="42.597732" lon="-2.765116">
      <ele>590.8</ele>
    </trkpt>
    <trkpt lat="42.597719" lon="-2.76493">
      <ele>591.4</ele>
    </trkpt>
    <trkpt lat="42.597737" lon="-2.764351">
      <ele>593.6</ele>
    </trkpt>
    <trkpt lat="42.597758" lon="-2.764035">
      <ele>594.8</ele>
    </trkpt>
    <trkpt lat="42.597801" lon="-2.763778">
      <ele>595.9</ele>
    </trkpt>
    <trkpt lat="42.598142" lon="-2.762551">
      <ele>601.2</ele>
    </trkpt>
    <trkpt lat="42.598319" lon="-2.761921">
      <ele>603.6</ele>
    </trkpt>
    <trkpt lat="42.598431" lon="-2.761508">
      <ele>605.3</ele>
    </trkpt>
    <trkpt lat="42.598535" lon="-2.761212">
      <ele>606.5</ele>
    </trkpt>
    <trkpt lat="42.598667" lon="-2.761021">
      <ele>607.5</ele>
    </trkpt>
    <trkpt lat="42.599747" lon="-2.759986">
      <ele>615</ele>
    </trkpt>
    <trkpt lat="42.599956" lon="-2.759744">
      <ele>616.6</ele>
    </trkpt>
    <trkpt lat="42.600035" lon="-2.759546">
      <ele>617.6</ele>
    </trkpt>
    <trkpt lat="42.600246" lon="-2.758528">
      <ele>622.4</ele>
    </trkpt>
    <trkpt lat="42.600335" lon="-2.758262">
      <ele>623.8</ele>
    </trkpt>
    <trkpt lat="42.600404" lon="-2.758139">
      <ele>624.4</ele>
    </trkpt>
    <trkpt lat="42.601053" lon="-2.757352">
      <ele>628.9</ele>
    </trkpt>
    <trkpt lat="42.601371" lon="-2.756906">
      <ele>630.7</ele>
    </trkpt>
    <trkpt lat="42.601793" lon="-2.756305">
      <ele>632.7</ele>
    </trkpt>
    <trkpt lat="42.601902" lon="-2.756106">
      <ele>633.2</ele>
    </trkpt>
    <trkpt lat="42.60196" lon="-2.755819">
      <ele>633.8</ele>
    </trkpt>
    <trkpt lat="42.60198" lon="-2.755295">
      <ele>634.9</ele>
    </trkpt>
    <trkpt lat="42.602043" lon="-2.755019">
      <ele>635.5</ele>
    </trkpt>
    <trkpt lat="42.602145" lon="-2.754869">
      <ele>635.8</ele>
    </trkpt>
    <trkpt lat="42.602228" lon="-2.754794">
      <ele>636</ele>
    </trkpt>
    <trkpt lat="42.602637" lon="-2.754494">
      <ele>636.8</ele>
    </trkpt>
    <trkpt lat="42.602866" lon="-2.754183">
      <ele>637.3</ele>
    </trkpt>
    <trkpt lat="42.603029" lon="-2.753905">
      <ele>637.7</ele>
    </trkpt>
    <trkpt lat="42.603117" lon="-2.753703">
      <ele>638.1</ele>
    </trkpt>
    <trkpt lat="42.603178" lon="-2.75341">
      <ele>638.6</ele>
    </trkpt>
    <trkpt lat="42.603211" lon="-2.753107">
      <ele>639.2</ele>
    </trkpt>
    <trkpt lat="42.603261" lon="-2.752965">
      <ele>639.6</ele>
    </trkpt>
    <trkpt lat="42.603586" lon="-2.752448">
      <ele>642</ele>
    </trkpt>
    <trkpt lat="42.603908" lon="-2.752174">
      <ele>644.2</ele>
    </trkpt>
    <trkpt lat="42.603983" lon="-2.752047">
      <ele>645</ele>
    </trkpt>
    <trkpt lat="42.604022" lon="-2.75191">
      <ele>645.6</ele>
    </trkpt>
    <trkpt lat="42.604073" lon="-2.751896">
      <ele>645.9</ele>
    </trkpt>
    <trkpt lat="42.6042" lon="-2.751789">
      <ele>646.7</ele>
    </trkpt>
    <trkpt lat="42.60425" lon="-2.751708">
      <ele>647.1</ele>
    </trkpt>
    <trkpt lat="42.60436" lon="-2.751349">
      <ele>648.4</ele>
    </trkpt>
    <trkpt lat="42.604474" lon="-2.750848">
      <ele>649.8</ele>
    </trkpt>
    <trkpt lat="42.604574" lon="-2.750634">
      <ele>650.7</ele>
    </trkpt>
    <trkpt lat="42.605109" lon="-2.750039">
      <ele>653.9</ele>
    </trkpt>
    <trkpt lat="42.605154" lon="-2.750007">
      <ele>654.1</ele>
    </trkpt>
    <trkpt lat="42.605255" lon="-2.749999">
      <ele>654.5</ele>
    </trkpt>
    <trkpt lat="42.605343" lon="-2.750085">
      <ele>655.1</ele>
    </trkpt>
    <trkpt lat="42.60536" lon="-2.750169">
      <ele>655.4</ele>
    </trkpt>
    <trkpt lat="42.605335" lon="-2.750315">
      <ele>656</ele>
    </trkpt>
    <trkpt lat="42.605047" lon="-2.751164">
      <ele>661.2</ele>
    </trkpt>
    <trkpt lat="42.605034" lon="-2.751621">
      <ele>664.1</ele>
    </trkpt>
    <trkpt lat="42.604923" lon="-2.752105">
      <ele>666.4</ele>
    </trkpt>
    <trkpt lat="42.604943" lon="-2.752629">
      <ele>668.1</ele>
    </trkpt>
    <trkpt lat="42.604924" lon="-2.752818">
      <ele>668.7</ele>
    </trkpt>
    <trkpt lat="42.604816" lon="-2.752992">
      <ele>669.3</ele>
    </trkpt>
    <trkpt lat="42.604385" lon="-2.753297">
      <ele>670.7</ele>
    </trkpt>
    <trkpt lat="42.604293" lon="-2.75344">
      <ele>671.1</ele>
    </trkpt>
    <trkpt lat="42.604217" lon="-2.753622">
      <ele>671.5</ele>
    </trkpt>
    <trkpt lat="42.604113" lon="-2.75395">
      <ele>672.2</ele>
    </trkpt>
    <trkpt lat="42.604058" lon="-2.754237">
      <ele>673.1</ele>
    </trkpt>
    <trkpt lat="42.603964" lon="-2.755086">
      <ele>676.8</ele>
    </trkpt>
    <trkpt lat="42.603953" lon="-2.755313">
      <ele>677.8</ele>
    </trkpt>
    <trkpt lat="42.603976" lon="-2.75553">
      <ele>678.8</ele>
    </trkpt>
    <trkpt lat="42.604028" lon="-2.755622">
      <ele>679.3</ele>
    </trkpt>
    <trkpt lat="42.604095" lon="-2.755651">
      <ele>679.7</ele>
    </trkpt>
    <trkpt lat="42.604141" lon="-2.755637">
      <ele>680</ele>
    </trkpt>
    <trkpt lat="42.604197" lon="-2.755563">
      <ele>680.5</ele>
    </trkpt>
    <trkpt lat="42.604215" lon="-2.755403">
      <ele>681.2</ele>
    </trkpt>
    <trkpt lat="42.604196" lon="-2.754911">
      <ele>683.2</ele>
    </trkpt>
    <trkpt lat="42.604332" lon="-2.754336">
      <ele>685.9</ele>
    </trkpt>
    <trkpt lat="42.604478" lon="-2.754004">
      <ele>687.2</ele>
    </trkpt>
    <trkpt lat="42.604537" lon="-2.753918">
      <ele>687.7</ele>
    </trkpt>
    <trkpt lat="42.604707" lon="-2.753771">
      <ele>688.9</ele>
    </trkpt>
    <trkpt lat="42.605549" lon="-2.753365">
      <ele>694.5</ele>
    </trkpt>
    <trkpt lat="42.605695" lon="-2.75324">
      <ele>695.5</ele>
    </trkpt>
    <trkpt lat="42.605757" lon="-2.753109">
      <ele>696.2</ele>
    </trkpt>
    <trkpt lat="42.605832" lon="-2.752631">
      <ele>698.1</ele>
    </trkpt>
    <trkpt lat="42.605935" lon="-2.752316">
      <ele>699.4</ele>
    </trkpt>
    <trkpt lat="42.60618" lon="-2.751723">
      <ele>702.2</ele>
    </trkpt>
    <trkpt lat="42.606236" lon="-2.751626">
      <ele>702.8</ele>
    </trkpt>
    <trkpt lat="42.606357" lon="-2.751504">
      <ele>703.8</ele>
    </trkpt>
    <trkpt lat="42.606458" lon="-2.751446">
      <ele>704.7</ele>
    </trkpt>
    <trkpt lat="42.607017" lon="-2.751259">
      <ele>710.6</ele>
    </trkpt>
    <trkpt lat="42.607259" lon="-2.751269">
      <ele>713.7</ele>
    </trkpt>
    <trkpt lat="42.607876" lon="-2.751542">
      <ele>722.5</ele>
    </trkpt>
    <trkpt lat="42.608082" lon="-2.751707">
      <ele>725.3</ele>
    </trkpt>
    <trkpt lat="42.608307" lon="-2.751943">
      <ele>728.2</ele>
    </trkpt>
    <trkpt lat="42.608441" lon="-2.752016">
      <ele>729.4</ele>
    </trkpt>
    <trkpt lat="42.608528" lon="-2.752017">
      <ele>730</ele>
    </trkpt>
    <trkpt lat="42.608821" lon="-2.751954">
      <ele>731.7</ele>
    </trkpt>
    <trkpt lat="42.608932" lon="-2.751902">
      <ele>732.2</ele>
    </trkpt>
    <trkpt lat="42.60941" lon="-2.751481">
      <ele>733.1</ele>
    </trkpt>
    <trkpt lat="42.609503" lon="-2.751331">
      <ele>733</ele>
    </trkpt>
    <trkpt lat="42.609546" lon="-2.751118">
      <ele>732.9</ele>
    </trkpt>
    <trkpt lat="42.609539" lon="-2.750602">
      <ele>733</ele>
    </trkpt>
    <trkpt lat="42.609514" lon="-2.750413">
      <ele>733.2</ele>
    </trkpt>
    <trkpt lat="42.609452" lon="-2.750194">
      <ele>733.5</ele>
    </trkpt>
    <trkpt lat="42.609448" lon="-2.750042">
      <ele>733.8</ele>
    </trkpt>
    <trkpt lat="42.609465" lon="-2.749965">
      <ele>733.9</ele>
    </trkpt>
    <trkpt lat="42.609742" lon="-2.749366">
      <ele>735.8</ele>
    </trkpt>
    <trkpt lat="42.60985" lon="-2.748967">
      <ele>737.3</ele>
    </trkpt>
    <trkpt lat="42.610075" lon="-2.748632">
      <ele>739</ele>
    </trkpt>
    <trkpt lat="42.610108" lon="-2.748452">
      <ele>739.8</ele>
    </trkpt>
    <trkpt lat="42.610073" lon="-2.748227">
      <ele>740.8</ele>
    </trkpt>
    <trkpt lat="42.610078" lon="-2.747994">
      <ele>741.8</ele>
    </trkpt>
    <trkpt lat="42.610181" lon="-2.747651">
      <ele>743.4</ele>
    </trkpt>
    <trkpt lat="42.610401" lon="-2.747346">
      <ele>745.3</ele>
    </trkpt>
    <trkpt lat="42.610868" lon="-2.746807">
      <ele>749.3</ele>
    </trkpt>
    <trkpt lat="42.611891" lon="-2.746202">
      <ele>758.1</ele>
    </trkpt>
    <trkpt lat="42.612719" lon="-2.745498">
      <ele>766.2</ele>
    </trkpt>
    <trkpt lat="42.612886" lon="-2.745385">
      <ele>767.8</ele>
    </trkpt>
    <trkpt lat="42.613017" lon="-2.745212">
      <ele>769.5</ele>
    </trkpt>
    <trkpt lat="42.61317" lon="-2.744803">
      <ele>772.6</ele>
    </trkpt>
    <trkpt lat="42.613281" lon="-2.744682">
      <ele>774</ele>
    </trkpt>
    <trkpt lat="42.613381" lon="-2.744624">
      <ele>775</ele>
    </trkpt>
    <trkpt lat="42.613502" lon="-2.744607">
      <ele>776.1</ele>
    </trkpt>
    <trkpt lat="42.614428" lon="-2.744663">
      <ele>783.8</ele>
    </trkpt>
    <trkpt lat="42.614546" lon="-2.744592">
      <ele>784.7</ele>
    </trkpt>
    <trkpt lat="42.614595" lon="-2.744502">
      <ele>785.2</ele>
    </trkpt>
    <trkpt lat="42.614623" lon="-2.744281">
      <ele>786</ele>
    </trkpt>
    <trkpt lat="42.614604" lon="-2.744116">
      <ele>786.6</ele>
    </trkpt>
    <trkpt lat="42.614548" lon="-2.743957">
      <ele>787.1</ele>
    </trkpt>
    <trkpt lat="42.614419" lon="-2.743835">
      <ele>787.6</ele>
    </trkpt>
    <trkpt lat="42.613881" lon="-2.743535">
      <ele>788.7</ele>
    </trkpt>
    <trkpt lat="42.613219" lon="-2.743321">
      <ele>790.7</ele>
    </trkpt>
    <trkpt lat="42.613078" lon="-2.743164">
      <ele>791.6</ele>
    </trkpt>
    <trkpt lat="42.613048" lon="-2.743081">
      <ele>791.9</ele>
    </trkpt>
    <trkpt lat="42.613036" lon="-2.742919">
      <ele>792.5</ele>
    </trkpt>
    <trkpt lat="42.613151" lon="-2.742246">
      <ele>795.3</ele>
    </trkpt>
    <trkpt lat="42.613147" lon="-2.741993">
      <ele>796.4</ele>
    </trkpt>
    <trkpt lat="42.61308" lon="-2.741841">
      <ele>797.1</ele>
    </trkpt>
    <trkpt lat="42.61268" lon="-2.741326">
      <ele>800</ele>
    </trkpt>
    <trkpt lat="42.61258" lon="-2.741159">
      <ele>800.6</ele>
    </trkpt>
    <trkpt lat="42.612453" lon="-2.740614">
      <ele>802.2</ele>
    </trkpt>
    <trkpt lat="42.612308" lon="-2.740217">
      <ele>803.3</ele>
    </trkpt>
    <trkpt lat="42.612294" lon="-2.740073">
      <ele>803.7</ele>
    </trkpt>
    <trkpt lat="42.612332" lon="-2.739786">
      <ele>804.5</ele>
    </trkpt>
    <trkpt lat="42.612406" lon="-2.739628">
      <ele>805.1</ele>
    </trkpt>
    <trkpt lat="42.61248" lon="-2.73955">
      <ele>805.5</ele>
    </trkpt>
    <trkpt lat="42.612661" lon="-2.739386">
      <ele>806.7</ele>
    </trkpt>
    <trkpt lat="42.612761" lon="-2.739217">
      <ele>807.6</ele>
    </trkpt>
    <trkpt lat="42.612875" lon="-2.73878">
      <ele>809.8</ele>
    </trkpt>
    <trkpt lat="42.61297" lon="-2.738591">
      <ele>811</ele>
    </trkpt>
    <trkpt lat="42.613079" lon="-2.738541">
      <ele>811.8</ele>
    </trkpt>
    <trkpt lat="42.613271" lon="-2.738572">
      <ele>813.1</ele>
    </trkpt>
    <trkpt lat="42.61343" lon="-2.738524">
      <ele>814.1</ele>
    </trkpt>
    <trkpt lat="42.613885" lon="-2.73824">
      <ele>817.3</ele>
    </trkpt>
    <trkpt lat="42.614058" lon="-2.738043">
      <ele>818.9</ele>
    </trkpt>
    <trkpt lat="42.614187" lon="-2.737733">
      <ele>820.8</ele>
    </trkpt>
    <trkpt lat="42.614222" lon="-2.73759">
      <ele>821.6</ele>
    </trkpt>
    <trkpt lat="42.614462" lon="-2.736094">
      <ele>831.4</ele>
    </trkpt>
    <trkpt lat="42.614548" lon="-2.735971">
      <ele>832.7</ele>
    </trkpt>
    <trkpt lat="42.614808" lon="-2.735809">
      <ele>835.4</ele>
    </trkpt>
    <trkpt lat="42.614855" lon="-2.735754">
      <ele>836</ele>
    </trkpt>
    <trkpt lat="42.614914" lon="-2.735563">
      <ele>837.4</ele>
    </trkpt>
    <trkpt lat="42.614878" lon="-2.735359">
      <ele>838.7</ele>
    </trkpt>
    <trkpt lat="42.614813" lon="-2.735201">
      <ele>839.9</ele>
    </trkpt>
    <trkpt lat="42.61471" lon="-2.735046">
      <ele>841.1</ele>
    </trkpt>
    <trkpt lat="42.614242" lon="-2.734798">
      <ele>844.5</ele>
    </trkpt>
    <trkpt lat="42.613972" lon="-2.734744">
      <ele>845.8</ele>
    </trkpt>
    <trkpt lat="42.613791" lon="-2.73474">
      <ele>846.3</ele>
    </trkpt>
    <trkpt lat="42.613296" lon="-2.73483">
      <ele>847</ele>
    </trkpt>
    <trkpt lat="42.613163" lon="-2.734878">
      <ele>847.2</ele>
    </trkpt>
    <trkpt lat="42.613036" lon="-2.734966">
      <ele>847.5</ele>
    </trkpt>
    <trkpt lat="42.612756" lon="-2.735286">
      <ele>848.4</ele>
    </trkpt>
    <trkpt lat="42.612653" lon="-2.735343">
      <ele>848.7</ele>
    </trkpt>
    <trkpt lat="42.612547" lon="-2.73535">
      <ele>849.1</ele>
    </trkpt>
    <trkpt lat="42.612406" lon="-2.735273">
      <ele>849.7</ele>
    </trkpt>
    <trkpt lat="42.61212" lon="-2.73504">
      <ele>851.4</ele>
    </trkpt>
    <trkpt lat="42.612026" lon="-2.734949">
      <ele>852</ele>
    </trkpt>
    <trkpt lat="42.611951" lon="-2.734812">
      <ele>852.7</ele>
    </trkpt>
    <trkpt lat="42.611883" lon="-2.734511">
      <ele>854.3</ele>
    </trkpt>
    <trkpt lat="42.611899" lon="-2.733997">
      <ele>857</ele>
    </trkpt>
    <trkpt lat="42.611871" lon="-2.733848">
      <ele>857.8</ele>
    </trkpt>
    <trkpt lat="42.61161" lon="-2.733332">
      <ele>860.2</ele>
    </trkpt>
    <trkpt lat="42.611482" lon="-2.733169">
      <ele>860.8</ele>
    </trkpt>
    <trkpt lat="42.611226" lon="-2.732973">
      <ele>861.6</ele>
    </trkpt>
    <trkpt lat="42.610613" lon="-2.73234">
      <ele>863.3</ele>
    </trkpt>
    <trkpt lat="42.610421" lon="-2.732049">
      <ele>864.5</ele>
    </trkpt>
    <trkpt lat="42.610309" lon="-2.731805">
      <ele>865.6</ele>
    </trkpt>
    <trkpt lat="42.610288" lon="-2.731638">
      <ele>866.5</ele>
    </trkpt>
    <trkpt lat="42.610341" lon="-2.731361">
      <ele>868</ele>
    </trkpt>
    <trkpt lat="42.610341" lon="-2.73115">
      <ele>869.3</ele>
    </trkpt>
    <trkpt lat="42.610383" lon="-2.730994">
      <ele>870.4</ele>
    </trkpt>
    <trkpt lat="42.610429" lon="-2.730955">
      <ele>870.9</ele>
    </trkpt>
    <trkpt lat="42.610538" lon="-2.730942">
      <ele>871.9</ele>
    </trkpt>
    <trkpt lat="42.610597" lon="-2.730978">
      <ele>872.6</ele>
    </trkpt>
    <trkpt lat="42.610733" lon="-2.731266">
      <ele>875</ele>
    </trkpt>
    <trkpt lat="42.610802" lon="-2.731345">
      <ele>875.8</ele>
    </trkpt>
    <trkpt lat="42.610893" lon="-2.731362">
      <ele>876.7</ele>
    </trkpt>
    <trkpt lat="42.610973" lon="-2.731328">
      <ele>877.4</ele>
    </trkpt>
    <trkpt lat="42.611067" lon="-2.731185">
      <ele>878.6</ele>
    </trkpt>
    <trkpt lat="42.611086" lon="-2.731121">
      <ele>879</ele>
    </trkpt>
    <trkpt lat="42.611122" lon="-2.730461">
      <ele>883.4</ele>
    </trkpt>
    <trkpt lat="42.611097" lon="-2.730284">
      <ele>884.5</ele>
    </trkpt>
    <trkpt lat="42.610974" lon="-2.730007">
      <ele>886.6</ele>
    </trkpt>
    <trkpt lat="42.610989" lon="-2.729716">
      <ele>888.5</ele>
    </trkpt>
    <trkpt lat="42.610989" lon="-2.729523">
      <ele>889.8</ele>
    </trkpt>
    <trkpt lat="42.610849" lon="-2.728918">
      <ele>894</ele>
    </trkpt>
    <trkpt lat="42.61086" lon="-2.728657">
      <ele>895.8</ele>
    </trkpt>
    <trkpt lat="42.61093" lon="-2.728524">
      <ele>896.8</ele>
    </trkpt>
    <trkpt lat="42.611027" lon="-2.728441">
      <ele>897.8</ele>
    </trkpt>
    <trkpt lat="42.611221" lon="-2.728394">
      <ele>899.6</ele>
    </trkpt>
    <trkpt lat="42.611468" lon="-2.72838">
      <ele>901.5</ele>
    </trkpt>
    <trkpt lat="42.611747" lon="-2.728534">
      <ele>903.3</ele>
    </trkpt>
    <trkpt lat="42.613363" lon="-2.729954">
      <ele>909</ele>
    </trkpt>
    <trkpt lat="42.614246" lon="-2.730466">
      <ele>912.5</ele>
    </trkpt>
    <trkpt lat="42.614992" lon="-2.730603">
      <ele>916</ele>
    </trkpt>
    <trkpt lat="42.615129" lon="-2.730572">
      <ele>916.8</ele>
    </trkpt>
    <trkpt lat="42.615388" lon="-2.730437">
      <ele>918.4</ele>
    </trkpt>
    <trkpt lat="42.615492" lon="-2.730422">
      <ele>919</ele>
    </trkpt>
    <trkpt lat="42.61565" lon="-2.730455">
      <ele>920</ele>
    </trkpt>
    <trkpt lat="42.615993" lon="-2.730676">
      <ele>922.2</ele>
    </trkpt>
    <trkpt lat="42.616498" lon="-2.730597">
      <ele>925</ele>
    </trkpt>
    <trkpt lat="42.616841" lon="-2.730729">
      <ele>927.3</ele>
    </trkpt>
    <trkpt lat="42.617237" lon="-2.730755">
      <ele>929.6</ele>
    </trkpt>
    <trkpt lat="42.617395" lon="-2.730751">
      <ele>930.6</ele>
    </trkpt>
    <trkpt lat="42.6175" lon="-2.730753">
      <ele>931.2</ele>
    </trkpt>
    <trkpt lat="42.617614" lon="-2.730802">
      <ele>931.9</ele>
    </trkpt>
    <trkpt lat="42.617691" lon="-2.730899">
      <ele>932.5</ele>
    </trkpt>
    <trkpt lat="42.617829" lon="-2.731346">
      <ele>934.1</ele>
    </trkpt>
    <trkpt lat="42.617905" lon="-2.731479">
      <ele>934.7</ele>
    </trkpt>
    <trkpt lat="42.617923" lon="-2.731498">
      <ele>934.8</ele>
    </trkpt>
    <trkpt lat="42.617997" lon="-2.73154">
      <ele>935.2</ele>
    </trkpt>
    <trkpt lat="42.618031" lon="-2.731559">
      <ele>935.4</ele>
    </trkpt>
    <trkpt lat="42.618254" lon="-2.731758">
      <ele>936.6</ele>
    </trkpt>
    <trkpt lat="42.618637" lon="-2.73194">
      <ele>937.8</ele>
    </trkpt>
    <trkpt lat="42.618748" lon="-2.732068">
      <ele>938.1</ele>
    </trkpt>
    <trkpt lat="42.618963" lon="-2.732456">
      <ele>938.2</ele>
    </trkpt>
    <trkpt lat="42.619312" lon="-2.732952">
      <ele>936.9</ele>
    </trkpt>
    <trkpt lat="42.619394" lon="-2.733001">
      <ele>936.6</ele>
    </trkpt>
    <trkpt lat="42.619458" lon="-2.733005">
      <ele>936.3</ele>
    </trkpt>
    <trkpt lat="42.619506" lon="-2.732954">
      <ele>936</ele>
    </trkpt>
    <trkpt lat="42.619524" lon="-2.732858">
      <ele>935.6</ele>
    </trkpt>
    <trkpt lat="42.619506" lon="-2.732751">
      <ele>935.2</ele>
    </trkpt>
    <trkpt lat="42.61935" lon="-2.732338">
      <ele>932.7</ele>
    </trkpt>
    <trkpt lat="42.619337" lon="-2.732109">
      <ele>931.3</ele>
    </trkpt>
    <trkpt lat="42.619428" lon="-2.731602">
      <ele>927.8</ele>
    </trkpt>
    <trkpt lat="42.619409" lon="-2.731464">
      <ele>926.9</ele>
    </trkpt>
    <trkpt lat="42.619324" lon="-2.73126">
      <ele>925.3</ele>
    </trkpt>
    <trkpt lat="42.61932" lon="-2.73113">
      <ele>924.4</ele>
    </trkpt>
    <trkpt lat="42.619344" lon="-2.730938">
      <ele>923.1</ele>
    </trkpt>
    <trkpt lat="42.619822" lon="-2.728936">
      <ele>910.8</ele>
    </trkpt>
    <trkpt lat="42.619851" lon="-2.728651">
      <ele>909.3</ele>
    </trkpt>
    <trkpt lat="42.619844" lon="-2.728412">
      <ele>907.9</ele>
    </trkpt>
    <trkpt lat="42.619791" lon="-2.728177">
      <ele>906.5</ele>
    </trkpt>
    <trkpt lat="42.619644" lon="-2.727839">
      <ele>904.3</ele>
    </trkpt>
    <trkpt lat="42.619629" lon="-2.727673">
      <ele>903.4</ele>
    </trkpt>
    <trkpt lat="42.619791" lon="-2.727243">
      <ele>901</ele>
    </trkpt>
    <trkpt lat="42.619836" lon="-2.726976">
      <ele>899.6</ele>
    </trkpt>
    <trkpt lat="42.619802" lon="-2.72673">
      <ele>898.5</ele>
    </trkpt>
    <trkpt lat="42.61975" lon="-2.72662">
      <ele>897.8</ele>
    </trkpt>
    <trkpt lat="42.619622" lon="-2.726492">
      <ele>896.9</ele>
    </trkpt>
    <trkpt lat="42.61923" lon="-2.72599">
      <ele>894.4</ele>
    </trkpt>
    <trkpt lat="42.618843" lon="-2.725605">
      <ele>892.8</ele>
    </trkpt>
    <trkpt lat="42.618483" lon="-2.725376">
      <ele>891.2</ele>
    </trkpt>
    <trkpt lat="42.61842" lon="-2.7253">
      <ele>890.9</ele>
    </trkpt>
    <trkpt lat="42.618388" lon="-2.72523">
      <ele>890.5</ele>
    </trkpt>
    <trkpt lat="42.618367" lon="-2.72509">
      <ele>890</ele>
    </trkpt>
    <trkpt lat="42.61838" lon="-2.72498">
      <ele>889.5</ele>
    </trkpt>
    <trkpt lat="42.61858" lon="-2.72483">
      <ele>888.1</ele>
    </trkpt>
    <trkpt lat="42.61875" lon="-2.724793">
      <ele>887</ele>
    </trkpt>
    <trkpt lat="42.619144" lon="-2.724772">
      <ele>884.1</ele>
    </trkpt>
    <trkpt lat="42.619495" lon="-2.724661">
      <ele>881.1</ele>
    </trkpt>
    <trkpt lat="42.619598" lon="-2.724663">
      <ele>880.2</ele>
    </trkpt>
    <trkpt lat="42.61979" lon="-2.724843">
      <ele>878.3</ele>
    </trkpt>
    <trkpt lat="42.620022" lon="-2.724964">
      <ele>876.2</ele>
    </trkpt>
    <trkpt lat="42.620576" lon="-2.725175">
      <ele>871.8</ele>
    </trkpt>
    <trkpt lat="42.62138" lon="-2.72558">
      <ele>868.3</ele>
    </trkpt>
    <trkpt lat="42.621508" lon="-2.725611">
      <ele>868</ele>
    </trkpt>
    <trkpt lat="42.621602" lon="-2.725602">
      <ele>867.8</ele>
    </trkpt>
    <trkpt lat="42.621765" lon="-2.725515">
      <ele>867.5</ele>
    </trkpt>
    <trkpt lat="42.622143" lon="-2.72514">
      <ele>866.4</ele>
    </trkpt>
    <trkpt lat="42.622283" lon="-2.724923">
      <ele>865.6</ele>
    </trkpt>
    <trkpt lat="42.62249" lon="-2.72476">
      <ele>864.4</ele>
    </trkpt>
    <trkpt lat="42.622696" lon="-2.724673">
      <ele>862.8</ele>
    </trkpt>
    <trkpt lat="42.622963" lon="-2.724676">
      <ele>860.1</ele>
    </trkpt>
    <trkpt lat="42.623174" lon="-2.724738">
      <ele>857.6</ele>
    </trkpt>
    <trkpt lat="42.62332" lon="-2.72484">
      <ele>856</ele>
    </trkpt>
    <trkpt lat="42.623712" lon="-2.725508">
      <ele>849.9</ele>
    </trkpt>
    <trkpt lat="42.623746" lon="-2.725561">
      <ele>849.4</ele>
    </trkpt>
    <trkpt lat="42.623849" lon="-2.725612">
      <ele>848.4</ele>
    </trkpt>
    <trkpt lat="42.623964" lon="-2.725628">
      <ele>847.4</ele>
    </trkpt>
    <trkpt lat="42.624124" lon="-2.725602">
      <ele>846</ele>
    </trkpt>
    <trkpt lat="42.624424" lon="-2.725498">
      <ele>843.6</ele>
    </trkpt>
    <trkpt lat="42.62458" lon="-2.72553">
      <ele>842.6</ele>
    </trkpt>
    <trkpt lat="42.62472" lon="-2.72562">
      <ele>841.9</ele>
    </trkpt>
    <trkpt lat="42.624995" lon="-2.725983">
      <ele>840.8</ele>
    </trkpt>
    <trkpt lat="42.625109" lon="-2.72606">
      <ele>840.3</ele>
    </trkpt>
    <trkpt lat="42.625446" lon="-2.726175">
      <ele>838.4</ele>
    </trkpt>
    <trkpt lat="42.625616" lon="-2.726174">
      <ele>837.4</ele>
    </trkpt>
    <trkpt lat="42.626362" lon="-2.726053">
      <ele>833.5</ele>
    </trkpt>
    <trkpt lat="42.62662" lon="-2.725956">
      <ele>832.5</ele>
    </trkpt>
    <trkpt lat="42.627555" lon="-2.725193">
      <ele>828.4</ele>
    </trkpt>
    <trkpt lat="42.627744" lon="-2.724966">
      <ele>827.7</ele>
    </trkpt>
    <trkpt lat="42.627818" lon="-2.72475">
      <ele>827.2</ele>
    </trkpt>
    <trkpt lat="42.627823" lon="-2.724596">
      <ele>826.8</ele>
    </trkpt>
    <trkpt lat="42.627796" lon="-2.72422">
      <ele>825.6</ele>
    </trkpt>
    <trkpt lat="42.627732" lon="-2.72389">
      <ele>824.4</ele>
    </trkpt>
    <trkpt lat="42.627736" lon="-2.723792">
      <ele>824</ele>
    </trkpt>
    <trkpt lat="42.627772" lon="-2.72371">
      <ele>823.6</ele>
    </trkpt>
    <trkpt lat="42.627846" lon="-2.723646">
      <ele>823.2</ele>
    </trkpt>
    <trkpt lat="42.628" lon="-2.72367">
      <ele>822.3</ele>
    </trkpt>
    <trkpt lat="42.628518" lon="-2.723938">
      <ele>819</ele>
    </trkpt>
    <trkpt lat="42.62865" lon="-2.723971">
      <ele>818.2</ele>
    </trkpt>
    <trkpt lat="42.62878" lon="-2.72396">
      <ele>817.4</ele>
    </trkpt>
    <trkpt lat="42.628898" lon="-2.723888">
      <ele>816.6</ele>
    </trkpt>
    <trkpt lat="42.629115" lon="-2.723648">
      <ele>815</ele>
    </trkpt>
    <trkpt lat="42.629332" lon="-2.72326">
      <ele>813.5</ele>
    </trkpt>
    <trkpt lat="42.629474" lon="-2.722916">
      <ele>812.6</ele>
    </trkpt>
    <trkpt lat="42.629616" lon="-2.721911">
      <ele>810.1</ele>
    </trkpt>
    <trkpt lat="42.629709" lon="-2.721585">
      <ele>808.6</ele>
    </trkpt>
    <trkpt lat="42.629938" lon="-2.721178">
      <ele>805.4</ele>
    </trkpt>
    <trkpt lat="42.630072" lon="-2.721013">
      <ele>803.6</ele>
    </trkpt>
    <trkpt lat="42.630216" lon="-2.720929">
      <ele>801.9</ele>
    </trkpt>
    <trkpt lat="42.630529" lon="-2.720842">
      <ele>798.4</ele>
    </trkpt>
    <trkpt lat="42.63071" lon="-2.720866">
      <ele>796.3</ele>
    </trkpt>
    <trkpt lat="42.631042" lon="-2.721017">
      <ele>792.5</ele>
    </trkpt>
    <trkpt lat="42.63115" lon="-2.72101">
      <ele>791.3</ele>
    </trkpt>
    <trkpt lat="42.631885" lon="-2.720673">
      <ele>784.5</ele>
    </trkpt>
    <trkpt lat="42.632628" lon="-2.71978">
      <ele>778.5</ele>
    </trkpt>
    <trkpt lat="42.632765" lon="-2.719661">
      <ele>777.4</ele>
    </trkpt>
    <trkpt lat="42.633048" lon="-2.71949">
      <ele>775.2</ele>
    </trkpt>
    <trkpt lat="42.63314" lon="-2.71939">
      <ele>774.4</ele>
    </trkpt>
    <trkpt lat="42.633932" lon="-2.718408">
      <ele>765.6</ele>
    </trkpt>
    <trkpt lat="42.634045" lon="-2.718336">
      <ele>764.4</ele>
    </trkpt>
    <trkpt lat="42.634239" lon="-2.718311">
      <ele>762.6</ele>
    </trkpt>
    <trkpt lat="42.635403" lon="-2.718376">
      <ele>752.1</ele>
    </trkpt>
    <trkpt lat="42.63612" lon="-2.718341">
      <ele>746.7</ele>
    </trkpt>
    <trkpt lat="42.636422" lon="-2.718146">
      <ele>744.5</ele>
    </trkpt>
    <trkpt lat="42.639015" lon="-2.71611">
      <ele>730</ele>
    </trkpt>
    <trkpt lat="42.640777" lon="-2.714742">
      <ele>731.4</ele>
    </trkpt>
    <trkpt lat="42.640905" lon="-2.714565">
      <ele>731.9</ele>
    </trkpt>
    <trkpt lat="42.640955" lon="-2.714267">
      <ele>732.6</ele>
    </trkpt>
    <trkpt lat="42.640588" lon="-2.713831">
      <ele>734.3</ele>
    </trkpt>
    <trkpt lat="42.640397" lon="-2.713563">
      <ele>735.5</ele>
    </trkpt>
    <trkpt lat="42.640159" lon="-2.713048">
      <ele>737.1</ele>
    </trkpt>
    <trkpt lat="42.640069" lon="-2.712785">
      <ele>737.8</ele>
    </trkpt>
    <trkpt lat="42.640064" lon="-2.71262">
      <ele>738.1</ele>
    </trkpt>
    <trkpt lat="42.640107" lon="-2.712513">
      <ele>738.3</ele>
    </trkpt>
    <trkpt lat="42.640364" lon="-2.712283">
      <ele>739.2</ele>
    </trkpt>
    <trkpt lat="42.641437" lon="-2.711276">
      <ele>742.4</ele>
    </trkpt>
    <trkpt lat="42.641853" lon="-2.710882">
      <ele>743.3</ele>
    </trkpt>
    <trkpt lat="42.642719" lon="-2.711734">
      <ele>744.7</ele>
    </trkpt>
    <trkpt lat="42.643002" lon="-2.711989">
      <ele>744.8</ele>
    </trkpt>
    <trkpt lat="42.64318" lon="-2.712099">
      <ele>744.9</ele>
    </trkpt>
    <trkpt lat="42.643245" lon="-2.71213">
      <ele>744.9</ele>
    </trkpt>
    <trkpt lat="42.643452" lon="-2.712192">
      <ele>745</ele>
    </trkpt>
    <trkpt lat="42.643559" lon="-2.712205">
      <ele>745</ele>
    </trkpt>
    <trkpt lat="42.643709" lon="-2.712208">
      <ele>745</ele>
    </trkpt>
    <trkpt lat="42.643559" lon="-2.712205">
      <ele>745</ele>
    </trkpt>
    <trkpt lat="42.643452" lon="-2.712192">
      <ele>745</ele>
    </trkpt>
    <trkpt lat="42.643245" lon="-2.71213">
      <ele>744.9</ele>
    </trkpt>
    <trkpt lat="42.64318" lon="-2.712099">
      <ele>744.9</ele>
    </trkpt>
    <trkpt lat="42.643002" lon="-2.711989">
      <ele>744.8</ele>
    </trkpt>
    <trkpt lat="42.642719" lon="-2.711734">
      <ele>744.7</ele>
    </trkpt>
    <trkpt lat="42.641853" lon="-2.710882">
      <ele>744.7</ele>
    </trkpt>
    <trkpt lat="42.64181" lon="-2.710839">
      <ele>744.8</ele>
    </trkpt>
    <trkpt lat="42.641519" lon="-2.709965">
      <ele>745.5</ele>
    </trkpt>
    <trkpt lat="42.640831" lon="-2.707924">
      <ele>747.8</ele>
    </trkpt>
    <trkpt lat="42.640618" lon="-2.707371">
      <ele>747.7</ele>
    </trkpt>
    <trkpt lat="42.640249" lon="-2.706602">
      <ele>746.8</ele>
    </trkpt>
    <trkpt lat="42.639756" lon="-2.705699">
      <ele>745.2</ele>
    </trkpt>
    <trkpt lat="42.6393" lon="-2.704775">
      <ele>744.2</ele>
    </trkpt>
    <trkpt lat="42.639034" lon="-2.704134">
      <ele>744</ele>
    </trkpt>
    <trkpt lat="42.638714" lon="-2.7032">
      <ele>744</ele>
    </trkpt>
    <trkpt lat="42.638518" lon="-2.702484">
      <ele>743.9</ele>
    </trkpt>
    <trkpt lat="42.637744" lon="-2.69918">
      <ele>742.9</ele>
    </trkpt>
    <trkpt lat="42.637724" lon="-2.698713">
      <ele>743.2</ele>
    </trkpt>
    <trkpt lat="42.637812" lon="-2.698343">
      <ele>743.5</ele>
    </trkpt>
    <trkpt lat="42.637988" lon="-2.698038">
      <ele>743.9</ele>
    </trkpt>
    <trkpt lat="42.638477" lon="-2.6975">
      <ele>744.8</ele>
    </trkpt>
    <trkpt lat="42.638613" lon="-2.697287">
      <ele>745</ele>
    </trkpt>
    <trkpt lat="42.63869" lon="-2.697089">
      <ele>745.2</ele>
    </trkpt>
    <trkpt lat="42.63873" lon="-2.69688">
      <ele>745.3</ele>
    </trkpt>
    <trkpt lat="42.638745" lon="-2.696644">
      <ele>745.4</ele>
    </trkpt>
    <trkpt lat="42.638667" lon="-2.696176">
      <ele>745.6</ele>
    </trkpt>
    <trkpt lat="42.637566" lon="-2.692445">
      <ele>745.6</ele>
    </trkpt>
    <trkpt lat="42.637387" lon="-2.692028">
      <ele>745.7</ele>
    </trkpt>
    <trkpt lat="42.637223" lon="-2.691785">
      <ele>745.9</ele>
    </trkpt>
    <trkpt lat="42.636935" lon="-2.691543">
      <ele>746.2</ele>
    </trkpt>
    <trkpt lat="42.634589" lon="-2.69056">
      <ele>751.8</ele>
    </trkpt>
    <trkpt lat="42.634088" lon="-2.690167">
      <ele>754.4</ele>
    </trkpt>
    <trkpt lat="42.633044" lon="-2.688858">
      <ele>764.2</ele>
    </trkpt>
    <trkpt lat="42.6328" lon="-2.6886">
      <ele>766.7</ele>
    </trkpt>
    <trkpt lat="42.631986" lon="-2.68794">
      <ele>773.4</ele>
    </trkpt>
    <trkpt lat="42.631772" lon="-2.687698">
      <ele>774.6</ele>
    </trkpt>
    <trkpt lat="42.631605" lon="-2.687366">
      <ele>775.3</ele>
    </trkpt>
    <trkpt lat="42.63136" lon="-2.686576">
      <ele>774.9</ele>
    </trkpt>
    <trkpt lat="42.631149" lon="-2.686113">
      <ele>774</ele>
    </trkpt>
    <trkpt lat="42.63085" lon="-2.685741">
      <ele>773.4</ele>
    </trkpt>
    <trkpt lat="42.630603" lon="-2.68554">
      <ele>773.6</ele>
    </trkpt>
    <trkpt lat="42.630271" lon="-2.685271">
      <ele>774.7</ele>
    </trkpt>
    <trkpt lat="42.630011" lon="-2.684951">
      <ele>776.6</ele>
    </trkpt>
    <trkpt lat="42.629896" lon="-2.684712">
      <ele>778.2</ele>
    </trkpt>
    <trkpt lat="42.629818" lon="-2.684465">
      <ele>780</ele>
    </trkpt>
    <trkpt lat="42.629756" lon="-2.683984">
      <ele>783.6</ele>
    </trkpt>
    <trkpt lat="42.629799" lon="-2.683539">
      <ele>787.3</ele>
    </trkpt>
    <trkpt lat="42.630348" lon="-2.681106">
      <ele>805.6</ele>
    </trkpt>
    <trkpt lat="42.630391" lon="-2.680821">
      <ele>806.6</ele>
    </trkpt>
    <trkpt lat="42.6304" lon="-2.680518">
      <ele>807.4</ele>
    </trkpt>
    <trkpt lat="42.630377" lon="-2.680289">
      <ele>807.9</ele>
    </trkpt>
    <trkpt lat="42.63033" lon="-2.680077">
      <ele>808.2</ele>
    </trkpt>
    <trkpt lat="42.630246" lon="-2.679853">
      <ele>808.5</ele>
    </trkpt>
    <trkpt lat="42.630142" lon="-2.679653">
      <ele>808.7</ele>
    </trkpt>
    <trkpt lat="42.630007" lon="-2.67949">
      <ele>808.8</ele>
    </trkpt>
    <trkpt lat="42.629882" lon="-2.679359">
      <ele>808.9</ele>
    </trkpt>
    <trkpt lat="42.629751" lon="-2.679272">
      <ele>809.1</ele>
    </trkpt>
    <trkpt lat="42.62878" lon="-2.678913">
      <ele>812.7</ele>
    </trkpt>
    <trkpt lat="42.628302" lon="-2.678691">
      <ele>816.1</ele>
    </trkpt>
    <trkpt lat="42.627761" lon="-2.678339">
      <ele>820.7</ele>
    </trkpt>
    <trkpt lat="42.627532" lon="-2.678151">
      <ele>822.8</ele>
    </trkpt>
    <trkpt lat="42.627205" lon="-2.677757">
      <ele>825.8</ele>
    </trkpt>
    <trkpt lat="42.627044" lon="-2.677418">
      <ele>827.6</ele>
    </trkpt>
    <trkpt lat="42.626992" lon="-2.677229">
      <ele>828.4</ele>
    </trkpt>
    <trkpt lat="42.626954" lon="-2.676894">
      <ele>829.7</ele>
    </trkpt>
    <trkpt lat="42.626965" lon="-2.676677">
      <ele>830.4</ele>
    </trkpt>
    <trkpt lat="42.627207" lon="-2.675685">
      <ele>834.2</ele>
    </trkpt>
    <trkpt lat="42.627222" lon="-2.675469">
      <ele>835</ele>
    </trkpt>
    <trkpt lat="42.627213" lon="-2.67522">
      <ele>836</ele>
    </trkpt>
    <trkpt lat="42.626996" lon="-2.673679">
      <ele>843.5</ele>
    </trkpt>
    <trkpt lat="42.626987" lon="-2.673396">
      <ele>844.9</ele>
    </trkpt>
    <trkpt lat="42.627105" lon="-2.671817">
      <ele>851.3</ele>
    </trkpt>
    <trkpt lat="42.627051" lon="-2.671498">
      <ele>852.5</ele>
    </trkpt>
    <trkpt lat="42.62694" lon="-2.671252">
      <ele>853.5</ele>
    </trkpt>
    <trkpt lat="42.626745" lon="-2.671034">
      <ele>854.8</ele>
    </trkpt>
    <trkpt lat="42.626495" lon="-2.67093">
      <ele>856.3</ele>
    </trkpt>
    <trkpt lat="42.625927" lon="-2.670798">
      <ele>859.6</ele>
    </trkpt>
    <trkpt lat="42.62579" lon="-2.670724">
      <ele>860.6</ele>
    </trkpt>
    <trkpt lat="42.625591" lon="-2.670552">
      <ele>862.2</ele>
    </trkpt>
    <trkpt lat="42.625405" lon="-2.670265">
      <ele>864</ele>
    </trkpt>
    <trkpt lat="42.625324" lon="-2.670057">
      <ele>865.1</ele>
    </trkpt>
    <trkpt lat="42.625036" lon="-2.668984">
      <ele>870.2</ele>
    </trkpt>
    <trkpt lat="42.624967" lon="-2.668786">
      <ele>871.1</ele>
    </trkpt>
    <trkpt lat="42.624892" lon="-2.66866">
      <ele>871.8</ele>
    </trkpt>
    <trkpt lat="42.624807" lon="-2.668557">
      <ele>872.4</ele>
    </trkpt>
    <trkpt lat="42.624608" lon="-2.668401">
      <ele>873.8</ele>
    </trkpt>
    <trkpt lat="42.623846" lon="-2.668039">
      <ele>878.4</ele>
    </trkpt>
    <trkpt lat="42.623742" lon="-2.667947">
      <ele>879</ele>
    </trkpt>
    <trkpt lat="42.623633" lon="-2.667824">
      <ele>879.7</ele>
    </trkpt>
    <trkpt lat="42.623562" lon="-2.667696">
      <ele>880.2</ele>
    </trkpt>
    <trkpt lat="42.623455" lon="-2.667373">
      <ele>881.1</ele>
    </trkpt>
    <trkpt lat="42.623215" lon="-2.666026">
      <ele>881.3</ele>
    </trkpt>
    <trkpt lat="42.623137" lon="-2.665361">
      <ele>879.9</ele>
    </trkpt>
    <trkpt lat="42.622993" lon="-2.663814">
      <ele>875.6</ele>
    </trkpt>
    <trkpt lat="42.622991" lon="-2.663357">
      <ele>874.3</ele>
    </trkpt>
    <trkpt lat="42.623078" lon="-2.662901">
      <ele>873</ele>
    </trkpt>
    <trkpt lat="42.623593" lon="-2.66135">
      <ele>867.6</ele>
    </trkpt>
    <trkpt lat="42.623655" lon="-2.661093">
      <ele>866.6</ele>
    </trkpt>
    <trkpt lat="42.623683" lon="-2.660875">
      <ele>865.8</ele>
    </trkpt>
    <trkpt lat="42.623721" lon="-2.66007">
      <ele>863.2</ele>
    </trkpt>
    <trkpt lat="42.623761" lon="-2.659849">
      <ele>862.5</ele>
    </trkpt>
    <trkpt lat="42.624184" lon="-2.658691">
      <ele>859.4</ele>
    </trkpt>
    <trkpt lat="42.62437" lon="-2.658177">
      <ele>858.7</ele>
    </trkpt>
    <trkpt lat="42.624414" lon="-2.657994">
      <ele>858.5</ele>
    </trkpt>
    <trkpt lat="42.624423" lon="-2.657809">
      <ele>858.3</ele>
    </trkpt>
    <trkpt lat="42.624411" lon="-2.657659">
      <ele>858.2</ele>
    </trkpt>
    <trkpt lat="42.62424" lon="-2.656783">
      <ele>857.3</ele>
    </trkpt>
    <trkpt lat="42.624225" lon="-2.656555">
      <ele>857.2</ele>
    </trkpt>
    <trkpt lat="42.624316" lon="-2.654421">
      <ele>854.2</ele>
    </trkpt>
    <trkpt lat="42.624401" lon="-2.653876">
      <ele>852.2</ele>
    </trkpt>
    <trkpt lat="42.624822" lon="-2.65272">
      <ele>846.5</ele>
    </trkpt>
    <trkpt lat="42.624902" lon="-2.652448">
      <ele>845.4</ele>
    </trkpt>
    <trkpt lat="42.624943" lon="-2.652192">
      <ele>844.5</ele>
    </trkpt>
    <trkpt lat="42.624955" lon="-2.651962">
      <ele>843.9</ele>
    </trkpt>
    <trkpt lat="42.624937" lon="-2.651394">
      <ele>843.1</ele>
    </trkpt>
    <trkpt lat="42.624962" lon="-2.650933">
      <ele>842.9</ele>
    </trkpt>
    <trkpt lat="42.62516" lon="-2.649813">
      <ele>843.1</ele>
    </trkpt>
    <trkpt lat="42.625281" lon="-2.648375">
      <ele>840.3</ele>
    </trkpt>
    <trkpt lat="42.625633" lon="-2.646511">
      <ele>830.4</ele>
    </trkpt>
    <trkpt lat="42.625655" lon="-2.646083">
      <ele>828.3</ele>
    </trkpt>
    <trkpt lat="42.625611" lon="-2.645761">
      <ele>826.8</ele>
    </trkpt>
    <trkpt lat="42.625422" lon="-2.645028">
      <ele>823.9</ele>
    </trkpt>
    <trkpt lat="42.625186" lon="-2.644109">
      <ele>821.5</ele>
    </trkpt>
    <trkpt lat="42.625152" lon="-2.643907">
      <ele>821.3</ele>
    </trkpt>
    <trkpt lat="42.625148" lon="-2.643881">
      <ele>821.2</ele>
    </trkpt>
    <trkpt lat="42.625135" lon="-2.643487">
      <ele>821</ele>
    </trkpt>
    <trkpt lat="42.625182" lon="-2.643185">
      <ele>821</ele>
    </trkpt>
    <trkpt lat="42.625277" lon="-2.642867">
      <ele>821.1</ele>
    </trkpt>
    <trkpt lat="42.625838" lon="-2.641362">
      <ele>824.3</ele>
    </trkpt>
    <trkpt lat="42.625901" lon="-2.641239">
      <ele>824.7</ele>
    </trkpt>
    <trkpt lat="42.626043" lon="-2.641066">
      <ele>825.2</ele>
    </trkpt>
    <trkpt lat="42.626124" lon="-2.640996">
      <ele>825.5</ele>
    </trkpt>
    <trkpt lat="42.62634" lon="-2.640885">
      <ele>826</ele>
    </trkpt>
    <trkpt lat="42.626845" lon="-2.640727">
      <ele>827.1</ele>
    </trkpt>
    <trkpt lat="42.627539" lon="-2.640318">
      <ele>828.4</ele>
    </trkpt>
    <trkpt lat="42.628402" lon="-2.640032">
      <ele>830.3</ele>
    </trkpt>
    <trkpt lat="42.62855" lon="-2.639923">
      <ele>830.8</ele>
    </trkpt>
    <trkpt lat="42.628759" lon="-2.639591">
      <ele>831.7</ele>
    </trkpt>
    <trkpt lat="42.628807" lon="-2.639441">
      <ele>832.1</ele>
    </trkpt>
    <trkpt lat="42.628841" lon="-2.639136">
      <ele>832.9</ele>
    </trkpt>
    <trkpt lat="42.628801" lon="-2.638821">
      <ele>833.8</ele>
    </trkpt>
    <trkpt lat="42.628661" lon="-2.638164">
      <ele>836.2</ele>
    </trkpt>
    <trkpt lat="42.628622" lon="-2.637744">
      <ele>837.9</ele>
    </trkpt>
    <trkpt lat="42.628641" lon="-2.63749">
      <ele>839</ele>
    </trkpt>
    <trkpt lat="42.628831" lon="-2.636484">
      <ele>843.3</ele>
    </trkpt>
    <trkpt lat="42.62887" lon="-2.636129">
      <ele>844.7</ele>
    </trkpt>
    <trkpt lat="42.628858" lon="-2.63559">
      <ele>846.9</ele>
    </trkpt>
    <trkpt lat="42.628768" lon="-2.634974">
      <ele>849.5</ele>
    </trkpt>
    <trkpt lat="42.628697" lon="-2.634526">
      <ele>851.4</ele>
    </trkpt>
    <trkpt lat="42.628672" lon="-2.634128">
      <ele>853.2</ele>
    </trkpt>
    <trkpt lat="42.62872" lon="-2.633677">
      <ele>855.4</ele>
    </trkpt>
    <trkpt lat="42.62881" lon="-2.633346">
      <ele>857.2</ele>
    </trkpt>
    <trkpt lat="42.62891" lon="-2.633112">
      <ele>858.6</ele>
    </trkpt>
    <trkpt lat="42.629057" lon="-2.632856">
      <ele>860.2</ele>
    </trkpt>
    <trkpt lat="42.629456" lon="-2.632246">
      <ele>864</ele>
    </trkpt>
    <trkpt lat="42.62981" lon="-2.631693">
      <ele>866.3</ele>
    </trkpt>
    <trkpt lat="42.629984" lon="-2.631368">
      <ele>867.2</ele>
    </trkpt>
    <trkpt lat="42.630664" lon="-2.629557">
      <ele>869.2</ele>
    </trkpt>
    <trkpt lat="42.630744" lon="-2.629291">
      <ele>869.3</ele>
    </trkpt>
    <trkpt lat="42.630813" lon="-2.628811">
      <ele>869.5</ele>
    </trkpt>
    <trkpt lat="42.630801" lon="-2.628308">
      <ele>869.8</ele>
    </trkpt>
    <trkpt lat="42.630503" lon="-2.62668">
      <ele>870.8</ele>
    </trkpt>
    <trkpt lat="42.630423" lon="-2.625761">
      <ele>870.5</ele>
    </trkpt>
    <trkpt lat="42.630124" lon="-2.623751">
      <ele>866.3</ele>
    </trkpt>
    <trkpt lat="42.630037" lon="-2.622735">
      <ele>864.3</ele>
    </trkpt>
    <trkpt lat="42.62995" lon="-2.622413">
      <ele>864</ele>
    </trkpt>
    <trkpt lat="42.62987" lon="-2.62227">
      <ele>863.8</ele>
    </trkpt>
    <trkpt lat="42.629677" lon="-2.621983">
      <ele>863.4</ele>
    </trkpt>
    <trkpt lat="42.629567" lon="-2.621732">
      <ele>863</ele>
    </trkpt>
    <trkpt lat="42.629413" lon="-2.620981">
      <ele>861.7</ele>
    </trkpt>
    <trkpt lat="42.629111" lon="-2.619751">
      <ele>855.8</ele>
    </trkpt>
    <trkpt lat="42.629074" lon="-2.619193">
      <ele>851.8</ele>
    </trkpt>
    <trkpt lat="42.629131" lon="-2.617781">
      <ele>841.6</ele>
    </trkpt>
    <trkpt lat="42.629146" lon="-2.616795">
      <ele>836</ele>
    </trkpt>
    <trkpt lat="42.628926" lon="-2.614931">
      <ele>828.6</ele>
    </trkpt>
    <trkpt lat="42.628971" lon="-2.61442">
      <ele>827</ele>
    </trkpt>
    <trkpt lat="42.629448" lon="-2.612588">
      <ele>819.7</ele>
    </trkpt>
    <trkpt lat="42.629594" lon="-2.611419">
      <ele>813.9</ele>
    </trkpt>
    <trkpt lat="42.629813" lon="-2.610645">
      <ele>809.8</ele>
    </trkpt>
    <trkpt lat="42.629875" lon="-2.610319">
      <ele>808.4</ele>
    </trkpt>
    <trkpt lat="42.629878" lon="-2.610139">
      <ele>807.6</ele>
    </trkpt>
    <trkpt lat="42.629772" lon="-2.609325">
      <ele>804.7</ele>
    </trkpt>
    <trkpt lat="42.629678" lon="-2.608247">
      <ele>801.2</ele>
    </trkpt>
    <trkpt lat="42.629675" lon="-2.60788">
      <ele>799.9</ele>
    </trkpt>
    <trkpt lat="42.629823" lon="-2.605882">
      <ele>790.5</ele>
    </trkpt>
    <trkpt lat="42.629814" lon="-2.605712">
      <ele>789.5</ele>
    </trkpt>
    <trkpt lat="42.62976" lon="-2.605497">
      <ele>788.3</ele>
    </trkpt>
    <trkpt lat="42.62967" lon="-2.605368">
      <ele>787.3</ele>
    </trkpt>
    <trkpt lat="42.629256" lon="-2.604987">
      <ele>783.6</ele>
    </trkpt>
    <trkpt lat="42.629172" lon="-2.604877">
      <ele>782.7</ele>
    </trkpt>
    <trkpt lat="42.629077" lon="-2.604668">
      <ele>781.4</ele>
    </trkpt>
    <trkpt lat="42.628573" lon="-2.602632">
      <ele>772.2</ele>
    </trkpt>
    <trkpt lat="42.628516" lon="-2.602413">
      <ele>771.4</ele>
    </trkpt>
    <trkpt lat="42.627896" lon="-2.599963">
      <ele>764.2</ele>
    </trkpt>
    <trkpt lat="42.627298" lon="-2.597749">
      <ele>758.3</ele>
    </trkpt>
    <trkpt lat="42.626679" lon="-2.595226">
      <ele>750.1</ele>
    </trkpt>
    <trkpt lat="42.626054" lon="-2.592854">
      <ele>745.9</ele>
    </trkpt>
    <trkpt lat="42.625359" lon="-2.590098">
      <ele>744.1</ele>
    </trkpt>
    <trkpt lat="42.624826" lon="-2.588004">
      <ele>744.9</ele>
    </trkpt>
    <trkpt lat="42.624776" lon="-2.587712">
      <ele>745</ele>
    </trkpt>
    <trkpt lat="42.624767" lon="-2.587265">
      <ele>745.3</ele>
    </trkpt>
    <trkpt lat="42.624769" lon="-2.587006">
      <ele>745.5</ele>
    </trkpt>
    <trkpt lat="42.624773" lon="-2.586703">
      <ele>745.7</ele>
    </trkpt>
    <trkpt lat="42.62481" lon="-2.586377">
      <ele>745.8</ele>
    </trkpt>
    <trkpt lat="42.625007" lon="-2.585783">
      <ele>746</ele>
    </trkpt>
    <trkpt lat="42.625129" lon="-2.585529">
      <ele>746</ele>
    </trkpt>
    <trkpt lat="42.625471" lon="-2.585034">
      <ele>746</ele>
    </trkpt>
    <trkpt lat="42.625546" lon="-2.584815">
      <ele>745.9</ele>
    </trkpt>
    <trkpt lat="42.625628" lon="-2.584361">
      <ele>745.7</ele>
    </trkpt>
    <trkpt lat="42.625656" lon="-2.58389">
      <ele>745.3</ele>
    </trkpt>
    <trkpt lat="42.625657" lon="-2.583602">
      <ele>745.1</ele>
    </trkpt>
    <trkpt lat="42.625659" lon="-2.583444">
      <ele>744.9</ele>
    </trkpt>
    <trkpt lat="42.625668" lon="-2.582816">
      <ele>744.6</ele>
    </trkpt>
    <trkpt lat="42.625683" lon="-2.582676">
      <ele>744.6</ele>
    </trkpt>
    <trkpt lat="42.625761" lon="-2.582242">
      <ele>744.7</ele>
    </trkpt>
    <trkpt lat="42.625805" lon="-2.581894">
      <ele>744.9</ele>
    </trkpt>
    <trkpt lat="42.625836" lon="-2.581648">
      <ele>745.1</ele>
    </trkpt>
    <trkpt lat="42.626024" lon="-2.580234">
      <ele>746.4</ele>
    </trkpt>
    <trkpt lat="42.62607" lon="-2.579846">
      <ele>746.7</ele>
    </trkpt>
    <trkpt lat="42.626243" lon="-2.578184">
      <ele>745.2</ele>
    </trkpt>
    <trkpt lat="42.62621" lon="-2.577343">
      <ele>742.6</ele>
    </trkpt>
    <trkpt lat="42.626162" lon="-2.576579">
      <ele>739.6</ele>
    </trkpt>
    <trkpt lat="42.626129" lon="-2.576329">
      <ele>738.5</ele>
    </trkpt>
    <trkpt lat="42.625983" lon="-2.575901">
      <ele>736.4</ele>
    </trkpt>
    <trkpt lat="42.62552" lon="-2.574774">
      <ele>732.3</ele>
    </trkpt>
    <trkpt lat="42.625416" lon="-2.574392">
      <ele>731.8</ele>
    </trkpt>
    <trkpt lat="42.624727" lon="-2.57112">
      <ele>733</ele>
    </trkpt>
    <trkpt lat="42.624658" lon="-2.57091">
      <ele>732.5</ele>
    </trkpt>
    <trkpt lat="42.624569" lon="-2.570759">
      <ele>732.1</ele>
    </trkpt>
    <trkpt lat="42.623843" lon="-2.569906">
      <ele>727.7</ele>
    </trkpt>
    <trkpt lat="42.623816" lon="-2.569847">
      <ele>727.4</ele>
    </trkpt>
    <trkpt lat="42.623771" lon="-2.569748">
      <ele>726.9</ele>
    </trkpt>
    <trkpt lat="42.62374" lon="-2.569535">
      <ele>726</ele>
    </trkpt>
    <trkpt lat="42.623741" lon="-2.567482">
      <ele>721</ele>
    </trkpt>
    <trkpt lat="42.623758" lon="-2.56643">
      <ele>719.5</ele>
    </trkpt>
    <trkpt lat="42.62377" lon="-2.566066">
      <ele>719</ele>
    </trkpt>
    <trkpt lat="42.623913" lon="-2.562455">
      <ele>711.1</ele>
    </trkpt>
    <trkpt lat="42.624003" lon="-2.560179">
      <ele>708.8</ele>
    </trkpt>
    <trkpt lat="42.624095" lon="-2.557733">
      <ele>707.3</ele>
    </trkpt>
    <trkpt lat="42.624923" lon="-2.550448">
      <ele>703.5</ele>
    </trkpt>
    <trkpt lat="42.624961" lon="-2.549653">
      <ele>703</ele>
    </trkpt>
    <trkpt lat="42.624906" lon="-2.548858">
      <ele>702.9</ele>
    </trkpt>
    <trkpt lat="42.624418" lon="-2.54247">
      <ele>713.1</ele>
    </trkpt>
    <trkpt lat="42.624373" lon="-2.541818">
      <ele>714.1</ele>
    </trkpt>
    <trkpt lat="42.624259" lon="-2.540361">
      <ele>714.6</ele>
    </trkpt>
    <trkpt lat="42.624149" lon="-2.539414">
      <ele>714.3</ele>
    </trkpt>
    <trkpt lat="42.623885" lon="-2.537291">
      <ele>714.6</ele>
    </trkpt>
    <trkpt lat="42.623901" lon="-2.53709">
      <ele>714.6</ele>
    </trkpt>
    <trkpt lat="42.623957" lon="-2.536265">
      <ele>714.1</ele>
    </trkpt>
    <trkpt lat="42.623983" lon="-2.535874">
      <ele>713.5</ele>
    </trkpt>
    <trkpt lat="42.624024" lon="-2.53561">
      <ele>713</ele>
    </trkpt>
    <trkpt lat="42.624353" lon="-2.53439">
      <ele>709.9</ele>
    </trkpt>
    <trkpt lat="42.625204" lon="-2.531474">
      <ele>705.1</ele>
    </trkpt>
    <trkpt lat="42.625297" lon="-2.531045">
      <ele>704.8</ele>
    </trkpt>
    <trkpt lat="42.625333" lon="-2.53072">
      <ele>704.6</ele>
    </trkpt>
    <trkpt lat="42.625772" lon="-2.523718">
      <ele>698.9</ele>
    </trkpt>
    <trkpt lat="42.625777" lon="-2.523185">
      <ele>698.4</ele>
    </trkpt>
    <trkpt lat="42.625729" lon="-2.522595">
      <ele>698.2</ele>
    </trkpt>
    <trkpt lat="42.62538" lon="-2.518824">
      <ele>701.8</ele>
    </trkpt>
    <trkpt lat="42.62522" lon="-2.517706">
      <ele>700.9</ele>
    </trkpt>
    <trkpt lat="42.625204" lon="-2.516558">
      <ele>698.6</ele>
    </trkpt>
    <trkpt lat="42.62509" lon="-2.515202">
      <ele>695.3</ele>
    </trkpt>
    <trkpt lat="42.625092" lon="-2.514963">
      <ele>694.8</ele>
    </trkpt>
    <trkpt lat="42.625164" lon="-2.514602">
      <ele>694</ele>
    </trkpt>
    <trkpt lat="42.626059" lon="-2.511237">
      <ele>687.2</ele>
    </trkpt>
    <trkpt lat="42.627292" lon="-2.508015">
      <ele>679.2</ele>
    </trkpt>
    <trkpt lat="42.627446" lon="-2.507544">
      <ele>679</ele>
    </trkpt>
    <trkpt lat="42.627555" lon="-2.50741">
      <ele>679</ele>
    </trkpt>
    <trkpt lat="42.627457" lon="-2.506948">
      <ele>679.4</ele>
    </trkpt>
    <trkpt lat="42.627423" lon="-2.506578">
      <ele>679.8</ele>
    </trkpt>
    <trkpt lat="42.627411" lon="-2.505813">
      <ele>681.3</ele>
    </trkpt>
    <trkpt lat="42.627322" lon="-2.504101">
      <ele>685.5</ele>
    </trkpt>
    <trkpt lat="42.627313" lon="-2.503442">
      <ele>687.5</ele>
    </trkpt>
    <trkpt lat="42.627339" lon="-2.502252">
      <ele>691.1</ele>
    </trkpt>
    <trkpt lat="42.627394" lon="-2.500718">
      <ele>695.2</ele>
    </trkpt>
    <trkpt lat="42.627549" lon="-2.499325">
      <ele>699.2</ele>
    </trkpt>
    <trkpt lat="42.627571" lon="-2.499125">
      <ele>699.7</ele>
    </trkpt>
    <trkpt lat="42.627594" lon="-2.49868">
      <ele>701</ele>
    </trkpt>
    <trkpt lat="42.627535" lon="-2.498024">
      <ele>703.3</ele>
    </trkpt>
    <trkpt lat="42.627522" lon="-2.497921">
      <ele>703.7</ele>
    </trkpt>
    <trkpt lat="42.627499" lon="-2.497736">
      <ele>704.5</ele>
    </trkpt>
    <trkpt lat="42.627473" lon="-2.497365">
      <ele>705.9</ele>
    </trkpt>
    <trkpt lat="42.62715" lon="-2.497194">
      <ele>707.7</ele>
    </trkpt>
    <trkpt lat="42.626934" lon="-2.497019">
      <ele>709.1</ele>
    </trkpt>
    <trkpt lat="42.627043" lon="-2.496849">
      <ele>710</ele>
    </trkpt>
    <trkpt lat="42.627277" lon="-2.4962">
      <ele>712.9</ele>
    </trkpt>
    <trkpt lat="42.627329" lon="-2.495687">
      <ele>713.5</ele>
    </trkpt>
    <trkpt lat="42.6273" lon="-2.495347">
      <ele>713.4</ele>
    </trkpt>
    <trkpt lat="42.627328" lon="-2.494919">
      <ele>713.5</ele>
    </trkpt>
    <trkpt lat="42.62745" lon="-2.494646">
      <ele>713.9</ele>
    </trkpt>
    <trkpt lat="42.627634" lon="-2.494417">
      <ele>714.6</ele>
    </trkpt>
    <trkpt lat="42.627715" lon="-2.494201">
      <ele>715.2</ele>
    </trkpt>
    <trkpt lat="42.62745" lon="-2.494451">
      <ele>716.7</ele>
    </trkpt>
    <trkpt lat="42.627349" lon="-2.49448">
      <ele>717.3</ele>
    </trkpt>
    <trkpt lat="42.627244" lon="-2.494472">
      <ele>718</ele>
    </trkpt>
    <trkpt lat="42.62708" lon="-2.494363">
      <ele>719.4</ele>
    </trkpt>
    <trkpt lat="42.626782" lon="-2.493942">
      <ele>723.9</ele>
    </trkpt>
    <trkpt lat="42.626635" lon="-2.493807">
      <ele>726</ele>
    </trkpt>
    <trkpt lat="42.626164" lon="-2.493504">
      <ele>731.2</ele>
    </trkpt>
    <trkpt lat="42.626048" lon="-2.493492">
      <ele>732.2</ele>
    </trkpt>
    <trkpt lat="42.625961" lon="-2.493548">
      <ele>732.9</ele>
    </trkpt>
    <trkpt lat="42.625881" lon="-2.493727">
      <ele>734</ele>
    </trkpt>
    <trkpt lat="42.625875" lon="-2.49383">
      <ele>734.4</ele>
    </trkpt>
    <trkpt lat="42.625906" lon="-2.493962">
      <ele>735</ele>
    </trkpt>
    <trkpt lat="42.626147" lon="-2.494619">
      <ele>737</ele>
    </trkpt>
    <trkpt lat="42.626532" lon="-2.495206">
      <ele>738.5</ele>
    </trkpt>
    <trkpt lat="42.626566" lon="-2.495308">
      <ele>738.8</ele>
    </trkpt>
    <trkpt lat="42.626573" lon="-2.495416">
      <ele>739</ele>
    </trkpt>
    <trkpt lat="42.626544" lon="-2.495541">
      <ele>739.4</ele>
    </trkpt>
    <trkpt lat="42.626488" lon="-2.495644">
      <ele>739.8</ele>
    </trkpt>
    <trkpt lat="42.626325" lon="-2.495837">
      <ele>740.8</ele>
    </trkpt>
    <trkpt lat="42.626144" lon="-2.495992">
      <ele>742</ele>
    </trkpt>
    <trkpt lat="42.626032" lon="-2.495995">
      <ele>742.7</ele>
    </trkpt>
    <trkpt lat="42.62583" lon="-2.495808">
      <ele>744.6</ele>
    </trkpt>
    <trkpt lat="42.625702" lon="-2.495574">
      <ele>746.4</ele>
    </trkpt>
    <trkpt lat="42.625442" lon="-2.49489">
      <ele>751.6</ele>
    </trkpt>
    <trkpt lat="42.625302" lon="-2.494692">
      <ele>753.5</ele>
    </trkpt>
    <trkpt lat="42.624946" lon="-2.494313">
      <ele>757.4</ele>
    </trkpt>
    <trkpt lat="42.624741" lon="-2.493975">
      <ele>760</ele>
    </trkpt>
    <trkpt lat="42.624411" lon="-2.493109">
      <ele>765.2</ele>
    </trkpt>
    <trkpt lat="42.624385" lon="-2.492736">
      <ele>767</ele>
    </trkpt>
    <trkpt lat="42.624336" lon="-2.492539">
      <ele>767.9</ele>
    </trkpt>
    <trkpt lat="42.624129" lon="-2.492181">
      <ele>769.8</ele>
    </trkpt>
    <trkpt lat="42.624122" lon="-2.492115">
      <ele>770</ele>
    </trkpt>
    <trkpt lat="42.624153" lon="-2.491983">
      <ele>770.6</ele>
    </trkpt>
    <trkpt lat="42.624467" lon="-2.491683">
      <ele>772.8</ele>
    </trkpt>
    <trkpt lat="42.624522" lon="-2.491601">
      <ele>773.2</ele>
    </trkpt>
    <trkpt lat="42.62457" lon="-2.491404">
      <ele>774</ele>
    </trkpt>
    <trkpt lat="42.624565" lon="-2.491275">
      <ele>774.5</ele>
    </trkpt>
    <trkpt lat="42.624515" lon="-2.491059">
      <ele>775.5</ele>
    </trkpt>
    <trkpt lat="42.624405" lon="-2.490642">
      <ele>777.9</ele>
    </trkpt>
    <trkpt lat="42.624327" lon="-2.490433">
      <ele>779.4</ele>
    </trkpt>
    <trkpt lat="42.624064" lon="-2.490048">
      <ele>783.2</ele>
    </trkpt>
    <trkpt lat="42.623703" lon="-2.489635">
      <ele>788.8</ele>
    </trkpt>
    <trkpt lat="42.623545" lon="-2.489564">
      <ele>790.6</ele>
    </trkpt>
    <trkpt lat="42.623009" lon="-2.489454">
      <ele>795.6</ele>
    </trkpt>
    <trkpt lat="42.622878" lon="-2.489334">
      <ele>796.7</ele>
    </trkpt>
    <trkpt lat="42.62283" lon="-2.489231">
      <ele>797.3</ele>
    </trkpt>
    <trkpt lat="42.622797" lon="-2.489099">
      <ele>798</ele>
    </trkpt>
    <trkpt lat="42.622802" lon="-2.488969">
      <ele>798.6</ele>
    </trkpt>
    <trkpt lat="42.622844" lon="-2.488823">
      <ele>799.3</ele>
    </trkpt>
    <trkpt lat="42.622906" lon="-2.488734">
      <ele>799.7</ele>
    </trkpt>
    <trkpt lat="42.623302" lon="-2.488469">
      <ele>801.8</ele>
    </trkpt>
    <trkpt lat="42.62338" lon="-2.488326">
      <ele>802.3</ele>
    </trkpt>
    <trkpt lat="42.623384" lon="-2.488173">
      <ele>802.7</ele>
    </trkpt>
    <trkpt lat="42.623328" lon="-2.487993">
      <ele>803.3</ele>
    </trkpt>
    <trkpt lat="42.622789" lon="-2.487006">
      <ele>809.9</ele>
    </trkpt>
    <trkpt lat="42.622227" lon="-2.486271">
      <ele>818.6</ele>
    </trkpt>
    <trkpt lat="42.622103" lon="-2.486168">
      <ele>820.3</ele>
    </trkpt>
    <trkpt lat="42.62154" lon="-2.485946">
      <ele>826.4</ele>
    </trkpt>
    <trkpt lat="42.621409" lon="-2.485824">
      <ele>827.9</ele>
    </trkpt>
    <trkpt lat="42.621321" lon="-2.485651">
      <ele>829.3</ele>
    </trkpt>
    <trkpt lat="42.621328" lon="-2.485345">
      <ele>831.2</ele>
    </trkpt>
    <trkpt lat="42.621296" lon="-2.485234">
      <ele>831.9</ele>
    </trkpt>
    <trkpt lat="42.620906" lon="-2.484704">
      <ele>835.8</ele>
    </trkpt>
    <trkpt lat="42.620691" lon="-2.484287">
      <ele>838.1</ele>
    </trkpt>
    <trkpt lat="42.620332" lon="-2.483961">
      <ele>841</ele>
    </trkpt>
    <trkpt lat="42.620034" lon="-2.483534">
      <ele>844.3</ele>
    </trkpt>
    <trkpt lat="42.61991" lon="-2.483432">
      <ele>845.5</ele>
    </trkpt>
    <trkpt lat="42.619615" lon="-2.483421">
      <ele>848</ele>
    </trkpt>
    <trkpt lat="42.619541" lon="-2.483402">
      <ele>848.7</ele>
    </trkpt>
    <trkpt lat="42.619412" lon="-2.483311">
      <ele>850</ele>
    </trkpt>
    <trkpt lat="42.619259" lon="-2.483132">
      <ele>851.9</ele>
    </trkpt>
    <trkpt lat="42.618998" lon="-2.482636">
      <ele>856.1</ele>
    </trkpt>
    <trkpt lat="42.618873" lon="-2.482458">
      <ele>857.8</ele>
    </trkpt>
    <trkpt lat="42.618728" lon="-2.482334">
      <ele>859.3</ele>
    </trkpt>
    <trkpt lat="42.618403" lon="-2.482233">
      <ele>862.1</ele>
    </trkpt>
    <trkpt lat="42.618274" lon="-2.482163">
      <ele>863.2</ele>
    </trkpt>
    <trkpt lat="42.618021" lon="-2.481854">
      <ele>865.9</ele>
    </trkpt>
    <trkpt lat="42.617633" lon="-2.48131">
      <ele>869.8</ele>
    </trkpt>
    <trkpt lat="42.616945" lon="-2.480641">
      <ele>874.7</ele>
    </trkpt>
    <trkpt lat="42.616089" lon="-2.479779">
      <ele>881.5</ele>
    </trkpt>
    <trkpt lat="42.615805" lon="-2.479586">
      <ele>884.8</ele>
    </trkpt>
    <trkpt lat="42.615726" lon="-2.479562">
      <ele>885.8</ele>
    </trkpt>
    <trkpt lat="42.615666" lon="-2.479548">
      <ele>886.5</ele>
    </trkpt>
    <trkpt lat="42.615615" lon="-2.479544">
      <ele>887.1</ele>
    </trkpt>
    <trkpt lat="42.615482" lon="-2.47955">
      <ele>888.7</ele>
    </trkpt>
    <trkpt lat="42.614789" lon="-2.479712">
      <ele>897.2</ele>
    </trkpt>
    <trkpt lat="42.61463" lon="-2.479678">
      <ele>899.2</ele>
    </trkpt>
    <trkpt lat="42.614466" lon="-2.479544">
      <ele>901.5</ele>
    </trkpt>
    <trkpt lat="42.614116" lon="-2.478917">
      <ele>907.5</ele>
    </trkpt>
    <trkpt lat="42.61404" lon="-2.478819">
      <ele>908.3</ele>
    </trkpt>
    <trkpt lat="42.613059" lon="-2.477751">
      <ele>916.6</ele>
    </trkpt>
    <trkpt lat="42.612571" lon="-2.477269">
      <ele>921.1</ele>
    </trkpt>
    <trkpt lat="42.611923" lon="-2.476399">
      <ele>929.2</ele>
    </trkpt>
    <trkpt lat="42.611757" lon="-2.476252">
      <ele>931.2</ele>
    </trkpt>
    <trkpt lat="42.611494" lon="-2.476101">
      <ele>934.2</ele>
    </trkpt>
    <trkpt lat="42.611309" lon="-2.475952">
      <ele>936.6</ele>
    </trkpt>
    <trkpt lat="42.610532" lon="-2.475142">
      <ele>945.4</ele>
    </trkpt>
    <trkpt lat="42.610425" lon="-2.474962">
      <ele>946.5</ele>
    </trkpt>
    <trkpt lat="42.610379" lon="-2.474776">
      <ele>947.4</ele>
    </trkpt>
    <trkpt lat="42.610273" lon="-2.474068">
      <ele>949.9</ele>
    </trkpt>
    <trkpt lat="42.610216" lon="-2.473879">
      <ele>950.5</ele>
    </trkpt>
    <trkpt lat="42.610124" lon="-2.473682">
      <ele>951.1</ele>
    </trkpt>
    <trkpt lat="42.609685" lon="-2.473003">
      <ele>953.8</ele>
    </trkpt>
    <trkpt lat="42.60956" lon="-2.472853">
      <ele>954.7</ele>
    </trkpt>
    <trkpt lat="42.609316" lon="-2.472594">
      <ele>956.6</ele>
    </trkpt>
    <trkpt lat="42.60855" lon="-2.471979">
      <ele>962.8</ele>
    </trkpt>
    <trkpt lat="42.607702" lon="-2.471293">
      <ele>969.3</ele>
    </trkpt>
    <trkpt lat="42.607159" lon="-2.470924">
      <ele>972.9</ele>
    </trkpt>
    <trkpt lat="42.606837" lon="-2.470639">
      <ele>975.5</ele>
    </trkpt>
    <trkpt lat="42.606754" lon="-2.470534">
      <ele>976.2</ele>
    </trkpt>
    <trkpt lat="42.606614" lon="-2.470271">
      <ele>977.5</ele>
    </trkpt>
    <trkpt lat="42.606359" lon="-2.469617">
      <ele>978.4</ele>
    </trkpt>
    <trkpt lat="42.606242" lon="-2.469466">
      <ele>977.8</ele>
    </trkpt>
    <trkpt lat="42.606172" lon="-2.469433">
      <ele>977.5</ele>
    </trkpt>
    <trkpt lat="42.606107" lon="-2.469425">
      <ele>977.2</ele>
    </trkpt>
    <trkpt lat="42.605601" lon="-2.469354">
      <ele>974.7</ele>
    </trkpt>
    <trkpt lat="42.605437" lon="-2.469331">
      <ele>973.8</ele>
    </trkpt>
    <trkpt lat="42.605423" lon="-2.469329">
      <ele>973.8</ele>
    </trkpt>
    <trkpt lat="42.605354" lon="-2.469294">
      <ele>973.3</ele>
    </trkpt>
    <trkpt lat="42.605297" lon="-2.469244">
      <ele>972.9</ele>
    </trkpt>
    <trkpt lat="42.605286" lon="-2.469227">
      <ele>972.8</ele>
    </trkpt>
    <trkpt lat="42.605243" lon="-2.469158">
      <ele>972.4</ele>
    </trkpt>
    <trkpt lat="42.605197" lon="-2.469006">
      <ele>971.5</ele>
    </trkpt>
    <trkpt lat="42.604873" lon="-2.467242">
      <ele>968.5</ele>
    </trkpt>
    <trkpt lat="42.604821" lon="-2.466487">
      <ele>969.5</ele>
    </trkpt>
    <trkpt lat="42.604747" lon="-2.465962">
      <ele>969.3</ele>
    </trkpt>
    <trkpt lat="42.604646" lon="-2.465566">
      <ele>968.5</ele>
    </trkpt>
    <trkpt lat="42.604503" lon="-2.465185">
      <ele>966.7</ele>
    </trkpt>
    <trkpt lat="42.604463" lon="-2.46511">
      <ele>966.2</ele>
    </trkpt>
    <trkpt lat="42.604224" lon="-2.464824">
      <ele>963.7</ele>
    </trkpt>
    <trkpt lat="42.604016" lon="-2.464666">
      <ele>961.4</ele>
    </trkpt>
    <trkpt lat="42.603891" lon="-2.464575">
      <ele>960</ele>
    </trkpt>
    <trkpt lat="42.603681" lon="-2.4643">
      <ele>957.2</ele>
    </trkpt>
    <trkpt lat="42.603614" lon="-2.464017">
      <ele>955.2</ele>
    </trkpt>
    <trkpt lat="42.603597" lon="-2.463396">
      <ele>951.7</ele>
    </trkpt>
    <trkpt lat="42.603633" lon="-2.463103">
      <ele>950.4</ele>
    </trkpt>
    <trkpt lat="42.60389" lon="-2.462251">
      <ele>947.6</ele>
    </trkpt>
    <trkpt lat="42.604136" lon="-2.461707">
      <ele>947</ele>
    </trkpt>
    <trkpt lat="42.60412" lon="-2.461528">
      <ele>946.9</ele>
    </trkpt>
    <trkpt lat="42.604037" lon="-2.461451">
      <ele>946.9</ele>
    </trkpt>
    <trkpt lat="42.604236" lon="-2.46042">
      <ele>947.7</ele>
    </trkpt>
    <trkpt lat="42.604251" lon="-2.46036">
      <ele>947.8</ele>
    </trkpt>
    <trkpt lat="42.604324" lon="-2.460177">
      <ele>947.8</ele>
    </trkpt>
    <trkpt lat="42.604606" lon="-2.459519">
      <ele>948.3</ele>
    </trkpt>
    <trkpt lat="42.604662" lon="-2.459417">
      <ele>948.4</ele>
    </trkpt>
    <trkpt lat="42.604606" lon="-2.459519">
      <ele>948.3</ele>
    </trkpt>
    <trkpt lat="42.604324" lon="-2.460177">
      <ele>947.5</ele>
    </trkpt>
    <trkpt lat="42.604251" lon="-2.46036">
      <ele>947</ele>
    </trkpt>
    <trkpt lat="42.604236" lon="-2.46042">
      <ele>946.8</ele>
    </trkpt>
    <trkpt lat="42.604037" lon="-2.461451">
      <ele>943.7</ele>
    </trkpt>
    <trkpt lat="42.603918" lon="-2.461457">
      <ele>943.3</ele>
    </trkpt>
    <trkpt lat="42.603847" lon="-2.461585">
      <ele>942.8</ele>
    </trkpt>
    <trkpt lat="42.603762" lon="-2.462">
      <ele>941.5</ele>
    </trkpt>
    <trkpt lat="42.603575" lon="-2.462571">
      <ele>939.3</ele>
    </trkpt>
    <trkpt lat="42.603204" lon="-2.463612">
      <ele>934.5</ele>
    </trkpt>
    <trkpt lat="42.602719" lon="-2.465175">
      <ele>926.4</ele>
    </trkpt>
    <trkpt lat="42.602645" lon="-2.465673">
      <ele>924.5</ele>
    </trkpt>
    <trkpt lat="42.602531" lon="-2.46693">
      <ele>920.7</ele>
    </trkpt>
    <trkpt lat="42.60255" lon="-2.467567">
      <ele>918.2</ele>
    </trkpt>
    <trkpt lat="42.602535" lon="-2.467695">
      <ele>917.6</ele>
    </trkpt>
    <trkpt lat="42.602489" lon="-2.467812">
      <ele>917</ele>
    </trkpt>
    <trkpt lat="42.602344" lon="-2.468064">
      <ele>915.5</ele>
    </trkpt>
    <trkpt lat="42.601866" lon="-2.468724">
      <ele>911</ele>
    </trkpt>
    <trkpt lat="42.601714" lon="-2.469041">
      <ele>909</ele>
    </trkpt>
    <trkpt lat="42.601693" lon="-2.469184">
      <ele>908.3</ele>
    </trkpt>
    <trkpt lat="42.601641" lon="-2.469623">
      <ele>906.2</ele>
    </trkpt>
    <trkpt lat="42.601639" lon="-2.470018">
      <ele>904.5</ele>
    </trkpt>
    <trkpt lat="42.601689" lon="-2.470718">
      <ele>901.6</ele>
    </trkpt>
    <trkpt lat="42.601724" lon="-2.470923">
      <ele>900.6</ele>
    </trkpt>
    <trkpt lat="42.60178" lon="-2.471096">
      <ele>899.8</ele>
    </trkpt>
    <trkpt lat="42.602028" lon="-2.471624">
      <ele>896.9</ele>
    </trkpt>
    <trkpt lat="42.602193" lon="-2.472302">
      <ele>893.4</ele>
    </trkpt>
    <trkpt lat="42.602264" lon="-2.472484">
      <ele>892.4</ele>
    </trkpt>
    <trkpt lat="42.602623" lon="-2.472926">
      <ele>889.5</ele>
    </trkpt>
    <trkpt lat="42.60276" lon="-2.473152">
      <ele>888.2</ele>
    </trkpt>
    <trkpt lat="42.603001" lon="-2.473623">
      <ele>885.6</ele>
    </trkpt>
    <trkpt lat="42.60319" lon="-2.474011">
      <ele>883</ele>
    </trkpt>
    <trkpt lat="42.603215" lon="-2.474192">
      <ele>882.1</ele>
    </trkpt>
    <trkpt lat="42.603181" lon="-2.474318">
      <ele>881.4</ele>
    </trkpt>
    <trkpt lat="42.603125" lon="-2.474409">
      <ele>880.8</ele>
    </trkpt>
    <trkpt lat="42.603024" lon="-2.474476">
      <ele>880</ele>
    </trkpt>
    <trkpt lat="42.602959" lon="-2.474476">
      <ele>879.6</ele>
    </trkpt>
    <trkpt lat="42.602866" lon="-2.475089">
      <ele>876.2</ele>
    </trkpt>
    <trkpt lat="42.602835" lon="-2.475309">
      <ele>875.1</ele>
    </trkpt>
    <trkpt lat="42.602787" lon="-2.475647">
      <ele>873.5</ele>
    </trkpt>
    <trkpt lat="42.60276" lon="-2.475852">
      <ele>872.7</ele>
    </trkpt>
    <trkpt lat="42.602692" lon="-2.476379">
      <ele>871.4</ele>
    </trkpt>
    <trkpt lat="42.602331" lon="-2.478891">
      <ele>871.7</ele>
    </trkpt>
    <trkpt lat="42.602341" lon="-2.479555">
      <ele>870</ele>
    </trkpt>
    <trkpt lat="42.602436" lon="-2.481321">
      <ele>859.9</ele>
    </trkpt>
    <trkpt lat="42.602457" lon="-2.481533">
      <ele>858.6</ele>
    </trkpt>
    <trkpt lat="42.602492" lon="-2.481652">
      <ele>857.9</ele>
    </trkpt>
    <trkpt lat="42.60255" lon="-2.481757">
      <ele>857.3</ele>
    </trkpt>
    <trkpt lat="42.602675" lon="-2.481886">
      <ele>856.2</ele>
    </trkpt>
    <trkpt lat="42.603083" lon="-2.482052">
      <ele>854.2</ele>
    </trkpt>
    <trkpt lat="42.603683" lon="-2.48224">
      <ele>852.6</ele>
    </trkpt>
    <trkpt lat="42.603876" lon="-2.482246">
      <ele>852.3</ele>
    </trkpt>
    <trkpt lat="42.604061" lon="-2.482186">
      <ele>851.9</ele>
    </trkpt>
    <trkpt lat="42.60448" lon="-2.48181">
      <ele>850.8</ele>
    </trkpt>
    <trkpt lat="42.604608" lon="-2.481768">
      <ele>850.5</ele>
    </trkpt>
    <trkpt lat="42.604772" lon="-2.481816">
      <ele>850</ele>
    </trkpt>
    <trkpt lat="42.605053" lon="-2.482048">
      <ele>848.8</ele>
    </trkpt>
    <trkpt lat="42.605204" lon="-2.482114">
      <ele>848.1</ele>
    </trkpt>
    <trkpt lat="42.605339" lon="-2.482087">
      <ele>847.4</ele>
    </trkpt>
    <trkpt lat="42.605738" lon="-2.481773">
      <ele>844.1</ele>
    </trkpt>
    <trkpt lat="42.605872" lon="-2.481768">
      <ele>843</ele>
    </trkpt>
    <trkpt lat="42.606233" lon="-2.481959">
      <ele>839.3</ele>
    </trkpt>
    <trkpt lat="42.606318" lon="-2.482086">
      <ele>838.1</ele>
    </trkpt>
    <trkpt lat="42.606321" lon="-2.482222">
      <ele>837.1</ele>
    </trkpt>
    <trkpt lat="42.606124" lon="-2.482888">
      <ele>832</ele>
    </trkpt>
    <trkpt lat="42.606092" lon="-2.483159">
      <ele>830.2</ele>
    </trkpt>
    <trkpt lat="42.606207" lon="-2.483477">
      <ele>827.8</ele>
    </trkpt>
    <trkpt lat="42.606286" lon="-2.483779">
      <ele>825.9</ele>
    </trkpt>
    <trkpt lat="42.606498" lon="-2.484154">
      <ele>823.5</ele>
    </trkpt>
    <trkpt lat="42.606536" lon="-2.484374">
      <ele>822.6</ele>
    </trkpt>
    <trkpt lat="42.606541" lon="-2.484962">
      <ele>820.6</ele>
    </trkpt>
    <trkpt lat="42.606558" lon="-2.485065">
      <ele>820.2</ele>
    </trkpt>
    <trkpt lat="42.606692" lon="-2.485351">
      <ele>819</ele>
    </trkpt>
    <trkpt lat="42.607256" lon="-2.48606">
      <ele>814.9</ele>
    </trkpt>
    <trkpt lat="42.607291" lon="-2.486193">
      <ele>814.3</ele>
    </trkpt>
    <trkpt lat="42.607289" lon="-2.486289">
      <ele>813.9</ele>
    </trkpt>
    <trkpt lat="42.607156" lon="-2.486762">
      <ele>811.5</ele>
    </trkpt>
    <trkpt lat="42.607043" lon="-2.486966">
      <ele>810.2</ele>
    </trkpt>
    <trkpt lat="42.60686" lon="-2.487151">
      <ele>808.6</ele>
    </trkpt>
    <trkpt lat="42.606282" lon="-2.487717">
      <ele>803.6</ele>
    </trkpt>
    <trkpt lat="42.606188" lon="-2.487878">
      <ele>802.6</ele>
    </trkpt>
    <trkpt lat="42.60619" lon="-2.488027">
      <ele>801.9</ele>
    </trkpt>
    <trkpt lat="42.606226" lon="-2.488099">
      <ele>801.5</ele>
    </trkpt>
    <trkpt lat="42.606529" lon="-2.48853">
      <ele>798.3</ele>
    </trkpt>
    <trkpt lat="42.606605" lon="-2.488693">
      <ele>797.4</ele>
    </trkpt>
    <trkpt lat="42.606705" lon="-2.48946">
      <ele>793.4</ele>
    </trkpt>
    <trkpt lat="42.606705" lon="-2.489606">
      <ele>792.6</ele>
    </trkpt>
    <trkpt lat="42.606665" lon="-2.489766">
      <ele>791.6</ele>
    </trkpt>
    <trkpt lat="42.606609" lon="-2.489852">
      <ele>791</ele>
    </trkpt>
    <trkpt lat="42.606274" lon="-2.490237">
      <ele>787.4</ele>
    </trkpt>
    <trkpt lat="42.606123" lon="-2.490465">
      <ele>785.5</ele>
    </trkpt>
    <trkpt lat="42.605911" lon="-2.491097">
      <ele>781.4</ele>
    </trkpt>
    <trkpt lat="42.605882" lon="-2.491303">
      <ele>780.2</ele>
    </trkpt>
    <trkpt lat="42.605906" lon="-2.492169">
      <ele>776</ele>
    </trkpt>
    <trkpt lat="42.605881" lon="-2.492347">
      <ele>775.1</ele>
    </trkpt>
    <trkpt lat="42.60579" lon="-2.492637">
      <ele>773.7</ele>
    </trkpt>
    <trkpt lat="42.605365" lon="-2.493599">
      <ele>769.6</ele>
    </trkpt>
    <trkpt lat="42.605238" lon="-2.493889">
      <ele>768.6</ele>
    </trkpt>
    <trkpt lat="42.605111" lon="-2.4941">
      <ele>767.8</ele>
    </trkpt>
    <trkpt lat="42.603961" lon="-2.495328">
      <ele>765</ele>
    </trkpt>
    <trkpt lat="42.603754" lon="-2.495606">
      <ele>764.5</ele>
    </trkpt>
    <trkpt lat="42.603674" lon="-2.495765">
      <ele>764.3</ele>
    </trkpt>
    <trkpt lat="42.603586" lon="-2.49606">
      <ele>763.8</ele>
    </trkpt>
    <trkpt lat="42.603562" lon="-2.496211">
      <ele>763.6</ele>
    </trkpt>
    <trkpt lat="42.603561" lon="-2.496493">
      <ele>763.1</ele>
    </trkpt>
    <trkpt lat="42.603584" lon="-2.496659">
      <ele>762.7</ele>
    </trkpt>
    <trkpt lat="42.603827" lon="-2.497394">
      <ele>760.6</ele>
    </trkpt>
    <trkpt lat="42.603851" lon="-2.497524">
      <ele>760.2</ele>
    </trkpt>
    <trkpt lat="42.603839" lon="-2.497718">
      <ele>759.5</ele>
    </trkpt>
    <trkpt lat="42.603803" lon="-2.497808">
      <ele>759.2</ele>
    </trkpt>
    <trkpt lat="42.603665" lon="-2.497974">
      <ele>758.2</ele>
    </trkpt>
    <trkpt lat="42.603263" lon="-2.498276">
      <ele>755.6</ele>
    </trkpt>
    <trkpt lat="42.60303" lon="-2.498357">
      <ele>754.1</ele>
    </trkpt>
    <trkpt lat="42.602196" lon="-2.498519">
      <ele>749.1</ele>
    </trkpt>
    <trkpt lat="42.602049" lon="-2.498651">
      <ele>748.2</ele>
    </trkpt>
    <trkpt lat="42.60188" lon="-2.499113">
      <ele>746.6</ele>
    </trkpt>
    <trkpt lat="42.601762" lon="-2.499326">
      <ele>745.8</ele>
    </trkpt>
    <trkpt lat="42.601674" lon="-2.49939">
      <ele>745.5</ele>
    </trkpt>
    <trkpt lat="42.601196" lon="-2.499492">
      <ele>743.9</ele>
    </trkpt>
    <trkpt lat="42.600988" lon="-2.499534">
      <ele>743.2</ele>
    </trkpt>
    <trkpt lat="42.600796" lon="-2.49962">
      <ele>742.4</ele>
    </trkpt>
    <trkpt lat="42.60064" lon="-2.499796">
      <ele>741.6</ele>
    </trkpt>
    <trkpt lat="42.60056" lon="-2.499957">
      <ele>740.9</ele>
    </trkpt>
    <trkpt lat="42.600186" lon="-2.501067">
      <ele>735.8</ele>
    </trkpt>
    <trkpt lat="42.599697" lon="-2.501974">
      <ele>730.6</ele>
    </trkpt>
    <trkpt lat="42.599552" lon="-2.502302">
      <ele>729.1</ele>
    </trkpt>
    <trkpt lat="42.599509" lon="-2.502542">
      <ele>728.1</ele>
    </trkpt>
    <trkpt lat="42.599554" lon="-2.50308">
      <ele>726.2</ele>
    </trkpt>
    <trkpt lat="42.599502" lon="-2.503337">
      <ele>725.3</ele>
    </trkpt>
    <trkpt lat="42.598972" lon="-2.504186">
      <ele>722.2</ele>
    </trkpt>
    <trkpt lat="42.598843" lon="-2.504336">
      <ele>721.6</ele>
    </trkpt>
    <trkpt lat="42.59874" lon="-2.504394">
      <ele>721.2</ele>
    </trkpt>
    <trkpt lat="42.597984" lon="-2.5044">
      <ele>719.4</ele>
    </trkpt>
    <trkpt lat="42.597738" lon="-2.504476">
      <ele>719.1</ele>
    </trkpt>
    <trkpt lat="42.597183" lon="-2.504757">
      <ele>719.1</ele>
    </trkpt>
    <trkpt lat="42.597055" lon="-2.504883">
      <ele>719.1</ele>
    </trkpt>
    <trkpt lat="42.596954" lon="-2.505053">
      <ele>719.2</ele>
    </trkpt>
    <trkpt lat="42.596683" lon="-2.505916">
      <ele>718.6</ele>
    </trkpt>
    <trkpt lat="42.596665" lon="-2.506069">
      <ele>718.3</ele>
    </trkpt>
    <trkpt lat="42.596682" lon="-2.506224">
      <ele>718</ele>
    </trkpt>
    <trkpt lat="42.596733" lon="-2.506366">
      <ele>717.6</ele>
    </trkpt>
    <trkpt lat="42.596818" lon="-2.506512">
      <ele>717.1</ele>
    </trkpt>
    <trkpt lat="42.598053" lon="-2.508343">
      <ele>705.1</ele>
    </trkpt>
    <trkpt lat="42.598194" lon="-2.508606">
      <ele>703.9</ele>
    </trkpt>
    <trkpt lat="42.598234" lon="-2.508753">
      <ele>703.3</ele>
    </trkpt>
    <trkpt lat="42.598234" lon="-2.508938">
      <ele>702.7</ele>
    </trkpt>
    <trkpt lat="42.598215" lon="-2.509018">
      <ele>702.5</ele>
    </trkpt>
    <trkpt lat="42.598132" lon="-2.509188">
      <ele>701.9</ele>
    </trkpt>
    <trkpt lat="42.598012" lon="-2.509294">
      <ele>701.4</ele>
    </trkpt>
    <trkpt lat="42.597887" lon="-2.509319">
      <ele>701.1</ele>
    </trkpt>
    <trkpt lat="42.597391" lon="-2.509319">
      <ele>700.3</ele>
    </trkpt>
    <trkpt lat="42.597243" lon="-2.509388">
      <ele>700.2</ele>
    </trkpt>
    <trkpt lat="42.597182" lon="-2.509453">
      <ele>700.2</ele>
    </trkpt>
    <trkpt lat="42.597135" lon="-2.509531">
      <ele>700.1</ele>
    </trkpt>
    <trkpt lat="42.597078" lon="-2.509779">
      <ele>700</ele>
    </trkpt>
    <trkpt lat="42.597028" lon="-2.510574">
      <ele>699.8</ele>
    </trkpt>
    <trkpt lat="42.596998" lon="-2.510648">
      <ele>699.8</ele>
    </trkpt>
    <trkpt lat="42.596941" lon="-2.510706">
      <ele>699.8</ele>
    </trkpt>
    <trkpt lat="42.5968" lon="-2.510733">
      <ele>699.8</ele>
    </trkpt>
    <trkpt lat="42.596172" lon="-2.510527">
      <ele>699.4</ele>
    </trkpt>
    <trkpt lat="42.595965" lon="-2.510502">
      <ele>699.1</ele>
    </trkpt>
    <trkpt lat="42.595861" lon="-2.510529">
      <ele>698.9</ele>
    </trkpt>
    <trkpt lat="42.595676" lon="-2.510635">
      <ele>698.4</ele>
    </trkpt>
    <trkpt lat="42.594962" lon="-2.511191">
      <ele>696.3</ele>
    </trkpt>
    <trkpt lat="42.594678" lon="-2.511663">
      <ele>695.2</ele>
    </trkpt>
    <trkpt lat="42.594597" lon="-2.511819">
      <ele>694.9</ele>
    </trkpt>
    <trkpt lat="42.594459" lon="-2.512048">
      <ele>694.6</ele>
    </trkpt>
    <trkpt lat="42.594096" lon="-2.51271">
      <ele>695</ele>
    </trkpt>
    <trkpt lat="42.593956" lon="-2.51305">
      <ele>695.6</ele>
    </trkpt>
    <trkpt lat="42.593898" lon="-2.513354">
      <ele>696.2</ele>
    </trkpt>
    <trkpt lat="42.5939" lon="-2.513719">
      <ele>696.9</ele>
    </trkpt>
    <trkpt lat="42.593967" lon="-2.514364">
      <ele>698</ele>
    </trkpt>
    <trkpt lat="42.594055" lon="-2.515115">
      <ele>698.2</ele>
    </trkpt>
    <trkpt lat="42.59412" lon="-2.515439">
      <ele>697.6</ele>
    </trkpt>
    <trkpt lat="42.594237" lon="-2.515795">
      <ele>696.6</ele>
    </trkpt>
    <trkpt lat="42.594342" lon="-2.516025">
      <ele>695.6</ele>
    </trkpt>
    <trkpt lat="42.59447" lon="-2.51625">
      <ele>694.4</ele>
    </trkpt>
    <trkpt lat="42.59462" lon="-2.516453">
      <ele>693</ele>
    </trkpt>
    <trkpt lat="42.594964" lon="-2.516776">
      <ele>689.7</ele>
    </trkpt>
    <trkpt lat="42.595784" lon="-2.517241">
      <ele>681.3</ele>
    </trkpt>
    <trkpt lat="42.595988" lon="-2.517419">
      <ele>679.1</ele>
    </trkpt>
    <trkpt lat="42.596129" lon="-2.517678">
      <ele>677.3</ele>
    </trkpt>
    <trkpt lat="42.596169" lon="-2.517828">
      <ele>676.5</ele>
    </trkpt>
    <trkpt lat="42.596192" lon="-2.517984">
      <ele>675.7</ele>
    </trkpt>
    <trkpt lat="42.596189" lon="-2.518151">
      <ele>675</ele>
    </trkpt>
    <trkpt lat="42.59611" lon="-2.518478">
      <ele>673.7</ele>
    </trkpt>
    <trkpt lat="42.596033" lon="-2.518633">
      <ele>673.1</ele>
    </trkpt>
    <trkpt lat="42.595097" lon="-2.519821">
      <ele>674.7</ele>
    </trkpt>
    <trkpt lat="42.594899" lon="-2.520182">
      <ele>676.3</ele>
    </trkpt>
    <trkpt lat="42.594788" lon="-2.520579">
      <ele>677.7</ele>
    </trkpt>
    <trkpt lat="42.594737" lon="-2.521199">
      <ele>679.3</ele>
    </trkpt>
    <trkpt lat="42.59473" lon="-2.521597">
      <ele>680.1</ele>
    </trkpt>
    <trkpt lat="42.594896" lon="-2.525555">
      <ele>671.8</ele>
    </trkpt>
    <trkpt lat="42.594935" lon="-2.526005">
      <ele>669.9</ele>
    </trkpt>
    <trkpt lat="42.59502" lon="-2.526373">
      <ele>668</ele>
    </trkpt>
    <trkpt lat="42.595286" lon="-2.527165">
      <ele>663.5</ele>
    </trkpt>
    <trkpt lat="42.595336" lon="-2.527538">
      <ele>661.6</ele>
    </trkpt>
    <trkpt lat="42.595314" lon="-2.527829">
      <ele>660.2</ele>
    </trkpt>
    <trkpt lat="42.595252" lon="-2.528057">
      <ele>659.2</ele>
    </trkpt>
    <trkpt lat="42.595019" lon="-2.528689">
      <ele>657.9</ele>
    </trkpt>
    <trkpt lat="42.5949" lon="-2.529266">
      <ele>658.5</ele>
    </trkpt>
    <trkpt lat="42.594834" lon="-2.529608">
      <ele>659.3</ele>
    </trkpt>
    <trkpt lat="42.594774" lon="-2.529775">
      <ele>659.8</ele>
    </trkpt>
    <trkpt lat="42.594704" lon="-2.529911">
      <ele>660.2</ele>
    </trkpt>
    <trkpt lat="42.594548" lon="-2.53008">
      <ele>660.9</ele>
    </trkpt>
    <trkpt lat="42.594321" lon="-2.530207">
      <ele>661.8</ele>
    </trkpt>
    <trkpt lat="42.593882" lon="-2.53025">
      <ele>663.1</ele>
    </trkpt>
    <trkpt lat="42.592884" lon="-2.530306">
      <ele>661.7</ele>
    </trkpt>
    <trkpt lat="42.592725" lon="-2.530332">
      <ele>661</ele>
    </trkpt>
    <trkpt lat="42.592601" lon="-2.530387">
      <ele>660.4</ele>
    </trkpt>
    <trkpt lat="42.592481" lon="-2.530468">
      <ele>659.7</ele>
    </trkpt>
    <trkpt lat="42.591978" lon="-2.531024">
      <ele>655.7</ele>
    </trkpt>
    <trkpt lat="42.591711" lon="-2.531266">
      <ele>653.3</ele>
    </trkpt>
    <trkpt lat="42.591566" lon="-2.531324">
      <ele>652.2</ele>
    </trkpt>
    <trkpt lat="42.591363" lon="-2.53132">
      <ele>650.8</ele>
    </trkpt>
    <trkpt lat="42.591026" lon="-2.531181">
      <ele>648.4</ele>
    </trkpt>
    <trkpt lat="42.590737" lon="-2.531046">
      <ele>646.6</ele>
    </trkpt>
    <trkpt lat="42.590571" lon="-2.531002">
      <ele>645.7</ele>
    </trkpt>
    <trkpt lat="42.590415" lon="-2.531">
      <ele>645</ele>
    </trkpt>
    <trkpt lat="42.588564" lon="-2.531295">
      <ele>641</ele>
    </trkpt>
    <trkpt lat="42.587341" lon="-2.531509">
      <ele>644</ele>
    </trkpt>
    <trkpt lat="42.587079" lon="-2.531627">
      <ele>645.2</ele>
    </trkpt>
    <trkpt lat="42.586932" lon="-2.531753">
      <ele>645.9</ele>
    </trkpt>
    <trkpt lat="42.585921" lon="-2.532928">
      <ele>650.1</ele>
    </trkpt>
    <trkpt lat="42.585603" lon="-2.533239">
      <ele>650</ele>
    </trkpt>
    <trkpt lat="42.585298" lon="-2.53344">
      <ele>649.3</ele>
    </trkpt>
    <trkpt lat="42.582978" lon="-2.534659">
      <ele>638</ele>
    </trkpt>
    <trkpt lat="42.580603" lon="-2.535932">
      <ele>641.4</ele>
    </trkpt>
    <trkpt lat="42.579304" lon="-2.536816">
      <ele>637.2</ele>
    </trkpt>
    <trkpt lat="42.574795" lon="-2.539927">
      <ele>593.6</ele>
    </trkpt>
    <trkpt lat="42.573731" lon="-2.540959">
      <ele>586.8</ele>
    </trkpt>
    <trkpt lat="42.573396" lon="-2.541222">
      <ele>585.1</ele>
    </trkpt>
    <trkpt lat="42.57323" lon="-2.54131">
      <ele>584.4</ele>
    </trkpt>
    <trkpt lat="42.572896" lon="-2.541414">
      <ele>582.8</ele>
    </trkpt>
    <trkpt lat="42.572686" lon="-2.54146">
      <ele>581.9</ele>
    </trkpt>
    <trkpt lat="42.571272" lon="-2.541682">
      <ele>574</ele>
    </trkpt>
    <trkpt lat="42.569814" lon="-2.541749">
      <ele>563.8</ele>
    </trkpt>
    <trkpt lat="42.567007" lon="-2.541807">
      <ele>558.4</ele>
    </trkpt>
    <trkpt lat="42.566812" lon="-2.541835">
      <ele>558.1</ele>
    </trkpt>
    <trkpt lat="42.566583" lon="-2.542084">
      <ele>557.5</ele>
    </trkpt>
    <trkpt lat="42.566543" lon="-2.542244">
      <ele>557.2</ele>
    </trkpt>
    <trkpt lat="42.566448" lon="-2.542322">
      <ele>556.9</ele>
    </trkpt>
    <trkpt lat="42.566427" lon="-2.542331">
      <ele>556.8</ele>
    </trkpt>
    <trkpt lat="42.566431" lon="-2.542625">
      <ele>556.2</ele>
    </trkpt>
    <trkpt lat="42.566458" lon="-2.542706">
      <ele>556</ele>
    </trkpt>
    <trkpt lat="42.566932" lon="-2.543718">
      <ele>552</ele>
    </trkpt>
    <trkpt lat="42.567171" lon="-2.544344">
      <ele>549.5</ele>
    </trkpt>
    <trkpt lat="42.567394" lon="-2.544957">
      <ele>547</ele>
    </trkpt>
    <trkpt lat="42.567703" lon="-2.545491">
      <ele>544.6</ele>
    </trkpt>
    <trkpt lat="42.567818" lon="-2.545745">
      <ele>543.8</ele>
    </trkpt>
    <trkpt lat="42.567895" lon="-2.546091">
      <ele>542.9</ele>
    </trkpt>
    <trkpt lat="42.567923" lon="-2.546528">
      <ele>541.9</ele>
    </trkpt>
    <trkpt lat="42.567963" lon="-2.546751">
      <ele>541.4</ele>
    </trkpt>
    <trkpt lat="42.568039" lon="-2.546961">
      <ele>541.1</ele>
    </trkpt>
    <trkpt lat="42.568318" lon="-2.547468">
      <ele>541.1</ele>
    </trkpt>
    <trkpt lat="42.568357" lon="-2.547641">
      <ele>541.4</ele>
    </trkpt>
    <trkpt lat="42.568335" lon="-2.547886">
      <ele>541.9</ele>
    </trkpt>
    <trkpt lat="42.56829" lon="-2.548011">
      <ele>542.2</ele>
    </trkpt>
    <trkpt lat="42.568213" lon="-2.54814">
      <ele>542.6</ele>
    </trkpt>
    <trkpt lat="42.56814" lon="-2.548206">
      <ele>542.9</ele>
    </trkpt>
    <trkpt lat="42.567918" lon="-2.548306">
      <ele>543.8</ele>
    </trkpt>
    <trkpt lat="42.567744" lon="-2.548303">
      <ele>544.4</ele>
    </trkpt>
    <trkpt lat="42.567578" lon="-2.548241">
      <ele>545</ele>
    </trkpt>
    <trkpt lat="42.567375" lon="-2.548073">
      <ele>545.9</ele>
    </trkpt>
    <trkpt lat="42.56722" lon="-2.547874">
      <ele>546.7</ele>
    </trkpt>
    <trkpt lat="42.565979" lon="-2.545824">
      <ele>548.1</ele>
    </trkpt>
    <trkpt lat="42.565801" lon="-2.545638">
      <ele>548</ele>
    </trkpt>
    <trkpt lat="42.565646" lon="-2.545542">
      <ele>548</ele>
    </trkpt>
    <trkpt lat="42.564535" lon="-2.545066">
      <ele>548</ele>
    </trkpt>
    <trkpt lat="42.564232" lon="-2.544981">
      <ele>548.1</ele>
    </trkpt>
    <trkpt lat="42.563126" lon="-2.545003">
      <ele>550.6</ele>
    </trkpt>
    <trkpt lat="42.56294" lon="-2.545058">
      <ele>551</ele>
    </trkpt>
    <trkpt lat="42.562777" lon="-2.545172">
      <ele>551.5</ele>
    </trkpt>
    <trkpt lat="42.562673" lon="-2.545293">
      <ele>551.8</ele>
    </trkpt>
    <trkpt lat="42.562592" lon="-2.545446">
      <ele>552.1</ele>
    </trkpt>
    <trkpt lat="42.562533" lon="-2.54564">
      <ele>552.4</ele>
    </trkpt>
    <trkpt lat="42.56251" lon="-2.545897">
      <ele>552.8</ele>
    </trkpt>
    <trkpt lat="42.562681" lon="-2.549756">
      <ele>552.6</ele>
    </trkpt>
    <trkpt lat="42.562667" lon="-2.550429">
      <ele>552.4</ele>
    </trkpt>
    <trkpt lat="42.562683" lon="-2.550737">
      <ele>552.3</ele>
    </trkpt>
    <trkpt lat="42.562955" lon="-2.55194">
      <ele>552.6</ele>
    </trkpt>
    <trkpt lat="42.563073" lon="-2.553494">
      <ele>552.4</ele>
    </trkpt>
    <trkpt lat="42.563124" lon="-2.553804">
      <ele>551.7</ele>
    </trkpt>
    <trkpt lat="42.563211" lon="-2.554094">
      <ele>550.8</ele>
    </trkpt>
    <trkpt lat="42.563609" lon="-2.554981">
      <ele>546.1</ele>
    </trkpt>
    <trkpt lat="42.563919" lon="-2.555603">
      <ele>541.9</ele>
    </trkpt>
    <trkpt lat="42.565067" lon="-2.557542">
      <ele>532.1</ele>
    </trkpt>
    <trkpt lat="42.566086" lon="-2.559436">
      <ele>531.4</ele>
    </trkpt>
    <trkpt lat="42.566142" lon="-2.559542">
      <ele>531.7</ele>
    </trkpt>
    <trkpt lat="42.566329" lon="-2.55993">
      <ele>533</ele>
    </trkpt>
    <trkpt lat="42.566362" lon="-2.560104">
      <ele>533.6</ele>
    </trkpt>
    <trkpt lat="42.566359" lon="-2.560198">
      <ele>533.9</ele>
    </trkpt>
    <trkpt lat="42.566312" lon="-2.560383">
      <ele>534.6</ele>
    </trkpt>
    <trkpt lat="42.566224" lon="-2.560533">
      <ele>535.3</ele>
    </trkpt>
    <trkpt lat="42.566173" lon="-2.560582">
      <ele>535.6</ele>
    </trkpt>
    <trkpt lat="42.566071" lon="-2.560614">
      <ele>536.2</ele>
    </trkpt>
    <trkpt lat="42.565967" lon="-2.560583">
      <ele>536.7</ele>
    </trkpt>
    <trkpt lat="42.565823" lon="-2.560463">
      <ele>537.7</ele>
    </trkpt>
    <trkpt lat="42.565294" lon="-2.559825">
      <ele>541.4</ele>
    </trkpt>
    <trkpt lat="42.564945" lon="-2.559451">
      <ele>543.8</ele>
    </trkpt>
    <trkpt lat="42.564794" lon="-2.559371">
      <ele>544.7</ele>
    </trkpt>
    <trkpt lat="42.564724" lon="-2.559364">
      <ele>545.1</ele>
    </trkpt>
    <trkpt lat="42.56457" lon="-2.559386">
      <ele>546.1</ele>
    </trkpt>
    <trkpt lat="42.564425" lon="-2.559462">
      <ele>547.2</ele>
    </trkpt>
    <trkpt lat="42.564248" lon="-2.559683">
      <ele>548.9</ele>
    </trkpt>
    <trkpt lat="42.564187" lon="-2.559846">
      <ele>549.9</ele>
    </trkpt>
    <trkpt lat="42.564158" lon="-2.560096">
      <ele>551.5</ele>
    </trkpt>
    <trkpt lat="42.564148" lon="-2.560662">
      <ele>555.1</ele>
    </trkpt>
    <trkpt lat="42.564061" lon="-2.561018">
      <ele>557.5</ele>
    </trkpt>
    <trkpt lat="42.563912" lon="-2.561297">
      <ele>559.3</ele>
    </trkpt>
    <trkpt lat="42.563592" lon="-2.561716">
      <ele>561.5</ele>
    </trkpt>
    <trkpt lat="42.563383" lon="-2.562116">
      <ele>562.3</ele>
    </trkpt>
    <trkpt lat="42.563026" lon="-2.563388">
      <ele>560.3</ele>
    </trkpt>
    <trkpt lat="42.56255" lon="-2.565187">
      <ele>553.3</ele>
    </trkpt>
    <trkpt lat="42.56248" lon="-2.565487">
      <ele>552.2</ele>
    </trkpt>
    <trkpt lat="42.562444" lon="-2.565817">
      <ele>551</ele>
    </trkpt>
    <trkpt lat="42.562447" lon="-2.566001">
      <ele>550.4</ele>
    </trkpt>
    <trkpt lat="42.562559" lon="-2.567048">
      <ele>546.9</ele>
    </trkpt>
    <trkpt lat="42.562697" lon="-2.568422">
      <ele>544.6</ele>
    </trkpt>
    <trkpt lat="42.562698" lon="-2.568576">
      <ele>544.8</ele>
    </trkpt>
    <trkpt lat="42.562658" lon="-2.568862">
      <ele>545.5</ele>
    </trkpt>
    <trkpt lat="42.562616" lon="-2.569004">
      <ele>546</ele>
    </trkpt>
    <trkpt lat="42.562443" lon="-2.569318">
      <ele>547.3</ele>
    </trkpt>
    <trkpt lat="42.562316" lon="-2.569435">
      <ele>548.1</ele>
    </trkpt>
    <trkpt lat="42.561868" lon="-2.569663">
      <ele>551.1</ele>
    </trkpt>
    <trkpt lat="42.561766" lon="-2.569706">
      <ele>551.9</ele>
    </trkpt>
    <trkpt lat="42.561323" lon="-2.569885">
      <ele>555.3</ele>
    </trkpt>
    <trkpt lat="42.560084" lon="-2.570435">
      <ele>561.4</ele>
    </trkpt>
    <trkpt lat="42.559999" lon="-2.570502">
      <ele>561.8</ele>
    </trkpt>
    <trkpt lat="42.559859" lon="-2.570678">
      <ele>562.5</ele>
    </trkpt>
    <trkpt lat="42.559802" lon="-2.570785">
      <ele>562.8</ele>
    </trkpt>
    <trkpt lat="42.559706" lon="-2.571097">
      <ele>563.7</ele>
    </trkpt>
    <trkpt lat="42.559231" lon="-2.573693">
      <ele>569.3</ele>
    </trkpt>
    <trkpt lat="42.558972" lon="-2.575239">
      <ele>571.5</ele>
    </trkpt>
    <trkpt lat="42.558951" lon="-2.576966">
      <ele>571.3</ele>
    </trkpt>
    <trkpt lat="42.558927" lon="-2.577462">
      <ele>570.8</ele>
    </trkpt>
    <trkpt lat="42.558878" lon="-2.577793">
      <ele>570.6</ele>
    </trkpt>
    <trkpt lat="42.558664" lon="-2.578812">
      <ele>570.9</ele>
    </trkpt>
    <trkpt lat="42.558636" lon="-2.578945">
      <ele>571.1</ele>
    </trkpt>
    <trkpt lat="42.557939" lon="-2.582197">
      <ele>583.3</ele>
    </trkpt>
    <trkpt lat="42.557893" lon="-2.582513">
      <ele>584.7</ele>
    </trkpt>
    <trkpt lat="42.557881" lon="-2.582847">
      <ele>586.2</ele>
    </trkpt>
    <trkpt lat="42.557929" lon="-2.583221">
      <ele>587.9</ele>
    </trkpt>
    <trkpt lat="42.558376" lon="-2.585541">
      <ele>598.7</ele>
    </trkpt>
    <trkpt lat="42.558371" lon="-2.585675">
      <ele>598.9</ele>
    </trkpt>
    <trkpt lat="42.558301" lon="-2.585965">
      <ele>599.3</ele>
    </trkpt>
    <trkpt lat="42.558229" lon="-2.586034">
      <ele>599.3</ele>
    </trkpt>
    <trkpt lat="42.558118" lon="-2.586053">
      <ele>599.3</ele>
    </trkpt>
    <trkpt lat="42.558185" lon="-2.586212">
      <ele>599.2</ele>
    </trkpt>
    <trkpt lat="42.558331" lon="-2.586564">
      <ele>598.4</ele>
    </trkpt>
    <trkpt lat="42.558407" lon="-2.586751">
      <ele>597.8</ele>
    </trkpt>
    <trkpt lat="42.558504" lon="-2.586977">
      <ele>596.8</ele>
    </trkpt>
    <trkpt lat="42.558934" lon="-2.587982">
      <ele>590.4</ele>
    </trkpt>
    <trkpt lat="42.559225" lon="-2.588659">
      <ele>586.9</ele>
    </trkpt>
    <trkpt lat="42.559795" lon="-2.589996">
      <ele>582.1</ele>
    </trkpt>
    <trkpt lat="42.561355" lon="-2.59362">
      <ele>569.1</ele>
    </trkpt>
    <trkpt lat="42.561945" lon="-2.595004">
      <ele>569.8</ele>
    </trkpt>
    <trkpt lat="42.562865" lon="-2.597148">
      <ele>576.8</ele>
    </trkpt>
    <trkpt lat="42.56292" lon="-2.597287">
      <ele>577.2</ele>
    </trkpt>
    <trkpt lat="42.563344" lon="-2.598273">
      <ele>580.1</ele>
    </trkpt>
    <trkpt lat="42.564025" lon="-2.599858">
      <ele>582.7</ele>
    </trkpt>
    <trkpt lat="42.564497" lon="-2.600955">
      <ele>583.3</ele>
    </trkpt>
    <trkpt lat="42.566256" lon="-2.605062">
      <ele>582.9</ele>
    </trkpt>
    <trkpt lat="42.566729" lon="-2.606165">
      <ele>582.3</ele>
    </trkpt>
    <trkpt lat="42.566852" lon="-2.606456">
      <ele>582.3</ele>
    </trkpt>
    <trkpt lat="42.567079" lon="-2.606987">
      <ele>582.7</ele>
    </trkpt>
    <trkpt lat="42.567812" lon="-2.608698">
      <ele>585.9</ele>
    </trkpt>
    <trkpt lat="42.568767" lon="-2.610966">
      <ele>591.4</ele>
    </trkpt>
    <trkpt lat="42.569193" lon="-2.612058">
      <ele>595.5</ele>
    </trkpt>
    <trkpt lat="42.569351" lon="-2.612581">
      <ele>597.5</ele>
    </trkpt>
    <trkpt lat="42.569616" lon="-2.613627">
      <ele>599.5</ele>
    </trkpt>
    <trkpt lat="42.569783" lon="-2.614159">
      <ele>599.4</ele>
    </trkpt>
    <trkpt lat="42.570078" lon="-2.614864">
      <ele>598.2</ele>
    </trkpt>
    <trkpt lat="42.571454" lon="-2.617301">
      <ele>595</ele>
    </trkpt>
    <trkpt lat="42.57196" lon="-2.618162">
      <ele>596.3</ele>
    </trkpt>
    <trkpt lat="42.572139" lon="-2.618426">
      <ele>597</ele>
    </trkpt>
    <trkpt lat="42.572533" lon="-2.618944">
      <ele>598.9</ele>
    </trkpt>
    <trkpt lat="42.573308" lon="-2.619875">
      <ele>603.3</ele>
    </trkpt>
    <trkpt lat="42.573607" lon="-2.620353">
      <ele>605.8</ele>
    </trkpt>
    <trkpt lat="42.573742" lon="-2.620625">
      <ele>607.2</ele>
    </trkpt>
    <trkpt lat="42.573938" lon="-2.62114">
      <ele>609.5</ele>
    </trkpt>
    <trkpt lat="42.574081" lon="-2.621651">
      <ele>611.4</ele>
    </trkpt>
    <trkpt lat="42.574193" lon="-2.62237">
      <ele>613</ele>
    </trkpt>
    <trkpt lat="42.574209" lon="-2.622671">
      <ele>613.1</ele>
    </trkpt>
    <trkpt lat="42.574176" lon="-2.623496">
      <ele>611.8</ele>
    </trkpt>
    <trkpt lat="42.573945" lon="-2.624975">
      <ele>606.3</ele>
    </trkpt>
    <trkpt lat="42.573901" lon="-2.62549">
      <ele>604.8</ele>
    </trkpt>
    <trkpt lat="42.573919" lon="-2.625916">
      <ele>604.1</ele>
    </trkpt>
    <trkpt lat="42.573963" lon="-2.626285">
      <ele>603.8</ele>
    </trkpt>
    <trkpt lat="42.573984" lon="-2.626399">
      <ele>603.7</ele>
    </trkpt>
    <trkpt lat="42.574019" lon="-2.62659">
      <ele>603.6</ele>
    </trkpt>
    <trkpt lat="42.574179" lon="-2.627287">
      <ele>603.2</ele>
    </trkpt>
    <trkpt lat="42.574344" lon="-2.628028">
      <ele>602.5</ele>
    </trkpt>
    <trkpt lat="42.574461" lon="-2.628554">
      <ele>601.5</ele>
    </trkpt>
    <trkpt lat="42.574806" lon="-2.630054">
      <ele>599</ele>
    </trkpt>
    <trkpt lat="42.575566" lon="-2.633493">
      <ele>604</ele>
    </trkpt>
    <trkpt lat="42.576487" lon="-2.637612">
      <ele>616.9</ele>
    </trkpt>
    <trkpt lat="42.576649" lon="-2.638336">
      <ele>618.6</ele>
    </trkpt>
    <trkpt lat="42.576874" lon="-2.639347">
      <ele>620.4</ele>
    </trkpt>
    <trkpt lat="42.576994" lon="-2.639912">
      <ele>621.6</ele>
    </trkpt>
    <trkpt lat="42.577086" lon="-2.640325">
      <ele>622.6</ele>
    </trkpt>
    <trkpt lat="42.577265" lon="-2.641129">
      <ele>625</ele>
    </trkpt>
    <trkpt lat="42.577424" lon="-2.641858">
      <ele>627.1</ele>
    </trkpt>
    <trkpt lat="42.577579" lon="-2.642747">
      <ele>628.8</ele>
    </trkpt>
    <trkpt lat="42.577629" lon="-2.643533">
      <ele>629.9</ele>
    </trkpt>
    <trkpt lat="42.577608" lon="-2.644326">
      <ele>630.6</ele>
    </trkpt>
    <trkpt lat="42.577557" lon="-2.644816">
      <ele>630.7</ele>
    </trkpt>
    <trkpt lat="42.577432" lon="-2.64549">
      <ele>630.5</ele>
    </trkpt>
    <trkpt lat="42.577416" lon="-2.645553">
      <ele>630.5</ele>
    </trkpt>
    <trkpt lat="42.577292" lon="-2.646034">
      <ele>629.8</ele>
    </trkpt>
    <trkpt lat="42.576558" lon="-2.648415">
      <ele>624.8</ele>
    </trkpt>
    <trkpt lat="42.576218" lon="-2.649494">
      <ele>624.2</ele>
    </trkpt>
    <trkpt lat="42.576128" lon="-2.649689">
      <ele>624.2</ele>
    </trkpt>
    <trkpt lat="42.5753" lon="-2.651104">
      <ele>623.7</ele>
    </trkpt>
    <trkpt lat="42.573441" lon="-2.654275">
      <ele>623.1</ele>
    </trkpt>
    <trkpt lat="42.573278" lon="-2.654553">
      <ele>622.3</ele>
    </trkpt>
    <trkpt lat="42.572263" lon="-2.656303">
      <ele>612.5</ele>
    </trkpt>
    <trkpt lat="42.571868" lon="-2.657125">
      <ele>607</ele>
    </trkpt>
    <trkpt lat="42.571696" lon="-2.657516">
      <ele>604.8</ele>
    </trkpt>
    <trkpt lat="42.571546" lon="-2.657957">
      <ele>602.6</ele>
    </trkpt>
    <trkpt lat="42.571484" lon="-2.658225">
      <ele>601.6</ele>
    </trkpt>
    <trkpt lat="42.571419" lon="-2.658727">
      <ele>599.9</ele>
    </trkpt>
    <trkpt lat="42.571408" lon="-2.659195">
      <ele>598.5</ele>
    </trkpt>
    <trkpt lat="42.571457" lon="-2.659758">
      <ele>596.6</ele>
    </trkpt>
    <trkpt lat="42.571553" lon="-2.660324">
      <ele>594.1</ele>
    </trkpt>
    <trkpt lat="42.571596" lon="-2.66053">
      <ele>593.1</ele>
    </trkpt>
    <trkpt lat="42.571723" lon="-2.661291">
      <ele>588.7</ele>
    </trkpt>
    <trkpt lat="42.571815" lon="-2.662168">
      <ele>583.3</ele>
    </trkpt>
    <trkpt lat="42.571799" lon="-2.663052">
      <ele>578.6</ele>
    </trkpt>
    <trkpt lat="42.571715" lon="-2.663788">
      <ele>576.1</ele>
    </trkpt>
    <trkpt lat="42.571504" lon="-2.66473">
      <ele>575.2</ele>
    </trkpt>
    <trkpt lat="42.57135" lon="-2.665201">
      <ele>575.4</ele>
    </trkpt>
    <trkpt lat="42.571094" lon="-2.665945">
      <ele>575.8</ele>
    </trkpt>
    <trkpt lat="42.570819" lon="-2.666907">
      <ele>575.6</ele>
    </trkpt>
    <trkpt lat="42.570138" lon="-2.67027">
      <ele>572.7</ele>
    </trkpt>
    <trkpt lat="42.569814" lon="-2.671921">
      <ele>574.4</ele>
    </trkpt>
    <trkpt lat="42.56958" lon="-2.673093">
      <ele>574</ele>
    </trkpt>
    <trkpt lat="42.56939" lon="-2.674183">
      <ele>571.8</ele>
    </trkpt>
    <trkpt lat="42.569299" lon="-2.674869">
      <ele>570.8</ele>
    </trkpt>
    <trkpt lat="42.569289" lon="-2.675023">
      <ele>570.8</ele>
    </trkpt>
    <trkpt lat="42.569331" lon="-2.675659">
      <ele>570.9</ele>
    </trkpt>
    <trkpt lat="42.569665" lon="-2.677344">
      <ele>574.8</ele>
    </trkpt>
    <trkpt lat="42.56981" lon="-2.678052">
      <ele>576.3</ele>
    </trkpt>
    <trkpt lat="42.569838" lon="-2.678193">
      <ele>576.6</ele>
    </trkpt>
    <trkpt lat="42.570017" lon="-2.679082">
      <ele>577.7</ele>
    </trkpt>
    <trkpt lat="42.570036" lon="-2.679284">
      <ele>577.9</ele>
    </trkpt>
    <trkpt lat="42.570014" lon="-2.679741">
      <ele>578.1</ele>
    </trkpt>
    <trkpt lat="42.56995" lon="-2.680043">
      <ele>578.2</ele>
    </trkpt>
    <trkpt lat="42.569926" lon="-2.680112">
      <ele>578.2</ele>
    </trkpt>
    <trkpt lat="42.5698" lon="-2.6804">
      <ele>578.2</ele>
    </trkpt>
    <trkpt lat="42.569681" lon="-2.680579">
      <ele>578.2</ele>
    </trkpt>
    <trkpt lat="42.569417" lon="-2.680835">
      <ele>578.1</ele>
    </trkpt>
    <trkpt lat="42.569297" lon="-2.680924">
      <ele>578</ele>
    </trkpt>
    <trkpt lat="42.568491" lon="-2.681515">
      <ele>575.5</ele>
    </trkpt>
    <trkpt lat="42.568293" lon="-2.681699">
      <ele>574.9</ele>
    </trkpt>
    <trkpt lat="42.568036" lon="-2.682087">
      <ele>573.9</ele>
    </trkpt>
    <trkpt lat="42.567116" lon="-2.683899">
      <ele>574.3</ele>
    </trkpt>
    <trkpt lat="42.566965" lon="-2.684434">
      <ele>575.3</ele>
    </trkpt>
    <trkpt lat="42.56679" lon="-2.685155">
      <ele>576.4</ele>
    </trkpt>
    <trkpt lat="42.566508" lon="-2.686324">
      <ele>577.2</ele>
    </trkpt>
    <trkpt lat="42.566496" lon="-2.686387">
      <ele>577.2</ele>
    </trkpt>
    <trkpt lat="42.566456" lon="-2.686596">
      <ele>577.2</ele>
    </trkpt>
    <trkpt lat="42.566451" lon="-2.686691">
      <ele>577.2</ele>
    </trkpt>
    <trkpt lat="42.56642" lon="-2.686629">
      <ele>577.2</ele>
    </trkpt>
    <trkpt lat="42.5663" lon="-2.686627">
      <ele>577.2</ele>
    </trkpt>
    <trkpt lat="42.566256" lon="-2.686633">
      <ele>577.2</ele>
    </trkpt>
    <trkpt lat="42.5663" lon="-2.686627">
      <ele>577.2</ele>
    </trkpt>
    <trkpt lat="42.566336" lon="-2.686596">
      <ele>577.1</ele>
    </trkpt>
    <trkpt lat="42.566456" lon="-2.686596">
      <ele>577</ele>
    </trkpt>
    <trkpt lat="42.566451" lon="-2.686691">
      <ele>576.9</ele>
    </trkpt>
    <trkpt lat="42.566446" lon="-2.68688">
      <ele>576.8</ele>
    </trkpt>
    <trkpt lat="42.56648" lon="-2.687209">
      <ele>576.3</ele>
    </trkpt>
    <trkpt lat="42.566568" lon="-2.687718">
      <ele>575.7</ele>
    </trkpt>
    <trkpt lat="42.566711" lon="-2.688537">
      <ele>574.7</ele>
    </trkpt>
    <trkpt lat="42.566976" lon="-2.69006">
      <ele>573.8</ele>
    </trkpt>
    <trkpt lat="42.567061" lon="-2.690668">
      <ele>575.3</ele>
    </trkpt>
    <trkpt lat="42.567107" lon="-2.691479">
      <ele>579</ele>
    </trkpt>
    <trkpt lat="42.567091" lon="-2.692013">
      <ele>582.4</ele>
    </trkpt>
    <trkpt lat="42.567087" lon="-2.692148">
      <ele>583.2</ele>
    </trkpt>
    <trkpt lat="42.567031" lon="-2.692667">
      <ele>586.4</ele>
    </trkpt>
    <trkpt lat="42.566919" lon="-2.693275">
      <ele>589.5</ele>
    </trkpt>
    <trkpt lat="42.56633" lon="-2.695655">
      <ele>595.3</ele>
    </trkpt>
    <trkpt lat="42.566188" lon="-2.696307">
      <ele>598</ele>
    </trkpt>
    <trkpt lat="42.566151" lon="-2.696631">
      <ele>599.6</ele>
    </trkpt>
    <trkpt lat="42.566141" lon="-2.697095">
      <ele>602</ele>
    </trkpt>
    <trkpt lat="42.566171" lon="-2.69744">
      <ele>603.9</ele>
    </trkpt>
    <trkpt lat="42.566234" lon="-2.697782">
      <ele>605.5</ele>
    </trkpt>
    <trkpt lat="42.566409" lon="-2.698342">
      <ele>607.4</ele>
    </trkpt>
    <trkpt lat="42.56651" lon="-2.698566">
      <ele>607.8</ele>
    </trkpt>
    <trkpt lat="42.566732" lon="-2.698937">
      <ele>607.9</ele>
    </trkpt>
    <trkpt lat="42.566868" lon="-2.699118">
      <ele>607.7</ele>
    </trkpt>
    <trkpt lat="42.567202" lon="-2.699452">
      <ele>606.7</ele>
    </trkpt>
    <trkpt lat="42.568146" lon="-2.700185">
      <ele>601.8</ele>
    </trkpt>
    <trkpt lat="42.568749" lon="-2.700703">
      <ele>599.3</ele>
    </trkpt>
    <trkpt lat="42.56902" lon="-2.700985">
      <ele>598.5</ele>
    </trkpt>
    <trkpt lat="42.569348" lon="-2.701395">
      <ele>598</ele>
    </trkpt>
    <trkpt lat="42.569723" lon="-2.701986">
      <ele>597.9</ele>
    </trkpt>
    <trkpt lat="42.570906" lon="-2.704197">
      <ele>595.9</ele>
    </trkpt>
    <trkpt lat="42.570958" lon="-2.7043">
      <ele>595.5</ele>
    </trkpt>
    <trkpt lat="42.571299" lon="-2.704939">
      <ele>592.8</ele>
    </trkpt>
    <trkpt lat="42.57155" lon="-2.705542">
      <ele>589.7</ele>
    </trkpt>
    <trkpt lat="42.571694" lon="-2.706112">
      <ele>587.2</ele>
    </trkpt>
    <trkpt lat="42.571763" lon="-2.706719">
      <ele>585.3</ele>
    </trkpt>
    <trkpt lat="42.571765" lon="-2.706948">
      <ele>584.8</ele>
    </trkpt>
    <trkpt lat="42.571721" lon="-2.707588">
      <ele>583.8</ele>
    </trkpt>
    <trkpt lat="42.571652" lon="-2.707958">
      <ele>583.5</ele>
    </trkpt>
    <trkpt lat="42.571337" lon="-2.709148">
      <ele>582.8</ele>
    </trkpt>
    <trkpt lat="42.571313" lon="-2.709227">
      <ele>582.8</ele>
    </trkpt>
    <trkpt lat="42.571092" lon="-2.710062">
      <ele>582.2</ele>
    </trkpt>
    <trkpt lat="42.570818" lon="-2.711065">
      <ele>580.6</ele>
    </trkpt>
    <trkpt lat="42.570754" lon="-2.71127">
      <ele>580.2</ele>
    </trkpt>
    <trkpt lat="42.570539" lon="-2.712008">
      <ele>578.1</ele>
    </trkpt>
    <trkpt lat="42.570512" lon="-2.712173">
      <ele>577.5</ele>
    </trkpt>
    <trkpt lat="42.570525" lon="-2.712508">
      <ele>576</ele>
    </trkpt>
    <trkpt lat="42.570575" lon="-2.71273">
      <ele>574.8</ele>
    </trkpt>
    <trkpt lat="42.570792" lon="-2.713318">
      <ele>570.7</ele>
    </trkpt>
    <trkpt lat="42.57087" lon="-2.713544">
      <ele>569</ele>
    </trkpt>
    <trkpt lat="42.570893" lon="-2.713738">
      <ele>567.7</ele>
    </trkpt>
    <trkpt lat="42.570877" lon="-2.713933">
      <ele>566.5</ele>
    </trkpt>
    <trkpt lat="42.570824" lon="-2.714137">
      <ele>565.2</ele>
    </trkpt>
    <trkpt lat="42.570757" lon="-2.714267">
      <ele>564.4</ele>
    </trkpt>
    <trkpt lat="42.570708" lon="-2.714362">
      <ele>563.8</ele>
    </trkpt>
    <trkpt lat="42.570397" lon="-2.714775">
      <ele>561.2</ele>
    </trkpt>
    <trkpt lat="42.570135" lon="-2.715215">
      <ele>559.5</ele>
    </trkpt>
    <trkpt lat="42.569961" lon="-2.715638">
      <ele>558.6</ele>
    </trkpt>
    <trkpt lat="42.569809" lon="-2.716286">
      <ele>557.9</ele>
    </trkpt>
    <trkpt lat="42.569571" lon="-2.719226">
      <ele>551.2</ele>
    </trkpt>
    <trkpt lat="42.569468" lon="-2.720069">
      <ele>548</ele>
    </trkpt>
    <trkpt lat="42.568829" lon="-2.724124">
      <ele>533</ele>
    </trkpt>
    <trkpt lat="42.568452" lon="-2.726457">
      <ele>532.3</ele>
    </trkpt>
    <trkpt lat="42.568263" lon="-2.727136">
      <ele>533.1</ele>
    </trkpt>
    <trkpt lat="42.568047" lon="-2.727632">
      <ele>534.2</ele>
    </trkpt>
    <trkpt lat="42.567892" lon="-2.7279">
      <ele>535.1</ele>
    </trkpt>
    <trkpt lat="42.5672" lon="-2.728896">
      <ele>541.1</ele>
    </trkpt>
    <trkpt lat="42.567019" lon="-2.729192">
      <ele>543.2</ele>
    </trkpt>
    <trkpt lat="42.566757" lon="-2.729781">
      <ele>546.6</ele>
    </trkpt>
    <trkpt lat="42.566659" lon="-2.730093">
      <ele>547.9</ele>
    </trkpt>
    <trkpt lat="42.566522" lon="-2.730779">
      <ele>549.8</ele>
    </trkpt>
    <trkpt lat="42.566307" lon="-2.732667">
      <ele>547.9</ele>
    </trkpt>
    <trkpt lat="42.566274" lon="-2.733278">
      <ele>546</ele>
    </trkpt>
    <trkpt lat="42.566335" lon="-2.733903">
      <ele>544.1</ele>
    </trkpt>
    <trkpt lat="42.566509" lon="-2.734813">
      <ele>541.6</ele>
    </trkpt>
    <trkpt lat="42.566602" lon="-2.735435">
      <ele>540.9</ele>
    </trkpt>
    <trkpt lat="42.566602" lon="-2.736154">
      <ele>540.5</ele>
    </trkpt>
    <trkpt lat="42.566558" lon="-2.736779">
      <ele>540</ele>
    </trkpt>
    <trkpt lat="42.566376" lon="-2.739868">
      <ele>532.3</ele>
    </trkpt>
    <trkpt lat="42.566255" lon="-2.741624">
      <ele>526.1</ele>
    </trkpt>
    <trkpt lat="42.566252" lon="-2.741679">
      <ele>525.9</ele>
    </trkpt>
    <trkpt lat="42.566207" lon="-2.742493">
      <ele>522.5</ele>
    </trkpt>
    <trkpt lat="42.566207" lon="-2.743183">
      <ele>519.1</ele>
    </trkpt>
    <trkpt lat="42.566277" lon="-2.743985">
      <ele>514.4</ele>
    </trkpt>
    <trkpt lat="42.566315" lon="-2.744194">
      <ele>513</ele>
    </trkpt>
    <trkpt lat="42.566388" lon="-2.744593">
      <ele>510.5</ele>
    </trkpt>
    <trkpt lat="42.56658" lon="-2.745276">
      <ele>506.6</ele>
    </trkpt>
    <trkpt lat="42.566733" lon="-2.745695">
      <ele>504.4</ele>
    </trkpt>
    <trkpt lat="42.567205" lon="-2.746669">
      <ele>501.2</ele>
    </trkpt>
    <trkpt lat="42.567921" lon="-2.747941">
      <ele>499.1</ele>
    </trkpt>
    <trkpt lat="42.568257" lon="-2.748564">
      <ele>498.8</ele>
    </trkpt>
    <trkpt lat="42.569579" lon="-2.750945">
      <ele>501</ele>
    </trkpt>
    <trkpt lat="42.570685" lon="-2.752914">
      <ele>504</ele>
    </trkpt>
    <trkpt lat="42.571003" lon="-2.753589">
      <ele>505.2</ele>
    </trkpt>
    <trkpt lat="42.57129" lon="-2.754497">
      <ele>505.9</ele>
    </trkpt>
    <trkpt lat="42.571388" lon="-2.75498">
      <ele>505.5</ele>
    </trkpt>
    <trkpt lat="42.571444" lon="-2.755396">
      <ele>504.9</ele>
    </trkpt>
    <trkpt lat="42.571472" lon="-2.755781">
      <ele>504.4</ele>
    </trkpt>
    <trkpt lat="42.571471" lon="-2.756551">
      <ele>503.7</ele>
    </trkpt>
    <trkpt lat="42.57139" lon="-2.757599">
      <ele>503.8</ele>
    </trkpt>
    <trkpt lat="42.571472" lon="-2.757923">
      <ele>504</ele>
    </trkpt>
    <trkpt lat="42.571517" lon="-2.75798">
      <ele>504</ele>
    </trkpt>
    <trkpt lat="42.571561" lon="-2.758117">
      <ele>504.1</ele>
    </trkpt>
    <trkpt lat="42.571563" lon="-2.758192">
      <ele>504.1</ele>
    </trkpt>
    <trkpt lat="42.571501" lon="-2.758368">
      <ele>504.2</ele>
    </trkpt>
    <trkpt lat="42.571422" lon="-2.758436">
      <ele>504.2</ele>
    </trkpt>
    <trkpt lat="42.571287" lon="-2.758783">
      <ele>503.9</ele>
    </trkpt>
    <trkpt lat="42.571183" lon="-2.760121">
      <ele>500</ele>
    </trkpt>
    <trkpt lat="42.571192" lon="-2.760238">
      <ele>499.5</ele>
    </trkpt>
    <trkpt lat="42.571178" lon="-2.761106">
      <ele>496.5</ele>
    </trkpt>
    <trkpt lat="42.571187" lon="-2.761407">
      <ele>495.6</ele>
    </trkpt>
    <trkpt lat="42.571242" lon="-2.761903">
      <ele>493.9</ele>
    </trkpt>
    <trkpt lat="42.57135" lon="-2.76248">
      <ele>491.8</ele>
    </trkpt>
    <trkpt lat="42.571415" lon="-2.762721">
      <ele>490.8</ele>
    </trkpt>
    <trkpt lat="42.571546" lon="-2.763183">
      <ele>488.9</ele>
    </trkpt>
    <trkpt lat="42.57201" lon="-2.764503">
      <ele>482.6</ele>
    </trkpt>
    <trkpt lat="42.573444" lon="-2.768504">
      <ele>471.3</ele>
    </trkpt>
    <trkpt lat="42.5751" lon="-2.773079">
      <ele>476.2</ele>
    </trkpt>
    <trkpt lat="42.57562" lon="-2.77457">
      <ele>475.2</ele>
    </trkpt>
    <trkpt lat="42.575941" lon="-2.775384">
      <ele>476</ele>
    </trkpt>
    <trkpt lat="42.576053" lon="-2.775616">
      <ele>476.6</ele>
    </trkpt>
    <trkpt lat="42.576201" lon="-2.775888">
      <ele>477.5</ele>
    </trkpt>
    <trkpt lat="42.576529" lon="-2.776376">
      <ele>480</ele>
    </trkpt>
    <trkpt lat="42.57703" lon="-2.776918">
      <ele>484</ele>
    </trkpt>
    <trkpt lat="42.577408" lon="-2.77722">
      <ele>486.8</ele>
    </trkpt>
    <trkpt lat="42.578704" lon="-2.778001">
      <ele>496.7</ele>
    </trkpt>
    <trkpt lat="42.579279" lon="-2.778478">
      <ele>501.5</ele>
    </trkpt>
    <trkpt lat="42.579679" lon="-2.778938">
      <ele>504.4</ele>
    </trkpt>
    <trkpt lat="42.580091" lon="-2.77953">
      <ele>506.3</ele>
    </trkpt>
    <trkpt lat="42.581902" lon="-2.782203">
      <ele>502.6</ele>
    </trkpt>
    <trkpt lat="42.583224" lon="-2.784084">
      <ele>501.3</ele>
    </trkpt>
    <trkpt lat="42.584029" lon="-2.785165">
      <ele>502.8</ele>
    </trkpt>
    <trkpt lat="42.584404" lon="-2.785611">
      <ele>503.8</ele>
    </trkpt>
    <trkpt lat="42.584864" lon="-2.786085">
      <ele>504.9</ele>
    </trkpt>
    <trkpt lat="42.585582" lon="-2.786758">
      <ele>506.8</ele>
    </trkpt>
    <trkpt lat="42.586326" lon="-2.787464">
      <ele>510</ele>
    </trkpt>
    <trkpt lat="42.588041" lon="-2.789156">
      <ele>522.5</ele>
    </trkpt>
    <trkpt lat="42.588563" lon="-2.78975">
      <ele>528.7</ele>
    </trkpt>
    <trkpt lat="42.588757" lon="-2.790016">
      <ele>531.1</ele>
    </trkpt>
    <trkpt lat="42.588834" lon="-2.790178">
      <ele>532.3</ele>
    </trkpt>
    <trkpt lat="42.588892" lon="-2.790417">
      <ele>533.6</ele>
    </trkpt>
    <trkpt lat="42.588915" lon="-2.790731">
      <ele>534.9</ele>
    </trkpt>
    <trkpt lat="42.588932" lon="-2.790963">
      <ele>535.6</ele>
    </trkpt>
    <trkpt lat="42.588936" lon="-2.791199">
      <ele>536</ele>
    </trkpt>
    <trkpt lat="42.588913" lon="-2.791335">
      <ele>536.1</ele>
    </trkpt>
    <trkpt lat="42.588759" lon="-2.791907">
      <ele>535.4</ele>
    </trkpt>
    <trkpt lat="42.588669" lon="-2.792295">
      <ele>534.1</ele>
    </trkpt>
    <trkpt lat="42.588659" lon="-2.792468">
      <ele>533.3</ele>
    </trkpt>
    <trkpt lat="42.588693" lon="-2.792679">
      <ele>532.3</ele>
    </trkpt>
    <trkpt lat="42.588778" lon="-2.792896">
      <ele>531.2</ele>
    </trkpt>
    <trkpt lat="42.588999" lon="-2.793422">
      <ele>528.9</ele>
    </trkpt>
    <trkpt lat="42.58914" lon="-2.793848">
      <ele>527.7</ele>
    </trkpt>
    <trkpt lat="42.589252" lon="-2.794071">
      <ele>527.4</ele>
    </trkpt>
    <trkpt lat="42.589453" lon="-2.79449">
      <ele>527.2</ele>
    </trkpt>
    <trkpt lat="42.589482" lon="-2.794559">
      <ele>527.2</ele>
    </trkpt>
    <trkpt lat="42.589759" lon="-2.795214">
      <ele>527.6</ele>
    </trkpt>
    <trkpt lat="42.589915" lon="-2.795581">
      <ele>527.9</ele>
    </trkpt>
    <trkpt lat="42.589796" lon="-2.795685">
      <ele>527.9</ele>
    </trkpt>
    <trkpt lat="42.589676" lon="-2.79579">
      <ele>527.8</ele>
    </trkpt>
    <trkpt lat="42.589462" lon="-2.796101">
      <ele>527.5</ele>
    </trkpt>
    <trkpt lat="42.589351" lon="-2.796425">
      <ele>527</ele>
    </trkpt>
    <trkpt lat="42.589151" lon="-2.797397">
      <ele>525</ele>
    </trkpt>
    <trkpt lat="42.588969" lon="-2.798319">
      <ele>522.8</ele>
    </trkpt>
    <trkpt lat="42.588641" lon="-2.8001">
      <ele>519.9</ele>
    </trkpt>
    <trkpt lat="42.588525" lon="-2.800802">
      <ele>518.9</ele>
    </trkpt>
    <trkpt lat="42.588516" lon="-2.80087">
      <ele>518.8</ele>
    </trkpt>
    <trkpt lat="42.588476" lon="-2.801281">
      <ele>518.2</ele>
    </trkpt>
    <trkpt lat="42.588462" lon="-2.801719">
      <ele>517.6</ele>
    </trkpt>
    <trkpt lat="42.588443" lon="-2.803557">
      <ele>515</ele>
    </trkpt>
    <trkpt lat="42.588439" lon="-2.804497">
      <ele>514</ele>
    </trkpt>
    <trkpt lat="42.588457" lon="-2.804602">
      <ele>513.8</ele>
    </trkpt>
    <trkpt lat="42.58845" lon="-2.8052">
      <ele>513.1</ele>
    </trkpt>
    <trkpt lat="42.588411" lon="-2.806703">
      <ele>510.7</ele>
    </trkpt>
    <trkpt lat="42.58833" lon="-2.807398">
      <ele>509.1</ele>
    </trkpt>
    <trkpt lat="42.588172" lon="-2.808221">
      <ele>507.4</ele>
    </trkpt>
    <trkpt lat="42.588051" lon="-2.808678">
      <ele>506.7</ele>
    </trkpt>
    <trkpt lat="42.587909" lon="-2.809099">
      <ele>506</ele>
    </trkpt>
    <trkpt lat="42.587548" lon="-2.810034">
      <ele>504.8</ele>
    </trkpt>
    <trkpt lat="42.586669" lon="-2.812105">
      <ele>500.7</ele>
    </trkpt>
    <trkpt lat="42.586458" lon="-2.812617">
      <ele>499.5</ele>
    </trkpt>
    <trkpt lat="42.585385" lon="-2.815195">
      <ele>492.8</ele>
    </trkpt>
    <trkpt lat="42.585242" lon="-2.815505">
      <ele>492</ele>
    </trkpt>
    <trkpt lat="42.584989" lon="-2.815947">
      <ele>490.9</ele>
    </trkpt>
    <trkpt lat="42.58391" lon="-2.817486">
      <ele>487.4</ele>
    </trkpt>
    <trkpt lat="42.583357" lon="-2.818221">
      <ele>486</ele>
    </trkpt>
    <trkpt lat="42.583009" lon="-2.818545">
      <ele>485.2</ele>
    </trkpt>
    <trkpt lat="42.582229" lon="-2.81907">
      <ele>483.2</ele>
    </trkpt>
    <trkpt lat="42.581816" lon="-2.819415">
      <ele>481.8</ele>
    </trkpt>
    <trkpt lat="42.581477" lon="-2.819785">
      <ele>480.3</ele>
    </trkpt>
    <trkpt lat="42.581282" lon="-2.820044">
      <ele>479.2</ele>
    </trkpt>
    <trkpt lat="42.580951" lon="-2.820587">
      <ele>477.1</ele>
    </trkpt>
    <trkpt lat="42.580821" lon="-2.820867">
      <ele>476.1</ele>
    </trkpt>
    <trkpt lat="42.580592" lon="-2.821456">
      <ele>474.1</ele>
    </trkpt>
    <trkpt lat="42.580491" lon="-2.821825">
      <ele>473</ele>
    </trkpt>
    <trkpt lat="42.580349" lon="-2.822595">
      <ele>471</ele>
    </trkpt>
    <trkpt lat="42.580303" lon="-2.823249">
      <ele>469.6</ele>
    </trkpt>
    <trkpt lat="42.580329" lon="-2.82572">
      <ele>466.1</ele>
    </trkpt>
    <trkpt lat="42.580344" lon="-2.826728">
      <ele>465.7</ele>
    </trkpt>
    <trkpt lat="42.580346" lon="-2.826879">
      <ele>465.6</ele>
    </trkpt>
    <trkpt lat="42.580357" lon="-2.827664">
      <ele>465</ele>
    </trkpt>
    <trkpt lat="42.580417" lon="-2.82833">
      <ele>463.9</ele>
    </trkpt>
    <trkpt lat="42.580502" lon="-2.82872">
      <ele>462.8</ele>
    </trkpt>
    <trkpt lat="42.580699" lon="-2.829282">
      <ele>460.8</ele>
    </trkpt>
    <trkpt lat="42.580996" lon="-2.829823">
      <ele>458.4</ele>
    </trkpt>
    <trkpt lat="42.581189" lon="-2.830069">
      <ele>457.1</ele>
    </trkpt>
    <trkpt lat="42.581434" lon="-2.83033">
      <ele>455.7</ele>
    </trkpt>
    <trkpt lat="42.582574" lon="-2.831358">
      <ele>450.4</ele>
    </trkpt>
    <trkpt lat="42.583042" lon="-2.83175">
      <ele>448.5</ele>
    </trkpt>
    <trkpt lat="42.583393" lon="-2.832006">
      <ele>447.1</ele>
    </trkpt>
    <trkpt lat="42.584025" lon="-2.832394">
      <ele>444.7</ele>
    </trkpt>
    <trkpt lat="42.584539" lon="-2.832695">
      <ele>443.1</ele>
    </trkpt>
    <trkpt lat="42.585043" lon="-2.832999">
      <ele>441.9</ele>
    </trkpt>
    <trkpt lat="42.585207" lon="-2.833131">
      <ele>441.5</ele>
    </trkpt>
    <trkpt lat="42.585346" lon="-2.833347">
      <ele>441.2</ele>
    </trkpt>
    <trkpt lat="42.585391" lon="-2.833466">
      <ele>441</ele>
    </trkpt>
    <trkpt lat="42.585427" lon="-2.833716">
      <ele>440.8</ele>
    </trkpt>
    <trkpt lat="42.58538" lon="-2.834134">
      <ele>440.6</ele>
    </trkpt>
    <trkpt lat="42.58519" lon="-2.834912">
      <ele>440.5</ele>
    </trkpt>
    <trkpt lat="42.584989" lon="-2.835711">
      <ele>440.4</ele>
    </trkpt>
    <trkpt lat="42.583896" lon="-2.840112">
      <ele>441.1</ele>
    </trkpt>
    <trkpt lat="42.583024" lon="-2.843625">
      <ele>440.4</ele>
    </trkpt>
    <trkpt lat="42.582838" lon="-2.844387">
      <ele>440.9</ele>
    </trkpt>
    <trkpt lat="42.582614" lon="-2.84532">
      <ele>441.7</ele>
    </trkpt>
    <trkpt lat="42.582558" lon="-2.845575">
      <ele>441.8</ele>
    </trkpt>
    <trkpt lat="42.58252" lon="-2.845721">
      <ele>441.8</ele>
    </trkpt>
    <trkpt lat="42.582425" lon="-2.846014">
      <ele>441.8</ele>
    </trkpt>
    <trkpt lat="42.582325" lon="-2.846188">
      <ele>441.8</ele>
    </trkpt>
    <trkpt lat="42.582288" lon="-2.846333">
      <ele>441.7</ele>
    </trkpt>
    <trkpt lat="42.58227" lon="-2.846433">
      <ele>441.7</ele>
    </trkpt>
    <trkpt lat="42.582194" lon="-2.846574">
      <ele>441.5</ele>
    </trkpt>
    <trkpt lat="42.582121" lon="-2.846636">
      <ele>441.5</ele>
    </trkpt>
    <trkpt lat="42.581991" lon="-2.846661">
      <ele>441.3</ele>
    </trkpt>
    <trkpt lat="42.581914" lon="-2.846632">
      <ele>441.2</ele>
    </trkpt>
    <trkpt lat="42.58179" lon="-2.846718">
      <ele>441</ele>
    </trkpt>
    <trkpt lat="42.581715" lon="-2.846812">
      <ele>441</ele>
    </trkpt>
    <trkpt lat="42.581541" lon="-2.847098">
      <ele>440.8</ele>
    </trkpt>
    <trkpt lat="42.58135" lon="-2.847394">
      <ele>440.6</ele>
    </trkpt>
    <trkpt lat="42.581301" lon="-2.847569">
      <ele>440.6</ele>
    </trkpt>
    <trkpt lat="42.581307" lon="-2.847784">
      <ele>440.7</ele>
    </trkpt>
    <trkpt lat="42.581378" lon="-2.847952">
      <ele>440.9</ele>
    </trkpt>
    <trkpt lat="42.581435" lon="-2.848022">
      <ele>441.1</ele>
    </trkpt>
    <trkpt lat="42.581734" lon="-2.84809">
      <ele>441.8</ele>
    </trkpt>
    <trkpt lat="42.581856" lon="-2.848068">
      <ele>442.2</ele>
    </trkpt>
    <trkpt lat="42.582469" lon="-2.847997">
      <ele>444.6</ele>
    </trkpt>
    <trkpt lat="42.582526" lon="-2.848038">
      <ele>444.9</ele>
    </trkpt>
    <trkpt lat="42.583405" lon="-2.849102">
      <ele>449.6</ele>
    </trkpt>
    <trkpt lat="42.583413" lon="-2.849185">
      <ele>449.8</ele>
    </trkpt>
    <trkpt lat="42.583574" lon="-2.849365">
      <ele>450.3</ele>
    </trkpt>
    </trkseg>
  </trk>
</gpx>
