<?xml version="1.0" encoding="UTF-8"?>
<gpx version="1.1" creator="fitAI Komoot downloader" xmlns="http://www.topografix.com/GPX/1/1">
  <metadata>
    <name>Puertos de Montenegro, Peña Hincada y Santa Inés — circular por los parques naturales del Alto Najerilla y Sierra Cebollera</name>
    <desc>105 visitas · Dificultad: difficult · Distancia: 100.9 km · Desnivel +: 2325 m</desc>
    <link href="https://www.komoot.com/smarttour/e1256296972"><text>Komoot</text></link>
  </metadata>
  <trk>
    <name>Puertos de Montenegro, Peña Hincada y Santa Inés — circular por los parques naturales del Alto Najerilla y Sierra Cebollera</name>
    <type>racebike</type>
    <trkseg>
    <trkpt lat="42.036965" lon="-2.786153">
      <ele>1727.2</ele>
    </trkpt>
    <trkpt lat="42.036986" lon="-2.786104">
      <ele>1727.5</ele>
    </trkpt>
    <trkpt lat="42.037026" lon="-2.78589">
      <ele>1728.7</ele>
    </trkpt>
    <trkpt lat="42.037021" lon="-2.785711">
      <ele>1729.8</ele>
    </trkpt>
    <trkpt lat="42.036947" lon="-2.785533">
      <ele>1731</ele>
    </trkpt>
    <trkpt lat="42.036905" lon="-2.785129">
      <ele>1733.5</ele>
    </trkpt>
    <trkpt lat="42.036761" lon="-2.784408">
      <ele>1737.9</ele>
    </trkpt>
    <trkpt lat="42.036782" lon="-2.784156">
      <ele>1739.4</ele>
    </trkpt>
    <trkpt lat="42.036794" lon="-2.7841">
      <ele>1739.7</ele>
    </trkpt>
    <trkpt lat="42.036888" lon="-2.783969">
      <ele>1740.7</ele>
    </trkpt>
    <trkpt lat="42.03698" lon="-2.78391">
      <ele>1741.5</ele>
    </trkpt>
    <trkpt lat="42.037087" lon="-2.783887">
      <ele>1742.3</ele>
    </trkpt>
    <trkpt lat="42.037177" lon="-2.783905">
      <ele>1742.9</ele>
    </trkpt>
    <trkpt lat="42.037583" lon="-2.784124">
      <ele>1745.9</ele>
    </trkpt>
    <trkpt lat="42.037721" lon="-2.784274">
      <ele>1747</ele>
    </trkpt>
    <trkpt lat="42.037922" lon="-2.784608">
      <ele>1748.7</ele>
    </trkpt>
    <trkpt lat="42.038071" lon="-2.784768">
      <ele>1749.3</ele>
    </trkpt>
    <trkpt lat="42.038167" lon="-2.784818">
      <ele>1749.6</ele>
    </trkpt>
    <trkpt lat="42.038393" lon="-2.784867">
      <ele>1749.8</ele>
    </trkpt>
    <trkpt lat="42.038441" lon="-2.784869">
      <ele>1749.8</ele>
    </trkpt>
    <trkpt lat="42.038549" lon="-2.784877">
      <ele>1749.8</ele>
    </trkpt>
    <trkpt lat="42.038915" lon="-2.784919">
      <ele>1749.6</ele>
    </trkpt>
    <trkpt lat="42.039517" lon="-2.785258">
      <ele>1748.8</ele>
    </trkpt>
    <trkpt lat="42.039927" lon="-2.785451">
      <ele>1748.3</ele>
    </trkpt>
    <trkpt lat="42.040619" lon="-2.785717">
      <ele>1746.2</ele>
    </trkpt>
    <trkpt lat="42.041775" lon="-2.78657">
      <ele>1738.4</ele>
    </trkpt>
    <trkpt lat="42.04194" lon="-2.786693">
      <ele>1737</ele>
    </trkpt>
    <trkpt lat="42.042218" lon="-2.786738">
      <ele>1734.9</ele>
    </trkpt>
    <trkpt lat="42.04331" lon="-2.786587">
      <ele>1727.2</ele>
    </trkpt>
    <trkpt lat="42.043431" lon="-2.786594">
      <ele>1726.4</ele>
    </trkpt>
    <trkpt lat="42.043566" lon="-2.786645">
      <ele>1725.5</ele>
    </trkpt>
    <trkpt lat="42.043675" lon="-2.78673">
      <ele>1724.6</ele>
    </trkpt>
    <trkpt lat="42.043901" lon="-2.787054">
      <ele>1722.6</ele>
    </trkpt>
    <trkpt lat="42.044093" lon="-2.787263">
      <ele>1721.3</ele>
    </trkpt>
    <trkpt lat="42.044712" lon="-2.787837">
      <ele>1717.2</ele>
    </trkpt>
    <trkpt lat="42.045406" lon="-2.788533">
      <ele>1710.2</ele>
    </trkpt>
    <trkpt lat="42.045755" lon="-2.788795">
      <ele>1705.8</ele>
    </trkpt>
    <trkpt lat="42.045926" lon="-2.788866">
      <ele>1703.7</ele>
    </trkpt>
    <trkpt lat="42.046096" lon="-2.788853">
      <ele>1701.7</ele>
    </trkpt>
    <trkpt lat="42.046233" lon="-2.788783">
      <ele>1699.8</ele>
    </trkpt>
    <trkpt lat="42.046382" lon="-2.78863">
      <ele>1697.4</ele>
    </trkpt>
    <trkpt lat="42.046575" lon="-2.788362">
      <ele>1693.8</ele>
    </trkpt>
    <trkpt lat="42.046726" lon="-2.788067">
      <ele>1690.2</ele>
    </trkpt>
    <trkpt lat="42.046823" lon="-2.787772">
      <ele>1686.9</ele>
    </trkpt>
    <trkpt lat="42.046918" lon="-2.787413">
      <ele>1683.1</ele>
    </trkpt>
    <trkpt lat="42.04707" lon="-2.786645">
      <ele>1675.9</ele>
    </trkpt>
    <trkpt lat="42.047115" lon="-2.785884">
      <ele>1670.2</ele>
    </trkpt>
    <trkpt lat="42.047171" lon="-2.785499">
      <ele>1667.6</ele>
    </trkpt>
    <trkpt lat="42.047251" lon="-2.785152">
      <ele>1665.5</ele>
    </trkpt>
    <trkpt lat="42.04741" lon="-2.784801">
      <ele>1663.4</ele>
    </trkpt>
    <trkpt lat="42.047621" lon="-2.784477">
      <ele>1661.7</ele>
    </trkpt>
    <trkpt lat="42.047784" lon="-2.784335">
      <ele>1660.8</ele>
    </trkpt>
    <trkpt lat="42.048042" lon="-2.784193">
      <ele>1659.8</ele>
    </trkpt>
    <trkpt lat="42.048421" lon="-2.784156">
      <ele>1658.9</ele>
    </trkpt>
    <trkpt lat="42.048676" lon="-2.784234">
      <ele>1658.4</ele>
    </trkpt>
    <trkpt lat="42.049806" lon="-2.784903">
      <ele>1655.6</ele>
    </trkpt>
    <trkpt lat="42.050009" lon="-2.784939">
      <ele>1655</ele>
    </trkpt>
    <trkpt lat="42.050511" lon="-2.78492">
      <ele>1653.2</ele>
    </trkpt>
    <trkpt lat="42.050764" lon="-2.784958">
      <ele>1651.9</ele>
    </trkpt>
    <trkpt lat="42.050866" lon="-2.784995">
      <ele>1651.3</ele>
    </trkpt>
    <trkpt lat="42.051331" lon="-2.785289">
      <ele>1648</ele>
    </trkpt>
    <trkpt lat="42.051646" lon="-2.785408">
      <ele>1646</ele>
    </trkpt>
    <trkpt lat="42.051907" lon="-2.7854">
      <ele>1644.6</ele>
    </trkpt>
    <trkpt lat="42.052569" lon="-2.785085">
      <ele>1642.5</ele>
    </trkpt>
    <trkpt lat="42.052691" lon="-2.785063">
      <ele>1642.3</ele>
    </trkpt>
    <trkpt lat="42.052863" lon="-2.785094">
      <ele>1642</ele>
    </trkpt>
    <trkpt lat="42.053029" lon="-2.785226">
      <ele>1641.7</ele>
    </trkpt>
    <trkpt lat="42.053092" lon="-2.785319">
      <ele>1641.6</ele>
    </trkpt>
    <trkpt lat="42.053215" lon="-2.785629">
      <ele>1641.3</ele>
    </trkpt>
    <trkpt lat="42.053252" lon="-2.785819">
      <ele>1641.2</ele>
    </trkpt>
    <trkpt lat="42.053256" lon="-2.785978">
      <ele>1641.2</ele>
    </trkpt>
    <trkpt lat="42.053124" lon="-2.787483">
      <ele>1641.9</ele>
    </trkpt>
    <trkpt lat="42.052893" lon="-2.788601">
      <ele>1640.5</ele>
    </trkpt>
    <trkpt lat="42.052557" lon="-2.789425">
      <ele>1636.6</ele>
    </trkpt>
    <trkpt lat="42.052485" lon="-2.789746">
      <ele>1634.5</ele>
    </trkpt>
    <trkpt lat="42.052478" lon="-2.789967">
      <ele>1633</ele>
    </trkpt>
    <trkpt lat="42.05264" lon="-2.791054">
      <ele>1622.8</ele>
    </trkpt>
    <trkpt lat="42.052705" lon="-2.791179">
      <ele>1621.1</ele>
    </trkpt>
    <trkpt lat="42.052885" lon="-2.791361">
      <ele>1617.7</ele>
    </trkpt>
    <trkpt lat="42.053113" lon="-2.791382">
      <ele>1614.1</ele>
    </trkpt>
    <trkpt lat="42.053241" lon="-2.791337">
      <ele>1611.9</ele>
    </trkpt>
    <trkpt lat="42.053396" lon="-2.791232">
      <ele>1609</ele>
    </trkpt>
    <trkpt lat="42.053708" lon="-2.790934">
      <ele>1602.9</ele>
    </trkpt>
    <trkpt lat="42.053895" lon="-2.790808">
      <ele>1599.6</ele>
    </trkpt>
    <trkpt lat="42.054755" lon="-2.790797">
      <ele>1587.5</ele>
    </trkpt>
    <trkpt lat="42.054971" lon="-2.790731">
      <ele>1584.9</ele>
    </trkpt>
    <trkpt lat="42.05592" lon="-2.790215">
      <ele>1575.5</ele>
    </trkpt>
    <trkpt lat="42.056052" lon="-2.790094">
      <ele>1574.3</ele>
    </trkpt>
    <trkpt lat="42.056164" lon="-2.789939">
      <ele>1573.3</ele>
    </trkpt>
    <trkpt lat="42.056231" lon="-2.789811">
      <ele>1572.6</ele>
    </trkpt>
    <trkpt lat="42.056382" lon="-2.789392">
      <ele>1570.8</ele>
    </trkpt>
    <trkpt lat="42.056512" lon="-2.789121">
      <ele>1569.6</ele>
    </trkpt>
    <trkpt lat="42.056629" lon="-2.788951">
      <ele>1568.9</ele>
    </trkpt>
    <trkpt lat="42.056816" lon="-2.788842">
      <ele>1568.2</ele>
    </trkpt>
    <trkpt lat="42.057054" lon="-2.788822">
      <ele>1567.4</ele>
    </trkpt>
    <trkpt lat="42.057673" lon="-2.78888">
      <ele>1565.6</ele>
    </trkpt>
    <trkpt lat="42.058438" lon="-2.789042">
      <ele>1563</ele>
    </trkpt>
    <trkpt lat="42.058696" lon="-2.78899">
      <ele>1562</ele>
    </trkpt>
    <trkpt lat="42.058828" lon="-2.78888">
      <ele>1561.4</ele>
    </trkpt>
    <trkpt lat="42.058897" lon="-2.788759">
      <ele>1560.9</ele>
    </trkpt>
    <trkpt lat="42.058958" lon="-2.788543">
      <ele>1560.2</ele>
    </trkpt>
    <trkpt lat="42.058948" lon="-2.788297">
      <ele>1559.4</ele>
    </trkpt>
    <trkpt lat="42.058771" lon="-2.787515">
      <ele>1556.3</ele>
    </trkpt>
    <trkpt lat="42.05875" lon="-2.787231">
      <ele>1554.9</ele>
    </trkpt>
    <trkpt lat="42.058762" lon="-2.787107">
      <ele>1554.3</ele>
    </trkpt>
    <trkpt lat="42.058976" lon="-2.786231">
      <ele>1548.7</ele>
    </trkpt>
    <trkpt lat="42.05897" lon="-2.785995">
      <ele>1547.3</ele>
    </trkpt>
    <trkpt lat="42.058751" lon="-2.78466">
      <ele>1541.1</ele>
    </trkpt>
    <trkpt lat="42.058729" lon="-2.784339">
      <ele>1540</ele>
    </trkpt>
    <trkpt lat="42.058762" lon="-2.784104">
      <ele>1539.3</ele>
    </trkpt>
    <trkpt lat="42.058854" lon="-2.78393">
      <ele>1538.5</ele>
    </trkpt>
    <trkpt lat="42.059042" lon="-2.783831">
      <ele>1537.5</ele>
    </trkpt>
    <trkpt lat="42.05979" lon="-2.783963">
      <ele>1533.4</ele>
    </trkpt>
    <trkpt lat="42.059931" lon="-2.783946">
      <ele>1532.5</ele>
    </trkpt>
    <trkpt lat="42.060006" lon="-2.783906">
      <ele>1532.1</ele>
    </trkpt>
    <trkpt lat="42.06012" lon="-2.783809">
      <ele>1531.2</ele>
    </trkpt>
    <trkpt lat="42.060171" lon="-2.783721">
      <ele>1530.7</ele>
    </trkpt>
    <trkpt lat="42.060212" lon="-2.783628">
      <ele>1530.2</ele>
    </trkpt>
    <trkpt lat="42.060221" lon="-2.783407">
      <ele>1529.1</ele>
    </trkpt>
    <trkpt lat="42.060082" lon="-2.78276">
      <ele>1525.2</ele>
    </trkpt>
    <trkpt lat="42.060076" lon="-2.782529">
      <ele>1523.7</ele>
    </trkpt>
    <trkpt lat="42.060224" lon="-2.78133">
      <ele>1515.2</ele>
    </trkpt>
    <trkpt lat="42.060354" lon="-2.781078">
      <ele>1513.7</ele>
    </trkpt>
    <trkpt lat="42.060528" lon="-2.780965">
      <ele>1512.7</ele>
    </trkpt>
    <trkpt lat="42.061363" lon="-2.78083">
      <ele>1511.5</ele>
    </trkpt>
    <trkpt lat="42.061568" lon="-2.78086">
      <ele>1512</ele>
    </trkpt>
    <trkpt lat="42.061785" lon="-2.781011">
      <ele>1512.9</ele>
    </trkpt>
    <trkpt lat="42.062907" lon="-2.782021">
      <ele>1514.9</ele>
    </trkpt>
    <trkpt lat="42.063072" lon="-2.78214">
      <ele>1514.4</ele>
    </trkpt>
    <trkpt lat="42.063233" lon="-2.782207">
      <ele>1514</ele>
    </trkpt>
    <trkpt lat="42.063518" lon="-2.782258">
      <ele>1512.7</ele>
    </trkpt>
    <trkpt lat="42.063719" lon="-2.782253">
      <ele>1511.6</ele>
    </trkpt>
    <trkpt lat="42.064011" lon="-2.782175">
      <ele>1509.7</ele>
    </trkpt>
    <trkpt lat="42.064205" lon="-2.782066">
      <ele>1508.1</ele>
    </trkpt>
    <trkpt lat="42.064439" lon="-2.781875">
      <ele>1505.7</ele>
    </trkpt>
    <trkpt lat="42.064722" lon="-2.781465">
      <ele>1501.9</ele>
    </trkpt>
    <trkpt lat="42.065746" lon="-2.779338">
      <ele>1488.2</ele>
    </trkpt>
    <trkpt lat="42.065895" lon="-2.779155">
      <ele>1486.8</ele>
    </trkpt>
    <trkpt lat="42.065996" lon="-2.779094">
      <ele>1486</ele>
    </trkpt>
    <trkpt lat="42.067612" lon="-2.778538">
      <ele>1475.1</ele>
    </trkpt>
    <trkpt lat="42.06795" lon="-2.778537">
      <ele>1473.1</ele>
    </trkpt>
    <trkpt lat="42.068308" lon="-2.778662">
      <ele>1471</ele>
    </trkpt>
    <trkpt lat="42.068463" lon="-2.778682">
      <ele>1470.1</ele>
    </trkpt>
    <trkpt lat="42.068617" lon="-2.778753">
      <ele>1469.3</ele>
    </trkpt>
    <trkpt lat="42.069035" lon="-2.779003">
      <ele>1467.5</ele>
    </trkpt>
    <trkpt lat="42.069436" lon="-2.779169">
      <ele>1465.7</ele>
    </trkpt>
    <trkpt lat="42.069702" lon="-2.779315">
      <ele>1464</ele>
    </trkpt>
    <trkpt lat="42.069837" lon="-2.779408">
      <ele>1463</ele>
    </trkpt>
    <trkpt lat="42.06994" lon="-2.779517">
      <ele>1462</ele>
    </trkpt>
    <trkpt lat="42.070224" lon="-2.779968">
      <ele>1458.3</ele>
    </trkpt>
    <trkpt lat="42.070285" lon="-2.780024">
      <ele>1457.7</ele>
    </trkpt>
    <trkpt lat="42.070619" lon="-2.780149">
      <ele>1454.9</ele>
    </trkpt>
    <trkpt lat="42.071495" lon="-2.780306">
      <ele>1446.8</ele>
    </trkpt>
    <trkpt lat="42.071776" lon="-2.780487">
      <ele>1443.6</ele>
    </trkpt>
    <trkpt lat="42.072059" lon="-2.780753">
      <ele>1439.8</ele>
    </trkpt>
    <trkpt lat="42.072239" lon="-2.780737">
      <ele>1437.9</ele>
    </trkpt>
    <trkpt lat="42.07234" lon="-2.780682">
      <ele>1436.9</ele>
    </trkpt>
    <trkpt lat="42.072422" lon="-2.780577">
      <ele>1435.9</ele>
    </trkpt>
    <trkpt lat="42.072491" lon="-2.780343">
      <ele>1434.1</ele>
    </trkpt>
    <trkpt lat="42.072476" lon="-2.780134">
      <ele>1432.9</ele>
    </trkpt>
    <trkpt lat="42.072027" lon="-2.779284">
      <ele>1427.3</ele>
    </trkpt>
    <trkpt lat="42.071527" lon="-2.778594">
      <ele>1422.2</ele>
    </trkpt>
    <trkpt lat="42.070658" lon="-2.776922">
      <ele>1411.4</ele>
    </trkpt>
    <trkpt lat="42.070495" lon="-2.776683">
      <ele>1409.4</ele>
    </trkpt>
    <trkpt lat="42.070306" lon="-2.776473">
      <ele>1407.2</ele>
    </trkpt>
    <trkpt lat="42.070232" lon="-2.776251">
      <ele>1405.5</ele>
    </trkpt>
    <trkpt lat="42.070228" lon="-2.776027">
      <ele>1403.8</ele>
    </trkpt>
    <trkpt lat="42.070307" lon="-2.775583">
      <ele>1400.5</ele>
    </trkpt>
    <trkpt lat="42.070312" lon="-2.775432">
      <ele>1399.3</ele>
    </trkpt>
    <trkpt lat="42.070298" lon="-2.77524">
      <ele>1397.8</ele>
    </trkpt>
    <trkpt lat="42.070285" lon="-2.77505">
      <ele>1396.4</ele>
    </trkpt>
    <trkpt lat="42.070186" lon="-2.774491">
      <ele>1392</ele>
    </trkpt>
    <trkpt lat="42.070173" lon="-2.774181">
      <ele>1389.8</ele>
    </trkpt>
    <trkpt lat="42.070312" lon="-2.772682">
      <ele>1381.4</ele>
    </trkpt>
    <trkpt lat="42.070385" lon="-2.772451">
      <ele>1380.1</ele>
    </trkpt>
    <trkpt lat="42.070667" lon="-2.771905">
      <ele>1376.4</ele>
    </trkpt>
    <trkpt lat="42.07071" lon="-2.771734">
      <ele>1375.4</ele>
    </trkpt>
    <trkpt lat="42.070708" lon="-2.771633">
      <ele>1374.8</ele>
    </trkpt>
    <trkpt lat="42.070652" lon="-2.771325">
      <ele>1373</ele>
    </trkpt>
    <trkpt lat="42.069968" lon="-2.770199">
      <ele>1363.8</ele>
    </trkpt>
    <trkpt lat="42.069862" lon="-2.769969">
      <ele>1361.5</ele>
    </trkpt>
    <trkpt lat="42.069563" lon="-2.768392">
      <ele>1349.5</ele>
    </trkpt>
    <trkpt lat="42.069534" lon="-2.767927">
      <ele>1347.2</ele>
    </trkpt>
    <trkpt lat="42.069554" lon="-2.767731">
      <ele>1346.3</ele>
    </trkpt>
    <trkpt lat="42.069652" lon="-2.767287">
      <ele>1344.1</ele>
    </trkpt>
    <trkpt lat="42.069734" lon="-2.767056">
      <ele>1342.9</ele>
    </trkpt>
    <trkpt lat="42.06993" lon="-2.766738">
      <ele>1341</ele>
    </trkpt>
    <trkpt lat="42.070095" lon="-2.76639">
      <ele>1339.1</ele>
    </trkpt>
    <trkpt lat="42.070152" lon="-2.765985">
      <ele>1337.1</ele>
    </trkpt>
    <trkpt lat="42.070142" lon="-2.764796">
      <ele>1331.1</ele>
    </trkpt>
    <trkpt lat="42.070194" lon="-2.764569">
      <ele>1329.8</ele>
    </trkpt>
    <trkpt lat="42.070779" lon="-2.763179">
      <ele>1320.4</ele>
    </trkpt>
    <trkpt lat="42.071495" lon="-2.762326">
      <ele>1314.2</ele>
    </trkpt>
    <trkpt lat="42.07183" lon="-2.761685">
      <ele>1312.3</ele>
    </trkpt>
    <trkpt lat="42.072279" lon="-2.761192">
      <ele>1312.6</ele>
    </trkpt>
    <trkpt lat="42.072438" lon="-2.761066">
      <ele>1312.8</ele>
    </trkpt>
    <trkpt lat="42.072665" lon="-2.760993">
      <ele>1313.2</ele>
    </trkpt>
    <trkpt lat="42.072832" lon="-2.760974">
      <ele>1313.3</ele>
    </trkpt>
    <trkpt lat="42.073077" lon="-2.761001">
      <ele>1313.1</ele>
    </trkpt>
    <trkpt lat="42.073166" lon="-2.761045">
      <ele>1313</ele>
    </trkpt>
    <trkpt lat="42.073298" lon="-2.761204">
      <ele>1312.7</ele>
    </trkpt>
    <trkpt lat="42.073452" lon="-2.761608">
      <ele>1311.7</ele>
    </trkpt>
    <trkpt lat="42.073563" lon="-2.761732">
      <ele>1311.1</ele>
    </trkpt>
    <trkpt lat="42.073634" lon="-2.76178">
      <ele>1310.8</ele>
    </trkpt>
    <trkpt lat="42.073723" lon="-2.761786">
      <ele>1310.5</ele>
    </trkpt>
    <trkpt lat="42.073829" lon="-2.761752">
      <ele>1310</ele>
    </trkpt>
    <trkpt lat="42.073937" lon="-2.761655">
      <ele>1309.4</ele>
    </trkpt>
    <trkpt lat="42.074275" lon="-2.76066">
      <ele>1303.2</ele>
    </trkpt>
    <trkpt lat="42.074359" lon="-2.760549">
      <ele>1301.9</ele>
    </trkpt>
    <trkpt lat="42.074479" lon="-2.760474">
      <ele>1300.4</ele>
    </trkpt>
    <trkpt lat="42.074941" lon="-2.76032">
      <ele>1294.2</ele>
    </trkpt>
    <trkpt lat="42.075059" lon="-2.760207">
      <ele>1292.4</ele>
    </trkpt>
    <trkpt lat="42.075117" lon="-2.760104">
      <ele>1291.3</ele>
    </trkpt>
    <trkpt lat="42.07553" lon="-2.759165">
      <ele>1284.7</ele>
    </trkpt>
    <trkpt lat="42.075608" lon="-2.758532">
      <ele>1283.3</ele>
    </trkpt>
    <trkpt lat="42.07568" lon="-2.758258">
      <ele>1283.1</ele>
    </trkpt>
    <trkpt lat="42.075745" lon="-2.758123">
      <ele>1283</ele>
    </trkpt>
    <trkpt lat="42.07584" lon="-2.757999">
      <ele>1283.1</ele>
    </trkpt>
    <trkpt lat="42.075974" lon="-2.757903">
      <ele>1283.2</ele>
    </trkpt>
    <trkpt lat="42.076123" lon="-2.757872">
      <ele>1283.3</ele>
    </trkpt>
    <trkpt lat="42.076329" lon="-2.757907">
      <ele>1283.4</ele>
    </trkpt>
    <trkpt lat="42.076431" lon="-2.757954">
      <ele>1283.5</ele>
    </trkpt>
    <trkpt lat="42.077131" lon="-2.758796">
      <ele>1282.3</ele>
    </trkpt>
    <trkpt lat="42.077248" lon="-2.758827">
      <ele>1281.8</ele>
    </trkpt>
    <trkpt lat="42.077383" lon="-2.758798">
      <ele>1281.1</ele>
    </trkpt>
    <trkpt lat="42.077495" lon="-2.758729">
      <ele>1280.5</ele>
    </trkpt>
    <trkpt lat="42.077624" lon="-2.758495">
      <ele>1279</ele>
    </trkpt>
    <trkpt lat="42.07764" lon="-2.758285">
      <ele>1277.8</ele>
    </trkpt>
    <trkpt lat="42.077346" lon="-2.757364">
      <ele>1270.7</ele>
    </trkpt>
    <trkpt lat="42.077355" lon="-2.757164">
      <ele>1269</ele>
    </trkpt>
    <trkpt lat="42.077477" lon="-2.756825">
      <ele>1265.8</ele>
    </trkpt>
    <trkpt lat="42.07755" lon="-2.756712">
      <ele>1264.6</ele>
    </trkpt>
    <trkpt lat="42.077774" lon="-2.756512">
      <ele>1261.6</ele>
    </trkpt>
    <trkpt lat="42.07846" lon="-2.756245">
      <ele>1255.2</ele>
    </trkpt>
    <trkpt lat="42.07884" lon="-2.755838">
      <ele>1252.4</ele>
    </trkpt>
    <trkpt lat="42.079209" lon="-2.755329">
      <ele>1250.5</ele>
    </trkpt>
    <trkpt lat="42.079473" lon="-2.754895">
      <ele>1249.6</ele>
    </trkpt>
    <trkpt lat="42.079758" lon="-2.754198">
      <ele>1247.4</ele>
    </trkpt>
    <trkpt lat="42.079982" lon="-2.753236">
      <ele>1244.1</ele>
    </trkpt>
    <trkpt lat="42.08004" lon="-2.753081">
      <ele>1243.5</ele>
    </trkpt>
    <trkpt lat="42.080189" lon="-2.752891">
      <ele>1242.5</ele>
    </trkpt>
    <trkpt lat="42.080468" lon="-2.752647">
      <ele>1240.8</ele>
    </trkpt>
    <trkpt lat="42.081374" lon="-2.752073">
      <ele>1235.3</ele>
    </trkpt>
    <trkpt lat="42.081549" lon="-2.751993">
      <ele>1234.2</ele>
    </trkpt>
    <trkpt lat="42.081952" lon="-2.751918">
      <ele>1232.2</ele>
    </trkpt>
    <trkpt lat="42.082597" lon="-2.751903">
      <ele>1229.8</ele>
    </trkpt>
    <trkpt lat="42.083269" lon="-2.752026">
      <ele>1227.7</ele>
    </trkpt>
    <trkpt lat="42.083424" lon="-2.752009">
      <ele>1227.2</ele>
    </trkpt>
    <trkpt lat="42.083873" lon="-2.751875">
      <ele>1225.5</ele>
    </trkpt>
    <trkpt lat="42.084188" lon="-2.75184">
      <ele>1224.2</ele>
    </trkpt>
    <trkpt lat="42.086135" lon="-2.752187">
      <ele>1214.8</ele>
    </trkpt>
    <trkpt lat="42.086381" lon="-2.752146">
      <ele>1214</ele>
    </trkpt>
    <trkpt lat="42.086715" lon="-2.751944">
      <ele>1212.9</ele>
    </trkpt>
    <trkpt lat="42.087842" lon="-2.751043">
      <ele>1207.4</ele>
    </trkpt>
    <trkpt lat="42.087982" lon="-2.750993">
      <ele>1206.9</ele>
    </trkpt>
    <trkpt lat="42.088335" lon="-2.75102">
      <ele>1205.6</ele>
    </trkpt>
    <trkpt lat="42.088373" lon="-2.751046">
      <ele>1205.4</ele>
    </trkpt>
    <trkpt lat="42.088576" lon="-2.751278">
      <ele>1204.3</ele>
    </trkpt>
    <trkpt lat="42.088691" lon="-2.751335">
      <ele>1203.9</ele>
    </trkpt>
    <trkpt lat="42.088766" lon="-2.751302">
      <ele>1203.5</ele>
    </trkpt>
    <trkpt lat="42.088794" lon="-2.751289">
      <ele>1203.4</ele>
    </trkpt>
    <trkpt lat="42.088868" lon="-2.751188">
      <ele>1203</ele>
    </trkpt>
    <trkpt lat="42.088943" lon="-2.750988">
      <ele>1202.4</ele>
    </trkpt>
    <trkpt lat="42.089124" lon="-2.750465">
      <ele>1200.7</ele>
    </trkpt>
    <trkpt lat="42.089568" lon="-2.74959">
      <ele>1199.1</ele>
    </trkpt>
    <trkpt lat="42.089674" lon="-2.749411">
      <ele>1199</ele>
    </trkpt>
    <trkpt lat="42.089787" lon="-2.749277">
      <ele>1198.8</ele>
    </trkpt>
    <trkpt lat="42.08987" lon="-2.749119">
      <ele>1198.6</ele>
    </trkpt>
    <trkpt lat="42.089961" lon="-2.748781">
      <ele>1198.1</ele>
    </trkpt>
    <trkpt lat="42.089988" lon="-2.748523">
      <ele>1197.7</ele>
    </trkpt>
    <trkpt lat="42.089957" lon="-2.747721">
      <ele>1196.3</ele>
    </trkpt>
    <trkpt lat="42.089821" lon="-2.746967">
      <ele>1194.7</ele>
    </trkpt>
    <trkpt lat="42.089823" lon="-2.746824">
      <ele>1194.4</ele>
    </trkpt>
    <trkpt lat="42.089895" lon="-2.746616">
      <ele>1193.8</ele>
    </trkpt>
    <trkpt lat="42.09003" lon="-2.746364">
      <ele>1193</ele>
    </trkpt>
    <trkpt lat="42.090376" lon="-2.745873">
      <ele>1191.7</ele>
    </trkpt>
    <trkpt lat="42.090581" lon="-2.74551">
      <ele>1191.1</ele>
    </trkpt>
    <trkpt lat="42.090705" lon="-2.744839">
      <ele>1190.8</ele>
    </trkpt>
    <trkpt lat="42.09078" lon="-2.744589">
      <ele>1190.8</ele>
    </trkpt>
    <trkpt lat="42.090733" lon="-2.745272">
      <ele>1191.6</ele>
    </trkpt>
    <trkpt lat="42.090692" lon="-2.745537">
      <ele>1192.1</ele>
    </trkpt>
    <trkpt lat="42.090384" lon="-2.746348">
      <ele>1195</ele>
    </trkpt>
    <trkpt lat="42.090289" lon="-2.746883">
      <ele>1197.2</ele>
    </trkpt>
    <trkpt lat="42.090297" lon="-2.747161">
      <ele>1198.4</ele>
    </trkpt>
    <trkpt lat="42.090301" lon="-2.747297">
      <ele>1198.9</ele>
    </trkpt>
    <trkpt lat="42.090468" lon="-2.748576">
      <ele>1204.9</ele>
    </trkpt>
    <trkpt lat="42.090476" lon="-2.748795">
      <ele>1205.9</ele>
    </trkpt>
    <trkpt lat="42.09032" lon="-2.749442">
      <ele>1209.4</ele>
    </trkpt>
    <trkpt lat="42.090188" lon="-2.750578">
      <ele>1216.4</ele>
    </trkpt>
    <trkpt lat="42.090145" lon="-2.750728">
      <ele>1217.5</ele>
    </trkpt>
    <trkpt lat="42.089887" lon="-2.751332">
      <ele>1223.2</ele>
    </trkpt>
    <trkpt lat="42.089871" lon="-2.75152">
      <ele>1225</ele>
    </trkpt>
    <trkpt lat="42.08991" lon="-2.751659">
      <ele>1226.3</ele>
    </trkpt>
    <trkpt lat="42.090112" lon="-2.751984">
      <ele>1230.4</ele>
    </trkpt>
    <trkpt lat="42.090699" lon="-2.752662">
      <ele>1241</ele>
    </trkpt>
    <trkpt lat="42.091125" lon="-2.753013">
      <ele>1247.5</ele>
    </trkpt>
    <trkpt lat="42.09191" lon="-2.75359">
      <ele>1256.7</ele>
    </trkpt>
    <trkpt lat="42.092026" lon="-2.753715">
      <ele>1257.8</ele>
    </trkpt>
    <trkpt lat="42.092268" lon="-2.754127">
      <ele>1259.9</ele>
    </trkpt>
    <trkpt lat="42.092457" lon="-2.75432">
      <ele>1260.6</ele>
    </trkpt>
    <trkpt lat="42.092638" lon="-2.754457">
      <ele>1261.1</ele>
    </trkpt>
    <trkpt lat="42.092669" lon="-2.754578">
      <ele>1261.2</ele>
    </trkpt>
    <trkpt lat="42.092652" lon="-2.754671">
      <ele>1261.3</ele>
    </trkpt>
    <trkpt lat="42.092574" lon="-2.754875">
      <ele>1261.3</ele>
    </trkpt>
    <trkpt lat="42.092484" lon="-2.754976">
      <ele>1261.3</ele>
    </trkpt>
    <trkpt lat="42.09236" lon="-2.755012">
      <ele>1261.3</ele>
    </trkpt>
    <trkpt lat="42.091976" lon="-2.754911">
      <ele>1261</ele>
    </trkpt>
    <trkpt lat="42.091348" lon="-2.754796">
      <ele>1261.1</ele>
    </trkpt>
    <trkpt lat="42.091009" lon="-2.754822">
      <ele>1261.6</ele>
    </trkpt>
    <trkpt lat="42.090819" lon="-2.754868">
      <ele>1262.1</ele>
    </trkpt>
    <trkpt lat="42.090717" lon="-2.755095">
      <ele>1262.8</ele>
    </trkpt>
    <trkpt lat="42.090633" lon="-2.755481">
      <ele>1264.3</ele>
    </trkpt>
    <trkpt lat="42.090634" lon="-2.756261">
      <ele>1268.3</ele>
    </trkpt>
    <trkpt lat="42.09066" lon="-2.756432">
      <ele>1269.4</ele>
    </trkpt>
    <trkpt lat="42.090706" lon="-2.756529">
      <ele>1270.1</ele>
    </trkpt>
    <trkpt lat="42.090886" lon="-2.756737">
      <ele>1272.2</ele>
    </trkpt>
    <trkpt lat="42.091052" lon="-2.757155">
      <ele>1275.4</ele>
    </trkpt>
    <trkpt lat="42.091272" lon="-2.75759">
      <ele>1278.9</ele>
    </trkpt>
    <trkpt lat="42.091524" lon="-2.758313">
      <ele>1283.9</ele>
    </trkpt>
    <trkpt lat="42.091853" lon="-2.759138">
      <ele>1288.7</ele>
    </trkpt>
    <trkpt lat="42.092192" lon="-2.759907">
      <ele>1292.7</ele>
    </trkpt>
    <trkpt lat="42.092556" lon="-2.760987">
      <ele>1299.2</ele>
    </trkpt>
    <trkpt lat="42.09299" lon="-2.76193">
      <ele>1307</ele>
    </trkpt>
    <trkpt lat="42.093306" lon="-2.762535">
      <ele>1312.8</ele>
    </trkpt>
    <trkpt lat="42.093475" lon="-2.762793">
      <ele>1315.7</ele>
    </trkpt>
    <trkpt lat="42.093787" lon="-2.763179">
      <ele>1320.7</ele>
    </trkpt>
    <trkpt lat="42.093838" lon="-2.763307">
      <ele>1322.1</ele>
    </trkpt>
    <trkpt lat="42.094088" lon="-2.763921">
      <ele>1328.9</ele>
    </trkpt>
    <trkpt lat="42.094219" lon="-2.764101">
      <ele>1331.3</ele>
    </trkpt>
    <trkpt lat="42.09459" lon="-2.76434">
      <ele>1336.4</ele>
    </trkpt>
    <trkpt lat="42.095347" lon="-2.764635">
      <ele>1343.9</ele>
    </trkpt>
    <trkpt lat="42.09614" lon="-2.764876">
      <ele>1346.5</ele>
    </trkpt>
    <trkpt lat="42.096243" lon="-2.764981">
      <ele>1346.7</ele>
    </trkpt>
    <trkpt lat="42.09628" lon="-2.765162">
      <ele>1346.8</ele>
    </trkpt>
    <trkpt lat="42.09622" lon="-2.765446">
      <ele>1347.1</ele>
    </trkpt>
    <trkpt lat="42.096075" lon="-2.76576">
      <ele>1347.4</ele>
    </trkpt>
    <trkpt lat="42.095724" lon="-2.76635">
      <ele>1348.2</ele>
    </trkpt>
    <trkpt lat="42.095689" lon="-2.766485">
      <ele>1348.4</ele>
    </trkpt>
    <trkpt lat="42.095696" lon="-2.766698">
      <ele>1348.7</ele>
    </trkpt>
    <trkpt lat="42.095769" lon="-2.766914">
      <ele>1349</ele>
    </trkpt>
    <trkpt lat="42.096077" lon="-2.767621">
      <ele>1352.1</ele>
    </trkpt>
    <trkpt lat="42.096774" lon="-2.769109">
      <ele>1366.9</ele>
    </trkpt>
    <trkpt lat="42.096942" lon="-2.769351">
      <ele>1369</ele>
    </trkpt>
    <trkpt lat="42.097547" lon="-2.770027">
      <ele>1373.2</ele>
    </trkpt>
    <trkpt lat="42.097582" lon="-2.770142">
      <ele>1373.6</ele>
    </trkpt>
    <trkpt lat="42.097566" lon="-2.770226">
      <ele>1373.8</ele>
    </trkpt>
    <trkpt lat="42.097515" lon="-2.770298">
      <ele>1374.2</ele>
    </trkpt>
    <trkpt lat="42.097325" lon="-2.770402">
      <ele>1375.1</ele>
    </trkpt>
    <trkpt lat="42.097111" lon="-2.770475">
      <ele>1376.1</ele>
    </trkpt>
    <trkpt lat="42.09658" lon="-2.77059">
      <ele>1378.7</ele>
    </trkpt>
    <trkpt lat="42.096525" lon="-2.770669">
      <ele>1379.2</ele>
    </trkpt>
    <trkpt lat="42.096521" lon="-2.770744">
      <ele>1379.4</ele>
    </trkpt>
    <trkpt lat="42.096551" lon="-2.770843">
      <ele>1379.9</ele>
    </trkpt>
    <trkpt lat="42.096795" lon="-2.771152">
      <ele>1381.8</ele>
    </trkpt>
    <trkpt lat="42.09829" lon="-2.772584">
      <ele>1401.9</ele>
    </trkpt>
    <trkpt lat="42.099232" lon="-2.773392">
      <ele>1413.3</ele>
    </trkpt>
    <trkpt lat="42.099834" lon="-2.774122">
      <ele>1418.9</ele>
    </trkpt>
    <trkpt lat="42.100225" lon="-2.77442">
      <ele>1421.5</ele>
    </trkpt>
    <trkpt lat="42.100288" lon="-2.774582">
      <ele>1422.3</ele>
    </trkpt>
    <trkpt lat="42.100335" lon="-2.775079">
      <ele>1423.7</ele>
    </trkpt>
    <trkpt lat="42.100596" lon="-2.775591">
      <ele>1426.1</ele>
    </trkpt>
    <trkpt lat="42.100834" lon="-2.775962">
      <ele>1428.3</ele>
    </trkpt>
    <trkpt lat="42.100865" lon="-2.776139">
      <ele>1429.1</ele>
    </trkpt>
    <trkpt lat="42.100842" lon="-2.776289">
      <ele>1429.8</ele>
    </trkpt>
    <trkpt lat="42.100765" lon="-2.776444">
      <ele>1430.6</ele>
    </trkpt>
    <trkpt lat="42.100478" lon="-2.776568">
      <ele>1431.9</ele>
    </trkpt>
    <trkpt lat="42.100352" lon="-2.776696">
      <ele>1432.5</ele>
    </trkpt>
    <trkpt lat="42.100252" lon="-2.776942">
      <ele>1433.2</ele>
    </trkpt>
    <trkpt lat="42.100199" lon="-2.777001">
      <ele>1433.4</ele>
    </trkpt>
    <trkpt lat="42.100089" lon="-2.777042">
      <ele>1433.4</ele>
    </trkpt>
    <trkpt lat="42.099604" lon="-2.776929">
      <ele>1433.2</ele>
    </trkpt>
    <trkpt lat="42.098886" lon="-2.776523">
      <ele>1431.6</ele>
    </trkpt>
    <trkpt lat="42.098598" lon="-2.776391">
      <ele>1430.9</ele>
    </trkpt>
    <trkpt lat="42.098205" lon="-2.776296">
      <ele>1430.2</ele>
    </trkpt>
    <trkpt lat="42.097912" lon="-2.776297">
      <ele>1430.4</ele>
    </trkpt>
    <trkpt lat="42.097819" lon="-2.776372">
      <ele>1430.6</ele>
    </trkpt>
    <trkpt lat="42.097681" lon="-2.776736">
      <ele>1431.6</ele>
    </trkpt>
    <trkpt lat="42.097492" lon="-2.777084">
      <ele>1433.6</ele>
    </trkpt>
    <trkpt lat="42.097447" lon="-2.777224">
      <ele>1434.4</ele>
    </trkpt>
    <trkpt lat="42.097453" lon="-2.777393">
      <ele>1435.5</ele>
    </trkpt>
    <trkpt lat="42.097505" lon="-2.777635">
      <ele>1437.2</ele>
    </trkpt>
    <trkpt lat="42.097579" lon="-2.777845">
      <ele>1439.2</ele>
    </trkpt>
    <trkpt lat="42.097986" lon="-2.778836">
      <ele>1450.7</ele>
    </trkpt>
    <trkpt lat="42.098291" lon="-2.779716">
      <ele>1461.1</ele>
    </trkpt>
    <trkpt lat="42.098427" lon="-2.78">
      <ele>1464.1</ele>
    </trkpt>
    <trkpt lat="42.098722" lon="-2.78036">
      <ele>1468.2</ele>
    </trkpt>
    <trkpt lat="42.099493" lon="-2.780976">
      <ele>1473</ele>
    </trkpt>
    <trkpt lat="42.099636" lon="-2.781168">
      <ele>1473.8</ele>
    </trkpt>
    <trkpt lat="42.099751" lon="-2.781381">
      <ele>1474.5</ele>
    </trkpt>
    <trkpt lat="42.099812" lon="-2.781619">
      <ele>1475.1</ele>
    </trkpt>
    <trkpt lat="42.099795" lon="-2.781807">
      <ele>1475.5</ele>
    </trkpt>
    <trkpt lat="42.099438" lon="-2.782277">
      <ele>1477.2</ele>
    </trkpt>
    <trkpt lat="42.099387" lon="-2.782433">
      <ele>1477.7</ele>
    </trkpt>
    <trkpt lat="42.099291" lon="-2.783551">
      <ele>1482.7</ele>
    </trkpt>
    <trkpt lat="42.099339" lon="-2.78412">
      <ele>1486</ele>
    </trkpt>
    <trkpt lat="42.099396" lon="-2.784267">
      <ele>1487.1</ele>
    </trkpt>
    <trkpt lat="42.099484" lon="-2.784355">
      <ele>1488</ele>
    </trkpt>
    <trkpt lat="42.099623" lon="-2.784409">
      <ele>1489.4</ele>
    </trkpt>
    <trkpt lat="42.099931" lon="-2.784443">
      <ele>1492.4</ele>
    </trkpt>
    <trkpt lat="42.100118" lon="-2.784521">
      <ele>1494.4</ele>
    </trkpt>
    <trkpt lat="42.10024" lon="-2.78462">
      <ele>1495.8</ele>
    </trkpt>
    <trkpt lat="42.10028" lon="-2.78473">
      <ele>1496.8</ele>
    </trkpt>
    <trkpt lat="42.10026" lon="-2.78488">
      <ele>1498.1</ele>
    </trkpt>
    <trkpt lat="42.099998" lon="-2.785308">
      <ele>1502.6</ele>
    </trkpt>
    <trkpt lat="42.099984" lon="-2.785417">
      <ele>1503.4</ele>
    </trkpt>
    <trkpt lat="42.100027" lon="-2.785629">
      <ele>1504.9</ele>
    </trkpt>
    <trkpt lat="42.100187" lon="-2.785991">
      <ele>1507.6</ele>
    </trkpt>
    <trkpt lat="42.10024" lon="-2.786251">
      <ele>1509.1</ele>
    </trkpt>
    <trkpt lat="42.100307" lon="-2.786883">
      <ele>1512.8</ele>
    </trkpt>
    <trkpt lat="42.100494" lon="-2.787622">
      <ele>1518.8</ele>
    </trkpt>
    <trkpt lat="42.10074" lon="-2.788272">
      <ele>1525.5</ele>
    </trkpt>
    <trkpt lat="42.100813" lon="-2.788413">
      <ele>1526.9</ele>
    </trkpt>
    <trkpt lat="42.100983" lon="-2.788641">
      <ele>1529.3</ele>
    </trkpt>
    <trkpt lat="42.101218" lon="-2.788821">
      <ele>1531.8</ele>
    </trkpt>
    <trkpt lat="42.101842" lon="-2.789185">
      <ele>1537.7</ele>
    </trkpt>
    <trkpt lat="42.101916" lon="-2.789281">
      <ele>1538.5</ele>
    </trkpt>
    <trkpt lat="42.101986" lon="-2.789481">
      <ele>1540</ele>
    </trkpt>
    <trkpt lat="42.101963" lon="-2.789633">
      <ele>1541</ele>
    </trkpt>
    <trkpt lat="42.101901" lon="-2.789712">
      <ele>1541.7</ele>
    </trkpt>
    <trkpt lat="42.101674" lon="-2.789885">
      <ele>1544</ele>
    </trkpt>
    <trkpt lat="42.101422" lon="-2.79003">
      <ele>1546.2</ele>
    </trkpt>
    <trkpt lat="42.101014" lon="-2.790166">
      <ele>1549.2</ele>
    </trkpt>
    <trkpt lat="42.100851" lon="-2.790192">
      <ele>1550.2</ele>
    </trkpt>
    <trkpt lat="42.100168" lon="-2.790149">
      <ele>1554.8</ele>
    </trkpt>
    <trkpt lat="42.100044" lon="-2.790124">
      <ele>1555.7</ele>
    </trkpt>
    <trkpt lat="42.099292" lon="-2.78975">
      <ele>1560.7</ele>
    </trkpt>
    <trkpt lat="42.098502" lon="-2.789472">
      <ele>1564.1</ele>
    </trkpt>
    <trkpt lat="42.098182" lon="-2.78931">
      <ele>1565.6</ele>
    </trkpt>
    <trkpt lat="42.097836" lon="-2.789083">
      <ele>1567.5</ele>
    </trkpt>
    <trkpt lat="42.097633" lon="-2.789013">
      <ele>1568.7</ele>
    </trkpt>
    <trkpt lat="42.097496" lon="-2.789055">
      <ele>1569.7</ele>
    </trkpt>
    <trkpt lat="42.096878" lon="-2.789561">
      <ele>1575</ele>
    </trkpt>
    <trkpt lat="42.096452" lon="-2.789773">
      <ele>1577.8</ele>
    </trkpt>
    <trkpt lat="42.09638" lon="-2.78983">
      <ele>1578.3</ele>
    </trkpt>
    <trkpt lat="42.096333" lon="-2.789938">
      <ele>1578.8</ele>
    </trkpt>
    <trkpt lat="42.096336" lon="-2.790018">
      <ele>1579.1</ele>
    </trkpt>
    <trkpt lat="42.096341" lon="-2.79013">
      <ele>1579.5</ele>
    </trkpt>
    <trkpt lat="42.096365" lon="-2.790306">
      <ele>1580</ele>
    </trkpt>
    <trkpt lat="42.096425" lon="-2.790479">
      <ele>1580.6</ele>
    </trkpt>
    <trkpt lat="42.096714" lon="-2.790889">
      <ele>1580.9</ele>
    </trkpt>
    <trkpt lat="42.097183" lon="-2.791355">
      <ele>1578.9</ele>
    </trkpt>
    <trkpt lat="42.097383" lon="-2.791696">
      <ele>1576.6</ele>
    </trkpt>
    <trkpt lat="42.097489" lon="-2.791951">
      <ele>1574.4</ele>
    </trkpt>
    <trkpt lat="42.097686" lon="-2.792634">
      <ele>1568.1</ele>
    </trkpt>
    <trkpt lat="42.09771" lon="-2.792797">
      <ele>1566.6</ele>
    </trkpt>
    <trkpt lat="42.097703" lon="-2.792958">
      <ele>1565.3</ele>
    </trkpt>
    <trkpt lat="42.097592" lon="-2.79336">
      <ele>1561.6</ele>
    </trkpt>
    <trkpt lat="42.097585" lon="-2.793461">
      <ele>1560.8</ele>
    </trkpt>
    <trkpt lat="42.097608" lon="-2.793621">
      <ele>1559.4</ele>
    </trkpt>
    <trkpt lat="42.097766" lon="-2.794017">
      <ele>1555.7</ele>
    </trkpt>
    <trkpt lat="42.097802" lon="-2.794174">
      <ele>1554.4</ele>
    </trkpt>
    <trkpt lat="42.097834" lon="-2.794544">
      <ele>1551.7</ele>
    </trkpt>
    <trkpt lat="42.09803" lon="-2.795408">
      <ele>1545.9</ele>
    </trkpt>
    <trkpt lat="42.098233" lon="-2.795916">
      <ele>1542.3</ele>
    </trkpt>
    <trkpt lat="42.098331" lon="-2.796396">
      <ele>1538.7</ele>
    </trkpt>
    <trkpt lat="42.098401" lon="-2.796585">
      <ele>1537.1</ele>
    </trkpt>
    <trkpt lat="42.098613" lon="-2.796878">
      <ele>1533.8</ele>
    </trkpt>
    <trkpt lat="42.098632" lon="-2.796983">
      <ele>1532.9</ele>
    </trkpt>
    <trkpt lat="42.098548" lon="-2.797317">
      <ele>1530</ele>
    </trkpt>
    <trkpt lat="42.09837" lon="-2.797774">
      <ele>1526</ele>
    </trkpt>
    <trkpt lat="42.098338" lon="-2.797956">
      <ele>1524.6</ele>
    </trkpt>
    <trkpt lat="42.098327" lon="-2.798236">
      <ele>1522.7</ele>
    </trkpt>
    <trkpt lat="42.098259" lon="-2.798484">
      <ele>1520.8</ele>
    </trkpt>
    <trkpt lat="42.098158" lon="-2.79868">
      <ele>1519.4</ele>
    </trkpt>
    <trkpt lat="42.097894" lon="-2.79898">
      <ele>1516.5</ele>
    </trkpt>
    <trkpt lat="42.097822" lon="-2.799143">
      <ele>1515.4</ele>
    </trkpt>
    <trkpt lat="42.097784" lon="-2.799297">
      <ele>1514.5</ele>
    </trkpt>
    <trkpt lat="42.097805" lon="-2.799781">
      <ele>1512</ele>
    </trkpt>
    <trkpt lat="42.097786" lon="-2.800374">
      <ele>1509</ele>
    </trkpt>
    <trkpt lat="42.097862" lon="-2.800714">
      <ele>1507.2</ele>
    </trkpt>
    <trkpt lat="42.097977" lon="-2.801015">
      <ele>1505.3</ele>
    </trkpt>
    <trkpt lat="42.097946" lon="-2.801159">
      <ele>1504.4</ele>
    </trkpt>
    <trkpt lat="42.097885" lon="-2.801189">
      <ele>1503.9</ele>
    </trkpt>
    <trkpt lat="42.097807" lon="-2.801131">
      <ele>1503.2</ele>
    </trkpt>
    <trkpt lat="42.097695" lon="-2.800656">
      <ele>1500.3</ele>
    </trkpt>
    <trkpt lat="42.097293" lon="-2.800057">
      <ele>1495.6</ele>
    </trkpt>
    <trkpt lat="42.097188" lon="-2.799694">
      <ele>1493.1</ele>
    </trkpt>
    <trkpt lat="42.097138" lon="-2.799598">
      <ele>1492.3</ele>
    </trkpt>
    <trkpt lat="42.097074" lon="-2.799559">
      <ele>1491.7</ele>
    </trkpt>
    <trkpt lat="42.097005" lon="-2.799564">
      <ele>1491</ele>
    </trkpt>
    <trkpt lat="42.096928" lon="-2.799676">
      <ele>1489.9</ele>
    </trkpt>
    <trkpt lat="42.096944" lon="-2.799884">
      <ele>1488.3</ele>
    </trkpt>
    <trkpt lat="42.097252" lon="-2.800732">
      <ele>1481.2</ele>
    </trkpt>
    <trkpt lat="42.097294" lon="-2.800939">
      <ele>1479.7</ele>
    </trkpt>
    <trkpt lat="42.097298" lon="-2.801294">
      <ele>1477.5</ele>
    </trkpt>
    <trkpt lat="42.097228" lon="-2.801912">
      <ele>1474.3</ele>
    </trkpt>
    <trkpt lat="42.097238" lon="-2.802103">
      <ele>1473.3</ele>
    </trkpt>
    <trkpt lat="42.097319" lon="-2.802371">
      <ele>1471.8</ele>
    </trkpt>
    <trkpt lat="42.097317" lon="-2.802492">
      <ele>1471.1</ele>
    </trkpt>
    <trkpt lat="42.097277" lon="-2.802586">
      <ele>1470.5</ele>
    </trkpt>
    <trkpt lat="42.097183" lon="-2.802625">
      <ele>1469.7</ele>
    </trkpt>
    <trkpt lat="42.097076" lon="-2.802528">
      <ele>1468.6</ele>
    </trkpt>
    <trkpt lat="42.097034" lon="-2.802354">
      <ele>1467.3</ele>
    </trkpt>
    <trkpt lat="42.096931" lon="-2.801435">
      <ele>1460</ele>
    </trkpt>
    <trkpt lat="42.096886" lon="-2.801241">
      <ele>1458.4</ele>
    </trkpt>
    <trkpt lat="42.096811" lon="-2.801074">
      <ele>1457</ele>
    </trkpt>
    <trkpt lat="42.096569" lon="-2.80075">
      <ele>1453.8</ele>
    </trkpt>
    <trkpt lat="42.096135" lon="-2.800314">
      <ele>1449.6</ele>
    </trkpt>
    <trkpt lat="42.096094" lon="-2.800211">
      <ele>1448.9</ele>
    </trkpt>
    <trkpt lat="42.096065" lon="-2.799936">
      <ele>1447.4</ele>
    </trkpt>
    <trkpt lat="42.096024" lon="-2.79985">
      <ele>1446.8</ele>
    </trkpt>
    <trkpt lat="42.095962" lon="-2.799828">
      <ele>1446.3</ele>
    </trkpt>
    <trkpt lat="42.0959" lon="-2.799872">
      <ele>1445.8</ele>
    </trkpt>
    <trkpt lat="42.095888" lon="-2.799909">
      <ele>1445.5</ele>
    </trkpt>
    <trkpt lat="42.095964" lon="-2.800562">
      <ele>1440.9</ele>
    </trkpt>
    <trkpt lat="42.096036" lon="-2.800762">
      <ele>1439.2</ele>
    </trkpt>
    <trkpt lat="42.096216" lon="-2.801006">
      <ele>1436.7</ele>
    </trkpt>
    <trkpt lat="42.096297" lon="-2.801169">
      <ele>1435.4</ele>
    </trkpt>
    <trkpt lat="42.096342" lon="-2.801408">
      <ele>1433.8</ele>
    </trkpt>
    <trkpt lat="42.096348" lon="-2.801572">
      <ele>1432.9</ele>
    </trkpt>
    <trkpt lat="42.096293" lon="-2.802222">
      <ele>1429.4</ele>
    </trkpt>
    <trkpt lat="42.096224" lon="-2.802558">
      <ele>1427.7</ele>
    </trkpt>
    <trkpt lat="42.096094" lon="-2.802811">
      <ele>1426</ele>
    </trkpt>
    <trkpt lat="42.095912" lon="-2.80302">
      <ele>1424.1</ele>
    </trkpt>
    <trkpt lat="42.095839" lon="-2.803233">
      <ele>1422.6</ele>
    </trkpt>
    <trkpt lat="42.095821" lon="-2.803387">
      <ele>1421.5</ele>
    </trkpt>
    <trkpt lat="42.095828" lon="-2.803888">
      <ele>1418</ele>
    </trkpt>
    <trkpt lat="42.095857" lon="-2.804257">
      <ele>1415.3</ele>
    </trkpt>
    <trkpt lat="42.095973" lon="-2.805063">
      <ele>1409.6</ele>
    </trkpt>
    <trkpt lat="42.095982" lon="-2.805263">
      <ele>1408.3</ele>
    </trkpt>
    <trkpt lat="42.095971" lon="-2.805516">
      <ele>1406.6</ele>
    </trkpt>
    <trkpt lat="42.095904" lon="-2.805746">
      <ele>1404.9</ele>
    </trkpt>
    <trkpt lat="42.095847" lon="-2.805826">
      <ele>1404.1</ele>
    </trkpt>
    <trkpt lat="42.095719" lon="-2.80589">
      <ele>1402.9</ele>
    </trkpt>
    <trkpt lat="42.095644" lon="-2.805897">
      <ele>1402.1</ele>
    </trkpt>
    <trkpt lat="42.095502" lon="-2.805856">
      <ele>1400.7</ele>
    </trkpt>
    <trkpt lat="42.09541" lon="-2.805797">
      <ele>1399.6</ele>
    </trkpt>
    <trkpt lat="42.095308" lon="-2.80568">
      <ele>1398.2</ele>
    </trkpt>
    <trkpt lat="42.095191" lon="-2.805375">
      <ele>1395.5</ele>
    </trkpt>
    <trkpt lat="42.095113" lon="-2.804714">
      <ele>1390.7</ele>
    </trkpt>
    <trkpt lat="42.094841" lon="-2.803597">
      <ele>1385.3</ele>
    </trkpt>
    <trkpt lat="42.094771" lon="-2.803086">
      <ele>1384.4</ele>
    </trkpt>
    <trkpt lat="42.094778" lon="-2.802838">
      <ele>1384.3</ele>
    </trkpt>
    <trkpt lat="42.094814" lon="-2.802676">
      <ele>1384.3</ele>
    </trkpt>
    <trkpt lat="42.094897" lon="-2.802534">
      <ele>1384.5</ele>
    </trkpt>
    <trkpt lat="42.095068" lon="-2.802353">
      <ele>1385.1</ele>
    </trkpt>
    <trkpt lat="42.095092" lon="-2.802299">
      <ele>1385.2</ele>
    </trkpt>
    <trkpt lat="42.095095" lon="-2.802175">
      <ele>1385.7</ele>
    </trkpt>
    <trkpt lat="42.095058" lon="-2.802082">
      <ele>1386</ele>
    </trkpt>
    <trkpt lat="42.094819" lon="-2.801821">
      <ele>1387.7</ele>
    </trkpt>
    <trkpt lat="42.094753" lon="-2.801626">
      <ele>1388.6</ele>
    </trkpt>
    <trkpt lat="42.094689" lon="-2.801166">
      <ele>1390.3</ele>
    </trkpt>
    <trkpt lat="42.094717" lon="-2.800559">
      <ele>1391.8</ele>
    </trkpt>
    <trkpt lat="42.094651" lon="-2.800078">
      <ele>1392.3</ele>
    </trkpt>
    <trkpt lat="42.094596" lon="-2.799927">
      <ele>1392.3</ele>
    </trkpt>
    <trkpt lat="42.094508" lon="-2.7999">
      <ele>1392.3</ele>
    </trkpt>
    <trkpt lat="42.094446" lon="-2.799978">
      <ele>1392.3</ele>
    </trkpt>
    <trkpt lat="42.094519" lon="-2.800355">
      <ele>1392.2</ele>
    </trkpt>
    <trkpt lat="42.094534" lon="-2.800569">
      <ele>1392</ele>
    </trkpt>
    <trkpt lat="42.094412" lon="-2.801276">
      <ele>1390.2</ele>
    </trkpt>
    <trkpt lat="42.094346" lon="-2.802049">
      <ele>1386.4</ele>
    </trkpt>
    <trkpt lat="42.0939" lon="-2.803914">
      <ele>1372.9</ele>
    </trkpt>
    <trkpt lat="42.093733" lon="-2.805312">
      <ele>1361.4</ele>
    </trkpt>
    <trkpt lat="42.093716" lon="-2.805697">
      <ele>1358.2</ele>
    </trkpt>
    <trkpt lat="42.093743" lon="-2.805911">
      <ele>1356.4</ele>
    </trkpt>
    <trkpt lat="42.093803" lon="-2.806066">
      <ele>1354.9</ele>
    </trkpt>
    <trkpt lat="42.094596" lon="-2.80734">
      <ele>1345</ele>
    </trkpt>
    <trkpt lat="42.094844" lon="-2.807832">
      <ele>1342.3</ele>
    </trkpt>
    <trkpt lat="42.094876" lon="-2.807955">
      <ele>1341.7</ele>
    </trkpt>
    <trkpt lat="42.094917" lon="-2.808348">
      <ele>1339.6</ele>
    </trkpt>
    <trkpt lat="42.094872" lon="-2.809036">
      <ele>1335.8</ele>
    </trkpt>
    <trkpt lat="42.094879" lon="-2.809195">
      <ele>1334.8</ele>
    </trkpt>
    <trkpt lat="42.094931" lon="-2.809483">
      <ele>1333.2</ele>
    </trkpt>
    <trkpt lat="42.095059" lon="-2.809802">
      <ele>1331</ele>
    </trkpt>
    <trkpt lat="42.095653" lon="-2.810677">
      <ele>1322.7</ele>
    </trkpt>
    <trkpt lat="42.095794" lon="-2.811158">
      <ele>1318.7</ele>
    </trkpt>
    <trkpt lat="42.09624" lon="-2.812251">
      <ele>1310.6</ele>
    </trkpt>
    <trkpt lat="42.096334" lon="-2.812709">
      <ele>1308</ele>
    </trkpt>
    <trkpt lat="42.096634" lon="-2.813504">
      <ele>1303</ele>
    </trkpt>
    <trkpt lat="42.096687" lon="-2.813742">
      <ele>1301.5</ele>
    </trkpt>
    <trkpt lat="42.096711" lon="-2.813995">
      <ele>1299.9</ele>
    </trkpt>
    <trkpt lat="42.096627" lon="-2.814675">
      <ele>1295.3</ele>
    </trkpt>
    <trkpt lat="42.096695" lon="-2.815512">
      <ele>1289.2</ele>
    </trkpt>
    <trkpt lat="42.096683" lon="-2.815696">
      <ele>1287.8</ele>
    </trkpt>
    <trkpt lat="42.096632" lon="-2.815849">
      <ele>1286.5</ele>
    </trkpt>
    <trkpt lat="42.096365" lon="-2.816245">
      <ele>1282.2</ele>
    </trkpt>
    <trkpt lat="42.096289" lon="-2.816417">
      <ele>1280.6</ele>
    </trkpt>
    <trkpt lat="42.095934" lon="-2.818653">
      <ele>1264.8</ele>
    </trkpt>
    <trkpt lat="42.095531" lon="-2.819508">
      <ele>1259.8</ele>
    </trkpt>
    <trkpt lat="42.09541" lon="-2.81987">
      <ele>1257.9</ele>
    </trkpt>
    <trkpt lat="42.095354" lon="-2.820136">
      <ele>1256.8</ele>
    </trkpt>
    <trkpt lat="42.095297" lon="-2.820563">
      <ele>1255.2</ele>
    </trkpt>
    <trkpt lat="42.0953" lon="-2.821973">
      <ele>1251.4</ele>
    </trkpt>
    <trkpt lat="42.095252" lon="-2.82229">
      <ele>1250.5</ele>
    </trkpt>
    <trkpt lat="42.095183" lon="-2.822493">
      <ele>1250</ele>
    </trkpt>
    <trkpt lat="42.094782" lon="-2.823356">
      <ele>1247</ele>
    </trkpt>
    <trkpt lat="42.094512" lon="-2.824169">
      <ele>1243</ele>
    </trkpt>
    <trkpt lat="42.094395" lon="-2.824457">
      <ele>1240.9</ele>
    </trkpt>
    <trkpt lat="42.094103" lon="-2.825026">
      <ele>1236</ele>
    </trkpt>
    <trkpt lat="42.094047" lon="-2.825184">
      <ele>1234.6</ele>
    </trkpt>
    <trkpt lat="42.093969" lon="-2.825584">
      <ele>1231.4</ele>
    </trkpt>
    <trkpt lat="42.093962" lon="-2.826098">
      <ele>1227.5</ele>
    </trkpt>
    <trkpt lat="42.093924" lon="-2.826426">
      <ele>1225</ele>
    </trkpt>
    <trkpt lat="42.093884" lon="-2.826589">
      <ele>1223.7</ele>
    </trkpt>
    <trkpt lat="42.093653" lon="-2.827291">
      <ele>1218</ele>
    </trkpt>
    <trkpt lat="42.093122" lon="-2.828558">
      <ele>1209.4</ele>
    </trkpt>
    <trkpt lat="42.093035" lon="-2.828911">
      <ele>1207.6</ele>
    </trkpt>
    <trkpt lat="42.093012" lon="-2.829081">
      <ele>1206.8</ele>
    </trkpt>
    <trkpt lat="42.093018" lon="-2.829292">
      <ele>1205.8</ele>
    </trkpt>
    <trkpt lat="42.093257" lon="-2.830086">
      <ele>1201.7</ele>
    </trkpt>
    <trkpt lat="42.093329" lon="-2.830474">
      <ele>1199.7</ele>
    </trkpt>
    <trkpt lat="42.093582" lon="-2.830958">
      <ele>1196.9</ele>
    </trkpt>
    <trkpt lat="42.093876" lon="-2.831319">
      <ele>1194.8</ele>
    </trkpt>
    <trkpt lat="42.09402" lon="-2.831606">
      <ele>1193.7</ele>
    </trkpt>
    <trkpt lat="42.094096" lon="-2.831862">
      <ele>1192.8</ele>
    </trkpt>
    <trkpt lat="42.094244" lon="-2.832997">
      <ele>1189.6</ele>
    </trkpt>
    <trkpt lat="42.094333" lon="-2.833194">
      <ele>1189</ele>
    </trkpt>
    <trkpt lat="42.094457" lon="-2.833359">
      <ele>1188.4</ele>
    </trkpt>
    <trkpt lat="42.094641" lon="-2.833576">
      <ele>1187.5</ele>
    </trkpt>
    <trkpt lat="42.094761" lon="-2.833715">
      <ele>1187.3</ele>
    </trkpt>
    <trkpt lat="42.094891" lon="-2.833865">
      <ele>1186.9</ele>
    </trkpt>
    <trkpt lat="42.094975" lon="-2.833956">
      <ele>1186.7</ele>
    </trkpt>
    <trkpt lat="42.094996" lon="-2.83398">
      <ele>1186.7</ele>
    </trkpt>
    <trkpt lat="42.095128" lon="-2.834145">
      <ele>1186.4</ele>
    </trkpt>
    <trkpt lat="42.095194" lon="-2.834272">
      <ele>1186.2</ele>
    </trkpt>
    <trkpt lat="42.095517" lon="-2.835043">
      <ele>1185.6</ele>
    </trkpt>
    <trkpt lat="42.095641" lon="-2.835287">
      <ele>1185.6</ele>
    </trkpt>
    <trkpt lat="42.096018" lon="-2.835932">
      <ele>1185.1</ele>
    </trkpt>
    <trkpt lat="42.096521" lon="-2.836463">
      <ele>1184.5</ele>
    </trkpt>
    <trkpt lat="42.09672" lon="-2.836726">
      <ele>1184.4</ele>
    </trkpt>
    <trkpt lat="42.096808" lon="-2.836991">
      <ele>1184.2</ele>
    </trkpt>
    <trkpt lat="42.096888" lon="-2.837604">
      <ele>1183.6</ele>
    </trkpt>
    <trkpt lat="42.097016" lon="-2.83783">
      <ele>1183.4</ele>
    </trkpt>
    <trkpt lat="42.097222" lon="-2.838035">
      <ele>1183.1</ele>
    </trkpt>
    <trkpt lat="42.097368" lon="-2.838251">
      <ele>1182.7</ele>
    </trkpt>
    <trkpt lat="42.097922" lon="-2.839752">
      <ele>1181.1</ele>
    </trkpt>
    <trkpt lat="42.098116" lon="-2.839933">
      <ele>1180.7</ele>
    </trkpt>
    <trkpt lat="42.098447" lon="-2.840048">
      <ele>1180</ele>
    </trkpt>
    <trkpt lat="42.098896" lon="-2.840262">
      <ele>1178.4</ele>
    </trkpt>
    <trkpt lat="42.099354" lon="-2.840529">
      <ele>1176.5</ele>
    </trkpt>
    <trkpt lat="42.099457" lon="-2.840691">
      <ele>1175.9</ele>
    </trkpt>
    <trkpt lat="42.099938" lon="-2.841739">
      <ele>1173.1</ele>
    </trkpt>
    <trkpt lat="42.100024" lon="-2.841858">
      <ele>1172.6</ele>
    </trkpt>
    <trkpt lat="42.100249" lon="-2.842082">
      <ele>1171.7</ele>
    </trkpt>
    <trkpt lat="42.100492" lon="-2.842427">
      <ele>1170.4</ele>
    </trkpt>
    <trkpt lat="42.100587" lon="-2.842529">
      <ele>1170</ele>
    </trkpt>
    <trkpt lat="42.100683" lon="-2.842577">
      <ele>1169.7</ele>
    </trkpt>
    <trkpt lat="42.10104" lon="-2.842654">
      <ele>1168.8</ele>
    </trkpt>
    <trkpt lat="42.101179" lon="-2.842716">
      <ele>1168.4</ele>
    </trkpt>
    <trkpt lat="42.101291" lon="-2.842872">
      <ele>1168.3</ele>
    </trkpt>
    <trkpt lat="42.10138" lon="-2.843218">
      <ele>1168</ele>
    </trkpt>
    <trkpt lat="42.101388" lon="-2.843365">
      <ele>1167.9</ele>
    </trkpt>
    <trkpt lat="42.101339" lon="-2.843614">
      <ele>1167.6</ele>
    </trkpt>
    <trkpt lat="42.101185" lon="-2.84395">
      <ele>1167.1</ele>
    </trkpt>
    <trkpt lat="42.101184" lon="-2.844046">
      <ele>1166.9</ele>
    </trkpt>
    <trkpt lat="42.101219" lon="-2.844117">
      <ele>1166.8</ele>
    </trkpt>
    <trkpt lat="42.101504" lon="-2.844253">
      <ele>1166.1</ele>
    </trkpt>
    <trkpt lat="42.101875" lon="-2.844486">
      <ele>1165</ele>
    </trkpt>
    <trkpt lat="42.102016" lon="-2.84462">
      <ele>1164.3</ele>
    </trkpt>
    <trkpt lat="42.102306" lon="-2.845026">
      <ele>1162.8</ele>
    </trkpt>
    <trkpt lat="42.102472" lon="-2.845182">
      <ele>1162</ele>
    </trkpt>
    <trkpt lat="42.10263" lon="-2.845229">
      <ele>1161.5</ele>
    </trkpt>
    <trkpt lat="42.102791" lon="-2.845172">
      <ele>1160.9</ele>
    </trkpt>
    <trkpt lat="42.102999" lon="-2.845173">
      <ele>1160</ele>
    </trkpt>
    <trkpt lat="42.103092" lon="-2.845198">
      <ele>1159.7</ele>
    </trkpt>
    <trkpt lat="42.103187" lon="-2.845315">
      <ele>1159.1</ele>
    </trkpt>
    <trkpt lat="42.10328" lon="-2.84554">
      <ele>1158.6</ele>
    </trkpt>
    <trkpt lat="42.103352" lon="-2.845831">
      <ele>1157.2</ele>
    </trkpt>
    <trkpt lat="42.103467" lon="-2.846011">
      <ele>1156.2</ele>
    </trkpt>
    <trkpt lat="42.10358" lon="-2.846106">
      <ele>1155.3</ele>
    </trkpt>
    <trkpt lat="42.103998" lon="-2.846276">
      <ele>1153.4</ele>
    </trkpt>
    <trkpt lat="42.104066" lon="-2.846338">
      <ele>1153.1</ele>
    </trkpt>
    <trkpt lat="42.104119" lon="-2.846461">
      <ele>1152.5</ele>
    </trkpt>
    <trkpt lat="42.104121" lon="-2.846725">
      <ele>1151.8</ele>
    </trkpt>
    <trkpt lat="42.104168" lon="-2.846844">
      <ele>1151.5</ele>
    </trkpt>
    <trkpt lat="42.10426" lon="-2.846923">
      <ele>1151.2</ele>
    </trkpt>
    <trkpt lat="42.104374" lon="-2.847091">
      <ele>1150.8</ele>
    </trkpt>
    <trkpt lat="42.104474" lon="-2.847128">
      <ele>1150.4</ele>
    </trkpt>
    <trkpt lat="42.10452" lon="-2.847097">
      <ele>1150.2</ele>
    </trkpt>
    <trkpt lat="42.104703" lon="-2.846776">
      <ele>1149.5</ele>
    </trkpt>
    <trkpt lat="42.104859" lon="-2.846628">
      <ele>1149</ele>
    </trkpt>
    <trkpt lat="42.104965" lon="-2.846599">
      <ele>1148.6</ele>
    </trkpt>
    <trkpt lat="42.10539" lon="-2.846732">
      <ele>1147.2</ele>
    </trkpt>
    <trkpt lat="42.105562" lon="-2.846875">
      <ele>1146.3</ele>
    </trkpt>
    <trkpt lat="42.105685" lon="-2.847104">
      <ele>1145.5</ele>
    </trkpt>
    <trkpt lat="42.105722" lon="-2.847359">
      <ele>1145.1</ele>
    </trkpt>
    <trkpt lat="42.105679" lon="-2.847567">
      <ele>1144.6</ele>
    </trkpt>
    <trkpt lat="42.105539" lon="-2.847994">
      <ele>1143.3</ele>
    </trkpt>
    <trkpt lat="42.105541" lon="-2.848191">
      <ele>1142.8</ele>
    </trkpt>
    <trkpt lat="42.105598" lon="-2.848321">
      <ele>1142.4</ele>
    </trkpt>
    <trkpt lat="42.10572" lon="-2.848477">
      <ele>1141.7</ele>
    </trkpt>
    <trkpt lat="42.106019" lon="-2.848627">
      <ele>1140.5</ele>
    </trkpt>
    <trkpt lat="42.106132" lon="-2.848712">
      <ele>1140.2</ele>
    </trkpt>
    <trkpt lat="42.106229" lon="-2.848939">
      <ele>1139.9</ele>
    </trkpt>
    <trkpt lat="42.10636" lon="-2.849453">
      <ele>1140</ele>
    </trkpt>
    <trkpt lat="42.106384" lon="-2.849517">
      <ele>1140.1</ele>
    </trkpt>
    <trkpt lat="42.106446" lon="-2.849582">
      <ele>1140.3</ele>
    </trkpt>
    <trkpt lat="42.107096" lon="-2.849754">
      <ele>1141.8</ele>
    </trkpt>
    <trkpt lat="42.10738" lon="-2.849727">
      <ele>1142</ele>
    </trkpt>
    <trkpt lat="42.107512" lon="-2.849656">
      <ele>1142</ele>
    </trkpt>
    <trkpt lat="42.107706" lon="-2.84936">
      <ele>1141.5</ele>
    </trkpt>
    <trkpt lat="42.107967" lon="-2.849062">
      <ele>1140.3</ele>
    </trkpt>
    <trkpt lat="42.108133" lon="-2.848992">
      <ele>1139.6</ele>
    </trkpt>
    <trkpt lat="42.108278" lon="-2.848967">
      <ele>1138.8</ele>
    </trkpt>
    <trkpt lat="42.108404" lon="-2.848993">
      <ele>1138.2</ele>
    </trkpt>
    <trkpt lat="42.108481" lon="-2.849058">
      <ele>1137.7</ele>
    </trkpt>
    <trkpt lat="42.108609" lon="-2.849277">
      <ele>1136.6</ele>
    </trkpt>
    <trkpt lat="42.108646" lon="-2.849441">
      <ele>1135.9</ele>
    </trkpt>
    <trkpt lat="42.108641" lon="-2.849593">
      <ele>1135.2</ele>
    </trkpt>
    <trkpt lat="42.10859" lon="-2.849832">
      <ele>1133.9</ele>
    </trkpt>
    <trkpt lat="42.108384" lon="-2.850159">
      <ele>1131.4</ele>
    </trkpt>
    <trkpt lat="42.108339" lon="-2.850272">
      <ele>1130.6</ele>
    </trkpt>
    <trkpt lat="42.108319" lon="-2.850382">
      <ele>1129.9</ele>
    </trkpt>
    <trkpt lat="42.108345" lon="-2.850539">
      <ele>1128.9</ele>
    </trkpt>
    <trkpt lat="42.108447" lon="-2.850625">
      <ele>1127.8</ele>
    </trkpt>
    <trkpt lat="42.108929" lon="-2.850689">
      <ele>1124.4</ele>
    </trkpt>
    <trkpt lat="42.109161" lon="-2.85081">
      <ele>1123.3</ele>
    </trkpt>
    <trkpt lat="42.109321" lon="-2.850974">
      <ele>1122.6</ele>
    </trkpt>
    <trkpt lat="42.10957" lon="-2.851545">
      <ele>1121.4</ele>
    </trkpt>
    <trkpt lat="42.109825" lon="-2.851884">
      <ele>1120.6</ele>
    </trkpt>
    <trkpt lat="42.109942" lon="-2.852091">
      <ele>1120</ele>
    </trkpt>
    <trkpt lat="42.110021" lon="-2.852398">
      <ele>1119.2</ele>
    </trkpt>
    <trkpt lat="42.110105" lon="-2.852978">
      <ele>1117.7</ele>
    </trkpt>
    <trkpt lat="42.110194" lon="-2.853231">
      <ele>1117</ele>
    </trkpt>
    <trkpt lat="42.110297" lon="-2.853352">
      <ele>1116.5</ele>
    </trkpt>
    <trkpt lat="42.110535" lon="-2.853536">
      <ele>1115.4</ele>
    </trkpt>
    <trkpt lat="42.110675" lon="-2.853683">
      <ele>1114.8</ele>
    </trkpt>
    <trkpt lat="42.110821" lon="-2.853962">
      <ele>1113.8</ele>
    </trkpt>
    <trkpt lat="42.110931" lon="-2.854373">
      <ele>1112.5</ele>
    </trkpt>
    <trkpt lat="42.111012" lon="-2.854586">
      <ele>1111.9</ele>
    </trkpt>
    <trkpt lat="42.111133" lon="-2.854755">
      <ele>1111.3</ele>
    </trkpt>
    <trkpt lat="42.111417" lon="-2.855003">
      <ele>1110.3</ele>
    </trkpt>
    <trkpt lat="42.111527" lon="-2.855168">
      <ele>1109.9</ele>
    </trkpt>
    <trkpt lat="42.111612" lon="-2.855507">
      <ele>1109.5</ele>
    </trkpt>
    <trkpt lat="42.111643" lon="-2.855943">
      <ele>1109</ele>
    </trkpt>
    <trkpt lat="42.111708" lon="-2.856109">
      <ele>1108.7</ele>
    </trkpt>
    <trkpt lat="42.111833" lon="-2.856223">
      <ele>1108.2</ele>
    </trkpt>
    <trkpt lat="42.112231" lon="-2.856347">
      <ele>1106.8</ele>
    </trkpt>
    <trkpt lat="42.112666" lon="-2.856552">
      <ele>1104.7</ele>
    </trkpt>
    <trkpt lat="42.112807" lon="-2.856562">
      <ele>1104</ele>
    </trkpt>
    <trkpt lat="42.113035" lon="-2.856524">
      <ele>1102.9</ele>
    </trkpt>
    <trkpt lat="42.11325" lon="-2.856589">
      <ele>1101.8</ele>
    </trkpt>
    <trkpt lat="42.113391" lon="-2.85675">
      <ele>1101.1</ele>
    </trkpt>
    <trkpt lat="42.113621" lon="-2.857199">
      <ele>1099.4</ele>
    </trkpt>
    <trkpt lat="42.114011" lon="-2.857784">
      <ele>1097</ele>
    </trkpt>
    <trkpt lat="42.114084" lon="-2.857935">
      <ele>1096.4</ele>
    </trkpt>
    <trkpt lat="42.114159" lon="-2.858227">
      <ele>1095.4</ele>
    </trkpt>
    <trkpt lat="42.114259" lon="-2.859111">
      <ele>1092.3</ele>
    </trkpt>
    <trkpt lat="42.114232" lon="-2.859487">
      <ele>1090.7</ele>
    </trkpt>
    <trkpt lat="42.114164" lon="-2.859742">
      <ele>1089.4</ele>
    </trkpt>
    <trkpt lat="42.114036" lon="-2.860064">
      <ele>1087.7</ele>
    </trkpt>
    <trkpt lat="42.114061" lon="-2.860298">
      <ele>1086.5</ele>
    </trkpt>
    <trkpt lat="42.114189" lon="-2.860607">
      <ele>1085</ele>
    </trkpt>
    <trkpt lat="42.114411" lon="-2.860938">
      <ele>1083.1</ele>
    </trkpt>
    <trkpt lat="42.114621" lon="-2.861567">
      <ele>1079.9</ele>
    </trkpt>
    <trkpt lat="42.114813" lon="-2.861959">
      <ele>1077.5</ele>
    </trkpt>
    <trkpt lat="42.114895" lon="-2.862522">
      <ele>1074.6</ele>
    </trkpt>
    <trkpt lat="42.114862" lon="-2.863003">
      <ele>1072.7</ele>
    </trkpt>
    <trkpt lat="42.114872" lon="-2.863101">
      <ele>1072.4</ele>
    </trkpt>
    <trkpt lat="42.115083" lon="-2.863478">
      <ele>1071</ele>
    </trkpt>
    <trkpt lat="42.115165" lon="-2.863698">
      <ele>1070.3</ele>
    </trkpt>
    <trkpt lat="42.115306" lon="-2.864301">
      <ele>1068.3</ele>
    </trkpt>
    <trkpt lat="42.115398" lon="-2.864827">
      <ele>1066.1</ele>
    </trkpt>
    <trkpt lat="42.115449" lon="-2.864919">
      <ele>1065.7</ele>
    </trkpt>
    <trkpt lat="42.115518" lon="-2.864977">
      <ele>1065.2</ele>
    </trkpt>
    <trkpt lat="42.115796" lon="-2.865095">
      <ele>1063.5</ele>
    </trkpt>
    <trkpt lat="42.115933" lon="-2.865187">
      <ele>1062.5</ele>
    </trkpt>
    <trkpt lat="42.116019" lon="-2.865336">
      <ele>1061.6</ele>
    </trkpt>
    <trkpt lat="42.116092" lon="-2.865588">
      <ele>1060.3</ele>
    </trkpt>
    <trkpt lat="42.116104" lon="-2.865788">
      <ele>1059.2</ele>
    </trkpt>
    <trkpt lat="42.116065" lon="-2.86596">
      <ele>1058.3</ele>
    </trkpt>
    <trkpt lat="42.115897" lon="-2.866263">
      <ele>1056.1</ele>
    </trkpt>
    <trkpt lat="42.115671" lon="-2.866523">
      <ele>1053.7</ele>
    </trkpt>
    <trkpt lat="42.115645" lon="-2.866592">
      <ele>1053.2</ele>
    </trkpt>
    <trkpt lat="42.115655" lon="-2.866691">
      <ele>1052.6</ele>
    </trkpt>
    <trkpt lat="42.115701" lon="-2.866779">
      <ele>1052</ele>
    </trkpt>
    <trkpt lat="42.115969" lon="-2.867058">
      <ele>1049.2</ele>
    </trkpt>
    <trkpt lat="42.116224" lon="-2.867437">
      <ele>1046</ele>
    </trkpt>
    <trkpt lat="42.116511" lon="-2.867521">
      <ele>1043.9</ele>
    </trkpt>
    <trkpt lat="42.116683" lon="-2.867679">
      <ele>1042.7</ele>
    </trkpt>
    <trkpt lat="42.116759" lon="-2.867821">
      <ele>1041.9</ele>
    </trkpt>
    <trkpt lat="42.116806" lon="-2.86799">
      <ele>1041.4</ele>
    </trkpt>
    <trkpt lat="42.116866" lon="-2.868597">
      <ele>1039.7</ele>
    </trkpt>
    <trkpt lat="42.116896" lon="-2.868722">
      <ele>1039.4</ele>
    </trkpt>
    <trkpt lat="42.117028" lon="-2.86892">
      <ele>1039</ele>
    </trkpt>
    <trkpt lat="42.117272" lon="-2.869054">
      <ele>1038.4</ele>
    </trkpt>
    <trkpt lat="42.117647" lon="-2.869136">
      <ele>1037.7</ele>
    </trkpt>
    <trkpt lat="42.118229" lon="-2.869086">
      <ele>1036.5</ele>
    </trkpt>
    <trkpt lat="42.118369" lon="-2.869104">
      <ele>1036.5</ele>
    </trkpt>
    <trkpt lat="42.118523" lon="-2.86917">
      <ele>1036.4</ele>
    </trkpt>
    <trkpt lat="42.118689" lon="-2.869335">
      <ele>1036.4</ele>
    </trkpt>
    <trkpt lat="42.118748" lon="-2.869473">
      <ele>1036.2</ele>
    </trkpt>
    <trkpt lat="42.118768" lon="-2.869634">
      <ele>1036.1</ele>
    </trkpt>
    <trkpt lat="42.118733" lon="-2.869883">
      <ele>1035.7</ele>
    </trkpt>
    <trkpt lat="42.118592" lon="-2.870469">
      <ele>1034.5</ele>
    </trkpt>
    <trkpt lat="42.118569" lon="-2.87066">
      <ele>1034.1</ele>
    </trkpt>
    <trkpt lat="42.118576" lon="-2.87085">
      <ele>1033.5</ele>
    </trkpt>
    <trkpt lat="42.11862" lon="-2.871004">
      <ele>1033.2</ele>
    </trkpt>
    <trkpt lat="42.118881" lon="-2.871443">
      <ele>1032</ele>
    </trkpt>
    <trkpt lat="42.119077" lon="-2.871633">
      <ele>1031.3</ele>
    </trkpt>
    <trkpt lat="42.119253" lon="-2.871689">
      <ele>1031</ele>
    </trkpt>
    <trkpt lat="42.119396" lon="-2.871682">
      <ele>1030.8</ele>
    </trkpt>
    <trkpt lat="42.119542" lon="-2.87162">
      <ele>1030.4</ele>
    </trkpt>
    <trkpt lat="42.119787" lon="-2.871438">
      <ele>1029.4</ele>
    </trkpt>
    <trkpt lat="42.119947" lon="-2.871403">
      <ele>1028.6</ele>
    </trkpt>
    <trkpt lat="42.12035" lon="-2.87147">
      <ele>1026.3</ele>
    </trkpt>
    <trkpt lat="42.120466" lon="-2.871462">
      <ele>1025.5</ele>
    </trkpt>
    <trkpt lat="42.120621" lon="-2.871368">
      <ele>1024.4</ele>
    </trkpt>
    <trkpt lat="42.120819" lon="-2.871138">
      <ele>1022.7</ele>
    </trkpt>
    <trkpt lat="42.120899" lon="-2.871137">
      <ele>1022</ele>
    </trkpt>
    <trkpt lat="42.121017" lon="-2.871215">
      <ele>1020.9</ele>
    </trkpt>
    <trkpt lat="42.121087" lon="-2.871227">
      <ele>1020.4</ele>
    </trkpt>
    <trkpt lat="42.121249" lon="-2.871171">
      <ele>1019.2</ele>
    </trkpt>
    <trkpt lat="42.121387" lon="-2.87118">
      <ele>1018</ele>
    </trkpt>
    <trkpt lat="42.121498" lon="-2.871279">
      <ele>1017.2</ele>
    </trkpt>
    <trkpt lat="42.121552" lon="-2.871457">
      <ele>1015.9</ele>
    </trkpt>
    <trkpt lat="42.121647" lon="-2.871776">
      <ele>1014.3</ele>
    </trkpt>
    <trkpt lat="42.121651" lon="-2.871952">
      <ele>1013.3</ele>
    </trkpt>
    <trkpt lat="42.121696" lon="-2.872104">
      <ele>1012.6</ele>
    </trkpt>
    <trkpt lat="42.121811" lon="-2.872219">
      <ele>1011.9</ele>
    </trkpt>
    <trkpt lat="42.121958" lon="-2.872362">
      <ele>1010.8</ele>
    </trkpt>
    <trkpt lat="42.122414" lon="-2.872598">
      <ele>1010.1</ele>
    </trkpt>
    <trkpt lat="42.122561" lon="-2.8726">
      <ele>1010.3</ele>
    </trkpt>
    <trkpt lat="42.122629" lon="-2.872676">
      <ele>1010.5</ele>
    </trkpt>
    <trkpt lat="42.122699" lon="-2.87287">
      <ele>1011.2</ele>
    </trkpt>
    <trkpt lat="42.122808" lon="-2.872984">
      <ele>1011.9</ele>
    </trkpt>
    <trkpt lat="42.123177" lon="-2.873099">
      <ele>1014</ele>
    </trkpt>
    <trkpt lat="42.123377" lon="-2.873122">
      <ele>1015.1</ele>
    </trkpt>
    <trkpt lat="42.123496" lon="-2.873087">
      <ele>1015.7</ele>
    </trkpt>
    <trkpt lat="42.123604" lon="-2.872966">
      <ele>1016.2</ele>
    </trkpt>
    <trkpt lat="42.123811" lon="-2.872527">
      <ele>1017.1</ele>
    </trkpt>
    <trkpt lat="42.123919" lon="-2.872388">
      <ele>1017.3</ele>
    </trkpt>
    <trkpt lat="42.124071" lon="-2.872317">
      <ele>1017.4</ele>
    </trkpt>
    <trkpt lat="42.124262" lon="-2.872295">
      <ele>1017.4</ele>
    </trkpt>
    <trkpt lat="42.124381" lon="-2.872295">
      <ele>1017.3</ele>
    </trkpt>
    <trkpt lat="42.124466" lon="-2.872332">
      <ele>1017.3</ele>
    </trkpt>
    <trkpt lat="42.124569" lon="-2.872531">
      <ele>1017.1</ele>
    </trkpt>
    <trkpt lat="42.124641" lon="-2.872846">
      <ele>1016.8</ele>
    </trkpt>
    <trkpt lat="42.124635" lon="-2.872935">
      <ele>1016.7</ele>
    </trkpt>
    <trkpt lat="42.124467" lon="-2.873457">
      <ele>1015.1</ele>
    </trkpt>
    <trkpt lat="42.124252" lon="-2.873951">
      <ele>1012.5</ele>
    </trkpt>
    <trkpt lat="42.124198" lon="-2.874172">
      <ele>1011.5</ele>
    </trkpt>
    <trkpt lat="42.124196" lon="-2.874271">
      <ele>1011</ele>
    </trkpt>
    <trkpt lat="42.124262" lon="-2.874465">
      <ele>1010.3</ele>
    </trkpt>
    <trkpt lat="42.124346" lon="-2.874607">
      <ele>1009.8</ele>
    </trkpt>
    <trkpt lat="42.12452" lon="-2.874841">
      <ele>1009.3</ele>
    </trkpt>
    <trkpt lat="42.124621" lon="-2.874915">
      <ele>1009.2</ele>
    </trkpt>
    <trkpt lat="42.12476" lon="-2.874912">
      <ele>1009.2</ele>
    </trkpt>
    <trkpt lat="42.125072" lon="-2.87474">
      <ele>1009.7</ele>
    </trkpt>
    <trkpt lat="42.125462" lon="-2.874607">
      <ele>1009.6</ele>
    </trkpt>
    <trkpt lat="42.125638" lon="-2.874439">
      <ele>1009.2</ele>
    </trkpt>
    <trkpt lat="42.125799" lon="-2.874143">
      <ele>1008</ele>
    </trkpt>
    <trkpt lat="42.12592" lon="-2.874014">
      <ele>1007.1</ele>
    </trkpt>
    <trkpt lat="42.125995" lon="-2.873969">
      <ele>1006.5</ele>
    </trkpt>
    <trkpt lat="42.126163" lon="-2.873916">
      <ele>1005.5</ele>
    </trkpt>
    <trkpt lat="42.126312" lon="-2.873921">
      <ele>1004.5</ele>
    </trkpt>
    <trkpt lat="42.126412" lon="-2.873983">
      <ele>1003.8</ele>
    </trkpt>
    <trkpt lat="42.126519" lon="-2.874126">
      <ele>1002.9</ele>
    </trkpt>
    <trkpt lat="42.126669" lon="-2.87441">
      <ele>1001.3</ele>
    </trkpt>
    <trkpt lat="42.126785" lon="-2.874733">
      <ele>999.6</ele>
    </trkpt>
    <trkpt lat="42.126872" lon="-2.875186">
      <ele>997.2</ele>
    </trkpt>
    <trkpt lat="42.126893" lon="-2.875443">
      <ele>995.8</ele>
    </trkpt>
    <trkpt lat="42.126862" lon="-2.875727">
      <ele>993.9</ele>
    </trkpt>
    <trkpt lat="42.126781" lon="-2.875974">
      <ele>992</ele>
    </trkpt>
    <trkpt lat="42.126327" lon="-2.876945">
      <ele>985.2</ele>
    </trkpt>
    <trkpt lat="42.126292" lon="-2.877118">
      <ele>984.4</ele>
    </trkpt>
    <trkpt lat="42.126294" lon="-2.8772">
      <ele>984.1</ele>
    </trkpt>
    <trkpt lat="42.126332" lon="-2.877324">
      <ele>983.7</ele>
    </trkpt>
    <trkpt lat="42.126438" lon="-2.877475">
      <ele>983.2</ele>
    </trkpt>
    <trkpt lat="42.12658" lon="-2.877608">
      <ele>982.6</ele>
    </trkpt>
    <trkpt lat="42.126788" lon="-2.877726">
      <ele>981.9</ele>
    </trkpt>
    <trkpt lat="42.127047" lon="-2.877812">
      <ele>980.8</ele>
    </trkpt>
    <trkpt lat="42.127176" lon="-2.877897">
      <ele>980</ele>
    </trkpt>
    <trkpt lat="42.127436" lon="-2.87822">
      <ele>977.8</ele>
    </trkpt>
    <trkpt lat="42.127521" lon="-2.878429">
      <ele>976.7</ele>
    </trkpt>
    <trkpt lat="42.127544" lon="-2.8787">
      <ele>975.2</ele>
    </trkpt>
    <trkpt lat="42.127479" lon="-2.878905">
      <ele>974.2</ele>
    </trkpt>
    <trkpt lat="42.127329" lon="-2.879132">
      <ele>972.9</ele>
    </trkpt>
    <trkpt lat="42.127307" lon="-2.87925">
      <ele>972.5</ele>
    </trkpt>
    <trkpt lat="42.127349" lon="-2.879407">
      <ele>971.9</ele>
    </trkpt>
    <trkpt lat="42.127494" lon="-2.879631">
      <ele>971</ele>
    </trkpt>
    <trkpt lat="42.127817" lon="-2.880028">
      <ele>969.3</ele>
    </trkpt>
    <trkpt lat="42.128466" lon="-2.880645">
      <ele>965.3</ele>
    </trkpt>
    <trkpt lat="42.128647" lon="-2.880894">
      <ele>963.7</ele>
    </trkpt>
    <trkpt lat="42.128846" lon="-2.881343">
      <ele>961.4</ele>
    </trkpt>
    <trkpt lat="42.129139" lon="-2.882291">
      <ele>956.7</ele>
    </trkpt>
    <trkpt lat="42.129314" lon="-2.882588">
      <ele>954.7</ele>
    </trkpt>
    <trkpt lat="42.129973" lon="-2.883392">
      <ele>947.5</ele>
    </trkpt>
    <trkpt lat="42.130074" lon="-2.883615">
      <ele>946.4</ele>
    </trkpt>
    <trkpt lat="42.130347" lon="-2.884601">
      <ele>942</ele>
    </trkpt>
    <trkpt lat="42.130418" lon="-2.884728">
      <ele>941.3</ele>
    </trkpt>
    <trkpt lat="42.130576" lon="-2.88486">
      <ele>940.8</ele>
    </trkpt>
    <trkpt lat="42.131451" lon="-2.885444">
      <ele>938.1</ele>
    </trkpt>
    <trkpt lat="42.13185" lon="-2.885842">
      <ele>937.8</ele>
    </trkpt>
    <trkpt lat="42.132136" lon="-2.886026">
      <ele>937.6</ele>
    </trkpt>
    <trkpt lat="42.132475" lon="-2.88613">
      <ele>937.1</ele>
    </trkpt>
    <trkpt lat="42.133721" lon="-2.886328">
      <ele>934.2</ele>
    </trkpt>
    <trkpt lat="42.133992" lon="-2.886418">
      <ele>933.5</ele>
    </trkpt>
    <trkpt lat="42.134146" lon="-2.886532">
      <ele>933.1</ele>
    </trkpt>
    <trkpt lat="42.134272" lon="-2.88668">
      <ele>932.7</ele>
    </trkpt>
    <trkpt lat="42.134487" lon="-2.887059">
      <ele>931.8</ele>
    </trkpt>
    <trkpt lat="42.134685" lon="-2.887545">
      <ele>930.9</ele>
    </trkpt>
    <trkpt lat="42.134964" lon="-2.888097">
      <ele>930.6</ele>
    </trkpt>
    <trkpt lat="42.135023" lon="-2.88831">
      <ele>930.9</ele>
    </trkpt>
    <trkpt lat="42.135103" lon="-2.888755">
      <ele>932.1</ele>
    </trkpt>
    <trkpt lat="42.135154" lon="-2.888845">
      <ele>932.3</ele>
    </trkpt>
    <trkpt lat="42.135191" lon="-2.888868">
      <ele>932.4</ele>
    </trkpt>
    <trkpt lat="42.135316" lon="-2.888841">
      <ele>933.1</ele>
    </trkpt>
    <trkpt lat="42.13573" lon="-2.888258">
      <ele>934.9</ele>
    </trkpt>
    <trkpt lat="42.136142" lon="-2.887856">
      <ele>935.2</ele>
    </trkpt>
    <trkpt lat="42.136705" lon="-2.887509">
      <ele>934</ele>
    </trkpt>
    <trkpt lat="42.137053" lon="-2.887436">
      <ele>933.3</ele>
    </trkpt>
    <trkpt lat="42.137272" lon="-2.887458">
      <ele>932.8</ele>
    </trkpt>
    <trkpt lat="42.137935" lon="-2.887694">
      <ele>929.4</ele>
    </trkpt>
    <trkpt lat="42.13818" lon="-2.887783">
      <ele>928</ele>
    </trkpt>
    <trkpt lat="42.138583" lon="-2.887991">
      <ele>925.1</ele>
    </trkpt>
    <trkpt lat="42.138754" lon="-2.888098">
      <ele>924.2</ele>
    </trkpt>
    <trkpt lat="42.139123" lon="-2.888399">
      <ele>922.2</ele>
    </trkpt>
    <trkpt lat="42.139722" lon="-2.888686">
      <ele>921</ele>
    </trkpt>
    <trkpt lat="42.139962" lon="-2.888872">
      <ele>920.5</ele>
    </trkpt>
    <trkpt lat="42.140405" lon="-2.889324">
      <ele>919.2</ele>
    </trkpt>
    <trkpt lat="42.140504" lon="-2.889391">
      <ele>918.8</ele>
    </trkpt>
    <trkpt lat="42.140745" lon="-2.889447">
      <ele>918</ele>
    </trkpt>
    <trkpt lat="42.140865" lon="-2.889512">
      <ele>917.6</ele>
    </trkpt>
    <trkpt lat="42.141409" lon="-2.889932">
      <ele>916.1</ele>
    </trkpt>
    <trkpt lat="42.141894" lon="-2.890442">
      <ele>915.7</ele>
    </trkpt>
    <trkpt lat="42.142142" lon="-2.89055">
      <ele>915.7</ele>
    </trkpt>
    <trkpt lat="42.142551" lon="-2.890823">
      <ele>915.5</ele>
    </trkpt>
    <trkpt lat="42.142803" lon="-2.890881">
      <ele>915.1</ele>
    </trkpt>
    <trkpt lat="42.143038" lon="-2.890834">
      <ele>914.7</ele>
    </trkpt>
    <trkpt lat="42.143431" lon="-2.890681">
      <ele>913.6</ele>
    </trkpt>
    <trkpt lat="42.143704" lon="-2.890684">
      <ele>913</ele>
    </trkpt>
    <trkpt lat="42.143929" lon="-2.890745">
      <ele>912.5</ele>
    </trkpt>
    <trkpt lat="42.14455" lon="-2.891069">
      <ele>911.7</ele>
    </trkpt>
    <trkpt lat="42.144927" lon="-2.89114">
      <ele>911.5</ele>
    </trkpt>
    <trkpt lat="42.145439" lon="-2.891308">
      <ele>912.1</ele>
    </trkpt>
    <trkpt lat="42.14571" lon="-2.891368">
      <ele>912.6</ele>
    </trkpt>
    <trkpt lat="42.146001" lon="-2.891332">
      <ele>913.1</ele>
    </trkpt>
    <trkpt lat="42.146422" lon="-2.891219">
      <ele>913.6</ele>
    </trkpt>
    <trkpt lat="42.146878" lon="-2.891037">
      <ele>913.4</ele>
    </trkpt>
    <trkpt lat="42.147236" lon="-2.890922">
      <ele>912.7</ele>
    </trkpt>
    <trkpt lat="42.148058" lon="-2.89078">
      <ele>908.9</ele>
    </trkpt>
    <trkpt lat="42.148583" lon="-2.890706">
      <ele>904.6</ele>
    </trkpt>
    <trkpt lat="42.148914" lon="-2.890653">
      <ele>901.1</ele>
    </trkpt>
    <trkpt lat="42.149607" lon="-2.890595">
      <ele>895.1</ele>
    </trkpt>
    <trkpt lat="42.150058" lon="-2.890523">
      <ele>892.3</ele>
    </trkpt>
    <trkpt lat="42.150504" lon="-2.89047">
      <ele>890</ele>
    </trkpt>
    <trkpt lat="42.150797" lon="-2.890383">
      <ele>888.5</ele>
    </trkpt>
    <trkpt lat="42.15105" lon="-2.89023">
      <ele>887.2</ele>
    </trkpt>
    <trkpt lat="42.151116" lon="-2.890163">
      <ele>886.7</ele>
    </trkpt>
    <trkpt lat="42.151193" lon="-2.890074">
      <ele>886.2</ele>
    </trkpt>
    <trkpt lat="42.151226" lon="-2.890036">
      <ele>886</ele>
    </trkpt>
    <trkpt lat="42.151324" lon="-2.88991">
      <ele>885.4</ele>
    </trkpt>
    <trkpt lat="42.151622" lon="-2.889603">
      <ele>883.8</ele>
    </trkpt>
    <trkpt lat="42.151702" lon="-2.889533">
      <ele>883.5</ele>
    </trkpt>
    <trkpt lat="42.151809" lon="-2.889465">
      <ele>883.1</ele>
    </trkpt>
    <trkpt lat="42.152055" lon="-2.889347">
      <ele>882.4</ele>
    </trkpt>
    <trkpt lat="42.152341" lon="-2.889245">
      <ele>881.7</ele>
    </trkpt>
    <trkpt lat="42.152928" lon="-2.889111">
      <ele>880.2</ele>
    </trkpt>
    <trkpt lat="42.153599" lon="-2.888988">
      <ele>878.8</ele>
    </trkpt>
    <trkpt lat="42.15367" lon="-2.889001">
      <ele>878.6</ele>
    </trkpt>
    <trkpt lat="42.153734" lon="-2.889069">
      <ele>878.5</ele>
    </trkpt>
    <trkpt lat="42.153859" lon="-2.889286">
      <ele>878.1</ele>
    </trkpt>
    <trkpt lat="42.15391" lon="-2.889334">
      <ele>878.1</ele>
    </trkpt>
    <trkpt lat="42.153986" lon="-2.889361">
      <ele>878</ele>
    </trkpt>
    <trkpt lat="42.154173" lon="-2.889338">
      <ele>877.8</ele>
    </trkpt>
    <trkpt lat="42.154246" lon="-2.889299">
      <ele>877.7</ele>
    </trkpt>
    <trkpt lat="42.154368" lon="-2.889175">
      <ele>877.7</ele>
    </trkpt>
    <trkpt lat="42.154711" lon="-2.888736">
      <ele>877.9</ele>
    </trkpt>
    <trkpt lat="42.155258" lon="-2.88842">
      <ele>878.7</ele>
    </trkpt>
    <trkpt lat="42.155555" lon="-2.8882">
      <ele>879.2</ele>
    </trkpt>
    <trkpt lat="42.155614" lon="-2.888111">
      <ele>879.4</ele>
    </trkpt>
    <trkpt lat="42.155659" lon="-2.887834">
      <ele>879.8</ele>
    </trkpt>
    <trkpt lat="42.155772" lon="-2.88766">
      <ele>880.2</ele>
    </trkpt>
    <trkpt lat="42.156052" lon="-2.887495">
      <ele>880.9</ele>
    </trkpt>
    <trkpt lat="42.156325" lon="-2.887239">
      <ele>881.8</ele>
    </trkpt>
    <trkpt lat="42.156452" lon="-2.887176">
      <ele>882.2</ele>
    </trkpt>
    <trkpt lat="42.156571" lon="-2.887177">
      <ele>882.5</ele>
    </trkpt>
    <trkpt lat="42.156703" lon="-2.887254">
      <ele>882.7</ele>
    </trkpt>
    <trkpt lat="42.156869" lon="-2.887284">
      <ele>882.7</ele>
    </trkpt>
    <trkpt lat="42.157066" lon="-2.887069">
      <ele>882.9</ele>
    </trkpt>
    <trkpt lat="42.157276" lon="-2.886923">
      <ele>882.9</ele>
    </trkpt>
    <trkpt lat="42.157373" lon="-2.886797">
      <ele>883</ele>
    </trkpt>
    <trkpt lat="42.15741" lon="-2.88635">
      <ele>883</ele>
    </trkpt>
    <trkpt lat="42.157433" lon="-2.886283">
      <ele>882.9</ele>
    </trkpt>
    <trkpt lat="42.157527" lon="-2.886184">
      <ele>882.7</ele>
    </trkpt>
    <trkpt lat="42.157666" lon="-2.886142">
      <ele>882.8</ele>
    </trkpt>
    <trkpt lat="42.157898" lon="-2.886206">
      <ele>882.4</ele>
    </trkpt>
    <trkpt lat="42.158606" lon="-2.885916">
      <ele>881.2</ele>
    </trkpt>
    <trkpt lat="42.159122" lon="-2.885773">
      <ele>879.6</ele>
    </trkpt>
    <trkpt lat="42.159522" lon="-2.885534">
      <ele>878.5</ele>
    </trkpt>
    <trkpt lat="42.159715" lon="-2.885366">
      <ele>878.1</ele>
    </trkpt>
    <trkpt lat="42.159935" lon="-2.88523">
      <ele>877.6</ele>
    </trkpt>
    <trkpt lat="42.160097" lon="-2.884966">
      <ele>876.8</ele>
    </trkpt>
    <trkpt lat="42.160332" lon="-2.884835">
      <ele>875.9</ele>
    </trkpt>
    <trkpt lat="42.160398" lon="-2.88477">
      <ele>875.6</ele>
    </trkpt>
    <trkpt lat="42.160437" lon="-2.884642">
      <ele>875.3</ele>
    </trkpt>
    <trkpt lat="42.160465" lon="-2.884406">
      <ele>874.8</ele>
    </trkpt>
    <trkpt lat="42.16082" lon="-2.883775">
      <ele>874.1</ele>
    </trkpt>
    <trkpt lat="42.160936" lon="-2.883422">
      <ele>874.1</ele>
    </trkpt>
    <trkpt lat="42.160989" lon="-2.883326">
      <ele>874.2</ele>
    </trkpt>
    <trkpt lat="42.161089" lon="-2.883235">
      <ele>874.3</ele>
    </trkpt>
    <trkpt lat="42.161206" lon="-2.883201">
      <ele>874.5</ele>
    </trkpt>
    <trkpt lat="42.161401" lon="-2.883214">
      <ele>874.7</ele>
    </trkpt>
    <trkpt lat="42.162031" lon="-2.883418">
      <ele>875.2</ele>
    </trkpt>
    <trkpt lat="42.162643" lon="-2.88346">
      <ele>875.5</ele>
    </trkpt>
    <trkpt lat="42.162838" lon="-2.883433">
      <ele>875.9</ele>
    </trkpt>
    <trkpt lat="42.162994" lon="-2.883347">
      <ele>876.4</ele>
    </trkpt>
    <trkpt lat="42.163212" lon="-2.883111">
      <ele>877.1</ele>
    </trkpt>
    <trkpt lat="42.163328" lon="-2.882917">
      <ele>877.6</ele>
    </trkpt>
    <trkpt lat="42.163505" lon="-2.882502">
      <ele>878.5</ele>
    </trkpt>
    <trkpt lat="42.163589" lon="-2.882405">
      <ele>878.9</ele>
    </trkpt>
    <trkpt lat="42.16368" lon="-2.882398">
      <ele>879.2</ele>
    </trkpt>
    <trkpt lat="42.164303" lon="-2.882663">
      <ele>881.4</ele>
    </trkpt>
    <trkpt lat="42.164735" lon="-2.882748">
      <ele>882.7</ele>
    </trkpt>
    <trkpt lat="42.165025" lon="-2.88305">
      <ele>883</ele>
    </trkpt>
    <trkpt lat="42.165393" lon="-2.883568">
      <ele>881.9</ele>
    </trkpt>
    <trkpt lat="42.165527" lon="-2.883634">
      <ele>881.4</ele>
    </trkpt>
    <trkpt lat="42.165939" lon="-2.883723">
      <ele>879.4</ele>
    </trkpt>
    <trkpt lat="42.166318" lon="-2.883664">
      <ele>877.5</ele>
    </trkpt>
    <trkpt lat="42.166466" lon="-2.883609">
      <ele>876.6</ele>
    </trkpt>
    <trkpt lat="42.166685" lon="-2.883385">
      <ele>875.1</ele>
    </trkpt>
    <trkpt lat="42.166865" lon="-2.883258">
      <ele>873.9</ele>
    </trkpt>
    <trkpt lat="42.167028" lon="-2.883003">
      <ele>872.1</ele>
    </trkpt>
    <trkpt lat="42.167133" lon="-2.882979">
      <ele>871.4</ele>
    </trkpt>
    <trkpt lat="42.167179" lon="-2.88303">
      <ele>871</ele>
    </trkpt>
    <trkpt lat="42.167485" lon="-2.88362">
      <ele>867.8</ele>
    </trkpt>
    <trkpt lat="42.16766" lon="-2.883851">
      <ele>866.9</ele>
    </trkpt>
    <trkpt lat="42.16774" lon="-2.883906">
      <ele>866.6</ele>
    </trkpt>
    <trkpt lat="42.168014" lon="-2.884004">
      <ele>866.1</ele>
    </trkpt>
    <trkpt lat="42.168222" lon="-2.884021">
      <ele>865.7</ele>
    </trkpt>
    <trkpt lat="42.168455" lon="-2.883907">
      <ele>865.2</ele>
    </trkpt>
    <trkpt lat="42.168631" lon="-2.883904">
      <ele>864.6</ele>
    </trkpt>
    <trkpt lat="42.168781" lon="-2.883974">
      <ele>863.9</ele>
    </trkpt>
    <trkpt lat="42.169147" lon="-2.884246">
      <ele>861.3</ele>
    </trkpt>
    <trkpt lat="42.16951" lon="-2.884462">
      <ele>858.4</ele>
    </trkpt>
    <trkpt lat="42.169656" lon="-2.884527">
      <ele>857.2</ele>
    </trkpt>
    <trkpt lat="42.169773" lon="-2.884534">
      <ele>856.4</ele>
    </trkpt>
    <trkpt lat="42.16993" lon="-2.8845">
      <ele>855.5</ele>
    </trkpt>
    <trkpt lat="42.17008" lon="-2.884377">
      <ele>854.4</ele>
    </trkpt>
    <trkpt lat="42.170337" lon="-2.884259">
      <ele>853</ele>
    </trkpt>
    <trkpt lat="42.170451" lon="-2.884169">
      <ele>852.3</ele>
    </trkpt>
    <trkpt lat="42.170598" lon="-2.883868">
      <ele>851</ele>
    </trkpt>
    <trkpt lat="42.170693" lon="-2.883388">
      <ele>849.4</ele>
    </trkpt>
    <trkpt lat="42.170753" lon="-2.883279">
      <ele>849</ele>
    </trkpt>
    <trkpt lat="42.170836" lon="-2.883249">
      <ele>848.7</ele>
    </trkpt>
    <trkpt lat="42.171153" lon="-2.883284">
      <ele>847.9</ele>
    </trkpt>
    <trkpt lat="42.171762" lon="-2.883176">
      <ele>847.5</ele>
    </trkpt>
    <trkpt lat="42.171988" lon="-2.883302">
      <ele>847.8</ele>
    </trkpt>
    <trkpt lat="42.172501" lon="-2.883853">
      <ele>851.1</ele>
    </trkpt>
    <trkpt lat="42.172636" lon="-2.883958">
      <ele>852.6</ele>
    </trkpt>
    <trkpt lat="42.172813" lon="-2.884033">
      <ele>854.9</ele>
    </trkpt>
    <trkpt lat="42.173086" lon="-2.884084">
      <ele>857.5</ele>
    </trkpt>
    <trkpt lat="42.173247" lon="-2.884246">
      <ele>858.3</ele>
    </trkpt>
    <trkpt lat="42.173299" lon="-2.884398">
      <ele>858.7</ele>
    </trkpt>
    <trkpt lat="42.173282" lon="-2.884546">
      <ele>858.8</ele>
    </trkpt>
    <trkpt lat="42.173013" lon="-2.885136">
      <ele>857.5</ele>
    </trkpt>
    <trkpt lat="42.172933" lon="-2.885374">
      <ele>856.9</ele>
    </trkpt>
    <trkpt lat="42.172877" lon="-2.885634">
      <ele>855.6</ele>
    </trkpt>
    <trkpt lat="42.172902" lon="-2.885763">
      <ele>855.1</ele>
    </trkpt>
    <trkpt lat="42.172947" lon="-2.885818">
      <ele>854.8</ele>
    </trkpt>
    <trkpt lat="42.173254" lon="-2.885975">
      <ele>852.9</ele>
    </trkpt>
    <trkpt lat="42.173394" lon="-2.886027">
      <ele>851.7</ele>
    </trkpt>
    <trkpt lat="42.173708" lon="-2.885447">
      <ele>847.2</ele>
    </trkpt>
    <trkpt lat="42.173876" lon="-2.885357">
      <ele>844.7</ele>
    </trkpt>
    <trkpt lat="42.174106" lon="-2.885385">
      <ele>841.1</ele>
    </trkpt>
    <trkpt lat="42.174565" lon="-2.88578">
      <ele>834.1</ele>
    </trkpt>
    <trkpt lat="42.174766" lon="-2.885923">
      <ele>832.7</ele>
    </trkpt>
    <trkpt lat="42.17484" lon="-2.885947">
      <ele>832.3</ele>
    </trkpt>
    <trkpt lat="42.175048" lon="-2.885922">
      <ele>831.3</ele>
    </trkpt>
    <trkpt lat="42.175163" lon="-2.885876">
      <ele>831.1</ele>
    </trkpt>
    <trkpt lat="42.175303" lon="-2.885756">
      <ele>830.7</ele>
    </trkpt>
    <trkpt lat="42.175851" lon="-2.885013">
      <ele>830.8</ele>
    </trkpt>
    <trkpt lat="42.1763" lon="-2.88455">
      <ele>830.6</ele>
    </trkpt>
    <trkpt lat="42.176365" lon="-2.88446">
      <ele>830.6</ele>
    </trkpt>
    <trkpt lat="42.176577" lon="-2.884032">
      <ele>830.8</ele>
    </trkpt>
    <trkpt lat="42.176679" lon="-2.883881">
      <ele>830.9</ele>
    </trkpt>
    <trkpt lat="42.176911" lon="-2.883697">
      <ele>831.1</ele>
    </trkpt>
    <trkpt lat="42.177019" lon="-2.88365">
      <ele>831.2</ele>
    </trkpt>
    <trkpt lat="42.177275" lon="-2.883639">
      <ele>831.5</ele>
    </trkpt>
    <trkpt lat="42.177926" lon="-2.883768">
      <ele>832.2</ele>
    </trkpt>
    <trkpt lat="42.178152" lon="-2.883682">
      <ele>832.5</ele>
    </trkpt>
    <trkpt lat="42.178583" lon="-2.883359">
      <ele>832.8</ele>
    </trkpt>
    <trkpt lat="42.178749" lon="-2.882776">
      <ele>832.8</ele>
    </trkpt>
    <trkpt lat="42.178882" lon="-2.882485">
      <ele>832.5</ele>
    </trkpt>
    <trkpt lat="42.179002" lon="-2.881741">
      <ele>831.5</ele>
    </trkpt>
    <trkpt lat="42.178984" lon="-2.881507">
      <ele>831.1</ele>
    </trkpt>
    <trkpt lat="42.178923" lon="-2.881334">
      <ele>831</ele>
    </trkpt>
    <trkpt lat="42.17863" lon="-2.880918">
      <ele>830.4</ele>
    </trkpt>
    <trkpt lat="42.17859" lon="-2.880673">
      <ele>830.1</ele>
    </trkpt>
    <trkpt lat="42.178674" lon="-2.880224">
      <ele>829.5</ele>
    </trkpt>
    <trkpt lat="42.178795" lon="-2.879881">
      <ele>828.9</ele>
    </trkpt>
    <trkpt lat="42.179123" lon="-2.879469">
      <ele>827.8</ele>
    </trkpt>
    <trkpt lat="42.179167" lon="-2.879268">
      <ele>827.5</ele>
    </trkpt>
    <trkpt lat="42.179161" lon="-2.878943">
      <ele>827.1</ele>
    </trkpt>
    <trkpt lat="42.179208" lon="-2.878677">
      <ele>827</ele>
    </trkpt>
    <trkpt lat="42.179298" lon="-2.878498">
      <ele>826.9</ele>
    </trkpt>
    <trkpt lat="42.179949" lon="-2.877784">
      <ele>827.3</ele>
    </trkpt>
    <trkpt lat="42.179967" lon="-2.877763">
      <ele>827.3</ele>
    </trkpt>
    <trkpt lat="42.18039" lon="-2.877073">
      <ele>828</ele>
    </trkpt>
    <trkpt lat="42.180546" lon="-2.876939">
      <ele>828.2</ele>
    </trkpt>
    <trkpt lat="42.180803" lon="-2.876826">
      <ele>828.5</ele>
    </trkpt>
    <trkpt lat="42.180886" lon="-2.876668">
      <ele>828.7</ele>
    </trkpt>
    <trkpt lat="42.180901" lon="-2.876166">
      <ele>829</ele>
    </trkpt>
    <trkpt lat="42.181071" lon="-2.875498">
      <ele>829.2</ele>
    </trkpt>
    <trkpt lat="42.181134" lon="-2.874875">
      <ele>829</ele>
    </trkpt>
    <trkpt lat="42.180986" lon="-2.87374">
      <ele>826.7</ele>
    </trkpt>
    <trkpt lat="42.180896" lon="-2.87331">
      <ele>825.4</ele>
    </trkpt>
    <trkpt lat="42.180975" lon="-2.873154">
      <ele>824.8</ele>
    </trkpt>
    <trkpt lat="42.181106" lon="-2.873124">
      <ele>824.2</ele>
    </trkpt>
    <trkpt lat="42.181387" lon="-2.87327">
      <ele>822.7</ele>
    </trkpt>
    <trkpt lat="42.181654" lon="-2.873332">
      <ele>821.4</ele>
    </trkpt>
    <trkpt lat="42.182354" lon="-2.873261">
      <ele>819.4</ele>
    </trkpt>
    <trkpt lat="42.182682" lon="-2.873118">
      <ele>819.3</ele>
    </trkpt>
    <trkpt lat="42.183031" lon="-2.87287">
      <ele>819.8</ele>
    </trkpt>
    <trkpt lat="42.18329" lon="-2.872565">
      <ele>820.9</ele>
    </trkpt>
    <trkpt lat="42.183412" lon="-2.872262">
      <ele>821.9</ele>
    </trkpt>
    <trkpt lat="42.183478" lon="-2.871699">
      <ele>823.6</ele>
    </trkpt>
    <trkpt lat="42.183477" lon="-2.871309">
      <ele>824.9</ele>
    </trkpt>
    <trkpt lat="42.183364" lon="-2.870963">
      <ele>826.3</ele>
    </trkpt>
    <trkpt lat="42.183172" lon="-2.8706">
      <ele>827.8</ele>
    </trkpt>
    <trkpt lat="42.182688" lon="-2.870168">
      <ele>829.8</ele>
    </trkpt>
    <trkpt lat="42.182466" lon="-2.870075">
      <ele>830.2</ele>
    </trkpt>
    <trkpt lat="42.181999" lon="-2.870054">
      <ele>830.6</ele>
    </trkpt>
    <trkpt lat="42.181788" lon="-2.869875">
      <ele>830.5</ele>
    </trkpt>
    <trkpt lat="42.181297" lon="-2.868921">
      <ele>828.5</ele>
    </trkpt>
    <trkpt lat="42.181182" lon="-2.868536">
      <ele>827.3</ele>
    </trkpt>
    <trkpt lat="42.181113" lon="-2.867985">
      <ele>825.5</ele>
    </trkpt>
    <trkpt lat="42.181153" lon="-2.86779">
      <ele>824.7</ele>
    </trkpt>
    <trkpt lat="42.181275" lon="-2.867617">
      <ele>823.9</ele>
    </trkpt>
    <trkpt lat="42.181424" lon="-2.867577">
      <ele>823</ele>
    </trkpt>
    <trkpt lat="42.182446" lon="-2.868048">
      <ele>817.5</ele>
    </trkpt>
    <trkpt lat="42.182651" lon="-2.86808">
      <ele>816.5</ele>
    </trkpt>
    <trkpt lat="42.183241" lon="-2.867838">
      <ele>813.8</ele>
    </trkpt>
    <trkpt lat="42.184175" lon="-2.867155">
      <ele>811</ele>
    </trkpt>
    <trkpt lat="42.184619" lon="-2.866704">
      <ele>811.9</ele>
    </trkpt>
    <trkpt lat="42.184773" lon="-2.866402">
      <ele>813</ele>
    </trkpt>
    <trkpt lat="42.184834" lon="-2.866048">
      <ele>814.4</ele>
    </trkpt>
    <trkpt lat="42.184795" lon="-2.865737">
      <ele>815.3</ele>
    </trkpt>
    <trkpt lat="42.18463" lon="-2.865323">
      <ele>816.4</ele>
    </trkpt>
    <trkpt lat="42.184348" lon="-2.864872">
      <ele>816.8</ele>
    </trkpt>
    <trkpt lat="42.183956" lon="-2.864628">
      <ele>816.7</ele>
    </trkpt>
    <trkpt lat="42.183542" lon="-2.8647">
      <ele>816.2</ele>
    </trkpt>
    <trkpt lat="42.183014" lon="-2.864984">
      <ele>814</ele>
    </trkpt>
    <trkpt lat="42.18285" lon="-2.865025">
      <ele>813.1</ele>
    </trkpt>
    <trkpt lat="42.182705" lon="-2.864958">
      <ele>812.1</ele>
    </trkpt>
    <trkpt lat="42.18241" lon="-2.86462">
      <ele>809.4</ele>
    </trkpt>
    <trkpt lat="42.1821" lon="-2.864127">
      <ele>806.4</ele>
    </trkpt>
    <trkpt lat="42.181975" lon="-2.86351">
      <ele>804.7</ele>
    </trkpt>
    <trkpt lat="42.182" lon="-2.862952">
      <ele>804.2</ele>
    </trkpt>
    <trkpt lat="42.182166" lon="-2.862395">
      <ele>804.1</ele>
    </trkpt>
    <trkpt lat="42.182393" lon="-2.86203">
      <ele>804.3</ele>
    </trkpt>
    <trkpt lat="42.183269" lon="-2.861017">
      <ele>803.8</ele>
    </trkpt>
    <trkpt lat="42.183395" lon="-2.860759">
      <ele>803.5</ele>
    </trkpt>
    <trkpt lat="42.183479" lon="-2.860584">
      <ele>803.1</ele>
    </trkpt>
    <trkpt lat="42.183782" lon="-2.859443">
      <ele>800.9</ele>
    </trkpt>
    <trkpt lat="42.18411" lon="-2.85892">
      <ele>799.6</ele>
    </trkpt>
    <trkpt lat="42.18435" lon="-2.858617">
      <ele>798.8</ele>
    </trkpt>
    <trkpt lat="42.184542" lon="-2.858504">
      <ele>798.4</ele>
    </trkpt>
    <trkpt lat="42.184742" lon="-2.858523">
      <ele>797.9</ele>
    </trkpt>
    <trkpt lat="42.184933" lon="-2.858686">
      <ele>797.4</ele>
    </trkpt>
    <trkpt lat="42.185434" lon="-2.859335">
      <ele>795.9</ele>
    </trkpt>
    <trkpt lat="42.185671" lon="-2.85949">
      <ele>795.6</ele>
    </trkpt>
    <trkpt lat="42.185895" lon="-2.859531">
      <ele>795.3</ele>
    </trkpt>
    <trkpt lat="42.186252" lon="-2.859464">
      <ele>795.1</ele>
    </trkpt>
    <trkpt lat="42.186425" lon="-2.859357">
      <ele>795</ele>
    </trkpt>
    <trkpt lat="42.186717" lon="-2.859011">
      <ele>794.7</ele>
    </trkpt>
    <trkpt lat="42.187512" lon="-2.858452">
      <ele>793.8</ele>
    </trkpt>
    <trkpt lat="42.18835" lon="-2.85809">
      <ele>792.8</ele>
    </trkpt>
    <trkpt lat="42.188897" lon="-2.857925">
      <ele>792</ele>
    </trkpt>
    <trkpt lat="42.189277" lon="-2.857869">
      <ele>791.8</ele>
    </trkpt>
    <trkpt lat="42.190001" lon="-2.857884">
      <ele>793</ele>
    </trkpt>
    <trkpt lat="42.190252" lon="-2.857952">
      <ele>793.7</ele>
    </trkpt>
    <trkpt lat="42.190604" lon="-2.858268">
      <ele>794.6</ele>
    </trkpt>
    <trkpt lat="42.190765" lon="-2.858576">
      <ele>794.8</ele>
    </trkpt>
    <trkpt lat="42.190954" lon="-2.85926">
      <ele>794.3</ele>
    </trkpt>
    <trkpt lat="42.191054" lon="-2.859527">
      <ele>793.9</ele>
    </trkpt>
    <trkpt lat="42.191198" lon="-2.85972">
      <ele>793.6</ele>
    </trkpt>
    <trkpt lat="42.191451" lon="-2.859868">
      <ele>793</ele>
    </trkpt>
    <trkpt lat="42.19173" lon="-2.859866">
      <ele>792.1</ele>
    </trkpt>
    <trkpt lat="42.191958" lon="-2.859755">
      <ele>791</ele>
    </trkpt>
    <trkpt lat="42.192208" lon="-2.859411">
      <ele>789.2</ele>
    </trkpt>
    <trkpt lat="42.192625" lon="-2.858504">
      <ele>784.5</ele>
    </trkpt>
    <trkpt lat="42.192738" lon="-2.85815">
      <ele>783.3</ele>
    </trkpt>
    <trkpt lat="42.192818" lon="-2.85767">
      <ele>782.4</ele>
    </trkpt>
    <trkpt lat="42.19283" lon="-2.857259">
      <ele>782.1</ele>
    </trkpt>
    <trkpt lat="42.192723" lon="-2.856582">
      <ele>781.6</ele>
    </trkpt>
    <trkpt lat="42.192719" lon="-2.856329">
      <ele>781.5</ele>
    </trkpt>
    <trkpt lat="42.192761" lon="-2.856051">
      <ele>781.2</ele>
    </trkpt>
    <trkpt lat="42.192749" lon="-2.855772">
      <ele>781.1</ele>
    </trkpt>
    <trkpt lat="42.192572" lon="-2.854874">
      <ele>780.6</ele>
    </trkpt>
    <trkpt lat="42.19238" lon="-2.854369">
      <ele>780.1</ele>
    </trkpt>
    <trkpt lat="42.192338" lon="-2.854101">
      <ele>779.9</ele>
    </trkpt>
    <trkpt lat="42.192388" lon="-2.853498">
      <ele>779.3</ele>
    </trkpt>
    <trkpt lat="42.192494" lon="-2.853074">
      <ele>778.9</ele>
    </trkpt>
    <trkpt lat="42.192669" lon="-2.85266">
      <ele>778.5</ele>
    </trkpt>
    <trkpt lat="42.19281" lon="-2.852422">
      <ele>778.4</ele>
    </trkpt>
    <trkpt lat="42.193137" lon="-2.851962">
      <ele>778.3</ele>
    </trkpt>
    <trkpt lat="42.193305" lon="-2.851778">
      <ele>778.3</ele>
    </trkpt>
    <trkpt lat="42.193702" lon="-2.851454">
      <ele>778.6</ele>
    </trkpt>
    <trkpt lat="42.193936" lon="-2.851145">
      <ele>778.8</ele>
    </trkpt>
    <trkpt lat="42.194914" lon="-2.849047">
      <ele>781.6</ele>
    </trkpt>
    <trkpt lat="42.195039" lon="-2.848609">
      <ele>782.2</ele>
    </trkpt>
    <trkpt lat="42.195085" lon="-2.848239">
      <ele>782.3</ele>
    </trkpt>
    <trkpt lat="42.195087" lon="-2.848069">
      <ele>782.3</ele>
    </trkpt>
    <trkpt lat="42.195012" lon="-2.847723">
      <ele>782</ele>
    </trkpt>
    <trkpt lat="42.194923" lon="-2.84755">
      <ele>781.7</ele>
    </trkpt>
    <trkpt lat="42.194516" lon="-2.846935">
      <ele>779.6</ele>
    </trkpt>
    <trkpt lat="42.194435" lon="-2.846875">
      <ele>779.3</ele>
    </trkpt>
    <trkpt lat="42.194098" lon="-2.846765">
      <ele>778.2</ele>
    </trkpt>
    <trkpt lat="42.193884" lon="-2.846586">
      <ele>777.4</ele>
    </trkpt>
    <trkpt lat="42.193762" lon="-2.846398">
      <ele>776.9</ele>
    </trkpt>
    <trkpt lat="42.193653" lon="-2.846068">
      <ele>776.2</ele>
    </trkpt>
    <trkpt lat="42.193677" lon="-2.845646">
      <ele>775.4</ele>
    </trkpt>
    <trkpt lat="42.193817" lon="-2.845255">
      <ele>774.6</ele>
    </trkpt>
    <trkpt lat="42.194627" lon="-2.844253">
      <ele>775</ele>
    </trkpt>
    <trkpt lat="42.194967" lon="-2.843625">
      <ele>776.5</ele>
    </trkpt>
    <trkpt lat="42.195413" lon="-2.842643">
      <ele>778</ele>
    </trkpt>
    <trkpt lat="42.195475" lon="-2.842084">
      <ele>778.4</ele>
    </trkpt>
    <trkpt lat="42.195311" lon="-2.841261">
      <ele>778.7</ele>
    </trkpt>
    <trkpt lat="42.195561" lon="-2.840707">
      <ele>778.9</ele>
    </trkpt>
    <trkpt lat="42.196022" lon="-2.840353">
      <ele>779.2</ele>
    </trkpt>
    <trkpt lat="42.196374" lon="-2.840358">
      <ele>779.3</ele>
    </trkpt>
    <trkpt lat="42.197105" lon="-2.840786">
      <ele>778.7</ele>
    </trkpt>
    <trkpt lat="42.197742" lon="-2.840955">
      <ele>776.9</ele>
    </trkpt>
    <trkpt lat="42.198176" lon="-2.841108">
      <ele>775.2</ele>
    </trkpt>
    <trkpt lat="42.19888" lon="-2.840865">
      <ele>772</ele>
    </trkpt>
    <trkpt lat="42.199349" lon="-2.84049">
      <ele>769.5</ele>
    </trkpt>
    <trkpt lat="42.200033" lon="-2.839741">
      <ele>766.3</ele>
    </trkpt>
    <trkpt lat="42.200534" lon="-2.838612">
      <ele>764.7</ele>
    </trkpt>
    <trkpt lat="42.200905" lon="-2.837324">
      <ele>762.7</ele>
    </trkpt>
    <trkpt lat="42.201116" lon="-2.83611">
      <ele>760.8</ele>
    </trkpt>
    <trkpt lat="42.201116" lon="-2.833762">
      <ele>756.4</ele>
    </trkpt>
    <trkpt lat="42.20105" lon="-2.83343">
      <ele>755.7</ele>
    </trkpt>
    <trkpt lat="42.200878" lon="-2.833087">
      <ele>754.7</ele>
    </trkpt>
    <trkpt lat="42.200674" lon="-2.832786">
      <ele>753.7</ele>
    </trkpt>
    <trkpt lat="42.200639" lon="-2.832533">
      <ele>753.1</ele>
    </trkpt>
    <trkpt lat="42.200741" lon="-2.832301">
      <ele>752.4</ele>
    </trkpt>
    <trkpt lat="42.203552" lon="-2.831023">
      <ele>745.8</ele>
    </trkpt>
    <trkpt lat="42.203872" lon="-2.83076">
      <ele>745.9</ele>
    </trkpt>
    <trkpt lat="42.204165" lon="-2.830174">
      <ele>746.3</ele>
    </trkpt>
    <trkpt lat="42.204357" lon="-2.829298">
      <ele>748</ele>
    </trkpt>
    <trkpt lat="42.204389" lon="-2.828473">
      <ele>754.6</ele>
    </trkpt>
    <trkpt lat="42.204456" lon="-2.827988">
      <ele>759</ele>
    </trkpt>
    <trkpt lat="42.204645" lon="-2.827578">
      <ele>762.7</ele>
    </trkpt>
    <trkpt lat="42.204754" lon="-2.827468">
      <ele>763.8</ele>
    </trkpt>
    <trkpt lat="42.204702" lon="-2.827342">
      <ele>764.7</ele>
    </trkpt>
    <trkpt lat="42.204624" lon="-2.826837">
      <ele>768.2</ele>
    </trkpt>
    <trkpt lat="42.2046" lon="-2.8268">
      <ele>768.7</ele>
    </trkpt>
    <trkpt lat="42.204516" lon="-2.826761">
      <ele>769.5</ele>
    </trkpt>
    <trkpt lat="42.204412" lon="-2.826791">
      <ele>770.1</ele>
    </trkpt>
    <trkpt lat="42.204176" lon="-2.827092">
      <ele>773</ele>
    </trkpt>
    <trkpt lat="42.203915" lon="-2.827341">
      <ele>775.8</ele>
    </trkpt>
    <trkpt lat="42.203701" lon="-2.827757">
      <ele>779.1</ele>
    </trkpt>
    <trkpt lat="42.203476" lon="-2.828471">
      <ele>781.8</ele>
    </trkpt>
    <trkpt lat="42.203148" lon="-2.828969">
      <ele>784.4</ele>
    </trkpt>
    <trkpt lat="42.202977" lon="-2.829184">
      <ele>786.2</ele>
    </trkpt>
    <trkpt lat="42.202701" lon="-2.829451">
      <ele>789.2</ele>
    </trkpt>
    <trkpt lat="42.202049" lon="-2.82988">
      <ele>795.5</ele>
    </trkpt>
    <trkpt lat="42.201942" lon="-2.829905">
      <ele>796.4</ele>
    </trkpt>
    <trkpt lat="42.201899" lon="-2.829855">
      <ele>796.8</ele>
    </trkpt>
    <trkpt lat="42.201901" lon="-2.829738">
      <ele>797.5</ele>
    </trkpt>
    <trkpt lat="42.201946" lon="-2.829655">
      <ele>798.2</ele>
    </trkpt>
    <trkpt lat="42.202167" lon="-2.829551">
      <ele>799.9</ele>
    </trkpt>
    <trkpt lat="42.202314" lon="-2.829398">
      <ele>801.3</ele>
    </trkpt>
    <trkpt lat="42.202517" lon="-2.829053">
      <ele>803.4</ele>
    </trkpt>
    <trkpt lat="42.202632" lon="-2.828806">
      <ele>804.6</ele>
    </trkpt>
    <trkpt lat="42.202839" lon="-2.828251">
      <ele>806.8</ele>
    </trkpt>
    <trkpt lat="42.20285" lon="-2.8275">
      <ele>809.2</ele>
    </trkpt>
    <trkpt lat="42.202861" lon="-2.827424">
      <ele>809.5</ele>
    </trkpt>
    <trkpt lat="42.20296" lon="-2.82718">
      <ele>810.5</ele>
    </trkpt>
    <trkpt lat="42.20322" lon="-2.826864">
      <ele>812.6</ele>
    </trkpt>
    <trkpt lat="42.203499" lon="-2.826677">
      <ele>814.8</ele>
    </trkpt>
    <trkpt lat="42.203535" lon="-2.826595">
      <ele>815.4</ele>
    </trkpt>
    <trkpt lat="42.2035" lon="-2.826516">
      <ele>815.9</ele>
    </trkpt>
    <trkpt lat="42.203416" lon="-2.826513">
      <ele>816.6</ele>
    </trkpt>
    <trkpt lat="42.202775" lon="-2.826877">
      <ele>822.7</ele>
    </trkpt>
    <trkpt lat="42.202516" lon="-2.827271">
      <ele>825.9</ele>
    </trkpt>
    <trkpt lat="42.202419" lon="-2.827564">
      <ele>827.6</ele>
    </trkpt>
    <trkpt lat="42.202364" lon="-2.827619">
      <ele>828.1</ele>
    </trkpt>
    <trkpt lat="42.202296" lon="-2.827586">
      <ele>828.6</ele>
    </trkpt>
    <trkpt lat="42.202273" lon="-2.827468">
      <ele>829.2</ele>
    </trkpt>
    <trkpt lat="42.202518" lon="-2.826773">
      <ele>832.4</ele>
    </trkpt>
    <trkpt lat="42.20261" lon="-2.826584">
      <ele>833.2</ele>
    </trkpt>
    <trkpt lat="42.202805" lon="-2.826353">
      <ele>834.2</ele>
    </trkpt>
    <trkpt lat="42.202957" lon="-2.826232">
      <ele>834.7</ele>
    </trkpt>
    <trkpt lat="42.203165" lon="-2.826129">
      <ele>835.3</ele>
    </trkpt>
    <trkpt lat="42.203608" lon="-2.826036">
      <ele>836.4</ele>
    </trkpt>
    <trkpt lat="42.203807" lon="-2.825915">
      <ele>836.9</ele>
    </trkpt>
    <trkpt lat="42.204089" lon="-2.825918">
      <ele>837.7</ele>
    </trkpt>
    <trkpt lat="42.204476" lon="-2.825855">
      <ele>838.8</ele>
    </trkpt>
    <trkpt lat="42.204615" lon="-2.825667">
      <ele>839.4</ele>
    </trkpt>
    <trkpt lat="42.20481" lon="-2.825521">
      <ele>839.8</ele>
    </trkpt>
    <trkpt lat="42.204871" lon="-2.825439">
      <ele>840</ele>
    </trkpt>
    <trkpt lat="42.204864" lon="-2.82532">
      <ele>840.2</ele>
    </trkpt>
    <trkpt lat="42.20473" lon="-2.824859">
      <ele>840.9</ele>
    </trkpt>
    <trkpt lat="42.204696" lon="-2.824437">
      <ele>841.6</ele>
    </trkpt>
    <trkpt lat="42.204732" lon="-2.824072">
      <ele>842.4</ele>
    </trkpt>
    <trkpt lat="42.205038" lon="-2.822768">
      <ele>845.3</ele>
    </trkpt>
    <trkpt lat="42.205055" lon="-2.822504">
      <ele>845.7</ele>
    </trkpt>
    <trkpt lat="42.205031" lon="-2.822355">
      <ele>845.8</ele>
    </trkpt>
    <trkpt lat="42.204905" lon="-2.822123">
      <ele>846.3</ele>
    </trkpt>
    <trkpt lat="42.204612" lon="-2.821731">
      <ele>847.8</ele>
    </trkpt>
    <trkpt lat="42.204349" lon="-2.821287">
      <ele>850.7</ele>
    </trkpt>
    <trkpt lat="42.204107" lon="-2.820813">
      <ele>855.2</ele>
    </trkpt>
    <trkpt lat="42.203739" lon="-2.820661">
      <ele>859.9</ele>
    </trkpt>
    <trkpt lat="42.203476" lon="-2.820482">
      <ele>863.7</ele>
    </trkpt>
    <trkpt lat="42.203229" lon="-2.820231">
      <ele>867.4</ele>
    </trkpt>
    <trkpt lat="42.20306" lon="-2.820016">
      <ele>869.8</ele>
    </trkpt>
    <trkpt lat="42.202924" lon="-2.819818">
      <ele>871.7</ele>
    </trkpt>
    <trkpt lat="42.202831" lon="-2.819632">
      <ele>873.2</ele>
    </trkpt>
    <trkpt lat="42.202657" lon="-2.819073">
      <ele>876.6</ele>
    </trkpt>
    <trkpt lat="42.202643" lon="-2.818446">
      <ele>879.1</ele>
    </trkpt>
    <trkpt lat="42.202674" lon="-2.818174">
      <ele>879.5</ele>
    </trkpt>
    <trkpt lat="42.20271" lon="-2.818058">
      <ele>879.6</ele>
    </trkpt>
    <trkpt lat="42.202878" lon="-2.817823">
      <ele>878.8</ele>
    </trkpt>
    <trkpt lat="42.202895" lon="-2.817727">
      <ele>878.5</ele>
    </trkpt>
    <trkpt lat="42.202884" lon="-2.817677">
      <ele>878.3</ele>
    </trkpt>
    <trkpt lat="42.202691" lon="-2.81754">
      <ele>876.3</ele>
    </trkpt>
    <trkpt lat="42.20252" lon="-2.817338">
      <ele>873.8</ele>
    </trkpt>
    <trkpt lat="42.202388" lon="-2.816923">
      <ele>868.9</ele>
    </trkpt>
    <trkpt lat="42.20222" lon="-2.8167">
      <ele>865.3</ele>
    </trkpt>
    <trkpt lat="42.20215" lon="-2.81653">
      <ele>863.3</ele>
    </trkpt>
    <trkpt lat="42.202158" lon="-2.816344">
      <ele>861.4</ele>
    </trkpt>
    <trkpt lat="42.202326" lon="-2.816023">
      <ele>857.7</ele>
    </trkpt>
    <trkpt lat="42.202359" lon="-2.815904">
      <ele>856.6</ele>
    </trkpt>
    <trkpt lat="42.20239" lon="-2.81555">
      <ele>853.5</ele>
    </trkpt>
    <trkpt lat="42.202354" lon="-2.815412">
      <ele>852.3</ele>
    </trkpt>
    <trkpt lat="42.202297" lon="-2.815338">
      <ele>851.4</ele>
    </trkpt>
    <trkpt lat="42.202112" lon="-2.815194">
      <ele>849</ele>
    </trkpt>
    <trkpt lat="42.20201" lon="-2.814978">
      <ele>846.7</ele>
    </trkpt>
    <trkpt lat="42.201835" lon="-2.814818">
      <ele>844.4</ele>
    </trkpt>
    <trkpt lat="42.201348" lon="-2.814797">
      <ele>840.2</ele>
    </trkpt>
    <trkpt lat="42.201231" lon="-2.814756">
      <ele>839.5</ele>
    </trkpt>
    <trkpt lat="42.201162" lon="-2.814606">
      <ele>838.9</ele>
    </trkpt>
    <trkpt lat="42.201188" lon="-2.814267">
      <ele>838</ele>
    </trkpt>
    <trkpt lat="42.201161" lon="-2.814168">
      <ele>837.9</ele>
    </trkpt>
    <trkpt lat="42.200687" lon="-2.813943">
      <ele>837.1</ele>
    </trkpt>
    <trkpt lat="42.20051" lon="-2.81377">
      <ele>837</ele>
    </trkpt>
    <trkpt lat="42.200011" lon="-2.812776">
      <ele>834.3</ele>
    </trkpt>
    <trkpt lat="42.199881" lon="-2.8127">
      <ele>833.4</ele>
    </trkpt>
    <trkpt lat="42.199524" lon="-2.812605">
      <ele>831.1</ele>
    </trkpt>
    <trkpt lat="42.199301" lon="-2.812467">
      <ele>829.5</ele>
    </trkpt>
    <trkpt lat="42.19916" lon="-2.81226">
      <ele>828.3</ele>
    </trkpt>
    <trkpt lat="42.199129" lon="-2.81217">
      <ele>827.9</ele>
    </trkpt>
    <trkpt lat="42.199003" lon="-2.811652">
      <ele>826</ele>
    </trkpt>
    <trkpt lat="42.198954" lon="-2.811249">
      <ele>824.9</ele>
    </trkpt>
    <trkpt lat="42.198888" lon="-2.811081">
      <ele>824.4</ele>
    </trkpt>
    <trkpt lat="42.198836" lon="-2.811013">
      <ele>824.2</ele>
    </trkpt>
    <trkpt lat="42.198742" lon="-2.81095">
      <ele>823.8</ele>
    </trkpt>
    <trkpt lat="42.198358" lon="-2.811023">
      <ele>822.2</ele>
    </trkpt>
    <trkpt lat="42.198204" lon="-2.811027">
      <ele>821.6</ele>
    </trkpt>
    <trkpt lat="42.1981" lon="-2.810973">
      <ele>821.2</ele>
    </trkpt>
    <trkpt lat="42.197758" lon="-2.810456">
      <ele>820.1</ele>
    </trkpt>
    <trkpt lat="42.196797" lon="-2.809489">
      <ele>821.4</ele>
    </trkpt>
    <trkpt lat="42.196419" lon="-2.809169">
      <ele>822.5</ele>
    </trkpt>
    <trkpt lat="42.196091" lon="-2.809063">
      <ele>823.7</ele>
    </trkpt>
    <trkpt lat="42.19593" lon="-2.80904">
      <ele>824.3</ele>
    </trkpt>
    <trkpt lat="42.19553" lon="-2.80912">
      <ele>825.8</ele>
    </trkpt>
    <trkpt lat="42.19536" lon="-2.8091">
      <ele>826.3</ele>
    </trkpt>
    <trkpt lat="42.195162" lon="-2.809013">
      <ele>826.9</ele>
    </trkpt>
    <trkpt lat="42.19473" lon="-2.80868">
      <ele>828.2</ele>
    </trkpt>
    <trkpt lat="42.194649" lon="-2.808644">
      <ele>828.4</ele>
    </trkpt>
    <trkpt lat="42.19446" lon="-2.808642">
      <ele>828.9</ele>
    </trkpt>
    <trkpt lat="42.194224" lon="-2.808728">
      <ele>829.7</ele>
    </trkpt>
    <trkpt lat="42.194142" lon="-2.808815">
      <ele>830.1</ele>
    </trkpt>
    <trkpt lat="42.194001" lon="-2.809388">
      <ele>831.7</ele>
    </trkpt>
    <trkpt lat="42.193908" lon="-2.809542">
      <ele>832</ele>
    </trkpt>
    <trkpt lat="42.193568" lon="-2.809849">
      <ele>832.7</ele>
    </trkpt>
    <trkpt lat="42.193421" lon="-2.809917">
      <ele>832.8</ele>
    </trkpt>
    <trkpt lat="42.193222" lon="-2.809916">
      <ele>833</ele>
    </trkpt>
    <trkpt lat="42.193013" lon="-2.809774">
      <ele>833.3</ele>
    </trkpt>
    <trkpt lat="42.192833" lon="-2.809532">
      <ele>833.9</ele>
    </trkpt>
    <trkpt lat="42.192639" lon="-2.809385">
      <ele>834.7</ele>
    </trkpt>
    <trkpt lat="42.192597" lon="-2.809253">
      <ele>835.2</ele>
    </trkpt>
    <trkpt lat="42.192584" lon="-2.808943">
      <ele>836.3</ele>
    </trkpt>
    <trkpt lat="42.192617" lon="-2.808509">
      <ele>837.7</ele>
    </trkpt>
    <trkpt lat="42.192567" lon="-2.808403">
      <ele>838.1</ele>
    </trkpt>
    <trkpt lat="42.192522" lon="-2.808357">
      <ele>838.3</ele>
    </trkpt>
    <trkpt lat="42.192357" lon="-2.80829">
      <ele>838.9</ele>
    </trkpt>
    <trkpt lat="42.192257" lon="-2.80828">
      <ele>839.1</ele>
    </trkpt>
    <trkpt lat="42.191883" lon="-2.808347">
      <ele>839.8</ele>
    </trkpt>
    <trkpt lat="42.191656" lon="-2.808315">
      <ele>840.2</ele>
    </trkpt>
    <trkpt lat="42.191458" lon="-2.808218">
      <ele>840.6</ele>
    </trkpt>
    <trkpt lat="42.191234" lon="-2.807901">
      <ele>841.2</ele>
    </trkpt>
    <trkpt lat="42.191026" lon="-2.80725">
      <ele>842.2</ele>
    </trkpt>
    <trkpt lat="42.190935" lon="-2.807164">
      <ele>842.4</ele>
    </trkpt>
    <trkpt lat="42.190649" lon="-2.807154">
      <ele>842.8</ele>
    </trkpt>
    <trkpt lat="42.190458" lon="-2.807005">
      <ele>843.2</ele>
    </trkpt>
    <trkpt lat="42.190225" lon="-2.806638">
      <ele>843.9</ele>
    </trkpt>
    <trkpt lat="42.189969" lon="-2.805993">
      <ele>845.7</ele>
    </trkpt>
    <trkpt lat="42.189893" lon="-2.805872">
      <ele>846.1</ele>
    </trkpt>
    <trkpt lat="42.189811" lon="-2.805855">
      <ele>846.5</ele>
    </trkpt>
    <trkpt lat="42.189778" lon="-2.805886">
      <ele>846.6</ele>
    </trkpt>
    <trkpt lat="42.189595" lon="-2.806297">
      <ele>848.3</ele>
    </trkpt>
    <trkpt lat="42.189441" lon="-2.806461">
      <ele>849.2</ele>
    </trkpt>
    <trkpt lat="42.189393" lon="-2.806468">
      <ele>849.5</ele>
    </trkpt>
    <trkpt lat="42.189278" lon="-2.806418">
      <ele>850.2</ele>
    </trkpt>
    <trkpt lat="42.189065" lon="-2.806201">
      <ele>851.9</ele>
    </trkpt>
    <trkpt lat="42.18896" lon="-2.80605">
      <ele>853.1</ele>
    </trkpt>
    <trkpt lat="42.188866" lon="-2.805812">
      <ele>854.8</ele>
    </trkpt>
    <trkpt lat="42.188783" lon="-2.804851">
      <ele>861.8</ele>
    </trkpt>
    <trkpt lat="42.188734" lon="-2.804646">
      <ele>863.2</ele>
    </trkpt>
    <trkpt lat="42.188648" lon="-2.804517">
      <ele>864.2</ele>
    </trkpt>
    <trkpt lat="42.188424" lon="-2.80443">
      <ele>865.8</ele>
    </trkpt>
    <trkpt lat="42.18803" lon="-2.804466">
      <ele>867.9</ele>
    </trkpt>
    <trkpt lat="42.187535" lon="-2.804369">
      <ele>870.6</ele>
    </trkpt>
    <trkpt lat="42.187294" lon="-2.804364">
      <ele>871.9</ele>
    </trkpt>
    <trkpt lat="42.187213" lon="-2.80445">
      <ele>872.6</ele>
    </trkpt>
    <trkpt lat="42.187187" lon="-2.804524">
      <ele>872.9</ele>
    </trkpt>
    <trkpt lat="42.187195" lon="-2.805064">
      <ele>874.9</ele>
    </trkpt>
    <trkpt lat="42.187171" lon="-2.805256">
      <ele>875.4</ele>
    </trkpt>
    <trkpt lat="42.187096" lon="-2.805509">
      <ele>875.8</ele>
    </trkpt>
    <trkpt lat="42.186917" lon="-2.805746">
      <ele>876.3</ele>
    </trkpt>
    <trkpt lat="42.18677" lon="-2.805791">
      <ele>876.4</ele>
    </trkpt>
    <trkpt lat="42.186651" lon="-2.805786">
      <ele>876.6</ele>
    </trkpt>
    <trkpt lat="42.186441" lon="-2.805667">
      <ele>877</ele>
    </trkpt>
    <trkpt lat="42.1863" lon="-2.80552">
      <ele>877.4</ele>
    </trkpt>
    <trkpt lat="42.186147" lon="-2.805336">
      <ele>878.1</ele>
    </trkpt>
    <trkpt lat="42.185992" lon="-2.805062">
      <ele>879.5</ele>
    </trkpt>
    <trkpt lat="42.185918" lon="-2.804978">
      <ele>880.1</ele>
    </trkpt>
    <trkpt lat="42.184997" lon="-2.804608">
      <ele>887.2</ele>
    </trkpt>
    <trkpt lat="42.18464" lon="-2.804531">
      <ele>890</ele>
    </trkpt>
    <trkpt lat="42.184508" lon="-2.804464">
      <ele>891.1</ele>
    </trkpt>
    <trkpt lat="42.18418" lon="-2.80405">
      <ele>894.8</ele>
    </trkpt>
    <trkpt lat="42.18384" lon="-2.80345">
      <ele>898.9</ele>
    </trkpt>
    <trkpt lat="42.183717" lon="-2.803301">
      <ele>900.1</ele>
    </trkpt>
    <trkpt lat="42.183578" lon="-2.803184">
      <ele>901.1</ele>
    </trkpt>
    <trkpt lat="42.18313" lon="-2.803048">
      <ele>903.6</ele>
    </trkpt>
    <trkpt lat="42.182675" lon="-2.802847">
      <ele>905.6</ele>
    </trkpt>
    <trkpt lat="42.18222" lon="-2.80257">
      <ele>907.4</ele>
    </trkpt>
    <trkpt lat="42.181718" lon="-2.80215">
      <ele>909.3</ele>
    </trkpt>
    <trkpt lat="42.181628" lon="-2.802163">
      <ele>909.6</ele>
    </trkpt>
    <trkpt lat="42.181469" lon="-2.802262">
      <ele>910</ele>
    </trkpt>
    <trkpt lat="42.181251" lon="-2.802485">
      <ele>910.6</ele>
    </trkpt>
    <trkpt lat="42.181118" lon="-2.802575">
      <ele>910.9</ele>
    </trkpt>
    <trkpt lat="42.180847" lon="-2.802504">
      <ele>911.4</ele>
    </trkpt>
    <trkpt lat="42.180566" lon="-2.802512">
      <ele>911.8</ele>
    </trkpt>
    <trkpt lat="42.180196" lon="-2.802697">
      <ele>912.5</ele>
    </trkpt>
    <trkpt lat="42.179965" lon="-2.802714">
      <ele>912.9</ele>
    </trkpt>
    <trkpt lat="42.179566" lon="-2.802853">
      <ele>913.6</ele>
    </trkpt>
    <trkpt lat="42.179465" lon="-2.802925">
      <ele>913.8</ele>
    </trkpt>
    <trkpt lat="42.179284" lon="-2.803172">
      <ele>914.1</ele>
    </trkpt>
    <trkpt lat="42.179183" lon="-2.803235">
      <ele>914.2</ele>
    </trkpt>
    <trkpt lat="42.179066" lon="-2.803259">
      <ele>914.4</ele>
    </trkpt>
    <trkpt lat="42.178585" lon="-2.803145">
      <ele>915.2</ele>
    </trkpt>
    <trkpt lat="42.178262" lon="-2.802768">
      <ele>916.3</ele>
    </trkpt>
    <trkpt lat="42.178087" lon="-2.802659">
      <ele>916.8</ele>
    </trkpt>
    <trkpt lat="42.17795" lon="-2.80267">
      <ele>917.2</ele>
    </trkpt>
    <trkpt lat="42.177831" lon="-2.802783">
      <ele>917.6</ele>
    </trkpt>
    <trkpt lat="42.177689" lon="-2.802829">
      <ele>918</ele>
    </trkpt>
    <trkpt lat="42.177143" lon="-2.80282">
      <ele>919.2</ele>
    </trkpt>
    <trkpt lat="42.176792" lon="-2.802751">
      <ele>919.9</ele>
    </trkpt>
    <trkpt lat="42.176694" lon="-2.802757">
      <ele>920.1</ele>
    </trkpt>
    <trkpt lat="42.176641" lon="-2.802793">
      <ele>920.2</ele>
    </trkpt>
    <trkpt lat="42.176581" lon="-2.802906">
      <ele>920.4</ele>
    </trkpt>
    <trkpt lat="42.176571" lon="-2.803234">
      <ele>921</ele>
    </trkpt>
    <trkpt lat="42.176507" lon="-2.803318">
      <ele>921.2</ele>
    </trkpt>
    <trkpt lat="42.176369" lon="-2.803326">
      <ele>921.5</ele>
    </trkpt>
    <trkpt lat="42.176026" lon="-2.803019">
      <ele>922.6</ele>
    </trkpt>
    <trkpt lat="42.175923" lon="-2.802968">
      <ele>922.9</ele>
    </trkpt>
    <trkpt lat="42.175837" lon="-2.802985">
      <ele>923.2</ele>
    </trkpt>
    <trkpt lat="42.1752" lon="-2.8035">
      <ele>925.9</ele>
    </trkpt>
    <trkpt lat="42.175052" lon="-2.803541">
      <ele>926.5</ele>
    </trkpt>
    <trkpt lat="42.174788" lon="-2.803524">
      <ele>927.8</ele>
    </trkpt>
    <trkpt lat="42.174076" lon="-2.804045">
      <ele>931.6</ele>
    </trkpt>
    <trkpt lat="42.173979" lon="-2.804074">
      <ele>932.1</ele>
    </trkpt>
    <trkpt lat="42.173926" lon="-2.804059">
      <ele>932.3</ele>
    </trkpt>
    <trkpt lat="42.17363" lon="-2.803984">
      <ele>933.5</ele>
    </trkpt>
    <trkpt lat="42.173368" lon="-2.804137">
      <ele>934.6</ele>
    </trkpt>
    <trkpt lat="42.1732" lon="-2.804199">
      <ele>935.2</ele>
    </trkpt>
    <trkpt lat="42.172771" lon="-2.80429">
      <ele>936.6</ele>
    </trkpt>
    <trkpt lat="42.172635" lon="-2.804265">
      <ele>937</ele>
    </trkpt>
    <trkpt lat="42.172566" lon="-2.804234">
      <ele>937.2</ele>
    </trkpt>
    <trkpt lat="42.172439" lon="-2.804116">
      <ele>937.7</ele>
    </trkpt>
    <trkpt lat="42.171777" lon="-2.803151">
      <ele>940.6</ele>
    </trkpt>
    <trkpt lat="42.171714" lon="-2.803112">
      <ele>940.8</ele>
    </trkpt>
    <trkpt lat="42.171618" lon="-2.803116">
      <ele>941.2</ele>
    </trkpt>
    <trkpt lat="42.171064" lon="-2.803438">
      <ele>943.3</ele>
    </trkpt>
    <trkpt lat="42.170934" lon="-2.803425">
      <ele>943.8</ele>
    </trkpt>
    <trkpt lat="42.170711" lon="-2.803319">
      <ele>944.6</ele>
    </trkpt>
    <trkpt lat="42.170321" lon="-2.802998">
      <ele>946.2</ele>
    </trkpt>
    <trkpt lat="42.170028" lon="-2.802863">
      <ele>947.3</ele>
    </trkpt>
    <trkpt lat="42.169921" lon="-2.802759">
      <ele>947.7</ele>
    </trkpt>
    <trkpt lat="42.169841" lon="-2.802634">
      <ele>948.1</ele>
    </trkpt>
    <trkpt lat="42.169819" lon="-2.802384">
      <ele>948.7</ele>
    </trkpt>
    <trkpt lat="42.169877" lon="-2.802026">
      <ele>949.4</ele>
    </trkpt>
    <trkpt lat="42.169982" lon="-2.801606">
      <ele>950.1</ele>
    </trkpt>
    <trkpt lat="42.169963" lon="-2.801439">
      <ele>950.4</ele>
    </trkpt>
    <trkpt lat="42.169892" lon="-2.801386">
      <ele>950.4</ele>
    </trkpt>
    <trkpt lat="42.16962" lon="-2.801427">
      <ele>950.8</ele>
    </trkpt>
    <trkpt lat="42.169204" lon="-2.801386">
      <ele>951.4</ele>
    </trkpt>
    <trkpt lat="42.168604" lon="-2.801473">
      <ele>952.9</ele>
    </trkpt>
    <trkpt lat="42.168459" lon="-2.801417">
      <ele>953.5</ele>
    </trkpt>
    <trkpt lat="42.16825" lon="-2.801217">
      <ele>954</ele>
    </trkpt>
    <trkpt lat="42.168174" lon="-2.800994">
      <ele>954.4</ele>
    </trkpt>
    <trkpt lat="42.168123" lon="-2.800561">
      <ele>955.3</ele>
    </trkpt>
    <trkpt lat="42.168093" lon="-2.800462">
      <ele>955.4</ele>
    </trkpt>
    <trkpt lat="42.16804" lon="-2.800393">
      <ele>955.5</ele>
    </trkpt>
    <trkpt lat="42.167963" lon="-2.800286">
      <ele>956</ele>
    </trkpt>
    <trkpt lat="42.167894" lon="-2.800252">
      <ele>956.2</ele>
    </trkpt>
    <trkpt lat="42.167644" lon="-2.800391">
      <ele>956.9</ele>
    </trkpt>
    <trkpt lat="42.167353" lon="-2.800428">
      <ele>957.7</ele>
    </trkpt>
    <trkpt lat="42.16709" lon="-2.800296">
      <ele>958.5</ele>
    </trkpt>
    <trkpt lat="42.166701" lon="-2.800033">
      <ele>959.9</ele>
    </trkpt>
    <trkpt lat="42.1666" lon="-2.799862">
      <ele>960.7</ele>
    </trkpt>
    <trkpt lat="42.166402" lon="-2.799396">
      <ele>962</ele>
    </trkpt>
    <trkpt lat="42.166326" lon="-2.799306">
      <ele>962.5</ele>
    </trkpt>
    <trkpt lat="42.165845" lon="-2.799014">
      <ele>965.8</ele>
    </trkpt>
    <trkpt lat="42.16554" lon="-2.798926">
      <ele>968.1</ele>
    </trkpt>
    <trkpt lat="42.165467" lon="-2.79888">
      <ele>968.7</ele>
    </trkpt>
    <trkpt lat="42.165274" lon="-2.798689">
      <ele>970.4</ele>
    </trkpt>
    <trkpt lat="42.165164" lon="-2.798485">
      <ele>971.6</ele>
    </trkpt>
    <trkpt lat="42.164994" lon="-2.798133">
      <ele>973.2</ele>
    </trkpt>
    <trkpt lat="42.164851" lon="-2.797948">
      <ele>974.1</ele>
    </trkpt>
    <trkpt lat="42.164762" lon="-2.797767">
      <ele>974.6</ele>
    </trkpt>
    <trkpt lat="42.164695" lon="-2.797387">
      <ele>975.2</ele>
    </trkpt>
    <trkpt lat="42.164752" lon="-2.797007">
      <ele>975.7</ele>
    </trkpt>
    <trkpt lat="42.164801" lon="-2.79677">
      <ele>976.1</ele>
    </trkpt>
    <trkpt lat="42.164816" lon="-2.796564">
      <ele>976</ele>
    </trkpt>
    <trkpt lat="42.164763" lon="-2.796171">
      <ele>975.7</ele>
    </trkpt>
    <trkpt lat="42.164714" lon="-2.795495">
      <ele>974.5</ele>
    </trkpt>
    <trkpt lat="42.16452" lon="-2.795123">
      <ele>973.9</ele>
    </trkpt>
    <trkpt lat="42.164428" lon="-2.794888">
      <ele>973.9</ele>
    </trkpt>
    <trkpt lat="42.164415" lon="-2.794708">
      <ele>973.6</ele>
    </trkpt>
    <trkpt lat="42.164309" lon="-2.794163">
      <ele>974.3</ele>
    </trkpt>
    <trkpt lat="42.164259" lon="-2.794064">
      <ele>974.7</ele>
    </trkpt>
    <trkpt lat="42.164048" lon="-2.793704">
      <ele>976.4</ele>
    </trkpt>
    <trkpt lat="42.164039" lon="-2.793657">
      <ele>976.7</ele>
    </trkpt>
    <trkpt lat="42.164082" lon="-2.793171">
      <ele>979.3</ele>
    </trkpt>
    <trkpt lat="42.164242" lon="-2.792335">
      <ele>984.7</ele>
    </trkpt>
    <trkpt lat="42.164257" lon="-2.792105">
      <ele>986.2</ele>
    </trkpt>
    <trkpt lat="42.164246" lon="-2.790815">
      <ele>993.2</ele>
    </trkpt>
    <trkpt lat="42.164281" lon="-2.790362">
      <ele>994.8</ele>
    </trkpt>
    <trkpt lat="42.164712" lon="-2.788365">
      <ele>1000.5</ele>
    </trkpt>
    <trkpt lat="42.165172" lon="-2.785787">
      <ele>1012.3</ele>
    </trkpt>
    <trkpt lat="42.165275" lon="-2.784678">
      <ele>1021.4</ele>
    </trkpt>
    <trkpt lat="42.165245" lon="-2.784027">
      <ele>1026.6</ele>
    </trkpt>
    <trkpt lat="42.165311" lon="-2.783887">
      <ele>1027.9</ele>
    </trkpt>
    <trkpt lat="42.16547" lon="-2.78376">
      <ele>1029.4</ele>
    </trkpt>
    <trkpt lat="42.165691" lon="-2.783668">
      <ele>1031.3</ele>
    </trkpt>
    <trkpt lat="42.166023" lon="-2.783582">
      <ele>1033.9</ele>
    </trkpt>
    <trkpt lat="42.166108" lon="-2.78352">
      <ele>1034.6</ele>
    </trkpt>
    <trkpt lat="42.166127" lon="-2.783473">
      <ele>1034.9</ele>
    </trkpt>
    <trkpt lat="42.166133" lon="-2.783412">
      <ele>1035.3</ele>
    </trkpt>
    <trkpt lat="42.166104" lon="-2.783303">
      <ele>1036.1</ele>
    </trkpt>
    <trkpt lat="42.165715" lon="-2.78289">
      <ele>1040.5</ele>
    </trkpt>
    <trkpt lat="42.165612" lon="-2.782744">
      <ele>1041.8</ele>
    </trkpt>
    <trkpt lat="42.16556" lon="-2.782628">
      <ele>1042.8</ele>
    </trkpt>
    <trkpt lat="42.165516" lon="-2.782425">
      <ele>1044</ele>
    </trkpt>
    <trkpt lat="42.165517" lon="-2.782289">
      <ele>1044.8</ele>
    </trkpt>
    <trkpt lat="42.165656" lon="-2.781553">
      <ele>1048.9</ele>
    </trkpt>
    <trkpt lat="42.165696" lon="-2.780776">
      <ele>1054</ele>
    </trkpt>
    <trkpt lat="42.165757" lon="-2.780299">
      <ele>1058.6</ele>
    </trkpt>
    <trkpt lat="42.16588" lon="-2.779998">
      <ele>1062.2</ele>
    </trkpt>
    <trkpt lat="42.166641" lon="-2.778546">
      <ele>1079.8</ele>
    </trkpt>
    <trkpt lat="42.166705" lon="-2.778306">
      <ele>1082.2</ele>
    </trkpt>
    <trkpt lat="42.166764" lon="-2.777348">
      <ele>1091.9</ele>
    </trkpt>
    <trkpt lat="42.166806" lon="-2.777075">
      <ele>1095.1</ele>
    </trkpt>
    <trkpt lat="42.167134" lon="-2.776585">
      <ele>1102.8</ele>
    </trkpt>
    <trkpt lat="42.167205" lon="-2.77658">
      <ele>1103.9</ele>
    </trkpt>
    <trkpt lat="42.167253" lon="-2.776645">
      <ele>1104.9</ele>
    </trkpt>
    <trkpt lat="42.167218" lon="-2.777046">
      <ele>1109.1</ele>
    </trkpt>
    <trkpt lat="42.167228" lon="-2.777308">
      <ele>1111.8</ele>
    </trkpt>
    <trkpt lat="42.167342" lon="-2.777718">
      <ele>1116.4</ele>
    </trkpt>
    <trkpt lat="42.167497" lon="-2.778021">
      <ele>1120.5</ele>
    </trkpt>
    <trkpt lat="42.167536" lon="-2.778172">
      <ele>1122.3</ele>
    </trkpt>
    <trkpt lat="42.167536" lon="-2.778361">
      <ele>1124.5</ele>
    </trkpt>
    <trkpt lat="42.167494" lon="-2.7786">
      <ele>1127.4</ele>
    </trkpt>
    <trkpt lat="42.167395" lon="-2.779391">
      <ele>1136.9</ele>
    </trkpt>
    <trkpt lat="42.167369" lon="-2.780363">
      <ele>1149</ele>
    </trkpt>
    <trkpt lat="42.167419" lon="-2.780748">
      <ele>1154.3</ele>
    </trkpt>
    <trkpt lat="42.167473" lon="-2.780941">
      <ele>1157.3</ele>
    </trkpt>
    <trkpt lat="42.167601" lon="-2.781289">
      <ele>1163</ele>
    </trkpt>
    <trkpt lat="42.167732" lon="-2.78152">
      <ele>1167.4</ele>
    </trkpt>
    <trkpt lat="42.167899" lon="-2.78162">
      <ele>1170.8</ele>
    </trkpt>
    <trkpt lat="42.168173" lon="-2.781703">
      <ele>1175.6</ele>
    </trkpt>
    <trkpt lat="42.168603" lon="-2.781882">
      <ele>1182.1</ele>
    </trkpt>
    <trkpt lat="42.168763" lon="-2.781873">
      <ele>1184.1</ele>
    </trkpt>
    <trkpt lat="42.16882" lon="-2.781793">
      <ele>1185</ele>
    </trkpt>
    <trkpt lat="42.168812" lon="-2.781677">
      <ele>1186</ele>
    </trkpt>
    <trkpt lat="42.168749" lon="-2.781579">
      <ele>1187.1</ele>
    </trkpt>
    <trkpt lat="42.168382" lon="-2.781396">
      <ele>1190.6</ele>
    </trkpt>
    <trkpt lat="42.16825" lon="-2.78124">
      <ele>1191.8</ele>
    </trkpt>
    <trkpt lat="42.168157" lon="-2.78098">
      <ele>1193.1</ele>
    </trkpt>
    <trkpt lat="42.168128" lon="-2.780821">
      <ele>1193.8</ele>
    </trkpt>
    <trkpt lat="42.168127" lon="-2.780464">
      <ele>1195</ele>
    </trkpt>
    <trkpt lat="42.168261" lon="-2.779937">
      <ele>1196.6</ele>
    </trkpt>
    <trkpt lat="42.168508" lon="-2.779261">
      <ele>1199.1</ele>
    </trkpt>
    <trkpt lat="42.169016" lon="-2.778432">
      <ele>1204.5</ele>
    </trkpt>
    <trkpt lat="42.169056" lon="-2.778392">
      <ele>1204.9</ele>
    </trkpt>
    <trkpt lat="42.169136" lon="-2.778378">
      <ele>1205.6</ele>
    </trkpt>
    <trkpt lat="42.169206" lon="-2.778439">
      <ele>1206.4</ele>
    </trkpt>
    <trkpt lat="42.169245" lon="-2.778565">
      <ele>1207.4</ele>
    </trkpt>
    <trkpt lat="42.169213" lon="-2.778779">
      <ele>1209.1</ele>
    </trkpt>
    <trkpt lat="42.169139" lon="-2.778916">
      <ele>1210.5</ele>
    </trkpt>
    <trkpt lat="42.168856" lon="-2.779202">
      <ele>1214.5</ele>
    </trkpt>
    <trkpt lat="42.168716" lon="-2.779423">
      <ele>1216.9</ele>
    </trkpt>
    <trkpt lat="42.168616" lon="-2.779739">
      <ele>1219.7</ele>
    </trkpt>
    <trkpt lat="42.168667" lon="-2.780011">
      <ele>1221.9</ele>
    </trkpt>
    <trkpt lat="42.168751" lon="-2.780181">
      <ele>1223.5</ele>
    </trkpt>
    <trkpt lat="42.169053" lon="-2.780557">
      <ele>1227.8</ele>
    </trkpt>
    <trkpt lat="42.169817" lon="-2.781621">
      <ele>1241.2</ele>
    </trkpt>
    <trkpt lat="42.170268" lon="-2.78202">
      <ele>1246.9</ele>
    </trkpt>
    <trkpt lat="42.170369" lon="-2.782078">
      <ele>1247.8</ele>
    </trkpt>
    <trkpt lat="42.170449" lon="-2.782066">
      <ele>1248.4</ele>
    </trkpt>
    <trkpt lat="42.170492" lon="-2.78199">
      <ele>1249</ele>
    </trkpt>
    <trkpt lat="42.170501" lon="-2.781862">
      <ele>1249.7</ele>
    </trkpt>
    <trkpt lat="42.170282" lon="-2.780991">
      <ele>1254</ele>
    </trkpt>
    <trkpt lat="42.170199" lon="-2.780764">
      <ele>1254.9</ele>
    </trkpt>
    <trkpt lat="42.16993" lon="-2.780274">
      <ele>1256.9</ele>
    </trkpt>
    <trkpt lat="42.169892" lon="-2.780143">
      <ele>1257.4</ele>
    </trkpt>
    <trkpt lat="42.169884" lon="-2.780016">
      <ele>1257.6</ele>
    </trkpt>
    <trkpt lat="42.169922" lon="-2.779904">
      <ele>1257.9</ele>
    </trkpt>
    <trkpt lat="42.170212" lon="-2.779689">
      <ele>1258.7</ele>
    </trkpt>
    <trkpt lat="42.170311" lon="-2.779509">
      <ele>1259.1</ele>
    </trkpt>
    <trkpt lat="42.170481" lon="-2.778063">
      <ele>1262.7</ele>
    </trkpt>
    <trkpt lat="42.17051" lon="-2.777946">
      <ele>1263.2</ele>
    </trkpt>
    <trkpt lat="42.170595" lon="-2.777774">
      <ele>1264.2</ele>
    </trkpt>
    <trkpt lat="42.170794" lon="-2.777603">
      <ele>1265.7</ele>
    </trkpt>
    <trkpt lat="42.171152" lon="-2.777364">
      <ele>1268.7</ele>
    </trkpt>
    <trkpt lat="42.171361" lon="-2.777268">
      <ele>1270.5</ele>
    </trkpt>
    <trkpt lat="42.171427" lon="-2.777262">
      <ele>1271.1</ele>
    </trkpt>
    <trkpt lat="42.171776" lon="-2.777388">
      <ele>1274.4</ele>
    </trkpt>
    <trkpt lat="42.172591" lon="-2.77761">
      <ele>1283.1</ele>
    </trkpt>
    <trkpt lat="42.172915" lon="-2.77759">
      <ele>1286.4</ele>
    </trkpt>
    <trkpt lat="42.173067" lon="-2.77756">
      <ele>1287.9</ele>
    </trkpt>
    <trkpt lat="42.173372" lon="-2.777434">
      <ele>1290.7</ele>
    </trkpt>
    <trkpt lat="42.173732" lon="-2.77742">
      <ele>1293.5</ele>
    </trkpt>
    <trkpt lat="42.173806" lon="-2.777382">
      <ele>1294</ele>
    </trkpt>
    <trkpt lat="42.173863" lon="-2.777275">
      <ele>1294.6</ele>
    </trkpt>
    <trkpt lat="42.173875" lon="-2.777188">
      <ele>1295</ele>
    </trkpt>
    <trkpt lat="42.173806" lon="-2.776533">
      <ele>1297</ele>
    </trkpt>
    <trkpt lat="42.173832" lon="-2.775573">
      <ele>1298.5</ele>
    </trkpt>
    <trkpt lat="42.173794" lon="-2.774539">
      <ele>1301.7</ele>
    </trkpt>
    <trkpt lat="42.17387" lon="-2.77416">
      <ele>1303.7</ele>
    </trkpt>
    <trkpt lat="42.174045" lon="-2.773708">
      <ele>1307.1</ele>
    </trkpt>
    <trkpt lat="42.174136" lon="-2.773584">
      <ele>1308.6</ele>
    </trkpt>
    <trkpt lat="42.174258" lon="-2.773549">
      <ele>1310</ele>
    </trkpt>
    <trkpt lat="42.17438" lon="-2.773572">
      <ele>1311.5</ele>
    </trkpt>
    <trkpt lat="42.174828" lon="-2.77388">
      <ele>1319.4</ele>
    </trkpt>
    <trkpt lat="42.175654" lon="-2.774255">
      <ele>1337.6</ele>
    </trkpt>
    <trkpt lat="42.175762" lon="-2.774267">
      <ele>1339.8</ele>
    </trkpt>
    <trkpt lat="42.176263" lon="-2.774216">
      <ele>1348.4</ele>
    </trkpt>
    <trkpt lat="42.17635" lon="-2.774231">
      <ele>1349.5</ele>
    </trkpt>
    <trkpt lat="42.176556" lon="-2.774398">
      <ele>1352.4</ele>
    </trkpt>
    <trkpt lat="42.176639" lon="-2.774421">
      <ele>1353.2</ele>
    </trkpt>
    <trkpt lat="42.176699" lon="-2.774375">
      <ele>1353.8</ele>
    </trkpt>
    <trkpt lat="42.176719" lon="-2.774325">
      <ele>1354.3</ele>
    </trkpt>
    <trkpt lat="42.176731" lon="-2.774113">
      <ele>1355.9</ele>
    </trkpt>
    <trkpt lat="42.176684" lon="-2.773863">
      <ele>1357.4</ele>
    </trkpt>
    <trkpt lat="42.176573" lon="-2.773664">
      <ele>1359</ele>
    </trkpt>
    <trkpt lat="42.176442" lon="-2.773514">
      <ele>1360.1</ele>
    </trkpt>
    <trkpt lat="42.176016" lon="-2.773167">
      <ele>1362.9</ele>
    </trkpt>
    <trkpt lat="42.175933" lon="-2.773041">
      <ele>1363.4</ele>
    </trkpt>
    <trkpt lat="42.175905" lon="-2.772958">
      <ele>1363.7</ele>
    </trkpt>
    <trkpt lat="42.175514" lon="-2.771183">
      <ele>1372.6</ele>
    </trkpt>
    <trkpt lat="42.17538" lon="-2.770273">
      <ele>1382.4</ele>
    </trkpt>
    <trkpt lat="42.17538" lon="-2.770081">
      <ele>1384.6</ele>
    </trkpt>
    <trkpt lat="42.175526" lon="-2.76937">
      <ele>1393.1</ele>
    </trkpt>
    <trkpt lat="42.17553" lon="-2.769186">
      <ele>1395.4</ele>
    </trkpt>
    <trkpt lat="42.175388" lon="-2.768874">
      <ele>1399.8</ele>
    </trkpt>
    <trkpt lat="42.175159" lon="-2.768513">
      <ele>1404.9</ele>
    </trkpt>
    <trkpt lat="42.174979" lon="-2.768163">
      <ele>1408.9</ele>
    </trkpt>
    <trkpt lat="42.174812" lon="-2.767768">
      <ele>1412.5</ele>
    </trkpt>
    <trkpt lat="42.174715" lon="-2.767382">
      <ele>1415.1</ele>
    </trkpt>
    <trkpt lat="42.174646" lon="-2.767291">
      <ele>1415.8</ele>
    </trkpt>
    <trkpt lat="42.17455" lon="-2.767264">
      <ele>1416.5</ele>
    </trkpt>
    <trkpt lat="42.174471" lon="-2.767282">
      <ele>1417</ele>
    </trkpt>
    <trkpt lat="42.174174" lon="-2.767448">
      <ele>1418.6</ele>
    </trkpt>
    <trkpt lat="42.173347" lon="-2.768126">
      <ele>1420.9</ele>
    </trkpt>
    <trkpt lat="42.172103" lon="-2.769071">
      <ele>1418.3</ele>
    </trkpt>
    <trkpt lat="42.171908" lon="-2.769157">
      <ele>1417.6</ele>
    </trkpt>
    <trkpt lat="42.171756" lon="-2.769125">
      <ele>1417.1</ele>
    </trkpt>
    <trkpt lat="42.171675" lon="-2.769027">
      <ele>1416.7</ele>
    </trkpt>
    <trkpt lat="42.171647" lon="-2.768946">
      <ele>1416.4</ele>
    </trkpt>
    <trkpt lat="42.17152" lon="-2.76835">
      <ele>1414.6</ele>
    </trkpt>
    <trkpt lat="42.171384" lon="-2.767654">
      <ele>1412.3</ele>
    </trkpt>
    <trkpt lat="42.171182" lon="-2.766334">
      <ele>1408.6</ele>
    </trkpt>
    <trkpt lat="42.171063" lon="-2.765805">
      <ele>1407.8</ele>
    </trkpt>
    <trkpt lat="42.170878" lon="-2.765312">
      <ele>1407.4</ele>
    </trkpt>
    <trkpt lat="42.170601" lon="-2.76469">
      <ele>1406.9</ele>
    </trkpt>
    <trkpt lat="42.17016" lon="-2.763534">
      <ele>1404.9</ele>
    </trkpt>
    <trkpt lat="42.170087" lon="-2.763474">
      <ele>1404.7</ele>
    </trkpt>
    <trkpt lat="42.169984" lon="-2.763448">
      <ele>1404.4</ele>
    </trkpt>
    <trkpt lat="42.169725" lon="-2.763516">
      <ele>1404</ele>
    </trkpt>
    <trkpt lat="42.169582" lon="-2.763511">
      <ele>1403.9</ele>
    </trkpt>
    <trkpt lat="42.169364" lon="-2.763415">
      <ele>1403.7</ele>
    </trkpt>
    <trkpt lat="42.169035" lon="-2.763125">
      <ele>1403.6</ele>
    </trkpt>
    <trkpt lat="42.168721" lon="-2.762742">
      <ele>1404</ele>
    </trkpt>
    <trkpt lat="42.168058" lon="-2.761744">
      <ele>1407.2</ele>
    </trkpt>
    <trkpt lat="42.167892" lon="-2.761556">
      <ele>1408.2</ele>
    </trkpt>
    <trkpt lat="42.1677" lon="-2.76141">
      <ele>1409</ele>
    </trkpt>
    <trkpt lat="42.167144" lon="-2.761083">
      <ele>1410.6</ele>
    </trkpt>
    <trkpt lat="42.166925" lon="-2.761028">
      <ele>1410.7</ele>
    </trkpt>
    <trkpt lat="42.166799" lon="-2.761058">
      <ele>1410.7</ele>
    </trkpt>
    <trkpt lat="42.16666" lon="-2.761121">
      <ele>1410.6</ele>
    </trkpt>
    <trkpt lat="42.165647" lon="-2.761743">
      <ele>1407.8</ele>
    </trkpt>
    <trkpt lat="42.165494" lon="-2.761794">
      <ele>1407.3</ele>
    </trkpt>
    <trkpt lat="42.165397" lon="-2.761766">
      <ele>1407</ele>
    </trkpt>
    <trkpt lat="42.165319" lon="-2.761602">
      <ele>1406.7</ele>
    </trkpt>
    <trkpt lat="42.165164" lon="-2.760876">
      <ele>1406.4</ele>
    </trkpt>
    <trkpt lat="42.164803" lon="-2.76007">
      <ele>1407.2</ele>
    </trkpt>
    <trkpt lat="42.164612" lon="-2.759558">
      <ele>1408.1</ele>
    </trkpt>
    <trkpt lat="42.164412" lon="-2.759236">
      <ele>1408.5</ele>
    </trkpt>
    <trkpt lat="42.164288" lon="-2.759151">
      <ele>1408.6</ele>
    </trkpt>
    <trkpt lat="42.164173" lon="-2.759122">
      <ele>1408.7</ele>
    </trkpt>
    <trkpt lat="42.163303" lon="-2.758974">
      <ele>1406.9</ele>
    </trkpt>
    <trkpt lat="42.162572" lon="-2.758699">
      <ele>1403.9</ele>
    </trkpt>
    <trkpt lat="42.162292" lon="-2.758533">
      <ele>1403.6</ele>
    </trkpt>
    <trkpt lat="42.162176" lon="-2.758433">
      <ele>1403.6</ele>
    </trkpt>
    <trkpt lat="42.161944" lon="-2.758154">
      <ele>1403.8</ele>
    </trkpt>
    <trkpt lat="42.161811" lon="-2.757915">
      <ele>1404.1</ele>
    </trkpt>
    <trkpt lat="42.161778" lon="-2.757798">
      <ele>1404.4</ele>
    </trkpt>
    <trkpt lat="42.161777" lon="-2.757639">
      <ele>1404.8</ele>
    </trkpt>
    <trkpt lat="42.161868" lon="-2.757188">
      <ele>1406.4</ele>
    </trkpt>
    <trkpt lat="42.161903" lon="-2.757035">
      <ele>1407</ele>
    </trkpt>
    <trkpt lat="42.161925" lon="-2.75694">
      <ele>1407.5</ele>
    </trkpt>
    <trkpt lat="42.161937" lon="-2.756852">
      <ele>1408</ele>
    </trkpt>
    <trkpt lat="42.161937" lon="-2.756635">
      <ele>1409.2</ele>
    </trkpt>
    <trkpt lat="42.16154" lon="-2.7548">
      <ele>1422.5</ele>
    </trkpt>
    <trkpt lat="42.16155" lon="-2.75459">
      <ele>1423.4</ele>
    </trkpt>
    <trkpt lat="42.1618" lon="-2.75394">
      <ele>1425.9</ele>
    </trkpt>
    <trkpt lat="42.16202" lon="-2.75309">
      <ele>1426.3</ele>
    </trkpt>
    <trkpt lat="42.16232" lon="-2.75237">
      <ele>1423.9</ele>
    </trkpt>
    <trkpt lat="42.16246" lon="-2.75151">
      <ele>1419.4</ele>
    </trkpt>
    <trkpt lat="42.16285" lon="-2.75063">
      <ele>1413.7</ele>
    </trkpt>
    <trkpt lat="42.16304" lon="-2.75003">
      <ele>1410.7</ele>
    </trkpt>
    <trkpt lat="42.16305" lon="-2.74978">
      <ele>1409.7</ele>
    </trkpt>
    <trkpt lat="42.16298" lon="-2.74966">
      <ele>1409.2</ele>
    </trkpt>
    <trkpt lat="42.16282" lon="-2.7496">
      <ele>1408.6</ele>
    </trkpt>
    <trkpt lat="42.161651" lon="-2.749763">
      <ele>1407.6</ele>
    </trkpt>
    <trkpt lat="42.161416" lon="-2.749717">
      <ele>1408</ele>
    </trkpt>
    <trkpt lat="42.159958" lon="-2.749033">
      <ele>1416.5</ele>
    </trkpt>
    <trkpt lat="42.159357" lon="-2.748673">
      <ele>1421.5</ele>
    </trkpt>
    <trkpt lat="42.158997" lon="-2.74819">
      <ele>1424.7</ele>
    </trkpt>
    <trkpt lat="42.158969" lon="-2.748078">
      <ele>1425.1</ele>
    </trkpt>
    <trkpt lat="42.159" lon="-2.747933">
      <ele>1425.7</ele>
    </trkpt>
    <trkpt lat="42.159047" lon="-2.747841">
      <ele>1426.1</ele>
    </trkpt>
    <trkpt lat="42.159271" lon="-2.747561">
      <ele>1427.5</ele>
    </trkpt>
    <trkpt lat="42.15978" lon="-2.74665">
      <ele>1428.7</ele>
    </trkpt>
    <trkpt lat="42.15999" lon="-2.74617">
      <ele>1427.7</ele>
    </trkpt>
    <trkpt lat="42.16006" lon="-2.74583">
      <ele>1426.8</ele>
    </trkpt>
    <trkpt lat="42.15997" lon="-2.7448">
      <ele>1425.4</ele>
    </trkpt>
    <trkpt lat="42.1601" lon="-2.74431">
      <ele>1425.7</ele>
    </trkpt>
    <trkpt lat="42.1601" lon="-2.74409">
      <ele>1425.9</ele>
    </trkpt>
    <trkpt lat="42.16001" lon="-2.74378">
      <ele>1426.2</ele>
    </trkpt>
    <trkpt lat="42.15954" lon="-2.74307">
      <ele>1427.4</ele>
    </trkpt>
    <trkpt lat="42.15944" lon="-2.74285">
      <ele>1427.7</ele>
    </trkpt>
    <trkpt lat="42.15946" lon="-2.7427">
      <ele>1428</ele>
    </trkpt>
    <trkpt lat="42.15981" lon="-2.74201">
      <ele>1430.2</ele>
    </trkpt>
    <trkpt lat="42.16003" lon="-2.74115">
      <ele>1432.7</ele>
    </trkpt>
    <trkpt lat="42.16006" lon="-2.74064">
      <ele>1433.8</ele>
    </trkpt>
    <trkpt lat="42.15994" lon="-2.74016">
      <ele>1435</ele>
    </trkpt>
    <trkpt lat="42.15994" lon="-2.73993">
      <ele>1435.6</ele>
    </trkpt>
    <trkpt lat="42.16" lon="-2.73975">
      <ele>1436.1</ele>
    </trkpt>
    <trkpt lat="42.16037" lon="-2.73941">
      <ele>1438.3</ele>
    </trkpt>
    <trkpt lat="42.16068" lon="-2.73898">
      <ele>1440.3</ele>
    </trkpt>
    <trkpt lat="42.16083" lon="-2.73862">
      <ele>1441.2</ele>
    </trkpt>
    <trkpt lat="42.16096" lon="-2.73805">
      <ele>1441.2</ele>
    </trkpt>
    <trkpt lat="42.16107" lon="-2.73776">
      <ele>1440.7</ele>
    </trkpt>
    <trkpt lat="42.16162" lon="-2.73716">
      <ele>1437.1</ele>
    </trkpt>
    <trkpt lat="42.16267" lon="-2.73577">
      <ele>1420</ele>
    </trkpt>
    <trkpt lat="42.16285" lon="-2.7356">
      <ele>1416.8</ele>
    </trkpt>
    <trkpt lat="42.16297" lon="-2.73555">
      <ele>1415</ele>
    </trkpt>
    <trkpt lat="42.163272" lon="-2.735603">
      <ele>1410.9</ele>
    </trkpt>
    <trkpt lat="42.163443" lon="-2.73561">
      <ele>1408.7</ele>
    </trkpt>
    <trkpt lat="42.163503" lon="-2.735572">
      <ele>1407.9</ele>
    </trkpt>
    <trkpt lat="42.163564" lon="-2.735476">
      <ele>1406.8</ele>
    </trkpt>
    <trkpt lat="42.163577" lon="-2.735399">
      <ele>1406.1</ele>
    </trkpt>
    <trkpt lat="42.163537" lon="-2.735272">
      <ele>1404.5</ele>
    </trkpt>
    <trkpt lat="42.163118" lon="-2.734825">
      <ele>1398.5</ele>
    </trkpt>
    <trkpt lat="42.162899" lon="-2.734686">
      <ele>1396</ele>
    </trkpt>
    <trkpt lat="42.162783" lon="-2.734647">
      <ele>1395</ele>
    </trkpt>
    <trkpt lat="42.162434" lon="-2.734628">
      <ele>1392</ele>
    </trkpt>
    <trkpt lat="42.162361" lon="-2.734578">
      <ele>1391.5</ele>
    </trkpt>
    <trkpt lat="42.162332" lon="-2.734436">
      <ele>1390.4</ele>
    </trkpt>
    <trkpt lat="42.162385" lon="-2.734359">
      <ele>1389.7</ele>
    </trkpt>
    <trkpt lat="42.162452" lon="-2.734335">
      <ele>1389.2</ele>
    </trkpt>
    <trkpt lat="42.162609" lon="-2.734429">
      <ele>1388.1</ele>
    </trkpt>
    <trkpt lat="42.162818" lon="-2.734495">
      <ele>1386.5</ele>
    </trkpt>
    <trkpt lat="42.163848" lon="-2.734616">
      <ele>1379.1</ele>
    </trkpt>
    <trkpt lat="42.163992" lon="-2.734572">
      <ele>1378.2</ele>
    </trkpt>
    <trkpt lat="42.164579" lon="-2.734135">
      <ele>1373.1</ele>
    </trkpt>
    <trkpt lat="42.164661" lon="-2.734102">
      <ele>1372.4</ele>
    </trkpt>
    <trkpt lat="42.164822" lon="-2.734108">
      <ele>1371.1</ele>
    </trkpt>
    <trkpt lat="42.165025" lon="-2.734178">
      <ele>1369.5</ele>
    </trkpt>
    <trkpt lat="42.165087" lon="-2.734153">
      <ele>1369</ele>
    </trkpt>
    <trkpt lat="42.165104" lon="-2.734117">
      <ele>1368.8</ele>
    </trkpt>
    <trkpt lat="42.165104" lon="-2.734031">
      <ele>1368.3</ele>
    </trkpt>
    <trkpt lat="42.165055" lon="-2.733939">
      <ele>1367.7</ele>
    </trkpt>
    <trkpt lat="42.164803" lon="-2.733777">
      <ele>1365.8</ele>
    </trkpt>
    <trkpt lat="42.164672" lon="-2.733777">
      <ele>1365</ele>
    </trkpt>
    <trkpt lat="42.164364" lon="-2.73386">
      <ele>1363.2</ele>
    </trkpt>
    <trkpt lat="42.16407" lon="-2.73389">
      <ele>1361.5</ele>
    </trkpt>
    <trkpt lat="42.163174" lon="-2.733808">
      <ele>1356.3</ele>
    </trkpt>
    <trkpt lat="42.162837" lon="-2.733886">
      <ele>1354.1</ele>
    </trkpt>
    <trkpt lat="42.16276" lon="-2.733818">
      <ele>1353.5</ele>
    </trkpt>
    <trkpt lat="42.16275" lon="-2.733768">
      <ele>1353.3</ele>
    </trkpt>
    <trkpt lat="42.162781" lon="-2.733663">
      <ele>1352.7</ele>
    </trkpt>
    <trkpt lat="42.162871" lon="-2.733605">
      <ele>1352.1</ele>
    </trkpt>
    <trkpt lat="42.16323" lon="-2.733599">
      <ele>1349.5</ele>
    </trkpt>
    <trkpt lat="42.163499" lon="-2.73352">
      <ele>1347.2</ele>
    </trkpt>
    <trkpt lat="42.163934" lon="-2.733335">
      <ele>1343</ele>
    </trkpt>
    <trkpt lat="42.164078" lon="-2.733218">
      <ele>1341.3</ele>
    </trkpt>
    <trkpt lat="42.164229" lon="-2.732985">
      <ele>1339.1</ele>
    </trkpt>
    <trkpt lat="42.164389" lon="-2.732422">
      <ele>1334.8</ele>
    </trkpt>
    <trkpt lat="42.164501" lon="-2.732256">
      <ele>1333.4</ele>
    </trkpt>
    <trkpt lat="42.164654" lon="-2.732209">
      <ele>1332.1</ele>
    </trkpt>
    <trkpt lat="42.164888" lon="-2.732262">
      <ele>1330.3</ele>
    </trkpt>
    <trkpt lat="42.164959" lon="-2.732207">
      <ele>1329.7</ele>
    </trkpt>
    <trkpt lat="42.164977" lon="-2.732082">
      <ele>1329</ele>
    </trkpt>
    <trkpt lat="42.164932" lon="-2.731983">
      <ele>1328.4</ele>
    </trkpt>
    <trkpt lat="42.164639" lon="-2.731917">
      <ele>1326.5</ele>
    </trkpt>
    <trkpt lat="42.164467" lon="-2.731942">
      <ele>1325.3</ele>
    </trkpt>
    <trkpt lat="42.163702" lon="-2.73222">
      <ele>1320.4</ele>
    </trkpt>
    <trkpt lat="42.163582" lon="-2.732209">
      <ele>1319.7</ele>
    </trkpt>
    <trkpt lat="42.163337" lon="-2.732124">
      <ele>1318.2</ele>
    </trkpt>
    <trkpt lat="42.16297" lon="-2.73222">
      <ele>1315.8</ele>
    </trkpt>
    <trkpt lat="42.162876" lon="-2.732146">
      <ele>1315.1</ele>
    </trkpt>
    <trkpt lat="42.162859" lon="-2.732026">
      <ele>1314.5</ele>
    </trkpt>
    <trkpt lat="42.162899" lon="-2.731933">
      <ele>1314</ele>
    </trkpt>
    <trkpt lat="42.162952" lon="-2.731885">
      <ele>1313.6</ele>
    </trkpt>
    <trkpt lat="42.16343" lon="-2.73168">
      <ele>1310.1</ele>
    </trkpt>
    <trkpt lat="42.164231" lon="-2.73117">
      <ele>1304.3</ele>
    </trkpt>
    <trkpt lat="42.164361" lon="-2.730986">
      <ele>1303.1</ele>
    </trkpt>
    <trkpt lat="42.164726" lon="-2.730184">
      <ele>1298.8</ele>
    </trkpt>
    <trkpt lat="42.16502" lon="-2.72971">
      <ele>1295.7</ele>
    </trkpt>
    <trkpt lat="42.165062" lon="-2.729512">
      <ele>1294.6</ele>
    </trkpt>
    <trkpt lat="42.165055" lon="-2.729387">
      <ele>1294</ele>
    </trkpt>
    <trkpt lat="42.164842" lon="-2.728209">
      <ele>1288</ele>
    </trkpt>
    <trkpt lat="42.16482" lon="-2.727915">
      <ele>1286.8</ele>
    </trkpt>
    <trkpt lat="42.164851" lon="-2.727608">
      <ele>1285.4</ele>
    </trkpt>
    <trkpt lat="42.164975" lon="-2.727366">
      <ele>1284.3</ele>
    </trkpt>
    <trkpt lat="42.164995" lon="-2.727306">
      <ele>1284</ele>
    </trkpt>
    <trkpt lat="42.164992" lon="-2.727187">
      <ele>1283.6</ele>
    </trkpt>
    <trkpt lat="42.16497" lon="-2.727141">
      <ele>1283.4</ele>
    </trkpt>
    <trkpt lat="42.16488" lon="-2.72709">
      <ele>1282.9</ele>
    </trkpt>
    <trkpt lat="42.164794" lon="-2.727144">
      <ele>1282.5</ele>
    </trkpt>
    <trkpt lat="42.164763" lon="-2.7272">
      <ele>1282.3</ele>
    </trkpt>
    <trkpt lat="42.164582" lon="-2.72782">
      <ele>1280.7</ele>
    </trkpt>
    <trkpt lat="42.164442" lon="-2.728847">
      <ele>1279.5</ele>
    </trkpt>
    <trkpt lat="42.164332" lon="-2.729199">
      <ele>1279.2</ele>
    </trkpt>
    <trkpt lat="42.1642" lon="-2.729471">
      <ele>1279</ele>
    </trkpt>
    <trkpt lat="42.163696" lon="-2.730147">
      <ele>1277.6</ele>
    </trkpt>
    <trkpt lat="42.163573" lon="-2.730239">
      <ele>1277.2</ele>
    </trkpt>
    <trkpt lat="42.163392" lon="-2.730257">
      <ele>1276.6</ele>
    </trkpt>
    <trkpt lat="42.163229" lon="-2.730195">
      <ele>1276</ele>
    </trkpt>
    <trkpt lat="42.163144" lon="-2.730119">
      <ele>1275.5</ele>
    </trkpt>
    <trkpt lat="42.163109" lon="-2.730052">
      <ele>1275.2</ele>
    </trkpt>
    <trkpt lat="42.163108" lon="-2.729923">
      <ele>1274.8</ele>
    </trkpt>
    <trkpt lat="42.163173" lon="-2.729831">
      <ele>1274.3</ele>
    </trkpt>
    <trkpt lat="42.16322" lon="-2.72981">
      <ele>1274</ele>
    </trkpt>
    <trkpt lat="42.163581" lon="-2.729791">
      <ele>1272</ele>
    </trkpt>
    <trkpt lat="42.163703" lon="-2.729692">
      <ele>1271.1</ele>
    </trkpt>
    <trkpt lat="42.163801" lon="-2.729495">
      <ele>1269.9</ele>
    </trkpt>
    <trkpt lat="42.16387" lon="-2.729169">
      <ele>1268</ele>
    </trkpt>
    <trkpt lat="42.163902" lon="-2.728524">
      <ele>1264.1</ele>
    </trkpt>
    <trkpt lat="42.163963" lon="-2.728175">
      <ele>1261.7</ele>
    </trkpt>
    <trkpt lat="42.16399" lon="-2.727749">
      <ele>1258.8</ele>
    </trkpt>
    <trkpt lat="42.164059" lon="-2.727373">
      <ele>1256.2</ele>
    </trkpt>
    <trkpt lat="42.164054" lon="-2.727276">
      <ele>1255.6</ele>
    </trkpt>
    <trkpt lat="42.163902" lon="-2.726625">
      <ele>1251.1</ele>
    </trkpt>
    <trkpt lat="42.163908" lon="-2.726405">
      <ele>1249.8</ele>
    </trkpt>
    <trkpt lat="42.163937" lon="-2.726282">
      <ele>1248.9</ele>
    </trkpt>
    <trkpt lat="42.164098" lon="-2.725929">
      <ele>1246.3</ele>
    </trkpt>
    <trkpt lat="42.164189" lon="-2.725804">
      <ele>1245.2</ele>
    </trkpt>
    <trkpt lat="42.164583" lon="-2.725403">
      <ele>1240.8</ele>
    </trkpt>
    <trkpt lat="42.164911" lon="-2.725154">
      <ele>1237.7</ele>
    </trkpt>
    <trkpt lat="42.164987" lon="-2.725055">
      <ele>1236.8</ele>
    </trkpt>
    <trkpt lat="42.165427" lon="-2.723588">
      <ele>1228.6</ele>
    </trkpt>
    <trkpt lat="42.16589" lon="-2.72278">
      <ele>1223.2</ele>
    </trkpt>
    <trkpt lat="42.16614" lon="-2.72249">
      <ele>1221</ele>
    </trkpt>
    <trkpt lat="42.16638" lon="-2.72142">
      <ele>1216.2</ele>
    </trkpt>
    <trkpt lat="42.16661" lon="-2.7209">
      <ele>1213.5</ele>
    </trkpt>
    <trkpt lat="42.16687" lon="-2.72005">
      <ele>1209.5</ele>
    </trkpt>
    <trkpt lat="42.16701" lon="-2.7192">
      <ele>1205.8</ele>
    </trkpt>
    <trkpt lat="42.16729" lon="-2.71838">
      <ele>1201.8</ele>
    </trkpt>
    <trkpt lat="42.16741" lon="-2.71757">
      <ele>1198.4</ele>
    </trkpt>
    <trkpt lat="42.16757" lon="-2.71701">
      <ele>1196</ele>
    </trkpt>
    <trkpt lat="42.16797" lon="-2.71616">
      <ele>1191.7</ele>
    </trkpt>
    <trkpt lat="42.16834" lon="-2.71553">
      <ele>1187.9</ele>
    </trkpt>
    <trkpt lat="42.16847" lon="-2.71519">
      <ele>1186.2</ele>
    </trkpt>
    <trkpt lat="42.16848" lon="-2.71499">
      <ele>1185.2</ele>
    </trkpt>
    <trkpt lat="42.16841" lon="-2.71457">
      <ele>1183.2</ele>
    </trkpt>
    <trkpt lat="42.16851" lon="-2.71413">
      <ele>1180.9</ele>
    </trkpt>
    <trkpt lat="42.16868" lon="-2.71372">
      <ele>1178.4</ele>
    </trkpt>
    <trkpt lat="42.16894" lon="-2.71326">
      <ele>1175.2</ele>
    </trkpt>
    <trkpt lat="42.16903" lon="-2.71277">
      <ele>1172.4</ele>
    </trkpt>
    <trkpt lat="42.16919" lon="-2.71227">
      <ele>1169.6</ele>
    </trkpt>
    <trkpt lat="42.16957" lon="-2.71134">
      <ele>1163.5</ele>
    </trkpt>
    <trkpt lat="42.16982" lon="-2.71096">
      <ele>1160.8</ele>
    </trkpt>
    <trkpt lat="42.17033" lon="-2.71052">
      <ele>1157.1</ele>
    </trkpt>
    <trkpt lat="42.17036" lon="-2.71043">
      <ele>1156.7</ele>
    </trkpt>
    <trkpt lat="42.17034" lon="-2.71032">
      <ele>1156.1</ele>
    </trkpt>
    <trkpt lat="42.17026" lon="-2.71027">
      <ele>1155.6</ele>
    </trkpt>
    <trkpt lat="42.17016" lon="-2.71029">
      <ele>1155.2</ele>
    </trkpt>
    <trkpt lat="42.1698" lon="-2.7107">
      <ele>1153</ele>
    </trkpt>
    <trkpt lat="42.1693" lon="-2.71099">
      <ele>1150.7</ele>
    </trkpt>
    <trkpt lat="42.1691" lon="-2.71129">
      <ele>1149.4</ele>
    </trkpt>
    <trkpt lat="42.16873" lon="-2.71202">
      <ele>1147.8</ele>
    </trkpt>
    <trkpt lat="42.1684" lon="-2.71251">
      <ele>1146.3</ele>
    </trkpt>
    <trkpt lat="42.16771" lon="-2.71316">
      <ele>1144.1</ele>
    </trkpt>
    <trkpt lat="42.167176" lon="-2.714284">
      <ele>1142.1</ele>
    </trkpt>
    <trkpt lat="42.16685" lon="-2.71497">
      <ele>1140.8</ele>
    </trkpt>
    <trkpt lat="42.16664" lon="-2.71515">
      <ele>1140.1</ele>
    </trkpt>
    <trkpt lat="42.16645" lon="-2.71521">
      <ele>1139.4</ele>
    </trkpt>
    <trkpt lat="42.16628" lon="-2.71516">
      <ele>1138.8</ele>
    </trkpt>
    <trkpt lat="42.16625" lon="-2.71497">
      <ele>1138.2</ele>
    </trkpt>
    <trkpt lat="42.1665" lon="-2.71441">
      <ele>1135.7</ele>
    </trkpt>
    <trkpt lat="42.16683" lon="-2.71321">
      <ele>1129</ele>
    </trkpt>
    <trkpt lat="42.16719" lon="-2.71267">
      <ele>1125</ele>
    </trkpt>
    <trkpt lat="42.16756" lon="-2.71177">
      <ele>1120.1</ele>
    </trkpt>
    <trkpt lat="42.16786" lon="-2.71144">
      <ele>1118.1</ele>
    </trkpt>
    <trkpt lat="42.16802" lon="-2.71081">
      <ele>1116</ele>
    </trkpt>
    <trkpt lat="42.16825" lon="-2.71032">
      <ele>1114.4</ele>
    </trkpt>
    <trkpt lat="42.16831" lon="-2.70989">
      <ele>1113.1</ele>
    </trkpt>
    <trkpt lat="42.16839" lon="-2.70968">
      <ele>1112.4</ele>
    </trkpt>
    <trkpt lat="42.16855" lon="-2.70946">
      <ele>1111.5</ele>
    </trkpt>
    <trkpt lat="42.16884" lon="-2.70915">
      <ele>1109.8</ele>
    </trkpt>
    <trkpt lat="42.16926" lon="-2.70888">
      <ele>1107.4</ele>
    </trkpt>
    <trkpt lat="42.1695" lon="-2.70861">
      <ele>1105.5</ele>
    </trkpt>
    <trkpt lat="42.16992" lon="-2.70849">
      <ele>1102.7</ele>
    </trkpt>
    <trkpt lat="42.17077" lon="-2.70777">
      <ele>1095.7</ele>
    </trkpt>
    <trkpt lat="42.17153" lon="-2.70761">
      <ele>1090.3</ele>
    </trkpt>
    <trkpt lat="42.17178" lon="-2.70742">
      <ele>1088.9</ele>
    </trkpt>
    <trkpt lat="42.17212" lon="-2.70731">
      <ele>1087.8</ele>
    </trkpt>
    <trkpt lat="42.17218" lon="-2.70721">
      <ele>1087.5</ele>
    </trkpt>
    <trkpt lat="42.17202" lon="-2.707">
      <ele>1087.3</ele>
    </trkpt>
    <trkpt lat="42.17187" lon="-2.70693">
      <ele>1087.2</ele>
    </trkpt>
    <trkpt lat="42.17154" lon="-2.70705">
      <ele>1087.8</ele>
    </trkpt>
    <trkpt lat="42.17129" lon="-2.70704">
      <ele>1088.8</ele>
    </trkpt>
    <trkpt lat="42.17092" lon="-2.70722">
      <ele>1091.5</ele>
    </trkpt>
    <trkpt lat="42.17062" lon="-2.7072">
      <ele>1094.5</ele>
    </trkpt>
    <trkpt lat="42.17008" lon="-2.7073">
      <ele>1101.1</ele>
    </trkpt>
    <trkpt lat="42.17001" lon="-2.70728">
      <ele>1101.9</ele>
    </trkpt>
    <trkpt lat="42.16993" lon="-2.70714">
      <ele>1103.4</ele>
    </trkpt>
    <trkpt lat="42.16991" lon="-2.70698">
      <ele>1104.8</ele>
    </trkpt>
    <trkpt lat="42.170226" lon="-2.70662">
      <ele>1108.6</ele>
    </trkpt>
    <trkpt lat="42.170482" lon="-2.706436">
      <ele>1110.6</ele>
    </trkpt>
    <trkpt lat="42.170939" lon="-2.706109">
      <ele>1111.8</ele>
    </trkpt>
    <trkpt lat="42.17134" lon="-2.70591">
      <ele>1111.3</ele>
    </trkpt>
    <trkpt lat="42.171479" lon="-2.705862">
      <ele>1110.8</ele>
    </trkpt>
    <trkpt lat="42.17186" lon="-2.70573">
      <ele>1107.9</ele>
    </trkpt>
    <trkpt lat="42.17228" lon="-2.70576">
      <ele>1102.7</ele>
    </trkpt>
    <trkpt lat="42.172518" lon="-2.705767">
      <ele>1099.2</ele>
    </trkpt>
    <trkpt lat="42.172661" lon="-2.70569">
      <ele>1097.1</ele>
    </trkpt>
    <trkpt lat="42.172845" lon="-2.70553">
      <ele>1093.8</ele>
    </trkpt>
    <trkpt lat="42.173054" lon="-2.705499">
      <ele>1090.7</ele>
    </trkpt>
    <trkpt lat="42.173205" lon="-2.705521">
      <ele>1088.4</ele>
    </trkpt>
    <trkpt lat="42.173347" lon="-2.705578">
      <ele>1086.5</ele>
    </trkpt>
    <trkpt lat="42.173655" lon="-2.705609">
      <ele>1082.4</ele>
    </trkpt>
    <trkpt lat="42.173765" lon="-2.705769">
      <ele>1080.4</ele>
    </trkpt>
    <trkpt lat="42.174122" lon="-2.705588">
      <ele>1076.6</ele>
    </trkpt>
    <trkpt lat="42.174152" lon="-2.705658">
      <ele>1076</ele>
    </trkpt>
    <trkpt lat="42.174214" lon="-2.705668">
      <ele>1075.4</ele>
    </trkpt>
    <trkpt lat="42.174408" lon="-2.705625">
      <ele>1073.7</ele>
    </trkpt>
    <trkpt lat="42.174429" lon="-2.705712">
      <ele>1073.1</ele>
    </trkpt>
    <trkpt lat="42.17493" lon="-2.705669">
      <ele>1070</ele>
    </trkpt>
    <trkpt lat="42.175216" lon="-2.705685">
      <ele>1069.1</ele>
    </trkpt>
    <trkpt lat="42.175753" lon="-2.705884">
      <ele>1068.1</ele>
    </trkpt>
    <trkpt lat="42.175872" lon="-2.705991">
      <ele>1067.6</ele>
    </trkpt>
    <trkpt lat="42.176293" lon="-2.706227">
      <ele>1065.8</ele>
    </trkpt>
    <trkpt lat="42.176448" lon="-2.706345">
      <ele>1065.3</ele>
    </trkpt>
    <trkpt lat="42.176821" lon="-2.706138">
      <ele>1064.3</ele>
    </trkpt>
    <trkpt lat="42.177036" lon="-2.706007">
      <ele>1064.3</ele>
    </trkpt>
    <trkpt lat="42.177118" lon="-2.705855">
      <ele>1064.6</ele>
    </trkpt>
    <trkpt lat="42.177217" lon="-2.705755">
      <ele>1064.8</ele>
    </trkpt>
    <trkpt lat="42.177278" lon="-2.705647">
      <ele>1065.2</ele>
    </trkpt>
    <trkpt lat="42.177313" lon="-2.705633">
      <ele>1065.3</ele>
    </trkpt>
    <trkpt lat="42.177256" lon="-2.705571">
      <ele>1065.7</ele>
    </trkpt>
    <trkpt lat="42.177213" lon="-2.705382">
      <ele>1066.2</ele>
    </trkpt>
    <trkpt lat="42.177404" lon="-2.7052">
      <ele>1067.2</ele>
    </trkpt>
    <trkpt lat="42.177467" lon="-2.705171">
      <ele>1067.6</ele>
    </trkpt>
    <trkpt lat="42.177558" lon="-2.705179">
      <ele>1067.9</ele>
    </trkpt>
    <trkpt lat="42.177652" lon="-2.705046">
      <ele>1068.4</ele>
    </trkpt>
    <trkpt lat="42.177641" lon="-2.704999">
      <ele>1068.7</ele>
    </trkpt>
    <trkpt lat="42.17739" lon="-2.703931">
      <ele>1073.7</ele>
    </trkpt>
    <trkpt lat="42.17748" lon="-2.703875">
      <ele>1074.5</ele>
    </trkpt>
    <trkpt lat="42.17759" lon="-2.703726">
      <ele>1075.8</ele>
    </trkpt>
    <trkpt lat="42.177765" lon="-2.703324">
      <ele>1078.5</ele>
    </trkpt>
    <trkpt lat="42.17803" lon="-2.70246">
      <ele>1080</ele>
    </trkpt>
    <trkpt lat="42.178178" lon="-2.701873">
      <ele>1078.1</ele>
    </trkpt>
    <trkpt lat="42.17833" lon="-2.70127">
      <ele>1075.4</ele>
    </trkpt>
    <trkpt lat="42.17838" lon="-2.7008">
      <ele>1073.2</ele>
    </trkpt>
    <trkpt lat="42.17818" lon="-2.7001">
      <ele>1069.2</ele>
    </trkpt>
    <trkpt lat="42.17783" lon="-2.69977">
      <ele>1066</ele>
    </trkpt>
    <trkpt lat="42.17775" lon="-2.69956">
      <ele>1064.6</ele>
    </trkpt>
    <trkpt lat="42.17773" lon="-2.69933">
      <ele>1063.3</ele>
    </trkpt>
    <trkpt lat="42.177791" lon="-2.699129">
      <ele>1062.1</ele>
    </trkpt>
    <trkpt lat="42.17803" lon="-2.69834">
      <ele>1058.1</ele>
    </trkpt>
    <trkpt lat="42.178151" lon="-2.697547">
      <ele>1054.1</ele>
    </trkpt>
    <trkpt lat="42.178177" lon="-2.697341">
      <ele>1052.9</ele>
    </trkpt>
    <trkpt lat="42.178232" lon="-2.696904">
      <ele>1050.2</ele>
    </trkpt>
    <trkpt lat="42.17829" lon="-2.69644">
      <ele>1047.4</ele>
    </trkpt>
    <trkpt lat="42.17807" lon="-2.69543">
      <ele>1041.6</ele>
    </trkpt>
    <trkpt lat="42.17809" lon="-2.69512">
      <ele>1040.2</ele>
    </trkpt>
    <trkpt lat="42.1782" lon="-2.69477">
      <ele>1038.8</ele>
    </trkpt>
    <trkpt lat="42.17822" lon="-2.69451">
      <ele>1037.9</ele>
    </trkpt>
    <trkpt lat="42.17776" lon="-2.69316">
      <ele>1033.7</ele>
    </trkpt>
    <trkpt lat="42.17772" lon="-2.69264">
      <ele>1032.3</ele>
    </trkpt>
    <trkpt lat="42.17799" lon="-2.6907">
      <ele>1026.6</ele>
    </trkpt>
    <trkpt lat="42.17802" lon="-2.68988">
      <ele>1023.2</ele>
    </trkpt>
    <trkpt lat="42.178059" lon="-2.689772">
      <ele>1022.8</ele>
    </trkpt>
    <trkpt lat="42.17818" lon="-2.689694">
      <ele>1022</ele>
    </trkpt>
    <trkpt lat="42.178286" lon="-2.689722">
      <ele>1021.2</ele>
    </trkpt>
    <trkpt lat="42.178442" lon="-2.688832">
      <ele>1016.8</ele>
    </trkpt>
    <trkpt lat="42.178499" lon="-2.6883">
      <ele>1013.9</ele>
    </trkpt>
    <trkpt lat="42.178575" lon="-2.686403">
      <ele>1006.9</ele>
    </trkpt>
    <trkpt lat="42.178518" lon="-2.686146">
      <ele>1006.3</ele>
    </trkpt>
    <trkpt lat="42.178435" lon="-2.686">
      <ele>1005.9</ele>
    </trkpt>
    <trkpt lat="42.177908" lon="-2.685459">
      <ele>1004.6</ele>
    </trkpt>
    <trkpt lat="42.177748" lon="-2.685056">
      <ele>1004.3</ele>
    </trkpt>
    <trkpt lat="42.177539" lon="-2.684163">
      <ele>1005</ele>
    </trkpt>
    <trkpt lat="42.177405" lon="-2.68382">
      <ele>1005.5</ele>
    </trkpt>
    <trkpt lat="42.177265" lon="-2.683597">
      <ele>1005.9</ele>
    </trkpt>
    <trkpt lat="42.17696" lon="-2.683313">
      <ele>1006.6</ele>
    </trkpt>
    <trkpt lat="42.1764" lon="-2.682876">
      <ele>1007.9</ele>
    </trkpt>
    <trkpt lat="42.176114" lon="-2.682558">
      <ele>1008.9</ele>
    </trkpt>
    <trkpt lat="42.175858" lon="-2.682164">
      <ele>1009.9</ele>
    </trkpt>
    <trkpt lat="42.1753" lon="-2.681305">
      <ele>1011.2</ele>
    </trkpt>
    <trkpt lat="42.175032" lon="-2.680807">
      <ele>1011</ele>
    </trkpt>
    <trkpt lat="42.174918" lon="-2.680395">
      <ele>1010.7</ele>
    </trkpt>
    <trkpt lat="42.174804" lon="-2.679588">
      <ele>1009.3</ele>
    </trkpt>
    <trkpt lat="42.174708" lon="-2.678601">
      <ele>1007.8</ele>
    </trkpt>
    <trkpt lat="42.174664" lon="-2.6777">
      <ele>1008.4</ele>
    </trkpt>
    <trkpt lat="42.174587" lon="-2.677554">
      <ele>1008.5</ele>
    </trkpt>
    <trkpt lat="42.174161" lon="-2.677408">
      <ele>1009.1</ele>
    </trkpt>
    <trkpt lat="42.173907" lon="-2.677477">
      <ele>1009.5</ele>
    </trkpt>
    <trkpt lat="42.173798" lon="-2.677485">
      <ele>1009.6</ele>
    </trkpt>
    <trkpt lat="42.17362" lon="-2.677391">
      <ele>1009.8</ele>
    </trkpt>
    <trkpt lat="42.173455" lon="-2.676919">
      <ele>1009.9</ele>
    </trkpt>
    <trkpt lat="42.173455" lon="-2.676267">
      <ele>1009.3</ele>
    </trkpt>
    <trkpt lat="42.17341" lon="-2.675666">
      <ele>1008</ele>
    </trkpt>
    <trkpt lat="42.17329" lon="-2.675177">
      <ele>1005.9</ele>
    </trkpt>
    <trkpt lat="42.17315" lon="-2.674799">
      <ele>1003.8</ele>
    </trkpt>
    <trkpt lat="42.172997" lon="-2.674533">
      <ele>1001.9</ele>
    </trkpt>
    <trkpt lat="42.172825" lon="-2.674353">
      <ele>1000</ele>
    </trkpt>
    <trkpt lat="42.172603" lon="-2.67419">
      <ele>997.9</ele>
    </trkpt>
    <trkpt lat="42.172426" lon="-2.674121">
      <ele>996.5</ele>
    </trkpt>
    <trkpt lat="42.171725" lon="-2.673846">
      <ele>991.2</ele>
    </trkpt>
    <trkpt lat="42.171475" lon="-2.673726">
      <ele>989.7</ele>
    </trkpt>
    <trkpt lat="42.171031" lon="-2.673512">
      <ele>987.9</ele>
    </trkpt>
    <trkpt lat="42.170478" lon="-2.6731">
      <ele>985.9</ele>
    </trkpt>
    <trkpt lat="42.170115" lon="-2.672773">
      <ele>984.9</ele>
    </trkpt>
    <trkpt lat="42.169454" lon="-2.672276">
      <ele>983.8</ele>
    </trkpt>
    <trkpt lat="42.168506" lon="-2.671203">
      <ele>980.7</ele>
    </trkpt>
    <trkpt lat="42.167208" lon="-2.669872">
      <ele>978</ele>
    </trkpt>
    <trkpt lat="42.166947" lon="-2.669709">
      <ele>978.4</ele>
    </trkpt>
    <trkpt lat="42.166616" lon="-2.669606">
      <ele>978.7</ele>
    </trkpt>
    <trkpt lat="42.16633" lon="-2.669417">
      <ele>978.8</ele>
    </trkpt>
    <trkpt lat="42.166216" lon="-2.669297">
      <ele>978.7</ele>
    </trkpt>
    <trkpt lat="42.166069" lon="-2.668911">
      <ele>978.5</ele>
    </trkpt>
    <trkpt lat="42.16605" lon="-2.668559">
      <ele>978.3</ele>
    </trkpt>
    <trkpt lat="42.166108" lon="-2.668198">
      <ele>978.1</ele>
    </trkpt>
    <trkpt lat="42.166426" lon="-2.667392">
      <ele>977.2</ele>
    </trkpt>
    <trkpt lat="42.166445" lon="-2.667074">
      <ele>976.6</ele>
    </trkpt>
    <trkpt lat="42.166349" lon="-2.666662">
      <ele>975.5</ele>
    </trkpt>
    <trkpt lat="42.166197" lon="-2.666216">
      <ele>974.1</ele>
    </trkpt>
    <trkpt lat="42.165923" lon="-2.665632">
      <ele>972.2</ele>
    </trkpt>
    <trkpt lat="42.165859" lon="-2.665357">
      <ele>971.4</ele>
    </trkpt>
    <trkpt lat="42.165847" lon="-2.665151">
      <ele>970.9</ele>
    </trkpt>
    <trkpt lat="42.166006" lon="-2.66437">
      <ele>968.8</ele>
    </trkpt>
    <trkpt lat="42.165987" lon="-2.66383">
      <ele>966.6</ele>
    </trkpt>
    <trkpt lat="42.165789" lon="-2.661796">
      <ele>955.9</ele>
    </trkpt>
    <trkpt lat="42.165796" lon="-2.661212">
      <ele>953.5</ele>
    </trkpt>
    <trkpt lat="42.165859" lon="-2.660379">
      <ele>950.8</ele>
    </trkpt>
    <trkpt lat="42.165681" lon="-2.65904">
      <ele>946.4</ele>
    </trkpt>
    <trkpt lat="42.1657" lon="-2.658603">
      <ele>944.4</ele>
    </trkpt>
    <trkpt lat="42.165802" lon="-2.658182">
      <ele>941.9</ele>
    </trkpt>
    <trkpt lat="42.166006" lon="-2.657573">
      <ele>938</ele>
    </trkpt>
    <trkpt lat="42.166063" lon="-2.657281">
      <ele>936.3</ele>
    </trkpt>
    <trkpt lat="42.166088" lon="-2.656929">
      <ele>934.4</ele>
    </trkpt>
    <trkpt lat="42.166057" lon="-2.656474">
      <ele>932.3</ele>
    </trkpt>
    <trkpt lat="42.165987" lon="-2.655968">
      <ele>930.2</ele>
    </trkpt>
    <trkpt lat="42.165866" lon="-2.655504">
      <ele>928.5</ele>
    </trkpt>
    <trkpt lat="42.165516" lon="-2.654457">
      <ele>924.5</ele>
    </trkpt>
    <trkpt lat="42.165493" lon="-2.65426">
      <ele>923.5</ele>
    </trkpt>
    <trkpt lat="42.165509" lon="-2.654028">
      <ele>922.5</ele>
    </trkpt>
    <trkpt lat="42.165613" lon="-2.653501">
      <ele>919.5</ele>
    </trkpt>
    <trkpt lat="42.16572" lon="-2.653101">
      <ele>916.4</ele>
    </trkpt>
    <trkpt lat="42.165882" lon="-2.65288">
      <ele>913.8</ele>
    </trkpt>
    <trkpt lat="42.16616" lon="-2.65267">
      <ele>910</ele>
    </trkpt>
    <trkpt lat="42.166632" lon="-2.651578">
      <ele>900.4</ele>
    </trkpt>
    <trkpt lat="42.166668" lon="-2.651472">
      <ele>899.8</ele>
    </trkpt>
    <trkpt lat="42.166672" lon="-2.651358">
      <ele>899.2</ele>
    </trkpt>
    <trkpt lat="42.166621" lon="-2.651223">
      <ele>898.5</ele>
    </trkpt>
    <trkpt lat="42.166577" lon="-2.651186">
      <ele>898.2</ele>
    </trkpt>
    <trkpt lat="42.166223" lon="-2.651236">
      <ele>896.6</ele>
    </trkpt>
    <trkpt lat="42.166147" lon="-2.65122">
      <ele>896.4</ele>
    </trkpt>
    <trkpt lat="42.166101" lon="-2.651153">
      <ele>896.2</ele>
    </trkpt>
    <trkpt lat="42.166022" lon="-2.650786">
      <ele>895.6</ele>
    </trkpt>
    <trkpt lat="42.166027" lon="-2.650697">
      <ele>895.5</ele>
    </trkpt>
    <trkpt lat="42.166064" lon="-2.650609">
      <ele>895.4</ele>
    </trkpt>
    <trkpt lat="42.166438" lon="-2.65024">
      <ele>896</ele>
    </trkpt>
    <trkpt lat="42.166454" lon="-2.650066">
      <ele>896.5</ele>
    </trkpt>
    <trkpt lat="42.166348" lon="-2.650223">
      <ele>897</ele>
    </trkpt>
    <trkpt lat="42.166084" lon="-2.650416">
      <ele>898.3</ele>
    </trkpt>
    <trkpt lat="42.165794" lon="-2.650546">
      <ele>899.7</ele>
    </trkpt>
    <trkpt lat="42.16544" lon="-2.65054">
      <ele>901.3</ele>
    </trkpt>
    <trkpt lat="42.164833" lon="-2.650378">
      <ele>904.6</ele>
    </trkpt>
    <trkpt lat="42.164323" lon="-2.650061">
      <ele>908.9</ele>
    </trkpt>
    <trkpt lat="42.16405" lon="-2.649943">
      <ele>911.4</ele>
    </trkpt>
    <trkpt lat="42.163734" lon="-2.649907">
      <ele>914</ele>
    </trkpt>
    <trkpt lat="42.162851" lon="-2.649956">
      <ele>919.8</ele>
    </trkpt>
    <trkpt lat="42.162402" lon="-2.650027">
      <ele>921.6</ele>
    </trkpt>
    <trkpt lat="42.162183" lon="-2.650097">
      <ele>922.2</ele>
    </trkpt>
    <trkpt lat="42.16169" lon="-2.650369">
      <ele>922.8</ele>
    </trkpt>
    <trkpt lat="42.161093" lon="-2.650842">
      <ele>922.1</ele>
    </trkpt>
    <trkpt lat="42.160915" lon="-2.650934">
      <ele>922</ele>
    </trkpt>
    <trkpt lat="42.160622" lon="-2.65099">
      <ele>921.9</ele>
    </trkpt>
    <trkpt lat="42.160246" lon="-2.65093">
      <ele>922.3</ele>
    </trkpt>
    <trkpt lat="42.159667" lon="-2.650744">
      <ele>924.5</ele>
    </trkpt>
    <trkpt lat="42.15865" lon="-2.650119">
      <ele>932.8</ele>
    </trkpt>
    <trkpt lat="42.157893" lon="-2.649831">
      <ele>937.5</ele>
    </trkpt>
    <trkpt lat="42.157622" lon="-2.649802">
      <ele>938.3</ele>
    </trkpt>
    <trkpt lat="42.157214" lon="-2.649918">
      <ele>938.7</ele>
    </trkpt>
    <trkpt lat="42.155662" lon="-2.651187">
      <ele>927.3</ele>
    </trkpt>
    <trkpt lat="42.15539" lon="-2.651354">
      <ele>924.9</ele>
    </trkpt>
    <trkpt lat="42.155264" lon="-2.651394">
      <ele>923.9</ele>
    </trkpt>
    <trkpt lat="42.154904" lon="-2.651437">
      <ele>922</ele>
    </trkpt>
    <trkpt lat="42.154508" lon="-2.651418">
      <ele>921.7</ele>
    </trkpt>
    <trkpt lat="42.154408" lon="-2.651376">
      <ele>922</ele>
    </trkpt>
    <trkpt lat="42.154223" lon="-2.651225">
      <ele>922.7</ele>
    </trkpt>
    <trkpt lat="42.153929" lon="-2.65086">
      <ele>925</ele>
    </trkpt>
    <trkpt lat="42.153785" lon="-2.650718">
      <ele>926</ele>
    </trkpt>
    <trkpt lat="42.15316" lon="-2.650259">
      <ele>930.6</ele>
    </trkpt>
    <trkpt lat="42.153068" lon="-2.650207">
      <ele>931.3</ele>
    </trkpt>
    <trkpt lat="42.152867" lon="-2.650188">
      <ele>932.5</ele>
    </trkpt>
    <trkpt lat="42.152728" lon="-2.650224">
      <ele>933.4</ele>
    </trkpt>
    <trkpt lat="42.152614" lon="-2.650297">
      <ele>934.2</ele>
    </trkpt>
    <trkpt lat="42.151624" lon="-2.651147">
      <ele>942.7</ele>
    </trkpt>
    <trkpt lat="42.151346" lon="-2.6513">
      <ele>945.2</ele>
    </trkpt>
    <trkpt lat="42.151103" lon="-2.6513">
      <ele>947.7</ele>
    </trkpt>
    <trkpt lat="42.150597" lon="-2.651123">
      <ele>954.7</ele>
    </trkpt>
    <trkpt lat="42.150144" lon="-2.650964">
      <ele>962</ele>
    </trkpt>
    <trkpt lat="42.149783" lon="-2.650934">
      <ele>966.9</ele>
    </trkpt>
    <trkpt lat="42.149603" lon="-2.650971">
      <ele>969</ele>
    </trkpt>
    <trkpt lat="42.149379" lon="-2.651061">
      <ele>971</ele>
    </trkpt>
    <trkpt lat="42.149203" lon="-2.651172">
      <ele>972.2</ele>
    </trkpt>
    <trkpt lat="42.148916" lon="-2.651477">
      <ele>973.3</ele>
    </trkpt>
    <trkpt lat="42.148798" lon="-2.651668">
      <ele>973.1</ele>
    </trkpt>
    <trkpt lat="42.148702" lon="-2.651883">
      <ele>972.7</ele>
    </trkpt>
    <trkpt lat="42.14846" lon="-2.652595">
      <ele>968.3</ele>
    </trkpt>
    <trkpt lat="42.148329" lon="-2.652826">
      <ele>965.7</ele>
    </trkpt>
    <trkpt lat="42.148188" lon="-2.652969">
      <ele>963.1</ele>
    </trkpt>
    <trkpt lat="42.147614" lon="-2.653464">
      <ele>952.2</ele>
    </trkpt>
    <trkpt lat="42.147435" lon="-2.653583">
      <ele>949.3</ele>
    </trkpt>
    <trkpt lat="42.147307" lon="-2.653645">
      <ele>947.5</ele>
    </trkpt>
    <trkpt lat="42.146906" lon="-2.653755">
      <ele>943.2</ele>
    </trkpt>
    <trkpt lat="42.146425" lon="-2.653819">
      <ele>939.9</ele>
    </trkpt>
    <trkpt lat="42.146116" lon="-2.653812">
      <ele>938.6</ele>
    </trkpt>
    <trkpt lat="42.145512" lon="-2.653779">
      <ele>936.8</ele>
    </trkpt>
    <trkpt lat="42.144953" lon="-2.653756">
      <ele>936</ele>
    </trkpt>
    <trkpt lat="42.144767" lon="-2.653783">
      <ele>936</ele>
    </trkpt>
    <trkpt lat="42.144622" lon="-2.653825">
      <ele>936</ele>
    </trkpt>
    <trkpt lat="42.144392" lon="-2.653956">
      <ele>936.2</ele>
    </trkpt>
    <trkpt lat="42.144258" lon="-2.654091">
      <ele>936.4</ele>
    </trkpt>
    <trkpt lat="42.144119" lon="-2.654264">
      <ele>936.7</ele>
    </trkpt>
    <trkpt lat="42.143607" lon="-2.655122">
      <ele>938.5</ele>
    </trkpt>
    <trkpt lat="42.143309" lon="-2.655507">
      <ele>939.2</ele>
    </trkpt>
    <trkpt lat="42.14301" lon="-2.655747">
      <ele>940.1</ele>
    </trkpt>
    <trkpt lat="42.142817" lon="-2.655841">
      <ele>940.7</ele>
    </trkpt>
    <trkpt lat="42.142613" lon="-2.655893">
      <ele>941.4</ele>
    </trkpt>
    <trkpt lat="42.142334" lon="-2.655911">
      <ele>942.4</ele>
    </trkpt>
    <trkpt lat="42.141803" lon="-2.655843">
      <ele>944.4</ele>
    </trkpt>
    <trkpt lat="42.141236" lon="-2.655706">
      <ele>946.2</ele>
    </trkpt>
    <trkpt lat="42.140259" lon="-2.655145">
      <ele>947.5</ele>
    </trkpt>
    <trkpt lat="42.139999" lon="-2.655037">
      <ele>947.6</ele>
    </trkpt>
    <trkpt lat="42.139663" lon="-2.654984">
      <ele>947.8</ele>
    </trkpt>
    <trkpt lat="42.139498" lon="-2.654997">
      <ele>948</ele>
    </trkpt>
    <trkpt lat="42.139322" lon="-2.655056">
      <ele>948.2</ele>
    </trkpt>
    <trkpt lat="42.139111" lon="-2.655184">
      <ele>948.6</ele>
    </trkpt>
    <trkpt lat="42.138812" lon="-2.655463">
      <ele>949.3</ele>
    </trkpt>
    <trkpt lat="42.138459" lon="-2.65582">
      <ele>950.2</ele>
    </trkpt>
    <trkpt lat="42.138367" lon="-2.655965">
      <ele>950.5</ele>
    </trkpt>
    <trkpt lat="42.138256" lon="-2.656299">
      <ele>951.3</ele>
    </trkpt>
    <trkpt lat="42.138186" lon="-2.657279">
      <ele>954.5</ele>
    </trkpt>
    <trkpt lat="42.13807" lon="-2.657632">
      <ele>956.1</ele>
    </trkpt>
    <trkpt lat="42.137986" lon="-2.657769">
      <ele>956.7</ele>
    </trkpt>
    <trkpt lat="42.137761" lon="-2.657996">
      <ele>958.5</ele>
    </trkpt>
    <trkpt lat="42.13762" lon="-2.658069">
      <ele>959.4</ele>
    </trkpt>
    <trkpt lat="42.137178" lon="-2.658162">
      <ele>962.2</ele>
    </trkpt>
    <trkpt lat="42.136654" lon="-2.658067">
      <ele>965.6</ele>
    </trkpt>
    <trkpt lat="42.136426" lon="-2.657975">
      <ele>967.5</ele>
    </trkpt>
    <trkpt lat="42.136202" lon="-2.657827">
      <ele>969.5</ele>
    </trkpt>
    <trkpt lat="42.135435" lon="-2.657136">
      <ele>975.8</ele>
    </trkpt>
    <trkpt lat="42.135008" lon="-2.656889">
      <ele>978.2</ele>
    </trkpt>
    <trkpt lat="42.134763" lon="-2.656665">
      <ele>979.6</ele>
    </trkpt>
    <trkpt lat="42.133559" lon="-2.655116">
      <ele>982.1</ele>
    </trkpt>
    <trkpt lat="42.133249" lon="-2.654574">
      <ele>981.2</ele>
    </trkpt>
    <trkpt lat="42.133054" lon="-2.654291">
      <ele>980.8</ele>
    </trkpt>
    <trkpt lat="42.132826" lon="-2.65408">
      <ele>980.6</ele>
    </trkpt>
    <trkpt lat="42.132711" lon="-2.654027">
      <ele>980.5</ele>
    </trkpt>
    <trkpt lat="42.13244" lon="-2.653975">
      <ele>980.4</ele>
    </trkpt>
    <trkpt lat="42.132261" lon="-2.653995">
      <ele>980.4</ele>
    </trkpt>
    <trkpt lat="42.132092" lon="-2.654041">
      <ele>980.4</ele>
    </trkpt>
    <trkpt lat="42.131329" lon="-2.654412">
      <ele>981.1</ele>
    </trkpt>
    <trkpt lat="42.131037" lon="-2.654461">
      <ele>981.6</ele>
    </trkpt>
    <trkpt lat="42.130864" lon="-2.654458">
      <ele>982</ele>
    </trkpt>
    <trkpt lat="42.13066" lon="-2.654424">
      <ele>982.4</ele>
    </trkpt>
    <trkpt lat="42.130433" lon="-2.654341">
      <ele>983</ele>
    </trkpt>
    <trkpt lat="42.129733" lon="-2.653879">
      <ele>984.2</ele>
    </trkpt>
    <trkpt lat="42.129173" lon="-2.653624">
      <ele>984</ele>
    </trkpt>
    <trkpt lat="42.128976" lon="-2.653573">
      <ele>983.8</ele>
    </trkpt>
    <trkpt lat="42.128604" lon="-2.65359">
      <ele>983.6</ele>
    </trkpt>
    <trkpt lat="42.127936" lon="-2.653765">
      <ele>983.6</ele>
    </trkpt>
    <trkpt lat="42.127711" lon="-2.653798">
      <ele>983.7</ele>
    </trkpt>
    <trkpt lat="42.127249" lon="-2.653817">
      <ele>984.1</ele>
    </trkpt>
    <trkpt lat="42.12689" lon="-2.653788">
      <ele>984.7</ele>
    </trkpt>
    <trkpt lat="42.126697" lon="-2.65382">
      <ele>985.1</ele>
    </trkpt>
    <trkpt lat="42.126409" lon="-2.653751">
      <ele>985.5</ele>
    </trkpt>
    <trkpt lat="42.125903" lon="-2.653542">
      <ele>986.4</ele>
    </trkpt>
    <trkpt lat="42.125822" lon="-2.653535">
      <ele>986.6</ele>
    </trkpt>
    <trkpt lat="42.12556" lon="-2.653572">
      <ele>987.6</ele>
    </trkpt>
    <trkpt lat="42.12536" lon="-2.653524">
      <ele>988.1</ele>
    </trkpt>
    <trkpt lat="42.12513" lon="-2.653389">
      <ele>989</ele>
    </trkpt>
    <trkpt lat="42.124801" lon="-2.653144">
      <ele>990.4</ele>
    </trkpt>
    <trkpt lat="42.124676" lon="-2.653141">
      <ele>990.9</ele>
    </trkpt>
    <trkpt lat="42.124543" lon="-2.653205">
      <ele>991.5</ele>
    </trkpt>
    <trkpt lat="42.124434" lon="-2.653322">
      <ele>992</ele>
    </trkpt>
    <trkpt lat="42.124361" lon="-2.653493">
      <ele>992.7</ele>
    </trkpt>
    <trkpt lat="42.124345" lon="-2.653638">
      <ele>993.2</ele>
    </trkpt>
    <trkpt lat="42.124375" lon="-2.654165">
      <ele>994.8</ele>
    </trkpt>
    <trkpt lat="42.124348" lon="-2.654501">
      <ele>996.2</ele>
    </trkpt>
    <trkpt lat="42.124123" lon="-2.65521">
      <ele>999.5</ele>
    </trkpt>
    <trkpt lat="42.12399" lon="-2.65553">
      <ele>1000.8</ele>
    </trkpt>
    <trkpt lat="42.123863" lon="-2.655693">
      <ele>1001.4</ele>
    </trkpt>
    <trkpt lat="42.123632" lon="-2.655906">
      <ele>1002.4</ele>
    </trkpt>
    <trkpt lat="42.123415" lon="-2.655979">
      <ele>1003.1</ele>
    </trkpt>
    <trkpt lat="42.123008" lon="-2.655989">
      <ele>1004.4</ele>
    </trkpt>
    <trkpt lat="42.122787" lon="-2.655962">
      <ele>1005</ele>
    </trkpt>
    <trkpt lat="42.122476" lon="-2.655873">
      <ele>1006</ele>
    </trkpt>
    <trkpt lat="42.12218" lon="-2.655725">
      <ele>1007</ele>
    </trkpt>
    <trkpt lat="42.122031" lon="-2.655725">
      <ele>1007.5</ele>
    </trkpt>
    <trkpt lat="42.121864" lon="-2.655821">
      <ele>1008</ele>
    </trkpt>
    <trkpt lat="42.121747" lon="-2.655965">
      <ele>1008.5</ele>
    </trkpt>
    <trkpt lat="42.121671" lon="-2.65612">
      <ele>1008.9</ele>
    </trkpt>
    <trkpt lat="42.121643" lon="-2.656274">
      <ele>1009.3</ele>
    </trkpt>
    <trkpt lat="42.121604" lon="-2.65712">
      <ele>1011.9</ele>
    </trkpt>
    <trkpt lat="42.121365" lon="-2.658247">
      <ele>1015.6</ele>
    </trkpt>
    <trkpt lat="42.121259" lon="-2.658573">
      <ele>1016.6</ele>
    </trkpt>
    <trkpt lat="42.120988" lon="-2.658929">
      <ele>1018</ele>
    </trkpt>
    <trkpt lat="42.120768" lon="-2.659093">
      <ele>1019</ele>
    </trkpt>
    <trkpt lat="42.12036" lon="-2.659396">
      <ele>1020.4</ele>
    </trkpt>
    <trkpt lat="42.120081" lon="-2.659712">
      <ele>1021.7</ele>
    </trkpt>
    <trkpt lat="42.119965" lon="-2.660118">
      <ele>1022.9</ele>
    </trkpt>
    <trkpt lat="42.119982" lon="-2.660547">
      <ele>1024.3</ele>
    </trkpt>
    <trkpt lat="42.119832" lon="-2.66092">
      <ele>1025.9</ele>
    </trkpt>
    <trkpt lat="42.11944" lon="-2.661742">
      <ele>1034.3</ele>
    </trkpt>
    <trkpt lat="42.118964" lon="-2.662242">
      <ele>1042.8</ele>
    </trkpt>
    <trkpt lat="42.118779" lon="-2.662244">
      <ele>1045.4</ele>
    </trkpt>
    <trkpt lat="42.118433" lon="-2.662123">
      <ele>1050.8</ele>
    </trkpt>
    <trkpt lat="42.118234" lon="-2.662122">
      <ele>1053.8</ele>
    </trkpt>
    <trkpt lat="42.117201" lon="-2.662515">
      <ele>1066.8</ele>
    </trkpt>
    <trkpt lat="42.116401" lon="-2.663351">
      <ele>1070</ele>
    </trkpt>
    <trkpt lat="42.114915" lon="-2.666014">
      <ele>1065.3</ele>
    </trkpt>
    <trkpt lat="42.113315" lon="-2.667687">
      <ele>1063.7</ele>
    </trkpt>
    <trkpt lat="42.113003" lon="-2.668397">
      <ele>1061.4</ele>
    </trkpt>
    <trkpt lat="42.112813" lon="-2.669001">
      <ele>1059.4</ele>
    </trkpt>
    <trkpt lat="42.112739" lon="-2.669253">
      <ele>1058.4</ele>
    </trkpt>
    <trkpt lat="42.112726" lon="-2.6693">
      <ele>1058.2</ele>
    </trkpt>
    <trkpt lat="42.111972" lon="-2.672137">
      <ele>1051.5</ele>
    </trkpt>
    <trkpt lat="42.111929" lon="-2.672293">
      <ele>1051.2</ele>
    </trkpt>
    <trkpt lat="42.111782" lon="-2.672696">
      <ele>1050</ele>
    </trkpt>
    <trkpt lat="42.111455" lon="-2.673139">
      <ele>1048.6</ele>
    </trkpt>
    <trkpt lat="42.111411" lon="-2.673203">
      <ele>1048.4</ele>
    </trkpt>
    <trkpt lat="42.111145" lon="-2.673525">
      <ele>1047.4</ele>
    </trkpt>
    <trkpt lat="42.110676" lon="-2.673938">
      <ele>1046.6</ele>
    </trkpt>
    <trkpt lat="42.110586" lon="-2.674011">
      <ele>1046.7</ele>
    </trkpt>
    <trkpt lat="42.110408" lon="-2.674095">
      <ele>1046.7</ele>
    </trkpt>
    <trkpt lat="42.110065" lon="-2.674141">
      <ele>1047.1</ele>
    </trkpt>
    <trkpt lat="42.109773" lon="-2.674187">
      <ele>1048.1</ele>
    </trkpt>
    <trkpt lat="42.109639" lon="-2.674252">
      <ele>1048.7</ele>
    </trkpt>
    <trkpt lat="42.108932" lon="-2.674833">
      <ele>1055.2</ele>
    </trkpt>
    <trkpt lat="42.108573" lon="-2.675198">
      <ele>1059.1</ele>
    </trkpt>
    <trkpt lat="42.108314" lon="-2.675673">
      <ele>1062.7</ele>
    </trkpt>
    <trkpt lat="42.108022" lon="-2.676376">
      <ele>1067</ele>
    </trkpt>
    <trkpt lat="42.107697" lon="-2.677046">
      <ele>1070.2</ele>
    </trkpt>
    <trkpt lat="42.106555" lon="-2.679241">
      <ele>1079.1</ele>
    </trkpt>
    <trkpt lat="42.105609" lon="-2.680364">
      <ele>1085.5</ele>
    </trkpt>
    <trkpt lat="42.105072" lon="-2.681261">
      <ele>1086.7</ele>
    </trkpt>
    <trkpt lat="42.104994" lon="-2.68153">
      <ele>1086.6</ele>
    </trkpt>
    <trkpt lat="42.10488" lon="-2.683204">
      <ele>1084.4</ele>
    </trkpt>
    <trkpt lat="42.104838" lon="-2.683515">
      <ele>1083.9</ele>
    </trkpt>
    <trkpt lat="42.104595" lon="-2.684715">
      <ele>1082.3</ele>
    </trkpt>
    <trkpt lat="42.104502" lon="-2.685029">
      <ele>1082.4</ele>
    </trkpt>
    <trkpt lat="42.104286" lon="-2.685567">
      <ele>1083.3</ele>
    </trkpt>
    <trkpt lat="42.104075" lon="-2.68593">
      <ele>1084.4</ele>
    </trkpt>
    <trkpt lat="42.10408" lon="-2.686063">
      <ele>1084.8</ele>
    </trkpt>
    <trkpt lat="42.104138" lon="-2.686245">
      <ele>1085.5</ele>
    </trkpt>
    <trkpt lat="42.10416" lon="-2.686444">
      <ele>1086.1</ele>
    </trkpt>
    <trkpt lat="42.103834" lon="-2.687442">
      <ele>1089.9</ele>
    </trkpt>
    <trkpt lat="42.103753" lon="-2.688199">
      <ele>1092.9</ele>
    </trkpt>
    <trkpt lat="42.103831" lon="-2.689449">
      <ele>1097.7</ele>
    </trkpt>
    <trkpt lat="42.103867" lon="-2.69002">
      <ele>1099.2</ele>
    </trkpt>
    <trkpt lat="42.103867" lon="-2.691018">
      <ele>1101.1</ele>
    </trkpt>
    <trkpt lat="42.103647" lon="-2.693025">
      <ele>1104.2</ele>
    </trkpt>
    <trkpt lat="42.103598" lon="-2.694133">
      <ele>1106.2</ele>
    </trkpt>
    <trkpt lat="42.103078" lon="-2.696041">
      <ele>1109.9</ele>
    </trkpt>
    <trkpt lat="42.102996" lon="-2.697039">
      <ele>1111.7</ele>
    </trkpt>
    <trkpt lat="42.102956" lon="-2.698542">
      <ele>1114.8</ele>
    </trkpt>
    <trkpt lat="42.102907" lon="-2.69932">
      <ele>1116.8</ele>
    </trkpt>
    <trkpt lat="42.102329" lon="-2.701492">
      <ele>1119.7</ele>
    </trkpt>
    <trkpt lat="42.101922" lon="-2.702446">
      <ele>1118.4</ele>
    </trkpt>
    <trkpt lat="42.101865" lon="-2.703806">
      <ele>1117</ele>
    </trkpt>
    <trkpt lat="42.101765" lon="-2.704538">
      <ele>1117.3</ele>
    </trkpt>
    <trkpt lat="42.10181" lon="-2.705737">
      <ele>1119.2</ele>
    </trkpt>
    <trkpt lat="42.101824" lon="-2.706132">
      <ele>1120.3</ele>
    </trkpt>
    <trkpt lat="42.101966" lon="-2.706869">
      <ele>1122.5</ele>
    </trkpt>
    <trkpt lat="42.102012" lon="-2.708007">
      <ele>1126.1</ele>
    </trkpt>
    <trkpt lat="42.101966" lon="-2.708277">
      <ele>1127</ele>
    </trkpt>
    <trkpt lat="42.101838" lon="-2.708741">
      <ele>1128.6</ele>
    </trkpt>
    <trkpt lat="42.10156" lon="-2.709213">
      <ele>1130.8</ele>
    </trkpt>
    <trkpt lat="42.101508" lon="-2.709699">
      <ele>1132.9</ele>
    </trkpt>
    <trkpt lat="42.101437" lon="-2.709886">
      <ele>1133.8</ele>
    </trkpt>
    <trkpt lat="42.100832" lon="-2.711119">
      <ele>1140.1</ele>
    </trkpt>
    <trkpt lat="42.100587" lon="-2.711667">
      <ele>1142.5</ele>
    </trkpt>
    <trkpt lat="42.100415" lon="-2.711988">
      <ele>1143.8</ele>
    </trkpt>
    <trkpt lat="42.100001" lon="-2.712593">
      <ele>1145.8</ele>
    </trkpt>
    <trkpt lat="42.099641" lon="-2.713429">
      <ele>1146.9</ele>
    </trkpt>
    <trkpt lat="42.099543" lon="-2.713725">
      <ele>1147</ele>
    </trkpt>
    <trkpt lat="42.099483" lon="-2.713996">
      <ele>1146.9</ele>
    </trkpt>
    <trkpt lat="42.099347" lon="-2.716279">
      <ele>1145.3</ele>
    </trkpt>
    <trkpt lat="42.09918" lon="-2.71814">
      <ele>1147.5</ele>
    </trkpt>
    <trkpt lat="42.099115" lon="-2.718565">
      <ele>1148.9</ele>
    </trkpt>
    <trkpt lat="42.099035" lon="-2.718762">
      <ele>1149.6</ele>
    </trkpt>
    <trkpt lat="42.098917" lon="-2.718953">
      <ele>1150.5</ele>
    </trkpt>
    <trkpt lat="42.098176" lon="-2.720026">
      <ele>1155.2</ele>
    </trkpt>
    <trkpt lat="42.096849" lon="-2.721658">
      <ele>1160.2</ele>
    </trkpt>
    <trkpt lat="42.096431" lon="-2.722771">
      <ele>1162.9</ele>
    </trkpt>
    <trkpt lat="42.096235" lon="-2.723292">
      <ele>1164.4</ele>
    </trkpt>
    <trkpt lat="42.095843" lon="-2.723861">
      <ele>1166.5</ele>
    </trkpt>
    <trkpt lat="42.095748" lon="-2.724093">
      <ele>1167.3</ele>
    </trkpt>
    <trkpt lat="42.095496" lon="-2.724878">
      <ele>1169.9</ele>
    </trkpt>
    <trkpt lat="42.095471" lon="-2.725074">
      <ele>1170.5</ele>
    </trkpt>
    <trkpt lat="42.095513" lon="-2.725466">
      <ele>1171.4</ele>
    </trkpt>
    <trkpt lat="42.095516" lon="-2.725817">
      <ele>1172</ele>
    </trkpt>
    <trkpt lat="42.09541" lon="-2.726296">
      <ele>1172.3</ele>
    </trkpt>
    <trkpt lat="42.095396" lon="-2.726628">
      <ele>1172.4</ele>
    </trkpt>
    <trkpt lat="42.095641" lon="-2.728408">
      <ele>1168.8</ele>
    </trkpt>
    <trkpt lat="42.095678" lon="-2.729014">
      <ele>1167.1</ele>
    </trkpt>
    <trkpt lat="42.095558" lon="-2.729484">
      <ele>1165.9</ele>
    </trkpt>
    <trkpt lat="42.095416" lon="-2.729827">
      <ele>1165.2</ele>
    </trkpt>
    <trkpt lat="42.095241" lon="-2.730127">
      <ele>1164.7</ele>
    </trkpt>
    <trkpt lat="42.093706" lon="-2.732242">
      <ele>1169.6</ele>
    </trkpt>
    <trkpt lat="42.093216" lon="-2.732622">
      <ele>1170.9</ele>
    </trkpt>
    <trkpt lat="42.09312" lon="-2.73286">
      <ele>1171.2</ele>
    </trkpt>
    <trkpt lat="42.093006" lon="-2.733378">
      <ele>1171.3</ele>
    </trkpt>
    <trkpt lat="42.092978" lon="-2.733698">
      <ele>1171.2</ele>
    </trkpt>
    <trkpt lat="42.093051" lon="-2.733959">
      <ele>1170.9</ele>
    </trkpt>
    <trkpt lat="42.093089" lon="-2.734127">
      <ele>1170.7</ele>
    </trkpt>
    <trkpt lat="42.093147" lon="-2.73438">
      <ele>1170.3</ele>
    </trkpt>
    <trkpt lat="42.093157" lon="-2.734531">
      <ele>1170</ele>
    </trkpt>
    <trkpt lat="42.093168" lon="-2.735366">
      <ele>1168</ele>
    </trkpt>
    <trkpt lat="42.093223" lon="-2.735771">
      <ele>1166.9</ele>
    </trkpt>
    <trkpt lat="42.093329" lon="-2.736134">
      <ele>1166.1</ele>
    </trkpt>
    <trkpt lat="42.093628" lon="-2.736899">
      <ele>1165.4</ele>
    </trkpt>
    <trkpt lat="42.093648" lon="-2.737102">
      <ele>1165.5</ele>
    </trkpt>
    <trkpt lat="42.093615" lon="-2.737224">
      <ele>1165.6</ele>
    </trkpt>
    <trkpt lat="42.093443" lon="-2.737581">
      <ele>1165.9</ele>
    </trkpt>
    <trkpt lat="42.093082" lon="-2.73971">
      <ele>1171.2</ele>
    </trkpt>
    <trkpt lat="42.092845" lon="-2.740699">
      <ele>1174.3</ele>
    </trkpt>
    <trkpt lat="42.092753" lon="-2.741281">
      <ele>1175.8</ele>
    </trkpt>
    <trkpt lat="42.092691" lon="-2.741426">
      <ele>1176.2</ele>
    </trkpt>
    <trkpt lat="42.09255" lon="-2.741565">
      <ele>1176.7</ele>
    </trkpt>
    <trkpt lat="42.092211" lon="-2.741603">
      <ele>1177.7</ele>
    </trkpt>
    <trkpt lat="42.092084" lon="-2.741646">
      <ele>1178.2</ele>
    </trkpt>
    <trkpt lat="42.091989" lon="-2.741722">
      <ele>1178.5</ele>
    </trkpt>
    <trkpt lat="42.091861" lon="-2.741899">
      <ele>1179.1</ele>
    </trkpt>
    <trkpt lat="42.091524" lon="-2.742551">
      <ele>1181.2</ele>
    </trkpt>
    <trkpt lat="42.091081" lon="-2.743786">
      <ele>1184.6</ele>
    </trkpt>
    <trkpt lat="42.090988" lon="-2.744127">
      <ele>1185.5</ele>
    </trkpt>
    <trkpt lat="42.09078" lon="-2.744589">
      <ele>1187</ele>
    </trkpt>
    <trkpt lat="42.090705" lon="-2.744839">
      <ele>1187.8</ele>
    </trkpt>
    <trkpt lat="42.090581" lon="-2.74551">
      <ele>1189.8</ele>
    </trkpt>
    <trkpt lat="42.090376" lon="-2.745873">
      <ele>1191.2</ele>
    </trkpt>
    <trkpt lat="42.09003" lon="-2.746364">
      <ele>1193</ele>
    </trkpt>
    <trkpt lat="42.089895" lon="-2.746616">
      <ele>1193.8</ele>
    </trkpt>
    <trkpt lat="42.089823" lon="-2.746824">
      <ele>1194.4</ele>
    </trkpt>
    <trkpt lat="42.089821" lon="-2.746967">
      <ele>1194.7</ele>
    </trkpt>
    <trkpt lat="42.089957" lon="-2.747721">
      <ele>1196.3</ele>
    </trkpt>
    <trkpt lat="42.089988" lon="-2.748523">
      <ele>1197.7</ele>
    </trkpt>
    <trkpt lat="42.089961" lon="-2.748781">
      <ele>1198.1</ele>
    </trkpt>
    <trkpt lat="42.08987" lon="-2.749119">
      <ele>1198.6</ele>
    </trkpt>
    <trkpt lat="42.089787" lon="-2.749277">
      <ele>1198.8</ele>
    </trkpt>
    <trkpt lat="42.089674" lon="-2.749411">
      <ele>1199</ele>
    </trkpt>
    <trkpt lat="42.089568" lon="-2.74959">
      <ele>1199.1</ele>
    </trkpt>
    <trkpt lat="42.089124" lon="-2.750465">
      <ele>1200.7</ele>
    </trkpt>
    <trkpt lat="42.088943" lon="-2.750988">
      <ele>1202.4</ele>
    </trkpt>
    <trkpt lat="42.088868" lon="-2.751188">
      <ele>1203</ele>
    </trkpt>
    <trkpt lat="42.088794" lon="-2.751289">
      <ele>1203.4</ele>
    </trkpt>
    <trkpt lat="42.088766" lon="-2.751302">
      <ele>1203.5</ele>
    </trkpt>
    <trkpt lat="42.088691" lon="-2.751335">
      <ele>1203.9</ele>
    </trkpt>
    <trkpt lat="42.088576" lon="-2.751278">
      <ele>1204.3</ele>
    </trkpt>
    <trkpt lat="42.088373" lon="-2.751046">
      <ele>1205.4</ele>
    </trkpt>
    <trkpt lat="42.088335" lon="-2.75102">
      <ele>1205.6</ele>
    </trkpt>
    <trkpt lat="42.087982" lon="-2.750993">
      <ele>1206.9</ele>
    </trkpt>
    <trkpt lat="42.087842" lon="-2.751043">
      <ele>1207.4</ele>
    </trkpt>
    <trkpt lat="42.086715" lon="-2.751944">
      <ele>1212.9</ele>
    </trkpt>
    <trkpt lat="42.086381" lon="-2.752146">
      <ele>1214</ele>
    </trkpt>
    <trkpt lat="42.086135" lon="-2.752187">
      <ele>1214.8</ele>
    </trkpt>
    <trkpt lat="42.084188" lon="-2.75184">
      <ele>1224.2</ele>
    </trkpt>
    <trkpt lat="42.083873" lon="-2.751875">
      <ele>1225.5</ele>
    </trkpt>
    <trkpt lat="42.083424" lon="-2.752009">
      <ele>1227.2</ele>
    </trkpt>
    <trkpt lat="42.083269" lon="-2.752026">
      <ele>1227.7</ele>
    </trkpt>
    <trkpt lat="42.082597" lon="-2.751903">
      <ele>1229.8</ele>
    </trkpt>
    <trkpt lat="42.081952" lon="-2.751918">
      <ele>1232.2</ele>
    </trkpt>
    <trkpt lat="42.081549" lon="-2.751993">
      <ele>1234.2</ele>
    </trkpt>
    <trkpt lat="42.081374" lon="-2.752073">
      <ele>1235.3</ele>
    </trkpt>
    <trkpt lat="42.080468" lon="-2.752647">
      <ele>1240.8</ele>
    </trkpt>
    <trkpt lat="42.080189" lon="-2.752891">
      <ele>1242.5</ele>
    </trkpt>
    <trkpt lat="42.08004" lon="-2.753081">
      <ele>1243.5</ele>
    </trkpt>
    <trkpt lat="42.079982" lon="-2.753236">
      <ele>1244.1</ele>
    </trkpt>
    <trkpt lat="42.079758" lon="-2.754198">
      <ele>1247.4</ele>
    </trkpt>
    <trkpt lat="42.079473" lon="-2.754895">
      <ele>1249.6</ele>
    </trkpt>
    <trkpt lat="42.079209" lon="-2.755329">
      <ele>1250.5</ele>
    </trkpt>
    <trkpt lat="42.07884" lon="-2.755838">
      <ele>1252.4</ele>
    </trkpt>
    <trkpt lat="42.07846" lon="-2.756245">
      <ele>1255.2</ele>
    </trkpt>
    <trkpt lat="42.077774" lon="-2.756512">
      <ele>1261.6</ele>
    </trkpt>
    <trkpt lat="42.07755" lon="-2.756712">
      <ele>1264.6</ele>
    </trkpt>
    <trkpt lat="42.077477" lon="-2.756825">
      <ele>1265.8</ele>
    </trkpt>
    <trkpt lat="42.077355" lon="-2.757164">
      <ele>1269</ele>
    </trkpt>
    <trkpt lat="42.077346" lon="-2.757364">
      <ele>1270.7</ele>
    </trkpt>
    <trkpt lat="42.07764" lon="-2.758285">
      <ele>1277.8</ele>
    </trkpt>
    <trkpt lat="42.077624" lon="-2.758495">
      <ele>1279</ele>
    </trkpt>
    <trkpt lat="42.077495" lon="-2.758729">
      <ele>1280.5</ele>
    </trkpt>
    <trkpt lat="42.077383" lon="-2.758798">
      <ele>1281.1</ele>
    </trkpt>
    <trkpt lat="42.077248" lon="-2.758827">
      <ele>1281.8</ele>
    </trkpt>
    <trkpt lat="42.077131" lon="-2.758796">
      <ele>1282.3</ele>
    </trkpt>
    <trkpt lat="42.076431" lon="-2.757954">
      <ele>1283.5</ele>
    </trkpt>
    <trkpt lat="42.076329" lon="-2.757907">
      <ele>1283.4</ele>
    </trkpt>
    <trkpt lat="42.076123" lon="-2.757872">
      <ele>1283.3</ele>
    </trkpt>
    <trkpt lat="42.075974" lon="-2.757903">
      <ele>1283.2</ele>
    </trkpt>
    <trkpt lat="42.07584" lon="-2.757999">
      <ele>1283.1</ele>
    </trkpt>
    <trkpt lat="42.075745" lon="-2.758123">
      <ele>1283</ele>
    </trkpt>
    <trkpt lat="42.07568" lon="-2.758258">
      <ele>1283.1</ele>
    </trkpt>
    <trkpt lat="42.075608" lon="-2.758532">
      <ele>1283.3</ele>
    </trkpt>
    <trkpt lat="42.07553" lon="-2.759165">
      <ele>1284.7</ele>
    </trkpt>
    <trkpt lat="42.075117" lon="-2.760104">
      <ele>1291.3</ele>
    </trkpt>
    <trkpt lat="42.075059" lon="-2.760207">
      <ele>1292.4</ele>
    </trkpt>
    <trkpt lat="42.074941" lon="-2.76032">
      <ele>1294.2</ele>
    </trkpt>
    <trkpt lat="42.074479" lon="-2.760474">
      <ele>1300.4</ele>
    </trkpt>
    <trkpt lat="42.074359" lon="-2.760549">
      <ele>1301.9</ele>
    </trkpt>
    <trkpt lat="42.074275" lon="-2.76066">
      <ele>1303.2</ele>
    </trkpt>
    <trkpt lat="42.073937" lon="-2.761655">
      <ele>1309.4</ele>
    </trkpt>
    <trkpt lat="42.073829" lon="-2.761752">
      <ele>1310</ele>
    </trkpt>
    <trkpt lat="42.073723" lon="-2.761786">
      <ele>1310.5</ele>
    </trkpt>
    <trkpt lat="42.073634" lon="-2.76178">
      <ele>1310.8</ele>
    </trkpt>
    <trkpt lat="42.073563" lon="-2.761732">
      <ele>1311.1</ele>
    </trkpt>
    <trkpt lat="42.073452" lon="-2.761608">
      <ele>1311.7</ele>
    </trkpt>
    <trkpt lat="42.073298" lon="-2.761204">
      <ele>1312.7</ele>
    </trkpt>
    <trkpt lat="42.073166" lon="-2.761045">
      <ele>1313</ele>
    </trkpt>
    <trkpt lat="42.073077" lon="-2.761001">
      <ele>1313.1</ele>
    </trkpt>
    <trkpt lat="42.072832" lon="-2.760974">
      <ele>1313.3</ele>
    </trkpt>
    <trkpt lat="42.072665" lon="-2.760993">
      <ele>1313.2</ele>
    </trkpt>
    <trkpt lat="42.072438" lon="-2.761066">
      <ele>1312.8</ele>
    </trkpt>
    <trkpt lat="42.072279" lon="-2.761192">
      <ele>1312.6</ele>
    </trkpt>
    <trkpt lat="42.07183" lon="-2.761685">
      <ele>1312.3</ele>
    </trkpt>
    <trkpt lat="42.071495" lon="-2.762326">
      <ele>1314.2</ele>
    </trkpt>
    <trkpt lat="42.070779" lon="-2.763179">
      <ele>1320.4</ele>
    </trkpt>
    <trkpt lat="42.070194" lon="-2.764569">
      <ele>1329.8</ele>
    </trkpt>
    <trkpt lat="42.070142" lon="-2.764796">
      <ele>1331.1</ele>
    </trkpt>
    <trkpt lat="42.070152" lon="-2.765985">
      <ele>1337.1</ele>
    </trkpt>
    <trkpt lat="42.070095" lon="-2.76639">
      <ele>1339.1</ele>
    </trkpt>
    <trkpt lat="42.06993" lon="-2.766738">
      <ele>1341</ele>
    </trkpt>
    <trkpt lat="42.069734" lon="-2.767056">
      <ele>1342.9</ele>
    </trkpt>
    <trkpt lat="42.069652" lon="-2.767287">
      <ele>1344.1</ele>
    </trkpt>
    <trkpt lat="42.069554" lon="-2.767731">
      <ele>1346.3</ele>
    </trkpt>
    <trkpt lat="42.069534" lon="-2.767927">
      <ele>1347.2</ele>
    </trkpt>
    <trkpt lat="42.069563" lon="-2.768392">
      <ele>1349.5</ele>
    </trkpt>
    <trkpt lat="42.069862" lon="-2.769969">
      <ele>1361.5</ele>
    </trkpt>
    <trkpt lat="42.069968" lon="-2.770199">
      <ele>1363.8</ele>
    </trkpt>
    <trkpt lat="42.070652" lon="-2.771325">
      <ele>1373</ele>
    </trkpt>
    <trkpt lat="42.070708" lon="-2.771633">
      <ele>1374.8</ele>
    </trkpt>
    <trkpt lat="42.07071" lon="-2.771734">
      <ele>1375.4</ele>
    </trkpt>
    <trkpt lat="42.070667" lon="-2.771905">
      <ele>1376.4</ele>
    </trkpt>
    <trkpt lat="42.070385" lon="-2.772451">
      <ele>1380.1</ele>
    </trkpt>
    <trkpt lat="42.070312" lon="-2.772682">
      <ele>1381.4</ele>
    </trkpt>
    <trkpt lat="42.070173" lon="-2.774181">
      <ele>1389.8</ele>
    </trkpt>
    <trkpt lat="42.070186" lon="-2.774491">
      <ele>1392</ele>
    </trkpt>
    <trkpt lat="42.070285" lon="-2.77505">
      <ele>1396.4</ele>
    </trkpt>
    <trkpt lat="42.070312" lon="-2.775432">
      <ele>1399.3</ele>
    </trkpt>
    <trkpt lat="42.070307" lon="-2.775583">
      <ele>1400.5</ele>
    </trkpt>
    <trkpt lat="42.070228" lon="-2.776027">
      <ele>1403.8</ele>
    </trkpt>
    <trkpt lat="42.070232" lon="-2.776251">
      <ele>1405.5</ele>
    </trkpt>
    <trkpt lat="42.070306" lon="-2.776473">
      <ele>1407.2</ele>
    </trkpt>
    <trkpt lat="42.070495" lon="-2.776683">
      <ele>1409.4</ele>
    </trkpt>
    <trkpt lat="42.070658" lon="-2.776922">
      <ele>1411.4</ele>
    </trkpt>
    <trkpt lat="42.071527" lon="-2.778594">
      <ele>1422.2</ele>
    </trkpt>
    <trkpt lat="42.072027" lon="-2.779284">
      <ele>1427.3</ele>
    </trkpt>
    <trkpt lat="42.072476" lon="-2.780134">
      <ele>1432.9</ele>
    </trkpt>
    <trkpt lat="42.072491" lon="-2.780343">
      <ele>1434.1</ele>
    </trkpt>
    <trkpt lat="42.072422" lon="-2.780577">
      <ele>1435.9</ele>
    </trkpt>
    <trkpt lat="42.07234" lon="-2.780682">
      <ele>1436.9</ele>
    </trkpt>
    <trkpt lat="42.072239" lon="-2.780737">
      <ele>1437.9</ele>
    </trkpt>
    <trkpt lat="42.072059" lon="-2.780753">
      <ele>1439.8</ele>
    </trkpt>
    <trkpt lat="42.071776" lon="-2.780487">
      <ele>1443.6</ele>
    </trkpt>
    <trkpt lat="42.071495" lon="-2.780306">
      <ele>1446.8</ele>
    </trkpt>
    <trkpt lat="42.070619" lon="-2.780149">
      <ele>1454.9</ele>
    </trkpt>
    <trkpt lat="42.070285" lon="-2.780024">
      <ele>1457.7</ele>
    </trkpt>
    <trkpt lat="42.070224" lon="-2.779968">
      <ele>1458.3</ele>
    </trkpt>
    <trkpt lat="42.06994" lon="-2.779517">
      <ele>1462</ele>
    </trkpt>
    <trkpt lat="42.069837" lon="-2.779408">
      <ele>1463</ele>
    </trkpt>
    <trkpt lat="42.069702" lon="-2.779315">
      <ele>1464</ele>
    </trkpt>
    <trkpt lat="42.069436" lon="-2.779169">
      <ele>1465.7</ele>
    </trkpt>
    <trkpt lat="42.069035" lon="-2.779003">
      <ele>1467.5</ele>
    </trkpt>
    <trkpt lat="42.068617" lon="-2.778753">
      <ele>1469.3</ele>
    </trkpt>
    <trkpt lat="42.068463" lon="-2.778682">
      <ele>1470.1</ele>
    </trkpt>
    <trkpt lat="42.068308" lon="-2.778662">
      <ele>1471</ele>
    </trkpt>
    <trkpt lat="42.06795" lon="-2.778537">
      <ele>1473.1</ele>
    </trkpt>
    <trkpt lat="42.067612" lon="-2.778538">
      <ele>1475.1</ele>
    </trkpt>
    <trkpt lat="42.065996" lon="-2.779094">
      <ele>1486</ele>
    </trkpt>
    <trkpt lat="42.065895" lon="-2.779155">
      <ele>1486.8</ele>
    </trkpt>
    <trkpt lat="42.065746" lon="-2.779338">
      <ele>1488.2</ele>
    </trkpt>
    <trkpt lat="42.064722" lon="-2.781465">
      <ele>1501.9</ele>
    </trkpt>
    <trkpt lat="42.064439" lon="-2.781875">
      <ele>1505.7</ele>
    </trkpt>
    <trkpt lat="42.064205" lon="-2.782066">
      <ele>1508.1</ele>
    </trkpt>
    <trkpt lat="42.064011" lon="-2.782175">
      <ele>1509.7</ele>
    </trkpt>
    <trkpt lat="42.063719" lon="-2.782253">
      <ele>1511.6</ele>
    </trkpt>
    <trkpt lat="42.063518" lon="-2.782258">
      <ele>1512.7</ele>
    </trkpt>
    <trkpt lat="42.063233" lon="-2.782207">
      <ele>1514</ele>
    </trkpt>
    <trkpt lat="42.063072" lon="-2.78214">
      <ele>1514.4</ele>
    </trkpt>
    <trkpt lat="42.062907" lon="-2.782021">
      <ele>1514.9</ele>
    </trkpt>
    <trkpt lat="42.061785" lon="-2.781011">
      <ele>1512.9</ele>
    </trkpt>
    <trkpt lat="42.061568" lon="-2.78086">
      <ele>1512</ele>
    </trkpt>
    <trkpt lat="42.061363" lon="-2.78083">
      <ele>1511.5</ele>
    </trkpt>
    <trkpt lat="42.060528" lon="-2.780965">
      <ele>1512.7</ele>
    </trkpt>
    <trkpt lat="42.060354" lon="-2.781078">
      <ele>1513.7</ele>
    </trkpt>
    <trkpt lat="42.060224" lon="-2.78133">
      <ele>1515.2</ele>
    </trkpt>
    <trkpt lat="42.060076" lon="-2.782529">
      <ele>1523.7</ele>
    </trkpt>
    <trkpt lat="42.060082" lon="-2.78276">
      <ele>1525.2</ele>
    </trkpt>
    <trkpt lat="42.060221" lon="-2.783407">
      <ele>1529.1</ele>
    </trkpt>
    <trkpt lat="42.060212" lon="-2.783628">
      <ele>1530.2</ele>
    </trkpt>
    <trkpt lat="42.060171" lon="-2.783721">
      <ele>1530.7</ele>
    </trkpt>
    <trkpt lat="42.06012" lon="-2.783809">
      <ele>1531.2</ele>
    </trkpt>
    <trkpt lat="42.060006" lon="-2.783906">
      <ele>1532.1</ele>
    </trkpt>
    <trkpt lat="42.059931" lon="-2.783946">
      <ele>1532.5</ele>
    </trkpt>
    <trkpt lat="42.05979" lon="-2.783963">
      <ele>1533.4</ele>
    </trkpt>
    <trkpt lat="42.059042" lon="-2.783831">
      <ele>1537.5</ele>
    </trkpt>
    <trkpt lat="42.058854" lon="-2.78393">
      <ele>1538.5</ele>
    </trkpt>
    <trkpt lat="42.058762" lon="-2.784104">
      <ele>1539.3</ele>
    </trkpt>
    <trkpt lat="42.058729" lon="-2.784339">
      <ele>1540</ele>
    </trkpt>
    <trkpt lat="42.058751" lon="-2.78466">
      <ele>1541.1</ele>
    </trkpt>
    <trkpt lat="42.05897" lon="-2.785995">
      <ele>1547.3</ele>
    </trkpt>
    <trkpt lat="42.058976" lon="-2.786231">
      <ele>1548.7</ele>
    </trkpt>
    <trkpt lat="42.058762" lon="-2.787107">
      <ele>1554.3</ele>
    </trkpt>
    <trkpt lat="42.05875" lon="-2.787231">
      <ele>1554.9</ele>
    </trkpt>
    <trkpt lat="42.058771" lon="-2.787515">
      <ele>1556.3</ele>
    </trkpt>
    <trkpt lat="42.058948" lon="-2.788297">
      <ele>1559.4</ele>
    </trkpt>
    <trkpt lat="42.058958" lon="-2.788543">
      <ele>1560.2</ele>
    </trkpt>
    <trkpt lat="42.058897" lon="-2.788759">
      <ele>1560.9</ele>
    </trkpt>
    <trkpt lat="42.058828" lon="-2.78888">
      <ele>1561.4</ele>
    </trkpt>
    <trkpt lat="42.058696" lon="-2.78899">
      <ele>1562</ele>
    </trkpt>
    <trkpt lat="42.058438" lon="-2.789042">
      <ele>1563</ele>
    </trkpt>
    <trkpt lat="42.057673" lon="-2.78888">
      <ele>1565.6</ele>
    </trkpt>
    <trkpt lat="42.057054" lon="-2.788822">
      <ele>1567.4</ele>
    </trkpt>
    <trkpt lat="42.056816" lon="-2.788842">
      <ele>1568.2</ele>
    </trkpt>
    <trkpt lat="42.056629" lon="-2.788951">
      <ele>1568.9</ele>
    </trkpt>
    <trkpt lat="42.056512" lon="-2.789121">
      <ele>1569.6</ele>
    </trkpt>
    <trkpt lat="42.056382" lon="-2.789392">
      <ele>1570.8</ele>
    </trkpt>
    <trkpt lat="42.056231" lon="-2.789811">
      <ele>1572.6</ele>
    </trkpt>
    <trkpt lat="42.056164" lon="-2.789939">
      <ele>1573.3</ele>
    </trkpt>
    <trkpt lat="42.056052" lon="-2.790094">
      <ele>1574.3</ele>
    </trkpt>
    <trkpt lat="42.05592" lon="-2.790215">
      <ele>1575.5</ele>
    </trkpt>
    <trkpt lat="42.054971" lon="-2.790731">
      <ele>1584.9</ele>
    </trkpt>
    <trkpt lat="42.054755" lon="-2.790797">
      <ele>1587.5</ele>
    </trkpt>
    <trkpt lat="42.053895" lon="-2.790808">
      <ele>1599.6</ele>
    </trkpt>
    <trkpt lat="42.053708" lon="-2.790934">
      <ele>1602.9</ele>
    </trkpt>
    <trkpt lat="42.053396" lon="-2.791232">
      <ele>1609</ele>
    </trkpt>
    <trkpt lat="42.053241" lon="-2.791337">
      <ele>1611.9</ele>
    </trkpt>
    <trkpt lat="42.053113" lon="-2.791382">
      <ele>1614.1</ele>
    </trkpt>
    <trkpt lat="42.052885" lon="-2.791361">
      <ele>1617.7</ele>
    </trkpt>
    <trkpt lat="42.052705" lon="-2.791179">
      <ele>1621.1</ele>
    </trkpt>
    <trkpt lat="42.05264" lon="-2.791054">
      <ele>1622.8</ele>
    </trkpt>
    <trkpt lat="42.052478" lon="-2.789967">
      <ele>1633</ele>
    </trkpt>
    <trkpt lat="42.052485" lon="-2.789746">
      <ele>1634.5</ele>
    </trkpt>
    <trkpt lat="42.052557" lon="-2.789425">
      <ele>1636.6</ele>
    </trkpt>
    <trkpt lat="42.052893" lon="-2.788601">
      <ele>1640.5</ele>
    </trkpt>
    <trkpt lat="42.053124" lon="-2.787483">
      <ele>1641.9</ele>
    </trkpt>
    <trkpt lat="42.053256" lon="-2.785978">
      <ele>1641.2</ele>
    </trkpt>
    <trkpt lat="42.053252" lon="-2.785819">
      <ele>1641.2</ele>
    </trkpt>
    <trkpt lat="42.053215" lon="-2.785629">
      <ele>1641.3</ele>
    </trkpt>
    <trkpt lat="42.053092" lon="-2.785319">
      <ele>1641.6</ele>
    </trkpt>
    <trkpt lat="42.053029" lon="-2.785226">
      <ele>1641.7</ele>
    </trkpt>
    <trkpt lat="42.052863" lon="-2.785094">
      <ele>1642</ele>
    </trkpt>
    <trkpt lat="42.052691" lon="-2.785063">
      <ele>1642.3</ele>
    </trkpt>
    <trkpt lat="42.052569" lon="-2.785085">
      <ele>1642.5</ele>
    </trkpt>
    <trkpt lat="42.051907" lon="-2.7854">
      <ele>1644.6</ele>
    </trkpt>
    <trkpt lat="42.051646" lon="-2.785408">
      <ele>1646</ele>
    </trkpt>
    <trkpt lat="42.051331" lon="-2.785289">
      <ele>1648</ele>
    </trkpt>
    <trkpt lat="42.050866" lon="-2.784995">
      <ele>1651.3</ele>
    </trkpt>
    <trkpt lat="42.050764" lon="-2.784958">
      <ele>1651.9</ele>
    </trkpt>
    <trkpt lat="42.050511" lon="-2.78492">
      <ele>1653.2</ele>
    </trkpt>
    <trkpt lat="42.050009" lon="-2.784939">
      <ele>1655</ele>
    </trkpt>
    <trkpt lat="42.049806" lon="-2.784903">
      <ele>1655.6</ele>
    </trkpt>
    <trkpt lat="42.048676" lon="-2.784234">
      <ele>1658.4</ele>
    </trkpt>
    <trkpt lat="42.048421" lon="-2.784156">
      <ele>1658.9</ele>
    </trkpt>
    <trkpt lat="42.048042" lon="-2.784193">
      <ele>1659.8</ele>
    </trkpt>
    <trkpt lat="42.047784" lon="-2.784335">
      <ele>1660.8</ele>
    </trkpt>
    <trkpt lat="42.047621" lon="-2.784477">
      <ele>1661.7</ele>
    </trkpt>
    <trkpt lat="42.04741" lon="-2.784801">
      <ele>1663.4</ele>
    </trkpt>
    <trkpt lat="42.047251" lon="-2.785152">
      <ele>1665.5</ele>
    </trkpt>
    <trkpt lat="42.047171" lon="-2.785499">
      <ele>1667.6</ele>
    </trkpt>
    <trkpt lat="42.047115" lon="-2.785884">
      <ele>1670.2</ele>
    </trkpt>
    <trkpt lat="42.04707" lon="-2.786645">
      <ele>1675.9</ele>
    </trkpt>
    <trkpt lat="42.046918" lon="-2.787413">
      <ele>1683.1</ele>
    </trkpt>
    <trkpt lat="42.046823" lon="-2.787772">
      <ele>1686.9</ele>
    </trkpt>
    <trkpt lat="42.046726" lon="-2.788067">
      <ele>1690.2</ele>
    </trkpt>
    <trkpt lat="42.046575" lon="-2.788362">
      <ele>1693.8</ele>
    </trkpt>
    <trkpt lat="42.046382" lon="-2.78863">
      <ele>1697.4</ele>
    </trkpt>
    <trkpt lat="42.046233" lon="-2.788783">
      <ele>1699.8</ele>
    </trkpt>
    <trkpt lat="42.046096" lon="-2.788853">
      <ele>1701.7</ele>
    </trkpt>
    <trkpt lat="42.045926" lon="-2.788866">
      <ele>1703.7</ele>
    </trkpt>
    <trkpt lat="42.045755" lon="-2.788795">
      <ele>1705.8</ele>
    </trkpt>
    <trkpt lat="42.045406" lon="-2.788533">
      <ele>1710.2</ele>
    </trkpt>
    <trkpt lat="42.044712" lon="-2.787837">
      <ele>1717.2</ele>
    </trkpt>
    <trkpt lat="42.044093" lon="-2.787263">
      <ele>1721.3</ele>
    </trkpt>
    <trkpt lat="42.043901" lon="-2.787054">
      <ele>1722.6</ele>
    </trkpt>
    <trkpt lat="42.043675" lon="-2.78673">
      <ele>1724.6</ele>
    </trkpt>
    <trkpt lat="42.043566" lon="-2.786645">
      <ele>1725.5</ele>
    </trkpt>
    <trkpt lat="42.043431" lon="-2.786594">
      <ele>1726.4</ele>
    </trkpt>
    <trkpt lat="42.04331" lon="-2.786587">
      <ele>1727.2</ele>
    </trkpt>
    <trkpt lat="42.042218" lon="-2.786738">
      <ele>1734.9</ele>
    </trkpt>
    <trkpt lat="42.04194" lon="-2.786693">
      <ele>1737</ele>
    </trkpt>
    <trkpt lat="42.041775" lon="-2.78657">
      <ele>1738.4</ele>
    </trkpt>
    <trkpt lat="42.040619" lon="-2.785717">
      <ele>1746.2</ele>
    </trkpt>
    <trkpt lat="42.039927" lon="-2.785451">
      <ele>1748.3</ele>
    </trkpt>
    <trkpt lat="42.039517" lon="-2.785258">
      <ele>1748.8</ele>
    </trkpt>
    <trkpt lat="42.038915" lon="-2.784919">
      <ele>1749.6</ele>
    </trkpt>
    <trkpt lat="42.038549" lon="-2.784877">
      <ele>1749.8</ele>
    </trkpt>
    <trkpt lat="42.038441" lon="-2.784869">
      <ele>1749.8</ele>
    </trkpt>
    <trkpt lat="42.038393" lon="-2.784867">
      <ele>1749.8</ele>
    </trkpt>
    <trkpt lat="42.038167" lon="-2.784818">
      <ele>1749.6</ele>
    </trkpt>
    <trkpt lat="42.038071" lon="-2.784768">
      <ele>1749.3</ele>
    </trkpt>
    <trkpt lat="42.037922" lon="-2.784608">
      <ele>1748.7</ele>
    </trkpt>
    <trkpt lat="42.037721" lon="-2.784274">
      <ele>1747</ele>
    </trkpt>
    <trkpt lat="42.037583" lon="-2.784124">
      <ele>1745.9</ele>
    </trkpt>
    <trkpt lat="42.037177" lon="-2.783905">
      <ele>1742.9</ele>
    </trkpt>
    <trkpt lat="42.037087" lon="-2.783887">
      <ele>1742.3</ele>
    </trkpt>
    <trkpt lat="42.03698" lon="-2.78391">
      <ele>1741.5</ele>
    </trkpt>
    <trkpt lat="42.036888" lon="-2.783969">
      <ele>1740.7</ele>
    </trkpt>
    <trkpt lat="42.036794" lon="-2.7841">
      <ele>1739.7</ele>
    </trkpt>
    <trkpt lat="42.036782" lon="-2.784156">
      <ele>1739.4</ele>
    </trkpt>
    <trkpt lat="42.036761" lon="-2.784408">
      <ele>1737.9</ele>
    </trkpt>
    <trkpt lat="42.036905" lon="-2.785129">
      <ele>1733.5</ele>
    </trkpt>
    <trkpt lat="42.036947" lon="-2.785533">
      <ele>1731</ele>
    </trkpt>
    <trkpt lat="42.037021" lon="-2.785711">
      <ele>1729.8</ele>
    </trkpt>
    <trkpt lat="42.037026" lon="-2.78589">
      <ele>1728.7</ele>
    </trkpt>
    <trkpt lat="42.036986" lon="-2.786104">
      <ele>1727.5</ele>
    </trkpt>
    <trkpt lat="42.036965" lon="-2.786153">
      <ele>1727.2</ele>
    </trkpt>
    </trkseg>
  </trk>
</gpx>
