<?xml version="1.0" encoding="UTF-8"?>
<gpx version="1.1" creator="fitAI Komoot downloader" xmlns="http://www.topografix.com/GPX/1/1">
  <metadata>
    <name>Puerto de Sancho Leza y Soto en Cameros - Recorrido circular desde Parking de La Blanca</name>
    <desc>104 visitas · Dificultad: difficult · Distancia: 128.4 km · Desnivel +: 1663 m</desc>
    <link href="https://www.komoot.com/smarttour/e20150672"><text>Komoot</text></link>
  </metadata>
  <trk>
    <name>Puerto de Sancho Leza y Soto en Cameros - Recorrido circular desde Parking de La Blanca</name>
    <type>racebike</type>
    <trkseg>
    <trkpt lat="42.060425" lon="-2.690393">
      <ele>1193.9</ele>
    </trkpt>
    <trkpt lat="42.060456" lon="-2.690442">
      <ele>1193.9</ele>
    </trkpt>
    <trkpt lat="42.060632" lon="-2.690546">
      <ele>1193.8</ele>
    </trkpt>
    <trkpt lat="42.061291" lon="-2.690089">
      <ele>1193.5</ele>
    </trkpt>
    <trkpt lat="42.061429" lon="-2.690013">
      <ele>1193.7</ele>
    </trkpt>
    <trkpt lat="42.061911" lon="-2.689616">
      <ele>1193.7</ele>
    </trkpt>
    <trkpt lat="42.062345" lon="-2.689445">
      <ele>1194.9</ele>
    </trkpt>
    <trkpt lat="42.062624" lon="-2.689445">
      <ele>1195.9</ele>
    </trkpt>
    <trkpt lat="42.063568" lon="-2.689187">
      <ele>1197.3</ele>
    </trkpt>
    <trkpt lat="42.064257" lon="-2.688951">
      <ele>1194.1</ele>
    </trkpt>
    <trkpt lat="42.06444" lon="-2.688844">
      <ele>1192.7</ele>
    </trkpt>
    <trkpt lat="42.064683" lon="-2.688753">
      <ele>1190.8</ele>
    </trkpt>
    <trkpt lat="42.064767" lon="-2.688554">
      <ele>1189.4</ele>
    </trkpt>
    <trkpt lat="42.06481" lon="-2.688286">
      <ele>1187.8</ele>
    </trkpt>
    <trkpt lat="42.064926" lon="-2.688061">
      <ele>1186.1</ele>
    </trkpt>
    <trkpt lat="42.065097" lon="-2.687819">
      <ele>1184.1</ele>
    </trkpt>
    <trkpt lat="42.066216" lon="-2.686666">
      <ele>1176.9</ele>
    </trkpt>
    <trkpt lat="42.066722" lon="-2.686033">
      <ele>1173.8</ele>
    </trkpt>
    <trkpt lat="42.06698" lon="-2.685786">
      <ele>1172.2</ele>
    </trkpt>
    <trkpt lat="42.067636" lon="-2.685303">
      <ele>1168.1</ele>
    </trkpt>
    <trkpt lat="42.067789" lon="-2.685131">
      <ele>1167</ele>
    </trkpt>
    <trkpt lat="42.0685" lon="-2.684706">
      <ele>1163.3</ele>
    </trkpt>
    <trkpt lat="42.068896" lon="-2.684342">
      <ele>1161.1</ele>
    </trkpt>
    <trkpt lat="42.069316" lon="-2.684113">
      <ele>1159.2</ele>
    </trkpt>
    <trkpt lat="42.069518" lon="-2.684033">
      <ele>1158.4</ele>
    </trkpt>
    <trkpt lat="42.069676" lon="-2.683971">
      <ele>1157.7</ele>
    </trkpt>
    <trkpt lat="42.069852" lon="-2.683823">
      <ele>1156.9</ele>
    </trkpt>
    <trkpt lat="42.070274" lon="-2.68308">
      <ele>1154.3</ele>
    </trkpt>
    <trkpt lat="42.071314" lon="-2.681658">
      <ele>1149.5</ele>
    </trkpt>
    <trkpt lat="42.07201" lon="-2.680781">
      <ele>1146.4</ele>
    </trkpt>
    <trkpt lat="42.072361" lon="-2.680445">
      <ele>1145</ele>
    </trkpt>
    <trkpt lat="42.07265" lon="-2.680222">
      <ele>1144.2</ele>
    </trkpt>
    <trkpt lat="42.072901" lon="-2.680165">
      <ele>1143.5</ele>
    </trkpt>
    <trkpt lat="42.0737" lon="-2.679844">
      <ele>1140.7</ele>
    </trkpt>
    <trkpt lat="42.074682" lon="-2.678961">
      <ele>1135.6</ele>
    </trkpt>
    <trkpt lat="42.07543" lon="-2.678384">
      <ele>1132.3</ele>
    </trkpt>
    <trkpt lat="42.07696" lon="-2.67752">
      <ele>1127.8</ele>
    </trkpt>
    <trkpt lat="42.07722" lon="-2.67746">
      <ele>1127.2</ele>
    </trkpt>
    <trkpt lat="42.077997" lon="-2.677635">
      <ele>1125.7</ele>
    </trkpt>
    <trkpt lat="42.07813" lon="-2.67762">
      <ele>1125.4</ele>
    </trkpt>
    <trkpt lat="42.07841" lon="-2.67748">
      <ele>1124.9</ele>
    </trkpt>
    <trkpt lat="42.07899" lon="-2.67734">
      <ele>1124.1</ele>
    </trkpt>
    <trkpt lat="42.07928" lon="-2.67716">
      <ele>1123.8</ele>
    </trkpt>
    <trkpt lat="42.07944" lon="-2.67712">
      <ele>1123.7</ele>
    </trkpt>
    <trkpt lat="42.07985" lon="-2.67715">
      <ele>1123.4</ele>
    </trkpt>
    <trkpt lat="42.08048" lon="-2.67734">
      <ele>1122.6</ele>
    </trkpt>
    <trkpt lat="42.080681" lon="-2.677342">
      <ele>1122.3</ele>
    </trkpt>
    <trkpt lat="42.080866" lon="-2.677304">
      <ele>1121.9</ele>
    </trkpt>
    <trkpt lat="42.081096" lon="-2.677152">
      <ele>1121.3</ele>
    </trkpt>
    <trkpt lat="42.081309" lon="-2.677108">
      <ele>1120.7</ele>
    </trkpt>
    <trkpt lat="42.08268" lon="-2.67722">
      <ele>1115.8</ele>
    </trkpt>
    <trkpt lat="42.08286" lon="-2.67718">
      <ele>1115.1</ele>
    </trkpt>
    <trkpt lat="42.08312" lon="-2.67703">
      <ele>1114</ele>
    </trkpt>
    <trkpt lat="42.08347" lon="-2.67665">
      <ele>1112.1</ele>
    </trkpt>
    <trkpt lat="42.084243" lon="-2.676237">
      <ele>1108.4</ele>
    </trkpt>
    <trkpt lat="42.08519" lon="-2.67581">
      <ele>1104.6</ele>
    </trkpt>
    <trkpt lat="42.08536" lon="-2.6758">
      <ele>1103.9</ele>
    </trkpt>
    <trkpt lat="42.08619" lon="-2.67597">
      <ele>1100.8</ele>
    </trkpt>
    <trkpt lat="42.08639" lon="-2.67597">
      <ele>1100.1</ele>
    </trkpt>
    <trkpt lat="42.08717" lon="-2.67579">
      <ele>1097.5</ele>
    </trkpt>
    <trkpt lat="42.0876" lon="-2.67583">
      <ele>1096.2</ele>
    </trkpt>
    <trkpt lat="42.08964" lon="-2.6756">
      <ele>1092.8</ele>
    </trkpt>
    <trkpt lat="42.08999" lon="-2.67531">
      <ele>1092.3</ele>
    </trkpt>
    <trkpt lat="42.0901" lon="-2.67528">
      <ele>1092.1</ele>
    </trkpt>
    <trkpt lat="42.09031" lon="-2.67536">
      <ele>1091.7</ele>
    </trkpt>
    <trkpt lat="42.09056" lon="-2.67555">
      <ele>1091.2</ele>
    </trkpt>
    <trkpt lat="42.09076" lon="-2.67561">
      <ele>1090.8</ele>
    </trkpt>
    <trkpt lat="42.09118" lon="-2.67557">
      <ele>1090.1</ele>
    </trkpt>
    <trkpt lat="42.091609" lon="-2.675335">
      <ele>1089.5</ele>
    </trkpt>
    <trkpt lat="42.091779" lon="-2.675357">
      <ele>1089.2</ele>
    </trkpt>
    <trkpt lat="42.09232" lon="-2.67573">
      <ele>1088.4</ele>
    </trkpt>
    <trkpt lat="42.09251" lon="-2.67578">
      <ele>1088.2</ele>
    </trkpt>
    <trkpt lat="42.09273" lon="-2.67571">
      <ele>1087.9</ele>
    </trkpt>
    <trkpt lat="42.09295" lon="-2.67557">
      <ele>1087.8</ele>
    </trkpt>
    <trkpt lat="42.09316" lon="-2.67554">
      <ele>1087.6</ele>
    </trkpt>
    <trkpt lat="42.09368" lon="-2.6756">
      <ele>1087.1</ele>
    </trkpt>
    <trkpt lat="42.09404" lon="-2.67572">
      <ele>1086.7</ele>
    </trkpt>
    <trkpt lat="42.09476" lon="-2.67573">
      <ele>1086</ele>
    </trkpt>
    <trkpt lat="42.09517" lon="-2.67563">
      <ele>1085.4</ele>
    </trkpt>
    <trkpt lat="42.09583" lon="-2.67533">
      <ele>1083.3</ele>
    </trkpt>
    <trkpt lat="42.09696" lon="-2.67465">
      <ele>1077.6</ele>
    </trkpt>
    <trkpt lat="42.09727" lon="-2.67437">
      <ele>1075.4</ele>
    </trkpt>
    <trkpt lat="42.09825" lon="-2.67327">
      <ele>1068.8</ele>
    </trkpt>
    <trkpt lat="42.098558" lon="-2.673094">
      <ele>1067.7</ele>
    </trkpt>
    <trkpt lat="42.098859" lon="-2.672994">
      <ele>1066.9</ele>
    </trkpt>
    <trkpt lat="42.100076" lon="-2.672947">
      <ele>1066.3</ele>
    </trkpt>
    <trkpt lat="42.100538" lon="-2.673208">
      <ele>1066.6</ele>
    </trkpt>
    <trkpt lat="42.10081" lon="-2.67315">
      <ele>1066.8</ele>
    </trkpt>
    <trkpt lat="42.101402" lon="-2.672849">
      <ele>1067.1</ele>
    </trkpt>
    <trkpt lat="42.101755" lon="-2.672895">
      <ele>1067.1</ele>
    </trkpt>
    <trkpt lat="42.10208" lon="-2.6728">
      <ele>1067.1</ele>
    </trkpt>
    <trkpt lat="42.102335" lon="-2.672678">
      <ele>1067</ele>
    </trkpt>
    <trkpt lat="42.102711" lon="-2.672447">
      <ele>1066.8</ele>
    </trkpt>
    <trkpt lat="42.10312" lon="-2.672485">
      <ele>1066.3</ele>
    </trkpt>
    <trkpt lat="42.103611" lon="-2.672606">
      <ele>1065.2</ele>
    </trkpt>
    <trkpt lat="42.104171" lon="-2.672581">
      <ele>1063.7</ele>
    </trkpt>
    <trkpt lat="42.1047" lon="-2.67268">
      <ele>1061.5</ele>
    </trkpt>
    <trkpt lat="42.10531" lon="-2.67267">
      <ele>1058.2</ele>
    </trkpt>
    <trkpt lat="42.10546" lon="-2.67261">
      <ele>1057.3</ele>
    </trkpt>
    <trkpt lat="42.10576" lon="-2.67227">
      <ele>1055.2</ele>
    </trkpt>
    <trkpt lat="42.106006" lon="-2.67212">
      <ele>1054</ele>
    </trkpt>
    <trkpt lat="42.106385" lon="-2.671991">
      <ele>1052.6</ele>
    </trkpt>
    <trkpt lat="42.10657" lon="-2.67207">
      <ele>1052.1</ele>
    </trkpt>
    <trkpt lat="42.10694" lon="-2.67229">
      <ele>1051.5</ele>
    </trkpt>
    <trkpt lat="42.107264" lon="-2.672593">
      <ele>1051.1</ele>
    </trkpt>
    <trkpt lat="42.107456" lon="-2.672982">
      <ele>1050.8</ele>
    </trkpt>
    <trkpt lat="42.107583" lon="-2.673136">
      <ele>1050.5</ele>
    </trkpt>
    <trkpt lat="42.107837" lon="-2.673246">
      <ele>1049.9</ele>
    </trkpt>
    <trkpt lat="42.108431" lon="-2.673475">
      <ele>1047.4</ele>
    </trkpt>
    <trkpt lat="42.109653" lon="-2.674036">
      <ele>1040.5</ele>
    </trkpt>
    <trkpt lat="42.109773" lon="-2.674187">
      <ele>1039.8</ele>
    </trkpt>
    <trkpt lat="42.109639" lon="-2.674252">
      <ele>1039.2</ele>
    </trkpt>
    <trkpt lat="42.109548" lon="-2.674327">
      <ele>1038.8</ele>
    </trkpt>
    <trkpt lat="42.109639" lon="-2.674252">
      <ele>1038.4</ele>
    </trkpt>
    <trkpt lat="42.109773" lon="-2.674187">
      <ele>1037.9</ele>
    </trkpt>
    <trkpt lat="42.110065" lon="-2.674141">
      <ele>1037.2</ele>
    </trkpt>
    <trkpt lat="42.110408" lon="-2.674095">
      <ele>1036.8</ele>
    </trkpt>
    <trkpt lat="42.110586" lon="-2.674011">
      <ele>1036.9</ele>
    </trkpt>
    <trkpt lat="42.110676" lon="-2.673938">
      <ele>1036.8</ele>
    </trkpt>
    <trkpt lat="42.111145" lon="-2.673525">
      <ele>1037.7</ele>
    </trkpt>
    <trkpt lat="42.111411" lon="-2.673203">
      <ele>1038.6</ele>
    </trkpt>
    <trkpt lat="42.111455" lon="-2.673139">
      <ele>1038.9</ele>
    </trkpt>
    <trkpt lat="42.111782" lon="-2.672696">
      <ele>1040.2</ele>
    </trkpt>
    <trkpt lat="42.111929" lon="-2.672293">
      <ele>1040.9</ele>
    </trkpt>
    <trkpt lat="42.111972" lon="-2.672137">
      <ele>1041.1</ele>
    </trkpt>
    <trkpt lat="42.112732" lon="-2.669304">
      <ele>1039.8</ele>
    </trkpt>
    <trkpt lat="42.112813" lon="-2.669001">
      <ele>1040.1</ele>
    </trkpt>
    <trkpt lat="42.113003" lon="-2.668397">
      <ele>1040.9</ele>
    </trkpt>
    <trkpt lat="42.113315" lon="-2.667687">
      <ele>1041.2</ele>
    </trkpt>
    <trkpt lat="42.114915" lon="-2.666014">
      <ele>1034.7</ele>
    </trkpt>
    <trkpt lat="42.116401" lon="-2.663351">
      <ele>1034.4</ele>
    </trkpt>
    <trkpt lat="42.117201" lon="-2.662515">
      <ele>1033.6</ele>
    </trkpt>
    <trkpt lat="42.118234" lon="-2.662122">
      <ele>1028.8</ele>
    </trkpt>
    <trkpt lat="42.118433" lon="-2.662123">
      <ele>1027.6</ele>
    </trkpt>
    <trkpt lat="42.118779" lon="-2.662244">
      <ele>1025.4</ele>
    </trkpt>
    <trkpt lat="42.118964" lon="-2.662242">
      <ele>1024.4</ele>
    </trkpt>
    <trkpt lat="42.11944" lon="-2.661742">
      <ele>1020.9</ele>
    </trkpt>
    <trkpt lat="42.119832" lon="-2.66092">
      <ele>1018.1</ele>
    </trkpt>
    <trkpt lat="42.119982" lon="-2.660547">
      <ele>1017.3</ele>
    </trkpt>
    <trkpt lat="42.119965" lon="-2.660118">
      <ele>1017.2</ele>
    </trkpt>
    <trkpt lat="42.120081" lon="-2.659712">
      <ele>1017.3</ele>
    </trkpt>
    <trkpt lat="42.12036" lon="-2.659396">
      <ele>1017.1</ele>
    </trkpt>
    <trkpt lat="42.120768" lon="-2.659093">
      <ele>1016.5</ele>
    </trkpt>
    <trkpt lat="42.120988" lon="-2.658929">
      <ele>1016</ele>
    </trkpt>
    <trkpt lat="42.121259" lon="-2.658573">
      <ele>1015.2</ele>
    </trkpt>
    <trkpt lat="42.121365" lon="-2.658247">
      <ele>1014.2</ele>
    </trkpt>
    <trkpt lat="42.121604" lon="-2.65712">
      <ele>1009.2</ele>
    </trkpt>
    <trkpt lat="42.121643" lon="-2.656274">
      <ele>1006.8</ele>
    </trkpt>
    <trkpt lat="42.121671" lon="-2.65612">
      <ele>1006.5</ele>
    </trkpt>
    <trkpt lat="42.121747" lon="-2.655965">
      <ele>1006.2</ele>
    </trkpt>
    <trkpt lat="42.121864" lon="-2.655821">
      <ele>1006</ele>
    </trkpt>
    <trkpt lat="42.122031" lon="-2.655725">
      <ele>1005.7</ele>
    </trkpt>
    <trkpt lat="42.12218" lon="-2.655725">
      <ele>1005.6</ele>
    </trkpt>
    <trkpt lat="42.122476" lon="-2.655873">
      <ele>1005.4</ele>
    </trkpt>
    <trkpt lat="42.122787" lon="-2.655962">
      <ele>1005.2</ele>
    </trkpt>
    <trkpt lat="42.123008" lon="-2.655989">
      <ele>1004.9</ele>
    </trkpt>
    <trkpt lat="42.123415" lon="-2.655979">
      <ele>1003.9</ele>
    </trkpt>
    <trkpt lat="42.123632" lon="-2.655906">
      <ele>1003.2</ele>
    </trkpt>
    <trkpt lat="42.123863" lon="-2.655693">
      <ele>1001.9</ele>
    </trkpt>
    <trkpt lat="42.12399" lon="-2.65553">
      <ele>1000.9</ele>
    </trkpt>
    <trkpt lat="42.124123" lon="-2.65521">
      <ele>999.1</ele>
    </trkpt>
    <trkpt lat="42.124316" lon="-2.654639">
      <ele>995.9</ele>
    </trkpt>
    <trkpt lat="42.124368" lon="-2.654392">
      <ele>994.6</ele>
    </trkpt>
    <trkpt lat="42.124345" lon="-2.653638">
      <ele>991.6</ele>
    </trkpt>
    <trkpt lat="42.124361" lon="-2.653493">
      <ele>991.2</ele>
    </trkpt>
    <trkpt lat="42.124434" lon="-2.653322">
      <ele>990.7</ele>
    </trkpt>
    <trkpt lat="42.124543" lon="-2.653205">
      <ele>990.3</ele>
    </trkpt>
    <trkpt lat="42.124676" lon="-2.653141">
      <ele>989.9</ele>
    </trkpt>
    <trkpt lat="42.124801" lon="-2.653144">
      <ele>989.4</ele>
    </trkpt>
    <trkpt lat="42.12513" lon="-2.653389">
      <ele>988.2</ele>
    </trkpt>
    <trkpt lat="42.12536" lon="-2.653524">
      <ele>987.1</ele>
    </trkpt>
    <trkpt lat="42.12556" lon="-2.653572">
      <ele>986.5</ele>
    </trkpt>
    <trkpt lat="42.125822" lon="-2.653535">
      <ele>985.6</ele>
    </trkpt>
    <trkpt lat="42.125791" lon="-2.653422">
      <ele>985.4</ele>
    </trkpt>
    <trkpt lat="42.125577" lon="-2.653046">
      <ele>984.2</ele>
    </trkpt>
    <trkpt lat="42.124663" lon="-2.651443">
      <ele>981.9</ele>
    </trkpt>
    <trkpt lat="42.124624" lon="-2.651308">
      <ele>982.1</ele>
    </trkpt>
    <trkpt lat="42.124395" lon="-2.651015">
      <ele>983.1</ele>
    </trkpt>
    <trkpt lat="42.123749" lon="-2.650238">
      <ele>987.4</ele>
    </trkpt>
    <trkpt lat="42.123543" lon="-2.64993">
      <ele>989.4</ele>
    </trkpt>
    <trkpt lat="42.1234" lon="-2.649579">
      <ele>991.3</ele>
    </trkpt>
    <trkpt lat="42.123329" lon="-2.649193">
      <ele>993.2</ele>
    </trkpt>
    <trkpt lat="42.123328" lon="-2.649134">
      <ele>993.5</ele>
    </trkpt>
    <trkpt lat="42.123265" lon="-2.648126">
      <ele>998.5</ele>
    </trkpt>
    <trkpt lat="42.123214" lon="-2.647931">
      <ele>999.4</ele>
    </trkpt>
    <trkpt lat="42.12305" lon="-2.647636">
      <ele>1000.9</ele>
    </trkpt>
    <trkpt lat="42.1228" lon="-2.647352">
      <ele>1002.4</ele>
    </trkpt>
    <trkpt lat="42.122683" lon="-2.647262">
      <ele>1003</ele>
    </trkpt>
    <trkpt lat="42.122554" lon="-2.647207">
      <ele>1003.4</ele>
    </trkpt>
    <trkpt lat="42.122074" lon="-2.64714">
      <ele>1004.6</ele>
    </trkpt>
    <trkpt lat="42.121803" lon="-2.646994">
      <ele>1005.3</ele>
    </trkpt>
    <trkpt lat="42.121125" lon="-2.646365">
      <ele>1007.9</ele>
    </trkpt>
    <trkpt lat="42.120899" lon="-2.646143">
      <ele>1009.2</ele>
    </trkpt>
    <trkpt lat="42.120607" lon="-2.645791">
      <ele>1011.4</ele>
    </trkpt>
    <trkpt lat="42.12039" lon="-2.645394">
      <ele>1013.9</ele>
    </trkpt>
    <trkpt lat="42.120226" lon="-2.64524">
      <ele>1015.5</ele>
    </trkpt>
    <trkpt lat="42.120096" lon="-2.645183">
      <ele>1016.5</ele>
    </trkpt>
    <trkpt lat="42.119629" lon="-2.645135">
      <ele>1019.8</ele>
    </trkpt>
    <trkpt lat="42.119307" lon="-2.645048">
      <ele>1021.7</ele>
    </trkpt>
    <trkpt lat="42.118643" lon="-2.644767">
      <ele>1025.1</ele>
    </trkpt>
    <trkpt lat="42.117913" lon="-2.644459">
      <ele>1031.1</ele>
    </trkpt>
    <trkpt lat="42.117393" lon="-2.644184">
      <ele>1035.1</ele>
    </trkpt>
    <trkpt lat="42.116937" lon="-2.643884">
      <ele>1038.5</ele>
    </trkpt>
    <trkpt lat="42.116715" lon="-2.643584">
      <ele>1040.5</ele>
    </trkpt>
    <trkpt lat="42.11641" lon="-2.642775">
      <ele>1042.6</ele>
    </trkpt>
    <trkpt lat="42.116218" lon="-2.642438">
      <ele>1043.7</ele>
    </trkpt>
    <trkpt lat="42.116016" lon="-2.642277">
      <ele>1044.6</ele>
    </trkpt>
    <trkpt lat="42.115511" lon="-2.642117">
      <ele>1046.8</ele>
    </trkpt>
    <trkpt lat="42.115344" lon="-2.64202">
      <ele>1047.6</ele>
    </trkpt>
    <trkpt lat="42.115132" lon="-2.641796">
      <ele>1048.7</ele>
    </trkpt>
    <trkpt lat="42.114776" lon="-2.641225">
      <ele>1050.5</ele>
    </trkpt>
    <trkpt lat="42.114637" lon="-2.641026">
      <ele>1051</ele>
    </trkpt>
    <trkpt lat="42.114508" lon="-2.640893">
      <ele>1051.4</ele>
    </trkpt>
    <trkpt lat="42.114258" lon="-2.640742">
      <ele>1052.5</ele>
    </trkpt>
    <trkpt lat="42.113633" lon="-2.640547">
      <ele>1057.6</ele>
    </trkpt>
    <trkpt lat="42.113428" lon="-2.640496">
      <ele>1060</ele>
    </trkpt>
    <trkpt lat="42.112754" lon="-2.640437">
      <ele>1068.4</ele>
    </trkpt>
    <trkpt lat="42.112582" lon="-2.640391">
      <ele>1070.3</ele>
    </trkpt>
    <trkpt lat="42.112371" lon="-2.640249">
      <ele>1072.5</ele>
    </trkpt>
    <trkpt lat="42.112259" lon="-2.640118">
      <ele>1073.7</ele>
    </trkpt>
    <trkpt lat="42.112059" lon="-2.639688">
      <ele>1075.3</ele>
    </trkpt>
    <trkpt lat="42.111629" lon="-2.638538">
      <ele>1074.3</ele>
    </trkpt>
    <trkpt lat="42.111553" lon="-2.638294">
      <ele>1073.9</ele>
    </trkpt>
    <trkpt lat="42.111438" lon="-2.637554">
      <ele>1074.7</ele>
    </trkpt>
    <trkpt lat="42.111392" lon="-2.637377">
      <ele>1075.3</ele>
    </trkpt>
    <trkpt lat="42.111306" lon="-2.637208">
      <ele>1076.3</ele>
    </trkpt>
    <trkpt lat="42.111181" lon="-2.637073">
      <ele>1077.7</ele>
    </trkpt>
    <trkpt lat="42.110478" lon="-2.63655">
      <ele>1085.6</ele>
    </trkpt>
    <trkpt lat="42.110373" lon="-2.636431">
      <ele>1086.9</ele>
    </trkpt>
    <trkpt lat="42.110266" lon="-2.636254">
      <ele>1088.5</ele>
    </trkpt>
    <trkpt lat="42.110171" lon="-2.63603">
      <ele>1090.1</ele>
    </trkpt>
    <trkpt lat="42.110114" lon="-2.635778">
      <ele>1091.3</ele>
    </trkpt>
    <trkpt lat="42.110098" lon="-2.635555">
      <ele>1092.2</ele>
    </trkpt>
    <trkpt lat="42.110016" lon="-2.633647">
      <ele>1092.5</ele>
    </trkpt>
    <trkpt lat="42.109982" lon="-2.633432">
      <ele>1092.5</ele>
    </trkpt>
    <trkpt lat="42.109887" lon="-2.633172">
      <ele>1092.5</ele>
    </trkpt>
    <trkpt lat="42.109676" lon="-2.632857">
      <ele>1092.7</ele>
    </trkpt>
    <trkpt lat="42.108925" lon="-2.631956">
      <ele>1095.1</ele>
    </trkpt>
    <trkpt lat="42.108731" lon="-2.631819">
      <ele>1096</ele>
    </trkpt>
    <trkpt lat="42.108546" lon="-2.631763">
      <ele>1096.8</ele>
    </trkpt>
    <trkpt lat="42.108327" lon="-2.631769">
      <ele>1098</ele>
    </trkpt>
    <trkpt lat="42.108152" lon="-2.631837">
      <ele>1099.1</ele>
    </trkpt>
    <trkpt lat="42.107474" lon="-2.63228">
      <ele>1105.6</ele>
    </trkpt>
    <trkpt lat="42.107303" lon="-2.632365">
      <ele>1107.5</ele>
    </trkpt>
    <trkpt lat="42.107" lon="-2.632452">
      <ele>1110.7</ele>
    </trkpt>
    <trkpt lat="42.10684" lon="-2.632459">
      <ele>1112.2</ele>
    </trkpt>
    <trkpt lat="42.106556" lon="-2.632411">
      <ele>1114.6</ele>
    </trkpt>
    <trkpt lat="42.10639" lon="-2.632351">
      <ele>1115.9</ele>
    </trkpt>
    <trkpt lat="42.106194" lon="-2.632237">
      <ele>1117.3</ele>
    </trkpt>
    <trkpt lat="42.106027" lon="-2.632093">
      <ele>1118.3</ele>
    </trkpt>
    <trkpt lat="42.105282" lon="-2.63121">
      <ele>1121.2</ele>
    </trkpt>
    <trkpt lat="42.104901" lon="-2.630711">
      <ele>1122.7</ele>
    </trkpt>
    <trkpt lat="42.103997" lon="-2.629468">
      <ele>1130.7</ele>
    </trkpt>
    <trkpt lat="42.103507" lon="-2.628788">
      <ele>1135.2</ele>
    </trkpt>
    <trkpt lat="42.103269" lon="-2.628333">
      <ele>1136.7</ele>
    </trkpt>
    <trkpt lat="42.103167" lon="-2.628036">
      <ele>1137.2</ele>
    </trkpt>
    <trkpt lat="42.103092" lon="-2.627709">
      <ele>1137.5</ele>
    </trkpt>
    <trkpt lat="42.102965" lon="-2.626716">
      <ele>1138.2</ele>
    </trkpt>
    <trkpt lat="42.102911" lon="-2.626494">
      <ele>1138.4</ele>
    </trkpt>
    <trkpt lat="42.102835" lon="-2.626321">
      <ele>1138.7</ele>
    </trkpt>
    <trkpt lat="42.10272" lon="-2.626157">
      <ele>1139.2</ele>
    </trkpt>
    <trkpt lat="42.102617" lon="-2.626058">
      <ele>1139.7</ele>
    </trkpt>
    <trkpt lat="42.102453" lon="-2.625976">
      <ele>1140.5</ele>
    </trkpt>
    <trkpt lat="42.101843" lon="-2.625882">
      <ele>1144.5</ele>
    </trkpt>
    <trkpt lat="42.101505" lon="-2.625801">
      <ele>1147</ele>
    </trkpt>
    <trkpt lat="42.10071" lon="-2.625522">
      <ele>1152.4</ele>
    </trkpt>
    <trkpt lat="42.100375" lon="-2.62532">
      <ele>1154.1</ele>
    </trkpt>
    <trkpt lat="42.100102" lon="-2.625098">
      <ele>1154.9</ele>
    </trkpt>
    <trkpt lat="42.099551" lon="-2.6245">
      <ele>1154.9</ele>
    </trkpt>
    <trkpt lat="42.098576" lon="-2.623407">
      <ele>1152.5</ele>
    </trkpt>
    <trkpt lat="42.098385" lon="-2.62342">
      <ele>1152</ele>
    </trkpt>
    <trkpt lat="42.097748" lon="-2.623145">
      <ele>1150.2</ele>
    </trkpt>
    <trkpt lat="42.097645" lon="-2.622952">
      <ele>1150</ele>
    </trkpt>
    <trkpt lat="42.097511" lon="-2.622474">
      <ele>1150</ele>
    </trkpt>
    <trkpt lat="42.097465" lon="-2.622251">
      <ele>1150.1</ele>
    </trkpt>
    <trkpt lat="42.097244" lon="-2.622009">
      <ele>1150.3</ele>
    </trkpt>
    <trkpt lat="42.096508" lon="-2.621211">
      <ele>1153.3</ele>
    </trkpt>
    <trkpt lat="42.096109" lon="-2.620877">
      <ele>1155.7</ele>
    </trkpt>
    <trkpt lat="42.095779" lon="-2.620702">
      <ele>1157.2</ele>
    </trkpt>
    <trkpt lat="42.093944" lon="-2.619891">
      <ele>1161.1</ele>
    </trkpt>
    <trkpt lat="42.093597" lon="-2.61966">
      <ele>1162.4</ele>
    </trkpt>
    <trkpt lat="42.093368" lon="-2.619449">
      <ele>1163.5</ele>
    </trkpt>
    <trkpt lat="42.093177" lon="-2.619221">
      <ele>1164.6</ele>
    </trkpt>
    <trkpt lat="42.092964" lon="-2.618907">
      <ele>1166.1</ele>
    </trkpt>
    <trkpt lat="42.092715" lon="-2.61835">
      <ele>1168.6</ele>
    </trkpt>
    <trkpt lat="42.092451" lon="-2.617355">
      <ele>1172.7</ele>
    </trkpt>
    <trkpt lat="42.092116" lon="-2.615692">
      <ele>1176</ele>
    </trkpt>
    <trkpt lat="42.092032" lon="-2.614753">
      <ele>1178.2</ele>
    </trkpt>
    <trkpt lat="42.091995" lon="-2.613476">
      <ele>1182</ele>
    </trkpt>
    <trkpt lat="42.09201" lon="-2.613065">
      <ele>1183.5</ele>
    </trkpt>
    <trkpt lat="42.092101" lon="-2.612518">
      <ele>1185.6</ele>
    </trkpt>
    <trkpt lat="42.092156" lon="-2.612293">
      <ele>1186.6</ele>
    </trkpt>
    <trkpt lat="42.092271" lon="-2.611983">
      <ele>1188.3</ele>
    </trkpt>
    <trkpt lat="42.092467" lon="-2.611585">
      <ele>1190.3</ele>
    </trkpt>
    <trkpt lat="42.092594" lon="-2.611386">
      <ele>1191.3</ele>
    </trkpt>
    <trkpt lat="42.092913" lon="-2.611006">
      <ele>1193.7</ele>
    </trkpt>
    <trkpt lat="42.093254" lon="-2.6107">
      <ele>1196.2</ele>
    </trkpt>
    <trkpt lat="42.094011" lon="-2.610106">
      <ele>1201.5</ele>
    </trkpt>
    <trkpt lat="42.094231" lon="-2.60988">
      <ele>1202.9</ele>
    </trkpt>
    <trkpt lat="42.094393" lon="-2.609601">
      <ele>1204</ele>
    </trkpt>
    <trkpt lat="42.094517" lon="-2.609216">
      <ele>1204.7</ele>
    </trkpt>
    <trkpt lat="42.094545" lon="-2.608842">
      <ele>1205.4</ele>
    </trkpt>
    <trkpt lat="42.094497" lon="-2.60842">
      <ele>1206.5</ele>
    </trkpt>
    <trkpt lat="42.094435" lon="-2.608206">
      <ele>1207.2</ele>
    </trkpt>
    <trkpt lat="42.094281" lon="-2.607919">
      <ele>1208.8</ele>
    </trkpt>
    <trkpt lat="42.094171" lon="-2.607763">
      <ele>1210</ele>
    </trkpt>
    <trkpt lat="42.094036" lon="-2.607632">
      <ele>1211.3</ele>
    </trkpt>
    <trkpt lat="42.093799" lon="-2.607488">
      <ele>1213.6</ele>
    </trkpt>
    <trkpt lat="42.093616" lon="-2.607422">
      <ele>1215.3</ele>
    </trkpt>
    <trkpt lat="42.093417" lon="-2.607411">
      <ele>1217.4</ele>
    </trkpt>
    <trkpt lat="42.093083" lon="-2.607511">
      <ele>1221.6</ele>
    </trkpt>
    <trkpt lat="42.092939" lon="-2.607592">
      <ele>1223.5</ele>
    </trkpt>
    <trkpt lat="42.092395" lon="-2.608054">
      <ele>1229.6</ele>
    </trkpt>
    <trkpt lat="42.092089" lon="-2.608237">
      <ele>1230.9</ele>
    </trkpt>
    <trkpt lat="42.091853" lon="-2.608267">
      <ele>1231.4</ele>
    </trkpt>
    <trkpt lat="42.091655" lon="-2.60824">
      <ele>1231.9</ele>
    </trkpt>
    <trkpt lat="42.091488" lon="-2.608182">
      <ele>1232.2</ele>
    </trkpt>
    <trkpt lat="42.091301" lon="-2.608077">
      <ele>1232.7</ele>
    </trkpt>
    <trkpt lat="42.090926" lon="-2.607767">
      <ele>1233.3</ele>
    </trkpt>
    <trkpt lat="42.090103" lon="-2.607111">
      <ele>1232.8</ele>
    </trkpt>
    <trkpt lat="42.088831" lon="-2.606076">
      <ele>1230.5</ele>
    </trkpt>
    <trkpt lat="42.088595" lon="-2.605844">
      <ele>1230.3</ele>
    </trkpt>
    <trkpt lat="42.086942" lon="-2.603574">
      <ele>1233.2</ele>
    </trkpt>
    <trkpt lat="42.085856" lon="-2.602161">
      <ele>1231.7</ele>
    </trkpt>
    <trkpt lat="42.085675" lon="-2.601883">
      <ele>1231</ele>
    </trkpt>
    <trkpt lat="42.085563" lon="-2.601664">
      <ele>1230.4</ele>
    </trkpt>
    <trkpt lat="42.08549" lon="-2.60146">
      <ele>1230</ele>
    </trkpt>
    <trkpt lat="42.085403" lon="-2.601048">
      <ele>1229.2</ele>
    </trkpt>
    <trkpt lat="42.085386" lon="-2.600644">
      <ele>1228.5</ele>
    </trkpt>
    <trkpt lat="42.085473" lon="-2.600111">
      <ele>1227.9</ele>
    </trkpt>
    <trkpt lat="42.085581" lon="-2.59982">
      <ele>1227.6</ele>
    </trkpt>
    <trkpt lat="42.085828" lon="-2.599418">
      <ele>1227.5</ele>
    </trkpt>
    <trkpt lat="42.085971" lon="-2.599256">
      <ele>1227.6</ele>
    </trkpt>
    <trkpt lat="42.087644" lon="-2.597724">
      <ele>1229</ele>
    </trkpt>
    <trkpt lat="42.087911" lon="-2.597445">
      <ele>1229.1</ele>
    </trkpt>
    <trkpt lat="42.088102" lon="-2.597204">
      <ele>1229.1</ele>
    </trkpt>
    <trkpt lat="42.088471" lon="-2.596597">
      <ele>1228.9</ele>
    </trkpt>
    <trkpt lat="42.089236" lon="-2.595206">
      <ele>1229.1</ele>
    </trkpt>
    <trkpt lat="42.089429" lon="-2.594814">
      <ele>1229.5</ele>
    </trkpt>
    <trkpt lat="42.089544" lon="-2.594517">
      <ele>1229.7</ele>
    </trkpt>
    <trkpt lat="42.089701" lon="-2.59399">
      <ele>1230.1</ele>
    </trkpt>
    <trkpt lat="42.089779" lon="-2.593559">
      <ele>1230.3</ele>
    </trkpt>
    <trkpt lat="42.090145" lon="-2.589923">
      <ele>1228.1</ele>
    </trkpt>
    <trkpt lat="42.090167" lon="-2.589438">
      <ele>1227.9</ele>
    </trkpt>
    <trkpt lat="42.09017" lon="-2.587737">
      <ele>1227.6</ele>
    </trkpt>
    <trkpt lat="42.090331" lon="-2.586596">
      <ele>1226.9</ele>
    </trkpt>
    <trkpt lat="42.090439" lon="-2.586194">
      <ele>1226.5</ele>
    </trkpt>
    <trkpt lat="42.090595" lon="-2.585889">
      <ele>1226.2</ele>
    </trkpt>
    <trkpt lat="42.090699" lon="-2.585749">
      <ele>1226</ele>
    </trkpt>
    <trkpt lat="42.090822" lon="-2.585635">
      <ele>1225.8</ele>
    </trkpt>
    <trkpt lat="42.091512" lon="-2.585137">
      <ele>1224.9</ele>
    </trkpt>
    <trkpt lat="42.091704" lon="-2.584929">
      <ele>1224.8</ele>
    </trkpt>
    <trkpt lat="42.091792" lon="-2.584786">
      <ele>1224.8</ele>
    </trkpt>
    <trkpt lat="42.091936" lon="-2.58441">
      <ele>1224.8</ele>
    </trkpt>
    <trkpt lat="42.091983" lon="-2.584224">
      <ele>1224.8</ele>
    </trkpt>
    <trkpt lat="42.092025" lon="-2.583905">
      <ele>1224.8</ele>
    </trkpt>
    <trkpt lat="42.092272" lon="-2.581336">
      <ele>1225.4</ele>
    </trkpt>
    <trkpt lat="42.092378" lon="-2.580749">
      <ele>1225.6</ele>
    </trkpt>
    <trkpt lat="42.092721" lon="-2.579664">
      <ele>1226.3</ele>
    </trkpt>
    <trkpt lat="42.092805" lon="-2.579358">
      <ele>1226.6</ele>
    </trkpt>
    <trkpt lat="42.09285" lon="-2.579049">
      <ele>1226.9</ele>
    </trkpt>
    <trkpt lat="42.092841" lon="-2.577525">
      <ele>1229</ele>
    </trkpt>
    <trkpt lat="42.092963" lon="-2.576233">
      <ele>1231.1</ele>
    </trkpt>
    <trkpt lat="42.092925" lon="-2.57574">
      <ele>1232.4</ele>
    </trkpt>
    <trkpt lat="42.092863" lon="-2.575404">
      <ele>1233.4</ele>
    </trkpt>
    <trkpt lat="42.093307" lon="-2.575397">
      <ele>1235.4</ele>
    </trkpt>
    <trkpt lat="42.094021" lon="-2.57538">
      <ele>1239.3</ele>
    </trkpt>
    <trkpt lat="42.094267" lon="-2.575283">
      <ele>1241</ele>
    </trkpt>
    <trkpt lat="42.094427" lon="-2.575121">
      <ele>1242.2</ele>
    </trkpt>
    <trkpt lat="42.094637" lon="-2.574676">
      <ele>1244.5</ele>
    </trkpt>
    <trkpt lat="42.09483" lon="-2.57436">
      <ele>1246</ele>
    </trkpt>
    <trkpt lat="42.095008" lon="-2.574209">
      <ele>1247</ele>
    </trkpt>
    <trkpt lat="42.095243" lon="-2.574098">
      <ele>1248.1</ele>
    </trkpt>
    <trkpt lat="42.095685" lon="-2.573965">
      <ele>1250.1</ele>
    </trkpt>
    <trkpt lat="42.096067" lon="-2.573975">
      <ele>1251.7</ele>
    </trkpt>
    <trkpt lat="42.096305" lon="-2.573944">
      <ele>1252.8</ele>
    </trkpt>
    <trkpt lat="42.096648" lon="-2.573739">
      <ele>1254.5</ele>
    </trkpt>
    <trkpt lat="42.096748" lon="-2.573641">
      <ele>1255.2</ele>
    </trkpt>
    <trkpt lat="42.096948" lon="-2.573371">
      <ele>1256.7</ele>
    </trkpt>
    <trkpt lat="42.097036" lon="-2.573297">
      <ele>1257.3</ele>
    </trkpt>
    <trkpt lat="42.097303" lon="-2.573213">
      <ele>1258.8</ele>
    </trkpt>
    <trkpt lat="42.097797" lon="-2.573176">
      <ele>1261.3</ele>
    </trkpt>
    <trkpt lat="42.098121" lon="-2.573102">
      <ele>1262.6</ele>
    </trkpt>
    <trkpt lat="42.098734" lon="-2.57271">
      <ele>1264.9</ele>
    </trkpt>
    <trkpt lat="42.098867" lon="-2.572705">
      <ele>1265.3</ele>
    </trkpt>
    <trkpt lat="42.099109" lon="-2.57279">
      <ele>1266.1</ele>
    </trkpt>
    <trkpt lat="42.09939" lon="-2.572856">
      <ele>1267.2</ele>
    </trkpt>
    <trkpt lat="42.099651" lon="-2.572865">
      <ele>1268.4</ele>
    </trkpt>
    <trkpt lat="42.099886" lon="-2.572798">
      <ele>1269.5</ele>
    </trkpt>
    <trkpt lat="42.100157" lon="-2.572652">
      <ele>1271.2</ele>
    </trkpt>
    <trkpt lat="42.100298" lon="-2.572606">
      <ele>1272.1</ele>
    </trkpt>
    <trkpt lat="42.100527" lon="-2.572589">
      <ele>1273.5</ele>
    </trkpt>
    <trkpt lat="42.100686" lon="-2.572628">
      <ele>1274.5</ele>
    </trkpt>
    <trkpt lat="42.1008" lon="-2.572699">
      <ele>1275.2</ele>
    </trkpt>
    <trkpt lat="42.100968" lon="-2.572899">
      <ele>1276.6</ele>
    </trkpt>
    <trkpt lat="42.101031" lon="-2.57306">
      <ele>1277.4</ele>
    </trkpt>
    <trkpt lat="42.101496" lon="-2.57471">
      <ele>1284.1</ele>
    </trkpt>
    <trkpt lat="42.101666" lon="-2.57516">
      <ele>1285.6</ele>
    </trkpt>
    <trkpt lat="42.102466" lon="-2.57657">
      <ele>1289.4</ele>
    </trkpt>
    <trkpt lat="42.103126" lon="-2.57705">
      <ele>1289.6</ele>
    </trkpt>
    <trkpt lat="42.104563" lon="-2.578324">
      <ele>1286.3</ele>
    </trkpt>
    <trkpt lat="42.105533" lon="-2.578309">
      <ele>1286.2</ele>
    </trkpt>
    <trkpt lat="42.105699" lon="-2.578216">
      <ele>1286.5</ele>
    </trkpt>
    <trkpt lat="42.105826" lon="-2.57791">
      <ele>1286.9</ele>
    </trkpt>
    <trkpt lat="42.105986" lon="-2.5773">
      <ele>1287.6</ele>
    </trkpt>
    <trkpt lat="42.106126" lon="-2.57651">
      <ele>1288.1</ele>
    </trkpt>
    <trkpt lat="42.106426" lon="-2.57581">
      <ele>1287.3</ele>
    </trkpt>
    <trkpt lat="42.106736" lon="-2.57544">
      <ele>1286.2</ele>
    </trkpt>
    <trkpt lat="42.107726" lon="-2.57451">
      <ele>1281.2</ele>
    </trkpt>
    <trkpt lat="42.107846" lon="-2.57445">
      <ele>1280.8</ele>
    </trkpt>
    <trkpt lat="42.108436" lon="-2.57453">
      <ele>1279.2</ele>
    </trkpt>
    <trkpt lat="42.108586" lon="-2.57447">
      <ele>1278.9</ele>
    </trkpt>
    <trkpt lat="42.109206" lon="-2.57407">
      <ele>1278.2</ele>
    </trkpt>
    <trkpt lat="42.109306" lon="-2.57374">
      <ele>1278.2</ele>
    </trkpt>
    <trkpt lat="42.109406" lon="-2.57361">
      <ele>1278.3</ele>
    </trkpt>
    <trkpt lat="42.110046" lon="-2.57354">
      <ele>1278.9</ele>
    </trkpt>
    <trkpt lat="42.111006" lon="-2.57334">
      <ele>1279.8</ele>
    </trkpt>
    <trkpt lat="42.111426" lon="-2.57309">
      <ele>1280.1</ele>
    </trkpt>
    <trkpt lat="42.112266" lon="-2.57238">
      <ele>1279.6</ele>
    </trkpt>
    <trkpt lat="42.112896" lon="-2.57222">
      <ele>1278.8</ele>
    </trkpt>
    <trkpt lat="42.113216" lon="-2.57203">
      <ele>1278.4</ele>
    </trkpt>
    <trkpt lat="42.113326" lon="-2.57191">
      <ele>1278.4</ele>
    </trkpt>
    <trkpt lat="42.113426" lon="-2.57191">
      <ele>1278.3</ele>
    </trkpt>
    <trkpt lat="42.113836" lon="-2.57234">
      <ele>1278.4</ele>
    </trkpt>
    <trkpt lat="42.114036" lon="-2.57246">
      <ele>1278.7</ele>
    </trkpt>
    <trkpt lat="42.114846" lon="-2.57277">
      <ele>1280.4</ele>
    </trkpt>
    <trkpt lat="42.115566" lon="-2.5733">
      <ele>1282.5</ele>
    </trkpt>
    <trkpt lat="42.115776" lon="-2.57334">
      <ele>1283</ele>
    </trkpt>
    <trkpt lat="42.116086" lon="-2.57322">
      <ele>1283.7</ele>
    </trkpt>
    <trkpt lat="42.116456" lon="-2.57291">
      <ele>1284.7</ele>
    </trkpt>
    <trkpt lat="42.116676" lon="-2.57287">
      <ele>1285.3</ele>
    </trkpt>
    <trkpt lat="42.116946" lon="-2.57301">
      <ele>1286.2</ele>
    </trkpt>
    <trkpt lat="42.117116" lon="-2.57299">
      <ele>1286.7</ele>
    </trkpt>
    <trkpt lat="42.117366" lon="-2.57287">
      <ele>1287.4</ele>
    </trkpt>
    <trkpt lat="42.117716" lon="-2.57254">
      <ele>1288.7</ele>
    </trkpt>
    <trkpt lat="42.118111" lon="-2.571558">
      <ele>1292.3</ele>
    </trkpt>
    <trkpt lat="42.118261" lon="-2.571358">
      <ele>1293.3</ele>
    </trkpt>
    <trkpt lat="42.119581" lon="-2.570788">
      <ele>1301.2</ele>
    </trkpt>
    <trkpt lat="42.119861" lon="-2.570608">
      <ele>1303</ele>
    </trkpt>
    <trkpt lat="42.120561" lon="-2.569878">
      <ele>1308</ele>
    </trkpt>
    <trkpt lat="42.120711" lon="-2.569788">
      <ele>1308.8</ele>
    </trkpt>
    <trkpt lat="42.121321" lon="-2.569728">
      <ele>1312.3</ele>
    </trkpt>
    <trkpt lat="42.121631" lon="-2.569808">
      <ele>1314.1</ele>
    </trkpt>
    <trkpt lat="42.122811" lon="-2.570428">
      <ele>1321.7</ele>
    </trkpt>
    <trkpt lat="42.123611" lon="-2.570948">
      <ele>1326.3</ele>
    </trkpt>
    <trkpt lat="42.123737" lon="-2.570916">
      <ele>1326.9</ele>
    </trkpt>
    <trkpt lat="42.123787" lon="-2.570864">
      <ele>1327.2</ele>
    </trkpt>
    <trkpt lat="42.124134" lon="-2.57061">
      <ele>1329</ele>
    </trkpt>
    <trkpt lat="42.124834" lon="-2.5704">
      <ele>1332</ele>
    </trkpt>
    <trkpt lat="42.125784" lon="-2.56983">
      <ele>1337.8</ele>
    </trkpt>
    <trkpt lat="42.126034" lon="-2.56963">
      <ele>1339.7</ele>
    </trkpt>
    <trkpt lat="42.126624" lon="-2.56888">
      <ele>1345.6</ele>
    </trkpt>
    <trkpt lat="42.126944" lon="-2.5687">
      <ele>1348.3</ele>
    </trkpt>
    <trkpt lat="42.12744" lon="-2.568775">
      <ele>1352.4</ele>
    </trkpt>
    <trkpt lat="42.127568" lon="-2.568947">
      <ele>1353.8</ele>
    </trkpt>
    <trkpt lat="42.127607" lon="-2.569148">
      <ele>1355</ele>
    </trkpt>
    <trkpt lat="42.127598" lon="-2.569325">
      <ele>1355.9</ele>
    </trkpt>
    <trkpt lat="42.12759" lon="-2.56951">
      <ele>1356.9</ele>
    </trkpt>
    <trkpt lat="42.127621" lon="-2.569607">
      <ele>1357.5</ele>
    </trkpt>
    <trkpt lat="42.127702" lon="-2.5697">
      <ele>1358.2</ele>
    </trkpt>
    <trkpt lat="42.128084" lon="-2.57003">
      <ele>1361.4</ele>
    </trkpt>
    <trkpt lat="42.128233" lon="-2.570105">
      <ele>1362.4</ele>
    </trkpt>
    <trkpt lat="42.128999" lon="-2.570256">
      <ele>1366.9</ele>
    </trkpt>
    <trkpt lat="42.129117" lon="-2.570221">
      <ele>1367.5</ele>
    </trkpt>
    <trkpt lat="42.129223" lon="-2.57012">
      <ele>1368.2</ele>
    </trkpt>
    <trkpt lat="42.129364" lon="-2.569852">
      <ele>1369.6</ele>
    </trkpt>
    <trkpt lat="42.129726" lon="-2.56898">
      <ele>1374.3</ele>
    </trkpt>
    <trkpt lat="42.130045" lon="-2.568476">
      <ele>1377.8</ele>
    </trkpt>
    <trkpt lat="42.130102" lon="-2.568302">
      <ele>1378.8</ele>
    </trkpt>
    <trkpt lat="42.130147" lon="-2.567944">
      <ele>1380.8</ele>
    </trkpt>
    <trkpt lat="42.130149" lon="-2.567769">
      <ele>1381.7</ele>
    </trkpt>
    <trkpt lat="42.130104" lon="-2.567293">
      <ele>1384.3</ele>
    </trkpt>
    <trkpt lat="42.130129" lon="-2.566966">
      <ele>1386</ele>
    </trkpt>
    <trkpt lat="42.130376" lon="-2.565685">
      <ele>1391.9</ele>
    </trkpt>
    <trkpt lat="42.130393" lon="-2.565138">
      <ele>1393.3</ele>
    </trkpt>
    <trkpt lat="42.130424" lon="-2.565056">
      <ele>1393.4</ele>
    </trkpt>
    <trkpt lat="42.130482" lon="-2.565008">
      <ele>1393.5</ele>
    </trkpt>
    <trkpt lat="42.130555" lon="-2.565003">
      <ele>1393.6</ele>
    </trkpt>
    <trkpt lat="42.130665" lon="-2.565059">
      <ele>1393.8</ele>
    </trkpt>
    <trkpt lat="42.130964" lon="-2.565337">
      <ele>1393.7</ele>
    </trkpt>
    <trkpt lat="42.131774" lon="-2.565904">
      <ele>1390.5</ele>
    </trkpt>
    <trkpt lat="42.132298" lon="-2.566429">
      <ele>1386.9</ele>
    </trkpt>
    <trkpt lat="42.132743" lon="-2.56695">
      <ele>1383</ele>
    </trkpt>
    <trkpt lat="42.132893" lon="-2.567087">
      <ele>1381.6</ele>
    </trkpt>
    <trkpt lat="42.132975" lon="-2.567137">
      <ele>1381</ele>
    </trkpt>
    <trkpt lat="42.133158" lon="-2.567186">
      <ele>1379.6</ele>
    </trkpt>
    <trkpt lat="42.133944" lon="-2.567134">
      <ele>1373.5</ele>
    </trkpt>
    <trkpt lat="42.134511" lon="-2.567283">
      <ele>1369.2</ele>
    </trkpt>
    <trkpt lat="42.134601" lon="-2.56734">
      <ele>1368.5</ele>
    </trkpt>
    <trkpt lat="42.134664" lon="-2.56743">
      <ele>1368</ele>
    </trkpt>
    <trkpt lat="42.134704" lon="-2.56782">
      <ele>1366.2</ele>
    </trkpt>
    <trkpt lat="42.134761" lon="-2.567888">
      <ele>1365.8</ele>
    </trkpt>
    <trkpt lat="42.1348" lon="-2.567864">
      <ele>1365.5</ele>
    </trkpt>
    <trkpt lat="42.134837" lon="-2.567775">
      <ele>1365.1</ele>
    </trkpt>
    <trkpt lat="42.134904" lon="-2.567255">
      <ele>1363.1</ele>
    </trkpt>
    <trkpt lat="42.13488" lon="-2.567032">
      <ele>1362.3</ele>
    </trkpt>
    <trkpt lat="42.134814" lon="-2.566902">
      <ele>1361.7</ele>
    </trkpt>
    <trkpt lat="42.134571" lon="-2.566607">
      <ele>1360.3</ele>
    </trkpt>
    <trkpt lat="42.133842" lon="-2.565975">
      <ele>1357.4</ele>
    </trkpt>
    <trkpt lat="42.13368" lon="-2.565879">
      <ele>1356.8</ele>
    </trkpt>
    <trkpt lat="42.133443" lon="-2.565844">
      <ele>1355.8</ele>
    </trkpt>
    <trkpt lat="42.133383" lon="-2.565808">
      <ele>1355.5</ele>
    </trkpt>
    <trkpt lat="42.133185" lon="-2.565465">
      <ele>1353.7</ele>
    </trkpt>
    <trkpt lat="42.132968" lon="-2.565286">
      <ele>1352.1</ele>
    </trkpt>
    <trkpt lat="42.13296" lon="-2.565224">
      <ele>1351.8</ele>
    </trkpt>
    <trkpt lat="42.132996" lon="-2.565156">
      <ele>1351.3</ele>
    </trkpt>
    <trkpt lat="42.133134" lon="-2.565156">
      <ele>1350.4</ele>
    </trkpt>
    <trkpt lat="42.133188" lon="-2.565192">
      <ele>1349.9</ele>
    </trkpt>
    <trkpt lat="42.133366" lon="-2.565308">
      <ele>1348.4</ele>
    </trkpt>
    <trkpt lat="42.133509" lon="-2.565355">
      <ele>1347.2</ele>
    </trkpt>
    <trkpt lat="42.133661" lon="-2.565331">
      <ele>1345.8</ele>
    </trkpt>
    <trkpt lat="42.133858" lon="-2.565236">
      <ele>1343.8</ele>
    </trkpt>
    <trkpt lat="42.134011" lon="-2.565198">
      <ele>1342.2</ele>
    </trkpt>
    <trkpt lat="42.134436" lon="-2.565316">
      <ele>1337.6</ele>
    </trkpt>
    <trkpt lat="42.134755" lon="-2.565367">
      <ele>1334.3</ele>
    </trkpt>
    <trkpt lat="42.134948" lon="-2.56536">
      <ele>1332.3</ele>
    </trkpt>
    <trkpt lat="42.135629" lon="-2.56489">
      <ele>1324.2</ele>
    </trkpt>
    <trkpt lat="42.136106" lon="-2.56426">
      <ele>1317.2</ele>
    </trkpt>
    <trkpt lat="42.136434" lon="-2.563965">
      <ele>1313.6</ele>
    </trkpt>
    <trkpt lat="42.136905" lon="-2.563631">
      <ele>1309.4</ele>
    </trkpt>
    <trkpt lat="42.137155" lon="-2.563521">
      <ele>1307.5</ele>
    </trkpt>
    <trkpt lat="42.13816" lon="-2.563203">
      <ele>1301.4</ele>
    </trkpt>
    <trkpt lat="42.138725" lon="-2.563167">
      <ele>1298.8</ele>
    </trkpt>
    <trkpt lat="42.139103" lon="-2.563109">
      <ele>1297.2</ele>
    </trkpt>
    <trkpt lat="42.139217" lon="-2.563119">
      <ele>1296.7</ele>
    </trkpt>
    <trkpt lat="42.139415" lon="-2.563219">
      <ele>1295.7</ele>
    </trkpt>
    <trkpt lat="42.139958" lon="-2.563824">
      <ele>1292.1</ele>
    </trkpt>
    <trkpt lat="42.140286" lon="-2.56403">
      <ele>1289.7</ele>
    </trkpt>
    <trkpt lat="42.141599" lon="-2.564363">
      <ele>1278.1</ele>
    </trkpt>
    <trkpt lat="42.142327" lon="-2.564723">
      <ele>1270.3</ele>
    </trkpt>
    <trkpt lat="42.142591" lon="-2.564797">
      <ele>1267.4</ele>
    </trkpt>
    <trkpt lat="42.142787" lon="-2.564802">
      <ele>1265.4</ele>
    </trkpt>
    <trkpt lat="42.14301" lon="-2.564721">
      <ele>1263</ele>
    </trkpt>
    <trkpt lat="42.143565" lon="-2.564371">
      <ele>1257.2</ele>
    </trkpt>
    <trkpt lat="42.143689" lon="-2.564325">
      <ele>1256.1</ele>
    </trkpt>
    <trkpt lat="42.143793" lon="-2.56431">
      <ele>1255.2</ele>
    </trkpt>
    <trkpt lat="42.144011" lon="-2.564341">
      <ele>1253.4</ele>
    </trkpt>
    <trkpt lat="42.14436" lon="-2.564505">
      <ele>1250.7</ele>
    </trkpt>
    <trkpt lat="42.144483" lon="-2.564527">
      <ele>1249.9</ele>
    </trkpt>
    <trkpt lat="42.144633" lon="-2.564496">
      <ele>1248.9</ele>
    </trkpt>
    <trkpt lat="42.144819" lon="-2.5644">
      <ele>1247.7</ele>
    </trkpt>
    <trkpt lat="42.144947" lon="-2.564263">
      <ele>1246.6</ele>
    </trkpt>
    <trkpt lat="42.144957" lon="-2.564182">
      <ele>1246.3</ele>
    </trkpt>
    <trkpt lat="42.144921" lon="-2.564107">
      <ele>1245.8</ele>
    </trkpt>
    <trkpt lat="42.144569" lon="-2.563995">
      <ele>1243.5</ele>
    </trkpt>
    <trkpt lat="42.144269" lon="-2.563861">
      <ele>1241.5</ele>
    </trkpt>
    <trkpt lat="42.144155" lon="-2.563789">
      <ele>1240.6</ele>
    </trkpt>
    <trkpt lat="42.144123" lon="-2.563722">
      <ele>1240.2</ele>
    </trkpt>
    <trkpt lat="42.144129" lon="-2.563657">
      <ele>1239.9</ele>
    </trkpt>
    <trkpt lat="42.144174" lon="-2.563606">
      <ele>1239.5</ele>
    </trkpt>
    <trkpt lat="42.144616" lon="-2.563438">
      <ele>1236.2</ele>
    </trkpt>
    <trkpt lat="42.145432" lon="-2.562815">
      <ele>1229.9</ele>
    </trkpt>
    <trkpt lat="42.14577" lon="-2.562616">
      <ele>1228</ele>
    </trkpt>
    <trkpt lat="42.14611" lon="-2.562564">
      <ele>1226.3</ele>
    </trkpt>
    <trkpt lat="42.146963" lon="-2.562661">
      <ele>1222.3</ele>
    </trkpt>
    <trkpt lat="42.147358" lon="-2.562671">
      <ele>1220.2</ele>
    </trkpt>
    <trkpt lat="42.147601" lon="-2.562583">
      <ele>1218.8</ele>
    </trkpt>
    <trkpt lat="42.147877" lon="-2.56242">
      <ele>1217</ele>
    </trkpt>
    <trkpt lat="42.147937" lon="-2.562355">
      <ele>1216.6</ele>
    </trkpt>
    <trkpt lat="42.147937" lon="-2.562251">
      <ele>1216.1</ele>
    </trkpt>
    <trkpt lat="42.147877" lon="-2.562198">
      <ele>1215.6</ele>
    </trkpt>
    <trkpt lat="42.147396" lon="-2.56224">
      <ele>1212.7</ele>
    </trkpt>
    <trkpt lat="42.147187" lon="-2.56217">
      <ele>1211.4</ele>
    </trkpt>
    <trkpt lat="42.146564" lon="-2.561805">
      <ele>1207.3</ele>
    </trkpt>
    <trkpt lat="42.14642" lon="-2.561761">
      <ele>1206.4</ele>
    </trkpt>
    <trkpt lat="42.145974" lon="-2.561878">
      <ele>1203.5</ele>
    </trkpt>
    <trkpt lat="42.145848" lon="-2.561852">
      <ele>1202.8</ele>
    </trkpt>
    <trkpt lat="42.145701" lon="-2.561758">
      <ele>1201.8</ele>
    </trkpt>
    <trkpt lat="42.145569" lon="-2.561714">
      <ele>1201</ele>
    </trkpt>
    <trkpt lat="42.145128" lon="-2.561746">
      <ele>1198.5</ele>
    </trkpt>
    <trkpt lat="42.144308" lon="-2.561724">
      <ele>1194.9</ele>
    </trkpt>
    <trkpt lat="42.144219" lon="-2.561742">
      <ele>1194.5</ele>
    </trkpt>
    <trkpt lat="42.144069" lon="-2.561828">
      <ele>1193.9</ele>
    </trkpt>
    <trkpt lat="42.143824" lon="-2.562088">
      <ele>1192.6</ele>
    </trkpt>
    <trkpt lat="42.14376" lon="-2.562123">
      <ele>1192.2</ele>
    </trkpt>
    <trkpt lat="42.143626" lon="-2.562119">
      <ele>1191.6</ele>
    </trkpt>
    <trkpt lat="42.143555" lon="-2.562045">
      <ele>1191.2</ele>
    </trkpt>
    <trkpt lat="42.143546" lon="-2.561953">
      <ele>1190.8</ele>
    </trkpt>
    <trkpt lat="42.143592" lon="-2.56186">
      <ele>1190.4</ele>
    </trkpt>
    <trkpt lat="42.144069" lon="-2.561496">
      <ele>1187</ele>
    </trkpt>
    <trkpt lat="42.145025" lon="-2.561243">
      <ele>1179</ele>
    </trkpt>
    <trkpt lat="42.145287" lon="-2.561126">
      <ele>1176.4</ele>
    </trkpt>
    <trkpt lat="42.145927" lon="-2.560553">
      <ele>1169</ele>
    </trkpt>
    <trkpt lat="42.146124" lon="-2.560338">
      <ele>1166.7</ele>
    </trkpt>
    <trkpt lat="42.146497" lon="-2.560089">
      <ele>1163.5</ele>
    </trkpt>
    <trkpt lat="42.146853" lon="-2.559519">
      <ele>1160.3</ele>
    </trkpt>
    <trkpt lat="42.14694" lon="-2.55944">
      <ele>1159.8</ele>
    </trkpt>
    <trkpt lat="42.147043" lon="-2.559426">
      <ele>1159.3</ele>
    </trkpt>
    <trkpt lat="42.147304" lon="-2.55953">
      <ele>1157.9</ele>
    </trkpt>
    <trkpt lat="42.147512" lon="-2.559568">
      <ele>1156.7</ele>
    </trkpt>
    <trkpt lat="42.147684" lon="-2.559556">
      <ele>1155.6</ele>
    </trkpt>
    <trkpt lat="42.147971" lon="-2.559484">
      <ele>1153.6</ele>
    </trkpt>
    <trkpt lat="42.14837" lon="-2.55924">
      <ele>1150</ele>
    </trkpt>
    <trkpt lat="42.148681" lon="-2.55913">
      <ele>1147.2</ele>
    </trkpt>
    <trkpt lat="42.148752" lon="-2.559066">
      <ele>1146.4</ele>
    </trkpt>
    <trkpt lat="42.148892" lon="-2.558758">
      <ele>1144</ele>
    </trkpt>
    <trkpt lat="42.148998" lon="-2.558721">
      <ele>1143.1</ele>
    </trkpt>
    <trkpt lat="42.149307" lon="-2.558945">
      <ele>1140.4</ele>
    </trkpt>
    <trkpt lat="42.149632" lon="-2.559134">
      <ele>1138</ele>
    </trkpt>
    <trkpt lat="42.150041" lon="-2.55946">
      <ele>1134.8</ele>
    </trkpt>
    <trkpt lat="42.15039" lon="-2.559598">
      <ele>1132.5</ele>
    </trkpt>
    <trkpt lat="42.150876" lon="-2.559619">
      <ele>1130</ele>
    </trkpt>
    <trkpt lat="42.150965" lon="-2.55965">
      <ele>1129.6</ele>
    </trkpt>
    <trkpt lat="42.151093" lon="-2.559768">
      <ele>1129</ele>
    </trkpt>
    <trkpt lat="42.15115" lon="-2.559865">
      <ele>1128.6</ele>
    </trkpt>
    <trkpt lat="42.151295" lon="-2.560278">
      <ele>1127.4</ele>
    </trkpt>
    <trkpt lat="42.151358" lon="-2.560534">
      <ele>1126.8</ele>
    </trkpt>
    <trkpt lat="42.151382" lon="-2.560767">
      <ele>1126.4</ele>
    </trkpt>
    <trkpt lat="42.151393" lon="-2.561309">
      <ele>1125.7</ele>
    </trkpt>
    <trkpt lat="42.151522" lon="-2.561707">
      <ele>1125.3</ele>
    </trkpt>
    <trkpt lat="42.151578" lon="-2.561988">
      <ele>1125</ele>
    </trkpt>
    <trkpt lat="42.151576" lon="-2.562263">
      <ele>1124.4</ele>
    </trkpt>
    <trkpt lat="42.151424" lon="-2.563293">
      <ele>1119.9</ele>
    </trkpt>
    <trkpt lat="42.151446" lon="-2.563403">
      <ele>1119.3</ele>
    </trkpt>
    <trkpt lat="42.151542" lon="-2.563509">
      <ele>1118.4</ele>
    </trkpt>
    <trkpt lat="42.151586" lon="-2.563519">
      <ele>1118</ele>
    </trkpt>
    <trkpt lat="42.151641" lon="-2.563499">
      <ele>1117.6</ele>
    </trkpt>
    <trkpt lat="42.151725" lon="-2.56341">
      <ele>1116.8</ele>
    </trkpt>
    <trkpt lat="42.151804" lon="-2.563275">
      <ele>1115.7</ele>
    </trkpt>
    <trkpt lat="42.151915" lon="-2.563004">
      <ele>1113.8</ele>
    </trkpt>
    <trkpt lat="42.152151" lon="-2.561833">
      <ele>1106</ele>
    </trkpt>
    <trkpt lat="42.152368" lon="-2.561259">
      <ele>1102.2</ele>
    </trkpt>
    <trkpt lat="42.152447" lon="-2.560691">
      <ele>1098.9</ele>
    </trkpt>
    <trkpt lat="42.152508" lon="-2.560458">
      <ele>1097.6</ele>
    </trkpt>
    <trkpt lat="42.152841" lon="-2.559282">
      <ele>1090.9</ele>
    </trkpt>
    <trkpt lat="42.152936" lon="-2.558981">
      <ele>1089.2</ele>
    </trkpt>
    <trkpt lat="42.153058" lon="-2.558709">
      <ele>1087.7</ele>
    </trkpt>
    <trkpt lat="42.153187" lon="-2.558551">
      <ele>1086.7</ele>
    </trkpt>
    <trkpt lat="42.153594" lon="-2.558186">
      <ele>1084</ele>
    </trkpt>
    <trkpt lat="42.153863" lon="-2.55786">
      <ele>1082.3</ele>
    </trkpt>
    <trkpt lat="42.154477" lon="-2.557307">
      <ele>1079.2</ele>
    </trkpt>
    <trkpt lat="42.155253" lon="-2.556825">
      <ele>1075.1</ele>
    </trkpt>
    <trkpt lat="42.155809" lon="-2.556649">
      <ele>1072</ele>
    </trkpt>
    <trkpt lat="42.156307" lon="-2.556517">
      <ele>1069.1</ele>
    </trkpt>
    <trkpt lat="42.156395" lon="-2.556494">
      <ele>1068.6</ele>
    </trkpt>
    <trkpt lat="42.156438" lon="-2.556483">
      <ele>1068.3</ele>
    </trkpt>
    <trkpt lat="42.156904" lon="-2.556402">
      <ele>1065.7</ele>
    </trkpt>
    <trkpt lat="42.158575" lon="-2.556283">
      <ele>1058</ele>
    </trkpt>
    <trkpt lat="42.158848" lon="-2.556199">
      <ele>1056.7</ele>
    </trkpt>
    <trkpt lat="42.159079" lon="-2.556073">
      <ele>1055.6</ele>
    </trkpt>
    <trkpt lat="42.159453" lon="-2.555749">
      <ele>1053.7</ele>
    </trkpt>
    <trkpt lat="42.160465" lon="-2.554566">
      <ele>1047.8</ele>
    </trkpt>
    <trkpt lat="42.160604" lon="-2.554344">
      <ele>1046.9</ele>
    </trkpt>
    <trkpt lat="42.160804" lon="-2.553836">
      <ele>1044.9</ele>
    </trkpt>
    <trkpt lat="42.160978" lon="-2.553618">
      <ele>1043.8</ele>
    </trkpt>
    <trkpt lat="42.161043" lon="-2.553552">
      <ele>1043.3</ele>
    </trkpt>
    <trkpt lat="42.161188" lon="-2.553337">
      <ele>1042.2</ele>
    </trkpt>
    <trkpt lat="42.16131" lon="-2.552944">
      <ele>1040.5</ele>
    </trkpt>
    <trkpt lat="42.161421" lon="-2.552675">
      <ele>1039.2</ele>
    </trkpt>
    <trkpt lat="42.161723" lon="-2.552248">
      <ele>1036.6</ele>
    </trkpt>
    <trkpt lat="42.161815" lon="-2.552022">
      <ele>1035.5</ele>
    </trkpt>
    <trkpt lat="42.161852" lon="-2.551601">
      <ele>1033.8</ele>
    </trkpt>
    <trkpt lat="42.161909" lon="-2.551347">
      <ele>1032.9</ele>
    </trkpt>
    <trkpt lat="42.162003" lon="-2.551137">
      <ele>1032.1</ele>
    </trkpt>
    <trkpt lat="42.162133" lon="-2.550948">
      <ele>1031.5</ele>
    </trkpt>
    <trkpt lat="42.162193" lon="-2.550871">
      <ele>1031.2</ele>
    </trkpt>
    <trkpt lat="42.16238" lon="-2.550679">
      <ele>1030.4</ele>
    </trkpt>
    <trkpt lat="42.162464" lon="-2.550634">
      <ele>1030.1</ele>
    </trkpt>
    <trkpt lat="42.162666" lon="-2.550595">
      <ele>1029.5</ele>
    </trkpt>
    <trkpt lat="42.162982" lon="-2.550621">
      <ele>1028.7</ele>
    </trkpt>
    <trkpt lat="42.163168" lon="-2.550604">
      <ele>1028.2</ele>
    </trkpt>
    <trkpt lat="42.165212" lon="-2.549982">
      <ele>1021.7</ele>
    </trkpt>
    <trkpt lat="42.165289" lon="-2.549955">
      <ele>1021.6</ele>
    </trkpt>
    <trkpt lat="42.165334" lon="-2.549939">
      <ele>1021.6</ele>
    </trkpt>
    <trkpt lat="42.165508" lon="-2.549853">
      <ele>1021.4</ele>
    </trkpt>
    <trkpt lat="42.16565" lon="-2.549724">
      <ele>1021.3</ele>
    </trkpt>
    <trkpt lat="42.165997" lon="-2.549453">
      <ele>1021.3</ele>
    </trkpt>
    <trkpt lat="42.166652" lon="-2.548969">
      <ele>1022.3</ele>
    </trkpt>
    <trkpt lat="42.167175" lon="-2.548762">
      <ele>1022.5</ele>
    </trkpt>
    <trkpt lat="42.167323" lon="-2.548658">
      <ele>1022.5</ele>
    </trkpt>
    <trkpt lat="42.167605" lon="-2.548385">
      <ele>1022.3</ele>
    </trkpt>
    <trkpt lat="42.168152" lon="-2.548116">
      <ele>1021.9</ele>
    </trkpt>
    <trkpt lat="42.168517" lon="-2.547739">
      <ele>1021.3</ele>
    </trkpt>
    <trkpt lat="42.169081" lon="-2.547318">
      <ele>1020.6</ele>
    </trkpt>
    <trkpt lat="42.17004" lon="-2.546437">
      <ele>1017.7</ele>
    </trkpt>
    <trkpt lat="42.170407" lon="-2.545988">
      <ele>1015.8</ele>
    </trkpt>
    <trkpt lat="42.170484" lon="-2.545892">
      <ele>1015.4</ele>
    </trkpt>
    <trkpt lat="42.170515" lon="-2.545803">
      <ele>1015.2</ele>
    </trkpt>
    <trkpt lat="42.170535" lon="-2.545329">
      <ele>1014</ele>
    </trkpt>
    <trkpt lat="42.170697" lon="-2.544883">
      <ele>1013.2</ele>
    </trkpt>
    <trkpt lat="42.171157" lon="-2.544278">
      <ele>1013.9</ele>
    </trkpt>
    <trkpt lat="42.171414" lon="-2.544124">
      <ele>1014.6</ele>
    </trkpt>
    <trkpt lat="42.171571" lon="-2.544077">
      <ele>1015</ele>
    </trkpt>
    <trkpt lat="42.172057" lon="-2.54401">
      <ele>1016.7</ele>
    </trkpt>
    <trkpt lat="42.172212" lon="-2.54396">
      <ele>1017.3</ele>
    </trkpt>
    <trkpt lat="42.172565" lon="-2.54372">
      <ele>1018.9</ele>
    </trkpt>
    <trkpt lat="42.172708" lon="-2.543677">
      <ele>1019.5</ele>
    </trkpt>
    <trkpt lat="42.172825" lon="-2.543687">
      <ele>1019.9</ele>
    </trkpt>
    <trkpt lat="42.172908" lon="-2.5437">
      <ele>1020.3</ele>
    </trkpt>
    <trkpt lat="42.172959" lon="-2.543693">
      <ele>1020.4</ele>
    </trkpt>
    <trkpt lat="42.173005" lon="-2.543674">
      <ele>1020.6</ele>
    </trkpt>
    <trkpt lat="42.173241" lon="-2.543539">
      <ele>1021.5</ele>
    </trkpt>
    <trkpt lat="42.17347" lon="-2.543367">
      <ele>1022.6</ele>
    </trkpt>
    <trkpt lat="42.173807" lon="-2.542898">
      <ele>1024.7</ele>
    </trkpt>
    <trkpt lat="42.173963" lon="-2.542704">
      <ele>1025.3</ele>
    </trkpt>
    <trkpt lat="42.174386" lon="-2.542307">
      <ele>1026.9</ele>
    </trkpt>
    <trkpt lat="42.174532" lon="-2.542174">
      <ele>1027.4</ele>
    </trkpt>
    <trkpt lat="42.174592" lon="-2.542119">
      <ele>1027.5</ele>
    </trkpt>
    <trkpt lat="42.174757" lon="-2.541969">
      <ele>1027.8</ele>
    </trkpt>
    <trkpt lat="42.175225" lon="-2.541551">
      <ele>1027.2</ele>
    </trkpt>
    <trkpt lat="42.175431" lon="-2.541363">
      <ele>1026.6</ele>
    </trkpt>
    <trkpt lat="42.175879" lon="-2.540964">
      <ele>1024.9</ele>
    </trkpt>
    <trkpt lat="42.176322" lon="-2.540558">
      <ele>1022.6</ele>
    </trkpt>
    <trkpt lat="42.176695" lon="-2.540221">
      <ele>1020.2</ele>
    </trkpt>
    <trkpt lat="42.176725" lon="-2.540195">
      <ele>1020</ele>
    </trkpt>
    <trkpt lat="42.176914" lon="-2.540028">
      <ele>1018.9</ele>
    </trkpt>
    <trkpt lat="42.177113" lon="-2.539849">
      <ele>1017.5</ele>
    </trkpt>
    <trkpt lat="42.177365" lon="-2.539638">
      <ele>1015.5</ele>
    </trkpt>
    <trkpt lat="42.177589" lon="-2.539515">
      <ele>1013.9</ele>
    </trkpt>
    <trkpt lat="42.177836" lon="-2.539467">
      <ele>1012.1</ele>
    </trkpt>
    <trkpt lat="42.178041" lon="-2.539434">
      <ele>1010.5</ele>
    </trkpt>
    <trkpt lat="42.178215" lon="-2.539323">
      <ele>1008.9</ele>
    </trkpt>
    <trkpt lat="42.178443" lon="-2.538937">
      <ele>1006</ele>
    </trkpt>
    <trkpt lat="42.178747" lon="-2.538517">
      <ele>1002.8</ele>
    </trkpt>
    <trkpt lat="42.179515" lon="-2.537923">
      <ele>996.2</ele>
    </trkpt>
    <trkpt lat="42.179611" lon="-2.537778">
      <ele>995.1</ele>
    </trkpt>
    <trkpt lat="42.179678" lon="-2.537554">
      <ele>993.7</ele>
    </trkpt>
    <trkpt lat="42.179796" lon="-2.536953">
      <ele>990.2</ele>
    </trkpt>
    <trkpt lat="42.179892" lon="-2.536713">
      <ele>988.6</ele>
    </trkpt>
    <trkpt lat="42.180683" lon="-2.535604">
      <ele>982.3</ele>
    </trkpt>
    <trkpt lat="42.180762" lon="-2.535549">
      <ele>982</ele>
    </trkpt>
    <trkpt lat="42.180887" lon="-2.535517">
      <ele>981.5</ele>
    </trkpt>
    <trkpt lat="42.181009" lon="-2.535525">
      <ele>981.1</ele>
    </trkpt>
    <trkpt lat="42.181207" lon="-2.535604">
      <ele>980.3</ele>
    </trkpt>
    <trkpt lat="42.181322" lon="-2.535733">
      <ele>979.8</ele>
    </trkpt>
    <trkpt lat="42.181444" lon="-2.535936">
      <ele>979.2</ele>
    </trkpt>
    <trkpt lat="42.181488" lon="-2.535967">
      <ele>979</ele>
    </trkpt>
    <trkpt lat="42.181573" lon="-2.535971">
      <ele>978.8</ele>
    </trkpt>
    <trkpt lat="42.181613" lon="-2.535951">
      <ele>978.6</ele>
    </trkpt>
    <trkpt lat="42.181781" lon="-2.535744">
      <ele>978</ele>
    </trkpt>
    <trkpt lat="42.181865" lon="-2.535691">
      <ele>977.7</ele>
    </trkpt>
    <trkpt lat="42.184048" lon="-2.534887">
      <ele>968.5</ele>
    </trkpt>
    <trkpt lat="42.184348" lon="-2.534765">
      <ele>967.7</ele>
    </trkpt>
    <trkpt lat="42.184459" lon="-2.534692">
      <ele>967.4</ele>
    </trkpt>
    <trkpt lat="42.184487" lon="-2.534647">
      <ele>967.2</ele>
    </trkpt>
    <trkpt lat="42.184581" lon="-2.534294">
      <ele>966.4</ele>
    </trkpt>
    <trkpt lat="42.184629" lon="-2.53423">
      <ele>966.3</ele>
    </trkpt>
    <trkpt lat="42.18491" lon="-2.534127">
      <ele>965.5</ele>
    </trkpt>
    <trkpt lat="42.185046" lon="-2.534046">
      <ele>965.1</ele>
    </trkpt>
    <trkpt lat="42.185348" lon="-2.533824">
      <ele>963.7</ele>
    </trkpt>
    <trkpt lat="42.186884" lon="-2.532378">
      <ele>956.3</ele>
    </trkpt>
    <trkpt lat="42.188349" lon="-2.530482">
      <ele>948.7</ele>
    </trkpt>
    <trkpt lat="42.188556" lon="-2.530048">
      <ele>948.6</ele>
    </trkpt>
    <trkpt lat="42.188594" lon="-2.529952">
      <ele>948.7</ele>
    </trkpt>
    <trkpt lat="42.188693" lon="-2.529781">
      <ele>948.9</ele>
    </trkpt>
    <trkpt lat="42.188973" lon="-2.529645">
      <ele>949.5</ele>
    </trkpt>
    <trkpt lat="42.189119" lon="-2.529535">
      <ele>949.9</ele>
    </trkpt>
    <trkpt lat="42.189578" lon="-2.528892">
      <ele>951</ele>
    </trkpt>
    <trkpt lat="42.189657" lon="-2.5288">
      <ele>951.1</ele>
    </trkpt>
    <trkpt lat="42.189786" lon="-2.528707">
      <ele>951.2</ele>
    </trkpt>
    <trkpt lat="42.190133" lon="-2.528582">
      <ele>951.7</ele>
    </trkpt>
    <trkpt lat="42.190296" lon="-2.528556">
      <ele>951.9</ele>
    </trkpt>
    <trkpt lat="42.19066" lon="-2.528564">
      <ele>952</ele>
    </trkpt>
    <trkpt lat="42.190766" lon="-2.528544">
      <ele>951.9</ele>
    </trkpt>
    <trkpt lat="42.19089" lon="-2.528469">
      <ele>951.7</ele>
    </trkpt>
    <trkpt lat="42.191073" lon="-2.528276">
      <ele>951.5</ele>
    </trkpt>
    <trkpt lat="42.191229" lon="-2.528011">
      <ele>951</ele>
    </trkpt>
    <trkpt lat="42.191331" lon="-2.527772">
      <ele>950.6</ele>
    </trkpt>
    <trkpt lat="42.191549" lon="-2.527518">
      <ele>949.8</ele>
    </trkpt>
    <trkpt lat="42.191706" lon="-2.527439">
      <ele>949.3</ele>
    </trkpt>
    <trkpt lat="42.192086" lon="-2.527419">
      <ele>947.7</ele>
    </trkpt>
    <trkpt lat="42.19235" lon="-2.527443">
      <ele>946.1</ele>
    </trkpt>
    <trkpt lat="42.192712" lon="-2.527531">
      <ele>943.7</ele>
    </trkpt>
    <trkpt lat="42.193004" lon="-2.527469">
      <ele>942.1</ele>
    </trkpt>
    <trkpt lat="42.193237" lon="-2.527288">
      <ele>941.2</ele>
    </trkpt>
    <trkpt lat="42.193547" lon="-2.526928">
      <ele>940.5</ele>
    </trkpt>
    <trkpt lat="42.193701" lon="-2.526692">
      <ele>940.1</ele>
    </trkpt>
    <trkpt lat="42.193902" lon="-2.526226">
      <ele>939.5</ele>
    </trkpt>
    <trkpt lat="42.195559" lon="-2.522071">
      <ele>926.9</ele>
    </trkpt>
    <trkpt lat="42.196092" lon="-2.520705">
      <ele>920.7</ele>
    </trkpt>
    <trkpt lat="42.196359" lon="-2.520029">
      <ele>918.5</ele>
    </trkpt>
    <trkpt lat="42.196458" lon="-2.519834">
      <ele>918</ele>
    </trkpt>
    <trkpt lat="42.196611" lon="-2.519471">
      <ele>917.3</ele>
    </trkpt>
    <trkpt lat="42.196577" lon="-2.518966">
      <ele>916.7</ele>
    </trkpt>
    <trkpt lat="42.196639" lon="-2.518624">
      <ele>916.4</ele>
    </trkpt>
    <trkpt lat="42.196775" lon="-2.51828">
      <ele>916.2</ele>
    </trkpt>
    <trkpt lat="42.197266" lon="-2.517598">
      <ele>915.4</ele>
    </trkpt>
    <trkpt lat="42.199403" lon="-2.513966">
      <ele>909.9</ele>
    </trkpt>
    <trkpt lat="42.201261" lon="-2.510828">
      <ele>908.2</ele>
    </trkpt>
    <trkpt lat="42.20147" lon="-2.510557">
      <ele>907.3</ele>
    </trkpt>
    <trkpt lat="42.201898" lon="-2.51014">
      <ele>904.9</ele>
    </trkpt>
    <trkpt lat="42.202361" lon="-2.509764">
      <ele>902</ele>
    </trkpt>
    <trkpt lat="42.20281" lon="-2.509504">
      <ele>899.4</ele>
    </trkpt>
    <trkpt lat="42.203868" lon="-2.508965">
      <ele>896.1</ele>
    </trkpt>
    <trkpt lat="42.204037" lon="-2.50873">
      <ele>896</ele>
    </trkpt>
    <trkpt lat="42.204176" lon="-2.508433">
      <ele>895.8</ele>
    </trkpt>
    <trkpt lat="42.204413" lon="-2.507774">
      <ele>894.4</ele>
    </trkpt>
    <trkpt lat="42.204594" lon="-2.507414">
      <ele>893.2</ele>
    </trkpt>
    <trkpt lat="42.204748" lon="-2.507279">
      <ele>892.5</ele>
    </trkpt>
    <trkpt lat="42.204863" lon="-2.507284">
      <ele>891.9</ele>
    </trkpt>
    <trkpt lat="42.205008" lon="-2.507353">
      <ele>891.2</ele>
    </trkpt>
    <trkpt lat="42.205171" lon="-2.507376">
      <ele>890.4</ele>
    </trkpt>
    <trkpt lat="42.205459" lon="-2.507332">
      <ele>888.8</ele>
    </trkpt>
    <trkpt lat="42.205694" lon="-2.507246">
      <ele>887.3</ele>
    </trkpt>
    <trkpt lat="42.205838" lon="-2.507155">
      <ele>886.3</ele>
    </trkpt>
    <trkpt lat="42.207715" lon="-2.505422">
      <ele>879.4</ele>
    </trkpt>
    <trkpt lat="42.207972" lon="-2.505226">
      <ele>878.7</ele>
    </trkpt>
    <trkpt lat="42.209631" lon="-2.504513">
      <ele>875.2</ele>
    </trkpt>
    <trkpt lat="42.209722" lon="-2.504479">
      <ele>875</ele>
    </trkpt>
    <trkpt lat="42.209866" lon="-2.504483">
      <ele>874.9</ele>
    </trkpt>
    <trkpt lat="42.210028" lon="-2.504524">
      <ele>874.7</ele>
    </trkpt>
    <trkpt lat="42.210152" lon="-2.504521">
      <ele>874.5</ele>
    </trkpt>
    <trkpt lat="42.210266" lon="-2.504407">
      <ele>874.4</ele>
    </trkpt>
    <trkpt lat="42.210399" lon="-2.504177">
      <ele>874.2</ele>
    </trkpt>
    <trkpt lat="42.210475" lon="-2.503965">
      <ele>874</ele>
    </trkpt>
    <trkpt lat="42.210529" lon="-2.50364">
      <ele>873.7</ele>
    </trkpt>
    <trkpt lat="42.210584" lon="-2.502174">
      <ele>871.4</ele>
    </trkpt>
    <trkpt lat="42.210624" lon="-2.501833">
      <ele>870.9</ele>
    </trkpt>
    <trkpt lat="42.210713" lon="-2.501386">
      <ele>870.3</ele>
    </trkpt>
    <trkpt lat="42.210808" lon="-2.50114">
      <ele>869.9</ele>
    </trkpt>
    <trkpt lat="42.210877" lon="-2.501026">
      <ele>869.8</ele>
    </trkpt>
    <trkpt lat="42.211441" lon="-2.500329">
      <ele>868.5</ele>
    </trkpt>
    <trkpt lat="42.211647" lon="-2.499909">
      <ele>867.8</ele>
    </trkpt>
    <trkpt lat="42.211714" lon="-2.499699">
      <ele>867.4</ele>
    </trkpt>
    <trkpt lat="42.2125" lon="-2.496415">
      <ele>861.6</ele>
    </trkpt>
    <trkpt lat="42.21261" lon="-2.496091">
      <ele>861</ele>
    </trkpt>
    <trkpt lat="42.213259" lon="-2.495103">
      <ele>859.4</ele>
    </trkpt>
    <trkpt lat="42.21348" lon="-2.494855">
      <ele>859.2</ele>
    </trkpt>
    <trkpt lat="42.214557" lon="-2.494143">
      <ele>860</ele>
    </trkpt>
    <trkpt lat="42.214929" lon="-2.49393">
      <ele>859.8</ele>
    </trkpt>
    <trkpt lat="42.215074" lon="-2.493797">
      <ele>859.5</ele>
    </trkpt>
    <trkpt lat="42.215259" lon="-2.493525">
      <ele>858.8</ele>
    </trkpt>
    <trkpt lat="42.215334" lon="-2.493372">
      <ele>858.4</ele>
    </trkpt>
    <trkpt lat="42.215457" lon="-2.493005">
      <ele>857.2</ele>
    </trkpt>
    <trkpt lat="42.215519" lon="-2.492578">
      <ele>855.7</ele>
    </trkpt>
    <trkpt lat="42.215592" lon="-2.492262">
      <ele>854.4</ele>
    </trkpt>
    <trkpt lat="42.215797" lon="-2.491809">
      <ele>852.5</ele>
    </trkpt>
    <trkpt lat="42.216008" lon="-2.491425">
      <ele>851</ele>
    </trkpt>
    <trkpt lat="42.216126" lon="-2.491261">
      <ele>850.5</ele>
    </trkpt>
    <trkpt lat="42.216709" lon="-2.490617">
      <ele>849.2</ele>
    </trkpt>
    <trkpt lat="42.216902" lon="-2.490406">
      <ele>849.1</ele>
    </trkpt>
    <trkpt lat="42.216938" lon="-2.490369">
      <ele>849</ele>
    </trkpt>
    <trkpt lat="42.217029" lon="-2.490276">
      <ele>849</ele>
    </trkpt>
    <trkpt lat="42.217066" lon="-2.490234">
      <ele>849</ele>
    </trkpt>
    <trkpt lat="42.21728" lon="-2.489973">
      <ele>848.9</ele>
    </trkpt>
    <trkpt lat="42.217487" lon="-2.489616">
      <ele>848.7</ele>
    </trkpt>
    <trkpt lat="42.217561" lon="-2.489355">
      <ele>848.5</ele>
    </trkpt>
    <trkpt lat="42.217593" lon="-2.488896">
      <ele>848.1</ele>
    </trkpt>
    <trkpt lat="42.217575" lon="-2.488574">
      <ele>847.6</ele>
    </trkpt>
    <trkpt lat="42.217488" lon="-2.488093">
      <ele>847</ele>
    </trkpt>
    <trkpt lat="42.217498" lon="-2.487865">
      <ele>846.6</ele>
    </trkpt>
    <trkpt lat="42.217659" lon="-2.487333">
      <ele>845.6</ele>
    </trkpt>
    <trkpt lat="42.217854" lon="-2.486833">
      <ele>844.8</ele>
    </trkpt>
    <trkpt lat="42.217987" lon="-2.486645">
      <ele>844.4</ele>
    </trkpt>
    <trkpt lat="42.218581" lon="-2.485985">
      <ele>843.3</ele>
    </trkpt>
    <trkpt lat="42.218977" lon="-2.485329">
      <ele>842.5</ele>
    </trkpt>
    <trkpt lat="42.219049" lon="-2.48503">
      <ele>842.2</ele>
    </trkpt>
    <trkpt lat="42.219081" lon="-2.484481">
      <ele>841.4</ele>
    </trkpt>
    <trkpt lat="42.219052" lon="-2.484214">
      <ele>841.1</ele>
    </trkpt>
    <trkpt lat="42.218965" lon="-2.483832">
      <ele>840.5</ele>
    </trkpt>
    <trkpt lat="42.218961" lon="-2.483603">
      <ele>840.2</ele>
    </trkpt>
    <trkpt lat="42.219031" lon="-2.483444">
      <ele>839.9</ele>
    </trkpt>
    <trkpt lat="42.21924" lon="-2.483147">
      <ele>839.1</ele>
    </trkpt>
    <trkpt lat="42.219297" lon="-2.482964">
      <ele>838.8</ele>
    </trkpt>
    <trkpt lat="42.219374" lon="-2.4825">
      <ele>837.9</ele>
    </trkpt>
    <trkpt lat="42.219431" lon="-2.482341">
      <ele>837.5</ele>
    </trkpt>
    <trkpt lat="42.219518" lon="-2.48216">
      <ele>837.2</ele>
    </trkpt>
    <trkpt lat="42.220642" lon="-2.480381">
      <ele>835.7</ele>
    </trkpt>
    <trkpt lat="42.22084" lon="-2.480239">
      <ele>835.7</ele>
    </trkpt>
    <trkpt lat="42.22099" lon="-2.480219">
      <ele>835.7</ele>
    </trkpt>
    <trkpt lat="42.221212" lon="-2.48027">
      <ele>835.6</ele>
    </trkpt>
    <trkpt lat="42.221513" lon="-2.480387">
      <ele>835.6</ele>
    </trkpt>
    <trkpt lat="42.221634" lon="-2.480431">
      <ele>835.6</ele>
    </trkpt>
    <trkpt lat="42.221663" lon="-2.480442">
      <ele>835.6</ele>
    </trkpt>
    <trkpt lat="42.222479" lon="-2.480758">
      <ele>835.2</ele>
    </trkpt>
    <trkpt lat="42.223683" lon="-2.481065">
      <ele>835.4</ele>
    </trkpt>
    <trkpt lat="42.224263" lon="-2.481403">
      <ele>834.6</ele>
    </trkpt>
    <trkpt lat="42.224359" lon="-2.481431">
      <ele>834.4</ele>
    </trkpt>
    <trkpt lat="42.224457" lon="-2.481439">
      <ele>834.3</ele>
    </trkpt>
    <trkpt lat="42.224854" lon="-2.481345">
      <ele>833.1</ele>
    </trkpt>
    <trkpt lat="42.225419" lon="-2.481204">
      <ele>831</ele>
    </trkpt>
    <trkpt lat="42.225684" lon="-2.481088">
      <ele>830.2</ele>
    </trkpt>
    <trkpt lat="42.225801" lon="-2.481">
      <ele>829.9</ele>
    </trkpt>
    <trkpt lat="42.226008" lon="-2.480731">
      <ele>829.5</ele>
    </trkpt>
    <trkpt lat="42.226757" lon="-2.480122">
      <ele>828.9</ele>
    </trkpt>
    <trkpt lat="42.22775" lon="-2.47948">
      <ele>828.7</ele>
    </trkpt>
    <trkpt lat="42.22796" lon="-2.47927">
      <ele>828.3</ele>
    </trkpt>
    <trkpt lat="42.22814" lon="-2.4788">
      <ele>827.3</ele>
    </trkpt>
    <trkpt lat="42.22865" lon="-2.47803">
      <ele>824.4</ele>
    </trkpt>
    <trkpt lat="42.22927" lon="-2.47671">
      <ele>820.4</ele>
    </trkpt>
    <trkpt lat="42.229778" lon="-2.475993">
      <ele>819.3</ele>
    </trkpt>
    <trkpt lat="42.230253" lon="-2.475321">
      <ele>819.1</ele>
    </trkpt>
    <trkpt lat="42.230952" lon="-2.474583">
      <ele>820.8</ele>
    </trkpt>
    <trkpt lat="42.231147" lon="-2.474923">
      <ele>821.7</ele>
    </trkpt>
    <trkpt lat="42.231259" lon="-2.475121">
      <ele>822.3</ele>
    </trkpt>
    <trkpt lat="42.231484" lon="-2.475351">
      <ele>823.4</ele>
    </trkpt>
    <trkpt lat="42.231404" lon="-2.474938">
      <ele>825.1</ele>
    </trkpt>
    <trkpt lat="42.231507" lon="-2.474477">
      <ele>826.6</ele>
    </trkpt>
    <trkpt lat="42.231531" lon="-2.474227">
      <ele>827.2</ele>
    </trkpt>
    <trkpt lat="42.231605" lon="-2.474167">
      <ele>827.5</ele>
    </trkpt>
    <trkpt lat="42.231722" lon="-2.474228">
      <ele>827.9</ele>
    </trkpt>
    <trkpt lat="42.231863" lon="-2.474181">
      <ele>828.2</ele>
    </trkpt>
    <trkpt lat="42.231906" lon="-2.474247">
      <ele>828.4</ele>
    </trkpt>
    <trkpt lat="42.231907" lon="-2.474291">
      <ele>828.4</ele>
    </trkpt>
    <trkpt lat="42.23191" lon="-2.474379">
      <ele>828.6</ele>
    </trkpt>
    <trkpt lat="42.231803" lon="-2.474479">
      <ele>828.9</ele>
    </trkpt>
    <trkpt lat="42.23167" lon="-2.474858">
      <ele>829.5</ele>
    </trkpt>
    <trkpt lat="42.231834" lon="-2.475048">
      <ele>829.7</ele>
    </trkpt>
    <trkpt lat="42.23167" lon="-2.474858">
      <ele>829.4</ele>
    </trkpt>
    <trkpt lat="42.231803" lon="-2.474479">
      <ele>828.1</ele>
    </trkpt>
    <trkpt lat="42.23191" lon="-2.474379">
      <ele>827.4</ele>
    </trkpt>
    <trkpt lat="42.231907" lon="-2.474291">
      <ele>827.1</ele>
    </trkpt>
    <trkpt lat="42.231906" lon="-2.474247">
      <ele>826.9</ele>
    </trkpt>
    <trkpt lat="42.231863" lon="-2.474181">
      <ele>826.4</ele>
    </trkpt>
    <trkpt lat="42.231722" lon="-2.474228">
      <ele>825.5</ele>
    </trkpt>
    <trkpt lat="42.231605" lon="-2.474167">
      <ele>824.8</ele>
    </trkpt>
    <trkpt lat="42.231531" lon="-2.474227">
      <ele>824.2</ele>
    </trkpt>
    <trkpt lat="42.231148" lon="-2.473566">
      <ele>820.3</ele>
    </trkpt>
    <trkpt lat="42.231074" lon="-2.473595">
      <ele>819.7</ele>
    </trkpt>
    <trkpt lat="42.230959" lon="-2.473714">
      <ele>818.7</ele>
    </trkpt>
    <trkpt lat="42.23103" lon="-2.47358">
      <ele>818</ele>
    </trkpt>
    <trkpt lat="42.231101" lon="-2.473504">
      <ele>817.5</ele>
    </trkpt>
    <trkpt lat="42.23136" lon="-2.4733">
      <ele>816.1</ele>
    </trkpt>
    <trkpt lat="42.23184" lon="-2.47302">
      <ele>815.3</ele>
    </trkpt>
    <trkpt lat="42.23256" lon="-2.472352">
      <ele>816.1</ele>
    </trkpt>
    <trkpt lat="42.232892" lon="-2.472186">
      <ele>816.5</ele>
    </trkpt>
    <trkpt lat="42.233071" lon="-2.472176">
      <ele>816.7</ele>
    </trkpt>
    <trkpt lat="42.233331" lon="-2.472214">
      <ele>817</ele>
    </trkpt>
    <trkpt lat="42.233894" lon="-2.472338">
      <ele>817.9</ele>
    </trkpt>
    <trkpt lat="42.2344" lon="-2.47236">
      <ele>818.6</ele>
    </trkpt>
    <trkpt lat="42.23514" lon="-2.472166">
      <ele>818.5</ele>
    </trkpt>
    <trkpt lat="42.235395" lon="-2.472072">
      <ele>818.1</ele>
    </trkpt>
    <trkpt lat="42.236307" lon="-2.471283">
      <ele>814.4</ele>
    </trkpt>
    <trkpt lat="42.237732" lon="-2.470109">
      <ele>808.1</ele>
    </trkpt>
    <trkpt lat="42.237907" lon="-2.470015">
      <ele>807.8</ele>
    </trkpt>
    <trkpt lat="42.238543" lon="-2.469857">
      <ele>807.3</ele>
    </trkpt>
    <trkpt lat="42.239532" lon="-2.469188">
      <ele>806.5</ele>
    </trkpt>
    <trkpt lat="42.239686" lon="-2.469035">
      <ele>806.2</ele>
    </trkpt>
    <trkpt lat="42.240173" lon="-2.467878">
      <ele>804.2</ele>
    </trkpt>
    <trkpt lat="42.24075" lon="-2.46716">
      <ele>802.9</ele>
    </trkpt>
    <trkpt lat="42.240879" lon="-2.46696">
      <ele>802.6</ele>
    </trkpt>
    <trkpt lat="42.242459" lon="-2.463636">
      <ele>798.7</ele>
    </trkpt>
    <trkpt lat="42.242565" lon="-2.463203">
      <ele>798</ele>
    </trkpt>
    <trkpt lat="42.242629" lon="-2.462621">
      <ele>797.2</ele>
    </trkpt>
    <trkpt lat="42.242696" lon="-2.461994">
      <ele>796.5</ele>
    </trkpt>
    <trkpt lat="42.242801" lon="-2.461658">
      <ele>796</ele>
    </trkpt>
    <trkpt lat="42.243537" lon="-2.460361">
      <ele>794.9</ele>
    </trkpt>
    <trkpt lat="42.243786" lon="-2.460021">
      <ele>794.8</ele>
    </trkpt>
    <trkpt lat="42.244814" lon="-2.459183">
      <ele>794.3</ele>
    </trkpt>
    <trkpt lat="42.24507" lon="-2.458956">
      <ele>794.2</ele>
    </trkpt>
    <trkpt lat="42.2452" lon="-2.458804">
      <ele>794.1</ele>
    </trkpt>
    <trkpt lat="42.245374" lon="-2.458485">
      <ele>793.8</ele>
    </trkpt>
    <trkpt lat="42.247167" lon="-2.454478">
      <ele>789.4</ele>
    </trkpt>
    <trkpt lat="42.247296" lon="-2.454158">
      <ele>789.4</ele>
    </trkpt>
    <trkpt lat="42.247411" lon="-2.453672">
      <ele>789.5</ele>
    </trkpt>
    <trkpt lat="42.247607" lon="-2.453447">
      <ele>789.8</ele>
    </trkpt>
    <trkpt lat="42.247921" lon="-2.453342">
      <ele>790.2</ele>
    </trkpt>
    <trkpt lat="42.248076" lon="-2.453359">
      <ele>790.4</ele>
    </trkpt>
    <trkpt lat="42.248906" lon="-2.453591">
      <ele>791.8</ele>
    </trkpt>
    <trkpt lat="42.249503" lon="-2.453569">
      <ele>793.4</ele>
    </trkpt>
    <trkpt lat="42.250029" lon="-2.453791">
      <ele>795.5</ele>
    </trkpt>
    <trkpt lat="42.250109" lon="-2.453849">
      <ele>795.9</ele>
    </trkpt>
    <trkpt lat="42.251013" lon="-2.454828">
      <ele>799.9</ele>
    </trkpt>
    <trkpt lat="42.251192" lon="-2.454938">
      <ele>800</ele>
    </trkpt>
    <trkpt lat="42.251892" lon="-2.455157">
      <ele>798.2</ele>
    </trkpt>
    <trkpt lat="42.252432" lon="-2.455222">
      <ele>794</ele>
    </trkpt>
    <trkpt lat="42.252574" lon="-2.455177">
      <ele>792.6</ele>
    </trkpt>
    <trkpt lat="42.253336" lon="-2.454658">
      <ele>785.2</ele>
    </trkpt>
    <trkpt lat="42.253538" lon="-2.454589">
      <ele>783.7</ele>
    </trkpt>
    <trkpt lat="42.254683" lon="-2.454575">
      <ele>779.4</ele>
    </trkpt>
    <trkpt lat="42.254946" lon="-2.454733">
      <ele>778.7</ele>
    </trkpt>
    <trkpt lat="42.255085" lon="-2.454707">
      <ele>778.4</ele>
    </trkpt>
    <trkpt lat="42.255412" lon="-2.454455">
      <ele>777.4</ele>
    </trkpt>
    <trkpt lat="42.255639" lon="-2.454239">
      <ele>776.8</ele>
    </trkpt>
    <trkpt lat="42.255907" lon="-2.453912">
      <ele>775.6</ele>
    </trkpt>
    <trkpt lat="42.256171" lon="-2.453547">
      <ele>774.7</ele>
    </trkpt>
    <trkpt lat="42.256669" lon="-2.452749">
      <ele>774.7</ele>
    </trkpt>
    <trkpt lat="42.256774" lon="-2.452567">
      <ele>774.8</ele>
    </trkpt>
    <trkpt lat="42.256827" lon="-2.452417">
      <ele>774.8</ele>
    </trkpt>
    <trkpt lat="42.256852" lon="-2.452237">
      <ele>774.9</ele>
    </trkpt>
    <trkpt lat="42.25689" lon="-2.450645">
      <ele>774.6</ele>
    </trkpt>
    <trkpt lat="42.257007" lon="-2.449343">
      <ele>774</ele>
    </trkpt>
    <trkpt lat="42.257034" lon="-2.448668">
      <ele>773.7</ele>
    </trkpt>
    <trkpt lat="42.257028" lon="-2.44843">
      <ele>773.6</ele>
    </trkpt>
    <trkpt lat="42.257" lon="-2.446787">
      <ele>772.5</ele>
    </trkpt>
    <trkpt lat="42.256817" lon="-2.445357">
      <ele>770.2</ele>
    </trkpt>
    <trkpt lat="42.256696" lon="-2.444363">
      <ele>769</ele>
    </trkpt>
    <trkpt lat="42.256676" lon="-2.444018">
      <ele>768.9</ele>
    </trkpt>
    <trkpt lat="42.256681" lon="-2.443479">
      <ele>768.8</ele>
    </trkpt>
    <trkpt lat="42.256726" lon="-2.442967">
      <ele>768.8</ele>
    </trkpt>
    <trkpt lat="42.256822" lon="-2.442452">
      <ele>768.8</ele>
    </trkpt>
    <trkpt lat="42.256999" lon="-2.441752">
      <ele>769.2</ele>
    </trkpt>
    <trkpt lat="42.25714" lon="-2.441246">
      <ele>770</ele>
    </trkpt>
    <trkpt lat="42.257217" lon="-2.441047">
      <ele>770.4</ele>
    </trkpt>
    <trkpt lat="42.257335" lon="-2.440857">
      <ele>771</ele>
    </trkpt>
    <trkpt lat="42.257486" lon="-2.440715">
      <ele>771.7</ele>
    </trkpt>
    <trkpt lat="42.257641" lon="-2.440627">
      <ele>772.5</ele>
    </trkpt>
    <trkpt lat="42.257817" lon="-2.440606">
      <ele>773.4</ele>
    </trkpt>
    <trkpt lat="42.258" lon="-2.440638">
      <ele>774.4</ele>
    </trkpt>
    <trkpt lat="42.258203" lon="-2.440728">
      <ele>775.7</ele>
    </trkpt>
    <trkpt lat="42.259223" lon="-2.441321">
      <ele>779.4</ele>
    </trkpt>
    <trkpt lat="42.259457" lon="-2.441376">
      <ele>779.1</ele>
    </trkpt>
    <trkpt lat="42.259689" lon="-2.441332">
      <ele>778.5</ele>
    </trkpt>
    <trkpt lat="42.259923" lon="-2.441193">
      <ele>777.6</ele>
    </trkpt>
    <trkpt lat="42.260088" lon="-2.441003">
      <ele>776.5</ele>
    </trkpt>
    <trkpt lat="42.260694" lon="-2.440057">
      <ele>771.8</ele>
    </trkpt>
    <trkpt lat="42.260858" lon="-2.439727">
      <ele>770.8</ele>
    </trkpt>
    <trkpt lat="42.260968" lon="-2.439345">
      <ele>770</ele>
    </trkpt>
    <trkpt lat="42.261329" lon="-2.437448">
      <ele>769.6</ele>
    </trkpt>
    <trkpt lat="42.26149" lon="-2.436798">
      <ele>771.1</ele>
    </trkpt>
    <trkpt lat="42.261645" lon="-2.436365">
      <ele>772.5</ele>
    </trkpt>
    <trkpt lat="42.261863" lon="-2.435992">
      <ele>774</ele>
    </trkpt>
    <trkpt lat="42.262111" lon="-2.435673">
      <ele>775.1</ele>
    </trkpt>
    <trkpt lat="42.262482" lon="-2.435313">
      <ele>775.9</ele>
    </trkpt>
    <trkpt lat="42.263651" lon="-2.434341">
      <ele>774.1</ele>
    </trkpt>
    <trkpt lat="42.263893" lon="-2.434187">
      <ele>774.2</ele>
    </trkpt>
    <trkpt lat="42.264166" lon="-2.434078">
      <ele>774.6</ele>
    </trkpt>
    <trkpt lat="42.26441" lon="-2.43404">
      <ele>774.9</ele>
    </trkpt>
    <trkpt lat="42.264627" lon="-2.434062">
      <ele>775.1</ele>
    </trkpt>
    <trkpt lat="42.265044" lon="-2.434234">
      <ele>775.4</ele>
    </trkpt>
    <trkpt lat="42.265198" lon="-2.434247">
      <ele>775.5</ele>
    </trkpt>
    <trkpt lat="42.265323" lon="-2.4342">
      <ele>775.6</ele>
    </trkpt>
    <trkpt lat="42.265893" lon="-2.433826">
      <ele>775.1</ele>
    </trkpt>
    <trkpt lat="42.2678" lon="-2.43339">
      <ele>769.3</ele>
    </trkpt>
    <trkpt lat="42.268145" lon="-2.433253">
      <ele>768.5</ele>
    </trkpt>
    <trkpt lat="42.268667" lon="-2.432931">
      <ele>767.1</ele>
    </trkpt>
    <trkpt lat="42.268954" lon="-2.432821">
      <ele>765.9</ele>
    </trkpt>
    <trkpt lat="42.269166" lon="-2.432809">
      <ele>764.9</ele>
    </trkpt>
    <trkpt lat="42.269362" lon="-2.432843">
      <ele>763.8</ele>
    </trkpt>
    <trkpt lat="42.269592" lon="-2.432926">
      <ele>762.5</ele>
    </trkpt>
    <trkpt lat="42.269866" lon="-2.433053">
      <ele>760.6</ele>
    </trkpt>
    <trkpt lat="42.270247" lon="-2.433063">
      <ele>758</ele>
    </trkpt>
    <trkpt lat="42.27038" lon="-2.43299">
      <ele>757</ele>
    </trkpt>
    <trkpt lat="42.2714" lon="-2.43222">
      <ele>750.7</ele>
    </trkpt>
    <trkpt lat="42.271604" lon="-2.432108">
      <ele>750.2</ele>
    </trkpt>
    <trkpt lat="42.271784" lon="-2.432072">
      <ele>749.8</ele>
    </trkpt>
    <trkpt lat="42.271942" lon="-2.432102">
      <ele>749.5</ele>
    </trkpt>
    <trkpt lat="42.272197" lon="-2.432286">
      <ele>749.2</ele>
    </trkpt>
    <trkpt lat="42.272368" lon="-2.432307">
      <ele>749.1</ele>
    </trkpt>
    <trkpt lat="42.273318" lon="-2.431893">
      <ele>750.4</ele>
    </trkpt>
    <trkpt lat="42.273618" lon="-2.431661">
      <ele>751.5</ele>
    </trkpt>
    <trkpt lat="42.273738" lon="-2.431695">
      <ele>751.9</ele>
    </trkpt>
    <trkpt lat="42.273804" lon="-2.431806">
      <ele>752.2</ele>
    </trkpt>
    <trkpt lat="42.274092" lon="-2.432607">
      <ele>754.2</ele>
    </trkpt>
    <trkpt lat="42.274628" lon="-2.43392">
      <ele>754.3</ele>
    </trkpt>
    <trkpt lat="42.274706" lon="-2.433986">
      <ele>754.1</ele>
    </trkpt>
    <trkpt lat="42.274775" lon="-2.433988">
      <ele>754</ele>
    </trkpt>
    <trkpt lat="42.274895" lon="-2.433881">
      <ele>753.7</ele>
    </trkpt>
    <trkpt lat="42.275034" lon="-2.433803">
      <ele>753.3</ele>
    </trkpt>
    <trkpt lat="42.275191" lon="-2.433781">
      <ele>752.9</ele>
    </trkpt>
    <trkpt lat="42.275335" lon="-2.433826">
      <ele>752.4</ele>
    </trkpt>
    <trkpt lat="42.27547" lon="-2.433945">
      <ele>751.8</ele>
    </trkpt>
    <trkpt lat="42.275713" lon="-2.434223">
      <ele>750.4</ele>
    </trkpt>
    <trkpt lat="42.275819" lon="-2.434256">
      <ele>749.9</ele>
    </trkpt>
    <trkpt lat="42.275946" lon="-2.434245">
      <ele>749.3</ele>
    </trkpt>
    <trkpt lat="42.276264" lon="-2.434053">
      <ele>747.4</ele>
    </trkpt>
    <trkpt lat="42.276994" lon="-2.433163">
      <ele>741.4</ele>
    </trkpt>
    <trkpt lat="42.277221" lon="-2.432743">
      <ele>739.9</ele>
    </trkpt>
    <trkpt lat="42.277345" lon="-2.432332">
      <ele>739.6</ele>
    </trkpt>
    <trkpt lat="42.277449" lon="-2.432189">
      <ele>739.6</ele>
    </trkpt>
    <trkpt lat="42.277739" lon="-2.432154">
      <ele>739.9</ele>
    </trkpt>
    <trkpt lat="42.27801" lon="-2.432189">
      <ele>740.3</ele>
    </trkpt>
    <trkpt lat="42.27811" lon="-2.43226">
      <ele>740.4</ele>
    </trkpt>
    <trkpt lat="42.278348" lon="-2.432643">
      <ele>740.6</ele>
    </trkpt>
    <trkpt lat="42.278455" lon="-2.43273">
      <ele>740.7</ele>
    </trkpt>
    <trkpt lat="42.278569" lon="-2.432733">
      <ele>740.7</ele>
    </trkpt>
    <trkpt lat="42.278828" lon="-2.432593">
      <ele>740.6</ele>
    </trkpt>
    <trkpt lat="42.278969" lon="-2.432571">
      <ele>740.5</ele>
    </trkpt>
    <trkpt lat="42.279133" lon="-2.43258">
      <ele>740.3</ele>
    </trkpt>
    <trkpt lat="42.279376" lon="-2.432666">
      <ele>740.3</ele>
    </trkpt>
    <trkpt lat="42.279749" lon="-2.432847">
      <ele>740</ele>
    </trkpt>
    <trkpt lat="42.280121" lon="-2.433136">
      <ele>739.4</ele>
    </trkpt>
    <trkpt lat="42.280387" lon="-2.433267">
      <ele>738.9</ele>
    </trkpt>
    <trkpt lat="42.280522" lon="-2.433289">
      <ele>738.6</ele>
    </trkpt>
    <trkpt lat="42.280682" lon="-2.433272">
      <ele>738.2</ele>
    </trkpt>
    <trkpt lat="42.281619" lon="-2.432863">
      <ele>732.7</ele>
    </trkpt>
    <trkpt lat="42.282307" lon="-2.432187">
      <ele>726.2</ele>
    </trkpt>
    <trkpt lat="42.2827" lon="-2.431576">
      <ele>723.1</ele>
    </trkpt>
    <trkpt lat="42.283352" lon="-2.430274">
      <ele>720.3</ele>
    </trkpt>
    <trkpt lat="42.283871" lon="-2.429019">
      <ele>718.9</ele>
    </trkpt>
    <trkpt lat="42.284879" lon="-2.427385">
      <ele>714.5</ele>
    </trkpt>
    <trkpt lat="42.28504" lon="-2.42722">
      <ele>713.6</ele>
    </trkpt>
    <trkpt lat="42.285184" lon="-2.427093">
      <ele>712.7</ele>
    </trkpt>
    <trkpt lat="42.285323" lon="-2.426971">
      <ele>712</ele>
    </trkpt>
    <trkpt lat="42.28558" lon="-2.42681">
      <ele>710.9</ele>
    </trkpt>
    <trkpt lat="42.285817" lon="-2.426679">
      <ele>710.1</ele>
    </trkpt>
    <trkpt lat="42.286047" lon="-2.426656">
      <ele>709.7</ele>
    </trkpt>
    <trkpt lat="42.286228" lon="-2.42668">
      <ele>709.8</ele>
    </trkpt>
    <trkpt lat="42.286483" lon="-2.426773">
      <ele>710.8</ele>
    </trkpt>
    <trkpt lat="42.286724" lon="-2.426953">
      <ele>712</ele>
    </trkpt>
    <trkpt lat="42.286857" lon="-2.427085">
      <ele>712.9</ele>
    </trkpt>
    <trkpt lat="42.286991" lon="-2.427296">
      <ele>714</ele>
    </trkpt>
    <trkpt lat="42.287256" lon="-2.42775">
      <ele>717</ele>
    </trkpt>
    <trkpt lat="42.287449" lon="-2.428084">
      <ele>719</ele>
    </trkpt>
    <trkpt lat="42.28761" lon="-2.42824">
      <ele>720.2</ele>
    </trkpt>
    <trkpt lat="42.287731" lon="-2.428315">
      <ele>720.8</ele>
    </trkpt>
    <trkpt lat="42.287967" lon="-2.428396">
      <ele>721.6</ele>
    </trkpt>
    <trkpt lat="42.288293" lon="-2.428446">
      <ele>721.8</ele>
    </trkpt>
    <trkpt lat="42.28852" lon="-2.428401">
      <ele>721.5</ele>
    </trkpt>
    <trkpt lat="42.288776" lon="-2.428225">
      <ele>721.1</ele>
    </trkpt>
    <trkpt lat="42.289013" lon="-2.42801">
      <ele>720.7</ele>
    </trkpt>
    <trkpt lat="42.289212" lon="-2.427664">
      <ele>720.2</ele>
    </trkpt>
    <trkpt lat="42.289288" lon="-2.427399">
      <ele>720</ele>
    </trkpt>
    <trkpt lat="42.28979" lon="-2.42518">
      <ele>726.4</ele>
    </trkpt>
    <trkpt lat="42.28989" lon="-2.42504">
      <ele>727.9</ele>
    </trkpt>
    <trkpt lat="42.28998" lon="-2.42502">
      <ele>728.9</ele>
    </trkpt>
    <trkpt lat="42.29015" lon="-2.42507">
      <ele>731</ele>
    </trkpt>
    <trkpt lat="42.290771" lon="-2.425778">
      <ele>743.1</ele>
    </trkpt>
    <trkpt lat="42.291446" lon="-2.426176">
      <ele>755.3</ele>
    </trkpt>
    <trkpt lat="42.291553" lon="-2.426272">
      <ele>757.2</ele>
    </trkpt>
    <trkpt lat="42.291863" lon="-2.426969">
      <ele>763.9</ele>
    </trkpt>
    <trkpt lat="42.291949" lon="-2.427101">
      <ele>764.9</ele>
    </trkpt>
    <trkpt lat="42.29211" lon="-2.42721">
      <ele>765.9</ele>
    </trkpt>
    <trkpt lat="42.292456" lon="-2.427351">
      <ele>766.7</ele>
    </trkpt>
    <trkpt lat="42.292574" lon="-2.427366">
      <ele>766.6</ele>
    </trkpt>
    <trkpt lat="42.292682" lon="-2.427335">
      <ele>766.3</ele>
    </trkpt>
    <trkpt lat="42.292791" lon="-2.427254">
      <ele>765.9</ele>
    </trkpt>
    <trkpt lat="42.292873" lon="-2.427142">
      <ele>765.4</ele>
    </trkpt>
    <trkpt lat="42.292956" lon="-2.426932">
      <ele>764.5</ele>
    </trkpt>
    <trkpt lat="42.292986" lon="-2.426684">
      <ele>763.3</ele>
    </trkpt>
    <trkpt lat="42.293" lon="-2.425867">
      <ele>759.5</ele>
    </trkpt>
    <trkpt lat="42.293447" lon="-2.423418">
      <ele>758</ele>
    </trkpt>
    <trkpt lat="42.293511" lon="-2.423297">
      <ele>758.9</ele>
    </trkpt>
    <trkpt lat="42.293604" lon="-2.423213">
      <ele>759.8</ele>
    </trkpt>
    <trkpt lat="42.293724" lon="-2.423174">
      <ele>761</ele>
    </trkpt>
    <trkpt lat="42.293798" lon="-2.423191">
      <ele>761.7</ele>
    </trkpt>
    <trkpt lat="42.293915" lon="-2.423271">
      <ele>763</ele>
    </trkpt>
    <trkpt lat="42.294235" lon="-2.423611">
      <ele>767.8</ele>
    </trkpt>
    <trkpt lat="42.294397" lon="-2.423719">
      <ele>770.3</ele>
    </trkpt>
    <trkpt lat="42.294548" lon="-2.423726">
      <ele>772.4</ele>
    </trkpt>
    <trkpt lat="42.294917" lon="-2.423622">
      <ele>777.2</ele>
    </trkpt>
    <trkpt lat="42.295154" lon="-2.423601">
      <ele>779.2</ele>
    </trkpt>
    <trkpt lat="42.295677" lon="-2.423771">
      <ele>780.6</ele>
    </trkpt>
    <trkpt lat="42.29585" lon="-2.423733">
      <ele>780.4</ele>
    </trkpt>
    <trkpt lat="42.295995" lon="-2.423607">
      <ele>780</ele>
    </trkpt>
    <trkpt lat="42.296066" lon="-2.423423">
      <ele>779.7</ele>
    </trkpt>
    <trkpt lat="42.296176" lon="-2.422753">
      <ele>778.9</ele>
    </trkpt>
    <trkpt lat="42.296273" lon="-2.422544">
      <ele>778.6</ele>
    </trkpt>
    <trkpt lat="42.296461" lon="-2.422447">
      <ele>778.1</ele>
    </trkpt>
    <trkpt lat="42.296782" lon="-2.422339">
      <ele>776.9</ele>
    </trkpt>
    <trkpt lat="42.29698" lon="-2.422203">
      <ele>775.8</ele>
    </trkpt>
    <trkpt lat="42.297159" lon="-2.421943">
      <ele>773.3</ele>
    </trkpt>
    <trkpt lat="42.297241" lon="-2.421759">
      <ele>771</ele>
    </trkpt>
    <trkpt lat="42.297341" lon="-2.421652">
      <ele>768.8</ele>
    </trkpt>
    <trkpt lat="42.297383" lon="-2.421607">
      <ele>767.8</ele>
    </trkpt>
    <trkpt lat="42.297254" lon="-2.42164">
      <ele>765.3</ele>
    </trkpt>
    <trkpt lat="42.297388" lon="-2.421547">
      <ele>762.8</ele>
    </trkpt>
    <trkpt lat="42.297298" lon="-2.421492">
      <ele>761.3</ele>
    </trkpt>
    <trkpt lat="42.297144" lon="-2.421477">
      <ele>759.4</ele>
    </trkpt>
    <trkpt lat="42.297012" lon="-2.42111">
      <ele>757.2</ele>
    </trkpt>
    <trkpt lat="42.297029" lon="-2.420998">
      <ele>757</ele>
    </trkpt>
    <trkpt lat="42.297129" lon="-2.42091">
      <ele>756.6</ele>
    </trkpt>
    <trkpt lat="42.297022" lon="-2.420867">
      <ele>756.4</ele>
    </trkpt>
    <trkpt lat="42.297129" lon="-2.42091">
      <ele>756.7</ele>
    </trkpt>
    <trkpt lat="42.297029" lon="-2.420998">
      <ele>757.2</ele>
    </trkpt>
    <trkpt lat="42.297012" lon="-2.42111">
      <ele>757.7</ele>
    </trkpt>
    <trkpt lat="42.297144" lon="-2.421477">
      <ele>761.8</ele>
    </trkpt>
    <trkpt lat="42.297298" lon="-2.421492">
      <ele>765.1</ele>
    </trkpt>
    <trkpt lat="42.297388" lon="-2.421547">
      <ele>767.8</ele>
    </trkpt>
    <trkpt lat="42.297254" lon="-2.42164">
      <ele>772.3</ele>
    </trkpt>
    <trkpt lat="42.297383" lon="-2.421607">
      <ele>776.6</ele>
    </trkpt>
    <trkpt lat="42.29743" lon="-2.421574">
      <ele>778.3</ele>
    </trkpt>
    <trkpt lat="42.297543" lon="-2.421567">
      <ele>781.8</ele>
    </trkpt>
    <trkpt lat="42.297855" lon="-2.421584">
      <ele>789.6</ele>
    </trkpt>
    <trkpt lat="42.298207" lon="-2.42179">
      <ele>795.1</ele>
    </trkpt>
    <trkpt lat="42.298386" lon="-2.421733">
      <ele>796.7</ele>
    </trkpt>
    <trkpt lat="42.299066" lon="-2.421159">
      <ele>797.5</ele>
    </trkpt>
    <trkpt lat="42.299541" lon="-2.42064">
      <ele>794.4</ele>
    </trkpt>
    <trkpt lat="42.300102" lon="-2.420467">
      <ele>791.8</ele>
    </trkpt>
    <trkpt lat="42.300205" lon="-2.420382">
      <ele>791.4</ele>
    </trkpt>
    <trkpt lat="42.30046" lon="-2.42">
      <ele>790.4</ele>
    </trkpt>
    <trkpt lat="42.300754" lon="-2.419644">
      <ele>790.5</ele>
    </trkpt>
    <trkpt lat="42.301029" lon="-2.41909">
      <ele>792.2</ele>
    </trkpt>
    <trkpt lat="42.301147" lon="-2.418988">
      <ele>792.9</ele>
    </trkpt>
    <trkpt lat="42.301255" lon="-2.418959">
      <ele>793.6</ele>
    </trkpt>
    <trkpt lat="42.301358" lon="-2.418979">
      <ele>794.3</ele>
    </trkpt>
    <trkpt lat="42.301742" lon="-2.41919">
      <ele>797.2</ele>
    </trkpt>
    <trkpt lat="42.301834" lon="-2.419182">
      <ele>797.9</ele>
    </trkpt>
    <trkpt lat="42.301975" lon="-2.419099">
      <ele>798.9</ele>
    </trkpt>
    <trkpt lat="42.302155" lon="-2.419039">
      <ele>799.9</ele>
    </trkpt>
    <trkpt lat="42.302318" lon="-2.41906">
      <ele>800.2</ele>
    </trkpt>
    <trkpt lat="42.302776" lon="-2.419386">
      <ele>797.9</ele>
    </trkpt>
    <trkpt lat="42.302928" lon="-2.41943">
      <ele>797</ele>
    </trkpt>
    <trkpt lat="42.303072" lon="-2.419354">
      <ele>796.2</ele>
    </trkpt>
    <trkpt lat="42.303405" lon="-2.418889">
      <ele>794.5</ele>
    </trkpt>
    <trkpt lat="42.303531" lon="-2.418796">
      <ele>794.3</ele>
    </trkpt>
    <trkpt lat="42.303637" lon="-2.418787">
      <ele>794.2</ele>
    </trkpt>
    <trkpt lat="42.303764" lon="-2.418836">
      <ele>794.1</ele>
    </trkpt>
    <trkpt lat="42.303839" lon="-2.418907">
      <ele>794.1</ele>
    </trkpt>
    <trkpt lat="42.303867" lon="-2.419003">
      <ele>794.1</ele>
    </trkpt>
    <trkpt lat="42.303897" lon="-2.419522">
      <ele>794.6</ele>
    </trkpt>
    <trkpt lat="42.303963" lon="-2.419887">
      <ele>795.6</ele>
    </trkpt>
    <trkpt lat="42.304041" lon="-2.420159">
      <ele>796.7</ele>
    </trkpt>
    <trkpt lat="42.304168" lon="-2.420326">
      <ele>797.2</ele>
    </trkpt>
    <trkpt lat="42.30436" lon="-2.420334">
      <ele>796.9</ele>
    </trkpt>
    <trkpt lat="42.304481" lon="-2.42025">
      <ele>796.3</ele>
    </trkpt>
    <trkpt lat="42.304683" lon="-2.419697">
      <ele>792.7</ele>
    </trkpt>
    <trkpt lat="42.304757" lon="-2.419596">
      <ele>791.7</ele>
    </trkpt>
    <trkpt lat="42.305157" lon="-2.419205">
      <ele>787.9</ele>
    </trkpt>
    <trkpt lat="42.305369" lon="-2.418879">
      <ele>786.9</ele>
    </trkpt>
    <trkpt lat="42.305432" lon="-2.418827">
      <ele>786.9</ele>
    </trkpt>
    <trkpt lat="42.305509" lon="-2.418812">
      <ele>787</ele>
    </trkpt>
    <trkpt lat="42.30557" lon="-2.41882">
      <ele>787.1</ele>
    </trkpt>
    <trkpt lat="42.305639" lon="-2.418875">
      <ele>787.3</ele>
    </trkpt>
    <trkpt lat="42.305729" lon="-2.419032">
      <ele>787.7</ele>
    </trkpt>
    <trkpt lat="42.305771" lon="-2.419303">
      <ele>788.4</ele>
    </trkpt>
    <trkpt lat="42.305814" lon="-2.419836">
      <ele>789.6</ele>
    </trkpt>
    <trkpt lat="42.305872" lon="-2.420135">
      <ele>790.1</ele>
    </trkpt>
    <trkpt lat="42.305933" lon="-2.420229">
      <ele>790.1</ele>
    </trkpt>
    <trkpt lat="42.30612" lon="-2.420319">
      <ele>790.2</ele>
    </trkpt>
    <trkpt lat="42.30629" lon="-2.42026">
      <ele>789.8</ele>
    </trkpt>
    <trkpt lat="42.30647" lon="-2.42005">
      <ele>788.9</ele>
    </trkpt>
    <trkpt lat="42.306572" lon="-2.419887">
      <ele>787.9</ele>
    </trkpt>
    <trkpt lat="42.30666" lon="-2.41966">
      <ele>786.4</ele>
    </trkpt>
    <trkpt lat="42.30677" lon="-2.418814">
      <ele>779.6</ele>
    </trkpt>
    <trkpt lat="42.306892" lon="-2.417532">
      <ele>770.1</ele>
    </trkpt>
    <trkpt lat="42.306871" lon="-2.417364">
      <ele>768.9</ele>
    </trkpt>
    <trkpt lat="42.306751" lon="-2.416875">
      <ele>765.5</ele>
    </trkpt>
    <trkpt lat="42.306772" lon="-2.416656">
      <ele>764</ele>
    </trkpt>
    <trkpt lat="42.306827" lon="-2.41654">
      <ele>763.1</ele>
    </trkpt>
    <trkpt lat="42.307089" lon="-2.416224">
      <ele>759.7</ele>
    </trkpt>
    <trkpt lat="42.307358" lon="-2.415925">
      <ele>756.1</ele>
    </trkpt>
    <trkpt lat="42.307661" lon="-2.415663">
      <ele>752</ele>
    </trkpt>
    <trkpt lat="42.307753" lon="-2.415551">
      <ele>750.6</ele>
    </trkpt>
    <trkpt lat="42.307811" lon="-2.415403">
      <ele>749.3</ele>
    </trkpt>
    <trkpt lat="42.308055" lon="-2.414491">
      <ele>741.1</ele>
    </trkpt>
    <trkpt lat="42.308042" lon="-2.414108">
      <ele>737.7</ele>
    </trkpt>
    <trkpt lat="42.308062" lon="-2.413946">
      <ele>736.2</ele>
    </trkpt>
    <trkpt lat="42.308101" lon="-2.41381">
      <ele>734.9</ele>
    </trkpt>
    <trkpt lat="42.308281" lon="-2.413502">
      <ele>731.8</ele>
    </trkpt>
    <trkpt lat="42.308366" lon="-2.41331">
      <ele>730.3</ele>
    </trkpt>
    <trkpt lat="42.308413" lon="-2.413041">
      <ele>728.8</ele>
    </trkpt>
    <trkpt lat="42.30844" lon="-2.412536">
      <ele>727.2</ele>
    </trkpt>
    <trkpt lat="42.308497" lon="-2.412327">
      <ele>726.9</ele>
    </trkpt>
    <trkpt lat="42.308639" lon="-2.412117">
      <ele>727</ele>
    </trkpt>
    <trkpt lat="42.308739" lon="-2.412079">
      <ele>727.2</ele>
    </trkpt>
    <trkpt lat="42.309106" lon="-2.412091">
      <ele>729</ele>
    </trkpt>
    <trkpt lat="42.309491" lon="-2.411947">
      <ele>732.7</ele>
    </trkpt>
    <trkpt lat="42.309662" lon="-2.411943">
      <ele>734.8</ele>
    </trkpt>
    <trkpt lat="42.309782" lon="-2.41199">
      <ele>736.4</ele>
    </trkpt>
    <trkpt lat="42.309944" lon="-2.412113">
      <ele>739</ele>
    </trkpt>
    <trkpt lat="42.310705" lon="-2.413045">
      <ele>749.4</ele>
    </trkpt>
    <trkpt lat="42.310845" lon="-2.413129">
      <ele>750.2</ele>
    </trkpt>
    <trkpt lat="42.31113" lon="-2.413112">
      <ele>751.5</ele>
    </trkpt>
    <trkpt lat="42.311257" lon="-2.413164">
      <ele>751.9</ele>
    </trkpt>
    <trkpt lat="42.311429" lon="-2.413385">
      <ele>752.4</ele>
    </trkpt>
    <trkpt lat="42.311819" lon="-2.414079">
      <ele>751.6</ele>
    </trkpt>
    <trkpt lat="42.312177" lon="-2.414353">
      <ele>750.8</ele>
    </trkpt>
    <trkpt lat="42.312919" lon="-2.415306">
      <ele>748.7</ele>
    </trkpt>
    <trkpt lat="42.313422" lon="-2.415734">
      <ele>747.2</ele>
    </trkpt>
    <trkpt lat="42.313904" lon="-2.416218">
      <ele>746.3</ele>
    </trkpt>
    <trkpt lat="42.315073" lon="-2.417653">
      <ele>741.2</ele>
    </trkpt>
    <trkpt lat="42.315257" lon="-2.417801">
      <ele>739.5</ele>
    </trkpt>
    <trkpt lat="42.315371" lon="-2.417833">
      <ele>738.4</ele>
    </trkpt>
    <trkpt lat="42.315931" lon="-2.417624">
      <ele>732.5</ele>
    </trkpt>
    <trkpt lat="42.316025" lon="-2.417483">
      <ele>730.9</ele>
    </trkpt>
    <trkpt lat="42.316052" lon="-2.417387">
      <ele>730</ele>
    </trkpt>
    <trkpt lat="42.316088" lon="-2.417056">
      <ele>727</ele>
    </trkpt>
    <trkpt lat="42.316132" lon="-2.416908">
      <ele>725.6</ele>
    </trkpt>
    <trkpt lat="42.316224" lon="-2.416814">
      <ele>724.2</ele>
    </trkpt>
    <trkpt lat="42.316518" lon="-2.416759">
      <ele>720.6</ele>
    </trkpt>
    <trkpt lat="42.316626" lon="-2.416684">
      <ele>719.2</ele>
    </trkpt>
    <trkpt lat="42.316701" lon="-2.416565">
      <ele>718</ele>
    </trkpt>
    <trkpt lat="42.316823" lon="-2.416191">
      <ele>715.4</ele>
    </trkpt>
    <trkpt lat="42.316875" lon="-2.416101">
      <ele>714.9</ele>
    </trkpt>
    <trkpt lat="42.317217" lon="-2.415667">
      <ele>713.1</ele>
    </trkpt>
    <trkpt lat="42.317436" lon="-2.41534">
      <ele>713.1</ele>
    </trkpt>
    <trkpt lat="42.317573" lon="-2.415232">
      <ele>713.2</ele>
    </trkpt>
    <trkpt lat="42.3177" lon="-2.415231">
      <ele>713.3</ele>
    </trkpt>
    <trkpt lat="42.317766" lon="-2.415264">
      <ele>713.3</ele>
    </trkpt>
    <trkpt lat="42.31787" lon="-2.415394">
      <ele>713.5</ele>
    </trkpt>
    <trkpt lat="42.318052" lon="-2.415802">
      <ele>714.4</ele>
    </trkpt>
    <trkpt lat="42.318191" lon="-2.415901">
      <ele>714.9</ele>
    </trkpt>
    <trkpt lat="42.318277" lon="-2.415927">
      <ele>715.2</ele>
    </trkpt>
    <trkpt lat="42.318378" lon="-2.415922">
      <ele>715.7</ele>
    </trkpt>
    <trkpt lat="42.318554" lon="-2.415817">
      <ele>716.4</ele>
    </trkpt>
    <trkpt lat="42.318773" lon="-2.415551">
      <ele>717.4</ele>
    </trkpt>
    <trkpt lat="42.318923" lon="-2.415532">
      <ele>717.6</ele>
    </trkpt>
    <trkpt lat="42.318968" lon="-2.415559">
      <ele>717.6</ele>
    </trkpt>
    <trkpt lat="42.31905" lon="-2.415649">
      <ele>717.6</ele>
    </trkpt>
    <trkpt lat="42.319138" lon="-2.415823">
      <ele>717.3</ele>
    </trkpt>
    <trkpt lat="42.319347" lon="-2.416345">
      <ele>715.1</ele>
    </trkpt>
    <trkpt lat="42.319474" lon="-2.416458">
      <ele>714</ele>
    </trkpt>
    <trkpt lat="42.319646" lon="-2.416494">
      <ele>712.5</ele>
    </trkpt>
    <trkpt lat="42.319813" lon="-2.416413">
      <ele>710.7</ele>
    </trkpt>
    <trkpt lat="42.319897" lon="-2.416297">
      <ele>709.4</ele>
    </trkpt>
    <trkpt lat="42.320253" lon="-2.415185">
      <ele>699.7</ele>
    </trkpt>
    <trkpt lat="42.320354" lon="-2.415054">
      <ele>698.6</ele>
    </trkpt>
    <trkpt lat="42.32045" lon="-2.41503">
      <ele>697.9</ele>
    </trkpt>
    <trkpt lat="42.320591" lon="-2.415085">
      <ele>697.2</ele>
    </trkpt>
    <trkpt lat="42.320696" lon="-2.415243">
      <ele>696.8</ele>
    </trkpt>
    <trkpt lat="42.32075" lon="-2.415399">
      <ele>696.6</ele>
    </trkpt>
    <trkpt lat="42.320912" lon="-2.416118">
      <ele>697.4</ele>
    </trkpt>
    <trkpt lat="42.320982" lon="-2.416317">
      <ele>698.1</ele>
    </trkpt>
    <trkpt lat="42.321139" lon="-2.416579">
      <ele>699</ele>
    </trkpt>
    <trkpt lat="42.32219" lon="-2.417334">
      <ele>697.2</ele>
    </trkpt>
    <trkpt lat="42.322327" lon="-2.417383">
      <ele>696.1</ele>
    </trkpt>
    <trkpt lat="42.322437" lon="-2.417364">
      <ele>695.2</ele>
    </trkpt>
    <trkpt lat="42.322513" lon="-2.417302">
      <ele>694.4</ele>
    </trkpt>
    <trkpt lat="42.322574" lon="-2.417205">
      <ele>693.6</ele>
    </trkpt>
    <trkpt lat="42.32261" lon="-2.417007">
      <ele>692.2</ele>
    </trkpt>
    <trkpt lat="42.322458" lon="-2.416303">
      <ele>686.7</ele>
    </trkpt>
    <trkpt lat="42.322436" lon="-2.416089">
      <ele>684.9</ele>
    </trkpt>
    <trkpt lat="42.322553" lon="-2.414038">
      <ele>668</ele>
    </trkpt>
    <trkpt lat="42.322542" lon="-2.413918">
      <ele>667</ele>
    </trkpt>
    <trkpt lat="42.322492" lon="-2.413765">
      <ele>665.8</ele>
    </trkpt>
    <trkpt lat="42.322329" lon="-2.413435">
      <ele>663.4</ele>
    </trkpt>
    <trkpt lat="42.322243" lon="-2.413174">
      <ele>662.1</ele>
    </trkpt>
    <trkpt lat="42.322213" lon="-2.412775">
      <ele>661.2</ele>
    </trkpt>
    <trkpt lat="42.322266" lon="-2.412485">
      <ele>661.1</ele>
    </trkpt>
    <trkpt lat="42.322328" lon="-2.412247">
      <ele>661.6</ele>
    </trkpt>
    <trkpt lat="42.322434" lon="-2.411983">
      <ele>662.6</ele>
    </trkpt>
    <trkpt lat="42.322503" lon="-2.4119">
      <ele>663.2</ele>
    </trkpt>
    <trkpt lat="42.322587" lon="-2.411854">
      <ele>663.7</ele>
    </trkpt>
    <trkpt lat="42.322704" lon="-2.411867">
      <ele>664.2</ele>
    </trkpt>
    <trkpt lat="42.323369" lon="-2.412286">
      <ele>667.5</ele>
    </trkpt>
    <trkpt lat="42.323573" lon="-2.412335">
      <ele>668.4</ele>
    </trkpt>
    <trkpt lat="42.323705" lon="-2.412333">
      <ele>668.8</ele>
    </trkpt>
    <trkpt lat="42.323894" lon="-2.412258">
      <ele>669.1</ele>
    </trkpt>
    <trkpt lat="42.324205" lon="-2.412044">
      <ele>668.5</ele>
    </trkpt>
    <trkpt lat="42.324692" lon="-2.411685">
      <ele>664.6</ele>
    </trkpt>
    <trkpt lat="42.324787" lon="-2.411502">
      <ele>663.3</ele>
    </trkpt>
    <trkpt lat="42.324835" lon="-2.411165">
      <ele>661.6</ele>
    </trkpt>
    <trkpt lat="42.324861" lon="-2.409944">
      <ele>653.9</ele>
    </trkpt>
    <trkpt lat="42.324893" lon="-2.409695">
      <ele>652.9</ele>
    </trkpt>
    <trkpt lat="42.324966" lon="-2.409517">
      <ele>652.3</ele>
    </trkpt>
    <trkpt lat="42.325025" lon="-2.409437">
      <ele>652</ele>
    </trkpt>
    <trkpt lat="42.325122" lon="-2.409376">
      <ele>651.9</ele>
    </trkpt>
    <trkpt lat="42.325198" lon="-2.409364">
      <ele>651.8</ele>
    </trkpt>
    <trkpt lat="42.325312" lon="-2.409407">
      <ele>651.9</ele>
    </trkpt>
    <trkpt lat="42.325968" lon="-2.410095">
      <ele>654.5</ele>
    </trkpt>
    <trkpt lat="42.326052" lon="-2.410236">
      <ele>655</ele>
    </trkpt>
    <trkpt lat="42.326228" lon="-2.410704">
      <ele>655.5</ele>
    </trkpt>
    <trkpt lat="42.326341" lon="-2.410905">
      <ele>655.3</ele>
    </trkpt>
    <trkpt lat="42.32643" lon="-2.41102">
      <ele>655.1</ele>
    </trkpt>
    <trkpt lat="42.326501" lon="-2.411068">
      <ele>654.9</ele>
    </trkpt>
    <trkpt lat="42.326644" lon="-2.411073">
      <ele>654.5</ele>
    </trkpt>
    <trkpt lat="42.326904" lon="-2.410958">
      <ele>653.4</ele>
    </trkpt>
    <trkpt lat="42.327195" lon="-2.410956">
      <ele>651.8</ele>
    </trkpt>
    <trkpt lat="42.327382" lon="-2.410995">
      <ele>650.6</ele>
    </trkpt>
    <trkpt lat="42.32756" lon="-2.411097">
      <ele>649.4</ele>
    </trkpt>
    <trkpt lat="42.327781" lon="-2.411331">
      <ele>647.6</ele>
    </trkpt>
    <trkpt lat="42.327942" lon="-2.411447">
      <ele>646.6</ele>
    </trkpt>
    <trkpt lat="42.328078" lon="-2.411493">
      <ele>645.9</ele>
    </trkpt>
    <trkpt lat="42.328448" lon="-2.411512">
      <ele>644.3</ele>
    </trkpt>
    <trkpt lat="42.328611" lon="-2.41155">
      <ele>643.5</ele>
    </trkpt>
    <trkpt lat="42.328738" lon="-2.411634">
      <ele>642.7</ele>
    </trkpt>
    <trkpt lat="42.329239" lon="-2.412077">
      <ele>637.6</ele>
    </trkpt>
    <trkpt lat="42.329329" lon="-2.412141">
      <ele>636.5</ele>
    </trkpt>
    <trkpt lat="42.329427" lon="-2.412159">
      <ele>635.3</ele>
    </trkpt>
    <trkpt lat="42.32951" lon="-2.412149">
      <ele>634.4</ele>
    </trkpt>
    <trkpt lat="42.329668" lon="-2.412066">
      <ele>632.4</ele>
    </trkpt>
    <trkpt lat="42.329837" lon="-2.411876">
      <ele>629.5</ele>
    </trkpt>
    <trkpt lat="42.330131" lon="-2.411344">
      <ele>623</ele>
    </trkpt>
    <trkpt lat="42.330512" lon="-2.410844">
      <ele>616.9</ele>
    </trkpt>
    <trkpt lat="42.33081" lon="-2.410595">
      <ele>614.3</ele>
    </trkpt>
    <trkpt lat="42.331397" lon="-2.410325">
      <ele>613.1</ele>
    </trkpt>
    <trkpt lat="42.331537" lon="-2.410317">
      <ele>613.2</ele>
    </trkpt>
    <trkpt lat="42.33173" lon="-2.41038">
      <ele>613.4</ele>
    </trkpt>
    <trkpt lat="42.332262" lon="-2.410785">
      <ele>613.3</ele>
    </trkpt>
    <trkpt lat="42.332352" lon="-2.410822">
      <ele>613</ele>
    </trkpt>
    <trkpt lat="42.332899" lon="-2.410878">
      <ele>610.1</ele>
    </trkpt>
    <trkpt lat="42.333135" lon="-2.410788">
      <ele>607.9</ele>
    </trkpt>
    <trkpt lat="42.333254" lon="-2.410662">
      <ele>606.1</ele>
    </trkpt>
    <trkpt lat="42.333346" lon="-2.410478">
      <ele>603.8</ele>
    </trkpt>
    <trkpt lat="42.333386" lon="-2.410278">
      <ele>601.4</ele>
    </trkpt>
    <trkpt lat="42.333384" lon="-2.41009">
      <ele>599.1</ele>
    </trkpt>
    <trkpt lat="42.33336" lon="-2.409958">
      <ele>597.4</ele>
    </trkpt>
    <trkpt lat="42.333291" lon="-2.409798">
      <ele>595.1</ele>
    </trkpt>
    <trkpt lat="42.333107" lon="-2.409581">
      <ele>591.3</ele>
    </trkpt>
    <trkpt lat="42.332974" lon="-2.409372">
      <ele>588.7</ele>
    </trkpt>
    <trkpt lat="42.332931" lon="-2.409113">
      <ele>586.9</ele>
    </trkpt>
    <trkpt lat="42.332931" lon="-2.408748">
      <ele>585.3</ele>
    </trkpt>
    <trkpt lat="42.332958" lon="-2.408616">
      <ele>584.9</ele>
    </trkpt>
    <trkpt lat="42.333044" lon="-2.408421">
      <ele>584.7</ele>
    </trkpt>
    <trkpt lat="42.333235" lon="-2.408207">
      <ele>584.9</ele>
    </trkpt>
    <trkpt lat="42.333355" lon="-2.408112">
      <ele>585.2</ele>
    </trkpt>
    <trkpt lat="42.333647" lon="-2.407996">
      <ele>586.7</ele>
    </trkpt>
    <trkpt lat="42.333957" lon="-2.407961">
      <ele>589.2</ele>
    </trkpt>
    <trkpt lat="42.334159" lon="-2.40798">
      <ele>590.9</ele>
    </trkpt>
    <trkpt lat="42.334685" lon="-2.408074">
      <ele>594.4</ele>
    </trkpt>
    <trkpt lat="42.335168" lon="-2.408156">
      <ele>595.5</ele>
    </trkpt>
    <trkpt lat="42.335395" lon="-2.408224">
      <ele>595.6</ele>
    </trkpt>
    <trkpt lat="42.335624" lon="-2.408338">
      <ele>595.5</ele>
    </trkpt>
    <trkpt lat="42.336151" lon="-2.408773">
      <ele>594.1</ele>
    </trkpt>
    <trkpt lat="42.336325" lon="-2.408886">
      <ele>593.5</ele>
    </trkpt>
    <trkpt lat="42.336576" lon="-2.408899">
      <ele>592.5</ele>
    </trkpt>
    <trkpt lat="42.336723" lon="-2.408845">
      <ele>591.9</ele>
    </trkpt>
    <trkpt lat="42.336851" lon="-2.408749">
      <ele>591.2</ele>
    </trkpt>
    <trkpt lat="42.336989" lon="-2.408512">
      <ele>590.1</ele>
    </trkpt>
    <trkpt lat="42.337632" lon="-2.406969">
      <ele>584.7</ele>
    </trkpt>
    <trkpt lat="42.337729" lon="-2.406768">
      <ele>584.5</ele>
    </trkpt>
    <trkpt lat="42.337899" lon="-2.40656">
      <ele>584.4</ele>
    </trkpt>
    <trkpt lat="42.33799" lon="-2.406503">
      <ele>584.4</ele>
    </trkpt>
    <trkpt lat="42.338182" lon="-2.406464">
      <ele>584.4</ele>
    </trkpt>
    <trkpt lat="42.338861" lon="-2.406566">
      <ele>583.5</ele>
    </trkpt>
    <trkpt lat="42.339072" lon="-2.406547">
      <ele>582.9</ele>
    </trkpt>
    <trkpt lat="42.339178" lon="-2.40648">
      <ele>582.5</ele>
    </trkpt>
    <trkpt lat="42.339259" lon="-2.406398">
      <ele>582.1</ele>
    </trkpt>
    <trkpt lat="42.33933" lon="-2.406271">
      <ele>581.6</ele>
    </trkpt>
    <trkpt lat="42.339375" lon="-2.406009">
      <ele>580.7</ele>
    </trkpt>
    <trkpt lat="42.339379" lon="-2.405635">
      <ele>579.2</ele>
    </trkpt>
    <trkpt lat="42.339395" lon="-2.404976">
      <ele>576.2</ele>
    </trkpt>
    <trkpt lat="42.339433" lon="-2.404773">
      <ele>575.2</ele>
    </trkpt>
    <trkpt lat="42.3395" lon="-2.404578">
      <ele>574.4</ele>
    </trkpt>
    <trkpt lat="42.33962" lon="-2.404338">
      <ele>573.6</ele>
    </trkpt>
    <trkpt lat="42.339934" lon="-2.404026">
      <ele>572.5</ele>
    </trkpt>
    <trkpt lat="42.342181" lon="-2.402446">
      <ele>571</ele>
    </trkpt>
    <trkpt lat="42.343433" lon="-2.401604">
      <ele>570.3</ele>
    </trkpt>
    <trkpt lat="42.343724" lon="-2.401552">
      <ele>569.6</ele>
    </trkpt>
    <trkpt lat="42.34507" lon="-2.401481">
      <ele>562</ele>
    </trkpt>
    <trkpt lat="42.345318" lon="-2.401429">
      <ele>560.4</ele>
    </trkpt>
    <trkpt lat="42.34548" lon="-2.401329">
      <ele>559.3</ele>
    </trkpt>
    <trkpt lat="42.345632" lon="-2.401171">
      <ele>558.3</ele>
    </trkpt>
    <trkpt lat="42.345756" lon="-2.400938">
      <ele>557.2</ele>
    </trkpt>
    <trkpt lat="42.345809" lon="-2.400754">
      <ele>556.6</ele>
    </trkpt>
    <trkpt lat="42.345822" lon="-2.40054">
      <ele>556</ele>
    </trkpt>
    <trkpt lat="42.345765" lon="-2.400134">
      <ele>554.9</ele>
    </trkpt>
    <trkpt lat="42.345615" lon="-2.399567">
      <ele>553.6</ele>
    </trkpt>
    <trkpt lat="42.345549" lon="-2.399418">
      <ele>553.3</ele>
    </trkpt>
    <trkpt lat="42.345477" lon="-2.399335">
      <ele>553.1</ele>
    </trkpt>
    <trkpt lat="42.345084" lon="-2.399062">
      <ele>552</ele>
    </trkpt>
    <trkpt lat="42.344968" lon="-2.398954">
      <ele>551.7</ele>
    </trkpt>
    <trkpt lat="42.34482" lon="-2.398736">
      <ele>551.2</ele>
    </trkpt>
    <trkpt lat="42.344739" lon="-2.398514">
      <ele>550.7</ele>
    </trkpt>
    <trkpt lat="42.344313" lon="-2.397044">
      <ele>548.8</ele>
    </trkpt>
    <trkpt lat="42.344338" lon="-2.396556">
      <ele>548.6</ele>
    </trkpt>
    <trkpt lat="42.344743" lon="-2.395106">
      <ele>547.7</ele>
    </trkpt>
    <trkpt lat="42.344971" lon="-2.394815">
      <ele>547.4</ele>
    </trkpt>
    <trkpt lat="42.34677" lon="-2.39442">
      <ele>546.2</ele>
    </trkpt>
    <trkpt lat="42.34744" lon="-2.39412">
      <ele>546.6</ele>
    </trkpt>
    <trkpt lat="42.348695" lon="-2.393085">
      <ele>546.8</ele>
    </trkpt>
    <trkpt lat="42.349063" lon="-2.392871">
      <ele>546.2</ele>
    </trkpt>
    <trkpt lat="42.34954" lon="-2.392688">
      <ele>545.3</ele>
    </trkpt>
    <trkpt lat="42.349867" lon="-2.392329">
      <ele>544.6</ele>
    </trkpt>
    <trkpt lat="42.350491" lon="-2.391524">
      <ele>545.1</ele>
    </trkpt>
    <trkpt lat="42.350797" lon="-2.391315">
      <ele>545.7</ele>
    </trkpt>
    <trkpt lat="42.351022" lon="-2.391251">
      <ele>546.2</ele>
    </trkpt>
    <trkpt lat="42.35133" lon="-2.391331">
      <ele>546.9</ele>
    </trkpt>
    <trkpt lat="42.351649" lon="-2.391538">
      <ele>547.7</ele>
    </trkpt>
    <trkpt lat="42.352038" lon="-2.392178">
      <ele>548.5</ele>
    </trkpt>
    <trkpt lat="42.352354" lon="-2.39279">
      <ele>548.8</ele>
    </trkpt>
    <trkpt lat="42.352564" lon="-2.393139">
      <ele>549.2</ele>
    </trkpt>
    <trkpt lat="42.352841" lon="-2.393415">
      <ele>549.5</ele>
    </trkpt>
    <trkpt lat="42.354526" lon="-2.3951">
      <ele>552.3</ele>
    </trkpt>
    <trkpt lat="42.354722" lon="-2.395214">
      <ele>551.6</ele>
    </trkpt>
    <trkpt lat="42.354879" lon="-2.395167">
      <ele>550.9</ele>
    </trkpt>
    <trkpt lat="42.35508" lon="-2.394997">
      <ele>549.6</ele>
    </trkpt>
    <trkpt lat="42.355143" lon="-2.394774">
      <ele>548.5</ele>
    </trkpt>
    <trkpt lat="42.355172" lon="-2.393769">
      <ele>542.4</ele>
    </trkpt>
    <trkpt lat="42.355208" lon="-2.393354">
      <ele>539.7</ele>
    </trkpt>
    <trkpt lat="42.355272" lon="-2.392974">
      <ele>537.3</ele>
    </trkpt>
    <trkpt lat="42.355595" lon="-2.391554">
      <ele>530.3</ele>
    </trkpt>
    <trkpt lat="42.355682" lon="-2.390758">
      <ele>527.7</ele>
    </trkpt>
    <trkpt lat="42.355733" lon="-2.390619">
      <ele>527.2</ele>
    </trkpt>
    <trkpt lat="42.35585" lon="-2.390181">
      <ele>526.2</ele>
    </trkpt>
    <trkpt lat="42.355868" lon="-2.38952">
      <ele>525.7</ele>
    </trkpt>
    <trkpt lat="42.355903" lon="-2.389343">
      <ele>525.7</ele>
    </trkpt>
    <trkpt lat="42.355972" lon="-2.389215">
      <ele>525.8</ele>
    </trkpt>
    <trkpt lat="42.356032" lon="-2.389162">
      <ele>525.9</ele>
    </trkpt>
    <trkpt lat="42.35651" lon="-2.388986">
      <ele>526.5</ele>
    </trkpt>
    <trkpt lat="42.356641" lon="-2.388891">
      <ele>526.7</ele>
    </trkpt>
    <trkpt lat="42.356802" lon="-2.388673">
      <ele>527</ele>
    </trkpt>
    <trkpt lat="42.356889" lon="-2.388524">
      <ele>527.2</ele>
    </trkpt>
    <trkpt lat="42.357855" lon="-2.386875">
      <ele>526.4</ele>
    </trkpt>
    <trkpt lat="42.357983" lon="-2.386706">
      <ele>525.8</ele>
    </trkpt>
    <trkpt lat="42.35816" lon="-2.386571">
      <ele>524.9</ele>
    </trkpt>
    <trkpt lat="42.358214" lon="-2.386552">
      <ele>524.7</ele>
    </trkpt>
    <trkpt lat="42.358387" lon="-2.386524">
      <ele>523.8</ele>
    </trkpt>
    <trkpt lat="42.358451" lon="-2.386543">
      <ele>523.5</ele>
    </trkpt>
    <trkpt lat="42.358552" lon="-2.386572">
      <ele>522.9</ele>
    </trkpt>
    <trkpt lat="42.35875" lon="-2.386704">
      <ele>521.6</ele>
    </trkpt>
    <trkpt lat="42.359974" lon="-2.387728">
      <ele>513</ele>
    </trkpt>
    <trkpt lat="42.360458" lon="-2.388117">
      <ele>512.3</ele>
    </trkpt>
    <trkpt lat="42.360849" lon="-2.38845">
      <ele>512.6</ele>
    </trkpt>
    <trkpt lat="42.36112" lon="-2.388639">
      <ele>513.1</ele>
    </trkpt>
    <trkpt lat="42.361552" lon="-2.388756">
      <ele>514.1</ele>
    </trkpt>
    <trkpt lat="42.36344" lon="-2.388564">
      <ele>514.6</ele>
    </trkpt>
    <trkpt lat="42.368565" lon="-2.388074">
      <ele>525.1</ele>
    </trkpt>
    <trkpt lat="42.369403" lon="-2.388039">
      <ele>525</ele>
    </trkpt>
    <trkpt lat="42.370067" lon="-2.388144">
      <ele>524.3</ele>
    </trkpt>
    <trkpt lat="42.374453" lon="-2.389015">
      <ele>519.1</ele>
    </trkpt>
    <trkpt lat="42.375214" lon="-2.389299">
      <ele>517.9</ele>
    </trkpt>
    <trkpt lat="42.375715" lon="-2.389539">
      <ele>516.7</ele>
    </trkpt>
    <trkpt lat="42.376231" lon="-2.389952">
      <ele>515.1</ele>
    </trkpt>
    <trkpt lat="42.378964" lon="-2.392474">
      <ele>506.4</ele>
    </trkpt>
    <trkpt lat="42.379029" lon="-2.392534">
      <ele>506.2</ele>
    </trkpt>
    <trkpt lat="42.3807" lon="-2.394086">
      <ele>499.8</ele>
    </trkpt>
    <trkpt lat="42.38198" lon="-2.395275">
      <ele>494.1</ele>
    </trkpt>
    <trkpt lat="42.382532" lon="-2.395725">
      <ele>492.2</ele>
    </trkpt>
    <trkpt lat="42.383173" lon="-2.396145">
      <ele>490.4</ele>
    </trkpt>
    <trkpt lat="42.383767" lon="-2.396457">
      <ele>489.1</ele>
    </trkpt>
    <trkpt lat="42.386658" lon="-2.397669">
      <ele>484.3</ele>
    </trkpt>
    <trkpt lat="42.39225" lon="-2.400014">
      <ele>471.7</ele>
    </trkpt>
    <trkpt lat="42.397494" lon="-2.402239">
      <ele>467.5</ele>
    </trkpt>
    <trkpt lat="42.398539" lon="-2.402689">
      <ele>465.1</ele>
    </trkpt>
    <trkpt lat="42.402322" lon="-2.404317">
      <ele>458.9</ele>
    </trkpt>
    <trkpt lat="42.406963" lon="-2.406269">
      <ele>458.9</ele>
    </trkpt>
    <trkpt lat="42.41003" lon="-2.40757">
      <ele>459.5</ele>
    </trkpt>
    <trkpt lat="42.410905" lon="-2.407944">
      <ele>459.1</ele>
    </trkpt>
    <trkpt lat="42.411138" lon="-2.408043">
      <ele>458.9</ele>
    </trkpt>
    <trkpt lat="42.413606" lon="-2.409099">
      <ele>456.4</ele>
    </trkpt>
    <trkpt lat="42.414239" lon="-2.409368">
      <ele>456.4</ele>
    </trkpt>
    <trkpt lat="42.415626" lon="-2.409984">
      <ele>457.2</ele>
    </trkpt>
    <trkpt lat="42.415906" lon="-2.410115">
      <ele>457.2</ele>
    </trkpt>
    <trkpt lat="42.417374" lon="-2.410705">
      <ele>456.2</ele>
    </trkpt>
    <trkpt lat="42.418521" lon="-2.411206">
      <ele>456.4</ele>
    </trkpt>
    <trkpt lat="42.41936" lon="-2.411664">
      <ele>457.6</ele>
    </trkpt>
    <trkpt lat="42.420015" lon="-2.412087">
      <ele>458</ele>
    </trkpt>
    <trkpt lat="42.420352" lon="-2.412347">
      <ele>457.9</ele>
    </trkpt>
    <trkpt lat="42.420641" lon="-2.41261">
      <ele>457.4</ele>
    </trkpt>
    <trkpt lat="42.420849" lon="-2.412705">
      <ele>457</ele>
    </trkpt>
    <trkpt lat="42.421055" lon="-2.412685">
      <ele>456.4</ele>
    </trkpt>
    <trkpt lat="42.421148" lon="-2.412622">
      <ele>456.1</ele>
    </trkpt>
    <trkpt lat="42.42117" lon="-2.412615">
      <ele>456</ele>
    </trkpt>
    <trkpt lat="42.421336" lon="-2.412635">
      <ele>455.4</ele>
    </trkpt>
    <trkpt lat="42.421467" lon="-2.412776">
      <ele>454.7</ele>
    </trkpt>
    <trkpt lat="42.421499" lon="-2.412861">
      <ele>454.4</ele>
    </trkpt>
    <trkpt lat="42.421514" lon="-2.413063">
      <ele>453.7</ele>
    </trkpt>
    <trkpt lat="42.421453" lon="-2.413247">
      <ele>453</ele>
    </trkpt>
    <trkpt lat="42.42139" lon="-2.413325">
      <ele>452.6</ele>
    </trkpt>
    <trkpt lat="42.421314" lon="-2.413492">
      <ele>451.9</ele>
    </trkpt>
    <trkpt lat="42.421259" lon="-2.413704">
      <ele>451</ele>
    </trkpt>
    <trkpt lat="42.421263" lon="-2.41403">
      <ele>449.6</ele>
    </trkpt>
    <trkpt lat="42.421319" lon="-2.414717">
      <ele>446.6</ele>
    </trkpt>
    <trkpt lat="42.421313" lon="-2.41512">
      <ele>444.8</ele>
    </trkpt>
    <trkpt lat="42.42131" lon="-2.415749">
      <ele>442</ele>
    </trkpt>
    <trkpt lat="42.421248" lon="-2.418044">
      <ele>433.6</ele>
    </trkpt>
    <trkpt lat="42.421188" lon="-2.419647">
      <ele>430.6</ele>
    </trkpt>
    <trkpt lat="42.421196" lon="-2.420075">
      <ele>429.9</ele>
    </trkpt>
    <trkpt lat="42.421216" lon="-2.420477">
      <ele>429.3</ele>
    </trkpt>
    <trkpt lat="42.421366" lon="-2.421297">
      <ele>427.7</ele>
    </trkpt>
    <trkpt lat="42.421478" lon="-2.421675">
      <ele>426.9</ele>
    </trkpt>
    <trkpt lat="42.421612" lon="-2.422036">
      <ele>426</ele>
    </trkpt>
    <trkpt lat="42.421919" lon="-2.422685">
      <ele>424.6</ele>
    </trkpt>
    <trkpt lat="42.422037" lon="-2.422912">
      <ele>424.2</ele>
    </trkpt>
    <trkpt lat="42.422398" lon="-2.423424">
      <ele>423.2</ele>
    </trkpt>
    <trkpt lat="42.422883" lon="-2.42393">
      <ele>422.3</ele>
    </trkpt>
    <trkpt lat="42.42306" lon="-2.42404">
      <ele>422.1</ele>
    </trkpt>
    <trkpt lat="42.423225" lon="-2.424095">
      <ele>421.9</ele>
    </trkpt>
    <trkpt lat="42.423327" lon="-2.424095">
      <ele>421.8</ele>
    </trkpt>
    <trkpt lat="42.423412" lon="-2.42415">
      <ele>421.7</ele>
    </trkpt>
    <trkpt lat="42.423472" lon="-2.424247">
      <ele>421.7</ele>
    </trkpt>
    <trkpt lat="42.42349" lon="-2.424306">
      <ele>421.6</ele>
    </trkpt>
    <trkpt lat="42.423497" lon="-2.424363">
      <ele>421.6</ele>
    </trkpt>
    <trkpt lat="42.423481" lon="-2.424504">
      <ele>421.5</ele>
    </trkpt>
    <trkpt lat="42.42342" lon="-2.424619">
      <ele>421.4</ele>
    </trkpt>
    <trkpt lat="42.42332" lon="-2.424685">
      <ele>421.4</ele>
    </trkpt>
    <trkpt lat="42.423264" lon="-2.424691">
      <ele>421.4</ele>
    </trkpt>
    <trkpt lat="42.422985" lon="-2.424947">
      <ele>421.3</ele>
    </trkpt>
    <trkpt lat="42.42109" lon="-2.428114">
      <ele>422.3</ele>
    </trkpt>
    <trkpt lat="42.420569" lon="-2.429005">
      <ele>423.3</ele>
    </trkpt>
    <trkpt lat="42.420189" lon="-2.429562">
      <ele>424</ele>
    </trkpt>
    <trkpt lat="42.419726" lon="-2.430077">
      <ele>424.7</ele>
    </trkpt>
    <trkpt lat="42.418948" lon="-2.430816">
      <ele>425.5</ele>
    </trkpt>
    <trkpt lat="42.418731" lon="-2.431021">
      <ele>425.7</ele>
    </trkpt>
    <trkpt lat="42.41693" lon="-2.432325">
      <ele>427.4</ele>
    </trkpt>
    <trkpt lat="42.415753" lon="-2.433176">
      <ele>428.2</ele>
    </trkpt>
    <trkpt lat="42.413502" lon="-2.434733">
      <ele>430.8</ele>
    </trkpt>
    <trkpt lat="42.412701" lon="-2.435303">
      <ele>431.7</ele>
    </trkpt>
    <trkpt lat="42.410785" lon="-2.436696">
      <ele>434.8</ele>
    </trkpt>
    <trkpt lat="42.410207" lon="-2.437111">
      <ele>436</ele>
    </trkpt>
    <trkpt lat="42.408597" lon="-2.43827">
      <ele>439.8</ele>
    </trkpt>
    <trkpt lat="42.407874" lon="-2.438759">
      <ele>441.5</ele>
    </trkpt>
    <trkpt lat="42.407429" lon="-2.439087">
      <ele>441.6</ele>
    </trkpt>
    <trkpt lat="42.407535" lon="-2.439371">
      <ele>441.4</ele>
    </trkpt>
    <trkpt lat="42.407699" lon="-2.439805">
      <ele>440.9</ele>
    </trkpt>
    <trkpt lat="42.407777" lon="-2.440058">
      <ele>440.5</ele>
    </trkpt>
    <trkpt lat="42.407963" lon="-2.440762">
      <ele>439.3</ele>
    </trkpt>
    <trkpt lat="42.40805" lon="-2.441153">
      <ele>438.6</ele>
    </trkpt>
    <trkpt lat="42.40818" lon="-2.441735">
      <ele>438</ele>
    </trkpt>
    <trkpt lat="42.40834" lon="-2.44245">
      <ele>437.7</ele>
    </trkpt>
    <trkpt lat="42.40852" lon="-2.443294">
      <ele>437.9</ele>
    </trkpt>
    <trkpt lat="42.408611" lon="-2.443662">
      <ele>438.1</ele>
    </trkpt>
    <trkpt lat="42.408726" lon="-2.444095">
      <ele>438.3</ele>
    </trkpt>
    <trkpt lat="42.408856" lon="-2.444398">
      <ele>438.6</ele>
    </trkpt>
    <trkpt lat="42.409088" lon="-2.444852">
      <ele>439.2</ele>
    </trkpt>
    <trkpt lat="42.409411" lon="-2.44539">
      <ele>440</ele>
    </trkpt>
    <trkpt lat="42.410049" lon="-2.446214">
      <ele>441</ele>
    </trkpt>
    <trkpt lat="42.41047" lon="-2.446612">
      <ele>440.9</ele>
    </trkpt>
    <trkpt lat="42.411341" lon="-2.447376">
      <ele>440</ele>
    </trkpt>
    <trkpt lat="42.412269" lon="-2.448191">
      <ele>439.2</ele>
    </trkpt>
    <trkpt lat="42.41307" lon="-2.448679">
      <ele>438.7</ele>
    </trkpt>
    <trkpt lat="42.414303" lon="-2.449541">
      <ele>437.4</ele>
    </trkpt>
    <trkpt lat="42.414959" lon="-2.450017">
      <ele>436.7</ele>
    </trkpt>
    <trkpt lat="42.417836" lon="-2.45303">
      <ele>434.5</ele>
    </trkpt>
    <trkpt lat="42.418194" lon="-2.453413">
      <ele>434.3</ele>
    </trkpt>
    <trkpt lat="42.418994" lon="-2.454257">
      <ele>434</ele>
    </trkpt>
    <trkpt lat="42.420544" lon="-2.4559">
      <ele>433.9</ele>
    </trkpt>
    <trkpt lat="42.420861" lon="-2.456239">
      <ele>433.9</ele>
    </trkpt>
    <trkpt lat="42.421205" lon="-2.456597">
      <ele>434.1</ele>
    </trkpt>
    <trkpt lat="42.421821" lon="-2.457244">
      <ele>435.2</ele>
    </trkpt>
    <trkpt lat="42.422142" lon="-2.457593">
      <ele>436.1</ele>
    </trkpt>
    <trkpt lat="42.422259" lon="-2.457704">
      <ele>436.4</ele>
    </trkpt>
    <trkpt lat="42.422413" lon="-2.45773">
      <ele>436.8</ele>
    </trkpt>
    <trkpt lat="42.422485" lon="-2.457762">
      <ele>436.9</ele>
    </trkpt>
    <trkpt lat="42.422514" lon="-2.457824">
      <ele>437.1</ele>
    </trkpt>
    <trkpt lat="42.422515" lon="-2.457898">
      <ele>437.2</ele>
    </trkpt>
    <trkpt lat="42.422512" lon="-2.457916">
      <ele>437.2</ele>
    </trkpt>
    <trkpt lat="42.422449" lon="-2.457993">
      <ele>437.5</ele>
    </trkpt>
    <trkpt lat="42.422349" lon="-2.457955">
      <ele>437.7</ele>
    </trkpt>
    <trkpt lat="42.422168" lon="-2.457978">
      <ele>438.1</ele>
    </trkpt>
    <trkpt lat="42.422124" lon="-2.457994">
      <ele>438.2</ele>
    </trkpt>
    <trkpt lat="42.422012" lon="-2.458042">
      <ele>438.5</ele>
    </trkpt>
    <trkpt lat="42.42121" lon="-2.458512">
      <ele>439.7</ele>
    </trkpt>
    <trkpt lat="42.420399" lon="-2.458999">
      <ele>440.2</ele>
    </trkpt>
    <trkpt lat="42.419616" lon="-2.459493">
      <ele>440.6</ele>
    </trkpt>
    <trkpt lat="42.414371" lon="-2.462807">
      <ele>446.5</ele>
    </trkpt>
    <trkpt lat="42.413341" lon="-2.463441">
      <ele>448.5</ele>
    </trkpt>
    <trkpt lat="42.411654" lon="-2.464547">
      <ele>453</ele>
    </trkpt>
    <trkpt lat="42.411485" lon="-2.464717">
      <ele>453.6</ele>
    </trkpt>
    <trkpt lat="42.411411" lon="-2.464859">
      <ele>454</ele>
    </trkpt>
    <trkpt lat="42.41137" lon="-2.465065">
      <ele>454.5</ele>
    </trkpt>
    <trkpt lat="42.411432" lon="-2.465328">
      <ele>455.1</ele>
    </trkpt>
    <trkpt lat="42.411457" lon="-2.465344">
      <ele>455.2</ele>
    </trkpt>
    <trkpt lat="42.411552" lon="-2.465481">
      <ele>455.6</ele>
    </trkpt>
    <trkpt lat="42.411572" lon="-2.465668">
      <ele>456.1</ele>
    </trkpt>
    <trkpt lat="42.411509" lon="-2.465835">
      <ele>456.5</ele>
    </trkpt>
    <trkpt lat="42.411386" lon="-2.465923">
      <ele>456.9</ele>
    </trkpt>
    <trkpt lat="42.411322" lon="-2.465927">
      <ele>457.1</ele>
    </trkpt>
    <trkpt lat="42.411238" lon="-2.465892">
      <ele>457.3</ele>
    </trkpt>
    <trkpt lat="42.410546" lon="-2.465817">
      <ele>458.9</ele>
    </trkpt>
    <trkpt lat="42.409942" lon="-2.465846">
      <ele>459.6</ele>
    </trkpt>
    <trkpt lat="42.409643" lon="-2.465904">
      <ele>459.7</ele>
    </trkpt>
    <trkpt lat="42.409579" lon="-2.465926">
      <ele>459.7</ele>
    </trkpt>
    <trkpt lat="42.409042" lon="-2.466111">
      <ele>459.6</ele>
    </trkpt>
    <trkpt lat="42.408242" lon="-2.466546">
      <ele>459.2</ele>
    </trkpt>
    <trkpt lat="42.407724" lon="-2.466849">
      <ele>458.9</ele>
    </trkpt>
    <trkpt lat="42.405563" lon="-2.467983">
      <ele>458.4</ele>
    </trkpt>
    <trkpt lat="42.404673" lon="-2.468449">
      <ele>458.7</ele>
    </trkpt>
    <trkpt lat="42.40161" lon="-2.470067">
      <ele>461.3</ele>
    </trkpt>
    <trkpt lat="42.400862" lon="-2.470465">
      <ele>462.2</ele>
    </trkpt>
    <trkpt lat="42.399271" lon="-2.471327">
      <ele>464.2</ele>
    </trkpt>
    <trkpt lat="42.39911" lon="-2.47141">
      <ele>464.3</ele>
    </trkpt>
    <trkpt lat="42.398194" lon="-2.471914">
      <ele>464.7</ele>
    </trkpt>
    <trkpt lat="42.397223" lon="-2.472439">
      <ele>465.4</ele>
    </trkpt>
    <trkpt lat="42.39479" lon="-2.473754">
      <ele>468.3</ele>
    </trkpt>
    <trkpt lat="42.394207" lon="-2.474062">
      <ele>468.9</ele>
    </trkpt>
    <trkpt lat="42.39301" lon="-2.474698">
      <ele>470</ele>
    </trkpt>
    <trkpt lat="42.392871" lon="-2.474809">
      <ele>470.1</ele>
    </trkpt>
    <trkpt lat="42.392842" lon="-2.474897">
      <ele>470.2</ele>
    </trkpt>
    <trkpt lat="42.392759" lon="-2.475002">
      <ele>470.3</ele>
    </trkpt>
    <trkpt lat="42.392687" lon="-2.475035">
      <ele>470.4</ele>
    </trkpt>
    <trkpt lat="42.392552" lon="-2.47501">
      <ele>470.5</ele>
    </trkpt>
    <trkpt lat="42.392407" lon="-2.475026">
      <ele>470.7</ele>
    </trkpt>
    <trkpt lat="42.39232" lon="-2.475066">
      <ele>470.8</ele>
    </trkpt>
    <trkpt lat="42.39117" lon="-2.475682">
      <ele>472.2</ele>
    </trkpt>
    <trkpt lat="42.39036" lon="-2.476144">
      <ele>473.4</ele>
    </trkpt>
    <trkpt lat="42.389098" lon="-2.476787">
      <ele>475.4</ele>
    </trkpt>
    <trkpt lat="42.388316" lon="-2.477169">
      <ele>476.4</ele>
    </trkpt>
    <trkpt lat="42.383832" lon="-2.479584">
      <ele>483.3</ele>
    </trkpt>
    <trkpt lat="42.381613" lon="-2.480756">
      <ele>486.9</ele>
    </trkpt>
    <trkpt lat="42.380007" lon="-2.481608">
      <ele>488.3</ele>
    </trkpt>
    <trkpt lat="42.379929" lon="-2.48165">
      <ele>488.3</ele>
    </trkpt>
    <trkpt lat="42.377082" lon="-2.483161">
      <ele>489.3</ele>
    </trkpt>
    <trkpt lat="42.37596" lon="-2.483773">
      <ele>493</ele>
    </trkpt>
    <trkpt lat="42.375446" lon="-2.48403">
      <ele>494.5</ele>
    </trkpt>
    <trkpt lat="42.372566" lon="-2.485567">
      <ele>498.3</ele>
    </trkpt>
    <trkpt lat="42.370186" lon="-2.486912">
      <ele>500.6</ele>
    </trkpt>
    <trkpt lat="42.369849" lon="-2.487061">
      <ele>500.9</ele>
    </trkpt>
    <trkpt lat="42.367998" lon="-2.488052">
      <ele>504.8</ele>
    </trkpt>
    <trkpt lat="42.367769" lon="-2.48824">
      <ele>505.4</ele>
    </trkpt>
    <trkpt lat="42.367696" lon="-2.488374">
      <ele>505.7</ele>
    </trkpt>
    <trkpt lat="42.367582" lon="-2.488437">
      <ele>505.9</ele>
    </trkpt>
    <trkpt lat="42.367486" lon="-2.488422">
      <ele>506.1</ele>
    </trkpt>
    <trkpt lat="42.367182" lon="-2.488491">
      <ele>506.8</ele>
    </trkpt>
    <trkpt lat="42.366119" lon="-2.489063">
      <ele>508.8</ele>
    </trkpt>
    <trkpt lat="42.365926" lon="-2.489183">
      <ele>509.2</ele>
    </trkpt>
    <trkpt lat="42.364593" lon="-2.489893">
      <ele>511.6</ele>
    </trkpt>
    <trkpt lat="42.363683" lon="-2.49031">
      <ele>513.4</ele>
    </trkpt>
    <trkpt lat="42.360357" lon="-2.49211">
      <ele>518.4</ele>
    </trkpt>
    <trkpt lat="42.354086" lon="-2.495462">
      <ele>528.9</ele>
    </trkpt>
    <trkpt lat="42.351686" lon="-2.496741">
      <ele>532.8</ele>
    </trkpt>
    <trkpt lat="42.350576" lon="-2.49733">
      <ele>535.4</ele>
    </trkpt>
    <trkpt lat="42.349849" lon="-2.497727">
      <ele>536.9</ele>
    </trkpt>
    <trkpt lat="42.347732" lon="-2.498843">
      <ele>541</ele>
    </trkpt>
    <trkpt lat="42.345799" lon="-2.499886">
      <ele>544.5</ele>
    </trkpt>
    <trkpt lat="42.345214" lon="-2.500246">
      <ele>545.7</ele>
    </trkpt>
    <trkpt lat="42.343583" lon="-2.501109">
      <ele>548.9</ele>
    </trkpt>
    <trkpt lat="42.342875" lon="-2.501491">
      <ele>550.4</ele>
    </trkpt>
    <trkpt lat="42.342211" lon="-2.501777">
      <ele>552.6</ele>
    </trkpt>
    <trkpt lat="42.341765" lon="-2.501926">
      <ele>554.2</ele>
    </trkpt>
    <trkpt lat="42.34129" lon="-2.502167">
      <ele>556</ele>
    </trkpt>
    <trkpt lat="42.34048" lon="-2.502599">
      <ele>559</ele>
    </trkpt>
    <trkpt lat="42.340415" lon="-2.502646">
      <ele>559.3</ele>
    </trkpt>
    <trkpt lat="42.340235" lon="-2.502683">
      <ele>559.8</ele>
    </trkpt>
    <trkpt lat="42.340198" lon="-2.502692">
      <ele>559.9</ele>
    </trkpt>
    <trkpt lat="42.340091" lon="-2.502737">
      <ele>560.2</ele>
    </trkpt>
    <trkpt lat="42.339949" lon="-2.502853">
      <ele>560.6</ele>
    </trkpt>
    <trkpt lat="42.339064" lon="-2.503378">
      <ele>562</ele>
    </trkpt>
    <trkpt lat="42.338189" lon="-2.504103">
      <ele>561.4</ele>
    </trkpt>
    <trkpt lat="42.336969" lon="-2.50478">
      <ele>559.5</ele>
    </trkpt>
    <trkpt lat="42.335472" lon="-2.505747">
      <ele>561</ele>
    </trkpt>
    <trkpt lat="42.331672" lon="-2.5082">
      <ele>567.3</ele>
    </trkpt>
    <trkpt lat="42.330944" lon="-2.508714">
      <ele>567.5</ele>
    </trkpt>
    <trkpt lat="42.330086" lon="-2.509405">
      <ele>567</ele>
    </trkpt>
    <trkpt lat="42.329265" lon="-2.510148">
      <ele>566.3</ele>
    </trkpt>
    <trkpt lat="42.328622" lon="-2.51097">
      <ele>565.9</ele>
    </trkpt>
    <trkpt lat="42.328225" lon="-2.511371">
      <ele>565.8</ele>
    </trkpt>
    <trkpt lat="42.328016" lon="-2.511621">
      <ele>565.9</ele>
    </trkpt>
    <trkpt lat="42.327626" lon="-2.51218">
      <ele>566.3</ele>
    </trkpt>
    <trkpt lat="42.32727" lon="-2.512833">
      <ele>567.2</ele>
    </trkpt>
    <trkpt lat="42.327056" lon="-2.513114">
      <ele>567.9</ele>
    </trkpt>
    <trkpt lat="42.325946" lon="-2.51399">
      <ele>571.7</ele>
    </trkpt>
    <trkpt lat="42.325451" lon="-2.514299">
      <ele>572.3</ele>
    </trkpt>
    <trkpt lat="42.325247" lon="-2.514414">
      <ele>572.3</ele>
    </trkpt>
    <trkpt lat="42.325181" lon="-2.514451">
      <ele>572.3</ele>
    </trkpt>
    <trkpt lat="42.324225" lon="-2.515111">
      <ele>572.7</ele>
    </trkpt>
    <trkpt lat="42.324088" lon="-2.51523">
      <ele>572.9</ele>
    </trkpt>
    <trkpt lat="42.323852" lon="-2.515524">
      <ele>573.5</ele>
    </trkpt>
    <trkpt lat="42.323765" lon="-2.515589">
      <ele>573.7</ele>
    </trkpt>
    <trkpt lat="42.322928" lon="-2.51598">
      <ele>575.9</ele>
    </trkpt>
    <trkpt lat="42.322762" lon="-2.516094">
      <ele>576.1</ele>
    </trkpt>
    <trkpt lat="42.322567" lon="-2.516259">
      <ele>576.2</ele>
    </trkpt>
    <trkpt lat="42.321701" lon="-2.517161">
      <ele>576.3</ele>
    </trkpt>
    <trkpt lat="42.320967" lon="-2.517834">
      <ele>576.9</ele>
    </trkpt>
    <trkpt lat="42.320793" lon="-2.518119">
      <ele>577.3</ele>
    </trkpt>
    <trkpt lat="42.320397" lon="-2.51962">
      <ele>578.8</ele>
    </trkpt>
    <trkpt lat="42.32034" lon="-2.519913">
      <ele>579.1</ele>
    </trkpt>
    <trkpt lat="42.320222" lon="-2.520926">
      <ele>579.9</ele>
    </trkpt>
    <trkpt lat="42.320109" lon="-2.521501">
      <ele>579.9</ele>
    </trkpt>
    <trkpt lat="42.320016" lon="-2.521852">
      <ele>579.9</ele>
    </trkpt>
    <trkpt lat="42.319703" lon="-2.52274">
      <ele>580.3</ele>
    </trkpt>
    <trkpt lat="42.319668" lon="-2.522839">
      <ele>580.4</ele>
    </trkpt>
    <trkpt lat="42.319245" lon="-2.524047">
      <ele>582.8</ele>
    </trkpt>
    <trkpt lat="42.319207" lon="-2.524156">
      <ele>583.1</ele>
    </trkpt>
    <trkpt lat="42.319051" lon="-2.524495">
      <ele>583.9</ele>
    </trkpt>
    <trkpt lat="42.318717" lon="-2.524967">
      <ele>584.7</ele>
    </trkpt>
    <trkpt lat="42.317588" lon="-2.526265">
      <ele>584.9</ele>
    </trkpt>
    <trkpt lat="42.316978" lon="-2.527133">
      <ele>587.9</ele>
    </trkpt>
    <trkpt lat="42.316001" lon="-2.528085">
      <ele>592.2</ele>
    </trkpt>
    <trkpt lat="42.315134" lon="-2.528597">
      <ele>591.9</ele>
    </trkpt>
    <trkpt lat="42.314816" lon="-2.528924">
      <ele>591.2</ele>
    </trkpt>
    <trkpt lat="42.314567" lon="-2.52935">
      <ele>591</ele>
    </trkpt>
    <trkpt lat="42.314475" lon="-2.529577">
      <ele>591.2</ele>
    </trkpt>
    <trkpt lat="42.314354" lon="-2.530087">
      <ele>592.1</ele>
    </trkpt>
    <trkpt lat="42.31433" lon="-2.530609">
      <ele>593.3</ele>
    </trkpt>
    <trkpt lat="42.314365" lon="-2.530959">
      <ele>594.4</ele>
    </trkpt>
    <trkpt lat="42.314619" lon="-2.532321">
      <ele>598.4</ele>
    </trkpt>
    <trkpt lat="42.314712" lon="-2.533027">
      <ele>598.9</ele>
    </trkpt>
    <trkpt lat="42.314722" lon="-2.533372">
      <ele>598.8</ele>
    </trkpt>
    <trkpt lat="42.31469" lon="-2.534295">
      <ele>597.9</ele>
    </trkpt>
    <trkpt lat="42.314652" lon="-2.534637">
      <ele>597.6</ele>
    </trkpt>
    <trkpt lat="42.314566" lon="-2.535036">
      <ele>597.2</ele>
    </trkpt>
    <trkpt lat="42.314364" lon="-2.535567">
      <ele>597.3</ele>
    </trkpt>
    <trkpt lat="42.314335" lon="-2.535633">
      <ele>597.4</ele>
    </trkpt>
    <trkpt lat="42.313795" lon="-2.536696">
      <ele>599.5</ele>
    </trkpt>
    <trkpt lat="42.313503" lon="-2.537347">
      <ele>600.8</ele>
    </trkpt>
    <trkpt lat="42.313325" lon="-2.537911">
      <ele>601.6</ele>
    </trkpt>
    <trkpt lat="42.313206" lon="-2.538642">
      <ele>602.4</ele>
    </trkpt>
    <trkpt lat="42.312995" lon="-2.540547">
      <ele>605.2</ele>
    </trkpt>
    <trkpt lat="42.312913" lon="-2.540919">
      <ele>605.6</ele>
    </trkpt>
    <trkpt lat="42.312316" lon="-2.543042">
      <ele>607.8</ele>
    </trkpt>
    <trkpt lat="42.312273" lon="-2.543267">
      <ele>608.2</ele>
    </trkpt>
    <trkpt lat="42.312026" lon="-2.545649">
      <ele>612</ele>
    </trkpt>
    <trkpt lat="42.311998" lon="-2.545893">
      <ele>612.3</ele>
    </trkpt>
    <trkpt lat="42.311903" lon="-2.546642">
      <ele>613.1</ele>
    </trkpt>
    <trkpt lat="42.311713" lon="-2.547946">
      <ele>613.8</ele>
    </trkpt>
    <trkpt lat="42.311248" lon="-2.551234">
      <ele>616.2</ele>
    </trkpt>
    <trkpt lat="42.310942" lon="-2.552894">
      <ele>620.5</ele>
    </trkpt>
    <trkpt lat="42.310872" lon="-2.553171">
      <ele>621.4</ele>
    </trkpt>
    <trkpt lat="42.310744" lon="-2.553428">
      <ele>622.4</ele>
    </trkpt>
    <trkpt lat="42.310065" lon="-2.554406">
      <ele>626</ele>
    </trkpt>
    <trkpt lat="42.309895" lon="-2.554614">
      <ele>626.5</ele>
    </trkpt>
    <trkpt lat="42.30972" lon="-2.554814">
      <ele>626.9</ele>
    </trkpt>
    <trkpt lat="42.308569" lon="-2.55595">
      <ele>627.5</ele>
    </trkpt>
    <trkpt lat="42.308043" lon="-2.556456">
      <ele>627.2</ele>
    </trkpt>
    <trkpt lat="42.307672" lon="-2.556736">
      <ele>627.2</ele>
    </trkpt>
    <trkpt lat="42.307574" lon="-2.556789">
      <ele>627.3</ele>
    </trkpt>
    <trkpt lat="42.30736" lon="-2.55689">
      <ele>627.3</ele>
    </trkpt>
    <trkpt lat="42.30702" lon="-2.556996">
      <ele>627.7</ele>
    </trkpt>
    <trkpt lat="42.306001" lon="-2.557091">
      <ele>629.9</ele>
    </trkpt>
    <trkpt lat="42.305672" lon="-2.557172">
      <ele>631.5</ele>
    </trkpt>
    <trkpt lat="42.305234" lon="-2.557387">
      <ele>633.9</ele>
    </trkpt>
    <trkpt lat="42.305025" lon="-2.557541">
      <ele>635.2</ele>
    </trkpt>
    <trkpt lat="42.304753" lon="-2.557794">
      <ele>636.8</ele>
    </trkpt>
    <trkpt lat="42.304449" lon="-2.558196">
      <ele>638.4</ele>
    </trkpt>
    <trkpt lat="42.304177" lon="-2.558697">
      <ele>639.1</ele>
    </trkpt>
    <trkpt lat="42.304048" lon="-2.559092">
      <ele>638.8</ele>
    </trkpt>
    <trkpt lat="42.3039" lon="-2.559792">
      <ele>637.5</ele>
    </trkpt>
    <trkpt lat="42.303781" lon="-2.560803">
      <ele>635.3</ele>
    </trkpt>
    <trkpt lat="42.303668" lon="-2.561296">
      <ele>634.4</ele>
    </trkpt>
    <trkpt lat="42.303502" lon="-2.561763">
      <ele>633.7</ele>
    </trkpt>
    <trkpt lat="42.303196" lon="-2.562343">
      <ele>633.3</ele>
    </trkpt>
    <trkpt lat="42.302851" lon="-2.562734">
      <ele>633.4</ele>
    </trkpt>
    <trkpt lat="42.302657" lon="-2.562916">
      <ele>633.5</ele>
    </trkpt>
    <trkpt lat="42.302399" lon="-2.563093">
      <ele>633.6</ele>
    </trkpt>
    <trkpt lat="42.302085" lon="-2.563249">
      <ele>633.9</ele>
    </trkpt>
    <trkpt lat="42.301629" lon="-2.563362">
      <ele>634.5</ele>
    </trkpt>
    <trkpt lat="42.301288" lon="-2.563367">
      <ele>634.9</ele>
    </trkpt>
    <trkpt lat="42.301002" lon="-2.563308">
      <ele>635.2</ele>
    </trkpt>
    <trkpt lat="42.300754" lon="-2.563222">
      <ele>635.4</ele>
    </trkpt>
    <trkpt lat="42.300334" lon="-2.562986">
      <ele>635.7</ele>
    </trkpt>
    <trkpt lat="42.299358" lon="-2.562267">
      <ele>636.4</ele>
    </trkpt>
    <trkpt lat="42.299127" lon="-2.562149">
      <ele>636.4</ele>
    </trkpt>
    <trkpt lat="42.298851" lon="-2.562071">
      <ele>636.3</ele>
    </trkpt>
    <trkpt lat="42.298531" lon="-2.562028">
      <ele>636.2</ele>
    </trkpt>
    <trkpt lat="42.298205" lon="-2.562029">
      <ele>636</ele>
    </trkpt>
    <trkpt lat="42.297185" lon="-2.562218">
      <ele>636.3</ele>
    </trkpt>
    <trkpt lat="42.29703" lon="-2.562247">
      <ele>636.6</ele>
    </trkpt>
    <trkpt lat="42.296473" lon="-2.562352">
      <ele>638</ele>
    </trkpt>
    <trkpt lat="42.294747" lon="-2.562672">
      <ele>644.1</ele>
    </trkpt>
    <trkpt lat="42.294299" lon="-2.562756">
      <ele>645.5</ele>
    </trkpt>
    <trkpt lat="42.294019" lon="-2.562867">
      <ele>646.3</ele>
    </trkpt>
    <trkpt lat="42.293863" lon="-2.562992">
      <ele>646.7</ele>
    </trkpt>
    <trkpt lat="42.29351" lon="-2.563365">
      <ele>647.7</ele>
    </trkpt>
    <trkpt lat="42.292689" lon="-2.56427">
      <ele>650.9</ele>
    </trkpt>
    <trkpt lat="42.292028" lon="-2.565053">
      <ele>652.9</ele>
    </trkpt>
    <trkpt lat="42.291907" lon="-2.565167">
      <ele>653.3</ele>
    </trkpt>
    <trkpt lat="42.291257" lon="-2.565608">
      <ele>655.6</ele>
    </trkpt>
    <trkpt lat="42.29118" lon="-2.565659">
      <ele>655.9</ele>
    </trkpt>
    <trkpt lat="42.291063" lon="-2.565746">
      <ele>656.3</ele>
    </trkpt>
    <trkpt lat="42.290963" lon="-2.565869">
      <ele>656.6</ele>
    </trkpt>
    <trkpt lat="42.290831" lon="-2.566399">
      <ele>657.8</ele>
    </trkpt>
    <trkpt lat="42.290838" lon="-2.56644">
      <ele>657.9</ele>
    </trkpt>
    <trkpt lat="42.290686" lon="-2.566811">
      <ele>659.1</ele>
    </trkpt>
    <trkpt lat="42.290508" lon="-2.567113">
      <ele>660.1</ele>
    </trkpt>
    <trkpt lat="42.29043" lon="-2.567243">
      <ele>660.4</ele>
    </trkpt>
    <trkpt lat="42.290361" lon="-2.567454">
      <ele>660.7</ele>
    </trkpt>
    <trkpt lat="42.290262" lon="-2.567586">
      <ele>660.9</ele>
    </trkpt>
    <trkpt lat="42.29002" lon="-2.567788">
      <ele>661.2</ele>
    </trkpt>
    <trkpt lat="42.289876" lon="-2.567919">
      <ele>661.3</ele>
    </trkpt>
    <trkpt lat="42.289744" lon="-2.567982">
      <ele>661.4</ele>
    </trkpt>
    <trkpt lat="42.289644" lon="-2.567987">
      <ele>661.5</ele>
    </trkpt>
    <trkpt lat="42.289431" lon="-2.568237">
      <ele>661.7</ele>
    </trkpt>
    <trkpt lat="42.289171" lon="-2.568608">
      <ele>661.7</ele>
    </trkpt>
    <trkpt lat="42.288958" lon="-2.56908">
      <ele>661.5</ele>
    </trkpt>
    <trkpt lat="42.288855" lon="-2.569241">
      <ele>661.6</ele>
    </trkpt>
    <trkpt lat="42.288813" lon="-2.569292">
      <ele>661.7</ele>
    </trkpt>
    <trkpt lat="42.288414" lon="-2.569759">
      <ele>662.6</ele>
    </trkpt>
    <trkpt lat="42.287841" lon="-2.570607">
      <ele>664.3</ele>
    </trkpt>
    <trkpt lat="42.28764" lon="-2.570839">
      <ele>665</ele>
    </trkpt>
    <trkpt lat="42.286319" lon="-2.572181">
      <ele>670.4</ele>
    </trkpt>
    <trkpt lat="42.285469" lon="-2.5731">
      <ele>675.7</ele>
    </trkpt>
    <trkpt lat="42.285155" lon="-2.573324">
      <ele>677.7</ele>
    </trkpt>
    <trkpt lat="42.284949" lon="-2.57342">
      <ele>679</ele>
    </trkpt>
    <trkpt lat="42.283885" lon="-2.573645">
      <ele>684</ele>
    </trkpt>
    <trkpt lat="42.283529" lon="-2.573789">
      <ele>685.1</ele>
    </trkpt>
    <trkpt lat="42.283246" lon="-2.574038">
      <ele>685.8</ele>
    </trkpt>
    <trkpt lat="42.283116" lon="-2.574201">
      <ele>686.1</ele>
    </trkpt>
    <trkpt lat="42.282998" lon="-2.57439">
      <ele>686.3</ele>
    </trkpt>
    <trkpt lat="42.282829" lon="-2.574802">
      <ele>686.6</ele>
    </trkpt>
    <trkpt lat="42.282811" lon="-2.574853">
      <ele>686.6</ele>
    </trkpt>
    <trkpt lat="42.282755" lon="-2.575103">
      <ele>686.7</ele>
    </trkpt>
    <trkpt lat="42.282708" lon="-2.575583">
      <ele>686.8</ele>
    </trkpt>
    <trkpt lat="42.282721" lon="-2.575875">
      <ele>686.7</ele>
    </trkpt>
    <trkpt lat="42.282821" lon="-2.576729">
      <ele>686.2</ele>
    </trkpt>
    <trkpt lat="42.282822" lon="-2.577023">
      <ele>685.9</ele>
    </trkpt>
    <trkpt lat="42.282742" lon="-2.577789">
      <ele>685.1</ele>
    </trkpt>
    <trkpt lat="42.28268" lon="-2.57802">
      <ele>684.8</ele>
    </trkpt>
    <trkpt lat="42.282571" lon="-2.578307">
      <ele>684.5</ele>
    </trkpt>
    <trkpt lat="42.281734" lon="-2.579877">
      <ele>683</ele>
    </trkpt>
    <trkpt lat="42.281377" lon="-2.580638">
      <ele>682.9</ele>
    </trkpt>
    <trkpt lat="42.281053" lon="-2.581429">
      <ele>683.4</ele>
    </trkpt>
    <trkpt lat="42.280922" lon="-2.581999">
      <ele>684.1</ele>
    </trkpt>
    <trkpt lat="42.280821" lon="-2.582595">
      <ele>685.1</ele>
    </trkpt>
    <trkpt lat="42.280704" lon="-2.583684">
      <ele>686.6</ele>
    </trkpt>
    <trkpt lat="42.280584" lon="-2.58443">
      <ele>687.2</ele>
    </trkpt>
    <trkpt lat="42.280379" lon="-2.585106">
      <ele>687.5</ele>
    </trkpt>
    <trkpt lat="42.280012" lon="-2.585885">
      <ele>687.8</ele>
    </trkpt>
    <trkpt lat="42.279856" lon="-2.586154">
      <ele>688.1</ele>
    </trkpt>
    <trkpt lat="42.279511" lon="-2.586562">
      <ele>688.7</ele>
    </trkpt>
    <trkpt lat="42.278934" lon="-2.587348">
      <ele>690.3</ele>
    </trkpt>
    <trkpt lat="42.278644" lon="-2.587622">
      <ele>691.1</ele>
    </trkpt>
    <trkpt lat="42.275117" lon="-2.589066">
      <ele>695</ele>
    </trkpt>
    <trkpt lat="42.274804" lon="-2.589233">
      <ele>695.4</ele>
    </trkpt>
    <trkpt lat="42.274533" lon="-2.589515">
      <ele>695.8</ele>
    </trkpt>
    <trkpt lat="42.274326" lon="-2.58989">
      <ele>696.2</ele>
    </trkpt>
    <trkpt lat="42.274044" lon="-2.590304">
      <ele>696.8</ele>
    </trkpt>
    <trkpt lat="42.273718" lon="-2.590598">
      <ele>697.2</ele>
    </trkpt>
    <trkpt lat="42.273504" lon="-2.590831">
      <ele>697.6</ele>
    </trkpt>
    <trkpt lat="42.272776" lon="-2.59177">
      <ele>698.8</ele>
    </trkpt>
    <trkpt lat="42.27266" lon="-2.591995">
      <ele>699.1</ele>
    </trkpt>
    <trkpt lat="42.272567" lon="-2.592239">
      <ele>699.5</ele>
    </trkpt>
    <trkpt lat="42.272432" lon="-2.592757">
      <ele>700.2</ele>
    </trkpt>
    <trkpt lat="42.27239" lon="-2.593285">
      <ele>700.8</ele>
    </trkpt>
    <trkpt lat="42.272374" lon="-2.59445">
      <ele>701.8</ele>
    </trkpt>
    <trkpt lat="42.272272" lon="-2.595196">
      <ele>702.2</ele>
    </trkpt>
    <trkpt lat="42.271574" lon="-2.59946">
      <ele>706.3</ele>
    </trkpt>
    <trkpt lat="42.271493" lon="-2.599852">
      <ele>707.2</ele>
    </trkpt>
    <trkpt lat="42.271258" lon="-2.600444">
      <ele>708.8</ele>
    </trkpt>
    <trkpt lat="42.270997" lon="-2.60083">
      <ele>710.2</ele>
    </trkpt>
    <trkpt lat="42.270826" lon="-2.601033">
      <ele>711</ele>
    </trkpt>
    <trkpt lat="42.270653" lon="-2.601203">
      <ele>711.7</ele>
    </trkpt>
    <trkpt lat="42.270462" lon="-2.601329">
      <ele>712.4</ele>
    </trkpt>
    <trkpt lat="42.270149" lon="-2.601488">
      <ele>713.2</ele>
    </trkpt>
    <trkpt lat="42.268804" lon="-2.601869">
      <ele>715.5</ele>
    </trkpt>
    <trkpt lat="42.268597" lon="-2.601974">
      <ele>715.6</ele>
    </trkpt>
    <trkpt lat="42.268254" lon="-2.602239">
      <ele>715.8</ele>
    </trkpt>
    <trkpt lat="42.268105" lon="-2.602406">
      <ele>715.8</ele>
    </trkpt>
    <trkpt lat="42.267796" lon="-2.602853">
      <ele>715.7</ele>
    </trkpt>
    <trkpt lat="42.26685" lon="-2.604386">
      <ele>714.9</ele>
    </trkpt>
    <trkpt lat="42.266649" lon="-2.604735">
      <ele>714.7</ele>
    </trkpt>
    <trkpt lat="42.266084" lon="-2.605865">
      <ele>714.9</ele>
    </trkpt>
    <trkpt lat="42.264801" lon="-2.608514">
      <ele>718.2</ele>
    </trkpt>
    <trkpt lat="42.264275" lon="-2.609549">
      <ele>719.5</ele>
    </trkpt>
    <trkpt lat="42.263879" lon="-2.610037">
      <ele>720.4</ele>
    </trkpt>
    <trkpt lat="42.263548" lon="-2.610392">
      <ele>721</ele>
    </trkpt>
    <trkpt lat="42.263042" lon="-2.610869">
      <ele>721.6</ele>
    </trkpt>
    <trkpt lat="42.26279" lon="-2.611033">
      <ele>721.8</ele>
    </trkpt>
    <trkpt lat="42.262367" lon="-2.611222">
      <ele>722.1</ele>
    </trkpt>
    <trkpt lat="42.262084" lon="-2.611294">
      <ele>722.2</ele>
    </trkpt>
    <trkpt lat="42.260747" lon="-2.61145">
      <ele>721.6</ele>
    </trkpt>
    <trkpt lat="42.260567" lon="-2.611487">
      <ele>721.5</ele>
    </trkpt>
    <trkpt lat="42.260398" lon="-2.611568">
      <ele>721.3</ele>
    </trkpt>
    <trkpt lat="42.260241" lon="-2.61169">
      <ele>721.2</ele>
    </trkpt>
    <trkpt lat="42.260092" lon="-2.611865">
      <ele>721</ele>
    </trkpt>
    <trkpt lat="42.260002" lon="-2.612026">
      <ele>720.9</ele>
    </trkpt>
    <trkpt lat="42.259842" lon="-2.612447">
      <ele>720.7</ele>
    </trkpt>
    <trkpt lat="42.259808" lon="-2.612547">
      <ele>720.7</ele>
    </trkpt>
    <trkpt lat="42.259519" lon="-2.613398">
      <ele>720.8</ele>
    </trkpt>
    <trkpt lat="42.258061" lon="-2.617607">
      <ele>725.8</ele>
    </trkpt>
    <trkpt lat="42.258031" lon="-2.61776">
      <ele>726.1</ele>
    </trkpt>
    <trkpt lat="42.257897" lon="-2.618095">
      <ele>726.9</ele>
    </trkpt>
    <trkpt lat="42.25781" lon="-2.618356">
      <ele>727.4</ele>
    </trkpt>
    <trkpt lat="42.257747" lon="-2.618535">
      <ele>727.8</ele>
    </trkpt>
    <trkpt lat="42.257513" lon="-2.619285">
      <ele>729.1</ele>
    </trkpt>
    <trkpt lat="42.257477" lon="-2.619773">
      <ele>729.6</ele>
    </trkpt>
    <trkpt lat="42.257483" lon="-2.619923">
      <ele>729.8</ele>
    </trkpt>
    <trkpt lat="42.257372" lon="-2.620554">
      <ele>729.9</ele>
    </trkpt>
    <trkpt lat="42.257363" lon="-2.620603">
      <ele>729.9</ele>
    </trkpt>
    <trkpt lat="42.257309" lon="-2.62089">
      <ele>729.9</ele>
    </trkpt>
    <trkpt lat="42.257255" lon="-2.621375">
      <ele>730.2</ele>
    </trkpt>
    <trkpt lat="42.257059" lon="-2.621905">
      <ele>730.5</ele>
    </trkpt>
    <trkpt lat="42.256983" lon="-2.622345">
      <ele>730.8</ele>
    </trkpt>
    <trkpt lat="42.257053" lon="-2.622703">
      <ele>731</ele>
    </trkpt>
    <trkpt lat="42.257125" lon="-2.622824">
      <ele>731.2</ele>
    </trkpt>
    <trkpt lat="42.257156" lon="-2.622983">
      <ele>731.3</ele>
    </trkpt>
    <trkpt lat="42.257093" lon="-2.62307">
      <ele>731.4</ele>
    </trkpt>
    <trkpt lat="42.257053" lon="-2.62307">
      <ele>731.5</ele>
    </trkpt>
    <trkpt lat="42.257031" lon="-2.623394">
      <ele>731.9</ele>
    </trkpt>
    <trkpt lat="42.257049" lon="-2.624319">
      <ele>732.7</ele>
    </trkpt>
    <trkpt lat="42.256881" lon="-2.625953">
      <ele>734</ele>
    </trkpt>
    <trkpt lat="42.2568" lon="-2.626742">
      <ele>734.9</ele>
    </trkpt>
    <trkpt lat="42.256692" lon="-2.627087">
      <ele>735.5</ele>
    </trkpt>
    <trkpt lat="42.256532" lon="-2.627603">
      <ele>736.2</ele>
    </trkpt>
    <trkpt lat="42.256371" lon="-2.628119">
      <ele>737.5</ele>
    </trkpt>
    <trkpt lat="42.256233" lon="-2.628402">
      <ele>738.1</ele>
    </trkpt>
    <trkpt lat="42.256001" lon="-2.62884">
      <ele>739</ele>
    </trkpt>
    <trkpt lat="42.255874" lon="-2.629282">
      <ele>739.6</ele>
    </trkpt>
    <trkpt lat="42.255535" lon="-2.62965">
      <ele>740.2</ele>
    </trkpt>
    <trkpt lat="42.255495" lon="-2.62974">
      <ele>740.3</ele>
    </trkpt>
    <trkpt lat="42.255466" lon="-2.629847">
      <ele>740.6</ele>
    </trkpt>
    <trkpt lat="42.25543" lon="-2.629983">
      <ele>741</ele>
    </trkpt>
    <trkpt lat="42.255342" lon="-2.630168">
      <ele>741.7</ele>
    </trkpt>
    <trkpt lat="42.25511" lon="-2.630576">
      <ele>743.1</ele>
    </trkpt>
    <trkpt lat="42.255003" lon="-2.630676">
      <ele>743.7</ele>
    </trkpt>
    <trkpt lat="42.25493" lon="-2.630742">
      <ele>744.1</ele>
    </trkpt>
    <trkpt lat="42.25481" lon="-2.630855">
      <ele>744.7</ele>
    </trkpt>
    <trkpt lat="42.254647" lon="-2.630965">
      <ele>745.4</ele>
    </trkpt>
    <trkpt lat="42.254385" lon="-2.631001">
      <ele>745.9</ele>
    </trkpt>
    <trkpt lat="42.253976" lon="-2.631035">
      <ele>746.6</ele>
    </trkpt>
    <trkpt lat="42.253729" lon="-2.631002">
      <ele>746.6</ele>
    </trkpt>
    <trkpt lat="42.252891" lon="-2.630516">
      <ele>745</ele>
    </trkpt>
    <trkpt lat="42.25273" lon="-2.630414">
      <ele>744.8</ele>
    </trkpt>
    <trkpt lat="42.252678" lon="-2.630381">
      <ele>744.7</ele>
    </trkpt>
    <trkpt lat="42.252482" lon="-2.63024">
      <ele>744.7</ele>
    </trkpt>
    <trkpt lat="42.252211" lon="-2.630129">
      <ele>744.8</ele>
    </trkpt>
    <trkpt lat="42.252117" lon="-2.63013">
      <ele>745</ele>
    </trkpt>
    <trkpt lat="42.251894" lon="-2.630205">
      <ele>745.4</ele>
    </trkpt>
    <trkpt lat="42.251616" lon="-2.630361">
      <ele>746.1</ele>
    </trkpt>
    <trkpt lat="42.251243" lon="-2.630586">
      <ele>746.9</ele>
    </trkpt>
    <trkpt lat="42.250999" lon="-2.630668">
      <ele>747.2</ele>
    </trkpt>
    <trkpt lat="42.250692" lon="-2.630672">
      <ele>747.6</ele>
    </trkpt>
    <trkpt lat="42.250307" lon="-2.630571">
      <ele>748.1</ele>
    </trkpt>
    <trkpt lat="42.250109" lon="-2.630485">
      <ele>748.5</ele>
    </trkpt>
    <trkpt lat="42.248761" lon="-2.629802">
      <ele>753.5</ele>
    </trkpt>
    <trkpt lat="42.248476" lon="-2.629694">
      <ele>754.9</ele>
    </trkpt>
    <trkpt lat="42.248272" lon="-2.629723">
      <ele>755.7</ele>
    </trkpt>
    <trkpt lat="42.247975" lon="-2.629815">
      <ele>757</ele>
    </trkpt>
    <trkpt lat="42.247787" lon="-2.629778">
      <ele>757.9</ele>
    </trkpt>
    <trkpt lat="42.247493" lon="-2.629632">
      <ele>759.3</ele>
    </trkpt>
    <trkpt lat="42.247298" lon="-2.629656">
      <ele>760.2</ele>
    </trkpt>
    <trkpt lat="42.246978" lon="-2.629636">
      <ele>761.9</ele>
    </trkpt>
    <trkpt lat="42.246921" lon="-2.629661">
      <ele>762.2</ele>
    </trkpt>
    <trkpt lat="42.246716" lon="-2.629867">
      <ele>763.8</ele>
    </trkpt>
    <trkpt lat="42.246679" lon="-2.629927">
      <ele>764.2</ele>
    </trkpt>
    <trkpt lat="42.246555" lon="-2.630329">
      <ele>766.1</ele>
    </trkpt>
    <trkpt lat="42.246279" lon="-2.630719">
      <ele>767.8</ele>
    </trkpt>
    <trkpt lat="42.246085" lon="-2.630909">
      <ele>768.4</ele>
    </trkpt>
    <trkpt lat="42.245879" lon="-2.631048">
      <ele>768.4</ele>
    </trkpt>
    <trkpt lat="42.2458" lon="-2.631077">
      <ele>768.3</ele>
    </trkpt>
    <trkpt lat="42.245667" lon="-2.631058">
      <ele>768</ele>
    </trkpt>
    <trkpt lat="42.245142" lon="-2.630746">
      <ele>766</ele>
    </trkpt>
    <trkpt lat="42.244929" lon="-2.630712">
      <ele>765.1</ele>
    </trkpt>
    <trkpt lat="42.244596" lon="-2.630569">
      <ele>763.9</ele>
    </trkpt>
    <trkpt lat="42.244506" lon="-2.630585">
      <ele>763.7</ele>
    </trkpt>
    <trkpt lat="42.244442" lon="-2.630673">
      <ele>763.6</ele>
    </trkpt>
    <trkpt lat="42.244316" lon="-2.631056">
      <ele>764</ele>
    </trkpt>
    <trkpt lat="42.244022" lon="-2.631645">
      <ele>766.6</ele>
    </trkpt>
    <trkpt lat="42.243993" lon="-2.63182">
      <ele>767.5</ele>
    </trkpt>
    <trkpt lat="42.244007" lon="-2.632061">
      <ele>768.7</ele>
    </trkpt>
    <trkpt lat="42.243972" lon="-2.632245">
      <ele>769.5</ele>
    </trkpt>
    <trkpt lat="42.243711" lon="-2.632807">
      <ele>770.9</ele>
    </trkpt>
    <trkpt lat="42.243527" lon="-2.632999">
      <ele>770.8</ele>
    </trkpt>
    <trkpt lat="42.243361" lon="-2.633065">
      <ele>770.4</ele>
    </trkpt>
    <trkpt lat="42.243175" lon="-2.633055">
      <ele>769.8</ele>
    </trkpt>
    <trkpt lat="42.242704" lon="-2.632921">
      <ele>767.4</ele>
    </trkpt>
    <trkpt lat="42.242527" lon="-2.6329">
      <ele>766.3</ele>
    </trkpt>
    <trkpt lat="42.242404" lon="-2.632935">
      <ele>765.5</ele>
    </trkpt>
    <trkpt lat="42.241819" lon="-2.633357">
      <ele>763</ele>
    </trkpt>
    <trkpt lat="42.241361" lon="-2.633741">
      <ele>763.5</ele>
    </trkpt>
    <trkpt lat="42.240093" lon="-2.635576">
      <ele>772.7</ele>
    </trkpt>
    <trkpt lat="42.239936" lon="-2.635759">
      <ele>773.6</ele>
    </trkpt>
    <trkpt lat="42.239571" lon="-2.635867">
      <ele>775</ele>
    </trkpt>
    <trkpt lat="42.239305" lon="-2.635909">
      <ele>775.7</ele>
    </trkpt>
    <trkpt lat="42.239128" lon="-2.63589">
      <ele>776.1</ele>
    </trkpt>
    <trkpt lat="42.238568" lon="-2.635585">
      <ele>777.2</ele>
    </trkpt>
    <trkpt lat="42.238348" lon="-2.635367">
      <ele>777.5</ele>
    </trkpt>
    <trkpt lat="42.237108" lon="-2.632321">
      <ele>785.8</ele>
    </trkpt>
    <trkpt lat="42.236569" lon="-2.631437">
      <ele>791.1</ele>
    </trkpt>
    <trkpt lat="42.236077" lon="-2.630495">
      <ele>794.8</ele>
    </trkpt>
    <trkpt lat="42.236016" lon="-2.630211">
      <ele>794.8</ele>
    </trkpt>
    <trkpt lat="42.235968" lon="-2.629729">
      <ele>794.3</ele>
    </trkpt>
    <trkpt lat="42.236015" lon="-2.628977">
      <ele>792.4</ele>
    </trkpt>
    <trkpt lat="42.235989" lon="-2.628734">
      <ele>791.7</ele>
    </trkpt>
    <trkpt lat="42.235926" lon="-2.628548">
      <ele>791</ele>
    </trkpt>
    <trkpt lat="42.235741" lon="-2.628363">
      <ele>789.9</ele>
    </trkpt>
    <trkpt lat="42.23531" lon="-2.628035">
      <ele>787.7</ele>
    </trkpt>
    <trkpt lat="42.235151" lon="-2.627846">
      <ele>786.7</ele>
    </trkpt>
    <trkpt lat="42.23504" lon="-2.627623">
      <ele>785.9</ele>
    </trkpt>
    <trkpt lat="42.234949" lon="-2.627146">
      <ele>784.1</ele>
    </trkpt>
    <trkpt lat="42.234692" lon="-2.626374">
      <ele>780.2</ele>
    </trkpt>
    <trkpt lat="42.234372" lon="-2.625657">
      <ele>777.3</ele>
    </trkpt>
    <trkpt lat="42.234293" lon="-2.625603">
      <ele>777.1</ele>
    </trkpt>
    <trkpt lat="42.234198" lon="-2.625637">
      <ele>776.9</ele>
    </trkpt>
    <trkpt lat="42.234051" lon="-2.62609">
      <ele>777</ele>
    </trkpt>
    <trkpt lat="42.23389" lon="-2.626425">
      <ele>777.3</ele>
    </trkpt>
    <trkpt lat="42.233594" lon="-2.626675">
      <ele>778.1</ele>
    </trkpt>
    <trkpt lat="42.233342" lon="-2.626747">
      <ele>778.7</ele>
    </trkpt>
    <trkpt lat="42.233067" lon="-2.62669">
      <ele>779.3</ele>
    </trkpt>
    <trkpt lat="42.23287" lon="-2.626607">
      <ele>779.6</ele>
    </trkpt>
    <trkpt lat="42.232701" lon="-2.626658">
      <ele>779.7</ele>
    </trkpt>
    <trkpt lat="42.232073" lon="-2.626376">
      <ele>779.9</ele>
    </trkpt>
    <trkpt lat="42.231733" lon="-2.626263">
      <ele>780.4</ele>
    </trkpt>
    <trkpt lat="42.231552" lon="-2.626243">
      <ele>780.8</ele>
    </trkpt>
    <trkpt lat="42.231273" lon="-2.626292">
      <ele>781.6</ele>
    </trkpt>
    <trkpt lat="42.230939" lon="-2.626514">
      <ele>783.2</ele>
    </trkpt>
    <trkpt lat="42.230766" lon="-2.626695">
      <ele>784.2</ele>
    </trkpt>
    <trkpt lat="42.230218" lon="-2.627373">
      <ele>787.7</ele>
    </trkpt>
    <trkpt lat="42.2301" lon="-2.627474">
      <ele>788.3</ele>
    </trkpt>
    <trkpt lat="42.229511" lon="-2.627804">
      <ele>790.1</ele>
    </trkpt>
    <trkpt lat="42.229059" lon="-2.628111">
      <ele>791</ele>
    </trkpt>
    <trkpt lat="42.228479" lon="-2.628743">
      <ele>793.1</ele>
    </trkpt>
    <trkpt lat="42.228195" lon="-2.628931">
      <ele>793.7</ele>
    </trkpt>
    <trkpt lat="42.228117" lon="-2.628942">
      <ele>793.9</ele>
    </trkpt>
    <trkpt lat="42.227989" lon="-2.628927">
      <ele>794.1</ele>
    </trkpt>
    <trkpt lat="42.227691" lon="-2.628798">
      <ele>794.4</ele>
    </trkpt>
    <trkpt lat="42.227538" lon="-2.628699">
      <ele>794.5</ele>
    </trkpt>
    <trkpt lat="42.22675" lon="-2.628046">
      <ele>792.6</ele>
    </trkpt>
    <trkpt lat="42.226441" lon="-2.627886">
      <ele>791.5</ele>
    </trkpt>
    <trkpt lat="42.226265" lon="-2.627843">
      <ele>790.9</ele>
    </trkpt>
    <trkpt lat="42.225915" lon="-2.62783">
      <ele>789.8</ele>
    </trkpt>
    <trkpt lat="42.225559" lon="-2.627929">
      <ele>788.8</ele>
    </trkpt>
    <trkpt lat="42.225236" lon="-2.628113">
      <ele>788.2</ele>
    </trkpt>
    <trkpt lat="42.22501" lon="-2.628335">
      <ele>788</ele>
    </trkpt>
    <trkpt lat="42.224742" lon="-2.628678">
      <ele>788</ele>
    </trkpt>
    <trkpt lat="42.22275" lon="-2.63159">
      <ele>795.4</ele>
    </trkpt>
    <trkpt lat="42.222445" lon="-2.631897">
      <ele>797.8</ele>
    </trkpt>
    <trkpt lat="42.22211" lon="-2.632083">
      <ele>800.4</ele>
    </trkpt>
    <trkpt lat="42.221874" lon="-2.632167">
      <ele>802.2</ele>
    </trkpt>
    <trkpt lat="42.221655" lon="-2.632187">
      <ele>803.8</ele>
    </trkpt>
    <trkpt lat="42.221247" lon="-2.632127">
      <ele>806.6</ele>
    </trkpt>
    <trkpt lat="42.221011" lon="-2.63202">
      <ele>808</ele>
    </trkpt>
    <trkpt lat="42.219148" lon="-2.630797">
      <ele>815.5</ele>
    </trkpt>
    <trkpt lat="42.218822" lon="-2.630578">
      <ele>816.7</ele>
    </trkpt>
    <trkpt lat="42.217885" lon="-2.629988">
      <ele>820</ele>
    </trkpt>
    <trkpt lat="42.217492" lon="-2.629813">
      <ele>820.9</ele>
    </trkpt>
    <trkpt lat="42.217217" lon="-2.629741">
      <ele>821.3</ele>
    </trkpt>
    <trkpt lat="42.216253" lon="-2.629672">
      <ele>822.4</ele>
    </trkpt>
    <trkpt lat="42.21602" lon="-2.629691">
      <ele>822.8</ele>
    </trkpt>
    <trkpt lat="42.215774" lon="-2.629761">
      <ele>823.6</ele>
    </trkpt>
    <trkpt lat="42.21558" lon="-2.629846">
      <ele>824.3</ele>
    </trkpt>
    <trkpt lat="42.215061" lon="-2.630158">
      <ele>827.5</ele>
    </trkpt>
    <trkpt lat="42.214559" lon="-2.630549">
      <ele>831.6</ele>
    </trkpt>
    <trkpt lat="42.214178" lon="-2.63077">
      <ele>834.5</ele>
    </trkpt>
    <trkpt lat="42.213963" lon="-2.630836">
      <ele>835.9</ele>
    </trkpt>
    <trkpt lat="42.212982" lon="-2.631004">
      <ele>840.4</ele>
    </trkpt>
    <trkpt lat="42.212771" lon="-2.63102">
      <ele>840.8</ele>
    </trkpt>
    <trkpt lat="42.212455" lon="-2.630984">
      <ele>841.3</ele>
    </trkpt>
    <trkpt lat="42.211363" lon="-2.630655">
      <ele>841.2</ele>
    </trkpt>
    <trkpt lat="42.210888" lon="-2.630551">
      <ele>841</ele>
    </trkpt>
    <trkpt lat="42.2104" lon="-2.63055">
      <ele>841.2</ele>
    </trkpt>
    <trkpt lat="42.21016" lon="-2.630591">
      <ele>841.4</ele>
    </trkpt>
    <trkpt lat="42.209642" lon="-2.630777">
      <ele>842.1</ele>
    </trkpt>
    <trkpt lat="42.20913" lon="-2.631024">
      <ele>843.3</ele>
    </trkpt>
    <trkpt lat="42.208617" lon="-2.631289">
      <ele>844.7</ele>
    </trkpt>
    <trkpt lat="42.207848" lon="-2.631752">
      <ele>849.8</ele>
    </trkpt>
    <trkpt lat="42.207573" lon="-2.632037">
      <ele>852.9</ele>
    </trkpt>
    <trkpt lat="42.207265" lon="-2.632541">
      <ele>857.1</ele>
    </trkpt>
    <trkpt lat="42.207156" lon="-2.632664">
      <ele>858.3</ele>
    </trkpt>
    <trkpt lat="42.206946" lon="-2.632789">
      <ele>860</ele>
    </trkpt>
    <trkpt lat="42.206844" lon="-2.632806">
      <ele>860.7</ele>
    </trkpt>
    <trkpt lat="42.206699" lon="-2.63279">
      <ele>861.6</ele>
    </trkpt>
    <trkpt lat="42.205893" lon="-2.632583">
      <ele>862.7</ele>
    </trkpt>
    <trkpt lat="42.205702" lon="-2.632503">
      <ele>861.9</ele>
    </trkpt>
    <trkpt lat="42.205538" lon="-2.632399">
      <ele>861</ele>
    </trkpt>
    <trkpt lat="42.20537" lon="-2.63224">
      <ele>859.9</ele>
    </trkpt>
    <trkpt lat="42.205263" lon="-2.632076">
      <ele>858.9</ele>
    </trkpt>
    <trkpt lat="42.204892" lon="-2.63137">
      <ele>854.7</ele>
    </trkpt>
    <trkpt lat="42.204778" lon="-2.631206">
      <ele>853.5</ele>
    </trkpt>
    <trkpt lat="42.204527" lon="-2.630985">
      <ele>851.4</ele>
    </trkpt>
    <trkpt lat="42.204236" lon="-2.630857">
      <ele>849.3</ele>
    </trkpt>
    <trkpt lat="42.203346" lon="-2.630613">
      <ele>844.5</ele>
    </trkpt>
    <trkpt lat="42.202895" lon="-2.630527">
      <ele>842.7</ele>
    </trkpt>
    <trkpt lat="42.202505" lon="-2.630553">
      <ele>841.5</ele>
    </trkpt>
    <trkpt lat="42.202042" lon="-2.630708">
      <ele>840.3</ele>
    </trkpt>
    <trkpt lat="42.200596" lon="-2.631427">
      <ele>838.5</ele>
    </trkpt>
    <trkpt lat="42.200305" lon="-2.631654">
      <ele>838.3</ele>
    </trkpt>
    <trkpt lat="42.199917" lon="-2.63205">
      <ele>838.3</ele>
    </trkpt>
    <trkpt lat="42.199093" lon="-2.632543">
      <ele>838.4</ele>
    </trkpt>
    <trkpt lat="42.198462" lon="-2.63296">
      <ele>838.7</ele>
    </trkpt>
    <trkpt lat="42.198061" lon="-2.633308">
      <ele>839.1</ele>
    </trkpt>
    <trkpt lat="42.197769" lon="-2.633627">
      <ele>839.7</ele>
    </trkpt>
    <trkpt lat="42.197569" lon="-2.633735">
      <ele>840.2</ele>
    </trkpt>
    <trkpt lat="42.19739" lon="-2.633737">
      <ele>840.7</ele>
    </trkpt>
    <trkpt lat="42.197051" lon="-2.633663">
      <ele>842</ele>
    </trkpt>
    <trkpt lat="42.196872" lon="-2.633655">
      <ele>842.7</ele>
    </trkpt>
    <trkpt lat="42.195635" lon="-2.633787">
      <ele>850.4</ele>
    </trkpt>
    <trkpt lat="42.195438" lon="-2.633856">
      <ele>852</ele>
    </trkpt>
    <trkpt lat="42.195082" lon="-2.634065">
      <ele>854.7</ele>
    </trkpt>
    <trkpt lat="42.19484" lon="-2.63415">
      <ele>856.3</ele>
    </trkpt>
    <trkpt lat="42.194691" lon="-2.634156">
      <ele>857.2</ele>
    </trkpt>
    <trkpt lat="42.194103" lon="-2.634052">
      <ele>859.9</ele>
    </trkpt>
    <trkpt lat="42.19382" lon="-2.634028">
      <ele>860.5</ele>
    </trkpt>
    <trkpt lat="42.193647" lon="-2.634047">
      <ele>860.7</ele>
    </trkpt>
    <trkpt lat="42.193373" lon="-2.634156">
      <ele>860.8</ele>
    </trkpt>
    <trkpt lat="42.192903" lon="-2.634438">
      <ele>860.5</ele>
    </trkpt>
    <trkpt lat="42.190992" lon="-2.635589">
      <ele>857.9</ele>
    </trkpt>
    <trkpt lat="42.187011" lon="-2.637805">
      <ele>853.9</ele>
    </trkpt>
    <trkpt lat="42.186652" lon="-2.637967">
      <ele>854</ele>
    </trkpt>
    <trkpt lat="42.186218" lon="-2.638086">
      <ele>854.3</ele>
    </trkpt>
    <trkpt lat="42.185908" lon="-2.638106">
      <ele>854.7</ele>
    </trkpt>
    <trkpt lat="42.183511" lon="-2.638004">
      <ele>859.4</ele>
    </trkpt>
    <trkpt lat="42.183258" lon="-2.638025">
      <ele>859.6</ele>
    </trkpt>
    <trkpt lat="42.182907" lon="-2.638119">
      <ele>859.8</ele>
    </trkpt>
    <trkpt lat="42.182741" lon="-2.638219">
      <ele>860</ele>
    </trkpt>
    <trkpt lat="42.182606" lon="-2.638338">
      <ele>860.2</ele>
    </trkpt>
    <trkpt lat="42.182512" lon="-2.638466">
      <ele>860.4</ele>
    </trkpt>
    <trkpt lat="42.182303" lon="-2.638898">
      <ele>861.3</ele>
    </trkpt>
    <trkpt lat="42.182189" lon="-2.63908">
      <ele>861.9</ele>
    </trkpt>
    <trkpt lat="42.182045" lon="-2.639242">
      <ele>862.7</ele>
    </trkpt>
    <trkpt lat="42.181238" lon="-2.639987">
      <ele>867.1</ele>
    </trkpt>
    <trkpt lat="42.181026" lon="-2.640151">
      <ele>868.1</ele>
    </trkpt>
    <trkpt lat="42.180849" lon="-2.640253">
      <ele>868.7</ele>
    </trkpt>
    <trkpt lat="42.180583" lon="-2.640338">
      <ele>869.4</ele>
    </trkpt>
    <trkpt lat="42.179818" lon="-2.640477">
      <ele>871.3</ele>
    </trkpt>
    <trkpt lat="42.179545" lon="-2.640484">
      <ele>872</ele>
    </trkpt>
    <trkpt lat="42.179279" lon="-2.640543">
      <ele>872.8</ele>
    </trkpt>
    <trkpt lat="42.178959" lon="-2.64056">
      <ele>873.9</ele>
    </trkpt>
    <trkpt lat="42.178497" lon="-2.640556">
      <ele>875.3</ele>
    </trkpt>
    <trkpt lat="42.178182" lon="-2.640562">
      <ele>876.4</ele>
    </trkpt>
    <trkpt lat="42.178061" lon="-2.640532">
      <ele>876.9</ele>
    </trkpt>
    <trkpt lat="42.177835" lon="-2.640412">
      <ele>877.8</ele>
    </trkpt>
    <trkpt lat="42.177804" lon="-2.640435">
      <ele>877.9</ele>
    </trkpt>
    <trkpt lat="42.177524" lon="-2.640672">
      <ele>878.7</ele>
    </trkpt>
    <trkpt lat="42.177318" lon="-2.640859">
      <ele>879</ele>
    </trkpt>
    <trkpt lat="42.1773" lon="-2.640874">
      <ele>879.1</ele>
    </trkpt>
    <trkpt lat="42.177074" lon="-2.640972">
      <ele>879.2</ele>
    </trkpt>
    <trkpt lat="42.177023" lon="-2.640984">
      <ele>879.2</ele>
    </trkpt>
    <trkpt lat="42.176974" lon="-2.640996">
      <ele>879.2</ele>
    </trkpt>
    <trkpt lat="42.176845" lon="-2.641019">
      <ele>879.1</ele>
    </trkpt>
    <trkpt lat="42.176163" lon="-2.641148">
      <ele>878.6</ele>
    </trkpt>
    <trkpt lat="42.176051" lon="-2.641195">
      <ele>878.4</ele>
    </trkpt>
    <trkpt lat="42.175923" lon="-2.641294">
      <ele>878</ele>
    </trkpt>
    <trkpt lat="42.175803" lon="-2.641431">
      <ele>877.5</ele>
    </trkpt>
    <trkpt lat="42.174849" lon="-2.642731">
      <ele>876.3</ele>
    </trkpt>
    <trkpt lat="42.173799" lon="-2.644094">
      <ele>881.8</ele>
    </trkpt>
    <trkpt lat="42.173555" lon="-2.644284">
      <ele>882.8</ele>
    </trkpt>
    <trkpt lat="42.170896" lon="-2.645907">
      <ele>885.7</ele>
    </trkpt>
    <trkpt lat="42.170726" lon="-2.646064">
      <ele>885.6</ele>
    </trkpt>
    <trkpt lat="42.170601" lon="-2.646232">
      <ele>885.6</ele>
    </trkpt>
    <trkpt lat="42.169843" lon="-2.647611">
      <ele>885.7</ele>
    </trkpt>
    <trkpt lat="42.169717" lon="-2.647953">
      <ele>886.2</ele>
    </trkpt>
    <trkpt lat="42.16963" lon="-2.64852">
      <ele>887</ele>
    </trkpt>
    <trkpt lat="42.169573" lon="-2.648717">
      <ele>887.2</ele>
    </trkpt>
    <trkpt lat="42.169423" lon="-2.648987">
      <ele>887.6</ele>
    </trkpt>
    <trkpt lat="42.169313" lon="-2.649079">
      <ele>887.7</ele>
    </trkpt>
    <trkpt lat="42.169017" lon="-2.649185">
      <ele>887.9</ele>
    </trkpt>
    <trkpt lat="42.168547" lon="-2.649264">
      <ele>888</ele>
    </trkpt>
    <trkpt lat="42.168318" lon="-2.649252">
      <ele>888.1</ele>
    </trkpt>
    <trkpt lat="42.167789" lon="-2.649198">
      <ele>888.2</ele>
    </trkpt>
    <trkpt lat="42.167648" lon="-2.649221">
      <ele>888.4</ele>
    </trkpt>
    <trkpt lat="42.167522" lon="-2.649279">
      <ele>888.5</ele>
    </trkpt>
    <trkpt lat="42.167361" lon="-2.649434">
      <ele>888.7</ele>
    </trkpt>
    <trkpt lat="42.166803" lon="-2.649407">
      <ele>888.7</ele>
    </trkpt>
    <trkpt lat="42.166744" lon="-2.649485">
      <ele>888.8</ele>
    </trkpt>
    <trkpt lat="42.166634" lon="-2.649661">
      <ele>888.9</ele>
    </trkpt>
    <trkpt lat="42.166507" lon="-2.649976">
      <ele>889.1</ele>
    </trkpt>
    <trkpt lat="42.166456" lon="-2.65008">
      <ele>889</ele>
    </trkpt>
    <trkpt lat="42.166281" lon="-2.65028">
      <ele>889.1</ele>
    </trkpt>
    <trkpt lat="42.166084" lon="-2.650416">
      <ele>889.2</ele>
    </trkpt>
    <trkpt lat="42.166023" lon="-2.65045">
      <ele>889.2</ele>
    </trkpt>
    <trkpt lat="42.165794" lon="-2.650546">
      <ele>889.2</ele>
    </trkpt>
    <trkpt lat="42.16544" lon="-2.65054">
      <ele>889.3</ele>
    </trkpt>
    <trkpt lat="42.164833" lon="-2.650378">
      <ele>891.2</ele>
    </trkpt>
    <trkpt lat="42.164323" lon="-2.650061">
      <ele>893.8</ele>
    </trkpt>
    <trkpt lat="42.16405" lon="-2.649943">
      <ele>895.3</ele>
    </trkpt>
    <trkpt lat="42.163734" lon="-2.649907">
      <ele>897.2</ele>
    </trkpt>
    <trkpt lat="42.162851" lon="-2.649956">
      <ele>902.3</ele>
    </trkpt>
    <trkpt lat="42.162402" lon="-2.650027">
      <ele>904.1</ele>
    </trkpt>
    <trkpt lat="42.162183" lon="-2.650097">
      <ele>904.7</ele>
    </trkpt>
    <trkpt lat="42.16169" lon="-2.650369">
      <ele>905.3</ele>
    </trkpt>
    <trkpt lat="42.161093" lon="-2.650842">
      <ele>905.4</ele>
    </trkpt>
    <trkpt lat="42.160915" lon="-2.650934">
      <ele>905.6</ele>
    </trkpt>
    <trkpt lat="42.160622" lon="-2.65099">
      <ele>906</ele>
    </trkpt>
    <trkpt lat="42.160246" lon="-2.65093">
      <ele>906.6</ele>
    </trkpt>
    <trkpt lat="42.159667" lon="-2.650744">
      <ele>907.7</ele>
    </trkpt>
    <trkpt lat="42.15865" lon="-2.650119">
      <ele>912</ele>
    </trkpt>
    <trkpt lat="42.157893" lon="-2.649831">
      <ele>915.5</ele>
    </trkpt>
    <trkpt lat="42.157622" lon="-2.649802">
      <ele>916.5</ele>
    </trkpt>
    <trkpt lat="42.157214" lon="-2.649918">
      <ele>917.4</ele>
    </trkpt>
    <trkpt lat="42.155662" lon="-2.651187">
      <ele>911.1</ele>
    </trkpt>
    <trkpt lat="42.15539" lon="-2.651354">
      <ele>909.8</ele>
    </trkpt>
    <trkpt lat="42.155264" lon="-2.651394">
      <ele>909.3</ele>
    </trkpt>
    <trkpt lat="42.154904" lon="-2.651437">
      <ele>908.3</ele>
    </trkpt>
    <trkpt lat="42.154508" lon="-2.651418">
      <ele>907.4</ele>
    </trkpt>
    <trkpt lat="42.154408" lon="-2.651376">
      <ele>907.3</ele>
    </trkpt>
    <trkpt lat="42.154223" lon="-2.651225">
      <ele>907.4</ele>
    </trkpt>
    <trkpt lat="42.153944" lon="-2.650884">
      <ele>908.6</ele>
    </trkpt>
    <trkpt lat="42.153758" lon="-2.650699">
      <ele>909.7</ele>
    </trkpt>
    <trkpt lat="42.153678" lon="-2.65064">
      <ele>910.3</ele>
    </trkpt>
    <trkpt lat="42.153068" lon="-2.650207">
      <ele>914.8</ele>
    </trkpt>
    <trkpt lat="42.152867" lon="-2.650188">
      <ele>915.9</ele>
    </trkpt>
    <trkpt lat="42.152728" lon="-2.650224">
      <ele>916.6</ele>
    </trkpt>
    <trkpt lat="42.1524" lon="-2.650469">
      <ele>918.3</ele>
    </trkpt>
    <trkpt lat="42.151624" lon="-2.651147">
      <ele>919.5</ele>
    </trkpt>
    <trkpt lat="42.151346" lon="-2.6513">
      <ele>919.7</ele>
    </trkpt>
    <trkpt lat="42.151103" lon="-2.6513">
      <ele>920.3</ele>
    </trkpt>
    <trkpt lat="42.150597" lon="-2.651123">
      <ele>923.5</ele>
    </trkpt>
    <trkpt lat="42.150144" lon="-2.650964">
      <ele>928.1</ele>
    </trkpt>
    <trkpt lat="42.149783" lon="-2.650934">
      <ele>931.9</ele>
    </trkpt>
    <trkpt lat="42.149603" lon="-2.650971">
      <ele>933.5</ele>
    </trkpt>
    <trkpt lat="42.149379" lon="-2.651061">
      <ele>935.2</ele>
    </trkpt>
    <trkpt lat="42.149203" lon="-2.651172">
      <ele>936.4</ele>
    </trkpt>
    <trkpt lat="42.148916" lon="-2.651477">
      <ele>937.5</ele>
    </trkpt>
    <trkpt lat="42.148798" lon="-2.651668">
      <ele>937.5</ele>
    </trkpt>
    <trkpt lat="42.148702" lon="-2.651883">
      <ele>937.1</ele>
    </trkpt>
    <trkpt lat="42.14846" lon="-2.652595">
      <ele>934.3</ele>
    </trkpt>
    <trkpt lat="42.148329" lon="-2.652826">
      <ele>932.9</ele>
    </trkpt>
    <trkpt lat="42.148188" lon="-2.652969">
      <ele>931.8</ele>
    </trkpt>
    <trkpt lat="42.147614" lon="-2.653464">
      <ele>928.7</ele>
    </trkpt>
    <trkpt lat="42.147435" lon="-2.653583">
      <ele>928.1</ele>
    </trkpt>
    <trkpt lat="42.147307" lon="-2.653645">
      <ele>927.9</ele>
    </trkpt>
    <trkpt lat="42.146906" lon="-2.653755">
      <ele>927.5</ele>
    </trkpt>
    <trkpt lat="42.146425" lon="-2.653819">
      <ele>927.7</ele>
    </trkpt>
    <trkpt lat="42.146116" lon="-2.653812">
      <ele>928.1</ele>
    </trkpt>
    <trkpt lat="42.145512" lon="-2.653779">
      <ele>929.1</ele>
    </trkpt>
    <trkpt lat="42.144953" lon="-2.653756">
      <ele>930.2</ele>
    </trkpt>
    <trkpt lat="42.144767" lon="-2.653783">
      <ele>930.6</ele>
    </trkpt>
    <trkpt lat="42.144622" lon="-2.653825">
      <ele>931</ele>
    </trkpt>
    <trkpt lat="42.144392" lon="-2.653956">
      <ele>931.5</ele>
    </trkpt>
    <trkpt lat="42.144258" lon="-2.654091">
      <ele>931.8</ele>
    </trkpt>
    <trkpt lat="42.144119" lon="-2.654264">
      <ele>932.2</ele>
    </trkpt>
    <trkpt lat="42.143607" lon="-2.655122">
      <ele>934.5</ele>
    </trkpt>
    <trkpt lat="42.143309" lon="-2.655507">
      <ele>936.1</ele>
    </trkpt>
    <trkpt lat="42.14301" lon="-2.655747">
      <ele>937.6</ele>
    </trkpt>
    <trkpt lat="42.142817" lon="-2.655841">
      <ele>938.6</ele>
    </trkpt>
    <trkpt lat="42.142613" lon="-2.655893">
      <ele>939.6</ele>
    </trkpt>
    <trkpt lat="42.142334" lon="-2.655911">
      <ele>940.9</ele>
    </trkpt>
    <trkpt lat="42.141803" lon="-2.655843">
      <ele>943.1</ele>
    </trkpt>
    <trkpt lat="42.141236" lon="-2.655706">
      <ele>944.7</ele>
    </trkpt>
    <trkpt lat="42.140259" lon="-2.655145">
      <ele>945.5</ele>
    </trkpt>
    <trkpt lat="42.139999" lon="-2.655037">
      <ele>945.4</ele>
    </trkpt>
    <trkpt lat="42.139663" lon="-2.654984">
      <ele>945.3</ele>
    </trkpt>
    <trkpt lat="42.139498" lon="-2.654997">
      <ele>945.1</ele>
    </trkpt>
    <trkpt lat="42.139322" lon="-2.655056">
      <ele>944.9</ele>
    </trkpt>
    <trkpt lat="42.139111" lon="-2.655184">
      <ele>944.7</ele>
    </trkpt>
    <trkpt lat="42.138812" lon="-2.655463">
      <ele>944.4</ele>
    </trkpt>
    <trkpt lat="42.138459" lon="-2.65582">
      <ele>944.4</ele>
    </trkpt>
    <trkpt lat="42.138367" lon="-2.655965">
      <ele>944.5</ele>
    </trkpt>
    <trkpt lat="42.138256" lon="-2.656299">
      <ele>945.3</ele>
    </trkpt>
    <trkpt lat="42.138186" lon="-2.657279">
      <ele>950.7</ele>
    </trkpt>
    <trkpt lat="42.13807" lon="-2.657632">
      <ele>953.4</ele>
    </trkpt>
    <trkpt lat="42.137986" lon="-2.657769">
      <ele>954.8</ele>
    </trkpt>
    <trkpt lat="42.137761" lon="-2.657996">
      <ele>957.7</ele>
    </trkpt>
    <trkpt lat="42.13762" lon="-2.658069">
      <ele>959.3</ele>
    </trkpt>
    <trkpt lat="42.137178" lon="-2.658162">
      <ele>964</ele>
    </trkpt>
    <trkpt lat="42.136654" lon="-2.658067">
      <ele>968</ele>
    </trkpt>
    <trkpt lat="42.136426" lon="-2.657975">
      <ele>969.3</ele>
    </trkpt>
    <trkpt lat="42.136202" lon="-2.657827">
      <ele>970.5</ele>
    </trkpt>
    <trkpt lat="42.135435" lon="-2.657136">
      <ele>973.6</ele>
    </trkpt>
    <trkpt lat="42.135008" lon="-2.656889">
      <ele>974.7</ele>
    </trkpt>
    <trkpt lat="42.134763" lon="-2.656665">
      <ele>975.3</ele>
    </trkpt>
    <trkpt lat="42.133559" lon="-2.655116">
      <ele>978.4</ele>
    </trkpt>
    <trkpt lat="42.133249" lon="-2.654574">
      <ele>978.4</ele>
    </trkpt>
    <trkpt lat="42.133054" lon="-2.654291">
      <ele>978.3</ele>
    </trkpt>
    <trkpt lat="42.132826" lon="-2.65408">
      <ele>978.3</ele>
    </trkpt>
    <trkpt lat="42.132711" lon="-2.654027">
      <ele>978.4</ele>
    </trkpt>
    <trkpt lat="42.13244" lon="-2.653975">
      <ele>978.7</ele>
    </trkpt>
    <trkpt lat="42.132261" lon="-2.653995">
      <ele>979</ele>
    </trkpt>
    <trkpt lat="42.132092" lon="-2.654041">
      <ele>979.4</ele>
    </trkpt>
    <trkpt lat="42.131329" lon="-2.654412">
      <ele>982.3</ele>
    </trkpt>
    <trkpt lat="42.131037" lon="-2.654461">
      <ele>983.2</ele>
    </trkpt>
    <trkpt lat="42.130864" lon="-2.654458">
      <ele>983.6</ele>
    </trkpt>
    <trkpt lat="42.13066" lon="-2.654424">
      <ele>983.8</ele>
    </trkpt>
    <trkpt lat="42.130433" lon="-2.654341">
      <ele>983.8</ele>
    </trkpt>
    <trkpt lat="42.129733" lon="-2.653879">
      <ele>982</ele>
    </trkpt>
    <trkpt lat="42.129173" lon="-2.653624">
      <ele>980.2</ele>
    </trkpt>
    <trkpt lat="42.128976" lon="-2.653573">
      <ele>979.8</ele>
    </trkpt>
    <trkpt lat="42.128604" lon="-2.65359">
      <ele>979.3</ele>
    </trkpt>
    <trkpt lat="42.127936" lon="-2.653765">
      <ele>979.5</ele>
    </trkpt>
    <trkpt lat="42.127711" lon="-2.653798">
      <ele>980.1</ele>
    </trkpt>
    <trkpt lat="42.127249" lon="-2.653817">
      <ele>981.4</ele>
    </trkpt>
    <trkpt lat="42.12689" lon="-2.653788">
      <ele>982.3</ele>
    </trkpt>
    <trkpt lat="42.126697" lon="-2.65382">
      <ele>983.1</ele>
    </trkpt>
    <trkpt lat="42.126409" lon="-2.653751">
      <ele>984.4</ele>
    </trkpt>
    <trkpt lat="42.125903" lon="-2.653542">
      <ele>986.3</ele>
    </trkpt>
    <trkpt lat="42.125822" lon="-2.653535">
      <ele>986.5</ele>
    </trkpt>
    <trkpt lat="42.12556" lon="-2.653572">
      <ele>987.1</ele>
    </trkpt>
    <trkpt lat="42.12536" lon="-2.653524">
      <ele>987.5</ele>
    </trkpt>
    <trkpt lat="42.12513" lon="-2.653389">
      <ele>988.1</ele>
    </trkpt>
    <trkpt lat="42.124801" lon="-2.653144">
      <ele>989.4</ele>
    </trkpt>
    <trkpt lat="42.124676" lon="-2.653141">
      <ele>989.9</ele>
    </trkpt>
    <trkpt lat="42.124543" lon="-2.653205">
      <ele>990.3</ele>
    </trkpt>
    <trkpt lat="42.124434" lon="-2.653322">
      <ele>990.7</ele>
    </trkpt>
    <trkpt lat="42.124361" lon="-2.653493">
      <ele>991.2</ele>
    </trkpt>
    <trkpt lat="42.124345" lon="-2.653638">
      <ele>991.6</ele>
    </trkpt>
    <trkpt lat="42.124368" lon="-2.654392">
      <ele>994.6</ele>
    </trkpt>
    <trkpt lat="42.124316" lon="-2.654639">
      <ele>995.9</ele>
    </trkpt>
    <trkpt lat="42.124123" lon="-2.65521">
      <ele>999.1</ele>
    </trkpt>
    <trkpt lat="42.12399" lon="-2.65553">
      <ele>1000.9</ele>
    </trkpt>
    <trkpt lat="42.123863" lon="-2.655693">
      <ele>1001.9</ele>
    </trkpt>
    <trkpt lat="42.123632" lon="-2.655906">
      <ele>1003.2</ele>
    </trkpt>
    <trkpt lat="42.123415" lon="-2.655979">
      <ele>1003.9</ele>
    </trkpt>
    <trkpt lat="42.123008" lon="-2.655989">
      <ele>1004.9</ele>
    </trkpt>
    <trkpt lat="42.122787" lon="-2.655962">
      <ele>1005.2</ele>
    </trkpt>
    <trkpt lat="42.122476" lon="-2.655873">
      <ele>1005.4</ele>
    </trkpt>
    <trkpt lat="42.12218" lon="-2.655725">
      <ele>1005.6</ele>
    </trkpt>
    <trkpt lat="42.122031" lon="-2.655725">
      <ele>1005.7</ele>
    </trkpt>
    <trkpt lat="42.121864" lon="-2.655821">
      <ele>1006</ele>
    </trkpt>
    <trkpt lat="42.121747" lon="-2.655965">
      <ele>1006.2</ele>
    </trkpt>
    <trkpt lat="42.121671" lon="-2.65612">
      <ele>1006.5</ele>
    </trkpt>
    <trkpt lat="42.121643" lon="-2.656274">
      <ele>1006.8</ele>
    </trkpt>
    <trkpt lat="42.121604" lon="-2.65712">
      <ele>1009.2</ele>
    </trkpt>
    <trkpt lat="42.121365" lon="-2.658247">
      <ele>1014.2</ele>
    </trkpt>
    <trkpt lat="42.121259" lon="-2.658573">
      <ele>1015.2</ele>
    </trkpt>
    <trkpt lat="42.120988" lon="-2.658929">
      <ele>1016</ele>
    </trkpt>
    <trkpt lat="42.120768" lon="-2.659093">
      <ele>1016.5</ele>
    </trkpt>
    <trkpt lat="42.12036" lon="-2.659396">
      <ele>1017.1</ele>
    </trkpt>
    <trkpt lat="42.120081" lon="-2.659712">
      <ele>1017.3</ele>
    </trkpt>
    <trkpt lat="42.119965" lon="-2.660118">
      <ele>1017.2</ele>
    </trkpt>
    <trkpt lat="42.119982" lon="-2.660547">
      <ele>1017.3</ele>
    </trkpt>
    <trkpt lat="42.119832" lon="-2.66092">
      <ele>1018.1</ele>
    </trkpt>
    <trkpt lat="42.11944" lon="-2.661742">
      <ele>1020.9</ele>
    </trkpt>
    <trkpt lat="42.118964" lon="-2.662242">
      <ele>1024.4</ele>
    </trkpt>
    <trkpt lat="42.118779" lon="-2.662244">
      <ele>1025.4</ele>
    </trkpt>
    <trkpt lat="42.118433" lon="-2.662123">
      <ele>1027.6</ele>
    </trkpt>
    <trkpt lat="42.118234" lon="-2.662122">
      <ele>1028.8</ele>
    </trkpt>
    <trkpt lat="42.117201" lon="-2.662515">
      <ele>1033.6</ele>
    </trkpt>
    <trkpt lat="42.116401" lon="-2.663351">
      <ele>1034.4</ele>
    </trkpt>
    <trkpt lat="42.114915" lon="-2.666014">
      <ele>1034.7</ele>
    </trkpt>
    <trkpt lat="42.113315" lon="-2.667687">
      <ele>1041.2</ele>
    </trkpt>
    <trkpt lat="42.113003" lon="-2.668397">
      <ele>1040.9</ele>
    </trkpt>
    <trkpt lat="42.112813" lon="-2.669001">
      <ele>1040.1</ele>
    </trkpt>
    <trkpt lat="42.112732" lon="-2.669304">
      <ele>1039.8</ele>
    </trkpt>
    <trkpt lat="42.111972" lon="-2.672137">
      <ele>1041.1</ele>
    </trkpt>
    <trkpt lat="42.111929" lon="-2.672293">
      <ele>1040.9</ele>
    </trkpt>
    <trkpt lat="42.111782" lon="-2.672696">
      <ele>1040.2</ele>
    </trkpt>
    <trkpt lat="42.111455" lon="-2.673139">
      <ele>1038.9</ele>
    </trkpt>
    <trkpt lat="42.111411" lon="-2.673203">
      <ele>1038.6</ele>
    </trkpt>
    <trkpt lat="42.111145" lon="-2.673525">
      <ele>1037.7</ele>
    </trkpt>
    <trkpt lat="42.110676" lon="-2.673938">
      <ele>1036.8</ele>
    </trkpt>
    <trkpt lat="42.110586" lon="-2.674011">
      <ele>1036.8</ele>
    </trkpt>
    <trkpt lat="42.110408" lon="-2.674095">
      <ele>1036.9</ele>
    </trkpt>
    <trkpt lat="42.110065" lon="-2.674141">
      <ele>1037.8</ele>
    </trkpt>
    <trkpt lat="42.109773" lon="-2.674187">
      <ele>1038.9</ele>
    </trkpt>
    <trkpt lat="42.109653" lon="-2.674036">
      <ele>1039.7</ele>
    </trkpt>
    <trkpt lat="42.108431" lon="-2.673475">
      <ele>1047.4</ele>
    </trkpt>
    <trkpt lat="42.107837" lon="-2.673246">
      <ele>1049.9</ele>
    </trkpt>
    <trkpt lat="42.107583" lon="-2.673136">
      <ele>1050.5</ele>
    </trkpt>
    <trkpt lat="42.107456" lon="-2.672982">
      <ele>1050.8</ele>
    </trkpt>
    <trkpt lat="42.107264" lon="-2.672593">
      <ele>1051.1</ele>
    </trkpt>
    <trkpt lat="42.10694" lon="-2.67229">
      <ele>1051.5</ele>
    </trkpt>
    <trkpt lat="42.10657" lon="-2.67207">
      <ele>1052.1</ele>
    </trkpt>
    <trkpt lat="42.106385" lon="-2.671991">
      <ele>1052.6</ele>
    </trkpt>
    <trkpt lat="42.106006" lon="-2.67212">
      <ele>1054</ele>
    </trkpt>
    <trkpt lat="42.10576" lon="-2.67227">
      <ele>1055.2</ele>
    </trkpt>
    <trkpt lat="42.10546" lon="-2.67261">
      <ele>1057.3</ele>
    </trkpt>
    <trkpt lat="42.10531" lon="-2.67267">
      <ele>1058.2</ele>
    </trkpt>
    <trkpt lat="42.1047" lon="-2.67268">
      <ele>1061.5</ele>
    </trkpt>
    <trkpt lat="42.104171" lon="-2.672581">
      <ele>1063.7</ele>
    </trkpt>
    <trkpt lat="42.103611" lon="-2.672606">
      <ele>1065.2</ele>
    </trkpt>
    <trkpt lat="42.10312" lon="-2.672485">
      <ele>1066.3</ele>
    </trkpt>
    <trkpt lat="42.102711" lon="-2.672447">
      <ele>1066.8</ele>
    </trkpt>
    <trkpt lat="42.102335" lon="-2.672678">
      <ele>1067</ele>
    </trkpt>
    <trkpt lat="42.10208" lon="-2.6728">
      <ele>1067.1</ele>
    </trkpt>
    <trkpt lat="42.101755" lon="-2.672895">
      <ele>1067.1</ele>
    </trkpt>
    <trkpt lat="42.101402" lon="-2.672849">
      <ele>1067.1</ele>
    </trkpt>
    <trkpt lat="42.10081" lon="-2.67315">
      <ele>1066.8</ele>
    </trkpt>
    <trkpt lat="42.100538" lon="-2.673208">
      <ele>1066.6</ele>
    </trkpt>
    <trkpt lat="42.100076" lon="-2.672947">
      <ele>1066.3</ele>
    </trkpt>
    <trkpt lat="42.098859" lon="-2.672994">
      <ele>1066.9</ele>
    </trkpt>
    <trkpt lat="42.098558" lon="-2.673094">
      <ele>1067.7</ele>
    </trkpt>
    <trkpt lat="42.09825" lon="-2.67327">
      <ele>1068.8</ele>
    </trkpt>
    <trkpt lat="42.09727" lon="-2.67437">
      <ele>1075.4</ele>
    </trkpt>
    <trkpt lat="42.09696" lon="-2.67465">
      <ele>1077.6</ele>
    </trkpt>
    <trkpt lat="42.09583" lon="-2.67533">
      <ele>1083.3</ele>
    </trkpt>
    <trkpt lat="42.09517" lon="-2.67563">
      <ele>1085.4</ele>
    </trkpt>
    <trkpt lat="42.09476" lon="-2.67573">
      <ele>1086</ele>
    </trkpt>
    <trkpt lat="42.09404" lon="-2.67572">
      <ele>1086.7</ele>
    </trkpt>
    <trkpt lat="42.09368" lon="-2.6756">
      <ele>1087.1</ele>
    </trkpt>
    <trkpt lat="42.09316" lon="-2.67554">
      <ele>1087.6</ele>
    </trkpt>
    <trkpt lat="42.09295" lon="-2.67557">
      <ele>1087.8</ele>
    </trkpt>
    <trkpt lat="42.09273" lon="-2.67571">
      <ele>1087.9</ele>
    </trkpt>
    <trkpt lat="42.09251" lon="-2.67578">
      <ele>1088.2</ele>
    </trkpt>
    <trkpt lat="42.09232" lon="-2.67573">
      <ele>1088.4</ele>
    </trkpt>
    <trkpt lat="42.091779" lon="-2.675357">
      <ele>1089.2</ele>
    </trkpt>
    <trkpt lat="42.091609" lon="-2.675335">
      <ele>1089.5</ele>
    </trkpt>
    <trkpt lat="42.09118" lon="-2.67557">
      <ele>1090.1</ele>
    </trkpt>
    <trkpt lat="42.09076" lon="-2.67561">
      <ele>1090.8</ele>
    </trkpt>
    <trkpt lat="42.09056" lon="-2.67555">
      <ele>1091.2</ele>
    </trkpt>
    <trkpt lat="42.09031" lon="-2.67536">
      <ele>1091.7</ele>
    </trkpt>
    <trkpt lat="42.0901" lon="-2.67528">
      <ele>1092.1</ele>
    </trkpt>
    <trkpt lat="42.08999" lon="-2.67531">
      <ele>1092.3</ele>
    </trkpt>
    <trkpt lat="42.08964" lon="-2.6756">
      <ele>1092.8</ele>
    </trkpt>
    <trkpt lat="42.0876" lon="-2.67583">
      <ele>1096.2</ele>
    </trkpt>
    <trkpt lat="42.08717" lon="-2.67579">
      <ele>1097.5</ele>
    </trkpt>
    <trkpt lat="42.08639" lon="-2.67597">
      <ele>1100.1</ele>
    </trkpt>
    <trkpt lat="42.08619" lon="-2.67597">
      <ele>1100.8</ele>
    </trkpt>
    <trkpt lat="42.08536" lon="-2.6758">
      <ele>1103.9</ele>
    </trkpt>
    <trkpt lat="42.08519" lon="-2.67581">
      <ele>1104.6</ele>
    </trkpt>
    <trkpt lat="42.084243" lon="-2.676237">
      <ele>1108.4</ele>
    </trkpt>
    <trkpt lat="42.08347" lon="-2.67665">
      <ele>1112.1</ele>
    </trkpt>
    <trkpt lat="42.08312" lon="-2.67703">
      <ele>1114</ele>
    </trkpt>
    <trkpt lat="42.08286" lon="-2.67718">
      <ele>1115.1</ele>
    </trkpt>
    <trkpt lat="42.08268" lon="-2.67722">
      <ele>1115.8</ele>
    </trkpt>
    <trkpt lat="42.081309" lon="-2.677108">
      <ele>1120.7</ele>
    </trkpt>
    <trkpt lat="42.081096" lon="-2.677152">
      <ele>1121.3</ele>
    </trkpt>
    <trkpt lat="42.080866" lon="-2.677304">
      <ele>1121.9</ele>
    </trkpt>
    <trkpt lat="42.080681" lon="-2.677342">
      <ele>1122.3</ele>
    </trkpt>
    <trkpt lat="42.08048" lon="-2.67734">
      <ele>1122.6</ele>
    </trkpt>
    <trkpt lat="42.07985" lon="-2.67715">
      <ele>1123.4</ele>
    </trkpt>
    <trkpt lat="42.07944" lon="-2.67712">
      <ele>1123.7</ele>
    </trkpt>
    <trkpt lat="42.07928" lon="-2.67716">
      <ele>1123.8</ele>
    </trkpt>
    <trkpt lat="42.07899" lon="-2.67734">
      <ele>1124.1</ele>
    </trkpt>
    <trkpt lat="42.07841" lon="-2.67748">
      <ele>1124.9</ele>
    </trkpt>
    <trkpt lat="42.07813" lon="-2.67762">
      <ele>1125.4</ele>
    </trkpt>
    <trkpt lat="42.077997" lon="-2.677635">
      <ele>1125.7</ele>
    </trkpt>
    <trkpt lat="42.07722" lon="-2.67746">
      <ele>1127.2</ele>
    </trkpt>
    <trkpt lat="42.07696" lon="-2.67752">
      <ele>1127.8</ele>
    </trkpt>
    <trkpt lat="42.07543" lon="-2.678384">
      <ele>1132.3</ele>
    </trkpt>
    <trkpt lat="42.074682" lon="-2.678961">
      <ele>1135.6</ele>
    </trkpt>
    <trkpt lat="42.0737" lon="-2.679844">
      <ele>1140.7</ele>
    </trkpt>
    <trkpt lat="42.072901" lon="-2.680165">
      <ele>1143.5</ele>
    </trkpt>
    <trkpt lat="42.07265" lon="-2.680222">
      <ele>1144.2</ele>
    </trkpt>
    <trkpt lat="42.072361" lon="-2.680445">
      <ele>1145</ele>
    </trkpt>
    <trkpt lat="42.07201" lon="-2.680781">
      <ele>1146.4</ele>
    </trkpt>
    <trkpt lat="42.071314" lon="-2.681658">
      <ele>1149.5</ele>
    </trkpt>
    <trkpt lat="42.070274" lon="-2.68308">
      <ele>1154.3</ele>
    </trkpt>
    <trkpt lat="42.069852" lon="-2.683823">
      <ele>1156.9</ele>
    </trkpt>
    <trkpt lat="42.069676" lon="-2.683971">
      <ele>1157.7</ele>
    </trkpt>
    <trkpt lat="42.069518" lon="-2.684033">
      <ele>1158.4</ele>
    </trkpt>
    <trkpt lat="42.069316" lon="-2.684113">
      <ele>1159.2</ele>
    </trkpt>
    <trkpt lat="42.068896" lon="-2.684342">
      <ele>1161.1</ele>
    </trkpt>
    <trkpt lat="42.0685" lon="-2.684706">
      <ele>1163.3</ele>
    </trkpt>
    <trkpt lat="42.067789" lon="-2.685131">
      <ele>1167</ele>
    </trkpt>
    <trkpt lat="42.067636" lon="-2.685303">
      <ele>1168.1</ele>
    </trkpt>
    <trkpt lat="42.06698" lon="-2.685786">
      <ele>1172.2</ele>
    </trkpt>
    <trkpt lat="42.066722" lon="-2.686033">
      <ele>1173.8</ele>
    </trkpt>
    <trkpt lat="42.066216" lon="-2.686666">
      <ele>1176.9</ele>
    </trkpt>
    <trkpt lat="42.065097" lon="-2.687819">
      <ele>1184.1</ele>
    </trkpt>
    <trkpt lat="42.064926" lon="-2.688061">
      <ele>1186.1</ele>
    </trkpt>
    <trkpt lat="42.06481" lon="-2.688286">
      <ele>1187.8</ele>
    </trkpt>
    <trkpt lat="42.064767" lon="-2.688554">
      <ele>1189.4</ele>
    </trkpt>
    <trkpt lat="42.064683" lon="-2.688753">
      <ele>1190.8</ele>
    </trkpt>
    <trkpt lat="42.06444" lon="-2.688844">
      <ele>1192.7</ele>
    </trkpt>
    <trkpt lat="42.064257" lon="-2.688951">
      <ele>1194.1</ele>
    </trkpt>
    <trkpt lat="42.063568" lon="-2.689187">
      <ele>1197.3</ele>
    </trkpt>
    <trkpt lat="42.062624" lon="-2.689445">
      <ele>1195.9</ele>
    </trkpt>
    <trkpt lat="42.062345" lon="-2.689445">
      <ele>1194.9</ele>
    </trkpt>
    <trkpt lat="42.061911" lon="-2.689616">
      <ele>1193.7</ele>
    </trkpt>
    <trkpt lat="42.061429" lon="-2.690013">
      <ele>1193.7</ele>
    </trkpt>
    <trkpt lat="42.061291" lon="-2.690089">
      <ele>1193.5</ele>
    </trkpt>
    <trkpt lat="42.060632" lon="-2.690546">
      <ele>1193.8</ele>
    </trkpt>
    <trkpt lat="42.060456" lon="-2.690442">
      <ele>1193.9</ele>
    </trkpt>
    <trkpt lat="42.060425" lon="-2.690393">
      <ele>1193.9</ele>
    </trkpt>
    </trkseg>
  </trk>
</gpx>
