<?xml version="1.0" encoding="UTF-8"?>
<gpx version="1.1" creator="fitAI Komoot downloader" xmlns="http://www.topografix.com/GPX/1/1">
  <metadata>
    <name>Quintanar de la Sierra y San Leonardo de Yagüe - Recorrido circular desde Aparcamiento para turismos</name>
    <desc>54 visitas · Dificultad: difficult · Distancia: 74.5 km · Desnivel +: 1441 m</desc>
    <link href="https://www.komoot.com/smarttour/e20150479"><text>Komoot</text></link>
  </metadata>
  <trk>
    <name>Quintanar de la Sierra y San Leonardo de Yagüe - Recorrido circular desde Aparcamiento para turismos</name>
    <type>racebike</type>
    <trkseg>
    <trkpt lat="42.045862" lon="-3.034868">
      <ele>1720.8</ele>
    </trkpt>
    <trkpt lat="42.045815" lon="-3.034818">
      <ele>1720.9</ele>
    </trkpt>
    <trkpt lat="42.045754" lon="-3.034691">
      <ele>1721.1</ele>
    </trkpt>
    <trkpt lat="42.045742" lon="-3.034531">
      <ele>1721.2</ele>
    </trkpt>
    <trkpt lat="42.045714" lon="-3.034237">
      <ele>1721.6</ele>
    </trkpt>
    <trkpt lat="42.045787" lon="-3.033265">
      <ele>1721.8</ele>
    </trkpt>
    <trkpt lat="42.045737" lon="-3.032906">
      <ele>1721.2</ele>
    </trkpt>
    <trkpt lat="42.045729" lon="-3.032619">
      <ele>1720.3</ele>
    </trkpt>
    <trkpt lat="42.045783" lon="-3.032265">
      <ele>1718.7</ele>
    </trkpt>
    <trkpt lat="42.045932" lon="-3.031639">
      <ele>1714.2</ele>
    </trkpt>
    <trkpt lat="42.046006" lon="-3.031182">
      <ele>1709.9</ele>
    </trkpt>
    <trkpt lat="42.046193" lon="-3.030561">
      <ele>1703.1</ele>
    </trkpt>
    <trkpt lat="42.046507" lon="-3.029815">
      <ele>1694.5</ele>
    </trkpt>
    <trkpt lat="42.047309" lon="-3.027272">
      <ele>1669.7</ele>
    </trkpt>
    <trkpt lat="42.047357" lon="-3.027057">
      <ele>1667.5</ele>
    </trkpt>
    <trkpt lat="42.04735" lon="-3.026778">
      <ele>1664.8</ele>
    </trkpt>
    <trkpt lat="42.047231" lon="-3.026416">
      <ele>1660.7</ele>
    </trkpt>
    <trkpt lat="42.047135" lon="-3.026222">
      <ele>1658.2</ele>
    </trkpt>
    <trkpt lat="42.047082" lon="-3.026131">
      <ele>1657</ele>
    </trkpt>
    <trkpt lat="42.046906" lon="-3.025951">
      <ele>1653.6</ele>
    </trkpt>
    <trkpt lat="42.046642" lon="-3.025801">
      <ele>1649.2</ele>
    </trkpt>
    <trkpt lat="42.046579" lon="-3.025729">
      <ele>1648</ele>
    </trkpt>
    <trkpt lat="42.04654" lon="-3.025618">
      <ele>1646.6</ele>
    </trkpt>
    <trkpt lat="42.046573" lon="-3.025495">
      <ele>1645.1</ele>
    </trkpt>
    <trkpt lat="42.046647" lon="-3.025395">
      <ele>1643.5</ele>
    </trkpt>
    <trkpt lat="42.046852" lon="-3.025244">
      <ele>1640</ele>
    </trkpt>
    <trkpt lat="42.047426" lon="-3.025009">
      <ele>1631.3</ele>
    </trkpt>
    <trkpt lat="42.047481" lon="-3.024925">
      <ele>1630.2</ele>
    </trkpt>
    <trkpt lat="42.047459" lon="-3.024735">
      <ele>1628.2</ele>
    </trkpt>
    <trkpt lat="42.047268" lon="-3.024328">
      <ele>1623.5</ele>
    </trkpt>
    <trkpt lat="42.047035" lon="-3.024029">
      <ele>1619.4</ele>
    </trkpt>
    <trkpt lat="42.046766" lon="-3.02375">
      <ele>1615.2</ele>
    </trkpt>
    <trkpt lat="42.045809" lon="-3.022933">
      <ele>1600.6</ele>
    </trkpt>
    <trkpt lat="42.045635" lon="-3.022744">
      <ele>1597.6</ele>
    </trkpt>
    <trkpt lat="42.04562" lon="-3.022636">
      <ele>1596.4</ele>
    </trkpt>
    <trkpt lat="42.04571" lon="-3.021962">
      <ele>1589.7</ele>
    </trkpt>
    <trkpt lat="42.045383" lon="-3.021736">
      <ele>1585.1</ele>
    </trkpt>
    <trkpt lat="42.044787" lon="-3.021536">
      <ele>1578.7</ele>
    </trkpt>
    <trkpt lat="42.04464" lon="-3.021513">
      <ele>1577.4</ele>
    </trkpt>
    <trkpt lat="42.044371" lon="-3.021504">
      <ele>1575.3</ele>
    </trkpt>
    <trkpt lat="42.042321" lon="-3.021712">
      <ele>1565</ele>
    </trkpt>
    <trkpt lat="42.042119" lon="-3.021665">
      <ele>1564.4</ele>
    </trkpt>
    <trkpt lat="42.04168" lon="-3.021444">
      <ele>1563.1</ele>
    </trkpt>
    <trkpt lat="42.040196" lon="-3.020585">
      <ele>1557.6</ele>
    </trkpt>
    <trkpt lat="42.039306" lon="-3.019785">
      <ele>1548.9</ele>
    </trkpt>
    <trkpt lat="42.038464" lon="-3.018802">
      <ele>1537.6</ele>
    </trkpt>
    <trkpt lat="42.038196" lon="-3.018525">
      <ele>1534.4</ele>
    </trkpt>
    <trkpt lat="42.038058" lon="-3.018423">
      <ele>1533</ele>
    </trkpt>
    <trkpt lat="42.037936" lon="-3.018371">
      <ele>1531.9</ele>
    </trkpt>
    <trkpt lat="42.037743" lon="-3.01837">
      <ele>1530.2</ele>
    </trkpt>
    <trkpt lat="42.037552" lon="-3.018419">
      <ele>1528.6</ele>
    </trkpt>
    <trkpt lat="42.036443" lon="-3.019296">
      <ele>1518.5</ele>
    </trkpt>
    <trkpt lat="42.036151" lon="-3.019375">
      <ele>1516.3</ele>
    </trkpt>
    <trkpt lat="42.036021" lon="-3.019383">
      <ele>1515.3</ele>
    </trkpt>
    <trkpt lat="42.035872" lon="-3.019341">
      <ele>1514.3</ele>
    </trkpt>
    <trkpt lat="42.034989" lon="-3.018714">
      <ele>1508.2</ele>
    </trkpt>
    <trkpt lat="42.03486" lon="-3.018649">
      <ele>1507.6</ele>
    </trkpt>
    <trkpt lat="42.03453" lon="-3.018602">
      <ele>1506.6</ele>
    </trkpt>
    <trkpt lat="42.033958" lon="-3.018622">
      <ele>1505.3</ele>
    </trkpt>
    <trkpt lat="42.03378" lon="-3.018682">
      <ele>1505.1</ele>
    </trkpt>
    <trkpt lat="42.033659" lon="-3.01879">
      <ele>1504.8</ele>
    </trkpt>
    <trkpt lat="42.033567" lon="-3.018926">
      <ele>1504.6</ele>
    </trkpt>
    <trkpt lat="42.033299" lon="-3.01948">
      <ele>1503.7</ele>
    </trkpt>
    <trkpt lat="42.033078" lon="-3.019768">
      <ele>1502.7</ele>
    </trkpt>
    <trkpt lat="42.032746" lon="-3.020047">
      <ele>1500.9</ele>
    </trkpt>
    <trkpt lat="42.032527" lon="-3.02007">
      <ele>1499.6</ele>
    </trkpt>
    <trkpt lat="42.031982" lon="-3.019886">
      <ele>1495.4</ele>
    </trkpt>
    <trkpt lat="42.031757" lon="-3.019752">
      <ele>1493.4</ele>
    </trkpt>
    <trkpt lat="42.031585" lon="-3.019521">
      <ele>1491.2</ele>
    </trkpt>
    <trkpt lat="42.031309" lon="-3.01884">
      <ele>1486.1</ele>
    </trkpt>
    <trkpt lat="42.031166" lon="-3.018669">
      <ele>1484.4</ele>
    </trkpt>
    <trkpt lat="42.030853" lon="-3.018424">
      <ele>1481.2</ele>
    </trkpt>
    <trkpt lat="42.030415" lon="-3.018132">
      <ele>1477.2</ele>
    </trkpt>
    <trkpt lat="42.030276" lon="-3.018096">
      <ele>1476.1</ele>
    </trkpt>
    <trkpt lat="42.030174" lon="-3.018116">
      <ele>1475.3</ele>
    </trkpt>
    <trkpt lat="42.030036" lon="-3.01825">
      <ele>1474.1</ele>
    </trkpt>
    <trkpt lat="42.030015" lon="-3.0183">
      <ele>1473.8</ele>
    </trkpt>
    <trkpt lat="42.030013" lon="-3.018443">
      <ele>1473.1</ele>
    </trkpt>
    <trkpt lat="42.030098" lon="-3.018742">
      <ele>1471.7</ele>
    </trkpt>
    <trkpt lat="42.030342" lon="-3.019216">
      <ele>1469.7</ele>
    </trkpt>
    <trkpt lat="42.030433" lon="-3.019445">
      <ele>1469.1</ele>
    </trkpt>
    <trkpt lat="42.030467" lon="-3.01971">
      <ele>1468.5</ele>
    </trkpt>
    <trkpt lat="42.030438" lon="-3.019889">
      <ele>1468.1</ele>
    </trkpt>
    <trkpt lat="42.030302" lon="-3.020137">
      <ele>1467.6</ele>
    </trkpt>
    <trkpt lat="42.029983" lon="-3.020582">
      <ele>1466.7</ele>
    </trkpt>
    <trkpt lat="42.029058" lon="-3.021979">
      <ele>1464.2</ele>
    </trkpt>
    <trkpt lat="42.029025" lon="-3.02212">
      <ele>1464.1</ele>
    </trkpt>
    <trkpt lat="42.029023" lon="-3.022236">
      <ele>1464</ele>
    </trkpt>
    <trkpt lat="42.029132" lon="-3.022924">
      <ele>1463.8</ele>
    </trkpt>
    <trkpt lat="42.029138" lon="-3.023081">
      <ele>1463.9</ele>
    </trkpt>
    <trkpt lat="42.029112" lon="-3.023296">
      <ele>1464</ele>
    </trkpt>
    <trkpt lat="42.02902" lon="-3.023559">
      <ele>1464.4</ele>
    </trkpt>
    <trkpt lat="42.028872" lon="-3.023757">
      <ele>1464.9</ele>
    </trkpt>
    <trkpt lat="42.028539" lon="-3.024081">
      <ele>1466</ele>
    </trkpt>
    <trkpt lat="42.028031" lon="-3.024499">
      <ele>1467.6</ele>
    </trkpt>
    <trkpt lat="42.027256" lon="-3.025083">
      <ele>1467.7</ele>
    </trkpt>
    <trkpt lat="42.027173" lon="-3.025177">
      <ele>1467.5</ele>
    </trkpt>
    <trkpt lat="42.027127" lon="-3.025303">
      <ele>1467.2</ele>
    </trkpt>
    <trkpt lat="42.027114" lon="-3.025525">
      <ele>1466.7</ele>
    </trkpt>
    <trkpt lat="42.027238" lon="-3.026045">
      <ele>1465.1</ele>
    </trkpt>
    <trkpt lat="42.027267" lon="-3.026276">
      <ele>1464.4</ele>
    </trkpt>
    <trkpt lat="42.027261" lon="-3.026481">
      <ele>1463.8</ele>
    </trkpt>
    <trkpt lat="42.027212" lon="-3.026891">
      <ele>1462.4</ele>
    </trkpt>
    <trkpt lat="42.027072" lon="-3.027597">
      <ele>1460.2</ele>
    </trkpt>
    <trkpt lat="42.02701" lon="-3.027752">
      <ele>1459.7</ele>
    </trkpt>
    <trkpt lat="42.026905" lon="-3.027873">
      <ele>1459.1</ele>
    </trkpt>
    <trkpt lat="42.026792" lon="-3.027916">
      <ele>1458.7</ele>
    </trkpt>
    <trkpt lat="42.025899" lon="-3.027992">
      <ele>1455.9</ele>
    </trkpt>
    <trkpt lat="42.025514" lon="-3.027899">
      <ele>1454.9</ele>
    </trkpt>
    <trkpt lat="42.024349" lon="-3.027541">
      <ele>1452.6</ele>
    </trkpt>
    <trkpt lat="42.02281" lon="-3.026914">
      <ele>1447.9</ele>
    </trkpt>
    <trkpt lat="42.022461" lon="-3.026748">
      <ele>1446.2</ele>
    </trkpt>
    <trkpt lat="42.0215" lon="-3.026056">
      <ele>1440</ele>
    </trkpt>
    <trkpt lat="42.021353" lon="-3.026002">
      <ele>1439</ele>
    </trkpt>
    <trkpt lat="42.021216" lon="-3.025998">
      <ele>1438.2</ele>
    </trkpt>
    <trkpt lat="42.020892" lon="-3.026095">
      <ele>1436.2</ele>
    </trkpt>
    <trkpt lat="42.020682" lon="-3.026218">
      <ele>1434.9</ele>
    </trkpt>
    <trkpt lat="42.020494" lon="-3.026412">
      <ele>1433.8</ele>
    </trkpt>
    <trkpt lat="42.020312" lon="-3.026651">
      <ele>1432.7</ele>
    </trkpt>
    <trkpt lat="42.020166" lon="-3.026879">
      <ele>1432</ele>
    </trkpt>
    <trkpt lat="42.020024" lon="-3.027178">
      <ele>1431.3</ele>
    </trkpt>
    <trkpt lat="42.01966" lon="-3.028335">
      <ele>1430.4</ele>
    </trkpt>
    <trkpt lat="42.019524" lon="-3.028557">
      <ele>1430.3</ele>
    </trkpt>
    <trkpt lat="42.019154" lon="-3.028989">
      <ele>1429.9</ele>
    </trkpt>
    <trkpt lat="42.018998" lon="-3.02916">
      <ele>1429.4</ele>
    </trkpt>
    <trkpt lat="42.018499" lon="-3.029608">
      <ele>1427.3</ele>
    </trkpt>
    <trkpt lat="42.01779" lon="-3.030091">
      <ele>1421.2</ele>
    </trkpt>
    <trkpt lat="42.017168" lon="-3.030611">
      <ele>1413</ele>
    </trkpt>
    <trkpt lat="42.017054" lon="-3.030677">
      <ele>1411.4</ele>
    </trkpt>
    <trkpt lat="42.0169" lon="-3.030707">
      <ele>1409.4</ele>
    </trkpt>
    <trkpt lat="42.016771" lon="-3.030655">
      <ele>1407.7</ele>
    </trkpt>
    <trkpt lat="42.016723" lon="-3.030605">
      <ele>1406.9</ele>
    </trkpt>
    <trkpt lat="42.016665" lon="-3.030493">
      <ele>1405.5</ele>
    </trkpt>
    <trkpt lat="42.016494" lon="-3.029923">
      <ele>1399.4</ele>
    </trkpt>
    <trkpt lat="42.016419" lon="-3.029747">
      <ele>1397.3</ele>
    </trkpt>
    <trkpt lat="42.016257" lon="-3.029542">
      <ele>1394.3</ele>
    </trkpt>
    <trkpt lat="42.016173" lon="-3.02949">
      <ele>1393</ele>
    </trkpt>
    <trkpt lat="42.01601" lon="-3.029505">
      <ele>1390.9</ele>
    </trkpt>
    <trkpt lat="42.015913" lon="-3.029562">
      <ele>1389.6</ele>
    </trkpt>
    <trkpt lat="42.015496" lon="-3.029893">
      <ele>1383.5</ele>
    </trkpt>
    <trkpt lat="42.015395" lon="-3.029925">
      <ele>1382.2</ele>
    </trkpt>
    <trkpt lat="42.01529" lon="-3.029869">
      <ele>1380.8</ele>
    </trkpt>
    <trkpt lat="42.015225" lon="-3.029725">
      <ele>1379.2</ele>
    </trkpt>
    <trkpt lat="42.015211" lon="-3.029493">
      <ele>1376.9</ele>
    </trkpt>
    <trkpt lat="42.015285" lon="-3.028649">
      <ele>1369</ele>
    </trkpt>
    <trkpt lat="42.015238" lon="-3.028472">
      <ele>1367.4</ele>
    </trkpt>
    <trkpt lat="42.015195" lon="-3.028415">
      <ele>1366.7</ele>
    </trkpt>
    <trkpt lat="42.015105" lon="-3.028379">
      <ele>1365.7</ele>
    </trkpt>
    <trkpt lat="42.015037" lon="-3.028391">
      <ele>1365</ele>
    </trkpt>
    <trkpt lat="42.014983" lon="-3.028438">
      <ele>1364.3</ele>
    </trkpt>
    <trkpt lat="42.014923" lon="-3.028506">
      <ele>1363.5</ele>
    </trkpt>
    <trkpt lat="42.014842" lon="-3.028676">
      <ele>1361.9</ele>
    </trkpt>
    <trkpt lat="42.014639" lon="-3.029535">
      <ele>1356.6</ele>
    </trkpt>
    <trkpt lat="42.014562" lon="-3.030133">
      <ele>1353.9</ele>
    </trkpt>
    <trkpt lat="42.014464" lon="-3.030338">
      <ele>1353.1</ele>
    </trkpt>
    <trkpt lat="42.014027" lon="-3.030919">
      <ele>1350.8</ele>
    </trkpt>
    <trkpt lat="42.013165" lon="-3.032521">
      <ele>1344.6</ele>
    </trkpt>
    <trkpt lat="42.013037" lon="-3.032691">
      <ele>1343.5</ele>
    </trkpt>
    <trkpt lat="42.012977" lon="-3.032729">
      <ele>1343</ele>
    </trkpt>
    <trkpt lat="42.012853" lon="-3.032723">
      <ele>1342</ele>
    </trkpt>
    <trkpt lat="42.012796" lon="-3.032686">
      <ele>1341.5</ele>
    </trkpt>
    <trkpt lat="42.012761" lon="-3.032556">
      <ele>1340.6</ele>
    </trkpt>
    <trkpt lat="42.012781" lon="-3.032414">
      <ele>1339.7</ele>
    </trkpt>
    <trkpt lat="42.013043" lon="-3.031991">
      <ele>1336</ele>
    </trkpt>
    <trkpt lat="42.01312" lon="-3.031811">
      <ele>1334.5</ele>
    </trkpt>
    <trkpt lat="42.013139" lon="-3.031678">
      <ele>1333.6</ele>
    </trkpt>
    <trkpt lat="42.013122" lon="-3.03151">
      <ele>1332.5</ele>
    </trkpt>
    <trkpt lat="42.013086" lon="-3.03144">
      <ele>1331.9</ele>
    </trkpt>
    <trkpt lat="42.012991" lon="-3.03138">
      <ele>1331</ele>
    </trkpt>
    <trkpt lat="42.012845" lon="-3.031445">
      <ele>1329.7</ele>
    </trkpt>
    <trkpt lat="42.012528" lon="-3.03191">
      <ele>1326.1</ele>
    </trkpt>
    <trkpt lat="42.012287" lon="-3.032063">
      <ele>1324.2</ele>
    </trkpt>
    <trkpt lat="42.012043" lon="-3.032133">
      <ele>1322.7</ele>
    </trkpt>
    <trkpt lat="42.011867" lon="-3.032111">
      <ele>1321.7</ele>
    </trkpt>
    <trkpt lat="42.010555" lon="-3.031792">
      <ele>1311.5</ele>
    </trkpt>
    <trkpt lat="42.009547" lon="-3.031491">
      <ele>1301.5</ele>
    </trkpt>
    <trkpt lat="42.009354" lon="-3.031481">
      <ele>1299.7</ele>
    </trkpt>
    <trkpt lat="42.00928" lon="-3.031503">
      <ele>1299</ele>
    </trkpt>
    <trkpt lat="42.009055" lon="-3.031716">
      <ele>1296.5</ele>
    </trkpt>
    <trkpt lat="42.00893" lon="-3.031786">
      <ele>1295.3</ele>
    </trkpt>
    <trkpt lat="42.008409" lon="-3.031785">
      <ele>1291.1</ele>
    </trkpt>
    <trkpt lat="42.008303" lon="-3.031814">
      <ele>1290.3</ele>
    </trkpt>
    <trkpt lat="42.007977" lon="-3.031993">
      <ele>1287.7</ele>
    </trkpt>
    <trkpt lat="42.007262" lon="-3.033207">
      <ele>1278.3</ele>
    </trkpt>
    <trkpt lat="42.007053" lon="-3.033741">
      <ele>1274.2</ele>
    </trkpt>
    <trkpt lat="42.006951" lon="-3.033862">
      <ele>1272.9</ele>
    </trkpt>
    <trkpt lat="42.006878" lon="-3.033882">
      <ele>1272.3</ele>
    </trkpt>
    <trkpt lat="42.006699" lon="-3.033815">
      <ele>1270.6</ele>
    </trkpt>
    <trkpt lat="42.006527" lon="-3.033665">
      <ele>1268.8</ele>
    </trkpt>
    <trkpt lat="42.006473" lon="-3.033559">
      <ele>1268</ele>
    </trkpt>
    <trkpt lat="42.006466" lon="-3.033383">
      <ele>1266.9</ele>
    </trkpt>
    <trkpt lat="42.006758" lon="-3.032195">
      <ele>1261</ele>
    </trkpt>
    <trkpt lat="42.006786" lon="-3.032014">
      <ele>1260.5</ele>
    </trkpt>
    <trkpt lat="42.006817" lon="-3.031438">
      <ele>1258.9</ele>
    </trkpt>
    <trkpt lat="42.006921" lon="-3.031269">
      <ele>1258.2</ele>
    </trkpt>
    <trkpt lat="42.007303" lon="-3.030973">
      <ele>1256</ele>
    </trkpt>
    <trkpt lat="42.007386" lon="-3.030791">
      <ele>1255</ele>
    </trkpt>
    <trkpt lat="42.007374" lon="-3.030575">
      <ele>1253.9</ele>
    </trkpt>
    <trkpt lat="42.007327" lon="-3.030482">
      <ele>1253.3</ele>
    </trkpt>
    <trkpt lat="42.007273" lon="-3.030438">
      <ele>1252.8</ele>
    </trkpt>
    <trkpt lat="42.007137" lon="-3.030434">
      <ele>1251.7</ele>
    </trkpt>
    <trkpt lat="42.007002" lon="-3.030493">
      <ele>1250.5</ele>
    </trkpt>
    <trkpt lat="42.005995" lon="-3.031006">
      <ele>1239.3</ele>
    </trkpt>
    <trkpt lat="42.004694" lon="-3.031979">
      <ele>1225.6</ele>
    </trkpt>
    <trkpt lat="42.004552" lon="-3.032015">
      <ele>1224.5</ele>
    </trkpt>
    <trkpt lat="42.004467" lon="-3.03197">
      <ele>1223.9</ele>
    </trkpt>
    <trkpt lat="42.00442" lon="-3.031879">
      <ele>1223.4</ele>
    </trkpt>
    <trkpt lat="42.004124" lon="-3.030728">
      <ele>1219.2</ele>
    </trkpt>
    <trkpt lat="42.004109" lon="-3.030474">
      <ele>1218.8</ele>
    </trkpt>
    <trkpt lat="42.004211" lon="-3.029311">
      <ele>1217.6</ele>
    </trkpt>
    <trkpt lat="42.004204" lon="-3.029162">
      <ele>1217.5</ele>
    </trkpt>
    <trkpt lat="42.004172" lon="-3.029025">
      <ele>1217.5</ele>
    </trkpt>
    <trkpt lat="42.0041" lon="-3.028888">
      <ele>1217.4</ele>
    </trkpt>
    <trkpt lat="42.003987" lon="-3.028783">
      <ele>1217.4</ele>
    </trkpt>
    <trkpt lat="42.003821" lon="-3.028717">
      <ele>1217.4</ele>
    </trkpt>
    <trkpt lat="42.003446" lon="-3.028612">
      <ele>1217.3</ele>
    </trkpt>
    <trkpt lat="42.003221" lon="-3.028612">
      <ele>1217.3</ele>
    </trkpt>
    <trkpt lat="42.00121" lon="-3.028906">
      <ele>1218.4</ele>
    </trkpt>
    <trkpt lat="42.000272" lon="-3.029152">
      <ele>1220.1</ele>
    </trkpt>
    <trkpt lat="42.000078" lon="-3.029157">
      <ele>1220.5</ele>
    </trkpt>
    <trkpt lat="41.999426" lon="-3.02898">
      <ele>1221.9</ele>
    </trkpt>
    <trkpt lat="41.99908" lon="-3.02885">
      <ele>1222.4</ele>
    </trkpt>
    <trkpt lat="41.998105" lon="-3.028323">
      <ele>1221.2</ele>
    </trkpt>
    <trkpt lat="41.996288" lon="-3.027454">
      <ele>1207.5</ele>
    </trkpt>
    <trkpt lat="41.99561" lon="-3.027504">
      <ele>1200.7</ele>
    </trkpt>
    <trkpt lat="41.994861" lon="-3.027752">
      <ele>1193.2</ele>
    </trkpt>
    <trkpt lat="41.993641" lon="-3.028147">
      <ele>1182.4</ele>
    </trkpt>
    <trkpt lat="41.992002" lon="-3.028974">
      <ele>1170.3</ele>
    </trkpt>
    <trkpt lat="41.991687" lon="-3.029187">
      <ele>1168.1</ele>
    </trkpt>
    <trkpt lat="41.991014" lon="-3.02971">
      <ele>1163.5</ele>
    </trkpt>
    <trkpt lat="41.990515" lon="-3.030036">
      <ele>1160.3</ele>
    </trkpt>
    <trkpt lat="41.990328" lon="-3.030148">
      <ele>1159</ele>
    </trkpt>
    <trkpt lat="41.989268" lon="-3.030656">
      <ele>1150.9</ele>
    </trkpt>
    <trkpt lat="41.98912" lon="-3.030723">
      <ele>1149.6</ele>
    </trkpt>
    <trkpt lat="41.988834" lon="-3.030855">
      <ele>1147</ele>
    </trkpt>
    <trkpt lat="41.988313" lon="-3.031092">
      <ele>1142</ele>
    </trkpt>
    <trkpt lat="41.988014" lon="-3.031244">
      <ele>1139.1</ele>
    </trkpt>
    <trkpt lat="41.9874" lon="-3.031838">
      <ele>1133.2</ele>
    </trkpt>
    <trkpt lat="41.986949" lon="-3.032054">
      <ele>1130.1</ele>
    </trkpt>
    <trkpt lat="41.986495" lon="-3.03216">
      <ele>1127.6</ele>
    </trkpt>
    <trkpt lat="41.986414" lon="-3.032173">
      <ele>1127.2</ele>
    </trkpt>
    <trkpt lat="41.986219" lon="-3.032195">
      <ele>1126.2</ele>
    </trkpt>
    <trkpt lat="41.986129" lon="-3.032207">
      <ele>1125.8</ele>
    </trkpt>
    <trkpt lat="41.985946" lon="-3.032302">
      <ele>1124.9</ele>
    </trkpt>
    <trkpt lat="41.985748" lon="-3.032458">
      <ele>1123.9</ele>
    </trkpt>
    <trkpt lat="41.985574" lon="-3.032595">
      <ele>1123</ele>
    </trkpt>
    <trkpt lat="41.985364" lon="-3.032761">
      <ele>1121.9</ele>
    </trkpt>
    <trkpt lat="41.98532" lon="-3.032796">
      <ele>1121.7</ele>
    </trkpt>
    <trkpt lat="41.985136" lon="-3.032919">
      <ele>1120.8</ele>
    </trkpt>
    <trkpt lat="41.985082" lon="-3.033045">
      <ele>1120.4</ele>
    </trkpt>
    <trkpt lat="41.98445" lon="-3.033943">
      <ele>1117.2</ele>
    </trkpt>
    <trkpt lat="41.983874" lon="-3.034761">
      <ele>1115.3</ele>
    </trkpt>
    <trkpt lat="41.983427" lon="-3.035391">
      <ele>1115.6</ele>
    </trkpt>
    <trkpt lat="41.983124" lon="-3.035912">
      <ele>1116.1</ele>
    </trkpt>
    <trkpt lat="41.982959" lon="-3.03631">
      <ele>1116.4</ele>
    </trkpt>
    <trkpt lat="41.982916" lon="-3.036417">
      <ele>1116.5</ele>
    </trkpt>
    <trkpt lat="41.982732" lon="-3.036865">
      <ele>1117.1</ele>
    </trkpt>
    <trkpt lat="41.982536" lon="-3.037142">
      <ele>1117.4</ele>
    </trkpt>
    <trkpt lat="41.982186" lon="-3.037738">
      <ele>1118.1</ele>
    </trkpt>
    <trkpt lat="41.982158" lon="-3.037796">
      <ele>1118.2</ele>
    </trkpt>
    <trkpt lat="41.982063" lon="-3.038001">
      <ele>1118.3</ele>
    </trkpt>
    <trkpt lat="41.981992" lon="-3.038155">
      <ele>1118.4</ele>
    </trkpt>
    <trkpt lat="41.981952" lon="-3.03827">
      <ele>1118.4</ele>
    </trkpt>
    <trkpt lat="41.981913" lon="-3.038514">
      <ele>1118.8</ele>
    </trkpt>
    <trkpt lat="41.981856" lon="-3.038929">
      <ele>1119.5</ele>
    </trkpt>
    <trkpt lat="41.981838" lon="-3.038966">
      <ele>1119.6</ele>
    </trkpt>
    <trkpt lat="41.981682" lon="-3.039354">
      <ele>1120.2</ele>
    </trkpt>
    <trkpt lat="41.98161" lon="-3.039627">
      <ele>1120.4</ele>
    </trkpt>
    <trkpt lat="41.981575" lon="-3.039877">
      <ele>1120.6</ele>
    </trkpt>
    <trkpt lat="41.981572" lon="-3.040027">
      <ele>1120.6</ele>
    </trkpt>
    <trkpt lat="41.981552" lon="-3.040098">
      <ele>1120.6</ele>
    </trkpt>
    <trkpt lat="41.981381" lon="-3.040509">
      <ele>1120</ele>
    </trkpt>
    <trkpt lat="41.981318" lon="-3.040708">
      <ele>1119.5</ele>
    </trkpt>
    <trkpt lat="41.981254" lon="-3.040894">
      <ele>1119</ele>
    </trkpt>
    <trkpt lat="41.981167" lon="-3.04111">
      <ele>1118.5</ele>
    </trkpt>
    <trkpt lat="41.981105" lon="-3.041215">
      <ele>1118.1</ele>
    </trkpt>
    <trkpt lat="41.981077" lon="-3.041261">
      <ele>1118</ele>
    </trkpt>
    <trkpt lat="41.98098" lon="-3.041298">
      <ele>1117.6</ele>
    </trkpt>
    <trkpt lat="41.980854" lon="-3.0413">
      <ele>1117</ele>
    </trkpt>
    <trkpt lat="41.980472" lon="-3.041293">
      <ele>1114.8</ele>
    </trkpt>
    <trkpt lat="41.980173" lon="-3.041323">
      <ele>1112.8</ele>
    </trkpt>
    <trkpt lat="41.979995" lon="-3.041581">
      <ele>1111.2</ele>
    </trkpt>
    <trkpt lat="41.979973" lon="-3.041588">
      <ele>1111.1</ele>
    </trkpt>
    <trkpt lat="41.979744" lon="-3.041623">
      <ele>1109.8</ele>
    </trkpt>
    <trkpt lat="41.979613" lon="-3.041666">
      <ele>1109.2</ele>
    </trkpt>
    <trkpt lat="41.979321" lon="-3.041899">
      <ele>1107.8</ele>
    </trkpt>
    <trkpt lat="41.978795" lon="-3.042327">
      <ele>1105.1</ele>
    </trkpt>
    <trkpt lat="41.978065" lon="-3.042911">
      <ele>1102.6</ele>
    </trkpt>
    <trkpt lat="41.977087" lon="-3.043899">
      <ele>1097.5</ele>
    </trkpt>
    <trkpt lat="41.976245" lon="-3.044419">
      <ele>1092.2</ele>
    </trkpt>
    <trkpt lat="41.976186" lon="-3.044459">
      <ele>1091.7</ele>
    </trkpt>
    <trkpt lat="41.975885" lon="-3.044743">
      <ele>1089.4</ele>
    </trkpt>
    <trkpt lat="41.975664" lon="-3.04505">
      <ele>1087.5</ele>
    </trkpt>
    <trkpt lat="41.975501" lon="-3.04528">
      <ele>1086.2</ele>
    </trkpt>
    <trkpt lat="41.975442" lon="-3.045426">
      <ele>1085.6</ele>
    </trkpt>
    <trkpt lat="41.975363" lon="-3.045551">
      <ele>1085.1</ele>
    </trkpt>
    <trkpt lat="41.975228" lon="-3.045665">
      <ele>1084.4</ele>
    </trkpt>
    <trkpt lat="41.974935" lon="-3.045231">
      <ele>1083</ele>
    </trkpt>
    <trkpt lat="41.974233" lon="-3.044157">
      <ele>1082.3</ele>
    </trkpt>
    <trkpt lat="41.974183" lon="-3.044078">
      <ele>1082.3</ele>
    </trkpt>
    <trkpt lat="41.974084" lon="-3.043923">
      <ele>1082.3</ele>
    </trkpt>
    <trkpt lat="41.973909" lon="-3.043651">
      <ele>1082.3</ele>
    </trkpt>
    <trkpt lat="41.973743" lon="-3.043925">
      <ele>1082.3</ele>
    </trkpt>
    <trkpt lat="41.973365" lon="-3.044838">
      <ele>1082.8</ele>
    </trkpt>
    <trkpt lat="41.973152" lon="-3.045419">
      <ele>1083.8</ele>
    </trkpt>
    <trkpt lat="41.97298" lon="-3.045761">
      <ele>1084.1</ele>
    </trkpt>
    <trkpt lat="41.972898" lon="-3.045942">
      <ele>1084.3</ele>
    </trkpt>
    <trkpt lat="41.972743" lon="-3.04621">
      <ele>1084.4</ele>
    </trkpt>
    <trkpt lat="41.97264" lon="-3.046319">
      <ele>1084.5</ele>
    </trkpt>
    <trkpt lat="41.971905" lon="-3.046788">
      <ele>1084.3</ele>
    </trkpt>
    <trkpt lat="41.971543" lon="-3.046962">
      <ele>1083.6</ele>
    </trkpt>
    <trkpt lat="41.971235" lon="-3.047252">
      <ele>1082.9</ele>
    </trkpt>
    <trkpt lat="41.970916" lon="-3.047458">
      <ele>1082.7</ele>
    </trkpt>
    <trkpt lat="41.97063" lon="-3.047604">
      <ele>1082.7</ele>
    </trkpt>
    <trkpt lat="41.970241" lon="-3.047692">
      <ele>1082.8</ele>
    </trkpt>
    <trkpt lat="41.969015" lon="-3.047743">
      <ele>1084.1</ele>
    </trkpt>
    <trkpt lat="41.968704" lon="-3.047712">
      <ele>1084.7</ele>
    </trkpt>
    <trkpt lat="41.9604" lon="-3.046379">
      <ele>1110</ele>
    </trkpt>
    <trkpt lat="41.960068" lon="-3.046427">
      <ele>1111.6</ele>
    </trkpt>
    <trkpt lat="41.959933" lon="-3.046484">
      <ele>1112.2</ele>
    </trkpt>
    <trkpt lat="41.959464" lon="-3.046792">
      <ele>1115</ele>
    </trkpt>
    <trkpt lat="41.95897" lon="-3.046931">
      <ele>1117.7</ele>
    </trkpt>
    <trkpt lat="41.95859" lon="-3.046943">
      <ele>1119.6</ele>
    </trkpt>
    <trkpt lat="41.957738" lon="-3.046807">
      <ele>1122.2</ele>
    </trkpt>
    <trkpt lat="41.957234" lon="-3.046775">
      <ele>1122.2</ele>
    </trkpt>
    <trkpt lat="41.956947" lon="-3.046838">
      <ele>1121.7</ele>
    </trkpt>
    <trkpt lat="41.955144" lon="-3.047434">
      <ele>1113.7</ele>
    </trkpt>
    <trkpt lat="41.95485" lon="-3.047495">
      <ele>1112.4</ele>
    </trkpt>
    <trkpt lat="41.954505" lon="-3.047524">
      <ele>1111</ele>
    </trkpt>
    <trkpt lat="41.950451" lon="-3.047566">
      <ele>1097.8</ele>
    </trkpt>
    <trkpt lat="41.945475" lon="-3.047598">
      <ele>1101.6</ele>
    </trkpt>
    <trkpt lat="41.945347" lon="-3.04757">
      <ele>1101.7</ele>
    </trkpt>
    <trkpt lat="41.94507" lon="-3.047369">
      <ele>1101.8</ele>
    </trkpt>
    <trkpt lat="41.944289" lon="-3.046634">
      <ele>1102.6</ele>
    </trkpt>
    <trkpt lat="41.94421" lon="-3.046548">
      <ele>1102.8</ele>
    </trkpt>
    <trkpt lat="41.943537" lon="-3.045739">
      <ele>1105.1</ele>
    </trkpt>
    <trkpt lat="41.943269" lon="-3.045572">
      <ele>1106.1</ele>
    </trkpt>
    <trkpt lat="41.943085" lon="-3.045524">
      <ele>1106.8</ele>
    </trkpt>
    <trkpt lat="41.942991" lon="-3.045518">
      <ele>1107.1</ele>
    </trkpt>
    <trkpt lat="41.942805" lon="-3.045566">
      <ele>1107.6</ele>
    </trkpt>
    <trkpt lat="41.941768" lon="-3.045937">
      <ele>1110.2</ele>
    </trkpt>
    <trkpt lat="41.94156" lon="-3.045937">
      <ele>1110.6</ele>
    </trkpt>
    <trkpt lat="41.941349" lon="-3.045871">
      <ele>1111</ele>
    </trkpt>
    <trkpt lat="41.94121" lon="-3.045777">
      <ele>1111.4</ele>
    </trkpt>
    <trkpt lat="41.940283" lon="-3.044939">
      <ele>1114.9</ele>
    </trkpt>
    <trkpt lat="41.94007" lon="-3.044661">
      <ele>1116.3</ele>
    </trkpt>
    <trkpt lat="41.939857" lon="-3.044227">
      <ele>1118</ele>
    </trkpt>
    <trkpt lat="41.939709" lon="-3.044049">
      <ele>1118.9</ele>
    </trkpt>
    <trkpt lat="41.939601" lon="-3.043958">
      <ele>1119.4</ele>
    </trkpt>
    <trkpt lat="41.939453" lon="-3.043903">
      <ele>1119.9</ele>
    </trkpt>
    <trkpt lat="41.93911" lon="-3.043839">
      <ele>1120.8</ele>
    </trkpt>
    <trkpt lat="41.939088" lon="-3.043835">
      <ele>1120.8</ele>
    </trkpt>
    <trkpt lat="41.938693" lon="-3.043767">
      <ele>1121.7</ele>
    </trkpt>
    <trkpt lat="41.938411" lon="-3.04372">
      <ele>1122.3</ele>
    </trkpt>
    <trkpt lat="41.938254" lon="-3.043643">
      <ele>1122.5</ele>
    </trkpt>
    <trkpt lat="41.938175" lon="-3.04355">
      <ele>1122.7</ele>
    </trkpt>
    <trkpt lat="41.938116" lon="-3.043417">
      <ele>1122.9</ele>
    </trkpt>
    <trkpt lat="41.937746" lon="-3.042391">
      <ele>1125</ele>
    </trkpt>
    <trkpt lat="41.93752" lon="-3.041867">
      <ele>1126.5</ele>
    </trkpt>
    <trkpt lat="41.937471" lon="-3.041793">
      <ele>1126.7</ele>
    </trkpt>
    <trkpt lat="41.937318" lon="-3.041795">
      <ele>1127.2</ele>
    </trkpt>
    <trkpt lat="41.936845" lon="-3.042009">
      <ele>1128.5</ele>
    </trkpt>
    <trkpt lat="41.936695" lon="-3.042047">
      <ele>1128.8</ele>
    </trkpt>
    <trkpt lat="41.93647" lon="-3.042071">
      <ele>1129.2</ele>
    </trkpt>
    <trkpt lat="41.936264" lon="-3.042045">
      <ele>1129.5</ele>
    </trkpt>
    <trkpt lat="41.93611" lon="-3.042008">
      <ele>1129.7</ele>
    </trkpt>
    <trkpt lat="41.93602" lon="-3.041985">
      <ele>1129.8</ele>
    </trkpt>
    <trkpt lat="41.935869" lon="-3.041936">
      <ele>1130.1</ele>
    </trkpt>
    <trkpt lat="41.935792" lon="-3.041853">
      <ele>1130.3</ele>
    </trkpt>
    <trkpt lat="41.935747" lon="-3.041748">
      <ele>1130.5</ele>
    </trkpt>
    <trkpt lat="41.935737" lon="-3.041704">
      <ele>1130.6</ele>
    </trkpt>
    <trkpt lat="41.935739" lon="-3.04148">
      <ele>1131.1</ele>
    </trkpt>
    <trkpt lat="41.935877" lon="-3.040573">
      <ele>1133.8</ele>
    </trkpt>
    <trkpt lat="41.935895" lon="-3.040342">
      <ele>1134.5</ele>
    </trkpt>
    <trkpt lat="41.935876" lon="-3.039833">
      <ele>1136.1</ele>
    </trkpt>
    <trkpt lat="41.93589" lon="-3.039026">
      <ele>1138.1</ele>
    </trkpt>
    <trkpt lat="41.935848" lon="-3.038856">
      <ele>1138.5</ele>
    </trkpt>
    <trkpt lat="41.935638" lon="-3.038534">
      <ele>1139.1</ele>
    </trkpt>
    <trkpt lat="41.935583" lon="-3.038494">
      <ele>1139.2</ele>
    </trkpt>
    <trkpt lat="41.935154" lon="-3.038152">
      <ele>1139.6</ele>
    </trkpt>
    <trkpt lat="41.934288" lon="-3.037467">
      <ele>1140.6</ele>
    </trkpt>
    <trkpt lat="41.934197" lon="-3.037413">
      <ele>1140.8</ele>
    </trkpt>
    <trkpt lat="41.933492" lon="-3.037075">
      <ele>1143.3</ele>
    </trkpt>
    <trkpt lat="41.932401" lon="-3.036573">
      <ele>1150.2</ele>
    </trkpt>
    <trkpt lat="41.932336" lon="-3.036572">
      <ele>1150.8</ele>
    </trkpt>
    <trkpt lat="41.93225" lon="-3.036615">
      <ele>1151.5</ele>
    </trkpt>
    <trkpt lat="41.93213" lon="-3.036815">
      <ele>1153.2</ele>
    </trkpt>
    <trkpt lat="41.932041" lon="-3.036888">
      <ele>1154.1</ele>
    </trkpt>
    <trkpt lat="41.931672" lon="-3.036978">
      <ele>1157.9</ele>
    </trkpt>
    <trkpt lat="41.93073" lon="-3.036997">
      <ele>1167.4</ele>
    </trkpt>
    <trkpt lat="41.930656" lon="-3.037039">
      <ele>1168.1</ele>
    </trkpt>
    <trkpt lat="41.930341" lon="-3.037567">
      <ele>1171.7</ele>
    </trkpt>
    <trkpt lat="41.93029" lon="-3.037681">
      <ele>1172.2</ele>
    </trkpt>
    <trkpt lat="41.930282" lon="-3.037788">
      <ele>1172.7</ele>
    </trkpt>
    <trkpt lat="41.930331" lon="-3.037878">
      <ele>1173.1</ele>
    </trkpt>
    <trkpt lat="41.930376" lon="-3.037904">
      <ele>1173.3</ele>
    </trkpt>
    <trkpt lat="41.930649" lon="-3.037958">
      <ele>1174.3</ele>
    </trkpt>
    <trkpt lat="41.930755" lon="-3.038014">
      <ele>1174.5</ele>
    </trkpt>
    <trkpt lat="41.930825" lon="-3.038119">
      <ele>1174.7</ele>
    </trkpt>
    <trkpt lat="41.930866" lon="-3.038291">
      <ele>1174.9</ele>
    </trkpt>
    <trkpt lat="41.930888" lon="-3.038418">
      <ele>1175.1</ele>
    </trkpt>
    <trkpt lat="41.930952" lon="-3.038571">
      <ele>1175.3</ele>
    </trkpt>
    <trkpt lat="41.931449" lon="-3.038744">
      <ele>1176.8</ele>
    </trkpt>
    <trkpt lat="41.93151" lon="-3.038831">
      <ele>1177.3</ele>
    </trkpt>
    <trkpt lat="41.931515" lon="-3.038922">
      <ele>1177.7</ele>
    </trkpt>
    <trkpt lat="41.931468" lon="-3.038994">
      <ele>1178.1</ele>
    </trkpt>
    <trkpt lat="41.931086" lon="-3.039074">
      <ele>1180.6</ele>
    </trkpt>
    <trkpt lat="41.930738" lon="-3.039145">
      <ele>1183.3</ele>
    </trkpt>
    <trkpt lat="41.930611" lon="-3.039211">
      <ele>1184.6</ele>
    </trkpt>
    <trkpt lat="41.930189" lon="-3.039777">
      <ele>1191.5</ele>
    </trkpt>
    <trkpt lat="41.93004" lon="-3.039909">
      <ele>1193.8</ele>
    </trkpt>
    <trkpt lat="41.929705" lon="-3.040067">
      <ele>1198.3</ele>
    </trkpt>
    <trkpt lat="41.929094" lon="-3.040267">
      <ele>1205.6</ele>
    </trkpt>
    <trkpt lat="41.929049" lon="-3.04031">
      <ele>1206.1</ele>
    </trkpt>
    <trkpt lat="41.928946" lon="-3.04049">
      <ele>1207.8</ele>
    </trkpt>
    <trkpt lat="41.928755" lon="-3.041273">
      <ele>1212.5</ele>
    </trkpt>
    <trkpt lat="41.928692" lon="-3.041431">
      <ele>1213.3</ele>
    </trkpt>
    <trkpt lat="41.928601" lon="-3.041439">
      <ele>1213.7</ele>
    </trkpt>
    <trkpt lat="41.928566" lon="-3.041409">
      <ele>1213.9</ele>
    </trkpt>
    <trkpt lat="41.928557" lon="-3.041358">
      <ele>1214.1</ele>
    </trkpt>
    <trkpt lat="41.928726" lon="-3.040383">
      <ele>1217.3</ele>
    </trkpt>
    <trkpt lat="41.928715" lon="-3.04025">
      <ele>1217.6</ele>
    </trkpt>
    <trkpt lat="41.928661" lon="-3.040194">
      <ele>1217.9</ele>
    </trkpt>
    <trkpt lat="41.928585" lon="-3.04023">
      <ele>1218.3</ele>
    </trkpt>
    <trkpt lat="41.928553" lon="-3.04029">
      <ele>1218.5</ele>
    </trkpt>
    <trkpt lat="41.928423" lon="-3.040806">
      <ele>1220.4</ele>
    </trkpt>
    <trkpt lat="41.928335" lon="-3.04094">
      <ele>1221.1</ele>
    </trkpt>
    <trkpt lat="41.927205" lon="-3.04095">
      <ele>1225</ele>
    </trkpt>
    <trkpt lat="41.926963" lon="-3.040863">
      <ele>1224.9</ele>
    </trkpt>
    <trkpt lat="41.926047" lon="-3.040461">
      <ele>1223.3</ele>
    </trkpt>
    <trkpt lat="41.925625" lon="-3.04021">
      <ele>1222.9</ele>
    </trkpt>
    <trkpt lat="41.925113" lon="-3.039649">
      <ele>1224.2</ele>
    </trkpt>
    <trkpt lat="41.924812" lon="-3.039427">
      <ele>1225.5</ele>
    </trkpt>
    <trkpt lat="41.924542" lon="-3.039357">
      <ele>1226.6</ele>
    </trkpt>
    <trkpt lat="41.923913" lon="-3.039056">
      <ele>1228.8</ele>
    </trkpt>
    <trkpt lat="41.923817" lon="-3.039062">
      <ele>1229</ele>
    </trkpt>
    <trkpt lat="41.923004" lon="-3.039344">
      <ele>1231.5</ele>
    </trkpt>
    <trkpt lat="41.922767" lon="-3.039325">
      <ele>1232.4</ele>
    </trkpt>
    <trkpt lat="41.922609" lon="-3.039264">
      <ele>1233</ele>
    </trkpt>
    <trkpt lat="41.922015" lon="-3.038731">
      <ele>1236.8</ele>
    </trkpt>
    <trkpt lat="41.921855" lon="-3.038619">
      <ele>1237.9</ele>
    </trkpt>
    <trkpt lat="41.921718" lon="-3.038574">
      <ele>1238.6</ele>
    </trkpt>
    <trkpt lat="41.921255" lon="-3.038572">
      <ele>1240.3</ele>
    </trkpt>
    <trkpt lat="41.921045" lon="-3.038534">
      <ele>1240.6</ele>
    </trkpt>
    <trkpt lat="41.920936" lon="-3.03844">
      <ele>1240.7</ele>
    </trkpt>
    <trkpt lat="41.920756" lon="-3.038152">
      <ele>1240.5</ele>
    </trkpt>
    <trkpt lat="41.920729" lon="-3.038113">
      <ele>1240.4</ele>
    </trkpt>
    <trkpt lat="41.920683" lon="-3.038046">
      <ele>1240.2</ele>
    </trkpt>
    <trkpt lat="41.920555" lon="-3.037899">
      <ele>1239.7</ele>
    </trkpt>
    <trkpt lat="41.920424" lon="-3.037816">
      <ele>1239.1</ele>
    </trkpt>
    <trkpt lat="41.920186" lon="-3.037803">
      <ele>1237.9</ele>
    </trkpt>
    <trkpt lat="41.920071" lon="-3.037835">
      <ele>1237.1</ele>
    </trkpt>
    <trkpt lat="41.919781" lon="-3.038018">
      <ele>1234.7</ele>
    </trkpt>
    <trkpt lat="41.919571" lon="-3.038262">
      <ele>1232.7</ele>
    </trkpt>
    <trkpt lat="41.919015" lon="-3.03901">
      <ele>1229.3</ele>
    </trkpt>
    <trkpt lat="41.918801" lon="-3.039262">
      <ele>1228.9</ele>
    </trkpt>
    <trkpt lat="41.918703" lon="-3.039266">
      <ele>1228.9</ele>
    </trkpt>
    <trkpt lat="41.918636" lon="-3.039251">
      <ele>1228.9</ele>
    </trkpt>
    <trkpt lat="41.918532" lon="-3.039175">
      <ele>1229</ele>
    </trkpt>
    <trkpt lat="41.918151" lon="-3.038846">
      <ele>1230.2</ele>
    </trkpt>
    <trkpt lat="41.918109" lon="-3.038754">
      <ele>1230.6</ele>
    </trkpt>
    <trkpt lat="41.918087" lon="-3.038608">
      <ele>1231.1</ele>
    </trkpt>
    <trkpt lat="41.91815" lon="-3.038217">
      <ele>1232.7</ele>
    </trkpt>
    <trkpt lat="41.918163" lon="-3.038005">
      <ele>1233.7</ele>
    </trkpt>
    <trkpt lat="41.918147" lon="-3.037835">
      <ele>1234.5</ele>
    </trkpt>
    <trkpt lat="41.918063" lon="-3.037661">
      <ele>1235.5</ele>
    </trkpt>
    <trkpt lat="41.917872" lon="-3.037443">
      <ele>1237.1</ele>
    </trkpt>
    <trkpt lat="41.917839" lon="-3.037322">
      <ele>1237.8</ele>
    </trkpt>
    <trkpt lat="41.917995" lon="-3.03691">
      <ele>1240.1</ele>
    </trkpt>
    <trkpt lat="41.91797" lon="-3.03678">
      <ele>1240.8</ele>
    </trkpt>
    <trkpt lat="41.917899" lon="-3.03671">
      <ele>1241.4</ele>
    </trkpt>
    <trkpt lat="41.917779" lon="-3.0367">
      <ele>1242.1</ele>
    </trkpt>
    <trkpt lat="41.917674" lon="-3.036739">
      <ele>1242.8</ele>
    </trkpt>
    <trkpt lat="41.917531" lon="-3.036873">
      <ele>1244</ele>
    </trkpt>
    <trkpt lat="41.917458" lon="-3.036975">
      <ele>1244.6</ele>
    </trkpt>
    <trkpt lat="41.917224" lon="-3.037682">
      <ele>1248.4</ele>
    </trkpt>
    <trkpt lat="41.917125" lon="-3.037826">
      <ele>1249.3</ele>
    </trkpt>
    <trkpt lat="41.917013" lon="-3.037898">
      <ele>1250.1</ele>
    </trkpt>
    <trkpt lat="41.916907" lon="-3.03786">
      <ele>1250.8</ele>
    </trkpt>
    <trkpt lat="41.91686" lon="-3.037794">
      <ele>1251.3</ele>
    </trkpt>
    <trkpt lat="41.916667" lon="-3.037419">
      <ele>1253.6</ele>
    </trkpt>
    <trkpt lat="41.916267" lon="-3.036824">
      <ele>1258</ele>
    </trkpt>
    <trkpt lat="41.91607" lon="-3.036701">
      <ele>1259.7</ele>
    </trkpt>
    <trkpt lat="41.915591" lon="-3.036578">
      <ele>1263.3</ele>
    </trkpt>
    <trkpt lat="41.915424" lon="-3.036563">
      <ele>1264.4</ele>
    </trkpt>
    <trkpt lat="41.915364" lon="-3.036582">
      <ele>1264.8</ele>
    </trkpt>
    <trkpt lat="41.915223" lon="-3.036699">
      <ele>1265.7</ele>
    </trkpt>
    <trkpt lat="41.914936" lon="-3.036975">
      <ele>1267.7</ele>
    </trkpt>
    <trkpt lat="41.914714" lon="-3.037094">
      <ele>1268.8</ele>
    </trkpt>
    <trkpt lat="41.91458" lon="-3.037098">
      <ele>1269.5</ele>
    </trkpt>
    <trkpt lat="41.914493" lon="-3.037035">
      <ele>1269.9</ele>
    </trkpt>
    <trkpt lat="41.91446" lon="-3.036967">
      <ele>1270.2</ele>
    </trkpt>
    <trkpt lat="41.914149" lon="-3.035839">
      <ele>1275</ele>
    </trkpt>
    <trkpt lat="41.914035" lon="-3.035581">
      <ele>1276.5</ele>
    </trkpt>
    <trkpt lat="41.913547" lon="-3.0347">
      <ele>1281.8</ele>
    </trkpt>
    <trkpt lat="41.913375" lon="-3.0345">
      <ele>1283.1</ele>
    </trkpt>
    <trkpt lat="41.912552" lon="-3.03385">
      <ele>1288.4</ele>
    </trkpt>
    <trkpt lat="41.912377" lon="-3.033555">
      <ele>1289.9</ele>
    </trkpt>
    <trkpt lat="41.912225" lon="-3.033137">
      <ele>1291.9</ele>
    </trkpt>
    <trkpt lat="41.911898" lon="-3.03283">
      <ele>1294.5</ele>
    </trkpt>
    <trkpt lat="41.911814" lon="-3.032685">
      <ele>1295.4</ele>
    </trkpt>
    <trkpt lat="41.911505" lon="-3.031658">
      <ele>1301.4</ele>
    </trkpt>
    <trkpt lat="41.91113" lon="-3.030726">
      <ele>1307.5</ele>
    </trkpt>
    <trkpt lat="41.910969" lon="-3.030497">
      <ele>1309.3</ele>
    </trkpt>
    <trkpt lat="41.910557" lon="-3.030138">
      <ele>1313</ele>
    </trkpt>
    <trkpt lat="41.910462" lon="-3.029983">
      <ele>1314.1</ele>
    </trkpt>
    <trkpt lat="41.91022" lon="-3.028365">
      <ele>1321.9</ele>
    </trkpt>
    <trkpt lat="41.910138" lon="-3.028162">
      <ele>1322.9</ele>
    </trkpt>
    <trkpt lat="41.909947" lon="-3.027891">
      <ele>1324.4</ele>
    </trkpt>
    <trkpt lat="41.909653" lon="-3.02754">
      <ele>1326.7</ele>
    </trkpt>
    <trkpt lat="41.90913" lon="-3.027206">
      <ele>1330.2</ele>
    </trkpt>
    <trkpt lat="41.908979" lon="-3.027062">
      <ele>1331.5</ele>
    </trkpt>
    <trkpt lat="41.908407" lon="-3.026383">
      <ele>1336.5</ele>
    </trkpt>
    <trkpt lat="41.908089" lon="-3.025945">
      <ele>1338.8</ele>
    </trkpt>
    <trkpt lat="41.908004" lon="-3.02586">
      <ele>1339.2</ele>
    </trkpt>
    <trkpt lat="41.907474" lon="-3.025406">
      <ele>1340.1</ele>
    </trkpt>
    <trkpt lat="41.907121" lon="-3.02526">
      <ele>1339</ele>
    </trkpt>
    <trkpt lat="41.907018" lon="-3.025252">
      <ele>1338.5</ele>
    </trkpt>
    <trkpt lat="41.906886" lon="-3.025298">
      <ele>1337.7</ele>
    </trkpt>
    <trkpt lat="41.906507" lon="-3.025578">
      <ele>1334.5</ele>
    </trkpt>
    <trkpt lat="41.906203" lon="-3.025858">
      <ele>1331</ele>
    </trkpt>
    <trkpt lat="41.906124" lon="-3.025883">
      <ele>1330.1</ele>
    </trkpt>
    <trkpt lat="41.905973" lon="-3.02585">
      <ele>1328.5</ele>
    </trkpt>
    <trkpt lat="41.905827" lon="-3.025743">
      <ele>1326.6</ele>
    </trkpt>
    <trkpt lat="41.905169" lon="-3.024686">
      <ele>1316.2</ele>
    </trkpt>
    <trkpt lat="41.905055" lon="-3.024461">
      <ele>1314.5</ele>
    </trkpt>
    <trkpt lat="41.904947" lon="-3.024086">
      <ele>1312.2</ele>
    </trkpt>
    <trkpt lat="41.904892" lon="-3.023413">
      <ele>1308.7</ele>
    </trkpt>
    <trkpt lat="41.90481" lon="-3.023186">
      <ele>1307.5</ele>
    </trkpt>
    <trkpt lat="41.90389" lon="-3.02237">
      <ele>1300.1</ele>
    </trkpt>
    <trkpt lat="41.903646" lon="-3.021831">
      <ele>1296.7</ele>
    </trkpt>
    <trkpt lat="41.903574" lon="-3.021729">
      <ele>1295.9</ele>
    </trkpt>
    <trkpt lat="41.903187" lon="-3.021379">
      <ele>1292.8</ele>
    </trkpt>
    <trkpt lat="41.903096" lon="-3.021224">
      <ele>1291.9</ele>
    </trkpt>
    <trkpt lat="41.903059" lon="-3.021003">
      <ele>1290.9</ele>
    </trkpt>
    <trkpt lat="41.903153" lon="-3.020468">
      <ele>1288.2</ele>
    </trkpt>
    <trkpt lat="41.903165" lon="-3.020267">
      <ele>1287.3</ele>
    </trkpt>
    <trkpt lat="41.903115" lon="-3.020073">
      <ele>1286.3</ele>
    </trkpt>
    <trkpt lat="41.903047" lon="-3.020027">
      <ele>1285.8</ele>
    </trkpt>
    <trkpt lat="41.902781" lon="-3.019969">
      <ele>1284</ele>
    </trkpt>
    <trkpt lat="41.90271" lon="-3.019919">
      <ele>1283.4</ele>
    </trkpt>
    <trkpt lat="41.902573" lon="-3.019764">
      <ele>1282.1</ele>
    </trkpt>
    <trkpt lat="41.902287" lon="-3.019325">
      <ele>1278.6</ele>
    </trkpt>
    <trkpt lat="41.90199" lon="-3.018811">
      <ele>1273.9</ele>
    </trkpt>
    <trkpt lat="41.901895" lon="-3.018768">
      <ele>1273</ele>
    </trkpt>
    <trkpt lat="41.901566" lon="-3.018927">
      <ele>1269.8</ele>
    </trkpt>
    <trkpt lat="41.901449" lon="-3.01891">
      <ele>1268.7</ele>
    </trkpt>
    <trkpt lat="41.901268" lon="-3.01877">
      <ele>1266.9</ele>
    </trkpt>
    <trkpt lat="41.901144" lon="-3.018599">
      <ele>1265.5</ele>
    </trkpt>
    <trkpt lat="41.901106" lon="-3.018482">
      <ele>1264.7</ele>
    </trkpt>
    <trkpt lat="41.901098" lon="-3.018348">
      <ele>1263.9</ele>
    </trkpt>
    <trkpt lat="41.901067" lon="-3.018128">
      <ele>1262.7</ele>
    </trkpt>
    <trkpt lat="41.90099" lon="-3.018056">
      <ele>1262</ele>
    </trkpt>
    <trkpt lat="41.900574" lon="-3.018079">
      <ele>1259.2</ele>
    </trkpt>
    <trkpt lat="41.900444" lon="-3.018013">
      <ele>1258.5</ele>
    </trkpt>
    <trkpt lat="41.899851" lon="-3.017319">
      <ele>1255.1</ele>
    </trkpt>
    <trkpt lat="41.899682" lon="-3.017208">
      <ele>1254.3</ele>
    </trkpt>
    <trkpt lat="41.899279" lon="-3.017136">
      <ele>1252.8</ele>
    </trkpt>
    <trkpt lat="41.898584" lon="-3.017176">
      <ele>1250.2</ele>
    </trkpt>
    <trkpt lat="41.898398" lon="-3.017161">
      <ele>1249.5</ele>
    </trkpt>
    <trkpt lat="41.898065" lon="-3.017107">
      <ele>1248.3</ele>
    </trkpt>
    <trkpt lat="41.897914" lon="-3.017008">
      <ele>1247.8</ele>
    </trkpt>
    <trkpt lat="41.897234" lon="-3.015959">
      <ele>1245</ele>
    </trkpt>
    <trkpt lat="41.897155" lon="-3.015874">
      <ele>1244.9</ele>
    </trkpt>
    <trkpt lat="41.896556" lon="-3.015483">
      <ele>1244.3</ele>
    </trkpt>
    <trkpt lat="41.89642" lon="-3.015425">
      <ele>1244.2</ele>
    </trkpt>
    <trkpt lat="41.896119" lon="-3.015391">
      <ele>1244.2</ele>
    </trkpt>
    <trkpt lat="41.895622" lon="-3.015053">
      <ele>1244.4</ele>
    </trkpt>
    <trkpt lat="41.895502" lon="-3.015037">
      <ele>1244.5</ele>
    </trkpt>
    <trkpt lat="41.894982" lon="-3.015117">
      <ele>1245.3</ele>
    </trkpt>
    <trkpt lat="41.894413" lon="-3.015169">
      <ele>1247.1</ele>
    </trkpt>
    <trkpt lat="41.893656" lon="-3.015144">
      <ele>1250.6</ele>
    </trkpt>
    <trkpt lat="41.893362" lon="-3.015225">
      <ele>1252.2</ele>
    </trkpt>
    <trkpt lat="41.892864" lon="-3.015432">
      <ele>1255.3</ele>
    </trkpt>
    <trkpt lat="41.891826" lon="-3.01633">
      <ele>1262</ele>
    </trkpt>
    <trkpt lat="41.89109" lon="-3.017056">
      <ele>1265.3</ele>
    </trkpt>
    <trkpt lat="41.890957" lon="-3.017282">
      <ele>1266.1</ele>
    </trkpt>
    <trkpt lat="41.890827" lon="-3.017744">
      <ele>1267.7</ele>
    </trkpt>
    <trkpt lat="41.890778" lon="-3.017848">
      <ele>1268.2</ele>
    </trkpt>
    <trkpt lat="41.89064" lon="-3.017976">
      <ele>1269.1</ele>
    </trkpt>
    <trkpt lat="41.89052" lon="-3.017982">
      <ele>1269.9</ele>
    </trkpt>
    <trkpt lat="41.890464" lon="-3.017935">
      <ele>1270.3</ele>
    </trkpt>
    <trkpt lat="41.890192" lon="-3.017351">
      <ele>1274.7</ele>
    </trkpt>
    <trkpt lat="41.890055" lon="-3.017203">
      <ele>1276.6</ele>
    </trkpt>
    <trkpt lat="41.889963" lon="-3.017162">
      <ele>1277.7</ele>
    </trkpt>
    <trkpt lat="41.889233" lon="-3.017056">
      <ele>1287.9</ele>
    </trkpt>
    <trkpt lat="41.889122" lon="-3.017065">
      <ele>1289.5</ele>
    </trkpt>
    <trkpt lat="41.888965" lon="-3.017148">
      <ele>1291.9</ele>
    </trkpt>
    <trkpt lat="41.888508" lon="-3.017758">
      <ele>1300.5</ele>
    </trkpt>
    <trkpt lat="41.888367" lon="-3.017912">
      <ele>1302.6</ele>
    </trkpt>
    <trkpt lat="41.888226" lon="-3.018016">
      <ele>1304.3</ele>
    </trkpt>
    <trkpt lat="41.888106" lon="-3.018043">
      <ele>1305.4</ele>
    </trkpt>
    <trkpt lat="41.888039" lon="-3.017993">
      <ele>1306.1</ele>
    </trkpt>
    <trkpt lat="41.888019" lon="-3.017888">
      <ele>1306.8</ele>
    </trkpt>
    <trkpt lat="41.888217" lon="-3.017611">
      <ele>1309.1</ele>
    </trkpt>
    <trkpt lat="41.888248" lon="-3.017533">
      <ele>1309.6</ele>
    </trkpt>
    <trkpt lat="41.888259" lon="-3.017376">
      <ele>1310.4</ele>
    </trkpt>
    <trkpt lat="41.888243" lon="-3.017282">
      <ele>1310.8</ele>
    </trkpt>
    <trkpt lat="41.888061" lon="-3.016844">
      <ele>1312.8</ele>
    </trkpt>
    <trkpt lat="41.887927" lon="-3.016318">
      <ele>1314.7</ele>
    </trkpt>
    <trkpt lat="41.88783" lon="-3.016168">
      <ele>1315.3</ele>
    </trkpt>
    <trkpt lat="41.887462" lon="-3.01603">
      <ele>1316.6</ele>
    </trkpt>
    <trkpt lat="41.887384" lon="-3.015973">
      <ele>1316.9</ele>
    </trkpt>
    <trkpt lat="41.887145" lon="-3.015521">
      <ele>1317.7</ele>
    </trkpt>
    <trkpt lat="41.886742" lon="-3.015109">
      <ele>1318.7</ele>
    </trkpt>
    <trkpt lat="41.886564" lon="-3.014874">
      <ele>1319.4</ele>
    </trkpt>
    <trkpt lat="41.886423" lon="-3.014552">
      <ele>1320.2</ele>
    </trkpt>
    <trkpt lat="41.886384" lon="-3.014405">
      <ele>1320.5</ele>
    </trkpt>
    <trkpt lat="41.88636" lon="-3.0137">
      <ele>1322.1</ele>
    </trkpt>
    <trkpt lat="41.886328" lon="-3.013431">
      <ele>1322.7</ele>
    </trkpt>
    <trkpt lat="41.88623" lon="-3.012948">
      <ele>1323.8</ele>
    </trkpt>
    <trkpt lat="41.886153" lon="-3.012755">
      <ele>1324.2</ele>
    </trkpt>
    <trkpt lat="41.885784" lon="-3.012046">
      <ele>1323.2</ele>
    </trkpt>
    <trkpt lat="41.885479" lon="-3.011603">
      <ele>1321.1</ele>
    </trkpt>
    <trkpt lat="41.88505" lon="-3.011071">
      <ele>1317.4</ele>
    </trkpt>
    <trkpt lat="41.884675" lon="-3.010484">
      <ele>1313.1</ele>
    </trkpt>
    <trkpt lat="41.884479" lon="-3.010124">
      <ele>1310.6</ele>
    </trkpt>
    <trkpt lat="41.884292" lon="-3.009612">
      <ele>1307.5</ele>
    </trkpt>
    <trkpt lat="41.884161" lon="-3.009359">
      <ele>1305.8</ele>
    </trkpt>
    <trkpt lat="41.884011" lon="-3.009117">
      <ele>1304</ele>
    </trkpt>
    <trkpt lat="41.883415" lon="-3.008308">
      <ele>1297</ele>
    </trkpt>
    <trkpt lat="41.883308" lon="-3.008124">
      <ele>1295.7</ele>
    </trkpt>
    <trkpt lat="41.883244" lon="-3.007959">
      <ele>1294.7</ele>
    </trkpt>
    <trkpt lat="41.883195" lon="-3.007653">
      <ele>1293</ele>
    </trkpt>
    <trkpt lat="41.883149" lon="-3.007514">
      <ele>1292.2</ele>
    </trkpt>
    <trkpt lat="41.883064" lon="-3.007524">
      <ele>1291.6</ele>
    </trkpt>
    <trkpt lat="41.883033" lon="-3.00759">
      <ele>1291.2</ele>
    </trkpt>
    <trkpt lat="41.882999" lon="-3.007713">
      <ele>1290.5</ele>
    </trkpt>
    <trkpt lat="41.882929" lon="-3.008307">
      <ele>1287.5</ele>
    </trkpt>
    <trkpt lat="41.882904" lon="-3.008354">
      <ele>1287.2</ele>
    </trkpt>
    <trkpt lat="41.882827" lon="-3.008378">
      <ele>1286.7</ele>
    </trkpt>
    <trkpt lat="41.882789" lon="-3.008349">
      <ele>1286.4</ele>
    </trkpt>
    <trkpt lat="41.882721" lon="-3.008182">
      <ele>1285.4</ele>
    </trkpt>
    <trkpt lat="41.882626" lon="-3.007404">
      <ele>1281.4</ele>
    </trkpt>
    <trkpt lat="41.882597" lon="-3.007359">
      <ele>1281</ele>
    </trkpt>
    <trkpt lat="41.882504" lon="-3.007346">
      <ele>1280.4</ele>
    </trkpt>
    <trkpt lat="41.882404" lon="-3.00746">
      <ele>1279.4</ele>
    </trkpt>
    <trkpt lat="41.882322" lon="-3.007723">
      <ele>1277.7</ele>
    </trkpt>
    <trkpt lat="41.882223" lon="-3.008788">
      <ele>1270.1</ele>
    </trkpt>
    <trkpt lat="41.882209" lon="-3.009253">
      <ele>1267.5</ele>
    </trkpt>
    <trkpt lat="41.882147" lon="-3.009418">
      <ele>1266.7</ele>
    </trkpt>
    <trkpt lat="41.88209" lon="-3.009473">
      <ele>1266.3</ele>
    </trkpt>
    <trkpt lat="41.881921" lon="-3.009494">
      <ele>1265.4</ele>
    </trkpt>
    <trkpt lat="41.880941" lon="-3.009124">
      <ele>1261.9</ele>
    </trkpt>
    <trkpt lat="41.880242" lon="-3.008477">
      <ele>1259.6</ele>
    </trkpt>
    <trkpt lat="41.879852" lon="-3.007954">
      <ele>1256.8</ele>
    </trkpt>
    <trkpt lat="41.879486" lon="-3.007603">
      <ele>1254.4</ele>
    </trkpt>
    <trkpt lat="41.87874" lon="-3.006488">
      <ele>1250</ele>
    </trkpt>
    <trkpt lat="41.878341" lon="-3.006041">
      <ele>1248.7</ele>
    </trkpt>
    <trkpt lat="41.878261" lon="-3.005911">
      <ele>1248.4</ele>
    </trkpt>
    <trkpt lat="41.878219" lon="-3.00583">
      <ele>1248.2</ele>
    </trkpt>
    <trkpt lat="41.878163" lon="-3.005607">
      <ele>1247.8</ele>
    </trkpt>
    <trkpt lat="41.878132" lon="-3.005316">
      <ele>1247.2</ele>
    </trkpt>
    <trkpt lat="41.878065" lon="-3.004991">
      <ele>1246.4</ele>
    </trkpt>
    <trkpt lat="41.877705" lon="-3.00396">
      <ele>1242.3</ele>
    </trkpt>
    <trkpt lat="41.877584" lon="-3.003745">
      <ele>1241</ele>
    </trkpt>
    <trkpt lat="41.877116" lon="-3.003184">
      <ele>1237.5</ele>
    </trkpt>
    <trkpt lat="41.877011" lon="-3.003014">
      <ele>1236.7</ele>
    </trkpt>
    <trkpt lat="41.876926" lon="-3.002819">
      <ele>1235.9</ele>
    </trkpt>
    <trkpt lat="41.876426" lon="-3.001313">
      <ele>1231.3</ele>
    </trkpt>
    <trkpt lat="41.876057" lon="-3.000531">
      <ele>1227.7</ele>
    </trkpt>
    <trkpt lat="41.875927" lon="-3.000328">
      <ele>1226.5</ele>
    </trkpt>
    <trkpt lat="41.875868" lon="-3.000307">
      <ele>1226.1</ele>
    </trkpt>
    <trkpt lat="41.87578" lon="-3.000327">
      <ele>1225.5</ele>
    </trkpt>
    <trkpt lat="41.875701" lon="-3.000435">
      <ele>1224.8</ele>
    </trkpt>
    <trkpt lat="41.875609" lon="-3.001151">
      <ele>1221.2</ele>
    </trkpt>
    <trkpt lat="41.875656" lon="-3.001561">
      <ele>1219.4</ele>
    </trkpt>
    <trkpt lat="41.875819" lon="-3.002213">
      <ele>1216.7</ele>
    </trkpt>
    <trkpt lat="41.875931" lon="-3.003387">
      <ele>1212.6</ele>
    </trkpt>
    <trkpt lat="41.875937" lon="-3.003494">
      <ele>1212.2</ele>
    </trkpt>
    <trkpt lat="41.875896" lon="-3.003619">
      <ele>1211.7</ele>
    </trkpt>
    <trkpt lat="41.875841" lon="-3.00369">
      <ele>1211.2</ele>
    </trkpt>
    <trkpt lat="41.875755" lon="-3.003742">
      <ele>1210.7</ele>
    </trkpt>
    <trkpt lat="41.87536" lon="-3.003862">
      <ele>1208.3</ele>
    </trkpt>
    <trkpt lat="41.87526" lon="-3.003931">
      <ele>1207.6</ele>
    </trkpt>
    <trkpt lat="41.874711" lon="-3.004641">
      <ele>1203.1</ele>
    </trkpt>
    <trkpt lat="41.874564" lon="-3.00477">
      <ele>1202.2</ele>
    </trkpt>
    <trkpt lat="41.874459" lon="-3.004818">
      <ele>1201.6</ele>
    </trkpt>
    <trkpt lat="41.872409" lon="-3.005333">
      <ele>1194.7</ele>
    </trkpt>
    <trkpt lat="41.872232" lon="-3.005331">
      <ele>1194.1</ele>
    </trkpt>
    <trkpt lat="41.871274" lon="-3.005101">
      <ele>1190.5</ele>
    </trkpt>
    <trkpt lat="41.87115" lon="-3.005039">
      <ele>1189.8</ele>
    </trkpt>
    <trkpt lat="41.871056" lon="-3.004922">
      <ele>1189.1</ele>
    </trkpt>
    <trkpt lat="41.870998" lon="-3.004748">
      <ele>1188.3</ele>
    </trkpt>
    <trkpt lat="41.871002" lon="-3.004302">
      <ele>1186.2</ele>
    </trkpt>
    <trkpt lat="41.870978" lon="-3.004128">
      <ele>1185.2</ele>
    </trkpt>
    <trkpt lat="41.870716" lon="-3.003249">
      <ele>1179.1</ele>
    </trkpt>
    <trkpt lat="41.870303" lon="-3.002445">
      <ele>1171.9</ele>
    </trkpt>
    <trkpt lat="41.870139" lon="-3.002224">
      <ele>1169.6</ele>
    </trkpt>
    <trkpt lat="41.869976" lon="-3.002136">
      <ele>1168</ele>
    </trkpt>
    <trkpt lat="41.869606" lon="-3.002281">
      <ele>1164.7</ele>
    </trkpt>
    <trkpt lat="41.869275" lon="-3.00215">
      <ele>1162.2</ele>
    </trkpt>
    <trkpt lat="41.869037" lon="-3.002103">
      <ele>1160.5</ele>
    </trkpt>
    <trkpt lat="41.868796" lon="-3.002161">
      <ele>1158.6</ele>
    </trkpt>
    <trkpt lat="41.868648" lon="-3.002275">
      <ele>1157.4</ele>
    </trkpt>
    <trkpt lat="41.868499" lon="-3.002363">
      <ele>1156.2</ele>
    </trkpt>
    <trkpt lat="41.868431" lon="-3.002377">
      <ele>1155.7</ele>
    </trkpt>
    <trkpt lat="41.868329" lon="-3.002343">
      <ele>1154.9</ele>
    </trkpt>
    <trkpt lat="41.867909" lon="-3.001787">
      <ele>1151.2</ele>
    </trkpt>
    <trkpt lat="41.867707" lon="-3.001712">
      <ele>1149.9</ele>
    </trkpt>
    <trkpt lat="41.867615" lon="-3.001721">
      <ele>1149.4</ele>
    </trkpt>
    <trkpt lat="41.867287" lon="-3.002026">
      <ele>1146.8</ele>
    </trkpt>
    <trkpt lat="41.867072" lon="-3.002188">
      <ele>1145.5</ele>
    </trkpt>
    <trkpt lat="41.866871" lon="-3.002249">
      <ele>1144.5</ele>
    </trkpt>
    <trkpt lat="41.86627" lon="-3.002277">
      <ele>1142.3</ele>
    </trkpt>
    <trkpt lat="41.865572" lon="-3.002515">
      <ele>1140</ele>
    </trkpt>
    <trkpt lat="41.86517" lon="-3.002561">
      <ele>1138.7</ele>
    </trkpt>
    <trkpt lat="41.864596" lon="-3.002491">
      <ele>1136.9</ele>
    </trkpt>
    <trkpt lat="41.863461" lon="-3.002171">
      <ele>1132</ele>
    </trkpt>
    <trkpt lat="41.862752" lon="-3.002004">
      <ele>1129</ele>
    </trkpt>
    <trkpt lat="41.861382" lon="-3.001962">
      <ele>1124.2</ele>
    </trkpt>
    <trkpt lat="41.859803" lon="-3.001945">
      <ele>1118.6</ele>
    </trkpt>
    <trkpt lat="41.859525" lon="-3.002009">
      <ele>1117.8</ele>
    </trkpt>
    <trkpt lat="41.859119" lon="-3.002254">
      <ele>1117</ele>
    </trkpt>
    <trkpt lat="41.858316" lon="-3.002868">
      <ele>1115.9</ele>
    </trkpt>
    <trkpt lat="41.856462" lon="-3.003599">
      <ele>1113.9</ele>
    </trkpt>
    <trkpt lat="41.856316" lon="-3.003605">
      <ele>1113.8</ele>
    </trkpt>
    <trkpt lat="41.85619" lon="-3.003553">
      <ele>1113.8</ele>
    </trkpt>
    <trkpt lat="41.855893" lon="-3.003257">
      <ele>1113.9</ele>
    </trkpt>
    <trkpt lat="41.855767" lon="-3.00322">
      <ele>1113.9</ele>
    </trkpt>
    <trkpt lat="41.855169" lon="-3.003361">
      <ele>1114.3</ele>
    </trkpt>
    <trkpt lat="41.854429" lon="-3.003706">
      <ele>1115.6</ele>
    </trkpt>
    <trkpt lat="41.854017" lon="-3.003833">
      <ele>1116.9</ele>
    </trkpt>
    <trkpt lat="41.853829" lon="-3.003788">
      <ele>1117.7</ele>
    </trkpt>
    <trkpt lat="41.853694" lon="-3.00366">
      <ele>1118.5</ele>
    </trkpt>
    <trkpt lat="41.853568" lon="-3.003468">
      <ele>1119.6</ele>
    </trkpt>
    <trkpt lat="41.853207" lon="-3.002673">
      <ele>1124.7</ele>
    </trkpt>
    <trkpt lat="41.853026" lon="-3.002369">
      <ele>1126.7</ele>
    </trkpt>
    <trkpt lat="41.852773" lon="-3.002112">
      <ele>1129</ele>
    </trkpt>
    <trkpt lat="41.852697" lon="-3.002066">
      <ele>1129.6</ele>
    </trkpt>
    <trkpt lat="41.852558" lon="-3.002049">
      <ele>1130.5</ele>
    </trkpt>
    <trkpt lat="41.852438" lon="-3.002082">
      <ele>1131.3</ele>
    </trkpt>
    <trkpt lat="41.852349" lon="-3.002183">
      <ele>1132.1</ele>
    </trkpt>
    <trkpt lat="41.852317" lon="-3.002257">
      <ele>1132.5</ele>
    </trkpt>
    <trkpt lat="41.852269" lon="-3.002459">
      <ele>1133.4</ele>
    </trkpt>
    <trkpt lat="41.852206" lon="-3.00318">
      <ele>1136</ele>
    </trkpt>
    <trkpt lat="41.852162" lon="-3.003398">
      <ele>1136.6</ele>
    </trkpt>
    <trkpt lat="41.851891" lon="-3.003855">
      <ele>1138.2</ele>
    </trkpt>
    <trkpt lat="41.851764" lon="-3.004232">
      <ele>1139.4</ele>
    </trkpt>
    <trkpt lat="41.851684" lon="-3.004353">
      <ele>1139.8</ele>
    </trkpt>
    <trkpt lat="41.851582" lon="-3.004417">
      <ele>1140.2</ele>
    </trkpt>
    <trkpt lat="41.851438" lon="-3.004423">
      <ele>1140.7</ele>
    </trkpt>
    <trkpt lat="41.850621" lon="-3.004208">
      <ele>1142.1</ele>
    </trkpt>
    <trkpt lat="41.850407" lon="-3.004144">
      <ele>1141.9</ele>
    </trkpt>
    <trkpt lat="41.850326" lon="-3.004081">
      <ele>1141.8</ele>
    </trkpt>
    <trkpt lat="41.850263" lon="-3.00401">
      <ele>1141.7</ele>
    </trkpt>
    <trkpt lat="41.849779" lon="-3.003189">
      <ele>1138.9</ele>
    </trkpt>
    <trkpt lat="41.849278" lon="-3.002829">
      <ele>1135.8</ele>
    </trkpt>
    <trkpt lat="41.849052" lon="-3.002635">
      <ele>1134.4</ele>
    </trkpt>
    <trkpt lat="41.848541" lon="-3.001902">
      <ele>1131</ele>
    </trkpt>
    <trkpt lat="41.848444" lon="-3.00182">
      <ele>1130.6</ele>
    </trkpt>
    <trkpt lat="41.848173" lon="-3.001689">
      <ele>1129.7</ele>
    </trkpt>
    <trkpt lat="41.847673" lon="-3.001497">
      <ele>1128.3</ele>
    </trkpt>
    <trkpt lat="41.847102" lon="-3.001288">
      <ele>1127.2</ele>
    </trkpt>
    <trkpt lat="41.847084" lon="-3.001281">
      <ele>1127.1</ele>
    </trkpt>
    <trkpt lat="41.84646" lon="-3.001049">
      <ele>1125.7</ele>
    </trkpt>
    <trkpt lat="41.845941" lon="-3.000909">
      <ele>1124.5</ele>
    </trkpt>
    <trkpt lat="41.845703" lon="-3.000877">
      <ele>1123.8</ele>
    </trkpt>
    <trkpt lat="41.845228" lon="-3.000894">
      <ele>1122.1</ele>
    </trkpt>
    <trkpt lat="41.844001" lon="-3.001169">
      <ele>1116.5</ele>
    </trkpt>
    <trkpt lat="41.842941" lon="-3.001415">
      <ele>1111</ele>
    </trkpt>
    <trkpt lat="41.842804" lon="-3.00145">
      <ele>1110.4</ele>
    </trkpt>
    <trkpt lat="41.841806" lon="-3.001646">
      <ele>1107.1</ele>
    </trkpt>
    <trkpt lat="41.840964" lon="-3.001774">
      <ele>1105.2</ele>
    </trkpt>
    <trkpt lat="41.840928" lon="-3.001899">
      <ele>1105</ele>
    </trkpt>
    <trkpt lat="41.840964" lon="-3.001774">
      <ele>1104.8</ele>
    </trkpt>
    <trkpt lat="41.840364" lon="-3.001757">
      <ele>1104.2</ele>
    </trkpt>
    <trkpt lat="41.839969" lon="-3.001725">
      <ele>1104.2</ele>
    </trkpt>
    <trkpt lat="41.839519" lon="-3.001705">
      <ele>1104.7</ele>
    </trkpt>
    <trkpt lat="41.839489" lon="-3.002078">
      <ele>1105.3</ele>
    </trkpt>
    <trkpt lat="41.83944" lon="-3.0022">
      <ele>1105.5</ele>
    </trkpt>
    <trkpt lat="41.838992" lon="-3.002912">
      <ele>1107.4</ele>
    </trkpt>
    <trkpt lat="41.838953" lon="-3.00297">
      <ele>1107.5</ele>
    </trkpt>
    <trkpt lat="41.838635" lon="-3.003466">
      <ele>1108.8</ele>
    </trkpt>
    <trkpt lat="41.838535" lon="-3.003612">
      <ele>1109.1</ele>
    </trkpt>
    <trkpt lat="41.838449" lon="-3.003811">
      <ele>1109.4</ele>
    </trkpt>
    <trkpt lat="41.83832" lon="-3.004312">
      <ele>1109.6</ele>
    </trkpt>
    <trkpt lat="41.838218" lon="-3.0047">
      <ele>1109.4</ele>
    </trkpt>
    <trkpt lat="41.838126" lon="-3.005014">
      <ele>1109.2</ele>
    </trkpt>
    <trkpt lat="41.838078" lon="-3.005498">
      <ele>1108.5</ele>
    </trkpt>
    <trkpt lat="41.838007" lon="-3.006219">
      <ele>1106.3</ele>
    </trkpt>
    <trkpt lat="41.837929" lon="-3.006813">
      <ele>1103.9</ele>
    </trkpt>
    <trkpt lat="41.837918" lon="-3.00702">
      <ele>1103.1</ele>
    </trkpt>
    <trkpt lat="41.83761" lon="-3.0072">
      <ele>1101.2</ele>
    </trkpt>
    <trkpt lat="41.837479" lon="-3.008172">
      <ele>1096.5</ele>
    </trkpt>
    <trkpt lat="41.83736" lon="-3.009065">
      <ele>1092.3</ele>
    </trkpt>
    <trkpt lat="41.837294" lon="-3.009523">
      <ele>1090.4</ele>
    </trkpt>
    <trkpt lat="41.837212" lon="-3.009613">
      <ele>1089.8</ele>
    </trkpt>
    <trkpt lat="41.83713" lon="-3.009641">
      <ele>1089.4</ele>
    </trkpt>
    <trkpt lat="41.837211" lon="-3.0104">
      <ele>1087</ele>
    </trkpt>
    <trkpt lat="41.837252" lon="-3.010745">
      <ele>1086.2</ele>
    </trkpt>
    <trkpt lat="41.837363" lon="-3.011792">
      <ele>1084.6</ele>
    </trkpt>
    <trkpt lat="41.83739" lon="-3.012021">
      <ele>1084.4</ele>
    </trkpt>
    <trkpt lat="41.837476" lon="-3.012658">
      <ele>1083.8</ele>
    </trkpt>
    <trkpt lat="41.837567" lon="-3.013246">
      <ele>1083.2</ele>
    </trkpt>
    <trkpt lat="41.837618" lon="-3.013573">
      <ele>1082.9</ele>
    </trkpt>
    <trkpt lat="41.837792" lon="-3.014676">
      <ele>1081.7</ele>
    </trkpt>
    <trkpt lat="41.83785" lon="-3.014939">
      <ele>1081.3</ele>
    </trkpt>
    <trkpt lat="41.837975" lon="-3.015327">
      <ele>1080.8</ele>
    </trkpt>
    <trkpt lat="41.838177" lon="-3.015719">
      <ele>1080.2</ele>
    </trkpt>
    <trkpt lat="41.838296" lon="-3.015936">
      <ele>1079.8</ele>
    </trkpt>
    <trkpt lat="41.838595" lon="-3.016477">
      <ele>1078.8</ele>
    </trkpt>
    <trkpt lat="41.839032" lon="-3.017281">
      <ele>1077.1</ele>
    </trkpt>
    <trkpt lat="41.839182" lon="-3.017641">
      <ele>1076.3</ele>
    </trkpt>
    <trkpt lat="41.839238" lon="-3.017797">
      <ele>1076</ele>
    </trkpt>
    <trkpt lat="41.839379" lon="-3.017879">
      <ele>1075.6</ele>
    </trkpt>
    <trkpt lat="41.839429" lon="-3.017974">
      <ele>1075.5</ele>
    </trkpt>
    <trkpt lat="41.839507" lon="-3.018167">
      <ele>1075.1</ele>
    </trkpt>
    <trkpt lat="41.839547" lon="-3.018346">
      <ele>1074.9</ele>
    </trkpt>
    <trkpt lat="41.839605" lon="-3.019363">
      <ele>1073.5</ele>
    </trkpt>
    <trkpt lat="41.839557" lon="-3.019789">
      <ele>1072.9</ele>
    </trkpt>
    <trkpt lat="41.839784" lon="-3.021539">
      <ele>1070.4</ele>
    </trkpt>
    <trkpt lat="41.840111" lon="-3.024054">
      <ele>1067.4</ele>
    </trkpt>
    <trkpt lat="41.840133" lon="-3.024525">
      <ele>1066.9</ele>
    </trkpt>
    <trkpt lat="41.840125" lon="-3.02482">
      <ele>1066.6</ele>
    </trkpt>
    <trkpt lat="41.840049" lon="-3.025387">
      <ele>1066.1</ele>
    </trkpt>
    <trkpt lat="41.839663" lon="-3.027319">
      <ele>1064.3</ele>
    </trkpt>
    <trkpt lat="41.83928" lon="-3.029094">
      <ele>1063.2</ele>
    </trkpt>
    <trkpt lat="41.839107" lon="-3.029593">
      <ele>1062.9</ele>
    </trkpt>
    <trkpt lat="41.837937" lon="-3.031736">
      <ele>1060.9</ele>
    </trkpt>
    <trkpt lat="41.83763" lon="-3.032386">
      <ele>1060.4</ele>
    </trkpt>
    <trkpt lat="41.837246" lon="-3.033278">
      <ele>1060.1</ele>
    </trkpt>
    <trkpt lat="41.837059" lon="-3.033879">
      <ele>1059.9</ele>
    </trkpt>
    <trkpt lat="41.836989" lon="-3.034232">
      <ele>1059.8</ele>
    </trkpt>
    <trkpt lat="41.836586" lon="-3.036301">
      <ele>1058.7</ele>
    </trkpt>
    <trkpt lat="41.83643" lon="-3.037237">
      <ele>1058.1</ele>
    </trkpt>
    <trkpt lat="41.836192" lon="-3.039696">
      <ele>1055.9</ele>
    </trkpt>
    <trkpt lat="41.836136" lon="-3.040304">
      <ele>1055.3</ele>
    </trkpt>
    <trkpt lat="41.836069" lon="-3.041026">
      <ele>1054.7</ele>
    </trkpt>
    <trkpt lat="41.836065" lon="-3.041073">
      <ele>1054.6</ele>
    </trkpt>
    <trkpt lat="41.835861" lon="-3.043315">
      <ele>1053.8</ele>
    </trkpt>
    <trkpt lat="41.835769" lon="-3.043825">
      <ele>1053.8</ele>
    </trkpt>
    <trkpt lat="41.835565" lon="-3.044478">
      <ele>1053.8</ele>
    </trkpt>
    <trkpt lat="41.834909" lon="-3.045939">
      <ele>1053.5</ele>
    </trkpt>
    <trkpt lat="41.834691" lon="-3.046549">
      <ele>1052.9</ele>
    </trkpt>
    <trkpt lat="41.834624" lon="-3.046776">
      <ele>1052.6</ele>
    </trkpt>
    <trkpt lat="41.83403" lon="-3.048786">
      <ele>1048.9</ele>
    </trkpt>
    <trkpt lat="41.833498" lon="-3.050638">
      <ele>1046.6</ele>
    </trkpt>
    <trkpt lat="41.833444" lon="-3.0509">
      <ele>1046.3</ele>
    </trkpt>
    <trkpt lat="41.833371" lon="-3.051518">
      <ele>1045.9</ele>
    </trkpt>
    <trkpt lat="41.833264" lon="-3.05312">
      <ele>1045.2</ele>
    </trkpt>
    <trkpt lat="41.833238" lon="-3.053285">
      <ele>1045.1</ele>
    </trkpt>
    <trkpt lat="41.833151" lon="-3.053722">
      <ele>1044.7</ele>
    </trkpt>
    <trkpt lat="41.833118" lon="-3.053848">
      <ele>1044.6</ele>
    </trkpt>
    <trkpt lat="41.832934" lon="-3.054343">
      <ele>1044.1</ele>
    </trkpt>
    <trkpt lat="41.832753" lon="-3.054681">
      <ele>1043.8</ele>
    </trkpt>
    <trkpt lat="41.832309" lon="-3.055299">
      <ele>1042.9</ele>
    </trkpt>
    <trkpt lat="41.832128" lon="-3.055508">
      <ele>1042.7</ele>
    </trkpt>
    <trkpt lat="41.831601" lon="-3.055976">
      <ele>1042.6</ele>
    </trkpt>
    <trkpt lat="41.831428" lon="-3.056246">
      <ele>1042.5</ele>
    </trkpt>
    <trkpt lat="41.831257" lon="-3.056634">
      <ele>1042.2</ele>
    </trkpt>
    <trkpt lat="41.830546" lon="-3.05841">
      <ele>1040.4</ele>
    </trkpt>
    <trkpt lat="41.829845" lon="-3.060164">
      <ele>1039.4</ele>
    </trkpt>
    <trkpt lat="41.82976" lon="-3.06049">
      <ele>1039.3</ele>
    </trkpt>
    <trkpt lat="41.829725" lon="-3.060623">
      <ele>1039.3</ele>
    </trkpt>
    <trkpt lat="41.829603" lon="-3.061473">
      <ele>1039.5</ele>
    </trkpt>
    <trkpt lat="41.829533" lon="-3.062052">
      <ele>1039.5</ele>
    </trkpt>
    <trkpt lat="41.829749" lon="-3.062085">
      <ele>1039.5</ele>
    </trkpt>
    <trkpt lat="41.829633" lon="-3.063055">
      <ele>1039.8</ele>
    </trkpt>
    <trkpt lat="41.829539" lon="-3.063848">
      <ele>1039.3</ele>
    </trkpt>
    <trkpt lat="41.829476" lon="-3.064669">
      <ele>1038.5</ele>
    </trkpt>
    <trkpt lat="41.829475" lon="-3.064718">
      <ele>1038.5</ele>
    </trkpt>
    <trkpt lat="41.829474" lon="-3.064776">
      <ele>1038.4</ele>
    </trkpt>
    <trkpt lat="41.829471" lon="-3.064886">
      <ele>1038.3</ele>
    </trkpt>
    <trkpt lat="41.829422" lon="-3.064925">
      <ele>1038.2</ele>
    </trkpt>
    <trkpt lat="41.829231" lon="-3.064918">
      <ele>1038</ele>
    </trkpt>
    <trkpt lat="41.829207" lon="-3.065222">
      <ele>1037.7</ele>
    </trkpt>
    <trkpt lat="41.82915" lon="-3.065692">
      <ele>1037.5</ele>
    </trkpt>
    <trkpt lat="41.829131" lon="-3.065845">
      <ele>1037.5</ele>
    </trkpt>
    <trkpt lat="41.829111" lon="-3.065993">
      <ele>1037.6</ele>
    </trkpt>
    <trkpt lat="41.829107" lon="-3.06602">
      <ele>1037.6</ele>
    </trkpt>
    <trkpt lat="41.829103" lon="-3.066043">
      <ele>1037.6</ele>
    </trkpt>
    <trkpt lat="41.82909" lon="-3.066121">
      <ele>1037.6</ele>
    </trkpt>
    <trkpt lat="41.829087" lon="-3.066135">
      <ele>1037.7</ele>
    </trkpt>
    <trkpt lat="41.829084" lon="-3.066153">
      <ele>1037.7</ele>
    </trkpt>
    <trkpt lat="41.829065" lon="-3.066257">
      <ele>1037.8</ele>
    </trkpt>
    <trkpt lat="41.829031" lon="-3.066448">
      <ele>1038</ele>
    </trkpt>
    <trkpt lat="41.82899" lon="-3.06666">
      <ele>1038.3</ele>
    </trkpt>
    <trkpt lat="41.828994" lon="-3.066776">
      <ele>1038.5</ele>
    </trkpt>
    <trkpt lat="41.82916" lon="-3.067026">
      <ele>1039.1</ele>
    </trkpt>
    <trkpt lat="41.829276" lon="-3.067177">
      <ele>1039.5</ele>
    </trkpt>
    <trkpt lat="41.829504" lon="-3.067572">
      <ele>1040.5</ele>
    </trkpt>
    <trkpt lat="41.829525" lon="-3.067614">
      <ele>1040.6</ele>
    </trkpt>
    <trkpt lat="41.829865" lon="-3.068235">
      <ele>1041.7</ele>
    </trkpt>
    <trkpt lat="41.82992" lon="-3.068327">
      <ele>1041.8</ele>
    </trkpt>
    <trkpt lat="41.829948" lon="-3.068377">
      <ele>1041.9</ele>
    </trkpt>
    <trkpt lat="41.830072" lon="-3.068591">
      <ele>1042.1</ele>
    </trkpt>
    <trkpt lat="41.830091" lon="-3.068625">
      <ele>1042.1</ele>
    </trkpt>
    <trkpt lat="41.830149" lon="-3.068535">
      <ele>1042.1</ele>
    </trkpt>
    <trkpt lat="41.830286" lon="-3.068198">
      <ele>1041.9</ele>
    </trkpt>
    <trkpt lat="41.830363" lon="-3.067861">
      <ele>1041.7</ele>
    </trkpt>
    <trkpt lat="41.830371" lon="-3.067721">
      <ele>1041.6</ele>
    </trkpt>
    <trkpt lat="41.830404" lon="-3.067037">
      <ele>1041.5</ele>
    </trkpt>
    <trkpt lat="41.830541" lon="-3.067052">
      <ele>1041.6</ele>
    </trkpt>
    <trkpt lat="41.830558" lon="-3.067054">
      <ele>1041.6</ele>
    </trkpt>
    <trkpt lat="41.830673" lon="-3.066999">
      <ele>1041.8</ele>
    </trkpt>
    <trkpt lat="41.830832" lon="-3.06691">
      <ele>1042</ele>
    </trkpt>
    <trkpt lat="41.830946" lon="-3.066874">
      <ele>1042.1</ele>
    </trkpt>
    <trkpt lat="41.830965" lon="-3.067131">
      <ele>1042.4</ele>
    </trkpt>
    <trkpt lat="41.83104" lon="-3.06752">
      <ele>1043</ele>
    </trkpt>
    <trkpt lat="41.831014" lon="-3.067658">
      <ele>1043.2</ele>
    </trkpt>
    <trkpt lat="41.83112" lon="-3.06796">
      <ele>1043.8</ele>
    </trkpt>
    <trkpt lat="41.831461" lon="-3.068936">
      <ele>1045</ele>
    </trkpt>
    <trkpt lat="41.83112" lon="-3.06796">
      <ele>1043.8</ele>
    </trkpt>
    <trkpt lat="41.831014" lon="-3.067658">
      <ele>1043</ele>
    </trkpt>
    <trkpt lat="41.83104" lon="-3.06752">
      <ele>1042.7</ele>
    </trkpt>
    <trkpt lat="41.830965" lon="-3.067131">
      <ele>1041.7</ele>
    </trkpt>
    <trkpt lat="41.830946" lon="-3.066874">
      <ele>1041.1</ele>
    </trkpt>
    <trkpt lat="41.830974" lon="-3.066882">
      <ele>1041</ele>
    </trkpt>
    <trkpt lat="41.831617" lon="-3.067066">
      <ele>1039.5</ele>
    </trkpt>
    <trkpt lat="41.831942" lon="-3.067152">
      <ele>1039</ele>
    </trkpt>
    <trkpt lat="41.832296" lon="-3.067162">
      <ele>1038.9</ele>
    </trkpt>
    <trkpt lat="41.832829" lon="-3.06709">
      <ele>1039.1</ele>
    </trkpt>
    <trkpt lat="41.833282" lon="-3.066988">
      <ele>1039.9</ele>
    </trkpt>
    <trkpt lat="41.833398" lon="-3.066926">
      <ele>1040.1</ele>
    </trkpt>
    <trkpt lat="41.833585" lon="-3.066787">
      <ele>1040.5</ele>
    </trkpt>
    <trkpt lat="41.834263" lon="-3.066483">
      <ele>1042.1</ele>
    </trkpt>
    <trkpt lat="41.834758" lon="-3.066126">
      <ele>1043.5</ele>
    </trkpt>
    <trkpt lat="41.834879" lon="-3.066088">
      <ele>1043.7</ele>
    </trkpt>
    <trkpt lat="41.835358" lon="-3.066155">
      <ele>1044.6</ele>
    </trkpt>
    <trkpt lat="41.835987" lon="-3.066034">
      <ele>1045.3</ele>
    </trkpt>
    <trkpt lat="41.836157" lon="-3.066026">
      <ele>1045.4</ele>
    </trkpt>
    <trkpt lat="41.836714" lon="-3.066164">
      <ele>1045.7</ele>
    </trkpt>
    <trkpt lat="41.83696" lon="-3.066116">
      <ele>1045.9</ele>
    </trkpt>
    <trkpt lat="41.837106" lon="-3.066053">
      <ele>1046.1</ele>
    </trkpt>
    <trkpt lat="41.837136" lon="-3.066018">
      <ele>1046.2</ele>
    </trkpt>
    <trkpt lat="41.837163" lon="-3.065986">
      <ele>1046.2</ele>
    </trkpt>
    <trkpt lat="41.837206" lon="-3.065891">
      <ele>1046.3</ele>
    </trkpt>
    <trkpt lat="41.837226" lon="-3.065787">
      <ele>1046.5</ele>
    </trkpt>
    <trkpt lat="41.837234" lon="-3.065741">
      <ele>1046.5</ele>
    </trkpt>
    <trkpt lat="41.837274" lon="-3.065676">
      <ele>1046.6</ele>
    </trkpt>
    <trkpt lat="41.837346" lon="-3.065559">
      <ele>1046.8</ele>
    </trkpt>
    <trkpt lat="41.837514" lon="-3.065378">
      <ele>1047.1</ele>
    </trkpt>
    <trkpt lat="41.838267" lon="-3.065134">
      <ele>1047.9</ele>
    </trkpt>
    <trkpt lat="41.838407" lon="-3.065113">
      <ele>1048.1</ele>
    </trkpt>
    <trkpt lat="41.839244" lon="-3.065218">
      <ele>1049.2</ele>
    </trkpt>
    <trkpt lat="41.839627" lon="-3.065187">
      <ele>1049.4</ele>
    </trkpt>
    <trkpt lat="41.840072" lon="-3.065153">
      <ele>1049.6</ele>
    </trkpt>
    <trkpt lat="41.840384" lon="-3.065275">
      <ele>1049.8</ele>
    </trkpt>
    <trkpt lat="41.840521" lon="-3.065373">
      <ele>1049.9</ele>
    </trkpt>
    <trkpt lat="41.840677" lon="-3.065545">
      <ele>1050.1</ele>
    </trkpt>
    <trkpt lat="41.840977" lon="-3.066007">
      <ele>1050.4</ele>
    </trkpt>
    <trkpt lat="41.84143" lon="-3.06661">
      <ele>1050.7</ele>
    </trkpt>
    <trkpt lat="41.842101" lon="-3.067042">
      <ele>1051.8</ele>
    </trkpt>
    <trkpt lat="41.842384" lon="-3.06721">
      <ele>1052.4</ele>
    </trkpt>
    <trkpt lat="41.842641" lon="-3.067318">
      <ele>1052.9</ele>
    </trkpt>
    <trkpt lat="41.843389" lon="-3.067449">
      <ele>1054.4</ele>
    </trkpt>
    <trkpt lat="41.843808" lon="-3.067709">
      <ele>1055</ele>
    </trkpt>
    <trkpt lat="41.84433" lon="-3.068081">
      <ele>1055.8</ele>
    </trkpt>
    <trkpt lat="41.84461" lon="-3.068229">
      <ele>1056.2</ele>
    </trkpt>
    <trkpt lat="41.845476" lon="-3.068131">
      <ele>1056.8</ele>
    </trkpt>
    <trkpt lat="41.845611" lon="-3.06813">
      <ele>1056.8</ele>
    </trkpt>
    <trkpt lat="41.845701" lon="-3.068166">
      <ele>1056.9</ele>
    </trkpt>
    <trkpt lat="41.846" lon="-3.06842">
      <ele>1057.1</ele>
    </trkpt>
    <trkpt lat="41.846837" lon="-3.068872">
      <ele>1057.6</ele>
    </trkpt>
    <trkpt lat="41.847392" lon="-3.069517">
      <ele>1058.1</ele>
    </trkpt>
    <trkpt lat="41.847551" lon="-3.069642">
      <ele>1058.2</ele>
    </trkpt>
    <trkpt lat="41.847761" lon="-3.069727">
      <ele>1058.3</ele>
    </trkpt>
    <trkpt lat="41.848955" lon="-3.070026">
      <ele>1058.8</ele>
    </trkpt>
    <trkpt lat="41.849187" lon="-3.070054">
      <ele>1059</ele>
    </trkpt>
    <trkpt lat="41.849451" lon="-3.069982">
      <ele>1059.3</ele>
    </trkpt>
    <trkpt lat="41.850235" lon="-3.069674">
      <ele>1061.1</ele>
    </trkpt>
    <trkpt lat="41.851277" lon="-3.068941">
      <ele>1064.9</ele>
    </trkpt>
    <trkpt lat="41.852262" lon="-3.068187">
      <ele>1065.7</ele>
    </trkpt>
    <trkpt lat="41.852388" lon="-3.068189">
      <ele>1065.5</ele>
    </trkpt>
    <trkpt lat="41.852489" lon="-3.068271">
      <ele>1065.3</ele>
    </trkpt>
    <trkpt lat="41.853151" lon="-3.069344">
      <ele>1064.2</ele>
    </trkpt>
    <trkpt lat="41.85365" lon="-3.070029">
      <ele>1065.8</ele>
    </trkpt>
    <trkpt lat="41.854027" lon="-3.070667">
      <ele>1068.1</ele>
    </trkpt>
    <trkpt lat="41.85514" lon="-3.072715">
      <ele>1074.1</ele>
    </trkpt>
    <trkpt lat="41.856056" lon="-3.073891">
      <ele>1078.1</ele>
    </trkpt>
    <trkpt lat="41.85689" lon="-3.074946">
      <ele>1081.6</ele>
    </trkpt>
    <trkpt lat="41.858127" lon="-3.076595">
      <ele>1085.7</ele>
    </trkpt>
    <trkpt lat="41.85873" lon="-3.077591">
      <ele>1087.7</ele>
    </trkpt>
    <trkpt lat="41.858917" lon="-3.077838">
      <ele>1088.2</ele>
    </trkpt>
    <trkpt lat="41.859395" lon="-3.078379">
      <ele>1089.4</ele>
    </trkpt>
    <trkpt lat="41.860203" lon="-3.079407">
      <ele>1091.4</ele>
    </trkpt>
    <trkpt lat="41.861211" lon="-3.080448">
      <ele>1093.3</ele>
    </trkpt>
    <trkpt lat="41.861988" lon="-3.081383">
      <ele>1094.4</ele>
    </trkpt>
    <trkpt lat="41.862218" lon="-3.081612">
      <ele>1094.7</ele>
    </trkpt>
    <trkpt lat="41.8631" lon="-3.082277">
      <ele>1096.1</ele>
    </trkpt>
    <trkpt lat="41.863768" lon="-3.082899">
      <ele>1098.2</ele>
    </trkpt>
    <trkpt lat="41.863962" lon="-3.083024">
      <ele>1098.8</ele>
    </trkpt>
    <trkpt lat="41.864571" lon="-3.08325">
      <ele>1100.9</ele>
    </trkpt>
    <trkpt lat="41.864826" lon="-3.083379">
      <ele>1102.1</ele>
    </trkpt>
    <trkpt lat="41.865084" lon="-3.083625">
      <ele>1103.5</ele>
    </trkpt>
    <trkpt lat="41.865409" lon="-3.084014">
      <ele>1105.6</ele>
    </trkpt>
    <trkpt lat="41.866243" lon="-3.0849">
      <ele>1111.1</ele>
    </trkpt>
    <trkpt lat="41.866379" lon="-3.085172">
      <ele>1112.4</ele>
    </trkpt>
    <trkpt lat="41.866505" lon="-3.085719">
      <ele>1114.7</ele>
    </trkpt>
    <trkpt lat="41.866587" lon="-3.085962">
      <ele>1115.7</ele>
    </trkpt>
    <trkpt lat="41.867174" lon="-3.08715">
      <ele>1121.6</ele>
    </trkpt>
    <trkpt lat="41.86754" lon="-3.087618">
      <ele>1124.5</ele>
    </trkpt>
    <trkpt lat="41.867863" lon="-3.087986">
      <ele>1127</ele>
    </trkpt>
    <trkpt lat="41.868009" lon="-3.08811">
      <ele>1128.1</ele>
    </trkpt>
    <trkpt lat="41.868952" lon="-3.088667">
      <ele>1135.1</ele>
    </trkpt>
    <trkpt lat="41.869645" lon="-3.089352">
      <ele>1142</ele>
    </trkpt>
    <trkpt lat="41.869924" lon="-3.08959">
      <ele>1144.7</ele>
    </trkpt>
    <trkpt lat="41.870156" lon="-3.089654">
      <ele>1146.5</ele>
    </trkpt>
    <trkpt lat="41.870961" lon="-3.089499">
      <ele>1152.5</ele>
    </trkpt>
    <trkpt lat="41.871403" lon="-3.089449">
      <ele>1155.4</ele>
    </trkpt>
    <trkpt lat="41.871784" lon="-3.089452">
      <ele>1157.7</ele>
    </trkpt>
    <trkpt lat="41.872936" lon="-3.089717">
      <ele>1165.7</ele>
    </trkpt>
    <trkpt lat="41.874053" lon="-3.090085">
      <ele>1173.3</ele>
    </trkpt>
    <trkpt lat="41.874125" lon="-3.090136">
      <ele>1173.8</ele>
    </trkpt>
    <trkpt lat="41.87422" lon="-3.090237">
      <ele>1174.5</ele>
    </trkpt>
    <trkpt lat="41.8743" lon="-3.09038">
      <ele>1175.2</ele>
    </trkpt>
    <trkpt lat="41.874332" lon="-3.090519">
      <ele>1175.8</ele>
    </trkpt>
    <trkpt lat="41.874302" lon="-3.090854">
      <ele>1177</ele>
    </trkpt>
    <trkpt lat="41.874201" lon="-3.091224">
      <ele>1178.3</ele>
    </trkpt>
    <trkpt lat="41.874224" lon="-3.091587">
      <ele>1179.4</ele>
    </trkpt>
    <trkpt lat="41.874304" lon="-3.091774">
      <ele>1180.1</ele>
    </trkpt>
    <trkpt lat="41.8744" lon="-3.091916">
      <ele>1180.6</ele>
    </trkpt>
    <trkpt lat="41.874496" lon="-3.091997">
      <ele>1181</ele>
    </trkpt>
    <trkpt lat="41.874897" lon="-3.092151">
      <ele>1182.4</ele>
    </trkpt>
    <trkpt lat="41.875174" lon="-3.092222">
      <ele>1183.4</ele>
    </trkpt>
    <trkpt lat="41.875441" lon="-3.092342">
      <ele>1184.4</ele>
    </trkpt>
    <trkpt lat="41.875824" lon="-3.092477">
      <ele>1185.7</ele>
    </trkpt>
    <trkpt lat="41.876165" lon="-3.092598">
      <ele>1186.6</ele>
    </trkpt>
    <trkpt lat="41.876506" lon="-3.092816">
      <ele>1187</ele>
    </trkpt>
    <trkpt lat="41.877224" lon="-3.093268">
      <ele>1186.4</ele>
    </trkpt>
    <trkpt lat="41.881778" lon="-3.095465">
      <ele>1164.2</ele>
    </trkpt>
    <trkpt lat="41.882338" lon="-3.09576">
      <ele>1162.1</ele>
    </trkpt>
    <trkpt lat="41.882456" lon="-3.095849">
      <ele>1161.7</ele>
    </trkpt>
    <trkpt lat="41.882545" lon="-3.095843">
      <ele>1161.4</ele>
    </trkpt>
    <trkpt lat="41.884286" lon="-3.095599">
      <ele>1157.2</ele>
    </trkpt>
    <trkpt lat="41.884504" lon="-3.095462">
      <ele>1156.7</ele>
    </trkpt>
    <trkpt lat="41.885378" lon="-3.094593">
      <ele>1154.3</ele>
    </trkpt>
    <trkpt lat="41.885514" lon="-3.094492">
      <ele>1154.1</ele>
    </trkpt>
    <trkpt lat="41.88568" lon="-3.094412">
      <ele>1153.7</ele>
    </trkpt>
    <trkpt lat="41.8886" lon="-3.093443">
      <ele>1147.1</ele>
    </trkpt>
    <trkpt lat="41.888735" lon="-3.093382">
      <ele>1146.8</ele>
    </trkpt>
    <trkpt lat="41.890333" lon="-3.092354">
      <ele>1143.9</ele>
    </trkpt>
    <trkpt lat="41.890541" lon="-3.092266">
      <ele>1143.7</ele>
    </trkpt>
    <trkpt lat="41.890514" lon="-3.091526">
      <ele>1143.2</ele>
    </trkpt>
    <trkpt lat="41.89051" lon="-3.091299">
      <ele>1143</ele>
    </trkpt>
    <trkpt lat="41.890487" lon="-3.091027">
      <ele>1142.8</ele>
    </trkpt>
    <trkpt lat="41.890511" lon="-3.090804">
      <ele>1142.6</ele>
    </trkpt>
    <trkpt lat="41.890547" lon="-3.090718">
      <ele>1142.6</ele>
    </trkpt>
    <trkpt lat="41.890675" lon="-3.090573">
      <ele>1142.4</ele>
    </trkpt>
    <trkpt lat="41.8908" lon="-3.090505">
      <ele>1142.2</ele>
    </trkpt>
    <trkpt lat="41.891398" lon="-3.090322">
      <ele>1141.7</ele>
    </trkpt>
    <trkpt lat="41.892096" lon="-3.090275">
      <ele>1142.4</ele>
    </trkpt>
    <trkpt lat="41.892265" lon="-3.090143">
      <ele>1143</ele>
    </trkpt>
    <trkpt lat="41.892319" lon="-3.090067">
      <ele>1143.3</ele>
    </trkpt>
    <trkpt lat="41.892375" lon="-3.089824">
      <ele>1144.1</ele>
    </trkpt>
    <trkpt lat="41.892371" lon="-3.089394">
      <ele>1145.7</ele>
    </trkpt>
    <trkpt lat="41.892431" lon="-3.089066">
      <ele>1147.2</ele>
    </trkpt>
    <trkpt lat="41.892547" lon="-3.088833">
      <ele>1148.6</ele>
    </trkpt>
    <trkpt lat="41.892712" lon="-3.088584">
      <ele>1150.1</ele>
    </trkpt>
    <trkpt lat="41.892867" lon="-3.08836">
      <ele>1151.4</ele>
    </trkpt>
    <trkpt lat="41.89304" lon="-3.088183">
      <ele>1152.3</ele>
    </trkpt>
    <trkpt lat="41.89356" lon="-3.087796">
      <ele>1153.5</ele>
    </trkpt>
    <trkpt lat="41.893669" lon="-3.087602">
      <ele>1153.4</ele>
    </trkpt>
    <trkpt lat="41.893694" lon="-3.087369">
      <ele>1153.2</ele>
    </trkpt>
    <trkpt lat="41.893597" lon="-3.08671">
      <ele>1151.7</ele>
    </trkpt>
    <trkpt lat="41.893762" lon="-3.085921">
      <ele>1149.1</ele>
    </trkpt>
    <trkpt lat="41.893756" lon="-3.085565">
      <ele>1147.8</ele>
    </trkpt>
    <trkpt lat="41.893778" lon="-3.085412">
      <ele>1147.3</ele>
    </trkpt>
    <trkpt lat="41.893869" lon="-3.085198">
      <ele>1146.5</ele>
    </trkpt>
    <trkpt lat="41.893997" lon="-3.085074">
      <ele>1145.8</ele>
    </trkpt>
    <trkpt lat="41.894129" lon="-3.085086">
      <ele>1145.3</ele>
    </trkpt>
    <trkpt lat="41.894867" lon="-3.08548">
      <ele>1143.3</ele>
    </trkpt>
    <trkpt lat="41.89545" lon="-3.086224">
      <ele>1141.8</ele>
    </trkpt>
    <trkpt lat="41.895749" lon="-3.086449">
      <ele>1141.3</ele>
    </trkpt>
    <trkpt lat="41.895978" lon="-3.086546">
      <ele>1141.1</ele>
    </trkpt>
    <trkpt lat="41.896233" lon="-3.086525">
      <ele>1140.8</ele>
    </trkpt>
    <trkpt lat="41.896766" lon="-3.086407">
      <ele>1140.6</ele>
    </trkpt>
    <trkpt lat="41.897731" lon="-3.086426">
      <ele>1142.1</ele>
    </trkpt>
    <trkpt lat="41.897922" lon="-3.08633">
      <ele>1142.5</ele>
    </trkpt>
    <trkpt lat="41.898012" lon="-3.086215">
      <ele>1142.7</ele>
    </trkpt>
    <trkpt lat="41.898078" lon="-3.086065">
      <ele>1142.9</ele>
    </trkpt>
    <trkpt lat="41.898166" lon="-3.085965">
      <ele>1143.1</ele>
    </trkpt>
    <trkpt lat="41.898311" lon="-3.08593">
      <ele>1143.4</ele>
    </trkpt>
    <trkpt lat="41.898402" lon="-3.08597">
      <ele>1143.5</ele>
    </trkpt>
    <trkpt lat="41.89845" lon="-3.086024">
      <ele>1143.6</ele>
    </trkpt>
    <trkpt lat="41.898613" lon="-3.086318">
      <ele>1144.1</ele>
    </trkpt>
    <trkpt lat="41.898667" lon="-3.086368">
      <ele>1144.2</ele>
    </trkpt>
    <trkpt lat="41.898887" lon="-3.086465">
      <ele>1144.5</ele>
    </trkpt>
    <trkpt lat="41.899086" lon="-3.086444">
      <ele>1144.8</ele>
    </trkpt>
    <trkpt lat="41.899694" lon="-3.086213">
      <ele>1145.3</ele>
    </trkpt>
    <trkpt lat="41.899808" lon="-3.086067">
      <ele>1145.4</ele>
    </trkpt>
    <trkpt lat="41.900039" lon="-3.085521">
      <ele>1145.2</ele>
    </trkpt>
    <trkpt lat="41.900233" lon="-3.085259">
      <ele>1144.6</ele>
    </trkpt>
    <trkpt lat="41.90035" lon="-3.085162">
      <ele>1144.2</ele>
    </trkpt>
    <trkpt lat="41.900504" lon="-3.085132">
      <ele>1143.7</ele>
    </trkpt>
    <trkpt lat="41.900569" lon="-3.085153">
      <ele>1143.4</ele>
    </trkpt>
    <trkpt lat="41.900794" lon="-3.085345">
      <ele>1142.1</ele>
    </trkpt>
    <trkpt lat="41.900886" lon="-3.085434">
      <ele>1141.5</ele>
    </trkpt>
    <trkpt lat="41.901047" lon="-3.085528">
      <ele>1140.5</ele>
    </trkpt>
    <trkpt lat="41.901176" lon="-3.085524">
      <ele>1139.7</ele>
    </trkpt>
    <trkpt lat="41.901658" lon="-3.08529">
      <ele>1136.5</ele>
    </trkpt>
    <trkpt lat="41.90189" lon="-3.085143">
      <ele>1134.9</ele>
    </trkpt>
    <trkpt lat="41.901978" lon="-3.084958">
      <ele>1134</ele>
    </trkpt>
    <trkpt lat="41.901956" lon="-3.084765">
      <ele>1133.2</ele>
    </trkpt>
    <trkpt lat="41.901871" lon="-3.084633">
      <ele>1132.5</ele>
    </trkpt>
    <trkpt lat="41.901696" lon="-3.084513">
      <ele>1131.6</ele>
    </trkpt>
    <trkpt lat="41.901586" lon="-3.084369">
      <ele>1130.9</ele>
    </trkpt>
    <trkpt lat="41.901563" lon="-3.084294">
      <ele>1130.6</ele>
    </trkpt>
    <trkpt lat="41.90156" lon="-3.084092">
      <ele>1130</ele>
    </trkpt>
    <trkpt lat="41.901612" lon="-3.083922">
      <ele>1129.5</ele>
    </trkpt>
    <trkpt lat="41.901729" lon="-3.083805">
      <ele>1128.9</ele>
    </trkpt>
    <trkpt lat="41.901789" lon="-3.083775">
      <ele>1128.7</ele>
    </trkpt>
    <trkpt lat="41.902044" lon="-3.083779">
      <ele>1127.8</ele>
    </trkpt>
    <trkpt lat="41.902201" lon="-3.083771">
      <ele>1127.3</ele>
    </trkpt>
    <trkpt lat="41.902262" lon="-3.083736">
      <ele>1127</ele>
    </trkpt>
    <trkpt lat="41.902865" lon="-3.083071">
      <ele>1124.5</ele>
    </trkpt>
    <trkpt lat="41.903089" lon="-3.082903">
      <ele>1123.9</ele>
    </trkpt>
    <trkpt lat="41.903428" lon="-3.082852">
      <ele>1123.4</ele>
    </trkpt>
    <trkpt lat="41.903843" lon="-3.082848">
      <ele>1123</ele>
    </trkpt>
    <trkpt lat="41.904013" lon="-3.082934">
      <ele>1122.9</ele>
    </trkpt>
    <trkpt lat="41.904073" lon="-3.083013">
      <ele>1122.9</ele>
    </trkpt>
    <trkpt lat="41.904517" lon="-3.084379">
      <ele>1124.3</ele>
    </trkpt>
    <trkpt lat="41.904583" lon="-3.084591">
      <ele>1124.7</ele>
    </trkpt>
    <trkpt lat="41.904811" lon="-3.085251">
      <ele>1125.6</ele>
    </trkpt>
    <trkpt lat="41.904883" lon="-3.085401">
      <ele>1125.8</ele>
    </trkpt>
    <trkpt lat="41.905049" lon="-3.085557">
      <ele>1126</ele>
    </trkpt>
    <trkpt lat="41.906094" lon="-3.085758">
      <ele>1126.5</ele>
    </trkpt>
    <trkpt lat="41.907385" lon="-3.085755">
      <ele>1128.4</ele>
    </trkpt>
    <trkpt lat="41.907494" lon="-3.085793">
      <ele>1128.9</ele>
    </trkpt>
    <trkpt lat="41.907594" lon="-3.085888">
      <ele>1129.4</ele>
    </trkpt>
    <trkpt lat="41.908272" lon="-3.087394">
      <ele>1138.6</ele>
    </trkpt>
    <trkpt lat="41.908368" lon="-3.087675">
      <ele>1140.1</ele>
    </trkpt>
    <trkpt lat="41.90844" lon="-3.088083">
      <ele>1141.8</ele>
    </trkpt>
    <trkpt lat="41.908477" lon="-3.088184">
      <ele>1142.1</ele>
    </trkpt>
    <trkpt lat="41.908597" lon="-3.08831">
      <ele>1142.7</ele>
    </trkpt>
    <trkpt lat="41.908666" lon="-3.08833">
      <ele>1143</ele>
    </trkpt>
    <trkpt lat="41.908767" lon="-3.0883">
      <ele>1143.3</ele>
    </trkpt>
    <trkpt lat="41.908825" lon="-3.088247">
      <ele>1143.5</ele>
    </trkpt>
    <trkpt lat="41.908864" lon="-3.088157">
      <ele>1143.7</ele>
    </trkpt>
    <trkpt lat="41.908932" lon="-3.087219">
      <ele>1144.7</ele>
    </trkpt>
    <trkpt lat="41.908849" lon="-3.086378">
      <ele>1145.9</ele>
    </trkpt>
    <trkpt lat="41.908855" lon="-3.086204">
      <ele>1146.3</ele>
    </trkpt>
    <trkpt lat="41.90889" lon="-3.086066">
      <ele>1146.8</ele>
    </trkpt>
    <trkpt lat="41.90895" lon="-3.085965">
      <ele>1147.2</ele>
    </trkpt>
    <trkpt lat="41.909025" lon="-3.085894">
      <ele>1147.7</ele>
    </trkpt>
    <trkpt lat="41.90917" lon="-3.08587">
      <ele>1148.5</ele>
    </trkpt>
    <trkpt lat="41.909272" lon="-3.085905">
      <ele>1149.1</ele>
    </trkpt>
    <trkpt lat="41.909352" lon="-3.085992">
      <ele>1149.8</ele>
    </trkpt>
    <trkpt lat="41.91015" lon="-3.087374">
      <ele>1160.5</ele>
    </trkpt>
    <trkpt lat="41.910227" lon="-3.087471">
      <ele>1161.4</ele>
    </trkpt>
    <trkpt lat="41.910415" lon="-3.087575">
      <ele>1163.1</ele>
    </trkpt>
    <trkpt lat="41.910664" lon="-3.087612">
      <ele>1165.1</ele>
    </trkpt>
    <trkpt lat="41.910861" lon="-3.087728">
      <ele>1166.8</ele>
    </trkpt>
    <trkpt lat="41.910978" lon="-3.087895">
      <ele>1168</ele>
    </trkpt>
    <trkpt lat="41.911124" lon="-3.088324">
      <ele>1170.6</ele>
    </trkpt>
    <trkpt lat="41.911251" lon="-3.088529">
      <ele>1171.9</ele>
    </trkpt>
    <trkpt lat="41.912076" lon="-3.089123">
      <ele>1176.2</ele>
    </trkpt>
    <trkpt lat="41.91225" lon="-3.08922">
      <ele>1176.5</ele>
    </trkpt>
    <trkpt lat="41.912334" lon="-3.089226">
      <ele>1176.6</ele>
    </trkpt>
    <trkpt lat="41.912701" lon="-3.089125">
      <ele>1176.7</ele>
    </trkpt>
    <trkpt lat="41.913394" lon="-3.089281">
      <ele>1175.3</ele>
    </trkpt>
    <trkpt lat="41.913477" lon="-3.089278">
      <ele>1175.1</ele>
    </trkpt>
    <trkpt lat="41.913621" lon="-3.089202">
      <ele>1174.7</ele>
    </trkpt>
    <trkpt lat="41.913793" lon="-3.089043">
      <ele>1174.2</ele>
    </trkpt>
    <trkpt lat="41.914299" lon="-3.088372">
      <ele>1173.4</ele>
    </trkpt>
    <trkpt lat="41.914752" lon="-3.087538">
      <ele>1174.7</ele>
    </trkpt>
    <trkpt lat="41.914851" lon="-3.087442">
      <ele>1175.2</ele>
    </trkpt>
    <trkpt lat="41.915312" lon="-3.087143">
      <ele>1177.8</ele>
    </trkpt>
    <trkpt lat="41.91564" lon="-3.086698">
      <ele>1180.8</ele>
    </trkpt>
    <trkpt lat="41.915724" lon="-3.086637">
      <ele>1181.5</ele>
    </trkpt>
    <trkpt lat="41.915848" lon="-3.086648">
      <ele>1182.4</ele>
    </trkpt>
    <trkpt lat="41.915892" lon="-3.08668">
      <ele>1182.8</ele>
    </trkpt>
    <trkpt lat="41.916033" lon="-3.086905">
      <ele>1184.4</ele>
    </trkpt>
    <trkpt lat="41.916277" lon="-3.087174">
      <ele>1186.7</ele>
    </trkpt>
    <trkpt lat="41.917132" lon="-3.087942">
      <ele>1193.9</ele>
    </trkpt>
    <trkpt lat="41.917358" lon="-3.088059">
      <ele>1195.4</ele>
    </trkpt>
    <trkpt lat="41.917486" lon="-3.088055">
      <ele>1196.2</ele>
    </trkpt>
    <trkpt lat="41.917555" lon="-3.088018">
      <ele>1196.6</ele>
    </trkpt>
    <trkpt lat="41.91804" lon="-3.08739">
      <ele>1200.4</ele>
    </trkpt>
    <trkpt lat="41.918415" lon="-3.087051">
      <ele>1203</ele>
    </trkpt>
    <trkpt lat="41.918533" lon="-3.086976">
      <ele>1203.8</ele>
    </trkpt>
    <trkpt lat="41.918712" lon="-3.086933">
      <ele>1205</ele>
    </trkpt>
    <trkpt lat="41.918897" lon="-3.086963">
      <ele>1206.1</ele>
    </trkpt>
    <trkpt lat="41.919228" lon="-3.087189">
      <ele>1208.3</ele>
    </trkpt>
    <trkpt lat="41.919286" lon="-3.087203">
      <ele>1208.7</ele>
    </trkpt>
    <trkpt lat="41.91946" lon="-3.087157">
      <ele>1209.7</ele>
    </trkpt>
    <trkpt lat="41.919607" lon="-3.087055">
      <ele>1210.7</ele>
    </trkpt>
    <trkpt lat="41.920156" lon="-3.086683">
      <ele>1213.5</ele>
    </trkpt>
    <trkpt lat="41.920458" lon="-3.086511">
      <ele>1214.4</ele>
    </trkpt>
    <trkpt lat="41.920678" lon="-3.086479">
      <ele>1214.8</ele>
    </trkpt>
    <trkpt lat="41.920807" lon="-3.086522">
      <ele>1214.9</ele>
    </trkpt>
    <trkpt lat="41.921" lon="-3.086634">
      <ele>1215</ele>
    </trkpt>
    <trkpt lat="41.921177" lon="-3.086813">
      <ele>1215.2</ele>
    </trkpt>
    <trkpt lat="41.921466" lon="-3.087597">
      <ele>1215.9</ele>
    </trkpt>
    <trkpt lat="41.921596" lon="-3.08783">
      <ele>1216.5</ele>
    </trkpt>
    <trkpt lat="41.922054" lon="-3.088156">
      <ele>1218.6</ele>
    </trkpt>
    <trkpt lat="41.922226" lon="-3.088241">
      <ele>1219.6</ele>
    </trkpt>
    <trkpt lat="41.922523" lon="-3.088323">
      <ele>1221.5</ele>
    </trkpt>
    <trkpt lat="41.923135" lon="-3.088385">
      <ele>1226</ele>
    </trkpt>
    <trkpt lat="41.923775" lon="-3.088148">
      <ele>1230.9</ele>
    </trkpt>
    <trkpt lat="41.923985" lon="-3.088128">
      <ele>1232.4</ele>
    </trkpt>
    <trkpt lat="41.924598" lon="-3.088216">
      <ele>1236.5</ele>
    </trkpt>
    <trkpt lat="41.924954" lon="-3.088377">
      <ele>1238.9</ele>
    </trkpt>
    <trkpt lat="41.925143" lon="-3.088363">
      <ele>1240.1</ele>
    </trkpt>
    <trkpt lat="41.925476" lon="-3.088227">
      <ele>1242.1</ele>
    </trkpt>
    <trkpt lat="41.925663" lon="-3.088191">
      <ele>1243.2</ele>
    </trkpt>
    <trkpt lat="41.926267" lon="-3.088376">
      <ele>1246.8</ele>
    </trkpt>
    <trkpt lat="41.926627" lon="-3.088454">
      <ele>1248.9</ele>
    </trkpt>
    <trkpt lat="41.926801" lon="-3.088458">
      <ele>1250</ele>
    </trkpt>
    <trkpt lat="41.927433" lon="-3.088379">
      <ele>1253.8</ele>
    </trkpt>
    <trkpt lat="41.927509" lon="-3.088395">
      <ele>1254.2</ele>
    </trkpt>
    <trkpt lat="41.927622" lon="-3.08844">
      <ele>1255</ele>
    </trkpt>
    <trkpt lat="41.927949" lon="-3.088665">
      <ele>1257.5</ele>
    </trkpt>
    <trkpt lat="41.928063" lon="-3.088766">
      <ele>1258.4</ele>
    </trkpt>
    <trkpt lat="41.928427" lon="-3.089253">
      <ele>1261.8</ele>
    </trkpt>
    <trkpt lat="41.928734" lon="-3.089443">
      <ele>1263.9</ele>
    </trkpt>
    <trkpt lat="41.928805" lon="-3.089523">
      <ele>1264.4</ele>
    </trkpt>
    <trkpt lat="41.92901" lon="-3.089911">
      <ele>1265.6</ele>
    </trkpt>
    <trkpt lat="41.929101" lon="-3.090093">
      <ele>1266</ele>
    </trkpt>
    <trkpt lat="41.929249" lon="-3.090229">
      <ele>1266.2</ele>
    </trkpt>
    <trkpt lat="41.929262" lon="-3.090231">
      <ele>1266.2</ele>
    </trkpt>
    <trkpt lat="41.929332" lon="-3.090243">
      <ele>1266.2</ele>
    </trkpt>
    <trkpt lat="41.929492" lon="-3.090185">
      <ele>1266.1</ele>
    </trkpt>
    <trkpt lat="41.929912" lon="-3.089944">
      <ele>1265</ele>
    </trkpt>
    <trkpt lat="41.930179" lon="-3.08949">
      <ele>1262.9</ele>
    </trkpt>
    <trkpt lat="41.930478" lon="-3.089292">
      <ele>1260.6</ele>
    </trkpt>
    <trkpt lat="41.930533" lon="-3.089228">
      <ele>1260.1</ele>
    </trkpt>
    <trkpt lat="41.930574" lon="-3.089089">
      <ele>1259.4</ele>
    </trkpt>
    <trkpt lat="41.930572" lon="-3.088985">
      <ele>1258.9</ele>
    </trkpt>
    <trkpt lat="41.930483" lon="-3.088701">
      <ele>1257.3</ele>
    </trkpt>
    <trkpt lat="41.930461" lon="-3.088529">
      <ele>1256.5</ele>
    </trkpt>
    <trkpt lat="41.930581" lon="-3.088225">
      <ele>1254.7</ele>
    </trkpt>
    <trkpt lat="41.9306" lon="-3.087737">
      <ele>1252.2</ele>
    </trkpt>
    <trkpt lat="41.930695" lon="-3.087548">
      <ele>1251</ele>
    </trkpt>
    <trkpt lat="41.931074" lon="-3.087067">
      <ele>1247.2</ele>
    </trkpt>
    <trkpt lat="41.931151" lon="-3.08701">
      <ele>1246.6</ele>
    </trkpt>
    <trkpt lat="41.931292" lon="-3.087032">
      <ele>1245.5</ele>
    </trkpt>
    <trkpt lat="41.931396" lon="-3.087209">
      <ele>1244.3</ele>
    </trkpt>
    <trkpt lat="41.931807" lon="-3.088403">
      <ele>1236.4</ele>
    </trkpt>
    <trkpt lat="41.93186" lon="-3.088525">
      <ele>1235.5</ele>
    </trkpt>
    <trkpt lat="41.931931" lon="-3.088616">
      <ele>1234.7</ele>
    </trkpt>
    <trkpt lat="41.932098" lon="-3.088723">
      <ele>1233.1</ele>
    </trkpt>
    <trkpt lat="41.93247" lon="-3.088799">
      <ele>1230</ele>
    </trkpt>
    <trkpt lat="41.932602" lon="-3.088799">
      <ele>1229</ele>
    </trkpt>
    <trkpt lat="41.932781" lon="-3.088741">
      <ele>1227.5</ele>
    </trkpt>
    <trkpt lat="41.933133" lon="-3.088511">
      <ele>1224.6</ele>
    </trkpt>
    <trkpt lat="41.933861" lon="-3.08745">
      <ele>1219.1</ele>
    </trkpt>
    <trkpt lat="41.934027" lon="-3.087086">
      <ele>1217.9</ele>
    </trkpt>
    <trkpt lat="41.934313" lon="-3.085874">
      <ele>1213</ele>
    </trkpt>
    <trkpt lat="41.934409" lon="-3.085742">
      <ele>1212.1</ele>
    </trkpt>
    <trkpt lat="41.934487" lon="-3.085693">
      <ele>1211.4</ele>
    </trkpt>
    <trkpt lat="41.934753" lon="-3.085619">
      <ele>1209.3</ele>
    </trkpt>
    <trkpt lat="41.934966" lon="-3.085672">
      <ele>1207.5</ele>
    </trkpt>
    <trkpt lat="41.935094" lon="-3.085776">
      <ele>1206.2</ele>
    </trkpt>
    <trkpt lat="41.935541" lon="-3.086405">
      <ele>1201</ele>
    </trkpt>
    <trkpt lat="41.935636" lon="-3.08646">
      <ele>1200.3</ele>
    </trkpt>
    <trkpt lat="41.935875" lon="-3.086465">
      <ele>1198.9</ele>
    </trkpt>
    <trkpt lat="41.936995" lon="-3.086355">
      <ele>1194.1</ele>
    </trkpt>
    <trkpt lat="41.937137" lon="-3.086388">
      <ele>1193.6</ele>
    </trkpt>
    <trkpt lat="41.937411" lon="-3.086545">
      <ele>1192.6</ele>
    </trkpt>
    <trkpt lat="41.937922" lon="-3.086816">
      <ele>1191.3</ele>
    </trkpt>
    <trkpt lat="41.938129" lon="-3.086874">
      <ele>1191</ele>
    </trkpt>
    <trkpt lat="41.938845" lon="-3.086866">
      <ele>1190.8</ele>
    </trkpt>
    <trkpt lat="41.939027" lon="-3.086807">
      <ele>1191</ele>
    </trkpt>
    <trkpt lat="41.93916" lon="-3.08671">
      <ele>1191.2</ele>
    </trkpt>
    <trkpt lat="41.939766" lon="-3.08617">
      <ele>1191.7</ele>
    </trkpt>
    <trkpt lat="41.940283" lon="-3.085613">
      <ele>1191.3</ele>
    </trkpt>
    <trkpt lat="41.940467" lon="-3.085463">
      <ele>1190.9</ele>
    </trkpt>
    <trkpt lat="41.940657" lon="-3.085374">
      <ele>1190.6</ele>
    </trkpt>
    <trkpt lat="41.941175" lon="-3.085294">
      <ele>1190.2</ele>
    </trkpt>
    <trkpt lat="41.941405" lon="-3.085152">
      <ele>1190.5</ele>
    </trkpt>
    <trkpt lat="41.941654" lon="-3.084733">
      <ele>1191.5</ele>
    </trkpt>
    <trkpt lat="41.941735" lon="-3.084406">
      <ele>1191.9</ele>
    </trkpt>
    <trkpt lat="41.941761" lon="-3.084207">
      <ele>1192.1</ele>
    </trkpt>
    <trkpt lat="41.941828" lon="-3.084003">
      <ele>1192.2</ele>
    </trkpt>
    <trkpt lat="41.942096" lon="-3.08362">
      <ele>1192</ele>
    </trkpt>
    <trkpt lat="41.942134" lon="-3.083572">
      <ele>1191.9</ele>
    </trkpt>
    <trkpt lat="41.943394" lon="-3.081768">
      <ele>1177</ele>
    </trkpt>
    <trkpt lat="41.943578" lon="-3.081628">
      <ele>1174.8</ele>
    </trkpt>
    <trkpt lat="41.944453" lon="-3.081109">
      <ele>1166.5</ele>
    </trkpt>
    <trkpt lat="41.944566" lon="-3.081052">
      <ele>1165.6</ele>
    </trkpt>
    <trkpt lat="41.944714" lon="-3.081026">
      <ele>1164.6</ele>
    </trkpt>
    <trkpt lat="41.944851" lon="-3.081101">
      <ele>1163.5</ele>
    </trkpt>
    <trkpt lat="41.945364" lon="-3.08164">
      <ele>1158.8</ele>
    </trkpt>
    <trkpt lat="41.945494" lon="-3.081661">
      <ele>1157.9</ele>
    </trkpt>
    <trkpt lat="41.945592" lon="-3.081583">
      <ele>1157</ele>
    </trkpt>
    <trkpt lat="41.945919" lon="-3.080891">
      <ele>1152.1</ele>
    </trkpt>
    <trkpt lat="41.946011" lon="-3.080745">
      <ele>1150.9</ele>
    </trkpt>
    <trkpt lat="41.946108" lon="-3.080661">
      <ele>1149.9</ele>
    </trkpt>
    <trkpt lat="41.946546" lon="-3.080448">
      <ele>1145.9</ele>
    </trkpt>
    <trkpt lat="41.946807" lon="-3.080312">
      <ele>1143.8</ele>
    </trkpt>
    <trkpt lat="41.946974" lon="-3.080193">
      <ele>1142.5</ele>
    </trkpt>
    <trkpt lat="41.947432" lon="-3.079811">
      <ele>1139.2</ele>
    </trkpt>
    <trkpt lat="41.94758" lon="-3.079658">
      <ele>1138.4</ele>
    </trkpt>
    <trkpt lat="41.947744" lon="-3.079466">
      <ele>1137.6</ele>
    </trkpt>
    <trkpt lat="41.947888" lon="-3.079287">
      <ele>1137.1</ele>
    </trkpt>
    <trkpt lat="41.947968" lon="-3.079188">
      <ele>1136.9</ele>
    </trkpt>
    <trkpt lat="41.948015" lon="-3.079132">
      <ele>1136.7</ele>
    </trkpt>
    <trkpt lat="41.948208" lon="-3.078903">
      <ele>1136.3</ele>
    </trkpt>
    <trkpt lat="41.948284" lon="-3.078812">
      <ele>1136.2</ele>
    </trkpt>
    <trkpt lat="41.948321" lon="-3.078782">
      <ele>1136.2</ele>
    </trkpt>
    <trkpt lat="41.948459" lon="-3.078771">
      <ele>1136.1</ele>
    </trkpt>
    <trkpt lat="41.948546" lon="-3.078806">
      <ele>1136</ele>
    </trkpt>
    <trkpt lat="41.948706" lon="-3.078871">
      <ele>1135.8</ele>
    </trkpt>
    <trkpt lat="41.948734" lon="-3.07888">
      <ele>1135.8</ele>
    </trkpt>
    <trkpt lat="41.949013" lon="-3.078973">
      <ele>1135.5</ele>
    </trkpt>
    <trkpt lat="41.949074" lon="-3.078993">
      <ele>1135.4</ele>
    </trkpt>
    <trkpt lat="41.949227" lon="-3.079044">
      <ele>1135.2</ele>
    </trkpt>
    <trkpt lat="41.949422" lon="-3.079116">
      <ele>1134.7</ele>
    </trkpt>
    <trkpt lat="41.949443" lon="-3.079119">
      <ele>1134.7</ele>
    </trkpt>
    <trkpt lat="41.949768" lon="-3.079126">
      <ele>1133.7</ele>
    </trkpt>
    <trkpt lat="41.95006" lon="-3.079124">
      <ele>1132.7</ele>
    </trkpt>
    <trkpt lat="41.950263" lon="-3.079121">
      <ele>1132.2</ele>
    </trkpt>
    <trkpt lat="41.950407" lon="-3.079088">
      <ele>1131.9</ele>
    </trkpt>
    <trkpt lat="41.950588" lon="-3.078993">
      <ele>1131.5</ele>
    </trkpt>
    <trkpt lat="41.950609" lon="-3.07898">
      <ele>1131.4</ele>
    </trkpt>
    <trkpt lat="41.950826" lon="-3.078834">
      <ele>1131</ele>
    </trkpt>
    <trkpt lat="41.950902" lon="-3.078744">
      <ele>1130.9</ele>
    </trkpt>
    <trkpt lat="41.951085" lon="-3.078478">
      <ele>1130.7</ele>
    </trkpt>
    <trkpt lat="41.951158" lon="-3.078333">
      <ele>1130.6</ele>
    </trkpt>
    <trkpt lat="41.951186" lon="-3.07827">
      <ele>1130.5</ele>
    </trkpt>
    <trkpt lat="41.951225" lon="-3.078052">
      <ele>1130.5</ele>
    </trkpt>
    <trkpt lat="41.951287" lon="-3.07766">
      <ele>1130.3</ele>
    </trkpt>
    <trkpt lat="41.951329" lon="-3.077485">
      <ele>1130.2</ele>
    </trkpt>
    <trkpt lat="41.951389" lon="-3.077234">
      <ele>1129.9</ele>
    </trkpt>
    <trkpt lat="41.951419" lon="-3.077112">
      <ele>1129.7</ele>
    </trkpt>
    <trkpt lat="41.951597" lon="-3.076501">
      <ele>1128.4</ele>
    </trkpt>
    <trkpt lat="41.951614" lon="-3.076474">
      <ele>1128.3</ele>
    </trkpt>
    <trkpt lat="41.95171" lon="-3.076412">
      <ele>1128</ele>
    </trkpt>
    <trkpt lat="41.951996" lon="-3.076386">
      <ele>1127.2</ele>
    </trkpt>
    <trkpt lat="41.9521" lon="-3.076329">
      <ele>1126.8</ele>
    </trkpt>
    <trkpt lat="41.952316" lon="-3.076185">
      <ele>1125.8</ele>
    </trkpt>
    <trkpt lat="41.95239" lon="-3.076129">
      <ele>1125.4</ele>
    </trkpt>
    <trkpt lat="41.952436" lon="-3.076083">
      <ele>1125.2</ele>
    </trkpt>
    <trkpt lat="41.952526" lon="-3.07598">
      <ele>1124.6</ele>
    </trkpt>
    <trkpt lat="41.952557" lon="-3.075936">
      <ele>1124.4</ele>
    </trkpt>
    <trkpt lat="41.952684" lon="-3.075732">
      <ele>1123.3</ele>
    </trkpt>
    <trkpt lat="41.952805" lon="-3.075404">
      <ele>1122</ele>
    </trkpt>
    <trkpt lat="41.952956" lon="-3.074823">
      <ele>1120.3</ele>
    </trkpt>
    <trkpt lat="41.953" lon="-3.074733">
      <ele>1119.9</ele>
    </trkpt>
    <trkpt lat="41.953007" lon="-3.074719">
      <ele>1119.9</ele>
    </trkpt>
    <trkpt lat="41.953078" lon="-3.074629">
      <ele>1119.5</ele>
    </trkpt>
    <trkpt lat="41.953164" lon="-3.074582">
      <ele>1119.2</ele>
    </trkpt>
    <trkpt lat="41.953269" lon="-3.074574">
      <ele>1118.8</ele>
    </trkpt>
    <trkpt lat="41.95337" lon="-3.074598">
      <ele>1118.4</ele>
    </trkpt>
    <trkpt lat="41.953505" lon="-3.074676">
      <ele>1117.8</ele>
    </trkpt>
    <trkpt lat="41.953747" lon="-3.074913">
      <ele>1116.7</ele>
    </trkpt>
    <trkpt lat="41.954121" lon="-3.075529">
      <ele>1115.3</ele>
    </trkpt>
    <trkpt lat="41.954327" lon="-3.075839">
      <ele>1115</ele>
    </trkpt>
    <trkpt lat="41.954414" lon="-3.07593">
      <ele>1114.8</ele>
    </trkpt>
    <trkpt lat="41.954982" lon="-3.076188">
      <ele>1113.2</ele>
    </trkpt>
    <trkpt lat="41.955082" lon="-3.076248">
      <ele>1112.8</ele>
    </trkpt>
    <trkpt lat="41.955189" lon="-3.07636">
      <ele>1112.2</ele>
    </trkpt>
    <trkpt lat="41.955399" lon="-3.076632">
      <ele>1110.9</ele>
    </trkpt>
    <trkpt lat="41.955722" lon="-3.076872">
      <ele>1109.1</ele>
    </trkpt>
    <trkpt lat="41.958347" lon="-3.078492">
      <ele>1093.5</ele>
    </trkpt>
    <trkpt lat="41.958599" lon="-3.078619">
      <ele>1092.3</ele>
    </trkpt>
    <trkpt lat="41.95948" lon="-3.078823">
      <ele>1089.2</ele>
    </trkpt>
    <trkpt lat="41.96125" lon="-3.079228">
      <ele>1086.1</ele>
    </trkpt>
    <trkpt lat="41.96253" lon="-3.07953">
      <ele>1085</ele>
    </trkpt>
    <trkpt lat="41.963327" lon="-3.079707">
      <ele>1084</ele>
    </trkpt>
    <trkpt lat="41.963533" lon="-3.079776">
      <ele>1083.5</ele>
    </trkpt>
    <trkpt lat="41.963612" lon="-3.079832">
      <ele>1083.3</ele>
    </trkpt>
    <trkpt lat="41.963778" lon="-3.080036">
      <ele>1082.8</ele>
    </trkpt>
    <trkpt lat="41.964157" lon="-3.080689">
      <ele>1080.3</ele>
    </trkpt>
    <trkpt lat="41.96454" lon="-3.08103">
      <ele>1077.8</ele>
    </trkpt>
    <trkpt lat="41.964672" lon="-3.081181">
      <ele>1076.8</ele>
    </trkpt>
    <trkpt lat="41.964844" lon="-3.081509">
      <ele>1075</ele>
    </trkpt>
    <trkpt lat="41.964912" lon="-3.081716">
      <ele>1073.9</ele>
    </trkpt>
    <trkpt lat="41.965057" lon="-3.082652">
      <ele>1069.5</ele>
    </trkpt>
    <trkpt lat="41.965132" lon="-3.082957">
      <ele>1068.2</ele>
    </trkpt>
    <trkpt lat="41.965218" lon="-3.083158">
      <ele>1067.4</ele>
    </trkpt>
    <trkpt lat="41.965914" lon="-3.084105">
      <ele>1064.6</ele>
    </trkpt>
    <trkpt lat="41.966059" lon="-3.084355">
      <ele>1064.8</ele>
    </trkpt>
    <trkpt lat="41.966173" lon="-3.084698">
      <ele>1065.3</ele>
    </trkpt>
    <trkpt lat="41.96627" lon="-3.085054">
      <ele>1066.1</ele>
    </trkpt>
    <trkpt lat="41.966399" lon="-3.085715">
      <ele>1068.3</ele>
    </trkpt>
    <trkpt lat="41.966555" lon="-3.086231">
      <ele>1070.5</ele>
    </trkpt>
    <trkpt lat="41.966659" lon="-3.086395">
      <ele>1071.4</ele>
    </trkpt>
    <trkpt lat="41.967173" lon="-3.087027">
      <ele>1074.9</ele>
    </trkpt>
    <trkpt lat="41.967437" lon="-3.08733">
      <ele>1076.2</ele>
    </trkpt>
    <trkpt lat="41.967489" lon="-3.087381">
      <ele>1076.4</ele>
    </trkpt>
    <trkpt lat="41.96763" lon="-3.087321">
      <ele>1076.8</ele>
    </trkpt>
    <trkpt lat="41.967878" lon="-3.086193">
      <ele>1078.2</ele>
    </trkpt>
    <trkpt lat="41.968143" lon="-3.084998">
      <ele>1078</ele>
    </trkpt>
    <trkpt lat="41.968281" lon="-3.084529">
      <ele>1077.7</ele>
    </trkpt>
    <trkpt lat="41.968417" lon="-3.084164">
      <ele>1077.5</ele>
    </trkpt>
    <trkpt lat="41.96959" lon="-3.081456">
      <ele>1075</ele>
    </trkpt>
    <trkpt lat="41.969802" lon="-3.080896">
      <ele>1074.2</ele>
    </trkpt>
    <trkpt lat="41.969865" lon="-3.080499">
      <ele>1073.6</ele>
    </trkpt>
    <trkpt lat="41.969916" lon="-3.079721">
      <ele>1072.6</ele>
    </trkpt>
    <trkpt lat="41.969998" lon="-3.079264">
      <ele>1072.3</ele>
    </trkpt>
    <trkpt lat="41.971243" lon="-3.075717">
      <ele>1073.5</ele>
    </trkpt>
    <trkpt lat="41.971614" lon="-3.074947">
      <ele>1074.2</ele>
    </trkpt>
    <trkpt lat="41.975162" lon="-3.068982">
      <ele>1079.9</ele>
    </trkpt>
    <trkpt lat="41.975523" lon="-3.068338">
      <ele>1078.9</ele>
    </trkpt>
    <trkpt lat="41.975781" lon="-3.067796">
      <ele>1077.7</ele>
    </trkpt>
    <trkpt lat="41.976296" lon="-3.066312">
      <ele>1075.4</ele>
    </trkpt>
    <trkpt lat="41.977154" lon="-3.063776">
      <ele>1079.3</ele>
    </trkpt>
    <trkpt lat="41.977459" lon="-3.062805">
      <ele>1081.7</ele>
    </trkpt>
    <trkpt lat="41.978551" lon="-3.058771">
      <ele>1088.2</ele>
    </trkpt>
    <trkpt lat="41.978747" lon="-3.057939">
      <ele>1087.7</ele>
    </trkpt>
    <trkpt lat="41.978838" lon="-3.057369">
      <ele>1087</ele>
    </trkpt>
    <trkpt lat="41.979053" lon="-3.054501">
      <ele>1083.7</ele>
    </trkpt>
    <trkpt lat="41.979051" lon="-3.05407">
      <ele>1083.6</ele>
    </trkpt>
    <trkpt lat="41.978993" lon="-3.053624">
      <ele>1083.6</ele>
    </trkpt>
    <trkpt lat="41.978449" lon="-3.051902">
      <ele>1083.8</ele>
    </trkpt>
    <trkpt lat="41.978404" lon="-3.051708">
      <ele>1083.8</ele>
    </trkpt>
    <trkpt lat="41.978386" lon="-3.051394">
      <ele>1083.7</ele>
    </trkpt>
    <trkpt lat="41.978415" lon="-3.051077">
      <ele>1083.5</ele>
    </trkpt>
    <trkpt lat="41.978453" lon="-3.050921">
      <ele>1083.4</ele>
    </trkpt>
    <trkpt lat="41.978514" lon="-3.050767">
      <ele>1083.3</ele>
    </trkpt>
    <trkpt lat="41.978698" lon="-3.050447">
      <ele>1082.8</ele>
    </trkpt>
    <trkpt lat="41.979189" lon="-3.049653">
      <ele>1081.5</ele>
    </trkpt>
    <trkpt lat="41.979263" lon="-3.049529">
      <ele>1081.3</ele>
    </trkpt>
    <trkpt lat="41.979339" lon="-3.049328">
      <ele>1081.1</ele>
    </trkpt>
    <trkpt lat="41.979341" lon="-3.049128">
      <ele>1080.9</ele>
    </trkpt>
    <trkpt lat="41.979304" lon="-3.048993">
      <ele>1080.8</ele>
    </trkpt>
    <trkpt lat="41.979061" lon="-3.048521">
      <ele>1080.6</ele>
    </trkpt>
    <trkpt lat="41.978929" lon="-3.048337">
      <ele>1080.6</ele>
    </trkpt>
    <trkpt lat="41.978655" lon="-3.048166">
      <ele>1080.8</ele>
    </trkpt>
    <trkpt lat="41.978488" lon="-3.048135">
      <ele>1081.1</ele>
    </trkpt>
    <trkpt lat="41.978162" lon="-3.048157">
      <ele>1081.7</ele>
    </trkpt>
    <trkpt lat="41.977826" lon="-3.048221">
      <ele>1082.6</ele>
    </trkpt>
    <trkpt lat="41.978586" lon="-3.047194">
      <ele>1085.8</ele>
    </trkpt>
    <trkpt lat="41.97904" lon="-3.046628">
      <ele>1088</ele>
    </trkpt>
    <trkpt lat="41.980402" lon="-3.045111">
      <ele>1095.5</ele>
    </trkpt>
    <trkpt lat="41.980608" lon="-3.044809">
      <ele>1096.9</ele>
    </trkpt>
    <trkpt lat="41.980881" lon="-3.044326">
      <ele>1099</ele>
    </trkpt>
    <trkpt lat="41.981298" lon="-3.043471">
      <ele>1103.6</ele>
    </trkpt>
    <trkpt lat="41.981445" lon="-3.043021">
      <ele>1106.4</ele>
    </trkpt>
    <trkpt lat="41.981708" lon="-3.04213">
      <ele>1112.1</ele>
    </trkpt>
    <trkpt lat="41.981585" lon="-3.04199">
      <ele>1113.3</ele>
    </trkpt>
    <trkpt lat="41.981532" lon="-3.041926">
      <ele>1113.9</ele>
    </trkpt>
    <trkpt lat="41.98143" lon="-3.041767">
      <ele>1115</ele>
    </trkpt>
    <trkpt lat="41.981588" lon="-3.041501">
      <ele>1116.5</ele>
    </trkpt>
    <trkpt lat="41.981343" lon="-3.041434">
      <ele>1117.9</ele>
    </trkpt>
    <trkpt lat="41.981148" lon="-3.041358">
      <ele>1118.9</ele>
    </trkpt>
    <trkpt lat="41.981077" lon="-3.041261">
      <ele>1119.3</ele>
    </trkpt>
    <trkpt lat="41.981167" lon="-3.04111">
      <ele>1119.7</ele>
    </trkpt>
    <trkpt lat="41.981254" lon="-3.040894">
      <ele>1120</ele>
    </trkpt>
    <trkpt lat="41.981318" lon="-3.040708">
      <ele>1120.2</ele>
    </trkpt>
    <trkpt lat="41.981381" lon="-3.040509">
      <ele>1120.4</ele>
    </trkpt>
    <trkpt lat="41.981552" lon="-3.040098">
      <ele>1120.6</ele>
    </trkpt>
    <trkpt lat="41.981572" lon="-3.040027">
      <ele>1120.6</ele>
    </trkpt>
    <trkpt lat="41.981575" lon="-3.039877">
      <ele>1120.6</ele>
    </trkpt>
    <trkpt lat="41.98161" lon="-3.039627">
      <ele>1120.4</ele>
    </trkpt>
    <trkpt lat="41.981682" lon="-3.039354">
      <ele>1120.2</ele>
    </trkpt>
    <trkpt lat="41.981838" lon="-3.038966">
      <ele>1119.6</ele>
    </trkpt>
    <trkpt lat="41.981856" lon="-3.038929">
      <ele>1119.5</ele>
    </trkpt>
    <trkpt lat="41.981913" lon="-3.038514">
      <ele>1118.8</ele>
    </trkpt>
    <trkpt lat="41.981952" lon="-3.03827">
      <ele>1118.4</ele>
    </trkpt>
    <trkpt lat="41.981992" lon="-3.038155">
      <ele>1118.4</ele>
    </trkpt>
    <trkpt lat="41.982063" lon="-3.038001">
      <ele>1118.3</ele>
    </trkpt>
    <trkpt lat="41.982158" lon="-3.037796">
      <ele>1118.2</ele>
    </trkpt>
    <trkpt lat="41.982186" lon="-3.037738">
      <ele>1118.1</ele>
    </trkpt>
    <trkpt lat="41.982536" lon="-3.037142">
      <ele>1117.4</ele>
    </trkpt>
    <trkpt lat="41.982732" lon="-3.036865">
      <ele>1117.1</ele>
    </trkpt>
    <trkpt lat="41.982916" lon="-3.036417">
      <ele>1116.5</ele>
    </trkpt>
    <trkpt lat="41.982959" lon="-3.03631">
      <ele>1116.4</ele>
    </trkpt>
    <trkpt lat="41.983124" lon="-3.035912">
      <ele>1116.1</ele>
    </trkpt>
    <trkpt lat="41.983427" lon="-3.035391">
      <ele>1115.6</ele>
    </trkpt>
    <trkpt lat="41.983874" lon="-3.034761">
      <ele>1115.3</ele>
    </trkpt>
    <trkpt lat="41.98445" lon="-3.033943">
      <ele>1117.2</ele>
    </trkpt>
    <trkpt lat="41.985082" lon="-3.033045">
      <ele>1120.4</ele>
    </trkpt>
    <trkpt lat="41.985136" lon="-3.032919">
      <ele>1120.8</ele>
    </trkpt>
    <trkpt lat="41.98532" lon="-3.032796">
      <ele>1121.7</ele>
    </trkpt>
    <trkpt lat="41.985364" lon="-3.032761">
      <ele>1121.9</ele>
    </trkpt>
    <trkpt lat="41.985574" lon="-3.032595">
      <ele>1123</ele>
    </trkpt>
    <trkpt lat="41.985748" lon="-3.032458">
      <ele>1123.9</ele>
    </trkpt>
    <trkpt lat="41.985946" lon="-3.032302">
      <ele>1124.9</ele>
    </trkpt>
    <trkpt lat="41.986129" lon="-3.032207">
      <ele>1125.8</ele>
    </trkpt>
    <trkpt lat="41.986219" lon="-3.032195">
      <ele>1126.2</ele>
    </trkpt>
    <trkpt lat="41.986414" lon="-3.032173">
      <ele>1127.2</ele>
    </trkpt>
    <trkpt lat="41.986495" lon="-3.03216">
      <ele>1127.6</ele>
    </trkpt>
    <trkpt lat="41.986949" lon="-3.032054">
      <ele>1130.1</ele>
    </trkpt>
    <trkpt lat="41.9874" lon="-3.031838">
      <ele>1133.2</ele>
    </trkpt>
    <trkpt lat="41.988014" lon="-3.031244">
      <ele>1139.1</ele>
    </trkpt>
    <trkpt lat="41.988313" lon="-3.031092">
      <ele>1142</ele>
    </trkpt>
    <trkpt lat="41.988834" lon="-3.030855">
      <ele>1147</ele>
    </trkpt>
    <trkpt lat="41.98912" lon="-3.030723">
      <ele>1149.6</ele>
    </trkpt>
    <trkpt lat="41.989268" lon="-3.030656">
      <ele>1150.9</ele>
    </trkpt>
    <trkpt lat="41.990328" lon="-3.030148">
      <ele>1159</ele>
    </trkpt>
    <trkpt lat="41.990515" lon="-3.030036">
      <ele>1160.3</ele>
    </trkpt>
    <trkpt lat="41.991014" lon="-3.02971">
      <ele>1163.5</ele>
    </trkpt>
    <trkpt lat="41.991687" lon="-3.029187">
      <ele>1168.1</ele>
    </trkpt>
    <trkpt lat="41.992002" lon="-3.028974">
      <ele>1170.3</ele>
    </trkpt>
    <trkpt lat="41.993641" lon="-3.028147">
      <ele>1182.4</ele>
    </trkpt>
    <trkpt lat="41.994861" lon="-3.027752">
      <ele>1193.2</ele>
    </trkpt>
    <trkpt lat="41.99561" lon="-3.027504">
      <ele>1200.7</ele>
    </trkpt>
    <trkpt lat="41.996288" lon="-3.027454">
      <ele>1207.5</ele>
    </trkpt>
    <trkpt lat="41.998105" lon="-3.028323">
      <ele>1221.2</ele>
    </trkpt>
    <trkpt lat="41.99908" lon="-3.02885">
      <ele>1222.4</ele>
    </trkpt>
    <trkpt lat="41.999426" lon="-3.02898">
      <ele>1221.9</ele>
    </trkpt>
    <trkpt lat="42.000078" lon="-3.029157">
      <ele>1220.5</ele>
    </trkpt>
    <trkpt lat="42.000272" lon="-3.029152">
      <ele>1220.1</ele>
    </trkpt>
    <trkpt lat="42.00121" lon="-3.028906">
      <ele>1218.4</ele>
    </trkpt>
    <trkpt lat="42.003221" lon="-3.028612">
      <ele>1217.3</ele>
    </trkpt>
    <trkpt lat="42.003446" lon="-3.028612">
      <ele>1217.3</ele>
    </trkpt>
    <trkpt lat="42.003821" lon="-3.028717">
      <ele>1217.4</ele>
    </trkpt>
    <trkpt lat="42.003987" lon="-3.028783">
      <ele>1217.4</ele>
    </trkpt>
    <trkpt lat="42.0041" lon="-3.028888">
      <ele>1217.4</ele>
    </trkpt>
    <trkpt lat="42.004172" lon="-3.029025">
      <ele>1217.5</ele>
    </trkpt>
    <trkpt lat="42.004204" lon="-3.029162">
      <ele>1217.5</ele>
    </trkpt>
    <trkpt lat="42.004211" lon="-3.029311">
      <ele>1217.6</ele>
    </trkpt>
    <trkpt lat="42.004109" lon="-3.030474">
      <ele>1218.8</ele>
    </trkpt>
    <trkpt lat="42.004124" lon="-3.030728">
      <ele>1219.2</ele>
    </trkpt>
    <trkpt lat="42.00442" lon="-3.031879">
      <ele>1223.4</ele>
    </trkpt>
    <trkpt lat="42.004467" lon="-3.03197">
      <ele>1223.9</ele>
    </trkpt>
    <trkpt lat="42.004552" lon="-3.032015">
      <ele>1224.5</ele>
    </trkpt>
    <trkpt lat="42.004694" lon="-3.031979">
      <ele>1225.6</ele>
    </trkpt>
    <trkpt lat="42.005995" lon="-3.031006">
      <ele>1239.3</ele>
    </trkpt>
    <trkpt lat="42.007002" lon="-3.030493">
      <ele>1250.5</ele>
    </trkpt>
    <trkpt lat="42.007137" lon="-3.030434">
      <ele>1251.7</ele>
    </trkpt>
    <trkpt lat="42.007273" lon="-3.030438">
      <ele>1252.8</ele>
    </trkpt>
    <trkpt lat="42.007327" lon="-3.030482">
      <ele>1253.3</ele>
    </trkpt>
    <trkpt lat="42.007374" lon="-3.030575">
      <ele>1253.9</ele>
    </trkpt>
    <trkpt lat="42.007386" lon="-3.030791">
      <ele>1255</ele>
    </trkpt>
    <trkpt lat="42.007303" lon="-3.030973">
      <ele>1256</ele>
    </trkpt>
    <trkpt lat="42.006921" lon="-3.031269">
      <ele>1258.2</ele>
    </trkpt>
    <trkpt lat="42.006817" lon="-3.031438">
      <ele>1258.9</ele>
    </trkpt>
    <trkpt lat="42.006786" lon="-3.032014">
      <ele>1260.5</ele>
    </trkpt>
    <trkpt lat="42.006758" lon="-3.032195">
      <ele>1261</ele>
    </trkpt>
    <trkpt lat="42.006466" lon="-3.033383">
      <ele>1266.9</ele>
    </trkpt>
    <trkpt lat="42.006473" lon="-3.033559">
      <ele>1268</ele>
    </trkpt>
    <trkpt lat="42.006527" lon="-3.033665">
      <ele>1268.8</ele>
    </trkpt>
    <trkpt lat="42.006699" lon="-3.033815">
      <ele>1270.6</ele>
    </trkpt>
    <trkpt lat="42.006878" lon="-3.033882">
      <ele>1272.3</ele>
    </trkpt>
    <trkpt lat="42.006951" lon="-3.033862">
      <ele>1272.9</ele>
    </trkpt>
    <trkpt lat="42.007053" lon="-3.033741">
      <ele>1274.2</ele>
    </trkpt>
    <trkpt lat="42.007262" lon="-3.033207">
      <ele>1278.3</ele>
    </trkpt>
    <trkpt lat="42.007977" lon="-3.031993">
      <ele>1287.7</ele>
    </trkpt>
    <trkpt lat="42.008303" lon="-3.031814">
      <ele>1290.3</ele>
    </trkpt>
    <trkpt lat="42.008409" lon="-3.031785">
      <ele>1291.1</ele>
    </trkpt>
    <trkpt lat="42.00893" lon="-3.031786">
      <ele>1295.3</ele>
    </trkpt>
    <trkpt lat="42.009055" lon="-3.031716">
      <ele>1296.5</ele>
    </trkpt>
    <trkpt lat="42.00928" lon="-3.031503">
      <ele>1299</ele>
    </trkpt>
    <trkpt lat="42.009354" lon="-3.031481">
      <ele>1299.7</ele>
    </trkpt>
    <trkpt lat="42.009547" lon="-3.031491">
      <ele>1301.5</ele>
    </trkpt>
    <trkpt lat="42.010555" lon="-3.031792">
      <ele>1311.5</ele>
    </trkpt>
    <trkpt lat="42.011867" lon="-3.032111">
      <ele>1321.7</ele>
    </trkpt>
    <trkpt lat="42.012043" lon="-3.032133">
      <ele>1322.7</ele>
    </trkpt>
    <trkpt lat="42.012287" lon="-3.032063">
      <ele>1324.2</ele>
    </trkpt>
    <trkpt lat="42.012528" lon="-3.03191">
      <ele>1326.1</ele>
    </trkpt>
    <trkpt lat="42.012845" lon="-3.031445">
      <ele>1329.7</ele>
    </trkpt>
    <trkpt lat="42.012991" lon="-3.03138">
      <ele>1331</ele>
    </trkpt>
    <trkpt lat="42.013086" lon="-3.03144">
      <ele>1331.9</ele>
    </trkpt>
    <trkpt lat="42.013122" lon="-3.03151">
      <ele>1332.5</ele>
    </trkpt>
    <trkpt lat="42.013139" lon="-3.031678">
      <ele>1333.6</ele>
    </trkpt>
    <trkpt lat="42.01312" lon="-3.031811">
      <ele>1334.5</ele>
    </trkpt>
    <trkpt lat="42.013043" lon="-3.031991">
      <ele>1336</ele>
    </trkpt>
    <trkpt lat="42.012781" lon="-3.032414">
      <ele>1339.7</ele>
    </trkpt>
    <trkpt lat="42.012761" lon="-3.032556">
      <ele>1340.6</ele>
    </trkpt>
    <trkpt lat="42.012796" lon="-3.032686">
      <ele>1341.5</ele>
    </trkpt>
    <trkpt lat="42.012853" lon="-3.032723">
      <ele>1342</ele>
    </trkpt>
    <trkpt lat="42.012977" lon="-3.032729">
      <ele>1343</ele>
    </trkpt>
    <trkpt lat="42.013037" lon="-3.032691">
      <ele>1343.5</ele>
    </trkpt>
    <trkpt lat="42.013165" lon="-3.032521">
      <ele>1344.6</ele>
    </trkpt>
    <trkpt lat="42.014027" lon="-3.030919">
      <ele>1350.8</ele>
    </trkpt>
    <trkpt lat="42.014464" lon="-3.030338">
      <ele>1353.1</ele>
    </trkpt>
    <trkpt lat="42.014562" lon="-3.030133">
      <ele>1353.9</ele>
    </trkpt>
    <trkpt lat="42.014639" lon="-3.029535">
      <ele>1356.6</ele>
    </trkpt>
    <trkpt lat="42.014842" lon="-3.028676">
      <ele>1361.9</ele>
    </trkpt>
    <trkpt lat="42.014923" lon="-3.028506">
      <ele>1363.5</ele>
    </trkpt>
    <trkpt lat="42.014983" lon="-3.028438">
      <ele>1364.3</ele>
    </trkpt>
    <trkpt lat="42.015037" lon="-3.028391">
      <ele>1365</ele>
    </trkpt>
    <trkpt lat="42.015105" lon="-3.028379">
      <ele>1365.7</ele>
    </trkpt>
    <trkpt lat="42.015195" lon="-3.028415">
      <ele>1366.7</ele>
    </trkpt>
    <trkpt lat="42.015238" lon="-3.028472">
      <ele>1367.4</ele>
    </trkpt>
    <trkpt lat="42.015285" lon="-3.028649">
      <ele>1369</ele>
    </trkpt>
    <trkpt lat="42.015211" lon="-3.029493">
      <ele>1376.9</ele>
    </trkpt>
    <trkpt lat="42.015225" lon="-3.029725">
      <ele>1379.2</ele>
    </trkpt>
    <trkpt lat="42.01529" lon="-3.029869">
      <ele>1380.8</ele>
    </trkpt>
    <trkpt lat="42.015395" lon="-3.029925">
      <ele>1382.2</ele>
    </trkpt>
    <trkpt lat="42.015496" lon="-3.029893">
      <ele>1383.5</ele>
    </trkpt>
    <trkpt lat="42.015913" lon="-3.029562">
      <ele>1389.6</ele>
    </trkpt>
    <trkpt lat="42.01601" lon="-3.029505">
      <ele>1390.9</ele>
    </trkpt>
    <trkpt lat="42.016173" lon="-3.02949">
      <ele>1393</ele>
    </trkpt>
    <trkpt lat="42.016257" lon="-3.029542">
      <ele>1394.3</ele>
    </trkpt>
    <trkpt lat="42.016419" lon="-3.029747">
      <ele>1397.3</ele>
    </trkpt>
    <trkpt lat="42.016494" lon="-3.029923">
      <ele>1399.4</ele>
    </trkpt>
    <trkpt lat="42.016665" lon="-3.030493">
      <ele>1405.5</ele>
    </trkpt>
    <trkpt lat="42.016723" lon="-3.030605">
      <ele>1406.9</ele>
    </trkpt>
    <trkpt lat="42.016771" lon="-3.030655">
      <ele>1407.7</ele>
    </trkpt>
    <trkpt lat="42.0169" lon="-3.030707">
      <ele>1409.4</ele>
    </trkpt>
    <trkpt lat="42.017054" lon="-3.030677">
      <ele>1411.4</ele>
    </trkpt>
    <trkpt lat="42.017168" lon="-3.030611">
      <ele>1413</ele>
    </trkpt>
    <trkpt lat="42.01779" lon="-3.030091">
      <ele>1421.2</ele>
    </trkpt>
    <trkpt lat="42.018499" lon="-3.029608">
      <ele>1427.3</ele>
    </trkpt>
    <trkpt lat="42.018998" lon="-3.02916">
      <ele>1429.4</ele>
    </trkpt>
    <trkpt lat="42.019154" lon="-3.028989">
      <ele>1429.9</ele>
    </trkpt>
    <trkpt lat="42.019524" lon="-3.028557">
      <ele>1430.3</ele>
    </trkpt>
    <trkpt lat="42.01966" lon="-3.028335">
      <ele>1430.4</ele>
    </trkpt>
    <trkpt lat="42.020024" lon="-3.027178">
      <ele>1431.3</ele>
    </trkpt>
    <trkpt lat="42.020166" lon="-3.026879">
      <ele>1432</ele>
    </trkpt>
    <trkpt lat="42.020312" lon="-3.026651">
      <ele>1432.7</ele>
    </trkpt>
    <trkpt lat="42.020494" lon="-3.026412">
      <ele>1433.8</ele>
    </trkpt>
    <trkpt lat="42.020682" lon="-3.026218">
      <ele>1434.9</ele>
    </trkpt>
    <trkpt lat="42.020892" lon="-3.026095">
      <ele>1436.2</ele>
    </trkpt>
    <trkpt lat="42.021216" lon="-3.025998">
      <ele>1438.2</ele>
    </trkpt>
    <trkpt lat="42.021353" lon="-3.026002">
      <ele>1439</ele>
    </trkpt>
    <trkpt lat="42.0215" lon="-3.026056">
      <ele>1440</ele>
    </trkpt>
    <trkpt lat="42.022461" lon="-3.026748">
      <ele>1446.2</ele>
    </trkpt>
    <trkpt lat="42.02281" lon="-3.026914">
      <ele>1447.9</ele>
    </trkpt>
    <trkpt lat="42.024349" lon="-3.027541">
      <ele>1452.6</ele>
    </trkpt>
    <trkpt lat="42.025514" lon="-3.027899">
      <ele>1454.9</ele>
    </trkpt>
    <trkpt lat="42.025899" lon="-3.027992">
      <ele>1455.9</ele>
    </trkpt>
    <trkpt lat="42.026792" lon="-3.027916">
      <ele>1458.7</ele>
    </trkpt>
    <trkpt lat="42.026905" lon="-3.027873">
      <ele>1459.1</ele>
    </trkpt>
    <trkpt lat="42.02701" lon="-3.027752">
      <ele>1459.7</ele>
    </trkpt>
    <trkpt lat="42.027072" lon="-3.027597">
      <ele>1460.2</ele>
    </trkpt>
    <trkpt lat="42.027212" lon="-3.026891">
      <ele>1462.4</ele>
    </trkpt>
    <trkpt lat="42.027261" lon="-3.026481">
      <ele>1463.8</ele>
    </trkpt>
    <trkpt lat="42.027267" lon="-3.026276">
      <ele>1464.4</ele>
    </trkpt>
    <trkpt lat="42.027238" lon="-3.026045">
      <ele>1465.1</ele>
    </trkpt>
    <trkpt lat="42.027114" lon="-3.025525">
      <ele>1466.7</ele>
    </trkpt>
    <trkpt lat="42.027127" lon="-3.025303">
      <ele>1467.2</ele>
    </trkpt>
    <trkpt lat="42.027173" lon="-3.025177">
      <ele>1467.5</ele>
    </trkpt>
    <trkpt lat="42.027256" lon="-3.025083">
      <ele>1467.7</ele>
    </trkpt>
    <trkpt lat="42.028031" lon="-3.024499">
      <ele>1467.6</ele>
    </trkpt>
    <trkpt lat="42.028539" lon="-3.024081">
      <ele>1466</ele>
    </trkpt>
    <trkpt lat="42.028872" lon="-3.023757">
      <ele>1464.9</ele>
    </trkpt>
    <trkpt lat="42.02902" lon="-3.023559">
      <ele>1464.4</ele>
    </trkpt>
    <trkpt lat="42.029112" lon="-3.023296">
      <ele>1464</ele>
    </trkpt>
    <trkpt lat="42.029138" lon="-3.023081">
      <ele>1463.9</ele>
    </trkpt>
    <trkpt lat="42.029132" lon="-3.022924">
      <ele>1463.8</ele>
    </trkpt>
    <trkpt lat="42.029023" lon="-3.022236">
      <ele>1464</ele>
    </trkpt>
    <trkpt lat="42.029025" lon="-3.02212">
      <ele>1464.1</ele>
    </trkpt>
    <trkpt lat="42.029058" lon="-3.021979">
      <ele>1464.2</ele>
    </trkpt>
    <trkpt lat="42.029983" lon="-3.020582">
      <ele>1466.7</ele>
    </trkpt>
    <trkpt lat="42.030302" lon="-3.020137">
      <ele>1467.6</ele>
    </trkpt>
    <trkpt lat="42.030438" lon="-3.019889">
      <ele>1468.1</ele>
    </trkpt>
    <trkpt lat="42.030467" lon="-3.01971">
      <ele>1468.5</ele>
    </trkpt>
    <trkpt lat="42.030433" lon="-3.019445">
      <ele>1469.1</ele>
    </trkpt>
    <trkpt lat="42.030342" lon="-3.019216">
      <ele>1469.7</ele>
    </trkpt>
    <trkpt lat="42.030098" lon="-3.018742">
      <ele>1471.7</ele>
    </trkpt>
    <trkpt lat="42.030013" lon="-3.018443">
      <ele>1473.1</ele>
    </trkpt>
    <trkpt lat="42.030015" lon="-3.0183">
      <ele>1473.8</ele>
    </trkpt>
    <trkpt lat="42.030036" lon="-3.01825">
      <ele>1474.1</ele>
    </trkpt>
    <trkpt lat="42.030174" lon="-3.018116">
      <ele>1475.3</ele>
    </trkpt>
    <trkpt lat="42.030276" lon="-3.018096">
      <ele>1476.1</ele>
    </trkpt>
    <trkpt lat="42.030415" lon="-3.018132">
      <ele>1477.2</ele>
    </trkpt>
    <trkpt lat="42.030853" lon="-3.018424">
      <ele>1481.2</ele>
    </trkpt>
    <trkpt lat="42.031166" lon="-3.018669">
      <ele>1484.4</ele>
    </trkpt>
    <trkpt lat="42.031309" lon="-3.01884">
      <ele>1486.1</ele>
    </trkpt>
    <trkpt lat="42.031585" lon="-3.019521">
      <ele>1491.2</ele>
    </trkpt>
    <trkpt lat="42.031757" lon="-3.019752">
      <ele>1493.4</ele>
    </trkpt>
    <trkpt lat="42.031982" lon="-3.019886">
      <ele>1495.4</ele>
    </trkpt>
    <trkpt lat="42.032527" lon="-3.02007">
      <ele>1499.6</ele>
    </trkpt>
    <trkpt lat="42.032746" lon="-3.020047">
      <ele>1500.9</ele>
    </trkpt>
    <trkpt lat="42.033078" lon="-3.019768">
      <ele>1502.7</ele>
    </trkpt>
    <trkpt lat="42.033299" lon="-3.01948">
      <ele>1503.7</ele>
    </trkpt>
    <trkpt lat="42.033567" lon="-3.018926">
      <ele>1504.6</ele>
    </trkpt>
    <trkpt lat="42.033659" lon="-3.01879">
      <ele>1504.8</ele>
    </trkpt>
    <trkpt lat="42.03378" lon="-3.018682">
      <ele>1505.1</ele>
    </trkpt>
    <trkpt lat="42.033958" lon="-3.018622">
      <ele>1505.3</ele>
    </trkpt>
    <trkpt lat="42.03453" lon="-3.018602">
      <ele>1506.6</ele>
    </trkpt>
    <trkpt lat="42.03486" lon="-3.018649">
      <ele>1507.6</ele>
    </trkpt>
    <trkpt lat="42.034989" lon="-3.018714">
      <ele>1508.2</ele>
    </trkpt>
    <trkpt lat="42.035872" lon="-3.019341">
      <ele>1514.3</ele>
    </trkpt>
    <trkpt lat="42.036021" lon="-3.019383">
      <ele>1515.3</ele>
    </trkpt>
    <trkpt lat="42.036151" lon="-3.019375">
      <ele>1516.3</ele>
    </trkpt>
    <trkpt lat="42.036443" lon="-3.019296">
      <ele>1518.5</ele>
    </trkpt>
    <trkpt lat="42.037552" lon="-3.018419">
      <ele>1528.6</ele>
    </trkpt>
    <trkpt lat="42.037743" lon="-3.01837">
      <ele>1530.2</ele>
    </trkpt>
    <trkpt lat="42.037936" lon="-3.018371">
      <ele>1531.9</ele>
    </trkpt>
    <trkpt lat="42.038058" lon="-3.018423">
      <ele>1533</ele>
    </trkpt>
    <trkpt lat="42.038196" lon="-3.018525">
      <ele>1534.4</ele>
    </trkpt>
    <trkpt lat="42.038464" lon="-3.018802">
      <ele>1537.6</ele>
    </trkpt>
    <trkpt lat="42.039306" lon="-3.019785">
      <ele>1548.9</ele>
    </trkpt>
    <trkpt lat="42.040196" lon="-3.020585">
      <ele>1557.6</ele>
    </trkpt>
    <trkpt lat="42.04168" lon="-3.021444">
      <ele>1563.1</ele>
    </trkpt>
    <trkpt lat="42.042119" lon="-3.021665">
      <ele>1564.4</ele>
    </trkpt>
    <trkpt lat="42.042321" lon="-3.021712">
      <ele>1565</ele>
    </trkpt>
    <trkpt lat="42.044371" lon="-3.021504">
      <ele>1575.3</ele>
    </trkpt>
    <trkpt lat="42.04464" lon="-3.021513">
      <ele>1577.4</ele>
    </trkpt>
    <trkpt lat="42.044787" lon="-3.021536">
      <ele>1578.7</ele>
    </trkpt>
    <trkpt lat="42.045383" lon="-3.021736">
      <ele>1585.1</ele>
    </trkpt>
    <trkpt lat="42.04571" lon="-3.021962">
      <ele>1589.7</ele>
    </trkpt>
    <trkpt lat="42.04562" lon="-3.022636">
      <ele>1596.4</ele>
    </trkpt>
    <trkpt lat="42.045635" lon="-3.022744">
      <ele>1597.6</ele>
    </trkpt>
    <trkpt lat="42.045809" lon="-3.022933">
      <ele>1600.6</ele>
    </trkpt>
    <trkpt lat="42.046766" lon="-3.02375">
      <ele>1615.2</ele>
    </trkpt>
    <trkpt lat="42.047035" lon="-3.024029">
      <ele>1619.4</ele>
    </trkpt>
    <trkpt lat="42.047268" lon="-3.024328">
      <ele>1623.5</ele>
    </trkpt>
    <trkpt lat="42.047459" lon="-3.024735">
      <ele>1628.2</ele>
    </trkpt>
    <trkpt lat="42.047481" lon="-3.024925">
      <ele>1630.2</ele>
    </trkpt>
    <trkpt lat="42.047426" lon="-3.025009">
      <ele>1631.3</ele>
    </trkpt>
    <trkpt lat="42.046852" lon="-3.025244">
      <ele>1640</ele>
    </trkpt>
    <trkpt lat="42.046647" lon="-3.025395">
      <ele>1643.5</ele>
    </trkpt>
    <trkpt lat="42.046573" lon="-3.025495">
      <ele>1645.1</ele>
    </trkpt>
    <trkpt lat="42.04654" lon="-3.025618">
      <ele>1646.6</ele>
    </trkpt>
    <trkpt lat="42.046579" lon="-3.025729">
      <ele>1648</ele>
    </trkpt>
    <trkpt lat="42.046642" lon="-3.025801">
      <ele>1649.2</ele>
    </trkpt>
    <trkpt lat="42.046906" lon="-3.025951">
      <ele>1653.6</ele>
    </trkpt>
    <trkpt lat="42.047082" lon="-3.026131">
      <ele>1657</ele>
    </trkpt>
    <trkpt lat="42.047135" lon="-3.026222">
      <ele>1658.2</ele>
    </trkpt>
    <trkpt lat="42.047231" lon="-3.026416">
      <ele>1660.7</ele>
    </trkpt>
    <trkpt lat="42.04735" lon="-3.026778">
      <ele>1664.8</ele>
    </trkpt>
    <trkpt lat="42.047357" lon="-3.027057">
      <ele>1667.5</ele>
    </trkpt>
    <trkpt lat="42.047309" lon="-3.027272">
      <ele>1669.7</ele>
    </trkpt>
    <trkpt lat="42.046507" lon="-3.029815">
      <ele>1694.5</ele>
    </trkpt>
    <trkpt lat="42.046193" lon="-3.030561">
      <ele>1703.1</ele>
    </trkpt>
    <trkpt lat="42.046006" lon="-3.031182">
      <ele>1709.9</ele>
    </trkpt>
    <trkpt lat="42.045932" lon="-3.031639">
      <ele>1714.2</ele>
    </trkpt>
    <trkpt lat="42.045783" lon="-3.032265">
      <ele>1718.7</ele>
    </trkpt>
    <trkpt lat="42.045729" lon="-3.032619">
      <ele>1720.3</ele>
    </trkpt>
    <trkpt lat="42.045737" lon="-3.032906">
      <ele>1721.2</ele>
    </trkpt>
    <trkpt lat="42.045787" lon="-3.033265">
      <ele>1721.8</ele>
    </trkpt>
    <trkpt lat="42.045714" lon="-3.034237">
      <ele>1721.6</ele>
    </trkpt>
    <trkpt lat="42.045742" lon="-3.034531">
      <ele>1721.2</ele>
    </trkpt>
    <trkpt lat="42.045754" lon="-3.034691">
      <ele>1721.1</ele>
    </trkpt>
    <trkpt lat="42.045815" lon="-3.034818">
      <ele>1720.9</ele>
    </trkpt>
    <trkpt lat="42.045862" lon="-3.034868">
      <ele>1720.8</ele>
    </trkpt>
    </trkseg>
  </trk>
</gpx>
