<?xml version="1.0" encoding="UTF-8"?>
<gpx version="1.1" creator="fitAI Komoot downloader" xmlns="http://www.topografix.com/GPX/1/1">
  <metadata>
    <name>Subida hasta la Cruz de la Demanda — ida y vuelta desde Santo Domingo de la Calzada</name>
    <desc>176 visitas · Dificultad: difficult · Distancia: 107.8 km · Desnivel +: 2246 m</desc>
    <link href="https://www.komoot.com/smarttour/e990699946"><text>Komoot</text></link>
  </metadata>
  <trk>
    <name>Subida hasta la Cruz de la Demanda — ida y vuelta desde Santo Domingo de la Calzada</name>
    <type>racebike</type>
    <trkseg>
    <trkpt lat="42.437743" lon="-2.953871">
      <ele>646.9</ele>
    </trkpt>
    <trkpt lat="42.437434" lon="-2.954018">
      <ele>646.9</ele>
    </trkpt>
    <trkpt lat="42.437485" lon="-2.954117">
      <ele>646.8</ele>
    </trkpt>
    <trkpt lat="42.437389" lon="-2.954162">
      <ele>646.8</ele>
    </trkpt>
    <trkpt lat="42.43733" lon="-2.954189">
      <ele>646.8</ele>
    </trkpt>
    <trkpt lat="42.437028" lon="-2.95433">
      <ele>646.7</ele>
    </trkpt>
    <trkpt lat="42.436959" lon="-2.954362">
      <ele>646.7</ele>
    </trkpt>
    <trkpt lat="42.436905" lon="-2.95428">
      <ele>646.7</ele>
    </trkpt>
    <trkpt lat="42.43681" lon="-2.953405">
      <ele>646.7</ele>
    </trkpt>
    <trkpt lat="42.435367" lon="-2.953747">
      <ele>647.3</ele>
    </trkpt>
    <trkpt lat="42.435202" lon="-2.953786">
      <ele>647.5</ele>
    </trkpt>
    <trkpt lat="42.434072" lon="-2.954057">
      <ele>648.4</ele>
    </trkpt>
    <trkpt lat="42.432066" lon="-2.954724">
      <ele>649.9</ele>
    </trkpt>
    <trkpt lat="42.43203" lon="-2.954738">
      <ele>649.9</ele>
    </trkpt>
    <trkpt lat="42.426179" lon="-2.956999">
      <ele>657.1</ele>
    </trkpt>
    <trkpt lat="42.418677" lon="-2.959896">
      <ele>669.1</ele>
    </trkpt>
    <trkpt lat="42.418262" lon="-2.960056">
      <ele>669.6</ele>
    </trkpt>
    <trkpt lat="42.416785" lon="-2.960627">
      <ele>671.3</ele>
    </trkpt>
    <trkpt lat="42.416546" lon="-2.960719">
      <ele>671.6</ele>
    </trkpt>
    <trkpt lat="42.416345" lon="-2.960797">
      <ele>671.8</ele>
    </trkpt>
    <trkpt lat="42.413044" lon="-2.962072">
      <ele>677.1</ele>
    </trkpt>
    <trkpt lat="42.394896" lon="-2.969079">
      <ele>710.2</ele>
    </trkpt>
    <trkpt lat="42.390992" lon="-2.970623">
      <ele>717.2</ele>
    </trkpt>
    <trkpt lat="42.390397" lon="-2.970862">
      <ele>717.9</ele>
    </trkpt>
    <trkpt lat="42.387968" lon="-2.971853">
      <ele>718.8</ele>
    </trkpt>
    <trkpt lat="42.379838" lon="-2.975153">
      <ele>727.2</ele>
    </trkpt>
    <trkpt lat="42.377651" lon="-2.976408">
      <ele>731.5</ele>
    </trkpt>
    <trkpt lat="42.372195" lon="-2.979757">
      <ele>748.6</ele>
    </trkpt>
    <trkpt lat="42.37117" lon="-2.980353">
      <ele>751.4</ele>
    </trkpt>
    <trkpt lat="42.371095" lon="-2.980397">
      <ele>751.6</ele>
    </trkpt>
    <trkpt lat="42.370592" lon="-2.980689">
      <ele>752.6</ele>
    </trkpt>
    <trkpt lat="42.366948" lon="-2.982618">
      <ele>756.6</ele>
    </trkpt>
    <trkpt lat="42.366627" lon="-2.982843">
      <ele>756.9</ele>
    </trkpt>
    <trkpt lat="42.365932" lon="-2.983441">
      <ele>757.7</ele>
    </trkpt>
    <trkpt lat="42.365405" lon="-2.983805">
      <ele>758.6</ele>
    </trkpt>
    <trkpt lat="42.364807" lon="-2.984434">
      <ele>759.7</ele>
    </trkpt>
    <trkpt lat="42.364287" lon="-2.985041">
      <ele>760.6</ele>
    </trkpt>
    <trkpt lat="42.363716" lon="-2.985501">
      <ele>761.3</ele>
    </trkpt>
    <trkpt lat="42.361891" lon="-2.986971">
      <ele>762.4</ele>
    </trkpt>
    <trkpt lat="42.35944" lon="-2.989022">
      <ele>766.3</ele>
    </trkpt>
    <trkpt lat="42.358273" lon="-2.989954">
      <ele>766.9</ele>
    </trkpt>
    <trkpt lat="42.356802" lon="-2.991367">
      <ele>770.6</ele>
    </trkpt>
    <trkpt lat="42.355295" lon="-2.992873">
      <ele>782.2</ele>
    </trkpt>
    <trkpt lat="42.35486" lon="-2.993167">
      <ele>785.6</ele>
    </trkpt>
    <trkpt lat="42.354353" lon="-2.993435">
      <ele>789</ele>
    </trkpt>
    <trkpt lat="42.353888" lon="-2.993769">
      <ele>790.7</ele>
    </trkpt>
    <trkpt lat="42.353154" lon="-2.994538">
      <ele>789.9</ele>
    </trkpt>
    <trkpt lat="42.352847" lon="-2.9949">
      <ele>787.9</ele>
    </trkpt>
    <trkpt lat="42.352532" lon="-2.995461">
      <ele>784.7</ele>
    </trkpt>
    <trkpt lat="42.352094" lon="-2.996334">
      <ele>779.1</ele>
    </trkpt>
    <trkpt lat="42.35142" lon="-2.997715">
      <ele>773.5</ele>
    </trkpt>
    <trkpt lat="42.350916" lon="-2.998726">
      <ele>773.1</ele>
    </trkpt>
    <trkpt lat="42.350813" lon="-2.998882">
      <ele>773.2</ele>
    </trkpt>
    <trkpt lat="42.350737" lon="-2.998996">
      <ele>773.2</ele>
    </trkpt>
    <trkpt lat="42.349841" lon="-2.999866">
      <ele>774.2</ele>
    </trkpt>
    <trkpt lat="42.349559" lon="-3.00011">
      <ele>774.6</ele>
    </trkpt>
    <trkpt lat="42.348301" lon="-3.001082">
      <ele>777.3</ele>
    </trkpt>
    <trkpt lat="42.347735" lon="-3.001519">
      <ele>778.6</ele>
    </trkpt>
    <trkpt lat="42.346796" lon="-3.002014">
      <ele>780.2</ele>
    </trkpt>
    <trkpt lat="42.345966" lon="-3.002467">
      <ele>781.1</ele>
    </trkpt>
    <trkpt lat="42.345151" lon="-3.002968">
      <ele>782.1</ele>
    </trkpt>
    <trkpt lat="42.344385" lon="-3.003438">
      <ele>783.4</ele>
    </trkpt>
    <trkpt lat="42.344025" lon="-3.003633">
      <ele>784.1</ele>
    </trkpt>
    <trkpt lat="42.343561" lon="-3.003726">
      <ele>784.9</ele>
    </trkpt>
    <trkpt lat="42.343082" lon="-3.003953">
      <ele>785.8</ele>
    </trkpt>
    <trkpt lat="42.342509" lon="-3.004302">
      <ele>786.7</ele>
    </trkpt>
    <trkpt lat="42.342006" lon="-3.004659">
      <ele>787.4</ele>
    </trkpt>
    <trkpt lat="42.34111" lon="-3.006122">
      <ele>789.5</ele>
    </trkpt>
    <trkpt lat="42.340576" lon="-3.007173">
      <ele>790.9</ele>
    </trkpt>
    <trkpt lat="42.340209" lon="-3.007978">
      <ele>791.7</ele>
    </trkpt>
    <trkpt lat="42.339858" lon="-3.008586">
      <ele>792.2</ele>
    </trkpt>
    <trkpt lat="42.339709" lon="-3.008787">
      <ele>792.3</ele>
    </trkpt>
    <trkpt lat="42.339346" lon="-3.009174">
      <ele>792.6</ele>
    </trkpt>
    <trkpt lat="42.338994" lon="-3.009439">
      <ele>792.8</ele>
    </trkpt>
    <trkpt lat="42.338226" lon="-3.00984">
      <ele>793.5</ele>
    </trkpt>
    <trkpt lat="42.337622" lon="-3.010084">
      <ele>794.1</ele>
    </trkpt>
    <trkpt lat="42.33712" lon="-3.010265">
      <ele>794.8</ele>
    </trkpt>
    <trkpt lat="42.335275" lon="-3.011209">
      <ele>798.2</ele>
    </trkpt>
    <trkpt lat="42.333833" lon="-3.012046">
      <ele>801.4</ele>
    </trkpt>
    <trkpt lat="42.33346" lon="-3.012271">
      <ele>802</ele>
    </trkpt>
    <trkpt lat="42.333098" lon="-3.012495">
      <ele>802.8</ele>
    </trkpt>
    <trkpt lat="42.332534" lon="-3.012801">
      <ele>804.3</ele>
    </trkpt>
    <trkpt lat="42.3323" lon="-3.012893">
      <ele>804.8</ele>
    </trkpt>
    <trkpt lat="42.33157" lon="-3.013091">
      <ele>806.4</ele>
    </trkpt>
    <trkpt lat="42.330935" lon="-3.013265">
      <ele>807.7</ele>
    </trkpt>
    <trkpt lat="42.329355" lon="-3.013692">
      <ele>809.9</ele>
    </trkpt>
    <trkpt lat="42.329061" lon="-3.01376">
      <ele>810.1</ele>
    </trkpt>
    <trkpt lat="42.328993" lon="-3.013777">
      <ele>810.1</ele>
    </trkpt>
    <trkpt lat="42.328896" lon="-3.013802">
      <ele>810.2</ele>
    </trkpt>
    <trkpt lat="42.328664" lon="-3.01385">
      <ele>810.4</ele>
    </trkpt>
    <trkpt lat="42.328243" lon="-3.013938">
      <ele>810.9</ele>
    </trkpt>
    <trkpt lat="42.327699" lon="-3.014069">
      <ele>811.6</ele>
    </trkpt>
    <trkpt lat="42.327409" lon="-3.014059">
      <ele>812</ele>
    </trkpt>
    <trkpt lat="42.326946" lon="-3.013967">
      <ele>812.5</ele>
    </trkpt>
    <trkpt lat="42.32682" lon="-3.013994">
      <ele>812.8</ele>
    </trkpt>
    <trkpt lat="42.326814" lon="-3.013284">
      <ele>813.3</ele>
    </trkpt>
    <trkpt lat="42.326623" lon="-3.01325">
      <ele>813.6</ele>
    </trkpt>
    <trkpt lat="42.326498" lon="-3.013165">
      <ele>813.7</ele>
    </trkpt>
    <trkpt lat="42.326368" lon="-3.012899">
      <ele>814</ele>
    </trkpt>
    <trkpt lat="42.32616" lon="-3.012841">
      <ele>814.1</ele>
    </trkpt>
    <trkpt lat="42.326104" lon="-3.012781">
      <ele>814.2</ele>
    </trkpt>
    <trkpt lat="42.325264" lon="-3.012738">
      <ele>815</ele>
    </trkpt>
    <trkpt lat="42.324741" lon="-3.012684">
      <ele>815.7</ele>
    </trkpt>
    <trkpt lat="42.324656" lon="-3.012675">
      <ele>815.9</ele>
    </trkpt>
    <trkpt lat="42.324563" lon="-3.012575">
      <ele>816.1</ele>
    </trkpt>
    <trkpt lat="42.324517" lon="-3.012457">
      <ele>816.3</ele>
    </trkpt>
    <trkpt lat="42.324438" lon="-3.012475">
      <ele>816.5</ele>
    </trkpt>
    <trkpt lat="42.32351" lon="-3.012516">
      <ele>818.4</ele>
    </trkpt>
    <trkpt lat="42.323063" lon="-3.012597">
      <ele>819.3</ele>
    </trkpt>
    <trkpt lat="42.322219" lon="-3.012966">
      <ele>820.5</ele>
    </trkpt>
    <trkpt lat="42.32139" lon="-3.013343">
      <ele>823.1</ele>
    </trkpt>
    <trkpt lat="42.320661" lon="-3.013755">
      <ele>827</ele>
    </trkpt>
    <trkpt lat="42.320634" lon="-3.013644">
      <ele>827.5</ele>
    </trkpt>
    <trkpt lat="42.320406" lon="-3.012942">
      <ele>830.6</ele>
    </trkpt>
    <trkpt lat="42.320388" lon="-3.012827">
      <ele>831.1</ele>
    </trkpt>
    <trkpt lat="42.320289" lon="-3.012808">
      <ele>831.7</ele>
    </trkpt>
    <trkpt lat="42.319753" lon="-3.012533">
      <ele>835.1</ele>
    </trkpt>
    <trkpt lat="42.31906" lon="-3.012213">
      <ele>838.7</ele>
    </trkpt>
    <trkpt lat="42.318418" lon="-3.01223">
      <ele>838.8</ele>
    </trkpt>
    <trkpt lat="42.317947" lon="-3.012328">
      <ele>838.5</ele>
    </trkpt>
    <trkpt lat="42.317681" lon="-3.01243">
      <ele>838.4</ele>
    </trkpt>
    <trkpt lat="42.316812" lon="-3.01288">
      <ele>837.4</ele>
    </trkpt>
    <trkpt lat="42.316087" lon="-3.013283">
      <ele>836.1</ele>
    </trkpt>
    <trkpt lat="42.315885" lon="-3.013434">
      <ele>835.6</ele>
    </trkpt>
    <trkpt lat="42.314679" lon="-3.01455">
      <ele>834.6</ele>
    </trkpt>
    <trkpt lat="42.313794" lon="-3.015199">
      <ele>835.2</ele>
    </trkpt>
    <trkpt lat="42.31367" lon="-3.015289">
      <ele>835.5</ele>
    </trkpt>
    <trkpt lat="42.31305" lon="-3.015523">
      <ele>837.2</ele>
    </trkpt>
    <trkpt lat="42.312405" lon="-3.015766">
      <ele>839.4</ele>
    </trkpt>
    <trkpt lat="42.31129" lon="-3.016538">
      <ele>844.6</ele>
    </trkpt>
    <trkpt lat="42.310226" lon="-3.017039">
      <ele>849.4</ele>
    </trkpt>
    <trkpt lat="42.30963" lon="-3.01751">
      <ele>851.7</ele>
    </trkpt>
    <trkpt lat="42.308646" lon="-3.018376">
      <ele>854.2</ele>
    </trkpt>
    <trkpt lat="42.30668" lon="-3.020173">
      <ele>856.1</ele>
    </trkpt>
    <trkpt lat="42.305881" lon="-3.020923">
      <ele>858.6</ele>
    </trkpt>
    <trkpt lat="42.30539" lon="-3.02147">
      <ele>862.8</ele>
    </trkpt>
    <trkpt lat="42.305228" lon="-3.021652">
      <ele>864.1</ele>
    </trkpt>
    <trkpt lat="42.305096" lon="-3.021526">
      <ele>865.7</ele>
    </trkpt>
    <trkpt lat="42.30507" lon="-3.021433">
      <ele>866.2</ele>
    </trkpt>
    <trkpt lat="42.305025" lon="-3.021345">
      <ele>866.6</ele>
    </trkpt>
    <trkpt lat="42.304982" lon="-3.021154">
      <ele>868.4</ele>
    </trkpt>
    <trkpt lat="42.305005" lon="-3.021021">
      <ele>869.3</ele>
    </trkpt>
    <trkpt lat="42.305049" lon="-3.020923">
      <ele>869.9</ele>
    </trkpt>
    <trkpt lat="42.305592" lon="-3.019995">
      <ele>879.8</ele>
    </trkpt>
    <trkpt lat="42.305983" lon="-3.019514">
      <ele>885.4</ele>
    </trkpt>
    <trkpt lat="42.306202" lon="-3.019048">
      <ele>888.1</ele>
    </trkpt>
    <trkpt lat="42.306573" lon="-3.018716">
      <ele>890.8</ele>
    </trkpt>
    <trkpt lat="42.306725" lon="-3.018468">
      <ele>892.5</ele>
    </trkpt>
    <trkpt lat="42.306928" lon="-3.018027">
      <ele>895</ele>
    </trkpt>
    <trkpt lat="42.306984" lon="-3.01795">
      <ele>895.5</ele>
    </trkpt>
    <trkpt lat="42.307124" lon="-3.017855">
      <ele>896.7</ele>
    </trkpt>
    <trkpt lat="42.307456" lon="-3.017714">
      <ele>899.4</ele>
    </trkpt>
    <trkpt lat="42.307628" lon="-3.017551">
      <ele>901.3</ele>
    </trkpt>
    <trkpt lat="42.308112" lon="-3.01684">
      <ele>909</ele>
    </trkpt>
    <trkpt lat="42.308622" lon="-3.016231">
      <ele>917.2</ele>
    </trkpt>
    <trkpt lat="42.308839" lon="-3.015885">
      <ele>921.4</ele>
    </trkpt>
    <trkpt lat="42.309227" lon="-3.01505">
      <ele>929</ele>
    </trkpt>
    <trkpt lat="42.309309" lon="-3.014759">
      <ele>931.2</ele>
    </trkpt>
    <trkpt lat="42.309306" lon="-3.014553">
      <ele>932.6</ele>
    </trkpt>
    <trkpt lat="42.309283" lon="-3.014463">
      <ele>933.2</ele>
    </trkpt>
    <trkpt lat="42.309221" lon="-3.014322">
      <ele>934.2</ele>
    </trkpt>
    <trkpt lat="42.309064" lon="-3.014075">
      <ele>936.1</ele>
    </trkpt>
    <trkpt lat="42.30904" lon="-3.01395">
      <ele>936.7</ele>
    </trkpt>
    <trkpt lat="42.309055" lon="-3.013883">
      <ele>937.1</ele>
    </trkpt>
    <trkpt lat="42.309136" lon="-3.013748">
      <ele>938</ele>
    </trkpt>
    <trkpt lat="42.309517" lon="-3.013367">
      <ele>940.5</ele>
    </trkpt>
    <trkpt lat="42.309644" lon="-3.013164">
      <ele>941.6</ele>
    </trkpt>
    <trkpt lat="42.309795" lon="-3.012651">
      <ele>943.8</ele>
    </trkpt>
    <trkpt lat="42.309818" lon="-3.01245">
      <ele>944.7</ele>
    </trkpt>
    <trkpt lat="42.309794" lon="-3.012285">
      <ele>945.6</ele>
    </trkpt>
    <trkpt lat="42.309732" lon="-3.012135">
      <ele>946.7</ele>
    </trkpt>
    <trkpt lat="42.309506" lon="-3.011835">
      <ele>949.8</ele>
    </trkpt>
    <trkpt lat="42.309366" lon="-3.011518">
      <ele>953.2</ele>
    </trkpt>
    <trkpt lat="42.309232" lon="-3.011118">
      <ele>957.1</ele>
    </trkpt>
    <trkpt lat="42.308936" lon="-3.009876">
      <ele>968.7</ele>
    </trkpt>
    <trkpt lat="42.308861" lon="-3.00966">
      <ele>970.9</ele>
    </trkpt>
    <trkpt lat="42.308359" lon="-3.008842">
      <ele>980.7</ele>
    </trkpt>
    <trkpt lat="42.308177" lon="-3.008416">
      <ele>984.3</ele>
    </trkpt>
    <trkpt lat="42.30812" lon="-3.008359">
      <ele>985.4</ele>
    </trkpt>
    <trkpt lat="42.308021" lon="-3.008381">
      <ele>986.3</ele>
    </trkpt>
    <trkpt lat="42.307985" lon="-3.008461">
      <ele>986.7</ele>
    </trkpt>
    <trkpt lat="42.307976" lon="-3.008566">
      <ele>987</ele>
    </trkpt>
    <trkpt lat="42.308015" lon="-3.008708">
      <ele>988</ele>
    </trkpt>
    <trkpt lat="42.308212" lon="-3.009132">
      <ele>991.1</ele>
    </trkpt>
    <trkpt lat="42.308266" lon="-3.009302">
      <ele>991.7</ele>
    </trkpt>
    <trkpt lat="42.308298" lon="-3.009504">
      <ele>992.9</ele>
    </trkpt>
    <trkpt lat="42.308359" lon="-3.010713">
      <ele>999.8</ele>
    </trkpt>
    <trkpt lat="42.30833" lon="-3.010825">
      <ele>1000.1</ele>
    </trkpt>
    <trkpt lat="42.308283" lon="-3.010865">
      <ele>1000.7</ele>
    </trkpt>
    <trkpt lat="42.308216" lon="-3.010835">
      <ele>1001.8</ele>
    </trkpt>
    <trkpt lat="42.308144" lon="-3.010713">
      <ele>1002.3</ele>
    </trkpt>
    <trkpt lat="42.307826" lon="-3.009541">
      <ele>1009.9</ele>
    </trkpt>
    <trkpt lat="42.307349" lon="-3.008502">
      <ele>1016.1</ele>
    </trkpt>
    <trkpt lat="42.307327" lon="-3.008268">
      <ele>1016.8</ele>
    </trkpt>
    <trkpt lat="42.307351" lon="-3.00776">
      <ele>1018.5</ele>
    </trkpt>
    <trkpt lat="42.307315" lon="-3.00725">
      <ele>1020.3</ele>
    </trkpt>
    <trkpt lat="42.307273" lon="-3.007096">
      <ele>1020.9</ele>
    </trkpt>
    <trkpt lat="42.307227" lon="-3.007059">
      <ele>1021.2</ele>
    </trkpt>
    <trkpt lat="42.307187" lon="-3.007066">
      <ele>1021.3</ele>
    </trkpt>
    <trkpt lat="42.307107" lon="-3.007173">
      <ele>1021.9</ele>
    </trkpt>
    <trkpt lat="42.307055" lon="-3.007683">
      <ele>1023.8</ele>
    </trkpt>
    <trkpt lat="42.306842" lon="-3.008459">
      <ele>1027.6</ele>
    </trkpt>
    <trkpt lat="42.306887" lon="-3.009605">
      <ele>1034.1</ele>
    </trkpt>
    <trkpt lat="42.306843" lon="-3.009984">
      <ele>1037.4</ele>
    </trkpt>
    <trkpt lat="42.306741" lon="-3.010496">
      <ele>1041.9</ele>
    </trkpt>
    <trkpt lat="42.306716" lon="-3.01122">
      <ele>1047.7</ele>
    </trkpt>
    <trkpt lat="42.306672" lon="-3.011591">
      <ele>1050.6</ele>
    </trkpt>
    <trkpt lat="42.306595" lon="-3.011853">
      <ele>1052.9</ele>
    </trkpt>
    <trkpt lat="42.306405" lon="-3.012274">
      <ele>1056.3</ele>
    </trkpt>
    <trkpt lat="42.306239" lon="-3.012906">
      <ele>1060.8</ele>
    </trkpt>
    <trkpt lat="42.306142" lon="-3.013076">
      <ele>1062.6</ele>
    </trkpt>
    <trkpt lat="42.305987" lon="-3.013193">
      <ele>1064.5</ele>
    </trkpt>
    <trkpt lat="42.305024" lon="-3.013299">
      <ele>1073.3</ele>
    </trkpt>
    <trkpt lat="42.304301" lon="-3.013702">
      <ele>1080.6</ele>
    </trkpt>
    <trkpt lat="42.303604" lon="-3.013733">
      <ele>1086.8</ele>
    </trkpt>
    <trkpt lat="42.303459" lon="-3.013789">
      <ele>1088.1</ele>
    </trkpt>
    <trkpt lat="42.303097" lon="-3.014054">
      <ele>1091.3</ele>
    </trkpt>
    <trkpt lat="42.302912" lon="-3.014361">
      <ele>1093.2</ele>
    </trkpt>
    <trkpt lat="42.30282" lon="-3.014469">
      <ele>1094</ele>
    </trkpt>
    <trkpt lat="42.302719" lon="-3.014522">
      <ele>1094.6</ele>
    </trkpt>
    <trkpt lat="42.302464" lon="-3.014524">
      <ele>1096</ele>
    </trkpt>
    <trkpt lat="42.302035" lon="-3.014384">
      <ele>1098.3</ele>
    </trkpt>
    <trkpt lat="42.301792" lon="-3.014422">
      <ele>1099.4</ele>
    </trkpt>
    <trkpt lat="42.301148" lon="-3.014748">
      <ele>1102.2</ele>
    </trkpt>
    <trkpt lat="42.300242" lon="-3.01556">
      <ele>1104.7</ele>
    </trkpt>
    <trkpt lat="42.300066" lon="-3.015698">
      <ele>1105</ele>
    </trkpt>
    <trkpt lat="42.299985" lon="-3.015731">
      <ele>1105</ele>
    </trkpt>
    <trkpt lat="42.299593" lon="-3.015787">
      <ele>1105.3</ele>
    </trkpt>
    <trkpt lat="42.299002" lon="-3.0157">
      <ele>1106.3</ele>
    </trkpt>
    <trkpt lat="42.298908" lon="-3.015649">
      <ele>1106.4</ele>
    </trkpt>
    <trkpt lat="42.298718" lon="-3.015432">
      <ele>1107</ele>
    </trkpt>
    <trkpt lat="42.29849" lon="-3.015035">
      <ele>1108.3</ele>
    </trkpt>
    <trkpt lat="42.298372" lon="-3.014702">
      <ele>1109.4</ele>
    </trkpt>
    <trkpt lat="42.298163" lon="-3.013781">
      <ele>1113.5</ele>
    </trkpt>
    <trkpt lat="42.298011" lon="-3.013302">
      <ele>1116.2</ele>
    </trkpt>
    <trkpt lat="42.297505" lon="-3.012246">
      <ele>1121.7</ele>
    </trkpt>
    <trkpt lat="42.297161" lon="-3.01168">
      <ele>1124.8</ele>
    </trkpt>
    <trkpt lat="42.29702" lon="-3.01132">
      <ele>1126.5</ele>
    </trkpt>
    <trkpt lat="42.296903" lon="-3.010606">
      <ele>1130</ele>
    </trkpt>
    <trkpt lat="42.296888" lon="-3.010336">
      <ele>1131.4</ele>
    </trkpt>
    <trkpt lat="42.296986" lon="-3.009085">
      <ele>1138.7</ele>
    </trkpt>
    <trkpt lat="42.296944" lon="-3.00826">
      <ele>1143.9</ele>
    </trkpt>
    <trkpt lat="42.296986" lon="-3.007741">
      <ele>1147</ele>
    </trkpt>
    <trkpt lat="42.296975" lon="-3.007531">
      <ele>1148</ele>
    </trkpt>
    <trkpt lat="42.296904" lon="-3.007347">
      <ele>1149</ele>
    </trkpt>
    <trkpt lat="42.296329" lon="-3.006468">
      <ele>1153.2</ele>
    </trkpt>
    <trkpt lat="42.296079" lon="-3.005995">
      <ele>1154.4</ele>
    </trkpt>
    <trkpt lat="42.295915" lon="-3.005483">
      <ele>1155.4</ele>
    </trkpt>
    <trkpt lat="42.295804" lon="-3.004887">
      <ele>1156.4</ele>
    </trkpt>
    <trkpt lat="42.295758" lon="-3.004002">
      <ele>1157.7</ele>
    </trkpt>
    <trkpt lat="42.295653" lon="-3.003375">
      <ele>1159</ele>
    </trkpt>
    <trkpt lat="42.295592" lon="-3.002812">
      <ele>1160.4</ele>
    </trkpt>
    <trkpt lat="42.295578" lon="-3.002112">
      <ele>1162.9</ele>
    </trkpt>
    <trkpt lat="42.295512" lon="-3.001097">
      <ele>1167.9</ele>
    </trkpt>
    <trkpt lat="42.295556" lon="-3.000075">
      <ele>1175.9</ele>
    </trkpt>
    <trkpt lat="42.295547" lon="-2.999041">
      <ele>1185.9</ele>
    </trkpt>
    <trkpt lat="42.295519" lon="-2.998566">
      <ele>1190</ele>
    </trkpt>
    <trkpt lat="42.295451" lon="-2.998305">
      <ele>1192</ele>
    </trkpt>
    <trkpt lat="42.29532" lon="-2.998093">
      <ele>1194.1</ele>
    </trkpt>
    <trkpt lat="42.295211" lon="-2.997994">
      <ele>1195.1</ele>
    </trkpt>
    <trkpt lat="42.294931" lon="-2.997831">
      <ele>1197.5</ele>
    </trkpt>
    <trkpt lat="42.294203" lon="-2.99749">
      <ele>1201.9</ele>
    </trkpt>
    <trkpt lat="42.293933" lon="-2.997307">
      <ele>1203.1</ele>
    </trkpt>
    <trkpt lat="42.293797" lon="-2.997177">
      <ele>1203.3</ele>
    </trkpt>
    <trkpt lat="42.293641" lon="-2.996958">
      <ele>1204</ele>
    </trkpt>
    <trkpt lat="42.293531" lon="-2.996712">
      <ele>1204.5</ele>
    </trkpt>
    <trkpt lat="42.29334" lon="-2.995841">
      <ele>1207.2</ele>
    </trkpt>
    <trkpt lat="42.293182" lon="-2.995076">
      <ele>1212.3</ele>
    </trkpt>
    <trkpt lat="42.292921" lon="-2.994206">
      <ele>1220.9</ele>
    </trkpt>
    <trkpt lat="42.292815" lon="-2.993543">
      <ele>1228.7</ele>
    </trkpt>
    <trkpt lat="42.292324" lon="-2.992127">
      <ele>1247</ele>
    </trkpt>
    <trkpt lat="42.292208" lon="-2.991923">
      <ele>1250.5</ele>
    </trkpt>
    <trkpt lat="42.292009" lon="-2.991683">
      <ele>1255.3</ele>
    </trkpt>
    <trkpt lat="42.291785" lon="-2.991523">
      <ele>1259.4</ele>
    </trkpt>
    <trkpt lat="42.291376" lon="-2.991335">
      <ele>1266.5</ele>
    </trkpt>
    <trkpt lat="42.291045" lon="-2.991144">
      <ele>1271.1</ele>
    </trkpt>
    <trkpt lat="42.29028" lon="-2.99064">
      <ele>1278.4</ele>
    </trkpt>
    <trkpt lat="42.290033" lon="-2.990579">
      <ele>1279.8</ele>
    </trkpt>
    <trkpt lat="42.289798" lon="-2.990623">
      <ele>1279.6</ele>
    </trkpt>
    <trkpt lat="42.289241" lon="-2.990835">
      <ele>1279.3</ele>
    </trkpt>
    <trkpt lat="42.289001" lon="-2.991002">
      <ele>1278.4</ele>
    </trkpt>
    <trkpt lat="42.28869" lon="-2.991344">
      <ele>1276.4</ele>
    </trkpt>
    <trkpt lat="42.288523" lon="-2.991434">
      <ele>1275.2</ele>
    </trkpt>
    <trkpt lat="42.288424" lon="-2.99142">
      <ele>1275.3</ele>
    </trkpt>
    <trkpt lat="42.288274" lon="-2.991285">
      <ele>1275.1</ele>
    </trkpt>
    <trkpt lat="42.287947" lon="-2.990757">
      <ele>1276.4</ele>
    </trkpt>
    <trkpt lat="42.287669" lon="-2.990218">
      <ele>1280.1</ele>
    </trkpt>
    <trkpt lat="42.286795" lon="-2.988284">
      <ele>1297.1</ele>
    </trkpt>
    <trkpt lat="42.286732" lon="-2.988217">
      <ele>1297.6</ele>
    </trkpt>
    <trkpt lat="42.286585" lon="-2.988155">
      <ele>1298.6</ele>
    </trkpt>
    <trkpt lat="42.286342" lon="-2.988172">
      <ele>1299.6</ele>
    </trkpt>
    <trkpt lat="42.285637" lon="-2.988322">
      <ele>1300.3</ele>
    </trkpt>
    <trkpt lat="42.285436" lon="-2.988301">
      <ele>1299.9</ele>
    </trkpt>
    <trkpt lat="42.285365" lon="-2.988268">
      <ele>1299.6</ele>
    </trkpt>
    <trkpt lat="42.285237" lon="-2.988136">
      <ele>1298.6</ele>
    </trkpt>
    <trkpt lat="42.285161" lon="-2.987941">
      <ele>1297.8</ele>
    </trkpt>
    <trkpt lat="42.285142" lon="-2.987783">
      <ele>1297.2</ele>
    </trkpt>
    <trkpt lat="42.285166" lon="-2.987421">
      <ele>1296.6</ele>
    </trkpt>
    <trkpt lat="42.285316" lon="-2.986755">
      <ele>1295.8</ele>
    </trkpt>
    <trkpt lat="42.285391" lon="-2.986059">
      <ele>1296.1</ele>
    </trkpt>
    <trkpt lat="42.285453" lon="-2.985749">
      <ele>1296.8</ele>
    </trkpt>
    <trkpt lat="42.285555" lon="-2.985559">
      <ele>1297.4</ele>
    </trkpt>
    <trkpt lat="42.28593" lon="-2.985157">
      <ele>1299.6</ele>
    </trkpt>
    <trkpt lat="42.286076" lon="-2.984865">
      <ele>1301.1</ele>
    </trkpt>
    <trkpt lat="42.2862" lon="-2.98442">
      <ele>1303.2</ele>
    </trkpt>
    <trkpt lat="42.286396" lon="-2.983366">
      <ele>1307.9</ele>
    </trkpt>
    <trkpt lat="42.286402" lon="-2.983073">
      <ele>1309.2</ele>
    </trkpt>
    <trkpt lat="42.286327" lon="-2.982734">
      <ele>1310.6</ele>
    </trkpt>
    <trkpt lat="42.285983" lon="-2.981846">
      <ele>1313.7</ele>
    </trkpt>
    <trkpt lat="42.285908" lon="-2.981549">
      <ele>1314.5</ele>
    </trkpt>
    <trkpt lat="42.285906" lon="-2.980996">
      <ele>1315.7</ele>
    </trkpt>
    <trkpt lat="42.285955" lon="-2.980587">
      <ele>1316.5</ele>
    </trkpt>
    <trkpt lat="42.286009" lon="-2.980376">
      <ele>1317.1</ele>
    </trkpt>
    <trkpt lat="42.286251" lon="-2.979774">
      <ele>1319.2</ele>
    </trkpt>
    <trkpt lat="42.286381" lon="-2.979513">
      <ele>1320.4</ele>
    </trkpt>
    <trkpt lat="42.286838" lon="-2.978738">
      <ele>1324.7</ele>
    </trkpt>
    <trkpt lat="42.287175" lon="-2.978022">
      <ele>1328.9</ele>
    </trkpt>
    <trkpt lat="42.287499" lon="-2.977453">
      <ele>1332.4</ele>
    </trkpt>
    <trkpt lat="42.287715" lon="-2.976949">
      <ele>1335.2</ele>
    </trkpt>
    <trkpt lat="42.287769" lon="-2.976766">
      <ele>1336.1</ele>
    </trkpt>
    <trkpt lat="42.287866" lon="-2.975152">
      <ele>1342.9</ele>
    </trkpt>
    <trkpt lat="42.287688" lon="-2.973717">
      <ele>1348.8</ele>
    </trkpt>
    <trkpt lat="42.287645" lon="-2.9732">
      <ele>1351.4</ele>
    </trkpt>
    <trkpt lat="42.287645" lon="-2.972714">
      <ele>1354.3</ele>
    </trkpt>
    <trkpt lat="42.287719" lon="-2.97232">
      <ele>1356.8</ele>
    </trkpt>
    <trkpt lat="42.287989" lon="-2.971581">
      <ele>1362.2</ele>
    </trkpt>
    <trkpt lat="42.288095" lon="-2.971173">
      <ele>1365.2</ele>
    </trkpt>
    <trkpt lat="42.288136" lon="-2.970746">
      <ele>1368.2</ele>
    </trkpt>
    <trkpt lat="42.288099" lon="-2.970343">
      <ele>1371.1</ele>
    </trkpt>
    <trkpt lat="42.287996" lon="-2.96996">
      <ele>1374.2</ele>
    </trkpt>
    <trkpt lat="42.28737" lon="-2.96871">
      <ele>1388.5</ele>
    </trkpt>
    <trkpt lat="42.287" lon="-2.9681">
      <ele>1396.5</ele>
    </trkpt>
    <trkpt lat="42.286619" lon="-2.967558">
      <ele>1403.1</ele>
    </trkpt>
    <trkpt lat="42.28637" lon="-2.96715">
      <ele>1407</ele>
    </trkpt>
    <trkpt lat="42.286246" lon="-2.966837">
      <ele>1409</ele>
    </trkpt>
    <trkpt lat="42.28618" lon="-2.966483">
      <ele>1410.7</ele>
    </trkpt>
    <trkpt lat="42.286118" lon="-2.966342">
      <ele>1411.3</ele>
    </trkpt>
    <trkpt lat="42.286004" lon="-2.966271">
      <ele>1411.7</ele>
    </trkpt>
    <trkpt lat="42.285807" lon="-2.96626">
      <ele>1411.7</ele>
    </trkpt>
    <trkpt lat="42.285173" lon="-2.966387">
      <ele>1411.2</ele>
    </trkpt>
    <trkpt lat="42.284736" lon="-2.966557">
      <ele>1409.8</ele>
    </trkpt>
    <trkpt lat="42.284606" lon="-2.966575">
      <ele>1409.5</ele>
    </trkpt>
    <trkpt lat="42.284484" lon="-2.966515">
      <ele>1409.6</ele>
    </trkpt>
    <trkpt lat="42.284394" lon="-2.966349">
      <ele>1408.8</ele>
    </trkpt>
    <trkpt lat="42.284189" lon="-2.965697">
      <ele>1409.7</ele>
    </trkpt>
    <trkpt lat="42.284019" lon="-2.965306">
      <ele>1410.4</ele>
    </trkpt>
    <trkpt lat="42.283119" lon="-2.963716">
      <ele>1425</ele>
    </trkpt>
    <trkpt lat="42.28297" lon="-2.963408">
      <ele>1429.2</ele>
    </trkpt>
    <trkpt lat="42.282221" lon="-2.961629">
      <ele>1460</ele>
    </trkpt>
    <trkpt lat="42.282065" lon="-2.961134">
      <ele>1468</ele>
    </trkpt>
    <trkpt lat="42.282035" lon="-2.961045">
      <ele>1469.5</ele>
    </trkpt>
    <trkpt lat="42.281952" lon="-2.960932">
      <ele>1471.7</ele>
    </trkpt>
    <trkpt lat="42.281857" lon="-2.960903">
      <ele>1473.4</ele>
    </trkpt>
    <trkpt lat="42.281806" lon="-2.960917">
      <ele>1474.4</ele>
    </trkpt>
    <trkpt lat="42.281713" lon="-2.961033">
      <ele>1476.8</ele>
    </trkpt>
    <trkpt lat="42.281305" lon="-2.961852">
      <ele>1486.6</ele>
    </trkpt>
    <trkpt lat="42.281001" lon="-2.96268">
      <ele>1491.2</ele>
    </trkpt>
    <trkpt lat="42.280908" lon="-2.962872">
      <ele>1491.4</ele>
    </trkpt>
    <trkpt lat="42.280596" lon="-2.963204">
      <ele>1491.1</ele>
    </trkpt>
    <trkpt lat="42.28004" lon="-2.963639">
      <ele>1490.9</ele>
    </trkpt>
    <trkpt lat="42.279986" lon="-2.963723">
      <ele>1490.7</ele>
    </trkpt>
    <trkpt lat="42.280019" lon="-2.963999">
      <ele>1490.3</ele>
    </trkpt>
    <trkpt lat="42.28017" lon="-2.964354">
      <ele>1489.3</ele>
    </trkpt>
    <trkpt lat="42.280533" lon="-2.964701">
      <ele>1487.7</ele>
    </trkpt>
    <trkpt lat="42.280574" lon="-2.964785">
      <ele>1487.6</ele>
    </trkpt>
    <trkpt lat="42.280579" lon="-2.964849">
      <ele>1487.4</ele>
    </trkpt>
    <trkpt lat="42.280562" lon="-2.964979">
      <ele>1487.1</ele>
    </trkpt>
    <trkpt lat="42.280412" lon="-2.965464">
      <ele>1485.9</ele>
    </trkpt>
    <trkpt lat="42.280276" lon="-2.966314">
      <ele>1485</ele>
    </trkpt>
    <trkpt lat="42.280233" lon="-2.966838">
      <ele>1485.3</ele>
    </trkpt>
    <trkpt lat="42.280141" lon="-2.96714">
      <ele>1485.8</ele>
    </trkpt>
    <trkpt lat="42.279964" lon="-2.967574">
      <ele>1487.4</ele>
    </trkpt>
    <trkpt lat="42.279876" lon="-2.96769">
      <ele>1488.1</ele>
    </trkpt>
    <trkpt lat="42.27975" lon="-2.967774">
      <ele>1488.9</ele>
    </trkpt>
    <trkpt lat="42.279332" lon="-2.96787">
      <ele>1491.9</ele>
    </trkpt>
    <trkpt lat="42.278707" lon="-2.967803">
      <ele>1496.7</ele>
    </trkpt>
    <trkpt lat="42.278495" lon="-2.967754">
      <ele>1498.3</ele>
    </trkpt>
    <trkpt lat="42.278042" lon="-2.967563">
      <ele>1501.1</ele>
    </trkpt>
    <trkpt lat="42.277937" lon="-2.967568">
      <ele>1501.6</ele>
    </trkpt>
    <trkpt lat="42.27785" lon="-2.967684">
      <ele>1502.1</ele>
    </trkpt>
    <trkpt lat="42.277811" lon="-2.967868">
      <ele>1502.6</ele>
    </trkpt>
    <trkpt lat="42.277805" lon="-2.968554">
      <ele>1503.1</ele>
    </trkpt>
    <trkpt lat="42.277695" lon="-2.969694">
      <ele>1499.7</ele>
    </trkpt>
    <trkpt lat="42.277702" lon="-2.969828">
      <ele>1499.5</ele>
    </trkpt>
    <trkpt lat="42.27772" lon="-2.969984">
      <ele>1498.3</ele>
    </trkpt>
    <trkpt lat="42.277797" lon="-2.970289">
      <ele>1498.4</ele>
    </trkpt>
    <trkpt lat="42.278061" lon="-2.971104">
      <ele>1497.3</ele>
    </trkpt>
    <trkpt lat="42.278069" lon="-2.971197">
      <ele>1497.5</ele>
    </trkpt>
    <trkpt lat="42.278045" lon="-2.971361">
      <ele>1496.7</ele>
    </trkpt>
    <trkpt lat="42.277979" lon="-2.97148">
      <ele>1497.5</ele>
    </trkpt>
    <trkpt lat="42.277837" lon="-2.971542">
      <ele>1498</ele>
    </trkpt>
    <trkpt lat="42.277165" lon="-2.971378">
      <ele>1500.4</ele>
    </trkpt>
    <trkpt lat="42.276798" lon="-2.971341">
      <ele>1501.9</ele>
    </trkpt>
    <trkpt lat="42.276504" lon="-2.971367">
      <ele>1503.1</ele>
    </trkpt>
    <trkpt lat="42.276278" lon="-2.971466">
      <ele>1504.4</ele>
    </trkpt>
    <trkpt lat="42.276171" lon="-2.9716">
      <ele>1505</ele>
    </trkpt>
    <trkpt lat="42.275932" lon="-2.972141">
      <ele>1506.4</ele>
    </trkpt>
    <trkpt lat="42.275261" lon="-2.973475">
      <ele>1505.9</ele>
    </trkpt>
    <trkpt lat="42.27455" lon="-2.97503">
      <ele>1505.3</ele>
    </trkpt>
    <trkpt lat="42.274372" lon="-2.975333">
      <ele>1506</ele>
    </trkpt>
    <trkpt lat="42.274162" lon="-2.975571">
      <ele>1507.1</ele>
    </trkpt>
    <trkpt lat="42.273954" lon="-2.975626">
      <ele>1508.3</ele>
    </trkpt>
    <trkpt lat="42.273383" lon="-2.975464">
      <ele>1511.3</ele>
    </trkpt>
    <trkpt lat="42.272531" lon="-2.975343">
      <ele>1515.4</ele>
    </trkpt>
    <trkpt lat="42.27212" lon="-2.975383">
      <ele>1516.2</ele>
    </trkpt>
    <trkpt lat="42.271514" lon="-2.975566">
      <ele>1516.6</ele>
    </trkpt>
    <trkpt lat="42.270997" lon="-2.97604">
      <ele>1515</ele>
    </trkpt>
    <trkpt lat="42.270876" lon="-2.976118">
      <ele>1514.4</ele>
    </trkpt>
    <trkpt lat="42.270762" lon="-2.976145">
      <ele>1513.9</ele>
    </trkpt>
    <trkpt lat="42.270621" lon="-2.976113">
      <ele>1513</ele>
    </trkpt>
    <trkpt lat="42.270391" lon="-2.975954">
      <ele>1511.5</ele>
    </trkpt>
    <trkpt lat="42.269483" lon="-2.975145">
      <ele>1505.6</ele>
    </trkpt>
    <trkpt lat="42.269143" lon="-2.974884">
      <ele>1504.3</ele>
    </trkpt>
    <trkpt lat="42.268767" lon="-2.974511">
      <ele>1504.4</ele>
    </trkpt>
    <trkpt lat="42.268375" lon="-2.974059">
      <ele>1507.4</ele>
    </trkpt>
    <trkpt lat="42.268243" lon="-2.973835">
      <ele>1509.5</ele>
    </trkpt>
    <trkpt lat="42.268135" lon="-2.973453">
      <ele>1513.7</ele>
    </trkpt>
    <trkpt lat="42.268006" lon="-2.972281">
      <ele>1528.3</ele>
    </trkpt>
    <trkpt lat="42.267987" lon="-2.971667">
      <ele>1536</ele>
    </trkpt>
    <trkpt lat="42.267955" lon="-2.971562">
      <ele>1537.4</ele>
    </trkpt>
    <trkpt lat="42.267923" lon="-2.971522">
      <ele>1538.1</ele>
    </trkpt>
    <trkpt lat="42.267795" lon="-2.971466">
      <ele>1540.3</ele>
    </trkpt>
    <trkpt lat="42.267409" lon="-2.971418">
      <ele>1545.9</ele>
    </trkpt>
    <trkpt lat="42.266997" lon="-2.971182">
      <ele>1551</ele>
    </trkpt>
    <trkpt lat="42.266865" lon="-2.971184">
      <ele>1552.2</ele>
    </trkpt>
    <trkpt lat="42.266725" lon="-2.971258">
      <ele>1553.4</ele>
    </trkpt>
    <trkpt lat="42.266667" lon="-2.971375">
      <ele>1554.1</ele>
    </trkpt>
    <trkpt lat="42.26653" lon="-2.971884">
      <ele>1555.7</ele>
    </trkpt>
    <trkpt lat="42.266498" lon="-2.971957">
      <ele>1556</ele>
    </trkpt>
    <trkpt lat="42.266359" lon="-2.972106">
      <ele>1556.3</ele>
    </trkpt>
    <trkpt lat="42.266165" lon="-2.972173">
      <ele>1556.8</ele>
    </trkpt>
    <trkpt lat="42.265712" lon="-2.97221">
      <ele>1557.5</ele>
    </trkpt>
    <trkpt lat="42.265398" lon="-2.972293">
      <ele>1557.8</ele>
    </trkpt>
    <trkpt lat="42.265249" lon="-2.972372">
      <ele>1557.9</ele>
    </trkpt>
    <trkpt lat="42.264891" lon="-2.972655">
      <ele>1558.2</ele>
    </trkpt>
    <trkpt lat="42.264758" lon="-2.972809">
      <ele>1558.2</ele>
    </trkpt>
    <trkpt lat="42.264625" lon="-2.973031">
      <ele>1558</ele>
    </trkpt>
    <trkpt lat="42.264339" lon="-2.973657">
      <ele>1556.8</ele>
    </trkpt>
    <trkpt lat="42.264227" lon="-2.973766">
      <ele>1556.3</ele>
    </trkpt>
    <trkpt lat="42.264095" lon="-2.973833">
      <ele>1555.8</ele>
    </trkpt>
    <trkpt lat="42.263904" lon="-2.973896">
      <ele>1555.1</ele>
    </trkpt>
    <trkpt lat="42.263343" lon="-2.973983">
      <ele>1553.2</ele>
    </trkpt>
    <trkpt lat="42.262532" lon="-2.974019">
      <ele>1551.1</ele>
    </trkpt>
    <trkpt lat="42.261606" lon="-2.973911">
      <ele>1547.4</ele>
    </trkpt>
    <trkpt lat="42.260919" lon="-2.973766">
      <ele>1543.2</ele>
    </trkpt>
    <trkpt lat="42.26057" lon="-2.973742">
      <ele>1540.9</ele>
    </trkpt>
    <trkpt lat="42.260456" lon="-2.973758">
      <ele>1540.3</ele>
    </trkpt>
    <trkpt lat="42.26031" lon="-2.973804">
      <ele>1538.6</ele>
    </trkpt>
    <trkpt lat="42.260159" lon="-2.97381">
      <ele>1537.9</ele>
    </trkpt>
    <trkpt lat="42.259878" lon="-2.973682">
      <ele>1536.4</ele>
    </trkpt>
    <trkpt lat="42.25965" lon="-2.97351">
      <ele>1535.2</ele>
    </trkpt>
    <trkpt lat="42.259494" lon="-2.973356">
      <ele>1535.2</ele>
    </trkpt>
    <trkpt lat="42.258962" lon="-2.972749">
      <ele>1535.2</ele>
    </trkpt>
    <trkpt lat="42.25867" lon="-2.972441">
      <ele>1537.4</ele>
    </trkpt>
    <trkpt lat="42.258124" lon="-2.971972">
      <ele>1541.7</ele>
    </trkpt>
    <trkpt lat="42.257744" lon="-2.971727">
      <ele>1546.3</ele>
    </trkpt>
    <trkpt lat="42.257449" lon="-2.971622">
      <ele>1551.3</ele>
    </trkpt>
    <trkpt lat="42.257148" lon="-2.971651">
      <ele>1555.6</ele>
    </trkpt>
    <trkpt lat="42.256969" lon="-2.971749">
      <ele>1558.4</ele>
    </trkpt>
    <trkpt lat="42.256887" lon="-2.971909">
      <ele>1560.1</ele>
    </trkpt>
    <trkpt lat="42.256818" lon="-2.972333">
      <ele>1564.1</ele>
    </trkpt>
    <trkpt lat="42.256698" lon="-2.973037">
      <ele>1570.9</ele>
    </trkpt>
    <trkpt lat="42.256479" lon="-2.973712">
      <ele>1575.8</ele>
    </trkpt>
    <trkpt lat="42.256334" lon="-2.973965">
      <ele>1578</ele>
    </trkpt>
    <trkpt lat="42.256164" lon="-2.974149">
      <ele>1579</ele>
    </trkpt>
    <trkpt lat="42.255993" lon="-2.974282">
      <ele>1580</ele>
    </trkpt>
    <trkpt lat="42.256164" lon="-2.974149">
      <ele>1579</ele>
    </trkpt>
    <trkpt lat="42.256334" lon="-2.973965">
      <ele>1578</ele>
    </trkpt>
    <trkpt lat="42.256479" lon="-2.973712">
      <ele>1575.8</ele>
    </trkpt>
    <trkpt lat="42.256698" lon="-2.973037">
      <ele>1570.9</ele>
    </trkpt>
    <trkpt lat="42.256818" lon="-2.972333">
      <ele>1564.1</ele>
    </trkpt>
    <trkpt lat="42.256887" lon="-2.971909">
      <ele>1560.1</ele>
    </trkpt>
    <trkpt lat="42.256969" lon="-2.971749">
      <ele>1558.4</ele>
    </trkpt>
    <trkpt lat="42.257148" lon="-2.971651">
      <ele>1555.6</ele>
    </trkpt>
    <trkpt lat="42.257449" lon="-2.971622">
      <ele>1551.3</ele>
    </trkpt>
    <trkpt lat="42.257744" lon="-2.971727">
      <ele>1546.3</ele>
    </trkpt>
    <trkpt lat="42.258124" lon="-2.971972">
      <ele>1541.7</ele>
    </trkpt>
    <trkpt lat="42.25867" lon="-2.972441">
      <ele>1537.4</ele>
    </trkpt>
    <trkpt lat="42.258962" lon="-2.972749">
      <ele>1535.2</ele>
    </trkpt>
    <trkpt lat="42.259494" lon="-2.973356">
      <ele>1535.2</ele>
    </trkpt>
    <trkpt lat="42.25965" lon="-2.97351">
      <ele>1535.2</ele>
    </trkpt>
    <trkpt lat="42.259878" lon="-2.973682">
      <ele>1536.4</ele>
    </trkpt>
    <trkpt lat="42.260159" lon="-2.97381">
      <ele>1537.9</ele>
    </trkpt>
    <trkpt lat="42.26031" lon="-2.973804">
      <ele>1538.6</ele>
    </trkpt>
    <trkpt lat="42.260456" lon="-2.973758">
      <ele>1540.3</ele>
    </trkpt>
    <trkpt lat="42.26057" lon="-2.973742">
      <ele>1540.9</ele>
    </trkpt>
    <trkpt lat="42.260919" lon="-2.973766">
      <ele>1543.2</ele>
    </trkpt>
    <trkpt lat="42.261606" lon="-2.973911">
      <ele>1547.4</ele>
    </trkpt>
    <trkpt lat="42.262532" lon="-2.974019">
      <ele>1551.1</ele>
    </trkpt>
    <trkpt lat="42.263343" lon="-2.973983">
      <ele>1553.2</ele>
    </trkpt>
    <trkpt lat="42.263904" lon="-2.973896">
      <ele>1555.1</ele>
    </trkpt>
    <trkpt lat="42.264095" lon="-2.973833">
      <ele>1555.8</ele>
    </trkpt>
    <trkpt lat="42.264227" lon="-2.973766">
      <ele>1556.3</ele>
    </trkpt>
    <trkpt lat="42.264339" lon="-2.973657">
      <ele>1556.8</ele>
    </trkpt>
    <trkpt lat="42.264625" lon="-2.973031">
      <ele>1558</ele>
    </trkpt>
    <trkpt lat="42.264758" lon="-2.972809">
      <ele>1558.2</ele>
    </trkpt>
    <trkpt lat="42.264891" lon="-2.972655">
      <ele>1558.2</ele>
    </trkpt>
    <trkpt lat="42.265249" lon="-2.972372">
      <ele>1557.9</ele>
    </trkpt>
    <trkpt lat="42.265398" lon="-2.972293">
      <ele>1557.8</ele>
    </trkpt>
    <trkpt lat="42.265712" lon="-2.97221">
      <ele>1557.5</ele>
    </trkpt>
    <trkpt lat="42.266165" lon="-2.972173">
      <ele>1556.8</ele>
    </trkpt>
    <trkpt lat="42.266359" lon="-2.972106">
      <ele>1556.3</ele>
    </trkpt>
    <trkpt lat="42.266498" lon="-2.971957">
      <ele>1556</ele>
    </trkpt>
    <trkpt lat="42.26653" lon="-2.971884">
      <ele>1555.7</ele>
    </trkpt>
    <trkpt lat="42.266667" lon="-2.971375">
      <ele>1554.1</ele>
    </trkpt>
    <trkpt lat="42.266725" lon="-2.971258">
      <ele>1553.4</ele>
    </trkpt>
    <trkpt lat="42.266865" lon="-2.971184">
      <ele>1552.2</ele>
    </trkpt>
    <trkpt lat="42.266997" lon="-2.971182">
      <ele>1551</ele>
    </trkpt>
    <trkpt lat="42.267409" lon="-2.971418">
      <ele>1545.9</ele>
    </trkpt>
    <trkpt lat="42.267795" lon="-2.971466">
      <ele>1540.3</ele>
    </trkpt>
    <trkpt lat="42.267923" lon="-2.971522">
      <ele>1538.1</ele>
    </trkpt>
    <trkpt lat="42.267955" lon="-2.971562">
      <ele>1537.4</ele>
    </trkpt>
    <trkpt lat="42.267987" lon="-2.971667">
      <ele>1536</ele>
    </trkpt>
    <trkpt lat="42.268006" lon="-2.972281">
      <ele>1528.3</ele>
    </trkpt>
    <trkpt lat="42.268135" lon="-2.973453">
      <ele>1513.7</ele>
    </trkpt>
    <trkpt lat="42.268243" lon="-2.973835">
      <ele>1509.5</ele>
    </trkpt>
    <trkpt lat="42.268375" lon="-2.974059">
      <ele>1507.4</ele>
    </trkpt>
    <trkpt lat="42.268767" lon="-2.974511">
      <ele>1504.4</ele>
    </trkpt>
    <trkpt lat="42.269143" lon="-2.974884">
      <ele>1504.3</ele>
    </trkpt>
    <trkpt lat="42.269483" lon="-2.975145">
      <ele>1505.6</ele>
    </trkpt>
    <trkpt lat="42.270391" lon="-2.975954">
      <ele>1511.5</ele>
    </trkpt>
    <trkpt lat="42.270621" lon="-2.976113">
      <ele>1513</ele>
    </trkpt>
    <trkpt lat="42.270762" lon="-2.976145">
      <ele>1513.9</ele>
    </trkpt>
    <trkpt lat="42.270876" lon="-2.976118">
      <ele>1514.4</ele>
    </trkpt>
    <trkpt lat="42.270997" lon="-2.97604">
      <ele>1515</ele>
    </trkpt>
    <trkpt lat="42.271514" lon="-2.975566">
      <ele>1516.6</ele>
    </trkpt>
    <trkpt lat="42.27212" lon="-2.975383">
      <ele>1516.2</ele>
    </trkpt>
    <trkpt lat="42.272531" lon="-2.975343">
      <ele>1515.4</ele>
    </trkpt>
    <trkpt lat="42.273383" lon="-2.975464">
      <ele>1511.3</ele>
    </trkpt>
    <trkpt lat="42.273954" lon="-2.975626">
      <ele>1508.3</ele>
    </trkpt>
    <trkpt lat="42.274162" lon="-2.975571">
      <ele>1507.1</ele>
    </trkpt>
    <trkpt lat="42.274372" lon="-2.975333">
      <ele>1506</ele>
    </trkpt>
    <trkpt lat="42.27455" lon="-2.97503">
      <ele>1505.3</ele>
    </trkpt>
    <trkpt lat="42.275261" lon="-2.973475">
      <ele>1505.9</ele>
    </trkpt>
    <trkpt lat="42.275932" lon="-2.972141">
      <ele>1506.4</ele>
    </trkpt>
    <trkpt lat="42.276171" lon="-2.9716">
      <ele>1505</ele>
    </trkpt>
    <trkpt lat="42.276278" lon="-2.971466">
      <ele>1504.4</ele>
    </trkpt>
    <trkpt lat="42.276504" lon="-2.971367">
      <ele>1503.1</ele>
    </trkpt>
    <trkpt lat="42.276798" lon="-2.971341">
      <ele>1501.9</ele>
    </trkpt>
    <trkpt lat="42.277165" lon="-2.971378">
      <ele>1500.4</ele>
    </trkpt>
    <trkpt lat="42.277837" lon="-2.971542">
      <ele>1498</ele>
    </trkpt>
    <trkpt lat="42.277979" lon="-2.97148">
      <ele>1497.5</ele>
    </trkpt>
    <trkpt lat="42.278045" lon="-2.971361">
      <ele>1496.7</ele>
    </trkpt>
    <trkpt lat="42.278069" lon="-2.971197">
      <ele>1497.5</ele>
    </trkpt>
    <trkpt lat="42.278061" lon="-2.971104">
      <ele>1497.3</ele>
    </trkpt>
    <trkpt lat="42.277797" lon="-2.970289">
      <ele>1498.4</ele>
    </trkpt>
    <trkpt lat="42.27772" lon="-2.969984">
      <ele>1498.3</ele>
    </trkpt>
    <trkpt lat="42.277702" lon="-2.969828">
      <ele>1499.5</ele>
    </trkpt>
    <trkpt lat="42.277695" lon="-2.969694">
      <ele>1499.7</ele>
    </trkpt>
    <trkpt lat="42.277805" lon="-2.968554">
      <ele>1503.1</ele>
    </trkpt>
    <trkpt lat="42.277811" lon="-2.967868">
      <ele>1502.6</ele>
    </trkpt>
    <trkpt lat="42.27785" lon="-2.967684">
      <ele>1502.1</ele>
    </trkpt>
    <trkpt lat="42.277937" lon="-2.967568">
      <ele>1501.6</ele>
    </trkpt>
    <trkpt lat="42.278042" lon="-2.967563">
      <ele>1501.1</ele>
    </trkpt>
    <trkpt lat="42.278495" lon="-2.967754">
      <ele>1498.3</ele>
    </trkpt>
    <trkpt lat="42.278707" lon="-2.967803">
      <ele>1496.7</ele>
    </trkpt>
    <trkpt lat="42.279332" lon="-2.96787">
      <ele>1491.9</ele>
    </trkpt>
    <trkpt lat="42.27975" lon="-2.967774">
      <ele>1488.9</ele>
    </trkpt>
    <trkpt lat="42.279876" lon="-2.96769">
      <ele>1488.1</ele>
    </trkpt>
    <trkpt lat="42.279964" lon="-2.967574">
      <ele>1487.4</ele>
    </trkpt>
    <trkpt lat="42.280141" lon="-2.96714">
      <ele>1485.8</ele>
    </trkpt>
    <trkpt lat="42.280233" lon="-2.966838">
      <ele>1485.3</ele>
    </trkpt>
    <trkpt lat="42.280276" lon="-2.966314">
      <ele>1485</ele>
    </trkpt>
    <trkpt lat="42.280412" lon="-2.965464">
      <ele>1485.9</ele>
    </trkpt>
    <trkpt lat="42.280562" lon="-2.964979">
      <ele>1487.1</ele>
    </trkpt>
    <trkpt lat="42.280579" lon="-2.964849">
      <ele>1487.4</ele>
    </trkpt>
    <trkpt lat="42.280574" lon="-2.964785">
      <ele>1487.6</ele>
    </trkpt>
    <trkpt lat="42.280533" lon="-2.964701">
      <ele>1487.7</ele>
    </trkpt>
    <trkpt lat="42.28017" lon="-2.964354">
      <ele>1489.3</ele>
    </trkpt>
    <trkpt lat="42.280019" lon="-2.963999">
      <ele>1490.3</ele>
    </trkpt>
    <trkpt lat="42.279986" lon="-2.963723">
      <ele>1490.7</ele>
    </trkpt>
    <trkpt lat="42.28004" lon="-2.963639">
      <ele>1490.9</ele>
    </trkpt>
    <trkpt lat="42.280596" lon="-2.963204">
      <ele>1491.1</ele>
    </trkpt>
    <trkpt lat="42.280908" lon="-2.962872">
      <ele>1491.4</ele>
    </trkpt>
    <trkpt lat="42.281001" lon="-2.96268">
      <ele>1491.2</ele>
    </trkpt>
    <trkpt lat="42.281305" lon="-2.961852">
      <ele>1486.6</ele>
    </trkpt>
    <trkpt lat="42.281713" lon="-2.961033">
      <ele>1476.8</ele>
    </trkpt>
    <trkpt lat="42.281806" lon="-2.960917">
      <ele>1474.4</ele>
    </trkpt>
    <trkpt lat="42.281857" lon="-2.960903">
      <ele>1473.4</ele>
    </trkpt>
    <trkpt lat="42.281952" lon="-2.960932">
      <ele>1471.7</ele>
    </trkpt>
    <trkpt lat="42.282035" lon="-2.961045">
      <ele>1469.5</ele>
    </trkpt>
    <trkpt lat="42.282065" lon="-2.961134">
      <ele>1468</ele>
    </trkpt>
    <trkpt lat="42.282221" lon="-2.961629">
      <ele>1460</ele>
    </trkpt>
    <trkpt lat="42.28297" lon="-2.963408">
      <ele>1429.2</ele>
    </trkpt>
    <trkpt lat="42.283119" lon="-2.963716">
      <ele>1425</ele>
    </trkpt>
    <trkpt lat="42.284019" lon="-2.965306">
      <ele>1410.4</ele>
    </trkpt>
    <trkpt lat="42.284189" lon="-2.965697">
      <ele>1409.7</ele>
    </trkpt>
    <trkpt lat="42.284394" lon="-2.966349">
      <ele>1408.8</ele>
    </trkpt>
    <trkpt lat="42.284484" lon="-2.966515">
      <ele>1409.6</ele>
    </trkpt>
    <trkpt lat="42.284606" lon="-2.966575">
      <ele>1409.5</ele>
    </trkpt>
    <trkpt lat="42.284736" lon="-2.966557">
      <ele>1409.8</ele>
    </trkpt>
    <trkpt lat="42.285173" lon="-2.966387">
      <ele>1411.2</ele>
    </trkpt>
    <trkpt lat="42.285807" lon="-2.96626">
      <ele>1411.7</ele>
    </trkpt>
    <trkpt lat="42.286004" lon="-2.966271">
      <ele>1411.7</ele>
    </trkpt>
    <trkpt lat="42.286118" lon="-2.966342">
      <ele>1411.3</ele>
    </trkpt>
    <trkpt lat="42.28618" lon="-2.966483">
      <ele>1410.7</ele>
    </trkpt>
    <trkpt lat="42.286246" lon="-2.966837">
      <ele>1409</ele>
    </trkpt>
    <trkpt lat="42.28637" lon="-2.96715">
      <ele>1407</ele>
    </trkpt>
    <trkpt lat="42.286619" lon="-2.967558">
      <ele>1403.1</ele>
    </trkpt>
    <trkpt lat="42.287" lon="-2.9681">
      <ele>1396.5</ele>
    </trkpt>
    <trkpt lat="42.28737" lon="-2.96871">
      <ele>1388.5</ele>
    </trkpt>
    <trkpt lat="42.287996" lon="-2.96996">
      <ele>1374.2</ele>
    </trkpt>
    <trkpt lat="42.288099" lon="-2.970343">
      <ele>1371.1</ele>
    </trkpt>
    <trkpt lat="42.288136" lon="-2.970746">
      <ele>1368.2</ele>
    </trkpt>
    <trkpt lat="42.288095" lon="-2.971173">
      <ele>1365.2</ele>
    </trkpt>
    <trkpt lat="42.287989" lon="-2.971581">
      <ele>1362.2</ele>
    </trkpt>
    <trkpt lat="42.287719" lon="-2.97232">
      <ele>1356.8</ele>
    </trkpt>
    <trkpt lat="42.287645" lon="-2.972714">
      <ele>1354.3</ele>
    </trkpt>
    <trkpt lat="42.287645" lon="-2.9732">
      <ele>1351.4</ele>
    </trkpt>
    <trkpt lat="42.287688" lon="-2.973717">
      <ele>1348.8</ele>
    </trkpt>
    <trkpt lat="42.287866" lon="-2.975152">
      <ele>1342.9</ele>
    </trkpt>
    <trkpt lat="42.287769" lon="-2.976766">
      <ele>1336.1</ele>
    </trkpt>
    <trkpt lat="42.287715" lon="-2.976949">
      <ele>1335.2</ele>
    </trkpt>
    <trkpt lat="42.287499" lon="-2.977453">
      <ele>1332.4</ele>
    </trkpt>
    <trkpt lat="42.287175" lon="-2.978022">
      <ele>1328.9</ele>
    </trkpt>
    <trkpt lat="42.286838" lon="-2.978738">
      <ele>1324.7</ele>
    </trkpt>
    <trkpt lat="42.286381" lon="-2.979513">
      <ele>1320.4</ele>
    </trkpt>
    <trkpt lat="42.286251" lon="-2.979774">
      <ele>1319.2</ele>
    </trkpt>
    <trkpt lat="42.286009" lon="-2.980376">
      <ele>1317.1</ele>
    </trkpt>
    <trkpt lat="42.285955" lon="-2.980587">
      <ele>1316.5</ele>
    </trkpt>
    <trkpt lat="42.285906" lon="-2.980996">
      <ele>1315.7</ele>
    </trkpt>
    <trkpt lat="42.285908" lon="-2.981549">
      <ele>1314.5</ele>
    </trkpt>
    <trkpt lat="42.285983" lon="-2.981846">
      <ele>1313.7</ele>
    </trkpt>
    <trkpt lat="42.286327" lon="-2.982734">
      <ele>1310.6</ele>
    </trkpt>
    <trkpt lat="42.286402" lon="-2.983073">
      <ele>1309.2</ele>
    </trkpt>
    <trkpt lat="42.286396" lon="-2.983366">
      <ele>1307.9</ele>
    </trkpt>
    <trkpt lat="42.2862" lon="-2.98442">
      <ele>1303.2</ele>
    </trkpt>
    <trkpt lat="42.286076" lon="-2.984865">
      <ele>1301.1</ele>
    </trkpt>
    <trkpt lat="42.28593" lon="-2.985157">
      <ele>1299.6</ele>
    </trkpt>
    <trkpt lat="42.285555" lon="-2.985559">
      <ele>1297.4</ele>
    </trkpt>
    <trkpt lat="42.285453" lon="-2.985749">
      <ele>1296.8</ele>
    </trkpt>
    <trkpt lat="42.285391" lon="-2.986059">
      <ele>1296.1</ele>
    </trkpt>
    <trkpt lat="42.285316" lon="-2.986755">
      <ele>1295.8</ele>
    </trkpt>
    <trkpt lat="42.285166" lon="-2.987421">
      <ele>1296.6</ele>
    </trkpt>
    <trkpt lat="42.285142" lon="-2.987783">
      <ele>1297.2</ele>
    </trkpt>
    <trkpt lat="42.285161" lon="-2.987941">
      <ele>1297.8</ele>
    </trkpt>
    <trkpt lat="42.285237" lon="-2.988136">
      <ele>1298.6</ele>
    </trkpt>
    <trkpt lat="42.285365" lon="-2.988268">
      <ele>1299.6</ele>
    </trkpt>
    <trkpt lat="42.285436" lon="-2.988301">
      <ele>1299.9</ele>
    </trkpt>
    <trkpt lat="42.285637" lon="-2.988322">
      <ele>1300.3</ele>
    </trkpt>
    <trkpt lat="42.286342" lon="-2.988172">
      <ele>1299.6</ele>
    </trkpt>
    <trkpt lat="42.286585" lon="-2.988155">
      <ele>1298.6</ele>
    </trkpt>
    <trkpt lat="42.286732" lon="-2.988217">
      <ele>1297.6</ele>
    </trkpt>
    <trkpt lat="42.286795" lon="-2.988284">
      <ele>1297.1</ele>
    </trkpt>
    <trkpt lat="42.287669" lon="-2.990218">
      <ele>1280.1</ele>
    </trkpt>
    <trkpt lat="42.287947" lon="-2.990757">
      <ele>1276.4</ele>
    </trkpt>
    <trkpt lat="42.288274" lon="-2.991285">
      <ele>1275.1</ele>
    </trkpt>
    <trkpt lat="42.288424" lon="-2.99142">
      <ele>1275.3</ele>
    </trkpt>
    <trkpt lat="42.288523" lon="-2.991434">
      <ele>1275.2</ele>
    </trkpt>
    <trkpt lat="42.28869" lon="-2.991344">
      <ele>1276.4</ele>
    </trkpt>
    <trkpt lat="42.289001" lon="-2.991002">
      <ele>1278.4</ele>
    </trkpt>
    <trkpt lat="42.289241" lon="-2.990835">
      <ele>1279.3</ele>
    </trkpt>
    <trkpt lat="42.289798" lon="-2.990623">
      <ele>1279.6</ele>
    </trkpt>
    <trkpt lat="42.290033" lon="-2.990579">
      <ele>1279.8</ele>
    </trkpt>
    <trkpt lat="42.29028" lon="-2.99064">
      <ele>1278.4</ele>
    </trkpt>
    <trkpt lat="42.291045" lon="-2.991144">
      <ele>1271.1</ele>
    </trkpt>
    <trkpt lat="42.291376" lon="-2.991335">
      <ele>1266.5</ele>
    </trkpt>
    <trkpt lat="42.291785" lon="-2.991523">
      <ele>1259.4</ele>
    </trkpt>
    <trkpt lat="42.292009" lon="-2.991683">
      <ele>1255.3</ele>
    </trkpt>
    <trkpt lat="42.292208" lon="-2.991923">
      <ele>1250.5</ele>
    </trkpt>
    <trkpt lat="42.292324" lon="-2.992127">
      <ele>1247</ele>
    </trkpt>
    <trkpt lat="42.292815" lon="-2.993543">
      <ele>1228.7</ele>
    </trkpt>
    <trkpt lat="42.292921" lon="-2.994206">
      <ele>1220.9</ele>
    </trkpt>
    <trkpt lat="42.293182" lon="-2.995076">
      <ele>1212.3</ele>
    </trkpt>
    <trkpt lat="42.29334" lon="-2.995841">
      <ele>1207.2</ele>
    </trkpt>
    <trkpt lat="42.293531" lon="-2.996712">
      <ele>1204.5</ele>
    </trkpt>
    <trkpt lat="42.293641" lon="-2.996958">
      <ele>1204</ele>
    </trkpt>
    <trkpt lat="42.293797" lon="-2.997177">
      <ele>1203.3</ele>
    </trkpt>
    <trkpt lat="42.293933" lon="-2.997307">
      <ele>1203.1</ele>
    </trkpt>
    <trkpt lat="42.294203" lon="-2.99749">
      <ele>1201.9</ele>
    </trkpt>
    <trkpt lat="42.294931" lon="-2.997831">
      <ele>1197.5</ele>
    </trkpt>
    <trkpt lat="42.295211" lon="-2.997994">
      <ele>1195.1</ele>
    </trkpt>
    <trkpt lat="42.29532" lon="-2.998093">
      <ele>1194.1</ele>
    </trkpt>
    <trkpt lat="42.295451" lon="-2.998305">
      <ele>1192</ele>
    </trkpt>
    <trkpt lat="42.295519" lon="-2.998566">
      <ele>1190</ele>
    </trkpt>
    <trkpt lat="42.295547" lon="-2.999041">
      <ele>1185.9</ele>
    </trkpt>
    <trkpt lat="42.295556" lon="-3.000075">
      <ele>1175.9</ele>
    </trkpt>
    <trkpt lat="42.295512" lon="-3.001097">
      <ele>1167.9</ele>
    </trkpt>
    <trkpt lat="42.295578" lon="-3.002112">
      <ele>1162.9</ele>
    </trkpt>
    <trkpt lat="42.295592" lon="-3.002812">
      <ele>1160.4</ele>
    </trkpt>
    <trkpt lat="42.295653" lon="-3.003375">
      <ele>1159</ele>
    </trkpt>
    <trkpt lat="42.295758" lon="-3.004002">
      <ele>1157.7</ele>
    </trkpt>
    <trkpt lat="42.295804" lon="-3.004887">
      <ele>1156.4</ele>
    </trkpt>
    <trkpt lat="42.295915" lon="-3.005483">
      <ele>1155.4</ele>
    </trkpt>
    <trkpt lat="42.296079" lon="-3.005995">
      <ele>1154.4</ele>
    </trkpt>
    <trkpt lat="42.296329" lon="-3.006468">
      <ele>1153.2</ele>
    </trkpt>
    <trkpt lat="42.296904" lon="-3.007347">
      <ele>1149</ele>
    </trkpt>
    <trkpt lat="42.296975" lon="-3.007531">
      <ele>1148</ele>
    </trkpt>
    <trkpt lat="42.296986" lon="-3.007741">
      <ele>1147</ele>
    </trkpt>
    <trkpt lat="42.296944" lon="-3.00826">
      <ele>1143.9</ele>
    </trkpt>
    <trkpt lat="42.296986" lon="-3.009085">
      <ele>1138.7</ele>
    </trkpt>
    <trkpt lat="42.296888" lon="-3.010336">
      <ele>1131.4</ele>
    </trkpt>
    <trkpt lat="42.296903" lon="-3.010606">
      <ele>1130</ele>
    </trkpt>
    <trkpt lat="42.29702" lon="-3.01132">
      <ele>1126.5</ele>
    </trkpt>
    <trkpt lat="42.297161" lon="-3.01168">
      <ele>1124.8</ele>
    </trkpt>
    <trkpt lat="42.297505" lon="-3.012246">
      <ele>1121.7</ele>
    </trkpt>
    <trkpt lat="42.298011" lon="-3.013302">
      <ele>1116.2</ele>
    </trkpt>
    <trkpt lat="42.298163" lon="-3.013781">
      <ele>1113.5</ele>
    </trkpt>
    <trkpt lat="42.298372" lon="-3.014702">
      <ele>1109.4</ele>
    </trkpt>
    <trkpt lat="42.29849" lon="-3.015035">
      <ele>1108.3</ele>
    </trkpt>
    <trkpt lat="42.298718" lon="-3.015432">
      <ele>1107</ele>
    </trkpt>
    <trkpt lat="42.298908" lon="-3.015649">
      <ele>1106.4</ele>
    </trkpt>
    <trkpt lat="42.299002" lon="-3.0157">
      <ele>1106.3</ele>
    </trkpt>
    <trkpt lat="42.299593" lon="-3.015787">
      <ele>1105.3</ele>
    </trkpt>
    <trkpt lat="42.299985" lon="-3.015731">
      <ele>1105</ele>
    </trkpt>
    <trkpt lat="42.300066" lon="-3.015698">
      <ele>1105</ele>
    </trkpt>
    <trkpt lat="42.300242" lon="-3.01556">
      <ele>1104.7</ele>
    </trkpt>
    <trkpt lat="42.301148" lon="-3.014748">
      <ele>1102.2</ele>
    </trkpt>
    <trkpt lat="42.301792" lon="-3.014422">
      <ele>1099.4</ele>
    </trkpt>
    <trkpt lat="42.302035" lon="-3.014384">
      <ele>1098.3</ele>
    </trkpt>
    <trkpt lat="42.302464" lon="-3.014524">
      <ele>1096</ele>
    </trkpt>
    <trkpt lat="42.302719" lon="-3.014522">
      <ele>1094.6</ele>
    </trkpt>
    <trkpt lat="42.30282" lon="-3.014469">
      <ele>1094</ele>
    </trkpt>
    <trkpt lat="42.302912" lon="-3.014361">
      <ele>1093.2</ele>
    </trkpt>
    <trkpt lat="42.303097" lon="-3.014054">
      <ele>1091.3</ele>
    </trkpt>
    <trkpt lat="42.303459" lon="-3.013789">
      <ele>1088.1</ele>
    </trkpt>
    <trkpt lat="42.303604" lon="-3.013733">
      <ele>1086.8</ele>
    </trkpt>
    <trkpt lat="42.304301" lon="-3.013702">
      <ele>1080.6</ele>
    </trkpt>
    <trkpt lat="42.305024" lon="-3.013299">
      <ele>1073.3</ele>
    </trkpt>
    <trkpt lat="42.305987" lon="-3.013193">
      <ele>1064.5</ele>
    </trkpt>
    <trkpt lat="42.306142" lon="-3.013076">
      <ele>1062.6</ele>
    </trkpt>
    <trkpt lat="42.306239" lon="-3.012906">
      <ele>1060.8</ele>
    </trkpt>
    <trkpt lat="42.306405" lon="-3.012274">
      <ele>1056.3</ele>
    </trkpt>
    <trkpt lat="42.306595" lon="-3.011853">
      <ele>1052.9</ele>
    </trkpt>
    <trkpt lat="42.306672" lon="-3.011591">
      <ele>1050.6</ele>
    </trkpt>
    <trkpt lat="42.306716" lon="-3.01122">
      <ele>1047.7</ele>
    </trkpt>
    <trkpt lat="42.306741" lon="-3.010496">
      <ele>1041.9</ele>
    </trkpt>
    <trkpt lat="42.306843" lon="-3.009984">
      <ele>1037.4</ele>
    </trkpt>
    <trkpt lat="42.306887" lon="-3.009605">
      <ele>1034.1</ele>
    </trkpt>
    <trkpt lat="42.306842" lon="-3.008459">
      <ele>1027.6</ele>
    </trkpt>
    <trkpt lat="42.307055" lon="-3.007683">
      <ele>1023.8</ele>
    </trkpt>
    <trkpt lat="42.307107" lon="-3.007173">
      <ele>1021.9</ele>
    </trkpt>
    <trkpt lat="42.307187" lon="-3.007066">
      <ele>1021.3</ele>
    </trkpt>
    <trkpt lat="42.307227" lon="-3.007059">
      <ele>1021.2</ele>
    </trkpt>
    <trkpt lat="42.307273" lon="-3.007096">
      <ele>1020.9</ele>
    </trkpt>
    <trkpt lat="42.307315" lon="-3.00725">
      <ele>1020.3</ele>
    </trkpt>
    <trkpt lat="42.307351" lon="-3.00776">
      <ele>1018.5</ele>
    </trkpt>
    <trkpt lat="42.307327" lon="-3.008268">
      <ele>1016.8</ele>
    </trkpt>
    <trkpt lat="42.307349" lon="-3.008502">
      <ele>1016.1</ele>
    </trkpt>
    <trkpt lat="42.307826" lon="-3.009541">
      <ele>1009.9</ele>
    </trkpt>
    <trkpt lat="42.308144" lon="-3.010713">
      <ele>1002.3</ele>
    </trkpt>
    <trkpt lat="42.308216" lon="-3.010835">
      <ele>1001.8</ele>
    </trkpt>
    <trkpt lat="42.308283" lon="-3.010865">
      <ele>1000.7</ele>
    </trkpt>
    <trkpt lat="42.30833" lon="-3.010825">
      <ele>1000.1</ele>
    </trkpt>
    <trkpt lat="42.308359" lon="-3.010713">
      <ele>999.8</ele>
    </trkpt>
    <trkpt lat="42.308298" lon="-3.009504">
      <ele>992.9</ele>
    </trkpt>
    <trkpt lat="42.308266" lon="-3.009302">
      <ele>991.7</ele>
    </trkpt>
    <trkpt lat="42.308212" lon="-3.009132">
      <ele>991.1</ele>
    </trkpt>
    <trkpt lat="42.308015" lon="-3.008708">
      <ele>988</ele>
    </trkpt>
    <trkpt lat="42.307976" lon="-3.008566">
      <ele>987</ele>
    </trkpt>
    <trkpt lat="42.307985" lon="-3.008461">
      <ele>986.7</ele>
    </trkpt>
    <trkpt lat="42.308021" lon="-3.008381">
      <ele>986.3</ele>
    </trkpt>
    <trkpt lat="42.30812" lon="-3.008359">
      <ele>985.4</ele>
    </trkpt>
    <trkpt lat="42.308177" lon="-3.008416">
      <ele>984.3</ele>
    </trkpt>
    <trkpt lat="42.308359" lon="-3.008842">
      <ele>980.7</ele>
    </trkpt>
    <trkpt lat="42.308861" lon="-3.00966">
      <ele>970.9</ele>
    </trkpt>
    <trkpt lat="42.308936" lon="-3.009876">
      <ele>968.7</ele>
    </trkpt>
    <trkpt lat="42.309232" lon="-3.011118">
      <ele>957.1</ele>
    </trkpt>
    <trkpt lat="42.309366" lon="-3.011518">
      <ele>953.2</ele>
    </trkpt>
    <trkpt lat="42.309506" lon="-3.011835">
      <ele>949.8</ele>
    </trkpt>
    <trkpt lat="42.309732" lon="-3.012135">
      <ele>946.7</ele>
    </trkpt>
    <trkpt lat="42.309794" lon="-3.012285">
      <ele>945.6</ele>
    </trkpt>
    <trkpt lat="42.309818" lon="-3.01245">
      <ele>944.7</ele>
    </trkpt>
    <trkpt lat="42.309795" lon="-3.012651">
      <ele>943.8</ele>
    </trkpt>
    <trkpt lat="42.309644" lon="-3.013164">
      <ele>941.6</ele>
    </trkpt>
    <trkpt lat="42.309517" lon="-3.013367">
      <ele>940.5</ele>
    </trkpt>
    <trkpt lat="42.309136" lon="-3.013748">
      <ele>938</ele>
    </trkpt>
    <trkpt lat="42.309055" lon="-3.013883">
      <ele>937.1</ele>
    </trkpt>
    <trkpt lat="42.30904" lon="-3.01395">
      <ele>936.7</ele>
    </trkpt>
    <trkpt lat="42.309064" lon="-3.014075">
      <ele>936.1</ele>
    </trkpt>
    <trkpt lat="42.309221" lon="-3.014322">
      <ele>934.2</ele>
    </trkpt>
    <trkpt lat="42.309283" lon="-3.014463">
      <ele>933.2</ele>
    </trkpt>
    <trkpt lat="42.309306" lon="-3.014553">
      <ele>932.6</ele>
    </trkpt>
    <trkpt lat="42.309309" lon="-3.014759">
      <ele>931.2</ele>
    </trkpt>
    <trkpt lat="42.309227" lon="-3.01505">
      <ele>929</ele>
    </trkpt>
    <trkpt lat="42.308839" lon="-3.015885">
      <ele>921.4</ele>
    </trkpt>
    <trkpt lat="42.308622" lon="-3.016231">
      <ele>917.2</ele>
    </trkpt>
    <trkpt lat="42.308112" lon="-3.01684">
      <ele>909</ele>
    </trkpt>
    <trkpt lat="42.307628" lon="-3.017551">
      <ele>901.3</ele>
    </trkpt>
    <trkpt lat="42.307456" lon="-3.017714">
      <ele>899.4</ele>
    </trkpt>
    <trkpt lat="42.307124" lon="-3.017855">
      <ele>896.7</ele>
    </trkpt>
    <trkpt lat="42.306984" lon="-3.01795">
      <ele>895.5</ele>
    </trkpt>
    <trkpt lat="42.306928" lon="-3.018027">
      <ele>895</ele>
    </trkpt>
    <trkpt lat="42.306725" lon="-3.018468">
      <ele>892.5</ele>
    </trkpt>
    <trkpt lat="42.306573" lon="-3.018716">
      <ele>890.8</ele>
    </trkpt>
    <trkpt lat="42.306202" lon="-3.019048">
      <ele>888.1</ele>
    </trkpt>
    <trkpt lat="42.305983" lon="-3.019514">
      <ele>885.4</ele>
    </trkpt>
    <trkpt lat="42.305592" lon="-3.019995">
      <ele>879.8</ele>
    </trkpt>
    <trkpt lat="42.305049" lon="-3.020923">
      <ele>869.6</ele>
    </trkpt>
    <trkpt lat="42.305005" lon="-3.021021">
      <ele>869</ele>
    </trkpt>
    <trkpt lat="42.304982" lon="-3.021154">
      <ele>868.1</ele>
    </trkpt>
    <trkpt lat="42.305025" lon="-3.021345">
      <ele>866.2</ele>
    </trkpt>
    <trkpt lat="42.30507" lon="-3.021433">
      <ele>865.6</ele>
    </trkpt>
    <trkpt lat="42.305126" lon="-3.021486">
      <ele>865.1</ele>
    </trkpt>
    <trkpt lat="42.305228" lon="-3.021652">
      <ele>863.4</ele>
    </trkpt>
    <trkpt lat="42.305091" lon="-3.021823">
      <ele>862.1</ele>
    </trkpt>
    <trkpt lat="42.304797" lon="-3.02219">
      <ele>859.1</ele>
    </trkpt>
    <trkpt lat="42.303483" lon="-3.023213">
      <ele>857.2</ele>
    </trkpt>
    <trkpt lat="42.3022" lon="-3.02391">
      <ele>862.7</ele>
    </trkpt>
    <trkpt lat="42.30104" lon="-3.02484">
      <ele>867.6</ele>
    </trkpt>
    <trkpt lat="42.30076" lon="-3.025">
      <ele>868.2</ele>
    </trkpt>
    <trkpt lat="42.29951" lon="-3.02528">
      <ele>869.1</ele>
    </trkpt>
    <trkpt lat="42.29815" lon="-3.02538">
      <ele>868.6</ele>
    </trkpt>
    <trkpt lat="42.295718" lon="-3.025028">
      <ele>868</ele>
    </trkpt>
    <trkpt lat="42.295499" lon="-3.024996">
      <ele>868.3</ele>
    </trkpt>
    <trkpt lat="42.29428" lon="-3.02482">
      <ele>870.3</ele>
    </trkpt>
    <trkpt lat="42.29377" lon="-3.02481">
      <ele>871.4</ele>
    </trkpt>
    <trkpt lat="42.2925" lon="-3.02516">
      <ele>873.7</ele>
    </trkpt>
    <trkpt lat="42.2914" lon="-3.0253">
      <ele>875.5</ele>
    </trkpt>
    <trkpt lat="42.28979" lon="-3.02589">
      <ele>878.3</ele>
    </trkpt>
    <trkpt lat="42.28893" lon="-3.026">
      <ele>879.4</ele>
    </trkpt>
    <trkpt lat="42.2881" lon="-3.02637">
      <ele>882.5</ele>
    </trkpt>
    <trkpt lat="42.28768" lon="-3.02649">
      <ele>885.1</ele>
    </trkpt>
    <trkpt lat="42.28582" lon="-3.02652">
      <ele>903.6</ele>
    </trkpt>
    <trkpt lat="42.28484" lon="-3.02666">
      <ele>911.1</ele>
    </trkpt>
    <trkpt lat="42.28404" lon="-3.02659">
      <ele>911.8</ele>
    </trkpt>
    <trkpt lat="42.2832" lon="-3.02691">
      <ele>908.2</ele>
    </trkpt>
    <trkpt lat="42.282077" lon="-3.027254">
      <ele>904.3</ele>
    </trkpt>
    <trkpt lat="42.281891" lon="-3.027309">
      <ele>904.3</ele>
    </trkpt>
    <trkpt lat="42.28116" lon="-3.0275">
      <ele>906.4</ele>
    </trkpt>
    <trkpt lat="42.28049" lon="-3.02739">
      <ele>910.1</ele>
    </trkpt>
    <trkpt lat="42.280426" lon="-3.027421">
      <ele>911</ele>
    </trkpt>
    <trkpt lat="42.27961" lon="-3.02781">
      <ele>916.6</ele>
    </trkpt>
    <trkpt lat="42.27915" lon="-3.02841">
      <ele>920</ele>
    </trkpt>
    <trkpt lat="42.27904" lon="-3.02849">
      <ele>920.4</ele>
    </trkpt>
    <trkpt lat="42.27875" lon="-3.02856">
      <ele>921.6</ele>
    </trkpt>
    <trkpt lat="42.27843" lon="-3.02852">
      <ele>922.8</ele>
    </trkpt>
    <trkpt lat="42.27787" lon="-3.02878">
      <ele>925.1</ele>
    </trkpt>
    <trkpt lat="42.27743" lon="-3.02914">
      <ele>927.5</ele>
    </trkpt>
    <trkpt lat="42.2767" lon="-3.02998">
      <ele>931.5</ele>
    </trkpt>
    <trkpt lat="42.27629" lon="-3.03034">
      <ele>933.3</ele>
    </trkpt>
    <trkpt lat="42.27601" lon="-3.03053">
      <ele>934.1</ele>
    </trkpt>
    <trkpt lat="42.27517" lon="-3.0309">
      <ele>935.7</ele>
    </trkpt>
    <trkpt lat="42.27429" lon="-3.0315">
      <ele>936.6</ele>
    </trkpt>
    <trkpt lat="42.27366" lon="-3.03161">
      <ele>937.1</ele>
    </trkpt>
    <trkpt lat="42.27233" lon="-3.03138">
      <ele>937.4</ele>
    </trkpt>
    <trkpt lat="42.27203" lon="-3.03138">
      <ele>937.3</ele>
    </trkpt>
    <trkpt lat="42.27115" lon="-3.03154">
      <ele>937.5</ele>
    </trkpt>
    <trkpt lat="42.27077" lon="-3.03151">
      <ele>937.8</ele>
    </trkpt>
    <trkpt lat="42.27023" lon="-3.03137">
      <ele>938.5</ele>
    </trkpt>
    <trkpt lat="42.26889" lon="-3.03134">
      <ele>939.7</ele>
    </trkpt>
    <trkpt lat="42.26853" lon="-3.0314">
      <ele>939.3</ele>
    </trkpt>
    <trkpt lat="42.2678" lon="-3.031649">
      <ele>938.7</ele>
    </trkpt>
    <trkpt lat="42.267462" lon="-3.031838">
      <ele>938.7</ele>
    </trkpt>
    <trkpt lat="42.267087" lon="-3.032123">
      <ele>938.8</ele>
    </trkpt>
    <trkpt lat="42.266714" lon="-3.032233">
      <ele>939.3</ele>
    </trkpt>
    <trkpt lat="42.266354" lon="-3.032302">
      <ele>940.1</ele>
    </trkpt>
    <trkpt lat="42.266039" lon="-3.032323">
      <ele>940.5</ele>
    </trkpt>
    <trkpt lat="42.265577" lon="-3.03229">
      <ele>941.1</ele>
    </trkpt>
    <trkpt lat="42.265388" lon="-3.03232">
      <ele>941.2</ele>
    </trkpt>
    <trkpt lat="42.264906" lon="-3.032544">
      <ele>940.7</ele>
    </trkpt>
    <trkpt lat="42.26354" lon="-3.0333">
      <ele>933.8</ele>
    </trkpt>
    <trkpt lat="42.26322" lon="-3.03352">
      <ele>931.6</ele>
    </trkpt>
    <trkpt lat="42.263001" lon="-3.03371">
      <ele>930.4</ele>
    </trkpt>
    <trkpt lat="42.262861" lon="-3.03383">
      <ele>929.7</ele>
    </trkpt>
    <trkpt lat="42.26248" lon="-3.03416">
      <ele>928.6</ele>
    </trkpt>
    <trkpt lat="42.26223" lon="-3.03425">
      <ele>928.2</ele>
    </trkpt>
    <trkpt lat="42.25826" lon="-3.03441">
      <ele>935.1</ele>
    </trkpt>
    <trkpt lat="42.25797" lon="-3.03433">
      <ele>935.6</ele>
    </trkpt>
    <trkpt lat="42.25719" lon="-3.0339">
      <ele>937.5</ele>
    </trkpt>
    <trkpt lat="42.25692" lon="-3.0338">
      <ele>938.3</ele>
    </trkpt>
    <trkpt lat="42.25656" lon="-3.03376">
      <ele>939.4</ele>
    </trkpt>
    <trkpt lat="42.2549" lon="-3.03384">
      <ele>944.3</ele>
    </trkpt>
    <trkpt lat="42.25263" lon="-3.03467">
      <ele>947.4</ele>
    </trkpt>
    <trkpt lat="42.25238" lon="-3.03468">
      <ele>947.9</ele>
    </trkpt>
    <trkpt lat="42.24969" lon="-3.03438">
      <ele>958.4</ele>
    </trkpt>
    <trkpt lat="42.24725" lon="-3.0344">
      <ele>964.4</ele>
    </trkpt>
    <trkpt lat="42.24701" lon="-3.0345">
      <ele>965</ele>
    </trkpt>
    <trkpt lat="42.245739" lon="-3.035381">
      <ele>967.7</ele>
    </trkpt>
    <trkpt lat="42.24503" lon="-3.036074">
      <ele>967.1</ele>
    </trkpt>
    <trkpt lat="42.244817" lon="-3.036317">
      <ele>966.5</ele>
    </trkpt>
    <trkpt lat="42.244705" lon="-3.036515">
      <ele>966.1</ele>
    </trkpt>
    <trkpt lat="42.244511" lon="-3.037054">
      <ele>965.5</ele>
    </trkpt>
    <trkpt lat="42.244473" lon="-3.037161">
      <ele>965.5</ele>
    </trkpt>
    <trkpt lat="42.244342" lon="-3.037397">
      <ele>965.2</ele>
    </trkpt>
    <trkpt lat="42.243852" lon="-3.037993">
      <ele>964.4</ele>
    </trkpt>
    <trkpt lat="42.24361" lon="-3.03827">
      <ele>964.1</ele>
    </trkpt>
    <trkpt lat="42.24326" lon="-3.03859">
      <ele>964.2</ele>
    </trkpt>
    <trkpt lat="42.24248" lon="-3.039109">
      <ele>968.1</ele>
    </trkpt>
    <trkpt lat="42.242138" lon="-3.039464">
      <ele>970.4</ele>
    </trkpt>
    <trkpt lat="42.242036" lon="-3.039613">
      <ele>971.2</ele>
    </trkpt>
    <trkpt lat="42.24199" lon="-3.039717">
      <ele>971.6</ele>
    </trkpt>
    <trkpt lat="42.241742" lon="-3.040439">
      <ele>974.5</ele>
    </trkpt>
    <trkpt lat="42.241531" lon="-3.041051">
      <ele>977.2</ele>
    </trkpt>
    <trkpt lat="42.24131" lon="-3.041832">
      <ele>980.7</ele>
    </trkpt>
    <trkpt lat="42.241209" lon="-3.042093">
      <ele>981.6</ele>
    </trkpt>
    <trkpt lat="42.24098" lon="-3.042511">
      <ele>982.5</ele>
    </trkpt>
    <trkpt lat="42.240719" lon="-3.042668">
      <ele>982.9</ele>
    </trkpt>
    <trkpt lat="42.240452" lon="-3.042759">
      <ele>983.2</ele>
    </trkpt>
    <trkpt lat="42.239745" lon="-3.042788">
      <ele>983.7</ele>
    </trkpt>
    <trkpt lat="42.239424" lon="-3.04286">
      <ele>983.8</ele>
    </trkpt>
    <trkpt lat="42.23929" lon="-3.042919">
      <ele>983.8</ele>
    </trkpt>
    <trkpt lat="42.239105" lon="-3.043057">
      <ele>983.8</ele>
    </trkpt>
    <trkpt lat="42.23859" lon="-3.043489">
      <ele>983.8</ele>
    </trkpt>
    <trkpt lat="42.238414" lon="-3.043581">
      <ele>983.8</ele>
    </trkpt>
    <trkpt lat="42.23815" lon="-3.043658">
      <ele>983.9</ele>
    </trkpt>
    <trkpt lat="42.237964" lon="-3.043624">
      <ele>984</ele>
    </trkpt>
    <trkpt lat="42.237541" lon="-3.04337">
      <ele>984.7</ele>
    </trkpt>
    <trkpt lat="42.23679" lon="-3.043042">
      <ele>987.3</ele>
    </trkpt>
    <trkpt lat="42.23645" lon="-3.04304">
      <ele>988.6</ele>
    </trkpt>
    <trkpt lat="42.235882" lon="-3.043355">
      <ele>991.4</ele>
    </trkpt>
    <trkpt lat="42.235714" lon="-3.043402">
      <ele>992.4</ele>
    </trkpt>
    <trkpt lat="42.235587" lon="-3.043398">
      <ele>993</ele>
    </trkpt>
    <trkpt lat="42.234935" lon="-3.043218">
      <ele>996.6</ele>
    </trkpt>
    <trkpt lat="42.234303" lon="-3.04315">
      <ele>1000</ele>
    </trkpt>
    <trkpt lat="42.233613" lon="-3.04323">
      <ele>1002.7</ele>
    </trkpt>
    <trkpt lat="42.233486" lon="-3.043302">
      <ele>1003.2</ele>
    </trkpt>
    <trkpt lat="42.233257" lon="-3.043491">
      <ele>1004.1</ele>
    </trkpt>
    <trkpt lat="42.232177" lon="-3.044481">
      <ele>1007.7</ele>
    </trkpt>
    <trkpt lat="42.231851" lon="-3.044732">
      <ele>1009.5</ele>
    </trkpt>
    <trkpt lat="42.231575" lon="-3.045073">
      <ele>1011.3</ele>
    </trkpt>
    <trkpt lat="42.231523" lon="-3.045092">
      <ele>1011.5</ele>
    </trkpt>
    <trkpt lat="42.231435" lon="-3.045058">
      <ele>1011.9</ele>
    </trkpt>
    <trkpt lat="42.231337" lon="-3.044937">
      <ele>1012.6</ele>
    </trkpt>
    <trkpt lat="42.23077" lon="-3.04448">
      <ele>1016.2</ele>
    </trkpt>
    <trkpt lat="42.230396" lon="-3.044089">
      <ele>1019.3</ele>
    </trkpt>
    <trkpt lat="42.230245" lon="-3.043977">
      <ele>1020.7</ele>
    </trkpt>
    <trkpt lat="42.230156" lon="-3.043967">
      <ele>1021.5</ele>
    </trkpt>
    <trkpt lat="42.229695" lon="-3.044084">
      <ele>1025.7</ele>
    </trkpt>
    <trkpt lat="42.229438" lon="-3.044076">
      <ele>1028</ele>
    </trkpt>
    <trkpt lat="42.229098" lon="-3.043915">
      <ele>1030.7</ele>
    </trkpt>
    <trkpt lat="42.228366" lon="-3.043426">
      <ele>1037.1</ele>
    </trkpt>
    <trkpt lat="42.228195" lon="-3.043351">
      <ele>1038.7</ele>
    </trkpt>
    <trkpt lat="42.227694" lon="-3.043303">
      <ele>1042.7</ele>
    </trkpt>
    <trkpt lat="42.22748" lon="-3.043217">
      <ele>1044.4</ele>
    </trkpt>
    <trkpt lat="42.227229" lon="-3.043198">
      <ele>1046.2</ele>
    </trkpt>
    <trkpt lat="42.226834" lon="-3.043187">
      <ele>1048.7</ele>
    </trkpt>
    <trkpt lat="42.226309" lon="-3.043261">
      <ele>1051.7</ele>
    </trkpt>
    <trkpt lat="42.225736" lon="-3.043218">
      <ele>1054.9</ele>
    </trkpt>
    <trkpt lat="42.225489" lon="-3.043158">
      <ele>1056.1</ele>
    </trkpt>
    <trkpt lat="42.22466" lon="-3.042868">
      <ele>1060.6</ele>
    </trkpt>
    <trkpt lat="42.223455" lon="-3.0423">
      <ele>1066.4</ele>
    </trkpt>
    <trkpt lat="42.223301" lon="-3.042299">
      <ele>1066.9</ele>
    </trkpt>
    <trkpt lat="42.223221" lon="-3.042364">
      <ele>1067.1</ele>
    </trkpt>
    <trkpt lat="42.223199" lon="-3.042411">
      <ele>1067.2</ele>
    </trkpt>
    <trkpt lat="42.2232" lon="-3.042591">
      <ele>1067.6</ele>
    </trkpt>
    <trkpt lat="42.223258" lon="-3.042694">
      <ele>1067.8</ele>
    </trkpt>
    <trkpt lat="42.223976" lon="-3.043524">
      <ele>1069.1</ele>
    </trkpt>
    <trkpt lat="42.224082" lon="-3.043594">
      <ele>1069.2</ele>
    </trkpt>
    <trkpt lat="42.224438" lon="-3.043713">
      <ele>1069.4</ele>
    </trkpt>
    <trkpt lat="42.224595" lon="-3.043841">
      <ele>1069.6</ele>
    </trkpt>
    <trkpt lat="42.224645" lon="-3.043996">
      <ele>1069.8</ele>
    </trkpt>
    <trkpt lat="42.22469" lon="-3.04435">
      <ele>1070.3</ele>
    </trkpt>
    <trkpt lat="42.224774" lon="-3.044453">
      <ele>1070.4</ele>
    </trkpt>
    <trkpt lat="42.224875" lon="-3.044482">
      <ele>1070.7</ele>
    </trkpt>
    <trkpt lat="42.225133" lon="-3.044452">
      <ele>1071.4</ele>
    </trkpt>
    <trkpt lat="42.225907" lon="-3.044482">
      <ele>1076.3</ele>
    </trkpt>
    <trkpt lat="42.226515" lon="-3.04463">
      <ele>1081.5</ele>
    </trkpt>
    <trkpt lat="42.22662" lon="-3.044717">
      <ele>1083.1</ele>
    </trkpt>
    <trkpt lat="42.226638" lon="-3.044815">
      <ele>1084.1</ele>
    </trkpt>
    <trkpt lat="42.226583" lon="-3.044958">
      <ele>1085.8</ele>
    </trkpt>
    <trkpt lat="42.22604" lon="-3.045513">
      <ele>1095.2</ele>
    </trkpt>
    <trkpt lat="42.225831" lon="-3.045904">
      <ele>1100.8</ele>
    </trkpt>
    <trkpt lat="42.225707" lon="-3.046321">
      <ele>1106.5</ele>
    </trkpt>
    <trkpt lat="42.225688" lon="-3.047001">
      <ele>1114.5</ele>
    </trkpt>
    <trkpt lat="42.225674" lon="-3.047109">
      <ele>1115.8</ele>
    </trkpt>
    <trkpt lat="42.225622" lon="-3.047213">
      <ele>1117.3</ele>
    </trkpt>
    <trkpt lat="42.224933" lon="-3.047597">
      <ele>1128</ele>
    </trkpt>
    <trkpt lat="42.2248" lon="-3.047703">
      <ele>1129.6</ele>
    </trkpt>
    <trkpt lat="42.224643" lon="-3.04786">
      <ele>1131.6</ele>
    </trkpt>
    <trkpt lat="42.224408" lon="-3.048232">
      <ele>1135</ele>
    </trkpt>
    <trkpt lat="42.224331" lon="-3.04847">
      <ele>1136.8</ele>
    </trkpt>
    <trkpt lat="42.224375" lon="-3.048959">
      <ele>1139.7</ele>
    </trkpt>
    <trkpt lat="42.224367" lon="-3.049171">
      <ele>1140.8</ele>
    </trkpt>
    <trkpt lat="42.224263" lon="-3.049526">
      <ele>1142.3</ele>
    </trkpt>
    <trkpt lat="42.224111" lon="-3.049825">
      <ele>1143.5</ele>
    </trkpt>
    <trkpt lat="42.223984" lon="-3.049981">
      <ele>1144.2</ele>
    </trkpt>
    <trkpt lat="42.223736" lon="-3.050185">
      <ele>1144.8</ele>
    </trkpt>
    <trkpt lat="42.222647" lon="-3.051003">
      <ele>1145.4</ele>
    </trkpt>
    <trkpt lat="42.222593" lon="-3.0511">
      <ele>1145.5</ele>
    </trkpt>
    <trkpt lat="42.222563" lon="-3.051253">
      <ele>1145.3</ele>
    </trkpt>
    <trkpt lat="42.222586" lon="-3.05138">
      <ele>1145.1</ele>
    </trkpt>
    <trkpt lat="42.22275" lon="-3.051763">
      <ele>1145.1</ele>
    </trkpt>
    <trkpt lat="42.222797" lon="-3.051951">
      <ele>1145.4</ele>
    </trkpt>
    <trkpt lat="42.222937" lon="-3.052161">
      <ele>1146.4</ele>
    </trkpt>
    <trkpt lat="42.223291" lon="-3.052186">
      <ele>1148.2</ele>
    </trkpt>
    <trkpt lat="42.223419" lon="-3.052252">
      <ele>1148.9</ele>
    </trkpt>
    <trkpt lat="42.223467" lon="-3.052315">
      <ele>1149.5</ele>
    </trkpt>
    <trkpt lat="42.223512" lon="-3.052489">
      <ele>1150.3</ele>
    </trkpt>
    <trkpt lat="42.223496" lon="-3.052729">
      <ele>1151.7</ele>
    </trkpt>
    <trkpt lat="42.223248" lon="-3.05366">
      <ele>1158.4</ele>
    </trkpt>
    <trkpt lat="42.223079" lon="-3.054056">
      <ele>1161.6</ele>
    </trkpt>
    <trkpt lat="42.222829" lon="-3.054357">
      <ele>1164.6</ele>
    </trkpt>
    <trkpt lat="42.222641" lon="-3.054531">
      <ele>1166.6</ele>
    </trkpt>
    <trkpt lat="42.222288" lon="-3.054769">
      <ele>1168.9</ele>
    </trkpt>
    <trkpt lat="42.221764" lon="-3.055057">
      <ele>1168.4</ele>
    </trkpt>
    <trkpt lat="42.221681" lon="-3.055197">
      <ele>1169.8</ele>
    </trkpt>
    <trkpt lat="42.221639" lon="-3.055369">
      <ele>1169.4</ele>
    </trkpt>
    <trkpt lat="42.221629" lon="-3.05552">
      <ele>1168.9</ele>
    </trkpt>
    <trkpt lat="42.221704" lon="-3.055778">
      <ele>1169.8</ele>
    </trkpt>
    <trkpt lat="42.221939" lon="-3.056035">
      <ele>1169.6</ele>
    </trkpt>
    <trkpt lat="42.222313" lon="-3.056295">
      <ele>1169.7</ele>
    </trkpt>
    <trkpt lat="42.222356" lon="-3.056426">
      <ele>1168.3</ele>
    </trkpt>
    <trkpt lat="42.222343" lon="-3.056585">
      <ele>1170.2</ele>
    </trkpt>
    <trkpt lat="42.222304" lon="-3.056674">
      <ele>1170.4</ele>
    </trkpt>
    <trkpt lat="42.222148" lon="-3.056926">
      <ele>1170.9</ele>
    </trkpt>
    <trkpt lat="42.221943" lon="-3.057179">
      <ele>1171.6</ele>
    </trkpt>
    <trkpt lat="42.22173" lon="-3.057559">
      <ele>1174.9</ele>
    </trkpt>
    <trkpt lat="42.2216" lon="-3.057694">
      <ele>1178</ele>
    </trkpt>
    <trkpt lat="42.221519" lon="-3.057732">
      <ele>1178.8</ele>
    </trkpt>
    <trkpt lat="42.220311" lon="-3.057889">
      <ele>1190.1</ele>
    </trkpt>
    <trkpt lat="42.219568" lon="-3.057924">
      <ele>1194.6</ele>
    </trkpt>
    <trkpt lat="42.219339" lon="-3.057969">
      <ele>1195.3</ele>
    </trkpt>
    <trkpt lat="42.219293" lon="-3.05801">
      <ele>1195.5</ele>
    </trkpt>
    <trkpt lat="42.219239" lon="-3.058182">
      <ele>1195.5</ele>
    </trkpt>
    <trkpt lat="42.219234" lon="-3.058375">
      <ele>1195.7</ele>
    </trkpt>
    <trkpt lat="42.219322" lon="-3.05907">
      <ele>1195.4</ele>
    </trkpt>
    <trkpt lat="42.219293" lon="-3.059438">
      <ele>1195</ele>
    </trkpt>
    <trkpt lat="42.21918" lon="-3.059839">
      <ele>1194.2</ele>
    </trkpt>
    <trkpt lat="42.219082" lon="-3.060056">
      <ele>1193.6</ele>
    </trkpt>
    <trkpt lat="42.218936" lon="-3.060275">
      <ele>1193.1</ele>
    </trkpt>
    <trkpt lat="42.218715" lon="-3.060454">
      <ele>1192.7</ele>
    </trkpt>
    <trkpt lat="42.218477" lon="-3.060535">
      <ele>1192.6</ele>
    </trkpt>
    <trkpt lat="42.218014" lon="-3.060577">
      <ele>1193.1</ele>
    </trkpt>
    <trkpt lat="42.217655" lon="-3.060557">
      <ele>1194.1</ele>
    </trkpt>
    <trkpt lat="42.217443" lon="-3.06062">
      <ele>1195.1</ele>
    </trkpt>
    <trkpt lat="42.217322" lon="-3.060727">
      <ele>1195.6</ele>
    </trkpt>
    <trkpt lat="42.217075" lon="-3.06107">
      <ele>1197.3</ele>
    </trkpt>
    <trkpt lat="42.216976" lon="-3.061149">
      <ele>1197.9</ele>
    </trkpt>
    <trkpt lat="42.216871" lon="-3.061171">
      <ele>1198.4</ele>
    </trkpt>
    <trkpt lat="42.216499" lon="-3.061177">
      <ele>1200.3</ele>
    </trkpt>
    <trkpt lat="42.216179" lon="-3.061137">
      <ele>1202.1</ele>
    </trkpt>
    <trkpt lat="42.215876" lon="-3.061137">
      <ele>1204</ele>
    </trkpt>
    <trkpt lat="42.215791" lon="-3.061162">
      <ele>1204.5</ele>
    </trkpt>
    <trkpt lat="42.215622" lon="-3.061277">
      <ele>1205.9</ele>
    </trkpt>
    <trkpt lat="42.215443" lon="-3.061326">
      <ele>1207.3</ele>
    </trkpt>
    <trkpt lat="42.21511" lon="-3.061336">
      <ele>1209.8</ele>
    </trkpt>
    <trkpt lat="42.214783" lon="-3.061279">
      <ele>1212.1</ele>
    </trkpt>
    <trkpt lat="42.214675" lon="-3.061294">
      <ele>1212.7</ele>
    </trkpt>
    <trkpt lat="42.214624" lon="-3.06133">
      <ele>1213.1</ele>
    </trkpt>
    <trkpt lat="42.214607" lon="-3.061377">
      <ele>1213.3</ele>
    </trkpt>
    <trkpt lat="42.214584" lon="-3.061771">
      <ele>1215.8</ele>
    </trkpt>
    <trkpt lat="42.214503" lon="-3.06186">
      <ele>1217.9</ele>
    </trkpt>
    <trkpt lat="42.214424" lon="-3.061894">
      <ele>1218.1</ele>
    </trkpt>
    <trkpt lat="42.214184" lon="-3.061929">
      <ele>1219.3</ele>
    </trkpt>
    <trkpt lat="42.213941" lon="-3.06192">
      <ele>1219.2</ele>
    </trkpt>
    <trkpt lat="42.213361" lon="-3.06185">
      <ele>1221.4</ele>
    </trkpt>
    <trkpt lat="42.213207" lon="-3.061866">
      <ele>1220.3</ele>
    </trkpt>
    <trkpt lat="42.213113" lon="-3.061922">
      <ele>1221.7</ele>
    </trkpt>
    <trkpt lat="42.213061" lon="-3.062011">
      <ele>1221.4</ele>
    </trkpt>
    <trkpt lat="42.213058" lon="-3.062166">
      <ele>1220.9</ele>
    </trkpt>
    <trkpt lat="42.21311" lon="-3.062291">
      <ele>1219.8</ele>
    </trkpt>
    <trkpt lat="42.213466" lon="-3.062844">
      <ele>1216.9</ele>
    </trkpt>
    <trkpt lat="42.213542" lon="-3.063052">
      <ele>1214.4</ele>
    </trkpt>
    <trkpt lat="42.213634" lon="-3.063189">
      <ele>1213.9</ele>
    </trkpt>
    <trkpt lat="42.213692" lon="-3.06323">
      <ele>1212.7</ele>
    </trkpt>
    <trkpt lat="42.214" lon="-3.063312">
      <ele>1208.7</ele>
    </trkpt>
    <trkpt lat="42.214319" lon="-3.06352">
      <ele>1201.6</ele>
    </trkpt>
    <trkpt lat="42.214965" lon="-3.063698">
      <ele>1193.1</ele>
    </trkpt>
    <trkpt lat="42.215292" lon="-3.06373">
      <ele>1189.8</ele>
    </trkpt>
    <trkpt lat="42.215514" lon="-3.063784">
      <ele>1188.4</ele>
    </trkpt>
    <trkpt lat="42.215747" lon="-3.063744">
      <ele>1187.1</ele>
    </trkpt>
    <trkpt lat="42.21619" lon="-3.063576">
      <ele>1186.4</ele>
    </trkpt>
    <trkpt lat="42.21649" lon="-3.063606">
      <ele>1187.4</ele>
    </trkpt>
    <trkpt lat="42.216583" lon="-3.063649">
      <ele>1188.2</ele>
    </trkpt>
    <trkpt lat="42.216633" lon="-3.063748">
      <ele>1188.8</ele>
    </trkpt>
    <trkpt lat="42.216644" lon="-3.063877">
      <ele>1189.8</ele>
    </trkpt>
    <trkpt lat="42.216489" lon="-3.064218">
      <ele>1193.7</ele>
    </trkpt>
    <trkpt lat="42.216417" lon="-3.064531">
      <ele>1197.2</ele>
    </trkpt>
    <trkpt lat="42.216411" lon="-3.064687">
      <ele>1199.1</ele>
    </trkpt>
    <trkpt lat="42.216413" lon="-3.064836">
      <ele>1200.7</ele>
    </trkpt>
    <trkpt lat="42.21651" lon="-3.065624">
      <ele>1211.2</ele>
    </trkpt>
    <trkpt lat="42.216598" lon="-3.065916">
      <ele>1215.1</ele>
    </trkpt>
    <trkpt lat="42.216588" lon="-3.066076">
      <ele>1217.4</ele>
    </trkpt>
    <trkpt lat="42.216536" lon="-3.066272">
      <ele>1219.5</ele>
    </trkpt>
    <trkpt lat="42.216443" lon="-3.066509">
      <ele>1222.6</ele>
    </trkpt>
    <trkpt lat="42.216211" lon="-3.066763">
      <ele>1226.4</ele>
    </trkpt>
    <trkpt lat="42.216114" lon="-3.066787">
      <ele>1227.9</ele>
    </trkpt>
    <trkpt lat="42.215698" lon="-3.066774">
      <ele>1231.3</ele>
    </trkpt>
    <trkpt lat="42.215421" lon="-3.066909">
      <ele>1232.9</ele>
    </trkpt>
    <trkpt lat="42.215027" lon="-3.067445">
      <ele>1233.7</ele>
    </trkpt>
    <trkpt lat="42.214814" lon="-3.067619">
      <ele>1234</ele>
    </trkpt>
    <trkpt lat="42.214749" lon="-3.067704">
      <ele>1233.9</ele>
    </trkpt>
    <trkpt lat="42.214727" lon="-3.067773">
      <ele>1233.9</ele>
    </trkpt>
    <trkpt lat="42.214724" lon="-3.067909">
      <ele>1233.9</ele>
    </trkpt>
    <trkpt lat="42.214837" lon="-3.068301">
      <ele>1233.5</ele>
    </trkpt>
    <trkpt lat="42.214976" lon="-3.068668">
      <ele>1232.6</ele>
    </trkpt>
    <trkpt lat="42.215138" lon="-3.068899">
      <ele>1232</ele>
    </trkpt>
    <trkpt lat="42.215207" lon="-3.069095">
      <ele>1231.5</ele>
    </trkpt>
    <trkpt lat="42.215183" lon="-3.06939">
      <ele>1231</ele>
    </trkpt>
    <trkpt lat="42.215188" lon="-3.070028">
      <ele>1230.4</ele>
    </trkpt>
    <trkpt lat="42.215117" lon="-3.070207">
      <ele>1230.5</ele>
    </trkpt>
    <trkpt lat="42.214632" lon="-3.070679">
      <ele>1231.4</ele>
    </trkpt>
    <trkpt lat="42.214482" lon="-3.071137">
      <ele>1231.8</ele>
    </trkpt>
    <trkpt lat="42.214259" lon="-3.071622">
      <ele>1232</ele>
    </trkpt>
    <trkpt lat="42.214199" lon="-3.071678">
      <ele>1232.1</ele>
    </trkpt>
    <trkpt lat="42.21386" lon="-3.071717">
      <ele>1232</ele>
    </trkpt>
    <trkpt lat="42.213497" lon="-3.07187">
      <ele>1231.5</ele>
    </trkpt>
    <trkpt lat="42.21333" lon="-3.071982">
      <ele>1231</ele>
    </trkpt>
    <trkpt lat="42.213038" lon="-3.072242">
      <ele>1230</ele>
    </trkpt>
    <trkpt lat="42.212553" lon="-3.07254">
      <ele>1227.9</ele>
    </trkpt>
    <trkpt lat="42.211516" lon="-3.073307">
      <ele>1221.8</ele>
    </trkpt>
    <trkpt lat="42.210396" lon="-3.073909">
      <ele>1218.7</ele>
    </trkpt>
    <trkpt lat="42.210242" lon="-3.07403">
      <ele>1218.9</ele>
    </trkpt>
    <trkpt lat="42.20997" lon="-3.07432">
      <ele>1219.6</ele>
    </trkpt>
    <trkpt lat="42.209762" lon="-3.07448">
      <ele>1220</ele>
    </trkpt>
    <trkpt lat="42.209423" lon="-3.074705">
      <ele>1220.8</ele>
    </trkpt>
    <trkpt lat="42.209008" lon="-3.074864">
      <ele>1221.5</ele>
    </trkpt>
    <trkpt lat="42.208719" lon="-3.075096">
      <ele>1221.7</ele>
    </trkpt>
    <trkpt lat="42.208571" lon="-3.075182">
      <ele>1221.7</ele>
    </trkpt>
    <trkpt lat="42.208258" lon="-3.0753">
      <ele>1221.9</ele>
    </trkpt>
    <trkpt lat="42.207842" lon="-3.075567">
      <ele>1222.9</ele>
    </trkpt>
    <trkpt lat="42.207639" lon="-3.075588">
      <ele>1222.8</ele>
    </trkpt>
    <trkpt lat="42.207553" lon="-3.075566">
      <ele>1223</ele>
    </trkpt>
    <trkpt lat="42.207192" lon="-3.075304">
      <ele>1223.7</ele>
    </trkpt>
    <trkpt lat="42.207054" lon="-3.075245">
      <ele>1223.6</ele>
    </trkpt>
    <trkpt lat="42.206767" lon="-3.075285">
      <ele>1226.7</ele>
    </trkpt>
    <trkpt lat="42.206612" lon="-3.075362">
      <ele>1227.3</ele>
    </trkpt>
    <trkpt lat="42.206137" lon="-3.075827">
      <ele>1233.7</ele>
    </trkpt>
    <trkpt lat="42.206014" lon="-3.076104">
      <ele>1236.4</ele>
    </trkpt>
    <trkpt lat="42.205947" lon="-3.076472">
      <ele>1239</ele>
    </trkpt>
    <trkpt lat="42.20585" lon="-3.076665">
      <ele>1242</ele>
    </trkpt>
    <trkpt lat="42.205806" lon="-3.076823">
      <ele>1242.3</ele>
    </trkpt>
    <trkpt lat="42.205837" lon="-3.077138">
      <ele>1244.6</ele>
    </trkpt>
    <trkpt lat="42.205811" lon="-3.077239">
      <ele>1244.5</ele>
    </trkpt>
    <trkpt lat="42.205655" lon="-3.077439">
      <ele>1245.9</ele>
    </trkpt>
    <trkpt lat="42.205578" lon="-3.077562">
      <ele>1246.4</ele>
    </trkpt>
    <trkpt lat="42.205594" lon="-3.077648">
      <ele>1246.5</ele>
    </trkpt>
    <trkpt lat="42.205667" lon="-3.077693">
      <ele>1246.7</ele>
    </trkpt>
    <trkpt lat="42.205818" lon="-3.077627">
      <ele>1248.3</ele>
    </trkpt>
    <trkpt lat="42.20612" lon="-3.077347">
      <ele>1249.8</ele>
    </trkpt>
    <trkpt lat="42.206241" lon="-3.077187">
      <ele>1249.7</ele>
    </trkpt>
    <trkpt lat="42.206459" lon="-3.076657">
      <ele>1250</ele>
    </trkpt>
    <trkpt lat="42.206526" lon="-3.076642">
      <ele>1250.2</ele>
    </trkpt>
    <trkpt lat="42.206569" lon="-3.076706">
      <ele>1250.3</ele>
    </trkpt>
    <trkpt lat="42.206569" lon="-3.07683">
      <ele>1250.5</ele>
    </trkpt>
    <trkpt lat="42.206453" lon="-3.077245">
      <ele>1251.4</ele>
    </trkpt>
    <trkpt lat="42.206254" lon="-3.07768">
      <ele>1253</ele>
    </trkpt>
    <trkpt lat="42.20601" lon="-3.078005">
      <ele>1255.4</ele>
    </trkpt>
    <trkpt lat="42.205855" lon="-3.078129">
      <ele>1256.6</ele>
    </trkpt>
    <trkpt lat="42.205348" lon="-3.07831">
      <ele>1261.8</ele>
    </trkpt>
    <trkpt lat="42.205185" lon="-3.078428">
      <ele>1263.7</ele>
    </trkpt>
    <trkpt lat="42.205119" lon="-3.07859">
      <ele>1265.7</ele>
    </trkpt>
    <trkpt lat="42.205066" lon="-3.078887">
      <ele>1268.5</ele>
    </trkpt>
    <trkpt lat="42.205062" lon="-3.079047">
      <ele>1270.3</ele>
    </trkpt>
    <trkpt lat="42.20512" lon="-3.079163">
      <ele>1271.9</ele>
    </trkpt>
    <trkpt lat="42.205363" lon="-3.079168">
      <ele>1274.7</ele>
    </trkpt>
    <trkpt lat="42.205477" lon="-3.079255">
      <ele>1276.8</ele>
    </trkpt>
    <trkpt lat="42.205539" lon="-3.079347">
      <ele>1278</ele>
    </trkpt>
    <trkpt lat="42.205585" lon="-3.079433">
      <ele>1279</ele>
    </trkpt>
    <trkpt lat="42.205627" lon="-3.079601">
      <ele>1281</ele>
    </trkpt>
    <trkpt lat="42.205672" lon="-3.079982">
      <ele>1284.8</ele>
    </trkpt>
    <trkpt lat="42.205768" lon="-3.080097">
      <ele>1286.6</ele>
    </trkpt>
    <trkpt lat="42.205958" lon="-3.080139">
      <ele>1289</ele>
    </trkpt>
    <trkpt lat="42.206277" lon="-3.080135">
      <ele>1293.2</ele>
    </trkpt>
    <trkpt lat="42.206406" lon="-3.080217">
      <ele>1294.7</ele>
    </trkpt>
    <trkpt lat="42.206475" lon="-3.080322">
      <ele>1296.3</ele>
    </trkpt>
    <trkpt lat="42.206724" lon="-3.080925">
      <ele>1302.6</ele>
    </trkpt>
    <trkpt lat="42.206829" lon="-3.081108">
      <ele>1304.2</ele>
    </trkpt>
    <trkpt lat="42.207076" lon="-3.081307">
      <ele>1306.7</ele>
    </trkpt>
    <trkpt lat="42.207187" lon="-3.081437">
      <ele>1308</ele>
    </trkpt>
    <trkpt lat="42.207236" lon="-3.081536">
      <ele>1308.7</ele>
    </trkpt>
    <trkpt lat="42.207293" lon="-3.081762">
      <ele>1309.7</ele>
    </trkpt>
    <trkpt lat="42.207326" lon="-3.081799">
      <ele>1310.1</ele>
    </trkpt>
    <trkpt lat="42.207408" lon="-3.081799">
      <ele>1310.6</ele>
    </trkpt>
    <trkpt lat="42.207455" lon="-3.081691">
      <ele>1311.2</ele>
    </trkpt>
    <trkpt lat="42.207444" lon="-3.081496">
      <ele>1311.5</ele>
    </trkpt>
    <trkpt lat="42.207395" lon="-3.081329">
      <ele>1311.9</ele>
    </trkpt>
    <trkpt lat="42.207276" lon="-3.08111">
      <ele>1311.9</ele>
    </trkpt>
    <trkpt lat="42.207105" lon="-3.080933">
      <ele>1311.6</ele>
    </trkpt>
    <trkpt lat="42.20702" lon="-3.080781">
      <ele>1311.4</ele>
    </trkpt>
    <trkpt lat="42.206814" lon="-3.079872">
      <ele>1311</ele>
    </trkpt>
    <trkpt lat="42.206692" lon="-3.079602">
      <ele>1310.7</ele>
    </trkpt>
    <trkpt lat="42.206521" lon="-3.079391">
      <ele>1311.2</ele>
    </trkpt>
    <trkpt lat="42.206491" lon="-3.079279">
      <ele>1311.6</ele>
    </trkpt>
    <trkpt lat="42.206508" lon="-3.079235">
      <ele>1311.7</ele>
    </trkpt>
    <trkpt lat="42.206569" lon="-3.079204">
      <ele>1312</ele>
    </trkpt>
    <trkpt lat="42.206682" lon="-3.079293">
      <ele>1313.1</ele>
    </trkpt>
    <trkpt lat="42.207022" lon="-3.079837">
      <ele>1317</ele>
    </trkpt>
    <trkpt lat="42.207268" lon="-3.080332">
      <ele>1320.5</ele>
    </trkpt>
    <trkpt lat="42.207687" lon="-3.080787">
      <ele>1326.7</ele>
    </trkpt>
    <trkpt lat="42.20783" lon="-3.080996">
      <ele>1329.5</ele>
    </trkpt>
    <trkpt lat="42.207953" lon="-3.081297">
      <ele>1333.3</ele>
    </trkpt>
    <trkpt lat="42.208022" lon="-3.081556">
      <ele>1336.3</ele>
    </trkpt>
    <trkpt lat="42.208188" lon="-3.082355">
      <ele>1345.7</ele>
    </trkpt>
    <trkpt lat="42.208385" lon="-3.082826">
      <ele>1350.7</ele>
    </trkpt>
    <trkpt lat="42.20871" lon="-3.083498">
      <ele>1357.1</ele>
    </trkpt>
    <trkpt lat="42.208948" lon="-3.084202">
      <ele>1364.1</ele>
    </trkpt>
    <trkpt lat="42.209092" lon="-3.084507">
      <ele>1367.7</ele>
    </trkpt>
    <trkpt lat="42.209158" lon="-3.08474">
      <ele>1370.1</ele>
    </trkpt>
    <trkpt lat="42.20916" lon="-3.084909">
      <ele>1371.9</ele>
    </trkpt>
    <trkpt lat="42.209084" lon="-3.085249">
      <ele>1375.7</ele>
    </trkpt>
    <trkpt lat="42.209052" lon="-3.085563">
      <ele>1379</ele>
    </trkpt>
    <trkpt lat="42.209049" lon="-3.085785">
      <ele>1381.3</ele>
    </trkpt>
    <trkpt lat="42.209111" lon="-3.086623">
      <ele>1388.8</ele>
    </trkpt>
    <trkpt lat="42.209103" lon="-3.087301">
      <ele>1395.4</ele>
    </trkpt>
    <trkpt lat="42.209157" lon="-3.087553">
      <ele>1397.4</ele>
    </trkpt>
    <trkpt lat="42.209356" lon="-3.088078">
      <ele>1401.9</ele>
    </trkpt>
    <trkpt lat="42.20938" lon="-3.088225">
      <ele>1403</ele>
    </trkpt>
    <trkpt lat="42.20938" lon="-3.088594">
      <ele>1404.8</ele>
    </trkpt>
    <trkpt lat="42.209446" lon="-3.088779">
      <ele>1405.7</ele>
    </trkpt>
    <trkpt lat="42.209495" lon="-3.088843">
      <ele>1405.9</ele>
    </trkpt>
    <trkpt lat="42.209556" lon="-3.088876">
      <ele>1406.1</ele>
    </trkpt>
    <trkpt lat="42.20965" lon="-3.088862">
      <ele>1406.6</ele>
    </trkpt>
    <trkpt lat="42.209708" lon="-3.088779">
      <ele>1406.9</ele>
    </trkpt>
    <trkpt lat="42.209718" lon="-3.08871">
      <ele>1407</ele>
    </trkpt>
    <trkpt lat="42.209576" lon="-3.087871">
      <ele>1407.6</ele>
    </trkpt>
    <trkpt lat="42.209517" lon="-3.087326">
      <ele>1408</ele>
    </trkpt>
    <trkpt lat="42.209516" lon="-3.087117">
      <ele>1408</ele>
    </trkpt>
    <trkpt lat="42.209607" lon="-3.086271">
      <ele>1408.6</ele>
    </trkpt>
    <trkpt lat="42.209665" lon="-3.085907">
      <ele>1409.1</ele>
    </trkpt>
    <trkpt lat="42.209742" lon="-3.085609">
      <ele>1409.8</ele>
    </trkpt>
    <trkpt lat="42.209839" lon="-3.085435">
      <ele>1410.5</ele>
    </trkpt>
    <trkpt lat="42.210046" lon="-3.085176">
      <ele>1412.1</ele>
    </trkpt>
    <trkpt lat="42.2101" lon="-3.08499">
      <ele>1413.1</ele>
    </trkpt>
    <trkpt lat="42.210082" lon="-3.084752">
      <ele>1414.5</ele>
    </trkpt>
    <trkpt lat="42.209875" lon="-3.084024">
      <ele>1420</ele>
    </trkpt>
    <trkpt lat="42.209846" lon="-3.083846">
      <ele>1421.3</ele>
    </trkpt>
    <trkpt lat="42.209755" lon="-3.082075">
      <ele>1431.2</ele>
    </trkpt>
    <trkpt lat="42.209762" lon="-3.081295">
      <ele>1434.8</ele>
    </trkpt>
    <trkpt lat="42.209691" lon="-3.080609">
      <ele>1437.9</ele>
    </trkpt>
    <trkpt lat="42.209717" lon="-3.080484">
      <ele>1438.5</ele>
    </trkpt>
    <trkpt lat="42.209783" lon="-3.080429">
      <ele>1438.9</ele>
    </trkpt>
    <trkpt lat="42.20987" lon="-3.080443">
      <ele>1439.5</ele>
    </trkpt>
    <trkpt lat="42.209934" lon="-3.080526">
      <ele>1440</ele>
    </trkpt>
    <trkpt lat="42.209978" lon="-3.080693">
      <ele>1440.7</ele>
    </trkpt>
    <trkpt lat="42.21" lon="-3.080948">
      <ele>1441.9</ele>
    </trkpt>
    <trkpt lat="42.210341" lon="-3.083104">
      <ele>1456.1</ele>
    </trkpt>
    <trkpt lat="42.210476" lon="-3.083532">
      <ele>1459.9</ele>
    </trkpt>
    <trkpt lat="42.21082" lon="-3.084165">
      <ele>1465.6</ele>
    </trkpt>
    <trkpt lat="42.21095" lon="-3.084671">
      <ele>1469.3</ele>
    </trkpt>
    <trkpt lat="42.210965" lon="-3.085061">
      <ele>1471.8</ele>
    </trkpt>
    <trkpt lat="42.210926" lon="-3.086074">
      <ele>1478.7</ele>
    </trkpt>
    <trkpt lat="42.211162" lon="-3.088394">
      <ele>1492.4</ele>
    </trkpt>
    <trkpt lat="42.211183" lon="-3.0891">
      <ele>1495.9</ele>
    </trkpt>
    <trkpt lat="42.211321" lon="-3.090384">
      <ele>1503.5</ele>
    </trkpt>
    <trkpt lat="42.211393" lon="-3.092934">
      <ele>1521.3</ele>
    </trkpt>
    <trkpt lat="42.211424" lon="-3.092975">
      <ele>1521.7</ele>
    </trkpt>
    <trkpt lat="42.211497" lon="-3.092984">
      <ele>1522.5</ele>
    </trkpt>
    <trkpt lat="42.211553" lon="-3.092911">
      <ele>1523.3</ele>
    </trkpt>
    <trkpt lat="42.211568" lon="-3.092834">
      <ele>1523.9</ele>
    </trkpt>
    <trkpt lat="42.211616" lon="-3.091766">
      <ele>1531.3</ele>
    </trkpt>
    <trkpt lat="42.21182" lon="-3.090239">
      <ele>1540.7</ele>
    </trkpt>
    <trkpt lat="42.21192" lon="-3.089072">
      <ele>1548.9</ele>
    </trkpt>
    <trkpt lat="42.212037" lon="-3.088189">
      <ele>1555.2</ele>
    </trkpt>
    <trkpt lat="42.212194" lon="-3.087314">
      <ele>1561.3</ele>
    </trkpt>
    <trkpt lat="42.212722" lon="-3.085751">
      <ele>1570.7</ele>
    </trkpt>
    <trkpt lat="42.212886" lon="-3.085433">
      <ele>1572.7</ele>
    </trkpt>
    <trkpt lat="42.213179" lon="-3.085003">
      <ele>1575.5</ele>
    </trkpt>
    <trkpt lat="42.213218" lon="-3.084977">
      <ele>1575.8</ele>
    </trkpt>
    <trkpt lat="42.213296" lon="-3.085024">
      <ele>1576.3</ele>
    </trkpt>
    <trkpt lat="42.2133" lon="-3.085118">
      <ele>1576.8</ele>
    </trkpt>
    <trkpt lat="42.213077" lon="-3.085523">
      <ele>1579.3</ele>
    </trkpt>
    <trkpt lat="42.213019" lon="-3.085686">
      <ele>1580.1</ele>
    </trkpt>
    <trkpt lat="42.212731" lon="-3.087066">
      <ele>1588.1</ele>
    </trkpt>
    <trkpt lat="42.212674" lon="-3.087739">
      <ele>1593</ele>
    </trkpt>
    <trkpt lat="42.212716" lon="-3.088611">
      <ele>1599.8</ele>
    </trkpt>
    <trkpt lat="42.212717" lon="-3.089188">
      <ele>1604.9</ele>
    </trkpt>
    <trkpt lat="42.212895" lon="-3.090385">
      <ele>1615.4</ele>
    </trkpt>
    <trkpt lat="42.212966" lon="-3.091215">
      <ele>1623.2</ele>
    </trkpt>
    <trkpt lat="42.213008" lon="-3.092284">
      <ele>1635.4</ele>
    </trkpt>
    <trkpt lat="42.213037" lon="-3.09255">
      <ele>1638.9</ele>
    </trkpt>
    <trkpt lat="42.213144" lon="-3.092997">
      <ele>1645.4</ele>
    </trkpt>
    <trkpt lat="42.213748" lon="-3.094781">
      <ele>1668.1</ele>
    </trkpt>
    <trkpt lat="42.213864" lon="-3.094937">
      <ele>1670.1</ele>
    </trkpt>
    <trkpt lat="42.214453" lon="-3.095346">
      <ele>1677.3</ele>
    </trkpt>
    <trkpt lat="42.214726" lon="-3.095611">
      <ele>1680</ele>
    </trkpt>
    <trkpt lat="42.214807" lon="-3.095651">
      <ele>1680.6</ele>
    </trkpt>
    <trkpt lat="42.214858" lon="-3.095599">
      <ele>1681.2</ele>
    </trkpt>
    <trkpt lat="42.214868" lon="-3.095553">
      <ele>1681.4</ele>
    </trkpt>
    <trkpt lat="42.214843" lon="-3.095461">
      <ele>1681.8</ele>
    </trkpt>
    <trkpt lat="42.214503" lon="-3.094923">
      <ele>1684</ele>
    </trkpt>
    <trkpt lat="42.214248" lon="-3.094629">
      <ele>1685.6</ele>
    </trkpt>
    <trkpt lat="42.214125" lon="-3.094405">
      <ele>1686.9</ele>
    </trkpt>
    <trkpt lat="42.21406" lon="-3.094102">
      <ele>1689</ele>
    </trkpt>
    <trkpt lat="42.214002" lon="-3.092957">
      <ele>1696.2</ele>
    </trkpt>
    <trkpt lat="42.214108" lon="-3.09223">
      <ele>1703.3</ele>
    </trkpt>
    <trkpt lat="42.214211" lon="-3.091801">
      <ele>1706.8</ele>
    </trkpt>
    <trkpt lat="42.21453" lon="-3.090745">
      <ele>1715.7</ele>
    </trkpt>
    <trkpt lat="42.214701" lon="-3.090395">
      <ele>1718.4</ele>
    </trkpt>
    <trkpt lat="42.215232" lon="-3.089467">
      <ele>1724.6</ele>
    </trkpt>
    <trkpt lat="42.215335" lon="-3.089428">
      <ele>1725.1</ele>
    </trkpt>
    <trkpt lat="42.215393" lon="-3.089446">
      <ele>1725.7</ele>
    </trkpt>
    <trkpt lat="42.215444" lon="-3.08953">
      <ele>1726.6</ele>
    </trkpt>
    <trkpt lat="42.215442" lon="-3.08964">
      <ele>1727.4</ele>
    </trkpt>
    <trkpt lat="42.215353" lon="-3.089854">
      <ele>1729</ele>
    </trkpt>
    <trkpt lat="42.215328" lon="-3.089973">
      <ele>1730.4</ele>
    </trkpt>
    <trkpt lat="42.215315" lon="-3.090247">
      <ele>1732.9</ele>
    </trkpt>
    <trkpt lat="42.215371" lon="-3.090667">
      <ele>1737.4</ele>
    </trkpt>
    <trkpt lat="42.215479" lon="-3.090981">
      <ele>1741.1</ele>
    </trkpt>
    <trkpt lat="42.215593" lon="-3.091165">
      <ele>1743.2</ele>
    </trkpt>
    <trkpt lat="42.21569" lon="-3.091252">
      <ele>1745.2</ele>
    </trkpt>
    <trkpt lat="42.21614" lon="-3.091526">
      <ele>1752.6</ele>
    </trkpt>
    <trkpt lat="42.216526" lon="-3.092006">
      <ele>1760.4</ele>
    </trkpt>
    <trkpt lat="42.216622" lon="-3.09216">
      <ele>1762.9</ele>
    </trkpt>
    <trkpt lat="42.216673" lon="-3.092294">
      <ele>1764.5</ele>
    </trkpt>
    <trkpt lat="42.216864" lon="-3.093183">
      <ele>1773.6</ele>
    </trkpt>
    <trkpt lat="42.217127" lon="-3.094158">
      <ele>1778.6</ele>
    </trkpt>
    <trkpt lat="42.217346" lon="-3.094815">
      <ele>1782.2</ele>
    </trkpt>
    <trkpt lat="42.21748" lon="-3.0951">
      <ele>1784.1</ele>
    </trkpt>
    <trkpt lat="42.217682" lon="-3.09545">
      <ele>1786.6</ele>
    </trkpt>
    <trkpt lat="42.217777" lon="-3.095699">
      <ele>1788.1</ele>
    </trkpt>
    <trkpt lat="42.218367" lon="-3.097685">
      <ele>1802.4</ele>
    </trkpt>
    <trkpt lat="42.218455" lon="-3.098108">
      <ele>1805.3</ele>
    </trkpt>
    <trkpt lat="42.218454" lon="-3.098205">
      <ele>1805.8</ele>
    </trkpt>
    <trkpt lat="42.218445" lon="-3.098282">
      <ele>1806.3</ele>
    </trkpt>
    <trkpt lat="42.218324" lon="-3.098592">
      <ele>1808.4</ele>
    </trkpt>
    <trkpt lat="42.217855" lon="-3.099388">
      <ele>1814</ele>
    </trkpt>
    <trkpt lat="42.217319" lon="-3.100647">
      <ele>1821.6</ele>
    </trkpt>
    <trkpt lat="42.217248" lon="-3.100802">
      <ele>1822.8</ele>
    </trkpt>
    <trkpt lat="42.217166" lon="-3.100912">
      <ele>1823.9</ele>
    </trkpt>
    <trkpt lat="42.216865" lon="-3.101135">
      <ele>1827.3</ele>
    </trkpt>
    <trkpt lat="42.216693" lon="-3.10122">
      <ele>1828.9</ele>
    </trkpt>
    <trkpt lat="42.21596" lon="-3.101423">
      <ele>1833.6</ele>
    </trkpt>
    <trkpt lat="42.21544" lon="-3.101494">
      <ele>1834.5</ele>
    </trkpt>
    <trkpt lat="42.215374" lon="-3.101489">
      <ele>1834.7</ele>
    </trkpt>
    <trkpt lat="42.21544" lon="-3.101494">
      <ele>1834.5</ele>
    </trkpt>
    <trkpt lat="42.21596" lon="-3.101423">
      <ele>1833.6</ele>
    </trkpt>
    <trkpt lat="42.216693" lon="-3.10122">
      <ele>1828.9</ele>
    </trkpt>
    <trkpt lat="42.216865" lon="-3.101135">
      <ele>1827.3</ele>
    </trkpt>
    <trkpt lat="42.217166" lon="-3.100912">
      <ele>1823.9</ele>
    </trkpt>
    <trkpt lat="42.217248" lon="-3.100802">
      <ele>1822.8</ele>
    </trkpt>
    <trkpt lat="42.217319" lon="-3.100647">
      <ele>1821.6</ele>
    </trkpt>
    <trkpt lat="42.217855" lon="-3.099388">
      <ele>1814</ele>
    </trkpt>
    <trkpt lat="42.218324" lon="-3.098592">
      <ele>1808.4</ele>
    </trkpt>
    <trkpt lat="42.218445" lon="-3.098282">
      <ele>1806.3</ele>
    </trkpt>
    <trkpt lat="42.218454" lon="-3.098205">
      <ele>1805.8</ele>
    </trkpt>
    <trkpt lat="42.218455" lon="-3.098108">
      <ele>1805.3</ele>
    </trkpt>
    <trkpt lat="42.218367" lon="-3.097685">
      <ele>1802.4</ele>
    </trkpt>
    <trkpt lat="42.217777" lon="-3.095699">
      <ele>1788.1</ele>
    </trkpt>
    <trkpt lat="42.217682" lon="-3.09545">
      <ele>1786.6</ele>
    </trkpt>
    <trkpt lat="42.21748" lon="-3.0951">
      <ele>1784.1</ele>
    </trkpt>
    <trkpt lat="42.217346" lon="-3.094815">
      <ele>1782.2</ele>
    </trkpt>
    <trkpt lat="42.217127" lon="-3.094158">
      <ele>1778.6</ele>
    </trkpt>
    <trkpt lat="42.216864" lon="-3.093183">
      <ele>1773.6</ele>
    </trkpt>
    <trkpt lat="42.216673" lon="-3.092294">
      <ele>1764.5</ele>
    </trkpt>
    <trkpt lat="42.216622" lon="-3.09216">
      <ele>1762.9</ele>
    </trkpt>
    <trkpt lat="42.216526" lon="-3.092006">
      <ele>1760.4</ele>
    </trkpt>
    <trkpt lat="42.21614" lon="-3.091526">
      <ele>1752.6</ele>
    </trkpt>
    <trkpt lat="42.21569" lon="-3.091252">
      <ele>1745.2</ele>
    </trkpt>
    <trkpt lat="42.215593" lon="-3.091165">
      <ele>1743.2</ele>
    </trkpt>
    <trkpt lat="42.215479" lon="-3.090981">
      <ele>1741.1</ele>
    </trkpt>
    <trkpt lat="42.215371" lon="-3.090667">
      <ele>1737.4</ele>
    </trkpt>
    <trkpt lat="42.215315" lon="-3.090247">
      <ele>1732.9</ele>
    </trkpt>
    <trkpt lat="42.215328" lon="-3.089973">
      <ele>1730.4</ele>
    </trkpt>
    <trkpt lat="42.215353" lon="-3.089854">
      <ele>1729</ele>
    </trkpt>
    <trkpt lat="42.215442" lon="-3.08964">
      <ele>1727.4</ele>
    </trkpt>
    <trkpt lat="42.215444" lon="-3.08953">
      <ele>1726.6</ele>
    </trkpt>
    <trkpt lat="42.215393" lon="-3.089446">
      <ele>1725.7</ele>
    </trkpt>
    <trkpt lat="42.215335" lon="-3.089428">
      <ele>1725.1</ele>
    </trkpt>
    <trkpt lat="42.215232" lon="-3.089467">
      <ele>1724.6</ele>
    </trkpt>
    <trkpt lat="42.214701" lon="-3.090395">
      <ele>1718.4</ele>
    </trkpt>
    <trkpt lat="42.21453" lon="-3.090745">
      <ele>1715.7</ele>
    </trkpt>
    <trkpt lat="42.214211" lon="-3.091801">
      <ele>1706.8</ele>
    </trkpt>
    <trkpt lat="42.214108" lon="-3.09223">
      <ele>1703.3</ele>
    </trkpt>
    <trkpt lat="42.214002" lon="-3.092957">
      <ele>1696.2</ele>
    </trkpt>
    <trkpt lat="42.21406" lon="-3.094102">
      <ele>1689</ele>
    </trkpt>
    <trkpt lat="42.214125" lon="-3.094405">
      <ele>1686.9</ele>
    </trkpt>
    <trkpt lat="42.214248" lon="-3.094629">
      <ele>1685.6</ele>
    </trkpt>
    <trkpt lat="42.214503" lon="-3.094923">
      <ele>1684</ele>
    </trkpt>
    <trkpt lat="42.214843" lon="-3.095461">
      <ele>1681.8</ele>
    </trkpt>
    <trkpt lat="42.214868" lon="-3.095553">
      <ele>1681.4</ele>
    </trkpt>
    <trkpt lat="42.214858" lon="-3.095599">
      <ele>1681.2</ele>
    </trkpt>
    <trkpt lat="42.214807" lon="-3.095651">
      <ele>1680.6</ele>
    </trkpt>
    <trkpt lat="42.214726" lon="-3.095611">
      <ele>1680</ele>
    </trkpt>
    <trkpt lat="42.214453" lon="-3.095346">
      <ele>1677.3</ele>
    </trkpt>
    <trkpt lat="42.213864" lon="-3.094937">
      <ele>1670.1</ele>
    </trkpt>
    <trkpt lat="42.213748" lon="-3.094781">
      <ele>1668.1</ele>
    </trkpt>
    <trkpt lat="42.213144" lon="-3.092997">
      <ele>1645.4</ele>
    </trkpt>
    <trkpt lat="42.213037" lon="-3.09255">
      <ele>1638.9</ele>
    </trkpt>
    <trkpt lat="42.213008" lon="-3.092284">
      <ele>1635.4</ele>
    </trkpt>
    <trkpt lat="42.212966" lon="-3.091215">
      <ele>1623.2</ele>
    </trkpt>
    <trkpt lat="42.212895" lon="-3.090385">
      <ele>1615.4</ele>
    </trkpt>
    <trkpt lat="42.212717" lon="-3.089188">
      <ele>1604.9</ele>
    </trkpt>
    <trkpt lat="42.212716" lon="-3.088611">
      <ele>1599.8</ele>
    </trkpt>
    <trkpt lat="42.212674" lon="-3.087739">
      <ele>1593</ele>
    </trkpt>
    <trkpt lat="42.212731" lon="-3.087066">
      <ele>1588.1</ele>
    </trkpt>
    <trkpt lat="42.213019" lon="-3.085686">
      <ele>1580.1</ele>
    </trkpt>
    <trkpt lat="42.213077" lon="-3.085523">
      <ele>1579.3</ele>
    </trkpt>
    <trkpt lat="42.2133" lon="-3.085118">
      <ele>1576.8</ele>
    </trkpt>
    <trkpt lat="42.213296" lon="-3.085024">
      <ele>1576.3</ele>
    </trkpt>
    <trkpt lat="42.213239" lon="-3.08499">
      <ele>1575.9</ele>
    </trkpt>
    <trkpt lat="42.213218" lon="-3.084977">
      <ele>1575.8</ele>
    </trkpt>
    <trkpt lat="42.213179" lon="-3.085003">
      <ele>1575.5</ele>
    </trkpt>
    <trkpt lat="42.212886" lon="-3.085433">
      <ele>1572.7</ele>
    </trkpt>
    <trkpt lat="42.212722" lon="-3.085751">
      <ele>1570.7</ele>
    </trkpt>
    <trkpt lat="42.212194" lon="-3.087314">
      <ele>1561.3</ele>
    </trkpt>
    <trkpt lat="42.212037" lon="-3.088189">
      <ele>1555.2</ele>
    </trkpt>
    <trkpt lat="42.21192" lon="-3.089072">
      <ele>1548.9</ele>
    </trkpt>
    <trkpt lat="42.21182" lon="-3.090239">
      <ele>1540.7</ele>
    </trkpt>
    <trkpt lat="42.211616" lon="-3.091766">
      <ele>1531.3</ele>
    </trkpt>
    <trkpt lat="42.211568" lon="-3.092834">
      <ele>1523.9</ele>
    </trkpt>
    <trkpt lat="42.211553" lon="-3.092911">
      <ele>1523.3</ele>
    </trkpt>
    <trkpt lat="42.211497" lon="-3.092984">
      <ele>1522.5</ele>
    </trkpt>
    <trkpt lat="42.211424" lon="-3.092975">
      <ele>1521.7</ele>
    </trkpt>
    <trkpt lat="42.211393" lon="-3.092934">
      <ele>1521.3</ele>
    </trkpt>
    <trkpt lat="42.211321" lon="-3.090384">
      <ele>1503.5</ele>
    </trkpt>
    <trkpt lat="42.211183" lon="-3.0891">
      <ele>1495.9</ele>
    </trkpt>
    <trkpt lat="42.211162" lon="-3.088394">
      <ele>1492.4</ele>
    </trkpt>
    <trkpt lat="42.210926" lon="-3.086074">
      <ele>1478.7</ele>
    </trkpt>
    <trkpt lat="42.210965" lon="-3.085061">
      <ele>1471.8</ele>
    </trkpt>
    <trkpt lat="42.21095" lon="-3.084671">
      <ele>1469.3</ele>
    </trkpt>
    <trkpt lat="42.21082" lon="-3.084165">
      <ele>1465.6</ele>
    </trkpt>
    <trkpt lat="42.210476" lon="-3.083532">
      <ele>1459.9</ele>
    </trkpt>
    <trkpt lat="42.210341" lon="-3.083104">
      <ele>1456.1</ele>
    </trkpt>
    <trkpt lat="42.21" lon="-3.080948">
      <ele>1441.9</ele>
    </trkpt>
    <trkpt lat="42.209978" lon="-3.080693">
      <ele>1440.7</ele>
    </trkpt>
    <trkpt lat="42.209934" lon="-3.080526">
      <ele>1440</ele>
    </trkpt>
    <trkpt lat="42.20987" lon="-3.080443">
      <ele>1439.5</ele>
    </trkpt>
    <trkpt lat="42.209783" lon="-3.080429">
      <ele>1438.9</ele>
    </trkpt>
    <trkpt lat="42.209717" lon="-3.080484">
      <ele>1438.5</ele>
    </trkpt>
    <trkpt lat="42.209691" lon="-3.080609">
      <ele>1437.9</ele>
    </trkpt>
    <trkpt lat="42.209762" lon="-3.081295">
      <ele>1434.8</ele>
    </trkpt>
    <trkpt lat="42.209755" lon="-3.082075">
      <ele>1431.2</ele>
    </trkpt>
    <trkpt lat="42.209846" lon="-3.083846">
      <ele>1421.3</ele>
    </trkpt>
    <trkpt lat="42.209875" lon="-3.084024">
      <ele>1420</ele>
    </trkpt>
    <trkpt lat="42.210082" lon="-3.084752">
      <ele>1414.5</ele>
    </trkpt>
    <trkpt lat="42.2101" lon="-3.08499">
      <ele>1413.1</ele>
    </trkpt>
    <trkpt lat="42.210046" lon="-3.085176">
      <ele>1412.1</ele>
    </trkpt>
    <trkpt lat="42.209839" lon="-3.085435">
      <ele>1410.5</ele>
    </trkpt>
    <trkpt lat="42.209742" lon="-3.085609">
      <ele>1409.8</ele>
    </trkpt>
    <trkpt lat="42.209665" lon="-3.085907">
      <ele>1409.1</ele>
    </trkpt>
    <trkpt lat="42.209607" lon="-3.086271">
      <ele>1408.6</ele>
    </trkpt>
    <trkpt lat="42.209516" lon="-3.087117">
      <ele>1408</ele>
    </trkpt>
    <trkpt lat="42.209517" lon="-3.087326">
      <ele>1408</ele>
    </trkpt>
    <trkpt lat="42.209576" lon="-3.087871">
      <ele>1407.6</ele>
    </trkpt>
    <trkpt lat="42.209718" lon="-3.08871">
      <ele>1407</ele>
    </trkpt>
    <trkpt lat="42.209708" lon="-3.088779">
      <ele>1406.9</ele>
    </trkpt>
    <trkpt lat="42.20965" lon="-3.088862">
      <ele>1406.6</ele>
    </trkpt>
    <trkpt lat="42.209556" lon="-3.088876">
      <ele>1406.1</ele>
    </trkpt>
    <trkpt lat="42.209495" lon="-3.088843">
      <ele>1405.9</ele>
    </trkpt>
    <trkpt lat="42.209446" lon="-3.088779">
      <ele>1405.7</ele>
    </trkpt>
    <trkpt lat="42.20938" lon="-3.088594">
      <ele>1404.8</ele>
    </trkpt>
    <trkpt lat="42.20938" lon="-3.088225">
      <ele>1403</ele>
    </trkpt>
    <trkpt lat="42.209356" lon="-3.088078">
      <ele>1401.9</ele>
    </trkpt>
    <trkpt lat="42.209157" lon="-3.087553">
      <ele>1397.4</ele>
    </trkpt>
    <trkpt lat="42.209103" lon="-3.087301">
      <ele>1395.4</ele>
    </trkpt>
    <trkpt lat="42.209111" lon="-3.086623">
      <ele>1388.8</ele>
    </trkpt>
    <trkpt lat="42.209049" lon="-3.085785">
      <ele>1381.3</ele>
    </trkpt>
    <trkpt lat="42.209052" lon="-3.085563">
      <ele>1379</ele>
    </trkpt>
    <trkpt lat="42.209084" lon="-3.085249">
      <ele>1375.7</ele>
    </trkpt>
    <trkpt lat="42.20916" lon="-3.084909">
      <ele>1371.9</ele>
    </trkpt>
    <trkpt lat="42.209158" lon="-3.08474">
      <ele>1370.1</ele>
    </trkpt>
    <trkpt lat="42.209092" lon="-3.084507">
      <ele>1367.7</ele>
    </trkpt>
    <trkpt lat="42.208948" lon="-3.084202">
      <ele>1364.1</ele>
    </trkpt>
    <trkpt lat="42.20871" lon="-3.083498">
      <ele>1357.1</ele>
    </trkpt>
    <trkpt lat="42.208385" lon="-3.082826">
      <ele>1350.7</ele>
    </trkpt>
    <trkpt lat="42.208188" lon="-3.082355">
      <ele>1345.7</ele>
    </trkpt>
    <trkpt lat="42.208022" lon="-3.081556">
      <ele>1336.3</ele>
    </trkpt>
    <trkpt lat="42.207953" lon="-3.081297">
      <ele>1333.3</ele>
    </trkpt>
    <trkpt lat="42.20783" lon="-3.080996">
      <ele>1329.5</ele>
    </trkpt>
    <trkpt lat="42.207687" lon="-3.080787">
      <ele>1326.7</ele>
    </trkpt>
    <trkpt lat="42.207268" lon="-3.080332">
      <ele>1320.5</ele>
    </trkpt>
    <trkpt lat="42.207022" lon="-3.079837">
      <ele>1317</ele>
    </trkpt>
    <trkpt lat="42.206682" lon="-3.079293">
      <ele>1313.1</ele>
    </trkpt>
    <trkpt lat="42.206569" lon="-3.079204">
      <ele>1312</ele>
    </trkpt>
    <trkpt lat="42.206508" lon="-3.079235">
      <ele>1311.7</ele>
    </trkpt>
    <trkpt lat="42.206491" lon="-3.079279">
      <ele>1311.6</ele>
    </trkpt>
    <trkpt lat="42.206521" lon="-3.079391">
      <ele>1311.2</ele>
    </trkpt>
    <trkpt lat="42.206692" lon="-3.079602">
      <ele>1310.7</ele>
    </trkpt>
    <trkpt lat="42.206814" lon="-3.079872">
      <ele>1311</ele>
    </trkpt>
    <trkpt lat="42.20702" lon="-3.080781">
      <ele>1311.4</ele>
    </trkpt>
    <trkpt lat="42.207105" lon="-3.080933">
      <ele>1311.6</ele>
    </trkpt>
    <trkpt lat="42.207276" lon="-3.08111">
      <ele>1311.9</ele>
    </trkpt>
    <trkpt lat="42.207395" lon="-3.081329">
      <ele>1311.9</ele>
    </trkpt>
    <trkpt lat="42.207444" lon="-3.081496">
      <ele>1311.5</ele>
    </trkpt>
    <trkpt lat="42.207455" lon="-3.081691">
      <ele>1311.2</ele>
    </trkpt>
    <trkpt lat="42.207408" lon="-3.081799">
      <ele>1310.6</ele>
    </trkpt>
    <trkpt lat="42.207326" lon="-3.081799">
      <ele>1310.1</ele>
    </trkpt>
    <trkpt lat="42.207293" lon="-3.081762">
      <ele>1309.7</ele>
    </trkpt>
    <trkpt lat="42.207236" lon="-3.081536">
      <ele>1308.7</ele>
    </trkpt>
    <trkpt lat="42.207187" lon="-3.081437">
      <ele>1308</ele>
    </trkpt>
    <trkpt lat="42.207076" lon="-3.081307">
      <ele>1306.7</ele>
    </trkpt>
    <trkpt lat="42.206829" lon="-3.081108">
      <ele>1304.2</ele>
    </trkpt>
    <trkpt lat="42.206724" lon="-3.080925">
      <ele>1302.6</ele>
    </trkpt>
    <trkpt lat="42.206475" lon="-3.080322">
      <ele>1296.3</ele>
    </trkpt>
    <trkpt lat="42.206406" lon="-3.080217">
      <ele>1294.7</ele>
    </trkpt>
    <trkpt lat="42.206277" lon="-3.080135">
      <ele>1293.2</ele>
    </trkpt>
    <trkpt lat="42.205958" lon="-3.080139">
      <ele>1289</ele>
    </trkpt>
    <trkpt lat="42.205768" lon="-3.080097">
      <ele>1286.6</ele>
    </trkpt>
    <trkpt lat="42.205672" lon="-3.079982">
      <ele>1284.8</ele>
    </trkpt>
    <trkpt lat="42.205627" lon="-3.079601">
      <ele>1281</ele>
    </trkpt>
    <trkpt lat="42.205585" lon="-3.079433">
      <ele>1279</ele>
    </trkpt>
    <trkpt lat="42.205539" lon="-3.079347">
      <ele>1278</ele>
    </trkpt>
    <trkpt lat="42.205477" lon="-3.079255">
      <ele>1276.8</ele>
    </trkpt>
    <trkpt lat="42.205363" lon="-3.079168">
      <ele>1274.7</ele>
    </trkpt>
    <trkpt lat="42.20512" lon="-3.079163">
      <ele>1271.9</ele>
    </trkpt>
    <trkpt lat="42.205062" lon="-3.079047">
      <ele>1270.3</ele>
    </trkpt>
    <trkpt lat="42.205066" lon="-3.078887">
      <ele>1268.5</ele>
    </trkpt>
    <trkpt lat="42.205119" lon="-3.07859">
      <ele>1265.7</ele>
    </trkpt>
    <trkpt lat="42.205185" lon="-3.078428">
      <ele>1263.7</ele>
    </trkpt>
    <trkpt lat="42.205348" lon="-3.07831">
      <ele>1261.8</ele>
    </trkpt>
    <trkpt lat="42.205855" lon="-3.078129">
      <ele>1256.6</ele>
    </trkpt>
    <trkpt lat="42.20601" lon="-3.078005">
      <ele>1255.4</ele>
    </trkpt>
    <trkpt lat="42.206254" lon="-3.07768">
      <ele>1253</ele>
    </trkpt>
    <trkpt lat="42.206453" lon="-3.077245">
      <ele>1251.4</ele>
    </trkpt>
    <trkpt lat="42.206569" lon="-3.07683">
      <ele>1250.5</ele>
    </trkpt>
    <trkpt lat="42.206569" lon="-3.076706">
      <ele>1250.3</ele>
    </trkpt>
    <trkpt lat="42.206526" lon="-3.076642">
      <ele>1250.2</ele>
    </trkpt>
    <trkpt lat="42.206459" lon="-3.076657">
      <ele>1250</ele>
    </trkpt>
    <trkpt lat="42.206241" lon="-3.077187">
      <ele>1249.7</ele>
    </trkpt>
    <trkpt lat="42.20612" lon="-3.077347">
      <ele>1249.8</ele>
    </trkpt>
    <trkpt lat="42.205818" lon="-3.077627">
      <ele>1248.3</ele>
    </trkpt>
    <trkpt lat="42.205667" lon="-3.077693">
      <ele>1246.7</ele>
    </trkpt>
    <trkpt lat="42.205594" lon="-3.077648">
      <ele>1246.5</ele>
    </trkpt>
    <trkpt lat="42.205578" lon="-3.077562">
      <ele>1246.4</ele>
    </trkpt>
    <trkpt lat="42.205655" lon="-3.077439">
      <ele>1245.9</ele>
    </trkpt>
    <trkpt lat="42.205811" lon="-3.077239">
      <ele>1244.5</ele>
    </trkpt>
    <trkpt lat="42.205837" lon="-3.077138">
      <ele>1244.6</ele>
    </trkpt>
    <trkpt lat="42.205806" lon="-3.076823">
      <ele>1242.3</ele>
    </trkpt>
    <trkpt lat="42.20585" lon="-3.076665">
      <ele>1242</ele>
    </trkpt>
    <trkpt lat="42.205947" lon="-3.076472">
      <ele>1239</ele>
    </trkpt>
    <trkpt lat="42.206014" lon="-3.076104">
      <ele>1236.4</ele>
    </trkpt>
    <trkpt lat="42.206137" lon="-3.075827">
      <ele>1233.7</ele>
    </trkpt>
    <trkpt lat="42.206612" lon="-3.075362">
      <ele>1227.3</ele>
    </trkpt>
    <trkpt lat="42.206767" lon="-3.075285">
      <ele>1226.7</ele>
    </trkpt>
    <trkpt lat="42.207054" lon="-3.075245">
      <ele>1223.6</ele>
    </trkpt>
    <trkpt lat="42.207192" lon="-3.075304">
      <ele>1223.7</ele>
    </trkpt>
    <trkpt lat="42.207553" lon="-3.075566">
      <ele>1223</ele>
    </trkpt>
    <trkpt lat="42.207639" lon="-3.075588">
      <ele>1222.8</ele>
    </trkpt>
    <trkpt lat="42.207842" lon="-3.075567">
      <ele>1222.9</ele>
    </trkpt>
    <trkpt lat="42.208258" lon="-3.0753">
      <ele>1221.9</ele>
    </trkpt>
    <trkpt lat="42.208571" lon="-3.075182">
      <ele>1221.7</ele>
    </trkpt>
    <trkpt lat="42.208719" lon="-3.075096">
      <ele>1221.7</ele>
    </trkpt>
    <trkpt lat="42.209008" lon="-3.074864">
      <ele>1221.5</ele>
    </trkpt>
    <trkpt lat="42.209423" lon="-3.074705">
      <ele>1220.8</ele>
    </trkpt>
    <trkpt lat="42.209762" lon="-3.07448">
      <ele>1220</ele>
    </trkpt>
    <trkpt lat="42.20997" lon="-3.07432">
      <ele>1219.6</ele>
    </trkpt>
    <trkpt lat="42.210242" lon="-3.07403">
      <ele>1218.9</ele>
    </trkpt>
    <trkpt lat="42.210396" lon="-3.073909">
      <ele>1218.7</ele>
    </trkpt>
    <trkpt lat="42.211516" lon="-3.073307">
      <ele>1221.8</ele>
    </trkpt>
    <trkpt lat="42.212553" lon="-3.07254">
      <ele>1227.9</ele>
    </trkpt>
    <trkpt lat="42.213038" lon="-3.072242">
      <ele>1230</ele>
    </trkpt>
    <trkpt lat="42.21333" lon="-3.071982">
      <ele>1231</ele>
    </trkpt>
    <trkpt lat="42.213497" lon="-3.07187">
      <ele>1231.5</ele>
    </trkpt>
    <trkpt lat="42.21386" lon="-3.071717">
      <ele>1232</ele>
    </trkpt>
    <trkpt lat="42.214199" lon="-3.071678">
      <ele>1232.1</ele>
    </trkpt>
    <trkpt lat="42.214259" lon="-3.071622">
      <ele>1232</ele>
    </trkpt>
    <trkpt lat="42.214482" lon="-3.071137">
      <ele>1231.8</ele>
    </trkpt>
    <trkpt lat="42.214632" lon="-3.070679">
      <ele>1231.4</ele>
    </trkpt>
    <trkpt lat="42.215117" lon="-3.070207">
      <ele>1230.5</ele>
    </trkpt>
    <trkpt lat="42.215188" lon="-3.070028">
      <ele>1230.4</ele>
    </trkpt>
    <trkpt lat="42.215183" lon="-3.06939">
      <ele>1231</ele>
    </trkpt>
    <trkpt lat="42.215207" lon="-3.069095">
      <ele>1231.5</ele>
    </trkpt>
    <trkpt lat="42.215138" lon="-3.068899">
      <ele>1232</ele>
    </trkpt>
    <trkpt lat="42.214976" lon="-3.068668">
      <ele>1232.6</ele>
    </trkpt>
    <trkpt lat="42.214837" lon="-3.068301">
      <ele>1233.5</ele>
    </trkpt>
    <trkpt lat="42.214724" lon="-3.067909">
      <ele>1233.9</ele>
    </trkpt>
    <trkpt lat="42.214727" lon="-3.067773">
      <ele>1233.9</ele>
    </trkpt>
    <trkpt lat="42.214749" lon="-3.067704">
      <ele>1233.9</ele>
    </trkpt>
    <trkpt lat="42.214814" lon="-3.067619">
      <ele>1234</ele>
    </trkpt>
    <trkpt lat="42.215027" lon="-3.067445">
      <ele>1233.7</ele>
    </trkpt>
    <trkpt lat="42.215421" lon="-3.066909">
      <ele>1232.9</ele>
    </trkpt>
    <trkpt lat="42.215698" lon="-3.066774">
      <ele>1231.3</ele>
    </trkpt>
    <trkpt lat="42.216114" lon="-3.066787">
      <ele>1227.9</ele>
    </trkpt>
    <trkpt lat="42.216211" lon="-3.066763">
      <ele>1226.4</ele>
    </trkpt>
    <trkpt lat="42.216443" lon="-3.066509">
      <ele>1222.6</ele>
    </trkpt>
    <trkpt lat="42.216536" lon="-3.066272">
      <ele>1219.5</ele>
    </trkpt>
    <trkpt lat="42.216588" lon="-3.066076">
      <ele>1217.4</ele>
    </trkpt>
    <trkpt lat="42.216598" lon="-3.065916">
      <ele>1215.1</ele>
    </trkpt>
    <trkpt lat="42.21651" lon="-3.065624">
      <ele>1211.2</ele>
    </trkpt>
    <trkpt lat="42.216413" lon="-3.064836">
      <ele>1200.7</ele>
    </trkpt>
    <trkpt lat="42.216411" lon="-3.064687">
      <ele>1199.1</ele>
    </trkpt>
    <trkpt lat="42.216417" lon="-3.064531">
      <ele>1197.2</ele>
    </trkpt>
    <trkpt lat="42.216489" lon="-3.064218">
      <ele>1193.7</ele>
    </trkpt>
    <trkpt lat="42.216644" lon="-3.063877">
      <ele>1189.8</ele>
    </trkpt>
    <trkpt lat="42.216633" lon="-3.063748">
      <ele>1188.8</ele>
    </trkpt>
    <trkpt lat="42.216583" lon="-3.063649">
      <ele>1188.2</ele>
    </trkpt>
    <trkpt lat="42.21649" lon="-3.063606">
      <ele>1187.4</ele>
    </trkpt>
    <trkpt lat="42.21619" lon="-3.063576">
      <ele>1186.4</ele>
    </trkpt>
    <trkpt lat="42.215747" lon="-3.063744">
      <ele>1187.1</ele>
    </trkpt>
    <trkpt lat="42.215514" lon="-3.063784">
      <ele>1188.4</ele>
    </trkpt>
    <trkpt lat="42.215292" lon="-3.06373">
      <ele>1189.8</ele>
    </trkpt>
    <trkpt lat="42.214965" lon="-3.063698">
      <ele>1193.1</ele>
    </trkpt>
    <trkpt lat="42.214319" lon="-3.06352">
      <ele>1201.6</ele>
    </trkpt>
    <trkpt lat="42.214" lon="-3.063312">
      <ele>1208.7</ele>
    </trkpt>
    <trkpt lat="42.213692" lon="-3.06323">
      <ele>1212.7</ele>
    </trkpt>
    <trkpt lat="42.213634" lon="-3.063189">
      <ele>1213.9</ele>
    </trkpt>
    <trkpt lat="42.213542" lon="-3.063052">
      <ele>1214.4</ele>
    </trkpt>
    <trkpt lat="42.213466" lon="-3.062844">
      <ele>1216.9</ele>
    </trkpt>
    <trkpt lat="42.21311" lon="-3.062291">
      <ele>1219.8</ele>
    </trkpt>
    <trkpt lat="42.213058" lon="-3.062166">
      <ele>1220.9</ele>
    </trkpt>
    <trkpt lat="42.213061" lon="-3.062011">
      <ele>1221.4</ele>
    </trkpt>
    <trkpt lat="42.213113" lon="-3.061922">
      <ele>1221.7</ele>
    </trkpt>
    <trkpt lat="42.213207" lon="-3.061866">
      <ele>1220.3</ele>
    </trkpt>
    <trkpt lat="42.213361" lon="-3.06185">
      <ele>1221.4</ele>
    </trkpt>
    <trkpt lat="42.213941" lon="-3.06192">
      <ele>1219.2</ele>
    </trkpt>
    <trkpt lat="42.214184" lon="-3.061929">
      <ele>1219.3</ele>
    </trkpt>
    <trkpt lat="42.214424" lon="-3.061894">
      <ele>1218.1</ele>
    </trkpt>
    <trkpt lat="42.214503" lon="-3.06186">
      <ele>1217.9</ele>
    </trkpt>
    <trkpt lat="42.214584" lon="-3.061771">
      <ele>1215.8</ele>
    </trkpt>
    <trkpt lat="42.214607" lon="-3.061377">
      <ele>1213.3</ele>
    </trkpt>
    <trkpt lat="42.214624" lon="-3.06133">
      <ele>1213.1</ele>
    </trkpt>
    <trkpt lat="42.214675" lon="-3.061294">
      <ele>1212.7</ele>
    </trkpt>
    <trkpt lat="42.214783" lon="-3.061279">
      <ele>1212.1</ele>
    </trkpt>
    <trkpt lat="42.21511" lon="-3.061336">
      <ele>1209.8</ele>
    </trkpt>
    <trkpt lat="42.215443" lon="-3.061326">
      <ele>1207.3</ele>
    </trkpt>
    <trkpt lat="42.215622" lon="-3.061277">
      <ele>1205.9</ele>
    </trkpt>
    <trkpt lat="42.215791" lon="-3.061162">
      <ele>1204.5</ele>
    </trkpt>
    <trkpt lat="42.215876" lon="-3.061137">
      <ele>1204</ele>
    </trkpt>
    <trkpt lat="42.216179" lon="-3.061137">
      <ele>1202.1</ele>
    </trkpt>
    <trkpt lat="42.216499" lon="-3.061177">
      <ele>1200.3</ele>
    </trkpt>
    <trkpt lat="42.216871" lon="-3.061171">
      <ele>1198.4</ele>
    </trkpt>
    <trkpt lat="42.216976" lon="-3.061149">
      <ele>1197.9</ele>
    </trkpt>
    <trkpt lat="42.217075" lon="-3.06107">
      <ele>1197.3</ele>
    </trkpt>
    <trkpt lat="42.217322" lon="-3.060727">
      <ele>1195.6</ele>
    </trkpt>
    <trkpt lat="42.217443" lon="-3.06062">
      <ele>1195.1</ele>
    </trkpt>
    <trkpt lat="42.217655" lon="-3.060557">
      <ele>1194.1</ele>
    </trkpt>
    <trkpt lat="42.218014" lon="-3.060577">
      <ele>1193.1</ele>
    </trkpt>
    <trkpt lat="42.218477" lon="-3.060535">
      <ele>1192.6</ele>
    </trkpt>
    <trkpt lat="42.218715" lon="-3.060454">
      <ele>1192.7</ele>
    </trkpt>
    <trkpt lat="42.218936" lon="-3.060275">
      <ele>1193.1</ele>
    </trkpt>
    <trkpt lat="42.219082" lon="-3.060056">
      <ele>1193.6</ele>
    </trkpt>
    <trkpt lat="42.21918" lon="-3.059839">
      <ele>1194.2</ele>
    </trkpt>
    <trkpt lat="42.219293" lon="-3.059438">
      <ele>1195</ele>
    </trkpt>
    <trkpt lat="42.219322" lon="-3.05907">
      <ele>1195.4</ele>
    </trkpt>
    <trkpt lat="42.219234" lon="-3.058375">
      <ele>1195.7</ele>
    </trkpt>
    <trkpt lat="42.219239" lon="-3.058182">
      <ele>1195.5</ele>
    </trkpt>
    <trkpt lat="42.219293" lon="-3.05801">
      <ele>1195.5</ele>
    </trkpt>
    <trkpt lat="42.219339" lon="-3.057969">
      <ele>1195.3</ele>
    </trkpt>
    <trkpt lat="42.219568" lon="-3.057924">
      <ele>1194.6</ele>
    </trkpt>
    <trkpt lat="42.220311" lon="-3.057889">
      <ele>1190.1</ele>
    </trkpt>
    <trkpt lat="42.221519" lon="-3.057732">
      <ele>1178.8</ele>
    </trkpt>
    <trkpt lat="42.2216" lon="-3.057694">
      <ele>1178</ele>
    </trkpt>
    <trkpt lat="42.22173" lon="-3.057559">
      <ele>1174.9</ele>
    </trkpt>
    <trkpt lat="42.221943" lon="-3.057179">
      <ele>1171.6</ele>
    </trkpt>
    <trkpt lat="42.222148" lon="-3.056926">
      <ele>1170.9</ele>
    </trkpt>
    <trkpt lat="42.222304" lon="-3.056674">
      <ele>1170.4</ele>
    </trkpt>
    <trkpt lat="42.222343" lon="-3.056585">
      <ele>1170.2</ele>
    </trkpt>
    <trkpt lat="42.222356" lon="-3.056426">
      <ele>1168.3</ele>
    </trkpt>
    <trkpt lat="42.222313" lon="-3.056295">
      <ele>1169.7</ele>
    </trkpt>
    <trkpt lat="42.221939" lon="-3.056035">
      <ele>1169.6</ele>
    </trkpt>
    <trkpt lat="42.221704" lon="-3.055778">
      <ele>1169.8</ele>
    </trkpt>
    <trkpt lat="42.221629" lon="-3.05552">
      <ele>1168.9</ele>
    </trkpt>
    <trkpt lat="42.221639" lon="-3.055369">
      <ele>1169.4</ele>
    </trkpt>
    <trkpt lat="42.221681" lon="-3.055197">
      <ele>1169.8</ele>
    </trkpt>
    <trkpt lat="42.221764" lon="-3.055057">
      <ele>1168.4</ele>
    </trkpt>
    <trkpt lat="42.222288" lon="-3.054769">
      <ele>1168.9</ele>
    </trkpt>
    <trkpt lat="42.222641" lon="-3.054531">
      <ele>1166.6</ele>
    </trkpt>
    <trkpt lat="42.222829" lon="-3.054357">
      <ele>1164.6</ele>
    </trkpt>
    <trkpt lat="42.223079" lon="-3.054056">
      <ele>1161.6</ele>
    </trkpt>
    <trkpt lat="42.223248" lon="-3.05366">
      <ele>1158.4</ele>
    </trkpt>
    <trkpt lat="42.223496" lon="-3.052729">
      <ele>1151.7</ele>
    </trkpt>
    <trkpt lat="42.223512" lon="-3.052489">
      <ele>1150.3</ele>
    </trkpt>
    <trkpt lat="42.223467" lon="-3.052315">
      <ele>1149.5</ele>
    </trkpt>
    <trkpt lat="42.223419" lon="-3.052252">
      <ele>1148.9</ele>
    </trkpt>
    <trkpt lat="42.223291" lon="-3.052186">
      <ele>1148.2</ele>
    </trkpt>
    <trkpt lat="42.222937" lon="-3.052161">
      <ele>1146.4</ele>
    </trkpt>
    <trkpt lat="42.222797" lon="-3.051951">
      <ele>1145.4</ele>
    </trkpt>
    <trkpt lat="42.22275" lon="-3.051763">
      <ele>1145.1</ele>
    </trkpt>
    <trkpt lat="42.222586" lon="-3.05138">
      <ele>1145.1</ele>
    </trkpt>
    <trkpt lat="42.222563" lon="-3.051253">
      <ele>1145.3</ele>
    </trkpt>
    <trkpt lat="42.222593" lon="-3.0511">
      <ele>1145.5</ele>
    </trkpt>
    <trkpt lat="42.222647" lon="-3.051003">
      <ele>1145.4</ele>
    </trkpt>
    <trkpt lat="42.223736" lon="-3.050185">
      <ele>1144.8</ele>
    </trkpt>
    <trkpt lat="42.223984" lon="-3.049981">
      <ele>1144.2</ele>
    </trkpt>
    <trkpt lat="42.224111" lon="-3.049825">
      <ele>1143.5</ele>
    </trkpt>
    <trkpt lat="42.224263" lon="-3.049526">
      <ele>1142.3</ele>
    </trkpt>
    <trkpt lat="42.224367" lon="-3.049171">
      <ele>1140.8</ele>
    </trkpt>
    <trkpt lat="42.224375" lon="-3.048959">
      <ele>1139.7</ele>
    </trkpt>
    <trkpt lat="42.224331" lon="-3.04847">
      <ele>1136.8</ele>
    </trkpt>
    <trkpt lat="42.224408" lon="-3.048232">
      <ele>1135</ele>
    </trkpt>
    <trkpt lat="42.224643" lon="-3.04786">
      <ele>1131.6</ele>
    </trkpt>
    <trkpt lat="42.2248" lon="-3.047703">
      <ele>1129.6</ele>
    </trkpt>
    <trkpt lat="42.224933" lon="-3.047597">
      <ele>1128</ele>
    </trkpt>
    <trkpt lat="42.225622" lon="-3.047213">
      <ele>1117.3</ele>
    </trkpt>
    <trkpt lat="42.225674" lon="-3.047109">
      <ele>1115.8</ele>
    </trkpt>
    <trkpt lat="42.225688" lon="-3.047001">
      <ele>1114.5</ele>
    </trkpt>
    <trkpt lat="42.225707" lon="-3.046321">
      <ele>1106.5</ele>
    </trkpt>
    <trkpt lat="42.225831" lon="-3.045904">
      <ele>1100.8</ele>
    </trkpt>
    <trkpt lat="42.22604" lon="-3.045513">
      <ele>1095.2</ele>
    </trkpt>
    <trkpt lat="42.226583" lon="-3.044958">
      <ele>1085.8</ele>
    </trkpt>
    <trkpt lat="42.226638" lon="-3.044815">
      <ele>1084.1</ele>
    </trkpt>
    <trkpt lat="42.22662" lon="-3.044717">
      <ele>1083.1</ele>
    </trkpt>
    <trkpt lat="42.226515" lon="-3.04463">
      <ele>1081.5</ele>
    </trkpt>
    <trkpt lat="42.225907" lon="-3.044482">
      <ele>1076.3</ele>
    </trkpt>
    <trkpt lat="42.225133" lon="-3.044452">
      <ele>1071.4</ele>
    </trkpt>
    <trkpt lat="42.224875" lon="-3.044482">
      <ele>1070.7</ele>
    </trkpt>
    <trkpt lat="42.224774" lon="-3.044453">
      <ele>1070.4</ele>
    </trkpt>
    <trkpt lat="42.22469" lon="-3.04435">
      <ele>1070.3</ele>
    </trkpt>
    <trkpt lat="42.224645" lon="-3.043996">
      <ele>1069.8</ele>
    </trkpt>
    <trkpt lat="42.224595" lon="-3.043841">
      <ele>1069.6</ele>
    </trkpt>
    <trkpt lat="42.224438" lon="-3.043713">
      <ele>1069.4</ele>
    </trkpt>
    <trkpt lat="42.224082" lon="-3.043594">
      <ele>1069.2</ele>
    </trkpt>
    <trkpt lat="42.223976" lon="-3.043524">
      <ele>1069.1</ele>
    </trkpt>
    <trkpt lat="42.223258" lon="-3.042694">
      <ele>1067.8</ele>
    </trkpt>
    <trkpt lat="42.2232" lon="-3.042591">
      <ele>1067.6</ele>
    </trkpt>
    <trkpt lat="42.223199" lon="-3.042411">
      <ele>1067.2</ele>
    </trkpt>
    <trkpt lat="42.223221" lon="-3.042364">
      <ele>1067.1</ele>
    </trkpt>
    <trkpt lat="42.223301" lon="-3.042299">
      <ele>1066.9</ele>
    </trkpt>
    <trkpt lat="42.223455" lon="-3.0423">
      <ele>1066.4</ele>
    </trkpt>
    <trkpt lat="42.22466" lon="-3.042868">
      <ele>1060.6</ele>
    </trkpt>
    <trkpt lat="42.225489" lon="-3.043158">
      <ele>1056.1</ele>
    </trkpt>
    <trkpt lat="42.225736" lon="-3.043218">
      <ele>1054.9</ele>
    </trkpt>
    <trkpt lat="42.226309" lon="-3.043261">
      <ele>1051.7</ele>
    </trkpt>
    <trkpt lat="42.226834" lon="-3.043187">
      <ele>1048.7</ele>
    </trkpt>
    <trkpt lat="42.227229" lon="-3.043198">
      <ele>1046.2</ele>
    </trkpt>
    <trkpt lat="42.22748" lon="-3.043217">
      <ele>1044.4</ele>
    </trkpt>
    <trkpt lat="42.227694" lon="-3.043303">
      <ele>1042.7</ele>
    </trkpt>
    <trkpt lat="42.228195" lon="-3.043351">
      <ele>1038.7</ele>
    </trkpt>
    <trkpt lat="42.228366" lon="-3.043426">
      <ele>1037.1</ele>
    </trkpt>
    <trkpt lat="42.229098" lon="-3.043915">
      <ele>1030.7</ele>
    </trkpt>
    <trkpt lat="42.229438" lon="-3.044076">
      <ele>1028</ele>
    </trkpt>
    <trkpt lat="42.229695" lon="-3.044084">
      <ele>1025.7</ele>
    </trkpt>
    <trkpt lat="42.230156" lon="-3.043967">
      <ele>1021.5</ele>
    </trkpt>
    <trkpt lat="42.230245" lon="-3.043977">
      <ele>1020.7</ele>
    </trkpt>
    <trkpt lat="42.230396" lon="-3.044089">
      <ele>1019.3</ele>
    </trkpt>
    <trkpt lat="42.23077" lon="-3.04448">
      <ele>1016.2</ele>
    </trkpt>
    <trkpt lat="42.231337" lon="-3.044937">
      <ele>1012.6</ele>
    </trkpt>
    <trkpt lat="42.231435" lon="-3.045058">
      <ele>1011.9</ele>
    </trkpt>
    <trkpt lat="42.231523" lon="-3.045092">
      <ele>1011.5</ele>
    </trkpt>
    <trkpt lat="42.231575" lon="-3.045073">
      <ele>1011.3</ele>
    </trkpt>
    <trkpt lat="42.231851" lon="-3.044732">
      <ele>1009.5</ele>
    </trkpt>
    <trkpt lat="42.232177" lon="-3.044481">
      <ele>1007.7</ele>
    </trkpt>
    <trkpt lat="42.233257" lon="-3.043491">
      <ele>1004.1</ele>
    </trkpt>
    <trkpt lat="42.233486" lon="-3.043302">
      <ele>1003.2</ele>
    </trkpt>
    <trkpt lat="42.233613" lon="-3.04323">
      <ele>1002.7</ele>
    </trkpt>
    <trkpt lat="42.234303" lon="-3.04315">
      <ele>1000</ele>
    </trkpt>
    <trkpt lat="42.234935" lon="-3.043218">
      <ele>996.6</ele>
    </trkpt>
    <trkpt lat="42.235587" lon="-3.043398">
      <ele>993</ele>
    </trkpt>
    <trkpt lat="42.235714" lon="-3.043402">
      <ele>992.4</ele>
    </trkpt>
    <trkpt lat="42.235882" lon="-3.043355">
      <ele>991.4</ele>
    </trkpt>
    <trkpt lat="42.23645" lon="-3.04304">
      <ele>988.6</ele>
    </trkpt>
    <trkpt lat="42.23679" lon="-3.043042">
      <ele>987.3</ele>
    </trkpt>
    <trkpt lat="42.237541" lon="-3.04337">
      <ele>984.7</ele>
    </trkpt>
    <trkpt lat="42.237964" lon="-3.043624">
      <ele>984</ele>
    </trkpt>
    <trkpt lat="42.23815" lon="-3.043658">
      <ele>983.9</ele>
    </trkpt>
    <trkpt lat="42.238414" lon="-3.043581">
      <ele>983.8</ele>
    </trkpt>
    <trkpt lat="42.23859" lon="-3.043489">
      <ele>983.8</ele>
    </trkpt>
    <trkpt lat="42.239105" lon="-3.043057">
      <ele>983.8</ele>
    </trkpt>
    <trkpt lat="42.23929" lon="-3.042919">
      <ele>983.8</ele>
    </trkpt>
    <trkpt lat="42.239424" lon="-3.04286">
      <ele>983.8</ele>
    </trkpt>
    <trkpt lat="42.239745" lon="-3.042788">
      <ele>983.7</ele>
    </trkpt>
    <trkpt lat="42.240452" lon="-3.042759">
      <ele>983.2</ele>
    </trkpt>
    <trkpt lat="42.240719" lon="-3.042668">
      <ele>982.9</ele>
    </trkpt>
    <trkpt lat="42.24098" lon="-3.042511">
      <ele>982.5</ele>
    </trkpt>
    <trkpt lat="42.241209" lon="-3.042093">
      <ele>981.6</ele>
    </trkpt>
    <trkpt lat="42.24131" lon="-3.041832">
      <ele>980.7</ele>
    </trkpt>
    <trkpt lat="42.241531" lon="-3.041051">
      <ele>977.2</ele>
    </trkpt>
    <trkpt lat="42.241742" lon="-3.040439">
      <ele>974.5</ele>
    </trkpt>
    <trkpt lat="42.24199" lon="-3.039717">
      <ele>971.6</ele>
    </trkpt>
    <trkpt lat="42.242036" lon="-3.039613">
      <ele>971.2</ele>
    </trkpt>
    <trkpt lat="42.242138" lon="-3.039464">
      <ele>970.4</ele>
    </trkpt>
    <trkpt lat="42.24248" lon="-3.039109">
      <ele>968.1</ele>
    </trkpt>
    <trkpt lat="42.24326" lon="-3.03859">
      <ele>964.2</ele>
    </trkpt>
    <trkpt lat="42.24361" lon="-3.03827">
      <ele>964.1</ele>
    </trkpt>
    <trkpt lat="42.243852" lon="-3.037993">
      <ele>964.4</ele>
    </trkpt>
    <trkpt lat="42.244342" lon="-3.037397">
      <ele>965.2</ele>
    </trkpt>
    <trkpt lat="42.244473" lon="-3.037161">
      <ele>965.5</ele>
    </trkpt>
    <trkpt lat="42.244511" lon="-3.037054">
      <ele>965.5</ele>
    </trkpt>
    <trkpt lat="42.244705" lon="-3.036515">
      <ele>966.1</ele>
    </trkpt>
    <trkpt lat="42.244817" lon="-3.036317">
      <ele>966.5</ele>
    </trkpt>
    <trkpt lat="42.24503" lon="-3.036074">
      <ele>967.1</ele>
    </trkpt>
    <trkpt lat="42.245739" lon="-3.035381">
      <ele>967.7</ele>
    </trkpt>
    <trkpt lat="42.24701" lon="-3.0345">
      <ele>965</ele>
    </trkpt>
    <trkpt lat="42.24725" lon="-3.0344">
      <ele>964.4</ele>
    </trkpt>
    <trkpt lat="42.24969" lon="-3.03438">
      <ele>958.4</ele>
    </trkpt>
    <trkpt lat="42.25238" lon="-3.03468">
      <ele>947.9</ele>
    </trkpt>
    <trkpt lat="42.25263" lon="-3.03467">
      <ele>947.4</ele>
    </trkpt>
    <trkpt lat="42.2549" lon="-3.03384">
      <ele>944.3</ele>
    </trkpt>
    <trkpt lat="42.25656" lon="-3.03376">
      <ele>939.4</ele>
    </trkpt>
    <trkpt lat="42.25692" lon="-3.0338">
      <ele>938.3</ele>
    </trkpt>
    <trkpt lat="42.25719" lon="-3.0339">
      <ele>937.5</ele>
    </trkpt>
    <trkpt lat="42.25797" lon="-3.03433">
      <ele>935.6</ele>
    </trkpt>
    <trkpt lat="42.25826" lon="-3.03441">
      <ele>935.1</ele>
    </trkpt>
    <trkpt lat="42.26223" lon="-3.03425">
      <ele>928.2</ele>
    </trkpt>
    <trkpt lat="42.26248" lon="-3.03416">
      <ele>928.6</ele>
    </trkpt>
    <trkpt lat="42.262861" lon="-3.03383">
      <ele>929.7</ele>
    </trkpt>
    <trkpt lat="42.263001" lon="-3.03371">
      <ele>930.4</ele>
    </trkpt>
    <trkpt lat="42.26322" lon="-3.03352">
      <ele>931.6</ele>
    </trkpt>
    <trkpt lat="42.26354" lon="-3.0333">
      <ele>933.8</ele>
    </trkpt>
    <trkpt lat="42.264906" lon="-3.032544">
      <ele>940.7</ele>
    </trkpt>
    <trkpt lat="42.265388" lon="-3.03232">
      <ele>941.2</ele>
    </trkpt>
    <trkpt lat="42.265577" lon="-3.03229">
      <ele>941.1</ele>
    </trkpt>
    <trkpt lat="42.266039" lon="-3.032323">
      <ele>940.5</ele>
    </trkpt>
    <trkpt lat="42.266354" lon="-3.032302">
      <ele>940.1</ele>
    </trkpt>
    <trkpt lat="42.266714" lon="-3.032233">
      <ele>939.3</ele>
    </trkpt>
    <trkpt lat="42.267087" lon="-3.032123">
      <ele>938.8</ele>
    </trkpt>
    <trkpt lat="42.267462" lon="-3.031838">
      <ele>938.7</ele>
    </trkpt>
    <trkpt lat="42.2678" lon="-3.031649">
      <ele>938.7</ele>
    </trkpt>
    <trkpt lat="42.26853" lon="-3.0314">
      <ele>939.3</ele>
    </trkpt>
    <trkpt lat="42.26889" lon="-3.03134">
      <ele>939.7</ele>
    </trkpt>
    <trkpt lat="42.27023" lon="-3.03137">
      <ele>938.5</ele>
    </trkpt>
    <trkpt lat="42.27077" lon="-3.03151">
      <ele>937.8</ele>
    </trkpt>
    <trkpt lat="42.27115" lon="-3.03154">
      <ele>937.5</ele>
    </trkpt>
    <trkpt lat="42.27203" lon="-3.03138">
      <ele>937.3</ele>
    </trkpt>
    <trkpt lat="42.27233" lon="-3.03138">
      <ele>937.4</ele>
    </trkpt>
    <trkpt lat="42.27366" lon="-3.03161">
      <ele>937.1</ele>
    </trkpt>
    <trkpt lat="42.27429" lon="-3.0315">
      <ele>936.6</ele>
    </trkpt>
    <trkpt lat="42.27517" lon="-3.0309">
      <ele>935.7</ele>
    </trkpt>
    <trkpt lat="42.27601" lon="-3.03053">
      <ele>934.1</ele>
    </trkpt>
    <trkpt lat="42.27629" lon="-3.03034">
      <ele>933.3</ele>
    </trkpt>
    <trkpt lat="42.2767" lon="-3.02998">
      <ele>931.5</ele>
    </trkpt>
    <trkpt lat="42.27743" lon="-3.02914">
      <ele>927.5</ele>
    </trkpt>
    <trkpt lat="42.27787" lon="-3.02878">
      <ele>925.1</ele>
    </trkpt>
    <trkpt lat="42.27843" lon="-3.02852">
      <ele>922.8</ele>
    </trkpt>
    <trkpt lat="42.27875" lon="-3.02856">
      <ele>921.6</ele>
    </trkpt>
    <trkpt lat="42.27904" lon="-3.02849">
      <ele>920.4</ele>
    </trkpt>
    <trkpt lat="42.27915" lon="-3.02841">
      <ele>920</ele>
    </trkpt>
    <trkpt lat="42.27961" lon="-3.02781">
      <ele>916.6</ele>
    </trkpt>
    <trkpt lat="42.280426" lon="-3.027421">
      <ele>911</ele>
    </trkpt>
    <trkpt lat="42.28049" lon="-3.02739">
      <ele>910.1</ele>
    </trkpt>
    <trkpt lat="42.28116" lon="-3.0275">
      <ele>906.4</ele>
    </trkpt>
    <trkpt lat="42.281891" lon="-3.027309">
      <ele>904.3</ele>
    </trkpt>
    <trkpt lat="42.282077" lon="-3.027254">
      <ele>904.3</ele>
    </trkpt>
    <trkpt lat="42.2832" lon="-3.02691">
      <ele>908.2</ele>
    </trkpt>
    <trkpt lat="42.28404" lon="-3.02659">
      <ele>911.8</ele>
    </trkpt>
    <trkpt lat="42.28484" lon="-3.02666">
      <ele>911.1</ele>
    </trkpt>
    <trkpt lat="42.28582" lon="-3.02652">
      <ele>903.6</ele>
    </trkpt>
    <trkpt lat="42.28768" lon="-3.02649">
      <ele>885.1</ele>
    </trkpt>
    <trkpt lat="42.2881" lon="-3.02637">
      <ele>882.5</ele>
    </trkpt>
    <trkpt lat="42.28893" lon="-3.026">
      <ele>879.4</ele>
    </trkpt>
    <trkpt lat="42.28979" lon="-3.02589">
      <ele>878.3</ele>
    </trkpt>
    <trkpt lat="42.2914" lon="-3.0253">
      <ele>875.5</ele>
    </trkpt>
    <trkpt lat="42.2925" lon="-3.02516">
      <ele>873.7</ele>
    </trkpt>
    <trkpt lat="42.29377" lon="-3.02481">
      <ele>871.3</ele>
    </trkpt>
    <trkpt lat="42.29428" lon="-3.02482">
      <ele>870.1</ele>
    </trkpt>
    <trkpt lat="42.295718" lon="-3.025028">
      <ele>867.8</ele>
    </trkpt>
    <trkpt lat="42.29815" lon="-3.02538">
      <ele>868.6</ele>
    </trkpt>
    <trkpt lat="42.29951" lon="-3.02528">
      <ele>869.1</ele>
    </trkpt>
    <trkpt lat="42.30076" lon="-3.025">
      <ele>868.2</ele>
    </trkpt>
    <trkpt lat="42.30104" lon="-3.02484">
      <ele>867.6</ele>
    </trkpt>
    <trkpt lat="42.3022" lon="-3.02391">
      <ele>862.7</ele>
    </trkpt>
    <trkpt lat="42.303483" lon="-3.023213">
      <ele>857.2</ele>
    </trkpt>
    <trkpt lat="42.304797" lon="-3.02219">
      <ele>854.4</ele>
    </trkpt>
    <trkpt lat="42.305091" lon="-3.021823">
      <ele>854.7</ele>
    </trkpt>
    <trkpt lat="42.305228" lon="-3.021652">
      <ele>854.9</ele>
    </trkpt>
    <trkpt lat="42.30539" lon="-3.02147">
      <ele>855.1</ele>
    </trkpt>
    <trkpt lat="42.305881" lon="-3.020923">
      <ele>855.7</ele>
    </trkpt>
    <trkpt lat="42.30668" lon="-3.020173">
      <ele>856.1</ele>
    </trkpt>
    <trkpt lat="42.308646" lon="-3.018376">
      <ele>854.2</ele>
    </trkpt>
    <trkpt lat="42.30963" lon="-3.01751">
      <ele>851.7</ele>
    </trkpt>
    <trkpt lat="42.310226" lon="-3.017039">
      <ele>849.4</ele>
    </trkpt>
    <trkpt lat="42.31129" lon="-3.016538">
      <ele>844.6</ele>
    </trkpt>
    <trkpt lat="42.312405" lon="-3.015766">
      <ele>839.4</ele>
    </trkpt>
    <trkpt lat="42.31305" lon="-3.015523">
      <ele>837.2</ele>
    </trkpt>
    <trkpt lat="42.31367" lon="-3.015289">
      <ele>835.5</ele>
    </trkpt>
    <trkpt lat="42.313794" lon="-3.015199">
      <ele>835.2</ele>
    </trkpt>
    <trkpt lat="42.314679" lon="-3.01455">
      <ele>834.6</ele>
    </trkpt>
    <trkpt lat="42.315885" lon="-3.013434">
      <ele>835.6</ele>
    </trkpt>
    <trkpt lat="42.316087" lon="-3.013283">
      <ele>836.1</ele>
    </trkpt>
    <trkpt lat="42.316812" lon="-3.01288">
      <ele>837.4</ele>
    </trkpt>
    <trkpt lat="42.317681" lon="-3.01243">
      <ele>838.4</ele>
    </trkpt>
    <trkpt lat="42.317947" lon="-3.012328">
      <ele>838.5</ele>
    </trkpt>
    <trkpt lat="42.318418" lon="-3.01223">
      <ele>838.8</ele>
    </trkpt>
    <trkpt lat="42.31906" lon="-3.012213">
      <ele>838.7</ele>
    </trkpt>
    <trkpt lat="42.319753" lon="-3.012533">
      <ele>835.1</ele>
    </trkpt>
    <trkpt lat="42.320289" lon="-3.012808">
      <ele>831.7</ele>
    </trkpt>
    <trkpt lat="42.320388" lon="-3.012827">
      <ele>831.1</ele>
    </trkpt>
    <trkpt lat="42.320406" lon="-3.012942">
      <ele>830.6</ele>
    </trkpt>
    <trkpt lat="42.320634" lon="-3.013644">
      <ele>827.5</ele>
    </trkpt>
    <trkpt lat="42.320661" lon="-3.013755">
      <ele>827</ele>
    </trkpt>
    <trkpt lat="42.32139" lon="-3.013343">
      <ele>823.1</ele>
    </trkpt>
    <trkpt lat="42.322219" lon="-3.012966">
      <ele>820.5</ele>
    </trkpt>
    <trkpt lat="42.323063" lon="-3.012597">
      <ele>819.3</ele>
    </trkpt>
    <trkpt lat="42.32351" lon="-3.012516">
      <ele>818.4</ele>
    </trkpt>
    <trkpt lat="42.324433" lon="-3.012324">
      <ele>816.5</ele>
    </trkpt>
    <trkpt lat="42.324486" lon="-3.012312">
      <ele>816.4</ele>
    </trkpt>
    <trkpt lat="42.324524" lon="-3.01235">
      <ele>816.3</ele>
    </trkpt>
    <trkpt lat="42.324517" lon="-3.012457">
      <ele>816.2</ele>
    </trkpt>
    <trkpt lat="42.324563" lon="-3.012575">
      <ele>816</ele>
    </trkpt>
    <trkpt lat="42.324656" lon="-3.012675">
      <ele>815.8</ele>
    </trkpt>
    <trkpt lat="42.324741" lon="-3.012684">
      <ele>815.6</ele>
    </trkpt>
    <trkpt lat="42.325264" lon="-3.012738">
      <ele>815</ele>
    </trkpt>
    <trkpt lat="42.326104" lon="-3.012781">
      <ele>814.2</ele>
    </trkpt>
    <trkpt lat="42.32616" lon="-3.012841">
      <ele>814.1</ele>
    </trkpt>
    <trkpt lat="42.326368" lon="-3.012899">
      <ele>814</ele>
    </trkpt>
    <trkpt lat="42.326498" lon="-3.013165">
      <ele>813.7</ele>
    </trkpt>
    <trkpt lat="42.326623" lon="-3.01325">
      <ele>813.6</ele>
    </trkpt>
    <trkpt lat="42.326814" lon="-3.013284">
      <ele>813.3</ele>
    </trkpt>
    <trkpt lat="42.32682" lon="-3.013994">
      <ele>812.8</ele>
    </trkpt>
    <trkpt lat="42.326946" lon="-3.013967">
      <ele>812.5</ele>
    </trkpt>
    <trkpt lat="42.327409" lon="-3.014059">
      <ele>812</ele>
    </trkpt>
    <trkpt lat="42.327699" lon="-3.014069">
      <ele>811.6</ele>
    </trkpt>
    <trkpt lat="42.328243" lon="-3.013938">
      <ele>810.9</ele>
    </trkpt>
    <trkpt lat="42.328664" lon="-3.01385">
      <ele>810.4</ele>
    </trkpt>
    <trkpt lat="42.328896" lon="-3.013802">
      <ele>810.2</ele>
    </trkpt>
    <trkpt lat="42.328993" lon="-3.013777">
      <ele>810.1</ele>
    </trkpt>
    <trkpt lat="42.329061" lon="-3.01376">
      <ele>810.1</ele>
    </trkpt>
    <trkpt lat="42.329355" lon="-3.013692">
      <ele>809.9</ele>
    </trkpt>
    <trkpt lat="42.330935" lon="-3.013265">
      <ele>807.7</ele>
    </trkpt>
    <trkpt lat="42.33157" lon="-3.013091">
      <ele>806.4</ele>
    </trkpt>
    <trkpt lat="42.3323" lon="-3.012893">
      <ele>804.8</ele>
    </trkpt>
    <trkpt lat="42.332534" lon="-3.012801">
      <ele>804.3</ele>
    </trkpt>
    <trkpt lat="42.333098" lon="-3.012495">
      <ele>802.8</ele>
    </trkpt>
    <trkpt lat="42.33346" lon="-3.012271">
      <ele>802</ele>
    </trkpt>
    <trkpt lat="42.333833" lon="-3.012046">
      <ele>801.4</ele>
    </trkpt>
    <trkpt lat="42.335275" lon="-3.011209">
      <ele>798.2</ele>
    </trkpt>
    <trkpt lat="42.33712" lon="-3.010265">
      <ele>794.8</ele>
    </trkpt>
    <trkpt lat="42.337622" lon="-3.010084">
      <ele>794.1</ele>
    </trkpt>
    <trkpt lat="42.338226" lon="-3.00984">
      <ele>793.5</ele>
    </trkpt>
    <trkpt lat="42.338994" lon="-3.009439">
      <ele>792.8</ele>
    </trkpt>
    <trkpt lat="42.339346" lon="-3.009174">
      <ele>792.6</ele>
    </trkpt>
    <trkpt lat="42.339709" lon="-3.008787">
      <ele>792.3</ele>
    </trkpt>
    <trkpt lat="42.339858" lon="-3.008586">
      <ele>792.2</ele>
    </trkpt>
    <trkpt lat="42.340209" lon="-3.007978">
      <ele>791.7</ele>
    </trkpt>
    <trkpt lat="42.340576" lon="-3.007173">
      <ele>790.9</ele>
    </trkpt>
    <trkpt lat="42.34111" lon="-3.006122">
      <ele>789.5</ele>
    </trkpt>
    <trkpt lat="42.342006" lon="-3.004659">
      <ele>787.4</ele>
    </trkpt>
    <trkpt lat="42.342509" lon="-3.004302">
      <ele>786.7</ele>
    </trkpt>
    <trkpt lat="42.343082" lon="-3.003953">
      <ele>785.8</ele>
    </trkpt>
    <trkpt lat="42.343561" lon="-3.003726">
      <ele>784.9</ele>
    </trkpt>
    <trkpt lat="42.344025" lon="-3.003633">
      <ele>784.1</ele>
    </trkpt>
    <trkpt lat="42.344385" lon="-3.003438">
      <ele>783.4</ele>
    </trkpt>
    <trkpt lat="42.345151" lon="-3.002968">
      <ele>782.1</ele>
    </trkpt>
    <trkpt lat="42.345966" lon="-3.002467">
      <ele>781.1</ele>
    </trkpt>
    <trkpt lat="42.346796" lon="-3.002014">
      <ele>780.3</ele>
    </trkpt>
    <trkpt lat="42.347735" lon="-3.001519">
      <ele>778.9</ele>
    </trkpt>
    <trkpt lat="42.349559" lon="-3.00011">
      <ele>774.6</ele>
    </trkpt>
    <trkpt lat="42.349841" lon="-2.999866">
      <ele>774.1</ele>
    </trkpt>
    <trkpt lat="42.350794" lon="-2.999497">
      <ele>773.1</ele>
    </trkpt>
    <trkpt lat="42.351567" lon="-2.999294">
      <ele>772.8</ele>
    </trkpt>
    <trkpt lat="42.35213" lon="-2.999067">
      <ele>772.6</ele>
    </trkpt>
    <trkpt lat="42.352386" lon="-2.998956">
      <ele>772.4</ele>
    </trkpt>
    <trkpt lat="42.352607" lon="-2.998858">
      <ele>772.3</ele>
    </trkpt>
    <trkpt lat="42.352991" lon="-2.998665">
      <ele>772</ele>
    </trkpt>
    <trkpt lat="42.353054" lon="-2.998661">
      <ele>771.9</ele>
    </trkpt>
    <trkpt lat="42.353782" lon="-2.998677">
      <ele>771.3</ele>
    </trkpt>
    <trkpt lat="42.354113" lon="-2.998651">
      <ele>770.9</ele>
    </trkpt>
    <trkpt lat="42.354457" lon="-2.998414">
      <ele>770.3</ele>
    </trkpt>
    <trkpt lat="42.354992" lon="-2.998322">
      <ele>769.2</ele>
    </trkpt>
    <trkpt lat="42.355485" lon="-2.998581">
      <ele>768.4</ele>
    </trkpt>
    <trkpt lat="42.355618" lon="-2.998603">
      <ele>768.1</ele>
    </trkpt>
    <trkpt lat="42.355696" lon="-2.998616">
      <ele>767.9</ele>
    </trkpt>
    <trkpt lat="42.355877" lon="-2.998559">
      <ele>767.6</ele>
    </trkpt>
    <trkpt lat="42.356059" lon="-2.998414">
      <ele>767.2</ele>
    </trkpt>
    <trkpt lat="42.356397" lon="-2.998282">
      <ele>766.6</ele>
    </trkpt>
    <trkpt lat="42.357207" lon="-2.99787">
      <ele>765</ele>
    </trkpt>
    <trkpt lat="42.357869" lon="-2.997747">
      <ele>764.1</ele>
    </trkpt>
    <trkpt lat="42.358107" lon="-2.997657">
      <ele>763.9</ele>
    </trkpt>
    <trkpt lat="42.358911" lon="-2.997548">
      <ele>763.1</ele>
    </trkpt>
    <trkpt lat="42.359421" lon="-2.9972">
      <ele>762.6</ele>
    </trkpt>
    <trkpt lat="42.359607" lon="-2.997167">
      <ele>762.5</ele>
    </trkpt>
    <trkpt lat="42.360146" lon="-2.997189">
      <ele>762</ele>
    </trkpt>
    <trkpt lat="42.361393" lon="-2.9969">
      <ele>760.6</ele>
    </trkpt>
    <trkpt lat="42.361618" lon="-2.996782">
      <ele>760.4</ele>
    </trkpt>
    <trkpt lat="42.361726" lon="-2.996654">
      <ele>760.2</ele>
    </trkpt>
    <trkpt lat="42.361881" lon="-2.996394">
      <ele>760</ele>
    </trkpt>
    <trkpt lat="42.362538" lon="-2.994761">
      <ele>759.1</ele>
    </trkpt>
    <trkpt lat="42.362664" lon="-2.994575">
      <ele>759</ele>
    </trkpt>
    <trkpt lat="42.362764" lon="-2.994453">
      <ele>758.9</ele>
    </trkpt>
    <trkpt lat="42.363429" lon="-2.993937">
      <ele>757.7</ele>
    </trkpt>
    <trkpt lat="42.363986" lon="-2.993639">
      <ele>756.5</ele>
    </trkpt>
    <trkpt lat="42.364189" lon="-2.993463">
      <ele>755.9</ele>
    </trkpt>
    <trkpt lat="42.364284" lon="-2.993296">
      <ele>755.6</ele>
    </trkpt>
    <trkpt lat="42.364546" lon="-2.992435">
      <ele>753.9</ele>
    </trkpt>
    <trkpt lat="42.364689" lon="-2.99211">
      <ele>753.1</ele>
    </trkpt>
    <trkpt lat="42.364891" lon="-2.991843">
      <ele>752.2</ele>
    </trkpt>
    <trkpt lat="42.36517" lon="-2.991701">
      <ele>751.5</ele>
    </trkpt>
    <trkpt lat="42.365653" lon="-2.991369">
      <ele>750.3</ele>
    </trkpt>
    <trkpt lat="42.366184" lon="-2.990763">
      <ele>748.8</ele>
    </trkpt>
    <trkpt lat="42.366862" lon="-2.990309">
      <ele>747.6</ele>
    </trkpt>
    <trkpt lat="42.3676" lon="-2.990061">
      <ele>746.9</ele>
    </trkpt>
    <trkpt lat="42.368205" lon="-2.989664">
      <ele>746.7</ele>
    </trkpt>
    <trkpt lat="42.368305" lon="-2.989648">
      <ele>746.7</ele>
    </trkpt>
    <trkpt lat="42.368936" lon="-2.989713">
      <ele>746.5</ele>
    </trkpt>
    <trkpt lat="42.369045" lon="-2.989687">
      <ele>746.5</ele>
    </trkpt>
    <trkpt lat="42.369262" lon="-2.989568">
      <ele>746.4</ele>
    </trkpt>
    <trkpt lat="42.369366" lon="-2.989458">
      <ele>746.3</ele>
    </trkpt>
    <trkpt lat="42.370221" lon="-2.988788">
      <ele>745.6</ele>
    </trkpt>
    <trkpt lat="42.371214" lon="-2.988273">
      <ele>745.1</ele>
    </trkpt>
    <trkpt lat="42.371416" lon="-2.988255">
      <ele>745.1</ele>
    </trkpt>
    <trkpt lat="42.371716" lon="-2.988278">
      <ele>745.1</ele>
    </trkpt>
    <trkpt lat="42.372392" lon="-2.988389">
      <ele>744.6</ele>
    </trkpt>
    <trkpt lat="42.372532" lon="-2.988367">
      <ele>744.4</ele>
    </trkpt>
    <trkpt lat="42.372864" lon="-2.987916">
      <ele>743.7</ele>
    </trkpt>
    <trkpt lat="42.37398" lon="-2.986798">
      <ele>740.7</ele>
    </trkpt>
    <trkpt lat="42.374174" lon="-2.986646">
      <ele>740.2</ele>
    </trkpt>
    <trkpt lat="42.374512" lon="-2.986445">
      <ele>739.4</ele>
    </trkpt>
    <trkpt lat="42.374721" lon="-2.986354">
      <ele>739</ele>
    </trkpt>
    <trkpt lat="42.378941" lon="-2.984915">
      <ele>735.4</ele>
    </trkpt>
    <trkpt lat="42.382171" lon="-2.983814">
      <ele>731.6</ele>
    </trkpt>
    <trkpt lat="42.383943" lon="-2.983201">
      <ele>727.6</ele>
    </trkpt>
    <trkpt lat="42.390122" lon="-2.981665">
      <ele>714.6</ele>
    </trkpt>
    <trkpt lat="42.390233" lon="-2.981579">
      <ele>714.4</ele>
    </trkpt>
    <trkpt lat="42.390339" lon="-2.981413">
      <ele>714.2</ele>
    </trkpt>
    <trkpt lat="42.390405" lon="-2.981443">
      <ele>714.2</ele>
    </trkpt>
    <trkpt lat="42.390624" lon="-2.981455">
      <ele>713.9</ele>
    </trkpt>
    <trkpt lat="42.391147" lon="-2.981502">
      <ele>713.3</ele>
    </trkpt>
    <trkpt lat="42.39143" lon="-2.981316">
      <ele>712.8</ele>
    </trkpt>
    <trkpt lat="42.391934" lon="-2.981183">
      <ele>712</ele>
    </trkpt>
    <trkpt lat="42.392428" lon="-2.98096">
      <ele>711.2</ele>
    </trkpt>
    <trkpt lat="42.392566" lon="-2.980784">
      <ele>710.8</ele>
    </trkpt>
    <trkpt lat="42.392628" lon="-2.980312">
      <ele>710</ele>
    </trkpt>
    <trkpt lat="42.392871" lon="-2.979978">
      <ele>709.3</ele>
    </trkpt>
    <trkpt lat="42.393682" lon="-2.979753">
      <ele>707.7</ele>
    </trkpt>
    <trkpt lat="42.394726" lon="-2.979331">
      <ele>706</ele>
    </trkpt>
    <trkpt lat="42.395064" lon="-2.979244">
      <ele>705.5</ele>
    </trkpt>
    <trkpt lat="42.395369" lon="-2.979251">
      <ele>705</ele>
    </trkpt>
    <trkpt lat="42.396208" lon="-2.979407">
      <ele>703.8</ele>
    </trkpt>
    <trkpt lat="42.397593" lon="-2.980045">
      <ele>702.1</ele>
    </trkpt>
    <trkpt lat="42.397841" lon="-2.980115">
      <ele>701.9</ele>
    </trkpt>
    <trkpt lat="42.398128" lon="-2.980129">
      <ele>701.7</ele>
    </trkpt>
    <trkpt lat="42.401484" lon="-2.979644">
      <ele>701.3</ele>
    </trkpt>
    <trkpt lat="42.404083" lon="-2.979174">
      <ele>700.1</ele>
    </trkpt>
    <trkpt lat="42.407785" lon="-2.978459">
      <ele>690.1</ele>
    </trkpt>
    <trkpt lat="42.408226" lon="-2.978312">
      <ele>689.1</ele>
    </trkpt>
    <trkpt lat="42.413822" lon="-2.975552">
      <ele>680.5</ele>
    </trkpt>
    <trkpt lat="42.414769" lon="-2.975285">
      <ele>679.2</ele>
    </trkpt>
    <trkpt lat="42.415732" lon="-2.975022">
      <ele>677.9</ele>
    </trkpt>
    <trkpt lat="42.416049" lon="-2.974857">
      <ele>677.4</ele>
    </trkpt>
    <trkpt lat="42.41674" lon="-2.974429">
      <ele>676.3</ele>
    </trkpt>
    <trkpt lat="42.416956" lon="-2.974257">
      <ele>675.9</ele>
    </trkpt>
    <trkpt lat="42.420604" lon="-2.972245">
      <ele>669.8</ele>
    </trkpt>
    <trkpt lat="42.422397" lon="-2.971233">
      <ele>667.1</ele>
    </trkpt>
    <trkpt lat="42.423249" lon="-2.97075">
      <ele>665.5</ele>
    </trkpt>
    <trkpt lat="42.424307" lon="-2.970102">
      <ele>663.3</ele>
    </trkpt>
    <trkpt lat="42.424563" lon="-2.970029">
      <ele>662.9</ele>
    </trkpt>
    <trkpt lat="42.425657" lon="-2.969977">
      <ele>661.4</ele>
    </trkpt>
    <trkpt lat="42.427879" lon="-2.969873">
      <ele>659.4</ele>
    </trkpt>
    <trkpt lat="42.430047" lon="-2.96956">
      <ele>657.3</ele>
    </trkpt>
    <trkpt lat="42.432011" lon="-2.96883">
      <ele>654.7</ele>
    </trkpt>
    <trkpt lat="42.432657" lon="-2.968475">
      <ele>653.6</ele>
    </trkpt>
    <trkpt lat="42.434183" lon="-2.967526">
      <ele>650.9</ele>
    </trkpt>
    <trkpt lat="42.434496" lon="-2.967405">
      <ele>650.5</ele>
    </trkpt>
    <trkpt lat="42.435034" lon="-2.967256">
      <ele>649.9</ele>
    </trkpt>
    <trkpt lat="42.436571" lon="-2.966832">
      <ele>648.2</ele>
    </trkpt>
    <trkpt lat="42.437157" lon="-2.966368">
      <ele>647.2</ele>
    </trkpt>
    <trkpt lat="42.438109" lon="-2.965694">
      <ele>645.4</ele>
    </trkpt>
    <trkpt lat="42.438967" lon="-2.965428">
      <ele>644.2</ele>
    </trkpt>
    <trkpt lat="42.440157" lon="-2.965265">
      <ele>642.8</ele>
    </trkpt>
    <trkpt lat="42.440888" lon="-2.965097">
      <ele>642</ele>
    </trkpt>
    <trkpt lat="42.441823" lon="-2.964952">
      <ele>640.8</ele>
    </trkpt>
    <trkpt lat="42.44204" lon="-2.964919">
      <ele>640.6</ele>
    </trkpt>
    <trkpt lat="42.44285" lon="-2.964766">
      <ele>639.9</ele>
    </trkpt>
    <trkpt lat="42.44309" lon="-2.964696">
      <ele>639.8</ele>
    </trkpt>
    <trkpt lat="42.443003" lon="-2.964402">
      <ele>639.5</ele>
    </trkpt>
    <trkpt lat="42.442926" lon="-2.964141">
      <ele>639.3</ele>
    </trkpt>
    <trkpt lat="42.442808" lon="-2.963754">
      <ele>639</ele>
    </trkpt>
    <trkpt lat="42.442384" lon="-2.962353">
      <ele>638.8</ele>
    </trkpt>
    <trkpt lat="42.442351" lon="-2.962243">
      <ele>638.8</ele>
    </trkpt>
    <trkpt lat="42.441818" lon="-2.960435">
      <ele>639.3</ele>
    </trkpt>
    <trkpt lat="42.441802" lon="-2.96039">
      <ele>639.4</ele>
    </trkpt>
    <trkpt lat="42.441776" lon="-2.96031">
      <ele>639.4</ele>
    </trkpt>
    <trkpt lat="42.441766" lon="-2.960279">
      <ele>639.5</ele>
    </trkpt>
    <trkpt lat="42.441409" lon="-2.959208">
      <ele>640.9</ele>
    </trkpt>
    <trkpt lat="42.441309" lon="-2.958973">
      <ele>641.2</ele>
    </trkpt>
    <trkpt lat="42.441233" lon="-2.958811">
      <ele>641.5</ele>
    </trkpt>
    <trkpt lat="42.441203" lon="-2.958754">
      <ele>641.6</ele>
    </trkpt>
    <trkpt lat="42.441165" lon="-2.958689">
      <ele>641.7</ele>
    </trkpt>
    <trkpt lat="42.44098" lon="-2.958448">
      <ele>642.1</ele>
    </trkpt>
    <trkpt lat="42.440958" lon="-2.958426">
      <ele>642.2</ele>
    </trkpt>
    <trkpt lat="42.440342" lon="-2.957821">
      <ele>643.5</ele>
    </trkpt>
    <trkpt lat="42.440184" lon="-2.957701">
      <ele>643.9</ele>
    </trkpt>
    <trkpt lat="42.440119" lon="-2.957686">
      <ele>644</ele>
    </trkpt>
    <trkpt lat="42.440075" lon="-2.95762">
      <ele>644.1</ele>
    </trkpt>
    <trkpt lat="42.440069" lon="-2.95753">
      <ele>644.2</ele>
    </trkpt>
    <trkpt lat="42.44002" lon="-2.957416">
      <ele>644.4</ele>
    </trkpt>
    <trkpt lat="42.439922" lon="-2.957168">
      <ele>644.7</ele>
    </trkpt>
    <trkpt lat="42.439779" lon="-2.956599">
      <ele>645.4</ele>
    </trkpt>
    <trkpt lat="42.439763" lon="-2.956504">
      <ele>645.4</ele>
    </trkpt>
    <trkpt lat="42.439675" lon="-2.955727">
      <ele>646.1</ele>
    </trkpt>
    <trkpt lat="42.439652" lon="-2.955541">
      <ele>646.2</ele>
    </trkpt>
    <trkpt lat="42.439572" lon="-2.954878">
      <ele>646.5</ele>
    </trkpt>
    <trkpt lat="42.439432" lon="-2.95361">
      <ele>646.7</ele>
    </trkpt>
    <trkpt lat="42.439423" lon="-2.953529">
      <ele>646.7</ele>
    </trkpt>
    <trkpt lat="42.439035" lon="-2.953408">
      <ele>646.6</ele>
    </trkpt>
    <trkpt lat="42.43898" lon="-2.953403">
      <ele>646.7</ele>
    </trkpt>
    <trkpt lat="42.43856" lon="-2.953361">
      <ele>646.7</ele>
    </trkpt>
    <trkpt lat="42.438458" lon="-2.953351">
      <ele>646.7</ele>
    </trkpt>
    <trkpt lat="42.438352" lon="-2.953349">
      <ele>646.7</ele>
    </trkpt>
    <trkpt lat="42.437756" lon="-2.95334">
      <ele>646.6</ele>
    </trkpt>
    <trkpt lat="42.437766" lon="-2.953397">
      <ele>646.6</ele>
    </trkpt>
    <trkpt lat="42.437839" lon="-2.953825">
      <ele>646.6</ele>
    </trkpt>
    <trkpt lat="42.437743" lon="-2.953871">
      <ele>646.6</ele>
    </trkpt>
    </trkseg>
  </trk>
</gpx>
