<?xml version="1.0" encoding="UTF-8"?>
<gpx version="1.1" creator="fitAI Komoot downloader" xmlns="http://www.topografix.com/GPX/1/1">
  <metadata>
    <name>Subida a Santa Bárbara y Collado de Sagastia - Recorrido circular desde Santo Domingo de la Calzada</name>
    <desc>50 visitas · Dificultad: difficult · Distancia: 89.4 km · Desnivel +: 2024 m</desc>
    <link href="https://www.komoot.com/smarttour/e31876572"><text>Komoot</text></link>
  </metadata>
  <trk>
    <name>Subida a Santa Bárbara y Collado de Sagastia - Recorrido circular desde Santo Domingo de la Calzada</name>
    <type>mtb</type>
    <trkseg>
    <trkpt lat="42.439097" lon="-2.953169">
      <ele>643.8</ele>
    </trkpt>
    <trkpt lat="42.439052" lon="-2.953121">
      <ele>643.8</ele>
    </trkpt>
    <trkpt lat="42.43903" lon="-2.953123">
      <ele>643.9</ele>
    </trkpt>
    <trkpt lat="42.439009" lon="-2.953181">
      <ele>643.9</ele>
    </trkpt>
    <trkpt lat="42.439092" lon="-2.953258">
      <ele>643.9</ele>
    </trkpt>
    <trkpt lat="42.439082" lon="-2.953412">
      <ele>644</ele>
    </trkpt>
    <trkpt lat="42.43898" lon="-2.953403">
      <ele>644.1</ele>
    </trkpt>
    <trkpt lat="42.438563" lon="-2.953364">
      <ele>644.4</ele>
    </trkpt>
    <trkpt lat="42.438519" lon="-2.953361">
      <ele>644.4</ele>
    </trkpt>
    <trkpt lat="42.438474" lon="-2.953448">
      <ele>644.5</ele>
    </trkpt>
    <trkpt lat="42.438418" lon="-2.95352">
      <ele>644.5</ele>
    </trkpt>
    <trkpt lat="42.438373" lon="-2.953575">
      <ele>644.6</ele>
    </trkpt>
    <trkpt lat="42.438288" lon="-2.953678">
      <ele>644.7</ele>
    </trkpt>
    <trkpt lat="42.438072" lon="-2.95384">
      <ele>644.9</ele>
    </trkpt>
    <trkpt lat="42.437864" lon="-2.953938">
      <ele>645.2</ele>
    </trkpt>
    <trkpt lat="42.437485" lon="-2.954117">
      <ele>645.6</ele>
    </trkpt>
    <trkpt lat="42.437389" lon="-2.954162">
      <ele>645.7</ele>
    </trkpt>
    <trkpt lat="42.43733" lon="-2.954189">
      <ele>645.7</ele>
    </trkpt>
    <trkpt lat="42.437028" lon="-2.95433">
      <ele>645.9</ele>
    </trkpt>
    <trkpt lat="42.436959" lon="-2.954362">
      <ele>646</ele>
    </trkpt>
    <trkpt lat="42.436906" lon="-2.954374">
      <ele>646</ele>
    </trkpt>
    <trkpt lat="42.436732" lon="-2.954412">
      <ele>646.1</ele>
    </trkpt>
    <trkpt lat="42.436218" lon="-2.95458">
      <ele>646.3</ele>
    </trkpt>
    <trkpt lat="42.435327" lon="-2.95481">
      <ele>646.8</ele>
    </trkpt>
    <trkpt lat="42.434042" lon="-2.955133">
      <ele>647.5</ele>
    </trkpt>
    <trkpt lat="42.433917" lon="-2.955143">
      <ele>647.6</ele>
    </trkpt>
    <trkpt lat="42.43379" lon="-2.955624">
      <ele>647.7</ele>
    </trkpt>
    <trkpt lat="42.433632" lon="-2.955973">
      <ele>647.8</ele>
    </trkpt>
    <trkpt lat="42.43353" lon="-2.956128">
      <ele>647.8</ele>
    </trkpt>
    <trkpt lat="42.433468" lon="-2.956102">
      <ele>647.8</ele>
    </trkpt>
    <trkpt lat="42.432063" lon="-2.954716">
      <ele>648.3</ele>
    </trkpt>
    <trkpt lat="42.432039" lon="-2.954725">
      <ele>648.4</ele>
    </trkpt>
    <trkpt lat="42.431029" lon="-2.954231">
      <ele>649.1</ele>
    </trkpt>
    <trkpt lat="42.430739" lon="-2.953885">
      <ele>649.4</ele>
    </trkpt>
    <trkpt lat="42.430473" lon="-2.953645">
      <ele>649.6</ele>
    </trkpt>
    <trkpt lat="42.430035" lon="-2.953363">
      <ele>650</ele>
    </trkpt>
    <trkpt lat="42.429306" lon="-2.953111">
      <ele>650.6</ele>
    </trkpt>
    <trkpt lat="42.428595" lon="-2.95292">
      <ele>651.3</ele>
    </trkpt>
    <trkpt lat="42.428196" lon="-2.952821">
      <ele>651.8</ele>
    </trkpt>
    <trkpt lat="42.427713" lon="-2.952744">
      <ele>652.2</ele>
    </trkpt>
    <trkpt lat="42.427026" lon="-2.952673">
      <ele>653</ele>
    </trkpt>
    <trkpt lat="42.426123" lon="-2.952607">
      <ele>653.9</ele>
    </trkpt>
    <trkpt lat="42.42545" lon="-2.952486">
      <ele>654.7</ele>
    </trkpt>
    <trkpt lat="42.42533" lon="-2.952431">
      <ele>654.9</ele>
    </trkpt>
    <trkpt lat="42.415287" lon="-2.957755">
      <ele>670.4</ele>
    </trkpt>
    <trkpt lat="42.412049" lon="-2.959445">
      <ele>676</ele>
    </trkpt>
    <trkpt lat="42.407218" lon="-2.962023">
      <ele>684</ele>
    </trkpt>
    <trkpt lat="42.403937" lon="-2.963707">
      <ele>688.6</ele>
    </trkpt>
    <trkpt lat="42.402979" lon="-2.964275">
      <ele>690.2</ele>
    </trkpt>
    <trkpt lat="42.401141" lon="-2.965166">
      <ele>693.4</ele>
    </trkpt>
    <trkpt lat="42.398019" lon="-2.966821">
      <ele>698.9</ele>
    </trkpt>
    <trkpt lat="42.395169" lon="-2.967894">
      <ele>708.1</ele>
    </trkpt>
    <trkpt lat="42.393881" lon="-2.968341">
      <ele>711.7</ele>
    </trkpt>
    <trkpt lat="42.391244" lon="-2.969329">
      <ele>715.5</ele>
    </trkpt>
    <trkpt lat="42.390273" lon="-2.969434">
      <ele>716.9</ele>
    </trkpt>
    <trkpt lat="42.390066" lon="-2.969456">
      <ele>717.2</ele>
    </trkpt>
    <trkpt lat="42.388463" lon="-2.96963">
      <ele>721.1</ele>
    </trkpt>
    <trkpt lat="42.387507" lon="-2.969686">
      <ele>723.2</ele>
    </trkpt>
    <trkpt lat="42.384097" lon="-2.969994">
      <ele>726</ele>
    </trkpt>
    <trkpt lat="42.383304" lon="-2.970176">
      <ele>729.3</ele>
    </trkpt>
    <trkpt lat="42.382615" lon="-2.970445">
      <ele>732.4</ele>
    </trkpt>
    <trkpt lat="42.381236" lon="-2.971196">
      <ele>735.9</ele>
    </trkpt>
    <trkpt lat="42.379346" lon="-2.972439">
      <ele>740.6</ele>
    </trkpt>
    <trkpt lat="42.374087" lon="-2.975895">
      <ele>751.5</ele>
    </trkpt>
    <trkpt lat="42.372472" lon="-2.977057">
      <ele>755.1</ele>
    </trkpt>
    <trkpt lat="42.370803" lon="-2.978564">
      <ele>755</ele>
    </trkpt>
    <trkpt lat="42.370602" lon="-2.978699">
      <ele>755</ele>
    </trkpt>
    <trkpt lat="42.370398" lon="-2.978918">
      <ele>755.1</ele>
    </trkpt>
    <trkpt lat="42.370238" lon="-2.979059">
      <ele>755.2</ele>
    </trkpt>
    <trkpt lat="42.36922" lon="-2.979976">
      <ele>756.5</ele>
    </trkpt>
    <trkpt lat="42.368175" lon="-2.980676">
      <ele>758</ele>
    </trkpt>
    <trkpt lat="42.365348" lon="-2.982447">
      <ele>764.2</ele>
    </trkpt>
    <trkpt lat="42.363343" lon="-2.983769">
      <ele>769.7</ele>
    </trkpt>
    <trkpt lat="42.363228" lon="-2.983802">
      <ele>770</ele>
    </trkpt>
    <trkpt lat="42.36031" lon="-2.985701">
      <ele>778</ele>
    </trkpt>
    <trkpt lat="42.358705" lon="-2.98774">
      <ele>777.5</ele>
    </trkpt>
    <trkpt lat="42.358027" lon="-2.98849">
      <ele>776.7</ele>
    </trkpt>
    <trkpt lat="42.356492" lon="-2.99052">
      <ele>775.1</ele>
    </trkpt>
    <trkpt lat="42.354951" lon="-2.992224">
      <ele>779.3</ele>
    </trkpt>
    <trkpt lat="42.354543" lon="-2.992732">
      <ele>780.5</ele>
    </trkpt>
    <trkpt lat="42.353088" lon="-2.994193">
      <ele>784.5</ele>
    </trkpt>
    <trkpt lat="42.352166" lon="-2.994894">
      <ele>784.9</ele>
    </trkpt>
    <trkpt lat="42.351726" lon="-2.995143">
      <ele>783.9</ele>
    </trkpt>
    <trkpt lat="42.351514" lon="-2.995217">
      <ele>783.3</ele>
    </trkpt>
    <trkpt lat="42.350853" lon="-2.995222">
      <ele>781.3</ele>
    </trkpt>
    <trkpt lat="42.350787" lon="-2.995221">
      <ele>781.1</ele>
    </trkpt>
    <trkpt lat="42.349705" lon="-2.994887">
      <ele>782.8</ele>
    </trkpt>
    <trkpt lat="42.349555" lon="-2.994822">
      <ele>783.5</ele>
    </trkpt>
    <trkpt lat="42.349462" lon="-2.994714">
      <ele>784.1</ele>
    </trkpt>
    <trkpt lat="42.34936" lon="-2.994656">
      <ele>784.6</ele>
    </trkpt>
    <trkpt lat="42.349101" lon="-2.994686">
      <ele>785.9</ele>
    </trkpt>
    <trkpt lat="42.348071" lon="-2.994649">
      <ele>790.9</ele>
    </trkpt>
    <trkpt lat="42.347773" lon="-2.994698">
      <ele>792</ele>
    </trkpt>
    <trkpt lat="42.346035" lon="-2.995233">
      <ele>797.7</ele>
    </trkpt>
    <trkpt lat="42.345504" lon="-2.995456">
      <ele>799.7</ele>
    </trkpt>
    <trkpt lat="42.344801" lon="-2.996043">
      <ele>801.8</ele>
    </trkpt>
    <trkpt lat="42.344121" lon="-2.996891">
      <ele>801.8</ele>
    </trkpt>
    <trkpt lat="42.343427" lon="-2.997995">
      <ele>800.6</ele>
    </trkpt>
    <trkpt lat="42.341702" lon="-3.000532">
      <ele>798.1</ele>
    </trkpt>
    <trkpt lat="42.341267" lon="-3.000904">
      <ele>796.9</ele>
    </trkpt>
    <trkpt lat="42.340901" lon="-3.001154">
      <ele>796.2</ele>
    </trkpt>
    <trkpt lat="42.340041" lon="-3.001758">
      <ele>796.4</ele>
    </trkpt>
    <trkpt lat="42.339796" lon="-3.001974">
      <ele>797.1</ele>
    </trkpt>
    <trkpt lat="42.339604" lon="-3.00221">
      <ele>797.8</ele>
    </trkpt>
    <trkpt lat="42.339286" lon="-3.002691">
      <ele>799</ele>
    </trkpt>
    <trkpt lat="42.337975" lon="-3.005047">
      <ele>802.8</ele>
    </trkpt>
    <trkpt lat="42.336386" lon="-3.007372">
      <ele>804.7</ele>
    </trkpt>
    <trkpt lat="42.336006" lon="-3.007857">
      <ele>804.6</ele>
    </trkpt>
    <trkpt lat="42.335714" lon="-3.008082">
      <ele>804.5</ele>
    </trkpt>
    <trkpt lat="42.334262" lon="-3.008596">
      <ele>803.8</ele>
    </trkpt>
    <trkpt lat="42.333855" lon="-3.008616">
      <ele>803.6</ele>
    </trkpt>
    <trkpt lat="42.331869" lon="-3.008495">
      <ele>803.4</ele>
    </trkpt>
    <trkpt lat="42.331366" lon="-3.008485">
      <ele>803.9</ele>
    </trkpt>
    <trkpt lat="42.330279" lon="-3.008386">
      <ele>805.9</ele>
    </trkpt>
    <trkpt lat="42.330104" lon="-3.008398">
      <ele>806.1</ele>
    </trkpt>
    <trkpt lat="42.329968" lon="-3.008428">
      <ele>806.3</ele>
    </trkpt>
    <trkpt lat="42.32984" lon="-3.008479">
      <ele>806.4</ele>
    </trkpt>
    <trkpt lat="42.329473" lon="-3.008515">
      <ele>806.6</ele>
    </trkpt>
    <trkpt lat="42.328629" lon="-3.008936">
      <ele>806.4</ele>
    </trkpt>
    <trkpt lat="42.328552" lon="-3.008975">
      <ele>806.4</ele>
    </trkpt>
    <trkpt lat="42.328466" lon="-3.009018">
      <ele>806.3</ele>
    </trkpt>
    <trkpt lat="42.327803" lon="-3.009353">
      <ele>806.6</ele>
    </trkpt>
    <trkpt lat="42.3268" lon="-3.009826">
      <ele>807.4</ele>
    </trkpt>
    <trkpt lat="42.326805" lon="-3.010274">
      <ele>807.9</ele>
    </trkpt>
    <trkpt lat="42.326809" lon="-3.010944">
      <ele>808.7</ele>
    </trkpt>
    <trkpt lat="42.326813" lon="-3.011662">
      <ele>809.1</ele>
    </trkpt>
    <trkpt lat="42.326813" lon="-3.011773">
      <ele>809.1</ele>
    </trkpt>
    <trkpt lat="42.326812" lon="-3.011973">
      <ele>809.2</ele>
    </trkpt>
    <trkpt lat="42.326813" lon="-3.012366">
      <ele>809.4</ele>
    </trkpt>
    <trkpt lat="42.327318" lon="-3.012349">
      <ele>809.5</ele>
    </trkpt>
    <trkpt lat="42.327326" lon="-3.012427">
      <ele>809.5</ele>
    </trkpt>
    <trkpt lat="42.327543" lon="-3.012434">
      <ele>809.5</ele>
    </trkpt>
    <trkpt lat="42.32759" lon="-3.012755">
      <ele>809.5</ele>
    </trkpt>
    <trkpt lat="42.327543" lon="-3.012434">
      <ele>809.5</ele>
    </trkpt>
    <trkpt lat="42.327326" lon="-3.012427">
      <ele>809.5</ele>
    </trkpt>
    <trkpt lat="42.327318" lon="-3.012349">
      <ele>809.5</ele>
    </trkpt>
    <trkpt lat="42.326813" lon="-3.012366">
      <ele>809.7</ele>
    </trkpt>
    <trkpt lat="42.326809" lon="-3.012782">
      <ele>810.1</ele>
    </trkpt>
    <trkpt lat="42.326807" lon="-3.013333">
      <ele>810.9</ele>
    </trkpt>
    <trkpt lat="42.326575" lon="-3.013227">
      <ele>811.3</ele>
    </trkpt>
    <trkpt lat="42.326513" lon="-3.013159">
      <ele>811.5</ele>
    </trkpt>
    <trkpt lat="42.326285" lon="-3.013343">
      <ele>811.9</ele>
    </trkpt>
    <trkpt lat="42.326208" lon="-3.013465">
      <ele>812.1</ele>
    </trkpt>
    <trkpt lat="42.326143" lon="-3.013636">
      <ele>812.4</ele>
    </trkpt>
    <trkpt lat="42.326116" lon="-3.013764">
      <ele>812.7</ele>
    </trkpt>
    <trkpt lat="42.326093" lon="-3.014103">
      <ele>813.4</ele>
    </trkpt>
    <trkpt lat="42.326115" lon="-3.014283">
      <ele>813.8</ele>
    </trkpt>
    <trkpt lat="42.325877" lon="-3.01436">
      <ele>814.6</ele>
    </trkpt>
    <trkpt lat="42.325464" lon="-3.014277">
      <ele>815.6</ele>
    </trkpt>
    <trkpt lat="42.325088" lon="-3.014242">
      <ele>816.4</ele>
    </trkpt>
    <trkpt lat="42.32466" lon="-3.014316">
      <ele>817.3</ele>
    </trkpt>
    <trkpt lat="42.324618" lon="-3.01432">
      <ele>817.3</ele>
    </trkpt>
    <trkpt lat="42.324453" lon="-3.014373">
      <ele>817.6</ele>
    </trkpt>
    <trkpt lat="42.324288" lon="-3.01448">
      <ele>818</ele>
    </trkpt>
    <trkpt lat="42.32417" lon="-3.014493">
      <ele>818.1</ele>
    </trkpt>
    <trkpt lat="42.324131" lon="-3.01468">
      <ele>818.3</ele>
    </trkpt>
    <trkpt lat="42.324012" lon="-3.014639">
      <ele>818.5</ele>
    </trkpt>
    <trkpt lat="42.324007" lon="-3.01461">
      <ele>818.5</ele>
    </trkpt>
    <trkpt lat="42.323848" lon="-3.014586">
      <ele>818.7</ele>
    </trkpt>
    <trkpt lat="42.323802" lon="-3.014592">
      <ele>818.7</ele>
    </trkpt>
    <trkpt lat="42.323461" lon="-3.01463">
      <ele>818.9</ele>
    </trkpt>
    <trkpt lat="42.32328" lon="-3.014689">
      <ele>819</ele>
    </trkpt>
    <trkpt lat="42.323124" lon="-3.014809">
      <ele>819.1</ele>
    </trkpt>
    <trkpt lat="42.323065" lon="-3.014908">
      <ele>819.1</ele>
    </trkpt>
    <trkpt lat="42.322765" lon="-3.015066">
      <ele>818.9</ele>
    </trkpt>
    <trkpt lat="42.322727" lon="-3.014904">
      <ele>818.8</ele>
    </trkpt>
    <trkpt lat="42.321896" lon="-3.014962">
      <ele>819.7</ele>
    </trkpt>
    <trkpt lat="42.321899" lon="-3.015253">
      <ele>820.3</ele>
    </trkpt>
    <trkpt lat="42.321858" lon="-3.015255">
      <ele>820.4</ele>
    </trkpt>
    <trkpt lat="42.321504" lon="-3.015505">
      <ele>822.4</ele>
    </trkpt>
    <trkpt lat="42.32147" lon="-3.015589">
      <ele>822.8</ele>
    </trkpt>
    <trkpt lat="42.321462" lon="-3.015752">
      <ele>823.6</ele>
    </trkpt>
    <trkpt lat="42.321495" lon="-3.015836">
      <ele>824.1</ele>
    </trkpt>
    <trkpt lat="42.321539" lon="-3.015876">
      <ele>824.5</ele>
    </trkpt>
    <trkpt lat="42.321782" lon="-3.015937">
      <ele>826.7</ele>
    </trkpt>
    <trkpt lat="42.322332" lon="-3.016216">
      <ele>833.7</ele>
    </trkpt>
    <trkpt lat="42.322347" lon="-3.016271">
      <ele>834.3</ele>
    </trkpt>
    <trkpt lat="42.322319" lon="-3.016319">
      <ele>834.9</ele>
    </trkpt>
    <trkpt lat="42.322114" lon="-3.016434">
      <ele>838</ele>
    </trkpt>
    <trkpt lat="42.322079" lon="-3.016495">
      <ele>838.9</ele>
    </trkpt>
    <trkpt lat="42.32208" lon="-3.016567">
      <ele>839.6</ele>
    </trkpt>
    <trkpt lat="42.322115" lon="-3.01664">
      <ele>840.6</ele>
    </trkpt>
    <trkpt lat="42.32226" lon="-3.016762">
      <ele>843.2</ele>
    </trkpt>
    <trkpt lat="42.322336" lon="-3.016862">
      <ele>844.9</ele>
    </trkpt>
    <trkpt lat="42.322395" lon="-3.017076">
      <ele>847.7</ele>
    </trkpt>
    <trkpt lat="42.322482" lon="-3.018598">
      <ele>867.1</ele>
    </trkpt>
    <trkpt lat="42.322366" lon="-3.01954">
      <ele>876.4</ele>
    </trkpt>
    <trkpt lat="42.322355" lon="-3.019862">
      <ele>878.8</ele>
    </trkpt>
    <trkpt lat="42.322381" lon="-3.020313">
      <ele>881.7</ele>
    </trkpt>
    <trkpt lat="42.322398" lon="-3.020411">
      <ele>882.3</ele>
    </trkpt>
    <trkpt lat="42.322506" lon="-3.020672">
      <ele>883.7</ele>
    </trkpt>
    <trkpt lat="42.322553" lon="-3.020846">
      <ele>884.4</ele>
    </trkpt>
    <trkpt lat="42.322513" lon="-3.020803">
      <ele>884.7</ele>
    </trkpt>
    <trkpt lat="42.322442" lon="-3.020792">
      <ele>885</ele>
    </trkpt>
    <trkpt lat="42.322394" lon="-3.020874">
      <ele>885.3</ele>
    </trkpt>
    <trkpt lat="42.322277" lon="-3.021432">
      <ele>886.6</ele>
    </trkpt>
    <trkpt lat="42.321921" lon="-3.022549">
      <ele>891.4</ele>
    </trkpt>
    <trkpt lat="42.321858" lon="-3.022645">
      <ele>892</ele>
    </trkpt>
    <trkpt lat="42.321446" lon="-3.023083">
      <ele>895.3</ele>
    </trkpt>
    <trkpt lat="42.321251" lon="-3.023402">
      <ele>897.6</ele>
    </trkpt>
    <trkpt lat="42.32094" lon="-3.024177">
      <ele>903.1</ele>
    </trkpt>
    <trkpt lat="42.32077" lon="-3.024688">
      <ele>906.5</ele>
    </trkpt>
    <trkpt lat="42.320644" lon="-3.024886">
      <ele>908.2</ele>
    </trkpt>
    <trkpt lat="42.320127" lon="-3.025148">
      <ele>913.9</ele>
    </trkpt>
    <trkpt lat="42.31959" lon="-3.025563">
      <ele>921.6</ele>
    </trkpt>
    <trkpt lat="42.319284" lon="-3.025605">
      <ele>925.6</ele>
    </trkpt>
    <trkpt lat="42.31898" lon="-3.025581">
      <ele>929.8</ele>
    </trkpt>
    <trkpt lat="42.318894" lon="-3.0256">
      <ele>931</ele>
    </trkpt>
    <trkpt lat="42.318823" lon="-3.025653">
      <ele>932.1</ele>
    </trkpt>
    <trkpt lat="42.318693" lon="-3.025913">
      <ele>935.5</ele>
    </trkpt>
    <trkpt lat="42.318165" lon="-3.026641">
      <ele>946.7</ele>
    </trkpt>
    <trkpt lat="42.317648" lon="-3.027471">
      <ele>958.5</ele>
    </trkpt>
    <trkpt lat="42.317305" lon="-3.027788">
      <ele>964</ele>
    </trkpt>
    <trkpt lat="42.317151" lon="-3.028005">
      <ele>966.6</ele>
    </trkpt>
    <trkpt lat="42.317085" lon="-3.028059">
      <ele>967.4</ele>
    </trkpt>
    <trkpt lat="42.317004" lon="-3.028008">
      <ele>968.3</ele>
    </trkpt>
    <trkpt lat="42.317001" lon="-3.027901">
      <ele>969.1</ele>
    </trkpt>
    <trkpt lat="42.317037" lon="-3.027676">
      <ele>970.6</ele>
    </trkpt>
    <trkpt lat="42.317454" lon="-3.026856">
      <ele>975.1</ele>
    </trkpt>
    <trkpt lat="42.317536" lon="-3.026471">
      <ele>976.1</ele>
    </trkpt>
    <trkpt lat="42.317543" lon="-3.026151">
      <ele>976.7</ele>
    </trkpt>
    <trkpt lat="42.317515" lon="-3.0256">
      <ele>976.9</ele>
    </trkpt>
    <trkpt lat="42.317448" lon="-3.024993">
      <ele>976</ele>
    </trkpt>
    <trkpt lat="42.317447" lon="-3.024575">
      <ele>974.6</ele>
    </trkpt>
    <trkpt lat="42.317407" lon="-3.024537">
      <ele>974.3</ele>
    </trkpt>
    <trkpt lat="42.31734" lon="-3.024472">
      <ele>973.9</ele>
    </trkpt>
    <trkpt lat="42.316682" lon="-3.024079">
      <ele>970.7</ele>
    </trkpt>
    <trkpt lat="42.316434" lon="-3.023988">
      <ele>970.1</ele>
    </trkpt>
    <trkpt lat="42.31635" lon="-3.024047">
      <ele>970</ele>
    </trkpt>
    <trkpt lat="42.316303" lon="-3.02415">
      <ele>969.9</ele>
    </trkpt>
    <trkpt lat="42.316232" lon="-3.02508">
      <ele>971.8</ele>
    </trkpt>
    <trkpt lat="42.316142" lon="-3.025473">
      <ele>973.9</ele>
    </trkpt>
    <trkpt lat="42.316004" lon="-3.02566">
      <ele>975.5</ele>
    </trkpt>
    <trkpt lat="42.315858" lon="-3.02575">
      <ele>976.8</ele>
    </trkpt>
    <trkpt lat="42.315374" lon="-3.025897">
      <ele>981.1</ele>
    </trkpt>
    <trkpt lat="42.315323" lon="-3.025978">
      <ele>981.7</ele>
    </trkpt>
    <trkpt lat="42.315182" lon="-3.026424">
      <ele>984.2</ele>
    </trkpt>
    <trkpt lat="42.315075" lon="-3.026662">
      <ele>985.8</ele>
    </trkpt>
    <trkpt lat="42.314903" lon="-3.026839">
      <ele>987.5</ele>
    </trkpt>
    <trkpt lat="42.314769" lon="-3.026872">
      <ele>988.7</ele>
    </trkpt>
    <trkpt lat="42.31461" lon="-3.026839">
      <ele>990.2</ele>
    </trkpt>
    <trkpt lat="42.314377" lon="-3.026564">
      <ele>993.4</ele>
    </trkpt>
    <trkpt lat="42.314335" lon="-3.02656">
      <ele>993.9</ele>
    </trkpt>
    <trkpt lat="42.314105" lon="-3.026724">
      <ele>996.9</ele>
    </trkpt>
    <trkpt lat="42.313886" lon="-3.026828">
      <ele>999.4</ele>
    </trkpt>
    <trkpt lat="42.313678" lon="-3.026864">
      <ele>1001.6</ele>
    </trkpt>
    <trkpt lat="42.313463" lon="-3.02684">
      <ele>1003.9</ele>
    </trkpt>
    <trkpt lat="42.313175" lon="-3.026862">
      <ele>1006.6</ele>
    </trkpt>
    <trkpt lat="42.313104" lon="-3.026828">
      <ele>1007.2</ele>
    </trkpt>
    <trkpt lat="42.313033" lon="-3.026738">
      <ele>1007.9</ele>
    </trkpt>
    <trkpt lat="42.312767" lon="-3.02619">
      <ele>1009.9</ele>
    </trkpt>
    <trkpt lat="42.312663" lon="-3.025887">
      <ele>1009.8</ele>
    </trkpt>
    <trkpt lat="42.312517" lon="-3.025048">
      <ele>1006.9</ele>
    </trkpt>
    <trkpt lat="42.312413" lon="-3.024748">
      <ele>1005.4</ele>
    </trkpt>
    <trkpt lat="42.312295" lon="-3.024552">
      <ele>1004.4</ele>
    </trkpt>
    <trkpt lat="42.312131" lon="-3.024465">
      <ele>1003.5</ele>
    </trkpt>
    <trkpt lat="42.311954" lon="-3.024502">
      <ele>1003</ele>
    </trkpt>
    <trkpt lat="42.311661" lon="-3.024744">
      <ele>1002.7</ele>
    </trkpt>
    <trkpt lat="42.311301" lon="-3.025169">
      <ele>1003.9</ele>
    </trkpt>
    <trkpt lat="42.310992" lon="-3.025587">
      <ele>1006.7</ele>
    </trkpt>
    <trkpt lat="42.310961" lon="-3.025683">
      <ele>1007.3</ele>
    </trkpt>
    <trkpt lat="42.311" lon="-3.025697">
      <ele>1007.7</ele>
    </trkpt>
    <trkpt lat="42.311057" lon="-3.025666">
      <ele>1008.1</ele>
    </trkpt>
    <trkpt lat="42.311272" lon="-3.025443">
      <ele>1010.5</ele>
    </trkpt>
    <trkpt lat="42.311526" lon="-3.02529">
      <ele>1013.1</ele>
    </trkpt>
    <trkpt lat="42.311663" lon="-3.02525">
      <ele>1014.3</ele>
    </trkpt>
    <trkpt lat="42.311805" lon="-3.025256">
      <ele>1015.5</ele>
    </trkpt>
    <trkpt lat="42.311927" lon="-3.025304">
      <ele>1016.4</ele>
    </trkpt>
    <trkpt lat="42.312043" lon="-3.025399">
      <ele>1017.3</ele>
    </trkpt>
    <trkpt lat="42.312108" lon="-3.025561">
      <ele>1018.2</ele>
    </trkpt>
    <trkpt lat="42.312093" lon="-3.025646">
      <ele>1018.6</ele>
    </trkpt>
    <trkpt lat="42.312041" lon="-3.025679">
      <ele>1018.9</ele>
    </trkpt>
    <trkpt lat="42.311831" lon="-3.025648">
      <ele>1020.2</ele>
    </trkpt>
    <trkpt lat="42.311503" lon="-3.025715">
      <ele>1021.9</ele>
    </trkpt>
    <trkpt lat="42.31128" lon="-3.02593">
      <ele>1023.3</ele>
    </trkpt>
    <trkpt lat="42.311037" lon="-3.026217">
      <ele>1024.9</ele>
    </trkpt>
    <trkpt lat="42.310809" lon="-3.026424">
      <ele>1026.7</ele>
    </trkpt>
    <trkpt lat="42.310681" lon="-3.026584">
      <ele>1028.1</ele>
    </trkpt>
    <trkpt lat="42.31067" lon="-3.026685">
      <ele>1028.8</ele>
    </trkpt>
    <trkpt lat="42.310745" lon="-3.02671">
      <ele>1029.5</ele>
    </trkpt>
    <trkpt lat="42.310994" lon="-3.026493">
      <ele>1032.6</ele>
    </trkpt>
    <trkpt lat="42.31139" lon="-3.026352">
      <ele>1038.1</ele>
    </trkpt>
    <trkpt lat="42.311617" lon="-3.026392">
      <ele>1041.6</ele>
    </trkpt>
    <trkpt lat="42.311805" lon="-3.026571">
      <ele>1045.3</ele>
    </trkpt>
    <trkpt lat="42.31239" lon="-3.02766">
      <ele>1060.1</ele>
    </trkpt>
    <trkpt lat="42.312535" lon="-3.027969">
      <ele>1063.3</ele>
    </trkpt>
    <trkpt lat="42.312736" lon="-3.028308">
      <ele>1066.4</ele>
    </trkpt>
    <trkpt lat="42.312915" lon="-3.028492">
      <ele>1068</ele>
    </trkpt>
    <trkpt lat="42.31334" lon="-3.028612">
      <ele>1069.9</ele>
    </trkpt>
    <trkpt lat="42.313664" lon="-3.02881">
      <ele>1070.5</ele>
    </trkpt>
    <trkpt lat="42.313861" lon="-3.028884">
      <ele>1071.1</ele>
    </trkpt>
    <trkpt lat="42.314257" lon="-3.028823">
      <ele>1073</ele>
    </trkpt>
    <trkpt lat="42.314508" lon="-3.028882">
      <ele>1074.7</ele>
    </trkpt>
    <trkpt lat="42.314593" lon="-3.028954">
      <ele>1075.5</ele>
    </trkpt>
    <trkpt lat="42.314607" lon="-3.028987">
      <ele>1075.7</ele>
    </trkpt>
    <trkpt lat="42.314593" lon="-3.029016">
      <ele>1075.9</ele>
    </trkpt>
    <trkpt lat="42.314526" lon="-3.029083">
      <ele>1076.7</ele>
    </trkpt>
    <trkpt lat="42.314297" lon="-3.029052">
      <ele>1078.8</ele>
    </trkpt>
    <trkpt lat="42.313933" lon="-3.029234">
      <ele>1083.2</ele>
    </trkpt>
    <trkpt lat="42.313687" lon="-3.029279">
      <ele>1086.5</ele>
    </trkpt>
    <trkpt lat="42.313406" lon="-3.029219">
      <ele>1090.3</ele>
    </trkpt>
    <trkpt lat="42.312741" lon="-3.029384">
      <ele>1096.7</ele>
    </trkpt>
    <trkpt lat="42.312192" lon="-3.029153">
      <ele>1098.9</ele>
    </trkpt>
    <trkpt lat="42.311728" lon="-3.029143">
      <ele>1099.8</ele>
    </trkpt>
    <trkpt lat="42.311383" lon="-3.029389">
      <ele>1100.6</ele>
    </trkpt>
    <trkpt lat="42.311118" lon="-3.029657">
      <ele>1101.8</ele>
    </trkpt>
    <trkpt lat="42.310834" lon="-3.030477">
      <ele>1106.3</ele>
    </trkpt>
    <trkpt lat="42.310164" lon="-3.031961">
      <ele>1123.3</ele>
    </trkpt>
    <trkpt lat="42.309686" lon="-3.032625">
      <ele>1134.9</ele>
    </trkpt>
    <trkpt lat="42.309259" lon="-3.033317">
      <ele>1145.2</ele>
    </trkpt>
    <trkpt lat="42.309194" lon="-3.033346">
      <ele>1146.1</ele>
    </trkpt>
    <trkpt lat="42.309074" lon="-3.033263">
      <ele>1147.9</ele>
    </trkpt>
    <trkpt lat="42.308933" lon="-3.033088">
      <ele>1150.2</ele>
    </trkpt>
    <trkpt lat="42.308778" lon="-3.032761">
      <ele>1153.4</ele>
    </trkpt>
    <trkpt lat="42.308529" lon="-3.032508">
      <ele>1156.1</ele>
    </trkpt>
    <trkpt lat="42.307807" lon="-3.032441">
      <ele>1159.7</ele>
    </trkpt>
    <trkpt lat="42.307321" lon="-3.032307">
      <ele>1160.4</ele>
    </trkpt>
    <trkpt lat="42.307094" lon="-3.032208">
      <ele>1160.2</ele>
    </trkpt>
    <trkpt lat="42.306818" lon="-3.032265">
      <ele>1159.4</ele>
    </trkpt>
    <trkpt lat="42.306143" lon="-3.032628">
      <ele>1156.3</ele>
    </trkpt>
    <trkpt lat="42.305832" lon="-3.032837">
      <ele>1155.4</ele>
    </trkpt>
    <trkpt lat="42.305773" lon="-3.032922">
      <ele>1155.2</ele>
    </trkpt>
    <trkpt lat="42.305717" lon="-3.033083">
      <ele>1155.2</ele>
    </trkpt>
    <trkpt lat="42.305416" lon="-3.034307">
      <ele>1162.4</ele>
    </trkpt>
    <trkpt lat="42.305241" lon="-3.035267">
      <ele>1175</ele>
    </trkpt>
    <trkpt lat="42.304984" lon="-3.035964">
      <ele>1184.3</ele>
    </trkpt>
    <trkpt lat="42.304905" lon="-3.03601">
      <ele>1185.4</ele>
    </trkpt>
    <trkpt lat="42.304566" lon="-3.036085">
      <ele>1189.2</ele>
    </trkpt>
    <trkpt lat="42.304389" lon="-3.036086">
      <ele>1190.8</ele>
    </trkpt>
    <trkpt lat="42.303963" lon="-3.03599">
      <ele>1193.8</ele>
    </trkpt>
    <trkpt lat="42.30381" lon="-3.035989">
      <ele>1194.5</ele>
    </trkpt>
    <trkpt lat="42.303498" lon="-3.03615">
      <ele>1195.8</ele>
    </trkpt>
    <trkpt lat="42.303376" lon="-3.036258">
      <ele>1196.4</ele>
    </trkpt>
    <trkpt lat="42.303205" lon="-3.036497">
      <ele>1197.6</ele>
    </trkpt>
    <trkpt lat="42.302496" lon="-3.03777">
      <ele>1207.4</ele>
    </trkpt>
    <trkpt lat="42.302021" lon="-3.03845">
      <ele>1213</ele>
    </trkpt>
    <trkpt lat="42.301091" lon="-3.039322">
      <ele>1220.4</ele>
    </trkpt>
    <trkpt lat="42.300585" lon="-3.039947">
      <ele>1225.4</ele>
    </trkpt>
    <trkpt lat="42.300571" lon="-3.040028">
      <ele>1225.9</ele>
    </trkpt>
    <trkpt lat="42.300599" lon="-3.040065">
      <ele>1226.2</ele>
    </trkpt>
    <trkpt lat="42.300654" lon="-3.040064">
      <ele>1226.7</ele>
    </trkpt>
    <trkpt lat="42.300885" lon="-3.039819">
      <ele>1229.5</ele>
    </trkpt>
    <trkpt lat="42.301301" lon="-3.039568">
      <ele>1234.4</ele>
    </trkpt>
    <trkpt lat="42.302292" lon="-3.03913">
      <ele>1245.3</ele>
    </trkpt>
    <trkpt lat="42.302724" lon="-3.038869">
      <ele>1249.1</ele>
    </trkpt>
    <trkpt lat="42.303238" lon="-3.038455">
      <ele>1252.8</ele>
    </trkpt>
    <trkpt lat="42.303917" lon="-3.037821">
      <ele>1259.1</ele>
    </trkpt>
    <trkpt lat="42.304007" lon="-3.037812">
      <ele>1259.9</ele>
    </trkpt>
    <trkpt lat="42.304015" lon="-3.037882">
      <ele>1260.5</ele>
    </trkpt>
    <trkpt lat="42.303991" lon="-3.037936">
      <ele>1260.9</ele>
    </trkpt>
    <trkpt lat="42.303838" lon="-3.038073">
      <ele>1262.7</ele>
    </trkpt>
    <trkpt lat="42.303701" lon="-3.038273">
      <ele>1265</ele>
    </trkpt>
    <trkpt lat="42.303136" lon="-3.039266">
      <ele>1275.9</ele>
    </trkpt>
    <trkpt lat="42.302718" lon="-3.039724">
      <ele>1281.1</ele>
    </trkpt>
    <trkpt lat="42.301956" lon="-3.040417">
      <ele>1287.2</ele>
    </trkpt>
    <trkpt lat="42.301374" lon="-3.041027">
      <ele>1291.5</ele>
    </trkpt>
    <trkpt lat="42.300962" lon="-3.041566">
      <ele>1296.7</ele>
    </trkpt>
    <trkpt lat="42.300818" lon="-3.041867">
      <ele>1299.6</ele>
    </trkpt>
    <trkpt lat="42.30072" lon="-3.04221">
      <ele>1302.9</ele>
    </trkpt>
    <trkpt lat="42.300668" lon="-3.042816">
      <ele>1308.3</ele>
    </trkpt>
    <trkpt lat="42.300491" lon="-3.043532">
      <ele>1314.6</ele>
    </trkpt>
    <trkpt lat="42.300357" lon="-3.043672">
      <ele>1316.5</ele>
    </trkpt>
    <trkpt lat="42.300085" lon="-3.043888">
      <ele>1319.7</ele>
    </trkpt>
    <trkpt lat="42.299755" lon="-3.044337">
      <ele>1324.2</ele>
    </trkpt>
    <trkpt lat="42.299306" lon="-3.045028">
      <ele>1331.5</ele>
    </trkpt>
    <trkpt lat="42.298728" lon="-3.045568">
      <ele>1340.3</ele>
    </trkpt>
    <trkpt lat="42.298584" lon="-3.045734">
      <ele>1342.3</ele>
    </trkpt>
    <trkpt lat="42.298335" lon="-3.045669">
      <ele>1344.6</ele>
    </trkpt>
    <trkpt lat="42.298135" lon="-3.045731">
      <ele>1346</ele>
    </trkpt>
    <trkpt lat="42.29775" lon="-3.045764">
      <ele>1347.5</ele>
    </trkpt>
    <trkpt lat="42.297677" lon="-3.045735">
      <ele>1347.7</ele>
    </trkpt>
    <trkpt lat="42.297628" lon="-3.045692">
      <ele>1347.8</ele>
    </trkpt>
    <trkpt lat="42.297469" lon="-3.045339">
      <ele>1348.2</ele>
    </trkpt>
    <trkpt lat="42.29742" lon="-3.045144">
      <ele>1348.3</ele>
    </trkpt>
    <trkpt lat="42.297329" lon="-3.044943">
      <ele>1348.2</ele>
    </trkpt>
    <trkpt lat="42.297104" lon="-3.044814">
      <ele>1348.1</ele>
    </trkpt>
    <trkpt lat="42.297002" lon="-3.04482">
      <ele>1348</ele>
    </trkpt>
    <trkpt lat="42.296421" lon="-3.045006">
      <ele>1348.4</ele>
    </trkpt>
    <trkpt lat="42.295917" lon="-3.045239">
      <ele>1351.4</ele>
    </trkpt>
    <trkpt lat="42.295725" lon="-3.045389">
      <ele>1353.3</ele>
    </trkpt>
    <trkpt lat="42.295556" lon="-3.045633">
      <ele>1355.7</ele>
    </trkpt>
    <trkpt lat="42.294744" lon="-3.047131">
      <ele>1370.8</ele>
    </trkpt>
    <trkpt lat="42.294641" lon="-3.047188">
      <ele>1371.7</ele>
    </trkpt>
    <trkpt lat="42.293871" lon="-3.0473">
      <ele>1376.6</ele>
    </trkpt>
    <trkpt lat="42.293644" lon="-3.047369">
      <ele>1377.2</ele>
    </trkpt>
    <trkpt lat="42.293557" lon="-3.047506">
      <ele>1377.4</ele>
    </trkpt>
    <trkpt lat="42.293493" lon="-3.047783">
      <ele>1377.6</ele>
    </trkpt>
    <trkpt lat="42.293304" lon="-3.048391">
      <ele>1378.4</ele>
    </trkpt>
    <trkpt lat="42.293155" lon="-3.049339">
      <ele>1380.9</ele>
    </trkpt>
    <trkpt lat="42.293152" lon="-3.050169">
      <ele>1385.1</ele>
    </trkpt>
    <trkpt lat="42.29353" lon="-3.051747">
      <ele>1398.9</ele>
    </trkpt>
    <trkpt lat="42.293619" lon="-3.052825">
      <ele>1408.8</ele>
    </trkpt>
    <trkpt lat="42.293671" lon="-3.053874">
      <ele>1418.1</ele>
    </trkpt>
    <trkpt lat="42.293576" lon="-3.05469">
      <ele>1425.4</ele>
    </trkpt>
    <trkpt lat="42.29294" lon="-3.056609">
      <ele>1441.1</ele>
    </trkpt>
    <trkpt lat="42.292602" lon="-3.057337">
      <ele>1446.7</ele>
    </trkpt>
    <trkpt lat="42.292446" lon="-3.057934">
      <ele>1451.3</ele>
    </trkpt>
    <trkpt lat="42.292436" lon="-3.058263">
      <ele>1453.6</ele>
    </trkpt>
    <trkpt lat="42.292578" lon="-3.058505">
      <ele>1455.8</ele>
    </trkpt>
    <trkpt lat="42.292871" lon="-3.058823">
      <ele>1458.9</ele>
    </trkpt>
    <trkpt lat="42.292938" lon="-3.059187">
      <ele>1460.8</ele>
    </trkpt>
    <trkpt lat="42.292821" lon="-3.059576">
      <ele>1462.6</ele>
    </trkpt>
    <trkpt lat="42.292404" lon="-3.060315">
      <ele>1464.3</ele>
    </trkpt>
    <trkpt lat="42.292239" lon="-3.061977">
      <ele>1466.2</ele>
    </trkpt>
    <trkpt lat="42.292058" lon="-3.062734">
      <ele>1469</ele>
    </trkpt>
    <trkpt lat="42.2917" lon="-3.063594">
      <ele>1474</ele>
    </trkpt>
    <trkpt lat="42.291446" lon="-3.064384">
      <ele>1478.9</ele>
    </trkpt>
    <trkpt lat="42.29135" lon="-3.064756">
      <ele>1481</ele>
    </trkpt>
    <trkpt lat="42.291501" lon="-3.065498">
      <ele>1484.7</ele>
    </trkpt>
    <trkpt lat="42.291307" lon="-3.065989">
      <ele>1487.1</ele>
    </trkpt>
    <trkpt lat="42.290169" lon="-3.068218">
      <ele>1495.5</ele>
    </trkpt>
    <trkpt lat="42.289284" lon="-3.069846">
      <ele>1498.2</ele>
    </trkpt>
    <trkpt lat="42.288795" lon="-3.070625">
      <ele>1498.4</ele>
    </trkpt>
    <trkpt lat="42.288636" lon="-3.070952">
      <ele>1498.8</ele>
    </trkpt>
    <trkpt lat="42.288376" lon="-3.071373">
      <ele>1500.1</ele>
    </trkpt>
    <trkpt lat="42.288312" lon="-3.071357">
      <ele>1500.4</ele>
    </trkpt>
    <trkpt lat="42.288298" lon="-3.071362">
      <ele>1500.5</ele>
    </trkpt>
    <trkpt lat="42.288217" lon="-3.071387">
      <ele>1500.9</ele>
    </trkpt>
    <trkpt lat="42.288148" lon="-3.071443">
      <ele>1501.4</ele>
    </trkpt>
    <trkpt lat="42.288066" lon="-3.071618">
      <ele>1502.4</ele>
    </trkpt>
    <trkpt lat="42.287292" lon="-3.073342">
      <ele>1519.7</ele>
    </trkpt>
    <trkpt lat="42.287152" lon="-3.073732">
      <ele>1524.5</ele>
    </trkpt>
    <trkpt lat="42.286489" lon="-3.075349">
      <ele>1545.8</ele>
    </trkpt>
    <trkpt lat="42.286194" lon="-3.075803">
      <ele>1552.5</ele>
    </trkpt>
    <trkpt lat="42.286043" lon="-3.076112">
      <ele>1556.6</ele>
    </trkpt>
    <trkpt lat="42.285892" lon="-3.076271">
      <ele>1559.4</ele>
    </trkpt>
    <trkpt lat="42.285739" lon="-3.076504">
      <ele>1562.8</ele>
    </trkpt>
    <trkpt lat="42.285713" lon="-3.076588">
      <ele>1563.8</ele>
    </trkpt>
    <trkpt lat="42.285698" lon="-3.076863">
      <ele>1566.7</ele>
    </trkpt>
    <trkpt lat="42.285575" lon="-3.077106">
      <ele>1569.9</ele>
    </trkpt>
    <trkpt lat="42.285258" lon="-3.077611">
      <ele>1577.8</ele>
    </trkpt>
    <trkpt lat="42.284862" lon="-3.078114">
      <ele>1587.8</ele>
    </trkpt>
    <trkpt lat="42.284364" lon="-3.079103">
      <ele>1604.4</ele>
    </trkpt>
    <trkpt lat="42.2841" lon="-3.079581">
      <ele>1611.3</ele>
    </trkpt>
    <trkpt lat="42.284047" lon="-3.07964">
      <ele>1612.3</ele>
    </trkpt>
    <trkpt lat="42.28396" lon="-3.079645">
      <ele>1613.5</ele>
    </trkpt>
    <trkpt lat="42.28359" lon="-3.079519">
      <ele>1618.2</ele>
    </trkpt>
    <trkpt lat="42.283287" lon="-3.079479">
      <ele>1621.8</ele>
    </trkpt>
    <trkpt lat="42.282862" lon="-3.079439">
      <ele>1626.6</ele>
    </trkpt>
    <trkpt lat="42.282623" lon="-3.079509">
      <ele>1629.3</ele>
    </trkpt>
    <trkpt lat="42.28228" lon="-3.079531">
      <ele>1632.9</ele>
    </trkpt>
    <trkpt lat="42.282077" lon="-3.079473">
      <ele>1635</ele>
    </trkpt>
    <trkpt lat="42.281694" lon="-3.079441">
      <ele>1638.5</ele>
    </trkpt>
    <trkpt lat="42.281513" lon="-3.079387">
      <ele>1640</ele>
    </trkpt>
    <trkpt lat="42.28138" lon="-3.079247">
      <ele>1641</ele>
    </trkpt>
    <trkpt lat="42.280934" lon="-3.078657">
      <ele>1643.3</ele>
    </trkpt>
    <trkpt lat="42.280451" lon="-3.078142">
      <ele>1645</ele>
    </trkpt>
    <trkpt lat="42.279973" lon="-3.077906">
      <ele>1647.8</ele>
    </trkpt>
    <trkpt lat="42.279033" lon="-3.077626">
      <ele>1655.1</ele>
    </trkpt>
    <trkpt lat="42.278663" lon="-3.077445">
      <ele>1657.3</ele>
    </trkpt>
    <trkpt lat="42.278132" lon="-3.076683">
      <ele>1659.9</ele>
    </trkpt>
    <trkpt lat="42.277935" lon="-3.076305">
      <ele>1660.9</ele>
    </trkpt>
    <trkpt lat="42.277628" lon="-3.075954">
      <ele>1662.5</ele>
    </trkpt>
    <trkpt lat="42.277289" lon="-3.075603">
      <ele>1664.8</ele>
    </trkpt>
    <trkpt lat="42.276749" lon="-3.075273">
      <ele>1668.2</ele>
    </trkpt>
    <trkpt lat="42.276584" lon="-3.075127">
      <ele>1669.2</ele>
    </trkpt>
    <trkpt lat="42.276453" lon="-3.074932">
      <ele>1670.1</ele>
    </trkpt>
    <trkpt lat="42.276345" lon="-3.074849">
      <ele>1670.5</ele>
    </trkpt>
    <trkpt lat="42.27621" lon="-3.074797">
      <ele>1671</ele>
    </trkpt>
    <trkpt lat="42.276123" lon="-3.07472">
      <ele>1671.2</ele>
    </trkpt>
    <trkpt lat="42.275956" lon="-3.07443">
      <ele>1671.8</ele>
    </trkpt>
    <trkpt lat="42.275827" lon="-3.074265">
      <ele>1672.1</ele>
    </trkpt>
    <trkpt lat="42.27576" lon="-3.074128">
      <ele>1672.2</ele>
    </trkpt>
    <trkpt lat="42.27564" lon="-3.073751">
      <ele>1672.6</ele>
    </trkpt>
    <trkpt lat="42.275551" lon="-3.073567">
      <ele>1673</ele>
    </trkpt>
    <trkpt lat="42.275317" lon="-3.07326">
      <ele>1673.9</ele>
    </trkpt>
    <trkpt lat="42.275106" lon="-3.073095">
      <ele>1674.9</ele>
    </trkpt>
    <trkpt lat="42.275021" lon="-3.07306">
      <ele>1675.4</ele>
    </trkpt>
    <trkpt lat="42.274967" lon="-3.072985">
      <ele>1675.8</ele>
    </trkpt>
    <trkpt lat="42.274848" lon="-3.072697">
      <ele>1677.1</ele>
    </trkpt>
    <trkpt lat="42.274817" lon="-3.072566">
      <ele>1677.8</ele>
    </trkpt>
    <trkpt lat="42.274575" lon="-3.072274">
      <ele>1679.5</ele>
    </trkpt>
    <trkpt lat="42.274416" lon="-3.071952">
      <ele>1680.8</ele>
    </trkpt>
    <trkpt lat="42.274154" lon="-3.071523">
      <ele>1682.1</ele>
    </trkpt>
    <trkpt lat="42.274067" lon="-3.071362">
      <ele>1682.4</ele>
    </trkpt>
    <trkpt lat="42.273713" lon="-3.07034">
      <ele>1682.3</ele>
    </trkpt>
    <trkpt lat="42.27359" lon="-3.070086">
      <ele>1681.9</ele>
    </trkpt>
    <trkpt lat="42.273366" lon="-3.069863">
      <ele>1681.3</ele>
    </trkpt>
    <trkpt lat="42.273241" lon="-3.069803">
      <ele>1681.1</ele>
    </trkpt>
    <trkpt lat="42.273092" lon="-3.069788">
      <ele>1680.9</ele>
    </trkpt>
    <trkpt lat="42.272741" lon="-3.069731">
      <ele>1680.6</ele>
    </trkpt>
    <trkpt lat="42.272265" lon="-3.069817">
      <ele>1680.9</ele>
    </trkpt>
    <trkpt lat="42.272035" lon="-3.070074">
      <ele>1681.3</ele>
    </trkpt>
    <trkpt lat="42.271781" lon="-3.070546">
      <ele>1682</ele>
    </trkpt>
    <trkpt lat="42.271701" lon="-3.070793">
      <ele>1682.5</ele>
    </trkpt>
    <trkpt lat="42.27155" lon="-3.072109">
      <ele>1683.9</ele>
    </trkpt>
    <trkpt lat="42.271523" lon="-3.07223">
      <ele>1683.9</ele>
    </trkpt>
    <trkpt lat="42.271439" lon="-3.072595">
      <ele>1684</ele>
    </trkpt>
    <trkpt lat="42.271376" lon="-3.07355">
      <ele>1683.2</ele>
    </trkpt>
    <trkpt lat="42.271328" lon="-3.074623">
      <ele>1682.9</ele>
    </trkpt>
    <trkpt lat="42.27136" lon="-3.07502">
      <ele>1683.3</ele>
    </trkpt>
    <trkpt lat="42.271431" lon="-3.075181">
      <ele>1683.6</ele>
    </trkpt>
    <trkpt lat="42.272154" lon="-3.076415">
      <ele>1688.5</ele>
    </trkpt>
    <trkpt lat="42.272487" lon="-3.077584">
      <ele>1694.4</ele>
    </trkpt>
    <trkpt lat="42.272837" lon="-3.079419">
      <ele>1703.4</ele>
    </trkpt>
    <trkpt lat="42.2729" lon="-3.080149">
      <ele>1706.1</ele>
    </trkpt>
    <trkpt lat="42.272845" lon="-3.080492">
      <ele>1707.2</ele>
    </trkpt>
    <trkpt lat="42.272646" lon="-3.081179">
      <ele>1709.2</ele>
    </trkpt>
    <trkpt lat="42.272567" lon="-3.08179">
      <ele>1710.9</ele>
    </trkpt>
    <trkpt lat="42.272305" lon="-3.082573">
      <ele>1713.4</ele>
    </trkpt>
    <trkpt lat="42.272043" lon="-3.083539">
      <ele>1716.9</ele>
    </trkpt>
    <trkpt lat="42.271622" lon="-3.084301">
      <ele>1720.2</ele>
    </trkpt>
    <trkpt lat="42.27132" lon="-3.084741">
      <ele>1722.6</ele>
    </trkpt>
    <trkpt lat="42.271011" lon="-3.085105">
      <ele>1725</ele>
    </trkpt>
    <trkpt lat="42.270725" lon="-3.085695">
      <ele>1728.2</ele>
    </trkpt>
    <trkpt lat="42.27032" lon="-3.086157">
      <ele>1732</ele>
    </trkpt>
    <trkpt lat="42.26878" lon="-3.089">
      <ele>1750.8</ele>
    </trkpt>
    <trkpt lat="42.268521" lon="-3.089317">
      <ele>1753</ele>
    </trkpt>
    <trkpt lat="42.26804" lon="-3.090097">
      <ele>1757.3</ele>
    </trkpt>
    <trkpt lat="42.266852" lon="-3.091733">
      <ele>1764.9</ele>
    </trkpt>
    <trkpt lat="42.266194" lon="-3.09248">
      <ele>1768.2</ele>
    </trkpt>
    <trkpt lat="42.26539" lon="-3.093184">
      <ele>1773.7</ele>
    </trkpt>
    <trkpt lat="42.265056" lon="-3.093667">
      <ele>1777.8</ele>
    </trkpt>
    <trkpt lat="42.264326" lon="-3.094536">
      <ele>1787.1</ele>
    </trkpt>
    <trkpt lat="42.264" lon="-3.094965">
      <ele>1790.7</ele>
    </trkpt>
    <trkpt lat="42.263733" lon="-3.095221">
      <ele>1792.7</ele>
    </trkpt>
    <trkpt lat="42.263623" lon="-3.095237">
      <ele>1793.3</ele>
    </trkpt>
    <trkpt lat="42.26343" lon="-3.095204">
      <ele>1794.4</ele>
    </trkpt>
    <trkpt lat="42.26328" lon="-3.095291">
      <ele>1795.2</ele>
    </trkpt>
    <trkpt lat="42.262828" lon="-3.095366">
      <ele>1797.8</ele>
    </trkpt>
    <trkpt lat="42.262717" lon="-3.095461">
      <ele>1798.5</ele>
    </trkpt>
    <trkpt lat="42.262554" lon="-3.095656">
      <ele>1799.9</ele>
    </trkpt>
    <trkpt lat="42.262341" lon="-3.095952">
      <ele>1802.1</ele>
    </trkpt>
    <trkpt lat="42.2617" lon="-3.096596">
      <ele>1807.5</ele>
    </trkpt>
    <trkpt lat="42.261465" lon="-3.096701">
      <ele>1808.8</ele>
    </trkpt>
    <trkpt lat="42.260632" lon="-3.096826">
      <ele>1811</ele>
    </trkpt>
    <trkpt lat="42.260133" lon="-3.096731">
      <ele>1811.4</ele>
    </trkpt>
    <trkpt lat="42.259523" lon="-3.095901">
      <ele>1812.2</ele>
    </trkpt>
    <trkpt lat="42.258621" lon="-3.095082">
      <ele>1813.2</ele>
    </trkpt>
    <trkpt lat="42.258229" lon="-3.094894">
      <ele>1812.8</ele>
    </trkpt>
    <trkpt lat="42.257759" lon="-3.094759">
      <ele>1812.2</ele>
    </trkpt>
    <trkpt lat="42.256682" lon="-3.094072">
      <ele>1806.7</ele>
    </trkpt>
    <trkpt lat="42.256308" lon="-3.094749">
      <ele>1803.6</ele>
    </trkpt>
    <trkpt lat="42.256078" lon="-3.094685">
      <ele>1802.6</ele>
    </trkpt>
    <trkpt lat="42.255898" lon="-3.094733">
      <ele>1801.9</ele>
    </trkpt>
    <trkpt lat="42.25582" lon="-3.094784">
      <ele>1801.6</ele>
    </trkpt>
    <trkpt lat="42.255513" lon="-3.094509">
      <ele>1800.9</ele>
    </trkpt>
    <trkpt lat="42.255094" lon="-3.094234">
      <ele>1801.8</ele>
    </trkpt>
    <trkpt lat="42.254558" lon="-3.093755">
      <ele>1804.4</ele>
    </trkpt>
    <trkpt lat="42.254059" lon="-3.093567">
      <ele>1806.3</ele>
    </trkpt>
    <trkpt lat="42.253523" lon="-3.093666">
      <ele>1808.8</ele>
    </trkpt>
    <trkpt lat="42.253314" lon="-3.093655">
      <ele>1810</ele>
    </trkpt>
    <trkpt lat="42.252916" lon="-3.093422">
      <ele>1812.6</ele>
    </trkpt>
    <trkpt lat="42.252551" lon="-3.093288">
      <ele>1815.1</ele>
    </trkpt>
    <trkpt lat="42.252274" lon="-3.093118">
      <ele>1817.4</ele>
    </trkpt>
    <trkpt lat="42.252108" lon="-3.092881">
      <ele>1819.5</ele>
    </trkpt>
    <trkpt lat="42.252033" lon="-3.092654">
      <ele>1821.2</ele>
    </trkpt>
    <trkpt lat="42.251888" lon="-3.092526">
      <ele>1823</ele>
    </trkpt>
    <trkpt lat="42.251754" lon="-3.092512">
      <ele>1824.5</ele>
    </trkpt>
    <trkpt lat="42.251429" lon="-3.092611">
      <ele>1828.2</ele>
    </trkpt>
    <trkpt lat="42.248396" lon="-3.092782">
      <ele>1872.4</ele>
    </trkpt>
    <trkpt lat="42.247633" lon="-3.093233">
      <ele>1884.6</ele>
    </trkpt>
    <trkpt lat="42.247109" lon="-3.095078">
      <ele>1898.6</ele>
    </trkpt>
    <trkpt lat="42.246934" lon="-3.096344">
      <ele>1901.8</ele>
    </trkpt>
    <trkpt lat="42.246458" lon="-3.098104">
      <ele>1903.4</ele>
    </trkpt>
    <trkpt lat="42.246172" lon="-3.100099">
      <ele>1897.5</ele>
    </trkpt>
    <trkpt lat="42.246074" lon="-3.100372">
      <ele>1896.1</ele>
    </trkpt>
    <trkpt lat="42.245918" lon="-3.100636">
      <ele>1894.8</ele>
    </trkpt>
    <trkpt lat="42.245784" lon="-3.100719">
      <ele>1894.3</ele>
    </trkpt>
    <trkpt lat="42.245651" lon="-3.100771">
      <ele>1893.9</ele>
    </trkpt>
    <trkpt lat="42.245415" lon="-3.100778">
      <ele>1893.7</ele>
    </trkpt>
    <trkpt lat="42.245207" lon="-3.100746">
      <ele>1894</ele>
    </trkpt>
    <trkpt lat="42.245042" lon="-3.100634">
      <ele>1894.4</ele>
    </trkpt>
    <trkpt lat="42.2449" lon="-3.100454">
      <ele>1895</ele>
    </trkpt>
    <trkpt lat="42.244637" lon="-3.099923">
      <ele>1897.7</ele>
    </trkpt>
    <trkpt lat="42.244598" lon="-3.099765">
      <ele>1898.7</ele>
    </trkpt>
    <trkpt lat="42.24451" lon="-3.099623">
      <ele>1899.9</ele>
    </trkpt>
    <trkpt lat="42.24432" lon="-3.099095">
      <ele>1904.1</ele>
    </trkpt>
    <trkpt lat="42.244253" lon="-3.098625">
      <ele>1907.5</ele>
    </trkpt>
    <trkpt lat="42.244268" lon="-3.098466">
      <ele>1908.4</ele>
    </trkpt>
    <trkpt lat="42.244508" lon="-3.097818">
      <ele>1912.4</ele>
    </trkpt>
    <trkpt lat="42.244512" lon="-3.097646">
      <ele>1913.4</ele>
    </trkpt>
    <trkpt lat="42.244466" lon="-3.09744">
      <ele>1914.7</ele>
    </trkpt>
    <trkpt lat="42.244317" lon="-3.096958">
      <ele>1917.4</ele>
    </trkpt>
    <trkpt lat="42.244242" lon="-3.096796">
      <ele>1918.2</ele>
    </trkpt>
    <trkpt lat="42.243847" lon="-3.096207">
      <ele>1920.9</ele>
    </trkpt>
    <trkpt lat="42.243665" lon="-3.095963">
      <ele>1921.8</ele>
    </trkpt>
    <trkpt lat="42.243576" lon="-3.095887">
      <ele>1922.2</ele>
    </trkpt>
    <trkpt lat="42.243411" lon="-3.095812">
      <ele>1922.8</ele>
    </trkpt>
    <trkpt lat="42.243224" lon="-3.095798">
      <ele>1923.3</ele>
    </trkpt>
    <trkpt lat="42.24235" lon="-3.095983">
      <ele>1925.2</ele>
    </trkpt>
    <trkpt lat="42.241754" lon="-3.096026">
      <ele>1926</ele>
    </trkpt>
    <trkpt lat="42.24134" lon="-3.096162">
      <ele>1926.2</ele>
    </trkpt>
    <trkpt lat="42.241064" lon="-3.096289">
      <ele>1926.1</ele>
    </trkpt>
    <trkpt lat="42.240796" lon="-3.096309">
      <ele>1925.8</ele>
    </trkpt>
    <trkpt lat="42.240626" lon="-3.096359">
      <ele>1925.5</ele>
    </trkpt>
    <trkpt lat="42.240434" lon="-3.096352">
      <ele>1925</ele>
    </trkpt>
    <trkpt lat="42.240178" lon="-3.096249">
      <ele>1924.2</ele>
    </trkpt>
    <trkpt lat="42.240112" lon="-3.096249">
      <ele>1924</ele>
    </trkpt>
    <trkpt lat="42.239362" lon="-3.096655">
      <ele>1922.1</ele>
    </trkpt>
    <trkpt lat="42.239137" lon="-3.096732">
      <ele>1922.3</ele>
    </trkpt>
    <trkpt lat="42.238831" lon="-3.096896">
      <ele>1923.4</ele>
    </trkpt>
    <trkpt lat="42.238676" lon="-3.097015">
      <ele>1924.4</ele>
    </trkpt>
    <trkpt lat="42.238335" lon="-3.097433">
      <ele>1928.2</ele>
    </trkpt>
    <trkpt lat="42.237704" lon="-3.09799">
      <ele>1937.7</ele>
    </trkpt>
    <trkpt lat="42.236955" lon="-3.09895">
      <ele>1949.7</ele>
    </trkpt>
    <trkpt lat="42.236122" lon="-3.099678">
      <ele>1958.3</ele>
    </trkpt>
    <trkpt lat="42.235479" lon="-3.100125">
      <ele>1965.4</ele>
    </trkpt>
    <trkpt lat="42.235278" lon="-3.100326">
      <ele>1968.1</ele>
    </trkpt>
    <trkpt lat="42.234844" lon="-3.100953">
      <ele>1974.2</ele>
    </trkpt>
    <trkpt lat="42.234674" lon="-3.10128">
      <ele>1976.6</ele>
    </trkpt>
    <trkpt lat="42.234617" lon="-3.101246">
      <ele>1977</ele>
    </trkpt>
    <trkpt lat="42.234608" lon="-3.101195">
      <ele>1977.3</ele>
    </trkpt>
    <trkpt lat="42.234773" lon="-3.100738">
      <ele>1979.3</ele>
    </trkpt>
    <trkpt lat="42.234887" lon="-3.100165">
      <ele>1980.6</ele>
    </trkpt>
    <trkpt lat="42.234899" lon="-3.09991">
      <ele>1980.9</ele>
    </trkpt>
    <trkpt lat="42.234865" lon="-3.09972">
      <ele>1981.1</ele>
    </trkpt>
    <trkpt lat="42.234756" lon="-3.099651">
      <ele>1981.3</ele>
    </trkpt>
    <trkpt lat="42.234445" lon="-3.099652">
      <ele>1982</ele>
    </trkpt>
    <trkpt lat="42.234278" lon="-3.099597">
      <ele>1982.5</ele>
    </trkpt>
    <trkpt lat="42.234115" lon="-3.099588">
      <ele>1983.1</ele>
    </trkpt>
    <trkpt lat="42.233862" lon="-3.099772">
      <ele>1984.4</ele>
    </trkpt>
    <trkpt lat="42.233618" lon="-3.100058">
      <ele>1986.2</ele>
    </trkpt>
    <trkpt lat="42.23335" lon="-3.100309">
      <ele>1987.9</ele>
    </trkpt>
    <trkpt lat="42.232723" lon="-3.100802">
      <ele>1990.5</ele>
    </trkpt>
    <trkpt lat="42.231891" lon="-3.101107">
      <ele>1990.6</ele>
    </trkpt>
    <trkpt lat="42.231334" lon="-3.101244">
      <ele>1990</ele>
    </trkpt>
    <trkpt lat="42.231015" lon="-3.101401">
      <ele>1989.7</ele>
    </trkpt>
    <trkpt lat="42.230683" lon="-3.101585">
      <ele>1988.5</ele>
    </trkpt>
    <trkpt lat="42.230533" lon="-3.10178">
      <ele>1987.5</ele>
    </trkpt>
    <trkpt lat="42.230337" lon="-3.101893">
      <ele>1986.4</ele>
    </trkpt>
    <trkpt lat="42.230233" lon="-3.102083">
      <ele>1985.4</ele>
    </trkpt>
    <trkpt lat="42.230173" lon="-3.102108">
      <ele>1985</ele>
    </trkpt>
    <trkpt lat="42.230128" lon="-3.102097">
      <ele>1984.7</ele>
    </trkpt>
    <trkpt lat="42.229858" lon="-3.101853">
      <ele>1982.2</ele>
    </trkpt>
    <trkpt lat="42.229612" lon="-3.101695">
      <ele>1979.7</ele>
    </trkpt>
    <trkpt lat="42.229371" lon="-3.101402">
      <ele>1976.5</ele>
    </trkpt>
    <trkpt lat="42.2291" lon="-3.100876">
      <ele>1972.4</ele>
    </trkpt>
    <trkpt lat="42.228951" lon="-3.100751">
      <ele>1971.3</ele>
    </trkpt>
    <trkpt lat="42.228634" lon="-3.100428">
      <ele>1969</ele>
    </trkpt>
    <trkpt lat="42.228461" lon="-3.100087">
      <ele>1967.5</ele>
    </trkpt>
    <trkpt lat="42.228373" lon="-3.099983">
      <ele>1966.9</ele>
    </trkpt>
    <trkpt lat="42.227247" lon="-3.099405">
      <ele>1961.1</ele>
    </trkpt>
    <trkpt lat="42.227083" lon="-3.099353">
      <ele>1960.1</ele>
    </trkpt>
    <trkpt lat="42.226891" lon="-3.099396">
      <ele>1958.8</ele>
    </trkpt>
    <trkpt lat="42.226233" lon="-3.099387">
      <ele>1953.2</ele>
    </trkpt>
    <trkpt lat="42.226022" lon="-3.099398">
      <ele>1951.3</ele>
    </trkpt>
    <trkpt lat="42.225483" lon="-3.099607">
      <ele>1946.1</ele>
    </trkpt>
    <trkpt lat="42.225277" lon="-3.099586">
      <ele>1944</ele>
    </trkpt>
    <trkpt lat="42.225192" lon="-3.09953">
      <ele>1943</ele>
    </trkpt>
    <trkpt lat="42.224818" lon="-3.098993">
      <ele>1937</ele>
    </trkpt>
    <trkpt lat="42.224655" lon="-3.09889">
      <ele>1935.2</ele>
    </trkpt>
    <trkpt lat="42.22446" lon="-3.098848">
      <ele>1933.3</ele>
    </trkpt>
    <trkpt lat="42.223799" lon="-3.099072">
      <ele>1927.7</ele>
    </trkpt>
    <trkpt lat="42.223461" lon="-3.099071">
      <ele>1924.7</ele>
    </trkpt>
    <trkpt lat="42.223307" lon="-3.099007">
      <ele>1923.2</ele>
    </trkpt>
    <trkpt lat="42.223111" lon="-3.098991">
      <ele>1921.4</ele>
    </trkpt>
    <trkpt lat="42.222966" lon="-3.099095">
      <ele>1919.9</ele>
    </trkpt>
    <trkpt lat="42.222729" lon="-3.099231">
      <ele>1917.6</ele>
    </trkpt>
    <trkpt lat="42.22242" lon="-3.099345">
      <ele>1914.8</ele>
    </trkpt>
    <trkpt lat="42.222069" lon="-3.099599">
      <ele>1911</ele>
    </trkpt>
    <trkpt lat="42.221832" lon="-3.099858">
      <ele>1907.5</ele>
    </trkpt>
    <trkpt lat="42.221585" lon="-3.10035">
      <ele>1902</ele>
    </trkpt>
    <trkpt lat="42.22135" lon="-3.10089">
      <ele>1895.9</ele>
    </trkpt>
    <trkpt lat="42.22125" lon="-3.101203">
      <ele>1892.5</ele>
    </trkpt>
    <trkpt lat="42.22114" lon="-3.101369">
      <ele>1890.1</ele>
    </trkpt>
    <trkpt lat="42.220321" lon="-3.102131">
      <ele>1875.7</ele>
    </trkpt>
    <trkpt lat="42.219799" lon="-3.102474">
      <ele>1867.4</ele>
    </trkpt>
    <trkpt lat="42.218422" lon="-3.102711">
      <ele>1849.6</ele>
    </trkpt>
    <trkpt lat="42.218105" lon="-3.102603">
      <ele>1846.4</ele>
    </trkpt>
    <trkpt lat="42.217837" lon="-3.102403">
      <ele>1843.9</ele>
    </trkpt>
    <trkpt lat="42.217475" lon="-3.102025">
      <ele>1841</ele>
    </trkpt>
    <trkpt lat="42.217271" lon="-3.101748">
      <ele>1839.8</ele>
    </trkpt>
    <trkpt lat="42.217049" lon="-3.10167">
      <ele>1839.2</ele>
    </trkpt>
    <trkpt lat="42.216788" lon="-3.101481">
      <ele>1838.7</ele>
    </trkpt>
    <trkpt lat="42.21596" lon="-3.101423">
      <ele>1839.1</ele>
    </trkpt>
    <trkpt lat="42.21544" lon="-3.101494">
      <ele>1840.8</ele>
    </trkpt>
    <trkpt lat="42.215165" lon="-3.101475">
      <ele>1841.9</ele>
    </trkpt>
    <trkpt lat="42.214497" lon="-3.101333">
      <ele>1844.4</ele>
    </trkpt>
    <trkpt lat="42.214077" lon="-3.101294">
      <ele>1845.5</ele>
    </trkpt>
    <trkpt lat="42.21344" lon="-3.101337">
      <ele>1846.1</ele>
    </trkpt>
    <trkpt lat="42.212663" lon="-3.101485">
      <ele>1845.8</ele>
    </trkpt>
    <trkpt lat="42.212154" lon="-3.101669">
      <ele>1846.2</ele>
    </trkpt>
    <trkpt lat="42.210963" lon="-3.1022">
      <ele>1850.6</ele>
    </trkpt>
    <trkpt lat="42.210611" lon="-3.10244">
      <ele>1852.8</ele>
    </trkpt>
    <trkpt lat="42.209888" lon="-3.103174">
      <ele>1859.7</ele>
    </trkpt>
    <trkpt lat="42.20898" lon="-3.104064">
      <ele>1869.8</ele>
    </trkpt>
    <trkpt lat="42.20871" lon="-3.104099">
      <ele>1871.6</ele>
    </trkpt>
    <trkpt lat="42.208335" lon="-3.103983">
      <ele>1873.2</ele>
    </trkpt>
    <trkpt lat="42.206216" lon="-3.102589">
      <ele>1866.6</ele>
    </trkpt>
    <trkpt lat="42.205834" lon="-3.102259">
      <ele>1864.2</ele>
    </trkpt>
    <trkpt lat="42.205429" lon="-3.10218">
      <ele>1861.9</ele>
    </trkpt>
    <trkpt lat="42.204733" lon="-3.102241">
      <ele>1858.1</ele>
    </trkpt>
    <trkpt lat="42.203502" lon="-3.102426">
      <ele>1851.5</ele>
    </trkpt>
    <trkpt lat="42.203155" lon="-3.102395">
      <ele>1849.4</ele>
    </trkpt>
    <trkpt lat="42.20183" lon="-3.101613">
      <ele>1839.5</ele>
    </trkpt>
    <trkpt lat="42.199126" lon="-3.098189">
      <ele>1821.4</ele>
    </trkpt>
    <trkpt lat="42.198897" lon="-3.097846">
      <ele>1819.5</ele>
    </trkpt>
    <trkpt lat="42.198647" lon="-3.097661">
      <ele>1817.9</ele>
    </trkpt>
    <trkpt lat="42.198525" lon="-3.097625">
      <ele>1817.1</ele>
    </trkpt>
    <trkpt lat="42.198125" lon="-3.097556">
      <ele>1815</ele>
    </trkpt>
    <trkpt lat="42.197823" lon="-3.097638">
      <ele>1813.3</ele>
    </trkpt>
    <trkpt lat="42.197703" lon="-3.097632">
      <ele>1812.7</ele>
    </trkpt>
    <trkpt lat="42.197497" lon="-3.097595">
      <ele>1811.7</ele>
    </trkpt>
    <trkpt lat="42.197357" lon="-3.097521">
      <ele>1811</ele>
    </trkpt>
    <trkpt lat="42.197195" lon="-3.097432">
      <ele>1810.3</ele>
    </trkpt>
    <trkpt lat="42.197098" lon="-3.097384">
      <ele>1810</ele>
    </trkpt>
    <trkpt lat="42.196506" lon="-3.096898">
      <ele>1808.9</ele>
    </trkpt>
    <trkpt lat="42.195851" lon="-3.096465">
      <ele>1810.4</ele>
    </trkpt>
    <trkpt lat="42.195689" lon="-3.096278">
      <ele>1811.4</ele>
    </trkpt>
    <trkpt lat="42.19557" lon="-3.096049">
      <ele>1812.2</ele>
    </trkpt>
    <trkpt lat="42.195311" lon="-3.095103">
      <ele>1814.3</ele>
    </trkpt>
    <trkpt lat="42.195142" lon="-3.09488">
      <ele>1814.6</ele>
    </trkpt>
    <trkpt lat="42.194997" lon="-3.094738">
      <ele>1814.7</ele>
    </trkpt>
    <trkpt lat="42.194838" lon="-3.094541">
      <ele>1814.6</ele>
    </trkpt>
    <trkpt lat="42.19461" lon="-3.094081">
      <ele>1813.8</ele>
    </trkpt>
    <trkpt lat="42.193836" lon="-3.092312">
      <ele>1811.2</ele>
    </trkpt>
    <trkpt lat="42.193374" lon="-3.091139">
      <ele>1812.3</ele>
    </trkpt>
    <trkpt lat="42.193298" lon="-3.090792">
      <ele>1812.8</ele>
    </trkpt>
    <trkpt lat="42.193307" lon="-3.090567">
      <ele>1813</ele>
    </trkpt>
    <trkpt lat="42.193359" lon="-3.090238">
      <ele>1813.3</ele>
    </trkpt>
    <trkpt lat="42.193701" lon="-3.089428">
      <ele>1813.2</ele>
    </trkpt>
    <trkpt lat="42.19382" lon="-3.08901">
      <ele>1812.9</ele>
    </trkpt>
    <trkpt lat="42.194019" lon="-3.088061">
      <ele>1811.4</ele>
    </trkpt>
    <trkpt lat="42.194085" lon="-3.08747">
      <ele>1809.8</ele>
    </trkpt>
    <trkpt lat="42.19407" lon="-3.087204">
      <ele>1809</ele>
    </trkpt>
    <trkpt lat="42.193856" lon="-3.085888">
      <ele>1804.3</ele>
    </trkpt>
    <trkpt lat="42.193555" lon="-3.083283">
      <ele>1797.9</ele>
    </trkpt>
    <trkpt lat="42.193484" lon="-3.082549">
      <ele>1797.9</ele>
    </trkpt>
    <trkpt lat="42.193464" lon="-3.081832">
      <ele>1798.9</ele>
    </trkpt>
    <trkpt lat="42.193309" lon="-3.081152">
      <ele>1800.5</ele>
    </trkpt>
    <trkpt lat="42.192822" lon="-3.080285">
      <ele>1803.4</ele>
    </trkpt>
    <trkpt lat="42.192577" lon="-3.079287">
      <ele>1805.6</ele>
    </trkpt>
    <trkpt lat="42.192224" lon="-3.078448">
      <ele>1807.5</ele>
    </trkpt>
    <trkpt lat="42.191545" lon="-3.077583">
      <ele>1811.3</ele>
    </trkpt>
    <trkpt lat="42.190113" lon="-3.075907">
      <ele>1824.1</ele>
    </trkpt>
    <trkpt lat="42.189889" lon="-3.075193">
      <ele>1828.5</ele>
    </trkpt>
    <trkpt lat="42.189715" lon="-3.074905">
      <ele>1830.8</ele>
    </trkpt>
    <trkpt lat="42.189167" lon="-3.074647">
      <ele>1835.6</ele>
    </trkpt>
    <trkpt lat="42.188714" lon="-3.074319">
      <ele>1838.9</ele>
    </trkpt>
    <trkpt lat="42.188315" lon="-3.074104">
      <ele>1841.1</ele>
    </trkpt>
    <trkpt lat="42.187522" lon="-3.07389">
      <ele>1844.6</ele>
    </trkpt>
    <trkpt lat="42.185822" lon="-3.072742">
      <ele>1857.8</ele>
    </trkpt>
    <trkpt lat="42.185421" lon="-3.072303">
      <ele>1861.4</ele>
    </trkpt>
    <trkpt lat="42.18511" lon="-3.072129">
      <ele>1863.2</ele>
    </trkpt>
    <trkpt lat="42.183596" lon="-3.071576">
      <ele>1865.8</ele>
    </trkpt>
    <trkpt lat="42.183197" lon="-3.071379">
      <ele>1867.2</ele>
    </trkpt>
    <trkpt lat="42.182963" lon="-3.071156">
      <ele>1868.6</ele>
    </trkpt>
    <trkpt lat="42.182911" lon="-3.070864">
      <ele>1870</ele>
    </trkpt>
    <trkpt lat="42.183043" lon="-3.070196">
      <ele>1874.3</ele>
    </trkpt>
    <trkpt lat="42.183591" lon="-3.068199">
      <ele>1890.7</ele>
    </trkpt>
    <trkpt lat="42.183771" lon="-3.066762">
      <ele>1902.8</ele>
    </trkpt>
    <trkpt lat="42.183813" lon="-3.066262">
      <ele>1907.3</ele>
    </trkpt>
    <trkpt lat="42.183824" lon="-3.066134">
      <ele>1908.5</ele>
    </trkpt>
    <trkpt lat="42.183755" lon="-3.063782">
      <ele>1928.2</ele>
    </trkpt>
    <trkpt lat="42.18387" lon="-3.05947">
      <ele>1941.1</ele>
    </trkpt>
    <trkpt lat="42.184062" lon="-3.059054">
      <ele>1943.5</ele>
    </trkpt>
    <trkpt lat="42.184381" lon="-3.058655">
      <ele>1946.6</ele>
    </trkpt>
    <trkpt lat="42.184743" lon="-3.058325">
      <ele>1949.9</ele>
    </trkpt>
    <trkpt lat="42.185176" lon="-3.058113">
      <ele>1953.5</ele>
    </trkpt>
    <trkpt lat="42.185983" lon="-3.057784">
      <ele>1961.2</ele>
    </trkpt>
    <trkpt lat="42.186224" lon="-3.057569">
      <ele>1964</ele>
    </trkpt>
    <trkpt lat="42.186379" lon="-3.057232">
      <ele>1966.9</ele>
    </trkpt>
    <trkpt lat="42.186451" lon="-3.05674">
      <ele>1970.7</ele>
    </trkpt>
    <trkpt lat="42.186448" lon="-3.055617">
      <ele>1977.1</ele>
    </trkpt>
    <trkpt lat="42.186492" lon="-3.055187">
      <ele>1978.2</ele>
    </trkpt>
    <trkpt lat="42.186824" lon="-3.05439">
      <ele>1978.1</ele>
    </trkpt>
    <trkpt lat="42.187357" lon="-3.053779">
      <ele>1974.4</ele>
    </trkpt>
    <trkpt lat="42.187677" lon="-3.053468">
      <ele>1971.1</ele>
    </trkpt>
    <trkpt lat="42.188589" lon="-3.052678">
      <ele>1961</ele>
    </trkpt>
    <trkpt lat="42.189373" lon="-3.052113">
      <ele>1954.6</ele>
    </trkpt>
    <trkpt lat="42.189531" lon="-3.051999">
      <ele>1953.7</ele>
    </trkpt>
    <trkpt lat="42.190168" lon="-3.051658">
      <ele>1949.8</ele>
    </trkpt>
    <trkpt lat="42.190447" lon="-3.051417">
      <ele>1947.7</ele>
    </trkpt>
    <trkpt lat="42.191022" lon="-3.050348">
      <ele>1941.4</ele>
    </trkpt>
    <trkpt lat="42.191475" lon="-3.049682">
      <ele>1939.6</ele>
    </trkpt>
    <trkpt lat="42.192062" lon="-3.048971">
      <ele>1941.2</ele>
    </trkpt>
    <trkpt lat="42.192375" lon="-3.048373">
      <ele>1943.4</ele>
    </trkpt>
    <trkpt lat="42.192456" lon="-3.048083">
      <ele>1944.5</ele>
    </trkpt>
    <trkpt lat="42.192603" lon="-3.047521">
      <ele>1946.3</ele>
    </trkpt>
    <trkpt lat="42.19281" lon="-3.046975">
      <ele>1947.5</ele>
    </trkpt>
    <trkpt lat="42.192893" lon="-3.046755">
      <ele>1947.8</ele>
    </trkpt>
    <trkpt lat="42.193145" lon="-3.045155">
      <ele>1948.5</ele>
    </trkpt>
    <trkpt lat="42.193336" lon="-3.044374">
      <ele>1947.6</ele>
    </trkpt>
    <trkpt lat="42.193705" lon="-3.04343">
      <ele>1945.1</ele>
    </trkpt>
    <trkpt lat="42.193887" lon="-3.042556">
      <ele>1941.7</ele>
    </trkpt>
    <trkpt lat="42.194066" lon="-3.041269">
      <ele>1934.7</ele>
    </trkpt>
    <trkpt lat="42.194183" lon="-3.03955">
      <ele>1922.8</ele>
    </trkpt>
    <trkpt lat="42.194284" lon="-3.038063">
      <ele>1913.2</ele>
    </trkpt>
    <trkpt lat="42.19437" lon="-3.037598">
      <ele>1911.7</ele>
    </trkpt>
    <trkpt lat="42.194486" lon="-3.036966">
      <ele>1911.4</ele>
    </trkpt>
    <trkpt lat="42.194418" lon="-3.035307">
      <ele>1916.8</ele>
    </trkpt>
    <trkpt lat="42.193973" lon="-3.03297">
      <ele>1924.6</ele>
    </trkpt>
    <trkpt lat="42.193195" lon="-3.030653">
      <ele>1930</ele>
    </trkpt>
    <trkpt lat="42.193081" lon="-3.030067">
      <ele>1931.1</ele>
    </trkpt>
    <trkpt lat="42.193111" lon="-3.029837">
      <ele>1931.4</ele>
    </trkpt>
    <trkpt lat="42.193184" lon="-3.029722">
      <ele>1931.6</ele>
    </trkpt>
    <trkpt lat="42.19374" lon="-3.029745">
      <ele>1931.8</ele>
    </trkpt>
    <trkpt lat="42.193914" lon="-3.029685">
      <ele>1931.6</ele>
    </trkpt>
    <trkpt lat="42.194258" lon="-3.029383">
      <ele>1930.9</ele>
    </trkpt>
    <trkpt lat="42.195117" lon="-3.029061">
      <ele>1925.2</ele>
    </trkpt>
    <trkpt lat="42.195391" lon="-3.028761">
      <ele>1921.5</ele>
    </trkpt>
    <trkpt lat="42.195599" lon="-3.02832">
      <ele>1917</ele>
    </trkpt>
    <trkpt lat="42.195735" lon="-3.027852">
      <ele>1912.7</ele>
    </trkpt>
    <trkpt lat="42.195733" lon="-3.027078">
      <ele>1907</ele>
    </trkpt>
    <trkpt lat="42.195759" lon="-3.026621">
      <ele>1904.3</ele>
    </trkpt>
    <trkpt lat="42.196138" lon="-3.02517">
      <ele>1899.4</ele>
    </trkpt>
    <trkpt lat="42.19618" lon="-3.024682">
      <ele>1898.4</ele>
    </trkpt>
    <trkpt lat="42.196177" lon="-3.023859">
      <ele>1896.6</ele>
    </trkpt>
    <trkpt lat="42.196349" lon="-3.021889">
      <ele>1893.3</ele>
    </trkpt>
    <trkpt lat="42.196544" lon="-3.021024">
      <ele>1893.8</ele>
    </trkpt>
    <trkpt lat="42.196779" lon="-3.019987">
      <ele>1896.4</ele>
    </trkpt>
    <trkpt lat="42.197023" lon="-3.019243">
      <ele>1899.4</ele>
    </trkpt>
    <trkpt lat="42.197598" lon="-3.018221">
      <ele>1903.8</ele>
    </trkpt>
    <trkpt lat="42.198953" lon="-3.016199">
      <ele>1907.8</ele>
    </trkpt>
    <trkpt lat="42.199241" lon="-3.015904">
      <ele>1907.9</ele>
    </trkpt>
    <trkpt lat="42.199991" lon="-3.0153">
      <ele>1907.8</ele>
    </trkpt>
    <trkpt lat="42.201282" lon="-3.013602">
      <ele>1907.6</ele>
    </trkpt>
    <trkpt lat="42.201796" lon="-3.012495">
      <ele>1907.6</ele>
    </trkpt>
    <trkpt lat="42.202116" lon="-3.011954">
      <ele>1907.5</ele>
    </trkpt>
    <trkpt lat="42.20227" lon="-3.0116">
      <ele>1907.6</ele>
    </trkpt>
    <trkpt lat="42.202354" lon="-3.011316">
      <ele>1907.9</ele>
    </trkpt>
    <trkpt lat="42.20243" lon="-3.01093">
      <ele>1908.5</ele>
    </trkpt>
    <trkpt lat="42.202473" lon="-3.01042">
      <ele>1909.4</ele>
    </trkpt>
    <trkpt lat="42.20254" lon="-3.01009">
      <ele>1910.3</ele>
    </trkpt>
    <trkpt lat="42.20261" lon="-3.009795">
      <ele>1911.3</ele>
    </trkpt>
    <trkpt lat="42.20274" lon="-3.00944">
      <ele>1912.8</ele>
    </trkpt>
    <trkpt lat="42.203244" lon="-3.00827">
      <ele>1919.2</ele>
    </trkpt>
    <trkpt lat="42.203832" lon="-3.007005">
      <ele>1924.2</ele>
    </trkpt>
    <trkpt lat="42.204475" lon="-3.00574">
      <ele>1928.3</ele>
    </trkpt>
    <trkpt lat="42.204828" lon="-3.004656">
      <ele>1934.8</ele>
    </trkpt>
    <trkpt lat="42.205373" lon="-3.003106">
      <ele>1951.3</ele>
    </trkpt>
    <trkpt lat="42.205431" lon="-3.002848">
      <ele>1954.4</ele>
    </trkpt>
    <trkpt lat="42.205512" lon="-3.001818">
      <ele>1965.5</ele>
    </trkpt>
    <trkpt lat="42.205557" lon="-3.001542">
      <ele>1968</ele>
    </trkpt>
    <trkpt lat="42.205718" lon="-3.001024">
      <ele>1971.8</ele>
    </trkpt>
    <trkpt lat="42.205878" lon="-3.000646">
      <ele>1973.6</ele>
    </trkpt>
    <trkpt lat="42.206108" lon="-3.000198">
      <ele>1974.5</ele>
    </trkpt>
    <trkpt lat="42.20626" lon="-2.999986">
      <ele>1974.8</ele>
    </trkpt>
    <trkpt lat="42.206439" lon="-2.999801">
      <ele>1975</ele>
    </trkpt>
    <trkpt lat="42.20697" lon="-2.999359">
      <ele>1975.9</ele>
    </trkpt>
    <trkpt lat="42.207481" lon="-2.998819">
      <ele>1977.7</ele>
    </trkpt>
    <trkpt lat="42.207651" lon="-2.998519">
      <ele>1978.3</ele>
    </trkpt>
    <trkpt lat="42.207865" lon="-2.99801">
      <ele>1978.6</ele>
    </trkpt>
    <trkpt lat="42.208002" lon="-2.997606">
      <ele>1977.7</ele>
    </trkpt>
    <trkpt lat="42.208151" lon="-2.996993">
      <ele>1974.6</ele>
    </trkpt>
    <trkpt lat="42.208219" lon="-2.996524">
      <ele>1971.3</ele>
    </trkpt>
    <trkpt lat="42.208525" lon="-2.995628">
      <ele>1963.6</ele>
    </trkpt>
    <trkpt lat="42.20868" lon="-2.995">
      <ele>1959</ele>
    </trkpt>
    <trkpt lat="42.208906" lon="-2.993243">
      <ele>1951</ele>
    </trkpt>
    <trkpt lat="42.208916" lon="-2.992852">
      <ele>1949.9</ele>
    </trkpt>
    <trkpt lat="42.208887" lon="-2.991594">
      <ele>1946.7</ele>
    </trkpt>
    <trkpt lat="42.208926" lon="-2.990794">
      <ele>1944.5</ele>
    </trkpt>
    <trkpt lat="42.208965" lon="-2.990532">
      <ele>1943.6</ele>
    </trkpt>
    <trkpt lat="42.209356" lon="-2.989015">
      <ele>1942.9</ele>
    </trkpt>
    <trkpt lat="42.209415" lon="-2.988795">
      <ele>1943.9</ele>
    </trkpt>
    <trkpt lat="42.209806" lon="-2.987334">
      <ele>1958.9</ele>
    </trkpt>
    <trkpt lat="42.20994" lon="-2.987033">
      <ele>1963.2</ele>
    </trkpt>
    <trkpt lat="42.210193" lon="-2.986624">
      <ele>1969</ele>
    </trkpt>
    <trkpt lat="42.210525" lon="-2.98625">
      <ele>1974.1</ele>
    </trkpt>
    <trkpt lat="42.210653" lon="-2.986149">
      <ele>1975.6</ele>
    </trkpt>
    <trkpt lat="42.211153" lon="-2.985902">
      <ele>1979.4</ele>
    </trkpt>
    <trkpt lat="42.212053" lon="-2.985338">
      <ele>1981</ele>
    </trkpt>
    <trkpt lat="42.21338" lon="-2.98429">
      <ele>1975.2</ele>
    </trkpt>
    <trkpt lat="42.21484" lon="-2.983438">
      <ele>1962</ele>
    </trkpt>
    <trkpt lat="42.215087" lon="-2.983388">
      <ele>1959.3</ele>
    </trkpt>
    <trkpt lat="42.215703" lon="-2.983391">
      <ele>1953.4</ele>
    </trkpt>
    <trkpt lat="42.216136" lon="-2.983257">
      <ele>1949.4</ele>
    </trkpt>
    <trkpt lat="42.216617" lon="-2.982961">
      <ele>1945</ele>
    </trkpt>
    <trkpt lat="42.21773" lon="-2.982275">
      <ele>1936.3</ele>
    </trkpt>
    <trkpt lat="42.217976" lon="-2.982017">
      <ele>1934.1</ele>
    </trkpt>
    <trkpt lat="42.218355" lon="-2.981507">
      <ele>1931.7</ele>
    </trkpt>
    <trkpt lat="42.218815" lon="-2.981136">
      <ele>1930.8</ele>
    </trkpt>
    <trkpt lat="42.2201" lon="-2.980646">
      <ele>1931.8</ele>
    </trkpt>
    <trkpt lat="42.220413" lon="-2.980403">
      <ele>1932</ele>
    </trkpt>
    <trkpt lat="42.220684" lon="-2.980082">
      <ele>1931.9</ele>
    </trkpt>
    <trkpt lat="42.221895" lon="-2.978832">
      <ele>1933</ele>
    </trkpt>
    <trkpt lat="42.2227" lon="-2.978182">
      <ele>1938.4</ele>
    </trkpt>
    <trkpt lat="42.223026" lon="-2.977981">
      <ele>1941.1</ele>
    </trkpt>
    <trkpt lat="42.223181" lon="-2.978129">
      <ele>1942.3</ele>
    </trkpt>
    <trkpt lat="42.223426" lon="-2.978153">
      <ele>1943.5</ele>
    </trkpt>
    <trkpt lat="42.223934" lon="-2.978035">
      <ele>1945.9</ele>
    </trkpt>
    <trkpt lat="42.224081" lon="-2.97811">
      <ele>1946.5</ele>
    </trkpt>
    <trkpt lat="42.224361" lon="-2.978095">
      <ele>1947.4</ele>
    </trkpt>
    <trkpt lat="42.22463" lon="-2.97803">
      <ele>1948.1</ele>
    </trkpt>
    <trkpt lat="42.225516" lon="-2.97772">
      <ele>1949.1</ele>
    </trkpt>
    <trkpt lat="42.226034" lon="-2.977606">
      <ele>1949.2</ele>
    </trkpt>
    <trkpt lat="42.226222" lon="-2.977564">
      <ele>1949</ele>
    </trkpt>
    <trkpt lat="42.226773" lon="-2.977492">
      <ele>1947.3</ele>
    </trkpt>
    <trkpt lat="42.227672" lon="-2.977497">
      <ele>1942</ele>
    </trkpt>
    <trkpt lat="42.228617" lon="-2.977564">
      <ele>1936.7</ele>
    </trkpt>
    <trkpt lat="42.230461" lon="-2.977626">
      <ele>1931.2</ele>
    </trkpt>
    <trkpt lat="42.232577" lon="-2.977969">
      <ele>1917.2</ele>
    </trkpt>
    <trkpt lat="42.232881" lon="-2.978151">
      <ele>1914.5</ele>
    </trkpt>
    <trkpt lat="42.233399" lon="-2.978742">
      <ele>1908.9</ele>
    </trkpt>
    <trkpt lat="42.233888" lon="-2.979016">
      <ele>1903.9</ele>
    </trkpt>
    <trkpt lat="42.234011" lon="-2.979218">
      <ele>1901.9</ele>
    </trkpt>
    <trkpt lat="42.234109" lon="-2.979688">
      <ele>1898.1</ele>
    </trkpt>
    <trkpt lat="42.234092" lon="-2.981068">
      <ele>1889.7</ele>
    </trkpt>
    <trkpt lat="42.234242" lon="-2.981572">
      <ele>1887.9</ele>
    </trkpt>
    <trkpt lat="42.234781" lon="-2.98239">
      <ele>1885.9</ele>
    </trkpt>
    <trkpt lat="42.23494" lon="-2.98269">
      <ele>1885.3</ele>
    </trkpt>
    <trkpt lat="42.235016" lon="-2.982954">
      <ele>1884.7</ele>
    </trkpt>
    <trkpt lat="42.235034" lon="-2.983471">
      <ele>1882.8</ele>
    </trkpt>
    <trkpt lat="42.234915" lon="-2.984374">
      <ele>1877.8</ele>
    </trkpt>
    <trkpt lat="42.234891" lon="-2.984765">
      <ele>1875.7</ele>
    </trkpt>
    <trkpt lat="42.235022" lon="-2.98558">
      <ele>1873.5</ele>
    </trkpt>
    <trkpt lat="42.23514" lon="-2.985909">
      <ele>1874.3</ele>
    </trkpt>
    <trkpt lat="42.235276" lon="-2.986075">
      <ele>1874.9</ele>
    </trkpt>
    <trkpt lat="42.235447" lon="-2.986181">
      <ele>1875.8</ele>
    </trkpt>
    <trkpt lat="42.235592" lon="-2.986159">
      <ele>1876.6</ele>
    </trkpt>
    <trkpt lat="42.235739" lon="-2.986087">
      <ele>1877.5</ele>
    </trkpt>
    <trkpt lat="42.235918" lon="-2.985827">
      <ele>1879.3</ele>
    </trkpt>
    <trkpt lat="42.236849" lon="-2.984253">
      <ele>1884.7</ele>
    </trkpt>
    <trkpt lat="42.237365" lon="-2.982987">
      <ele>1882.5</ele>
    </trkpt>
    <trkpt lat="42.237635" lon="-2.982593">
      <ele>1879.9</ele>
    </trkpt>
    <trkpt lat="42.237838" lon="-2.982419">
      <ele>1877.7</ele>
    </trkpt>
    <trkpt lat="42.237994" lon="-2.982374">
      <ele>1876</ele>
    </trkpt>
    <trkpt lat="42.238169" lon="-2.982483">
      <ele>1873.8</ele>
    </trkpt>
    <trkpt lat="42.238621" lon="-2.983062">
      <ele>1866.7</ele>
    </trkpt>
    <trkpt lat="42.238802" lon="-2.983148">
      <ele>1865</ele>
    </trkpt>
    <trkpt lat="42.239166" lon="-2.983195">
      <ele>1862.6</ele>
    </trkpt>
    <trkpt lat="42.239522" lon="-2.983164">
      <ele>1861.6</ele>
    </trkpt>
    <trkpt lat="42.23992" lon="-2.98307">
      <ele>1861.6</ele>
    </trkpt>
    <trkpt lat="42.240277" lon="-2.98288">
      <ele>1862.1</ele>
    </trkpt>
    <trkpt lat="42.240622" lon="-2.982762">
      <ele>1862.7</ele>
    </trkpt>
    <trkpt lat="42.241026" lon="-2.9827">
      <ele>1862.6</ele>
    </trkpt>
    <trkpt lat="42.24197" lon="-2.982685">
      <ele>1859.6</ele>
    </trkpt>
    <trkpt lat="42.242342" lon="-2.982613">
      <ele>1858.2</ele>
    </trkpt>
    <trkpt lat="42.242812" lon="-2.982575">
      <ele>1856</ele>
    </trkpt>
    <trkpt lat="42.243259" lon="-2.982481">
      <ele>1853.5</ele>
    </trkpt>
    <trkpt lat="42.244228" lon="-2.982149">
      <ele>1845.7</ele>
    </trkpt>
    <trkpt lat="42.244732" lon="-2.982048">
      <ele>1841.1</ele>
    </trkpt>
    <trkpt lat="42.246154" lon="-2.982168">
      <ele>1832.3</ele>
    </trkpt>
    <trkpt lat="42.246448" lon="-2.982315">
      <ele>1831.8</ele>
    </trkpt>
    <trkpt lat="42.246824" lon="-2.982414">
      <ele>1831.1</ele>
    </trkpt>
    <trkpt lat="42.247346" lon="-2.982375">
      <ele>1829.6</ele>
    </trkpt>
    <trkpt lat="42.247603" lon="-2.982428">
      <ele>1828.4</ele>
    </trkpt>
    <trkpt lat="42.247823" lon="-2.982584">
      <ele>1826.8</ele>
    </trkpt>
    <trkpt lat="42.24857" lon="-2.98339">
      <ele>1818.4</ele>
    </trkpt>
    <trkpt lat="42.248998" lon="-2.984011">
      <ele>1813.1</ele>
    </trkpt>
    <trkpt lat="42.24921" lon="-2.9844">
      <ele>1810.2</ele>
    </trkpt>
    <trkpt lat="42.249309" lon="-2.984823">
      <ele>1807.6</ele>
    </trkpt>
    <trkpt lat="42.249412" lon="-2.985576">
      <ele>1802.2</ele>
    </trkpt>
    <trkpt lat="42.249388" lon="-2.986448">
      <ele>1794.9</ele>
    </trkpt>
    <trkpt lat="42.249291" lon="-2.987075">
      <ele>1790.1</ele>
    </trkpt>
    <trkpt lat="42.249325" lon="-2.987582">
      <ele>1787.4</ele>
    </trkpt>
    <trkpt lat="42.24945" lon="-2.988091">
      <ele>1785.6</ele>
    </trkpt>
    <trkpt lat="42.249765" lon="-2.988469">
      <ele>1784.6</ele>
    </trkpt>
    <trkpt lat="42.250062" lon="-2.988688">
      <ele>1784.1</ele>
    </trkpt>
    <trkpt lat="42.25043" lon="-2.98882">
      <ele>1783.8</ele>
    </trkpt>
    <trkpt lat="42.25125" lon="-2.989049">
      <ele>1782.7</ele>
    </trkpt>
    <trkpt lat="42.251906" lon="-2.989157">
      <ele>1781.3</ele>
    </trkpt>
    <trkpt lat="42.252296" lon="-2.989282">
      <ele>1780.5</ele>
    </trkpt>
    <trkpt lat="42.253025" lon="-2.989612">
      <ele>1778.1</ele>
    </trkpt>
    <trkpt lat="42.25362" lon="-2.989805">
      <ele>1775</ele>
    </trkpt>
    <trkpt lat="42.25393" lon="-2.989986">
      <ele>1773.1</ele>
    </trkpt>
    <trkpt lat="42.25478" lon="-2.990665">
      <ele>1766.7</ele>
    </trkpt>
    <trkpt lat="42.255245" lon="-2.990966">
      <ele>1763.8</ele>
    </trkpt>
    <trkpt lat="42.256924" lon="-2.992335">
      <ele>1755</ele>
    </trkpt>
    <trkpt lat="42.257104" lon="-2.992536">
      <ele>1753.9</ele>
    </trkpt>
    <trkpt lat="42.257826" lon="-2.993798">
      <ele>1749.4</ele>
    </trkpt>
    <trkpt lat="42.258199" lon="-2.994143">
      <ele>1747.7</ele>
    </trkpt>
    <trkpt lat="42.258507" lon="-2.994362">
      <ele>1746.1</ele>
    </trkpt>
    <trkpt lat="42.25867" lon="-2.994478">
      <ele>1745.2</ele>
    </trkpt>
    <trkpt lat="42.258977" lon="-2.994588">
      <ele>1743.4</ele>
    </trkpt>
    <trkpt lat="42.259146" lon="-2.994592">
      <ele>1742.3</ele>
    </trkpt>
    <trkpt lat="42.259566" lon="-2.994483">
      <ele>1738.8</ele>
    </trkpt>
    <trkpt lat="42.259983" lon="-2.994509">
      <ele>1734.8</ele>
    </trkpt>
    <trkpt lat="42.260372" lon="-2.994432">
      <ele>1730.7</ele>
    </trkpt>
    <trkpt lat="42.261146" lon="-2.994478">
      <ele>1723.2</ele>
    </trkpt>
    <trkpt lat="42.261436" lon="-2.994547">
      <ele>1720.8</ele>
    </trkpt>
    <trkpt lat="42.261512" lon="-2.994481">
      <ele>1720.1</ele>
    </trkpt>
    <trkpt lat="42.26152" lon="-2.994406">
      <ele>1719.7</ele>
    </trkpt>
    <trkpt lat="42.261503" lon="-2.994324">
      <ele>1719.3</ele>
    </trkpt>
    <trkpt lat="42.261412" lon="-2.994249">
      <ele>1718.6</ele>
    </trkpt>
    <trkpt lat="42.261036" lon="-2.994178">
      <ele>1716.4</ele>
    </trkpt>
    <trkpt lat="42.260653" lon="-2.994061">
      <ele>1714.8</ele>
    </trkpt>
    <trkpt lat="42.259949" lon="-2.993643">
      <ele>1712.7</ele>
    </trkpt>
    <trkpt lat="42.259693" lon="-2.993422">
      <ele>1711.8</ele>
    </trkpt>
    <trkpt lat="42.259565" lon="-2.993273">
      <ele>1711.2</ele>
    </trkpt>
    <trkpt lat="42.259467" lon="-2.99307">
      <ele>1710.5</ele>
    </trkpt>
    <trkpt lat="42.259401" lon="-2.99286">
      <ele>1709.7</ele>
    </trkpt>
    <trkpt lat="42.259367" lon="-2.992083">
      <ele>1706.3</ele>
    </trkpt>
    <trkpt lat="42.259415" lon="-2.990961">
      <ele>1698.7</ele>
    </trkpt>
    <trkpt lat="42.259468" lon="-2.990634">
      <ele>1696.2</ele>
    </trkpt>
    <trkpt lat="42.25975" lon="-2.989909">
      <ele>1690.2</ele>
    </trkpt>
    <trkpt lat="42.260351" lon="-2.988597">
      <ele>1676.6</ele>
    </trkpt>
    <trkpt lat="42.260784" lon="-2.98754">
      <ele>1663.7</ele>
    </trkpt>
    <trkpt lat="42.26082" lon="-2.987196">
      <ele>1659.9</ele>
    </trkpt>
    <trkpt lat="42.260781" lon="-2.987087">
      <ele>1658.6</ele>
    </trkpt>
    <trkpt lat="42.260703" lon="-2.987009">
      <ele>1657.2</ele>
    </trkpt>
    <trkpt lat="42.260223" lon="-2.986796">
      <ele>1651.1</ele>
    </trkpt>
    <trkpt lat="42.259838" lon="-2.986586">
      <ele>1647.6</ele>
    </trkpt>
    <trkpt lat="42.259231" lon="-2.986179">
      <ele>1644.5</ele>
    </trkpt>
    <trkpt lat="42.258723" lon="-2.985989">
      <ele>1643.9</ele>
    </trkpt>
    <trkpt lat="42.258252" lon="-2.985868">
      <ele>1643.9</ele>
    </trkpt>
    <trkpt lat="42.257868" lon="-2.985654">
      <ele>1643.9</ele>
    </trkpt>
    <trkpt lat="42.257621" lon="-2.985482">
      <ele>1643.5</ele>
    </trkpt>
    <trkpt lat="42.257515" lon="-2.985369">
      <ele>1643.2</ele>
    </trkpt>
    <trkpt lat="42.257421" lon="-2.985045">
      <ele>1642.4</ele>
    </trkpt>
    <trkpt lat="42.257406" lon="-2.984712">
      <ele>1641.4</ele>
    </trkpt>
    <trkpt lat="42.257357" lon="-2.984396">
      <ele>1640.1</ele>
    </trkpt>
    <trkpt lat="42.257322" lon="-2.983897">
      <ele>1637.2</ele>
    </trkpt>
    <trkpt lat="42.257198" lon="-2.983296">
      <ele>1632.6</ele>
    </trkpt>
    <trkpt lat="42.257177" lon="-2.983068">
      <ele>1630.6</ele>
    </trkpt>
    <trkpt lat="42.257197" lon="-2.982918">
      <ele>1629.3</ele>
    </trkpt>
    <trkpt lat="42.257429" lon="-2.982164">
      <ele>1621.6</ele>
    </trkpt>
    <trkpt lat="42.257531" lon="-2.981553">
      <ele>1614.8</ele>
    </trkpt>
    <trkpt lat="42.257433" lon="-2.980668">
      <ele>1604.9</ele>
    </trkpt>
    <trkpt lat="42.257437" lon="-2.979737">
      <ele>1598.4</ele>
    </trkpt>
    <trkpt lat="42.257431" lon="-2.979643">
      <ele>1598</ele>
    </trkpt>
    <trkpt lat="42.257333" lon="-2.979514">
      <ele>1597.4</ele>
    </trkpt>
    <trkpt lat="42.256988" lon="-2.979402">
      <ele>1596.6</ele>
    </trkpt>
    <trkpt lat="42.256757" lon="-2.979232">
      <ele>1596.6</ele>
    </trkpt>
    <trkpt lat="42.256412" lon="-2.978924">
      <ele>1597.4</ele>
    </trkpt>
    <trkpt lat="42.256221" lon="-2.978692">
      <ele>1597.9</ele>
    </trkpt>
    <trkpt lat="42.256016" lon="-2.978284">
      <ele>1598</ele>
    </trkpt>
    <trkpt lat="42.256144" lon="-2.977226">
      <ele>1594.8</ele>
    </trkpt>
    <trkpt lat="42.25616" lon="-2.976622">
      <ele>1591.2</ele>
    </trkpt>
    <trkpt lat="42.25613" lon="-2.97609">
      <ele>1587.9</ele>
    </trkpt>
    <trkpt lat="42.256066" lon="-2.975401">
      <ele>1584.3</ele>
    </trkpt>
    <trkpt lat="42.255988" lon="-2.975035">
      <ele>1582.3</ele>
    </trkpt>
    <trkpt lat="42.255927" lon="-2.974827">
      <ele>1580.9</ele>
    </trkpt>
    <trkpt lat="42.255787" lon="-2.974593">
      <ele>1578.9</ele>
    </trkpt>
    <trkpt lat="42.255697" lon="-2.974572">
      <ele>1577.9</ele>
    </trkpt>
    <trkpt lat="42.255639" lon="-2.974452">
      <ele>1576.9</ele>
    </trkpt>
    <trkpt lat="42.255666" lon="-2.974322">
      <ele>1575.8</ele>
    </trkpt>
    <trkpt lat="42.255699" lon="-2.974285">
      <ele>1575.3</ele>
    </trkpt>
    <trkpt lat="42.255777" lon="-2.974263">
      <ele>1574.5</ele>
    </trkpt>
    <trkpt lat="42.255975" lon="-2.974132">
      <ele>1572.1</ele>
    </trkpt>
    <trkpt lat="42.256038" lon="-2.974086">
      <ele>1571.3</ele>
    </trkpt>
    <trkpt lat="42.25633" lon="-2.973488">
      <ele>1565.3</ele>
    </trkpt>
    <trkpt lat="42.256567" lon="-2.972487">
      <ele>1556.5</ele>
    </trkpt>
    <trkpt lat="42.256564" lon="-2.972118">
      <ele>1553.9</ele>
    </trkpt>
    <trkpt lat="42.256524" lon="-2.971743">
      <ele>1551.7</ele>
    </trkpt>
    <trkpt lat="42.256573" lon="-2.971387">
      <ele>1549.6</ele>
    </trkpt>
    <trkpt lat="42.256627" lon="-2.971287">
      <ele>1549</ele>
    </trkpt>
    <trkpt lat="42.256712" lon="-2.971208">
      <ele>1548.3</ele>
    </trkpt>
    <trkpt lat="42.256797" lon="-2.971145">
      <ele>1547.6</ele>
    </trkpt>
    <trkpt lat="42.256948" lon="-2.971101">
      <ele>1546.7</ele>
    </trkpt>
    <trkpt lat="42.256988" lon="-2.971086">
      <ele>1546.5</ele>
    </trkpt>
    <trkpt lat="42.257047" lon="-2.971081">
      <ele>1546.2</ele>
    </trkpt>
    <trkpt lat="42.257237" lon="-2.971088">
      <ele>1545.2</ele>
    </trkpt>
    <trkpt lat="42.257674" lon="-2.971167">
      <ele>1543.1</ele>
    </trkpt>
    <trkpt lat="42.257725" lon="-2.971163">
      <ele>1542.9</ele>
    </trkpt>
    <trkpt lat="42.257769" lon="-2.971111">
      <ele>1542.7</ele>
    </trkpt>
    <trkpt lat="42.257932" lon="-2.971047">
      <ele>1542</ele>
    </trkpt>
    <trkpt lat="42.258159" lon="-2.97113">
      <ele>1541.3</ele>
    </trkpt>
    <trkpt lat="42.258348" lon="-2.971243">
      <ele>1540.6</ele>
    </trkpt>
    <trkpt lat="42.258434" lon="-2.971324">
      <ele>1540.3</ele>
    </trkpt>
    <trkpt lat="42.258869" lon="-2.971925">
      <ele>1538.8</ele>
    </trkpt>
    <trkpt lat="42.259116" lon="-2.972178">
      <ele>1537.9</ele>
    </trkpt>
    <trkpt lat="42.259453" lon="-2.972705">
      <ele>1536.1</ele>
    </trkpt>
    <trkpt lat="42.259657" lon="-2.972974">
      <ele>1535.5</ele>
    </trkpt>
    <trkpt lat="42.259795" lon="-2.973155">
      <ele>1534.8</ele>
    </trkpt>
    <trkpt lat="42.259969" lon="-2.973338">
      <ele>1533.7</ele>
    </trkpt>
    <trkpt lat="42.26027" lon="-2.973561">
      <ele>1531.7</ele>
    </trkpt>
    <trkpt lat="42.260308" lon="-2.97358">
      <ele>1531.4</ele>
    </trkpt>
    <trkpt lat="42.260426" lon="-2.973621">
      <ele>1530.5</ele>
    </trkpt>
    <trkpt lat="42.260615" lon="-2.973672">
      <ele>1529.1</ele>
    </trkpt>
    <trkpt lat="42.260659" lon="-2.973709">
      <ele>1528.7</ele>
    </trkpt>
    <trkpt lat="42.261469" lon="-2.973889">
      <ele>1523.1</ele>
    </trkpt>
    <trkpt lat="42.262532" lon="-2.974019">
      <ele>1519.1</ele>
    </trkpt>
    <trkpt lat="42.263343" lon="-2.973983">
      <ele>1521.9</ele>
    </trkpt>
    <trkpt lat="42.263904" lon="-2.973896">
      <ele>1524.3</ele>
    </trkpt>
    <trkpt lat="42.264177" lon="-2.973796">
      <ele>1525.4</ele>
    </trkpt>
    <trkpt lat="42.264293" lon="-2.973711">
      <ele>1525.8</ele>
    </trkpt>
    <trkpt lat="42.264385" lon="-2.973584">
      <ele>1526.2</ele>
    </trkpt>
    <trkpt lat="42.264523" lon="-2.973241">
      <ele>1526.7</ele>
    </trkpt>
    <trkpt lat="42.264758" lon="-2.972809">
      <ele>1526.6</ele>
    </trkpt>
    <trkpt lat="42.264891" lon="-2.972655">
      <ele>1526.1</ele>
    </trkpt>
    <trkpt lat="42.265249" lon="-2.972372">
      <ele>1524.3</ele>
    </trkpt>
    <trkpt lat="42.265547" lon="-2.972242">
      <ele>1523.1</ele>
    </trkpt>
    <trkpt lat="42.266279" lon="-2.972146">
      <ele>1522.1</ele>
    </trkpt>
    <trkpt lat="42.266427" lon="-2.972045">
      <ele>1522.1</ele>
    </trkpt>
    <trkpt lat="42.26653" lon="-2.971884">
      <ele>1522.1</ele>
    </trkpt>
    <trkpt lat="42.266694" lon="-2.971306">
      <ele>1521.9</ele>
    </trkpt>
    <trkpt lat="42.266769" lon="-2.971215">
      <ele>1521.9</ele>
    </trkpt>
    <trkpt lat="42.266997" lon="-2.971182">
      <ele>1521.6</ele>
    </trkpt>
    <trkpt lat="42.267409" lon="-2.971418">
      <ele>1519.5</ele>
    </trkpt>
    <trkpt lat="42.267795" lon="-2.971466">
      <ele>1515.6</ele>
    </trkpt>
    <trkpt lat="42.267871" lon="-2.971491">
      <ele>1514.7</ele>
    </trkpt>
    <trkpt lat="42.267955" lon="-2.971562">
      <ele>1513.2</ele>
    </trkpt>
    <trkpt lat="42.267987" lon="-2.971667">
      <ele>1512</ele>
    </trkpt>
    <trkpt lat="42.268006" lon="-2.972281">
      <ele>1504.4</ele>
    </trkpt>
    <trkpt lat="42.268135" lon="-2.973453">
      <ele>1491.9</ele>
    </trkpt>
    <trkpt lat="42.268198" lon="-2.973708">
      <ele>1490.1</ele>
    </trkpt>
    <trkpt lat="42.268324" lon="-2.973993">
      <ele>1488.5</ele>
    </trkpt>
    <trkpt lat="42.268767" lon="-2.974511">
      <ele>1486.9</ele>
    </trkpt>
    <trkpt lat="42.269143" lon="-2.974884">
      <ele>1486.9</ele>
    </trkpt>
    <trkpt lat="42.269483" lon="-2.975145">
      <ele>1486.6</ele>
    </trkpt>
    <trkpt lat="42.270391" lon="-2.975954">
      <ele>1485.8</ele>
    </trkpt>
    <trkpt lat="42.270621" lon="-2.976113">
      <ele>1486.1</ele>
    </trkpt>
    <trkpt lat="42.270762" lon="-2.976145">
      <ele>1486.4</ele>
    </trkpt>
    <trkpt lat="42.270876" lon="-2.976118">
      <ele>1486.6</ele>
    </trkpt>
    <trkpt lat="42.270997" lon="-2.97604">
      <ele>1486.8</ele>
    </trkpt>
    <trkpt lat="42.271514" lon="-2.975566">
      <ele>1487.6</ele>
    </trkpt>
    <trkpt lat="42.27212" lon="-2.975383">
      <ele>1486.9</ele>
    </trkpt>
    <trkpt lat="42.272531" lon="-2.975343">
      <ele>1484.7</ele>
    </trkpt>
    <trkpt lat="42.273383" lon="-2.975464">
      <ele>1478.2</ele>
    </trkpt>
    <trkpt lat="42.273954" lon="-2.975626">
      <ele>1475.8</ele>
    </trkpt>
    <trkpt lat="42.274162" lon="-2.975571">
      <ele>1475.5</ele>
    </trkpt>
    <trkpt lat="42.274372" lon="-2.975333">
      <ele>1475.5</ele>
    </trkpt>
    <trkpt lat="42.27455" lon="-2.97503">
      <ele>1476</ele>
    </trkpt>
    <trkpt lat="42.275261" lon="-2.973475">
      <ele>1480.1</ele>
    </trkpt>
    <trkpt lat="42.275932" lon="-2.972141">
      <ele>1480</ele>
    </trkpt>
    <trkpt lat="42.276171" lon="-2.9716">
      <ele>1478.6</ele>
    </trkpt>
    <trkpt lat="42.276278" lon="-2.971466">
      <ele>1477.9</ele>
    </trkpt>
    <trkpt lat="42.276504" lon="-2.971367">
      <ele>1476.3</ele>
    </trkpt>
    <trkpt lat="42.276798" lon="-2.971341">
      <ele>1473.5</ele>
    </trkpt>
    <trkpt lat="42.277165" lon="-2.971378">
      <ele>1469.7</ele>
    </trkpt>
    <trkpt lat="42.277837" lon="-2.971542">
      <ele>1464.9</ele>
    </trkpt>
    <trkpt lat="42.277979" lon="-2.97148">
      <ele>1464.3</ele>
    </trkpt>
    <trkpt lat="42.278045" lon="-2.971361">
      <ele>1464.1</ele>
    </trkpt>
    <trkpt lat="42.278069" lon="-2.971197">
      <ele>1463.9</ele>
    </trkpt>
    <trkpt lat="42.278061" lon="-2.971104">
      <ele>1463.8</ele>
    </trkpt>
    <trkpt lat="42.277797" lon="-2.970289">
      <ele>1466.5</ele>
    </trkpt>
    <trkpt lat="42.27772" lon="-2.969984">
      <ele>1468.7</ele>
    </trkpt>
    <trkpt lat="42.277702" lon="-2.969828">
      <ele>1469.7</ele>
    </trkpt>
    <trkpt lat="42.277695" lon="-2.969694">
      <ele>1470.6</ele>
    </trkpt>
    <trkpt lat="42.277805" lon="-2.968554">
      <ele>1474.1</ele>
    </trkpt>
    <trkpt lat="42.277811" lon="-2.967868">
      <ele>1471.5</ele>
    </trkpt>
    <trkpt lat="42.27785" lon="-2.967684">
      <ele>1470.3</ele>
    </trkpt>
    <trkpt lat="42.277937" lon="-2.967568">
      <ele>1469.1</ele>
    </trkpt>
    <trkpt lat="42.278042" lon="-2.967563">
      <ele>1468</ele>
    </trkpt>
    <trkpt lat="42.278495" lon="-2.967754">
      <ele>1462.1</ele>
    </trkpt>
    <trkpt lat="42.278707" lon="-2.967803">
      <ele>1459.4</ele>
    </trkpt>
    <trkpt lat="42.279332" lon="-2.96787">
      <ele>1453.6</ele>
    </trkpt>
    <trkpt lat="42.27975" lon="-2.967774">
      <ele>1453</ele>
    </trkpt>
    <trkpt lat="42.279876" lon="-2.96769">
      <ele>1453.5</ele>
    </trkpt>
    <trkpt lat="42.279964" lon="-2.967574">
      <ele>1454</ele>
    </trkpt>
    <trkpt lat="42.280141" lon="-2.96714">
      <ele>1456.3</ele>
    </trkpt>
    <trkpt lat="42.280233" lon="-2.966838">
      <ele>1458.3</ele>
    </trkpt>
    <trkpt lat="42.280276" lon="-2.966314">
      <ele>1461.6</ele>
    </trkpt>
    <trkpt lat="42.280412" lon="-2.965464">
      <ele>1467</ele>
    </trkpt>
    <trkpt lat="42.280562" lon="-2.964979">
      <ele>1469.9</ele>
    </trkpt>
    <trkpt lat="42.280579" lon="-2.964849">
      <ele>1470.5</ele>
    </trkpt>
    <trkpt lat="42.280574" lon="-2.964785">
      <ele>1470.7</ele>
    </trkpt>
    <trkpt lat="42.280533" lon="-2.964701">
      <ele>1471</ele>
    </trkpt>
    <trkpt lat="42.28017" lon="-2.964354">
      <ele>1471.4</ele>
    </trkpt>
    <trkpt lat="42.280019" lon="-2.963999">
      <ele>1470.3</ele>
    </trkpt>
    <trkpt lat="42.279986" lon="-2.963723">
      <ele>1469</ele>
    </trkpt>
    <trkpt lat="42.28004" lon="-2.963639">
      <ele>1468.3</ele>
    </trkpt>
    <trkpt lat="42.280596" lon="-2.963204">
      <ele>1462.3</ele>
    </trkpt>
    <trkpt lat="42.280908" lon="-2.962872">
      <ele>1457.9</ele>
    </trkpt>
    <trkpt lat="42.281001" lon="-2.96268">
      <ele>1456</ele>
    </trkpt>
    <trkpt lat="42.281305" lon="-2.961852">
      <ele>1450.4</ele>
    </trkpt>
    <trkpt lat="42.281713" lon="-2.961033">
      <ele>1445</ele>
    </trkpt>
    <trkpt lat="42.281806" lon="-2.960917">
      <ele>1443.6</ele>
    </trkpt>
    <trkpt lat="42.281857" lon="-2.960903">
      <ele>1443</ele>
    </trkpt>
    <trkpt lat="42.281952" lon="-2.960932">
      <ele>1441.8</ele>
    </trkpt>
    <trkpt lat="42.282035" lon="-2.961045">
      <ele>1440.2</ele>
    </trkpt>
    <trkpt lat="42.282065" lon="-2.961134">
      <ele>1439.2</ele>
    </trkpt>
    <trkpt lat="42.282221" lon="-2.961629">
      <ele>1433.2</ele>
    </trkpt>
    <trkpt lat="42.28297" lon="-2.963408">
      <ele>1410.1</ele>
    </trkpt>
    <trkpt lat="42.283119" lon="-2.963716">
      <ele>1407.1</ele>
    </trkpt>
    <trkpt lat="42.284019" lon="-2.965306">
      <ele>1396.7</ele>
    </trkpt>
    <trkpt lat="42.284189" lon="-2.965697">
      <ele>1396.5</ele>
    </trkpt>
    <trkpt lat="42.284394" lon="-2.966349">
      <ele>1398.1</ele>
    </trkpt>
    <trkpt lat="42.284613" lon="-2.966435">
      <ele>1399.7</ele>
    </trkpt>
    <trkpt lat="42.28492" lon="-2.966261">
      <ele>1402.8</ele>
    </trkpt>
    <trkpt lat="42.285099" lon="-2.966097">
      <ele>1405.3</ele>
    </trkpt>
    <trkpt lat="42.28548" lon="-2.965955">
      <ele>1410.8</ele>
    </trkpt>
    <trkpt lat="42.285638" lon="-2.965848">
      <ele>1413.1</ele>
    </trkpt>
    <trkpt lat="42.285857" lon="-2.965762">
      <ele>1415.5</ele>
    </trkpt>
    <trkpt lat="42.286097" lon="-2.965794">
      <ele>1417.3</ele>
    </trkpt>
    <trkpt lat="42.286297" lon="-2.965781">
      <ele>1418.3</ele>
    </trkpt>
    <trkpt lat="42.286521" lon="-2.965722">
      <ele>1419.1</ele>
    </trkpt>
    <trkpt lat="42.286587" lon="-2.965756">
      <ele>1419.3</ele>
    </trkpt>
    <trkpt lat="42.286629" lon="-2.965829">
      <ele>1419.4</ele>
    </trkpt>
    <trkpt lat="42.286656" lon="-2.966159">
      <ele>1420</ele>
    </trkpt>
    <trkpt lat="42.286724" lon="-2.966406">
      <ele>1420.3</ele>
    </trkpt>
    <trkpt lat="42.286839" lon="-2.966639">
      <ele>1420.9</ele>
    </trkpt>
    <trkpt lat="42.287037" lon="-2.966905">
      <ele>1422</ele>
    </trkpt>
    <trkpt lat="42.287567" lon="-2.967398">
      <ele>1423.6</ele>
    </trkpt>
    <trkpt lat="42.287674" lon="-2.967538">
      <ele>1424.3</ele>
    </trkpt>
    <trkpt lat="42.287736" lon="-2.967535">
      <ele>1424.8</ele>
    </trkpt>
    <trkpt lat="42.287748" lon="-2.9675">
      <ele>1425</ele>
    </trkpt>
    <trkpt lat="42.28772" lon="-2.967441">
      <ele>1425.3</ele>
    </trkpt>
    <trkpt lat="42.287643" lon="-2.96735">
      <ele>1426.2</ele>
    </trkpt>
    <trkpt lat="42.287295" lon="-2.966778">
      <ele>1431.3</ele>
    </trkpt>
    <trkpt lat="42.287202" lon="-2.966559">
      <ele>1433.4</ele>
    </trkpt>
    <trkpt lat="42.287129" lon="-2.966207">
      <ele>1436.1</ele>
    </trkpt>
    <trkpt lat="42.287077" lon="-2.965781">
      <ele>1439.7</ele>
    </trkpt>
    <trkpt lat="42.287146" lon="-2.965389">
      <ele>1443.8</ele>
    </trkpt>
    <trkpt lat="42.28714" lon="-2.965276">
      <ele>1445</ele>
    </trkpt>
    <trkpt lat="42.287095" lon="-2.965196">
      <ele>1446.1</ele>
    </trkpt>
    <trkpt lat="42.286648" lon="-2.965003">
      <ele>1452.8</ele>
    </trkpt>
    <trkpt lat="42.286367" lon="-2.964834">
      <ele>1456.4</ele>
    </trkpt>
    <trkpt lat="42.285817" lon="-2.964625">
      <ele>1461.3</ele>
    </trkpt>
    <trkpt lat="42.285611" lon="-2.964643">
      <ele>1462.6</ele>
    </trkpt>
    <trkpt lat="42.285301" lon="-2.964609">
      <ele>1464.4</ele>
    </trkpt>
    <trkpt lat="42.285041" lon="-2.964517">
      <ele>1465.9</ele>
    </trkpt>
    <trkpt lat="42.284793" lon="-2.964295">
      <ele>1467.9</ele>
    </trkpt>
    <trkpt lat="42.284769" lon="-2.964217">
      <ele>1468.3</ele>
    </trkpt>
    <trkpt lat="42.284797" lon="-2.964155">
      <ele>1468.7</ele>
    </trkpt>
    <trkpt lat="42.284843" lon="-2.964136">
      <ele>1469</ele>
    </trkpt>
    <trkpt lat="42.28498" lon="-2.964338">
      <ele>1470.6</ele>
    </trkpt>
    <trkpt lat="42.285122" lon="-2.964407">
      <ele>1471.8</ele>
    </trkpt>
    <trkpt lat="42.285567" lon="-2.96437">
      <ele>1476</ele>
    </trkpt>
    <trkpt lat="42.285841" lon="-2.964225">
      <ele>1479</ele>
    </trkpt>
    <trkpt lat="42.286752" lon="-2.964096">
      <ele>1489.2</ele>
    </trkpt>
    <trkpt lat="42.287144" lon="-2.964067">
      <ele>1493</ele>
    </trkpt>
    <trkpt lat="42.287399" lon="-2.964104">
      <ele>1495.2</ele>
    </trkpt>
    <trkpt lat="42.287605" lon="-2.964185">
      <ele>1496.9</ele>
    </trkpt>
    <trkpt lat="42.287698" lon="-2.964255">
      <ele>1497.7</ele>
    </trkpt>
    <trkpt lat="42.288095" lon="-2.965054">
      <ele>1502.6</ele>
    </trkpt>
    <trkpt lat="42.288369" lon="-2.965665">
      <ele>1505.7</ele>
    </trkpt>
    <trkpt lat="42.28852" lon="-2.965867">
      <ele>1506.8</ele>
    </trkpt>
    <trkpt lat="42.288637" lon="-2.966091">
      <ele>1508</ele>
    </trkpt>
    <trkpt lat="42.288662" lon="-2.966188">
      <ele>1508.4</ele>
    </trkpt>
    <trkpt lat="42.288728" lon="-2.966204">
      <ele>1508.9</ele>
    </trkpt>
    <trkpt lat="42.288748" lon="-2.966156">
      <ele>1509.3</ele>
    </trkpt>
    <trkpt lat="42.288734" lon="-2.966086">
      <ele>1509.5</ele>
    </trkpt>
    <trkpt lat="42.288612" lon="-2.965868">
      <ele>1511.2</ele>
    </trkpt>
    <trkpt lat="42.288486" lon="-2.965427">
      <ele>1514.7</ele>
    </trkpt>
    <trkpt lat="42.288441" lon="-2.965141">
      <ele>1517.1</ele>
    </trkpt>
    <trkpt lat="42.288383" lon="-2.96426">
      <ele>1525.8</ele>
    </trkpt>
    <trkpt lat="42.288419" lon="-2.963999">
      <ele>1528.5</ele>
    </trkpt>
    <trkpt lat="42.28853" lon="-2.963644">
      <ele>1532.2</ele>
    </trkpt>
    <trkpt lat="42.288591" lon="-2.963576">
      <ele>1533.1</ele>
    </trkpt>
    <trkpt lat="42.2887" lon="-2.963519">
      <ele>1534.3</ele>
    </trkpt>
    <trkpt lat="42.288839" lon="-2.963498">
      <ele>1535.5</ele>
    </trkpt>
    <trkpt lat="42.288936" lon="-2.963451">
      <ele>1536.4</ele>
    </trkpt>
    <trkpt lat="42.289074" lon="-2.96332">
      <ele>1537.6</ele>
    </trkpt>
    <trkpt lat="42.289434" lon="-2.962994">
      <ele>1539.4</ele>
    </trkpt>
    <trkpt lat="42.289552" lon="-2.962966">
      <ele>1539.6</ele>
    </trkpt>
    <trkpt lat="42.289756" lon="-2.962919">
      <ele>1539.3</ele>
    </trkpt>
    <trkpt lat="42.28991" lon="-2.962988">
      <ele>1538.8</ele>
    </trkpt>
    <trkpt lat="42.290014" lon="-2.96323">
      <ele>1537.8</ele>
    </trkpt>
    <trkpt lat="42.290097" lon="-2.963611">
      <ele>1536.1</ele>
    </trkpt>
    <trkpt lat="42.290208" lon="-2.963745">
      <ele>1535.2</ele>
    </trkpt>
    <trkpt lat="42.290684" lon="-2.963847">
      <ele>1532.8</ele>
    </trkpt>
    <trkpt lat="42.291232" lon="-2.963825">
      <ele>1530.1</ele>
    </trkpt>
    <trkpt lat="42.291466" lon="-2.963734">
      <ele>1529</ele>
    </trkpt>
    <trkpt lat="42.292954" lon="-2.962806">
      <ele>1522</ele>
    </trkpt>
    <trkpt lat="42.293375" lon="-2.962597">
      <ele>1520</ele>
    </trkpt>
    <trkpt lat="42.293934" lon="-2.962264">
      <ele>1516.9</ele>
    </trkpt>
    <trkpt lat="42.294625" lon="-2.961706">
      <ele>1514.1</ele>
    </trkpt>
    <trkpt lat="42.294756" lon="-2.961637">
      <ele>1513.8</ele>
    </trkpt>
    <trkpt lat="42.294852" lon="-2.961601">
      <ele>1513.5</ele>
    </trkpt>
    <trkpt lat="42.295023" lon="-2.961661">
      <ele>1513.1</ele>
    </trkpt>
    <trkpt lat="42.29533" lon="-2.961579">
      <ele>1512.5</ele>
    </trkpt>
    <trkpt lat="42.296045" lon="-2.961531">
      <ele>1511.3</ele>
    </trkpt>
    <trkpt lat="42.296713" lon="-2.961579">
      <ele>1508.7</ele>
    </trkpt>
    <trkpt lat="42.297001" lon="-2.961653">
      <ele>1507.2</ele>
    </trkpt>
    <trkpt lat="42.297398" lon="-2.961921">
      <ele>1504.3</ele>
    </trkpt>
    <trkpt lat="42.297979" lon="-2.962368">
      <ele>1498.2</ele>
    </trkpt>
    <trkpt lat="42.298261" lon="-2.96249">
      <ele>1495</ele>
    </trkpt>
    <trkpt lat="42.298526" lon="-2.962677">
      <ele>1491.6</ele>
    </trkpt>
    <trkpt lat="42.298794" lon="-2.96297">
      <ele>1487.3</ele>
    </trkpt>
    <trkpt lat="42.298968" lon="-2.963195">
      <ele>1484.1</ele>
    </trkpt>
    <trkpt lat="42.299077" lon="-2.963425">
      <ele>1481.3</ele>
    </trkpt>
    <trkpt lat="42.299137" lon="-2.963758">
      <ele>1477.8</ele>
    </trkpt>
    <trkpt lat="42.29921" lon="-2.964434">
      <ele>1471</ele>
    </trkpt>
    <trkpt lat="42.299179" lon="-2.965214">
      <ele>1463.9</ele>
    </trkpt>
    <trkpt lat="42.299212" lon="-2.96581">
      <ele>1458.6</ele>
    </trkpt>
    <trkpt lat="42.299295" lon="-2.966309">
      <ele>1454.9</ele>
    </trkpt>
    <trkpt lat="42.299355" lon="-2.966927">
      <ele>1451.4</ele>
    </trkpt>
    <trkpt lat="42.299513" lon="-2.967186">
      <ele>1449.8</ele>
    </trkpt>
    <trkpt lat="42.299218" lon="-2.967699">
      <ele>1446.4</ele>
    </trkpt>
    <trkpt lat="42.298958" lon="-2.96804">
      <ele>1442.7</ele>
    </trkpt>
    <trkpt lat="42.298749" lon="-2.968178">
      <ele>1440</ele>
    </trkpt>
    <trkpt lat="42.298913" lon="-2.968394">
      <ele>1437</ele>
    </trkpt>
    <trkpt lat="42.299001" lon="-2.968813">
      <ele>1432</ele>
    </trkpt>
    <trkpt lat="42.29909" lon="-2.968973">
      <ele>1429.4</ele>
    </trkpt>
    <trkpt lat="42.30003" lon="-2.970104">
      <ele>1407.9</ele>
    </trkpt>
    <trkpt lat="42.301075" lon="-2.971486">
      <ele>1395.3</ele>
    </trkpt>
    <trkpt lat="42.301931" lon="-2.97293">
      <ele>1384.5</ele>
    </trkpt>
    <trkpt lat="42.302733" lon="-2.974507">
      <ele>1376.8</ele>
    </trkpt>
    <trkpt lat="42.302787" lon="-2.974525">
      <ele>1376.5</ele>
    </trkpt>
    <trkpt lat="42.303017" lon="-2.974889">
      <ele>1374.2</ele>
    </trkpt>
    <trkpt lat="42.303557" lon="-2.975386">
      <ele>1368.4</ele>
    </trkpt>
    <trkpt lat="42.303639" lon="-2.976241">
      <ele>1360.3</ele>
    </trkpt>
    <trkpt lat="42.303598" lon="-2.976824">
      <ele>1353.8</ele>
    </trkpt>
    <trkpt lat="42.303441" lon="-2.977733">
      <ele>1342.9</ele>
    </trkpt>
    <trkpt lat="42.303351" lon="-2.978006">
      <ele>1339.4</ele>
    </trkpt>
    <trkpt lat="42.303122" lon="-2.980372">
      <ele>1315</ele>
    </trkpt>
    <trkpt lat="42.303243" lon="-2.9811">
      <ele>1308.1</ele>
    </trkpt>
    <trkpt lat="42.303473" lon="-2.981901">
      <ele>1299.9</ele>
    </trkpt>
    <trkpt lat="42.304081" lon="-2.982926">
      <ele>1287.4</ele>
    </trkpt>
    <trkpt lat="42.30446" lon="-2.983436">
      <ele>1280.3</ele>
    </trkpt>
    <trkpt lat="42.304812" lon="-2.983761">
      <ele>1274.3</ele>
    </trkpt>
    <trkpt lat="42.304836" lon="-2.983794">
      <ele>1273.8</ele>
    </trkpt>
    <trkpt lat="42.304972" lon="-2.983981">
      <ele>1270.8</ele>
    </trkpt>
    <trkpt lat="42.305125" lon="-2.984035">
      <ele>1268.2</ele>
    </trkpt>
    <trkpt lat="42.305324" lon="-2.984013">
      <ele>1264.9</ele>
    </trkpt>
    <trkpt lat="42.305763" lon="-2.98383">
      <ele>1257</ele>
    </trkpt>
    <trkpt lat="42.306192" lon="-2.983786">
      <ele>1250.6</ele>
    </trkpt>
    <trkpt lat="42.306288" lon="-2.983815">
      <ele>1249.4</ele>
    </trkpt>
    <trkpt lat="42.306391" lon="-2.983933">
      <ele>1247.9</ele>
    </trkpt>
    <trkpt lat="42.306499" lon="-2.98385">
      <ele>1246.6</ele>
    </trkpt>
    <trkpt lat="42.306668" lon="-2.982927">
      <ele>1244</ele>
    </trkpt>
    <trkpt lat="42.306668" lon="-2.982405">
      <ele>1244.3</ele>
    </trkpt>
    <trkpt lat="42.306585" lon="-2.982224">
      <ele>1244.4</ele>
    </trkpt>
    <trkpt lat="42.306546" lon="-2.981711">
      <ele>1243.4</ele>
    </trkpt>
    <trkpt lat="42.306553" lon="-2.981243">
      <ele>1240.7</ele>
    </trkpt>
    <trkpt lat="42.306608" lon="-2.981111">
      <ele>1239.6</ele>
    </trkpt>
    <trkpt lat="42.306711" lon="-2.980977">
      <ele>1237.9</ele>
    </trkpt>
    <trkpt lat="42.307003" lon="-2.980989">
      <ele>1234</ele>
    </trkpt>
    <trkpt lat="42.307283" lon="-2.980724">
      <ele>1228.7</ele>
    </trkpt>
    <trkpt lat="42.307419" lon="-2.980682">
      <ele>1226.4</ele>
    </trkpt>
    <trkpt lat="42.307724" lon="-2.980779">
      <ele>1221.4</ele>
    </trkpt>
    <trkpt lat="42.307799" lon="-2.980733">
      <ele>1220.1</ele>
    </trkpt>
    <trkpt lat="42.307805" lon="-2.98064">
      <ele>1219.1</ele>
    </trkpt>
    <trkpt lat="42.307702" lon="-2.980132">
      <ele>1213.2</ele>
    </trkpt>
    <trkpt lat="42.30778" lon="-2.979922">
      <ele>1210.6</ele>
    </trkpt>
    <trkpt lat="42.308209" lon="-2.979485">
      <ele>1201.2</ele>
    </trkpt>
    <trkpt lat="42.308423" lon="-2.979426">
      <ele>1196.4</ele>
    </trkpt>
    <trkpt lat="42.3086" lon="-2.979472">
      <ele>1191.9</ele>
    </trkpt>
    <trkpt lat="42.308672" lon="-2.979577">
      <ele>1189</ele>
    </trkpt>
    <trkpt lat="42.308697" lon="-2.979745">
      <ele>1185.4</ele>
    </trkpt>
    <trkpt lat="42.308694" lon="-2.979964">
      <ele>1180.3</ele>
    </trkpt>
    <trkpt lat="42.308768" lon="-2.980199">
      <ele>1173.9</ele>
    </trkpt>
    <trkpt lat="42.308939" lon="-2.980334">
      <ele>1166.7</ele>
    </trkpt>
    <trkpt lat="42.309194" lon="-2.980367">
      <ele>1157.1</ele>
    </trkpt>
    <trkpt lat="42.309511" lon="-2.980506">
      <ele>1144.6</ele>
    </trkpt>
    <trkpt lat="42.309735" lon="-2.980556">
      <ele>1136.3</ele>
    </trkpt>
    <trkpt lat="42.309984" lon="-2.980758">
      <ele>1126.2</ele>
    </trkpt>
    <trkpt lat="42.310127" lon="-2.980922">
      <ele>1119.9</ele>
    </trkpt>
    <trkpt lat="42.31027" lon="-2.981225">
      <ele>1111.2</ele>
    </trkpt>
    <trkpt lat="42.310229" lon="-2.98133">
      <ele>1108.5</ele>
    </trkpt>
    <trkpt lat="42.310117" lon="-2.981397">
      <ele>1104.7</ele>
    </trkpt>
    <trkpt lat="42.310096" lon="-2.981443">
      <ele>1103.5</ele>
    </trkpt>
    <trkpt lat="42.310326" lon="-2.981977">
      <ele>1090.7</ele>
    </trkpt>
    <trkpt lat="42.31049" lon="-2.982267">
      <ele>1083.9</ele>
    </trkpt>
    <trkpt lat="42.310643" lon="-2.982305">
      <ele>1080.1</ele>
    </trkpt>
    <trkpt lat="42.310846" lon="-2.982249">
      <ele>1075.1</ele>
    </trkpt>
    <trkpt lat="42.31091" lon="-2.982289">
      <ele>1073.5</ele>
    </trkpt>
    <trkpt lat="42.310966" lon="-2.982285">
      <ele>1072.2</ele>
    </trkpt>
    <trkpt lat="42.311167" lon="-2.982119">
      <ele>1067.2</ele>
    </trkpt>
    <trkpt lat="42.311287" lon="-2.982053">
      <ele>1064.7</ele>
    </trkpt>
    <trkpt lat="42.311448" lon="-2.98209">
      <ele>1061.7</ele>
    </trkpt>
    <trkpt lat="42.311571" lon="-2.982213">
      <ele>1059</ele>
    </trkpt>
    <trkpt lat="42.311723" lon="-2.982272">
      <ele>1056.4</ele>
    </trkpt>
    <trkpt lat="42.311808" lon="-2.982414">
      <ele>1054.3</ele>
    </trkpt>
    <trkpt lat="42.311907" lon="-2.982486">
      <ele>1052.5</ele>
    </trkpt>
    <trkpt lat="42.31232" lon="-2.982694">
      <ele>1046.5</ele>
    </trkpt>
    <trkpt lat="42.312675" lon="-2.982828">
      <ele>1042</ele>
    </trkpt>
    <trkpt lat="42.313423" lon="-2.98305">
      <ele>1034.6</ele>
    </trkpt>
    <trkpt lat="42.31353" lon="-2.983181">
      <ele>1033.2</ele>
    </trkpt>
    <trkpt lat="42.313584" lon="-2.983299">
      <ele>1032.2</ele>
    </trkpt>
    <trkpt lat="42.313688" lon="-2.983401">
      <ele>1031</ele>
    </trkpt>
    <trkpt lat="42.313745" lon="-2.983421">
      <ele>1030.5</ele>
    </trkpt>
    <trkpt lat="42.313854" lon="-2.983401">
      <ele>1029.6</ele>
    </trkpt>
    <trkpt lat="42.313992" lon="-2.983295">
      <ele>1028.4</ele>
    </trkpt>
    <trkpt lat="42.31407" lon="-2.983274">
      <ele>1027.8</ele>
    </trkpt>
    <trkpt lat="42.3142" lon="-2.983297">
      <ele>1026.8</ele>
    </trkpt>
    <trkpt lat="42.314269" lon="-2.983351">
      <ele>1026.3</ele>
    </trkpt>
    <trkpt lat="42.314473" lon="-2.983694">
      <ele>1024.3</ele>
    </trkpt>
    <trkpt lat="42.315258" lon="-2.985207">
      <ele>1017.6</ele>
    </trkpt>
    <trkpt lat="42.315705" lon="-2.985982">
      <ele>1015.3</ele>
    </trkpt>
    <trkpt lat="42.315723" lon="-2.986063">
      <ele>1015.1</ele>
    </trkpt>
    <trkpt lat="42.315697" lon="-2.986223">
      <ele>1014.7</ele>
    </trkpt>
    <trkpt lat="42.315435" lon="-2.986602">
      <ele>1013.4</ele>
    </trkpt>
    <trkpt lat="42.315433" lon="-2.986661">
      <ele>1013.3</ele>
    </trkpt>
    <trkpt lat="42.315505" lon="-2.98681">
      <ele>1012.8</ele>
    </trkpt>
    <trkpt lat="42.316226" lon="-2.98737">
      <ele>1009</ele>
    </trkpt>
    <trkpt lat="42.316503" lon="-2.987495">
      <ele>1007.6</ele>
    </trkpt>
    <trkpt lat="42.31665" lon="-2.987621">
      <ele>1007</ele>
    </trkpt>
    <trkpt lat="42.316798" lon="-2.987765">
      <ele>1006.6</ele>
    </trkpt>
    <trkpt lat="42.31696" lon="-2.987981">
      <ele>1006.5</ele>
    </trkpt>
    <trkpt lat="42.317147" lon="-2.988292">
      <ele>1007.1</ele>
    </trkpt>
    <trkpt lat="42.317363" lon="-2.98886">
      <ele>1009</ele>
    </trkpt>
    <trkpt lat="42.317349" lon="-2.989039">
      <ele>1009.7</ele>
    </trkpt>
    <trkpt lat="42.317221" lon="-2.989235">
      <ele>1010.5</ele>
    </trkpt>
    <trkpt lat="42.317229" lon="-2.98955">
      <ele>1011.1</ele>
    </trkpt>
    <trkpt lat="42.317405" lon="-2.989846">
      <ele>1011.2</ele>
    </trkpt>
    <trkpt lat="42.31753" lon="-2.990361">
      <ele>1009.7</ele>
    </trkpt>
    <trkpt lat="42.317548" lon="-2.990399">
      <ele>1009.6</ele>
    </trkpt>
    <trkpt lat="42.317565" lon="-2.990435">
      <ele>1009.4</ele>
    </trkpt>
    <trkpt lat="42.317633" lon="-2.990466">
      <ele>1009</ele>
    </trkpt>
    <trkpt lat="42.317678" lon="-2.990451">
      <ele>1008.7</ele>
    </trkpt>
    <trkpt lat="42.317967" lon="-2.990103">
      <ele>1006</ele>
    </trkpt>
    <trkpt lat="42.318062" lon="-2.990028">
      <ele>1005.2</ele>
    </trkpt>
    <trkpt lat="42.318137" lon="-2.990017">
      <ele>1004.6</ele>
    </trkpt>
    <trkpt lat="42.318259" lon="-2.990077">
      <ele>1003.6</ele>
    </trkpt>
    <trkpt lat="42.318353" lon="-2.99017">
      <ele>1002.9</ele>
    </trkpt>
    <trkpt lat="42.318595" lon="-2.990508">
      <ele>1001.1</ele>
    </trkpt>
    <trkpt lat="42.318624" lon="-2.990624">
      <ele>1000.8</ele>
    </trkpt>
    <trkpt lat="42.318616" lon="-2.991198">
      <ele>1000</ele>
    </trkpt>
    <trkpt lat="42.318692" lon="-2.991427">
      <ele>999.8</ele>
    </trkpt>
    <trkpt lat="42.318749" lon="-2.991493">
      <ele>999.8</ele>
    </trkpt>
    <trkpt lat="42.319018" lon="-2.991585">
      <ele>999.2</ele>
    </trkpt>
    <trkpt lat="42.319079" lon="-2.991645">
      <ele>998.9</ele>
    </trkpt>
    <trkpt lat="42.319179" lon="-2.991846">
      <ele>998</ele>
    </trkpt>
    <trkpt lat="42.319275" lon="-2.992362">
      <ele>994.8</ele>
    </trkpt>
    <trkpt lat="42.319307" lon="-2.992437">
      <ele>994.3</ele>
    </trkpt>
    <trkpt lat="42.319429" lon="-2.992518">
      <ele>993.1</ele>
    </trkpt>
    <trkpt lat="42.319497" lon="-2.992514">
      <ele>992.4</ele>
    </trkpt>
    <trkpt lat="42.319578" lon="-2.99249">
      <ele>991.7</ele>
    </trkpt>
    <trkpt lat="42.319861" lon="-2.992277">
      <ele>988.6</ele>
    </trkpt>
    <trkpt lat="42.319964" lon="-2.992258">
      <ele>987.7</ele>
    </trkpt>
    <trkpt lat="42.320129" lon="-2.992279">
      <ele>986.3</ele>
    </trkpt>
    <trkpt lat="42.320219" lon="-2.992329">
      <ele>985.6</ele>
    </trkpt>
    <trkpt lat="42.320318" lon="-2.992433">
      <ele>984.7</ele>
    </trkpt>
    <trkpt lat="42.320419" lon="-2.992593">
      <ele>983.8</ele>
    </trkpt>
    <trkpt lat="42.321132" lon="-2.99399">
      <ele>980.2</ele>
    </trkpt>
    <trkpt lat="42.321277" lon="-2.994181">
      <ele>979.4</ele>
    </trkpt>
    <trkpt lat="42.321655" lon="-2.994558">
      <ele>977.3</ele>
    </trkpt>
    <trkpt lat="42.322089" lon="-2.99482">
      <ele>975.3</ele>
    </trkpt>
    <trkpt lat="42.322212" lon="-2.994927">
      <ele>974.8</ele>
    </trkpt>
    <trkpt lat="42.322345" lon="-2.995177">
      <ele>974.2</ele>
    </trkpt>
    <trkpt lat="42.3224" lon="-2.995375">
      <ele>974.1</ele>
    </trkpt>
    <trkpt lat="42.322426" lon="-2.995645">
      <ele>974.1</ele>
    </trkpt>
    <trkpt lat="42.322464" lon="-2.996836">
      <ele>973</ele>
    </trkpt>
    <trkpt lat="42.322532" lon="-2.997187">
      <ele>971.8</ele>
    </trkpt>
    <trkpt lat="42.322711" lon="-2.997685">
      <ele>969.2</ele>
    </trkpt>
    <trkpt lat="42.322823" lon="-2.997857">
      <ele>967.9</ele>
    </trkpt>
    <trkpt lat="42.323148" lon="-2.998223">
      <ele>964.5</ele>
    </trkpt>
    <trkpt lat="42.323422" lon="-2.999144">
      <ele>959.7</ele>
    </trkpt>
    <trkpt lat="42.323495" lon="-2.999327">
      <ele>959.1</ele>
    </trkpt>
    <trkpt lat="42.323692" lon="-2.999614">
      <ele>958.3</ele>
    </trkpt>
    <trkpt lat="42.323764" lon="-2.999783">
      <ele>958</ele>
    </trkpt>
    <trkpt lat="42.323796" lon="-2.999977">
      <ele>957.6</ele>
    </trkpt>
    <trkpt lat="42.323762" lon="-3.000308">
      <ele>957.1</ele>
    </trkpt>
    <trkpt lat="42.323778" lon="-3.000445">
      <ele>956.9</ele>
    </trkpt>
    <trkpt lat="42.323816" lon="-3.000579">
      <ele>956.7</ele>
    </trkpt>
    <trkpt lat="42.324239" lon="-3.001251">
      <ele>953.7</ele>
    </trkpt>
    <trkpt lat="42.324315" lon="-3.001445">
      <ele>952</ele>
    </trkpt>
    <trkpt lat="42.324367" lon="-3.001775">
      <ele>948.3</ele>
    </trkpt>
    <trkpt lat="42.324371" lon="-3.001952">
      <ele>946.2</ele>
    </trkpt>
    <trkpt lat="42.324429" lon="-3.002248">
      <ele>942.4</ele>
    </trkpt>
    <trkpt lat="42.324751" lon="-3.002787">
      <ele>934.3</ele>
    </trkpt>
    <trkpt lat="42.32483" lon="-3.002838">
      <ele>932.8</ele>
    </trkpt>
    <trkpt lat="42.324877" lon="-3.003031">
      <ele>930.3</ele>
    </trkpt>
    <trkpt lat="42.324877" lon="-3.003213">
      <ele>928</ele>
    </trkpt>
    <trkpt lat="42.324661" lon="-3.004177">
      <ele>914.9</ele>
    </trkpt>
    <trkpt lat="42.324675" lon="-3.004523">
      <ele>911.7</ele>
    </trkpt>
    <trkpt lat="42.325229" lon="-3.00496">
      <ele>903.8</ele>
    </trkpt>
    <trkpt lat="42.325431" lon="-3.005434">
      <ele>897.7</ele>
    </trkpt>
    <trkpt lat="42.325499" lon="-3.005816">
      <ele>893.1</ele>
    </trkpt>
    <trkpt lat="42.325485" lon="-3.006126">
      <ele>889.4</ele>
    </trkpt>
    <trkpt lat="42.325229" lon="-3.007145">
      <ele>876.4</ele>
    </trkpt>
    <trkpt lat="42.325255" lon="-3.007454">
      <ele>872.2</ele>
    </trkpt>
    <trkpt lat="42.325431" lon="-3.007946">
      <ele>864.3</ele>
    </trkpt>
    <trkpt lat="42.325458" lon="-3.008164">
      <ele>861</ele>
    </trkpt>
    <trkpt lat="42.325431" lon="-3.008437">
      <ele>856.8</ele>
    </trkpt>
    <trkpt lat="42.325296" lon="-3.008911">
      <ele>849.2</ele>
    </trkpt>
    <trkpt lat="42.325134" lon="-3.009275">
      <ele>843.2</ele>
    </trkpt>
    <trkpt lat="42.32512" lon="-3.009584">
      <ele>839.4</ele>
    </trkpt>
    <trkpt lat="42.324892" lon="-3.010345">
      <ele>830.3</ele>
    </trkpt>
    <trkpt lat="42.324562" lon="-3.010706">
      <ele>825.5</ele>
    </trkpt>
    <trkpt lat="42.32444" lon="-3.010865">
      <ele>823.9</ele>
    </trkpt>
    <trkpt lat="42.324527" lon="-3.010848">
      <ele>823.1</ele>
    </trkpt>
    <trkpt lat="42.324666" lon="-3.010821">
      <ele>822</ele>
    </trkpt>
    <trkpt lat="42.324922" lon="-3.010707">
      <ele>820</ele>
    </trkpt>
    <trkpt lat="42.32521" lon="-3.01058">
      <ele>817.9</ele>
    </trkpt>
    <trkpt lat="42.3268" lon="-3.009826">
      <ele>809.1</ele>
    </trkpt>
    <trkpt lat="42.327803" lon="-3.009353">
      <ele>806.6</ele>
    </trkpt>
    <trkpt lat="42.328466" lon="-3.009018">
      <ele>806.3</ele>
    </trkpt>
    <trkpt lat="42.328552" lon="-3.008975">
      <ele>806.4</ele>
    </trkpt>
    <trkpt lat="42.328629" lon="-3.008936">
      <ele>806.4</ele>
    </trkpt>
    <trkpt lat="42.329473" lon="-3.008515">
      <ele>807</ele>
    </trkpt>
    <trkpt lat="42.32984" lon="-3.008479">
      <ele>807.5</ele>
    </trkpt>
    <trkpt lat="42.329968" lon="-3.008428">
      <ele>807.7</ele>
    </trkpt>
    <trkpt lat="42.330104" lon="-3.008398">
      <ele>807.7</ele>
    </trkpt>
    <trkpt lat="42.330385" lon="-3.008253">
      <ele>807.7</ele>
    </trkpt>
    <trkpt lat="42.330499" lon="-3.008146">
      <ele>807.6</ele>
    </trkpt>
    <trkpt lat="42.330607" lon="-3.008059">
      <ele>807.5</ele>
    </trkpt>
    <trkpt lat="42.330704" lon="-3.008033">
      <ele>807.5</ele>
    </trkpt>
    <trkpt lat="42.330607" lon="-3.008059">
      <ele>807.4</ele>
    </trkpt>
    <trkpt lat="42.330499" lon="-3.008146">
      <ele>807.2</ele>
    </trkpt>
    <trkpt lat="42.330385" lon="-3.008253">
      <ele>807.1</ele>
    </trkpt>
    <trkpt lat="42.330104" lon="-3.008398">
      <ele>806.7</ele>
    </trkpt>
    <trkpt lat="42.330279" lon="-3.008386">
      <ele>806.5</ele>
    </trkpt>
    <trkpt lat="42.331366" lon="-3.008485">
      <ele>803.9</ele>
    </trkpt>
    <trkpt lat="42.331869" lon="-3.008495">
      <ele>803.4</ele>
    </trkpt>
    <trkpt lat="42.333855" lon="-3.008616">
      <ele>803.6</ele>
    </trkpt>
    <trkpt lat="42.334262" lon="-3.008596">
      <ele>803.8</ele>
    </trkpt>
    <trkpt lat="42.335714" lon="-3.008082">
      <ele>804.5</ele>
    </trkpt>
    <trkpt lat="42.336006" lon="-3.007857">
      <ele>804.6</ele>
    </trkpt>
    <trkpt lat="42.336386" lon="-3.007372">
      <ele>804.7</ele>
    </trkpt>
    <trkpt lat="42.337975" lon="-3.005047">
      <ele>802.8</ele>
    </trkpt>
    <trkpt lat="42.339286" lon="-3.002691">
      <ele>799</ele>
    </trkpt>
    <trkpt lat="42.339604" lon="-3.00221">
      <ele>797.8</ele>
    </trkpt>
    <trkpt lat="42.339796" lon="-3.001974">
      <ele>797.1</ele>
    </trkpt>
    <trkpt lat="42.340041" lon="-3.001758">
      <ele>796.4</ele>
    </trkpt>
    <trkpt lat="42.340901" lon="-3.001154">
      <ele>796.2</ele>
    </trkpt>
    <trkpt lat="42.341267" lon="-3.000904">
      <ele>796.9</ele>
    </trkpt>
    <trkpt lat="42.341702" lon="-3.000532">
      <ele>798.1</ele>
    </trkpt>
    <trkpt lat="42.343427" lon="-2.997995">
      <ele>800.6</ele>
    </trkpt>
    <trkpt lat="42.344121" lon="-2.996891">
      <ele>801.8</ele>
    </trkpt>
    <trkpt lat="42.344801" lon="-2.996043">
      <ele>801.8</ele>
    </trkpt>
    <trkpt lat="42.345504" lon="-2.995456">
      <ele>799.7</ele>
    </trkpt>
    <trkpt lat="42.346035" lon="-2.995233">
      <ele>797.7</ele>
    </trkpt>
    <trkpt lat="42.347773" lon="-2.994698">
      <ele>792</ele>
    </trkpt>
    <trkpt lat="42.348071" lon="-2.994649">
      <ele>790.9</ele>
    </trkpt>
    <trkpt lat="42.349101" lon="-2.994686">
      <ele>785.9</ele>
    </trkpt>
    <trkpt lat="42.34936" lon="-2.994656">
      <ele>784.6</ele>
    </trkpt>
    <trkpt lat="42.349462" lon="-2.994714">
      <ele>784.1</ele>
    </trkpt>
    <trkpt lat="42.349555" lon="-2.994822">
      <ele>783.5</ele>
    </trkpt>
    <trkpt lat="42.349705" lon="-2.994887">
      <ele>782.8</ele>
    </trkpt>
    <trkpt lat="42.350787" lon="-2.995221">
      <ele>781.1</ele>
    </trkpt>
    <trkpt lat="42.350853" lon="-2.995222">
      <ele>781.3</ele>
    </trkpt>
    <trkpt lat="42.351514" lon="-2.995217">
      <ele>783.3</ele>
    </trkpt>
    <trkpt lat="42.351726" lon="-2.995143">
      <ele>783.9</ele>
    </trkpt>
    <trkpt lat="42.352166" lon="-2.994894">
      <ele>784.9</ele>
    </trkpt>
    <trkpt lat="42.353088" lon="-2.994193">
      <ele>784.5</ele>
    </trkpt>
    <trkpt lat="42.354543" lon="-2.992732">
      <ele>780.5</ele>
    </trkpt>
    <trkpt lat="42.354951" lon="-2.992224">
      <ele>779.3</ele>
    </trkpt>
    <trkpt lat="42.356492" lon="-2.99052">
      <ele>775.1</ele>
    </trkpt>
    <trkpt lat="42.358027" lon="-2.98849">
      <ele>776.7</ele>
    </trkpt>
    <trkpt lat="42.358705" lon="-2.98774">
      <ele>777.5</ele>
    </trkpt>
    <trkpt lat="42.36031" lon="-2.985701">
      <ele>778</ele>
    </trkpt>
    <trkpt lat="42.363228" lon="-2.983802">
      <ele>770</ele>
    </trkpt>
    <trkpt lat="42.363343" lon="-2.983769">
      <ele>769.7</ele>
    </trkpt>
    <trkpt lat="42.365348" lon="-2.982447">
      <ele>764.2</ele>
    </trkpt>
    <trkpt lat="42.368175" lon="-2.980676">
      <ele>758</ele>
    </trkpt>
    <trkpt lat="42.36922" lon="-2.979976">
      <ele>756.5</ele>
    </trkpt>
    <trkpt lat="42.370238" lon="-2.979059">
      <ele>755.2</ele>
    </trkpt>
    <trkpt lat="42.370398" lon="-2.978918">
      <ele>755.1</ele>
    </trkpt>
    <trkpt lat="42.370602" lon="-2.978699">
      <ele>755</ele>
    </trkpt>
    <trkpt lat="42.370803" lon="-2.978564">
      <ele>755</ele>
    </trkpt>
    <trkpt lat="42.372472" lon="-2.977057">
      <ele>755.1</ele>
    </trkpt>
    <trkpt lat="42.374087" lon="-2.975895">
      <ele>751.5</ele>
    </trkpt>
    <trkpt lat="42.379346" lon="-2.972439">
      <ele>740.6</ele>
    </trkpt>
    <trkpt lat="42.381236" lon="-2.971196">
      <ele>735.9</ele>
    </trkpt>
    <trkpt lat="42.382615" lon="-2.970445">
      <ele>732.4</ele>
    </trkpt>
    <trkpt lat="42.383304" lon="-2.970176">
      <ele>729.3</ele>
    </trkpt>
    <trkpt lat="42.384097" lon="-2.969994">
      <ele>726</ele>
    </trkpt>
    <trkpt lat="42.387507" lon="-2.969686">
      <ele>723.2</ele>
    </trkpt>
    <trkpt lat="42.388463" lon="-2.96963">
      <ele>721.1</ele>
    </trkpt>
    <trkpt lat="42.390066" lon="-2.969456">
      <ele>717.2</ele>
    </trkpt>
    <trkpt lat="42.390273" lon="-2.969434">
      <ele>716.9</ele>
    </trkpt>
    <trkpt lat="42.391244" lon="-2.969329">
      <ele>715.5</ele>
    </trkpt>
    <trkpt lat="42.393881" lon="-2.968341">
      <ele>711.7</ele>
    </trkpt>
    <trkpt lat="42.395169" lon="-2.967894">
      <ele>708.1</ele>
    </trkpt>
    <trkpt lat="42.398019" lon="-2.966821">
      <ele>698.9</ele>
    </trkpt>
    <trkpt lat="42.401141" lon="-2.965166">
      <ele>693.4</ele>
    </trkpt>
    <trkpt lat="42.402979" lon="-2.964275">
      <ele>690.2</ele>
    </trkpt>
    <trkpt lat="42.403937" lon="-2.963707">
      <ele>688.6</ele>
    </trkpt>
    <trkpt lat="42.407218" lon="-2.962023">
      <ele>684</ele>
    </trkpt>
    <trkpt lat="42.412049" lon="-2.959445">
      <ele>676</ele>
    </trkpt>
    <trkpt lat="42.415287" lon="-2.957755">
      <ele>670.4</ele>
    </trkpt>
    <trkpt lat="42.42533" lon="-2.952431">
      <ele>654.9</ele>
    </trkpt>
    <trkpt lat="42.42545" lon="-2.952486">
      <ele>654.7</ele>
    </trkpt>
    <trkpt lat="42.426123" lon="-2.952607">
      <ele>653.9</ele>
    </trkpt>
    <trkpt lat="42.427026" lon="-2.952673">
      <ele>653</ele>
    </trkpt>
    <trkpt lat="42.427713" lon="-2.952744">
      <ele>652.2</ele>
    </trkpt>
    <trkpt lat="42.428196" lon="-2.952821">
      <ele>651.8</ele>
    </trkpt>
    <trkpt lat="42.428595" lon="-2.95292">
      <ele>651.3</ele>
    </trkpt>
    <trkpt lat="42.429306" lon="-2.953111">
      <ele>650.6</ele>
    </trkpt>
    <trkpt lat="42.430035" lon="-2.953363">
      <ele>650</ele>
    </trkpt>
    <trkpt lat="42.430473" lon="-2.953645">
      <ele>649.6</ele>
    </trkpt>
    <trkpt lat="42.430739" lon="-2.953885">
      <ele>649.4</ele>
    </trkpt>
    <trkpt lat="42.431029" lon="-2.954231">
      <ele>649.1</ele>
    </trkpt>
    <trkpt lat="42.432039" lon="-2.954725">
      <ele>648.4</ele>
    </trkpt>
    <trkpt lat="42.432063" lon="-2.954716">
      <ele>648.3</ele>
    </trkpt>
    <trkpt lat="42.433468" lon="-2.956102">
      <ele>647.8</ele>
    </trkpt>
    <trkpt lat="42.43353" lon="-2.956128">
      <ele>647.8</ele>
    </trkpt>
    <trkpt lat="42.433632" lon="-2.955973">
      <ele>647.8</ele>
    </trkpt>
    <trkpt lat="42.43379" lon="-2.955624">
      <ele>647.7</ele>
    </trkpt>
    <trkpt lat="42.433917" lon="-2.955143">
      <ele>647.6</ele>
    </trkpt>
    <trkpt lat="42.434042" lon="-2.955133">
      <ele>647.5</ele>
    </trkpt>
    <trkpt lat="42.435327" lon="-2.95481">
      <ele>646.8</ele>
    </trkpt>
    <trkpt lat="42.436218" lon="-2.95458">
      <ele>646.4</ele>
    </trkpt>
    <trkpt lat="42.436732" lon="-2.954412">
      <ele>646.2</ele>
    </trkpt>
    <trkpt lat="42.436905" lon="-2.95428">
      <ele>646.1</ele>
    </trkpt>
    <trkpt lat="42.436976" lon="-2.954245">
      <ele>646.1</ele>
    </trkpt>
    <trkpt lat="42.437283" lon="-2.954092">
      <ele>645.9</ele>
    </trkpt>
    <trkpt lat="42.437363" lon="-2.954052">
      <ele>645.8</ele>
    </trkpt>
    <trkpt lat="42.437434" lon="-2.954018">
      <ele>645.8</ele>
    </trkpt>
    <trkpt lat="42.437839" lon="-2.953825">
      <ele>645.5</ele>
    </trkpt>
    <trkpt lat="42.438053" lon="-2.953717">
      <ele>645.3</ele>
    </trkpt>
    <trkpt lat="42.438373" lon="-2.953575">
      <ele>645</ele>
    </trkpt>
    <trkpt lat="42.438418" lon="-2.95352">
      <ele>645</ele>
    </trkpt>
    <trkpt lat="42.438419" lon="-2.953447">
      <ele>644.9</ele>
    </trkpt>
    <trkpt lat="42.438419" lon="-2.953352">
      <ele>644.9</ele>
    </trkpt>
    <trkpt lat="42.438419" lon="-2.953241">
      <ele>644.8</ele>
    </trkpt>
    <trkpt lat="42.438432" lon="-2.953061">
      <ele>644.6</ele>
    </trkpt>
    <trkpt lat="42.438486" lon="-2.952973">
      <ele>644.6</ele>
    </trkpt>
    <trkpt lat="42.438522" lon="-2.952951">
      <ele>644.6</ele>
    </trkpt>
    <trkpt lat="42.438613" lon="-2.952961">
      <ele>644.5</ele>
    </trkpt>
    <trkpt lat="42.438972" lon="-2.953158">
      <ele>644.2</ele>
    </trkpt>
    <trkpt lat="42.439009" lon="-2.953181">
      <ele>644.2</ele>
    </trkpt>
    <trkpt lat="42.43903" lon="-2.953123">
      <ele>644.2</ele>
    </trkpt>
    <trkpt lat="42.439052" lon="-2.953121">
      <ele>644.1</ele>
    </trkpt>
    <trkpt lat="42.439097" lon="-2.953169">
      <ele>644.1</ele>
    </trkpt>
    </trkseg>
  </trk>
</gpx>
