<?xml version="1.0" encoding="UTF-8"?>
<gpx version="1.1" creator="fitAI Komoot downloader" xmlns="http://www.topografix.com/GPX/1/1">
  <metadata>
    <name>Valles de los Ríos Leza y Iregua — subida hasta el Puerto de la Rasa - circular</name>
    <desc>175 visitas · Dificultad: difficult · Distancia: 82.4 km · Desnivel +: 1269 m</desc>
    <link href="https://www.komoot.com/smarttour/e989930261"><text>Komoot</text></link>
  </metadata>
  <trk>
    <name>Valles de los Ríos Leza y Iregua — subida hasta el Puerto de la Rasa - circular</name>
    <type>racebike</type>
    <trkseg>
    <trkpt lat="42.358035" lon="-2.473753">
      <ele>535</ele>
    </trkpt>
    <trkpt lat="42.358479" lon="-2.473535">
      <ele>536.1</ele>
    </trkpt>
    <trkpt lat="42.358361" lon="-2.473215">
      <ele>536.9</ele>
    </trkpt>
    <trkpt lat="42.358804" lon="-2.473125">
      <ele>537.9</ele>
    </trkpt>
    <trkpt lat="42.358968" lon="-2.473041">
      <ele>538.3</ele>
    </trkpt>
    <trkpt lat="42.359951" lon="-2.472072">
      <ele>538.4</ele>
    </trkpt>
    <trkpt lat="42.361221" lon="-2.471018">
      <ele>532.4</ele>
    </trkpt>
    <trkpt lat="42.362084" lon="-2.470101">
      <ele>526.3</ele>
    </trkpt>
    <trkpt lat="42.362791" lon="-2.469215">
      <ele>521.9</ele>
    </trkpt>
    <trkpt lat="42.36314" lon="-2.468779">
      <ele>520.5</ele>
    </trkpt>
    <trkpt lat="42.363329" lon="-2.468544">
      <ele>519.9</ele>
    </trkpt>
    <trkpt lat="42.363527" lon="-2.468375">
      <ele>519.5</ele>
    </trkpt>
    <trkpt lat="42.363751" lon="-2.468215">
      <ele>519.4</ele>
    </trkpt>
    <trkpt lat="42.363967" lon="-2.468113">
      <ele>519.3</ele>
    </trkpt>
    <trkpt lat="42.364881" lon="-2.467929">
      <ele>520.4</ele>
    </trkpt>
    <trkpt lat="42.365868" lon="-2.467547">
      <ele>521.9</ele>
    </trkpt>
    <trkpt lat="42.366673" lon="-2.467197">
      <ele>521.4</ele>
    </trkpt>
    <trkpt lat="42.367208" lon="-2.467139">
      <ele>520.3</ele>
    </trkpt>
    <trkpt lat="42.367456" lon="-2.467105">
      <ele>519.6</ele>
    </trkpt>
    <trkpt lat="42.369745" lon="-2.465976">
      <ele>511</ele>
    </trkpt>
    <trkpt lat="42.371486" lon="-2.465117">
      <ele>506.3</ele>
    </trkpt>
    <trkpt lat="42.373687" lon="-2.464076">
      <ele>503.4</ele>
    </trkpt>
    <trkpt lat="42.374385" lon="-2.463746">
      <ele>503.7</ele>
    </trkpt>
    <trkpt lat="42.374767" lon="-2.463452">
      <ele>504.2</ele>
    </trkpt>
    <trkpt lat="42.375137" lon="-2.463097">
      <ele>504.7</ele>
    </trkpt>
    <trkpt lat="42.375619" lon="-2.462553">
      <ele>505.5</ele>
    </trkpt>
    <trkpt lat="42.375926" lon="-2.462297">
      <ele>505.8</ele>
    </trkpt>
    <trkpt lat="42.377746" lon="-2.461199">
      <ele>504.5</ele>
    </trkpt>
    <trkpt lat="42.378117" lon="-2.461099">
      <ele>503.6</ele>
    </trkpt>
    <trkpt lat="42.378961" lon="-2.460959">
      <ele>501</ele>
    </trkpt>
    <trkpt lat="42.381105" lon="-2.460435">
      <ele>493.8</ele>
    </trkpt>
    <trkpt lat="42.381284" lon="-2.460361">
      <ele>493.5</ele>
    </trkpt>
    <trkpt lat="42.382325" lon="-2.45945">
      <ele>492.1</ele>
    </trkpt>
    <trkpt lat="42.382519" lon="-2.45925">
      <ele>492.1</ele>
    </trkpt>
    <trkpt lat="42.383886" lon="-2.457838">
      <ele>492.1</ele>
    </trkpt>
    <trkpt lat="42.38406" lon="-2.457688">
      <ele>492.1</ele>
    </trkpt>
    <trkpt lat="42.384252" lon="-2.457568">
      <ele>492</ele>
    </trkpt>
    <trkpt lat="42.384691" lon="-2.457339">
      <ele>491.8</ele>
    </trkpt>
    <trkpt lat="42.387127" lon="-2.456096">
      <ele>489.8</ele>
    </trkpt>
    <trkpt lat="42.388403" lon="-2.455442">
      <ele>489.3</ele>
    </trkpt>
    <trkpt lat="42.390935" lon="-2.453689">
      <ele>493.5</ele>
    </trkpt>
    <trkpt lat="42.392399" lon="-2.452648">
      <ele>492.3</ele>
    </trkpt>
    <trkpt lat="42.392591" lon="-2.452467">
      <ele>491.7</ele>
    </trkpt>
    <trkpt lat="42.393864" lon="-2.450985">
      <ele>489</ele>
    </trkpt>
    <trkpt lat="42.395962" lon="-2.448542">
      <ele>492.1</ele>
    </trkpt>
    <trkpt lat="42.396089" lon="-2.448351">
      <ele>492.1</ele>
    </trkpt>
    <trkpt lat="42.396936" lon="-2.446774">
      <ele>490.5</ele>
    </trkpt>
    <trkpt lat="42.397229" lon="-2.446268">
      <ele>489.1</ele>
    </trkpt>
    <trkpt lat="42.397382" lon="-2.44605">
      <ele>488.3</ele>
    </trkpt>
    <trkpt lat="42.397557" lon="-2.445866">
      <ele>487.6</ele>
    </trkpt>
    <trkpt lat="42.39772" lon="-2.445762">
      <ele>487</ele>
    </trkpt>
    <trkpt lat="42.399026" lon="-2.445095">
      <ele>481.3</ele>
    </trkpt>
    <trkpt lat="42.399227" lon="-2.444992">
      <ele>480.2</ele>
    </trkpt>
    <trkpt lat="42.400552" lon="-2.444315">
      <ele>474.1</ele>
    </trkpt>
    <trkpt lat="42.400945" lon="-2.44394">
      <ele>472.6</ele>
    </trkpt>
    <trkpt lat="42.401645" lon="-2.442987">
      <ele>469.3</ele>
    </trkpt>
    <trkpt lat="42.402017" lon="-2.442461">
      <ele>467.4</ele>
    </trkpt>
    <trkpt lat="42.402281" lon="-2.442234">
      <ele>466.1</ele>
    </trkpt>
    <trkpt lat="42.402796" lon="-2.441866">
      <ele>463.6</ele>
    </trkpt>
    <trkpt lat="42.403754" lon="-2.440857">
      <ele>458</ele>
    </trkpt>
    <trkpt lat="42.404011" lon="-2.440721">
      <ele>457.1</ele>
    </trkpt>
    <trkpt lat="42.404483" lon="-2.440652">
      <ele>456</ele>
    </trkpt>
    <trkpt lat="42.404608" lon="-2.440651">
      <ele>455.7</ele>
    </trkpt>
    <trkpt lat="42.40479" lon="-2.440629">
      <ele>455.6</ele>
    </trkpt>
    <trkpt lat="42.404877" lon="-2.440569">
      <ele>455.5</ele>
    </trkpt>
    <trkpt lat="42.405125" lon="-2.440292">
      <ele>455.5</ele>
    </trkpt>
    <trkpt lat="42.405037" lon="-2.440121">
      <ele>455.5</ele>
    </trkpt>
    <trkpt lat="42.405017" lon="-2.440088">
      <ele>455.6</ele>
    </trkpt>
    <trkpt lat="42.404739" lon="-2.439628">
      <ele>456.2</ele>
    </trkpt>
    <trkpt lat="42.40453" lon="-2.439371">
      <ele>456.8</ele>
    </trkpt>
    <trkpt lat="42.404478" lon="-2.439263">
      <ele>457</ele>
    </trkpt>
    <trkpt lat="42.404458" lon="-2.439087">
      <ele>457.3</ele>
    </trkpt>
    <trkpt lat="42.404445" lon="-2.438598">
      <ele>458.2</ele>
    </trkpt>
    <trkpt lat="42.404484" lon="-2.438142">
      <ele>459.1</ele>
    </trkpt>
    <trkpt lat="42.404488" lon="-2.438091">
      <ele>459.2</ele>
    </trkpt>
    <trkpt lat="42.404539" lon="-2.437734">
      <ele>459.8</ele>
    </trkpt>
    <trkpt lat="42.404606" lon="-2.437457">
      <ele>460.4</ele>
    </trkpt>
    <trkpt lat="42.404703" lon="-2.437149">
      <ele>461.1</ele>
    </trkpt>
    <trkpt lat="42.404767" lon="-2.436897">
      <ele>461.6</ele>
    </trkpt>
    <trkpt lat="42.4048" lon="-2.43648">
      <ele>462.2</ele>
    </trkpt>
    <trkpt lat="42.40453" lon="-2.43467">
      <ele>466.3</ele>
    </trkpt>
    <trkpt lat="42.4045" lon="-2.434335">
      <ele>467.5</ele>
    </trkpt>
    <trkpt lat="42.404552" lon="-2.433314">
      <ele>471.8</ele>
    </trkpt>
    <trkpt lat="42.404675" lon="-2.431386">
      <ele>484.1</ele>
    </trkpt>
    <trkpt lat="42.404761" lon="-2.430926">
      <ele>487.3</ele>
    </trkpt>
    <trkpt lat="42.404829" lon="-2.430601">
      <ele>489.4</ele>
    </trkpt>
    <trkpt lat="42.404849" lon="-2.430362">
      <ele>490.9</ele>
    </trkpt>
    <trkpt lat="42.404883" lon="-2.429949">
      <ele>492.9</ele>
    </trkpt>
    <trkpt lat="42.404869" lon="-2.429759">
      <ele>493.8</ele>
    </trkpt>
    <trkpt lat="42.404684" lon="-2.428863">
      <ele>496.9</ele>
    </trkpt>
    <trkpt lat="42.404575" lon="-2.428405">
      <ele>497.7</ele>
    </trkpt>
    <trkpt lat="42.404492" lon="-2.427977">
      <ele>497.8</ele>
    </trkpt>
    <trkpt lat="42.404257" lon="-2.426776">
      <ele>496.3</ele>
    </trkpt>
    <trkpt lat="42.404227" lon="-2.426487">
      <ele>495.6</ele>
    </trkpt>
    <trkpt lat="42.40426" lon="-2.425787">
      <ele>494.4</ele>
    </trkpt>
    <trkpt lat="42.404277" lon="-2.425544">
      <ele>494</ele>
    </trkpt>
    <trkpt lat="42.404208" lon="-2.42549">
      <ele>493.9</ele>
    </trkpt>
    <trkpt lat="42.404203" lon="-2.425417">
      <ele>493.8</ele>
    </trkpt>
    <trkpt lat="42.404236" lon="-2.425359">
      <ele>493.7</ele>
    </trkpt>
    <trkpt lat="42.404168" lon="-2.425148">
      <ele>493.2</ele>
    </trkpt>
    <trkpt lat="42.404055" lon="-2.424507">
      <ele>492.1</ele>
    </trkpt>
    <trkpt lat="42.40404" lon="-2.424414">
      <ele>492</ele>
    </trkpt>
    <trkpt lat="42.403978" lon="-2.423995">
      <ele>491.2</ele>
    </trkpt>
    <trkpt lat="42.403819" lon="-2.421134">
      <ele>486.3</ele>
    </trkpt>
    <trkpt lat="42.403754" lon="-2.420392">
      <ele>485.2</ele>
    </trkpt>
    <trkpt lat="42.403525" lon="-2.418297">
      <ele>482.4</ele>
    </trkpt>
    <trkpt lat="42.403483" lon="-2.417907">
      <ele>481.8</ele>
    </trkpt>
    <trkpt lat="42.403316" lon="-2.414801">
      <ele>475.4</ele>
    </trkpt>
    <trkpt lat="42.403071" lon="-2.412172">
      <ele>469</ele>
    </trkpt>
    <trkpt lat="42.402454" lon="-2.409469">
      <ele>463.8</ele>
    </trkpt>
    <trkpt lat="42.402362" lon="-2.407316">
      <ele>460.2</ele>
    </trkpt>
    <trkpt lat="42.402296" lon="-2.405787">
      <ele>458.2</ele>
    </trkpt>
    <trkpt lat="42.40229" lon="-2.405048">
      <ele>457.9</ele>
    </trkpt>
    <trkpt lat="42.402322" lon="-2.404317">
      <ele>458</ele>
    </trkpt>
    <trkpt lat="42.398539" lon="-2.402689">
      <ele>464.9</ele>
    </trkpt>
    <trkpt lat="42.397494" lon="-2.402239">
      <ele>466.2</ele>
    </trkpt>
    <trkpt lat="42.39225" lon="-2.400014">
      <ele>470.1</ele>
    </trkpt>
    <trkpt lat="42.386658" lon="-2.397669">
      <ele>484.5</ele>
    </trkpt>
    <trkpt lat="42.383767" lon="-2.396457">
      <ele>490.9</ele>
    </trkpt>
    <trkpt lat="42.383173" lon="-2.396145">
      <ele>492</ele>
    </trkpt>
    <trkpt lat="42.382532" lon="-2.395725">
      <ele>493.5</ele>
    </trkpt>
    <trkpt lat="42.38198" lon="-2.395275">
      <ele>495.4</ele>
    </trkpt>
    <trkpt lat="42.3807" lon="-2.394086">
      <ele>500.6</ele>
    </trkpt>
    <trkpt lat="42.379029" lon="-2.392534">
      <ele>506.3</ele>
    </trkpt>
    <trkpt lat="42.378964" lon="-2.392474">
      <ele>506.5</ele>
    </trkpt>
    <trkpt lat="42.376231" lon="-2.389952">
      <ele>517.3</ele>
    </trkpt>
    <trkpt lat="42.375715" lon="-2.389539">
      <ele>518.3</ele>
    </trkpt>
    <trkpt lat="42.375214" lon="-2.389299">
      <ele>518.9</ele>
    </trkpt>
    <trkpt lat="42.374453" lon="-2.389015">
      <ele>519.5</ele>
    </trkpt>
    <trkpt lat="42.370067" lon="-2.388143">
      <ele>524.8</ele>
    </trkpt>
    <trkpt lat="42.369403" lon="-2.388039">
      <ele>525.1</ele>
    </trkpt>
    <trkpt lat="42.368565" lon="-2.388074">
      <ele>524.6</ele>
    </trkpt>
    <trkpt lat="42.36344" lon="-2.388564">
      <ele>513.8</ele>
    </trkpt>
    <trkpt lat="42.361552" lon="-2.388756">
      <ele>513.8</ele>
    </trkpt>
    <trkpt lat="42.36112" lon="-2.388639">
      <ele>514.1</ele>
    </trkpt>
    <trkpt lat="42.360849" lon="-2.38845">
      <ele>514.5</ele>
    </trkpt>
    <trkpt lat="42.360458" lon="-2.388117">
      <ele>515.3</ele>
    </trkpt>
    <trkpt lat="42.359974" lon="-2.387728">
      <ele>516.8</ele>
    </trkpt>
    <trkpt lat="42.35875" lon="-2.386704">
      <ele>522.4</ele>
    </trkpt>
    <trkpt lat="42.358552" lon="-2.386572">
      <ele>523.2</ele>
    </trkpt>
    <trkpt lat="42.358451" lon="-2.386543">
      <ele>523.5</ele>
    </trkpt>
    <trkpt lat="42.358387" lon="-2.386524">
      <ele>523.8</ele>
    </trkpt>
    <trkpt lat="42.358214" lon="-2.386552">
      <ele>524.2</ele>
    </trkpt>
    <trkpt lat="42.35816" lon="-2.386571">
      <ele>524.4</ele>
    </trkpt>
    <trkpt lat="42.357983" lon="-2.386706">
      <ele>524.9</ele>
    </trkpt>
    <trkpt lat="42.357855" lon="-2.386875">
      <ele>525.2</ele>
    </trkpt>
    <trkpt lat="42.356889" lon="-2.388524">
      <ele>523.8</ele>
    </trkpt>
    <trkpt lat="42.356802" lon="-2.388673">
      <ele>523.4</ele>
    </trkpt>
    <trkpt lat="42.35673" lon="-2.388793">
      <ele>523.2</ele>
    </trkpt>
    <trkpt lat="42.356602" lon="-2.388927">
      <ele>523.1</ele>
    </trkpt>
    <trkpt lat="42.35651" lon="-2.388986">
      <ele>522.6</ele>
    </trkpt>
    <trkpt lat="42.356032" lon="-2.389162">
      <ele>522.2</ele>
    </trkpt>
    <trkpt lat="42.355972" lon="-2.389215">
      <ele>522.2</ele>
    </trkpt>
    <trkpt lat="42.355903" lon="-2.389343">
      <ele>522</ele>
    </trkpt>
    <trkpt lat="42.355868" lon="-2.38952">
      <ele>522</ele>
    </trkpt>
    <trkpt lat="42.35585" lon="-2.390181">
      <ele>522.4</ele>
    </trkpt>
    <trkpt lat="42.355733" lon="-2.390619">
      <ele>523</ele>
    </trkpt>
    <trkpt lat="42.355682" lon="-2.390758">
      <ele>523.4</ele>
    </trkpt>
    <trkpt lat="42.355595" lon="-2.391554">
      <ele>526.6</ele>
    </trkpt>
    <trkpt lat="42.355349" lon="-2.392637">
      <ele>532.7</ele>
    </trkpt>
    <trkpt lat="42.355272" lon="-2.392974">
      <ele>535.1</ele>
    </trkpt>
    <trkpt lat="42.355208" lon="-2.393354">
      <ele>537.4</ele>
    </trkpt>
    <trkpt lat="42.355172" lon="-2.393769">
      <ele>540.1</ele>
    </trkpt>
    <trkpt lat="42.355143" lon="-2.394774">
      <ele>546.1</ele>
    </trkpt>
    <trkpt lat="42.35508" lon="-2.394997">
      <ele>547.1</ele>
    </trkpt>
    <trkpt lat="42.354879" lon="-2.395167">
      <ele>548.6</ele>
    </trkpt>
    <trkpt lat="42.354722" lon="-2.395214">
      <ele>549.1</ele>
    </trkpt>
    <trkpt lat="42.354526" lon="-2.3951">
      <ele>550.3</ele>
    </trkpt>
    <trkpt lat="42.352841" lon="-2.393415">
      <ele>551</ele>
    </trkpt>
    <trkpt lat="42.352564" lon="-2.393139">
      <ele>550.3</ele>
    </trkpt>
    <trkpt lat="42.352354" lon="-2.39279">
      <ele>549.6</ele>
    </trkpt>
    <trkpt lat="42.352038" lon="-2.392178">
      <ele>548.1</ele>
    </trkpt>
    <trkpt lat="42.351649" lon="-2.391538">
      <ele>546</ele>
    </trkpt>
    <trkpt lat="42.35133" lon="-2.391331">
      <ele>544.9</ele>
    </trkpt>
    <trkpt lat="42.351022" lon="-2.391251">
      <ele>544.2</ele>
    </trkpt>
    <trkpt lat="42.350797" lon="-2.391315">
      <ele>543.7</ele>
    </trkpt>
    <trkpt lat="42.350491" lon="-2.391524">
      <ele>543.1</ele>
    </trkpt>
    <trkpt lat="42.349867" lon="-2.392329">
      <ele>542.6</ele>
    </trkpt>
    <trkpt lat="42.34954" lon="-2.392688">
      <ele>542.8</ele>
    </trkpt>
    <trkpt lat="42.349063" lon="-2.392871">
      <ele>543.5</ele>
    </trkpt>
    <trkpt lat="42.348695" lon="-2.393085">
      <ele>544</ele>
    </trkpt>
    <trkpt lat="42.34744" lon="-2.39412">
      <ele>544.9</ele>
    </trkpt>
    <trkpt lat="42.34677" lon="-2.39442">
      <ele>544.9</ele>
    </trkpt>
    <trkpt lat="42.344971" lon="-2.394815">
      <ele>546.1</ele>
    </trkpt>
    <trkpt lat="42.344743" lon="-2.395106">
      <ele>546.5</ele>
    </trkpt>
    <trkpt lat="42.344338" lon="-2.396556">
      <ele>549.3</ele>
    </trkpt>
    <trkpt lat="42.344313" lon="-2.397044">
      <ele>550.7</ele>
    </trkpt>
    <trkpt lat="42.344739" lon="-2.398514">
      <ele>554.9</ele>
    </trkpt>
    <trkpt lat="42.34482" lon="-2.398736">
      <ele>555.4</ele>
    </trkpt>
    <trkpt lat="42.344968" lon="-2.398954">
      <ele>556</ele>
    </trkpt>
    <trkpt lat="42.345084" lon="-2.399062">
      <ele>556.3</ele>
    </trkpt>
    <trkpt lat="42.345477" lon="-2.399335">
      <ele>556.8</ele>
    </trkpt>
    <trkpt lat="42.345549" lon="-2.399418">
      <ele>556.8</ele>
    </trkpt>
    <trkpt lat="42.345615" lon="-2.399567">
      <ele>556.9</ele>
    </trkpt>
    <trkpt lat="42.345765" lon="-2.400134">
      <ele>557.4</ele>
    </trkpt>
    <trkpt lat="42.345822" lon="-2.40054">
      <ele>557.6</ele>
    </trkpt>
    <trkpt lat="42.345809" lon="-2.400754">
      <ele>557.6</ele>
    </trkpt>
    <trkpt lat="42.345756" lon="-2.400938">
      <ele>557.8</ele>
    </trkpt>
    <trkpt lat="42.345632" lon="-2.401171">
      <ele>558</ele>
    </trkpt>
    <trkpt lat="42.34548" lon="-2.401329">
      <ele>558.4</ele>
    </trkpt>
    <trkpt lat="42.345318" lon="-2.401429">
      <ele>558.6</ele>
    </trkpt>
    <trkpt lat="42.34507" lon="-2.401481">
      <ele>559.3</ele>
    </trkpt>
    <trkpt lat="42.343724" lon="-2.401552">
      <ele>563.3</ele>
    </trkpt>
    <trkpt lat="42.343433" lon="-2.401604">
      <ele>564</ele>
    </trkpt>
    <trkpt lat="42.342181" lon="-2.402446">
      <ele>565.6</ele>
    </trkpt>
    <trkpt lat="42.339934" lon="-2.404026">
      <ele>569.1</ele>
    </trkpt>
    <trkpt lat="42.33962" lon="-2.404338">
      <ele>570.9</ele>
    </trkpt>
    <trkpt lat="42.3395" lon="-2.404578">
      <ele>572.1</ele>
    </trkpt>
    <trkpt lat="42.339433" lon="-2.404773">
      <ele>572.5</ele>
    </trkpt>
    <trkpt lat="42.339395" lon="-2.404976">
      <ele>573.1</ele>
    </trkpt>
    <trkpt lat="42.339379" lon="-2.405635">
      <ele>575.2</ele>
    </trkpt>
    <trkpt lat="42.339375" lon="-2.406009">
      <ele>576.1</ele>
    </trkpt>
    <trkpt lat="42.33933" lon="-2.406271">
      <ele>576.6</ele>
    </trkpt>
    <trkpt lat="42.339259" lon="-2.406398">
      <ele>577</ele>
    </trkpt>
    <trkpt lat="42.339178" lon="-2.40648">
      <ele>577.7</ele>
    </trkpt>
    <trkpt lat="42.339072" lon="-2.406547">
      <ele>577.7</ele>
    </trkpt>
    <trkpt lat="42.338861" lon="-2.406566">
      <ele>578.7</ele>
    </trkpt>
    <trkpt lat="42.338182" lon="-2.406464">
      <ele>581.1</ele>
    </trkpt>
    <trkpt lat="42.33799" lon="-2.406503">
      <ele>581.4</ele>
    </trkpt>
    <trkpt lat="42.337899" lon="-2.40656">
      <ele>581.6</ele>
    </trkpt>
    <trkpt lat="42.337729" lon="-2.406768">
      <ele>582.2</ele>
    </trkpt>
    <trkpt lat="42.337632" lon="-2.406969">
      <ele>582.9</ele>
    </trkpt>
    <trkpt lat="42.336989" lon="-2.408512">
      <ele>588.4</ele>
    </trkpt>
    <trkpt lat="42.336851" lon="-2.408749">
      <ele>589.5</ele>
    </trkpt>
    <trkpt lat="42.336723" lon="-2.408845">
      <ele>590</ele>
    </trkpt>
    <trkpt lat="42.336576" lon="-2.408899">
      <ele>590.6</ele>
    </trkpt>
    <trkpt lat="42.336325" lon="-2.408886">
      <ele>591.5</ele>
    </trkpt>
    <trkpt lat="42.336151" lon="-2.408773">
      <ele>592.2</ele>
    </trkpt>
    <trkpt lat="42.335624" lon="-2.408338">
      <ele>593</ele>
    </trkpt>
    <trkpt lat="42.335395" lon="-2.408224">
      <ele>592.7</ele>
    </trkpt>
    <trkpt lat="42.335168" lon="-2.408156">
      <ele>591.6</ele>
    </trkpt>
    <trkpt lat="42.334685" lon="-2.408074">
      <ele>587.2</ele>
    </trkpt>
    <trkpt lat="42.333784" lon="-2.408051">
      <ele>582.2</ele>
    </trkpt>
    <trkpt lat="42.333574" lon="-2.40805">
      <ele>581.7</ele>
    </trkpt>
    <trkpt lat="42.333235" lon="-2.408207">
      <ele>582.6</ele>
    </trkpt>
    <trkpt lat="42.333067" lon="-2.408443">
      <ele>584.4</ele>
    </trkpt>
    <trkpt lat="42.333026" lon="-2.408593">
      <ele>583.4</ele>
    </trkpt>
    <trkpt lat="42.332977" lon="-2.408713">
      <ele>584.4</ele>
    </trkpt>
    <trkpt lat="42.332931" lon="-2.409113">
      <ele>584.9</ele>
    </trkpt>
    <trkpt lat="42.332974" lon="-2.409372">
      <ele>587.4</ele>
    </trkpt>
    <trkpt lat="42.333107" lon="-2.409581">
      <ele>587.5</ele>
    </trkpt>
    <trkpt lat="42.333291" lon="-2.409798">
      <ele>590.1</ele>
    </trkpt>
    <trkpt lat="42.33336" lon="-2.409958">
      <ele>591.5</ele>
    </trkpt>
    <trkpt lat="42.333384" lon="-2.41009">
      <ele>593.3</ele>
    </trkpt>
    <trkpt lat="42.333386" lon="-2.410278">
      <ele>594.2</ele>
    </trkpt>
    <trkpt lat="42.333346" lon="-2.410478">
      <ele>596.2</ele>
    </trkpt>
    <trkpt lat="42.333254" lon="-2.410662">
      <ele>598</ele>
    </trkpt>
    <trkpt lat="42.333135" lon="-2.410788">
      <ele>598.9</ele>
    </trkpt>
    <trkpt lat="42.332899" lon="-2.410878">
      <ele>601.1</ele>
    </trkpt>
    <trkpt lat="42.332352" lon="-2.410822">
      <ele>601</ele>
    </trkpt>
    <trkpt lat="42.332262" lon="-2.410785">
      <ele>600.9</ele>
    </trkpt>
    <trkpt lat="42.33173" lon="-2.41038">
      <ele>601.7</ele>
    </trkpt>
    <trkpt lat="42.331537" lon="-2.410317">
      <ele>602.2</ele>
    </trkpt>
    <trkpt lat="42.331397" lon="-2.410325">
      <ele>602.9</ele>
    </trkpt>
    <trkpt lat="42.33081" lon="-2.410595">
      <ele>606.2</ele>
    </trkpt>
    <trkpt lat="42.330512" lon="-2.410844">
      <ele>608.6</ele>
    </trkpt>
    <trkpt lat="42.330131" lon="-2.411344">
      <ele>614.7</ele>
    </trkpt>
    <trkpt lat="42.329837" lon="-2.411876">
      <ele>621.8</ele>
    </trkpt>
    <trkpt lat="42.329668" lon="-2.412066">
      <ele>623.9</ele>
    </trkpt>
    <trkpt lat="42.32951" lon="-2.412149">
      <ele>626.5</ele>
    </trkpt>
    <trkpt lat="42.329427" lon="-2.412159">
      <ele>627.1</ele>
    </trkpt>
    <trkpt lat="42.329329" lon="-2.412141">
      <ele>628</ele>
    </trkpt>
    <trkpt lat="42.329239" lon="-2.412077">
      <ele>630.1</ele>
    </trkpt>
    <trkpt lat="42.328738" lon="-2.411634">
      <ele>635.6</ele>
    </trkpt>
    <trkpt lat="42.328611" lon="-2.41155">
      <ele>637.9</ele>
    </trkpt>
    <trkpt lat="42.328448" lon="-2.411512">
      <ele>639</ele>
    </trkpt>
    <trkpt lat="42.328078" lon="-2.411493">
      <ele>642.9</ele>
    </trkpt>
    <trkpt lat="42.327942" lon="-2.411447">
      <ele>644.8</ele>
    </trkpt>
    <trkpt lat="42.327781" lon="-2.411331">
      <ele>646.3</ele>
    </trkpt>
    <trkpt lat="42.32756" lon="-2.411097">
      <ele>647.9</ele>
    </trkpt>
    <trkpt lat="42.327382" lon="-2.410995">
      <ele>648.6</ele>
    </trkpt>
    <trkpt lat="42.327195" lon="-2.410956">
      <ele>648.9</ele>
    </trkpt>
    <trkpt lat="42.326904" lon="-2.410958">
      <ele>649.3</ele>
    </trkpt>
    <trkpt lat="42.326644" lon="-2.411073">
      <ele>649.7</ele>
    </trkpt>
    <trkpt lat="42.326501" lon="-2.411068">
      <ele>649.8</ele>
    </trkpt>
    <trkpt lat="42.32643" lon="-2.41102">
      <ele>649.8</ele>
    </trkpt>
    <trkpt lat="42.326341" lon="-2.410905">
      <ele>649.8</ele>
    </trkpt>
    <trkpt lat="42.326228" lon="-2.410704">
      <ele>649.6</ele>
    </trkpt>
    <trkpt lat="42.326052" lon="-2.410236">
      <ele>649.2</ele>
    </trkpt>
    <trkpt lat="42.325968" lon="-2.410095">
      <ele>649.1</ele>
    </trkpt>
    <trkpt lat="42.325312" lon="-2.409407">
      <ele>648.3</ele>
    </trkpt>
    <trkpt lat="42.325198" lon="-2.409364">
      <ele>648.3</ele>
    </trkpt>
    <trkpt lat="42.325122" lon="-2.409376">
      <ele>648.3</ele>
    </trkpt>
    <trkpt lat="42.325025" lon="-2.409437">
      <ele>648.3</ele>
    </trkpt>
    <trkpt lat="42.324966" lon="-2.409517">
      <ele>648.4</ele>
    </trkpt>
    <trkpt lat="42.324893" lon="-2.409695">
      <ele>648.6</ele>
    </trkpt>
    <trkpt lat="42.324861" lon="-2.409944">
      <ele>649.2</ele>
    </trkpt>
    <trkpt lat="42.324835" lon="-2.411165">
      <ele>654.6</ele>
    </trkpt>
    <trkpt lat="42.324787" lon="-2.411502">
      <ele>656.5</ele>
    </trkpt>
    <trkpt lat="42.324692" lon="-2.411685">
      <ele>656.3</ele>
    </trkpt>
    <trkpt lat="42.324205" lon="-2.412044">
      <ele>657.6</ele>
    </trkpt>
    <trkpt lat="42.323894" lon="-2.412258">
      <ele>657.6</ele>
    </trkpt>
    <trkpt lat="42.323705" lon="-2.412333">
      <ele>657.1</ele>
    </trkpt>
    <trkpt lat="42.323573" lon="-2.412335">
      <ele>657.8</ele>
    </trkpt>
    <trkpt lat="42.323369" lon="-2.412286">
      <ele>657</ele>
    </trkpt>
    <trkpt lat="42.322704" lon="-2.411867">
      <ele>657.1</ele>
    </trkpt>
    <trkpt lat="42.322587" lon="-2.411854">
      <ele>657.7</ele>
    </trkpt>
    <trkpt lat="42.322503" lon="-2.4119">
      <ele>657.5</ele>
    </trkpt>
    <trkpt lat="42.322434" lon="-2.411983">
      <ele>657.2</ele>
    </trkpt>
    <trkpt lat="42.322328" lon="-2.412247">
      <ele>657.5</ele>
    </trkpt>
    <trkpt lat="42.322266" lon="-2.412485">
      <ele>657</ele>
    </trkpt>
    <trkpt lat="42.322213" lon="-2.412775">
      <ele>658.2</ele>
    </trkpt>
    <trkpt lat="42.322243" lon="-2.413174">
      <ele>660.5</ele>
    </trkpt>
    <trkpt lat="42.322329" lon="-2.413435">
      <ele>662.5</ele>
    </trkpt>
    <trkpt lat="42.322492" lon="-2.413765">
      <ele>665.7</ele>
    </trkpt>
    <trkpt lat="42.322542" lon="-2.413918">
      <ele>667.3</ele>
    </trkpt>
    <trkpt lat="42.322553" lon="-2.414038">
      <ele>668.3</ele>
    </trkpt>
    <trkpt lat="42.322436" lon="-2.416089">
      <ele>686</ele>
    </trkpt>
    <trkpt lat="42.322458" lon="-2.416303">
      <ele>687.6</ele>
    </trkpt>
    <trkpt lat="42.32261" lon="-2.417007">
      <ele>691.5</ele>
    </trkpt>
    <trkpt lat="42.322574" lon="-2.417205">
      <ele>692.3</ele>
    </trkpt>
    <trkpt lat="42.322513" lon="-2.417302">
      <ele>692.7</ele>
    </trkpt>
    <trkpt lat="42.322437" lon="-2.417364">
      <ele>693</ele>
    </trkpt>
    <trkpt lat="42.322327" lon="-2.417383">
      <ele>693.5</ele>
    </trkpt>
    <trkpt lat="42.32219" lon="-2.417334">
      <ele>694</ele>
    </trkpt>
    <trkpt lat="42.321139" lon="-2.416579">
      <ele>694.8</ele>
    </trkpt>
    <trkpt lat="42.320982" lon="-2.416317">
      <ele>695.6</ele>
    </trkpt>
    <trkpt lat="42.320912" lon="-2.416118">
      <ele>695.9</ele>
    </trkpt>
    <trkpt lat="42.32075" lon="-2.415399">
      <ele>697.4</ele>
    </trkpt>
    <trkpt lat="42.320696" lon="-2.415243">
      <ele>697.7</ele>
    </trkpt>
    <trkpt lat="42.320591" lon="-2.415085">
      <ele>698.4</ele>
    </trkpt>
    <trkpt lat="42.32045" lon="-2.41503">
      <ele>699.2</ele>
    </trkpt>
    <trkpt lat="42.320354" lon="-2.415054">
      <ele>699.6</ele>
    </trkpt>
    <trkpt lat="42.320253" lon="-2.415185">
      <ele>700.4</ele>
    </trkpt>
    <trkpt lat="42.319897" lon="-2.416297">
      <ele>704.2</ele>
    </trkpt>
    <trkpt lat="42.319813" lon="-2.416413">
      <ele>704.6</ele>
    </trkpt>
    <trkpt lat="42.319646" lon="-2.416494">
      <ele>705.5</ele>
    </trkpt>
    <trkpt lat="42.319474" lon="-2.416458">
      <ele>705.9</ele>
    </trkpt>
    <trkpt lat="42.319347" lon="-2.416345">
      <ele>706.4</ele>
    </trkpt>
    <trkpt lat="42.319138" lon="-2.415823">
      <ele>706.2</ele>
    </trkpt>
    <trkpt lat="42.31905" lon="-2.415649">
      <ele>705.9</ele>
    </trkpt>
    <trkpt lat="42.318968" lon="-2.415559">
      <ele>706</ele>
    </trkpt>
    <trkpt lat="42.318923" lon="-2.415532">
      <ele>706</ele>
    </trkpt>
    <trkpt lat="42.318773" lon="-2.415551">
      <ele>705.6</ele>
    </trkpt>
    <trkpt lat="42.318554" lon="-2.415817">
      <ele>705.5</ele>
    </trkpt>
    <trkpt lat="42.318378" lon="-2.415922">
      <ele>705.2</ele>
    </trkpt>
    <trkpt lat="42.318277" lon="-2.415927">
      <ele>705</ele>
    </trkpt>
    <trkpt lat="42.318191" lon="-2.415901">
      <ele>704.8</ele>
    </trkpt>
    <trkpt lat="42.318052" lon="-2.415802">
      <ele>704.6</ele>
    </trkpt>
    <trkpt lat="42.31787" lon="-2.415394">
      <ele>704.2</ele>
    </trkpt>
    <trkpt lat="42.317766" lon="-2.415264">
      <ele>704.2</ele>
    </trkpt>
    <trkpt lat="42.3177" lon="-2.415231">
      <ele>704.2</ele>
    </trkpt>
    <trkpt lat="42.317573" lon="-2.415232">
      <ele>704.2</ele>
    </trkpt>
    <trkpt lat="42.317436" lon="-2.41534">
      <ele>704.4</ele>
    </trkpt>
    <trkpt lat="42.317217" lon="-2.415667">
      <ele>705.3</ele>
    </trkpt>
    <trkpt lat="42.316875" lon="-2.416101">
      <ele>707.3</ele>
    </trkpt>
    <trkpt lat="42.316823" lon="-2.416191">
      <ele>707.8</ele>
    </trkpt>
    <trkpt lat="42.316701" lon="-2.416565">
      <ele>709.7</ele>
    </trkpt>
    <trkpt lat="42.316626" lon="-2.416684">
      <ele>710.4</ele>
    </trkpt>
    <trkpt lat="42.316518" lon="-2.416759">
      <ele>711.3</ele>
    </trkpt>
    <trkpt lat="42.316224" lon="-2.416814">
      <ele>713.4</ele>
    </trkpt>
    <trkpt lat="42.316132" lon="-2.416908">
      <ele>714.2</ele>
    </trkpt>
    <trkpt lat="42.316088" lon="-2.417056">
      <ele>715</ele>
    </trkpt>
    <trkpt lat="42.316052" lon="-2.417387">
      <ele>716.9</ele>
    </trkpt>
    <trkpt lat="42.316025" lon="-2.417483">
      <ele>717.5</ele>
    </trkpt>
    <trkpt lat="42.315931" lon="-2.417624">
      <ele>718.7</ele>
    </trkpt>
    <trkpt lat="42.315371" lon="-2.417833">
      <ele>723.8</ele>
    </trkpt>
    <trkpt lat="42.315257" lon="-2.417801">
      <ele>725</ele>
    </trkpt>
    <trkpt lat="42.315073" lon="-2.417653">
      <ele>726.8</ele>
    </trkpt>
    <trkpt lat="42.313904" lon="-2.416218">
      <ele>739.4</ele>
    </trkpt>
    <trkpt lat="42.313422" lon="-2.415734">
      <ele>743.2</ele>
    </trkpt>
    <trkpt lat="42.312919" lon="-2.415306">
      <ele>745.2</ele>
    </trkpt>
    <trkpt lat="42.312177" lon="-2.414353">
      <ele>745.7</ele>
    </trkpt>
    <trkpt lat="42.311819" lon="-2.414079">
      <ele>744.5</ele>
    </trkpt>
    <trkpt lat="42.311429" lon="-2.413385">
      <ele>740.7</ele>
    </trkpt>
    <trkpt lat="42.311257" lon="-2.413164">
      <ele>738.8</ele>
    </trkpt>
    <trkpt lat="42.31113" lon="-2.413112">
      <ele>737.7</ele>
    </trkpt>
    <trkpt lat="42.310845" lon="-2.413129">
      <ele>734.7</ele>
    </trkpt>
    <trkpt lat="42.310705" lon="-2.413045">
      <ele>732.8</ele>
    </trkpt>
    <trkpt lat="42.309944" lon="-2.412113">
      <ele>722.5</ele>
    </trkpt>
    <trkpt lat="42.309782" lon="-2.41199">
      <ele>720.4</ele>
    </trkpt>
    <trkpt lat="42.309662" lon="-2.411943">
      <ele>719.3</ele>
    </trkpt>
    <trkpt lat="42.309491" lon="-2.411947">
      <ele>717.6</ele>
    </trkpt>
    <trkpt lat="42.309106" lon="-2.412091">
      <ele>714.9</ele>
    </trkpt>
    <trkpt lat="42.308739" lon="-2.412079">
      <ele>713.4</ele>
    </trkpt>
    <trkpt lat="42.308639" lon="-2.412117">
      <ele>713.3</ele>
    </trkpt>
    <trkpt lat="42.308497" lon="-2.412327">
      <ele>713.2</ele>
    </trkpt>
    <trkpt lat="42.30844" lon="-2.412536">
      <ele>713.4</ele>
    </trkpt>
    <trkpt lat="42.308413" lon="-2.413041">
      <ele>715.2</ele>
    </trkpt>
    <trkpt lat="42.308366" lon="-2.41331">
      <ele>716.5</ele>
    </trkpt>
    <trkpt lat="42.308281" lon="-2.413502">
      <ele>717.6</ele>
    </trkpt>
    <trkpt lat="42.308101" lon="-2.41381">
      <ele>720</ele>
    </trkpt>
    <trkpt lat="42.308062" lon="-2.413946">
      <ele>721.1</ele>
    </trkpt>
    <trkpt lat="42.308042" lon="-2.414108">
      <ele>722.4</ele>
    </trkpt>
    <trkpt lat="42.308055" lon="-2.414491">
      <ele>725.5</ele>
    </trkpt>
    <trkpt lat="42.307811" lon="-2.415403">
      <ele>734</ele>
    </trkpt>
    <trkpt lat="42.307753" lon="-2.415551">
      <ele>735.6</ele>
    </trkpt>
    <trkpt lat="42.307661" lon="-2.415663">
      <ele>737.3</ele>
    </trkpt>
    <trkpt lat="42.307358" lon="-2.415925">
      <ele>741.7</ele>
    </trkpt>
    <trkpt lat="42.307089" lon="-2.416224">
      <ele>746.2</ele>
    </trkpt>
    <trkpt lat="42.306827" lon="-2.41654">
      <ele>751.3</ele>
    </trkpt>
    <trkpt lat="42.306772" lon="-2.416656">
      <ele>752.8</ele>
    </trkpt>
    <trkpt lat="42.306751" lon="-2.416875">
      <ele>755.6</ele>
    </trkpt>
    <trkpt lat="42.306871" lon="-2.417364">
      <ele>761.4</ele>
    </trkpt>
    <trkpt lat="42.306892" lon="-2.417532">
      <ele>763</ele>
    </trkpt>
    <trkpt lat="42.30677" lon="-2.418814">
      <ele>776.2</ele>
    </trkpt>
    <trkpt lat="42.30666" lon="-2.41966">
      <ele>780.8</ele>
    </trkpt>
    <trkpt lat="42.306572" lon="-2.419887">
      <ele>781.3</ele>
    </trkpt>
    <trkpt lat="42.30647" lon="-2.42005">
      <ele>782.6</ele>
    </trkpt>
    <trkpt lat="42.30629" lon="-2.42026">
      <ele>782.6</ele>
    </trkpt>
    <trkpt lat="42.30612" lon="-2.420319">
      <ele>784.4</ele>
    </trkpt>
    <trkpt lat="42.305933" lon="-2.420229">
      <ele>783.6</ele>
    </trkpt>
    <trkpt lat="42.305872" lon="-2.420135">
      <ele>784.7</ele>
    </trkpt>
    <trkpt lat="42.305814" lon="-2.419836">
      <ele>784.8</ele>
    </trkpt>
    <trkpt lat="42.305771" lon="-2.419303">
      <ele>785.2</ele>
    </trkpt>
    <trkpt lat="42.305729" lon="-2.419032">
      <ele>786.4</ele>
    </trkpt>
    <trkpt lat="42.305639" lon="-2.418875">
      <ele>785.4</ele>
    </trkpt>
    <trkpt lat="42.30557" lon="-2.41882">
      <ele>786.1</ele>
    </trkpt>
    <trkpt lat="42.305509" lon="-2.418812">
      <ele>786.7</ele>
    </trkpt>
    <trkpt lat="42.305432" lon="-2.418827">
      <ele>786.8</ele>
    </trkpt>
    <trkpt lat="42.305369" lon="-2.418879">
      <ele>786.3</ele>
    </trkpt>
    <trkpt lat="42.305157" lon="-2.419205">
      <ele>786.8</ele>
    </trkpt>
    <trkpt lat="42.304757" lon="-2.419596">
      <ele>788.2</ele>
    </trkpt>
    <trkpt lat="42.304683" lon="-2.419697">
      <ele>788.5</ele>
    </trkpt>
    <trkpt lat="42.304481" lon="-2.42025">
      <ele>790.2</ele>
    </trkpt>
    <trkpt lat="42.30436" lon="-2.420334">
      <ele>788.2</ele>
    </trkpt>
    <trkpt lat="42.304168" lon="-2.420326">
      <ele>788.4</ele>
    </trkpt>
    <trkpt lat="42.304041" lon="-2.420159">
      <ele>788.7</ele>
    </trkpt>
    <trkpt lat="42.303963" lon="-2.419887">
      <ele>788.6</ele>
    </trkpt>
    <trkpt lat="42.303897" lon="-2.419522">
      <ele>788.3</ele>
    </trkpt>
    <trkpt lat="42.303867" lon="-2.419003">
      <ele>787.9</ele>
    </trkpt>
    <trkpt lat="42.303839" lon="-2.418907">
      <ele>788.2</ele>
    </trkpt>
    <trkpt lat="42.303764" lon="-2.418836">
      <ele>787.3</ele>
    </trkpt>
    <trkpt lat="42.303637" lon="-2.418787">
      <ele>786.9</ele>
    </trkpt>
    <trkpt lat="42.303531" lon="-2.418796">
      <ele>786.4</ele>
    </trkpt>
    <trkpt lat="42.303405" lon="-2.418889">
      <ele>786.1</ele>
    </trkpt>
    <trkpt lat="42.303072" lon="-2.419354">
      <ele>784</ele>
    </trkpt>
    <trkpt lat="42.302928" lon="-2.41943">
      <ele>783.6</ele>
    </trkpt>
    <trkpt lat="42.302776" lon="-2.419386">
      <ele>782.7</ele>
    </trkpt>
    <trkpt lat="42.302318" lon="-2.41906">
      <ele>780.3</ele>
    </trkpt>
    <trkpt lat="42.302155" lon="-2.419039">
      <ele>782.1</ele>
    </trkpt>
    <trkpt lat="42.301975" lon="-2.419099">
      <ele>781.2</ele>
    </trkpt>
    <trkpt lat="42.301834" lon="-2.419182">
      <ele>780.6</ele>
    </trkpt>
    <trkpt lat="42.301742" lon="-2.41919">
      <ele>780.1</ele>
    </trkpt>
    <trkpt lat="42.301358" lon="-2.418979">
      <ele>777.8</ele>
    </trkpt>
    <trkpt lat="42.301255" lon="-2.418959">
      <ele>777.3</ele>
    </trkpt>
    <trkpt lat="42.301147" lon="-2.418988">
      <ele>776.9</ele>
    </trkpt>
    <trkpt lat="42.301029" lon="-2.41909">
      <ele>776.1</ele>
    </trkpt>
    <trkpt lat="42.300754" lon="-2.419644">
      <ele>774.5</ele>
    </trkpt>
    <trkpt lat="42.30046" lon="-2.42">
      <ele>774.1</ele>
    </trkpt>
    <trkpt lat="42.300205" lon="-2.420382">
      <ele>774.9</ele>
    </trkpt>
    <trkpt lat="42.300102" lon="-2.420467">
      <ele>775.2</ele>
    </trkpt>
    <trkpt lat="42.299541" lon="-2.42064">
      <ele>776.4</ele>
    </trkpt>
    <trkpt lat="42.299066" lon="-2.421159">
      <ele>776.9</ele>
    </trkpt>
    <trkpt lat="42.298386" lon="-2.421733">
      <ele>772.9</ele>
    </trkpt>
    <trkpt lat="42.298207" lon="-2.42179">
      <ele>772.4</ele>
    </trkpt>
    <trkpt lat="42.297855" lon="-2.421584">
      <ele>770.1</ele>
    </trkpt>
    <trkpt lat="42.297543" lon="-2.421567">
      <ele>767.5</ele>
    </trkpt>
    <trkpt lat="42.29743" lon="-2.421574">
      <ele>767.6</ele>
    </trkpt>
    <trkpt lat="42.297383" lon="-2.421607">
      <ele>765.9</ele>
    </trkpt>
    <trkpt lat="42.297341" lon="-2.421652">
      <ele>765.6</ele>
    </trkpt>
    <trkpt lat="42.297241" lon="-2.421759">
      <ele>765.2</ele>
    </trkpt>
    <trkpt lat="42.297159" lon="-2.421943">
      <ele>764.3</ele>
    </trkpt>
    <trkpt lat="42.29698" lon="-2.422203">
      <ele>763.1</ele>
    </trkpt>
    <trkpt lat="42.296782" lon="-2.422339">
      <ele>761.2</ele>
    </trkpt>
    <trkpt lat="42.296461" lon="-2.422447">
      <ele>759.6</ele>
    </trkpt>
    <trkpt lat="42.296273" lon="-2.422544">
      <ele>759.9</ele>
    </trkpt>
    <trkpt lat="42.296176" lon="-2.422753">
      <ele>758.2</ele>
    </trkpt>
    <trkpt lat="42.296066" lon="-2.423423">
      <ele>759.1</ele>
    </trkpt>
    <trkpt lat="42.295995" lon="-2.423607">
      <ele>759.4</ele>
    </trkpt>
    <trkpt lat="42.29585" lon="-2.423733">
      <ele>759.7</ele>
    </trkpt>
    <trkpt lat="42.295677" lon="-2.423771">
      <ele>759.8</ele>
    </trkpt>
    <trkpt lat="42.295154" lon="-2.423601">
      <ele>759.2</ele>
    </trkpt>
    <trkpt lat="42.294917" lon="-2.423622">
      <ele>758.5</ele>
    </trkpt>
    <trkpt lat="42.294548" lon="-2.423726">
      <ele>757.3</ele>
    </trkpt>
    <trkpt lat="42.294397" lon="-2.423719">
      <ele>756.8</ele>
    </trkpt>
    <trkpt lat="42.294235" lon="-2.423611">
      <ele>756.1</ele>
    </trkpt>
    <trkpt lat="42.293915" lon="-2.423271">
      <ele>754.6</ele>
    </trkpt>
    <trkpt lat="42.293798" lon="-2.423191">
      <ele>754.2</ele>
    </trkpt>
    <trkpt lat="42.293724" lon="-2.423174">
      <ele>753.9</ele>
    </trkpt>
    <trkpt lat="42.293604" lon="-2.423213">
      <ele>753.4</ele>
    </trkpt>
    <trkpt lat="42.293511" lon="-2.423297">
      <ele>753</ele>
    </trkpt>
    <trkpt lat="42.293447" lon="-2.423418">
      <ele>752.6</ele>
    </trkpt>
    <trkpt lat="42.293" lon="-2.425867">
      <ele>754.1</ele>
    </trkpt>
    <trkpt lat="42.292986" lon="-2.426684">
      <ele>755.4</ele>
    </trkpt>
    <trkpt lat="42.292956" lon="-2.426932">
      <ele>756.2</ele>
    </trkpt>
    <trkpt lat="42.292873" lon="-2.427142">
      <ele>756</ele>
    </trkpt>
    <trkpt lat="42.292791" lon="-2.427254">
      <ele>756.3</ele>
    </trkpt>
    <trkpt lat="42.292682" lon="-2.427335">
      <ele>756.6</ele>
    </trkpt>
    <trkpt lat="42.292574" lon="-2.427366">
      <ele>756.3</ele>
    </trkpt>
    <trkpt lat="42.292456" lon="-2.427351">
      <ele>756.6</ele>
    </trkpt>
    <trkpt lat="42.29211" lon="-2.42721">
      <ele>755.9</ele>
    </trkpt>
    <trkpt lat="42.291949" lon="-2.427101">
      <ele>754.9</ele>
    </trkpt>
    <trkpt lat="42.291863" lon="-2.426969">
      <ele>754.1</ele>
    </trkpt>
    <trkpt lat="42.291553" lon="-2.426272">
      <ele>747.9</ele>
    </trkpt>
    <trkpt lat="42.291446" lon="-2.426176">
      <ele>746.3</ele>
    </trkpt>
    <trkpt lat="42.290771" lon="-2.425778">
      <ele>737.4</ele>
    </trkpt>
    <trkpt lat="42.29015" lon="-2.42507">
      <ele>728.5</ele>
    </trkpt>
    <trkpt lat="42.28998" lon="-2.42502">
      <ele>726.7</ele>
    </trkpt>
    <trkpt lat="42.28989" lon="-2.42504">
      <ele>725.4</ele>
    </trkpt>
    <trkpt lat="42.28979" lon="-2.42518">
      <ele>724.4</ele>
    </trkpt>
    <trkpt lat="42.289288" lon="-2.427399">
      <ele>716.2</ele>
    </trkpt>
    <trkpt lat="42.289212" lon="-2.427664">
      <ele>715.7</ele>
    </trkpt>
    <trkpt lat="42.289013" lon="-2.42801">
      <ele>715.2</ele>
    </trkpt>
    <trkpt lat="42.288776" lon="-2.428225">
      <ele>715</ele>
    </trkpt>
    <trkpt lat="42.28852" lon="-2.428401">
      <ele>715</ele>
    </trkpt>
    <trkpt lat="42.288293" lon="-2.428446">
      <ele>715.1</ele>
    </trkpt>
    <trkpt lat="42.287967" lon="-2.428396">
      <ele>715.2</ele>
    </trkpt>
    <trkpt lat="42.287731" lon="-2.428315">
      <ele>715.4</ele>
    </trkpt>
    <trkpt lat="42.28761" lon="-2.42824">
      <ele>715.5</ele>
    </trkpt>
    <trkpt lat="42.287449" lon="-2.428084">
      <ele>715.6</ele>
    </trkpt>
    <trkpt lat="42.287256" lon="-2.42775">
      <ele>715.6</ele>
    </trkpt>
    <trkpt lat="42.287042" lon="-2.427392">
      <ele>715.5</ele>
    </trkpt>
    <trkpt lat="42.286857" lon="-2.427085">
      <ele>715.3</ele>
    </trkpt>
    <trkpt lat="42.286583" lon="-2.426849">
      <ele>715</ele>
    </trkpt>
    <trkpt lat="42.286373" lon="-2.42673">
      <ele>714.8</ele>
    </trkpt>
    <trkpt lat="42.286049" lon="-2.426668">
      <ele>714.6</ele>
    </trkpt>
    <trkpt lat="42.285817" lon="-2.426679">
      <ele>714.3</ele>
    </trkpt>
    <trkpt lat="42.28558" lon="-2.42681">
      <ele>714.3</ele>
    </trkpt>
    <trkpt lat="42.285323" lon="-2.426971">
      <ele>714.5</ele>
    </trkpt>
    <trkpt lat="42.285184" lon="-2.427093">
      <ele>714.6</ele>
    </trkpt>
    <trkpt lat="42.28504" lon="-2.42722">
      <ele>714.9</ele>
    </trkpt>
    <trkpt lat="42.28473" lon="-2.42762">
      <ele>715.5</ele>
    </trkpt>
    <trkpt lat="42.283871" lon="-2.429019">
      <ele>718.4</ele>
    </trkpt>
    <trkpt lat="42.283352" lon="-2.430274">
      <ele>720.5</ele>
    </trkpt>
    <trkpt lat="42.2827" lon="-2.431576">
      <ele>723.4</ele>
    </trkpt>
    <trkpt lat="42.282307" lon="-2.432187">
      <ele>725.4</ele>
    </trkpt>
    <trkpt lat="42.281619" lon="-2.432863">
      <ele>728.9</ele>
    </trkpt>
    <trkpt lat="42.280682" lon="-2.433272">
      <ele>733.5</ele>
    </trkpt>
    <trkpt lat="42.280522" lon="-2.433289">
      <ele>733.8</ele>
    </trkpt>
    <trkpt lat="42.280387" lon="-2.433267">
      <ele>734.6</ele>
    </trkpt>
    <trkpt lat="42.280121" lon="-2.433136">
      <ele>735.1</ele>
    </trkpt>
    <trkpt lat="42.279749" lon="-2.432847">
      <ele>736</ele>
    </trkpt>
    <trkpt lat="42.279376" lon="-2.432666">
      <ele>736.5</ele>
    </trkpt>
    <trkpt lat="42.279133" lon="-2.43258">
      <ele>736.5</ele>
    </trkpt>
    <trkpt lat="42.278969" lon="-2.432571">
      <ele>736.8</ele>
    </trkpt>
    <trkpt lat="42.278828" lon="-2.432593">
      <ele>736.7</ele>
    </trkpt>
    <trkpt lat="42.278569" lon="-2.432733">
      <ele>736.8</ele>
    </trkpt>
    <trkpt lat="42.278455" lon="-2.43273">
      <ele>736.9</ele>
    </trkpt>
    <trkpt lat="42.278348" lon="-2.432643">
      <ele>736.9</ele>
    </trkpt>
    <trkpt lat="42.27811" lon="-2.43226">
      <ele>737.1</ele>
    </trkpt>
    <trkpt lat="42.27801" lon="-2.432189">
      <ele>737.2</ele>
    </trkpt>
    <trkpt lat="42.277739" lon="-2.432154">
      <ele>737.5</ele>
    </trkpt>
    <trkpt lat="42.277449" lon="-2.432189">
      <ele>738.1</ele>
    </trkpt>
    <trkpt lat="42.277345" lon="-2.432332">
      <ele>738.5</ele>
    </trkpt>
    <trkpt lat="42.277221" lon="-2.432743">
      <ele>739.6</ele>
    </trkpt>
    <trkpt lat="42.276994" lon="-2.433163">
      <ele>741.5</ele>
    </trkpt>
    <trkpt lat="42.276264" lon="-2.434053">
      <ele>746.8</ele>
    </trkpt>
    <trkpt lat="42.275946" lon="-2.434245">
      <ele>748.8</ele>
    </trkpt>
    <trkpt lat="42.275819" lon="-2.434256">
      <ele>749.5</ele>
    </trkpt>
    <trkpt lat="42.275713" lon="-2.434223">
      <ele>749.9</ele>
    </trkpt>
    <trkpt lat="42.27547" lon="-2.433945">
      <ele>751.2</ele>
    </trkpt>
    <trkpt lat="42.275335" lon="-2.433826">
      <ele>751.7</ele>
    </trkpt>
    <trkpt lat="42.275191" lon="-2.433781">
      <ele>752.2</ele>
    </trkpt>
    <trkpt lat="42.275034" lon="-2.433803">
      <ele>752.5</ele>
    </trkpt>
    <trkpt lat="42.274895" lon="-2.433881">
      <ele>752.8</ele>
    </trkpt>
    <trkpt lat="42.274775" lon="-2.433988">
      <ele>752.8</ele>
    </trkpt>
    <trkpt lat="42.274706" lon="-2.433986">
      <ele>752.9</ele>
    </trkpt>
    <trkpt lat="42.274628" lon="-2.43392">
      <ele>752.9</ele>
    </trkpt>
    <trkpt lat="42.274092" lon="-2.432607">
      <ele>751</ele>
    </trkpt>
    <trkpt lat="42.273804" lon="-2.431806">
      <ele>749.3</ele>
    </trkpt>
    <trkpt lat="42.273738" lon="-2.431695">
      <ele>749.1</ele>
    </trkpt>
    <trkpt lat="42.273618" lon="-2.431661">
      <ele>748.9</ele>
    </trkpt>
    <trkpt lat="42.273318" lon="-2.431893">
      <ele>748.2</ele>
    </trkpt>
    <trkpt lat="42.272368" lon="-2.432307">
      <ele>748.6</ele>
    </trkpt>
    <trkpt lat="42.272197" lon="-2.432286">
      <ele>749.1</ele>
    </trkpt>
    <trkpt lat="42.271942" lon="-2.432102">
      <ele>750.1</ele>
    </trkpt>
    <trkpt lat="42.271784" lon="-2.432072">
      <ele>750.7</ele>
    </trkpt>
    <trkpt lat="42.271604" lon="-2.432108">
      <ele>751.4</ele>
    </trkpt>
    <trkpt lat="42.2714" lon="-2.43222">
      <ele>752.4</ele>
    </trkpt>
    <trkpt lat="42.27038" lon="-2.43299">
      <ele>758.8</ele>
    </trkpt>
    <trkpt lat="42.270247" lon="-2.433063">
      <ele>759.5</ele>
    </trkpt>
    <trkpt lat="42.269866" lon="-2.433053">
      <ele>761.3</ele>
    </trkpt>
    <trkpt lat="42.269592" lon="-2.432926">
      <ele>762.7</ele>
    </trkpt>
    <trkpt lat="42.269362" lon="-2.432843">
      <ele>763.3</ele>
    </trkpt>
    <trkpt lat="42.269166" lon="-2.432809">
      <ele>763.8</ele>
    </trkpt>
    <trkpt lat="42.268954" lon="-2.432821">
      <ele>764.4</ele>
    </trkpt>
    <trkpt lat="42.268667" lon="-2.432931">
      <ele>765</ele>
    </trkpt>
    <trkpt lat="42.268145" lon="-2.433253">
      <ele>766.1</ele>
    </trkpt>
    <trkpt lat="42.2678" lon="-2.43339">
      <ele>766.3</ele>
    </trkpt>
    <trkpt lat="42.265893" lon="-2.433826">
      <ele>769.7</ele>
    </trkpt>
    <trkpt lat="42.265323" lon="-2.4342">
      <ele>770.1</ele>
    </trkpt>
    <trkpt lat="42.265198" lon="-2.434247">
      <ele>770.1</ele>
    </trkpt>
    <trkpt lat="42.265044" lon="-2.434234">
      <ele>770.2</ele>
    </trkpt>
    <trkpt lat="42.264627" lon="-2.434062">
      <ele>770.1</ele>
    </trkpt>
    <trkpt lat="42.26441" lon="-2.43404">
      <ele>770.1</ele>
    </trkpt>
    <trkpt lat="42.264166" lon="-2.434078">
      <ele>769.9</ele>
    </trkpt>
    <trkpt lat="42.263893" lon="-2.434187">
      <ele>769.7</ele>
    </trkpt>
    <trkpt lat="42.263651" lon="-2.434341">
      <ele>769.5</ele>
    </trkpt>
    <trkpt lat="42.262482" lon="-2.435313">
      <ele>768.3</ele>
    </trkpt>
    <trkpt lat="42.262111" lon="-2.435673">
      <ele>767.8</ele>
    </trkpt>
    <trkpt lat="42.261863" lon="-2.435992">
      <ele>767.5</ele>
    </trkpt>
    <trkpt lat="42.261645" lon="-2.436365">
      <ele>767.3</ele>
    </trkpt>
    <trkpt lat="42.26149" lon="-2.436797">
      <ele>767.1</ele>
    </trkpt>
    <trkpt lat="42.261329" lon="-2.437448">
      <ele>767.1</ele>
    </trkpt>
    <trkpt lat="42.260968" lon="-2.439345">
      <ele>769.1</ele>
    </trkpt>
    <trkpt lat="42.260858" lon="-2.439727">
      <ele>769.8</ele>
    </trkpt>
    <trkpt lat="42.260694" lon="-2.440057">
      <ele>770.7</ele>
    </trkpt>
    <trkpt lat="42.260088" lon="-2.441003">
      <ele>772.3</ele>
    </trkpt>
    <trkpt lat="42.259923" lon="-2.441193">
      <ele>772.4</ele>
    </trkpt>
    <trkpt lat="42.259689" lon="-2.441332">
      <ele>772.5</ele>
    </trkpt>
    <trkpt lat="42.259457" lon="-2.441376">
      <ele>772.5</ele>
    </trkpt>
    <trkpt lat="42.259223" lon="-2.441321">
      <ele>772.3</ele>
    </trkpt>
    <trkpt lat="42.258203" lon="-2.440728">
      <ele>770.5</ele>
    </trkpt>
    <trkpt lat="42.258" lon="-2.440638">
      <ele>770</ele>
    </trkpt>
    <trkpt lat="42.257817" lon="-2.440606">
      <ele>769.6</ele>
    </trkpt>
    <trkpt lat="42.257641" lon="-2.440627">
      <ele>769.4</ele>
    </trkpt>
    <trkpt lat="42.257486" lon="-2.440715">
      <ele>769.1</ele>
    </trkpt>
    <trkpt lat="42.257335" lon="-2.440857">
      <ele>769</ele>
    </trkpt>
    <trkpt lat="42.257217" lon="-2.441047">
      <ele>768.8</ele>
    </trkpt>
    <trkpt lat="42.257113" lon="-2.441354">
      <ele>768.7</ele>
    </trkpt>
    <trkpt lat="42.257016" lon="-2.441782">
      <ele>768.7</ele>
    </trkpt>
    <trkpt lat="42.25683" lon="-2.442476">
      <ele>768.9</ele>
    </trkpt>
    <trkpt lat="42.256761" lon="-2.443">
      <ele>769.3</ele>
    </trkpt>
    <trkpt lat="42.25676" lon="-2.443494">
      <ele>769.8</ele>
    </trkpt>
    <trkpt lat="42.256985" lon="-2.444925">
      <ele>771.2</ele>
    </trkpt>
    <trkpt lat="42.257019" lon="-2.445296">
      <ele>771.6</ele>
    </trkpt>
    <trkpt lat="42.257045" lon="-2.44638">
      <ele>772.7</ele>
    </trkpt>
    <trkpt lat="42.257036" lon="-2.448411">
      <ele>774.6</ele>
    </trkpt>
    <trkpt lat="42.257034" lon="-2.448668">
      <ele>774.9</ele>
    </trkpt>
    <trkpt lat="42.257007" lon="-2.449343">
      <ele>775.4</ele>
    </trkpt>
    <trkpt lat="42.25689" lon="-2.450645">
      <ele>776.5</ele>
    </trkpt>
    <trkpt lat="42.256852" lon="-2.452237">
      <ele>777.4</ele>
    </trkpt>
    <trkpt lat="42.256827" lon="-2.452417">
      <ele>777.5</ele>
    </trkpt>
    <trkpt lat="42.256774" lon="-2.452567">
      <ele>777.6</ele>
    </trkpt>
    <trkpt lat="42.256669" lon="-2.452749">
      <ele>777.7</ele>
    </trkpt>
    <trkpt lat="42.256171" lon="-2.453547">
      <ele>778.2</ele>
    </trkpt>
    <trkpt lat="42.255907" lon="-2.453912">
      <ele>778.5</ele>
    </trkpt>
    <trkpt lat="42.255639" lon="-2.454239">
      <ele>778.8</ele>
    </trkpt>
    <trkpt lat="42.255412" lon="-2.454455">
      <ele>779.1</ele>
    </trkpt>
    <trkpt lat="42.255085" lon="-2.454707">
      <ele>779.6</ele>
    </trkpt>
    <trkpt lat="42.254946" lon="-2.454733">
      <ele>779.9</ele>
    </trkpt>
    <trkpt lat="42.254683" lon="-2.454575">
      <ele>780.4</ele>
    </trkpt>
    <trkpt lat="42.253538" lon="-2.454589">
      <ele>783.9</ele>
    </trkpt>
    <trkpt lat="42.253336" lon="-2.454658">
      <ele>784.7</ele>
    </trkpt>
    <trkpt lat="42.252574" lon="-2.455177">
      <ele>788</ele>
    </trkpt>
    <trkpt lat="42.252432" lon="-2.455222">
      <ele>788.4</ele>
    </trkpt>
    <trkpt lat="42.251892" lon="-2.455157">
      <ele>789.8</ele>
    </trkpt>
    <trkpt lat="42.251192" lon="-2.454938">
      <ele>790.5</ele>
    </trkpt>
    <trkpt lat="42.251013" lon="-2.454828">
      <ele>790.5</ele>
    </trkpt>
    <trkpt lat="42.250109" lon="-2.453849">
      <ele>789.4</ele>
    </trkpt>
    <trkpt lat="42.250029" lon="-2.453791">
      <ele>789.3</ele>
    </trkpt>
    <trkpt lat="42.249503" lon="-2.453569">
      <ele>788.7</ele>
    </trkpt>
    <trkpt lat="42.248906" lon="-2.453591">
      <ele>788.6</ele>
    </trkpt>
    <trkpt lat="42.248076" lon="-2.453359">
      <ele>789</ele>
    </trkpt>
    <trkpt lat="42.247921" lon="-2.453342">
      <ele>789.1</ele>
    </trkpt>
    <trkpt lat="42.247607" lon="-2.453447">
      <ele>789.4</ele>
    </trkpt>
    <trkpt lat="42.247411" lon="-2.453672">
      <ele>789.6</ele>
    </trkpt>
    <trkpt lat="42.247296" lon="-2.454158">
      <ele>789.8</ele>
    </trkpt>
    <trkpt lat="42.247167" lon="-2.454478">
      <ele>790</ele>
    </trkpt>
    <trkpt lat="42.245374" lon="-2.458485">
      <ele>793.1</ele>
    </trkpt>
    <trkpt lat="42.2452" lon="-2.458804">
      <ele>793.3</ele>
    </trkpt>
    <trkpt lat="42.24507" lon="-2.458956">
      <ele>793.4</ele>
    </trkpt>
    <trkpt lat="42.244814" lon="-2.459183">
      <ele>793.7</ele>
    </trkpt>
    <trkpt lat="42.243786" lon="-2.460021">
      <ele>795.5</ele>
    </trkpt>
    <trkpt lat="42.243537" lon="-2.460361">
      <ele>796.2</ele>
    </trkpt>
    <trkpt lat="42.242801" lon="-2.461658">
      <ele>799.1</ele>
    </trkpt>
    <trkpt lat="42.242696" lon="-2.461994">
      <ele>799.7</ele>
    </trkpt>
    <trkpt lat="42.242629" lon="-2.462621">
      <ele>800.3</ele>
    </trkpt>
    <trkpt lat="42.242565" lon="-2.463203">
      <ele>800.8</ele>
    </trkpt>
    <trkpt lat="42.242459" lon="-2.463636">
      <ele>801</ele>
    </trkpt>
    <trkpt lat="42.240879" lon="-2.46696">
      <ele>800.7</ele>
    </trkpt>
    <trkpt lat="42.24075" lon="-2.46716">
      <ele>800.8</ele>
    </trkpt>
    <trkpt lat="42.240173" lon="-2.467878">
      <ele>801.3</ele>
    </trkpt>
    <trkpt lat="42.239686" lon="-2.469035">
      <ele>802.4</ele>
    </trkpt>
    <trkpt lat="42.239532" lon="-2.469188">
      <ele>802.6</ele>
    </trkpt>
    <trkpt lat="42.238543" lon="-2.469857">
      <ele>804</ele>
    </trkpt>
    <trkpt lat="42.237907" lon="-2.470015">
      <ele>805.1</ele>
    </trkpt>
    <trkpt lat="42.237732" lon="-2.470109">
      <ele>805.4</ele>
    </trkpt>
    <trkpt lat="42.236307" lon="-2.471283">
      <ele>809.9</ele>
    </trkpt>
    <trkpt lat="42.235395" lon="-2.472072">
      <ele>815.7</ele>
    </trkpt>
    <trkpt lat="42.23514" lon="-2.472166">
      <ele>816.5</ele>
    </trkpt>
    <trkpt lat="42.235134" lon="-2.472238">
      <ele>817.6</ele>
    </trkpt>
    <trkpt lat="42.23509" lon="-2.472295">
      <ele>817.9</ele>
    </trkpt>
    <trkpt lat="42.234463" lon="-2.472607">
      <ele>822.8</ele>
    </trkpt>
    <trkpt lat="42.234427" lon="-2.472698">
      <ele>823.3</ele>
    </trkpt>
    <trkpt lat="42.234419" lon="-2.472787">
      <ele>823.7</ele>
    </trkpt>
    <trkpt lat="42.234652" lon="-2.473294">
      <ele>827.7</ele>
    </trkpt>
    <trkpt lat="42.23469" lon="-2.473428">
      <ele>828.9</ele>
    </trkpt>
    <trkpt lat="42.234903" lon="-2.474974">
      <ele>839.3</ele>
    </trkpt>
    <trkpt lat="42.234905" lon="-2.475652">
      <ele>843.7</ele>
    </trkpt>
    <trkpt lat="42.234811" lon="-2.475865">
      <ele>844.9</ele>
    </trkpt>
    <trkpt lat="42.234744" lon="-2.475895">
      <ele>845.8</ele>
    </trkpt>
    <trkpt lat="42.23467" lon="-2.475887">
      <ele>846.2</ele>
    </trkpt>
    <trkpt lat="42.23459" lon="-2.475833">
      <ele>846.7</ele>
    </trkpt>
    <trkpt lat="42.234541" lon="-2.475855">
      <ele>847</ele>
    </trkpt>
    <trkpt lat="42.234336" lon="-2.475947">
      <ele>848.5</ele>
    </trkpt>
    <trkpt lat="42.233633" lon="-2.475963">
      <ele>850.7</ele>
    </trkpt>
    <trkpt lat="42.232759" lon="-2.475408">
      <ele>846.9</ele>
    </trkpt>
    <trkpt lat="42.232655" lon="-2.475295">
      <ele>846</ele>
    </trkpt>
    <trkpt lat="42.232671" lon="-2.47515">
      <ele>845.3</ele>
    </trkpt>
    <trkpt lat="42.232499" lon="-2.47506">
      <ele>844.1</ele>
    </trkpt>
    <trkpt lat="42.232405" lon="-2.47496">
      <ele>843.2</ele>
    </trkpt>
    <trkpt lat="42.232351" lon="-2.474857">
      <ele>842.2</ele>
    </trkpt>
    <trkpt lat="42.232264" lon="-2.474986">
      <ele>841.3</ele>
    </trkpt>
    <trkpt lat="42.232163" lon="-2.474946">
      <ele>840.4</ele>
    </trkpt>
    <trkpt lat="42.232083" lon="-2.475091">
      <ele>839</ele>
    </trkpt>
    <trkpt lat="42.231834" lon="-2.475048">
      <ele>836.7</ele>
    </trkpt>
    <trkpt lat="42.23167" lon="-2.474858">
      <ele>834.5</ele>
    </trkpt>
    <trkpt lat="42.231803" lon="-2.474479">
      <ele>831.1</ele>
    </trkpt>
    <trkpt lat="42.23191" lon="-2.474379">
      <ele>830</ele>
    </trkpt>
    <trkpt lat="42.231907" lon="-2.474291">
      <ele>829.5</ele>
    </trkpt>
    <trkpt lat="42.231906" lon="-2.474247">
      <ele>828.9</ele>
    </trkpt>
    <trkpt lat="42.231863" lon="-2.474181">
      <ele>828.3</ele>
    </trkpt>
    <trkpt lat="42.231722" lon="-2.474228">
      <ele>827.4</ele>
    </trkpt>
    <trkpt lat="42.231605" lon="-2.474167">
      <ele>826.3</ele>
    </trkpt>
    <trkpt lat="42.231531" lon="-2.474227">
      <ele>825.8</ele>
    </trkpt>
    <trkpt lat="42.231148" lon="-2.473566">
      <ele>822.8</ele>
    </trkpt>
    <trkpt lat="42.231074" lon="-2.473595">
      <ele>822.4</ele>
    </trkpt>
    <trkpt lat="42.230959" lon="-2.473714">
      <ele>822</ele>
    </trkpt>
    <trkpt lat="42.230933" lon="-2.47387">
      <ele>821.6</ele>
    </trkpt>
    <trkpt lat="42.231034" lon="-2.47438">
      <ele>820.3</ele>
    </trkpt>
    <trkpt lat="42.230952" lon="-2.474583">
      <ele>820</ele>
    </trkpt>
    <trkpt lat="42.230253" lon="-2.475321">
      <ele>820.1</ele>
    </trkpt>
    <trkpt lat="42.229778" lon="-2.475993">
      <ele>821</ele>
    </trkpt>
    <trkpt lat="42.22927" lon="-2.47671">
      <ele>822</ele>
    </trkpt>
    <trkpt lat="42.22865" lon="-2.47803">
      <ele>823.7</ele>
    </trkpt>
    <trkpt lat="42.22814" lon="-2.4788">
      <ele>824.5</ele>
    </trkpt>
    <trkpt lat="42.22796" lon="-2.47927">
      <ele>824.8</ele>
    </trkpt>
    <trkpt lat="42.22775" lon="-2.47948">
      <ele>825</ele>
    </trkpt>
    <trkpt lat="42.226757" lon="-2.480122">
      <ele>825.9</ele>
    </trkpt>
    <trkpt lat="42.226008" lon="-2.480731">
      <ele>828.1</ele>
    </trkpt>
    <trkpt lat="42.225801" lon="-2.481">
      <ele>829.1</ele>
    </trkpt>
    <trkpt lat="42.22569" lon="-2.481102">
      <ele>829.6</ele>
    </trkpt>
    <trkpt lat="42.224854" lon="-2.481345">
      <ele>832.4</ele>
    </trkpt>
    <trkpt lat="42.224457" lon="-2.481439">
      <ele>833.6</ele>
    </trkpt>
    <trkpt lat="42.224289" lon="-2.481403">
      <ele>834</ele>
    </trkpt>
    <trkpt lat="42.224033" lon="-2.481294">
      <ele>834.7</ele>
    </trkpt>
    <trkpt lat="42.223697" lon="-2.481047">
      <ele>835.2</ele>
    </trkpt>
    <trkpt lat="42.222461" lon="-2.480742">
      <ele>835.2</ele>
    </trkpt>
    <trkpt lat="42.222021" lon="-2.480539">
      <ele>835.4</ele>
    </trkpt>
    <trkpt lat="42.221566" lon="-2.480383">
      <ele>835.8</ele>
    </trkpt>
    <trkpt lat="42.221208" lon="-2.480261">
      <ele>836.2</ele>
    </trkpt>
    <trkpt lat="42.220985" lon="-2.480292">
      <ele>836.6</ele>
    </trkpt>
    <trkpt lat="42.220852" lon="-2.480305">
      <ele>836.8</ele>
    </trkpt>
    <trkpt lat="42.220702" lon="-2.480378">
      <ele>837.2</ele>
    </trkpt>
    <trkpt lat="42.220389" lon="-2.480796">
      <ele>838.3</ele>
    </trkpt>
    <trkpt lat="42.219423" lon="-2.48234">
      <ele>842.2</ele>
    </trkpt>
    <trkpt lat="42.219293" lon="-2.48304">
      <ele>843.5</ele>
    </trkpt>
    <trkpt lat="42.218983" lon="-2.48357">
      <ele>844.4</ele>
    </trkpt>
    <trkpt lat="42.218983" lon="-2.4838">
      <ele>844.7</ele>
    </trkpt>
    <trkpt lat="42.219093" lon="-2.48417">
      <ele>845.1</ele>
    </trkpt>
    <trkpt lat="42.219103" lon="-2.4844">
      <ele>845.3</ele>
    </trkpt>
    <trkpt lat="42.219033" lon="-2.48509">
      <ele>845.9</ele>
    </trkpt>
    <trkpt lat="42.218903" lon="-2.48548">
      <ele>846.3</ele>
    </trkpt>
    <trkpt lat="42.218763" lon="-2.48571">
      <ele>846.6</ele>
    </trkpt>
    <trkpt lat="42.217987" lon="-2.486645">
      <ele>848.2</ele>
    </trkpt>
    <trkpt lat="42.217933" lon="-2.48671">
      <ele>848.4</ele>
    </trkpt>
    <trkpt lat="42.217712" lon="-2.487195">
      <ele>849.2</ele>
    </trkpt>
    <trkpt lat="42.217498" lon="-2.487865">
      <ele>850.2</ele>
    </trkpt>
    <trkpt lat="42.217488" lon="-2.488093">
      <ele>850.5</ele>
    </trkpt>
    <trkpt lat="42.217575" lon="-2.488574">
      <ele>851.1</ele>
    </trkpt>
    <trkpt lat="42.217593" lon="-2.488896">
      <ele>851.5</ele>
    </trkpt>
    <trkpt lat="42.217561" lon="-2.489355">
      <ele>852.1</ele>
    </trkpt>
    <trkpt lat="42.217487" lon="-2.489616">
      <ele>852.6</ele>
    </trkpt>
    <trkpt lat="42.21728" lon="-2.489973">
      <ele>853.3</ele>
    </trkpt>
    <trkpt lat="42.217029" lon="-2.490276">
      <ele>854.1</ele>
    </trkpt>
    <trkpt lat="42.216938" lon="-2.490369">
      <ele>854.4</ele>
    </trkpt>
    <trkpt lat="42.216902" lon="-2.490406">
      <ele>854.5</ele>
    </trkpt>
    <trkpt lat="42.216709" lon="-2.490617">
      <ele>855.1</ele>
    </trkpt>
    <trkpt lat="42.216713" lon="-2.490738">
      <ele>855.3</ele>
    </trkpt>
    <trkpt lat="42.216392" lon="-2.491122">
      <ele>856.5</ele>
    </trkpt>
    <trkpt lat="42.216147" lon="-2.49156">
      <ele>857.8</ele>
    </trkpt>
    <trkpt lat="42.216053" lon="-2.491802">
      <ele>858.6</ele>
    </trkpt>
    <trkpt lat="42.215972" lon="-2.492084">
      <ele>859.4</ele>
    </trkpt>
    <trkpt lat="42.215925" lon="-2.49259">
      <ele>860.7</ele>
    </trkpt>
    <trkpt lat="42.215817" lon="-2.49292">
      <ele>861.6</ele>
    </trkpt>
    <trkpt lat="42.215753" lon="-2.49332">
      <ele>862.4</ele>
    </trkpt>
    <trkpt lat="42.215692" lon="-2.493432">
      <ele>862.7</ele>
    </trkpt>
    <trkpt lat="42.215548" lon="-2.493575">
      <ele>863.6</ele>
    </trkpt>
    <trkpt lat="42.215445" lon="-2.493751">
      <ele>864.3</ele>
    </trkpt>
    <trkpt lat="42.215271" lon="-2.494479">
      <ele>868.6</ele>
    </trkpt>
    <trkpt lat="42.215169" lon="-2.49461">
      <ele>869.6</ele>
    </trkpt>
    <trkpt lat="42.214979" lon="-2.49472">
      <ele>871.4</ele>
    </trkpt>
    <trkpt lat="42.214846" lon="-2.49486">
      <ele>872.5</ele>
    </trkpt>
    <trkpt lat="42.214653" lon="-2.495265">
      <ele>875.4</ele>
    </trkpt>
    <trkpt lat="42.214363" lon="-2.495951">
      <ele>880.8</ele>
    </trkpt>
    <trkpt lat="42.214281" lon="-2.496088">
      <ele>881.8</ele>
    </trkpt>
    <trkpt lat="42.213992" lon="-2.496403">
      <ele>885.7</ele>
    </trkpt>
    <trkpt lat="42.213662" lon="-2.496832">
      <ele>892</ele>
    </trkpt>
    <trkpt lat="42.213622" lon="-2.496915">
      <ele>893.2</ele>
    </trkpt>
    <trkpt lat="42.213605" lon="-2.497049">
      <ele>894.1</ele>
    </trkpt>
    <trkpt lat="42.213621" lon="-2.497139">
      <ele>894.8</ele>
    </trkpt>
    <trkpt lat="42.213647" lon="-2.497208">
      <ele>895.4</ele>
    </trkpt>
    <trkpt lat="42.21375" lon="-2.497311">
      <ele>897.6</ele>
    </trkpt>
    <trkpt lat="42.214101" lon="-2.497377">
      <ele>901.1</ele>
    </trkpt>
    <trkpt lat="42.214241" lon="-2.497449">
      <ele>902</ele>
    </trkpt>
    <trkpt lat="42.214291" lon="-2.497509">
      <ele>902.8</ele>
    </trkpt>
    <trkpt lat="42.214359" lon="-2.497701">
      <ele>905.2</ele>
    </trkpt>
    <trkpt lat="42.214361" lon="-2.497878">
      <ele>906.2</ele>
    </trkpt>
    <trkpt lat="42.214337" lon="-2.49801">
      <ele>907.4</ele>
    </trkpt>
    <trkpt lat="42.214155" lon="-2.498578">
      <ele>913.3</ele>
    </trkpt>
    <trkpt lat="42.213995" lon="-2.499288">
      <ele>917.7</ele>
    </trkpt>
    <trkpt lat="42.213949" lon="-2.499606">
      <ele>919.9</ele>
    </trkpt>
    <trkpt lat="42.21398" lon="-2.499807">
      <ele>920.6</ele>
    </trkpt>
    <trkpt lat="42.214055" lon="-2.499903">
      <ele>921.3</ele>
    </trkpt>
    <trkpt lat="42.21415" lon="-2.499944">
      <ele>921.9</ele>
    </trkpt>
    <trkpt lat="42.21432" lon="-2.499902">
      <ele>922.6</ele>
    </trkpt>
    <trkpt lat="42.214441" lon="-2.499776">
      <ele>923.5</ele>
    </trkpt>
    <trkpt lat="42.214777" lon="-2.499192">
      <ele>925.2</ele>
    </trkpt>
    <trkpt lat="42.214934" lon="-2.499033">
      <ele>925.9</ele>
    </trkpt>
    <trkpt lat="42.215084" lon="-2.499042">
      <ele>926.3</ele>
    </trkpt>
    <trkpt lat="42.215195" lon="-2.499131">
      <ele>927</ele>
    </trkpt>
    <trkpt lat="42.215241" lon="-2.49923">
      <ele>927.1</ele>
    </trkpt>
    <trkpt lat="42.215256" lon="-2.499359">
      <ele>927.3</ele>
    </trkpt>
    <trkpt lat="42.215038" lon="-2.500374">
      <ele>930</ele>
    </trkpt>
    <trkpt lat="42.214944" lon="-2.500603">
      <ele>931.2</ele>
    </trkpt>
    <trkpt lat="42.214846" lon="-2.500719">
      <ele>931.8</ele>
    </trkpt>
    <trkpt lat="42.214709" lon="-2.500819">
      <ele>933.2</ele>
    </trkpt>
    <trkpt lat="42.214381" lon="-2.500945">
      <ele>935.6</ele>
    </trkpt>
    <trkpt lat="42.214062" lon="-2.501148">
      <ele>938.2</ele>
    </trkpt>
    <trkpt lat="42.213939" lon="-2.501346">
      <ele>939.6</ele>
    </trkpt>
    <trkpt lat="42.213912" lon="-2.501531">
      <ele>940.9</ele>
    </trkpt>
    <trkpt lat="42.213923" lon="-2.501637">
      <ele>941.7</ele>
    </trkpt>
    <trkpt lat="42.214127" lon="-2.502304">
      <ele>946.3</ele>
    </trkpt>
    <trkpt lat="42.214216" lon="-2.502468">
      <ele>947.4</ele>
    </trkpt>
    <trkpt lat="42.214284" lon="-2.502547">
      <ele>948.1</ele>
    </trkpt>
    <trkpt lat="42.214477" lon="-2.502674">
      <ele>949.7</ele>
    </trkpt>
    <trkpt lat="42.215041" lon="-2.502942">
      <ele>954.8</ele>
    </trkpt>
    <trkpt lat="42.215122" lon="-2.503029">
      <ele>955.6</ele>
    </trkpt>
    <trkpt lat="42.215166" lon="-2.503147">
      <ele>956.4</ele>
    </trkpt>
    <trkpt lat="42.215099" lon="-2.504045">
      <ele>961.8</ele>
    </trkpt>
    <trkpt lat="42.215164" lon="-2.505118">
      <ele>967.2</ele>
    </trkpt>
    <trkpt lat="42.215153" lon="-2.505244">
      <ele>967.9</ele>
    </trkpt>
    <trkpt lat="42.215075" lon="-2.50548">
      <ele>969.2</ele>
    </trkpt>
    <trkpt lat="42.214911" lon="-2.505813">
      <ele>971.5</ele>
    </trkpt>
    <trkpt lat="42.214895" lon="-2.50599">
      <ele>972.9</ele>
    </trkpt>
    <trkpt lat="42.214955" lon="-2.506293">
      <ele>974.9</ele>
    </trkpt>
    <trkpt lat="42.215157" lon="-2.507046">
      <ele>980.2</ele>
    </trkpt>
    <trkpt lat="42.215234" lon="-2.507176">
      <ele>981.1</ele>
    </trkpt>
    <trkpt lat="42.215369" lon="-2.507282">
      <ele>982.6</ele>
    </trkpt>
    <trkpt lat="42.215945" lon="-2.507512">
      <ele>987.3</ele>
    </trkpt>
    <trkpt lat="42.216211" lon="-2.507662">
      <ele>989.4</ele>
    </trkpt>
    <trkpt lat="42.216423" lon="-2.507895">
      <ele>991.6</ele>
    </trkpt>
    <trkpt lat="42.216621" lon="-2.508269">
      <ele>995.4</ele>
    </trkpt>
    <trkpt lat="42.216742" lon="-2.508406">
      <ele>997</ele>
    </trkpt>
    <trkpt lat="42.21685" lon="-2.508474">
      <ele>998.3</ele>
    </trkpt>
    <trkpt lat="42.21739" lon="-2.50867">
      <ele>1004.4</ele>
    </trkpt>
    <trkpt lat="42.217609" lon="-2.508705">
      <ele>1006.7</ele>
    </trkpt>
    <trkpt lat="42.21781" lon="-2.50867">
      <ele>1008.4</ele>
    </trkpt>
    <trkpt lat="42.218043" lon="-2.508568">
      <ele>1011</ele>
    </trkpt>
    <trkpt lat="42.218424" lon="-2.508384">
      <ele>1014.1</ele>
    </trkpt>
    <trkpt lat="42.218709" lon="-2.508253">
      <ele>1016.6</ele>
    </trkpt>
    <trkpt lat="42.218934" lon="-2.508202">
      <ele>1017.9</ele>
    </trkpt>
    <trkpt lat="42.21913" lon="-2.508224">
      <ele>1019.2</ele>
    </trkpt>
    <trkpt lat="42.219271" lon="-2.508299">
      <ele>1020.1</ele>
    </trkpt>
    <trkpt lat="42.2194" lon="-2.508456">
      <ele>1021.3</ele>
    </trkpt>
    <trkpt lat="42.220016" lon="-2.509579">
      <ele>1021.5</ele>
    </trkpt>
    <trkpt lat="42.220242" lon="-2.509939">
      <ele>1021.1</ele>
    </trkpt>
    <trkpt lat="42.221035" lon="-2.510779">
      <ele>1019.4</ele>
    </trkpt>
    <trkpt lat="42.221147" lon="-2.510924">
      <ele>1019</ele>
    </trkpt>
    <trkpt lat="42.22128" lon="-2.511163">
      <ele>1018.9</ele>
    </trkpt>
    <trkpt lat="42.22134" lon="-2.511424">
      <ele>1018.5</ele>
    </trkpt>
    <trkpt lat="42.221398" lon="-2.512232">
      <ele>1018.1</ele>
    </trkpt>
    <trkpt lat="42.221493" lon="-2.512655">
      <ele>1017.8</ele>
    </trkpt>
    <trkpt lat="42.221757" lon="-2.513377">
      <ele>1016.5</ele>
    </trkpt>
    <trkpt lat="42.222318" lon="-2.514292">
      <ele>1014.9</ele>
    </trkpt>
    <trkpt lat="42.222501" lon="-2.514613">
      <ele>1014.5</ele>
    </trkpt>
    <trkpt lat="42.222919" lon="-2.515338">
      <ele>1014.2</ele>
    </trkpt>
    <trkpt lat="42.222977" lon="-2.515506">
      <ele>1014.3</ele>
    </trkpt>
    <trkpt lat="42.22297" lon="-2.515705">
      <ele>1014.4</ele>
    </trkpt>
    <trkpt lat="42.222775" lon="-2.516207">
      <ele>1015</ele>
    </trkpt>
    <trkpt lat="42.222726" lon="-2.51646">
      <ele>1015.3</ele>
    </trkpt>
    <trkpt lat="42.222741" lon="-2.516766">
      <ele>1015.8</ele>
    </trkpt>
    <trkpt lat="42.22286" lon="-2.517162">
      <ele>1016.6</ele>
    </trkpt>
    <trkpt lat="42.222996" lon="-2.517409">
      <ele>1017.5</ele>
    </trkpt>
    <trkpt lat="42.223152" lon="-2.517572">
      <ele>1018.3</ele>
    </trkpt>
    <trkpt lat="42.223303" lon="-2.517657">
      <ele>1018.9</ele>
    </trkpt>
    <trkpt lat="42.223558" lon="-2.517714">
      <ele>1019.9</ele>
    </trkpt>
    <trkpt lat="42.223679" lon="-2.517777">
      <ele>1020.5</ele>
    </trkpt>
    <trkpt lat="42.223759" lon="-2.517881">
      <ele>1020.9</ele>
    </trkpt>
    <trkpt lat="42.223811" lon="-2.518053">
      <ele>1021.4</ele>
    </trkpt>
    <trkpt lat="42.223923" lon="-2.519128">
      <ele>1024.2</ele>
    </trkpt>
    <trkpt lat="42.223889" lon="-2.519312">
      <ele>1024.7</ele>
    </trkpt>
    <trkpt lat="42.22368" lon="-2.519702">
      <ele>1026.2</ele>
    </trkpt>
    <trkpt lat="42.223589" lon="-2.519957">
      <ele>1027.3</ele>
    </trkpt>
    <trkpt lat="42.223537" lon="-2.52044">
      <ele>1028.8</ele>
    </trkpt>
    <trkpt lat="42.223555" lon="-2.520611">
      <ele>1029.2</ele>
    </trkpt>
    <trkpt lat="42.223622" lon="-2.520803">
      <ele>1030.2</ele>
    </trkpt>
    <trkpt lat="42.223819" lon="-2.521243">
      <ele>1032.2</ele>
    </trkpt>
    <trkpt lat="42.223842" lon="-2.521349">
      <ele>1032.5</ele>
    </trkpt>
    <trkpt lat="42.223877" lon="-2.521936">
      <ele>1034.9</ele>
    </trkpt>
    <trkpt lat="42.223976" lon="-2.522234">
      <ele>1036.6</ele>
    </trkpt>
    <trkpt lat="42.225155" lon="-2.52442">
      <ele>1051.2</ele>
    </trkpt>
    <trkpt lat="42.225305" lon="-2.524986">
      <ele>1055.1</ele>
    </trkpt>
    <trkpt lat="42.225395" lon="-2.52545">
      <ele>1058.1</ele>
    </trkpt>
    <trkpt lat="42.225456" lon="-2.525912">
      <ele>1061</ele>
    </trkpt>
    <trkpt lat="42.225444" lon="-2.526291">
      <ele>1064.2</ele>
    </trkpt>
    <trkpt lat="42.22537" lon="-2.527062">
      <ele>1070.9</ele>
    </trkpt>
    <trkpt lat="42.225362" lon="-2.527704">
      <ele>1076.4</ele>
    </trkpt>
    <trkpt lat="42.225394" lon="-2.52788">
      <ele>1077.6</ele>
    </trkpt>
    <trkpt lat="42.225511" lon="-2.527978">
      <ele>1079.5</ele>
    </trkpt>
    <trkpt lat="42.225404" lon="-2.528439">
      <ele>1083.1</ele>
    </trkpt>
    <trkpt lat="42.225294" lon="-2.528633">
      <ele>1084.6</ele>
    </trkpt>
    <trkpt lat="42.225211" lon="-2.528687">
      <ele>1085.6</ele>
    </trkpt>
    <trkpt lat="42.224979" lon="-2.528666">
      <ele>1088</ele>
    </trkpt>
    <trkpt lat="42.22488" lon="-2.528673">
      <ele>1088.9</ele>
    </trkpt>
    <trkpt lat="42.224539" lon="-2.528921">
      <ele>1093</ele>
    </trkpt>
    <trkpt lat="42.224525" lon="-2.52893">
      <ele>1093.2</ele>
    </trkpt>
    <trkpt lat="42.224619" lon="-2.529043">
      <ele>1094.7</ele>
    </trkpt>
    <trkpt lat="42.224695" lon="-2.52906">
      <ele>1095.4</ele>
    </trkpt>
    <trkpt lat="42.224738" lon="-2.529113">
      <ele>1096</ele>
    </trkpt>
    <trkpt lat="42.224834" lon="-2.529252">
      <ele>1097.3</ele>
    </trkpt>
    <trkpt lat="42.224779" lon="-2.529362">
      <ele>1098.1</ele>
    </trkpt>
    <trkpt lat="42.224756" lon="-2.529478">
      <ele>1098.8</ele>
    </trkpt>
    <trkpt lat="42.224857" lon="-2.5295">
      <ele>1099.6</ele>
    </trkpt>
    <trkpt lat="42.22486" lon="-2.529699">
      <ele>1100.9</ele>
    </trkpt>
    <trkpt lat="42.224952" lon="-2.529727">
      <ele>1101.8</ele>
    </trkpt>
    <trkpt lat="42.224997" lon="-2.529948">
      <ele>1103.6</ele>
    </trkpt>
    <trkpt lat="42.225034" lon="-2.529989">
      <ele>1104.1</ele>
    </trkpt>
    <trkpt lat="42.225211" lon="-2.530144">
      <ele>1106.1</ele>
    </trkpt>
    <trkpt lat="42.225804" lon="-2.530781">
      <ele>1112.8</ele>
    </trkpt>
    <trkpt lat="42.225854" lon="-2.530807">
      <ele>1113.2</ele>
    </trkpt>
    <trkpt lat="42.22598" lon="-2.530954">
      <ele>1114.5</ele>
    </trkpt>
    <trkpt lat="42.225964" lon="-2.531092">
      <ele>1115.5</ele>
    </trkpt>
    <trkpt lat="42.225991" lon="-2.531389">
      <ele>1117.2</ele>
    </trkpt>
    <trkpt lat="42.226104" lon="-2.532027">
      <ele>1121.5</ele>
    </trkpt>
    <trkpt lat="42.226166" lon="-2.532217">
      <ele>1122.6</ele>
    </trkpt>
    <trkpt lat="42.226466" lon="-2.532911">
      <ele>1127</ele>
    </trkpt>
    <trkpt lat="42.226502" lon="-2.533045">
      <ele>1127.7</ele>
    </trkpt>
    <trkpt lat="42.226518" lon="-2.533369">
      <ele>1129.2</ele>
    </trkpt>
    <trkpt lat="42.22649" lon="-2.534405">
      <ele>1134.8</ele>
    </trkpt>
    <trkpt lat="42.2265" lon="-2.534665">
      <ele>1136.3</ele>
    </trkpt>
    <trkpt lat="42.226598" lon="-2.535062">
      <ele>1138.7</ele>
    </trkpt>
    <trkpt lat="42.22673" lon="-2.535389">
      <ele>1140.9</ele>
    </trkpt>
    <trkpt lat="42.226887" lon="-2.535678">
      <ele>1142.8</ele>
    </trkpt>
    <trkpt lat="42.22716" lon="-2.53594">
      <ele>1145.1</ele>
    </trkpt>
    <trkpt lat="42.227529" lon="-2.536132">
      <ele>1147.8</ele>
    </trkpt>
    <trkpt lat="42.22767" lon="-2.536279">
      <ele>1148.9</ele>
    </trkpt>
    <trkpt lat="42.227759" lon="-2.536517">
      <ele>1150.3</ele>
    </trkpt>
    <trkpt lat="42.227841" lon="-2.537104">
      <ele>1152.6</ele>
    </trkpt>
    <trkpt lat="42.22797" lon="-2.537441">
      <ele>1154</ele>
    </trkpt>
    <trkpt lat="42.228082" lon="-2.537587">
      <ele>1154.8</ele>
    </trkpt>
    <trkpt lat="42.228648" lon="-2.538075">
      <ele>1158</ele>
    </trkpt>
    <trkpt lat="42.228733" lon="-2.538242">
      <ele>1158.7</ele>
    </trkpt>
    <trkpt lat="42.228907" lon="-2.538741">
      <ele>1160.9</ele>
    </trkpt>
    <trkpt lat="42.229182" lon="-2.539067">
      <ele>1163.9</ele>
    </trkpt>
    <trkpt lat="42.229375" lon="-2.539225">
      <ele>1166</ele>
    </trkpt>
    <trkpt lat="42.229494" lon="-2.539251">
      <ele>1166.5</ele>
    </trkpt>
    <trkpt lat="42.229627" lon="-2.53921">
      <ele>1168.7</ele>
    </trkpt>
    <trkpt lat="42.230043" lon="-2.538983">
      <ele>1172</ele>
    </trkpt>
    <trkpt lat="42.230167" lon="-2.538964">
      <ele>1172.5</ele>
    </trkpt>
    <trkpt lat="42.230297" lon="-2.538996">
      <ele>1174.9</ele>
    </trkpt>
    <trkpt lat="42.230436" lon="-2.539142">
      <ele>1175.4</ele>
    </trkpt>
    <trkpt lat="42.230806" lon="-2.539753">
      <ele>1181.2</ele>
    </trkpt>
    <trkpt lat="42.23094" lon="-2.53989">
      <ele>1181.8</ele>
    </trkpt>
    <trkpt lat="42.231152" lon="-2.539995">
      <ele>1184.5</ele>
    </trkpt>
    <trkpt lat="42.232256" lon="-2.540375">
      <ele>1192.9</ele>
    </trkpt>
    <trkpt lat="42.232463" lon="-2.540585">
      <ele>1195.3</ele>
    </trkpt>
    <trkpt lat="42.232647" lon="-2.540894">
      <ele>1198</ele>
    </trkpt>
    <trkpt lat="42.232769" lon="-2.541044">
      <ele>1199.5</ele>
    </trkpt>
    <trkpt lat="42.232984" lon="-2.541181">
      <ele>1201.6</ele>
    </trkpt>
    <trkpt lat="42.233407" lon="-2.541246">
      <ele>1205.4</ele>
    </trkpt>
    <trkpt lat="42.23363" lon="-2.541297">
      <ele>1207.5</ele>
    </trkpt>
    <trkpt lat="42.233962" lon="-2.541511">
      <ele>1210.8</ele>
    </trkpt>
    <trkpt lat="42.23431" lon="-2.541667">
      <ele>1214.2</ele>
    </trkpt>
    <trkpt lat="42.235374" lon="-2.541571">
      <ele>1222</ele>
    </trkpt>
    <trkpt lat="42.23628" lon="-2.541766">
      <ele>1224.2</ele>
    </trkpt>
    <trkpt lat="42.236398" lon="-2.541838">
      <ele>1225.1</ele>
    </trkpt>
    <trkpt lat="42.236473" lon="-2.542018">
      <ele>1224.7</ele>
    </trkpt>
    <trkpt lat="42.236544" lon="-2.542541">
      <ele>1225.2</ele>
    </trkpt>
    <trkpt lat="42.2366" lon="-2.542717">
      <ele>1225.8</ele>
    </trkpt>
    <trkpt lat="42.236981" lon="-2.543288">
      <ele>1226.5</ele>
    </trkpt>
    <trkpt lat="42.237045" lon="-2.543479">
      <ele>1227.4</ele>
    </trkpt>
    <trkpt lat="42.237045" lon="-2.54391">
      <ele>1228.2</ele>
    </trkpt>
    <trkpt lat="42.23689" lon="-2.545019">
      <ele>1232.3</ele>
    </trkpt>
    <trkpt lat="42.236879" lon="-2.545226">
      <ele>1233.6</ele>
    </trkpt>
    <trkpt lat="42.236893" lon="-2.545461">
      <ele>1234.3</ele>
    </trkpt>
    <trkpt lat="42.237001" lon="-2.545822">
      <ele>1236.1</ele>
    </trkpt>
    <trkpt lat="42.23721" lon="-2.546205">
      <ele>1238.3</ele>
    </trkpt>
    <trkpt lat="42.237489" lon="-2.546601">
      <ele>1241.3</ele>
    </trkpt>
    <trkpt lat="42.2379" lon="-2.547134">
      <ele>1245.8</ele>
    </trkpt>
    <trkpt lat="42.238155" lon="-2.547406">
      <ele>1248.1</ele>
    </trkpt>
    <trkpt lat="42.238442" lon="-2.547619">
      <ele>1250.3</ele>
    </trkpt>
    <trkpt lat="42.238707" lon="-2.547719">
      <ele>1252.3</ele>
    </trkpt>
    <trkpt lat="42.239498" lon="-2.54794">
      <ele>1257</ele>
    </trkpt>
    <trkpt lat="42.239756" lon="-2.548052">
      <ele>1258.5</ele>
    </trkpt>
    <trkpt lat="42.240088" lon="-2.5483">
      <ele>1260.1</ele>
    </trkpt>
    <trkpt lat="42.240697" lon="-2.548893">
      <ele>1260.7</ele>
    </trkpt>
    <trkpt lat="42.240874" lon="-2.548992">
      <ele>1260.6</ele>
    </trkpt>
    <trkpt lat="42.241275" lon="-2.549151">
      <ele>1260.2</ele>
    </trkpt>
    <trkpt lat="42.241419" lon="-2.549259">
      <ele>1260.1</ele>
    </trkpt>
    <trkpt lat="42.241514" lon="-2.549408">
      <ele>1259.9</ele>
    </trkpt>
    <trkpt lat="42.241576" lon="-2.549591">
      <ele>1259.7</ele>
    </trkpt>
    <trkpt lat="42.241604" lon="-2.550239">
      <ele>1259.2</ele>
    </trkpt>
    <trkpt lat="42.241638" lon="-2.550437">
      <ele>1259.1</ele>
    </trkpt>
    <trkpt lat="42.241716" lon="-2.550657">
      <ele>1258.9</ele>
    </trkpt>
    <trkpt lat="42.242095" lon="-2.551375">
      <ele>1258.6</ele>
    </trkpt>
    <trkpt lat="42.242252" lon="-2.551772">
      <ele>1258.8</ele>
    </trkpt>
    <trkpt lat="42.242291" lon="-2.551997">
      <ele>1258.9</ele>
    </trkpt>
    <trkpt lat="42.242258" lon="-2.552304">
      <ele>1259.3</ele>
    </trkpt>
    <trkpt lat="42.242159" lon="-2.552647">
      <ele>1259.9</ele>
    </trkpt>
    <trkpt lat="42.242052" lon="-2.552812">
      <ele>1260.4</ele>
    </trkpt>
    <trkpt lat="42.241826" lon="-2.552974">
      <ele>1261.2</ele>
    </trkpt>
    <trkpt lat="42.24163" lon="-2.553072">
      <ele>1261.9</ele>
    </trkpt>
    <trkpt lat="42.240459" lon="-2.553546">
      <ele>1267</ele>
    </trkpt>
    <trkpt lat="42.239716" lon="-2.553879">
      <ele>1271</ele>
    </trkpt>
    <trkpt lat="42.239606" lon="-2.554002">
      <ele>1272</ele>
    </trkpt>
    <trkpt lat="42.239525" lon="-2.554209">
      <ele>1273.4</ele>
    </trkpt>
    <trkpt lat="42.239482" lon="-2.554479">
      <ele>1274.9</ele>
    </trkpt>
    <trkpt lat="42.23951" lon="-2.554815">
      <ele>1276.9</ele>
    </trkpt>
    <trkpt lat="42.23955" lon="-2.555003">
      <ele>1277.7</ele>
    </trkpt>
    <trkpt lat="42.239691" lon="-2.555459">
      <ele>1280.4</ele>
    </trkpt>
    <trkpt lat="42.239888" lon="-2.55585">
      <ele>1283</ele>
    </trkpt>
    <trkpt lat="42.239953" lon="-2.556085">
      <ele>1284.7</ele>
    </trkpt>
    <trkpt lat="42.239943" lon="-2.556436">
      <ele>1286.7</ele>
    </trkpt>
    <trkpt lat="42.239964" lon="-2.556623">
      <ele>1287.9</ele>
    </trkpt>
    <trkpt lat="42.240095" lon="-2.556933">
      <ele>1290.2</ele>
    </trkpt>
    <trkpt lat="42.240409" lon="-2.557365">
      <ele>1294.4</ele>
    </trkpt>
    <trkpt lat="42.24143" lon="-2.55836">
      <ele>1300.6</ele>
    </trkpt>
    <trkpt lat="42.241593" lon="-2.558577">
      <ele>1301.5</ele>
    </trkpt>
    <trkpt lat="42.241714" lon="-2.558871">
      <ele>1302.5</ele>
    </trkpt>
    <trkpt lat="42.241743" lon="-2.559143">
      <ele>1303.2</ele>
    </trkpt>
    <trkpt lat="42.24174" lon="-2.5593">
      <ele>1303.6</ele>
    </trkpt>
    <trkpt lat="42.241684" lon="-2.559681">
      <ele>1304.5</ele>
    </trkpt>
    <trkpt lat="42.241245" lon="-2.561732">
      <ele>1309.9</ele>
    </trkpt>
    <trkpt lat="42.241049" lon="-2.5625">
      <ele>1314.1</ele>
    </trkpt>
    <trkpt lat="42.240791" lon="-2.563077">
      <ele>1318.2</ele>
    </trkpt>
    <trkpt lat="42.240123" lon="-2.564181">
      <ele>1329.2</ele>
    </trkpt>
    <trkpt lat="42.239399" lon="-2.565325">
      <ele>1344.4</ele>
    </trkpt>
    <trkpt lat="42.239038" lon="-2.565807">
      <ele>1351.6</ele>
    </trkpt>
    <trkpt lat="42.238889" lon="-2.565996">
      <ele>1354.4</ele>
    </trkpt>
    <trkpt lat="42.238113" lon="-2.56692">
      <ele>1368.4</ele>
    </trkpt>
    <trkpt lat="42.237322" lon="-2.567997">
      <ele>1379.8</ele>
    </trkpt>
    <trkpt lat="42.236824" lon="-2.568602">
      <ele>1384.1</ele>
    </trkpt>
    <trkpt lat="42.236436" lon="-2.568985">
      <ele>1385.3</ele>
    </trkpt>
    <trkpt lat="42.235901" lon="-2.56942">
      <ele>1385.2</ele>
    </trkpt>
    <trkpt lat="42.234219" lon="-2.571235">
      <ele>1371.9</ele>
    </trkpt>
    <trkpt lat="42.233421" lon="-2.572037">
      <ele>1363.2</ele>
    </trkpt>
    <trkpt lat="42.233336" lon="-2.572149">
      <ele>1361.6</ele>
    </trkpt>
    <trkpt lat="42.233259" lon="-2.572323">
      <ele>1360.5</ele>
    </trkpt>
    <trkpt lat="42.233183" lon="-2.573329">
      <ele>1353.1</ele>
    </trkpt>
    <trkpt lat="42.233069" lon="-2.573906">
      <ele>1347.6</ele>
    </trkpt>
    <trkpt lat="42.232995" lon="-2.574136">
      <ele>1344.8</ele>
    </trkpt>
    <trkpt lat="42.232813" lon="-2.57453">
      <ele>1340.6</ele>
    </trkpt>
    <trkpt lat="42.232104" lon="-2.575879">
      <ele>1323.9</ele>
    </trkpt>
    <trkpt lat="42.231637" lon="-2.576951">
      <ele>1312.1</ele>
    </trkpt>
    <trkpt lat="42.231515" lon="-2.577144">
      <ele>1309.9</ele>
    </trkpt>
    <trkpt lat="42.231315" lon="-2.577354">
      <ele>1307</ele>
    </trkpt>
    <trkpt lat="42.230814" lon="-2.577689">
      <ele>1300.8</ele>
    </trkpt>
    <trkpt lat="42.230624" lon="-2.577852">
      <ele>1298.6</ele>
    </trkpt>
    <trkpt lat="42.229523" lon="-2.579253">
      <ele>1284.7</ele>
    </trkpt>
    <trkpt lat="42.229184" lon="-2.579809">
      <ele>1281.7</ele>
    </trkpt>
    <trkpt lat="42.229124" lon="-2.579817">
      <ele>1281.3</ele>
    </trkpt>
    <trkpt lat="42.229094" lon="-2.579772">
      <ele>1281.2</ele>
    </trkpt>
    <trkpt lat="42.229087" lon="-2.579684">
      <ele>1281</ele>
    </trkpt>
    <trkpt lat="42.229107" lon="-2.579618">
      <ele>1280.9</ele>
    </trkpt>
    <trkpt lat="42.229402" lon="-2.578999">
      <ele>1280.4</ele>
    </trkpt>
    <trkpt lat="42.230129" lon="-2.576998">
      <ele>1282.1</ele>
    </trkpt>
    <trkpt lat="42.230127" lon="-2.576836">
      <ele>1281.7</ele>
    </trkpt>
    <trkpt lat="42.230045" lon="-2.576801">
      <ele>1281.7</ele>
    </trkpt>
    <trkpt lat="42.229962" lon="-2.576871">
      <ele>1281</ele>
    </trkpt>
    <trkpt lat="42.22865" lon="-2.57851">
      <ele>1262.4</ele>
    </trkpt>
    <trkpt lat="42.22767" lon="-2.579636">
      <ele>1245.9</ele>
    </trkpt>
    <trkpt lat="42.226732" lon="-2.580804">
      <ele>1230.6</ele>
    </trkpt>
    <trkpt lat="42.226559" lon="-2.581076">
      <ele>1226.7</ele>
    </trkpt>
    <trkpt lat="42.226465" lon="-2.581351">
      <ele>1223.3</ele>
    </trkpt>
    <trkpt lat="42.226428" lon="-2.581548">
      <ele>1220.9</ele>
    </trkpt>
    <trkpt lat="42.226219" lon="-2.583839">
      <ele>1193.9</ele>
    </trkpt>
    <trkpt lat="42.226107" lon="-2.585252">
      <ele>1183.1</ele>
    </trkpt>
    <trkpt lat="42.226109" lon="-2.585632">
      <ele>1181.9</ele>
    </trkpt>
    <trkpt lat="42.226093" lon="-2.5857">
      <ele>1181.6</ele>
    </trkpt>
    <trkpt lat="42.226031" lon="-2.585736">
      <ele>1181.4</ele>
    </trkpt>
    <trkpt lat="42.225975" lon="-2.585681">
      <ele>1181.3</ele>
    </trkpt>
    <trkpt lat="42.225586" lon="-2.584412">
      <ele>1179.9</ele>
    </trkpt>
    <trkpt lat="42.225318" lon="-2.583824">
      <ele>1178.2</ele>
    </trkpt>
    <trkpt lat="42.225189" lon="-2.58362">
      <ele>1177</ele>
    </trkpt>
    <trkpt lat="42.225107" lon="-2.583582">
      <ele>1176.5</ele>
    </trkpt>
    <trkpt lat="42.225072" lon="-2.583595">
      <ele>1176.3</ele>
    </trkpt>
    <trkpt lat="42.225021" lon="-2.583647">
      <ele>1175.9</ele>
    </trkpt>
    <trkpt lat="42.225005" lon="-2.583738">
      <ele>1175.4</ele>
    </trkpt>
    <trkpt lat="42.225126" lon="-2.584605">
      <ele>1169.1</ele>
    </trkpt>
    <trkpt lat="42.225188" lon="-2.585183">
      <ele>1163.2</ele>
    </trkpt>
    <trkpt lat="42.225191" lon="-2.585523">
      <ele>1159</ele>
    </trkpt>
    <trkpt lat="42.225169" lon="-2.585703">
      <ele>1156.8</ele>
    </trkpt>
    <trkpt lat="42.224739" lon="-2.587483">
      <ele>1134.9</ele>
    </trkpt>
    <trkpt lat="42.224547" lon="-2.588038">
      <ele>1129.1</ele>
    </trkpt>
    <trkpt lat="42.224242" lon="-2.588561">
      <ele>1123.5</ele>
    </trkpt>
    <trkpt lat="42.224123" lon="-2.588837">
      <ele>1121.1</ele>
    </trkpt>
    <trkpt lat="42.223902" lon="-2.589112">
      <ele>1118.3</ele>
    </trkpt>
    <trkpt lat="42.223679" lon="-2.58924">
      <ele>1116.4</ele>
    </trkpt>
    <trkpt lat="42.223213" lon="-2.589441">
      <ele>1112.5</ele>
    </trkpt>
    <trkpt lat="42.222883" lon="-2.589811">
      <ele>1109.3</ele>
    </trkpt>
    <trkpt lat="42.222521" lon="-2.590145">
      <ele>1106.3</ele>
    </trkpt>
    <trkpt lat="42.222302" lon="-2.590287">
      <ele>1104.7</ele>
    </trkpt>
    <trkpt lat="42.221918" lon="-2.590445">
      <ele>1102.1</ele>
    </trkpt>
    <trkpt lat="42.221769" lon="-2.590602">
      <ele>1101</ele>
    </trkpt>
    <trkpt lat="42.221207" lon="-2.59149">
      <ele>1096.5</ele>
    </trkpt>
    <trkpt lat="42.221137" lon="-2.591635">
      <ele>1096</ele>
    </trkpt>
    <trkpt lat="42.221052" lon="-2.591977">
      <ele>1094.8</ele>
    </trkpt>
    <trkpt lat="42.221028" lon="-2.592446">
      <ele>1093.4</ele>
    </trkpt>
    <trkpt lat="42.220972" lon="-2.592715">
      <ele>1092.5</ele>
    </trkpt>
    <trkpt lat="42.220896" lon="-2.592908">
      <ele>1091.9</ele>
    </trkpt>
    <trkpt lat="42.220406" lon="-2.593879">
      <ele>1089.5</ele>
    </trkpt>
    <trkpt lat="42.220125" lon="-2.594268">
      <ele>1088.4</ele>
    </trkpt>
    <trkpt lat="42.21964" lon="-2.594798">
      <ele>1087</ele>
    </trkpt>
    <trkpt lat="42.219497" lon="-2.595014">
      <ele>1086.1</ele>
    </trkpt>
    <trkpt lat="42.219438" lon="-2.595248">
      <ele>1085.5</ele>
    </trkpt>
    <trkpt lat="42.219421" lon="-2.595654">
      <ele>1084.2</ele>
    </trkpt>
    <trkpt lat="42.219334" lon="-2.595946">
      <ele>1083</ele>
    </trkpt>
    <trkpt lat="42.219077" lon="-2.59655">
      <ele>1080.7</ele>
    </trkpt>
    <trkpt lat="42.218674" lon="-2.597194">
      <ele>1077.5</ele>
    </trkpt>
    <trkpt lat="42.218055" lon="-2.598104">
      <ele>1074</ele>
    </trkpt>
    <trkpt lat="42.218031" lon="-2.598238">
      <ele>1073.6</ele>
    </trkpt>
    <trkpt lat="42.218092" lon="-2.598323">
      <ele>1073.6</ele>
    </trkpt>
    <trkpt lat="42.218294" lon="-2.598366">
      <ele>1073.1</ele>
    </trkpt>
    <trkpt lat="42.218461" lon="-2.598346">
      <ele>1073.2</ele>
    </trkpt>
    <trkpt lat="42.218582" lon="-2.598273">
      <ele>1073.1</ele>
    </trkpt>
    <trkpt lat="42.219718" lon="-2.596617">
      <ele>1072.2</ele>
    </trkpt>
    <trkpt lat="42.219905" lon="-2.596392">
      <ele>1070.9</ele>
    </trkpt>
    <trkpt lat="42.220169" lon="-2.596202">
      <ele>1068.9</ele>
    </trkpt>
    <trkpt lat="42.220692" lon="-2.595916">
      <ele>1065.1</ele>
    </trkpt>
    <trkpt lat="42.220914" lon="-2.595835">
      <ele>1063.3</ele>
    </trkpt>
    <trkpt lat="42.221055" lon="-2.595853">
      <ele>1062.1</ele>
    </trkpt>
    <trkpt lat="42.221131" lon="-2.595894">
      <ele>1061.4</ele>
    </trkpt>
    <trkpt lat="42.221362" lon="-2.596173">
      <ele>1059.2</ele>
    </trkpt>
    <trkpt lat="42.221447" lon="-2.596405">
      <ele>1058.2</ele>
    </trkpt>
    <trkpt lat="42.221668" lon="-2.597229">
      <ele>1055.1</ele>
    </trkpt>
    <trkpt lat="42.221745" lon="-2.597391">
      <ele>1054.5</ele>
    </trkpt>
    <trkpt lat="42.221793" lon="-2.597434">
      <ele>1054.2</ele>
    </trkpt>
    <trkpt lat="42.221902" lon="-2.597465">
      <ele>1053.9</ele>
    </trkpt>
    <trkpt lat="42.222029" lon="-2.597433">
      <ele>1053.5</ele>
    </trkpt>
    <trkpt lat="42.223045" lon="-2.596939">
      <ele>1048.6</ele>
    </trkpt>
    <trkpt lat="42.223242" lon="-2.596956">
      <ele>1047.4</ele>
    </trkpt>
    <trkpt lat="42.223339" lon="-2.597023">
      <ele>1046.9</ele>
    </trkpt>
    <trkpt lat="42.223402" lon="-2.59713">
      <ele>1045.9</ele>
    </trkpt>
    <trkpt lat="42.223501" lon="-2.597409">
      <ele>1044.4</ele>
    </trkpt>
    <trkpt lat="42.223526" lon="-2.59763">
      <ele>1042.4</ele>
    </trkpt>
    <trkpt lat="42.223507" lon="-2.597726">
      <ele>1041.8</ele>
    </trkpt>
    <trkpt lat="42.223366" lon="-2.598079">
      <ele>1038.6</ele>
    </trkpt>
    <trkpt lat="42.223237" lon="-2.598279">
      <ele>1036.9</ele>
    </trkpt>
    <trkpt lat="42.221931" lon="-2.599568">
      <ele>1018.2</ele>
    </trkpt>
    <trkpt lat="42.22167" lon="-2.599876">
      <ele>1015</ele>
    </trkpt>
    <trkpt lat="42.221609" lon="-2.60002">
      <ele>1014</ele>
    </trkpt>
    <trkpt lat="42.221214" lon="-2.601532">
      <ele>1006.5</ele>
    </trkpt>
    <trkpt lat="42.221014" lon="-2.601997">
      <ele>1005</ele>
    </trkpt>
    <trkpt lat="42.220914" lon="-2.602304">
      <ele>1004.1</ele>
    </trkpt>
    <trkpt lat="42.220817" lon="-2.602778">
      <ele>1002.5</ele>
    </trkpt>
    <trkpt lat="42.220709" lon="-2.603864">
      <ele>997.9</ele>
    </trkpt>
    <trkpt lat="42.220679" lon="-2.604">
      <ele>997.2</ele>
    </trkpt>
    <trkpt lat="42.220529" lon="-2.604388">
      <ele>994.9</ele>
    </trkpt>
    <trkpt lat="42.220386" lon="-2.604597">
      <ele>993.3</ele>
    </trkpt>
    <trkpt lat="42.220255" lon="-2.604706">
      <ele>992.2</ele>
    </trkpt>
    <trkpt lat="42.219246" lon="-2.605353">
      <ele>985.3</ele>
    </trkpt>
    <trkpt lat="42.219147" lon="-2.605441">
      <ele>984.6</ele>
    </trkpt>
    <trkpt lat="42.219058" lon="-2.605565">
      <ele>983.9</ele>
    </trkpt>
    <trkpt lat="42.218946" lon="-2.605827">
      <ele>982.8</ele>
    </trkpt>
    <trkpt lat="42.218891" lon="-2.606156">
      <ele>981.7</ele>
    </trkpt>
    <trkpt lat="42.218901" lon="-2.606372">
      <ele>981.1</ele>
    </trkpt>
    <trkpt lat="42.218961" lon="-2.606585">
      <ele>980.4</ele>
    </trkpt>
    <trkpt lat="42.219166" lon="-2.606976">
      <ele>979.2</ele>
    </trkpt>
    <trkpt lat="42.219272" lon="-2.607244">
      <ele>978.6</ele>
    </trkpt>
    <trkpt lat="42.219318" lon="-2.607581">
      <ele>978.1</ele>
    </trkpt>
    <trkpt lat="42.219328" lon="-2.608106">
      <ele>977.3</ele>
    </trkpt>
    <trkpt lat="42.219309" lon="-2.608265">
      <ele>977.2</ele>
    </trkpt>
    <trkpt lat="42.219224" lon="-2.608578">
      <ele>976.6</ele>
    </trkpt>
    <trkpt lat="42.218809" lon="-2.609565">
      <ele>975.7</ele>
    </trkpt>
    <trkpt lat="42.218704" lon="-2.609893">
      <ele>975.5</ele>
    </trkpt>
    <trkpt lat="42.218616" lon="-2.610726">
      <ele>975.5</ele>
    </trkpt>
    <trkpt lat="42.218647" lon="-2.610925">
      <ele>975.4</ele>
    </trkpt>
    <trkpt lat="42.218727" lon="-2.611086">
      <ele>975.3</ele>
    </trkpt>
    <trkpt lat="42.21879" lon="-2.611152">
      <ele>975.2</ele>
    </trkpt>
    <trkpt lat="42.218865" lon="-2.611201">
      <ele>975.1</ele>
    </trkpt>
    <trkpt lat="42.219008" lon="-2.61124">
      <ele>974.9</ele>
    </trkpt>
    <trkpt lat="42.219464" lon="-2.611226">
      <ele>974.3</ele>
    </trkpt>
    <trkpt lat="42.219831" lon="-2.611322">
      <ele>973.5</ele>
    </trkpt>
    <trkpt lat="42.220096" lon="-2.611427">
      <ele>972.8</ele>
    </trkpt>
    <trkpt lat="42.220486" lon="-2.61171">
      <ele>971.5</ele>
    </trkpt>
    <trkpt lat="42.220947" lon="-2.61227">
      <ele>968.9</ele>
    </trkpt>
    <trkpt lat="42.221047" lon="-2.61234">
      <ele>968.4</ele>
    </trkpt>
    <trkpt lat="42.221167" lon="-2.612352">
      <ele>967.8</ele>
    </trkpt>
    <trkpt lat="42.221576" lon="-2.612215">
      <ele>965.9</ele>
    </trkpt>
    <trkpt lat="42.222415" lon="-2.612229">
      <ele>962.5</ele>
    </trkpt>
    <trkpt lat="42.222893" lon="-2.612175">
      <ele>960.7</ele>
    </trkpt>
    <trkpt lat="42.223031" lon="-2.612233">
      <ele>960</ele>
    </trkpt>
    <trkpt lat="42.223118" lon="-2.61232">
      <ele>959.3</ele>
    </trkpt>
    <trkpt lat="42.223171" lon="-2.612458">
      <ele>958.8</ele>
    </trkpt>
    <trkpt lat="42.223159" lon="-2.61259">
      <ele>958.1</ele>
    </trkpt>
    <trkpt lat="42.223061" lon="-2.612742">
      <ele>957</ele>
    </trkpt>
    <trkpt lat="42.222372" lon="-2.613489">
      <ele>950.6</ele>
    </trkpt>
    <trkpt lat="42.22187" lon="-2.61427">
      <ele>943.8</ele>
    </trkpt>
    <trkpt lat="42.220685" lon="-2.615688">
      <ele>929.4</ele>
    </trkpt>
    <trkpt lat="42.22062" lon="-2.6158">
      <ele>928.7</ele>
    </trkpt>
    <trkpt lat="42.220529" lon="-2.616174">
      <ele>926.7</ele>
    </trkpt>
    <trkpt lat="42.220474" lon="-2.616311">
      <ele>926</ele>
    </trkpt>
    <trkpt lat="42.220241" lon="-2.616684">
      <ele>923.8</ele>
    </trkpt>
    <trkpt lat="42.220115" lon="-2.616975">
      <ele>922.1</ele>
    </trkpt>
    <trkpt lat="42.220065" lon="-2.617181">
      <ele>921.1</ele>
    </trkpt>
    <trkpt lat="42.219948" lon="-2.618055">
      <ele>917.3</ele>
    </trkpt>
    <trkpt lat="42.219865" lon="-2.618491">
      <ele>915.3</ele>
    </trkpt>
    <trkpt lat="42.219687" lon="-2.618944">
      <ele>912.9</ele>
    </trkpt>
    <trkpt lat="42.219398" lon="-2.619405">
      <ele>910.3</ele>
    </trkpt>
    <trkpt lat="42.219184" lon="-2.619618">
      <ele>908.9</ele>
    </trkpt>
    <trkpt lat="42.218922" lon="-2.619762">
      <ele>907.5</ele>
    </trkpt>
    <trkpt lat="42.218727" lon="-2.619826">
      <ele>906.7</ele>
    </trkpt>
    <trkpt lat="42.218572" lon="-2.619937">
      <ele>906.1</ele>
    </trkpt>
    <trkpt lat="42.218526" lon="-2.620003">
      <ele>905.8</ele>
    </trkpt>
    <trkpt lat="42.218319" lon="-2.62051">
      <ele>904.9</ele>
    </trkpt>
    <trkpt lat="42.218252" lon="-2.620608">
      <ele>904.8</ele>
    </trkpt>
    <trkpt lat="42.217921" lon="-2.620942">
      <ele>904.7</ele>
    </trkpt>
    <trkpt lat="42.217896" lon="-2.621061">
      <ele>904.7</ele>
    </trkpt>
    <trkpt lat="42.217903" lon="-2.62117">
      <ele>904.7</ele>
    </trkpt>
    <trkpt lat="42.21799" lon="-2.622049">
      <ele>904.9</ele>
    </trkpt>
    <trkpt lat="42.218068" lon="-2.622451">
      <ele>904.9</ele>
    </trkpt>
    <trkpt lat="42.218222" lon="-2.622679">
      <ele>904.8</ele>
    </trkpt>
    <trkpt lat="42.218451" lon="-2.622892">
      <ele>904.5</ele>
    </trkpt>
    <trkpt lat="42.218706" lon="-2.623041">
      <ele>903.8</ele>
    </trkpt>
    <trkpt lat="42.21915" lon="-2.623243">
      <ele>902.2</ele>
    </trkpt>
    <trkpt lat="42.219287" lon="-2.623339">
      <ele>901.6</ele>
    </trkpt>
    <trkpt lat="42.219499" lon="-2.623553">
      <ele>899.5</ele>
    </trkpt>
    <trkpt lat="42.219784" lon="-2.623931">
      <ele>895.9</ele>
    </trkpt>
    <trkpt lat="42.219917" lon="-2.624059">
      <ele>894.6</ele>
    </trkpt>
    <trkpt lat="42.220548" lon="-2.624415">
      <ele>888.9</ele>
    </trkpt>
    <trkpt lat="42.220763" lon="-2.624563">
      <ele>886.7</ele>
    </trkpt>
    <trkpt lat="42.220902" lon="-2.624777">
      <ele>885.1</ele>
    </trkpt>
    <trkpt lat="42.221077" lon="-2.62514">
      <ele>882.7</ele>
    </trkpt>
    <trkpt lat="42.221155" lon="-2.625228">
      <ele>881.8</ele>
    </trkpt>
    <trkpt lat="42.221251" lon="-2.625273">
      <ele>881.1</ele>
    </trkpt>
    <trkpt lat="42.221647" lon="-2.625193">
      <ele>878.8</ele>
    </trkpt>
    <trkpt lat="42.221767" lon="-2.625234">
      <ele>878.1</ele>
    </trkpt>
    <trkpt lat="42.221793" lon="-2.625312">
      <ele>877.4</ele>
    </trkpt>
    <trkpt lat="42.221776" lon="-2.625421">
      <ele>876.7</ele>
    </trkpt>
    <trkpt lat="42.22166" lon="-2.625505">
      <ele>876.3</ele>
    </trkpt>
    <trkpt lat="42.22111" lon="-2.62567">
      <ele>873.1</ele>
    </trkpt>
    <trkpt lat="42.220555" lon="-2.625641">
      <ele>868.7</ele>
    </trkpt>
    <trkpt lat="42.220406" lon="-2.625731">
      <ele>866.8</ele>
    </trkpt>
    <trkpt lat="42.220348" lon="-2.625892">
      <ele>865.2</ele>
    </trkpt>
    <trkpt lat="42.220345" lon="-2.625947">
      <ele>864.3</ele>
    </trkpt>
    <trkpt lat="42.220387" lon="-2.626076">
      <ele>863.3</ele>
    </trkpt>
    <trkpt lat="42.220529" lon="-2.626272">
      <ele>861.3</ele>
    </trkpt>
    <trkpt lat="42.22075" lon="-2.62645">
      <ele>857.9</ele>
    </trkpt>
    <trkpt lat="42.221082" lon="-2.626545">
      <ele>853.9</ele>
    </trkpt>
    <trkpt lat="42.221161" lon="-2.626627">
      <ele>853.6</ele>
    </trkpt>
    <trkpt lat="42.221183" lon="-2.626688">
      <ele>851.7</ele>
    </trkpt>
    <trkpt lat="42.221185" lon="-2.626831">
      <ele>850.8</ele>
    </trkpt>
    <trkpt lat="42.221169" lon="-2.626911">
      <ele>850.1</ele>
    </trkpt>
    <trkpt lat="42.221126" lon="-2.626975">
      <ele>849.5</ele>
    </trkpt>
    <trkpt lat="42.221032" lon="-2.627036">
      <ele>848.4</ele>
    </trkpt>
    <trkpt lat="42.220733" lon="-2.627093">
      <ele>845.8</ele>
    </trkpt>
    <trkpt lat="42.220632" lon="-2.627157">
      <ele>843.6</ele>
    </trkpt>
    <trkpt lat="42.220583" lon="-2.627218">
      <ele>843.1</ele>
    </trkpt>
    <trkpt lat="42.220529" lon="-2.627355">
      <ele>842.2</ele>
    </trkpt>
    <trkpt lat="42.220532" lon="-2.627528">
      <ele>840.8</ele>
    </trkpt>
    <trkpt lat="42.220587" lon="-2.627676">
      <ele>839.9</ele>
    </trkpt>
    <trkpt lat="42.220653" lon="-2.627771">
      <ele>839.6</ele>
    </trkpt>
    <trkpt lat="42.221397" lon="-2.628579">
      <ele>836.2</ele>
    </trkpt>
    <trkpt lat="42.221491" lon="-2.628649">
      <ele>836.1</ele>
    </trkpt>
    <trkpt lat="42.22166" lon="-2.628711">
      <ele>835.9</ele>
    </trkpt>
    <trkpt lat="42.221897" lon="-2.628707">
      <ele>835.6</ele>
    </trkpt>
    <trkpt lat="42.222037" lon="-2.628656">
      <ele>835.5</ele>
    </trkpt>
    <trkpt lat="42.222345" lon="-2.628443">
      <ele>835.1</ele>
    </trkpt>
    <trkpt lat="42.222574" lon="-2.628325">
      <ele>834.7</ele>
    </trkpt>
    <trkpt lat="42.222906" lon="-2.628074">
      <ele>834.2</ele>
    </trkpt>
    <trkpt lat="42.223201" lon="-2.627796">
      <ele>833.5</ele>
    </trkpt>
    <trkpt lat="42.22334" lon="-2.627621">
      <ele>833</ele>
    </trkpt>
    <trkpt lat="42.223401" lon="-2.627448">
      <ele>832.7</ele>
    </trkpt>
    <trkpt lat="42.223407" lon="-2.627197">
      <ele>832.1</ele>
    </trkpt>
    <trkpt lat="42.223458" lon="-2.627105">
      <ele>831.8</ele>
    </trkpt>
    <trkpt lat="42.22352" lon="-2.627067">
      <ele>831.6</ele>
    </trkpt>
    <trkpt lat="42.223869" lon="-2.627206">
      <ele>830.3</ele>
    </trkpt>
    <trkpt lat="42.224039" lon="-2.627208">
      <ele>829.7</ele>
    </trkpt>
    <trkpt lat="42.224438" lon="-2.627072">
      <ele>828.1</ele>
    </trkpt>
    <trkpt lat="42.225186" lon="-2.626649">
      <ele>824</ele>
    </trkpt>
    <trkpt lat="42.225377" lon="-2.626574">
      <ele>821.6</ele>
    </trkpt>
    <trkpt lat="42.225422" lon="-2.626589">
      <ele>821.2</ele>
    </trkpt>
    <trkpt lat="42.225473" lon="-2.626678">
      <ele>820.4</ele>
    </trkpt>
    <trkpt lat="42.225464" lon="-2.626781">
      <ele>819.5</ele>
    </trkpt>
    <trkpt lat="42.22544" lon="-2.626822">
      <ele>818.9</ele>
    </trkpt>
    <trkpt lat="42.225386" lon="-2.626871">
      <ele>817.9</ele>
    </trkpt>
    <trkpt lat="42.22515" lon="-2.626981">
      <ele>815.6</ele>
    </trkpt>
    <trkpt lat="42.225028" lon="-2.627091">
      <ele>813.7</ele>
    </trkpt>
    <trkpt lat="42.224901" lon="-2.627274">
      <ele>812.3</ele>
    </trkpt>
    <trkpt lat="42.224845" lon="-2.627427">
      <ele>810.4</ele>
    </trkpt>
    <trkpt lat="42.224841" lon="-2.627511">
      <ele>809.9</ele>
    </trkpt>
    <trkpt lat="42.224935" lon="-2.628164">
      <ele>805.5</ele>
    </trkpt>
    <trkpt lat="42.22501" lon="-2.628335">
      <ele>803.7</ele>
    </trkpt>
    <trkpt lat="42.225236" lon="-2.628113">
      <ele>801.6</ele>
    </trkpt>
    <trkpt lat="42.225559" lon="-2.627929">
      <ele>798.3</ele>
    </trkpt>
    <trkpt lat="42.225915" lon="-2.62783">
      <ele>794.9</ele>
    </trkpt>
    <trkpt lat="42.226265" lon="-2.627843">
      <ele>793.4</ele>
    </trkpt>
    <trkpt lat="42.226441" lon="-2.627886">
      <ele>793.2</ele>
    </trkpt>
    <trkpt lat="42.22675" lon="-2.628046">
      <ele>793</ele>
    </trkpt>
    <trkpt lat="42.227538" lon="-2.628699">
      <ele>793.1</ele>
    </trkpt>
    <trkpt lat="42.227691" lon="-2.628798">
      <ele>793.1</ele>
    </trkpt>
    <trkpt lat="42.227989" lon="-2.628927">
      <ele>793.4</ele>
    </trkpt>
    <trkpt lat="42.228195" lon="-2.628931">
      <ele>793.6</ele>
    </trkpt>
    <trkpt lat="42.228479" lon="-2.628743">
      <ele>794</ele>
    </trkpt>
    <trkpt lat="42.229059" lon="-2.628111">
      <ele>794.8</ele>
    </trkpt>
    <trkpt lat="42.229511" lon="-2.627804">
      <ele>794.9</ele>
    </trkpt>
    <trkpt lat="42.2301" lon="-2.627474">
      <ele>794.6</ele>
    </trkpt>
    <trkpt lat="42.230218" lon="-2.627373">
      <ele>794.4</ele>
    </trkpt>
    <trkpt lat="42.230766" lon="-2.626695">
      <ele>792.5</ele>
    </trkpt>
    <trkpt lat="42.230939" lon="-2.626514">
      <ele>791.7</ele>
    </trkpt>
    <trkpt lat="42.231273" lon="-2.626292">
      <ele>790.1</ele>
    </trkpt>
    <trkpt lat="42.231552" lon="-2.626243">
      <ele>788.8</ele>
    </trkpt>
    <trkpt lat="42.231733" lon="-2.626263">
      <ele>788</ele>
    </trkpt>
    <trkpt lat="42.232073" lon="-2.626376">
      <ele>786.6</ele>
    </trkpt>
    <trkpt lat="42.232701" lon="-2.626658">
      <ele>784.2</ele>
    </trkpt>
    <trkpt lat="42.23287" lon="-2.626607">
      <ele>783.7</ele>
    </trkpt>
    <trkpt lat="42.233067" lon="-2.62669">
      <ele>783.1</ele>
    </trkpt>
    <trkpt lat="42.233342" lon="-2.626747">
      <ele>782.7</ele>
    </trkpt>
    <trkpt lat="42.233594" lon="-2.626675">
      <ele>782.4</ele>
    </trkpt>
    <trkpt lat="42.23389" lon="-2.626425">
      <ele>782.2</ele>
    </trkpt>
    <trkpt lat="42.234051" lon="-2.62609">
      <ele>782.3</ele>
    </trkpt>
    <trkpt lat="42.234198" lon="-2.625637">
      <ele>782.6</ele>
    </trkpt>
    <trkpt lat="42.234293" lon="-2.625603">
      <ele>783</ele>
    </trkpt>
    <trkpt lat="42.234372" lon="-2.625657">
      <ele>783.3</ele>
    </trkpt>
    <trkpt lat="42.234692" lon="-2.626374">
      <ele>785.8</ele>
    </trkpt>
    <trkpt lat="42.234949" lon="-2.627146">
      <ele>788.7</ele>
    </trkpt>
    <trkpt lat="42.23504" lon="-2.627623">
      <ele>790.4</ele>
    </trkpt>
    <trkpt lat="42.235151" lon="-2.627846">
      <ele>791.3</ele>
    </trkpt>
    <trkpt lat="42.23531" lon="-2.628035">
      <ele>792.5</ele>
    </trkpt>
    <trkpt lat="42.235741" lon="-2.628363">
      <ele>795</ele>
    </trkpt>
    <trkpt lat="42.235926" lon="-2.628548">
      <ele>796.5</ele>
    </trkpt>
    <trkpt lat="42.235989" lon="-2.628734">
      <ele>797.2</ele>
    </trkpt>
    <trkpt lat="42.236015" lon="-2.628977">
      <ele>798.3</ele>
    </trkpt>
    <trkpt lat="42.235968" lon="-2.629729">
      <ele>800</ele>
    </trkpt>
    <trkpt lat="42.236016" lon="-2.630211">
      <ele>800.4</ele>
    </trkpt>
    <trkpt lat="42.236077" lon="-2.630495">
      <ele>800.3</ele>
    </trkpt>
    <trkpt lat="42.236569" lon="-2.631437">
      <ele>798.3</ele>
    </trkpt>
    <trkpt lat="42.237108" lon="-2.632321">
      <ele>793.9</ele>
    </trkpt>
    <trkpt lat="42.238348" lon="-2.635367">
      <ele>777.9</ele>
    </trkpt>
    <trkpt lat="42.238568" lon="-2.635585">
      <ele>776.8</ele>
    </trkpt>
    <trkpt lat="42.239128" lon="-2.63589">
      <ele>774.4</ele>
    </trkpt>
    <trkpt lat="42.239305" lon="-2.635909">
      <ele>773.7</ele>
    </trkpt>
    <trkpt lat="42.239571" lon="-2.635867">
      <ele>772.7</ele>
    </trkpt>
    <trkpt lat="42.239936" lon="-2.635759">
      <ele>771.3</ele>
    </trkpt>
    <trkpt lat="42.240093" lon="-2.635576">
      <ele>770.4</ele>
    </trkpt>
    <trkpt lat="42.241361" lon="-2.633741">
      <ele>762.5</ele>
    </trkpt>
    <trkpt lat="42.241819" lon="-2.633357">
      <ele>761.4</ele>
    </trkpt>
    <trkpt lat="42.242404" lon="-2.632935">
      <ele>761</ele>
    </trkpt>
    <trkpt lat="42.242527" lon="-2.6329">
      <ele>761.1</ele>
    </trkpt>
    <trkpt lat="42.242704" lon="-2.632921">
      <ele>761.3</ele>
    </trkpt>
    <trkpt lat="42.243175" lon="-2.633055">
      <ele>762.3</ele>
    </trkpt>
    <trkpt lat="42.243361" lon="-2.633065">
      <ele>762.7</ele>
    </trkpt>
    <trkpt lat="42.243527" lon="-2.632999">
      <ele>763.2</ele>
    </trkpt>
    <trkpt lat="42.243711" lon="-2.632807">
      <ele>763.9</ele>
    </trkpt>
    <trkpt lat="42.243972" lon="-2.632245">
      <ele>765.2</ele>
    </trkpt>
    <trkpt lat="42.244007" lon="-2.632061">
      <ele>765.5</ele>
    </trkpt>
    <trkpt lat="42.243993" lon="-2.63182">
      <ele>765.9</ele>
    </trkpt>
    <trkpt lat="42.244022" lon="-2.631645">
      <ele>766</ele>
    </trkpt>
    <trkpt lat="42.244316" lon="-2.631056">
      <ele>766.7</ele>
    </trkpt>
    <trkpt lat="42.244442" lon="-2.630673">
      <ele>766.9</ele>
    </trkpt>
    <trkpt lat="42.244506" lon="-2.630585">
      <ele>767</ele>
    </trkpt>
    <trkpt lat="42.244596" lon="-2.630569">
      <ele>767</ele>
    </trkpt>
    <trkpt lat="42.244929" lon="-2.630712">
      <ele>767</ele>
    </trkpt>
    <trkpt lat="42.245142" lon="-2.630746">
      <ele>767.1</ele>
    </trkpt>
    <trkpt lat="42.245667" lon="-2.631058">
      <ele>766.8</ele>
    </trkpt>
    <trkpt lat="42.2458" lon="-2.631077">
      <ele>766.8</ele>
    </trkpt>
    <trkpt lat="42.245879" lon="-2.631048">
      <ele>766.8</ele>
    </trkpt>
    <trkpt lat="42.246085" lon="-2.630909">
      <ele>766.7</ele>
    </trkpt>
    <trkpt lat="42.246279" lon="-2.630719">
      <ele>766.8</ele>
    </trkpt>
    <trkpt lat="42.246555" lon="-2.630329">
      <ele>766.8</ele>
    </trkpt>
    <trkpt lat="42.246679" lon="-2.629927">
      <ele>766.9</ele>
    </trkpt>
    <trkpt lat="42.246716" lon="-2.629867">
      <ele>766.9</ele>
    </trkpt>
    <trkpt lat="42.246921" lon="-2.629661">
      <ele>766.7</ele>
    </trkpt>
    <trkpt lat="42.246978" lon="-2.629636">
      <ele>766.7</ele>
    </trkpt>
    <trkpt lat="42.247298" lon="-2.629656">
      <ele>766.1</ele>
    </trkpt>
    <trkpt lat="42.247493" lon="-2.629632">
      <ele>765.6</ele>
    </trkpt>
    <trkpt lat="42.247787" lon="-2.629778">
      <ele>764.5</ele>
    </trkpt>
    <trkpt lat="42.247975" lon="-2.629815">
      <ele>763.7</ele>
    </trkpt>
    <trkpt lat="42.248272" lon="-2.629723">
      <ele>762</ele>
    </trkpt>
    <trkpt lat="42.248476" lon="-2.629694">
      <ele>760.7</ele>
    </trkpt>
    <trkpt lat="42.248761" lon="-2.629802">
      <ele>758.6</ele>
    </trkpt>
    <trkpt lat="42.250109" lon="-2.630485">
      <ele>749.2</ele>
    </trkpt>
    <trkpt lat="42.250307" lon="-2.630571">
      <ele>748</ele>
    </trkpt>
    <trkpt lat="42.250692" lon="-2.630672">
      <ele>746.3</ele>
    </trkpt>
    <trkpt lat="42.250999" lon="-2.630668">
      <ele>745.4</ele>
    </trkpt>
    <trkpt lat="42.251243" lon="-2.630586">
      <ele>744.8</ele>
    </trkpt>
    <trkpt lat="42.251616" lon="-2.630361">
      <ele>744.2</ele>
    </trkpt>
    <trkpt lat="42.251894" lon="-2.630205">
      <ele>744.2</ele>
    </trkpt>
    <trkpt lat="42.252117" lon="-2.63013">
      <ele>744.2</ele>
    </trkpt>
    <trkpt lat="42.252211" lon="-2.630129">
      <ele>744.3</ele>
    </trkpt>
    <trkpt lat="42.252482" lon="-2.63024">
      <ele>744.4</ele>
    </trkpt>
    <trkpt lat="42.252678" lon="-2.630381">
      <ele>744.5</ele>
    </trkpt>
    <trkpt lat="42.25273" lon="-2.630414">
      <ele>744.5</ele>
    </trkpt>
    <trkpt lat="42.252891" lon="-2.630516">
      <ele>744.6</ele>
    </trkpt>
    <trkpt lat="42.253729" lon="-2.631002">
      <ele>744.4</ele>
    </trkpt>
    <trkpt lat="42.253976" lon="-2.631035">
      <ele>744.2</ele>
    </trkpt>
    <trkpt lat="42.254385" lon="-2.631001">
      <ele>743.9</ele>
    </trkpt>
    <trkpt lat="42.254647" lon="-2.630965">
      <ele>743.7</ele>
    </trkpt>
    <trkpt lat="42.25481" lon="-2.630855">
      <ele>743.3</ele>
    </trkpt>
    <trkpt lat="42.25493" lon="-2.630742">
      <ele>743.2</ele>
    </trkpt>
    <trkpt lat="42.255003" lon="-2.630676">
      <ele>743.1</ele>
    </trkpt>
    <trkpt lat="42.25511" lon="-2.630576">
      <ele>742.7</ele>
    </trkpt>
    <trkpt lat="42.255342" lon="-2.630168">
      <ele>741.7</ele>
    </trkpt>
    <trkpt lat="42.25543" lon="-2.629983">
      <ele>741.4</ele>
    </trkpt>
    <trkpt lat="42.255466" lon="-2.629847">
      <ele>741.1</ele>
    </trkpt>
    <trkpt lat="42.255495" lon="-2.62974">
      <ele>740.8</ele>
    </trkpt>
    <trkpt lat="42.255535" lon="-2.62965">
      <ele>740.7</ele>
    </trkpt>
    <trkpt lat="42.255874" lon="-2.629282">
      <ele>739.7</ele>
    </trkpt>
    <trkpt lat="42.256001" lon="-2.62884">
      <ele>739.1</ele>
    </trkpt>
    <trkpt lat="42.256233" lon="-2.628402">
      <ele>738.5</ele>
    </trkpt>
    <trkpt lat="42.256371" lon="-2.628119">
      <ele>738</ele>
    </trkpt>
    <trkpt lat="42.256532" lon="-2.627603">
      <ele>737.3</ele>
    </trkpt>
    <trkpt lat="42.256692" lon="-2.627087">
      <ele>736.5</ele>
    </trkpt>
    <trkpt lat="42.2568" lon="-2.626742">
      <ele>736</ele>
    </trkpt>
    <trkpt lat="42.256881" lon="-2.625953">
      <ele>735.1</ele>
    </trkpt>
    <trkpt lat="42.257049" lon="-2.624319">
      <ele>733.2</ele>
    </trkpt>
    <trkpt lat="42.257001" lon="-2.623089">
      <ele>731.9</ele>
    </trkpt>
    <trkpt lat="42.256991" lon="-2.622791">
      <ele>731.6</ele>
    </trkpt>
    <trkpt lat="42.256989" lon="-2.622249">
      <ele>731.1</ele>
    </trkpt>
    <trkpt lat="42.257059" lon="-2.621905">
      <ele>730.7</ele>
    </trkpt>
    <trkpt lat="42.257216" lon="-2.621182">
      <ele>730.2</ele>
    </trkpt>
    <trkpt lat="42.257284" lon="-2.620669">
      <ele>730</ele>
    </trkpt>
    <trkpt lat="42.257477" lon="-2.619773">
      <ele>730.2</ele>
    </trkpt>
    <trkpt lat="42.257513" lon="-2.619285">
      <ele>730.3</ele>
    </trkpt>
    <trkpt lat="42.257747" lon="-2.618535">
      <ele>730.7</ele>
    </trkpt>
    <trkpt lat="42.25781" lon="-2.618356">
      <ele>730.8</ele>
    </trkpt>
    <trkpt lat="42.257817" lon="-2.618175">
      <ele>730.8</ele>
    </trkpt>
    <trkpt lat="42.257799" lon="-2.618049">
      <ele>730.9</ele>
    </trkpt>
    <trkpt lat="42.25781" lon="-2.617938">
      <ele>731</ele>
    </trkpt>
    <trkpt lat="42.257821" lon="-2.617896">
      <ele>731</ele>
    </trkpt>
    <trkpt lat="42.25798" lon="-2.617757">
      <ele>731.1</ele>
    </trkpt>
    <trkpt lat="42.258061" lon="-2.617607">
      <ele>731.2</ele>
    </trkpt>
    <trkpt lat="42.259519" lon="-2.613398">
      <ele>730.8</ele>
    </trkpt>
    <trkpt lat="42.260002" lon="-2.612026">
      <ele>729.7</ele>
    </trkpt>
    <trkpt lat="42.260092" lon="-2.611865">
      <ele>729.4</ele>
    </trkpt>
    <trkpt lat="42.260241" lon="-2.61169">
      <ele>729.2</ele>
    </trkpt>
    <trkpt lat="42.260398" lon="-2.611568">
      <ele>728.9</ele>
    </trkpt>
    <trkpt lat="42.260567" lon="-2.611487">
      <ele>728.5</ele>
    </trkpt>
    <trkpt lat="42.260747" lon="-2.61145">
      <ele>728.1</ele>
    </trkpt>
    <trkpt lat="42.261918" lon="-2.611313">
      <ele>725.7</ele>
    </trkpt>
    <trkpt lat="42.262084" lon="-2.611294">
      <ele>725.2</ele>
    </trkpt>
    <trkpt lat="42.262588" lon="-2.611137">
      <ele>724.3</ele>
    </trkpt>
    <trkpt lat="42.263042" lon="-2.610869">
      <ele>723.3</ele>
    </trkpt>
    <trkpt lat="42.263245" lon="-2.610696">
      <ele>722.8</ele>
    </trkpt>
    <trkpt lat="42.263879" lon="-2.610037">
      <ele>721.4</ele>
    </trkpt>
    <trkpt lat="42.264275" lon="-2.609549">
      <ele>720.3</ele>
    </trkpt>
    <trkpt lat="42.264421" lon="-2.609277">
      <ele>719.8</ele>
    </trkpt>
    <trkpt lat="42.266084" lon="-2.605865">
      <ele>717.6</ele>
    </trkpt>
    <trkpt lat="42.266649" lon="-2.604735">
      <ele>719.5</ele>
    </trkpt>
    <trkpt lat="42.26685" lon="-2.604386">
      <ele>720.4</ele>
    </trkpt>
    <trkpt lat="42.267796" lon="-2.602853">
      <ele>724</ele>
    </trkpt>
    <trkpt lat="42.268105" lon="-2.602406">
      <ele>724</ele>
    </trkpt>
    <trkpt lat="42.268254" lon="-2.602239">
      <ele>723.9</ele>
    </trkpt>
    <trkpt lat="42.268597" lon="-2.601974">
      <ele>723.2</ele>
    </trkpt>
    <trkpt lat="42.268804" lon="-2.601869">
      <ele>722.6</ele>
    </trkpt>
    <trkpt lat="42.270149" lon="-2.601488">
      <ele>717</ele>
    </trkpt>
    <trkpt lat="42.270462" lon="-2.601329">
      <ele>715.4</ele>
    </trkpt>
    <trkpt lat="42.270653" lon="-2.601203">
      <ele>714.5</ele>
    </trkpt>
    <trkpt lat="42.270826" lon="-2.601033">
      <ele>713.8</ele>
    </trkpt>
    <trkpt lat="42.270997" lon="-2.60083">
      <ele>713</ele>
    </trkpt>
    <trkpt lat="42.271258" lon="-2.600444">
      <ele>712</ele>
    </trkpt>
    <trkpt lat="42.271493" lon="-2.599852">
      <ele>711</ele>
    </trkpt>
    <trkpt lat="42.271574" lon="-2.59946">
      <ele>710.5</ele>
    </trkpt>
    <trkpt lat="42.272272" lon="-2.595196">
      <ele>704.2</ele>
    </trkpt>
    <trkpt lat="42.272374" lon="-2.59445">
      <ele>703.4</ele>
    </trkpt>
    <trkpt lat="42.27239" lon="-2.593285">
      <ele>702</ele>
    </trkpt>
    <trkpt lat="42.272432" lon="-2.592757">
      <ele>701.3</ele>
    </trkpt>
    <trkpt lat="42.272567" lon="-2.592239">
      <ele>700.5</ele>
    </trkpt>
    <trkpt lat="42.27266" lon="-2.591995">
      <ele>700</ele>
    </trkpt>
    <trkpt lat="42.272776" lon="-2.59177">
      <ele>699.6</ele>
    </trkpt>
    <trkpt lat="42.273504" lon="-2.590831">
      <ele>697.6</ele>
    </trkpt>
    <trkpt lat="42.273718" lon="-2.590598">
      <ele>697.1</ele>
    </trkpt>
    <trkpt lat="42.274044" lon="-2.590304">
      <ele>696.6</ele>
    </trkpt>
    <trkpt lat="42.274326" lon="-2.589889">
      <ele>696.2</ele>
    </trkpt>
    <trkpt lat="42.274533" lon="-2.589515">
      <ele>695.8</ele>
    </trkpt>
    <trkpt lat="42.274804" lon="-2.589233">
      <ele>695.5</ele>
    </trkpt>
    <trkpt lat="42.275117" lon="-2.589066">
      <ele>695.2</ele>
    </trkpt>
    <trkpt lat="42.278644" lon="-2.587622">
      <ele>690.1</ele>
    </trkpt>
    <trkpt lat="42.278934" lon="-2.587348">
      <ele>689.5</ele>
    </trkpt>
    <trkpt lat="42.279511" lon="-2.586562">
      <ele>688.4</ele>
    </trkpt>
    <trkpt lat="42.279856" lon="-2.586154">
      <ele>687.8</ele>
    </trkpt>
    <trkpt lat="42.280012" lon="-2.585885">
      <ele>687.4</ele>
    </trkpt>
    <trkpt lat="42.280379" lon="-2.585106">
      <ele>686.6</ele>
    </trkpt>
    <trkpt lat="42.280584" lon="-2.58443">
      <ele>686.1</ele>
    </trkpt>
    <trkpt lat="42.280704" lon="-2.583684">
      <ele>685.5</ele>
    </trkpt>
    <trkpt lat="42.280821" lon="-2.582595">
      <ele>684.6</ele>
    </trkpt>
    <trkpt lat="42.280922" lon="-2.581999">
      <ele>684.1</ele>
    </trkpt>
    <trkpt lat="42.281053" lon="-2.581429">
      <ele>683.6</ele>
    </trkpt>
    <trkpt lat="42.281377" lon="-2.580638">
      <ele>682.9</ele>
    </trkpt>
    <trkpt lat="42.281734" lon="-2.579877">
      <ele>682.5</ele>
    </trkpt>
    <trkpt lat="42.282571" lon="-2.578307">
      <ele>682.7</ele>
    </trkpt>
    <trkpt lat="42.28268" lon="-2.57802">
      <ele>683</ele>
    </trkpt>
    <trkpt lat="42.282742" lon="-2.577789">
      <ele>683.2</ele>
    </trkpt>
    <trkpt lat="42.282805" lon="-2.577311">
      <ele>683.8</ele>
    </trkpt>
    <trkpt lat="42.282821" lon="-2.576729">
      <ele>684.6</ele>
    </trkpt>
    <trkpt lat="42.282721" lon="-2.575875">
      <ele>685.6</ele>
    </trkpt>
    <trkpt lat="42.282708" lon="-2.575583">
      <ele>686</ele>
    </trkpt>
    <trkpt lat="42.282727" lon="-2.575328">
      <ele>686.2</ele>
    </trkpt>
    <trkpt lat="42.282811" lon="-2.574853">
      <ele>686.6</ele>
    </trkpt>
    <trkpt lat="42.282998" lon="-2.57439">
      <ele>686.7</ele>
    </trkpt>
    <trkpt lat="42.283246" lon="-2.574038">
      <ele>686.6</ele>
    </trkpt>
    <trkpt lat="42.283529" lon="-2.573789">
      <ele>686.1</ele>
    </trkpt>
    <trkpt lat="42.283885" lon="-2.573645">
      <ele>685.4</ele>
    </trkpt>
    <trkpt lat="42.284949" lon="-2.57342">
      <ele>681.9</ele>
    </trkpt>
    <trkpt lat="42.285324" lon="-2.573218">
      <ele>680.1</ele>
    </trkpt>
    <trkpt lat="42.285626" lon="-2.572954">
      <ele>678.3</ele>
    </trkpt>
    <trkpt lat="42.286319" lon="-2.572181">
      <ele>673.4</ele>
    </trkpt>
    <trkpt lat="42.28764" lon="-2.570839">
      <ele>665.2</ele>
    </trkpt>
    <trkpt lat="42.287841" lon="-2.570607">
      <ele>664.3</ele>
    </trkpt>
    <trkpt lat="42.288414" lon="-2.569759">
      <ele>662.3</ele>
    </trkpt>
    <trkpt lat="42.288855" lon="-2.569241">
      <ele>660.9</ele>
    </trkpt>
    <trkpt lat="42.288958" lon="-2.56908">
      <ele>660.6</ele>
    </trkpt>
    <trkpt lat="42.289171" lon="-2.568608">
      <ele>659.8</ele>
    </trkpt>
    <trkpt lat="42.289431" lon="-2.568237">
      <ele>659.1</ele>
    </trkpt>
    <trkpt lat="42.289644" lon="-2.567987">
      <ele>658.5</ele>
    </trkpt>
    <trkpt lat="42.290221" lon="-2.567327">
      <ele>656.9</ele>
    </trkpt>
    <trkpt lat="42.290371" lon="-2.567064">
      <ele>656.1</ele>
    </trkpt>
    <trkpt lat="42.290801" lon="-2.566124">
      <ele>654.5</ele>
    </trkpt>
    <trkpt lat="42.290963" lon="-2.565869">
      <ele>654.1</ele>
    </trkpt>
    <trkpt lat="42.291152" lon="-2.565678">
      <ele>653.7</ele>
    </trkpt>
    <trkpt lat="42.291907" lon="-2.565167">
      <ele>652.1</ele>
    </trkpt>
    <trkpt lat="42.292028" lon="-2.565053">
      <ele>651.9</ele>
    </trkpt>
    <trkpt lat="42.292689" lon="-2.56427">
      <ele>650.4</ele>
    </trkpt>
    <trkpt lat="42.29351" lon="-2.563365">
      <ele>649</ele>
    </trkpt>
    <trkpt lat="42.293863" lon="-2.562992">
      <ele>648.3</ele>
    </trkpt>
    <trkpt lat="42.294019" lon="-2.562867">
      <ele>648</ele>
    </trkpt>
    <trkpt lat="42.294299" lon="-2.562756">
      <ele>647.6</ele>
    </trkpt>
    <trkpt lat="42.294747" lon="-2.562672">
      <ele>646.7</ele>
    </trkpt>
    <trkpt lat="42.296473" lon="-2.562352">
      <ele>642.5</ele>
    </trkpt>
    <trkpt lat="42.29703" lon="-2.562247">
      <ele>641.3</ele>
    </trkpt>
    <trkpt lat="42.297185" lon="-2.562218">
      <ele>641</ele>
    </trkpt>
    <trkpt lat="42.298205" lon="-2.562029">
      <ele>639.7</ele>
    </trkpt>
    <trkpt lat="42.298531" lon="-2.562028">
      <ele>639.5</ele>
    </trkpt>
    <trkpt lat="42.298851" lon="-2.562071">
      <ele>639.3</ele>
    </trkpt>
    <trkpt lat="42.299127" lon="-2.562149">
      <ele>639.1</ele>
    </trkpt>
    <trkpt lat="42.299358" lon="-2.562267">
      <ele>639</ele>
    </trkpt>
    <trkpt lat="42.300334" lon="-2.562986">
      <ele>638.1</ele>
    </trkpt>
    <trkpt lat="42.300754" lon="-2.563222">
      <ele>637.6</ele>
    </trkpt>
    <trkpt lat="42.301002" lon="-2.563308">
      <ele>637.3</ele>
    </trkpt>
    <trkpt lat="42.301288" lon="-2.563367">
      <ele>637</ele>
    </trkpt>
    <trkpt lat="42.301629" lon="-2.563362">
      <ele>636.5</ele>
    </trkpt>
    <trkpt lat="42.302085" lon="-2.563249">
      <ele>635.9</ele>
    </trkpt>
    <trkpt lat="42.302399" lon="-2.563093">
      <ele>635.5</ele>
    </trkpt>
    <trkpt lat="42.302657" lon="-2.562916">
      <ele>635.2</ele>
    </trkpt>
    <trkpt lat="42.302851" lon="-2.562734">
      <ele>635</ele>
    </trkpt>
    <trkpt lat="42.303196" lon="-2.562343">
      <ele>634.9</ele>
    </trkpt>
    <trkpt lat="42.303502" lon="-2.561763">
      <ele>635</ele>
    </trkpt>
    <trkpt lat="42.303668" lon="-2.561296">
      <ele>635.2</ele>
    </trkpt>
    <trkpt lat="42.303781" lon="-2.560803">
      <ele>635.3</ele>
    </trkpt>
    <trkpt lat="42.3039" lon="-2.559792">
      <ele>635</ele>
    </trkpt>
    <trkpt lat="42.304048" lon="-2.559092">
      <ele>634.3</ele>
    </trkpt>
    <trkpt lat="42.304177" lon="-2.558697">
      <ele>633.7</ele>
    </trkpt>
    <trkpt lat="42.304449" lon="-2.558196">
      <ele>632.6</ele>
    </trkpt>
    <trkpt lat="42.304616" lon="-2.557957">
      <ele>631.9</ele>
    </trkpt>
    <trkpt lat="42.304772" lon="-2.557761">
      <ele>631.3</ele>
    </trkpt>
    <trkpt lat="42.30512" lon="-2.557442">
      <ele>630.2</ele>
    </trkpt>
    <trkpt lat="42.305457" lon="-2.557235">
      <ele>629.3</ele>
    </trkpt>
    <trkpt lat="42.305984" lon="-2.557067">
      <ele>628.4</ele>
    </trkpt>
    <trkpt lat="42.307074" lon="-2.556957">
      <ele>627.7</ele>
    </trkpt>
    <trkpt lat="42.307292" lon="-2.556895">
      <ele>627.5</ele>
    </trkpt>
    <trkpt lat="42.307637" lon="-2.556742">
      <ele>627.1</ele>
    </trkpt>
    <trkpt lat="42.308107" lon="-2.556399">
      <ele>626.2</ele>
    </trkpt>
    <trkpt lat="42.309318" lon="-2.555216">
      <ele>623.1</ele>
    </trkpt>
    <trkpt lat="42.309895" lon="-2.554614">
      <ele>621.9</ele>
    </trkpt>
    <trkpt lat="42.310065" lon="-2.554406">
      <ele>621.7</ele>
    </trkpt>
    <trkpt lat="42.310744" lon="-2.553428">
      <ele>620.8</ele>
    </trkpt>
    <trkpt lat="42.310872" lon="-2.553171">
      <ele>620.6</ele>
    </trkpt>
    <trkpt lat="42.310942" lon="-2.552894">
      <ele>620.4</ele>
    </trkpt>
    <trkpt lat="42.311248" lon="-2.551234">
      <ele>618.6</ele>
    </trkpt>
    <trkpt lat="42.311713" lon="-2.547946">
      <ele>614.2</ele>
    </trkpt>
    <trkpt lat="42.311947" lon="-2.546336">
      <ele>611.8</ele>
    </trkpt>
    <trkpt lat="42.312026" lon="-2.545649">
      <ele>610.9</ele>
    </trkpt>
    <trkpt lat="42.312273" lon="-2.543267">
      <ele>608.5</ele>
    </trkpt>
    <trkpt lat="42.312316" lon="-2.543042">
      <ele>608.3</ele>
    </trkpt>
    <trkpt lat="42.312913" lon="-2.540919">
      <ele>605.2</ele>
    </trkpt>
    <trkpt lat="42.312995" lon="-2.540547">
      <ele>604.9</ele>
    </trkpt>
    <trkpt lat="42.313206" lon="-2.538642">
      <ele>604.8</ele>
    </trkpt>
    <trkpt lat="42.313325" lon="-2.537911">
      <ele>604.5</ele>
    </trkpt>
    <trkpt lat="42.313503" lon="-2.537347">
      <ele>603.7</ele>
    </trkpt>
    <trkpt lat="42.313679" lon="-2.53694">
      <ele>603</ele>
    </trkpt>
    <trkpt lat="42.314335" lon="-2.535633">
      <ele>600.4</ele>
    </trkpt>
    <trkpt lat="42.314364" lon="-2.535567">
      <ele>600.3</ele>
    </trkpt>
    <trkpt lat="42.314566" lon="-2.535036">
      <ele>599.9</ele>
    </trkpt>
    <trkpt lat="42.314652" lon="-2.534637">
      <ele>599.7</ele>
    </trkpt>
    <trkpt lat="42.31469" lon="-2.534295">
      <ele>599.7</ele>
    </trkpt>
    <trkpt lat="42.314722" lon="-2.533372">
      <ele>600.2</ele>
    </trkpt>
    <trkpt lat="42.314712" lon="-2.533027">
      <ele>600.4</ele>
    </trkpt>
    <trkpt lat="42.314619" lon="-2.532321">
      <ele>600.2</ele>
    </trkpt>
    <trkpt lat="42.314365" lon="-2.530959">
      <ele>598</ele>
    </trkpt>
    <trkpt lat="42.31433" lon="-2.530609">
      <ele>597.3</ele>
    </trkpt>
    <trkpt lat="42.314266" lon="-2.530577">
      <ele>596.9</ele>
    </trkpt>
    <trkpt lat="42.314212" lon="-2.530489">
      <ele>596.6</ele>
    </trkpt>
    <trkpt lat="42.314212" lon="-2.530127">
      <ele>595.7</ele>
    </trkpt>
    <trkpt lat="42.314436" lon="-2.529253">
      <ele>593.4</ele>
    </trkpt>
    <trkpt lat="42.314604" lon="-2.52881">
      <ele>592.1</ele>
    </trkpt>
    <trkpt lat="42.314824" lon="-2.528542">
      <ele>591.1</ele>
    </trkpt>
    <trkpt lat="42.315169" lon="-2.52832">
      <ele>590.3</ele>
    </trkpt>
    <trkpt lat="42.316001" lon="-2.528085">
      <ele>588.5</ele>
    </trkpt>
    <trkpt lat="42.316978" lon="-2.527133">
      <ele>586.6</ele>
    </trkpt>
    <trkpt lat="42.317588" lon="-2.526265">
      <ele>585</ele>
    </trkpt>
    <trkpt lat="42.318717" lon="-2.524967">
      <ele>582.9</ele>
    </trkpt>
    <trkpt lat="42.319051" lon="-2.524495">
      <ele>581.9</ele>
    </trkpt>
    <trkpt lat="42.319207" lon="-2.524156">
      <ele>581.2</ele>
    </trkpt>
    <trkpt lat="42.319245" lon="-2.524047">
      <ele>581</ele>
    </trkpt>
    <trkpt lat="42.320016" lon="-2.521852">
      <ele>577.5</ele>
    </trkpt>
    <trkpt lat="42.320109" lon="-2.521501">
      <ele>577</ele>
    </trkpt>
    <trkpt lat="42.320222" lon="-2.520926">
      <ele>576.4</ele>
    </trkpt>
    <trkpt lat="42.32034" lon="-2.519913">
      <ele>575.6</ele>
    </trkpt>
    <trkpt lat="42.320397" lon="-2.51962">
      <ele>575.5</ele>
    </trkpt>
    <trkpt lat="42.320793" lon="-2.518119">
      <ele>574</ele>
    </trkpt>
    <trkpt lat="42.320967" lon="-2.517834">
      <ele>573.5</ele>
    </trkpt>
    <trkpt lat="42.321701" lon="-2.517161">
      <ele>572.1</ele>
    </trkpt>
    <trkpt lat="42.322567" lon="-2.516259">
      <ele>571.4</ele>
    </trkpt>
    <trkpt lat="42.322762" lon="-2.516094">
      <ele>571.3</ele>
    </trkpt>
    <trkpt lat="42.322928" lon="-2.51598">
      <ele>571.4</ele>
    </trkpt>
    <trkpt lat="42.323765" lon="-2.515589">
      <ele>571.4</ele>
    </trkpt>
    <trkpt lat="42.323852" lon="-2.515524">
      <ele>571.5</ele>
    </trkpt>
    <trkpt lat="42.324088" lon="-2.51523">
      <ele>571.6</ele>
    </trkpt>
    <trkpt lat="42.324225" lon="-2.515111">
      <ele>571.8</ele>
    </trkpt>
    <trkpt lat="42.325181" lon="-2.514451">
      <ele>571.4</ele>
    </trkpt>
    <trkpt lat="42.325247" lon="-2.514414">
      <ele>571.4</ele>
    </trkpt>
    <trkpt lat="42.325451" lon="-2.514299">
      <ele>571.2</ele>
    </trkpt>
    <trkpt lat="42.325946" lon="-2.51399">
      <ele>570.7</ele>
    </trkpt>
    <trkpt lat="42.327056" lon="-2.513114">
      <ele>568.9</ele>
    </trkpt>
    <trkpt lat="42.32727" lon="-2.512833">
      <ele>568.4</ele>
    </trkpt>
    <trkpt lat="42.327626" lon="-2.51218">
      <ele>567.6</ele>
    </trkpt>
    <trkpt lat="42.328016" lon="-2.511621">
      <ele>566.9</ele>
    </trkpt>
    <trkpt lat="42.328225" lon="-2.511371">
      <ele>566.6</ele>
    </trkpt>
    <trkpt lat="42.328622" lon="-2.51097">
      <ele>566</ele>
    </trkpt>
    <trkpt lat="42.329265" lon="-2.510148">
      <ele>565.5</ele>
    </trkpt>
    <trkpt lat="42.330086" lon="-2.509405">
      <ele>565.4</ele>
    </trkpt>
    <trkpt lat="42.330944" lon="-2.508714">
      <ele>565.5</ele>
    </trkpt>
    <trkpt lat="42.331672" lon="-2.5082">
      <ele>565.3</ele>
    </trkpt>
    <trkpt lat="42.336969" lon="-2.50478">
      <ele>560.5</ele>
    </trkpt>
    <trkpt lat="42.337231" lon="-2.504552">
      <ele>560.5</ele>
    </trkpt>
    <trkpt lat="42.33781" lon="-2.504144">
      <ele>560.4</ele>
    </trkpt>
    <trkpt lat="42.338523" lon="-2.503515">
      <ele>560.3</ele>
    </trkpt>
    <trkpt lat="42.339248" lon="-2.502877">
      <ele>559.2</ele>
    </trkpt>
    <trkpt lat="42.339852" lon="-2.502433">
      <ele>557.4</ele>
    </trkpt>
    <trkpt lat="42.339988" lon="-2.502259">
      <ele>556.9</ele>
    </trkpt>
    <trkpt lat="42.340025" lon="-2.502084">
      <ele>556.5</ele>
    </trkpt>
    <trkpt lat="42.340049" lon="-2.501766">
      <ele>555.7</ele>
    </trkpt>
    <trkpt lat="42.340001" lon="-2.501389">
      <ele>554.7</ele>
    </trkpt>
    <trkpt lat="42.339874" lon="-2.500614">
      <ele>552.2</ele>
    </trkpt>
    <trkpt lat="42.339748" lon="-2.500117">
      <ele>550.4</ele>
    </trkpt>
    <trkpt lat="42.339419" lon="-2.499425">
      <ele>547.8</ele>
    </trkpt>
    <trkpt lat="42.339215" lon="-2.499029">
      <ele>546.5</ele>
    </trkpt>
    <trkpt lat="42.338922" lon="-2.498406">
      <ele>544.7</ele>
    </trkpt>
    <trkpt lat="42.338645" lon="-2.497721">
      <ele>542.9</ele>
    </trkpt>
    <trkpt lat="42.338389" lon="-2.496959">
      <ele>541.5</ele>
    </trkpt>
    <trkpt lat="42.338075" lon="-2.495995">
      <ele>540.8</ele>
    </trkpt>
    <trkpt lat="42.337678" lon="-2.494747">
      <ele>542.1</ele>
    </trkpt>
    <trkpt lat="42.33736" lon="-2.493645">
      <ele>546</ele>
    </trkpt>
    <trkpt lat="42.337269" lon="-2.493448">
      <ele>546.5</ele>
    </trkpt>
    <trkpt lat="42.337144" lon="-2.493262">
      <ele>547.6</ele>
    </trkpt>
    <trkpt lat="42.336865" lon="-2.493128">
      <ele>548.9</ele>
    </trkpt>
    <trkpt lat="42.33676" lon="-2.49319">
      <ele>549.4</ele>
    </trkpt>
    <trkpt lat="42.336702" lon="-2.493191">
      <ele>549.6</ele>
    </trkpt>
    <trkpt lat="42.336646" lon="-2.49317">
      <ele>549.8</ele>
    </trkpt>
    <trkpt lat="42.336556" lon="-2.493073">
      <ele>550.6</ele>
    </trkpt>
    <trkpt lat="42.336516" lon="-2.492866">
      <ele>551.3</ele>
    </trkpt>
    <trkpt lat="42.33656" lon="-2.492724">
      <ele>551.7</ele>
    </trkpt>
    <trkpt lat="42.3366" lon="-2.492669">
      <ele>552.1</ele>
    </trkpt>
    <trkpt lat="42.33672" lon="-2.492611">
      <ele>552.8</ele>
    </trkpt>
    <trkpt lat="42.336784" lon="-2.49262">
      <ele>553</ele>
    </trkpt>
    <trkpt lat="42.337074" lon="-2.492387">
      <ele>554.6</ele>
    </trkpt>
    <trkpt lat="42.337995" lon="-2.490279">
      <ele>559</ele>
    </trkpt>
    <trkpt lat="42.338556" lon="-2.488868">
      <ele>558.8</ele>
    </trkpt>
    <trkpt lat="42.338864" lon="-2.488225">
      <ele>557.1</ele>
    </trkpt>
    <trkpt lat="42.33925" lon="-2.487539">
      <ele>554.5</ele>
    </trkpt>
    <trkpt lat="42.339797" lon="-2.486646">
      <ele>550.9</ele>
    </trkpt>
    <trkpt lat="42.339966" lon="-2.48639">
      <ele>550</ele>
    </trkpt>
    <trkpt lat="42.340343" lon="-2.485845">
      <ele>548.5</ele>
    </trkpt>
    <trkpt lat="42.340498" lon="-2.485669">
      <ele>548</ele>
    </trkpt>
    <trkpt lat="42.341331" lon="-2.484913">
      <ele>547.1</ele>
    </trkpt>
    <trkpt lat="42.341421" lon="-2.484832">
      <ele>547</ele>
    </trkpt>
    <trkpt lat="42.341963" lon="-2.484418">
      <ele>547</ele>
    </trkpt>
    <trkpt lat="42.343553" lon="-2.482994">
      <ele>545.4</ele>
    </trkpt>
    <trkpt lat="42.344348" lon="-2.482497">
      <ele>544.4</ele>
    </trkpt>
    <trkpt lat="42.344854" lon="-2.482245">
      <ele>543.9</ele>
    </trkpt>
    <trkpt lat="42.345063" lon="-2.482022">
      <ele>543.7</ele>
    </trkpt>
    <trkpt lat="42.3457" lon="-2.481244">
      <ele>543.3</ele>
    </trkpt>
    <trkpt lat="42.347843" lon="-2.478621">
      <ele>544</ele>
    </trkpt>
    <trkpt lat="42.348068" lon="-2.478422">
      <ele>544</ele>
    </trkpt>
    <trkpt lat="42.348574" lon="-2.478117">
      <ele>544</ele>
    </trkpt>
    <trkpt lat="42.348899" lon="-2.478009">
      <ele>544.1</ele>
    </trkpt>
    <trkpt lat="42.349729" lon="-2.477858">
      <ele>544.1</ele>
    </trkpt>
    <trkpt lat="42.351947" lon="-2.476827">
      <ele>543.5</ele>
    </trkpt>
    <trkpt lat="42.352443" lon="-2.476466">
      <ele>543.2</ele>
    </trkpt>
    <trkpt lat="42.352925" lon="-2.476079">
      <ele>543.3</ele>
    </trkpt>
    <trkpt lat="42.35306" lon="-2.476013">
      <ele>543.4</ele>
    </trkpt>
    <trkpt lat="42.3532" lon="-2.475986">
      <ele>543.6</ele>
    </trkpt>
    <trkpt lat="42.353579" lon="-2.475982">
      <ele>544</ele>
    </trkpt>
    <trkpt lat="42.353819" lon="-2.475868">
      <ele>544.6</ele>
    </trkpt>
    <trkpt lat="42.354257" lon="-2.475544">
      <ele>545.2</ele>
    </trkpt>
    <trkpt lat="42.354915" lon="-2.475059">
      <ele>545.8</ele>
    </trkpt>
    <trkpt lat="42.355122" lon="-2.474951">
      <ele>546</ele>
    </trkpt>
    <trkpt lat="42.355345" lon="-2.474828">
      <ele>545.2</ele>
    </trkpt>
    <trkpt lat="42.355522" lon="-2.474653">
      <ele>545.1</ele>
    </trkpt>
    <trkpt lat="42.355635" lon="-2.474494">
      <ele>544.4</ele>
    </trkpt>
    <trkpt lat="42.355921" lon="-2.473855">
      <ele>542.3</ele>
    </trkpt>
    <trkpt lat="42.355988" lon="-2.473774">
      <ele>541.4</ele>
    </trkpt>
    <trkpt lat="42.355981" lon="-2.473671">
      <ele>541.2</ele>
    </trkpt>
    <trkpt lat="42.35601" lon="-2.473575">
      <ele>541</ele>
    </trkpt>
    <trkpt lat="42.356043" lon="-2.473544">
      <ele>540.9</ele>
    </trkpt>
    <trkpt lat="42.356087" lon="-2.473544">
      <ele>540.6</ele>
    </trkpt>
    <trkpt lat="42.356125" lon="-2.473614">
      <ele>540.1</ele>
    </trkpt>
    <trkpt lat="42.356124" lon="-2.473676">
      <ele>539.6</ele>
    </trkpt>
    <trkpt lat="42.356543" lon="-2.473759">
      <ele>537.6</ele>
    </trkpt>
    <trkpt lat="42.356742" lon="-2.474375">
      <ele>535.6</ele>
    </trkpt>
    <trkpt lat="42.357535" lon="-2.473947">
      <ele>532.9</ele>
    </trkpt>
    <trkpt lat="42.35784" lon="-2.473789">
      <ele>532.5</ele>
    </trkpt>
    <trkpt lat="42.357857" lon="-2.473839">
      <ele>532.5</ele>
    </trkpt>
    <trkpt lat="42.358035" lon="-2.473753">
      <ele>532.4</ele>
    </trkpt>
    </trkseg>
  </trk>
</gpx>
