<?xml version="1.0" encoding="UTF-8"?>
<gpx version="1.1" creator="fitAI Komoot downloader" xmlns="http://www.topografix.com/GPX/1/1">
  <metadata>
    <name>Vía Verde del Río Oja y Alto de Pradilla - Recorrido circular desde Santo Domingo de la Calzada</name>
    <desc>92 visitas · Dificultad: difficult · Distancia: 112.8 km · Desnivel +: 1943 m</desc>
    <link href="https://www.komoot.com/smarttour/e34327239"><text>Komoot</text></link>
  </metadata>
  <trk>
    <name>Vía Verde del Río Oja y Alto de Pradilla - Recorrido circular desde Santo Domingo de la Calzada</name>
    <type>racebike</type>
    <trkseg>
    <trkpt lat="42.438507" lon="-2.951783">
      <ele>642.5</ele>
    </trkpt>
    <trkpt lat="42.438507" lon="-2.952079">
      <ele>642.2</ele>
    </trkpt>
    <trkpt lat="42.43838" lon="-2.952067">
      <ele>642.1</ele>
    </trkpt>
    <trkpt lat="42.43838" lon="-2.951445">
      <ele>641.5</ele>
    </trkpt>
    <trkpt lat="42.43838" lon="-2.951383">
      <ele>641.5</ele>
    </trkpt>
    <trkpt lat="42.437798" lon="-2.951331">
      <ele>641.1</ele>
    </trkpt>
    <trkpt lat="42.437699" lon="-2.951313">
      <ele>641.1</ele>
    </trkpt>
    <trkpt lat="42.437577" lon="-2.95131">
      <ele>641.1</ele>
    </trkpt>
    <trkpt lat="42.436857" lon="-2.95126">
      <ele>642</ele>
    </trkpt>
    <trkpt lat="42.436709" lon="-2.951262">
      <ele>642.3</ele>
    </trkpt>
    <trkpt lat="42.436684" lon="-2.951342">
      <ele>642.5</ele>
    </trkpt>
    <trkpt lat="42.436648" lon="-2.951612">
      <ele>643</ele>
    </trkpt>
    <trkpt lat="42.436683" lon="-2.952357">
      <ele>644.2</ele>
    </trkpt>
    <trkpt lat="42.436712" lon="-2.952697">
      <ele>644.7</ele>
    </trkpt>
    <trkpt lat="42.436719" lon="-2.952806">
      <ele>644.8</ele>
    </trkpt>
    <trkpt lat="42.436724" lon="-2.952933">
      <ele>645</ele>
    </trkpt>
    <trkpt lat="42.436735" lon="-2.953172">
      <ele>645.2</ele>
    </trkpt>
    <trkpt lat="42.436748" lon="-2.953285">
      <ele>645.3</ele>
    </trkpt>
    <trkpt lat="42.436167" lon="-2.953156">
      <ele>645.6</ele>
    </trkpt>
    <trkpt lat="42.435546" lon="-2.953019">
      <ele>645.5</ele>
    </trkpt>
    <trkpt lat="42.435404" lon="-2.952959">
      <ele>645.4</ele>
    </trkpt>
    <trkpt lat="42.435086" lon="-2.952756">
      <ele>645.2</ele>
    </trkpt>
    <trkpt lat="42.434719" lon="-2.952449">
      <ele>645</ele>
    </trkpt>
    <trkpt lat="42.434534" lon="-2.952001">
      <ele>644.9</ele>
    </trkpt>
    <trkpt lat="42.434296" lon="-2.951286">
      <ele>644.7</ele>
    </trkpt>
    <trkpt lat="42.434083" lon="-2.950651">
      <ele>644.6</ele>
    </trkpt>
    <trkpt lat="42.433875" lon="-2.950079">
      <ele>644.5</ele>
    </trkpt>
    <trkpt lat="42.433806" lon="-2.949953">
      <ele>644.5</ele>
    </trkpt>
    <trkpt lat="42.433611" lon="-2.949784">
      <ele>644.4</ele>
    </trkpt>
    <trkpt lat="42.433466" lon="-2.949653">
      <ele>644.4</ele>
    </trkpt>
    <trkpt lat="42.432519" lon="-2.948736">
      <ele>644.3</ele>
    </trkpt>
    <trkpt lat="42.43238" lon="-2.94874">
      <ele>644.4</ele>
    </trkpt>
    <trkpt lat="42.428021" lon="-2.951026">
      <ele>648.6</ele>
    </trkpt>
    <trkpt lat="42.426649" lon="-2.951742">
      <ele>651.6</ele>
    </trkpt>
    <trkpt lat="42.42533" lon="-2.952431">
      <ele>654.6</ele>
    </trkpt>
    <trkpt lat="42.415287" lon="-2.957755">
      <ele>670.4</ele>
    </trkpt>
    <trkpt lat="42.412049" lon="-2.959445">
      <ele>676</ele>
    </trkpt>
    <trkpt lat="42.407218" lon="-2.962023">
      <ele>684</ele>
    </trkpt>
    <trkpt lat="42.403937" lon="-2.963707">
      <ele>688.6</ele>
    </trkpt>
    <trkpt lat="42.402979" lon="-2.964275">
      <ele>690.2</ele>
    </trkpt>
    <trkpt lat="42.401141" lon="-2.965166">
      <ele>693.4</ele>
    </trkpt>
    <trkpt lat="42.398019" lon="-2.966821">
      <ele>698.9</ele>
    </trkpt>
    <trkpt lat="42.397988" lon="-2.966833">
      <ele>699</ele>
    </trkpt>
    <trkpt lat="42.395169" lon="-2.967894">
      <ele>708.1</ele>
    </trkpt>
    <trkpt lat="42.393881" lon="-2.968341">
      <ele>711.7</ele>
    </trkpt>
    <trkpt lat="42.391244" lon="-2.969329">
      <ele>715.5</ele>
    </trkpt>
    <trkpt lat="42.390273" lon="-2.969434">
      <ele>716.9</ele>
    </trkpt>
    <trkpt lat="42.390066" lon="-2.969456">
      <ele>717.2</ele>
    </trkpt>
    <trkpt lat="42.388463" lon="-2.96963">
      <ele>721.1</ele>
    </trkpt>
    <trkpt lat="42.387507" lon="-2.969686">
      <ele>723.2</ele>
    </trkpt>
    <trkpt lat="42.384097" lon="-2.969994">
      <ele>726</ele>
    </trkpt>
    <trkpt lat="42.383304" lon="-2.970176">
      <ele>729.3</ele>
    </trkpt>
    <trkpt lat="42.382615" lon="-2.970445">
      <ele>732.4</ele>
    </trkpt>
    <trkpt lat="42.381236" lon="-2.971196">
      <ele>735.9</ele>
    </trkpt>
    <trkpt lat="42.379346" lon="-2.972439">
      <ele>740.6</ele>
    </trkpt>
    <trkpt lat="42.374087" lon="-2.975895">
      <ele>751.5</ele>
    </trkpt>
    <trkpt lat="42.372472" lon="-2.977057">
      <ele>755.1</ele>
    </trkpt>
    <trkpt lat="42.370803" lon="-2.978564">
      <ele>753.9</ele>
    </trkpt>
    <trkpt lat="42.370602" lon="-2.978699">
      <ele>753.3</ele>
    </trkpt>
    <trkpt lat="42.371569" lon="-2.979238">
      <ele>749.1</ele>
    </trkpt>
    <trkpt lat="42.37219" lon="-2.979757">
      <ele>746.9</ele>
    </trkpt>
    <trkpt lat="42.37117" lon="-2.980353">
      <ele>746.4</ele>
    </trkpt>
    <trkpt lat="42.371095" lon="-2.980397">
      <ele>746.5</ele>
    </trkpt>
    <trkpt lat="42.370376" lon="-2.980809">
      <ele>746.8</ele>
    </trkpt>
    <trkpt lat="42.369576" lon="-2.981212">
      <ele>746.6</ele>
    </trkpt>
    <trkpt lat="42.367087" lon="-2.982493">
      <ele>748.6</ele>
    </trkpt>
    <trkpt lat="42.365925" lon="-2.983389">
      <ele>750.2</ele>
    </trkpt>
    <trkpt lat="42.365211" lon="-2.98398">
      <ele>751.8</ele>
    </trkpt>
    <trkpt lat="42.364983" lon="-2.984208">
      <ele>752.4</ele>
    </trkpt>
    <trkpt lat="42.364287" lon="-2.985041">
      <ele>753.6</ele>
    </trkpt>
    <trkpt lat="42.363716" lon="-2.985501">
      <ele>753.7</ele>
    </trkpt>
    <trkpt lat="42.361891" lon="-2.986971">
      <ele>754.2</ele>
    </trkpt>
    <trkpt lat="42.35944" lon="-2.989022">
      <ele>760.1</ele>
    </trkpt>
    <trkpt lat="42.358273" lon="-2.989954">
      <ele>760.9</ele>
    </trkpt>
    <trkpt lat="42.356802" lon="-2.991367">
      <ele>762.5</ele>
    </trkpt>
    <trkpt lat="42.355295" lon="-2.992873">
      <ele>768.2</ele>
    </trkpt>
    <trkpt lat="42.35486" lon="-2.993167">
      <ele>770.8</ele>
    </trkpt>
    <trkpt lat="42.35408" lon="-2.993602">
      <ele>774.4</ele>
    </trkpt>
    <trkpt lat="42.353836" lon="-2.993823">
      <ele>775</ele>
    </trkpt>
    <trkpt lat="42.353132" lon="-2.994536">
      <ele>774.8</ele>
    </trkpt>
    <trkpt lat="42.352819" lon="-2.994926">
      <ele>773.1</ele>
    </trkpt>
    <trkpt lat="42.352523" lon="-2.995448">
      <ele>771.3</ele>
    </trkpt>
    <trkpt lat="42.352123" lon="-2.996262">
      <ele>769.7</ele>
    </trkpt>
    <trkpt lat="42.351434" lon="-2.997671">
      <ele>769.2</ele>
    </trkpt>
    <trkpt lat="42.351396" lon="-2.997753">
      <ele>769.3</ele>
    </trkpt>
    <trkpt lat="42.351088" lon="-2.998393">
      <ele>769.9</ele>
    </trkpt>
    <trkpt lat="42.350849" lon="-2.998809">
      <ele>770.4</ele>
    </trkpt>
    <trkpt lat="42.35073" lon="-2.99897">
      <ele>770.6</ele>
    </trkpt>
    <trkpt lat="42.350321" lon="-2.99941">
      <ele>771.4</ele>
    </trkpt>
    <trkpt lat="42.349855" lon="-2.999871">
      <ele>772.3</ele>
    </trkpt>
    <trkpt lat="42.349565" lon="-3.000104">
      <ele>773</ele>
    </trkpt>
    <trkpt lat="42.347735" lon="-3.001519">
      <ele>778.2</ele>
    </trkpt>
    <trkpt lat="42.346812" lon="-3.002005">
      <ele>779.3</ele>
    </trkpt>
    <trkpt lat="42.345147" lon="-3.00299">
      <ele>779.8</ele>
    </trkpt>
    <trkpt lat="42.344389" lon="-3.003465">
      <ele>781.4</ele>
    </trkpt>
    <trkpt lat="42.344087" lon="-3.003639">
      <ele>782.3</ele>
    </trkpt>
    <trkpt lat="42.343409" lon="-3.003815">
      <ele>784</ele>
    </trkpt>
    <trkpt lat="42.342523" lon="-3.004332">
      <ele>785.6</ele>
    </trkpt>
    <trkpt lat="42.342147" lon="-3.004579">
      <ele>786.3</ele>
    </trkpt>
    <trkpt lat="42.342026" lon="-3.004689">
      <ele>786.5</ele>
    </trkpt>
    <trkpt lat="42.341635" lon="-3.005263">
      <ele>787.5</ele>
    </trkpt>
    <trkpt lat="42.340849" lon="-3.006634">
      <ele>789.5</ele>
    </trkpt>
    <trkpt lat="42.34045" lon="-3.007429">
      <ele>790.4</ele>
    </trkpt>
    <trkpt lat="42.340389" lon="-3.007565">
      <ele>790.5</ele>
    </trkpt>
    <trkpt lat="42.340021" lon="-3.00832">
      <ele>791.5</ele>
    </trkpt>
    <trkpt lat="42.339854" lon="-3.008583">
      <ele>792</ele>
    </trkpt>
    <trkpt lat="42.339599" lon="-3.00891">
      <ele>792.6</ele>
    </trkpt>
    <trkpt lat="42.339229" lon="-3.009266">
      <ele>793.3</ele>
    </trkpt>
    <trkpt lat="42.338983" lon="-3.009451">
      <ele>793.7</ele>
    </trkpt>
    <trkpt lat="42.338519" lon="-3.009701">
      <ele>794.4</ele>
    </trkpt>
    <trkpt lat="42.337622" lon="-3.010084">
      <ele>794.5</ele>
    </trkpt>
    <trkpt lat="42.33712" lon="-3.010265">
      <ele>794.7</ele>
    </trkpt>
    <trkpt lat="42.33563" lon="-3.011023">
      <ele>796.1</ele>
    </trkpt>
    <trkpt lat="42.335275" lon="-3.011209">
      <ele>796.5</ele>
    </trkpt>
    <trkpt lat="42.333833" lon="-3.012046">
      <ele>798.7</ele>
    </trkpt>
    <trkpt lat="42.33346" lon="-3.012271">
      <ele>799.3</ele>
    </trkpt>
    <trkpt lat="42.333098" lon="-3.012495">
      <ele>800</ele>
    </trkpt>
    <trkpt lat="42.332996" lon="-3.012554">
      <ele>800.2</ele>
    </trkpt>
    <trkpt lat="42.332673" lon="-3.012731">
      <ele>800.9</ele>
    </trkpt>
    <trkpt lat="42.3323" lon="-3.012893">
      <ele>801.7</ele>
    </trkpt>
    <trkpt lat="42.33157" lon="-3.013091">
      <ele>803</ele>
    </trkpt>
    <trkpt lat="42.330935" lon="-3.013265">
      <ele>804.2</ele>
    </trkpt>
    <trkpt lat="42.329359" lon="-3.013708">
      <ele>806.7</ele>
    </trkpt>
    <trkpt lat="42.329075" lon="-3.013786">
      <ele>807.1</ele>
    </trkpt>
    <trkpt lat="42.328999" lon="-3.013805">
      <ele>807.2</ele>
    </trkpt>
    <trkpt lat="42.328903" lon="-3.013825">
      <ele>807.4</ele>
    </trkpt>
    <trkpt lat="42.328667" lon="-3.013871">
      <ele>807.7</ele>
    </trkpt>
    <trkpt lat="42.328248" lon="-3.013957">
      <ele>808.2</ele>
    </trkpt>
    <trkpt lat="42.327652" lon="-3.014066">
      <ele>809.1</ele>
    </trkpt>
    <trkpt lat="42.327434" lon="-3.014085">
      <ele>809.2</ele>
    </trkpt>
    <trkpt lat="42.327221" lon="-3.014041">
      <ele>809.3</ele>
    </trkpt>
    <trkpt lat="42.327118" lon="-3.013987">
      <ele>809.4</ele>
    </trkpt>
    <trkpt lat="42.326888" lon="-3.013958">
      <ele>809.7</ele>
    </trkpt>
    <trkpt lat="42.326814" lon="-3.013922">
      <ele>809.8</ele>
    </trkpt>
    <trkpt lat="42.326807" lon="-3.013333">
      <ele>810.1</ele>
    </trkpt>
    <trkpt lat="42.326809" lon="-3.012782">
      <ele>810.1</ele>
    </trkpt>
    <trkpt lat="42.326813" lon="-3.012366">
      <ele>809.8</ele>
    </trkpt>
    <trkpt lat="42.326812" lon="-3.011973">
      <ele>809.4</ele>
    </trkpt>
    <trkpt lat="42.326813" lon="-3.011773">
      <ele>809.3</ele>
    </trkpt>
    <trkpt lat="42.326813" lon="-3.011662">
      <ele>809.2</ele>
    </trkpt>
    <trkpt lat="42.326809" lon="-3.010944">
      <ele>808.7</ele>
    </trkpt>
    <trkpt lat="42.326805" lon="-3.010274">
      <ele>808.6</ele>
    </trkpt>
    <trkpt lat="42.3268" lon="-3.009826">
      <ele>809</ele>
    </trkpt>
    <trkpt lat="42.326898" lon="-3.00978">
      <ele>809.2</ele>
    </trkpt>
    <trkpt lat="42.3268" lon="-3.009826">
      <ele>809.4</ele>
    </trkpt>
    <trkpt lat="42.32521" lon="-3.01058">
      <ele>817.4</ele>
    </trkpt>
    <trkpt lat="42.324666" lon="-3.010821">
      <ele>819.9</ele>
    </trkpt>
    <trkpt lat="42.324527" lon="-3.010848">
      <ele>820.4</ele>
    </trkpt>
    <trkpt lat="42.32444" lon="-3.010865">
      <ele>820.7</ele>
    </trkpt>
    <trkpt lat="42.324155" lon="-3.010924">
      <ele>821.6</ele>
    </trkpt>
    <trkpt lat="42.323928" lon="-3.011051">
      <ele>822.2</ele>
    </trkpt>
    <trkpt lat="42.323729" lon="-3.01112">
      <ele>822.6</ele>
    </trkpt>
    <trkpt lat="42.323494" lon="-3.01113">
      <ele>823</ele>
    </trkpt>
    <trkpt lat="42.32311" lon="-3.01122">
      <ele>823.4</ele>
    </trkpt>
    <trkpt lat="42.32273" lon="-3.01138">
      <ele>824.2</ele>
    </trkpt>
    <trkpt lat="42.321957" lon="-3.011571">
      <ele>824.2</ele>
    </trkpt>
    <trkpt lat="42.321777" lon="-3.011685">
      <ele>823.9</ele>
    </trkpt>
    <trkpt lat="42.320907" lon="-3.012531">
      <ele>822.2</ele>
    </trkpt>
    <trkpt lat="42.320745" lon="-3.012681">
      <ele>821.8</ele>
    </trkpt>
    <trkpt lat="42.320598" lon="-3.012809">
      <ele>821.4</ele>
    </trkpt>
    <trkpt lat="42.320396" lon="-3.012868">
      <ele>821.2</ele>
    </trkpt>
    <trkpt lat="42.320166" lon="-3.012806">
      <ele>821.3</ele>
    </trkpt>
    <trkpt lat="42.319664" lon="-3.012547">
      <ele>822.2</ele>
    </trkpt>
    <trkpt lat="42.319117" lon="-3.012247">
      <ele>822.8</ele>
    </trkpt>
    <trkpt lat="42.318838" lon="-3.012214">
      <ele>823</ele>
    </trkpt>
    <trkpt lat="42.318435" lon="-3.012242">
      <ele>823.6</ele>
    </trkpt>
    <trkpt lat="42.317947" lon="-3.012328">
      <ele>824.3</ele>
    </trkpt>
    <trkpt lat="42.317681" lon="-3.01243">
      <ele>824.6</ele>
    </trkpt>
    <trkpt lat="42.316812" lon="-3.01288">
      <ele>825.4</ele>
    </trkpt>
    <trkpt lat="42.316087" lon="-3.013283">
      <ele>826.2</ele>
    </trkpt>
    <trkpt lat="42.315885" lon="-3.013434">
      <ele>826.4</ele>
    </trkpt>
    <trkpt lat="42.314673" lon="-3.014537">
      <ele>828</ele>
    </trkpt>
    <trkpt lat="42.313948" lon="-3.015122">
      <ele>828.4</ele>
    </trkpt>
    <trkpt lat="42.313816" lon="-3.01521">
      <ele>828.4</ele>
    </trkpt>
    <trkpt lat="42.313609" lon="-3.015345">
      <ele>828.6</ele>
    </trkpt>
    <trkpt lat="42.313269" lon="-3.015477">
      <ele>828.8</ele>
    </trkpt>
    <trkpt lat="42.313041" lon="-3.015561">
      <ele>829.1</ele>
    </trkpt>
    <trkpt lat="42.312462" lon="-3.015776">
      <ele>829.9</ele>
    </trkpt>
    <trkpt lat="42.31224" lon="-3.015886">
      <ele>830.3</ele>
    </trkpt>
    <trkpt lat="42.31129" lon="-3.016538">
      <ele>832.3</ele>
    </trkpt>
    <trkpt lat="42.31076" lon="-3.016834">
      <ele>833.3</ele>
    </trkpt>
    <trkpt lat="42.310255" lon="-3.017049">
      <ele>834.4</ele>
    </trkpt>
    <trkpt lat="42.310097" lon="-3.017159">
      <ele>834.8</ele>
    </trkpt>
    <trkpt lat="42.308646" lon="-3.018376">
      <ele>838.8</ele>
    </trkpt>
    <trkpt lat="42.307577" lon="-3.019327">
      <ele>841.4</ele>
    </trkpt>
    <trkpt lat="42.306517" lon="-3.020326">
      <ele>843.1</ele>
    </trkpt>
    <trkpt lat="42.305881" lon="-3.020923">
      <ele>843.9</ele>
    </trkpt>
    <trkpt lat="42.305514" lon="-3.021341">
      <ele>845.4</ele>
    </trkpt>
    <trkpt lat="42.305438" lon="-3.021393">
      <ele>845.8</ele>
    </trkpt>
    <trkpt lat="42.30525" lon="-3.021616">
      <ele>846.8</ele>
    </trkpt>
    <trkpt lat="42.305214" lon="-3.021626">
      <ele>846.9</ele>
    </trkpt>
    <trkpt lat="42.30516" lon="-3.021607">
      <ele>847.2</ele>
    </trkpt>
    <trkpt lat="42.305096" lon="-3.021526">
      <ele>847.6</ele>
    </trkpt>
    <trkpt lat="42.30507" lon="-3.021433">
      <ele>847.9</ele>
    </trkpt>
    <trkpt lat="42.305025" lon="-3.021345">
      <ele>848.3</ele>
    </trkpt>
    <trkpt lat="42.304982" lon="-3.021154">
      <ele>849.1</ele>
    </trkpt>
    <trkpt lat="42.305005" lon="-3.021021">
      <ele>849.6</ele>
    </trkpt>
    <trkpt lat="42.305049" lon="-3.020923">
      <ele>850.2</ele>
    </trkpt>
    <trkpt lat="42.305592" lon="-3.019995">
      <ele>857</ele>
    </trkpt>
    <trkpt lat="42.305983" lon="-3.019514">
      <ele>861.2</ele>
    </trkpt>
    <trkpt lat="42.306202" lon="-3.019048">
      <ele>864.5</ele>
    </trkpt>
    <trkpt lat="42.306573" lon="-3.018716">
      <ele>868.2</ele>
    </trkpt>
    <trkpt lat="42.306725" lon="-3.018468">
      <ele>870.1</ele>
    </trkpt>
    <trkpt lat="42.306928" lon="-3.018027">
      <ele>873.1</ele>
    </trkpt>
    <trkpt lat="42.306984" lon="-3.01795">
      <ele>873.8</ele>
    </trkpt>
    <trkpt lat="42.307124" lon="-3.017855">
      <ele>874.9</ele>
    </trkpt>
    <trkpt lat="42.307456" lon="-3.017714">
      <ele>877.5</ele>
    </trkpt>
    <trkpt lat="42.307628" lon="-3.017551">
      <ele>879.1</ele>
    </trkpt>
    <trkpt lat="42.308112" lon="-3.01684">
      <ele>884.5</ele>
    </trkpt>
    <trkpt lat="42.308622" lon="-3.016232">
      <ele>890.6</ele>
    </trkpt>
    <trkpt lat="42.308839" lon="-3.015885">
      <ele>894.4</ele>
    </trkpt>
    <trkpt lat="42.309227" lon="-3.01505">
      <ele>904.2</ele>
    </trkpt>
    <trkpt lat="42.309309" lon="-3.014759">
      <ele>907.2</ele>
    </trkpt>
    <trkpt lat="42.309306" lon="-3.014553">
      <ele>909</ele>
    </trkpt>
    <trkpt lat="42.309283" lon="-3.014463">
      <ele>909.9</ele>
    </trkpt>
    <trkpt lat="42.309221" lon="-3.014322">
      <ele>911.2</ele>
    </trkpt>
    <trkpt lat="42.309064" lon="-3.014075">
      <ele>913.7</ele>
    </trkpt>
    <trkpt lat="42.30904" lon="-3.01395">
      <ele>914.6</ele>
    </trkpt>
    <trkpt lat="42.309055" lon="-3.013883">
      <ele>915.1</ele>
    </trkpt>
    <trkpt lat="42.309136" lon="-3.013748">
      <ele>916.4</ele>
    </trkpt>
    <trkpt lat="42.309517" lon="-3.013367">
      <ele>921</ele>
    </trkpt>
    <trkpt lat="42.309644" lon="-3.013164">
      <ele>923</ele>
    </trkpt>
    <trkpt lat="42.309795" lon="-3.012651">
      <ele>927.4</ele>
    </trkpt>
    <trkpt lat="42.309818" lon="-3.01245">
      <ele>929.1</ele>
    </trkpt>
    <trkpt lat="42.309794" lon="-3.012285">
      <ele>930.7</ele>
    </trkpt>
    <trkpt lat="42.309732" lon="-3.012135">
      <ele>932.4</ele>
    </trkpt>
    <trkpt lat="42.309506" lon="-3.011835">
      <ele>936.8</ele>
    </trkpt>
    <trkpt lat="42.309366" lon="-3.011518">
      <ele>940.9</ele>
    </trkpt>
    <trkpt lat="42.309232" lon="-3.011118">
      <ele>945.6</ele>
    </trkpt>
    <trkpt lat="42.308936" lon="-3.009876">
      <ele>958.1</ele>
    </trkpt>
    <trkpt lat="42.308861" lon="-3.00966">
      <ele>960.2</ele>
    </trkpt>
    <trkpt lat="42.308359" lon="-3.008842">
      <ele>969</ele>
    </trkpt>
    <trkpt lat="42.308177" lon="-3.008416">
      <ele>972.8</ele>
    </trkpt>
    <trkpt lat="42.30812" lon="-3.008359">
      <ele>973.5</ele>
    </trkpt>
    <trkpt lat="42.308021" lon="-3.008381">
      <ele>974.5</ele>
    </trkpt>
    <trkpt lat="42.307985" lon="-3.008461">
      <ele>975.1</ele>
    </trkpt>
    <trkpt lat="42.307976" lon="-3.008566">
      <ele>975.8</ele>
    </trkpt>
    <trkpt lat="42.308015" lon="-3.008708">
      <ele>976.7</ele>
    </trkpt>
    <trkpt lat="42.308212" lon="-3.009132">
      <ele>979.3</ele>
    </trkpt>
    <trkpt lat="42.308266" lon="-3.009302">
      <ele>980.1</ele>
    </trkpt>
    <trkpt lat="42.308298" lon="-3.009504">
      <ele>981.1</ele>
    </trkpt>
    <trkpt lat="42.308359" lon="-3.010713">
      <ele>987.3</ele>
    </trkpt>
    <trkpt lat="42.30833" lon="-3.010825">
      <ele>987.9</ele>
    </trkpt>
    <trkpt lat="42.308283" lon="-3.010865">
      <ele>988.2</ele>
    </trkpt>
    <trkpt lat="42.308216" lon="-3.010835">
      <ele>988.7</ele>
    </trkpt>
    <trkpt lat="42.308144" lon="-3.010713">
      <ele>989.5</ele>
    </trkpt>
    <trkpt lat="42.307826" lon="-3.009541">
      <ele>996.2</ele>
    </trkpt>
    <trkpt lat="42.307349" lon="-3.008502">
      <ele>1000.9</ele>
    </trkpt>
    <trkpt lat="42.307327" lon="-3.008268">
      <ele>1001.7</ele>
    </trkpt>
    <trkpt lat="42.307351" lon="-3.00776">
      <ele>1003.7</ele>
    </trkpt>
    <trkpt lat="42.307315" lon="-3.00725">
      <ele>1006.1</ele>
    </trkpt>
    <trkpt lat="42.307273" lon="-3.007096">
      <ele>1006.9</ele>
    </trkpt>
    <trkpt lat="42.307227" lon="-3.007059">
      <ele>1007.3</ele>
    </trkpt>
    <trkpt lat="42.307187" lon="-3.007066">
      <ele>1007.6</ele>
    </trkpt>
    <trkpt lat="42.307107" lon="-3.007173">
      <ele>1008.5</ele>
    </trkpt>
    <trkpt lat="42.307055" lon="-3.007683">
      <ele>1011.5</ele>
    </trkpt>
    <trkpt lat="42.306842" lon="-3.008459">
      <ele>1017.2</ele>
    </trkpt>
    <trkpt lat="42.306887" lon="-3.009605">
      <ele>1025.5</ele>
    </trkpt>
    <trkpt lat="42.306843" lon="-3.009984">
      <ele>1027.9</ele>
    </trkpt>
    <trkpt lat="42.306741" lon="-3.010496">
      <ele>1031.1</ele>
    </trkpt>
    <trkpt lat="42.306716" lon="-3.01122">
      <ele>1034.9</ele>
    </trkpt>
    <trkpt lat="42.306672" lon="-3.011591">
      <ele>1036.3</ele>
    </trkpt>
    <trkpt lat="42.306595" lon="-3.011853">
      <ele>1037.1</ele>
    </trkpt>
    <trkpt lat="42.306405" lon="-3.012274">
      <ele>1038.2</ele>
    </trkpt>
    <trkpt lat="42.306239" lon="-3.012906">
      <ele>1039.7</ele>
    </trkpt>
    <trkpt lat="42.306142" lon="-3.013076">
      <ele>1040.3</ele>
    </trkpt>
    <trkpt lat="42.305987" lon="-3.013193">
      <ele>1041</ele>
    </trkpt>
    <trkpt lat="42.305024" lon="-3.013299">
      <ele>1047.5</ele>
    </trkpt>
    <trkpt lat="42.304301" lon="-3.013702">
      <ele>1056.6</ele>
    </trkpt>
    <trkpt lat="42.303604" lon="-3.013733">
      <ele>1062.6</ele>
    </trkpt>
    <trkpt lat="42.303459" lon="-3.013789">
      <ele>1063.5</ele>
    </trkpt>
    <trkpt lat="42.303097" lon="-3.014054">
      <ele>1065.5</ele>
    </trkpt>
    <trkpt lat="42.302912" lon="-3.014361">
      <ele>1067</ele>
    </trkpt>
    <trkpt lat="42.30282" lon="-3.014469">
      <ele>1067.6</ele>
    </trkpt>
    <trkpt lat="42.302719" lon="-3.014522">
      <ele>1068.2</ele>
    </trkpt>
    <trkpt lat="42.302464" lon="-3.014524">
      <ele>1069.6</ele>
    </trkpt>
    <trkpt lat="42.302035" lon="-3.014384">
      <ele>1073</ele>
    </trkpt>
    <trkpt lat="42.301792" lon="-3.014422">
      <ele>1075.4</ele>
    </trkpt>
    <trkpt lat="42.301148" lon="-3.014748">
      <ele>1083.3</ele>
    </trkpt>
    <trkpt lat="42.300242" lon="-3.01556">
      <ele>1092.4</ele>
    </trkpt>
    <trkpt lat="42.300066" lon="-3.015698">
      <ele>1093.4</ele>
    </trkpt>
    <trkpt lat="42.299985" lon="-3.015731">
      <ele>1093.8</ele>
    </trkpt>
    <trkpt lat="42.299593" lon="-3.015787">
      <ele>1095.5</ele>
    </trkpt>
    <trkpt lat="42.299002" lon="-3.0157">
      <ele>1097.7</ele>
    </trkpt>
    <trkpt lat="42.298908" lon="-3.015649">
      <ele>1098.1</ele>
    </trkpt>
    <trkpt lat="42.298718" lon="-3.015432">
      <ele>1099.2</ele>
    </trkpt>
    <trkpt lat="42.29849" lon="-3.015035">
      <ele>1100.8</ele>
    </trkpt>
    <trkpt lat="42.298372" lon="-3.014702">
      <ele>1102.1</ele>
    </trkpt>
    <trkpt lat="42.298163" lon="-3.013781">
      <ele>1106.3</ele>
    </trkpt>
    <trkpt lat="42.298011" lon="-3.013302">
      <ele>1108.9</ele>
    </trkpt>
    <trkpt lat="42.297505" lon="-3.012246">
      <ele>1116.6</ele>
    </trkpt>
    <trkpt lat="42.297161" lon="-3.01168">
      <ele>1121.2</ele>
    </trkpt>
    <trkpt lat="42.29702" lon="-3.01132">
      <ele>1123.6</ele>
    </trkpt>
    <trkpt lat="42.296903" lon="-3.010606">
      <ele>1128</ele>
    </trkpt>
    <trkpt lat="42.296888" lon="-3.010336">
      <ele>1129.5</ele>
    </trkpt>
    <trkpt lat="42.296986" lon="-3.009085">
      <ele>1137.3</ele>
    </trkpt>
    <trkpt lat="42.296944" lon="-3.00826">
      <ele>1142.1</ele>
    </trkpt>
    <trkpt lat="42.296986" lon="-3.007741">
      <ele>1144.3</ele>
    </trkpt>
    <trkpt lat="42.296975" lon="-3.007531">
      <ele>1145</ele>
    </trkpt>
    <trkpt lat="42.296904" lon="-3.007347">
      <ele>1145.7</ele>
    </trkpt>
    <trkpt lat="42.296329" lon="-3.006468">
      <ele>1148.7</ele>
    </trkpt>
    <trkpt lat="42.296079" lon="-3.005995">
      <ele>1150.4</ele>
    </trkpt>
    <trkpt lat="42.295915" lon="-3.005483">
      <ele>1152.6</ele>
    </trkpt>
    <trkpt lat="42.295804" lon="-3.004887">
      <ele>1155.6</ele>
    </trkpt>
    <trkpt lat="42.295758" lon="-3.004002">
      <ele>1159.1</ele>
    </trkpt>
    <trkpt lat="42.295653" lon="-3.003375">
      <ele>1160.7</ele>
    </trkpt>
    <trkpt lat="42.295592" lon="-3.002812">
      <ele>1161.8</ele>
    </trkpt>
    <trkpt lat="42.295578" lon="-3.002112">
      <ele>1163.2</ele>
    </trkpt>
    <trkpt lat="42.295512" lon="-3.001097">
      <ele>1166.7</ele>
    </trkpt>
    <trkpt lat="42.295556" lon="-3.000075">
      <ele>1172.7</ele>
    </trkpt>
    <trkpt lat="42.295547" lon="-2.999041">
      <ele>1180.1</ele>
    </trkpt>
    <trkpt lat="42.295519" lon="-2.998566">
      <ele>1183.5</ele>
    </trkpt>
    <trkpt lat="42.295451" lon="-2.998305">
      <ele>1185.4</ele>
    </trkpt>
    <trkpt lat="42.29532" lon="-2.998093">
      <ele>1187.1</ele>
    </trkpt>
    <trkpt lat="42.295211" lon="-2.997994">
      <ele>1188.3</ele>
    </trkpt>
    <trkpt lat="42.294931" lon="-2.997831">
      <ele>1190.6</ele>
    </trkpt>
    <trkpt lat="42.294203" lon="-2.99749">
      <ele>1194.9</ele>
    </trkpt>
    <trkpt lat="42.293933" lon="-2.997307">
      <ele>1196</ele>
    </trkpt>
    <trkpt lat="42.293797" lon="-2.997177">
      <ele>1196.5</ele>
    </trkpt>
    <trkpt lat="42.293641" lon="-2.996958">
      <ele>1197.2</ele>
    </trkpt>
    <trkpt lat="42.293531" lon="-2.996712">
      <ele>1198</ele>
    </trkpt>
    <trkpt lat="42.29334" lon="-2.995841">
      <ele>1200.7</ele>
    </trkpt>
    <trkpt lat="42.293182" lon="-2.995076">
      <ele>1203.8</ele>
    </trkpt>
    <trkpt lat="42.292921" lon="-2.994206">
      <ele>1209.1</ele>
    </trkpt>
    <trkpt lat="42.292815" lon="-2.993543">
      <ele>1213.3</ele>
    </trkpt>
    <trkpt lat="42.292324" lon="-2.992127">
      <ele>1224.7</ele>
    </trkpt>
    <trkpt lat="42.292208" lon="-2.991923">
      <ele>1226.7</ele>
    </trkpt>
    <trkpt lat="42.292009" lon="-2.991683">
      <ele>1229.6</ele>
    </trkpt>
    <trkpt lat="42.291785" lon="-2.991523">
      <ele>1232.5</ele>
    </trkpt>
    <trkpt lat="42.291376" lon="-2.991335">
      <ele>1237.9</ele>
    </trkpt>
    <trkpt lat="42.291045" lon="-2.991144">
      <ele>1242.7</ele>
    </trkpt>
    <trkpt lat="42.29028" lon="-2.99064">
      <ele>1253.1</ele>
    </trkpt>
    <trkpt lat="42.290033" lon="-2.990579">
      <ele>1255.2</ele>
    </trkpt>
    <trkpt lat="42.289798" lon="-2.990623">
      <ele>1256.6</ele>
    </trkpt>
    <trkpt lat="42.289241" lon="-2.990835">
      <ele>1256.3</ele>
    </trkpt>
    <trkpt lat="42.289001" lon="-2.991002">
      <ele>1255.6</ele>
    </trkpt>
    <trkpt lat="42.28869" lon="-2.991344">
      <ele>1255</ele>
    </trkpt>
    <trkpt lat="42.288523" lon="-2.991434">
      <ele>1255.1</ele>
    </trkpt>
    <trkpt lat="42.288424" lon="-2.99142">
      <ele>1255.2</ele>
    </trkpt>
    <trkpt lat="42.288274" lon="-2.991285">
      <ele>1255.6</ele>
    </trkpt>
    <trkpt lat="42.287947" lon="-2.990757">
      <ele>1258.7</ele>
    </trkpt>
    <trkpt lat="42.287669" lon="-2.990218">
      <ele>1265.2</ele>
    </trkpt>
    <trkpt lat="42.286795" lon="-2.988284">
      <ele>1287.6</ele>
    </trkpt>
    <trkpt lat="42.286732" lon="-2.988217">
      <ele>1288.3</ele>
    </trkpt>
    <trkpt lat="42.286585" lon="-2.988155">
      <ele>1289.5</ele>
    </trkpt>
    <trkpt lat="42.286342" lon="-2.988172">
      <ele>1291.1</ele>
    </trkpt>
    <trkpt lat="42.285637" lon="-2.988322">
      <ele>1293.6</ele>
    </trkpt>
    <trkpt lat="42.285436" lon="-2.988302">
      <ele>1293.9</ele>
    </trkpt>
    <trkpt lat="42.285365" lon="-2.988268">
      <ele>1294.1</ele>
    </trkpt>
    <trkpt lat="42.285237" lon="-2.988136">
      <ele>1294.3</ele>
    </trkpt>
    <trkpt lat="42.285161" lon="-2.987941">
      <ele>1294.7</ele>
    </trkpt>
    <trkpt lat="42.285142" lon="-2.987783">
      <ele>1295</ele>
    </trkpt>
    <trkpt lat="42.285166" lon="-2.987421">
      <ele>1295.8</ele>
    </trkpt>
    <trkpt lat="42.285316" lon="-2.986755">
      <ele>1298</ele>
    </trkpt>
    <trkpt lat="42.285391" lon="-2.986059">
      <ele>1300.8</ele>
    </trkpt>
    <trkpt lat="42.285453" lon="-2.985749">
      <ele>1302</ele>
    </trkpt>
    <trkpt lat="42.285555" lon="-2.985559">
      <ele>1302.9</ele>
    </trkpt>
    <trkpt lat="42.28593" lon="-2.985157">
      <ele>1305.4</ele>
    </trkpt>
    <trkpt lat="42.286076" lon="-2.984865">
      <ele>1306.7</ele>
    </trkpt>
    <trkpt lat="42.2862" lon="-2.98442">
      <ele>1308.4</ele>
    </trkpt>
    <trkpt lat="42.286396" lon="-2.983366">
      <ele>1312.5</ele>
    </trkpt>
    <trkpt lat="42.286402" lon="-2.983073">
      <ele>1313.7</ele>
    </trkpt>
    <trkpt lat="42.286327" lon="-2.982734">
      <ele>1315.3</ele>
    </trkpt>
    <trkpt lat="42.285983" lon="-2.981846">
      <ele>1319.4</ele>
    </trkpt>
    <trkpt lat="42.285908" lon="-2.981549">
      <ele>1320.5</ele>
    </trkpt>
    <trkpt lat="42.285906" lon="-2.980996">
      <ele>1322.3</ele>
    </trkpt>
    <trkpt lat="42.285955" lon="-2.980587">
      <ele>1323.7</ele>
    </trkpt>
    <trkpt lat="42.286009" lon="-2.980376">
      <ele>1324.5</ele>
    </trkpt>
    <trkpt lat="42.286251" lon="-2.979774">
      <ele>1326.8</ele>
    </trkpt>
    <trkpt lat="42.286381" lon="-2.979513">
      <ele>1327.8</ele>
    </trkpt>
    <trkpt lat="42.286838" lon="-2.978738">
      <ele>1331.3</ele>
    </trkpt>
    <trkpt lat="42.287175" lon="-2.978022">
      <ele>1335.3</ele>
    </trkpt>
    <trkpt lat="42.287499" lon="-2.977453">
      <ele>1339.1</ele>
    </trkpt>
    <trkpt lat="42.287715" lon="-2.976949">
      <ele>1342.3</ele>
    </trkpt>
    <trkpt lat="42.287769" lon="-2.976766">
      <ele>1343.5</ele>
    </trkpt>
    <trkpt lat="42.287866" lon="-2.975152">
      <ele>1351.1</ele>
    </trkpt>
    <trkpt lat="42.287688" lon="-2.973717">
      <ele>1355.1</ele>
    </trkpt>
    <trkpt lat="42.287645" lon="-2.9732">
      <ele>1356.3</ele>
    </trkpt>
    <trkpt lat="42.287645" lon="-2.972714">
      <ele>1357.5</ele>
    </trkpt>
    <trkpt lat="42.287719" lon="-2.97232">
      <ele>1358.7</ele>
    </trkpt>
    <trkpt lat="42.287989" lon="-2.971581">
      <ele>1361.6</ele>
    </trkpt>
    <trkpt lat="42.288095" lon="-2.971173">
      <ele>1363.5</ele>
    </trkpt>
    <trkpt lat="42.288136" lon="-2.970746">
      <ele>1365.4</ele>
    </trkpt>
    <trkpt lat="42.288099" lon="-2.970343">
      <ele>1367.1</ele>
    </trkpt>
    <trkpt lat="42.287996" lon="-2.96996">
      <ele>1368.8</ele>
    </trkpt>
    <trkpt lat="42.28737" lon="-2.96871">
      <ele>1374.6</ele>
    </trkpt>
    <trkpt lat="42.287" lon="-2.9681">
      <ele>1377.8</ele>
    </trkpt>
    <trkpt lat="42.286619" lon="-2.967558">
      <ele>1382.4</ele>
    </trkpt>
    <trkpt lat="42.28637" lon="-2.96715">
      <ele>1386.5</ele>
    </trkpt>
    <trkpt lat="42.286246" lon="-2.966837">
      <ele>1389.1</ele>
    </trkpt>
    <trkpt lat="42.28618" lon="-2.966483">
      <ele>1391.6</ele>
    </trkpt>
    <trkpt lat="42.286118" lon="-2.966342">
      <ele>1392.6</ele>
    </trkpt>
    <trkpt lat="42.286004" lon="-2.966271">
      <ele>1393.6</ele>
    </trkpt>
    <trkpt lat="42.285807" lon="-2.96626">
      <ele>1394.9</ele>
    </trkpt>
    <trkpt lat="42.285173" lon="-2.966387">
      <ele>1395.8</ele>
    </trkpt>
    <trkpt lat="42.284736" lon="-2.966557">
      <ele>1395.6</ele>
    </trkpt>
    <trkpt lat="42.284606" lon="-2.966575">
      <ele>1395.4</ele>
    </trkpt>
    <trkpt lat="42.284484" lon="-2.966515">
      <ele>1395.2</ele>
    </trkpt>
    <trkpt lat="42.284394" lon="-2.966349">
      <ele>1395.1</ele>
    </trkpt>
    <trkpt lat="42.284189" lon="-2.965697">
      <ele>1395.3</ele>
    </trkpt>
    <trkpt lat="42.284019" lon="-2.965306">
      <ele>1396.3</ele>
    </trkpt>
    <trkpt lat="42.283119" lon="-2.963716">
      <ele>1407.1</ele>
    </trkpt>
    <trkpt lat="42.28297" lon="-2.963408">
      <ele>1410.1</ele>
    </trkpt>
    <trkpt lat="42.282221" lon="-2.961629">
      <ele>1433.2</ele>
    </trkpt>
    <trkpt lat="42.282065" lon="-2.961134">
      <ele>1439.2</ele>
    </trkpt>
    <trkpt lat="42.282035" lon="-2.961045">
      <ele>1440.2</ele>
    </trkpt>
    <trkpt lat="42.281952" lon="-2.960932">
      <ele>1441.8</ele>
    </trkpt>
    <trkpt lat="42.281857" lon="-2.960903">
      <ele>1443</ele>
    </trkpt>
    <trkpt lat="42.281806" lon="-2.960917">
      <ele>1443.6</ele>
    </trkpt>
    <trkpt lat="42.281713" lon="-2.961033">
      <ele>1445</ele>
    </trkpt>
    <trkpt lat="42.281305" lon="-2.961852">
      <ele>1450.4</ele>
    </trkpt>
    <trkpt lat="42.281001" lon="-2.96268">
      <ele>1456</ele>
    </trkpt>
    <trkpt lat="42.280908" lon="-2.962872">
      <ele>1457.9</ele>
    </trkpt>
    <trkpt lat="42.280596" lon="-2.963204">
      <ele>1462.3</ele>
    </trkpt>
    <trkpt lat="42.28004" lon="-2.963639">
      <ele>1468.3</ele>
    </trkpt>
    <trkpt lat="42.279986" lon="-2.963723">
      <ele>1469</ele>
    </trkpt>
    <trkpt lat="42.280019" lon="-2.963999">
      <ele>1470.3</ele>
    </trkpt>
    <trkpt lat="42.28017" lon="-2.964354">
      <ele>1471.4</ele>
    </trkpt>
    <trkpt lat="42.280533" lon="-2.964701">
      <ele>1471</ele>
    </trkpt>
    <trkpt lat="42.280574" lon="-2.964785">
      <ele>1470.7</ele>
    </trkpt>
    <trkpt lat="42.280579" lon="-2.964849">
      <ele>1470.5</ele>
    </trkpt>
    <trkpt lat="42.280562" lon="-2.964979">
      <ele>1469.9</ele>
    </trkpt>
    <trkpt lat="42.280412" lon="-2.965464">
      <ele>1467</ele>
    </trkpt>
    <trkpt lat="42.280276" lon="-2.966314">
      <ele>1461.6</ele>
    </trkpt>
    <trkpt lat="42.280233" lon="-2.966838">
      <ele>1458.3</ele>
    </trkpt>
    <trkpt lat="42.280141" lon="-2.96714">
      <ele>1456.3</ele>
    </trkpt>
    <trkpt lat="42.279964" lon="-2.967574">
      <ele>1454</ele>
    </trkpt>
    <trkpt lat="42.279876" lon="-2.96769">
      <ele>1453.5</ele>
    </trkpt>
    <trkpt lat="42.27975" lon="-2.967774">
      <ele>1453</ele>
    </trkpt>
    <trkpt lat="42.279332" lon="-2.96787">
      <ele>1453.6</ele>
    </trkpt>
    <trkpt lat="42.278707" lon="-2.967803">
      <ele>1459.4</ele>
    </trkpt>
    <trkpt lat="42.278495" lon="-2.967754">
      <ele>1462.1</ele>
    </trkpt>
    <trkpt lat="42.278042" lon="-2.967563">
      <ele>1468</ele>
    </trkpt>
    <trkpt lat="42.277937" lon="-2.967568">
      <ele>1469.1</ele>
    </trkpt>
    <trkpt lat="42.27785" lon="-2.967684">
      <ele>1470.3</ele>
    </trkpt>
    <trkpt lat="42.277811" lon="-2.967868">
      <ele>1471.5</ele>
    </trkpt>
    <trkpt lat="42.277805" lon="-2.968554">
      <ele>1474.1</ele>
    </trkpt>
    <trkpt lat="42.277695" lon="-2.969694">
      <ele>1470.6</ele>
    </trkpt>
    <trkpt lat="42.277702" lon="-2.969828">
      <ele>1469.7</ele>
    </trkpt>
    <trkpt lat="42.27772" lon="-2.969984">
      <ele>1468.7</ele>
    </trkpt>
    <trkpt lat="42.277797" lon="-2.970289">
      <ele>1466.5</ele>
    </trkpt>
    <trkpt lat="42.278061" lon="-2.971104">
      <ele>1463.8</ele>
    </trkpt>
    <trkpt lat="42.278069" lon="-2.971197">
      <ele>1463.9</ele>
    </trkpt>
    <trkpt lat="42.278045" lon="-2.971361">
      <ele>1464.1</ele>
    </trkpt>
    <trkpt lat="42.277979" lon="-2.97148">
      <ele>1464.3</ele>
    </trkpt>
    <trkpt lat="42.277837" lon="-2.971542">
      <ele>1464.9</ele>
    </trkpt>
    <trkpt lat="42.277165" lon="-2.971378">
      <ele>1469.7</ele>
    </trkpt>
    <trkpt lat="42.276798" lon="-2.971341">
      <ele>1473.5</ele>
    </trkpt>
    <trkpt lat="42.276504" lon="-2.971367">
      <ele>1476.3</ele>
    </trkpt>
    <trkpt lat="42.276278" lon="-2.971466">
      <ele>1477.9</ele>
    </trkpt>
    <trkpt lat="42.276171" lon="-2.9716">
      <ele>1478.6</ele>
    </trkpt>
    <trkpt lat="42.275932" lon="-2.972141">
      <ele>1480</ele>
    </trkpt>
    <trkpt lat="42.275261" lon="-2.973475">
      <ele>1480.1</ele>
    </trkpt>
    <trkpt lat="42.27455" lon="-2.97503">
      <ele>1476</ele>
    </trkpt>
    <trkpt lat="42.274372" lon="-2.975333">
      <ele>1475.5</ele>
    </trkpt>
    <trkpt lat="42.274162" lon="-2.975571">
      <ele>1475.5</ele>
    </trkpt>
    <trkpt lat="42.273954" lon="-2.975626">
      <ele>1475.8</ele>
    </trkpt>
    <trkpt lat="42.273383" lon="-2.975464">
      <ele>1478.2</ele>
    </trkpt>
    <trkpt lat="42.272531" lon="-2.975343">
      <ele>1484.7</ele>
    </trkpt>
    <trkpt lat="42.27212" lon="-2.975383">
      <ele>1486.9</ele>
    </trkpt>
    <trkpt lat="42.271514" lon="-2.975566">
      <ele>1487.6</ele>
    </trkpt>
    <trkpt lat="42.270997" lon="-2.97604">
      <ele>1486.8</ele>
    </trkpt>
    <trkpt lat="42.270876" lon="-2.976118">
      <ele>1486.6</ele>
    </trkpt>
    <trkpt lat="42.270762" lon="-2.976145">
      <ele>1486.4</ele>
    </trkpt>
    <trkpt lat="42.270621" lon="-2.976113">
      <ele>1486.1</ele>
    </trkpt>
    <trkpt lat="42.270391" lon="-2.975954">
      <ele>1485.8</ele>
    </trkpt>
    <trkpt lat="42.269483" lon="-2.975145">
      <ele>1486.6</ele>
    </trkpt>
    <trkpt lat="42.269143" lon="-2.974884">
      <ele>1486.9</ele>
    </trkpt>
    <trkpt lat="42.268767" lon="-2.974511">
      <ele>1486.9</ele>
    </trkpt>
    <trkpt lat="42.268324" lon="-2.973993">
      <ele>1488.5</ele>
    </trkpt>
    <trkpt lat="42.268198" lon="-2.973708">
      <ele>1490.1</ele>
    </trkpt>
    <trkpt lat="42.268135" lon="-2.973453">
      <ele>1491.9</ele>
    </trkpt>
    <trkpt lat="42.268006" lon="-2.972281">
      <ele>1504.4</ele>
    </trkpt>
    <trkpt lat="42.267987" lon="-2.971667">
      <ele>1512</ele>
    </trkpt>
    <trkpt lat="42.267955" lon="-2.971562">
      <ele>1513.2</ele>
    </trkpt>
    <trkpt lat="42.267871" lon="-2.971491">
      <ele>1514.7</ele>
    </trkpt>
    <trkpt lat="42.267795" lon="-2.971466">
      <ele>1515.6</ele>
    </trkpt>
    <trkpt lat="42.267409" lon="-2.971418">
      <ele>1519.5</ele>
    </trkpt>
    <trkpt lat="42.266997" lon="-2.971182">
      <ele>1521.6</ele>
    </trkpt>
    <trkpt lat="42.266769" lon="-2.971215">
      <ele>1521.9</ele>
    </trkpt>
    <trkpt lat="42.266694" lon="-2.971306">
      <ele>1521.9</ele>
    </trkpt>
    <trkpt lat="42.26653" lon="-2.971884">
      <ele>1522.1</ele>
    </trkpt>
    <trkpt lat="42.266427" lon="-2.972045">
      <ele>1522.1</ele>
    </trkpt>
    <trkpt lat="42.266279" lon="-2.972146">
      <ele>1522.1</ele>
    </trkpt>
    <trkpt lat="42.265547" lon="-2.972242">
      <ele>1523.1</ele>
    </trkpt>
    <trkpt lat="42.265249" lon="-2.972372">
      <ele>1524.3</ele>
    </trkpt>
    <trkpt lat="42.264891" lon="-2.972655">
      <ele>1526.1</ele>
    </trkpt>
    <trkpt lat="42.264758" lon="-2.972809">
      <ele>1526.6</ele>
    </trkpt>
    <trkpt lat="42.264523" lon="-2.973241">
      <ele>1526.7</ele>
    </trkpt>
    <trkpt lat="42.264385" lon="-2.973584">
      <ele>1526.2</ele>
    </trkpt>
    <trkpt lat="42.264293" lon="-2.973711">
      <ele>1525.8</ele>
    </trkpt>
    <trkpt lat="42.264177" lon="-2.973796">
      <ele>1525.4</ele>
    </trkpt>
    <trkpt lat="42.263904" lon="-2.973896">
      <ele>1524.3</ele>
    </trkpt>
    <trkpt lat="42.263343" lon="-2.973983">
      <ele>1521.9</ele>
    </trkpt>
    <trkpt lat="42.262532" lon="-2.974019">
      <ele>1519.1</ele>
    </trkpt>
    <trkpt lat="42.261469" lon="-2.973889">
      <ele>1522.3</ele>
    </trkpt>
    <trkpt lat="42.260659" lon="-2.973709">
      <ele>1522.7</ele>
    </trkpt>
    <trkpt lat="42.260508" lon="-2.973722">
      <ele>1522.8</ele>
    </trkpt>
    <trkpt lat="42.260315" lon="-2.973787">
      <ele>1522.9</ele>
    </trkpt>
    <trkpt lat="42.260211" lon="-2.973814">
      <ele>1522.8</ele>
    </trkpt>
    <trkpt lat="42.260088" lon="-2.97379">
      <ele>1522.6</ele>
    </trkpt>
    <trkpt lat="42.259809" lon="-2.973635">
      <ele>1521.7</ele>
    </trkpt>
    <trkpt lat="42.259494" lon="-2.973357">
      <ele>1520.8</ele>
    </trkpt>
    <trkpt lat="42.258962" lon="-2.972749">
      <ele>1521.5</ele>
    </trkpt>
    <trkpt lat="42.258861" lon="-2.972483">
      <ele>1522.4</ele>
    </trkpt>
    <trkpt lat="42.258729" lon="-2.972328">
      <ele>1523.3</ele>
    </trkpt>
    <trkpt lat="42.258616" lon="-2.9722">
      <ele>1524.3</ele>
    </trkpt>
    <trkpt lat="42.258145" lon="-2.971808">
      <ele>1529.4</ele>
    </trkpt>
    <trkpt lat="42.257775" lon="-2.971566">
      <ele>1533.2</ele>
    </trkpt>
    <trkpt lat="42.257416" lon="-2.971456">
      <ele>1536.4</ele>
    </trkpt>
    <trkpt lat="42.257199" lon="-2.971468">
      <ele>1538.4</ele>
    </trkpt>
    <trkpt lat="42.257027" lon="-2.971523">
      <ele>1540.2</ele>
    </trkpt>
    <trkpt lat="42.256902" lon="-2.971621">
      <ele>1541.6</ele>
    </trkpt>
    <trkpt lat="42.25683" lon="-2.971719">
      <ele>1542.6</ele>
    </trkpt>
    <trkpt lat="42.256809" lon="-2.971694">
      <ele>1542.8</ele>
    </trkpt>
    <trkpt lat="42.256735" lon="-2.971892">
      <ele>1544.3</ele>
    </trkpt>
    <trkpt lat="42.256776" lon="-2.972297">
      <ele>1546.9</ele>
    </trkpt>
    <trkpt lat="42.256679" lon="-2.972819">
      <ele>1550.7</ele>
    </trkpt>
    <trkpt lat="42.256419" lon="-2.973626">
      <ele>1559.9</ele>
    </trkpt>
    <trkpt lat="42.256257" lon="-2.973959">
      <ele>1564.3</ele>
    </trkpt>
    <trkpt lat="42.256132" lon="-2.974121">
      <ele>1566.5</ele>
    </trkpt>
    <trkpt lat="42.256108" lon="-2.974123">
      <ele>1566.9</ele>
    </trkpt>
    <trkpt lat="42.256086" lon="-2.974201">
      <ele>1567.6</ele>
    </trkpt>
    <trkpt lat="42.255991" lon="-2.974279">
      <ele>1568.6</ele>
    </trkpt>
    <trkpt lat="42.255878" lon="-2.974372">
      <ele>1569.6</ele>
    </trkpt>
    <trkpt lat="42.255868" lon="-2.974514">
      <ele>1570.3</ele>
    </trkpt>
    <trkpt lat="42.255787" lon="-2.974593">
      <ele>1570.8</ele>
    </trkpt>
    <trkpt lat="42.255697" lon="-2.974572">
      <ele>1571.1</ele>
    </trkpt>
    <trkpt lat="42.255639" lon="-2.974452">
      <ele>1571.3</ele>
    </trkpt>
    <trkpt lat="42.255666" lon="-2.974322">
      <ele>1571.4</ele>
    </trkpt>
    <trkpt lat="42.255699" lon="-2.974285">
      <ele>1571.4</ele>
    </trkpt>
    <trkpt lat="42.255777" lon="-2.974263">
      <ele>1571.3</ele>
    </trkpt>
    <trkpt lat="42.255975" lon="-2.974132">
      <ele>1570.7</ele>
    </trkpt>
    <trkpt lat="42.256038" lon="-2.974086">
      <ele>1570.3</ele>
    </trkpt>
    <trkpt lat="42.25633" lon="-2.973488">
      <ele>1565.3</ele>
    </trkpt>
    <trkpt lat="42.256567" lon="-2.972487">
      <ele>1556.5</ele>
    </trkpt>
    <trkpt lat="42.256564" lon="-2.972118">
      <ele>1553.9</ele>
    </trkpt>
    <trkpt lat="42.256524" lon="-2.971743">
      <ele>1551.7</ele>
    </trkpt>
    <trkpt lat="42.256573" lon="-2.971387">
      <ele>1549.6</ele>
    </trkpt>
    <trkpt lat="42.256627" lon="-2.971287">
      <ele>1549</ele>
    </trkpt>
    <trkpt lat="42.256712" lon="-2.971208">
      <ele>1548.3</ele>
    </trkpt>
    <trkpt lat="42.256797" lon="-2.971145">
      <ele>1547.6</ele>
    </trkpt>
    <trkpt lat="42.256948" lon="-2.971101">
      <ele>1546.7</ele>
    </trkpt>
    <trkpt lat="42.256988" lon="-2.971086">
      <ele>1546.5</ele>
    </trkpt>
    <trkpt lat="42.257047" lon="-2.971081">
      <ele>1546.2</ele>
    </trkpt>
    <trkpt lat="42.257237" lon="-2.971088">
      <ele>1545.2</ele>
    </trkpt>
    <trkpt lat="42.257616" lon="-2.971156">
      <ele>1543.5</ele>
    </trkpt>
    <trkpt lat="42.257674" lon="-2.971167">
      <ele>1543.1</ele>
    </trkpt>
    <trkpt lat="42.257725" lon="-2.971163">
      <ele>1542.9</ele>
    </trkpt>
    <trkpt lat="42.257769" lon="-2.971111">
      <ele>1542.7</ele>
    </trkpt>
    <trkpt lat="42.257932" lon="-2.971047">
      <ele>1542</ele>
    </trkpt>
    <trkpt lat="42.258159" lon="-2.97113">
      <ele>1541.3</ele>
    </trkpt>
    <trkpt lat="42.258348" lon="-2.971243">
      <ele>1540.6</ele>
    </trkpt>
    <trkpt lat="42.258434" lon="-2.971324">
      <ele>1540.3</ele>
    </trkpt>
    <trkpt lat="42.258869" lon="-2.971925">
      <ele>1538.8</ele>
    </trkpt>
    <trkpt lat="42.259116" lon="-2.972178">
      <ele>1537.9</ele>
    </trkpt>
    <trkpt lat="42.259453" lon="-2.972705">
      <ele>1536.1</ele>
    </trkpt>
    <trkpt lat="42.259795" lon="-2.973155">
      <ele>1534.8</ele>
    </trkpt>
    <trkpt lat="42.259969" lon="-2.973338">
      <ele>1533.7</ele>
    </trkpt>
    <trkpt lat="42.26027" lon="-2.973561">
      <ele>1531.7</ele>
    </trkpt>
    <trkpt lat="42.260308" lon="-2.97358">
      <ele>1531.4</ele>
    </trkpt>
    <trkpt lat="42.260426" lon="-2.973621">
      <ele>1530.5</ele>
    </trkpt>
    <trkpt lat="42.260615" lon="-2.973672">
      <ele>1529.1</ele>
    </trkpt>
    <trkpt lat="42.260659" lon="-2.973709">
      <ele>1528.7</ele>
    </trkpt>
    <trkpt lat="42.261469" lon="-2.973889">
      <ele>1523.1</ele>
    </trkpt>
    <trkpt lat="42.262532" lon="-2.974019">
      <ele>1519.1</ele>
    </trkpt>
    <trkpt lat="42.263343" lon="-2.973983">
      <ele>1521.9</ele>
    </trkpt>
    <trkpt lat="42.263904" lon="-2.973896">
      <ele>1524.3</ele>
    </trkpt>
    <trkpt lat="42.264177" lon="-2.973796">
      <ele>1525.4</ele>
    </trkpt>
    <trkpt lat="42.264293" lon="-2.973711">
      <ele>1525.8</ele>
    </trkpt>
    <trkpt lat="42.264385" lon="-2.973584">
      <ele>1526.2</ele>
    </trkpt>
    <trkpt lat="42.264523" lon="-2.973241">
      <ele>1526.7</ele>
    </trkpt>
    <trkpt lat="42.264758" lon="-2.972809">
      <ele>1526.6</ele>
    </trkpt>
    <trkpt lat="42.264891" lon="-2.972655">
      <ele>1526.1</ele>
    </trkpt>
    <trkpt lat="42.265249" lon="-2.972372">
      <ele>1524.3</ele>
    </trkpt>
    <trkpt lat="42.265547" lon="-2.972242">
      <ele>1523.1</ele>
    </trkpt>
    <trkpt lat="42.266279" lon="-2.972146">
      <ele>1522.1</ele>
    </trkpt>
    <trkpt lat="42.266427" lon="-2.972045">
      <ele>1522.1</ele>
    </trkpt>
    <trkpt lat="42.26653" lon="-2.971884">
      <ele>1522.1</ele>
    </trkpt>
    <trkpt lat="42.266694" lon="-2.971306">
      <ele>1521.9</ele>
    </trkpt>
    <trkpt lat="42.266769" lon="-2.971215">
      <ele>1521.9</ele>
    </trkpt>
    <trkpt lat="42.266997" lon="-2.971182">
      <ele>1521.6</ele>
    </trkpt>
    <trkpt lat="42.267409" lon="-2.971418">
      <ele>1519.5</ele>
    </trkpt>
    <trkpt lat="42.267795" lon="-2.971466">
      <ele>1515.6</ele>
    </trkpt>
    <trkpt lat="42.267871" lon="-2.971491">
      <ele>1514.7</ele>
    </trkpt>
    <trkpt lat="42.267955" lon="-2.971562">
      <ele>1513.2</ele>
    </trkpt>
    <trkpt lat="42.267987" lon="-2.971667">
      <ele>1512</ele>
    </trkpt>
    <trkpt lat="42.268006" lon="-2.972281">
      <ele>1504.4</ele>
    </trkpt>
    <trkpt lat="42.268135" lon="-2.973453">
      <ele>1491.9</ele>
    </trkpt>
    <trkpt lat="42.268198" lon="-2.973708">
      <ele>1490.1</ele>
    </trkpt>
    <trkpt lat="42.268324" lon="-2.973993">
      <ele>1488.5</ele>
    </trkpt>
    <trkpt lat="42.268767" lon="-2.974511">
      <ele>1486.9</ele>
    </trkpt>
    <trkpt lat="42.269143" lon="-2.974884">
      <ele>1486.9</ele>
    </trkpt>
    <trkpt lat="42.269483" lon="-2.975145">
      <ele>1486.6</ele>
    </trkpt>
    <trkpt lat="42.270391" lon="-2.975954">
      <ele>1485.8</ele>
    </trkpt>
    <trkpt lat="42.270621" lon="-2.976113">
      <ele>1486.1</ele>
    </trkpt>
    <trkpt lat="42.270762" lon="-2.976145">
      <ele>1486.4</ele>
    </trkpt>
    <trkpt lat="42.270876" lon="-2.976118">
      <ele>1486.6</ele>
    </trkpt>
    <trkpt lat="42.270997" lon="-2.97604">
      <ele>1486.8</ele>
    </trkpt>
    <trkpt lat="42.271514" lon="-2.975566">
      <ele>1487.6</ele>
    </trkpt>
    <trkpt lat="42.27212" lon="-2.975383">
      <ele>1486.9</ele>
    </trkpt>
    <trkpt lat="42.272531" lon="-2.975343">
      <ele>1484.7</ele>
    </trkpt>
    <trkpt lat="42.273383" lon="-2.975464">
      <ele>1478.2</ele>
    </trkpt>
    <trkpt lat="42.273954" lon="-2.975626">
      <ele>1475.8</ele>
    </trkpt>
    <trkpt lat="42.274162" lon="-2.975571">
      <ele>1475.5</ele>
    </trkpt>
    <trkpt lat="42.274372" lon="-2.975333">
      <ele>1475.5</ele>
    </trkpt>
    <trkpt lat="42.27455" lon="-2.97503">
      <ele>1476</ele>
    </trkpt>
    <trkpt lat="42.275261" lon="-2.973475">
      <ele>1480.1</ele>
    </trkpt>
    <trkpt lat="42.275932" lon="-2.972141">
      <ele>1480</ele>
    </trkpt>
    <trkpt lat="42.276171" lon="-2.9716">
      <ele>1478.6</ele>
    </trkpt>
    <trkpt lat="42.276278" lon="-2.971466">
      <ele>1477.9</ele>
    </trkpt>
    <trkpt lat="42.276504" lon="-2.971367">
      <ele>1476.3</ele>
    </trkpt>
    <trkpt lat="42.276798" lon="-2.971341">
      <ele>1473.5</ele>
    </trkpt>
    <trkpt lat="42.277165" lon="-2.971378">
      <ele>1469.7</ele>
    </trkpt>
    <trkpt lat="42.277837" lon="-2.971542">
      <ele>1464.9</ele>
    </trkpt>
    <trkpt lat="42.277979" lon="-2.97148">
      <ele>1464.3</ele>
    </trkpt>
    <trkpt lat="42.278045" lon="-2.971361">
      <ele>1464.1</ele>
    </trkpt>
    <trkpt lat="42.278069" lon="-2.971197">
      <ele>1463.9</ele>
    </trkpt>
    <trkpt lat="42.278061" lon="-2.971104">
      <ele>1463.8</ele>
    </trkpt>
    <trkpt lat="42.277797" lon="-2.970289">
      <ele>1466.5</ele>
    </trkpt>
    <trkpt lat="42.27772" lon="-2.969984">
      <ele>1468.7</ele>
    </trkpt>
    <trkpt lat="42.277702" lon="-2.969828">
      <ele>1469.7</ele>
    </trkpt>
    <trkpt lat="42.277695" lon="-2.969694">
      <ele>1470.6</ele>
    </trkpt>
    <trkpt lat="42.277805" lon="-2.968554">
      <ele>1474.1</ele>
    </trkpt>
    <trkpt lat="42.277811" lon="-2.967868">
      <ele>1471.5</ele>
    </trkpt>
    <trkpt lat="42.27785" lon="-2.967684">
      <ele>1470.3</ele>
    </trkpt>
    <trkpt lat="42.277937" lon="-2.967568">
      <ele>1469.1</ele>
    </trkpt>
    <trkpt lat="42.278042" lon="-2.967563">
      <ele>1468</ele>
    </trkpt>
    <trkpt lat="42.278495" lon="-2.967754">
      <ele>1462.1</ele>
    </trkpt>
    <trkpt lat="42.278707" lon="-2.967803">
      <ele>1459.4</ele>
    </trkpt>
    <trkpt lat="42.279332" lon="-2.96787">
      <ele>1453.6</ele>
    </trkpt>
    <trkpt lat="42.27975" lon="-2.967774">
      <ele>1453</ele>
    </trkpt>
    <trkpt lat="42.279876" lon="-2.96769">
      <ele>1453.5</ele>
    </trkpt>
    <trkpt lat="42.279964" lon="-2.967574">
      <ele>1454</ele>
    </trkpt>
    <trkpt lat="42.280141" lon="-2.96714">
      <ele>1456.3</ele>
    </trkpt>
    <trkpt lat="42.280233" lon="-2.966838">
      <ele>1458.3</ele>
    </trkpt>
    <trkpt lat="42.280276" lon="-2.966314">
      <ele>1461.6</ele>
    </trkpt>
    <trkpt lat="42.280412" lon="-2.965464">
      <ele>1467</ele>
    </trkpt>
    <trkpt lat="42.280562" lon="-2.964979">
      <ele>1469.9</ele>
    </trkpt>
    <trkpt lat="42.280579" lon="-2.964849">
      <ele>1470.5</ele>
    </trkpt>
    <trkpt lat="42.280574" lon="-2.964785">
      <ele>1470.7</ele>
    </trkpt>
    <trkpt lat="42.280533" lon="-2.964701">
      <ele>1471</ele>
    </trkpt>
    <trkpt lat="42.28017" lon="-2.964354">
      <ele>1471.4</ele>
    </trkpt>
    <trkpt lat="42.280019" lon="-2.963999">
      <ele>1470.3</ele>
    </trkpt>
    <trkpt lat="42.279986" lon="-2.963723">
      <ele>1469</ele>
    </trkpt>
    <trkpt lat="42.28004" lon="-2.963639">
      <ele>1468.3</ele>
    </trkpt>
    <trkpt lat="42.280596" lon="-2.963204">
      <ele>1462.3</ele>
    </trkpt>
    <trkpt lat="42.280908" lon="-2.962872">
      <ele>1457.9</ele>
    </trkpt>
    <trkpt lat="42.281001" lon="-2.96268">
      <ele>1456</ele>
    </trkpt>
    <trkpt lat="42.281305" lon="-2.961852">
      <ele>1450.4</ele>
    </trkpt>
    <trkpt lat="42.281713" lon="-2.961033">
      <ele>1445</ele>
    </trkpt>
    <trkpt lat="42.281806" lon="-2.960917">
      <ele>1443.6</ele>
    </trkpt>
    <trkpt lat="42.281857" lon="-2.960903">
      <ele>1443</ele>
    </trkpt>
    <trkpt lat="42.281952" lon="-2.960932">
      <ele>1441.8</ele>
    </trkpt>
    <trkpt lat="42.282035" lon="-2.961045">
      <ele>1440.2</ele>
    </trkpt>
    <trkpt lat="42.282065" lon="-2.961134">
      <ele>1439.2</ele>
    </trkpt>
    <trkpt lat="42.282221" lon="-2.961629">
      <ele>1433.2</ele>
    </trkpt>
    <trkpt lat="42.28297" lon="-2.963408">
      <ele>1410.1</ele>
    </trkpt>
    <trkpt lat="42.283119" lon="-2.963716">
      <ele>1407.1</ele>
    </trkpt>
    <trkpt lat="42.284019" lon="-2.965306">
      <ele>1396.3</ele>
    </trkpt>
    <trkpt lat="42.284189" lon="-2.965697">
      <ele>1395.3</ele>
    </trkpt>
    <trkpt lat="42.284394" lon="-2.966349">
      <ele>1395.1</ele>
    </trkpt>
    <trkpt lat="42.284484" lon="-2.966515">
      <ele>1395.2</ele>
    </trkpt>
    <trkpt lat="42.284606" lon="-2.966575">
      <ele>1395.4</ele>
    </trkpt>
    <trkpt lat="42.284736" lon="-2.966557">
      <ele>1395.6</ele>
    </trkpt>
    <trkpt lat="42.285173" lon="-2.966387">
      <ele>1395.8</ele>
    </trkpt>
    <trkpt lat="42.285807" lon="-2.96626">
      <ele>1394.9</ele>
    </trkpt>
    <trkpt lat="42.286004" lon="-2.966271">
      <ele>1393.6</ele>
    </trkpt>
    <trkpt lat="42.286118" lon="-2.966342">
      <ele>1392.6</ele>
    </trkpt>
    <trkpt lat="42.28618" lon="-2.966483">
      <ele>1391.6</ele>
    </trkpt>
    <trkpt lat="42.286246" lon="-2.966837">
      <ele>1389.1</ele>
    </trkpt>
    <trkpt lat="42.28637" lon="-2.96715">
      <ele>1386.5</ele>
    </trkpt>
    <trkpt lat="42.286619" lon="-2.967558">
      <ele>1382.4</ele>
    </trkpt>
    <trkpt lat="42.287" lon="-2.9681">
      <ele>1377.8</ele>
    </trkpt>
    <trkpt lat="42.28737" lon="-2.96871">
      <ele>1374.6</ele>
    </trkpt>
    <trkpt lat="42.287996" lon="-2.96996">
      <ele>1368.8</ele>
    </trkpt>
    <trkpt lat="42.288099" lon="-2.970343">
      <ele>1367.1</ele>
    </trkpt>
    <trkpt lat="42.288136" lon="-2.970746">
      <ele>1365.4</ele>
    </trkpt>
    <trkpt lat="42.288095" lon="-2.971173">
      <ele>1363.5</ele>
    </trkpt>
    <trkpt lat="42.287989" lon="-2.971581">
      <ele>1361.6</ele>
    </trkpt>
    <trkpt lat="42.287719" lon="-2.97232">
      <ele>1358.7</ele>
    </trkpt>
    <trkpt lat="42.287645" lon="-2.972714">
      <ele>1357.5</ele>
    </trkpt>
    <trkpt lat="42.287645" lon="-2.9732">
      <ele>1356.3</ele>
    </trkpt>
    <trkpt lat="42.287688" lon="-2.973717">
      <ele>1355.1</ele>
    </trkpt>
    <trkpt lat="42.287866" lon="-2.975152">
      <ele>1351.1</ele>
    </trkpt>
    <trkpt lat="42.287769" lon="-2.976766">
      <ele>1343.5</ele>
    </trkpt>
    <trkpt lat="42.287715" lon="-2.976949">
      <ele>1342.3</ele>
    </trkpt>
    <trkpt lat="42.287499" lon="-2.977453">
      <ele>1339.1</ele>
    </trkpt>
    <trkpt lat="42.287175" lon="-2.978022">
      <ele>1335.3</ele>
    </trkpt>
    <trkpt lat="42.286838" lon="-2.978738">
      <ele>1331.3</ele>
    </trkpt>
    <trkpt lat="42.286381" lon="-2.979513">
      <ele>1327.8</ele>
    </trkpt>
    <trkpt lat="42.286251" lon="-2.979774">
      <ele>1326.8</ele>
    </trkpt>
    <trkpt lat="42.286009" lon="-2.980376">
      <ele>1324.5</ele>
    </trkpt>
    <trkpt lat="42.285955" lon="-2.980587">
      <ele>1323.7</ele>
    </trkpt>
    <trkpt lat="42.285906" lon="-2.980996">
      <ele>1322.3</ele>
    </trkpt>
    <trkpt lat="42.285908" lon="-2.981549">
      <ele>1320.5</ele>
    </trkpt>
    <trkpt lat="42.285983" lon="-2.981846">
      <ele>1319.4</ele>
    </trkpt>
    <trkpt lat="42.286327" lon="-2.982734">
      <ele>1315.3</ele>
    </trkpt>
    <trkpt lat="42.286402" lon="-2.983073">
      <ele>1313.7</ele>
    </trkpt>
    <trkpt lat="42.286396" lon="-2.983366">
      <ele>1312.5</ele>
    </trkpt>
    <trkpt lat="42.2862" lon="-2.98442">
      <ele>1308.4</ele>
    </trkpt>
    <trkpt lat="42.286076" lon="-2.984865">
      <ele>1306.7</ele>
    </trkpt>
    <trkpt lat="42.28593" lon="-2.985157">
      <ele>1305.4</ele>
    </trkpt>
    <trkpt lat="42.285555" lon="-2.985559">
      <ele>1302.9</ele>
    </trkpt>
    <trkpt lat="42.285453" lon="-2.985749">
      <ele>1302</ele>
    </trkpt>
    <trkpt lat="42.285391" lon="-2.986059">
      <ele>1300.8</ele>
    </trkpt>
    <trkpt lat="42.285316" lon="-2.986755">
      <ele>1298</ele>
    </trkpt>
    <trkpt lat="42.285166" lon="-2.987421">
      <ele>1295.8</ele>
    </trkpt>
    <trkpt lat="42.285142" lon="-2.987783">
      <ele>1295</ele>
    </trkpt>
    <trkpt lat="42.285161" lon="-2.987941">
      <ele>1294.7</ele>
    </trkpt>
    <trkpt lat="42.285237" lon="-2.988136">
      <ele>1294.3</ele>
    </trkpt>
    <trkpt lat="42.285365" lon="-2.988268">
      <ele>1294.1</ele>
    </trkpt>
    <trkpt lat="42.285436" lon="-2.988302">
      <ele>1293.9</ele>
    </trkpt>
    <trkpt lat="42.285637" lon="-2.988322">
      <ele>1293.6</ele>
    </trkpt>
    <trkpt lat="42.286342" lon="-2.988172">
      <ele>1291.1</ele>
    </trkpt>
    <trkpt lat="42.286585" lon="-2.988155">
      <ele>1289.5</ele>
    </trkpt>
    <trkpt lat="42.286732" lon="-2.988217">
      <ele>1288.3</ele>
    </trkpt>
    <trkpt lat="42.286795" lon="-2.988284">
      <ele>1287.6</ele>
    </trkpt>
    <trkpt lat="42.287669" lon="-2.990218">
      <ele>1265.2</ele>
    </trkpt>
    <trkpt lat="42.287947" lon="-2.990757">
      <ele>1258.7</ele>
    </trkpt>
    <trkpt lat="42.288274" lon="-2.991285">
      <ele>1255.6</ele>
    </trkpt>
    <trkpt lat="42.288424" lon="-2.99142">
      <ele>1255.2</ele>
    </trkpt>
    <trkpt lat="42.288523" lon="-2.991434">
      <ele>1255.1</ele>
    </trkpt>
    <trkpt lat="42.28869" lon="-2.991344">
      <ele>1255</ele>
    </trkpt>
    <trkpt lat="42.289001" lon="-2.991002">
      <ele>1255.6</ele>
    </trkpt>
    <trkpt lat="42.289241" lon="-2.990835">
      <ele>1256.3</ele>
    </trkpt>
    <trkpt lat="42.289798" lon="-2.990623">
      <ele>1256.6</ele>
    </trkpt>
    <trkpt lat="42.290033" lon="-2.990579">
      <ele>1255.2</ele>
    </trkpt>
    <trkpt lat="42.29028" lon="-2.99064">
      <ele>1253.1</ele>
    </trkpt>
    <trkpt lat="42.291045" lon="-2.991144">
      <ele>1242.7</ele>
    </trkpt>
    <trkpt lat="42.291376" lon="-2.991335">
      <ele>1237.9</ele>
    </trkpt>
    <trkpt lat="42.291785" lon="-2.991523">
      <ele>1232.5</ele>
    </trkpt>
    <trkpt lat="42.292009" lon="-2.991683">
      <ele>1229.6</ele>
    </trkpt>
    <trkpt lat="42.292208" lon="-2.991923">
      <ele>1226.7</ele>
    </trkpt>
    <trkpt lat="42.292324" lon="-2.992127">
      <ele>1224.7</ele>
    </trkpt>
    <trkpt lat="42.292815" lon="-2.993543">
      <ele>1213.3</ele>
    </trkpt>
    <trkpt lat="42.292921" lon="-2.994206">
      <ele>1209.1</ele>
    </trkpt>
    <trkpt lat="42.293182" lon="-2.995076">
      <ele>1203.8</ele>
    </trkpt>
    <trkpt lat="42.29334" lon="-2.995841">
      <ele>1200.7</ele>
    </trkpt>
    <trkpt lat="42.293531" lon="-2.996712">
      <ele>1198</ele>
    </trkpt>
    <trkpt lat="42.293641" lon="-2.996958">
      <ele>1197.2</ele>
    </trkpt>
    <trkpt lat="42.293797" lon="-2.997177">
      <ele>1196.5</ele>
    </trkpt>
    <trkpt lat="42.293933" lon="-2.997307">
      <ele>1196</ele>
    </trkpt>
    <trkpt lat="42.294203" lon="-2.99749">
      <ele>1194.9</ele>
    </trkpt>
    <trkpt lat="42.294931" lon="-2.997831">
      <ele>1190.6</ele>
    </trkpt>
    <trkpt lat="42.295211" lon="-2.997994">
      <ele>1188.3</ele>
    </trkpt>
    <trkpt lat="42.29532" lon="-2.998093">
      <ele>1187.1</ele>
    </trkpt>
    <trkpt lat="42.295451" lon="-2.998305">
      <ele>1185.4</ele>
    </trkpt>
    <trkpt lat="42.295519" lon="-2.998566">
      <ele>1183.5</ele>
    </trkpt>
    <trkpt lat="42.295547" lon="-2.999041">
      <ele>1180.1</ele>
    </trkpt>
    <trkpt lat="42.295556" lon="-3.000075">
      <ele>1172.7</ele>
    </trkpt>
    <trkpt lat="42.295512" lon="-3.001097">
      <ele>1166.7</ele>
    </trkpt>
    <trkpt lat="42.295578" lon="-3.002112">
      <ele>1163.2</ele>
    </trkpt>
    <trkpt lat="42.295592" lon="-3.002812">
      <ele>1161.8</ele>
    </trkpt>
    <trkpt lat="42.295653" lon="-3.003375">
      <ele>1160.7</ele>
    </trkpt>
    <trkpt lat="42.295758" lon="-3.004002">
      <ele>1159.1</ele>
    </trkpt>
    <trkpt lat="42.295804" lon="-3.004887">
      <ele>1155.6</ele>
    </trkpt>
    <trkpt lat="42.295915" lon="-3.005483">
      <ele>1152.6</ele>
    </trkpt>
    <trkpt lat="42.296079" lon="-3.005995">
      <ele>1150.4</ele>
    </trkpt>
    <trkpt lat="42.296329" lon="-3.006468">
      <ele>1148.7</ele>
    </trkpt>
    <trkpt lat="42.296904" lon="-3.007347">
      <ele>1145.7</ele>
    </trkpt>
    <trkpt lat="42.296975" lon="-3.007531">
      <ele>1145</ele>
    </trkpt>
    <trkpt lat="42.296986" lon="-3.007741">
      <ele>1144.3</ele>
    </trkpt>
    <trkpt lat="42.296944" lon="-3.00826">
      <ele>1142.1</ele>
    </trkpt>
    <trkpt lat="42.296986" lon="-3.009085">
      <ele>1137.3</ele>
    </trkpt>
    <trkpt lat="42.296888" lon="-3.010336">
      <ele>1129.5</ele>
    </trkpt>
    <trkpt lat="42.296903" lon="-3.010606">
      <ele>1128</ele>
    </trkpt>
    <trkpt lat="42.29702" lon="-3.01132">
      <ele>1123.6</ele>
    </trkpt>
    <trkpt lat="42.297161" lon="-3.01168">
      <ele>1121.2</ele>
    </trkpt>
    <trkpt lat="42.297505" lon="-3.012246">
      <ele>1116.6</ele>
    </trkpt>
    <trkpt lat="42.298011" lon="-3.013302">
      <ele>1108.9</ele>
    </trkpt>
    <trkpt lat="42.298163" lon="-3.013781">
      <ele>1106.3</ele>
    </trkpt>
    <trkpt lat="42.298372" lon="-3.014702">
      <ele>1102.1</ele>
    </trkpt>
    <trkpt lat="42.29849" lon="-3.015035">
      <ele>1100.8</ele>
    </trkpt>
    <trkpt lat="42.298718" lon="-3.015432">
      <ele>1099.2</ele>
    </trkpt>
    <trkpt lat="42.298908" lon="-3.015649">
      <ele>1098.1</ele>
    </trkpt>
    <trkpt lat="42.299002" lon="-3.0157">
      <ele>1097.7</ele>
    </trkpt>
    <trkpt lat="42.299593" lon="-3.015787">
      <ele>1095.5</ele>
    </trkpt>
    <trkpt lat="42.299985" lon="-3.015731">
      <ele>1093.8</ele>
    </trkpt>
    <trkpt lat="42.300066" lon="-3.015698">
      <ele>1093.4</ele>
    </trkpt>
    <trkpt lat="42.300242" lon="-3.01556">
      <ele>1092.4</ele>
    </trkpt>
    <trkpt lat="42.301148" lon="-3.014748">
      <ele>1083.3</ele>
    </trkpt>
    <trkpt lat="42.301792" lon="-3.014422">
      <ele>1075.4</ele>
    </trkpt>
    <trkpt lat="42.302035" lon="-3.014384">
      <ele>1073</ele>
    </trkpt>
    <trkpt lat="42.302464" lon="-3.014524">
      <ele>1069.6</ele>
    </trkpt>
    <trkpt lat="42.302719" lon="-3.014522">
      <ele>1068.2</ele>
    </trkpt>
    <trkpt lat="42.30282" lon="-3.014469">
      <ele>1067.6</ele>
    </trkpt>
    <trkpt lat="42.302912" lon="-3.014361">
      <ele>1067</ele>
    </trkpt>
    <trkpt lat="42.303097" lon="-3.014054">
      <ele>1065.5</ele>
    </trkpt>
    <trkpt lat="42.303459" lon="-3.013789">
      <ele>1063.5</ele>
    </trkpt>
    <trkpt lat="42.303604" lon="-3.013733">
      <ele>1062.6</ele>
    </trkpt>
    <trkpt lat="42.304301" lon="-3.013702">
      <ele>1056.6</ele>
    </trkpt>
    <trkpt lat="42.305024" lon="-3.013299">
      <ele>1047.5</ele>
    </trkpt>
    <trkpt lat="42.305987" lon="-3.013193">
      <ele>1041</ele>
    </trkpt>
    <trkpt lat="42.306142" lon="-3.013076">
      <ele>1040.3</ele>
    </trkpt>
    <trkpt lat="42.306239" lon="-3.012906">
      <ele>1039.7</ele>
    </trkpt>
    <trkpt lat="42.306405" lon="-3.012274">
      <ele>1038.2</ele>
    </trkpt>
    <trkpt lat="42.306595" lon="-3.011853">
      <ele>1037.1</ele>
    </trkpt>
    <trkpt lat="42.306672" lon="-3.011591">
      <ele>1036.3</ele>
    </trkpt>
    <trkpt lat="42.306716" lon="-3.01122">
      <ele>1034.9</ele>
    </trkpt>
    <trkpt lat="42.306741" lon="-3.010496">
      <ele>1031.1</ele>
    </trkpt>
    <trkpt lat="42.306843" lon="-3.009984">
      <ele>1027.9</ele>
    </trkpt>
    <trkpt lat="42.306887" lon="-3.009605">
      <ele>1025.5</ele>
    </trkpt>
    <trkpt lat="42.306842" lon="-3.008459">
      <ele>1017.2</ele>
    </trkpt>
    <trkpt lat="42.307055" lon="-3.007683">
      <ele>1011.5</ele>
    </trkpt>
    <trkpt lat="42.307107" lon="-3.007173">
      <ele>1008.5</ele>
    </trkpt>
    <trkpt lat="42.307187" lon="-3.007066">
      <ele>1007.6</ele>
    </trkpt>
    <trkpt lat="42.307227" lon="-3.007059">
      <ele>1007.3</ele>
    </trkpt>
    <trkpt lat="42.307273" lon="-3.007096">
      <ele>1006.9</ele>
    </trkpt>
    <trkpt lat="42.307315" lon="-3.00725">
      <ele>1006.1</ele>
    </trkpt>
    <trkpt lat="42.307351" lon="-3.00776">
      <ele>1003.7</ele>
    </trkpt>
    <trkpt lat="42.307327" lon="-3.008268">
      <ele>1001.7</ele>
    </trkpt>
    <trkpt lat="42.307349" lon="-3.008502">
      <ele>1000.9</ele>
    </trkpt>
    <trkpt lat="42.307826" lon="-3.009541">
      <ele>996.2</ele>
    </trkpt>
    <trkpt lat="42.308144" lon="-3.010713">
      <ele>989.5</ele>
    </trkpt>
    <trkpt lat="42.308216" lon="-3.010835">
      <ele>988.7</ele>
    </trkpt>
    <trkpt lat="42.308283" lon="-3.010865">
      <ele>988.2</ele>
    </trkpt>
    <trkpt lat="42.30833" lon="-3.010825">
      <ele>987.9</ele>
    </trkpt>
    <trkpt lat="42.308359" lon="-3.010713">
      <ele>987.3</ele>
    </trkpt>
    <trkpt lat="42.308298" lon="-3.009504">
      <ele>981.1</ele>
    </trkpt>
    <trkpt lat="42.308266" lon="-3.009302">
      <ele>980.1</ele>
    </trkpt>
    <trkpt lat="42.308212" lon="-3.009132">
      <ele>979.3</ele>
    </trkpt>
    <trkpt lat="42.308015" lon="-3.008708">
      <ele>976.7</ele>
    </trkpt>
    <trkpt lat="42.307976" lon="-3.008566">
      <ele>975.8</ele>
    </trkpt>
    <trkpt lat="42.307985" lon="-3.008461">
      <ele>975.1</ele>
    </trkpt>
    <trkpt lat="42.308021" lon="-3.008381">
      <ele>974.5</ele>
    </trkpt>
    <trkpt lat="42.30812" lon="-3.008359">
      <ele>973.5</ele>
    </trkpt>
    <trkpt lat="42.308177" lon="-3.008416">
      <ele>972.8</ele>
    </trkpt>
    <trkpt lat="42.308359" lon="-3.008842">
      <ele>969</ele>
    </trkpt>
    <trkpt lat="42.308861" lon="-3.00966">
      <ele>960.2</ele>
    </trkpt>
    <trkpt lat="42.308936" lon="-3.009876">
      <ele>958.1</ele>
    </trkpt>
    <trkpt lat="42.309232" lon="-3.011118">
      <ele>945.6</ele>
    </trkpt>
    <trkpt lat="42.309366" lon="-3.011518">
      <ele>940.9</ele>
    </trkpt>
    <trkpt lat="42.309506" lon="-3.011835">
      <ele>936.8</ele>
    </trkpt>
    <trkpt lat="42.309732" lon="-3.012135">
      <ele>932.4</ele>
    </trkpt>
    <trkpt lat="42.309794" lon="-3.012285">
      <ele>930.7</ele>
    </trkpt>
    <trkpt lat="42.309818" lon="-3.01245">
      <ele>929.1</ele>
    </trkpt>
    <trkpt lat="42.309795" lon="-3.012651">
      <ele>927.4</ele>
    </trkpt>
    <trkpt lat="42.309644" lon="-3.013164">
      <ele>923</ele>
    </trkpt>
    <trkpt lat="42.309517" lon="-3.013367">
      <ele>921</ele>
    </trkpt>
    <trkpt lat="42.309136" lon="-3.013748">
      <ele>916.4</ele>
    </trkpt>
    <trkpt lat="42.309055" lon="-3.013883">
      <ele>915.1</ele>
    </trkpt>
    <trkpt lat="42.30904" lon="-3.01395">
      <ele>914.6</ele>
    </trkpt>
    <trkpt lat="42.309064" lon="-3.014075">
      <ele>913.7</ele>
    </trkpt>
    <trkpt lat="42.309221" lon="-3.014322">
      <ele>911.2</ele>
    </trkpt>
    <trkpt lat="42.309283" lon="-3.014463">
      <ele>909.9</ele>
    </trkpt>
    <trkpt lat="42.309306" lon="-3.014553">
      <ele>909</ele>
    </trkpt>
    <trkpt lat="42.309309" lon="-3.014759">
      <ele>907.2</ele>
    </trkpt>
    <trkpt lat="42.309227" lon="-3.01505">
      <ele>904.2</ele>
    </trkpt>
    <trkpt lat="42.308839" lon="-3.015885">
      <ele>894.4</ele>
    </trkpt>
    <trkpt lat="42.308622" lon="-3.016232">
      <ele>890.6</ele>
    </trkpt>
    <trkpt lat="42.308112" lon="-3.01684">
      <ele>884.5</ele>
    </trkpt>
    <trkpt lat="42.307628" lon="-3.017551">
      <ele>879.1</ele>
    </trkpt>
    <trkpt lat="42.307456" lon="-3.017714">
      <ele>877.5</ele>
    </trkpt>
    <trkpt lat="42.307124" lon="-3.017855">
      <ele>874.9</ele>
    </trkpt>
    <trkpt lat="42.306984" lon="-3.01795">
      <ele>873.8</ele>
    </trkpt>
    <trkpt lat="42.306928" lon="-3.018027">
      <ele>873.1</ele>
    </trkpt>
    <trkpt lat="42.306725" lon="-3.018468">
      <ele>870.1</ele>
    </trkpt>
    <trkpt lat="42.306573" lon="-3.018716">
      <ele>868.2</ele>
    </trkpt>
    <trkpt lat="42.306202" lon="-3.019048">
      <ele>864.5</ele>
    </trkpt>
    <trkpt lat="42.305983" lon="-3.019514">
      <ele>861.2</ele>
    </trkpt>
    <trkpt lat="42.305592" lon="-3.019995">
      <ele>857</ele>
    </trkpt>
    <trkpt lat="42.305049" lon="-3.020923">
      <ele>850.2</ele>
    </trkpt>
    <trkpt lat="42.305005" lon="-3.021021">
      <ele>849.7</ele>
    </trkpt>
    <trkpt lat="42.304982" lon="-3.021154">
      <ele>849.1</ele>
    </trkpt>
    <trkpt lat="42.305025" lon="-3.021345">
      <ele>848.4</ele>
    </trkpt>
    <trkpt lat="42.30507" lon="-3.021433">
      <ele>848</ele>
    </trkpt>
    <trkpt lat="42.305126" lon="-3.021486">
      <ele>847.7</ele>
    </trkpt>
    <trkpt lat="42.305222" lon="-3.021511">
      <ele>847.2</ele>
    </trkpt>
    <trkpt lat="42.305317" lon="-3.021485">
      <ele>846.8</ele>
    </trkpt>
    <trkpt lat="42.305588" lon="-3.021156">
      <ele>845.3</ele>
    </trkpt>
    <trkpt lat="42.305824" lon="-3.020946">
      <ele>844.3</ele>
    </trkpt>
    <trkpt lat="42.305881" lon="-3.020923">
      <ele>844.1</ele>
    </trkpt>
    <trkpt lat="42.306517" lon="-3.020326">
      <ele>843.1</ele>
    </trkpt>
    <trkpt lat="42.307577" lon="-3.019327">
      <ele>841.4</ele>
    </trkpt>
    <trkpt lat="42.308646" lon="-3.018376">
      <ele>838.8</ele>
    </trkpt>
    <trkpt lat="42.310097" lon="-3.017159">
      <ele>834.8</ele>
    </trkpt>
    <trkpt lat="42.310255" lon="-3.017049">
      <ele>834.4</ele>
    </trkpt>
    <trkpt lat="42.31076" lon="-3.016834">
      <ele>833.3</ele>
    </trkpt>
    <trkpt lat="42.31129" lon="-3.016538">
      <ele>832.3</ele>
    </trkpt>
    <trkpt lat="42.31224" lon="-3.015886">
      <ele>830.3</ele>
    </trkpt>
    <trkpt lat="42.312462" lon="-3.015776">
      <ele>829.9</ele>
    </trkpt>
    <trkpt lat="42.313041" lon="-3.015561">
      <ele>829.1</ele>
    </trkpt>
    <trkpt lat="42.313269" lon="-3.015477">
      <ele>828.8</ele>
    </trkpt>
    <trkpt lat="42.313609" lon="-3.015345">
      <ele>828.6</ele>
    </trkpt>
    <trkpt lat="42.313816" lon="-3.01521">
      <ele>828.4</ele>
    </trkpt>
    <trkpt lat="42.313948" lon="-3.015122">
      <ele>828.4</ele>
    </trkpt>
    <trkpt lat="42.314673" lon="-3.014537">
      <ele>828</ele>
    </trkpt>
    <trkpt lat="42.315885" lon="-3.013434">
      <ele>826.4</ele>
    </trkpt>
    <trkpt lat="42.316087" lon="-3.013283">
      <ele>826.2</ele>
    </trkpt>
    <trkpt lat="42.316812" lon="-3.01288">
      <ele>825.4</ele>
    </trkpt>
    <trkpt lat="42.317681" lon="-3.01243">
      <ele>824.6</ele>
    </trkpt>
    <trkpt lat="42.317947" lon="-3.012328">
      <ele>824.3</ele>
    </trkpt>
    <trkpt lat="42.318435" lon="-3.012242">
      <ele>823.8</ele>
    </trkpt>
    <trkpt lat="42.318838" lon="-3.012214">
      <ele>823.5</ele>
    </trkpt>
    <trkpt lat="42.319117" lon="-3.012247">
      <ele>823.4</ele>
    </trkpt>
    <trkpt lat="42.31931" lon="-3.012299">
      <ele>823.3</ele>
    </trkpt>
    <trkpt lat="42.319987" lon="-3.01264">
      <ele>821.5</ele>
    </trkpt>
    <trkpt lat="42.320056" lon="-3.012713">
      <ele>821.2</ele>
    </trkpt>
    <trkpt lat="42.320396" lon="-3.012868">
      <ele>820.3</ele>
    </trkpt>
    <trkpt lat="42.320416" lon="-3.012944">
      <ele>820.1</ele>
    </trkpt>
    <trkpt lat="42.320644" lon="-3.013661">
      <ele>818.9</ele>
    </trkpt>
    <trkpt lat="42.320661" lon="-3.013755">
      <ele>818.8</ele>
    </trkpt>
    <trkpt lat="42.320672" lon="-3.013802">
      <ele>818.7</ele>
    </trkpt>
    <trkpt lat="42.320685" lon="-3.013923">
      <ele>818.4</ele>
    </trkpt>
    <trkpt lat="42.320795" lon="-3.014224">
      <ele>817.9</ele>
    </trkpt>
    <trkpt lat="42.320883" lon="-3.014379">
      <ele>817.7</ele>
    </trkpt>
    <trkpt lat="42.321095" lon="-3.014686">
      <ele>817.5</ele>
    </trkpt>
    <trkpt lat="42.321186" lon="-3.014795">
      <ele>817.6</ele>
    </trkpt>
    <trkpt lat="42.32171" lon="-3.0152">
      <ele>818.1</ele>
    </trkpt>
    <trkpt lat="42.321858" lon="-3.015255">
      <ele>818.2</ele>
    </trkpt>
    <trkpt lat="42.321899" lon="-3.015253">
      <ele>818.2</ele>
    </trkpt>
    <trkpt lat="42.321896" lon="-3.014962">
      <ele>818.4</ele>
    </trkpt>
    <trkpt lat="42.322727" lon="-3.014904">
      <ele>818.8</ele>
    </trkpt>
    <trkpt lat="42.322765" lon="-3.015066">
      <ele>818.9</ele>
    </trkpt>
    <trkpt lat="42.323065" lon="-3.014908">
      <ele>819.1</ele>
    </trkpt>
    <trkpt lat="42.323124" lon="-3.014809">
      <ele>819.1</ele>
    </trkpt>
    <trkpt lat="42.32328" lon="-3.014689">
      <ele>819</ele>
    </trkpt>
    <trkpt lat="42.323461" lon="-3.01463">
      <ele>818.9</ele>
    </trkpt>
    <trkpt lat="42.323802" lon="-3.014592">
      <ele>818.7</ele>
    </trkpt>
    <trkpt lat="42.323848" lon="-3.014586">
      <ele>818.7</ele>
    </trkpt>
    <trkpt lat="42.324007" lon="-3.01461">
      <ele>818.5</ele>
    </trkpt>
    <trkpt lat="42.324012" lon="-3.014639">
      <ele>818.5</ele>
    </trkpt>
    <trkpt lat="42.324131" lon="-3.01468">
      <ele>818.3</ele>
    </trkpt>
    <trkpt lat="42.32417" lon="-3.014493">
      <ele>818.1</ele>
    </trkpt>
    <trkpt lat="42.324288" lon="-3.01448">
      <ele>818</ele>
    </trkpt>
    <trkpt lat="42.324453" lon="-3.014373">
      <ele>817.6</ele>
    </trkpt>
    <trkpt lat="42.324618" lon="-3.01432">
      <ele>817.3</ele>
    </trkpt>
    <trkpt lat="42.32466" lon="-3.014316">
      <ele>817.3</ele>
    </trkpt>
    <trkpt lat="42.325088" lon="-3.014242">
      <ele>816.5</ele>
    </trkpt>
    <trkpt lat="42.325464" lon="-3.014277">
      <ele>816.2</ele>
    </trkpt>
    <trkpt lat="42.325877" lon="-3.01436">
      <ele>816.1</ele>
    </trkpt>
    <trkpt lat="42.325775" lon="-3.014472">
      <ele>816.1</ele>
    </trkpt>
    <trkpt lat="42.325673" lon="-3.014693">
      <ele>816.2</ele>
    </trkpt>
    <trkpt lat="42.325645" lon="-3.014812">
      <ele>816.2</ele>
    </trkpt>
    <trkpt lat="42.325641" lon="-3.014845">
      <ele>816.2</ele>
    </trkpt>
    <trkpt lat="42.325603" lon="-3.015255">
      <ele>816.4</ele>
    </trkpt>
    <trkpt lat="42.325598" lon="-3.015527">
      <ele>816.6</ele>
    </trkpt>
    <trkpt lat="42.325682" lon="-3.016171">
      <ele>817.3</ele>
    </trkpt>
    <trkpt lat="42.325745" lon="-3.016615">
      <ele>817.6</ele>
    </trkpt>
    <trkpt lat="42.325762" lon="-3.016757">
      <ele>817.6</ele>
    </trkpt>
    <trkpt lat="42.325775" lon="-3.016872">
      <ele>817.7</ele>
    </trkpt>
    <trkpt lat="42.325768" lon="-3.01704">
      <ele>817.7</ele>
    </trkpt>
    <trkpt lat="42.32576" lon="-3.017466">
      <ele>817.9</ele>
    </trkpt>
    <trkpt lat="42.325732" lon="-3.018626">
      <ele>819.1</ele>
    </trkpt>
    <trkpt lat="42.325676" lon="-3.020131">
      <ele>822.1</ele>
    </trkpt>
    <trkpt lat="42.325664" lon="-3.020552">
      <ele>823.1</ele>
    </trkpt>
    <trkpt lat="42.325711" lon="-3.02083">
      <ele>823.7</ele>
    </trkpt>
    <trkpt lat="42.325585" lon="-3.024637">
      <ele>831.2</ele>
    </trkpt>
    <trkpt lat="42.325623" lon="-3.025089">
      <ele>831.7</ele>
    </trkpt>
    <trkpt lat="42.32561" lon="-3.025214">
      <ele>831.8</ele>
    </trkpt>
    <trkpt lat="42.325498" lon="-3.026534">
      <ele>832.9</ele>
    </trkpt>
    <trkpt lat="42.325326" lon="-3.027375">
      <ele>833.9</ele>
    </trkpt>
    <trkpt lat="42.324753" lon="-3.030757">
      <ele>841.1</ele>
    </trkpt>
    <trkpt lat="42.324534" lon="-3.031909">
      <ele>843.4</ele>
    </trkpt>
    <trkpt lat="42.324532" lon="-3.03225">
      <ele>843.8</ele>
    </trkpt>
    <trkpt lat="42.32459" lon="-3.032981">
      <ele>844.4</ele>
    </trkpt>
    <trkpt lat="42.324626" lon="-3.033151">
      <ele>844.6</ele>
    </trkpt>
    <trkpt lat="42.324675" lon="-3.033245">
      <ele>844.6</ele>
    </trkpt>
    <trkpt lat="42.324754" lon="-3.033396">
      <ele>844.7</ele>
    </trkpt>
    <trkpt lat="42.324874" lon="-3.033511">
      <ele>844.8</ele>
    </trkpt>
    <trkpt lat="42.325122" lon="-3.03382">
      <ele>845</ele>
    </trkpt>
    <trkpt lat="42.32526" lon="-3.033991">
      <ele>845.3</ele>
    </trkpt>
    <trkpt lat="42.325404" lon="-3.034178">
      <ele>845.6</ele>
    </trkpt>
    <trkpt lat="42.325528" lon="-3.034495">
      <ele>846.2</ele>
    </trkpt>
    <trkpt lat="42.325522" lon="-3.034788">
      <ele>846.9</ele>
    </trkpt>
    <trkpt lat="42.325468" lon="-3.035046">
      <ele>847.5</ele>
    </trkpt>
    <trkpt lat="42.325472" lon="-3.035206">
      <ele>847.8</ele>
    </trkpt>
    <trkpt lat="42.325613" lon="-3.035605">
      <ele>848.8</ele>
    </trkpt>
    <trkpt lat="42.325739" lon="-3.036112">
      <ele>850.1</ele>
    </trkpt>
    <trkpt lat="42.325649" lon="-3.036789">
      <ele>851.7</ele>
    </trkpt>
    <trkpt lat="42.325593" lon="-3.037029">
      <ele>852.3</ele>
    </trkpt>
    <trkpt lat="42.3256" lon="-3.037067">
      <ele>852.4</ele>
    </trkpt>
    <trkpt lat="42.325659" lon="-3.037531">
      <ele>853.4</ele>
    </trkpt>
    <trkpt lat="42.325662" lon="-3.037817">
      <ele>853.9</ele>
    </trkpt>
    <trkpt lat="42.325654" lon="-3.037864">
      <ele>854</ele>
    </trkpt>
    <trkpt lat="42.325607" lon="-3.038076">
      <ele>854.4</ele>
    </trkpt>
    <trkpt lat="42.325478" lon="-3.038647">
      <ele>855.7</ele>
    </trkpt>
    <trkpt lat="42.325434" lon="-3.038839">
      <ele>856.1</ele>
    </trkpt>
    <trkpt lat="42.325291" lon="-3.039468">
      <ele>857.9</ele>
    </trkpt>
    <trkpt lat="42.325261" lon="-3.039563">
      <ele>858.2</ele>
    </trkpt>
    <trkpt lat="42.325082" lon="-3.04036">
      <ele>860.4</ele>
    </trkpt>
    <trkpt lat="42.325147" lon="-3.040489">
      <ele>860.8</ele>
    </trkpt>
    <trkpt lat="42.325147" lon="-3.040582">
      <ele>861.1</ele>
    </trkpt>
    <trkpt lat="42.324878" lon="-3.041932">
      <ele>864.6</ele>
    </trkpt>
    <trkpt lat="42.324857" lon="-3.042144">
      <ele>864.9</ele>
    </trkpt>
    <trkpt lat="42.324885" lon="-3.042572">
      <ele>865.4</ele>
    </trkpt>
    <trkpt lat="42.324861" lon="-3.042983">
      <ele>865.8</ele>
    </trkpt>
    <trkpt lat="42.324885" lon="-3.04323">
      <ele>866.1</ele>
    </trkpt>
    <trkpt lat="42.324883" lon="-3.043662">
      <ele>866.6</ele>
    </trkpt>
    <trkpt lat="42.324804" lon="-3.044372">
      <ele>867.4</ele>
    </trkpt>
    <trkpt lat="42.324788" lon="-3.044942">
      <ele>868.1</ele>
    </trkpt>
    <trkpt lat="42.324752" lon="-3.045138">
      <ele>868.4</ele>
    </trkpt>
    <trkpt lat="42.324689" lon="-3.04594">
      <ele>869.5</ele>
    </trkpt>
    <trkpt lat="42.324683" lon="-3.046784">
      <ele>870.9</ele>
    </trkpt>
    <trkpt lat="42.324652" lon="-3.047377">
      <ele>871.8</ele>
    </trkpt>
    <trkpt lat="42.324336" lon="-3.048536">
      <ele>873.8</ele>
    </trkpt>
    <trkpt lat="42.324211" lon="-3.048957">
      <ele>874.7</ele>
    </trkpt>
    <trkpt lat="42.324184" lon="-3.049044">
      <ele>874.9</ele>
    </trkpt>
    <trkpt lat="42.321575" lon="-3.057695">
      <ele>899.4</ele>
    </trkpt>
    <trkpt lat="42.321531" lon="-3.057742">
      <ele>899.6</ele>
    </trkpt>
    <trkpt lat="42.321548" lon="-3.058146">
      <ele>900.5</ele>
    </trkpt>
    <trkpt lat="42.321469" lon="-3.059182">
      <ele>902.2</ele>
    </trkpt>
    <trkpt lat="42.321508" lon="-3.059827">
      <ele>902.7</ele>
    </trkpt>
    <trkpt lat="42.321506" lon="-3.060056">
      <ele>902.9</ele>
    </trkpt>
    <trkpt lat="42.321468" lon="-3.06035">
      <ele>903.1</ele>
    </trkpt>
    <trkpt lat="42.321477" lon="-3.060679">
      <ele>903.4</ele>
    </trkpt>
    <trkpt lat="42.321418" lon="-3.060855">
      <ele>903.6</ele>
    </trkpt>
    <trkpt lat="42.321365" lon="-3.060922">
      <ele>903.7</ele>
    </trkpt>
    <trkpt lat="42.321206" lon="-3.061004">
      <ele>904</ele>
    </trkpt>
    <trkpt lat="42.321161" lon="-3.061378">
      <ele>904.5</ele>
    </trkpt>
    <trkpt lat="42.321059" lon="-3.061515">
      <ele>904.9</ele>
    </trkpt>
    <trkpt lat="42.321056" lon="-3.061679">
      <ele>905.2</ele>
    </trkpt>
    <trkpt lat="42.320975" lon="-3.061975">
      <ele>905.8</ele>
    </trkpt>
    <trkpt lat="42.320724" lon="-3.06262">
      <ele>907.6</ele>
    </trkpt>
    <trkpt lat="42.320709" lon="-3.0628">
      <ele>908</ele>
    </trkpt>
    <trkpt lat="42.320667" lon="-3.062907">
      <ele>908.3</ele>
    </trkpt>
    <trkpt lat="42.320576" lon="-3.06304">
      <ele>908.8</ele>
    </trkpt>
    <trkpt lat="42.320548" lon="-3.063232">
      <ele>909.3</ele>
    </trkpt>
    <trkpt lat="42.320652" lon="-3.063444">
      <ele>909.9</ele>
    </trkpt>
    <trkpt lat="42.320659" lon="-3.063547">
      <ele>910.1</ele>
    </trkpt>
    <trkpt lat="42.320538" lon="-3.063965">
      <ele>911.2</ele>
    </trkpt>
    <trkpt lat="42.320346" lon="-3.064418">
      <ele>912.6</ele>
    </trkpt>
    <trkpt lat="42.31983" lon="-3.065464">
      <ele>917</ele>
    </trkpt>
    <trkpt lat="42.319768" lon="-3.065541">
      <ele>917.5</ele>
    </trkpt>
    <trkpt lat="42.319502" lon="-3.065436">
      <ele>919</ele>
    </trkpt>
    <trkpt lat="42.31913" lon="-3.065435">
      <ele>921.1</ele>
    </trkpt>
    <trkpt lat="42.319113" lon="-3.06549">
      <ele>921.3</ele>
    </trkpt>
    <trkpt lat="42.318631" lon="-3.067099">
      <ele>927.5</ele>
    </trkpt>
    <trkpt lat="42.318592" lon="-3.067238">
      <ele>927.8</ele>
    </trkpt>
    <trkpt lat="42.318485" lon="-3.06759">
      <ele>928.7</ele>
    </trkpt>
    <trkpt lat="42.318279" lon="-3.06827">
      <ele>930</ele>
    </trkpt>
    <trkpt lat="42.318248" lon="-3.068385">
      <ele>930.2</ele>
    </trkpt>
    <trkpt lat="42.31783" lon="-3.06983">
      <ele>931.9</ele>
    </trkpt>
    <trkpt lat="42.317805" lon="-3.069993">
      <ele>932</ele>
    </trkpt>
    <trkpt lat="42.317806" lon="-3.0704">
      <ele>932.4</ele>
    </trkpt>
    <trkpt lat="42.317858" lon="-3.070641">
      <ele>932.6</ele>
    </trkpt>
    <trkpt lat="42.317952" lon="-3.070873">
      <ele>932.8</ele>
    </trkpt>
    <trkpt lat="42.318086" lon="-3.071109">
      <ele>933.2</ele>
    </trkpt>
    <trkpt lat="42.318114" lon="-3.071159">
      <ele>933.3</ele>
    </trkpt>
    <trkpt lat="42.318337" lon="-3.071514">
      <ele>934.1</ele>
    </trkpt>
    <trkpt lat="42.3186" lon="-3.07195">
      <ele>935.7</ele>
    </trkpt>
    <trkpt lat="42.31888" lon="-3.07268">
      <ele>939.2</ele>
    </trkpt>
    <trkpt lat="42.319014" lon="-3.073478">
      <ele>943.3</ele>
    </trkpt>
    <trkpt lat="42.319034" lon="-3.074246">
      <ele>946.9</ele>
    </trkpt>
    <trkpt lat="42.319016" lon="-3.074509">
      <ele>948.1</ele>
    </trkpt>
    <trkpt lat="42.318985" lon="-3.07479">
      <ele>949.3</ele>
    </trkpt>
    <trkpt lat="42.318705" lon="-3.076289">
      <ele>955.3</ele>
    </trkpt>
    <trkpt lat="42.318149" lon="-3.078146">
      <ele>962.4</ele>
    </trkpt>
    <trkpt lat="42.318108" lon="-3.078282">
      <ele>962.8</ele>
    </trkpt>
    <trkpt lat="42.318069" lon="-3.078412">
      <ele>963.3</ele>
    </trkpt>
    <trkpt lat="42.318046" lon="-3.078567">
      <ele>963.8</ele>
    </trkpt>
    <trkpt lat="42.317996" lon="-3.0789">
      <ele>964.9</ele>
    </trkpt>
    <trkpt lat="42.317909" lon="-3.079131">
      <ele>965.7</ele>
    </trkpt>
    <trkpt lat="42.31778" lon="-3.079377">
      <ele>966.7</ele>
    </trkpt>
    <trkpt lat="42.31684" lon="-3.08128">
      <ele>975</ele>
    </trkpt>
    <trkpt lat="42.316689" lon="-3.081563">
      <ele>976.2</ele>
    </trkpt>
    <trkpt lat="42.316696" lon="-3.081799">
      <ele>977</ele>
    </trkpt>
    <trkpt lat="42.316737" lon="-3.081851">
      <ele>977.3</ele>
    </trkpt>
    <trkpt lat="42.316789" lon="-3.081876">
      <ele>977.5</ele>
    </trkpt>
    <trkpt lat="42.316849" lon="-3.081856">
      <ele>977.8</ele>
    </trkpt>
    <trkpt lat="42.316907" lon="-3.081793">
      <ele>978.2</ele>
    </trkpt>
    <trkpt lat="42.317203" lon="-3.081182">
      <ele>980.9</ele>
    </trkpt>
    <trkpt lat="42.317435" lon="-3.080925">
      <ele>982.3</ele>
    </trkpt>
    <trkpt lat="42.31787" lon="-3.08079">
      <ele>984</ele>
    </trkpt>
    <trkpt lat="42.31811" lon="-3.08062">
      <ele>985.1</ele>
    </trkpt>
    <trkpt lat="42.31825" lon="-3.08045">
      <ele>985.9</ele>
    </trkpt>
    <trkpt lat="42.319183" lon="-3.07894">
      <ele>991.9</ele>
    </trkpt>
    <trkpt lat="42.319614" lon="-3.077978">
      <ele>995.7</ele>
    </trkpt>
    <trkpt lat="42.319807" lon="-3.077662">
      <ele>997.2</ele>
    </trkpt>
    <trkpt lat="42.31993" lon="-3.077644">
      <ele>997.8</ele>
    </trkpt>
    <trkpt lat="42.319974" lon="-3.077709">
      <ele>998.1</ele>
    </trkpt>
    <trkpt lat="42.31998" lon="-3.07783">
      <ele>998.5</ele>
    </trkpt>
    <trkpt lat="42.319947" lon="-3.077935">
      <ele>999</ele>
    </trkpt>
    <trkpt lat="42.319734" lon="-3.078313">
      <ele>1000.8</ele>
    </trkpt>
    <trkpt lat="42.319614" lon="-3.078596">
      <ele>1002.2</ele>
    </trkpt>
    <trkpt lat="42.31912" lon="-3.080265">
      <ele>1010.1</ele>
    </trkpt>
    <trkpt lat="42.318882" lon="-3.081371">
      <ele>1015.6</ele>
    </trkpt>
    <trkpt lat="42.318815" lon="-3.081544">
      <ele>1016.5</ele>
    </trkpt>
    <trkpt lat="42.31875" lon="-3.081651">
      <ele>1017.1</ele>
    </trkpt>
    <trkpt lat="42.317986" lon="-3.082533">
      <ele>1021.2</ele>
    </trkpt>
    <trkpt lat="42.317768" lon="-3.082879">
      <ele>1021.9</ele>
    </trkpt>
    <trkpt lat="42.31761" lon="-3.083256">
      <ele>1022.5</ele>
    </trkpt>
    <trkpt lat="42.3174" lon="-3.084056">
      <ele>1024</ele>
    </trkpt>
    <trkpt lat="42.3173" lon="-3.084545">
      <ele>1025.4</ele>
    </trkpt>
    <trkpt lat="42.317252" lon="-3.085508">
      <ele>1030.8</ele>
    </trkpt>
    <trkpt lat="42.3173" lon="-3.085894">
      <ele>1034.1</ele>
    </trkpt>
    <trkpt lat="42.31737" lon="-3.086057">
      <ele>1035.8</ele>
    </trkpt>
    <trkpt lat="42.317515" lon="-3.086228">
      <ele>1038.3</ele>
    </trkpt>
    <trkpt lat="42.317767" lon="-3.086382">
      <ele>1042.2</ele>
    </trkpt>
    <trkpt lat="42.317913" lon="-3.086439">
      <ele>1044.5</ele>
    </trkpt>
    <trkpt lat="42.318105" lon="-3.086463">
      <ele>1047.4</ele>
    </trkpt>
    <trkpt lat="42.318365" lon="-3.086388">
      <ele>1051.3</ele>
    </trkpt>
    <trkpt lat="42.31852" lon="-3.086342">
      <ele>1053.3</ele>
    </trkpt>
    <trkpt lat="42.318761" lon="-3.086348">
      <ele>1055.7</ele>
    </trkpt>
    <trkpt lat="42.318923" lon="-3.086425">
      <ele>1057</ele>
    </trkpt>
    <trkpt lat="42.319035" lon="-3.086589">
      <ele>1058.1</ele>
    </trkpt>
    <trkpt lat="42.319069" lon="-3.086729">
      <ele>1058.6</ele>
    </trkpt>
    <trkpt lat="42.319066" lon="-3.08684">
      <ele>1059</ele>
    </trkpt>
    <trkpt lat="42.31903" lon="-3.08692">
      <ele>1059.3</ele>
    </trkpt>
    <trkpt lat="42.318922" lon="-3.087032">
      <ele>1059.8</ele>
    </trkpt>
    <trkpt lat="42.318618" lon="-3.087257">
      <ele>1060.4</ele>
    </trkpt>
    <trkpt lat="42.318105" lon="-3.087968">
      <ele>1058.7</ele>
    </trkpt>
    <trkpt lat="42.317833" lon="-3.088226">
      <ele>1057.9</ele>
    </trkpt>
    <trkpt lat="42.317457" lon="-3.088709">
      <ele>1058.1</ele>
    </trkpt>
    <trkpt lat="42.317415" lon="-3.088822">
      <ele>1058.2</ele>
    </trkpt>
    <trkpt lat="42.317398" lon="-3.088989">
      <ele>1058.3</ele>
    </trkpt>
    <trkpt lat="42.317351" lon="-3.090383">
      <ele>1061.9</ele>
    </trkpt>
    <trkpt lat="42.317411" lon="-3.09109">
      <ele>1065.8</ele>
    </trkpt>
    <trkpt lat="42.317498" lon="-3.091707">
      <ele>1069.9</ele>
    </trkpt>
    <trkpt lat="42.317589" lon="-3.092163">
      <ele>1073.1</ele>
    </trkpt>
    <trkpt lat="42.317624" lon="-3.092774">
      <ele>1077.4</ele>
    </trkpt>
    <trkpt lat="42.318539" lon="-3.095537">
      <ele>1094</ele>
    </trkpt>
    <trkpt lat="42.318564" lon="-3.095789">
      <ele>1095.1</ele>
    </trkpt>
    <trkpt lat="42.318456" lon="-3.096184">
      <ele>1097</ele>
    </trkpt>
    <trkpt lat="42.31841" lon="-3.096524">
      <ele>1098.6</ele>
    </trkpt>
    <trkpt lat="42.318519" lon="-3.097499">
      <ele>1103.5</ele>
    </trkpt>
    <trkpt lat="42.318523" lon="-3.097733">
      <ele>1104.8</ele>
    </trkpt>
    <trkpt lat="42.318503" lon="-3.097824">
      <ele>1105.4</ele>
    </trkpt>
    <trkpt lat="42.318028" lon="-3.098206">
      <ele>1109.6</ele>
    </trkpt>
    <trkpt lat="42.317711" lon="-3.098829">
      <ele>1115</ele>
    </trkpt>
    <trkpt lat="42.3175" lon="-3.099315">
      <ele>1119.6</ele>
    </trkpt>
    <trkpt lat="42.317437" lon="-3.099404">
      <ele>1120.4</ele>
    </trkpt>
    <trkpt lat="42.317116" lon="-3.099613">
      <ele>1122.9</ele>
    </trkpt>
    <trkpt lat="42.316952" lon="-3.099686">
      <ele>1123.7</ele>
    </trkpt>
    <trkpt lat="42.316895" lon="-3.099735">
      <ele>1123.9</ele>
    </trkpt>
    <trkpt lat="42.316878" lon="-3.099791">
      <ele>1124.1</ele>
    </trkpt>
    <trkpt lat="42.316875" lon="-3.099887">
      <ele>1124.4</ele>
    </trkpt>
    <trkpt lat="42.316963" lon="-3.099946">
      <ele>1124.8</ele>
    </trkpt>
    <trkpt lat="42.317515" lon="-3.099683">
      <ele>1126.8</ele>
    </trkpt>
    <trkpt lat="42.31762" lon="-3.099592">
      <ele>1127</ele>
    </trkpt>
    <trkpt lat="42.318092" lon="-3.098933">
      <ele>1127.2</ele>
    </trkpt>
    <trkpt lat="42.318248" lon="-3.098579">
      <ele>1127.8</ele>
    </trkpt>
    <trkpt lat="42.318319" lon="-3.098511">
      <ele>1128.1</ele>
    </trkpt>
    <trkpt lat="42.318758" lon="-3.098494">
      <ele>1129.4</ele>
    </trkpt>
    <trkpt lat="42.3189" lon="-3.09844">
      <ele>1129.8</ele>
    </trkpt>
    <trkpt lat="42.318963" lon="-3.098373">
      <ele>1130</ele>
    </trkpt>
    <trkpt lat="42.319002" lon="-3.098262">
      <ele>1130.2</ele>
    </trkpt>
    <trkpt lat="42.318989" lon="-3.097795">
      <ele>1131.3</ele>
    </trkpt>
    <trkpt lat="42.319135" lon="-3.097061">
      <ele>1133.4</ele>
    </trkpt>
    <trkpt lat="42.319182" lon="-3.09691">
      <ele>1134</ele>
    </trkpt>
    <trkpt lat="42.319524" lon="-3.096384">
      <ele>1136.6</ele>
    </trkpt>
    <trkpt lat="42.319592" lon="-3.096222">
      <ele>1137.5</ele>
    </trkpt>
    <trkpt lat="42.319619" lon="-3.096056">
      <ele>1138.3</ele>
    </trkpt>
    <trkpt lat="42.319634" lon="-3.095765">
      <ele>1139.8</ele>
    </trkpt>
    <trkpt lat="42.319587" lon="-3.095187">
      <ele>1142.9</ele>
    </trkpt>
    <trkpt lat="42.319511" lon="-3.094756">
      <ele>1145.5</ele>
    </trkpt>
    <trkpt lat="42.319339" lon="-3.094172">
      <ele>1148.6</ele>
    </trkpt>
    <trkpt lat="42.319185" lon="-3.093576">
      <ele>1151.1</ele>
    </trkpt>
    <trkpt lat="42.319222" lon="-3.093435">
      <ele>1151.9</ele>
    </trkpt>
    <trkpt lat="42.319314" lon="-3.093424">
      <ele>1152.5</ele>
    </trkpt>
    <trkpt lat="42.319361" lon="-3.093475">
      <ele>1152.9</ele>
    </trkpt>
    <trkpt lat="42.319476" lon="-3.094003">
      <ele>1156.1</ele>
    </trkpt>
    <trkpt lat="42.319911" lon="-3.094997">
      <ele>1163.1</ele>
    </trkpt>
    <trkpt lat="42.320054" lon="-3.095497">
      <ele>1166.6</ele>
    </trkpt>
    <trkpt lat="42.320159" lon="-3.096049">
      <ele>1170</ele>
    </trkpt>
    <trkpt lat="42.32013" lon="-3.096467">
      <ele>1172.4</ele>
    </trkpt>
    <trkpt lat="42.319941" lon="-3.097452">
      <ele>1178.1</ele>
    </trkpt>
    <trkpt lat="42.319936" lon="-3.097665">
      <ele>1179.4</ele>
    </trkpt>
    <trkpt lat="42.320006" lon="-3.098219">
      <ele>1183.5</ele>
    </trkpt>
    <trkpt lat="42.32002" lon="-3.098509">
      <ele>1185.9</ele>
    </trkpt>
    <trkpt lat="42.320028" lon="-3.099475">
      <ele>1194.7</ele>
    </trkpt>
    <trkpt lat="42.319874" lon="-3.100263">
      <ele>1199.2</ele>
    </trkpt>
    <trkpt lat="42.319784" lon="-3.100517">
      <ele>1199.9</ele>
    </trkpt>
    <trkpt lat="42.319716" lon="-3.100622">
      <ele>1200.1</ele>
    </trkpt>
    <trkpt lat="42.319632" lon="-3.100675">
      <ele>1200.2</ele>
    </trkpt>
    <trkpt lat="42.319561" lon="-3.100677">
      <ele>1200.4</ele>
    </trkpt>
    <trkpt lat="42.319045" lon="-3.10036">
      <ele>1200.8</ele>
    </trkpt>
    <trkpt lat="42.31894" lon="-3.100363">
      <ele>1200.7</ele>
    </trkpt>
    <trkpt lat="42.318865" lon="-3.100414">
      <ele>1200.7</ele>
    </trkpt>
    <trkpt lat="42.318818" lon="-3.100495">
      <ele>1200.6</ele>
    </trkpt>
    <trkpt lat="42.318469" lon="-3.10192">
      <ele>1205.1</ele>
    </trkpt>
    <trkpt lat="42.318336" lon="-3.102218">
      <ele>1207.6</ele>
    </trkpt>
    <trkpt lat="42.318135" lon="-3.1025">
      <ele>1210.8</ele>
    </trkpt>
    <trkpt lat="42.318024" lon="-3.102817">
      <ele>1214</ele>
    </trkpt>
    <trkpt lat="42.317877" lon="-3.103419">
      <ele>1220.7</ele>
    </trkpt>
    <trkpt lat="42.317829" lon="-3.104044">
      <ele>1226.5</ele>
    </trkpt>
    <trkpt lat="42.317835" lon="-3.104312">
      <ele>1228.5</ele>
    </trkpt>
    <trkpt lat="42.317961" lon="-3.104518">
      <ele>1230.1</ele>
    </trkpt>
    <trkpt lat="42.318125" lon="-3.104682">
      <ele>1231.4</ele>
    </trkpt>
    <trkpt lat="42.318223" lon="-3.104861">
      <ele>1232.1</ele>
    </trkpt>
    <trkpt lat="42.318253" lon="-3.105089">
      <ele>1232.6</ele>
    </trkpt>
    <trkpt lat="42.318124" lon="-3.106478">
      <ele>1228.8</ele>
    </trkpt>
    <trkpt lat="42.318088" lon="-3.107099">
      <ele>1225.5</ele>
    </trkpt>
    <trkpt lat="42.318036" lon="-3.108032">
      <ele>1221.2</ele>
    </trkpt>
    <trkpt lat="42.317967" lon="-3.108356">
      <ele>1219.7</ele>
    </trkpt>
    <trkpt lat="42.317784" lon="-3.108973">
      <ele>1216.5</ele>
    </trkpt>
    <trkpt lat="42.31775" lon="-3.109383">
      <ele>1214.1</ele>
    </trkpt>
    <trkpt lat="42.317833" lon="-3.109936">
      <ele>1210.5</ele>
    </trkpt>
    <trkpt lat="42.317943" lon="-3.110364">
      <ele>1207</ele>
    </trkpt>
    <trkpt lat="42.318082" lon="-3.111237">
      <ele>1199.7</ele>
    </trkpt>
    <trkpt lat="42.318238" lon="-3.111715">
      <ele>1195.6</ele>
    </trkpt>
    <trkpt lat="42.319037" lon="-3.113982">
      <ele>1180.8</ele>
    </trkpt>
    <trkpt lat="42.31906" lon="-3.114194">
      <ele>1179.3</ele>
    </trkpt>
    <trkpt lat="42.319002" lon="-3.114374">
      <ele>1177.9</ele>
    </trkpt>
    <trkpt lat="42.31867" lon="-3.114979">
      <ele>1172.7</ele>
    </trkpt>
    <trkpt lat="42.318639" lon="-3.115161">
      <ele>1171.5</ele>
    </trkpt>
    <trkpt lat="42.318699" lon="-3.115677">
      <ele>1168</ele>
    </trkpt>
    <trkpt lat="42.318846" lon="-3.116261">
      <ele>1164</ele>
    </trkpt>
    <trkpt lat="42.318972" lon="-3.116724">
      <ele>1161.1</ele>
    </trkpt>
    <trkpt lat="42.319313" lon="-3.118347">
      <ele>1152.5</ele>
    </trkpt>
    <trkpt lat="42.319417" lon="-3.118599">
      <ele>1151.2</ele>
    </trkpt>
    <trkpt lat="42.319577" lon="-3.118873">
      <ele>1149.8</ele>
    </trkpt>
    <trkpt lat="42.319612" lon="-3.118987">
      <ele>1149.4</ele>
    </trkpt>
    <trkpt lat="42.319527" lon="-3.119374">
      <ele>1148</ele>
    </trkpt>
    <trkpt lat="42.319515" lon="-3.119556">
      <ele>1147.3</ele>
    </trkpt>
    <trkpt lat="42.319596" lon="-3.120012">
      <ele>1145.7</ele>
    </trkpt>
    <trkpt lat="42.319609" lon="-3.12031">
      <ele>1144.6</ele>
    </trkpt>
    <trkpt lat="42.319529" lon="-3.120754">
      <ele>1142.7</ele>
    </trkpt>
    <trkpt lat="42.319319" lon="-3.121383">
      <ele>1139.9</ele>
    </trkpt>
    <trkpt lat="42.319292" lon="-3.121592">
      <ele>1139.2</ele>
    </trkpt>
    <trkpt lat="42.319334" lon="-3.121913">
      <ele>1138.3</ele>
    </trkpt>
    <trkpt lat="42.319387" lon="-3.122041">
      <ele>1137.9</ele>
    </trkpt>
    <trkpt lat="42.319496" lon="-3.122199">
      <ele>1137.5</ele>
    </trkpt>
    <trkpt lat="42.319916" lon="-3.122599">
      <ele>1137.2</ele>
    </trkpt>
    <trkpt lat="42.320013" lon="-3.12265">
      <ele>1137.2</ele>
    </trkpt>
    <trkpt lat="42.320274" lon="-3.1227">
      <ele>1137.2</ele>
    </trkpt>
    <trkpt lat="42.320495" lon="-3.122793">
      <ele>1136.9</ele>
    </trkpt>
    <trkpt lat="42.320813" lon="-3.122984">
      <ele>1136</ele>
    </trkpt>
    <trkpt lat="42.320907" lon="-3.12307">
      <ele>1135.5</ele>
    </trkpt>
    <trkpt lat="42.320944" lon="-3.123174">
      <ele>1135.1</ele>
    </trkpt>
    <trkpt lat="42.320897" lon="-3.123351">
      <ele>1134.3</ele>
    </trkpt>
    <trkpt lat="42.320448" lon="-3.123843">
      <ele>1130.3</ele>
    </trkpt>
    <trkpt lat="42.320228" lon="-3.12422">
      <ele>1127.2</ele>
    </trkpt>
    <trkpt lat="42.320068" lon="-3.124439">
      <ele>1125.1</ele>
    </trkpt>
    <trkpt lat="42.319983" lon="-3.124608">
      <ele>1123.9</ele>
    </trkpt>
    <trkpt lat="42.319933" lon="-3.124884">
      <ele>1122.2</ele>
    </trkpt>
    <trkpt lat="42.319826" lon="-3.12605">
      <ele>1117</ele>
    </trkpt>
    <trkpt lat="42.319715" lon="-3.126748">
      <ele>1114.7</ele>
    </trkpt>
    <trkpt lat="42.319718" lon="-3.126901">
      <ele>1114.2</ele>
    </trkpt>
    <trkpt lat="42.319764" lon="-3.127075">
      <ele>1113.7</ele>
    </trkpt>
    <trkpt lat="42.31993" lon="-3.127505">
      <ele>1112.2</ele>
    </trkpt>
    <trkpt lat="42.320037" lon="-3.127699">
      <ele>1111.4</ele>
    </trkpt>
    <trkpt lat="42.32025" lon="-3.127919">
      <ele>1110.1</ele>
    </trkpt>
    <trkpt lat="42.320674" lon="-3.128225">
      <ele>1107.8</ele>
    </trkpt>
    <trkpt lat="42.321094" lon="-3.128964">
      <ele>1104.9</ele>
    </trkpt>
    <trkpt lat="42.321464" lon="-3.129453">
      <ele>1103</ele>
    </trkpt>
    <trkpt lat="42.321702" lon="-3.129681">
      <ele>1102</ele>
    </trkpt>
    <trkpt lat="42.322015" lon="-3.12986">
      <ele>1100.6</ele>
    </trkpt>
    <trkpt lat="42.322145" lon="-3.130026">
      <ele>1099.8</ele>
    </trkpt>
    <trkpt lat="42.322248" lon="-3.130338">
      <ele>1098.4</ele>
    </trkpt>
    <trkpt lat="42.322268" lon="-3.130777">
      <ele>1096.3</ele>
    </trkpt>
    <trkpt lat="42.322394" lon="-3.132036">
      <ele>1087</ele>
    </trkpt>
    <trkpt lat="42.322335" lon="-3.132939">
      <ele>1081.4</ele>
    </trkpt>
    <trkpt lat="42.322277" lon="-3.133018">
      <ele>1080.9</ele>
    </trkpt>
    <trkpt lat="42.322234" lon="-3.133033">
      <ele>1080.7</ele>
    </trkpt>
    <trkpt lat="42.322178" lon="-3.133035">
      <ele>1080.4</ele>
    </trkpt>
    <trkpt lat="42.32205" lon="-3.132973">
      <ele>1079.7</ele>
    </trkpt>
    <trkpt lat="42.321836" lon="-3.132738">
      <ele>1078.7</ele>
    </trkpt>
    <trkpt lat="42.321747" lon="-3.132527">
      <ele>1078.3</ele>
    </trkpt>
    <trkpt lat="42.321607" lon="-3.131056">
      <ele>1078.1</ele>
    </trkpt>
    <trkpt lat="42.321562" lon="-3.130886">
      <ele>1077.9</ele>
    </trkpt>
    <trkpt lat="42.321455" lon="-3.130727">
      <ele>1077.6</ele>
    </trkpt>
    <trkpt lat="42.321107" lon="-3.130395">
      <ele>1076.3</ele>
    </trkpt>
    <trkpt lat="42.320918" lon="-3.130255">
      <ele>1075.3</ele>
    </trkpt>
    <trkpt lat="42.320403" lon="-3.129966">
      <ele>1071.8</ele>
    </trkpt>
    <trkpt lat="42.320049" lon="-3.129704">
      <ele>1068.9</ele>
    </trkpt>
    <trkpt lat="42.319789" lon="-3.129642">
      <ele>1066.8</ele>
    </trkpt>
    <trkpt lat="42.31932" lon="-3.129727">
      <ele>1062.9</ele>
    </trkpt>
    <trkpt lat="42.319216" lon="-3.129717">
      <ele>1062.1</ele>
    </trkpt>
    <trkpt lat="42.319006" lon="-3.129613">
      <ele>1060.3</ele>
    </trkpt>
    <trkpt lat="42.318865" lon="-3.129452">
      <ele>1058.9</ele>
    </trkpt>
    <trkpt lat="42.318779" lon="-3.129288">
      <ele>1057.8</ele>
    </trkpt>
    <trkpt lat="42.31863" lon="-3.128838">
      <ele>1055.4</ele>
    </trkpt>
    <trkpt lat="42.318579" lon="-3.128738">
      <ele>1054.9</ele>
    </trkpt>
    <trkpt lat="42.318478" lon="-3.128667">
      <ele>1054.3</ele>
    </trkpt>
    <trkpt lat="42.318418" lon="-3.128656">
      <ele>1054</ele>
    </trkpt>
    <trkpt lat="42.31836" lon="-3.128694">
      <ele>1053.7</ele>
    </trkpt>
    <trkpt lat="42.318301" lon="-3.128821">
      <ele>1053.1</ele>
    </trkpt>
    <trkpt lat="42.318306" lon="-3.128905">
      <ele>1052.8</ele>
    </trkpt>
    <trkpt lat="42.318514" lon="-3.129324">
      <ele>1051.5</ele>
    </trkpt>
    <trkpt lat="42.318635" lon="-3.129719">
      <ele>1050.6</ele>
    </trkpt>
    <trkpt lat="42.318737" lon="-3.130142">
      <ele>1049.7</ele>
    </trkpt>
    <trkpt lat="42.31888" lon="-3.130385">
      <ele>1049.1</ele>
    </trkpt>
    <trkpt lat="42.319007" lon="-3.13045">
      <ele>1048.7</ele>
    </trkpt>
    <trkpt lat="42.319287" lon="-3.13043">
      <ele>1047.8</ele>
    </trkpt>
    <trkpt lat="42.319401" lon="-3.130528">
      <ele>1047.3</ele>
    </trkpt>
    <trkpt lat="42.319471" lon="-3.130666">
      <ele>1046.8</ele>
    </trkpt>
    <trkpt lat="42.319508" lon="-3.130815">
      <ele>1046.3</ele>
    </trkpt>
    <trkpt lat="42.319495" lon="-3.131167">
      <ele>1045.1</ele>
    </trkpt>
    <trkpt lat="42.319531" lon="-3.131373">
      <ele>1044.2</ele>
    </trkpt>
    <trkpt lat="42.319968" lon="-3.131922">
      <ele>1040.5</ele>
    </trkpt>
    <trkpt lat="42.320021" lon="-3.132037">
      <ele>1039.8</ele>
    </trkpt>
    <trkpt lat="42.320037" lon="-3.132185">
      <ele>1039.1</ele>
    </trkpt>
    <trkpt lat="42.320015" lon="-3.132341">
      <ele>1038.3</ele>
    </trkpt>
    <trkpt lat="42.319819" lon="-3.132885">
      <ele>1035.6</ele>
    </trkpt>
    <trkpt lat="42.319769" lon="-3.133134">
      <ele>1034.5</ele>
    </trkpt>
    <trkpt lat="42.319801" lon="-3.133675">
      <ele>1032.2</ele>
    </trkpt>
    <trkpt lat="42.31993" lon="-3.134213">
      <ele>1030</ele>
    </trkpt>
    <trkpt lat="42.320017" lon="-3.134404">
      <ele>1029.2</ele>
    </trkpt>
    <trkpt lat="42.320668" lon="-3.135217">
      <ele>1024.6</ele>
    </trkpt>
    <trkpt lat="42.320671" lon="-3.135334">
      <ele>1024.1</ele>
    </trkpt>
    <trkpt lat="42.320595" lon="-3.135492">
      <ele>1023.2</ele>
    </trkpt>
    <trkpt lat="42.320463" lon="-3.135501">
      <ele>1022.2</ele>
    </trkpt>
    <trkpt lat="42.318941" lon="-3.134587">
      <ele>1009.5</ele>
    </trkpt>
    <trkpt lat="42.31886" lon="-3.134463">
      <ele>1008.9</ele>
    </trkpt>
    <trkpt lat="42.318809" lon="-3.134102">
      <ele>1007.5</ele>
    </trkpt>
    <trkpt lat="42.318666" lon="-3.133725">
      <ele>1005.9</ele>
    </trkpt>
    <trkpt lat="42.318664" lon="-3.133287">
      <ele>1003.9</ele>
    </trkpt>
    <trkpt lat="42.318655" lon="-3.133231">
      <ele>1003.6</ele>
    </trkpt>
    <trkpt lat="42.318607" lon="-3.133164">
      <ele>1003.2</ele>
    </trkpt>
    <trkpt lat="42.318535" lon="-3.133141">
      <ele>1002.7</ele>
    </trkpt>
    <trkpt lat="42.318176" lon="-3.133278">
      <ele>1000.1</ele>
    </trkpt>
    <trkpt lat="42.317952" lon="-3.13345">
      <ele>998.1</ele>
    </trkpt>
    <trkpt lat="42.317824" lon="-3.133432">
      <ele>997.2</ele>
    </trkpt>
    <trkpt lat="42.317625" lon="-3.133138">
      <ele>994.9</ele>
    </trkpt>
    <trkpt lat="42.317314" lon="-3.132795">
      <ele>992.2</ele>
    </trkpt>
    <trkpt lat="42.317049" lon="-3.13207">
      <ele>989.4</ele>
    </trkpt>
    <trkpt lat="42.316195" lon="-3.130654">
      <ele>986.8</ele>
    </trkpt>
    <trkpt lat="42.316029" lon="-3.13059">
      <ele>986.2</ele>
    </trkpt>
    <trkpt lat="42.31593" lon="-3.130688">
      <ele>985.8</ele>
    </trkpt>
    <trkpt lat="42.315878" lon="-3.130855">
      <ele>985.3</ele>
    </trkpt>
    <trkpt lat="42.315845" lon="-3.131005">
      <ele>984.8</ele>
    </trkpt>
    <trkpt lat="42.315773" lon="-3.13307">
      <ele>978.4</ele>
    </trkpt>
    <trkpt lat="42.31575" lon="-3.133217">
      <ele>978.2</ele>
    </trkpt>
    <trkpt lat="42.315633" lon="-3.13359">
      <ele>977.8</ele>
    </trkpt>
    <trkpt lat="42.315555" lon="-3.133755">
      <ele>977.7</ele>
    </trkpt>
    <trkpt lat="42.3155" lon="-3.133843">
      <ele>977.7</ele>
    </trkpt>
    <trkpt lat="42.315166" lon="-3.13415">
      <ele>977.7</ele>
    </trkpt>
    <trkpt lat="42.315007" lon="-3.13432">
      <ele>977.9</ele>
    </trkpt>
    <trkpt lat="42.314996" lon="-3.13447">
      <ele>978</ele>
    </trkpt>
    <trkpt lat="42.315175" lon="-3.135007">
      <ele>978.5</ele>
    </trkpt>
    <trkpt lat="42.315369" lon="-3.135504">
      <ele>978.5</ele>
    </trkpt>
    <trkpt lat="42.315432" lon="-3.135639">
      <ele>978.4</ele>
    </trkpt>
    <trkpt lat="42.315707" lon="-3.13614">
      <ele>977.8</ele>
    </trkpt>
    <trkpt lat="42.315728" lon="-3.136173">
      <ele>977.7</ele>
    </trkpt>
    <trkpt lat="42.316117" lon="-3.136644">
      <ele>976.1</ele>
    </trkpt>
    <trkpt lat="42.31634" lon="-3.136878">
      <ele>975</ele>
    </trkpt>
    <trkpt lat="42.316656" lon="-3.137196">
      <ele>973.5</ele>
    </trkpt>
    <trkpt lat="42.316771" lon="-3.137363">
      <ele>972.9</ele>
    </trkpt>
    <trkpt lat="42.316944" lon="-3.137714">
      <ele>971.9</ele>
    </trkpt>
    <trkpt lat="42.317659" lon="-3.139794">
      <ele>967.7</ele>
    </trkpt>
    <trkpt lat="42.318235" lon="-3.141486">
      <ele>963.4</ele>
    </trkpt>
    <trkpt lat="42.31872" lon="-3.142491">
      <ele>961</ele>
    </trkpt>
    <trkpt lat="42.320435" lon="-3.145886">
      <ele>956.5</ele>
    </trkpt>
    <trkpt lat="42.32135" lon="-3.147629">
      <ele>959.9</ele>
    </trkpt>
    <trkpt lat="42.321838" lon="-3.148288">
      <ele>962.5</ele>
    </trkpt>
    <trkpt lat="42.32222" lon="-3.148863">
      <ele>964.3</ele>
    </trkpt>
    <trkpt lat="42.322832" lon="-3.149887">
      <ele>964.4</ele>
    </trkpt>
    <trkpt lat="42.32322" lon="-3.150295">
      <ele>962.8</ele>
    </trkpt>
    <trkpt lat="42.323746" lon="-3.150789">
      <ele>960</ele>
    </trkpt>
    <trkpt lat="42.324084" lon="-3.151165">
      <ele>957.9</ele>
    </trkpt>
    <trkpt lat="42.325868" lon="-3.15408">
      <ele>947.2</ele>
    </trkpt>
    <trkpt lat="42.330173" lon="-3.160999">
      <ele>930</ele>
    </trkpt>
    <trkpt lat="42.334379" lon="-3.16773">
      <ele>924.1</ele>
    </trkpt>
    <trkpt lat="42.334616" lon="-3.168011">
      <ele>924.3</ele>
    </trkpt>
    <trkpt lat="42.334767" lon="-3.168122">
      <ele>924.5</ele>
    </trkpt>
    <trkpt lat="42.336229" lon="-3.169021">
      <ele>927.4</ele>
    </trkpt>
    <trkpt lat="42.336507" lon="-3.16926">
      <ele>927.8</ele>
    </trkpt>
    <trkpt lat="42.336625" lon="-3.16943">
      <ele>927.9</ele>
    </trkpt>
    <trkpt lat="42.338191" lon="-3.172123">
      <ele>927.5</ele>
    </trkpt>
    <trkpt lat="42.338489" lon="-3.172569">
      <ele>927.1</ele>
    </trkpt>
    <trkpt lat="42.338848" lon="-3.172875">
      <ele>926.5</ele>
    </trkpt>
    <trkpt lat="42.338998" lon="-3.173037">
      <ele>926.3</ele>
    </trkpt>
    <trkpt lat="42.339274" lon="-3.173434">
      <ele>925.6</ele>
    </trkpt>
    <trkpt lat="42.339461" lon="-3.173714">
      <ele>925</ele>
    </trkpt>
    <trkpt lat="42.339802" lon="-3.174164">
      <ele>923.8</ele>
    </trkpt>
    <trkpt lat="42.339868" lon="-3.174273">
      <ele>923.5</ele>
    </trkpt>
    <trkpt lat="42.340326" lon="-3.175041">
      <ele>922.3</ele>
    </trkpt>
    <trkpt lat="42.340454" lon="-3.175312">
      <ele>921.9</ele>
    </trkpt>
    <trkpt lat="42.340582" lon="-3.175876">
      <ele>921.3</ele>
    </trkpt>
    <trkpt lat="42.340581" lon="-3.176281">
      <ele>921</ele>
    </trkpt>
    <trkpt lat="42.340403" lon="-3.178153">
      <ele>921</ele>
    </trkpt>
    <trkpt lat="42.340346" lon="-3.178654">
      <ele>921.4</ele>
    </trkpt>
    <trkpt lat="42.340163" lon="-3.179304">
      <ele>922.3</ele>
    </trkpt>
    <trkpt lat="42.340118" lon="-3.17958">
      <ele>922.8</ele>
    </trkpt>
    <trkpt lat="42.340087" lon="-3.181964">
      <ele>929.9</ele>
    </trkpt>
    <trkpt lat="42.340099" lon="-3.182412">
      <ele>931.5</ele>
    </trkpt>
    <trkpt lat="42.340079" lon="-3.185325">
      <ele>941.1</ele>
    </trkpt>
    <trkpt lat="42.339529" lon="-3.190283">
      <ele>954.6</ele>
    </trkpt>
    <trkpt lat="42.339429" lon="-3.190775">
      <ele>955.4</ele>
    </trkpt>
    <trkpt lat="42.339206" lon="-3.191504">
      <ele>956.4</ele>
    </trkpt>
    <trkpt lat="42.335868" lon="-3.202061">
      <ele>974.8</ele>
    </trkpt>
    <trkpt lat="42.335641" lon="-3.202654">
      <ele>976.4</ele>
    </trkpt>
    <trkpt lat="42.334312" lon="-3.205185">
      <ele>980.8</ele>
    </trkpt>
    <trkpt lat="42.334205" lon="-3.205383">
      <ele>980.5</ele>
    </trkpt>
    <trkpt lat="42.334042" lon="-3.205583">
      <ele>979.9</ele>
    </trkpt>
    <trkpt lat="42.333865" lon="-3.205688">
      <ele>979.3</ele>
    </trkpt>
    <trkpt lat="42.333648" lon="-3.205714">
      <ele>978.4</ele>
    </trkpt>
    <trkpt lat="42.333153" lon="-3.205697">
      <ele>976.2</ele>
    </trkpt>
    <trkpt lat="42.332582" lon="-3.205664">
      <ele>973.8</ele>
    </trkpt>
    <trkpt lat="42.332366" lon="-3.205677">
      <ele>972.8</ele>
    </trkpt>
    <trkpt lat="42.332203" lon="-3.205735">
      <ele>971.9</ele>
    </trkpt>
    <trkpt lat="42.332099" lon="-3.205813">
      <ele>971.3</ele>
    </trkpt>
    <trkpt lat="42.331914" lon="-3.20604">
      <ele>969.9</ele>
    </trkpt>
    <trkpt lat="42.331626" lon="-3.206669">
      <ele>966.8</ele>
    </trkpt>
    <trkpt lat="42.331423" lon="-3.206889">
      <ele>965.1</ele>
    </trkpt>
    <trkpt lat="42.33123" lon="-3.206986">
      <ele>963.6</ele>
    </trkpt>
    <trkpt lat="42.331" lon="-3.206993">
      <ele>961.7</ele>
    </trkpt>
    <trkpt lat="42.329717" lon="-3.206568">
      <ele>952</ele>
    </trkpt>
    <trkpt lat="42.329475" lon="-3.206586">
      <ele>950.6</ele>
    </trkpt>
    <trkpt lat="42.328964" lon="-3.206795">
      <ele>948</ele>
    </trkpt>
    <trkpt lat="42.328724" lon="-3.206808">
      <ele>947.2</ele>
    </trkpt>
    <trkpt lat="42.328507" lon="-3.206713">
      <ele>946.6</ele>
    </trkpt>
    <trkpt lat="42.328273" lon="-3.206472">
      <ele>946</ele>
    </trkpt>
    <trkpt lat="42.32815" lon="-3.2063">
      <ele>945.7</ele>
    </trkpt>
    <trkpt lat="42.327898" lon="-3.20578">
      <ele>945.2</ele>
    </trkpt>
    <trkpt lat="42.327758" lon="-3.205586">
      <ele>945</ele>
    </trkpt>
    <trkpt lat="42.327643" lon="-3.20553">
      <ele>944.8</ele>
    </trkpt>
    <trkpt lat="42.327825" lon="-3.205919">
      <ele>944.4</ele>
    </trkpt>
    <trkpt lat="42.328101" lon="-3.206437">
      <ele>943.4</ele>
    </trkpt>
    <trkpt lat="42.328278" lon="-3.206706">
      <ele>942.7</ele>
    </trkpt>
    <trkpt lat="42.328696" lon="-3.207169">
      <ele>941.1</ele>
    </trkpt>
    <trkpt lat="42.329632" lon="-3.207999">
      <ele>937.6</ele>
    </trkpt>
    <trkpt lat="42.330607" lon="-3.209001">
      <ele>933.7</ele>
    </trkpt>
    <trkpt lat="42.330715" lon="-3.209138">
      <ele>933.3</ele>
    </trkpt>
    <trkpt lat="42.330845" lon="-3.209326">
      <ele>932.7</ele>
    </trkpt>
    <trkpt lat="42.331078" lon="-3.209721">
      <ele>931.5</ele>
    </trkpt>
    <trkpt lat="42.331938" lon="-3.211444">
      <ele>927.2</ele>
    </trkpt>
    <trkpt lat="42.332267" lon="-3.211977">
      <ele>926.1</ele>
    </trkpt>
    <trkpt lat="42.333138" lon="-3.213197">
      <ele>924.3</ele>
    </trkpt>
    <trkpt lat="42.333147" lon="-3.213209">
      <ele>924.2</ele>
    </trkpt>
    <trkpt lat="42.333352" lon="-3.213412">
      <ele>923.9</ele>
    </trkpt>
    <trkpt lat="42.333574" lon="-3.213564">
      <ele>923.5</ele>
    </trkpt>
    <trkpt lat="42.333826" lon="-3.213661">
      <ele>923.1</ele>
    </trkpt>
    <trkpt lat="42.334239" lon="-3.213706">
      <ele>922.4</ele>
    </trkpt>
    <trkpt lat="42.336697" lon="-3.213472">
      <ele>916.3</ele>
    </trkpt>
    <trkpt lat="42.337278" lon="-3.213391">
      <ele>915.2</ele>
    </trkpt>
    <trkpt lat="42.337612" lon="-3.213239">
      <ele>914.7</ele>
    </trkpt>
    <trkpt lat="42.337979" lon="-3.212987">
      <ele>914.1</ele>
    </trkpt>
    <trkpt lat="42.338447" lon="-3.212764">
      <ele>913.5</ele>
    </trkpt>
    <trkpt lat="42.338932" lon="-3.212656">
      <ele>913</ele>
    </trkpt>
    <trkpt lat="42.339589" lon="-3.212612">
      <ele>912.4</ele>
    </trkpt>
    <trkpt lat="42.33979" lon="-3.212535">
      <ele>912.1</ele>
    </trkpt>
    <trkpt lat="42.339968" lon="-3.212389">
      <ele>911.9</ele>
    </trkpt>
    <trkpt lat="42.340464" lon="-3.211851">
      <ele>910.9</ele>
    </trkpt>
    <trkpt lat="42.340815" lon="-3.211176">
      <ele>910.1</ele>
    </trkpt>
    <trkpt lat="42.340952" lon="-3.211044">
      <ele>909.8</ele>
    </trkpt>
    <trkpt lat="42.341184" lon="-3.210926">
      <ele>909.3</ele>
    </trkpt>
    <trkpt lat="42.341679" lon="-3.210886">
      <ele>908</ele>
    </trkpt>
    <trkpt lat="42.341957" lon="-3.210795">
      <ele>907.2</ele>
    </trkpt>
    <trkpt lat="42.344625" lon="-3.209136">
      <ele>895.4</ele>
    </trkpt>
    <trkpt lat="42.344937" lon="-3.209025">
      <ele>894.4</ele>
    </trkpt>
    <trkpt lat="42.345529" lon="-3.208908">
      <ele>893</ele>
    </trkpt>
    <trkpt lat="42.345897" lon="-3.208718">
      <ele>892.2</ele>
    </trkpt>
    <trkpt lat="42.346021" lon="-3.208632">
      <ele>891.9</ele>
    </trkpt>
    <trkpt lat="42.346623" lon="-3.208063">
      <ele>890.1</ele>
    </trkpt>
    <trkpt lat="42.346869" lon="-3.207863">
      <ele>889</ele>
    </trkpt>
    <trkpt lat="42.347977" lon="-3.20719">
      <ele>883.8</ele>
    </trkpt>
    <trkpt lat="42.348233" lon="-3.206965">
      <ele>882.7</ele>
    </trkpt>
    <trkpt lat="42.348893" lon="-3.206261">
      <ele>880.4</ele>
    </trkpt>
    <trkpt lat="42.350169" lon="-3.205248">
      <ele>878.4</ele>
    </trkpt>
    <trkpt lat="42.350985" lon="-3.204715">
      <ele>877</ele>
    </trkpt>
    <trkpt lat="42.351427" lon="-3.204489">
      <ele>875.5</ele>
    </trkpt>
    <trkpt lat="42.352485" lon="-3.204017">
      <ele>869.8</ele>
    </trkpt>
    <trkpt lat="42.352867" lon="-3.203782">
      <ele>868.4</ele>
    </trkpt>
    <trkpt lat="42.353288" lon="-3.203479">
      <ele>868</ele>
    </trkpt>
    <trkpt lat="42.353262" lon="-3.203449">
      <ele>868</ele>
    </trkpt>
    <trkpt lat="42.352908" lon="-3.203042">
      <ele>868.5</ele>
    </trkpt>
    <trkpt lat="42.352803" lon="-3.202892">
      <ele>868.8</ele>
    </trkpt>
    <trkpt lat="42.352638" lon="-3.202574">
      <ele>869.6</ele>
    </trkpt>
    <trkpt lat="42.352275" lon="-3.201736">
      <ele>872.5</ele>
    </trkpt>
    <trkpt lat="42.351832" lon="-3.200372">
      <ele>875.1</ele>
    </trkpt>
    <trkpt lat="42.351696" lon="-3.200048">
      <ele>875.6</ele>
    </trkpt>
    <trkpt lat="42.351566" lon="-3.199918">
      <ele>875.9</ele>
    </trkpt>
    <trkpt lat="42.351" lon="-3.199528">
      <ele>877.4</ele>
    </trkpt>
    <trkpt lat="42.35088" lon="-3.199413">
      <ele>877.9</ele>
    </trkpt>
    <trkpt lat="42.350634" lon="-3.198977">
      <ele>879.4</ele>
    </trkpt>
    <trkpt lat="42.350244" lon="-3.198611">
      <ele>881.6</ele>
    </trkpt>
    <trkpt lat="42.349961" lon="-3.19813">
      <ele>883.5</ele>
    </trkpt>
    <trkpt lat="42.349793" lon="-3.19776">
      <ele>884.8</ele>
    </trkpt>
    <trkpt lat="42.349702" lon="-3.197304">
      <ele>885.8</ele>
    </trkpt>
    <trkpt lat="42.349571" lon="-3.196278">
      <ele>886.7</ele>
    </trkpt>
    <trkpt lat="42.349549" lon="-3.195861">
      <ele>886.9</ele>
    </trkpt>
    <trkpt lat="42.349598" lon="-3.195176">
      <ele>887.4</ele>
    </trkpt>
    <trkpt lat="42.349595" lon="-3.194833">
      <ele>887.7</ele>
    </trkpt>
    <trkpt lat="42.349441" lon="-3.193182">
      <ele>890.7</ele>
    </trkpt>
    <trkpt lat="42.349391" lon="-3.192933">
      <ele>891.5</ele>
    </trkpt>
    <trkpt lat="42.349331" lon="-3.192761">
      <ele>892.1</ele>
    </trkpt>
    <trkpt lat="42.34912" lon="-3.192509">
      <ele>893.2</ele>
    </trkpt>
    <trkpt lat="42.348746" lon="-3.192154">
      <ele>894.8</ele>
    </trkpt>
    <trkpt lat="42.348631" lon="-3.191974">
      <ele>895.3</ele>
    </trkpt>
    <trkpt lat="42.348585" lon="-3.191873">
      <ele>895.6</ele>
    </trkpt>
    <trkpt lat="42.348559" lon="-3.191781">
      <ele>895.8</ele>
    </trkpt>
    <trkpt lat="42.34851" lon="-3.191295">
      <ele>896.8</ele>
    </trkpt>
    <trkpt lat="42.348478" lon="-3.191167">
      <ele>897</ele>
    </trkpt>
    <trkpt lat="42.34835" lon="-3.190998">
      <ele>897.2</ele>
    </trkpt>
    <trkpt lat="42.347813" lon="-3.190641">
      <ele>897.4</ele>
    </trkpt>
    <trkpt lat="42.347387" lon="-3.190534">
      <ele>897.8</ele>
    </trkpt>
    <trkpt lat="42.347173" lon="-3.190415">
      <ele>898.2</ele>
    </trkpt>
    <trkpt lat="42.346294" lon="-3.189348">
      <ele>901.2</ele>
    </trkpt>
    <trkpt lat="42.345825" lon="-3.188815">
      <ele>903.2</ele>
    </trkpt>
    <trkpt lat="42.3449" lon="-3.187765">
      <ele>907.6</ele>
    </trkpt>
    <trkpt lat="42.340837" lon="-3.183173">
      <ele>927.9</ele>
    </trkpt>
    <trkpt lat="42.34025" lon="-3.182522">
      <ele>929</ele>
    </trkpt>
    <trkpt lat="42.340099" lon="-3.182412">
      <ele>929</ele>
    </trkpt>
    <trkpt lat="42.340087" lon="-3.181964">
      <ele>928.6</ele>
    </trkpt>
    <trkpt lat="42.340118" lon="-3.17958">
      <ele>922.8</ele>
    </trkpt>
    <trkpt lat="42.340163" lon="-3.179304">
      <ele>922.3</ele>
    </trkpt>
    <trkpt lat="42.340346" lon="-3.178654">
      <ele>921.4</ele>
    </trkpt>
    <trkpt lat="42.340403" lon="-3.178153">
      <ele>921</ele>
    </trkpt>
    <trkpt lat="42.340581" lon="-3.176281">
      <ele>921</ele>
    </trkpt>
    <trkpt lat="42.340582" lon="-3.175876">
      <ele>921.3</ele>
    </trkpt>
    <trkpt lat="42.340454" lon="-3.175312">
      <ele>921.9</ele>
    </trkpt>
    <trkpt lat="42.340326" lon="-3.175041">
      <ele>922.3</ele>
    </trkpt>
    <trkpt lat="42.339868" lon="-3.174273">
      <ele>923.5</ele>
    </trkpt>
    <trkpt lat="42.339802" lon="-3.174164">
      <ele>923.8</ele>
    </trkpt>
    <trkpt lat="42.339461" lon="-3.173714">
      <ele>925</ele>
    </trkpt>
    <trkpt lat="42.339274" lon="-3.173434">
      <ele>925.6</ele>
    </trkpt>
    <trkpt lat="42.338998" lon="-3.173037">
      <ele>926.3</ele>
    </trkpt>
    <trkpt lat="42.338848" lon="-3.172875">
      <ele>926.5</ele>
    </trkpt>
    <trkpt lat="42.338489" lon="-3.172569">
      <ele>927.1</ele>
    </trkpt>
    <trkpt lat="42.338191" lon="-3.172123">
      <ele>927.5</ele>
    </trkpt>
    <trkpt lat="42.336625" lon="-3.16943">
      <ele>927.9</ele>
    </trkpt>
    <trkpt lat="42.336507" lon="-3.16926">
      <ele>927.8</ele>
    </trkpt>
    <trkpt lat="42.336229" lon="-3.169021">
      <ele>927.4</ele>
    </trkpt>
    <trkpt lat="42.334767" lon="-3.168122">
      <ele>924.5</ele>
    </trkpt>
    <trkpt lat="42.334616" lon="-3.168011">
      <ele>924.3</ele>
    </trkpt>
    <trkpt lat="42.334379" lon="-3.16773">
      <ele>924.1</ele>
    </trkpt>
    <trkpt lat="42.330173" lon="-3.160999">
      <ele>930</ele>
    </trkpt>
    <trkpt lat="42.325868" lon="-3.15408">
      <ele>947.2</ele>
    </trkpt>
    <trkpt lat="42.324084" lon="-3.151165">
      <ele>957.9</ele>
    </trkpt>
    <trkpt lat="42.323746" lon="-3.150789">
      <ele>960</ele>
    </trkpt>
    <trkpt lat="42.32322" lon="-3.150295">
      <ele>962.8</ele>
    </trkpt>
    <trkpt lat="42.322832" lon="-3.149887">
      <ele>964.4</ele>
    </trkpt>
    <trkpt lat="42.32222" lon="-3.148863">
      <ele>964.3</ele>
    </trkpt>
    <trkpt lat="42.321838" lon="-3.148288">
      <ele>962.5</ele>
    </trkpt>
    <trkpt lat="42.32135" lon="-3.147629">
      <ele>959.9</ele>
    </trkpt>
    <trkpt lat="42.320435" lon="-3.145886">
      <ele>956.5</ele>
    </trkpt>
    <trkpt lat="42.31872" lon="-3.142491">
      <ele>961</ele>
    </trkpt>
    <trkpt lat="42.318235" lon="-3.141486">
      <ele>963.4</ele>
    </trkpt>
    <trkpt lat="42.317659" lon="-3.139794">
      <ele>967.7</ele>
    </trkpt>
    <trkpt lat="42.316944" lon="-3.137714">
      <ele>971.9</ele>
    </trkpt>
    <trkpt lat="42.316771" lon="-3.137363">
      <ele>972.9</ele>
    </trkpt>
    <trkpt lat="42.316656" lon="-3.137196">
      <ele>973.5</ele>
    </trkpt>
    <trkpt lat="42.31634" lon="-3.136878">
      <ele>975</ele>
    </trkpt>
    <trkpt lat="42.316117" lon="-3.136644">
      <ele>976.1</ele>
    </trkpt>
    <trkpt lat="42.315728" lon="-3.136173">
      <ele>977.7</ele>
    </trkpt>
    <trkpt lat="42.315707" lon="-3.13614">
      <ele>977.8</ele>
    </trkpt>
    <trkpt lat="42.315432" lon="-3.135639">
      <ele>978.4</ele>
    </trkpt>
    <trkpt lat="42.315369" lon="-3.135504">
      <ele>978.5</ele>
    </trkpt>
    <trkpt lat="42.315175" lon="-3.135007">
      <ele>978.5</ele>
    </trkpt>
    <trkpt lat="42.314996" lon="-3.13447">
      <ele>978</ele>
    </trkpt>
    <trkpt lat="42.315007" lon="-3.13432">
      <ele>977.9</ele>
    </trkpt>
    <trkpt lat="42.315166" lon="-3.13415">
      <ele>977.7</ele>
    </trkpt>
    <trkpt lat="42.3155" lon="-3.133843">
      <ele>977.7</ele>
    </trkpt>
    <trkpt lat="42.315555" lon="-3.133755">
      <ele>977.7</ele>
    </trkpt>
    <trkpt lat="42.315633" lon="-3.13359">
      <ele>977.8</ele>
    </trkpt>
    <trkpt lat="42.31575" lon="-3.133217">
      <ele>978.2</ele>
    </trkpt>
    <trkpt lat="42.315773" lon="-3.13307">
      <ele>978.4</ele>
    </trkpt>
    <trkpt lat="42.315845" lon="-3.131005">
      <ele>984.8</ele>
    </trkpt>
    <trkpt lat="42.315878" lon="-3.130855">
      <ele>985.3</ele>
    </trkpt>
    <trkpt lat="42.31593" lon="-3.130688">
      <ele>985.8</ele>
    </trkpt>
    <trkpt lat="42.316029" lon="-3.13059">
      <ele>986.2</ele>
    </trkpt>
    <trkpt lat="42.316195" lon="-3.130654">
      <ele>986.8</ele>
    </trkpt>
    <trkpt lat="42.317049" lon="-3.13207">
      <ele>989.4</ele>
    </trkpt>
    <trkpt lat="42.317314" lon="-3.132795">
      <ele>992.2</ele>
    </trkpt>
    <trkpt lat="42.317625" lon="-3.133138">
      <ele>994.9</ele>
    </trkpt>
    <trkpt lat="42.317824" lon="-3.133432">
      <ele>997.2</ele>
    </trkpt>
    <trkpt lat="42.317952" lon="-3.13345">
      <ele>998.1</ele>
    </trkpt>
    <trkpt lat="42.318176" lon="-3.133278">
      <ele>1000.1</ele>
    </trkpt>
    <trkpt lat="42.318535" lon="-3.133141">
      <ele>1002.7</ele>
    </trkpt>
    <trkpt lat="42.318607" lon="-3.133164">
      <ele>1003.2</ele>
    </trkpt>
    <trkpt lat="42.318655" lon="-3.133231">
      <ele>1003.6</ele>
    </trkpt>
    <trkpt lat="42.318664" lon="-3.133287">
      <ele>1003.9</ele>
    </trkpt>
    <trkpt lat="42.318666" lon="-3.133725">
      <ele>1005.9</ele>
    </trkpt>
    <trkpt lat="42.318809" lon="-3.134102">
      <ele>1007.5</ele>
    </trkpt>
    <trkpt lat="42.31886" lon="-3.134463">
      <ele>1008.9</ele>
    </trkpt>
    <trkpt lat="42.318941" lon="-3.134587">
      <ele>1009.5</ele>
    </trkpt>
    <trkpt lat="42.320463" lon="-3.135501">
      <ele>1022.2</ele>
    </trkpt>
    <trkpt lat="42.320595" lon="-3.135492">
      <ele>1023.2</ele>
    </trkpt>
    <trkpt lat="42.320671" lon="-3.135334">
      <ele>1024.1</ele>
    </trkpt>
    <trkpt lat="42.320668" lon="-3.135217">
      <ele>1024.6</ele>
    </trkpt>
    <trkpt lat="42.320017" lon="-3.134404">
      <ele>1029.2</ele>
    </trkpt>
    <trkpt lat="42.31993" lon="-3.134213">
      <ele>1030</ele>
    </trkpt>
    <trkpt lat="42.319801" lon="-3.133675">
      <ele>1032.2</ele>
    </trkpt>
    <trkpt lat="42.319769" lon="-3.133134">
      <ele>1034.5</ele>
    </trkpt>
    <trkpt lat="42.319819" lon="-3.132885">
      <ele>1035.6</ele>
    </trkpt>
    <trkpt lat="42.320015" lon="-3.132341">
      <ele>1038.3</ele>
    </trkpt>
    <trkpt lat="42.320037" lon="-3.132185">
      <ele>1039.1</ele>
    </trkpt>
    <trkpt lat="42.320021" lon="-3.132037">
      <ele>1039.8</ele>
    </trkpt>
    <trkpt lat="42.319968" lon="-3.131922">
      <ele>1040.5</ele>
    </trkpt>
    <trkpt lat="42.319531" lon="-3.131373">
      <ele>1044.2</ele>
    </trkpt>
    <trkpt lat="42.319495" lon="-3.131167">
      <ele>1045.1</ele>
    </trkpt>
    <trkpt lat="42.319508" lon="-3.130815">
      <ele>1046.3</ele>
    </trkpt>
    <trkpt lat="42.319471" lon="-3.130666">
      <ele>1046.8</ele>
    </trkpt>
    <trkpt lat="42.319401" lon="-3.130528">
      <ele>1047.3</ele>
    </trkpt>
    <trkpt lat="42.319287" lon="-3.13043">
      <ele>1047.8</ele>
    </trkpt>
    <trkpt lat="42.319007" lon="-3.13045">
      <ele>1048.7</ele>
    </trkpt>
    <trkpt lat="42.31888" lon="-3.130385">
      <ele>1049.1</ele>
    </trkpt>
    <trkpt lat="42.318737" lon="-3.130142">
      <ele>1049.7</ele>
    </trkpt>
    <trkpt lat="42.318635" lon="-3.129719">
      <ele>1050.6</ele>
    </trkpt>
    <trkpt lat="42.318514" lon="-3.129324">
      <ele>1051.5</ele>
    </trkpt>
    <trkpt lat="42.318306" lon="-3.128905">
      <ele>1052.8</ele>
    </trkpt>
    <trkpt lat="42.318301" lon="-3.128821">
      <ele>1053.1</ele>
    </trkpt>
    <trkpt lat="42.31836" lon="-3.128694">
      <ele>1053.7</ele>
    </trkpt>
    <trkpt lat="42.318418" lon="-3.128656">
      <ele>1054</ele>
    </trkpt>
    <trkpt lat="42.318478" lon="-3.128667">
      <ele>1054.3</ele>
    </trkpt>
    <trkpt lat="42.318579" lon="-3.128738">
      <ele>1054.9</ele>
    </trkpt>
    <trkpt lat="42.31863" lon="-3.128838">
      <ele>1055.4</ele>
    </trkpt>
    <trkpt lat="42.318779" lon="-3.129288">
      <ele>1057.8</ele>
    </trkpt>
    <trkpt lat="42.318865" lon="-3.129452">
      <ele>1058.9</ele>
    </trkpt>
    <trkpt lat="42.319006" lon="-3.129613">
      <ele>1060.3</ele>
    </trkpt>
    <trkpt lat="42.319216" lon="-3.129717">
      <ele>1062.1</ele>
    </trkpt>
    <trkpt lat="42.31932" lon="-3.129727">
      <ele>1062.9</ele>
    </trkpt>
    <trkpt lat="42.319789" lon="-3.129642">
      <ele>1066.8</ele>
    </trkpt>
    <trkpt lat="42.320049" lon="-3.129704">
      <ele>1068.9</ele>
    </trkpt>
    <trkpt lat="42.320403" lon="-3.129966">
      <ele>1071.8</ele>
    </trkpt>
    <trkpt lat="42.320918" lon="-3.130255">
      <ele>1075.3</ele>
    </trkpt>
    <trkpt lat="42.321107" lon="-3.130395">
      <ele>1076.3</ele>
    </trkpt>
    <trkpt lat="42.321455" lon="-3.130727">
      <ele>1077.6</ele>
    </trkpt>
    <trkpt lat="42.321562" lon="-3.130886">
      <ele>1077.9</ele>
    </trkpt>
    <trkpt lat="42.321607" lon="-3.131056">
      <ele>1078.1</ele>
    </trkpt>
    <trkpt lat="42.321747" lon="-3.132527">
      <ele>1078.3</ele>
    </trkpt>
    <trkpt lat="42.321836" lon="-3.132738">
      <ele>1078.7</ele>
    </trkpt>
    <trkpt lat="42.32205" lon="-3.132973">
      <ele>1079.7</ele>
    </trkpt>
    <trkpt lat="42.322178" lon="-3.133035">
      <ele>1080.4</ele>
    </trkpt>
    <trkpt lat="42.322234" lon="-3.133033">
      <ele>1080.7</ele>
    </trkpt>
    <trkpt lat="42.322277" lon="-3.133018">
      <ele>1080.9</ele>
    </trkpt>
    <trkpt lat="42.322335" lon="-3.132939">
      <ele>1081.4</ele>
    </trkpt>
    <trkpt lat="42.322394" lon="-3.132036">
      <ele>1087</ele>
    </trkpt>
    <trkpt lat="42.322268" lon="-3.130777">
      <ele>1096.3</ele>
    </trkpt>
    <trkpt lat="42.322248" lon="-3.130338">
      <ele>1098.4</ele>
    </trkpt>
    <trkpt lat="42.322145" lon="-3.130026">
      <ele>1099.8</ele>
    </trkpt>
    <trkpt lat="42.322015" lon="-3.12986">
      <ele>1100.6</ele>
    </trkpt>
    <trkpt lat="42.321702" lon="-3.129681">
      <ele>1102</ele>
    </trkpt>
    <trkpt lat="42.321464" lon="-3.129453">
      <ele>1103</ele>
    </trkpt>
    <trkpt lat="42.321094" lon="-3.128964">
      <ele>1104.9</ele>
    </trkpt>
    <trkpt lat="42.320674" lon="-3.128225">
      <ele>1107.8</ele>
    </trkpt>
    <trkpt lat="42.32025" lon="-3.127919">
      <ele>1110.1</ele>
    </trkpt>
    <trkpt lat="42.320037" lon="-3.127699">
      <ele>1111.4</ele>
    </trkpt>
    <trkpt lat="42.31993" lon="-3.127505">
      <ele>1112.2</ele>
    </trkpt>
    <trkpt lat="42.319764" lon="-3.127075">
      <ele>1113.7</ele>
    </trkpt>
    <trkpt lat="42.319718" lon="-3.126901">
      <ele>1114.2</ele>
    </trkpt>
    <trkpt lat="42.319715" lon="-3.126748">
      <ele>1114.7</ele>
    </trkpt>
    <trkpt lat="42.319826" lon="-3.12605">
      <ele>1117</ele>
    </trkpt>
    <trkpt lat="42.319933" lon="-3.124884">
      <ele>1122.2</ele>
    </trkpt>
    <trkpt lat="42.319983" lon="-3.124608">
      <ele>1123.9</ele>
    </trkpt>
    <trkpt lat="42.320068" lon="-3.124439">
      <ele>1125.1</ele>
    </trkpt>
    <trkpt lat="42.320228" lon="-3.12422">
      <ele>1127.2</ele>
    </trkpt>
    <trkpt lat="42.320448" lon="-3.123843">
      <ele>1130.3</ele>
    </trkpt>
    <trkpt lat="42.320897" lon="-3.123351">
      <ele>1134.3</ele>
    </trkpt>
    <trkpt lat="42.320944" lon="-3.123174">
      <ele>1135.1</ele>
    </trkpt>
    <trkpt lat="42.320907" lon="-3.12307">
      <ele>1135.5</ele>
    </trkpt>
    <trkpt lat="42.320813" lon="-3.122984">
      <ele>1136</ele>
    </trkpt>
    <trkpt lat="42.320495" lon="-3.122793">
      <ele>1136.9</ele>
    </trkpt>
    <trkpt lat="42.320274" lon="-3.1227">
      <ele>1137.2</ele>
    </trkpt>
    <trkpt lat="42.320013" lon="-3.12265">
      <ele>1137.2</ele>
    </trkpt>
    <trkpt lat="42.319916" lon="-3.122599">
      <ele>1137.2</ele>
    </trkpt>
    <trkpt lat="42.319496" lon="-3.122199">
      <ele>1137.5</ele>
    </trkpt>
    <trkpt lat="42.319387" lon="-3.122041">
      <ele>1137.9</ele>
    </trkpt>
    <trkpt lat="42.319334" lon="-3.121913">
      <ele>1138.3</ele>
    </trkpt>
    <trkpt lat="42.319292" lon="-3.121592">
      <ele>1139.2</ele>
    </trkpt>
    <trkpt lat="42.319319" lon="-3.121383">
      <ele>1139.9</ele>
    </trkpt>
    <trkpt lat="42.319529" lon="-3.120754">
      <ele>1142.7</ele>
    </trkpt>
    <trkpt lat="42.319609" lon="-3.12031">
      <ele>1144.6</ele>
    </trkpt>
    <trkpt lat="42.319596" lon="-3.120012">
      <ele>1145.7</ele>
    </trkpt>
    <trkpt lat="42.319515" lon="-3.119556">
      <ele>1147.3</ele>
    </trkpt>
    <trkpt lat="42.319527" lon="-3.119374">
      <ele>1148</ele>
    </trkpt>
    <trkpt lat="42.319612" lon="-3.118987">
      <ele>1149.4</ele>
    </trkpt>
    <trkpt lat="42.319577" lon="-3.118873">
      <ele>1149.8</ele>
    </trkpt>
    <trkpt lat="42.319417" lon="-3.118599">
      <ele>1151.2</ele>
    </trkpt>
    <trkpt lat="42.319313" lon="-3.118347">
      <ele>1152.5</ele>
    </trkpt>
    <trkpt lat="42.318972" lon="-3.116724">
      <ele>1161.1</ele>
    </trkpt>
    <trkpt lat="42.318846" lon="-3.116261">
      <ele>1164</ele>
    </trkpt>
    <trkpt lat="42.318699" lon="-3.115677">
      <ele>1168</ele>
    </trkpt>
    <trkpt lat="42.318639" lon="-3.115161">
      <ele>1171.5</ele>
    </trkpt>
    <trkpt lat="42.31867" lon="-3.114979">
      <ele>1172.7</ele>
    </trkpt>
    <trkpt lat="42.319002" lon="-3.114374">
      <ele>1177.9</ele>
    </trkpt>
    <trkpt lat="42.31906" lon="-3.114194">
      <ele>1179.3</ele>
    </trkpt>
    <trkpt lat="42.319037" lon="-3.113982">
      <ele>1180.8</ele>
    </trkpt>
    <trkpt lat="42.318238" lon="-3.111715">
      <ele>1195.6</ele>
    </trkpt>
    <trkpt lat="42.318082" lon="-3.111237">
      <ele>1199.7</ele>
    </trkpt>
    <trkpt lat="42.317943" lon="-3.110364">
      <ele>1207</ele>
    </trkpt>
    <trkpt lat="42.317833" lon="-3.109936">
      <ele>1210.5</ele>
    </trkpt>
    <trkpt lat="42.31775" lon="-3.109383">
      <ele>1214.1</ele>
    </trkpt>
    <trkpt lat="42.317784" lon="-3.108973">
      <ele>1216.5</ele>
    </trkpt>
    <trkpt lat="42.317967" lon="-3.108356">
      <ele>1219.7</ele>
    </trkpt>
    <trkpt lat="42.318036" lon="-3.108032">
      <ele>1221.2</ele>
    </trkpt>
    <trkpt lat="42.318088" lon="-3.107099">
      <ele>1225.5</ele>
    </trkpt>
    <trkpt lat="42.318124" lon="-3.106478">
      <ele>1228.8</ele>
    </trkpt>
    <trkpt lat="42.318253" lon="-3.105089">
      <ele>1232.6</ele>
    </trkpt>
    <trkpt lat="42.318223" lon="-3.104861">
      <ele>1232.1</ele>
    </trkpt>
    <trkpt lat="42.318125" lon="-3.104682">
      <ele>1231.4</ele>
    </trkpt>
    <trkpt lat="42.317961" lon="-3.104518">
      <ele>1230.1</ele>
    </trkpt>
    <trkpt lat="42.317835" lon="-3.104312">
      <ele>1228.5</ele>
    </trkpt>
    <trkpt lat="42.317829" lon="-3.104044">
      <ele>1226.5</ele>
    </trkpt>
    <trkpt lat="42.317877" lon="-3.103419">
      <ele>1220.7</ele>
    </trkpt>
    <trkpt lat="42.318024" lon="-3.102817">
      <ele>1214</ele>
    </trkpt>
    <trkpt lat="42.318135" lon="-3.1025">
      <ele>1210.8</ele>
    </trkpt>
    <trkpt lat="42.318336" lon="-3.102218">
      <ele>1207.6</ele>
    </trkpt>
    <trkpt lat="42.318469" lon="-3.10192">
      <ele>1205.1</ele>
    </trkpt>
    <trkpt lat="42.318818" lon="-3.100495">
      <ele>1200.6</ele>
    </trkpt>
    <trkpt lat="42.318865" lon="-3.100414">
      <ele>1200.7</ele>
    </trkpt>
    <trkpt lat="42.31894" lon="-3.100363">
      <ele>1200.7</ele>
    </trkpt>
    <trkpt lat="42.319045" lon="-3.10036">
      <ele>1200.8</ele>
    </trkpt>
    <trkpt lat="42.319561" lon="-3.100677">
      <ele>1200.4</ele>
    </trkpt>
    <trkpt lat="42.319632" lon="-3.100675">
      <ele>1200.2</ele>
    </trkpt>
    <trkpt lat="42.319716" lon="-3.100622">
      <ele>1200.1</ele>
    </trkpt>
    <trkpt lat="42.319784" lon="-3.100517">
      <ele>1199.9</ele>
    </trkpt>
    <trkpt lat="42.319874" lon="-3.100263">
      <ele>1199.2</ele>
    </trkpt>
    <trkpt lat="42.320028" lon="-3.099475">
      <ele>1194.7</ele>
    </trkpt>
    <trkpt lat="42.32002" lon="-3.098509">
      <ele>1185.9</ele>
    </trkpt>
    <trkpt lat="42.320006" lon="-3.098219">
      <ele>1183.5</ele>
    </trkpt>
    <trkpt lat="42.319936" lon="-3.097665">
      <ele>1179.4</ele>
    </trkpt>
    <trkpt lat="42.319941" lon="-3.097452">
      <ele>1178.1</ele>
    </trkpt>
    <trkpt lat="42.32013" lon="-3.096467">
      <ele>1172.4</ele>
    </trkpt>
    <trkpt lat="42.320159" lon="-3.096049">
      <ele>1170</ele>
    </trkpt>
    <trkpt lat="42.320054" lon="-3.095497">
      <ele>1166.6</ele>
    </trkpt>
    <trkpt lat="42.319911" lon="-3.094997">
      <ele>1163.1</ele>
    </trkpt>
    <trkpt lat="42.319476" lon="-3.094003">
      <ele>1156.1</ele>
    </trkpt>
    <trkpt lat="42.319361" lon="-3.093475">
      <ele>1152.9</ele>
    </trkpt>
    <trkpt lat="42.319314" lon="-3.093424">
      <ele>1152.5</ele>
    </trkpt>
    <trkpt lat="42.319222" lon="-3.093435">
      <ele>1151.9</ele>
    </trkpt>
    <trkpt lat="42.319185" lon="-3.093576">
      <ele>1151.1</ele>
    </trkpt>
    <trkpt lat="42.319339" lon="-3.094172">
      <ele>1148.6</ele>
    </trkpt>
    <trkpt lat="42.319511" lon="-3.094756">
      <ele>1145.5</ele>
    </trkpt>
    <trkpt lat="42.319587" lon="-3.095187">
      <ele>1142.9</ele>
    </trkpt>
    <trkpt lat="42.319634" lon="-3.095765">
      <ele>1139.8</ele>
    </trkpt>
    <trkpt lat="42.319619" lon="-3.096056">
      <ele>1138.3</ele>
    </trkpt>
    <trkpt lat="42.319592" lon="-3.096222">
      <ele>1137.5</ele>
    </trkpt>
    <trkpt lat="42.319524" lon="-3.096384">
      <ele>1136.6</ele>
    </trkpt>
    <trkpt lat="42.319182" lon="-3.09691">
      <ele>1134</ele>
    </trkpt>
    <trkpt lat="42.319135" lon="-3.097061">
      <ele>1133.4</ele>
    </trkpt>
    <trkpt lat="42.318989" lon="-3.097795">
      <ele>1131.3</ele>
    </trkpt>
    <trkpt lat="42.319002" lon="-3.098262">
      <ele>1130.2</ele>
    </trkpt>
    <trkpt lat="42.318963" lon="-3.098373">
      <ele>1130</ele>
    </trkpt>
    <trkpt lat="42.3189" lon="-3.09844">
      <ele>1129.8</ele>
    </trkpt>
    <trkpt lat="42.318758" lon="-3.098494">
      <ele>1129.4</ele>
    </trkpt>
    <trkpt lat="42.318319" lon="-3.098511">
      <ele>1128.1</ele>
    </trkpt>
    <trkpt lat="42.318248" lon="-3.098579">
      <ele>1127.8</ele>
    </trkpt>
    <trkpt lat="42.318092" lon="-3.098933">
      <ele>1127.2</ele>
    </trkpt>
    <trkpt lat="42.31762" lon="-3.099592">
      <ele>1127</ele>
    </trkpt>
    <trkpt lat="42.317515" lon="-3.099683">
      <ele>1126.8</ele>
    </trkpt>
    <trkpt lat="42.316963" lon="-3.099946">
      <ele>1124.8</ele>
    </trkpt>
    <trkpt lat="42.316875" lon="-3.099887">
      <ele>1124.4</ele>
    </trkpt>
    <trkpt lat="42.316878" lon="-3.099791">
      <ele>1124.1</ele>
    </trkpt>
    <trkpt lat="42.316895" lon="-3.099735">
      <ele>1123.9</ele>
    </trkpt>
    <trkpt lat="42.316952" lon="-3.099686">
      <ele>1123.7</ele>
    </trkpt>
    <trkpt lat="42.317116" lon="-3.099613">
      <ele>1122.9</ele>
    </trkpt>
    <trkpt lat="42.317437" lon="-3.099404">
      <ele>1120.4</ele>
    </trkpt>
    <trkpt lat="42.3175" lon="-3.099315">
      <ele>1119.6</ele>
    </trkpt>
    <trkpt lat="42.317711" lon="-3.098829">
      <ele>1115</ele>
    </trkpt>
    <trkpt lat="42.318028" lon="-3.098206">
      <ele>1109.6</ele>
    </trkpt>
    <trkpt lat="42.318503" lon="-3.097824">
      <ele>1105.4</ele>
    </trkpt>
    <trkpt lat="42.318523" lon="-3.097733">
      <ele>1104.8</ele>
    </trkpt>
    <trkpt lat="42.318519" lon="-3.097499">
      <ele>1103.5</ele>
    </trkpt>
    <trkpt lat="42.31841" lon="-3.096524">
      <ele>1098.6</ele>
    </trkpt>
    <trkpt lat="42.318456" lon="-3.096184">
      <ele>1097</ele>
    </trkpt>
    <trkpt lat="42.318564" lon="-3.095789">
      <ele>1095.1</ele>
    </trkpt>
    <trkpt lat="42.318539" lon="-3.095537">
      <ele>1094</ele>
    </trkpt>
    <trkpt lat="42.317624" lon="-3.092774">
      <ele>1077.4</ele>
    </trkpt>
    <trkpt lat="42.317589" lon="-3.092163">
      <ele>1073.1</ele>
    </trkpt>
    <trkpt lat="42.317498" lon="-3.091707">
      <ele>1069.9</ele>
    </trkpt>
    <trkpt lat="42.317411" lon="-3.09109">
      <ele>1065.8</ele>
    </trkpt>
    <trkpt lat="42.317351" lon="-3.090383">
      <ele>1061.9</ele>
    </trkpt>
    <trkpt lat="42.317398" lon="-3.088989">
      <ele>1058.3</ele>
    </trkpt>
    <trkpt lat="42.317415" lon="-3.088822">
      <ele>1058.2</ele>
    </trkpt>
    <trkpt lat="42.317457" lon="-3.088709">
      <ele>1058.1</ele>
    </trkpt>
    <trkpt lat="42.317833" lon="-3.088226">
      <ele>1057.9</ele>
    </trkpt>
    <trkpt lat="42.318105" lon="-3.087968">
      <ele>1058.7</ele>
    </trkpt>
    <trkpt lat="42.318618" lon="-3.087257">
      <ele>1060.4</ele>
    </trkpt>
    <trkpt lat="42.318922" lon="-3.087032">
      <ele>1059.8</ele>
    </trkpt>
    <trkpt lat="42.31903" lon="-3.08692">
      <ele>1059.3</ele>
    </trkpt>
    <trkpt lat="42.319066" lon="-3.08684">
      <ele>1059</ele>
    </trkpt>
    <trkpt lat="42.319069" lon="-3.086729">
      <ele>1058.6</ele>
    </trkpt>
    <trkpt lat="42.319035" lon="-3.086589">
      <ele>1058.1</ele>
    </trkpt>
    <trkpt lat="42.318923" lon="-3.086425">
      <ele>1057</ele>
    </trkpt>
    <trkpt lat="42.318761" lon="-3.086348">
      <ele>1055.7</ele>
    </trkpt>
    <trkpt lat="42.31852" lon="-3.086342">
      <ele>1053.3</ele>
    </trkpt>
    <trkpt lat="42.318365" lon="-3.086388">
      <ele>1051.3</ele>
    </trkpt>
    <trkpt lat="42.318105" lon="-3.086463">
      <ele>1047.4</ele>
    </trkpt>
    <trkpt lat="42.317913" lon="-3.086439">
      <ele>1044.5</ele>
    </trkpt>
    <trkpt lat="42.317767" lon="-3.086382">
      <ele>1042.2</ele>
    </trkpt>
    <trkpt lat="42.317515" lon="-3.086228">
      <ele>1038.3</ele>
    </trkpt>
    <trkpt lat="42.31737" lon="-3.086057">
      <ele>1035.8</ele>
    </trkpt>
    <trkpt lat="42.3173" lon="-3.085894">
      <ele>1034.1</ele>
    </trkpt>
    <trkpt lat="42.317252" lon="-3.085508">
      <ele>1030.8</ele>
    </trkpt>
    <trkpt lat="42.3173" lon="-3.084545">
      <ele>1025.4</ele>
    </trkpt>
    <trkpt lat="42.3174" lon="-3.084056">
      <ele>1024</ele>
    </trkpt>
    <trkpt lat="42.31761" lon="-3.083256">
      <ele>1022.5</ele>
    </trkpt>
    <trkpt lat="42.317768" lon="-3.082879">
      <ele>1021.9</ele>
    </trkpt>
    <trkpt lat="42.317986" lon="-3.082533">
      <ele>1021.2</ele>
    </trkpt>
    <trkpt lat="42.31875" lon="-3.081651">
      <ele>1017.1</ele>
    </trkpt>
    <trkpt lat="42.318815" lon="-3.081544">
      <ele>1016.5</ele>
    </trkpt>
    <trkpt lat="42.318882" lon="-3.081371">
      <ele>1015.6</ele>
    </trkpt>
    <trkpt lat="42.31912" lon="-3.080265">
      <ele>1010.1</ele>
    </trkpt>
    <trkpt lat="42.319614" lon="-3.078596">
      <ele>1002.2</ele>
    </trkpt>
    <trkpt lat="42.319734" lon="-3.078313">
      <ele>1000.8</ele>
    </trkpt>
    <trkpt lat="42.319947" lon="-3.077935">
      <ele>999</ele>
    </trkpt>
    <trkpt lat="42.31998" lon="-3.07783">
      <ele>998.5</ele>
    </trkpt>
    <trkpt lat="42.319974" lon="-3.077709">
      <ele>998.1</ele>
    </trkpt>
    <trkpt lat="42.31993" lon="-3.077644">
      <ele>997.8</ele>
    </trkpt>
    <trkpt lat="42.319807" lon="-3.077662">
      <ele>997.2</ele>
    </trkpt>
    <trkpt lat="42.319614" lon="-3.077978">
      <ele>995.7</ele>
    </trkpt>
    <trkpt lat="42.319183" lon="-3.07894">
      <ele>991.9</ele>
    </trkpt>
    <trkpt lat="42.31825" lon="-3.08045">
      <ele>985.9</ele>
    </trkpt>
    <trkpt lat="42.31811" lon="-3.08062">
      <ele>985.1</ele>
    </trkpt>
    <trkpt lat="42.31787" lon="-3.08079">
      <ele>984</ele>
    </trkpt>
    <trkpt lat="42.317435" lon="-3.080925">
      <ele>982.3</ele>
    </trkpt>
    <trkpt lat="42.317203" lon="-3.081182">
      <ele>980.9</ele>
    </trkpt>
    <trkpt lat="42.316907" lon="-3.081793">
      <ele>978.2</ele>
    </trkpt>
    <trkpt lat="42.316849" lon="-3.081856">
      <ele>977.8</ele>
    </trkpt>
    <trkpt lat="42.316789" lon="-3.081876">
      <ele>977.5</ele>
    </trkpt>
    <trkpt lat="42.316737" lon="-3.081851">
      <ele>977.3</ele>
    </trkpt>
    <trkpt lat="42.316696" lon="-3.081799">
      <ele>977</ele>
    </trkpt>
    <trkpt lat="42.316689" lon="-3.081563">
      <ele>976.2</ele>
    </trkpt>
    <trkpt lat="42.31684" lon="-3.08128">
      <ele>975</ele>
    </trkpt>
    <trkpt lat="42.31778" lon="-3.079377">
      <ele>966.7</ele>
    </trkpt>
    <trkpt lat="42.317909" lon="-3.079131">
      <ele>965.7</ele>
    </trkpt>
    <trkpt lat="42.317996" lon="-3.0789">
      <ele>964.9</ele>
    </trkpt>
    <trkpt lat="42.318046" lon="-3.078567">
      <ele>963.8</ele>
    </trkpt>
    <trkpt lat="42.318069" lon="-3.078412">
      <ele>963.3</ele>
    </trkpt>
    <trkpt lat="42.318149" lon="-3.078146">
      <ele>962.4</ele>
    </trkpt>
    <trkpt lat="42.318705" lon="-3.076289">
      <ele>955.3</ele>
    </trkpt>
    <trkpt lat="42.318985" lon="-3.07479">
      <ele>949.3</ele>
    </trkpt>
    <trkpt lat="42.319016" lon="-3.074509">
      <ele>948.1</ele>
    </trkpt>
    <trkpt lat="42.319034" lon="-3.074246">
      <ele>946.9</ele>
    </trkpt>
    <trkpt lat="42.319014" lon="-3.073478">
      <ele>943.3</ele>
    </trkpt>
    <trkpt lat="42.31888" lon="-3.07268">
      <ele>939.2</ele>
    </trkpt>
    <trkpt lat="42.3186" lon="-3.07195">
      <ele>935.7</ele>
    </trkpt>
    <trkpt lat="42.318337" lon="-3.071514">
      <ele>934.1</ele>
    </trkpt>
    <trkpt lat="42.318114" lon="-3.071159">
      <ele>933.3</ele>
    </trkpt>
    <trkpt lat="42.318086" lon="-3.071109">
      <ele>933.2</ele>
    </trkpt>
    <trkpt lat="42.317952" lon="-3.070873">
      <ele>932.8</ele>
    </trkpt>
    <trkpt lat="42.317858" lon="-3.070641">
      <ele>932.6</ele>
    </trkpt>
    <trkpt lat="42.317806" lon="-3.0704">
      <ele>932.4</ele>
    </trkpt>
    <trkpt lat="42.317805" lon="-3.069993">
      <ele>932</ele>
    </trkpt>
    <trkpt lat="42.31783" lon="-3.06983">
      <ele>931.9</ele>
    </trkpt>
    <trkpt lat="42.318248" lon="-3.068385">
      <ele>930.2</ele>
    </trkpt>
    <trkpt lat="42.318279" lon="-3.06827">
      <ele>930</ele>
    </trkpt>
    <trkpt lat="42.318485" lon="-3.06759">
      <ele>928.7</ele>
    </trkpt>
    <trkpt lat="42.318592" lon="-3.067238">
      <ele>927.8</ele>
    </trkpt>
    <trkpt lat="42.318631" lon="-3.067099">
      <ele>927.5</ele>
    </trkpt>
    <trkpt lat="42.319113" lon="-3.06549">
      <ele>921.3</ele>
    </trkpt>
    <trkpt lat="42.31913" lon="-3.065435">
      <ele>921.1</ele>
    </trkpt>
    <trkpt lat="42.319502" lon="-3.065436">
      <ele>919</ele>
    </trkpt>
    <trkpt lat="42.319768" lon="-3.065541">
      <ele>917.5</ele>
    </trkpt>
    <trkpt lat="42.31983" lon="-3.065464">
      <ele>917</ele>
    </trkpt>
    <trkpt lat="42.320346" lon="-3.064418">
      <ele>912.6</ele>
    </trkpt>
    <trkpt lat="42.320538" lon="-3.063965">
      <ele>911.2</ele>
    </trkpt>
    <trkpt lat="42.320659" lon="-3.063547">
      <ele>910.1</ele>
    </trkpt>
    <trkpt lat="42.320652" lon="-3.063444">
      <ele>909.9</ele>
    </trkpt>
    <trkpt lat="42.320548" lon="-3.063232">
      <ele>909.3</ele>
    </trkpt>
    <trkpt lat="42.320576" lon="-3.06304">
      <ele>908.8</ele>
    </trkpt>
    <trkpt lat="42.320667" lon="-3.062907">
      <ele>908.3</ele>
    </trkpt>
    <trkpt lat="42.320709" lon="-3.0628">
      <ele>908</ele>
    </trkpt>
    <trkpt lat="42.320724" lon="-3.06262">
      <ele>907.6</ele>
    </trkpt>
    <trkpt lat="42.320975" lon="-3.061975">
      <ele>905.8</ele>
    </trkpt>
    <trkpt lat="42.321056" lon="-3.061679">
      <ele>905.2</ele>
    </trkpt>
    <trkpt lat="42.321059" lon="-3.061515">
      <ele>904.9</ele>
    </trkpt>
    <trkpt lat="42.321161" lon="-3.061378">
      <ele>904.5</ele>
    </trkpt>
    <trkpt lat="42.321206" lon="-3.061004">
      <ele>904</ele>
    </trkpt>
    <trkpt lat="42.321365" lon="-3.060922">
      <ele>903.7</ele>
    </trkpt>
    <trkpt lat="42.321418" lon="-3.060855">
      <ele>903.6</ele>
    </trkpt>
    <trkpt lat="42.321477" lon="-3.060679">
      <ele>903.4</ele>
    </trkpt>
    <trkpt lat="42.321468" lon="-3.06035">
      <ele>903.1</ele>
    </trkpt>
    <trkpt lat="42.321506" lon="-3.060056">
      <ele>902.9</ele>
    </trkpt>
    <trkpt lat="42.321508" lon="-3.059827">
      <ele>902.7</ele>
    </trkpt>
    <trkpt lat="42.321469" lon="-3.059182">
      <ele>902.2</ele>
    </trkpt>
    <trkpt lat="42.321548" lon="-3.058146">
      <ele>900.5</ele>
    </trkpt>
    <trkpt lat="42.321531" lon="-3.057742">
      <ele>899.6</ele>
    </trkpt>
    <trkpt lat="42.321575" lon="-3.057695">
      <ele>899.4</ele>
    </trkpt>
    <trkpt lat="42.324184" lon="-3.049044">
      <ele>874.9</ele>
    </trkpt>
    <trkpt lat="42.324211" lon="-3.048957">
      <ele>874.7</ele>
    </trkpt>
    <trkpt lat="42.324336" lon="-3.048536">
      <ele>873.8</ele>
    </trkpt>
    <trkpt lat="42.324652" lon="-3.047377">
      <ele>871.8</ele>
    </trkpt>
    <trkpt lat="42.324683" lon="-3.046784">
      <ele>870.9</ele>
    </trkpt>
    <trkpt lat="42.324689" lon="-3.04594">
      <ele>869.5</ele>
    </trkpt>
    <trkpt lat="42.324752" lon="-3.045138">
      <ele>868.4</ele>
    </trkpt>
    <trkpt lat="42.324788" lon="-3.044942">
      <ele>868.1</ele>
    </trkpt>
    <trkpt lat="42.324804" lon="-3.044372">
      <ele>867.4</ele>
    </trkpt>
    <trkpt lat="42.324883" lon="-3.043662">
      <ele>866.6</ele>
    </trkpt>
    <trkpt lat="42.324885" lon="-3.04323">
      <ele>866.1</ele>
    </trkpt>
    <trkpt lat="42.324861" lon="-3.042983">
      <ele>865.8</ele>
    </trkpt>
    <trkpt lat="42.324885" lon="-3.042572">
      <ele>865.4</ele>
    </trkpt>
    <trkpt lat="42.324857" lon="-3.042144">
      <ele>864.9</ele>
    </trkpt>
    <trkpt lat="42.324878" lon="-3.041932">
      <ele>864.6</ele>
    </trkpt>
    <trkpt lat="42.325147" lon="-3.040582">
      <ele>861.1</ele>
    </trkpt>
    <trkpt lat="42.325147" lon="-3.040489">
      <ele>860.8</ele>
    </trkpt>
    <trkpt lat="42.325082" lon="-3.04036">
      <ele>860.4</ele>
    </trkpt>
    <trkpt lat="42.325261" lon="-3.039563">
      <ele>858.2</ele>
    </trkpt>
    <trkpt lat="42.325291" lon="-3.039468">
      <ele>857.9</ele>
    </trkpt>
    <trkpt lat="42.325434" lon="-3.038839">
      <ele>856.1</ele>
    </trkpt>
    <trkpt lat="42.325478" lon="-3.038647">
      <ele>855.7</ele>
    </trkpt>
    <trkpt lat="42.325607" lon="-3.038076">
      <ele>854.4</ele>
    </trkpt>
    <trkpt lat="42.325654" lon="-3.037864">
      <ele>854</ele>
    </trkpt>
    <trkpt lat="42.325662" lon="-3.037817">
      <ele>853.9</ele>
    </trkpt>
    <trkpt lat="42.325659" lon="-3.037531">
      <ele>853.4</ele>
    </trkpt>
    <trkpt lat="42.3256" lon="-3.037067">
      <ele>852.4</ele>
    </trkpt>
    <trkpt lat="42.325593" lon="-3.037029">
      <ele>852.3</ele>
    </trkpt>
    <trkpt lat="42.325649" lon="-3.036789">
      <ele>851.7</ele>
    </trkpt>
    <trkpt lat="42.325739" lon="-3.036112">
      <ele>850.1</ele>
    </trkpt>
    <trkpt lat="42.325613" lon="-3.035605">
      <ele>848.8</ele>
    </trkpt>
    <trkpt lat="42.325472" lon="-3.035206">
      <ele>847.8</ele>
    </trkpt>
    <trkpt lat="42.325468" lon="-3.035046">
      <ele>847.5</ele>
    </trkpt>
    <trkpt lat="42.325522" lon="-3.034788">
      <ele>846.9</ele>
    </trkpt>
    <trkpt lat="42.325528" lon="-3.034495">
      <ele>846.2</ele>
    </trkpt>
    <trkpt lat="42.325404" lon="-3.034178">
      <ele>845.6</ele>
    </trkpt>
    <trkpt lat="42.32526" lon="-3.033991">
      <ele>845.3</ele>
    </trkpt>
    <trkpt lat="42.325122" lon="-3.03382">
      <ele>845</ele>
    </trkpt>
    <trkpt lat="42.324874" lon="-3.033511">
      <ele>844.8</ele>
    </trkpt>
    <trkpt lat="42.324754" lon="-3.033396">
      <ele>844.7</ele>
    </trkpt>
    <trkpt lat="42.324675" lon="-3.033245">
      <ele>844.6</ele>
    </trkpt>
    <trkpt lat="42.324626" lon="-3.033151">
      <ele>844.6</ele>
    </trkpt>
    <trkpt lat="42.32459" lon="-3.032981">
      <ele>844.4</ele>
    </trkpt>
    <trkpt lat="42.324532" lon="-3.03225">
      <ele>843.8</ele>
    </trkpt>
    <trkpt lat="42.324534" lon="-3.031909">
      <ele>843.4</ele>
    </trkpt>
    <trkpt lat="42.324753" lon="-3.030757">
      <ele>841.1</ele>
    </trkpt>
    <trkpt lat="42.325326" lon="-3.027375">
      <ele>833.9</ele>
    </trkpt>
    <trkpt lat="42.325498" lon="-3.026534">
      <ele>832.9</ele>
    </trkpt>
    <trkpt lat="42.32561" lon="-3.025214">
      <ele>831.8</ele>
    </trkpt>
    <trkpt lat="42.325623" lon="-3.025089">
      <ele>831.7</ele>
    </trkpt>
    <trkpt lat="42.325585" lon="-3.024637">
      <ele>831.2</ele>
    </trkpt>
    <trkpt lat="42.325711" lon="-3.02083">
      <ele>823.7</ele>
    </trkpt>
    <trkpt lat="42.325664" lon="-3.020552">
      <ele>823.1</ele>
    </trkpt>
    <trkpt lat="42.325676" lon="-3.020131">
      <ele>822.1</ele>
    </trkpt>
    <trkpt lat="42.325732" lon="-3.018626">
      <ele>819.1</ele>
    </trkpt>
    <trkpt lat="42.32576" lon="-3.017466">
      <ele>817.5</ele>
    </trkpt>
    <trkpt lat="42.325768" lon="-3.01704">
      <ele>817</ele>
    </trkpt>
    <trkpt lat="42.325775" lon="-3.016872">
      <ele>816.8</ele>
    </trkpt>
    <trkpt lat="42.326234" lon="-3.016717">
      <ele>816</ele>
    </trkpt>
    <trkpt lat="42.326662" lon="-3.01655">
      <ele>815.1</ele>
    </trkpt>
    <trkpt lat="42.327088" lon="-3.016411">
      <ele>814.1</ele>
    </trkpt>
    <trkpt lat="42.327685" lon="-3.01624">
      <ele>812.4</ele>
    </trkpt>
    <trkpt lat="42.328244" lon="-3.016098">
      <ele>810.8</ele>
    </trkpt>
    <trkpt lat="42.328352" lon="-3.016044">
      <ele>810.5</ele>
    </trkpt>
    <trkpt lat="42.328393" lon="-3.015924">
      <ele>810.2</ele>
    </trkpt>
    <trkpt lat="42.328392" lon="-3.015839">
      <ele>810.1</ele>
    </trkpt>
    <trkpt lat="42.328445" lon="-3.015736">
      <ele>809.8</ele>
    </trkpt>
    <trkpt lat="42.328474" lon="-3.015549">
      <ele>809.5</ele>
    </trkpt>
    <trkpt lat="42.328465" lon="-3.015493">
      <ele>809.4</ele>
    </trkpt>
    <trkpt lat="42.328326" lon="-3.014539">
      <ele>808.3</ele>
    </trkpt>
    <trkpt lat="42.328248" lon="-3.013957">
      <ele>807.8</ele>
    </trkpt>
    <trkpt lat="42.328667" lon="-3.013871">
      <ele>807.5</ele>
    </trkpt>
    <trkpt lat="42.328903" lon="-3.013825">
      <ele>807.3</ele>
    </trkpt>
    <trkpt lat="42.328999" lon="-3.013805">
      <ele>807.2</ele>
    </trkpt>
    <trkpt lat="42.329075" lon="-3.013786">
      <ele>807.1</ele>
    </trkpt>
    <trkpt lat="42.329359" lon="-3.013708">
      <ele>806.7</ele>
    </trkpt>
    <trkpt lat="42.330935" lon="-3.013265">
      <ele>804.2</ele>
    </trkpt>
    <trkpt lat="42.33157" lon="-3.013091">
      <ele>803</ele>
    </trkpt>
    <trkpt lat="42.3323" lon="-3.012893">
      <ele>801.7</ele>
    </trkpt>
    <trkpt lat="42.332673" lon="-3.012731">
      <ele>800.9</ele>
    </trkpt>
    <trkpt lat="42.332996" lon="-3.012554">
      <ele>800.2</ele>
    </trkpt>
    <trkpt lat="42.333098" lon="-3.012495">
      <ele>800</ele>
    </trkpt>
    <trkpt lat="42.33346" lon="-3.012271">
      <ele>799.3</ele>
    </trkpt>
    <trkpt lat="42.333833" lon="-3.012046">
      <ele>798.7</ele>
    </trkpt>
    <trkpt lat="42.335275" lon="-3.011209">
      <ele>796.5</ele>
    </trkpt>
    <trkpt lat="42.33563" lon="-3.011023">
      <ele>796.1</ele>
    </trkpt>
    <trkpt lat="42.33712" lon="-3.010265">
      <ele>794.7</ele>
    </trkpt>
    <trkpt lat="42.337622" lon="-3.010084">
      <ele>794.5</ele>
    </trkpt>
    <trkpt lat="42.338519" lon="-3.009701">
      <ele>794.4</ele>
    </trkpt>
    <trkpt lat="42.338983" lon="-3.009451">
      <ele>793.7</ele>
    </trkpt>
    <trkpt lat="42.339229" lon="-3.009266">
      <ele>793.3</ele>
    </trkpt>
    <trkpt lat="42.339599" lon="-3.00891">
      <ele>792.6</ele>
    </trkpt>
    <trkpt lat="42.339854" lon="-3.008583">
      <ele>792</ele>
    </trkpt>
    <trkpt lat="42.340021" lon="-3.00832">
      <ele>791.5</ele>
    </trkpt>
    <trkpt lat="42.340389" lon="-3.007565">
      <ele>790.5</ele>
    </trkpt>
    <trkpt lat="42.34045" lon="-3.007429">
      <ele>790.4</ele>
    </trkpt>
    <trkpt lat="42.340849" lon="-3.006634">
      <ele>789.5</ele>
    </trkpt>
    <trkpt lat="42.341635" lon="-3.005263">
      <ele>787.5</ele>
    </trkpt>
    <trkpt lat="42.342026" lon="-3.004689">
      <ele>786.5</ele>
    </trkpt>
    <trkpt lat="42.342147" lon="-3.004579">
      <ele>786.3</ele>
    </trkpt>
    <trkpt lat="42.342523" lon="-3.004332">
      <ele>785.6</ele>
    </trkpt>
    <trkpt lat="42.343409" lon="-3.003815">
      <ele>784</ele>
    </trkpt>
    <trkpt lat="42.344087" lon="-3.003639">
      <ele>782.3</ele>
    </trkpt>
    <trkpt lat="42.344389" lon="-3.003465">
      <ele>781.4</ele>
    </trkpt>
    <trkpt lat="42.345147" lon="-3.00299">
      <ele>779.8</ele>
    </trkpt>
    <trkpt lat="42.346812" lon="-3.002005">
      <ele>779.3</ele>
    </trkpt>
    <trkpt lat="42.347735" lon="-3.001519">
      <ele>778.2</ele>
    </trkpt>
    <trkpt lat="42.34865" lon="-3.000811">
      <ele>775.6</ele>
    </trkpt>
    <trkpt lat="42.349565" lon="-3.000104">
      <ele>773</ele>
    </trkpt>
    <trkpt lat="42.349855" lon="-2.999871">
      <ele>772.3</ele>
    </trkpt>
    <trkpt lat="42.350321" lon="-2.99941">
      <ele>771.4</ele>
    </trkpt>
    <trkpt lat="42.35073" lon="-2.99897">
      <ele>770.6</ele>
    </trkpt>
    <trkpt lat="42.350849" lon="-2.998809">
      <ele>770.4</ele>
    </trkpt>
    <trkpt lat="42.351088" lon="-2.998393">
      <ele>769.9</ele>
    </trkpt>
    <trkpt lat="42.351396" lon="-2.997753">
      <ele>769.3</ele>
    </trkpt>
    <trkpt lat="42.351434" lon="-2.997671">
      <ele>769.2</ele>
    </trkpt>
    <trkpt lat="42.352123" lon="-2.996262">
      <ele>769.7</ele>
    </trkpt>
    <trkpt lat="42.352523" lon="-2.995448">
      <ele>771.3</ele>
    </trkpt>
    <trkpt lat="42.352819" lon="-2.994926">
      <ele>773.1</ele>
    </trkpt>
    <trkpt lat="42.353132" lon="-2.994536">
      <ele>774.8</ele>
    </trkpt>
    <trkpt lat="42.353836" lon="-2.993823">
      <ele>775</ele>
    </trkpt>
    <trkpt lat="42.35408" lon="-2.993602">
      <ele>774.4</ele>
    </trkpt>
    <trkpt lat="42.35486" lon="-2.993167">
      <ele>770.8</ele>
    </trkpt>
    <trkpt lat="42.355295" lon="-2.992873">
      <ele>768.2</ele>
    </trkpt>
    <trkpt lat="42.356802" lon="-2.991367">
      <ele>762.5</ele>
    </trkpt>
    <trkpt lat="42.358273" lon="-2.989954">
      <ele>760.9</ele>
    </trkpt>
    <trkpt lat="42.35944" lon="-2.989022">
      <ele>760.1</ele>
    </trkpt>
    <trkpt lat="42.361891" lon="-2.986971">
      <ele>754.2</ele>
    </trkpt>
    <trkpt lat="42.363716" lon="-2.985501">
      <ele>753.7</ele>
    </trkpt>
    <trkpt lat="42.364287" lon="-2.985041">
      <ele>753.6</ele>
    </trkpt>
    <trkpt lat="42.364983" lon="-2.984208">
      <ele>752.4</ele>
    </trkpt>
    <trkpt lat="42.365211" lon="-2.98398">
      <ele>751.8</ele>
    </trkpt>
    <trkpt lat="42.365925" lon="-2.983389">
      <ele>750.2</ele>
    </trkpt>
    <trkpt lat="42.367087" lon="-2.982493">
      <ele>748.6</ele>
    </trkpt>
    <trkpt lat="42.369576" lon="-2.981212">
      <ele>746.6</ele>
    </trkpt>
    <trkpt lat="42.370376" lon="-2.980809">
      <ele>746.8</ele>
    </trkpt>
    <trkpt lat="42.371095" lon="-2.980397">
      <ele>746.5</ele>
    </trkpt>
    <trkpt lat="42.37117" lon="-2.980353">
      <ele>746.4</ele>
    </trkpt>
    <trkpt lat="42.37219" lon="-2.979757">
      <ele>746.9</ele>
    </trkpt>
    <trkpt lat="42.371569" lon="-2.979238">
      <ele>749.1</ele>
    </trkpt>
    <trkpt lat="42.370602" lon="-2.978699">
      <ele>753.3</ele>
    </trkpt>
    <trkpt lat="42.370803" lon="-2.978564">
      <ele>753.9</ele>
    </trkpt>
    <trkpt lat="42.372472" lon="-2.977057">
      <ele>755.1</ele>
    </trkpt>
    <trkpt lat="42.374087" lon="-2.975895">
      <ele>751.5</ele>
    </trkpt>
    <trkpt lat="42.379346" lon="-2.972439">
      <ele>740.6</ele>
    </trkpt>
    <trkpt lat="42.381236" lon="-2.971196">
      <ele>735.9</ele>
    </trkpt>
    <trkpt lat="42.382615" lon="-2.970445">
      <ele>732.4</ele>
    </trkpt>
    <trkpt lat="42.383304" lon="-2.970176">
      <ele>729.3</ele>
    </trkpt>
    <trkpt lat="42.384097" lon="-2.969994">
      <ele>726</ele>
    </trkpt>
    <trkpt lat="42.387507" lon="-2.969686">
      <ele>723.2</ele>
    </trkpt>
    <trkpt lat="42.388463" lon="-2.96963">
      <ele>721.1</ele>
    </trkpt>
    <trkpt lat="42.390066" lon="-2.969456">
      <ele>717.2</ele>
    </trkpt>
    <trkpt lat="42.390273" lon="-2.969434">
      <ele>716.9</ele>
    </trkpt>
    <trkpt lat="42.391244" lon="-2.969329">
      <ele>715.5</ele>
    </trkpt>
    <trkpt lat="42.393881" lon="-2.968341">
      <ele>711.7</ele>
    </trkpt>
    <trkpt lat="42.395169" lon="-2.967894">
      <ele>708.1</ele>
    </trkpt>
    <trkpt lat="42.398019" lon="-2.966821">
      <ele>698.9</ele>
    </trkpt>
    <trkpt lat="42.401141" lon="-2.965166">
      <ele>693.4</ele>
    </trkpt>
    <trkpt lat="42.402979" lon="-2.964275">
      <ele>690.2</ele>
    </trkpt>
    <trkpt lat="42.403937" lon="-2.963707">
      <ele>688.6</ele>
    </trkpt>
    <trkpt lat="42.407218" lon="-2.962023">
      <ele>684</ele>
    </trkpt>
    <trkpt lat="42.412049" lon="-2.959445">
      <ele>676</ele>
    </trkpt>
    <trkpt lat="42.415287" lon="-2.957755">
      <ele>670.4</ele>
    </trkpt>
    <trkpt lat="42.42533" lon="-2.952431">
      <ele>654.6</ele>
    </trkpt>
    <trkpt lat="42.428021" lon="-2.951026">
      <ele>648.6</ele>
    </trkpt>
    <trkpt lat="42.43238" lon="-2.94874">
      <ele>644.4</ele>
    </trkpt>
    <trkpt lat="42.432519" lon="-2.948736">
      <ele>644.3</ele>
    </trkpt>
    <trkpt lat="42.433466" lon="-2.949653">
      <ele>644.4</ele>
    </trkpt>
    <trkpt lat="42.433611" lon="-2.949784">
      <ele>644.4</ele>
    </trkpt>
    <trkpt lat="42.433806" lon="-2.949953">
      <ele>644.5</ele>
    </trkpt>
    <trkpt lat="42.433875" lon="-2.950079">
      <ele>644.5</ele>
    </trkpt>
    <trkpt lat="42.434083" lon="-2.950651">
      <ele>644.6</ele>
    </trkpt>
    <trkpt lat="42.434296" lon="-2.951286">
      <ele>644.7</ele>
    </trkpt>
    <trkpt lat="42.434534" lon="-2.952001">
      <ele>644.9</ele>
    </trkpt>
    <trkpt lat="42.434719" lon="-2.952449">
      <ele>645</ele>
    </trkpt>
    <trkpt lat="42.435086" lon="-2.952756">
      <ele>645.2</ele>
    </trkpt>
    <trkpt lat="42.435404" lon="-2.952959">
      <ele>645.4</ele>
    </trkpt>
    <trkpt lat="42.435546" lon="-2.953019">
      <ele>645.4</ele>
    </trkpt>
    <trkpt lat="42.436167" lon="-2.953156">
      <ele>645.3</ele>
    </trkpt>
    <trkpt lat="42.436169" lon="-2.953054">
      <ele>645.2</ele>
    </trkpt>
    <trkpt lat="42.436289" lon="-2.95297">
      <ele>645.2</ele>
    </trkpt>
    <trkpt lat="42.436658" lon="-2.952826">
      <ele>644.8</ele>
    </trkpt>
    <trkpt lat="42.436719" lon="-2.952806">
      <ele>644.7</ele>
    </trkpt>
    <trkpt lat="42.436712" lon="-2.952697">
      <ele>644.6</ele>
    </trkpt>
    <trkpt lat="42.436683" lon="-2.952357">
      <ele>644.1</ele>
    </trkpt>
    <trkpt lat="42.436648" lon="-2.951612">
      <ele>643</ele>
    </trkpt>
    <trkpt lat="42.436684" lon="-2.951342">
      <ele>642.5</ele>
    </trkpt>
    <trkpt lat="42.436709" lon="-2.951262">
      <ele>642.3</ele>
    </trkpt>
    <trkpt lat="42.436857" lon="-2.95126">
      <ele>642</ele>
    </trkpt>
    <trkpt lat="42.437577" lon="-2.95131">
      <ele>641.2</ele>
    </trkpt>
    <trkpt lat="42.437699" lon="-2.951313">
      <ele>641.2</ele>
    </trkpt>
    <trkpt lat="42.437798" lon="-2.951331">
      <ele>641.2</ele>
    </trkpt>
    <trkpt lat="42.43838" lon="-2.951383">
      <ele>641.5</ele>
    </trkpt>
    <trkpt lat="42.438479" lon="-2.951392">
      <ele>641.6</ele>
    </trkpt>
    <trkpt lat="42.438509" lon="-2.951395">
      <ele>641.7</ele>
    </trkpt>
    <trkpt lat="42.438508" lon="-2.951452">
      <ele>641.7</ele>
    </trkpt>
    <trkpt lat="42.438507" lon="-2.951783">
      <ele>642</ele>
    </trkpt>
    </trkseg>
  </trk>
</gpx>
