<?xml version="1.0" encoding="UTF-8"?>
<gpx version="1.1" creator="fitAI Komoot downloader" xmlns="http://www.topografix.com/GPX/1/1">
  <metadata>
    <name>Vía Romana del Iregua y Castillo de Clavijo - Recorrido circular desde Entrena</name>
    <desc>114 visitas · Dificultad: difficult · Distancia: 55.1 km · Desnivel +: 993 m</desc>
    <link href="https://www.komoot.com/smarttour/e24320796"><text>Komoot</text></link>
  </metadata>
  <trk>
    <name>Vía Romana del Iregua y Castillo de Clavijo - Recorrido circular desde Entrena</name>
    <type>mtb</type>
    <trkseg>
    <trkpt lat="42.387502" lon="-2.530222">
      <ele>551.1</ele>
    </trkpt>
    <trkpt lat="42.387525" lon="-2.530087">
      <ele>551.1</ele>
    </trkpt>
    <trkpt lat="42.387446" lon="-2.530072">
      <ele>551.1</ele>
    </trkpt>
    <trkpt lat="42.387334" lon="-2.530049">
      <ele>551</ele>
    </trkpt>
    <trkpt lat="42.387152" lon="-2.529922">
      <ele>550.9</ele>
    </trkpt>
    <trkpt lat="42.386906" lon="-2.529696">
      <ele>550.8</ele>
    </trkpt>
    <trkpt lat="42.3868" lon="-2.529567">
      <ele>550.7</ele>
    </trkpt>
    <trkpt lat="42.386781" lon="-2.529544">
      <ele>550.7</ele>
    </trkpt>
    <trkpt lat="42.386694" lon="-2.529425">
      <ele>550.7</ele>
    </trkpt>
    <trkpt lat="42.386386" lon="-2.528905">
      <ele>551</ele>
    </trkpt>
    <trkpt lat="42.38614" lon="-2.528489">
      <ele>551.8</ele>
    </trkpt>
    <trkpt lat="42.38581" lon="-2.527932">
      <ele>553.3</ele>
    </trkpt>
    <trkpt lat="42.385723" lon="-2.527785">
      <ele>553.8</ele>
    </trkpt>
    <trkpt lat="42.385295" lon="-2.527064">
      <ele>556.1</ele>
    </trkpt>
    <trkpt lat="42.385003" lon="-2.526572">
      <ele>557.2</ele>
    </trkpt>
    <trkpt lat="42.384508" lon="-2.525758">
      <ele>558.4</ele>
    </trkpt>
    <trkpt lat="42.384306" lon="-2.525467">
      <ele>558.9</ele>
    </trkpt>
    <trkpt lat="42.383845" lon="-2.524976">
      <ele>560.1</ele>
    </trkpt>
    <trkpt lat="42.383432" lon="-2.524701">
      <ele>561.1</ele>
    </trkpt>
    <trkpt lat="42.383421" lon="-2.524548">
      <ele>561.3</ele>
    </trkpt>
    <trkpt lat="42.383522" lon="-2.524329">
      <ele>561.6</ele>
    </trkpt>
    <trkpt lat="42.3839" lon="-2.523932">
      <ele>562.2</ele>
    </trkpt>
    <trkpt lat="42.384167" lon="-2.523749">
      <ele>562.5</ele>
    </trkpt>
    <trkpt lat="42.384388" lon="-2.523543">
      <ele>562.5</ele>
    </trkpt>
    <trkpt lat="42.384461" lon="-2.523405">
      <ele>562.5</ele>
    </trkpt>
    <trkpt lat="42.384502" lon="-2.523261">
      <ele>562.4</ele>
    </trkpt>
    <trkpt lat="42.384612" lon="-2.522454">
      <ele>561.9</ele>
    </trkpt>
    <trkpt lat="42.384655" lon="-2.522257">
      <ele>561.8</ele>
    </trkpt>
    <trkpt lat="42.385277" lon="-2.520554">
      <ele>560.3</ele>
    </trkpt>
    <trkpt lat="42.385313" lon="-2.520336">
      <ele>560</ele>
    </trkpt>
    <trkpt lat="42.385362" lon="-2.520185">
      <ele>559.8</ele>
    </trkpt>
    <trkpt lat="42.385454" lon="-2.519992">
      <ele>559.4</ele>
    </trkpt>
    <trkpt lat="42.385797" lon="-2.519526">
      <ele>558.3</ele>
    </trkpt>
    <trkpt lat="42.385958" lon="-2.519257">
      <ele>557.5</ele>
    </trkpt>
    <trkpt lat="42.386322" lon="-2.519004">
      <ele>556.2</ele>
    </trkpt>
    <trkpt lat="42.386781" lon="-2.518407">
      <ele>553.7</ele>
    </trkpt>
    <trkpt lat="42.387314" lon="-2.517546">
      <ele>550.8</ele>
    </trkpt>
    <trkpt lat="42.387664" lon="-2.517173">
      <ele>549.7</ele>
    </trkpt>
    <trkpt lat="42.387808" lon="-2.516955">
      <ele>549.3</ele>
    </trkpt>
    <trkpt lat="42.387812" lon="-2.516837">
      <ele>549.1</ele>
    </trkpt>
    <trkpt lat="42.3878" lon="-2.516728">
      <ele>549</ele>
    </trkpt>
    <trkpt lat="42.387725" lon="-2.51655">
      <ele>548.7</ele>
    </trkpt>
    <trkpt lat="42.387259" lon="-2.516049">
      <ele>547.8</ele>
    </trkpt>
    <trkpt lat="42.387169" lon="-2.515897">
      <ele>547.6</ele>
    </trkpt>
    <trkpt lat="42.387079" lon="-2.515669">
      <ele>547.3</ele>
    </trkpt>
    <trkpt lat="42.386434" lon="-2.514136">
      <ele>544.7</ele>
    </trkpt>
    <trkpt lat="42.386352" lon="-2.513886">
      <ele>544.3</ele>
    </trkpt>
    <trkpt lat="42.386234" lon="-2.513185">
      <ele>543.3</ele>
    </trkpt>
    <trkpt lat="42.386011" lon="-2.512854">
      <ele>542.9</ele>
    </trkpt>
    <trkpt lat="42.385765" lon="-2.512386">
      <ele>542.5</ele>
    </trkpt>
    <trkpt lat="42.385612" lon="-2.512071">
      <ele>542.5</ele>
    </trkpt>
    <trkpt lat="42.385457" lon="-2.511746">
      <ele>542.6</ele>
    </trkpt>
    <trkpt lat="42.385422" lon="-2.511652">
      <ele>542.6</ele>
    </trkpt>
    <trkpt lat="42.385112" lon="-2.511131">
      <ele>543</ele>
    </trkpt>
    <trkpt lat="42.384508" lon="-2.509849">
      <ele>544.2</ele>
    </trkpt>
    <trkpt lat="42.384282" lon="-2.509431">
      <ele>544.7</ele>
    </trkpt>
    <trkpt lat="42.38366" lon="-2.508501">
      <ele>545.6</ele>
    </trkpt>
    <trkpt lat="42.383599" lon="-2.508322">
      <ele>545.7</ele>
    </trkpt>
    <trkpt lat="42.383409" lon="-2.508018">
      <ele>545.9</ele>
    </trkpt>
    <trkpt lat="42.383371" lon="-2.507961">
      <ele>545.9</ele>
    </trkpt>
    <trkpt lat="42.383179" lon="-2.507667">
      <ele>546</ele>
    </trkpt>
    <trkpt lat="42.382528" lon="-2.506809">
      <ele>546.3</ele>
    </trkpt>
    <trkpt lat="42.381985" lon="-2.505989">
      <ele>546.5</ele>
    </trkpt>
    <trkpt lat="42.381826" lon="-2.505826">
      <ele>546.5</ele>
    </trkpt>
    <trkpt lat="42.381348" lon="-2.505338">
      <ele>546.4</ele>
    </trkpt>
    <trkpt lat="42.380722" lon="-2.504641">
      <ele>546.1</ele>
    </trkpt>
    <trkpt lat="42.38029" lon="-2.50426">
      <ele>545.9</ele>
    </trkpt>
    <trkpt lat="42.380175" lon="-2.504104">
      <ele>545.9</ele>
    </trkpt>
    <trkpt lat="42.37989" lon="-2.503557">
      <ele>545.7</ele>
    </trkpt>
    <trkpt lat="42.379335" lon="-2.502661">
      <ele>545.8</ele>
    </trkpt>
    <trkpt lat="42.379137" lon="-2.502447">
      <ele>545.9</ele>
    </trkpt>
    <trkpt lat="42.378974" lon="-2.502205">
      <ele>546</ele>
    </trkpt>
    <trkpt lat="42.378649" lon="-2.501524">
      <ele>546.4</ele>
    </trkpt>
    <trkpt lat="42.378507" lon="-2.501089">
      <ele>546.7</ele>
    </trkpt>
    <trkpt lat="42.377948" lon="-2.500086">
      <ele>547.5</ele>
    </trkpt>
    <trkpt lat="42.377243" lon="-2.498745">
      <ele>548.6</ele>
    </trkpt>
    <trkpt lat="42.376593" lon="-2.497307">
      <ele>549.4</ele>
    </trkpt>
    <trkpt lat="42.376185" lon="-2.496481">
      <ele>549.9</ele>
    </trkpt>
    <trkpt lat="42.375408" lon="-2.495178">
      <ele>550.8</ele>
    </trkpt>
    <trkpt lat="42.374825" lon="-2.494534">
      <ele>551.5</ele>
    </trkpt>
    <trkpt lat="42.374623" lon="-2.494228">
      <ele>551.8</ele>
    </trkpt>
    <trkpt lat="42.374156" lon="-2.493756">
      <ele>552.4</ele>
    </trkpt>
    <trkpt lat="42.373741" lon="-2.493399">
      <ele>553</ele>
    </trkpt>
    <trkpt lat="42.37347" lon="-2.493129">
      <ele>553.3</ele>
    </trkpt>
    <trkpt lat="42.372717" lon="-2.492243">
      <ele>553.8</ele>
    </trkpt>
    <trkpt lat="42.372412" lon="-2.492013">
      <ele>553.7</ele>
    </trkpt>
    <trkpt lat="42.372218" lon="-2.491806">
      <ele>553.6</ele>
    </trkpt>
    <trkpt lat="42.371984" lon="-2.491702">
      <ele>553.4</ele>
    </trkpt>
    <trkpt lat="42.371683" lon="-2.491664">
      <ele>553.2</ele>
    </trkpt>
    <trkpt lat="42.370736" lon="-2.491874">
      <ele>552.1</ele>
    </trkpt>
    <trkpt lat="42.37003" lon="-2.492162">
      <ele>550.3</ele>
    </trkpt>
    <trkpt lat="42.368924" lon="-2.492335">
      <ele>543.7</ele>
    </trkpt>
    <trkpt lat="42.368876" lon="-2.492266">
      <ele>543.1</ele>
    </trkpt>
    <trkpt lat="42.368484" lon="-2.492384">
      <ele>539.5</ele>
    </trkpt>
    <trkpt lat="42.368436" lon="-2.492373">
      <ele>539</ele>
    </trkpt>
    <trkpt lat="42.368404" lon="-2.492309">
      <ele>538.5</ele>
    </trkpt>
    <trkpt lat="42.368432" lon="-2.492228">
      <ele>537.8</ele>
    </trkpt>
    <trkpt lat="42.368892" lon="-2.491745">
      <ele>531.5</ele>
    </trkpt>
    <trkpt lat="42.369193" lon="-2.491198">
      <ele>526.1</ele>
    </trkpt>
    <trkpt lat="42.369249" lon="-2.490946">
      <ele>524</ele>
    </trkpt>
    <trkpt lat="42.369253" lon="-2.490517">
      <ele>520.8</ele>
    </trkpt>
    <trkpt lat="42.369225" lon="-2.490415">
      <ele>520</ele>
    </trkpt>
    <trkpt lat="42.369193" lon="-2.490372">
      <ele>519.5</ele>
    </trkpt>
    <trkpt lat="42.369138" lon="-2.490356">
      <ele>519</ele>
    </trkpt>
    <trkpt lat="42.368404" lon="-2.490216">
      <ele>513.1</ele>
    </trkpt>
    <trkpt lat="42.368325" lon="-2.490099">
      <ele>512.4</ele>
    </trkpt>
    <trkpt lat="42.368226" lon="-2.489852">
      <ele>511.1</ele>
    </trkpt>
    <trkpt lat="42.367651" lon="-2.488684">
      <ele>507.2</ele>
    </trkpt>
    <trkpt lat="42.367596" lon="-2.488546">
      <ele>507</ele>
    </trkpt>
    <trkpt lat="42.367582" lon="-2.488437">
      <ele>506.8</ele>
    </trkpt>
    <trkpt lat="42.367486" lon="-2.488422">
      <ele>506.7</ele>
    </trkpt>
    <trkpt lat="42.367372" lon="-2.488306">
      <ele>506.5</ele>
    </trkpt>
    <trkpt lat="42.367336" lon="-2.488185">
      <ele>506.4</ele>
    </trkpt>
    <trkpt lat="42.36734" lon="-2.488055">
      <ele>506.3</ele>
    </trkpt>
    <trkpt lat="42.367367" lon="-2.487973">
      <ele>506.2</ele>
    </trkpt>
    <trkpt lat="42.367352" lon="-2.487795">
      <ele>506.1</ele>
    </trkpt>
    <trkpt lat="42.3673" lon="-2.487585">
      <ele>506.1</ele>
    </trkpt>
    <trkpt lat="42.366084" lon="-2.485094">
      <ele>506.9</ele>
    </trkpt>
    <trkpt lat="42.365779" lon="-2.484468">
      <ele>507</ele>
    </trkpt>
    <trkpt lat="42.365128" lon="-2.482958">
      <ele>506.2</ele>
    </trkpt>
    <trkpt lat="42.364893" lon="-2.48245">
      <ele>505.8</ele>
    </trkpt>
    <trkpt lat="42.364865" lon="-2.482304">
      <ele>505.7</ele>
    </trkpt>
    <trkpt lat="42.364705" lon="-2.481939">
      <ele>505.5</ele>
    </trkpt>
    <trkpt lat="42.364706" lon="-2.481848">
      <ele>505.4</ele>
    </trkpt>
    <trkpt lat="42.364667" lon="-2.481841">
      <ele>505.4</ele>
    </trkpt>
    <trkpt lat="42.364558" lon="-2.481598">
      <ele>505.3</ele>
    </trkpt>
    <trkpt lat="42.364499" lon="-2.481543">
      <ele>505.2</ele>
    </trkpt>
    <trkpt lat="42.364328" lon="-2.481104">
      <ele>505.2</ele>
    </trkpt>
    <trkpt lat="42.363421" lon="-2.479049">
      <ele>504.3</ele>
    </trkpt>
    <trkpt lat="42.363213" lon="-2.478859">
      <ele>503.9</ele>
    </trkpt>
    <trkpt lat="42.36312" lon="-2.478815">
      <ele>503.8</ele>
    </trkpt>
    <trkpt lat="42.362962" lon="-2.478775">
      <ele>503.5</ele>
    </trkpt>
    <trkpt lat="42.362698" lon="-2.478815">
      <ele>503.2</ele>
    </trkpt>
    <trkpt lat="42.362133" lon="-2.478947">
      <ele>502.4</ele>
    </trkpt>
    <trkpt lat="42.361876" lon="-2.478956">
      <ele>502.2</ele>
    </trkpt>
    <trkpt lat="42.361704" lon="-2.478879">
      <ele>502.2</ele>
    </trkpt>
    <trkpt lat="42.361525" lon="-2.478739">
      <ele>502.1</ele>
    </trkpt>
    <trkpt lat="42.361307" lon="-2.478478">
      <ele>501.9</ele>
    </trkpt>
    <trkpt lat="42.361126" lon="-2.478225">
      <ele>501.7</ele>
    </trkpt>
    <trkpt lat="42.361027" lon="-2.478029">
      <ele>501.5</ele>
    </trkpt>
    <trkpt lat="42.361048" lon="-2.477858">
      <ele>501.3</ele>
    </trkpt>
    <trkpt lat="42.360966" lon="-2.477568">
      <ele>501.1</ele>
    </trkpt>
    <trkpt lat="42.360934" lon="-2.477454">
      <ele>500.9</ele>
    </trkpt>
    <trkpt lat="42.360888" lon="-2.477378">
      <ele>500.8</ele>
    </trkpt>
    <trkpt lat="42.36142" lon="-2.476942">
      <ele>499.7</ele>
    </trkpt>
    <trkpt lat="42.362043" lon="-2.476534">
      <ele>498.5</ele>
    </trkpt>
    <trkpt lat="42.361905" lon="-2.476028">
      <ele>497.7</ele>
    </trkpt>
    <trkpt lat="42.362547" lon="-2.475747">
      <ele>496.5</ele>
    </trkpt>
    <trkpt lat="42.362849" lon="-2.47571">
      <ele>496</ele>
    </trkpt>
    <trkpt lat="42.363086" lon="-2.475547">
      <ele>495.5</ele>
    </trkpt>
    <trkpt lat="42.363392" lon="-2.475218">
      <ele>494.9</ele>
    </trkpt>
    <trkpt lat="42.363545" lon="-2.474951">
      <ele>494.6</ele>
    </trkpt>
    <trkpt lat="42.363852" lon="-2.474567">
      <ele>494.2</ele>
    </trkpt>
    <trkpt lat="42.363982" lon="-2.474364">
      <ele>494.1</ele>
    </trkpt>
    <trkpt lat="42.364007" lon="-2.474249">
      <ele>494</ele>
    </trkpt>
    <trkpt lat="42.364095" lon="-2.473851">
      <ele>493.9</ele>
    </trkpt>
    <trkpt lat="42.364241" lon="-2.47351">
      <ele>493.9</ele>
    </trkpt>
    <trkpt lat="42.364534" lon="-2.473001">
      <ele>493.8</ele>
    </trkpt>
    <trkpt lat="42.364768" lon="-2.472813">
      <ele>493.8</ele>
    </trkpt>
    <trkpt lat="42.365013" lon="-2.4727">
      <ele>493.6</ele>
    </trkpt>
    <trkpt lat="42.365524" lon="-2.47271">
      <ele>493.1</ele>
    </trkpt>
    <trkpt lat="42.365867" lon="-2.472757">
      <ele>492.6</ele>
    </trkpt>
    <trkpt lat="42.366188" lon="-2.472926">
      <ele>492</ele>
    </trkpt>
    <trkpt lat="42.366945" lon="-2.473404">
      <ele>491.2</ele>
    </trkpt>
    <trkpt lat="42.367128" lon="-2.473488">
      <ele>491.1</ele>
    </trkpt>
    <trkpt lat="42.367574" lon="-2.47317">
      <ele>491</ele>
    </trkpt>
    <trkpt lat="42.367995" lon="-2.473062">
      <ele>490.9</ele>
    </trkpt>
    <trkpt lat="42.368235" lon="-2.472881">
      <ele>490.8</ele>
    </trkpt>
    <trkpt lat="42.368425" lon="-2.472483">
      <ele>490.6</ele>
    </trkpt>
    <trkpt lat="42.368817" lon="-2.472103">
      <ele>490.2</ele>
    </trkpt>
    <trkpt lat="42.36916" lon="-2.471488">
      <ele>489.4</ele>
    </trkpt>
    <trkpt lat="42.369349" lon="-2.471334">
      <ele>489.1</ele>
    </trkpt>
    <trkpt lat="42.369622" lon="-2.471181">
      <ele>488.7</ele>
    </trkpt>
    <trkpt lat="42.369825" lon="-2.471134">
      <ele>488.4</ele>
    </trkpt>
    <trkpt lat="42.370548" lon="-2.471312">
      <ele>487.2</ele>
    </trkpt>
    <trkpt lat="42.37099" lon="-2.471671">
      <ele>486.2</ele>
    </trkpt>
    <trkpt lat="42.371408" lon="-2.471811">
      <ele>485.5</ele>
    </trkpt>
    <trkpt lat="42.371772" lon="-2.471822">
      <ele>485</ele>
    </trkpt>
    <trkpt lat="42.371873" lon="-2.471786">
      <ele>484.9</ele>
    </trkpt>
    <trkpt lat="42.372416" lon="-2.471391">
      <ele>484.7</ele>
    </trkpt>
    <trkpt lat="42.372802" lon="-2.471161">
      <ele>485</ele>
    </trkpt>
    <trkpt lat="42.373888" lon="-2.470887">
      <ele>485.8</ele>
    </trkpt>
    <trkpt lat="42.374557" lon="-2.470639">
      <ele>485.2</ele>
    </trkpt>
    <trkpt lat="42.374722" lon="-2.470663">
      <ele>484.9</ele>
    </trkpt>
    <trkpt lat="42.375307" lon="-2.46999">
      <ele>483.2</ele>
    </trkpt>
    <trkpt lat="42.375671" lon="-2.469036">
      <ele>481.8</ele>
    </trkpt>
    <trkpt lat="42.37579" lon="-2.468779">
      <ele>481.5</ele>
    </trkpt>
    <trkpt lat="42.375996" lon="-2.468108">
      <ele>481</ele>
    </trkpt>
    <trkpt lat="42.376131" lon="-2.467486">
      <ele>480.7</ele>
    </trkpt>
    <trkpt lat="42.376309" lon="-2.466837">
      <ele>480.5</ele>
    </trkpt>
    <trkpt lat="42.37652" lon="-2.466573">
      <ele>480.4</ele>
    </trkpt>
    <trkpt lat="42.376704" lon="-2.466284">
      <ele>480.3</ele>
    </trkpt>
    <trkpt lat="42.376837" lon="-2.466347">
      <ele>480.3</ele>
    </trkpt>
    <trkpt lat="42.377059" lon="-2.465951">
      <ele>480.1</ele>
    </trkpt>
    <trkpt lat="42.377259" lon="-2.465944">
      <ele>480</ele>
    </trkpt>
    <trkpt lat="42.377553" lon="-2.465705">
      <ele>479.8</ele>
    </trkpt>
    <trkpt lat="42.378219" lon="-2.465067">
      <ele>479.1</ele>
    </trkpt>
    <trkpt lat="42.378651" lon="-2.464482">
      <ele>478.6</ele>
    </trkpt>
    <trkpt lat="42.37899" lon="-2.464114">
      <ele>478.1</ele>
    </trkpt>
    <trkpt lat="42.379268" lon="-2.463589">
      <ele>477.6</ele>
    </trkpt>
    <trkpt lat="42.379673" lon="-2.463218">
      <ele>476.9</ele>
    </trkpt>
    <trkpt lat="42.380292" lon="-2.462836">
      <ele>475.9</ele>
    </trkpt>
    <trkpt lat="42.38053" lon="-2.462612">
      <ele>475.4</ele>
    </trkpt>
    <trkpt lat="42.380732" lon="-2.462575">
      <ele>475.1</ele>
    </trkpt>
    <trkpt lat="42.380891" lon="-2.462468">
      <ele>474.9</ele>
    </trkpt>
    <trkpt lat="42.381294" lon="-2.462413">
      <ele>474.8</ele>
    </trkpt>
    <trkpt lat="42.381402" lon="-2.46234">
      <ele>474.8</ele>
    </trkpt>
    <trkpt lat="42.3815" lon="-2.462107">
      <ele>474.8</ele>
    </trkpt>
    <trkpt lat="42.381659" lon="-2.461908">
      <ele>474.9</ele>
    </trkpt>
    <trkpt lat="42.381821" lon="-2.461826">
      <ele>475</ele>
    </trkpt>
    <trkpt lat="42.381983" lon="-2.461582">
      <ele>475.1</ele>
    </trkpt>
    <trkpt lat="42.382117" lon="-2.461123">
      <ele>475.4</ele>
    </trkpt>
    <trkpt lat="42.382175" lon="-2.461139">
      <ele>475.5</ele>
    </trkpt>
    <trkpt lat="42.382261" lon="-2.461108">
      <ele>475.6</ele>
    </trkpt>
    <trkpt lat="42.382475" lon="-2.460689">
      <ele>475.9</ele>
    </trkpt>
    <trkpt lat="42.382927" lon="-2.460142">
      <ele>476</ele>
    </trkpt>
    <trkpt lat="42.383101" lon="-2.459852">
      <ele>475.9</ele>
    </trkpt>
    <trkpt lat="42.38366" lon="-2.459257">
      <ele>476</ele>
    </trkpt>
    <trkpt lat="42.383965" lon="-2.458828">
      <ele>476.2</ele>
    </trkpt>
    <trkpt lat="42.384089" lon="-2.458409">
      <ele>476.4</ele>
    </trkpt>
    <trkpt lat="42.384173" lon="-2.457918">
      <ele>476.4</ele>
    </trkpt>
    <trkpt lat="42.384471" lon="-2.457713">
      <ele>476.3</ele>
    </trkpt>
    <trkpt lat="42.384743" lon="-2.457626">
      <ele>476</ele>
    </trkpt>
    <trkpt lat="42.385189" lon="-2.457418">
      <ele>475.2</ele>
    </trkpt>
    <trkpt lat="42.385362" lon="-2.457382">
      <ele>474.9</ele>
    </trkpt>
    <trkpt lat="42.385682" lon="-2.457404">
      <ele>474.2</ele>
    </trkpt>
    <trkpt lat="42.386037" lon="-2.457471">
      <ele>473.7</ele>
    </trkpt>
    <trkpt lat="42.386206" lon="-2.457378">
      <ele>473.5</ele>
    </trkpt>
    <trkpt lat="42.386418" lon="-2.45716">
      <ele>473.5</ele>
    </trkpt>
    <trkpt lat="42.386687" lon="-2.457009">
      <ele>473.4</ele>
    </trkpt>
    <trkpt lat="42.386888" lon="-2.456825">
      <ele>473.4</ele>
    </trkpt>
    <trkpt lat="42.386931" lon="-2.456739">
      <ele>473.4</ele>
    </trkpt>
    <trkpt lat="42.387095" lon="-2.456434">
      <ele>473.4</ele>
    </trkpt>
    <trkpt lat="42.387296" lon="-2.456213">
      <ele>473.4</ele>
    </trkpt>
    <trkpt lat="42.387719" lon="-2.456155">
      <ele>473.3</ele>
    </trkpt>
    <trkpt lat="42.387942" lon="-2.456018">
      <ele>473.2</ele>
    </trkpt>
    <trkpt lat="42.388188" lon="-2.455951">
      <ele>473</ele>
    </trkpt>
    <trkpt lat="42.388497" lon="-2.455942">
      <ele>472.8</ele>
    </trkpt>
    <trkpt lat="42.388792" lon="-2.455706">
      <ele>472.6</ele>
    </trkpt>
    <trkpt lat="42.388977" lon="-2.45567">
      <ele>472.5</ele>
    </trkpt>
    <trkpt lat="42.389181" lon="-2.455588">
      <ele>472.4</ele>
    </trkpt>
    <trkpt lat="42.389343" lon="-2.455458">
      <ele>472.4</ele>
    </trkpt>
    <trkpt lat="42.389573" lon="-2.45512">
      <ele>472.3</ele>
    </trkpt>
    <trkpt lat="42.389791" lon="-2.455013">
      <ele>472.2</ele>
    </trkpt>
    <trkpt lat="42.390309" lon="-2.454855">
      <ele>472.1</ele>
    </trkpt>
    <trkpt lat="42.390541" lon="-2.454833">
      <ele>471.5</ele>
    </trkpt>
    <trkpt lat="42.390664" lon="-2.454778">
      <ele>471.1</ele>
    </trkpt>
    <trkpt lat="42.390864" lon="-2.454608">
      <ele>470.2</ele>
    </trkpt>
    <trkpt lat="42.391063" lon="-2.454511">
      <ele>469.4</ele>
    </trkpt>
    <trkpt lat="42.391171" lon="-2.45522">
      <ele>467</ele>
    </trkpt>
    <trkpt lat="42.39127" lon="-2.455295">
      <ele>466.6</ele>
    </trkpt>
    <trkpt lat="42.391687" lon="-2.455271">
      <ele>464.6</ele>
    </trkpt>
    <trkpt lat="42.392676" lon="-2.455749">
      <ele>460.7</ele>
    </trkpt>
    <trkpt lat="42.392823" lon="-2.455789">
      <ele>460.3</ele>
    </trkpt>
    <trkpt lat="42.392963" lon="-2.455719">
      <ele>460</ele>
    </trkpt>
    <trkpt lat="42.393166" lon="-2.455719">
      <ele>459.5</ele>
    </trkpt>
    <trkpt lat="42.39383" lon="-2.455559">
      <ele>458</ele>
    </trkpt>
    <trkpt lat="42.394079" lon="-2.455577">
      <ele>457.5</ele>
    </trkpt>
    <trkpt lat="42.394504" lon="-2.455457">
      <ele>456.8</ele>
    </trkpt>
    <trkpt lat="42.395156" lon="-2.455063">
      <ele>455.9</ele>
    </trkpt>
    <trkpt lat="42.395419" lon="-2.45504">
      <ele>455.6</ele>
    </trkpt>
    <trkpt lat="42.395802" lon="-2.454927">
      <ele>455.2</ele>
    </trkpt>
    <trkpt lat="42.396211" lon="-2.454525">
      <ele>454.8</ele>
    </trkpt>
    <trkpt lat="42.396439" lon="-2.454258">
      <ele>454.7</ele>
    </trkpt>
    <trkpt lat="42.396647" lon="-2.453839">
      <ele>454.7</ele>
    </trkpt>
    <trkpt lat="42.39675" lon="-2.453308">
      <ele>454.6</ele>
    </trkpt>
    <trkpt lat="42.396723" lon="-2.453092">
      <ele>454.5</ele>
    </trkpt>
    <trkpt lat="42.396622" lon="-2.452811">
      <ele>454.5</ele>
    </trkpt>
    <trkpt lat="42.396632" lon="-2.452603">
      <ele>454.4</ele>
    </trkpt>
    <trkpt lat="42.396743" lon="-2.452419">
      <ele>454.3</ele>
    </trkpt>
    <trkpt lat="42.396766" lon="-2.45238">
      <ele>454.2</ele>
    </trkpt>
    <trkpt lat="42.397182" lon="-2.45209">
      <ele>453.8</ele>
    </trkpt>
    <trkpt lat="42.397867" lon="-2.451779">
      <ele>452.8</ele>
    </trkpt>
    <trkpt lat="42.398073" lon="-2.451736">
      <ele>452.5</ele>
    </trkpt>
    <trkpt lat="42.398374" lon="-2.45142">
      <ele>451.9</ele>
    </trkpt>
    <trkpt lat="42.398604" lon="-2.451311">
      <ele>451.5</ele>
    </trkpt>
    <trkpt lat="42.398988" lon="-2.451267">
      <ele>450.9</ele>
    </trkpt>
    <trkpt lat="42.399088" lon="-2.451225">
      <ele>450.7</ele>
    </trkpt>
    <trkpt lat="42.399378" lon="-2.45101">
      <ele>450.2</ele>
    </trkpt>
    <trkpt lat="42.399601" lon="-2.451001">
      <ele>449.9</ele>
    </trkpt>
    <trkpt lat="42.399837" lon="-2.45101">
      <ele>449.6</ele>
    </trkpt>
    <trkpt lat="42.399921" lon="-2.450929">
      <ele>449.4</ele>
    </trkpt>
    <trkpt lat="42.400281" lon="-2.450308">
      <ele>448.9</ele>
    </trkpt>
    <trkpt lat="42.400602" lon="-2.449833">
      <ele>448.5</ele>
    </trkpt>
    <trkpt lat="42.401165" lon="-2.449402">
      <ele>447.9</ele>
    </trkpt>
    <trkpt lat="42.401426" lon="-2.448909">
      <ele>447.5</ele>
    </trkpt>
    <trkpt lat="42.401677" lon="-2.448545">
      <ele>447.1</ele>
    </trkpt>
    <trkpt lat="42.402014" lon="-2.447756">
      <ele>446.1</ele>
    </trkpt>
    <trkpt lat="42.402128" lon="-2.447566">
      <ele>445.9</ele>
    </trkpt>
    <trkpt lat="42.402372" lon="-2.447269">
      <ele>445.5</ele>
    </trkpt>
    <trkpt lat="42.402683" lon="-2.446995">
      <ele>445.1</ele>
    </trkpt>
    <trkpt lat="42.40282" lon="-2.44691">
      <ele>445</ele>
    </trkpt>
    <trkpt lat="42.403396" lon="-2.446707">
      <ele>444.3</ele>
    </trkpt>
    <trkpt lat="42.403504" lon="-2.446561">
      <ele>444.2</ele>
    </trkpt>
    <trkpt lat="42.403624" lon="-2.446397">
      <ele>444</ele>
    </trkpt>
    <trkpt lat="42.40377" lon="-2.446109">
      <ele>443.8</ele>
    </trkpt>
    <trkpt lat="42.40403" lon="-2.445716">
      <ele>443.4</ele>
    </trkpt>
    <trkpt lat="42.404243" lon="-2.445502">
      <ele>443.2</ele>
    </trkpt>
    <trkpt lat="42.404506" lon="-2.445332">
      <ele>442.9</ele>
    </trkpt>
    <trkpt lat="42.404727" lon="-2.445328">
      <ele>442.7</ele>
    </trkpt>
    <trkpt lat="42.405034" lon="-2.445389">
      <ele>442.3</ele>
    </trkpt>
    <trkpt lat="42.405184" lon="-2.445323">
      <ele>442.2</ele>
    </trkpt>
    <trkpt lat="42.405425" lon="-2.444969">
      <ele>441.8</ele>
    </trkpt>
    <trkpt lat="42.405631" lon="-2.444825">
      <ele>441.6</ele>
    </trkpt>
    <trkpt lat="42.405898" lon="-2.444749">
      <ele>441.3</ele>
    </trkpt>
    <trkpt lat="42.406042" lon="-2.444667">
      <ele>441.2</ele>
    </trkpt>
    <trkpt lat="42.406284" lon="-2.444194">
      <ele>440.9</ele>
    </trkpt>
    <trkpt lat="42.406426" lon="-2.443718">
      <ele>440.8</ele>
    </trkpt>
    <trkpt lat="42.406544" lon="-2.443469">
      <ele>440.8</ele>
    </trkpt>
    <trkpt lat="42.406668" lon="-2.443292">
      <ele>440.7</ele>
    </trkpt>
    <trkpt lat="42.406765" lon="-2.443224">
      <ele>440.7</ele>
    </trkpt>
    <trkpt lat="42.406695" lon="-2.443468">
      <ele>440.6</ele>
    </trkpt>
    <trkpt lat="42.406695" lon="-2.443599">
      <ele>440.6</ele>
    </trkpt>
    <trkpt lat="42.406818" lon="-2.443871">
      <ele>440.5</ele>
    </trkpt>
    <trkpt lat="42.406861" lon="-2.443949">
      <ele>440.5</ele>
    </trkpt>
    <trkpt lat="42.407279" lon="-2.444692">
      <ele>440.1</ele>
    </trkpt>
    <trkpt lat="42.407449" lon="-2.44499">
      <ele>439.9</ele>
    </trkpt>
    <trkpt lat="42.407536" lon="-2.444679">
      <ele>439.7</ele>
    </trkpt>
    <trkpt lat="42.407646" lon="-2.444405">
      <ele>439.4</ele>
    </trkpt>
    <trkpt lat="42.407765" lon="-2.444266">
      <ele>439.2</ele>
    </trkpt>
    <trkpt lat="42.407924" lon="-2.444003">
      <ele>438.9</ele>
    </trkpt>
    <trkpt lat="42.408023" lon="-2.443895">
      <ele>438.8</ele>
    </trkpt>
    <trkpt lat="42.40813" lon="-2.443847">
      <ele>438.6</ele>
    </trkpt>
    <trkpt lat="42.408284" lon="-2.443831">
      <ele>438.4</ele>
    </trkpt>
    <trkpt lat="42.408611" lon="-2.443662">
      <ele>438</ele>
    </trkpt>
    <trkpt lat="42.409243" lon="-2.443241">
      <ele>437</ele>
    </trkpt>
    <trkpt lat="42.410381" lon="-2.442922">
      <ele>436</ele>
    </trkpt>
    <trkpt lat="42.410865" lon="-2.443095">
      <ele>435.9</ele>
    </trkpt>
    <trkpt lat="42.4111" lon="-2.443353">
      <ele>435.9</ele>
    </trkpt>
    <trkpt lat="42.411571" lon="-2.443327">
      <ele>435.9</ele>
    </trkpt>
    <trkpt lat="42.41213" lon="-2.443">
      <ele>435.7</ele>
    </trkpt>
    <trkpt lat="42.412429" lon="-2.443198">
      <ele>435.4</ele>
    </trkpt>
    <trkpt lat="42.41372" lon="-2.44281">
      <ele>433.4</ele>
    </trkpt>
    <trkpt lat="42.414353" lon="-2.442351">
      <ele>432.6</ele>
    </trkpt>
    <trkpt lat="42.414553" lon="-2.442285">
      <ele>432.5</ele>
    </trkpt>
    <trkpt lat="42.415781" lon="-2.442207">
      <ele>432.2</ele>
    </trkpt>
    <trkpt lat="42.416061" lon="-2.441854">
      <ele>432</ele>
    </trkpt>
    <trkpt lat="42.416627" lon="-2.441639">
      <ele>431.4</ele>
    </trkpt>
    <trkpt lat="42.417479" lon="-2.441406">
      <ele>430</ele>
    </trkpt>
    <trkpt lat="42.418" lon="-2.441053">
      <ele>428.7</ele>
    </trkpt>
    <trkpt lat="42.418655" lon="-2.440374">
      <ele>427.3</ele>
    </trkpt>
    <trkpt lat="42.418859" lon="-2.440028">
      <ele>426.8</ele>
    </trkpt>
    <trkpt lat="42.418994" lon="-2.439941">
      <ele>426.6</ele>
    </trkpt>
    <trkpt lat="42.419275" lon="-2.4399">
      <ele>426.4</ele>
    </trkpt>
    <trkpt lat="42.419495" lon="-2.439744">
      <ele>426.2</ele>
    </trkpt>
    <trkpt lat="42.419885" lon="-2.439631">
      <ele>426.2</ele>
    </trkpt>
    <trkpt lat="42.420846" lon="-2.439348">
      <ele>425.9</ele>
    </trkpt>
    <trkpt lat="42.422884" lon="-2.438808">
      <ele>425.2</ele>
    </trkpt>
    <trkpt lat="42.422895" lon="-2.438805">
      <ele>425.2</ele>
    </trkpt>
    <trkpt lat="42.423222" lon="-2.438789">
      <ele>425</ele>
    </trkpt>
    <trkpt lat="42.424063" lon="-2.439016">
      <ele>424.4</ele>
    </trkpt>
    <trkpt lat="42.424228" lon="-2.439106">
      <ele>424.3</ele>
    </trkpt>
    <trkpt lat="42.42465" lon="-2.439533">
      <ele>424.1</ele>
    </trkpt>
    <trkpt lat="42.424823" lon="-2.439659">
      <ele>424</ele>
    </trkpt>
    <trkpt lat="42.425135" lon="-2.439697">
      <ele>423.8</ele>
    </trkpt>
    <trkpt lat="42.42525" lon="-2.43975">
      <ele>423.7</ele>
    </trkpt>
    <trkpt lat="42.425594" lon="-2.439996">
      <ele>423.5</ele>
    </trkpt>
    <trkpt lat="42.425892" lon="-2.440121">
      <ele>423.3</ele>
    </trkpt>
    <trkpt lat="42.426016" lon="-2.440106">
      <ele>423.2</ele>
    </trkpt>
    <trkpt lat="42.42624" lon="-2.440091">
      <ele>423</ele>
    </trkpt>
    <trkpt lat="42.426366" lon="-2.440115">
      <ele>423</ele>
    </trkpt>
    <trkpt lat="42.426524" lon="-2.440101">
      <ele>422.8</ele>
    </trkpt>
    <trkpt lat="42.426667" lon="-2.44005">
      <ele>422.7</ele>
    </trkpt>
    <trkpt lat="42.427028" lon="-2.440297">
      <ele>422.4</ele>
    </trkpt>
    <trkpt lat="42.427018" lon="-2.440117">
      <ele>422.3</ele>
    </trkpt>
    <trkpt lat="42.427056" lon="-2.439884">
      <ele>422.1</ele>
    </trkpt>
    <trkpt lat="42.426943" lon="-2.439108">
      <ele>421.6</ele>
    </trkpt>
    <trkpt lat="42.426844" lon="-2.438186">
      <ele>420.8</ele>
    </trkpt>
    <trkpt lat="42.426749" lon="-2.437726">
      <ele>420.3</ele>
    </trkpt>
    <trkpt lat="42.427137" lon="-2.435908">
      <ele>417.4</ele>
    </trkpt>
    <trkpt lat="42.427181" lon="-2.435384">
      <ele>416.6</ele>
    </trkpt>
    <trkpt lat="42.427158" lon="-2.434973">
      <ele>416</ele>
    </trkpt>
    <trkpt lat="42.42706" lon="-2.434666">
      <ele>415.6</ele>
    </trkpt>
    <trkpt lat="42.426841" lon="-2.43426">
      <ele>415.1</ele>
    </trkpt>
    <trkpt lat="42.426819" lon="-2.434067">
      <ele>415</ele>
    </trkpt>
    <trkpt lat="42.426782" lon="-2.433951">
      <ele>415</ele>
    </trkpt>
    <trkpt lat="42.426707" lon="-2.433878">
      <ele>414.9</ele>
    </trkpt>
    <trkpt lat="42.426605" lon="-2.433846">
      <ele>414.9</ele>
    </trkpt>
    <trkpt lat="42.426436" lon="-2.433916">
      <ele>414.8</ele>
    </trkpt>
    <trkpt lat="42.425607" lon="-2.434261">
      <ele>415.1</ele>
    </trkpt>
    <trkpt lat="42.425389" lon="-2.4344">
      <ele>415.4</ele>
    </trkpt>
    <trkpt lat="42.425001" lon="-2.434594">
      <ele>416</ele>
    </trkpt>
    <trkpt lat="42.424474" lon="-2.435023">
      <ele>417.1</ele>
    </trkpt>
    <trkpt lat="42.424347" lon="-2.435071">
      <ele>417.4</ele>
    </trkpt>
    <trkpt lat="42.423571" lon="-2.435564">
      <ele>418.9</ele>
    </trkpt>
    <trkpt lat="42.423512" lon="-2.435629">
      <ele>419</ele>
    </trkpt>
    <trkpt lat="42.423429" lon="-2.435581">
      <ele>419.1</ele>
    </trkpt>
    <trkpt lat="42.423128" lon="-2.435559">
      <ele>419.4</ele>
    </trkpt>
    <trkpt lat="42.422459" lon="-2.435741">
      <ele>419.9</ele>
    </trkpt>
    <trkpt lat="42.422173" lon="-2.435924">
      <ele>420.1</ele>
    </trkpt>
    <trkpt lat="42.422082" lon="-2.436042">
      <ele>420.2</ele>
    </trkpt>
    <trkpt lat="42.422066" lon="-2.436144">
      <ele>420.2</ele>
    </trkpt>
    <trkpt lat="42.422086" lon="-2.43623">
      <ele>420.3</ele>
    </trkpt>
    <trkpt lat="42.422278" lon="-2.436572">
      <ele>420.5</ele>
    </trkpt>
    <trkpt lat="42.421904" lon="-2.436975">
      <ele>421.1</ele>
    </trkpt>
    <trkpt lat="42.421841" lon="-2.437083">
      <ele>421.2</ele>
    </trkpt>
    <trkpt lat="42.421643" lon="-2.437249">
      <ele>421.5</ele>
    </trkpt>
    <trkpt lat="42.42133" lon="-2.437442">
      <ele>422</ele>
    </trkpt>
    <trkpt lat="42.421195" lon="-2.437581">
      <ele>422.1</ele>
    </trkpt>
    <trkpt lat="42.42078" lon="-2.437855">
      <ele>422.6</ele>
    </trkpt>
    <trkpt lat="42.42038" lon="-2.438027">
      <ele>423.2</ele>
    </trkpt>
    <trkpt lat="42.419615" lon="-2.438225">
      <ele>424.3</ele>
    </trkpt>
    <trkpt lat="42.41939" lon="-2.438204">
      <ele>424.7</ele>
    </trkpt>
    <trkpt lat="42.41922" lon="-2.438143">
      <ele>424.9</ele>
    </trkpt>
    <trkpt lat="42.419157" lon="-2.438086">
      <ele>425</ele>
    </trkpt>
    <trkpt lat="42.419106" lon="-2.43804">
      <ele>425.1</ele>
    </trkpt>
    <trkpt lat="42.418365" lon="-2.437893">
      <ele>426.3</ele>
    </trkpt>
    <trkpt lat="42.417639" lon="-2.437909">
      <ele>427.3</ele>
    </trkpt>
    <trkpt lat="42.417187" lon="-2.438264">
      <ele>428</ele>
    </trkpt>
    <trkpt lat="42.417101" lon="-2.438363">
      <ele>428.2</ele>
    </trkpt>
    <trkpt lat="42.416822" lon="-2.438843">
      <ele>428.8</ele>
    </trkpt>
    <trkpt lat="42.416763" lon="-2.43891">
      <ele>428.9</ele>
    </trkpt>
    <trkpt lat="42.416423" lon="-2.439026">
      <ele>429.4</ele>
    </trkpt>
    <trkpt lat="42.416117" lon="-2.439056">
      <ele>429.8</ele>
    </trkpt>
    <trkpt lat="42.415605" lon="-2.438883">
      <ele>430.5</ele>
    </trkpt>
    <trkpt lat="42.414746" lon="-2.438495">
      <ele>431.3</ele>
    </trkpt>
    <trkpt lat="42.414376" lon="-2.438359">
      <ele>431.4</ele>
    </trkpt>
    <trkpt lat="42.414249" lon="-2.438402">
      <ele>431.4</ele>
    </trkpt>
    <trkpt lat="42.414036" lon="-2.438595">
      <ele>431.4</ele>
    </trkpt>
    <trkpt lat="42.413987" lon="-2.438674">
      <ele>431.4</ele>
    </trkpt>
    <trkpt lat="42.413387" lon="-2.439291">
      <ele>431.2</ele>
    </trkpt>
    <trkpt lat="42.413326" lon="-2.439438">
      <ele>431.2</ele>
    </trkpt>
    <trkpt lat="42.413196" lon="-2.439491">
      <ele>431.1</ele>
    </trkpt>
    <trkpt lat="42.412716" lon="-2.439974">
      <ele>431.3</ele>
    </trkpt>
    <trkpt lat="42.412522" lon="-2.440108">
      <ele>431.4</ele>
    </trkpt>
    <trkpt lat="42.412399" lon="-2.440151">
      <ele>431.6</ele>
    </trkpt>
    <trkpt lat="42.412316" lon="-2.440248">
      <ele>431.6</ele>
    </trkpt>
    <trkpt lat="42.411964" lon="-2.440527">
      <ele>431.9</ele>
    </trkpt>
    <trkpt lat="42.411865" lon="-2.440645">
      <ele>432</ele>
    </trkpt>
    <trkpt lat="42.411767" lon="-2.440842">
      <ele>432.1</ele>
    </trkpt>
    <trkpt lat="42.411581" lon="-2.441032">
      <ele>432.3</ele>
    </trkpt>
    <trkpt lat="42.411411" lon="-2.440947">
      <ele>432.5</ele>
    </trkpt>
    <trkpt lat="42.411219" lon="-2.441101">
      <ele>432.7</ele>
    </trkpt>
    <trkpt lat="42.410872" lon="-2.441629">
      <ele>433.2</ele>
    </trkpt>
    <trkpt lat="42.409255" lon="-2.442522">
      <ele>435.6</ele>
    </trkpt>
    <trkpt lat="42.408614" lon="-2.443002">
      <ele>437.1</ele>
    </trkpt>
    <trkpt lat="42.408394" lon="-2.443223">
      <ele>437.6</ele>
    </trkpt>
    <trkpt lat="42.408177" lon="-2.443544">
      <ele>438.2</ele>
    </trkpt>
    <trkpt lat="42.40813" lon="-2.443847">
      <ele>438.5</ele>
    </trkpt>
    <trkpt lat="42.408023" lon="-2.443895">
      <ele>438.7</ele>
    </trkpt>
    <trkpt lat="42.407924" lon="-2.444003">
      <ele>438.9</ele>
    </trkpt>
    <trkpt lat="42.407765" lon="-2.444266">
      <ele>439.2</ele>
    </trkpt>
    <trkpt lat="42.407646" lon="-2.444405">
      <ele>439.4</ele>
    </trkpt>
    <trkpt lat="42.407536" lon="-2.444679">
      <ele>439.7</ele>
    </trkpt>
    <trkpt lat="42.407449" lon="-2.44499">
      <ele>439.9</ele>
    </trkpt>
    <trkpt lat="42.407279" lon="-2.444692">
      <ele>440.1</ele>
    </trkpt>
    <trkpt lat="42.406861" lon="-2.443949">
      <ele>440.8</ele>
    </trkpt>
    <trkpt lat="42.406818" lon="-2.443871">
      <ele>440.9</ele>
    </trkpt>
    <trkpt lat="42.406695" lon="-2.443599">
      <ele>441.3</ele>
    </trkpt>
    <trkpt lat="42.406695" lon="-2.443468">
      <ele>441.4</ele>
    </trkpt>
    <trkpt lat="42.406765" lon="-2.443224">
      <ele>441.8</ele>
    </trkpt>
    <trkpt lat="42.406776" lon="-2.442991">
      <ele>442.1</ele>
    </trkpt>
    <trkpt lat="42.40668" lon="-2.442541">
      <ele>442.9</ele>
    </trkpt>
    <trkpt lat="42.40654" lon="-2.441864">
      <ele>444.9</ele>
    </trkpt>
    <trkpt lat="42.406557" lon="-2.441745">
      <ele>445.2</ele>
    </trkpt>
    <trkpt lat="42.406574" lon="-2.441632">
      <ele>445.6</ele>
    </trkpt>
    <trkpt lat="42.406532" lon="-2.441114">
      <ele>447.3</ele>
    </trkpt>
    <trkpt lat="42.406476" lon="-2.4407">
      <ele>448.6</ele>
    </trkpt>
    <trkpt lat="42.406421" lon="-2.440517">
      <ele>449.1</ele>
    </trkpt>
    <trkpt lat="42.406207" lon="-2.440552">
      <ele>449.8</ele>
    </trkpt>
    <trkpt lat="42.40587" lon="-2.440681">
      <ele>450.9</ele>
    </trkpt>
    <trkpt lat="42.405759" lon="-2.439993">
      <ele>452.1</ele>
    </trkpt>
    <trkpt lat="42.405409" lon="-2.438851">
      <ele>453.5</ele>
    </trkpt>
    <trkpt lat="42.405266" lon="-2.438429">
      <ele>454.2</ele>
    </trkpt>
    <trkpt lat="42.405122" lon="-2.437974">
      <ele>455.2</ele>
    </trkpt>
    <trkpt lat="42.404864" lon="-2.437157">
      <ele>457.3</ele>
    </trkpt>
    <trkpt lat="42.404767" lon="-2.436897">
      <ele>457.9</ele>
    </trkpt>
    <trkpt lat="42.404799" lon="-2.436478">
      <ele>458.8</ele>
    </trkpt>
    <trkpt lat="42.40453" lon="-2.43467">
      <ele>462.4</ele>
    </trkpt>
    <trkpt lat="42.4045" lon="-2.434335">
      <ele>463.2</ele>
    </trkpt>
    <trkpt lat="42.404552" lon="-2.433314">
      <ele>466.5</ele>
    </trkpt>
    <trkpt lat="42.404675" lon="-2.431386">
      <ele>475.9</ele>
    </trkpt>
    <trkpt lat="42.404761" lon="-2.430926">
      <ele>478.5</ele>
    </trkpt>
    <trkpt lat="42.404829" lon="-2.430601">
      <ele>480.3</ele>
    </trkpt>
    <trkpt lat="42.404849" lon="-2.430362">
      <ele>481.6</ele>
    </trkpt>
    <trkpt lat="42.404883" lon="-2.429949">
      <ele>483.9</ele>
    </trkpt>
    <trkpt lat="42.404869" lon="-2.429759">
      <ele>484.9</ele>
    </trkpt>
    <trkpt lat="42.404684" lon="-2.428863">
      <ele>489.6</ele>
    </trkpt>
    <trkpt lat="42.404575" lon="-2.428405">
      <ele>491.5</ele>
    </trkpt>
    <trkpt lat="42.404492" lon="-2.427977">
      <ele>493</ele>
    </trkpt>
    <trkpt lat="42.404257" lon="-2.426776">
      <ele>495.8</ele>
    </trkpt>
    <trkpt lat="42.404227" lon="-2.426487">
      <ele>496</ele>
    </trkpt>
    <trkpt lat="42.404079" lon="-2.426417">
      <ele>496.1</ele>
    </trkpt>
    <trkpt lat="42.403755" lon="-2.425987">
      <ele>496.4</ele>
    </trkpt>
    <trkpt lat="42.403611" lon="-2.425797">
      <ele>496.5</ele>
    </trkpt>
    <trkpt lat="42.403284" lon="-2.425539">
      <ele>496.7</ele>
    </trkpt>
    <trkpt lat="42.403138" lon="-2.425471">
      <ele>496.8</ele>
    </trkpt>
    <trkpt lat="42.402831" lon="-2.425404">
      <ele>496.9</ele>
    </trkpt>
    <trkpt lat="42.40262" lon="-2.425427">
      <ele>497</ele>
    </trkpt>
    <trkpt lat="42.400597" lon="-2.42615">
      <ele>498.4</ele>
    </trkpt>
    <trkpt lat="42.400177" lon="-2.426383">
      <ele>498.8</ele>
    </trkpt>
    <trkpt lat="42.399966" lon="-2.426538">
      <ele>499</ele>
    </trkpt>
    <trkpt lat="42.399543" lon="-2.42687">
      <ele>499.5</ele>
    </trkpt>
    <trkpt lat="42.399122" lon="-2.427184">
      <ele>500.2</ele>
    </trkpt>
    <trkpt lat="42.398942" lon="-2.427276">
      <ele>500.6</ele>
    </trkpt>
    <trkpt lat="42.398803" lon="-2.427323">
      <ele>501</ele>
    </trkpt>
    <trkpt lat="42.398469" lon="-2.427353">
      <ele>501.8</ele>
    </trkpt>
    <trkpt lat="42.398132" lon="-2.427262">
      <ele>502.8</ele>
    </trkpt>
    <trkpt lat="42.397899" lon="-2.427135">
      <ele>503.6</ele>
    </trkpt>
    <trkpt lat="42.397332" lon="-2.426728">
      <ele>505.6</ele>
    </trkpt>
    <trkpt lat="42.396444" lon="-2.427259">
      <ele>508.7</ele>
    </trkpt>
    <trkpt lat="42.396011" lon="-2.427346">
      <ele>510</ele>
    </trkpt>
    <trkpt lat="42.3946" lon="-2.427288">
      <ele>514.7</ele>
    </trkpt>
    <trkpt lat="42.392671" lon="-2.427">
      <ele>523.1</ele>
    </trkpt>
    <trkpt lat="42.392416" lon="-2.427">
      <ele>524.2</ele>
    </trkpt>
    <trkpt lat="42.392224" lon="-2.42725">
      <ele>525.3</ele>
    </trkpt>
    <trkpt lat="42.391399" lon="-2.427897">
      <ele>529.4</ele>
    </trkpt>
    <trkpt lat="42.39118" lon="-2.428204">
      <ele>530.5</ele>
    </trkpt>
    <trkpt lat="42.39087" lon="-2.428415">
      <ele>531.6</ele>
    </trkpt>
    <trkpt lat="42.390676" lon="-2.428695">
      <ele>532.5</ele>
    </trkpt>
    <trkpt lat="42.390215" lon="-2.428829">
      <ele>533.9</ele>
    </trkpt>
    <trkpt lat="42.389978" lon="-2.429039">
      <ele>534.6</ele>
    </trkpt>
    <trkpt lat="42.389845" lon="-2.429324">
      <ele>535.2</ele>
    </trkpt>
    <trkpt lat="42.389733" lon="-2.429639">
      <ele>535.8</ele>
    </trkpt>
    <trkpt lat="42.389496" lon="-2.429867">
      <ele>536.5</ele>
    </trkpt>
    <trkpt lat="42.389246" lon="-2.430042">
      <ele>537.3</ele>
    </trkpt>
    <trkpt lat="42.389066" lon="-2.43003">
      <ele>537.9</ele>
    </trkpt>
    <trkpt lat="42.388833" lon="-2.429919">
      <ele>538.7</ele>
    </trkpt>
    <trkpt lat="42.388536" lon="-2.429931">
      <ele>539.7</ele>
    </trkpt>
    <trkpt lat="42.388148" lon="-2.430024">
      <ele>541.2</ele>
    </trkpt>
    <trkpt lat="42.387899" lon="-2.430094">
      <ele>542.2</ele>
    </trkpt>
    <trkpt lat="42.38767" lon="-2.430275">
      <ele>543.3</ele>
    </trkpt>
    <trkpt lat="42.387193" lon="-2.430397">
      <ele>545.3</ele>
    </trkpt>
    <trkpt lat="42.386409" lon="-2.430852">
      <ele>548.7</ele>
    </trkpt>
    <trkpt lat="42.386387" lon="-2.430874">
      <ele>548.8</ele>
    </trkpt>
    <trkpt lat="42.386228" lon="-2.431038">
      <ele>549.6</ele>
    </trkpt>
    <trkpt lat="42.385255" lon="-2.43175">
      <ele>554.4</ele>
    </trkpt>
    <trkpt lat="42.385078" lon="-2.431808">
      <ele>555.1</ele>
    </trkpt>
    <trkpt lat="42.384794" lon="-2.431796">
      <ele>556.3</ele>
    </trkpt>
    <trkpt lat="42.384523" lon="-2.431872">
      <ele>557.4</ele>
    </trkpt>
    <trkpt lat="42.383989" lon="-2.431866">
      <ele>559.5</ele>
    </trkpt>
    <trkpt lat="42.383167" lon="-2.432041">
      <ele>562.6</ele>
    </trkpt>
    <trkpt lat="42.382077" lon="-2.432432">
      <ele>566.4</ele>
    </trkpt>
    <trkpt lat="42.382017" lon="-2.432385">
      <ele>566.6</ele>
    </trkpt>
    <trkpt lat="42.382077" lon="-2.432216">
      <ele>567</ele>
    </trkpt>
    <trkpt lat="42.38215" lon="-2.431371">
      <ele>569.1</ele>
    </trkpt>
    <trkpt lat="42.382219" lon="-2.43112">
      <ele>569.8</ele>
    </trkpt>
    <trkpt lat="42.381603" lon="-2.430128">
      <ele>575.5</ele>
    </trkpt>
    <trkpt lat="42.381537" lon="-2.429876">
      <ele>577.4</ele>
    </trkpt>
    <trkpt lat="42.381489" lon="-2.429477">
      <ele>580.3</ele>
    </trkpt>
    <trkpt lat="42.381421" lon="-2.429375">
      <ele>581.3</ele>
    </trkpt>
    <trkpt lat="42.381002" lon="-2.428851">
      <ele>587.1</ele>
    </trkpt>
    <trkpt lat="42.380768" lon="-2.428819">
      <ele>589.4</ele>
    </trkpt>
    <trkpt lat="42.380522" lon="-2.4289">
      <ele>591.9</ele>
    </trkpt>
    <trkpt lat="42.379843" lon="-2.428803">
      <ele>597.3</ele>
    </trkpt>
    <trkpt lat="42.379249" lon="-2.428258">
      <ele>601.5</ele>
    </trkpt>
    <trkpt lat="42.378414" lon="-2.427412">
      <ele>606.7</ele>
    </trkpt>
    <trkpt lat="42.377741" lon="-2.427274">
      <ele>610.1</ele>
    </trkpt>
    <trkpt lat="42.377158" lon="-2.427225">
      <ele>613.1</ele>
    </trkpt>
    <trkpt lat="42.376966" lon="-2.427038">
      <ele>614.4</ele>
    </trkpt>
    <trkpt lat="42.376467" lon="-2.426867">
      <ele>617.1</ele>
    </trkpt>
    <trkpt lat="42.376041" lon="-2.426404">
      <ele>620</ele>
    </trkpt>
    <trkpt lat="42.375849" lon="-2.426249">
      <ele>621.2</ele>
    </trkpt>
    <trkpt lat="42.375278" lon="-2.425957">
      <ele>624.5</ele>
    </trkpt>
    <trkpt lat="42.374954" lon="-2.425883">
      <ele>626.3</ele>
    </trkpt>
    <trkpt lat="42.374804" lon="-2.425802">
      <ele>627.1</ele>
    </trkpt>
    <trkpt lat="42.374353" lon="-2.425233">
      <ele>629.9</ele>
    </trkpt>
    <trkpt lat="42.374197" lon="-2.425241">
      <ele>630.4</ele>
    </trkpt>
    <trkpt lat="42.373674" lon="-2.42594">
      <ele>633.3</ele>
    </trkpt>
    <trkpt lat="42.373608" lon="-2.426103">
      <ele>633.9</ele>
    </trkpt>
    <trkpt lat="42.373476" lon="-2.426144">
      <ele>634.6</ele>
    </trkpt>
    <trkpt lat="42.373146" lon="-2.425908">
      <ele>636.5</ele>
    </trkpt>
    <trkpt lat="42.372617" lon="-2.425648">
      <ele>639.9</ele>
    </trkpt>
    <trkpt lat="42.372353" lon="-2.425444">
      <ele>642.2</ele>
    </trkpt>
    <trkpt lat="42.370833" lon="-2.424778">
      <ele>655.2</ele>
    </trkpt>
    <trkpt lat="42.370545" lon="-2.424554">
      <ele>657.9</ele>
    </trkpt>
    <trkpt lat="42.3703" lon="-2.424143">
      <ele>660.9</ele>
    </trkpt>
    <trkpt lat="42.369574" lon="-2.423118">
      <ele>668.2</ele>
    </trkpt>
    <trkpt lat="42.3696" lon="-2.422902">
      <ele>669.3</ele>
    </trkpt>
    <trkpt lat="42.36938" lon="-2.422559">
      <ele>671.5</ele>
    </trkpt>
    <trkpt lat="42.36902" lon="-2.422125">
      <ele>674.2</ele>
    </trkpt>
    <trkpt lat="42.368953" lon="-2.422075">
      <ele>674.6</ele>
    </trkpt>
    <trkpt lat="42.368846" lon="-2.422105">
      <ele>675.2</ele>
    </trkpt>
    <trkpt lat="42.368802" lon="-2.422226">
      <ele>675.8</ele>
    </trkpt>
    <trkpt lat="42.368784" lon="-2.422435">
      <ele>676.8</ele>
    </trkpt>
    <trkpt lat="42.368746" lon="-2.422742">
      <ele>678.3</ele>
    </trkpt>
    <trkpt lat="42.368623" lon="-2.422896">
      <ele>679.4</ele>
    </trkpt>
    <trkpt lat="42.3677" lon="-2.423293">
      <ele>684.1</ele>
    </trkpt>
    <trkpt lat="42.367536" lon="-2.42342">
      <ele>685.1</ele>
    </trkpt>
    <trkpt lat="42.367387" lon="-2.423636">
      <ele>686</ele>
    </trkpt>
    <trkpt lat="42.367346" lon="-2.423663">
      <ele>686.2</ele>
    </trkpt>
    <trkpt lat="42.367264" lon="-2.42368">
      <ele>686.5</ele>
    </trkpt>
    <trkpt lat="42.367157" lon="-2.423608">
      <ele>687</ele>
    </trkpt>
    <trkpt lat="42.366958" lon="-2.423585">
      <ele>687.7</ele>
    </trkpt>
    <trkpt lat="42.366836" lon="-2.423639">
      <ele>688.1</ele>
    </trkpt>
    <trkpt lat="42.366673" lon="-2.423767">
      <ele>688.7</ele>
    </trkpt>
    <trkpt lat="42.366495" lon="-2.424025">
      <ele>689.2</ele>
    </trkpt>
    <trkpt lat="42.366027" lon="-2.424369">
      <ele>689.8</ele>
    </trkpt>
    <trkpt lat="42.365991" lon="-2.424395">
      <ele>689.8</ele>
    </trkpt>
    <trkpt lat="42.365758" lon="-2.424835">
      <ele>689.3</ele>
    </trkpt>
    <trkpt lat="42.365563" lon="-2.425565">
      <ele>688.6</ele>
    </trkpt>
    <trkpt lat="42.365381" lon="-2.425768">
      <ele>688</ele>
    </trkpt>
    <trkpt lat="42.365072" lon="-2.425897">
      <ele>687.1</ele>
    </trkpt>
    <trkpt lat="42.364885" lon="-2.426047">
      <ele>686.4</ele>
    </trkpt>
    <trkpt lat="42.364695" lon="-2.426332">
      <ele>685.7</ele>
    </trkpt>
    <trkpt lat="42.364529" lon="-2.426659">
      <ele>685</ele>
    </trkpt>
    <trkpt lat="42.364319" lon="-2.426911">
      <ele>684.5</ele>
    </trkpt>
    <trkpt lat="42.363855" lon="-2.427227">
      <ele>683.8</ele>
    </trkpt>
    <trkpt lat="42.363581" lon="-2.427496">
      <ele>683.4</ele>
    </trkpt>
    <trkpt lat="42.363296" lon="-2.427887">
      <ele>683.3</ele>
    </trkpt>
    <trkpt lat="42.363078" lon="-2.428274">
      <ele>683.3</ele>
    </trkpt>
    <trkpt lat="42.362297" lon="-2.429137">
      <ele>683.8</ele>
    </trkpt>
    <trkpt lat="42.362012" lon="-2.429325">
      <ele>684</ele>
    </trkpt>
    <trkpt lat="42.361796" lon="-2.429389">
      <ele>684.2</ele>
    </trkpt>
    <trkpt lat="42.361627" lon="-2.42962">
      <ele>684.5</ele>
    </trkpt>
    <trkpt lat="42.361397" lon="-2.429802">
      <ele>684.8</ele>
    </trkpt>
    <trkpt lat="42.361199" lon="-2.430119">
      <ele>685.4</ele>
    </trkpt>
    <trkpt lat="42.361144" lon="-2.430328">
      <ele>685.6</ele>
    </trkpt>
    <trkpt lat="42.361148" lon="-2.430693">
      <ele>685.9</ele>
    </trkpt>
    <trkpt lat="42.36112" lon="-2.431186">
      <ele>686.4</ele>
    </trkpt>
    <trkpt lat="42.361025" lon="-2.43161">
      <ele>686.9</ele>
    </trkpt>
    <trkpt lat="42.361052" lon="-2.432061">
      <ele>687.5</ele>
    </trkpt>
    <trkpt lat="42.361128" lon="-2.432603">
      <ele>688.1</ele>
    </trkpt>
    <trkpt lat="42.361247" lon="-2.433091">
      <ele>688.6</ele>
    </trkpt>
    <trkpt lat="42.361469" lon="-2.433466">
      <ele>689.2</ele>
    </trkpt>
    <trkpt lat="42.361671" lon="-2.433912">
      <ele>690</ele>
    </trkpt>
    <trkpt lat="42.361845" lon="-2.434233">
      <ele>690.8</ele>
    </trkpt>
    <trkpt lat="42.361948" lon="-2.434598">
      <ele>691.6</ele>
    </trkpt>
    <trkpt lat="42.362158" lon="-2.434995">
      <ele>692.7</ele>
    </trkpt>
    <trkpt lat="42.36244" lon="-2.435338">
      <ele>693.5</ele>
    </trkpt>
    <trkpt lat="42.362595" lon="-2.435612">
      <ele>693.7</ele>
    </trkpt>
    <trkpt lat="42.362682" lon="-2.435961">
      <ele>693.6</ele>
    </trkpt>
    <trkpt lat="42.362591" lon="-2.436846">
      <ele>692.5</ele>
    </trkpt>
    <trkpt lat="42.36246" lon="-2.437221">
      <ele>691.5</ele>
    </trkpt>
    <trkpt lat="42.362337" lon="-2.437404">
      <ele>690.9</ele>
    </trkpt>
    <trkpt lat="42.362206" lon="-2.437538">
      <ele>690.3</ele>
    </trkpt>
    <trkpt lat="42.36215" lon="-2.437651">
      <ele>690.1</ele>
    </trkpt>
    <trkpt lat="42.362186" lon="-2.437913">
      <ele>689.5</ele>
    </trkpt>
    <trkpt lat="42.362214" lon="-2.438182">
      <ele>689</ele>
    </trkpt>
    <trkpt lat="42.362166" lon="-2.438503">
      <ele>688.6</ele>
    </trkpt>
    <trkpt lat="42.362099" lon="-2.439625">
      <ele>688.6</ele>
    </trkpt>
    <trkpt lat="42.36215" lon="-2.439963">
      <ele>689</ele>
    </trkpt>
    <trkpt lat="42.362099" lon="-2.440821">
      <ele>691.3</ele>
    </trkpt>
    <trkpt lat="42.361913" lon="-2.441041">
      <ele>692.6</ele>
    </trkpt>
    <trkpt lat="42.361758" lon="-2.441127">
      <ele>693.5</ele>
    </trkpt>
    <trkpt lat="42.361191" lon="-2.441304">
      <ele>697.7</ele>
    </trkpt>
    <trkpt lat="42.360973" lon="-2.441459">
      <ele>699.7</ele>
    </trkpt>
    <trkpt lat="42.360185" lon="-2.442334">
      <ele>708.8</ele>
    </trkpt>
    <trkpt lat="42.359519" lon="-2.442967">
      <ele>716.5</ele>
    </trkpt>
    <trkpt lat="42.359162" lon="-2.443605">
      <ele>722.2</ele>
    </trkpt>
    <trkpt lat="42.358416" lon="-2.444683">
      <ele>731.7</ele>
    </trkpt>
    <trkpt lat="42.358183" lon="-2.444946">
      <ele>734.4</ele>
    </trkpt>
    <trkpt lat="42.357732" lon="-2.445205">
      <ele>738.7</ele>
    </trkpt>
    <trkpt lat="42.356966" lon="-2.445611">
      <ele>746.6</ele>
    </trkpt>
    <trkpt lat="42.356573" lon="-2.445676">
      <ele>751</ele>
    </trkpt>
    <trkpt lat="42.356294" lon="-2.445832">
      <ele>754.5</ele>
    </trkpt>
    <trkpt lat="42.356276" lon="-2.445842">
      <ele>754.7</ele>
    </trkpt>
    <trkpt lat="42.355523" lon="-2.446411">
      <ele>765.1</ele>
    </trkpt>
    <trkpt lat="42.355166" lon="-2.446545">
      <ele>768.9</ele>
    </trkpt>
    <trkpt lat="42.354586" lon="-2.446677">
      <ele>773.1</ele>
    </trkpt>
    <trkpt lat="42.354697" lon="-2.446403">
      <ele>774.1</ele>
    </trkpt>
    <trkpt lat="42.354704" lon="-2.446154">
      <ele>774.6</ele>
    </trkpt>
    <trkpt lat="42.354567" lon="-2.445458">
      <ele>774.9</ele>
    </trkpt>
    <trkpt lat="42.3543" lon="-2.444706">
      <ele>773.9</ele>
    </trkpt>
    <trkpt lat="42.354243" lon="-2.444187">
      <ele>773.4</ele>
    </trkpt>
    <trkpt lat="42.35426" lon="-2.443515">
      <ele>773.8</ele>
    </trkpt>
    <trkpt lat="42.354325" lon="-2.44273">
      <ele>775.5</ele>
    </trkpt>
    <trkpt lat="42.354351" lon="-2.442427">
      <ele>776.5</ele>
    </trkpt>
    <trkpt lat="42.354511" lon="-2.441403">
      <ele>780.3</ele>
    </trkpt>
    <trkpt lat="42.354636" lon="-2.440908">
      <ele>782.4</ele>
    </trkpt>
    <trkpt lat="42.354598" lon="-2.440689">
      <ele>783.2</ele>
    </trkpt>
    <trkpt lat="42.354371" lon="-2.440107">
      <ele>785.1</ele>
    </trkpt>
    <trkpt lat="42.354287" lon="-2.439937">
      <ele>785.6</ele>
    </trkpt>
    <trkpt lat="42.354165" lon="-2.439782">
      <ele>786.2</ele>
    </trkpt>
    <trkpt lat="42.354149" lon="-2.439683">
      <ele>786.4</ele>
    </trkpt>
    <trkpt lat="42.354163" lon="-2.439358">
      <ele>787.2</ele>
    </trkpt>
    <trkpt lat="42.354125" lon="-2.439106">
      <ele>787.8</ele>
    </trkpt>
    <trkpt lat="42.35413" lon="-2.438948">
      <ele>788.2</ele>
    </trkpt>
    <trkpt lat="42.354189" lon="-2.438623">
      <ele>788.9</ele>
    </trkpt>
    <trkpt lat="42.354187" lon="-2.4385">
      <ele>789.2</ele>
    </trkpt>
    <trkpt lat="42.354165" lon="-2.438362">
      <ele>789.5</ele>
    </trkpt>
    <trkpt lat="42.35395" lon="-2.437713">
      <ele>790.7</ele>
    </trkpt>
    <trkpt lat="42.353915" lon="-2.437501">
      <ele>791</ele>
    </trkpt>
    <trkpt lat="42.353906" lon="-2.437225">
      <ele>791.5</ele>
    </trkpt>
    <trkpt lat="42.354005" lon="-2.436227">
      <ele>793.7</ele>
    </trkpt>
    <trkpt lat="42.353993" lon="-2.435999">
      <ele>794.4</ele>
    </trkpt>
    <trkpt lat="42.353985" lon="-2.43584">
      <ele>794.9</ele>
    </trkpt>
    <trkpt lat="42.354081" lon="-2.434678">
      <ele>800</ele>
    </trkpt>
    <trkpt lat="42.354043" lon="-2.434457">
      <ele>801.3</ele>
    </trkpt>
    <trkpt lat="42.35387" lon="-2.434213">
      <ele>803.5</ele>
    </trkpt>
    <trkpt lat="42.353414" lon="-2.433432">
      <ele>810.1</ele>
    </trkpt>
    <trkpt lat="42.353272" lon="-2.433235">
      <ele>811.9</ele>
    </trkpt>
    <trkpt lat="42.353054" lon="-2.433029">
      <ele>814</ele>
    </trkpt>
    <trkpt lat="42.352394" lon="-2.432381">
      <ele>820</ele>
    </trkpt>
    <trkpt lat="42.351971" lon="-2.432062">
      <ele>822.7</ele>
    </trkpt>
    <trkpt lat="42.351556" lon="-2.431555">
      <ele>825.2</ele>
    </trkpt>
    <trkpt lat="42.351145" lon="-2.431095">
      <ele>827</ele>
    </trkpt>
    <trkpt lat="42.351053" lon="-2.431027">
      <ele>827.3</ele>
    </trkpt>
    <trkpt lat="42.350343" lon="-2.430852">
      <ele>828.1</ele>
    </trkpt>
    <trkpt lat="42.350265" lon="-2.4308">
      <ele>828.2</ele>
    </trkpt>
    <trkpt lat="42.349952" lon="-2.430443">
      <ele>828.8</ele>
    </trkpt>
    <trkpt lat="42.349611" lon="-2.430196">
      <ele>829.9</ele>
    </trkpt>
    <trkpt lat="42.349457" lon="-2.430151">
      <ele>830.5</ele>
    </trkpt>
    <trkpt lat="42.349435" lon="-2.430144">
      <ele>830.6</ele>
    </trkpt>
    <trkpt lat="42.348983" lon="-2.430128">
      <ele>832.5</ele>
    </trkpt>
    <trkpt lat="42.348577" lon="-2.430047">
      <ele>835</ele>
    </trkpt>
    <trkpt lat="42.34842" lon="-2.430109">
      <ele>836.4</ele>
    </trkpt>
    <trkpt lat="42.348299" lon="-2.430194">
      <ele>837.7</ele>
    </trkpt>
    <trkpt lat="42.34823" lon="-2.430194">
      <ele>838.4</ele>
    </trkpt>
    <trkpt lat="42.348178" lon="-2.430159">
      <ele>839.1</ele>
    </trkpt>
    <trkpt lat="42.348143" lon="-2.430086">
      <ele>839.7</ele>
    </trkpt>
    <trkpt lat="42.348139" lon="-2.430013">
      <ele>840.2</ele>
    </trkpt>
    <trkpt lat="42.348153" lon="-2.429855">
      <ele>841.2</ele>
    </trkpt>
    <trkpt lat="42.348096" lon="-2.429636">
      <ele>842.7</ele>
    </trkpt>
    <trkpt lat="42.347729" lon="-2.428931">
      <ele>847.2</ele>
    </trkpt>
    <trkpt lat="42.347719" lon="-2.428824">
      <ele>847.7</ele>
    </trkpt>
    <trkpt lat="42.347779" lon="-2.428316">
      <ele>850.8</ele>
    </trkpt>
    <trkpt lat="42.348244" lon="-2.427964">
      <ele>855.1</ele>
    </trkpt>
    <trkpt lat="42.348908" lon="-2.427634">
      <ele>860.6</ele>
    </trkpt>
    <trkpt lat="42.348933" lon="-2.427616">
      <ele>860.9</ele>
    </trkpt>
    <trkpt lat="42.348922" lon="-2.427531">
      <ele>861.5</ele>
    </trkpt>
    <trkpt lat="42.349107" lon="-2.426997">
      <ele>865.3</ele>
    </trkpt>
    <trkpt lat="42.349252" lon="-2.426657">
      <ele>867.4</ele>
    </trkpt>
    <trkpt lat="42.349328" lon="-2.426509">
      <ele>868.2</ele>
    </trkpt>
    <trkpt lat="42.349452" lon="-2.426433">
      <ele>869</ele>
    </trkpt>
    <trkpt lat="42.349597" lon="-2.426259">
      <ele>869.8</ele>
    </trkpt>
    <trkpt lat="42.349573" lon="-2.426464">
      <ele>870.4</ele>
    </trkpt>
    <trkpt lat="42.349666" lon="-2.426477">
      <ele>870.7</ele>
    </trkpt>
    <trkpt lat="42.349949" lon="-2.426427">
      <ele>871.2</ele>
    </trkpt>
    <trkpt lat="42.350011" lon="-2.426412">
      <ele>871.2</ele>
    </trkpt>
    <trkpt lat="42.349949" lon="-2.426427">
      <ele>871.2</ele>
    </trkpt>
    <trkpt lat="42.349666" lon="-2.426477">
      <ele>870.8</ele>
    </trkpt>
    <trkpt lat="42.349573" lon="-2.426464">
      <ele>870.6</ele>
    </trkpt>
    <trkpt lat="42.34948" lon="-2.426467">
      <ele>870.3</ele>
    </trkpt>
    <trkpt lat="42.349452" lon="-2.426433">
      <ele>870.1</ele>
    </trkpt>
    <trkpt lat="42.349394" lon="-2.426313">
      <ele>869.7</ele>
    </trkpt>
    <trkpt lat="42.349452" lon="-2.426433">
      <ele>869.2</ele>
    </trkpt>
    <trkpt lat="42.349328" lon="-2.426509">
      <ele>868.5</ele>
    </trkpt>
    <trkpt lat="42.349196" lon="-2.426472">
      <ele>867.8</ele>
    </trkpt>
    <trkpt lat="42.34911" lon="-2.426598">
      <ele>867.2</ele>
    </trkpt>
    <trkpt lat="42.348988" lon="-2.426558">
      <ele>866.5</ele>
    </trkpt>
    <trkpt lat="42.348671" lon="-2.42673">
      <ele>864.7</ele>
    </trkpt>
    <trkpt lat="42.348581" lon="-2.426758">
      <ele>864.3</ele>
    </trkpt>
    <trkpt lat="42.348463" lon="-2.426794">
      <ele>863.8</ele>
    </trkpt>
    <trkpt lat="42.348132" lon="-2.426979">
      <ele>862.7</ele>
    </trkpt>
    <trkpt lat="42.347964" lon="-2.427009">
      <ele>862.6</ele>
    </trkpt>
    <trkpt lat="42.347816" lon="-2.426968">
      <ele>862.6</ele>
    </trkpt>
    <trkpt lat="42.347702" lon="-2.426889">
      <ele>862.8</ele>
    </trkpt>
    <trkpt lat="42.347528" lon="-2.426866">
      <ele>863.3</ele>
    </trkpt>
    <trkpt lat="42.347389" lon="-2.426907">
      <ele>863.9</ele>
    </trkpt>
    <trkpt lat="42.346698" lon="-2.427379">
      <ele>870.3</ele>
    </trkpt>
    <trkpt lat="42.346555" lon="-2.427431">
      <ele>872</ele>
    </trkpt>
    <trkpt lat="42.346229" lon="-2.427448">
      <ele>875.7</ele>
    </trkpt>
    <trkpt lat="42.346168" lon="-2.427502">
      <ele>876.6</ele>
    </trkpt>
    <trkpt lat="42.34611" lon="-2.427621">
      <ele>877.8</ele>
    </trkpt>
    <trkpt lat="42.345969" lon="-2.428103">
      <ele>882</ele>
    </trkpt>
    <trkpt lat="42.345977" lon="-2.428339">
      <ele>883.8</ele>
    </trkpt>
    <trkpt lat="42.34601" lon="-2.428546">
      <ele>885.3</ele>
    </trkpt>
    <trkpt lat="42.346055" lon="-2.428749">
      <ele>886.8</ele>
    </trkpt>
    <trkpt lat="42.346196" lon="-2.429129">
      <ele>889.6</ele>
    </trkpt>
    <trkpt lat="42.346224" lon="-2.429316">
      <ele>890.5</ele>
    </trkpt>
    <trkpt lat="42.346179" lon="-2.429784">
      <ele>892.2</ele>
    </trkpt>
    <trkpt lat="42.346081" lon="-2.430161">
      <ele>892.8</ele>
    </trkpt>
    <trkpt lat="42.345843" lon="-2.430568">
      <ele>893.1</ele>
    </trkpt>
    <trkpt lat="42.345664" lon="-2.430734">
      <ele>893</ele>
    </trkpt>
    <trkpt lat="42.345475" lon="-2.431004">
      <ele>893</ele>
    </trkpt>
    <trkpt lat="42.345438" lon="-2.431294">
      <ele>893.1</ele>
    </trkpt>
    <trkpt lat="42.345321" lon="-2.431719">
      <ele>893.7</ele>
    </trkpt>
    <trkpt lat="42.344977" lon="-2.432031">
      <ele>895</ele>
    </trkpt>
    <trkpt lat="42.344451" lon="-2.432668">
      <ele>898.8</ele>
    </trkpt>
    <trkpt lat="42.343873" lon="-2.433216">
      <ele>903</ele>
    </trkpt>
    <trkpt lat="42.343777" lon="-2.433381">
      <ele>903.8</ele>
    </trkpt>
    <trkpt lat="42.343507" lon="-2.433973">
      <ele>906.3</ele>
    </trkpt>
    <trkpt lat="42.343106" lon="-2.434671">
      <ele>910.2</ele>
    </trkpt>
    <trkpt lat="42.343007" lon="-2.434792">
      <ele>911.3</ele>
    </trkpt>
    <trkpt lat="42.342939" lon="-2.434971">
      <ele>912.6</ele>
    </trkpt>
    <trkpt lat="42.3429" lon="-2.435231">
      <ele>914.5</ele>
    </trkpt>
    <trkpt lat="42.342808" lon="-2.43548">
      <ele>916.4</ele>
    </trkpt>
    <trkpt lat="42.342569" lon="-2.435884">
      <ele>919.5</ele>
    </trkpt>
    <trkpt lat="42.342409" lon="-2.436295">
      <ele>922.1</ele>
    </trkpt>
    <trkpt lat="42.342359" lon="-2.436381">
      <ele>922.7</ele>
    </trkpt>
    <trkpt lat="42.342321" lon="-2.436374">
      <ele>922.9</ele>
    </trkpt>
    <trkpt lat="42.341973" lon="-2.435894">
      <ele>925.8</ele>
    </trkpt>
    <trkpt lat="42.341885" lon="-2.435855">
      <ele>926.2</ele>
    </trkpt>
    <trkpt lat="42.341713" lon="-2.435925">
      <ele>926.8</ele>
    </trkpt>
    <trkpt lat="42.341247" lon="-2.436268">
      <ele>926.4</ele>
    </trkpt>
    <trkpt lat="42.341054" lon="-2.436374">
      <ele>925.6</ele>
    </trkpt>
    <trkpt lat="42.340917" lon="-2.436397">
      <ele>925</ele>
    </trkpt>
    <trkpt lat="42.340788" lon="-2.436378">
      <ele>924.4</ele>
    </trkpt>
    <trkpt lat="42.340668" lon="-2.43627">
      <ele>923.5</ele>
    </trkpt>
    <trkpt lat="42.340361" lon="-2.435894">
      <ele>919.9</ele>
    </trkpt>
    <trkpt lat="42.340205" lon="-2.435788">
      <ele>918</ele>
    </trkpt>
    <trkpt lat="42.339995" lon="-2.435722">
      <ele>915.4</ele>
    </trkpt>
    <trkpt lat="42.339908" lon="-2.435748">
      <ele>914.3</ele>
    </trkpt>
    <trkpt lat="42.33983" lon="-2.435821">
      <ele>913</ele>
    </trkpt>
    <trkpt lat="42.339614" lon="-2.436127">
      <ele>908.8</ele>
    </trkpt>
    <trkpt lat="42.339508" lon="-2.436225">
      <ele>907.1</ele>
    </trkpt>
    <trkpt lat="42.339402" lon="-2.436283">
      <ele>905.6</ele>
    </trkpt>
    <trkpt lat="42.339084" lon="-2.436299">
      <ele>901.7</ele>
    </trkpt>
    <trkpt lat="42.338993" lon="-2.43636">
      <ele>900.6</ele>
    </trkpt>
    <trkpt lat="42.338944" lon="-2.436474">
      <ele>899.6</ele>
    </trkpt>
    <trkpt lat="42.338909" lon="-2.43711">
      <ele>895.6</ele>
    </trkpt>
    <trkpt lat="42.338851" lon="-2.437369">
      <ele>894.6</ele>
    </trkpt>
    <trkpt lat="42.338753" lon="-2.437593">
      <ele>893.9</ele>
    </trkpt>
    <trkpt lat="42.338441" lon="-2.438093">
      <ele>894</ele>
    </trkpt>
    <trkpt lat="42.338408" lon="-2.438194">
      <ele>894.3</ele>
    </trkpt>
    <trkpt lat="42.338365" lon="-2.438458">
      <ele>895.2</ele>
    </trkpt>
    <trkpt lat="42.338381" lon="-2.439107">
      <ele>898</ele>
    </trkpt>
    <trkpt lat="42.338348" lon="-2.439279">
      <ele>898.8</ele>
    </trkpt>
    <trkpt lat="42.338089" lon="-2.439707">
      <ele>901.1</ele>
    </trkpt>
    <trkpt lat="42.337997" lon="-2.439959">
      <ele>901.7</ele>
    </trkpt>
    <trkpt lat="42.337885" lon="-2.440115">
      <ele>901.9</ele>
    </trkpt>
    <trkpt lat="42.33777" lon="-2.439837">
      <ele>901.8</ele>
    </trkpt>
    <trkpt lat="42.337697" lon="-2.439467">
      <ele>901.1</ele>
    </trkpt>
    <trkpt lat="42.337636" lon="-2.439305">
      <ele>900.6</ele>
    </trkpt>
    <trkpt lat="42.33755" lon="-2.439179">
      <ele>900.1</ele>
    </trkpt>
    <trkpt lat="42.337453" lon="-2.439098">
      <ele>899.5</ele>
    </trkpt>
    <trkpt lat="42.33723" lon="-2.43889">
      <ele>898.2</ele>
    </trkpt>
    <trkpt lat="42.337055" lon="-2.438782">
      <ele>897.3</ele>
    </trkpt>
    <trkpt lat="42.336909" lon="-2.438755">
      <ele>896.6</ele>
    </trkpt>
    <trkpt lat="42.33654" lon="-2.438873">
      <ele>895.1</ele>
    </trkpt>
    <trkpt lat="42.336223" lon="-2.439067">
      <ele>894.4</ele>
    </trkpt>
    <trkpt lat="42.336092" lon="-2.439179">
      <ele>894.4</ele>
    </trkpt>
    <trkpt lat="42.335648" lon="-2.439388">
      <ele>895.3</ele>
    </trkpt>
    <trkpt lat="42.335445" lon="-2.439421">
      <ele>896</ele>
    </trkpt>
    <trkpt lat="42.335303" lon="-2.439356">
      <ele>896.6</ele>
    </trkpt>
    <trkpt lat="42.335049" lon="-2.439335">
      <ele>897</ele>
    </trkpt>
    <trkpt lat="42.334938" lon="-2.439426">
      <ele>897</ele>
    </trkpt>
    <trkpt lat="42.334609" lon="-2.440011">
      <ele>895.9</ele>
    </trkpt>
    <trkpt lat="42.334549" lon="-2.440059">
      <ele>895.7</ele>
    </trkpt>
    <trkpt lat="42.334502" lon="-2.440054">
      <ele>895.6</ele>
    </trkpt>
    <trkpt lat="42.33447" lon="-2.439936">
      <ele>895.3</ele>
    </trkpt>
    <trkpt lat="42.334525" lon="-2.439555">
      <ele>894.3</ele>
    </trkpt>
    <trkpt lat="42.33441" lon="-2.439128">
      <ele>892.7</ele>
    </trkpt>
    <trkpt lat="42.334297" lon="-2.438925">
      <ele>891.4</ele>
    </trkpt>
    <trkpt lat="42.333854" lon="-2.438908">
      <ele>887.6</ele>
    </trkpt>
    <trkpt lat="42.333724" lon="-2.438868">
      <ele>886.6</ele>
    </trkpt>
    <trkpt lat="42.333595" lon="-2.438981">
      <ele>885.8</ele>
    </trkpt>
    <trkpt lat="42.333424" lon="-2.438862">
      <ele>885</ele>
    </trkpt>
    <trkpt lat="42.333256" lon="-2.43867">
      <ele>884.2</ele>
    </trkpt>
    <trkpt lat="42.333085" lon="-2.438676">
      <ele>883.6</ele>
    </trkpt>
    <trkpt lat="42.333006" lon="-2.438913">
      <ele>883.1</ele>
    </trkpt>
    <trkpt lat="42.333043" lon="-2.439055">
      <ele>882.9</ele>
    </trkpt>
    <trkpt lat="42.332855" lon="-2.439207">
      <ele>882.4</ele>
    </trkpt>
    <trkpt lat="42.332692" lon="-2.439597">
      <ele>881.4</ele>
    </trkpt>
    <trkpt lat="42.332588" lon="-2.439643">
      <ele>880.9</ele>
    </trkpt>
    <trkpt lat="42.332462" lon="-2.439891">
      <ele>879.7</ele>
    </trkpt>
    <trkpt lat="42.332375" lon="-2.440208">
      <ele>878.1</ele>
    </trkpt>
    <trkpt lat="42.332278" lon="-2.4404">
      <ele>876.7</ele>
    </trkpt>
    <trkpt lat="42.332157" lon="-2.440406">
      <ele>875.6</ele>
    </trkpt>
    <trkpt lat="42.331576" lon="-2.439462">
      <ele>866.8</ele>
    </trkpt>
    <trkpt lat="42.331242" lon="-2.439366">
      <ele>864.6</ele>
    </trkpt>
    <trkpt lat="42.331029" lon="-2.439405">
      <ele>863.8</ele>
    </trkpt>
    <trkpt lat="42.330933" lon="-2.439535">
      <ele>863.7</ele>
    </trkpt>
    <trkpt lat="42.330803" lon="-2.439987">
      <ele>864.4</ele>
    </trkpt>
    <trkpt lat="42.330582" lon="-2.440485">
      <ele>867.4</ele>
    </trkpt>
    <trkpt lat="42.330243" lon="-2.4407">
      <ele>871.4</ele>
    </trkpt>
    <trkpt lat="42.329708" lon="-2.441293">
      <ele>879.1</ele>
    </trkpt>
    <trkpt lat="42.329404" lon="-2.441494">
      <ele>883.1</ele>
    </trkpt>
    <trkpt lat="42.329236" lon="-2.441604">
      <ele>885.4</ele>
    </trkpt>
    <trkpt lat="42.328793" lon="-2.441972">
      <ele>891.6</ele>
    </trkpt>
    <trkpt lat="42.32835" lon="-2.442238">
      <ele>896.8</ele>
    </trkpt>
    <trkpt lat="42.327877" lon="-2.442452">
      <ele>901.6</ele>
    </trkpt>
    <trkpt lat="42.327464" lon="-2.442565">
      <ele>905.1</ele>
    </trkpt>
    <trkpt lat="42.326745" lon="-2.442548">
      <ele>910.8</ele>
    </trkpt>
    <trkpt lat="42.326452" lon="-2.442661">
      <ele>913.6</ele>
    </trkpt>
    <trkpt lat="42.326285" lon="-2.44282">
      <ele>915.7</ele>
    </trkpt>
    <trkpt lat="42.325926" lon="-2.4433">
      <ele>921.6</ele>
    </trkpt>
    <trkpt lat="42.325378" lon="-2.444425">
      <ele>935.7</ele>
    </trkpt>
    <trkpt lat="42.325031" lon="-2.444634">
      <ele>940.8</ele>
    </trkpt>
    <trkpt lat="42.324739" lon="-2.444849">
      <ele>945</ele>
    </trkpt>
    <trkpt lat="42.324622" lon="-2.445048">
      <ele>947.4</ele>
    </trkpt>
    <trkpt lat="42.324547" lon="-2.445225">
      <ele>949.2</ele>
    </trkpt>
    <trkpt lat="42.325023" lon="-2.445327">
      <ele>955.3</ele>
    </trkpt>
    <trkpt lat="42.325554" lon="-2.445606">
      <ele>962.9</ele>
    </trkpt>
    <trkpt lat="42.326169" lon="-2.445584">
      <ele>972.6</ele>
    </trkpt>
    <trkpt lat="42.326316" lon="-2.445633">
      <ele>975</ele>
    </trkpt>
    <trkpt lat="42.326593" lon="-2.445772">
      <ele>979.5</ele>
    </trkpt>
    <trkpt lat="42.326605" lon="-2.44593">
      <ele>981.2</ele>
    </trkpt>
    <trkpt lat="42.326588" lon="-2.446079">
      <ele>982.8</ele>
    </trkpt>
    <trkpt lat="42.326321" lon="-2.446525">
      <ele>988</ele>
    </trkpt>
    <trkpt lat="42.325867" lon="-2.447024">
      <ele>993.4</ele>
    </trkpt>
    <trkpt lat="42.325732" lon="-2.447207">
      <ele>994.6</ele>
    </trkpt>
    <trkpt lat="42.32513" lon="-2.44756">
      <ele>998.6</ele>
    </trkpt>
    <trkpt lat="42.324976" lon="-2.44773">
      <ele>999.9</ele>
    </trkpt>
    <trkpt lat="42.324557" lon="-2.447903">
      <ele>1002.9</ele>
    </trkpt>
    <trkpt lat="42.324436" lon="-2.447922">
      <ele>1003.8</ele>
    </trkpt>
    <trkpt lat="42.324224" lon="-2.44811">
      <ele>1005.8</ele>
    </trkpt>
    <trkpt lat="42.324053" lon="-2.448714">
      <ele>1010.3</ele>
    </trkpt>
    <trkpt lat="42.323979" lon="-2.449137">
      <ele>1013.8</ele>
    </trkpt>
    <trkpt lat="42.324007" lon="-2.449321">
      <ele>1015.4</ele>
    </trkpt>
    <trkpt lat="42.323732" lon="-2.44939">
      <ele>1018.7</ele>
    </trkpt>
    <trkpt lat="42.323408" lon="-2.449542">
      <ele>1023.1</ele>
    </trkpt>
    <trkpt lat="42.322884" lon="-2.450263">
      <ele>1033.4</ele>
    </trkpt>
    <trkpt lat="42.322785" lon="-2.450465">
      <ele>1035.9</ele>
    </trkpt>
    <trkpt lat="42.322555" lon="-2.45082">
      <ele>1040.3</ele>
    </trkpt>
    <trkpt lat="42.322511" lon="-2.450848">
      <ele>1040.9</ele>
    </trkpt>
    <trkpt lat="42.322469" lon="-2.45083">
      <ele>1041.4</ele>
    </trkpt>
    <trkpt lat="42.322471" lon="-2.450758">
      <ele>1042.1</ele>
    </trkpt>
    <trkpt lat="42.32253" lon="-2.450555">
      <ele>1044</ele>
    </trkpt>
    <trkpt lat="42.322567" lon="-2.450251">
      <ele>1046.6</ele>
    </trkpt>
    <trkpt lat="42.322528" lon="-2.450026">
      <ele>1048.5</ele>
    </trkpt>
    <trkpt lat="42.322448" lon="-2.449761">
      <ele>1050.7</ele>
    </trkpt>
    <trkpt lat="42.322364" lon="-2.449594">
      <ele>1052.3</ele>
    </trkpt>
    <trkpt lat="42.322368" lon="-2.449508">
      <ele>1053.1</ele>
    </trkpt>
    <trkpt lat="42.322295" lon="-2.449303">
      <ele>1055</ele>
    </trkpt>
    <trkpt lat="42.322208" lon="-2.449278">
      <ele>1056</ele>
    </trkpt>
    <trkpt lat="42.322135" lon="-2.449318">
      <ele>1057</ele>
    </trkpt>
    <trkpt lat="42.321997" lon="-2.44958">
      <ele>1059.9</ele>
    </trkpt>
    <trkpt lat="42.321942" lon="-2.449575">
      <ele>1060.6</ele>
    </trkpt>
    <trkpt lat="42.321729" lon="-2.4497">
      <ele>1063.7</ele>
    </trkpt>
    <trkpt lat="42.321417" lon="-2.44977">
      <ele>1068.4</ele>
    </trkpt>
    <trkpt lat="42.321081" lon="-2.449733">
      <ele>1073.6</ele>
    </trkpt>
    <trkpt lat="42.320974" lon="-2.449747">
      <ele>1075.2</ele>
    </trkpt>
    <trkpt lat="42.320843" lon="-2.449729">
      <ele>1077.2</ele>
    </trkpt>
    <trkpt lat="42.320721" lon="-2.449579">
      <ele>1079.6</ele>
    </trkpt>
    <trkpt lat="42.32048" lon="-2.449122">
      <ele>1084.9</ele>
    </trkpt>
    <trkpt lat="42.320226" lon="-2.448908">
      <ele>1087.8</ele>
    </trkpt>
    <trkpt lat="42.320134" lon="-2.448909">
      <ele>1088.5</ele>
    </trkpt>
    <trkpt lat="42.319906" lon="-2.449036">
      <ele>1090.3</ele>
    </trkpt>
    <trkpt lat="42.319779" lon="-2.449064">
      <ele>1091.2</ele>
    </trkpt>
    <trkpt lat="42.319697" lon="-2.449045">
      <ele>1091.7</ele>
    </trkpt>
    <trkpt lat="42.319546" lon="-2.44898">
      <ele>1092.7</ele>
    </trkpt>
    <trkpt lat="42.31944" lon="-2.448901">
      <ele>1093.4</ele>
    </trkpt>
    <trkpt lat="42.319267" lon="-2.448661">
      <ele>1094.7</ele>
    </trkpt>
    <trkpt lat="42.319183" lon="-2.448594">
      <ele>1095.2</ele>
    </trkpt>
    <trkpt lat="42.319108" lon="-2.448484">
      <ele>1095.7</ele>
    </trkpt>
    <trkpt lat="42.319017" lon="-2.448455">
      <ele>1096.3</ele>
    </trkpt>
    <trkpt lat="42.3188" lon="-2.448461">
      <ele>1097.6</ele>
    </trkpt>
    <trkpt lat="42.318448" lon="-2.448355">
      <ele>1100.5</ele>
    </trkpt>
    <trkpt lat="42.31819" lon="-2.448358">
      <ele>1103.1</ele>
    </trkpt>
    <trkpt lat="42.317709" lon="-2.448403">
      <ele>1108.8</ele>
    </trkpt>
    <trkpt lat="42.317391" lon="-2.448365">
      <ele>1112.9</ele>
    </trkpt>
    <trkpt lat="42.316815" lon="-2.448485">
      <ele>1121</ele>
    </trkpt>
    <trkpt lat="42.316405" lon="-2.448521">
      <ele>1126.9</ele>
    </trkpt>
    <trkpt lat="42.316053" lon="-2.448632">
      <ele>1132.6</ele>
    </trkpt>
    <trkpt lat="42.315771" lon="-2.448689">
      <ele>1137.3</ele>
    </trkpt>
    <trkpt lat="42.31553" lon="-2.44868">
      <ele>1141.4</ele>
    </trkpt>
    <trkpt lat="42.314958" lon="-2.448566">
      <ele>1151.1</ele>
    </trkpt>
    <trkpt lat="42.314692" lon="-2.448553">
      <ele>1155.1</ele>
    </trkpt>
    <trkpt lat="42.314101" lon="-2.448696">
      <ele>1162.1</ele>
    </trkpt>
    <trkpt lat="42.31391" lon="-2.448794">
      <ele>1164</ele>
    </trkpt>
    <trkpt lat="42.313719" lon="-2.448834">
      <ele>1165.8</ele>
    </trkpt>
    <trkpt lat="42.313509" lon="-2.448954">
      <ele>1167.5</ele>
    </trkpt>
    <trkpt lat="42.313217" lon="-2.449119">
      <ele>1169</ele>
    </trkpt>
    <trkpt lat="42.312729" lon="-2.449397">
      <ele>1169.9</ele>
    </trkpt>
    <trkpt lat="42.312224" lon="-2.451024">
      <ele>1167.2</ele>
    </trkpt>
    <trkpt lat="42.311777" lon="-2.452735">
      <ele>1152</ele>
    </trkpt>
    <trkpt lat="42.311631" lon="-2.452843">
      <ele>1149.4</ele>
    </trkpt>
    <trkpt lat="42.311494" lon="-2.45289">
      <ele>1147.1</ele>
    </trkpt>
    <trkpt lat="42.311154" lon="-2.452839">
      <ele>1141.2</ele>
    </trkpt>
    <trkpt lat="42.311181" lon="-2.452873">
      <ele>1140.5</ele>
    </trkpt>
    <trkpt lat="42.311104" lon="-2.452955">
      <ele>1138.7</ele>
    </trkpt>
    <trkpt lat="42.311121" lon="-2.453167">
      <ele>1135.6</ele>
    </trkpt>
    <trkpt lat="42.31107" lon="-2.453199">
      <ele>1134.5</ele>
    </trkpt>
    <trkpt lat="42.310949" lon="-2.453184">
      <ele>1132</ele>
    </trkpt>
    <trkpt lat="42.310934" lon="-2.453221">
      <ele>1131.3</ele>
    </trkpt>
    <trkpt lat="42.31097" lon="-2.453369">
      <ele>1128.9</ele>
    </trkpt>
    <trkpt lat="42.310483" lon="-2.453133">
      <ele>1117.9</ele>
    </trkpt>
    <trkpt lat="42.310578" lon="-2.453257">
      <ele>1114.9</ele>
    </trkpt>
    <trkpt lat="42.310521" lon="-2.453487">
      <ele>1110.9</ele>
    </trkpt>
    <trkpt lat="42.310375" lon="-2.453697">
      <ele>1106</ele>
    </trkpt>
    <trkpt lat="42.310144" lon="-2.453755">
      <ele>1100.4</ele>
    </trkpt>
    <trkpt lat="42.310108" lon="-2.453987">
      <ele>1096.1</ele>
    </trkpt>
    <trkpt lat="42.310056" lon="-2.454086">
      <ele>1093.8</ele>
    </trkpt>
    <trkpt lat="42.310084" lon="-2.454363">
      <ele>1088.6</ele>
    </trkpt>
    <trkpt lat="42.310167" lon="-2.454468">
      <ele>1085.8</ele>
    </trkpt>
    <trkpt lat="42.310232" lon="-2.454608">
      <ele>1082.8</ele>
    </trkpt>
    <trkpt lat="42.310252" lon="-2.45473">
      <ele>1080.5</ele>
    </trkpt>
    <trkpt lat="42.310414" lon="-2.455188">
      <ele>1071.5</ele>
    </trkpt>
    <trkpt lat="42.310438" lon="-2.455297">
      <ele>1069.5</ele>
    </trkpt>
    <trkpt lat="42.310457" lon="-2.455387">
      <ele>1067.9</ele>
    </trkpt>
    <trkpt lat="42.310416" lon="-2.455636">
      <ele>1063.4</ele>
    </trkpt>
    <trkpt lat="42.310437" lon="-2.455778">
      <ele>1060.9</ele>
    </trkpt>
    <trkpt lat="42.310484" lon="-2.455814">
      <ele>1059.6</ele>
    </trkpt>
    <trkpt lat="42.310564" lon="-2.455997">
      <ele>1056</ele>
    </trkpt>
    <trkpt lat="42.310627" lon="-2.456029">
      <ele>1054.5</ele>
    </trkpt>
    <trkpt lat="42.310729" lon="-2.456293">
      <ele>1049.3</ele>
    </trkpt>
    <trkpt lat="42.310868" lon="-2.456388">
      <ele>1045.8</ele>
    </trkpt>
    <trkpt lat="42.310878" lon="-2.456418">
      <ele>1045.3</ele>
    </trkpt>
    <trkpt lat="42.310846" lon="-2.456461">
      <ele>1044.3</ele>
    </trkpt>
    <trkpt lat="42.310846" lon="-2.456512">
      <ele>1043.5</ele>
    </trkpt>
    <trkpt lat="42.310964" lon="-2.456639">
      <ele>1040.2</ele>
    </trkpt>
    <trkpt lat="42.311045" lon="-2.456851">
      <ele>1036.3</ele>
    </trkpt>
    <trkpt lat="42.311121" lon="-2.45697">
      <ele>1033.5</ele>
    </trkpt>
    <trkpt lat="42.311381" lon="-2.457281">
      <ele>1025</ele>
    </trkpt>
    <trkpt lat="42.31148" lon="-2.457433">
      <ele>1021.2</ele>
    </trkpt>
    <trkpt lat="42.311628" lon="-2.457536">
      <ele>1017.1</ele>
    </trkpt>
    <trkpt lat="42.31175" lon="-2.457741">
      <ele>1012.4</ele>
    </trkpt>
    <trkpt lat="42.311816" lon="-2.457822">
      <ele>1010.2</ele>
    </trkpt>
    <trkpt lat="42.311839" lon="-2.457923">
      <ele>1008.4</ele>
    </trkpt>
    <trkpt lat="42.311904" lon="-2.458007">
      <ele>1006.3</ele>
    </trkpt>
    <trkpt lat="42.311907" lon="-2.458084">
      <ele>1005</ele>
    </trkpt>
    <trkpt lat="42.311953" lon="-2.458142">
      <ele>1003.6</ele>
    </trkpt>
    <trkpt lat="42.312258" lon="-2.458284">
      <ele>996.8</ele>
    </trkpt>
    <trkpt lat="42.312293" lon="-2.458378">
      <ele>995.3</ele>
    </trkpt>
    <trkpt lat="42.312267" lon="-2.45843">
      <ele>994.4</ele>
    </trkpt>
    <trkpt lat="42.312151" lon="-2.458494">
      <ele>991.9</ele>
    </trkpt>
    <trkpt lat="42.312153" lon="-2.458518">
      <ele>991.5</ele>
    </trkpt>
    <trkpt lat="42.312198" lon="-2.458515">
      <ele>990.7</ele>
    </trkpt>
    <trkpt lat="42.312407" lon="-2.458896">
      <ele>984.1</ele>
    </trkpt>
    <trkpt lat="42.312568" lon="-2.459042">
      <ele>980.7</ele>
    </trkpt>
    <trkpt lat="42.312771" lon="-2.459132">
      <ele>976.8</ele>
    </trkpt>
    <trkpt lat="42.31291" lon="-2.459125">
      <ele>974.2</ele>
    </trkpt>
    <trkpt lat="42.313158" lon="-2.459204">
      <ele>969.8</ele>
    </trkpt>
    <trkpt lat="42.313425" lon="-2.459923">
      <ele>961.2</ele>
    </trkpt>
    <trkpt lat="42.313492" lon="-2.460261">
      <ele>958.6</ele>
    </trkpt>
    <trkpt lat="42.313635" lon="-2.460256">
      <ele>957.4</ele>
    </trkpt>
    <trkpt lat="42.313893" lon="-2.460378">
      <ele>955.7</ele>
    </trkpt>
    <trkpt lat="42.314041" lon="-2.460405">
      <ele>955.2</ele>
    </trkpt>
    <trkpt lat="42.314243" lon="-2.460342">
      <ele>954.8</ele>
    </trkpt>
    <trkpt lat="42.314415" lon="-2.460176">
      <ele>955.1</ele>
    </trkpt>
    <trkpt lat="42.314484" lon="-2.459962">
      <ele>955.7</ele>
    </trkpt>
    <trkpt lat="42.314519" lon="-2.459574">
      <ele>957</ele>
    </trkpt>
    <trkpt lat="42.314594" lon="-2.459301">
      <ele>957.9</ele>
    </trkpt>
    <trkpt lat="42.31465" lon="-2.459264">
      <ele>958.2</ele>
    </trkpt>
    <trkpt lat="42.314941" lon="-2.459382">
      <ele>959.7</ele>
    </trkpt>
    <trkpt lat="42.315085" lon="-2.459325">
      <ele>960.4</ele>
    </trkpt>
    <trkpt lat="42.315607" lon="-2.458998">
      <ele>963.1</ele>
    </trkpt>
    <trkpt lat="42.315766" lon="-2.458863">
      <ele>964.1</ele>
    </trkpt>
    <trkpt lat="42.315997" lon="-2.458609">
      <ele>966.1</ele>
    </trkpt>
    <trkpt lat="42.316085" lon="-2.458371">
      <ele>967.6</ele>
    </trkpt>
    <trkpt lat="42.316106" lon="-2.458101">
      <ele>969.4</ele>
    </trkpt>
    <trkpt lat="42.316097" lon="-2.457934">
      <ele>970.4</ele>
    </trkpt>
    <trkpt lat="42.316041" lon="-2.457781">
      <ele>971.4</ele>
    </trkpt>
    <trkpt lat="42.315931" lon="-2.457683">
      <ele>972.2</ele>
    </trkpt>
    <trkpt lat="42.315848" lon="-2.457542">
      <ele>973</ele>
    </trkpt>
    <trkpt lat="42.315832" lon="-2.457462">
      <ele>973.3</ele>
    </trkpt>
    <trkpt lat="42.316003" lon="-2.457056">
      <ele>974.1</ele>
    </trkpt>
    <trkpt lat="42.316114" lon="-2.456904">
      <ele>974</ele>
    </trkpt>
    <trkpt lat="42.316198" lon="-2.456924">
      <ele>973.8</ele>
    </trkpt>
    <trkpt lat="42.316259" lon="-2.457">
      <ele>973.5</ele>
    </trkpt>
    <trkpt lat="42.31631" lon="-2.457175">
      <ele>972.9</ele>
    </trkpt>
    <trkpt lat="42.316277" lon="-2.457431">
      <ele>971.8</ele>
    </trkpt>
    <trkpt lat="42.316395" lon="-2.457578">
      <ele>970.5</ele>
    </trkpt>
    <trkpt lat="42.316608" lon="-2.458154">
      <ele>965.4</ele>
    </trkpt>
    <trkpt lat="42.31648" lon="-2.459172">
      <ele>955.7</ele>
    </trkpt>
    <trkpt lat="42.316305" lon="-2.459691">
      <ele>950.7</ele>
    </trkpt>
    <trkpt lat="42.316144" lon="-2.459902">
      <ele>948.2</ele>
    </trkpt>
    <trkpt lat="42.315879" lon="-2.460049">
      <ele>945</ele>
    </trkpt>
    <trkpt lat="42.315742" lon="-2.460158">
      <ele>943.3</ele>
    </trkpt>
    <trkpt lat="42.3156" lon="-2.46044">
      <ele>940.5</ele>
    </trkpt>
    <trkpt lat="42.315524" lon="-2.460657">
      <ele>938.5</ele>
    </trkpt>
    <trkpt lat="42.315216" lon="-2.461905">
      <ele>927.1</ele>
    </trkpt>
    <trkpt lat="42.315055" lon="-2.462226">
      <ele>923.4</ele>
    </trkpt>
    <trkpt lat="42.314345" lon="-2.462629">
      <ele>912.6</ele>
    </trkpt>
    <trkpt lat="42.314185" lon="-2.462751">
      <ele>909.8</ele>
    </trkpt>
    <trkpt lat="42.314118" lon="-2.462802">
      <ele>908.5</ele>
    </trkpt>
    <trkpt lat="42.313754" lon="-2.462802">
      <ele>902.6</ele>
    </trkpt>
    <trkpt lat="42.313441" lon="-2.462917">
      <ele>897.5</ele>
    </trkpt>
    <trkpt lat="42.313209" lon="-2.463039">
      <ele>893.8</ele>
    </trkpt>
    <trkpt lat="42.312973" lon="-2.463378">
      <ele>889.2</ele>
    </trkpt>
    <trkpt lat="42.312898" lon="-2.463694">
      <ele>886.1</ele>
    </trkpt>
    <trkpt lat="42.312712" lon="-2.464914">
      <ele>876.3</ele>
    </trkpt>
    <trkpt lat="42.312248" lon="-2.465836">
      <ele>868.5</ele>
    </trkpt>
    <trkpt lat="42.312135" lon="-2.466367">
      <ele>863.7</ele>
    </trkpt>
    <trkpt lat="42.311766" lon="-2.466873">
      <ele>856.4</ele>
    </trkpt>
    <trkpt lat="42.31159" lon="-2.467058">
      <ele>853</ele>
    </trkpt>
    <trkpt lat="42.311529" lon="-2.467609">
      <ele>846.2</ele>
    </trkpt>
    <trkpt lat="42.311325" lon="-2.467948">
      <ele>840.7</ele>
    </trkpt>
    <trkpt lat="42.311283" lon="-2.468166">
      <ele>837.7</ele>
    </trkpt>
    <trkpt lat="42.31106" lon="-2.468524">
      <ele>831.5</ele>
    </trkpt>
    <trkpt lat="42.311018" lon="-2.469075">
      <ele>824.3</ele>
    </trkpt>
    <trkpt lat="42.310937" lon="-2.469478">
      <ele>819.2</ele>
    </trkpt>
    <trkpt lat="42.311032" lon="-2.469741">
      <ele>815.8</ele>
    </trkpt>
    <trkpt lat="42.311112" lon="-2.470203">
      <ele>810.6</ele>
    </trkpt>
    <trkpt lat="42.311209" lon="-2.470338">
      <ele>808.8</ele>
    </trkpt>
    <trkpt lat="42.311262" lon="-2.470357">
      <ele>808.2</ele>
    </trkpt>
    <trkpt lat="42.311329" lon="-2.470432">
      <ele>806.9</ele>
    </trkpt>
    <trkpt lat="42.311348" lon="-2.470496">
      <ele>806.2</ele>
    </trkpt>
    <trkpt lat="42.31129" lon="-2.470885">
      <ele>801.8</ele>
    </trkpt>
    <trkpt lat="42.311341" lon="-2.47124">
      <ele>798.1</ele>
    </trkpt>
    <trkpt lat="42.311343" lon="-2.471454">
      <ele>796.3</ele>
    </trkpt>
    <trkpt lat="42.3114" lon="-2.47154">
      <ele>795.5</ele>
    </trkpt>
    <trkpt lat="42.311444" lon="-2.47174">
      <ele>794.1</ele>
    </trkpt>
    <trkpt lat="42.311438" lon="-2.471866">
      <ele>793.2</ele>
    </trkpt>
    <trkpt lat="42.311488" lon="-2.471942">
      <ele>792.7</ele>
    </trkpt>
    <trkpt lat="42.311526" lon="-2.472089">
      <ele>792</ele>
    </trkpt>
    <trkpt lat="42.311516" lon="-2.472117">
      <ele>791.8</ele>
    </trkpt>
    <trkpt lat="42.311448" lon="-2.472156">
      <ele>791.2</ele>
    </trkpt>
    <trkpt lat="42.311271" lon="-2.472166">
      <ele>790.1</ele>
    </trkpt>
    <trkpt lat="42.311624" lon="-2.472512">
      <ele>787.5</ele>
    </trkpt>
    <trkpt lat="42.311919" lon="-2.472704">
      <ele>785.6</ele>
    </trkpt>
    <trkpt lat="42.311989" lon="-2.472793">
      <ele>785.3</ele>
    </trkpt>
    <trkpt lat="42.312027" lon="-2.473511">
      <ele>784.8</ele>
    </trkpt>
    <trkpt lat="42.312067" lon="-2.473597">
      <ele>784.8</ele>
    </trkpt>
    <trkpt lat="42.312184" lon="-2.473732">
      <ele>784.6</ele>
    </trkpt>
    <trkpt lat="42.312364" lon="-2.473973">
      <ele>784.4</ele>
    </trkpt>
    <trkpt lat="42.312452" lon="-2.474033">
      <ele>784.5</ele>
    </trkpt>
    <trkpt lat="42.312629" lon="-2.474038">
      <ele>784.6</ele>
    </trkpt>
    <trkpt lat="42.312758" lon="-2.474083">
      <ele>784.9</ele>
    </trkpt>
    <trkpt lat="42.313156" lon="-2.474289">
      <ele>786.4</ele>
    </trkpt>
    <trkpt lat="42.313882" lon="-2.474267">
      <ele>790.2</ele>
    </trkpt>
    <trkpt lat="42.314102" lon="-2.474224">
      <ele>790.9</ele>
    </trkpt>
    <trkpt lat="42.314397" lon="-2.474122">
      <ele>791.6</ele>
    </trkpt>
    <trkpt lat="42.314502" lon="-2.47413">
      <ele>791.8</ele>
    </trkpt>
    <trkpt lat="42.314632" lon="-2.474284">
      <ele>792.2</ele>
    </trkpt>
    <trkpt lat="42.314697" lon="-2.474494">
      <ele>792.5</ele>
    </trkpt>
    <trkpt lat="42.314778" lon="-2.474955">
      <ele>792.7</ele>
    </trkpt>
    <trkpt lat="42.314968" lon="-2.475801">
      <ele>792.9</ele>
    </trkpt>
    <trkpt lat="42.315158" lon="-2.476217">
      <ele>794</ele>
    </trkpt>
    <trkpt lat="42.315215" lon="-2.476269">
      <ele>794.3</ele>
    </trkpt>
    <trkpt lat="42.315297" lon="-2.476291">
      <ele>794.8</ele>
    </trkpt>
    <trkpt lat="42.31561" lon="-2.476306">
      <ele>796.7</ele>
    </trkpt>
    <trkpt lat="42.315669" lon="-2.476334">
      <ele>797.1</ele>
    </trkpt>
    <trkpt lat="42.315939" lon="-2.476718">
      <ele>799.1</ele>
    </trkpt>
    <trkpt lat="42.316056" lon="-2.476778">
      <ele>799.8</ele>
    </trkpt>
    <trkpt lat="42.316291" lon="-2.476755">
      <ele>801</ele>
    </trkpt>
    <trkpt lat="42.316518" lon="-2.476689">
      <ele>802.3</ele>
    </trkpt>
    <trkpt lat="42.316934" lon="-2.476452">
      <ele>804.1</ele>
    </trkpt>
    <trkpt lat="42.317247" lon="-2.476396">
      <ele>804.7</ele>
    </trkpt>
    <trkpt lat="42.317634" lon="-2.476434">
      <ele>804.6</ele>
    </trkpt>
    <trkpt lat="42.317752" lon="-2.476493">
      <ele>804.4</ele>
    </trkpt>
    <trkpt lat="42.317923" lon="-2.476652">
      <ele>803.9</ele>
    </trkpt>
    <trkpt lat="42.318029" lon="-2.476682">
      <ele>803.6</ele>
    </trkpt>
    <trkpt lat="42.318154" lon="-2.476677">
      <ele>803.2</ele>
    </trkpt>
    <trkpt lat="42.318357" lon="-2.476548">
      <ele>802.4</ele>
    </trkpt>
    <trkpt lat="42.318479" lon="-2.476551">
      <ele>801.9</ele>
    </trkpt>
    <trkpt lat="42.318697" lon="-2.47666">
      <ele>800.8</ele>
    </trkpt>
    <trkpt lat="42.319125" lon="-2.476704">
      <ele>798.5</ele>
    </trkpt>
    <trkpt lat="42.319761" lon="-2.476905">
      <ele>793.6</ele>
    </trkpt>
    <trkpt lat="42.319888" lon="-2.476908">
      <ele>792.5</ele>
    </trkpt>
    <trkpt lat="42.320116" lon="-2.476824">
      <ele>790.3</ele>
    </trkpt>
    <trkpt lat="42.320328" lon="-2.476942">
      <ele>788</ele>
    </trkpt>
    <trkpt lat="42.320362" lon="-2.477132">
      <ele>786.5</ele>
    </trkpt>
    <trkpt lat="42.320329" lon="-2.477404">
      <ele>784.2</ele>
    </trkpt>
    <trkpt lat="42.320054" lon="-2.477943">
      <ele>778.8</ele>
    </trkpt>
    <trkpt lat="42.319955" lon="-2.478081">
      <ele>777.2</ele>
    </trkpt>
    <trkpt lat="42.319594" lon="-2.47816">
      <ele>773.2</ele>
    </trkpt>
    <trkpt lat="42.319355" lon="-2.478158">
      <ele>770.8</ele>
    </trkpt>
    <trkpt lat="42.319202" lon="-2.478199">
      <ele>769.3</ele>
    </trkpt>
    <trkpt lat="42.318939" lon="-2.478148">
      <ele>766.7</ele>
    </trkpt>
    <trkpt lat="42.318844" lon="-2.478258">
      <ele>765.5</ele>
    </trkpt>
    <trkpt lat="42.318585" lon="-2.478916">
      <ele>760.5</ele>
    </trkpt>
    <trkpt lat="42.318483" lon="-2.478973">
      <ele>759.5</ele>
    </trkpt>
    <trkpt lat="42.318213" lon="-2.478969">
      <ele>756.9</ele>
    </trkpt>
    <trkpt lat="42.318077" lon="-2.479022">
      <ele>755.6</ele>
    </trkpt>
    <trkpt lat="42.317891" lon="-2.479427">
      <ele>751.8</ele>
    </trkpt>
    <trkpt lat="42.317926" lon="-2.479491">
      <ele>751.1</ele>
    </trkpt>
    <trkpt lat="42.318466" lon="-2.479641">
      <ele>743</ele>
    </trkpt>
    <trkpt lat="42.318511" lon="-2.479693">
      <ele>742</ele>
    </trkpt>
    <trkpt lat="42.318542" lon="-2.479799">
      <ele>740.6</ele>
    </trkpt>
    <trkpt lat="42.318522" lon="-2.479816">
      <ele>740.2</ele>
    </trkpt>
    <trkpt lat="42.318443" lon="-2.479884">
      <ele>738.5</ele>
    </trkpt>
    <trkpt lat="42.318259" lon="-2.47992">
      <ele>735.1</ele>
    </trkpt>
    <trkpt lat="42.318218" lon="-2.480213">
      <ele>730.8</ele>
    </trkpt>
    <trkpt lat="42.318157" lon="-2.480401">
      <ele>727.8</ele>
    </trkpt>
    <trkpt lat="42.318098" lon="-2.480564">
      <ele>725.1</ele>
    </trkpt>
    <trkpt lat="42.317997" lon="-2.480712">
      <ele>722.1</ele>
    </trkpt>
    <trkpt lat="42.31782" lon="-2.480813">
      <ele>718.2</ele>
    </trkpt>
    <trkpt lat="42.317706" lon="-2.480971">
      <ele>714.9</ele>
    </trkpt>
    <trkpt lat="42.317448" lon="-2.480927">
      <ele>709.9</ele>
    </trkpt>
    <trkpt lat="42.317289" lon="-2.480986">
      <ele>707</ele>
    </trkpt>
    <trkpt lat="42.316888" lon="-2.480881">
      <ele>701.1</ele>
    </trkpt>
    <trkpt lat="42.316439" lon="-2.48086">
      <ele>696.4</ele>
    </trkpt>
    <trkpt lat="42.316072" lon="-2.480755">
      <ele>693.5</ele>
    </trkpt>
    <trkpt lat="42.315944" lon="-2.480834">
      <ele>692.6</ele>
    </trkpt>
    <trkpt lat="42.316614" lon="-2.481362">
      <ele>688.2</ele>
    </trkpt>
    <trkpt lat="42.316687" lon="-2.481516">
      <ele>687.5</ele>
    </trkpt>
    <trkpt lat="42.317427" lon="-2.482086">
      <ele>683.1</ele>
    </trkpt>
    <trkpt lat="42.31746" lon="-2.482152">
      <ele>682.8</ele>
    </trkpt>
    <trkpt lat="42.317761" lon="-2.482358">
      <ele>681.1</ele>
    </trkpt>
    <trkpt lat="42.318087" lon="-2.482483">
      <ele>679.5</ele>
    </trkpt>
    <trkpt lat="42.318189" lon="-2.482482">
      <ele>679.1</ele>
    </trkpt>
    <trkpt lat="42.318433" lon="-2.482544">
      <ele>677.9</ele>
    </trkpt>
    <trkpt lat="42.319091" lon="-2.482758">
      <ele>674.6</ele>
    </trkpt>
    <trkpt lat="42.319195" lon="-2.482762">
      <ele>674</ele>
    </trkpt>
    <trkpt lat="42.319335" lon="-2.482719">
      <ele>673.3</ele>
    </trkpt>
    <trkpt lat="42.320088" lon="-2.483037">
      <ele>668.9</ele>
    </trkpt>
    <trkpt lat="42.32068" lon="-2.483091">
      <ele>665.5</ele>
    </trkpt>
    <trkpt lat="42.32076" lon="-2.483145">
      <ele>665</ele>
    </trkpt>
    <trkpt lat="42.320827" lon="-2.483145">
      <ele>664.6</ele>
    </trkpt>
    <trkpt lat="42.320863" lon="-2.483309">
      <ele>663.9</ele>
    </trkpt>
    <trkpt lat="42.320947" lon="-2.483128">
      <ele>663</ele>
    </trkpt>
    <trkpt lat="42.320979" lon="-2.483107">
      <ele>662.7</ele>
    </trkpt>
    <trkpt lat="42.3211" lon="-2.483172">
      <ele>662</ele>
    </trkpt>
    <trkpt lat="42.321117" lon="-2.483232">
      <ele>661.7</ele>
    </trkpt>
    <trkpt lat="42.3211" lon="-2.483415">
      <ele>660.8</ele>
    </trkpt>
    <trkpt lat="42.321125" lon="-2.483477">
      <ele>660.5</ele>
    </trkpt>
    <trkpt lat="42.321124" lon="-2.483551">
      <ele>660.2</ele>
    </trkpt>
    <trkpt lat="42.321219" lon="-2.483647">
      <ele>659.3</ele>
    </trkpt>
    <trkpt lat="42.321652" lon="-2.483879">
      <ele>656.1</ele>
    </trkpt>
    <trkpt lat="42.32184" lon="-2.484011">
      <ele>654.6</ele>
    </trkpt>
    <trkpt lat="42.322009" lon="-2.484021">
      <ele>653.3</ele>
    </trkpt>
    <trkpt lat="42.322137" lon="-2.484085">
      <ele>652.3</ele>
    </trkpt>
    <trkpt lat="42.322422" lon="-2.484278">
      <ele>649.9</ele>
    </trkpt>
    <trkpt lat="42.322906" lon="-2.484791">
      <ele>645.4</ele>
    </trkpt>
    <trkpt lat="42.323505" lon="-2.485273">
      <ele>640.6</ele>
    </trkpt>
    <trkpt lat="42.323755" lon="-2.485331">
      <ele>639</ele>
    </trkpt>
    <trkpt lat="42.323933" lon="-2.485506">
      <ele>637.5</ele>
    </trkpt>
    <trkpt lat="42.323998" lon="-2.485537">
      <ele>637.1</ele>
    </trkpt>
    <trkpt lat="42.324042" lon="-2.485525">
      <ele>636.8</ele>
    </trkpt>
    <trkpt lat="42.324144" lon="-2.485392">
      <ele>635.9</ele>
    </trkpt>
    <trkpt lat="42.324177" lon="-2.485406">
      <ele>635.6</ele>
    </trkpt>
    <trkpt lat="42.32421" lon="-2.485436">
      <ele>635.4</ele>
    </trkpt>
    <trkpt lat="42.324289" lon="-2.485651">
      <ele>634.2</ele>
    </trkpt>
    <trkpt lat="42.324368" lon="-2.485764">
      <ele>633.4</ele>
    </trkpt>
    <trkpt lat="42.324636" lon="-2.485963">
      <ele>631.4</ele>
    </trkpt>
    <trkpt lat="42.32491" lon="-2.486255">
      <ele>629.2</ele>
    </trkpt>
    <trkpt lat="42.325097" lon="-2.486588">
      <ele>627.3</ele>
    </trkpt>
    <trkpt lat="42.3254" lon="-2.487018">
      <ele>624.6</ele>
    </trkpt>
    <trkpt lat="42.325479" lon="-2.486994">
      <ele>624.1</ele>
    </trkpt>
    <trkpt lat="42.32558" lon="-2.487064">
      <ele>623.5</ele>
    </trkpt>
    <trkpt lat="42.325781" lon="-2.48742">
      <ele>621.7</ele>
    </trkpt>
    <trkpt lat="42.325818" lon="-2.48755">
      <ele>621.2</ele>
    </trkpt>
    <trkpt lat="42.32584" lon="-2.487934">
      <ele>619.8</ele>
    </trkpt>
    <trkpt lat="42.325869" lon="-2.488033">
      <ele>619.4</ele>
    </trkpt>
    <trkpt lat="42.325991" lon="-2.488263">
      <ele>618.4</ele>
    </trkpt>
    <trkpt lat="42.32634" lon="-2.488808">
      <ele>615.6</ele>
    </trkpt>
    <trkpt lat="42.326494" lon="-2.489112">
      <ele>614.1</ele>
    </trkpt>
    <trkpt lat="42.326856" lon="-2.489926">
      <ele>610.1</ele>
    </trkpt>
    <trkpt lat="42.327045" lon="-2.49048">
      <ele>608</ele>
    </trkpt>
    <trkpt lat="42.327229" lon="-2.490803">
      <ele>606.9</ele>
    </trkpt>
    <trkpt lat="42.327308" lon="-2.490878">
      <ele>606.7</ele>
    </trkpt>
    <trkpt lat="42.327563" lon="-2.491005">
      <ele>606.1</ele>
    </trkpt>
    <trkpt lat="42.327818" lon="-2.491466">
      <ele>605.7</ele>
    </trkpt>
    <trkpt lat="42.327923" lon="-2.491598">
      <ele>605.7</ele>
    </trkpt>
    <trkpt lat="42.328129" lon="-2.491752">
      <ele>605.9</ele>
    </trkpt>
    <trkpt lat="42.328227" lon="-2.491816">
      <ele>606</ele>
    </trkpt>
    <trkpt lat="42.328586" lon="-2.491827">
      <ele>606.7</ele>
    </trkpt>
    <trkpt lat="42.328678" lon="-2.491863">
      <ele>607</ele>
    </trkpt>
    <trkpt lat="42.328778" lon="-2.491935">
      <ele>607.4</ele>
    </trkpt>
    <trkpt lat="42.328872" lon="-2.492067">
      <ele>608</ele>
    </trkpt>
    <trkpt lat="42.329114" lon="-2.492288">
      <ele>609.4</ele>
    </trkpt>
    <trkpt lat="42.329187" lon="-2.492322">
      <ele>609.8</ele>
    </trkpt>
    <trkpt lat="42.329354" lon="-2.492361">
      <ele>610.8</ele>
    </trkpt>
    <trkpt lat="42.329826" lon="-2.492349">
      <ele>614.2</ele>
    </trkpt>
    <trkpt lat="42.33016" lon="-2.492044">
      <ele>617.7</ele>
    </trkpt>
    <trkpt lat="42.330223" lon="-2.49194">
      <ele>618.6</ele>
    </trkpt>
    <trkpt lat="42.330312" lon="-2.491702">
      <ele>620.4</ele>
    </trkpt>
    <trkpt lat="42.330411" lon="-2.491183">
      <ele>623.6</ele>
    </trkpt>
    <trkpt lat="42.330554" lon="-2.490793">
      <ele>625.6</ele>
    </trkpt>
    <trkpt lat="42.330596" lon="-2.490584">
      <ele>626.4</ele>
    </trkpt>
    <trkpt lat="42.330612" lon="-2.490416">
      <ele>626.9</ele>
    </trkpt>
    <trkpt lat="42.330554" lon="-2.489867">
      <ele>627.8</ele>
    </trkpt>
    <trkpt lat="42.330603" lon="-2.489476">
      <ele>627.9</ele>
    </trkpt>
    <trkpt lat="42.33082" lon="-2.488972">
      <ele>627.4</ele>
    </trkpt>
    <trkpt lat="42.33103" lon="-2.488677">
      <ele>626.7</ele>
    </trkpt>
    <trkpt lat="42.331378" lon="-2.488522">
      <ele>625.8</ele>
    </trkpt>
    <trkpt lat="42.331519" lon="-2.488413">
      <ele>625.5</ele>
    </trkpt>
    <trkpt lat="42.331957" lon="-2.487777">
      <ele>624.6</ele>
    </trkpt>
    <trkpt lat="42.332168" lon="-2.487598">
      <ele>624.4</ele>
    </trkpt>
    <trkpt lat="42.332506" lon="-2.486956">
      <ele>624</ele>
    </trkpt>
    <trkpt lat="42.332922" lon="-2.486488">
      <ele>623.3</ele>
    </trkpt>
    <trkpt lat="42.333054" lon="-2.486448">
      <ele>623.1</ele>
    </trkpt>
    <trkpt lat="42.333453" lon="-2.4864">
      <ele>621.9</ele>
    </trkpt>
    <trkpt lat="42.333619" lon="-2.48643">
      <ele>621.4</ele>
    </trkpt>
    <trkpt lat="42.334256" lon="-2.48691">
      <ele>618.7</ele>
    </trkpt>
    <trkpt lat="42.334815" lon="-2.4868">
      <ele>616.7</ele>
    </trkpt>
    <trkpt lat="42.334859" lon="-2.486795">
      <ele>616.6</ele>
    </trkpt>
    <trkpt lat="42.33523" lon="-2.486728">
      <ele>615.3</ele>
    </trkpt>
    <trkpt lat="42.335315" lon="-2.486743">
      <ele>615</ele>
    </trkpt>
    <trkpt lat="42.335407" lon="-2.486784">
      <ele>614.6</ele>
    </trkpt>
    <trkpt lat="42.335788" lon="-2.487127">
      <ele>612.6</ele>
    </trkpt>
    <trkpt lat="42.336107" lon="-2.48753">
      <ele>610.7</ele>
    </trkpt>
    <trkpt lat="42.336274" lon="-2.487881">
      <ele>609.3</ele>
    </trkpt>
    <trkpt lat="42.336281" lon="-2.487992">
      <ele>608.8</ele>
    </trkpt>
    <trkpt lat="42.336268" lon="-2.488089">
      <ele>608.5</ele>
    </trkpt>
    <trkpt lat="42.335821" lon="-2.4892">
      <ele>601.2</ele>
    </trkpt>
    <trkpt lat="42.335593" lon="-2.489651">
      <ele>597.3</ele>
    </trkpt>
    <trkpt lat="42.335276" lon="-2.490322">
      <ele>591.5</ele>
    </trkpt>
    <trkpt lat="42.335186" lon="-2.490431">
      <ele>590.3</ele>
    </trkpt>
    <trkpt lat="42.335047" lon="-2.490537">
      <ele>588.7</ele>
    </trkpt>
    <trkpt lat="42.334919" lon="-2.490604">
      <ele>587.4</ele>
    </trkpt>
    <trkpt lat="42.334717" lon="-2.490607">
      <ele>585.6</ele>
    </trkpt>
    <trkpt lat="42.33413" lon="-2.490358">
      <ele>580.9</ele>
    </trkpt>
    <trkpt lat="42.333929" lon="-2.49032">
      <ele>579.6</ele>
    </trkpt>
    <trkpt lat="42.333819" lon="-2.490358">
      <ele>578.9</ele>
    </trkpt>
    <trkpt lat="42.333754" lon="-2.490419">
      <ele>578.4</ele>
    </trkpt>
    <trkpt lat="42.333712" lon="-2.490522">
      <ele>577.8</ele>
    </trkpt>
    <trkpt lat="42.333701" lon="-2.490713">
      <ele>576.9</ele>
    </trkpt>
    <trkpt lat="42.333751" lon="-2.490871">
      <ele>576</ele>
    </trkpt>
    <trkpt lat="42.333885" lon="-2.490998">
      <ele>574.9</ele>
    </trkpt>
    <trkpt lat="42.334423" lon="-2.491396">
      <ele>570.5</ele>
    </trkpt>
    <trkpt lat="42.334731" lon="-2.491567">
      <ele>568</ele>
    </trkpt>
    <trkpt lat="42.334825" lon="-2.491584">
      <ele>567.2</ele>
    </trkpt>
    <trkpt lat="42.335465" lon="-2.491486">
      <ele>561.8</ele>
    </trkpt>
    <trkpt lat="42.335718" lon="-2.491537">
      <ele>559.7</ele>
    </trkpt>
    <trkpt lat="42.335805" lon="-2.491695">
      <ele>558.6</ele>
    </trkpt>
    <trkpt lat="42.335937" lon="-2.492158">
      <ele>555.7</ele>
    </trkpt>
    <trkpt lat="42.336001" lon="-2.49227">
      <ele>554.9</ele>
    </trkpt>
    <trkpt lat="42.336079" lon="-2.492407">
      <ele>553.9</ele>
    </trkpt>
    <trkpt lat="42.336343" lon="-2.492626">
      <ele>551.3</ele>
    </trkpt>
    <trkpt lat="42.3366" lon="-2.492669">
      <ele>549.2</ele>
    </trkpt>
    <trkpt lat="42.33672" lon="-2.492611">
      <ele>548.3</ele>
    </trkpt>
    <trkpt lat="42.336784" lon="-2.49262">
      <ele>547.8</ele>
    </trkpt>
    <trkpt lat="42.336838" lon="-2.49265">
      <ele>547.4</ele>
    </trkpt>
    <trkpt lat="42.336919" lon="-2.492762">
      <ele>546.7</ele>
    </trkpt>
    <trkpt lat="42.336939" lon="-2.492833">
      <ele>546.3</ele>
    </trkpt>
    <trkpt lat="42.336937" lon="-2.492983">
      <ele>545.6</ele>
    </trkpt>
    <trkpt lat="42.337144" lon="-2.493262">
      <ele>544</ele>
    </trkpt>
    <trkpt lat="42.337269" lon="-2.493449">
      <ele>542.9</ele>
    </trkpt>
    <trkpt lat="42.33736" lon="-2.493645">
      <ele>542</ele>
    </trkpt>
    <trkpt lat="42.337678" lon="-2.494747">
      <ele>539</ele>
    </trkpt>
    <trkpt lat="42.337644" lon="-2.495787">
      <ele>538.9</ele>
    </trkpt>
    <trkpt lat="42.337421" lon="-2.496089">
      <ele>539.2</ele>
    </trkpt>
    <trkpt lat="42.337302" lon="-2.496481">
      <ele>539.7</ele>
    </trkpt>
    <trkpt lat="42.337475" lon="-2.497295">
      <ele>540.8</ele>
    </trkpt>
    <trkpt lat="42.338253" lon="-2.498442">
      <ele>543.5</ele>
    </trkpt>
    <trkpt lat="42.339038" lon="-2.499049">
      <ele>546.3</ele>
    </trkpt>
    <trkpt lat="42.339201" lon="-2.499173">
      <ele>547</ele>
    </trkpt>
    <trkpt lat="42.339215" lon="-2.499029">
      <ele>547.3</ele>
    </trkpt>
    <trkpt lat="42.339419" lon="-2.499425">
      <ele>548.5</ele>
    </trkpt>
    <trkpt lat="42.339517" lon="-2.499514">
      <ele>548.8</ele>
    </trkpt>
    <trkpt lat="42.340243" lon="-2.500462">
      <ele>551.8</ele>
    </trkpt>
    <trkpt lat="42.340671" lon="-2.501081">
      <ele>553.2</ele>
    </trkpt>
    <trkpt lat="42.340911" lon="-2.501514">
      <ele>553.5</ele>
    </trkpt>
    <trkpt lat="42.340948" lon="-2.501629">
      <ele>553.5</ele>
    </trkpt>
    <trkpt lat="42.340938" lon="-2.501665">
      <ele>553.5</ele>
    </trkpt>
    <trkpt lat="42.341054" lon="-2.501741">
      <ele>553.5</ele>
    </trkpt>
    <trkpt lat="42.341781" lon="-2.501516">
      <ele>552.5</ele>
    </trkpt>
    <trkpt lat="42.342177" lon="-2.501283">
      <ele>551.8</ele>
    </trkpt>
    <trkpt lat="42.342336" lon="-2.501226">
      <ele>551.6</ele>
    </trkpt>
    <trkpt lat="42.342381" lon="-2.501248">
      <ele>551.6</ele>
    </trkpt>
    <trkpt lat="42.342419" lon="-2.501327">
      <ele>551.5</ele>
    </trkpt>
    <trkpt lat="42.342461" lon="-2.501416">
      <ele>551.5</ele>
    </trkpt>
    <trkpt lat="42.34247" lon="-2.501434">
      <ele>551.5</ele>
    </trkpt>
    <trkpt lat="42.342535" lon="-2.501569">
      <ele>551.4</ele>
    </trkpt>
    <trkpt lat="42.342597" lon="-2.501699">
      <ele>551.4</ele>
    </trkpt>
    <trkpt lat="42.342616" lon="-2.501738">
      <ele>551.4</ele>
    </trkpt>
    <trkpt lat="42.342569" lon="-2.501777">
      <ele>551.4</ele>
    </trkpt>
    <trkpt lat="42.34231" lon="-2.501851">
      <ele>551.5</ele>
    </trkpt>
    <trkpt lat="42.342376" lon="-2.501963">
      <ele>551.6</ele>
    </trkpt>
    <trkpt lat="42.342563" lon="-2.502127">
      <ele>551.8</ele>
    </trkpt>
    <trkpt lat="42.342981" lon="-2.502143">
      <ele>552.1</ele>
    </trkpt>
    <trkpt lat="42.343274" lon="-2.501896">
      <ele>552.3</ele>
    </trkpt>
    <trkpt lat="42.343796" lon="-2.501716">
      <ele>552.2</ele>
    </trkpt>
    <trkpt lat="42.344923" lon="-2.501043">
      <ele>551.2</ele>
    </trkpt>
    <trkpt lat="42.345338" lon="-2.500715">
      <ele>550.9</ele>
    </trkpt>
    <trkpt lat="42.345588" lon="-2.500556">
      <ele>550.7</ele>
    </trkpt>
    <trkpt lat="42.345862" lon="-2.500435">
      <ele>550.4</ele>
    </trkpt>
    <trkpt lat="42.346163" lon="-2.500361">
      <ele>550</ele>
    </trkpt>
    <trkpt lat="42.346472" lon="-2.500218">
      <ele>549.7</ele>
    </trkpt>
    <trkpt lat="42.346668" lon="-2.500022">
      <ele>549.6</ele>
    </trkpt>
    <trkpt lat="42.346934" lon="-2.499889">
      <ele>549.4</ele>
    </trkpt>
    <trkpt lat="42.347118" lon="-2.49982">
      <ele>549.4</ele>
    </trkpt>
    <trkpt lat="42.347369" lon="-2.499805">
      <ele>549.4</ele>
    </trkpt>
    <trkpt lat="42.348292" lon="-2.499513">
      <ele>550</ele>
    </trkpt>
    <trkpt lat="42.348793" lon="-2.499222">
      <ele>550.3</ele>
    </trkpt>
    <trkpt lat="42.349567" lon="-2.498926">
      <ele>549.6</ele>
    </trkpt>
    <trkpt lat="42.349704" lon="-2.498772">
      <ele>549.3</ele>
    </trkpt>
    <trkpt lat="42.349939" lon="-2.498688">
      <ele>549.1</ele>
    </trkpt>
    <trkpt lat="42.350182" lon="-2.498545">
      <ele>548.8</ele>
    </trkpt>
    <trkpt lat="42.350409" lon="-2.498481">
      <ele>548.7</ele>
    </trkpt>
    <trkpt lat="42.350761" lon="-2.498433">
      <ele>548.6</ele>
    </trkpt>
    <trkpt lat="42.35179" lon="-2.498116">
      <ele>550.2</ele>
    </trkpt>
    <trkpt lat="42.35237" lon="-2.498152">
      <ele>551.1</ele>
    </trkpt>
    <trkpt lat="42.352494" lon="-2.498211">
      <ele>551.2</ele>
    </trkpt>
    <trkpt lat="42.352614" lon="-2.498233">
      <ele>551.3</ele>
    </trkpt>
    <trkpt lat="42.352745" lon="-2.498191">
      <ele>551.4</ele>
    </trkpt>
    <trkpt lat="42.352973" lon="-2.498069">
      <ele>551.5</ele>
    </trkpt>
    <trkpt lat="42.353541" lon="-2.497837">
      <ele>551.3</ele>
    </trkpt>
    <trkpt lat="42.354569" lon="-2.497336">
      <ele>549.7</ele>
    </trkpt>
    <trkpt lat="42.355106" lon="-2.497156">
      <ele>548.9</ele>
    </trkpt>
    <trkpt lat="42.355609" lon="-2.496892">
      <ele>548.5</ele>
    </trkpt>
    <trkpt lat="42.35587" lon="-2.496864">
      <ele>548.3</ele>
    </trkpt>
    <trkpt lat="42.356559" lon="-2.496983">
      <ele>548.1</ele>
    </trkpt>
    <trkpt lat="42.356806" lon="-2.496844">
      <ele>548</ele>
    </trkpt>
    <trkpt lat="42.357158" lon="-2.496799">
      <ele>547.8</ele>
    </trkpt>
    <trkpt lat="42.357364" lon="-2.496815">
      <ele>547.6</ele>
    </trkpt>
    <trkpt lat="42.357694" lon="-2.496648">
      <ele>547.2</ele>
    </trkpt>
    <trkpt lat="42.357835" lon="-2.496639">
      <ele>547.1</ele>
    </trkpt>
    <trkpt lat="42.357963" lon="-2.496577">
      <ele>546.9</ele>
    </trkpt>
    <trkpt lat="42.358196" lon="-2.496577">
      <ele>546.6</ele>
    </trkpt>
    <trkpt lat="42.358433" lon="-2.496401">
      <ele>546.4</ele>
    </trkpt>
    <trkpt lat="42.359081" lon="-2.496211">
      <ele>546.3</ele>
    </trkpt>
    <trkpt lat="42.359473" lon="-2.496128">
      <ele>546.3</ele>
    </trkpt>
    <trkpt lat="42.359894" lon="-2.495983">
      <ele>546.3</ele>
    </trkpt>
    <trkpt lat="42.360791" lon="-2.495607">
      <ele>545</ele>
    </trkpt>
    <trkpt lat="42.361195" lon="-2.495491">
      <ele>544.1</ele>
    </trkpt>
    <trkpt lat="42.361376" lon="-2.495382">
      <ele>543.7</ele>
    </trkpt>
    <trkpt lat="42.361548" lon="-2.495176">
      <ele>543.3</ele>
    </trkpt>
    <trkpt lat="42.36172" lon="-2.495022">
      <ele>543</ele>
    </trkpt>
    <trkpt lat="42.362363" lon="-2.494826">
      <ele>542.7</ele>
    </trkpt>
    <trkpt lat="42.362587" lon="-2.49472">
      <ele>542.8</ele>
    </trkpt>
    <trkpt lat="42.362869" lon="-2.494681">
      <ele>543.1</ele>
    </trkpt>
    <trkpt lat="42.362952" lon="-2.494594">
      <ele>543.3</ele>
    </trkpt>
    <trkpt lat="42.364056" lon="-2.494207">
      <ele>543.9</ele>
    </trkpt>
    <trkpt lat="42.364226" lon="-2.494131">
      <ele>543.9</ele>
    </trkpt>
    <trkpt lat="42.364548" lon="-2.494174">
      <ele>543.7</ele>
    </trkpt>
    <trkpt lat="42.365197" lon="-2.494053">
      <ele>543.1</ele>
    </trkpt>
    <trkpt lat="42.366224" lon="-2.493494">
      <ele>542.6</ele>
    </trkpt>
    <trkpt lat="42.366682" lon="-2.493423">
      <ele>542.8</ele>
    </trkpt>
    <trkpt lat="42.367613" lon="-2.492974">
      <ele>543.5</ele>
    </trkpt>
    <trkpt lat="42.368353" lon="-2.492613">
      <ele>544.3</ele>
    </trkpt>
    <trkpt lat="42.368876" lon="-2.492266">
      <ele>545.8</ele>
    </trkpt>
    <trkpt lat="42.368924" lon="-2.492335">
      <ele>546.1</ele>
    </trkpt>
    <trkpt lat="42.37003" lon="-2.492162">
      <ele>550.3</ele>
    </trkpt>
    <trkpt lat="42.370736" lon="-2.491874">
      <ele>552.1</ele>
    </trkpt>
    <trkpt lat="42.371683" lon="-2.491664">
      <ele>553.2</ele>
    </trkpt>
    <trkpt lat="42.371984" lon="-2.491702">
      <ele>553.4</ele>
    </trkpt>
    <trkpt lat="42.372218" lon="-2.491806">
      <ele>553.6</ele>
    </trkpt>
    <trkpt lat="42.372412" lon="-2.492013">
      <ele>553.7</ele>
    </trkpt>
    <trkpt lat="42.372717" lon="-2.492243">
      <ele>553.8</ele>
    </trkpt>
    <trkpt lat="42.37347" lon="-2.493129">
      <ele>553.3</ele>
    </trkpt>
    <trkpt lat="42.373741" lon="-2.493399">
      <ele>553</ele>
    </trkpt>
    <trkpt lat="42.374156" lon="-2.493756">
      <ele>552.4</ele>
    </trkpt>
    <trkpt lat="42.374623" lon="-2.494228">
      <ele>551.8</ele>
    </trkpt>
    <trkpt lat="42.374825" lon="-2.494534">
      <ele>551.5</ele>
    </trkpt>
    <trkpt lat="42.375408" lon="-2.495178">
      <ele>550.8</ele>
    </trkpt>
    <trkpt lat="42.376185" lon="-2.496481">
      <ele>549.9</ele>
    </trkpt>
    <trkpt lat="42.376593" lon="-2.497307">
      <ele>549.4</ele>
    </trkpt>
    <trkpt lat="42.377243" lon="-2.498745">
      <ele>548.6</ele>
    </trkpt>
    <trkpt lat="42.377948" lon="-2.500086">
      <ele>547.5</ele>
    </trkpt>
    <trkpt lat="42.378507" lon="-2.501089">
      <ele>546.7</ele>
    </trkpt>
    <trkpt lat="42.378649" lon="-2.501524">
      <ele>546.4</ele>
    </trkpt>
    <trkpt lat="42.378974" lon="-2.502205">
      <ele>546</ele>
    </trkpt>
    <trkpt lat="42.379137" lon="-2.502447">
      <ele>545.9</ele>
    </trkpt>
    <trkpt lat="42.379335" lon="-2.502661">
      <ele>545.8</ele>
    </trkpt>
    <trkpt lat="42.37989" lon="-2.503557">
      <ele>545.7</ele>
    </trkpt>
    <trkpt lat="42.380175" lon="-2.504104">
      <ele>545.9</ele>
    </trkpt>
    <trkpt lat="42.38029" lon="-2.50426">
      <ele>545.9</ele>
    </trkpt>
    <trkpt lat="42.380722" lon="-2.504641">
      <ele>546.1</ele>
    </trkpt>
    <trkpt lat="42.381348" lon="-2.505338">
      <ele>546.4</ele>
    </trkpt>
    <trkpt lat="42.381826" lon="-2.505826">
      <ele>546.5</ele>
    </trkpt>
    <trkpt lat="42.381985" lon="-2.505989">
      <ele>546.5</ele>
    </trkpt>
    <trkpt lat="42.382528" lon="-2.506809">
      <ele>546.3</ele>
    </trkpt>
    <trkpt lat="42.383179" lon="-2.507667">
      <ele>546</ele>
    </trkpt>
    <trkpt lat="42.383409" lon="-2.508018">
      <ele>545.9</ele>
    </trkpt>
    <trkpt lat="42.383599" lon="-2.508322">
      <ele>545.7</ele>
    </trkpt>
    <trkpt lat="42.38366" lon="-2.508501">
      <ele>545.6</ele>
    </trkpt>
    <trkpt lat="42.384282" lon="-2.509431">
      <ele>544.7</ele>
    </trkpt>
    <trkpt lat="42.384508" lon="-2.509849">
      <ele>544.2</ele>
    </trkpt>
    <trkpt lat="42.385112" lon="-2.511131">
      <ele>543</ele>
    </trkpt>
    <trkpt lat="42.385422" lon="-2.511652">
      <ele>542.6</ele>
    </trkpt>
    <trkpt lat="42.385457" lon="-2.511746">
      <ele>542.6</ele>
    </trkpt>
    <trkpt lat="42.385612" lon="-2.512071">
      <ele>542.5</ele>
    </trkpt>
    <trkpt lat="42.385765" lon="-2.512386">
      <ele>542.5</ele>
    </trkpt>
    <trkpt lat="42.386011" lon="-2.512854">
      <ele>542.9</ele>
    </trkpt>
    <trkpt lat="42.386234" lon="-2.513185">
      <ele>543.3</ele>
    </trkpt>
    <trkpt lat="42.386352" lon="-2.513886">
      <ele>544.3</ele>
    </trkpt>
    <trkpt lat="42.386434" lon="-2.514136">
      <ele>544.7</ele>
    </trkpt>
    <trkpt lat="42.387079" lon="-2.515669">
      <ele>547.3</ele>
    </trkpt>
    <trkpt lat="42.387169" lon="-2.515897">
      <ele>547.6</ele>
    </trkpt>
    <trkpt lat="42.387259" lon="-2.516049">
      <ele>547.8</ele>
    </trkpt>
    <trkpt lat="42.387725" lon="-2.51655">
      <ele>548.7</ele>
    </trkpt>
    <trkpt lat="42.3878" lon="-2.516728">
      <ele>549</ele>
    </trkpt>
    <trkpt lat="42.387812" lon="-2.516837">
      <ele>549.1</ele>
    </trkpt>
    <trkpt lat="42.387808" lon="-2.516955">
      <ele>549.3</ele>
    </trkpt>
    <trkpt lat="42.387664" lon="-2.517173">
      <ele>549.7</ele>
    </trkpt>
    <trkpt lat="42.387314" lon="-2.517546">
      <ele>550.8</ele>
    </trkpt>
    <trkpt lat="42.386781" lon="-2.518407">
      <ele>553.7</ele>
    </trkpt>
    <trkpt lat="42.386322" lon="-2.519004">
      <ele>556.2</ele>
    </trkpt>
    <trkpt lat="42.385958" lon="-2.519257">
      <ele>557.5</ele>
    </trkpt>
    <trkpt lat="42.385797" lon="-2.519526">
      <ele>558.3</ele>
    </trkpt>
    <trkpt lat="42.385454" lon="-2.519992">
      <ele>559.4</ele>
    </trkpt>
    <trkpt lat="42.385362" lon="-2.520185">
      <ele>559.8</ele>
    </trkpt>
    <trkpt lat="42.385313" lon="-2.520336">
      <ele>560</ele>
    </trkpt>
    <trkpt lat="42.385277" lon="-2.520554">
      <ele>560.3</ele>
    </trkpt>
    <trkpt lat="42.384655" lon="-2.522257">
      <ele>561.8</ele>
    </trkpt>
    <trkpt lat="42.384612" lon="-2.522454">
      <ele>561.9</ele>
    </trkpt>
    <trkpt lat="42.384502" lon="-2.523261">
      <ele>562.4</ele>
    </trkpt>
    <trkpt lat="42.384461" lon="-2.523405">
      <ele>562.5</ele>
    </trkpt>
    <trkpt lat="42.384388" lon="-2.523543">
      <ele>562.5</ele>
    </trkpt>
    <trkpt lat="42.384167" lon="-2.523749">
      <ele>562.5</ele>
    </trkpt>
    <trkpt lat="42.3839" lon="-2.523932">
      <ele>562.2</ele>
    </trkpt>
    <trkpt lat="42.383522" lon="-2.524329">
      <ele>561.6</ele>
    </trkpt>
    <trkpt lat="42.383421" lon="-2.524548">
      <ele>561.3</ele>
    </trkpt>
    <trkpt lat="42.383432" lon="-2.524701">
      <ele>561.1</ele>
    </trkpt>
    <trkpt lat="42.383845" lon="-2.524976">
      <ele>560.1</ele>
    </trkpt>
    <trkpt lat="42.384306" lon="-2.525467">
      <ele>558.9</ele>
    </trkpt>
    <trkpt lat="42.384508" lon="-2.525758">
      <ele>558.4</ele>
    </trkpt>
    <trkpt lat="42.385003" lon="-2.526572">
      <ele>557.2</ele>
    </trkpt>
    <trkpt lat="42.385295" lon="-2.527064">
      <ele>556.1</ele>
    </trkpt>
    <trkpt lat="42.385723" lon="-2.527785">
      <ele>553.8</ele>
    </trkpt>
    <trkpt lat="42.38581" lon="-2.527932">
      <ele>553.3</ele>
    </trkpt>
    <trkpt lat="42.38614" lon="-2.528489">
      <ele>551.8</ele>
    </trkpt>
    <trkpt lat="42.386386" lon="-2.528905">
      <ele>551</ele>
    </trkpt>
    <trkpt lat="42.386694" lon="-2.529425">
      <ele>550.7</ele>
    </trkpt>
    <trkpt lat="42.386781" lon="-2.529544">
      <ele>550.7</ele>
    </trkpt>
    <trkpt lat="42.3868" lon="-2.529567">
      <ele>550.7</ele>
    </trkpt>
    <trkpt lat="42.386906" lon="-2.529696">
      <ele>550.8</ele>
    </trkpt>
    <trkpt lat="42.387152" lon="-2.529922">
      <ele>550.9</ele>
    </trkpt>
    <trkpt lat="42.387334" lon="-2.530049">
      <ele>551</ele>
    </trkpt>
    <trkpt lat="42.387446" lon="-2.530072">
      <ele>551.1</ele>
    </trkpt>
    <trkpt lat="42.387525" lon="-2.530087">
      <ele>551.1</ele>
    </trkpt>
    <trkpt lat="42.387502" lon="-2.530222">
      <ele>551.1</ele>
    </trkpt>
    </trkseg>
  </trk>
</gpx>
