<?xml version="1.0" encoding="UTF-8"?>
<gpx version="1.1" creator="fitAI Komoot downloader" xmlns="http://www.topografix.com/GPX/1/1">
  <metadata>
    <name>Vista de Navarrete y Embalse de La Grajera - Recorrido circular desde Logroño</name>
    <desc>102 visitas · Dificultad: difficult · Distancia: 45.9 km · Desnivel +: 705 m</desc>
    <link href="https://www.komoot.com/smarttour/e24560284"><text>Komoot</text></link>
  </metadata>
  <trk>
    <name>Vista de Navarrete y Embalse de La Grajera - Recorrido circular desde Logroño</name>
    <type>touringbicycle</type>
    <trkseg>
    <trkpt lat="42.457716" lon="-2.440949">
      <ele>386.5</ele>
    </trkpt>
    <trkpt lat="42.457818" lon="-2.440829">
      <ele>386.5</ele>
    </trkpt>
    <trkpt lat="42.457825" lon="-2.440755">
      <ele>386.4</ele>
    </trkpt>
    <trkpt lat="42.457987" lon="-2.440575">
      <ele>386.4</ele>
    </trkpt>
    <trkpt lat="42.458051" lon="-2.439942">
      <ele>386.4</ele>
    </trkpt>
    <trkpt lat="42.458104" lon="-2.439962">
      <ele>386.5</ele>
    </trkpt>
    <trkpt lat="42.458156" lon="-2.439981">
      <ele>386.5</ele>
    </trkpt>
    <trkpt lat="42.458446" lon="-2.439846">
      <ele>386.6</ele>
    </trkpt>
    <trkpt lat="42.458428" lon="-2.440131">
      <ele>386.8</ele>
    </trkpt>
    <trkpt lat="42.458469" lon="-2.440136">
      <ele>386.8</ele>
    </trkpt>
    <trkpt lat="42.458543" lon="-2.440147">
      <ele>386.8</ele>
    </trkpt>
    <trkpt lat="42.458527" lon="-2.440408">
      <ele>386.9</ele>
    </trkpt>
    <trkpt lat="42.458469" lon="-2.441333">
      <ele>386.8</ele>
    </trkpt>
    <trkpt lat="42.458458" lon="-2.441568">
      <ele>386.8</ele>
    </trkpt>
    <trkpt lat="42.458487" lon="-2.441673">
      <ele>386.8</ele>
    </trkpt>
    <trkpt lat="42.45852" lon="-2.441751">
      <ele>386.8</ele>
    </trkpt>
    <trkpt lat="42.458506" lon="-2.44189">
      <ele>386.8</ele>
    </trkpt>
    <trkpt lat="42.458482" lon="-2.441926">
      <ele>386.8</ele>
    </trkpt>
    <trkpt lat="42.458454" lon="-2.442242">
      <ele>386.7</ele>
    </trkpt>
    <trkpt lat="42.458412" lon="-2.443046">
      <ele>386.2</ele>
    </trkpt>
    <trkpt lat="42.458408" lon="-2.443179">
      <ele>386.2</ele>
    </trkpt>
    <trkpt lat="42.458389" lon="-2.443424">
      <ele>386.1</ele>
    </trkpt>
    <trkpt lat="42.458371" lon="-2.443554">
      <ele>386.1</ele>
    </trkpt>
    <trkpt lat="42.458192" lon="-2.444368">
      <ele>386.3</ele>
    </trkpt>
    <trkpt lat="42.458149" lon="-2.444541">
      <ele>386.4</ele>
    </trkpt>
    <trkpt lat="42.458149" lon="-2.444643">
      <ele>386.4</ele>
    </trkpt>
    <trkpt lat="42.458206" lon="-2.444718">
      <ele>386.5</ele>
    </trkpt>
    <trkpt lat="42.458229" lon="-2.444866">
      <ele>386.6</ele>
    </trkpt>
    <trkpt lat="42.458177" lon="-2.445">
      <ele>386.7</ele>
    </trkpt>
    <trkpt lat="42.458074" lon="-2.445057">
      <ele>386.9</ele>
    </trkpt>
    <trkpt lat="42.458022" lon="-2.445046">
      <ele>387</ele>
    </trkpt>
    <trkpt lat="42.457994" lon="-2.445214">
      <ele>387.2</ele>
    </trkpt>
    <trkpt lat="42.457683" lon="-2.446675">
      <ele>390.1</ele>
    </trkpt>
    <trkpt lat="42.457631" lon="-2.446881">
      <ele>390.5</ele>
    </trkpt>
    <trkpt lat="42.457612" lon="-2.447053">
      <ele>390.9</ele>
    </trkpt>
    <trkpt lat="42.457632" lon="-2.447143">
      <ele>391.2</ele>
    </trkpt>
    <trkpt lat="42.457678" lon="-2.447343">
      <ele>391.6</ele>
    </trkpt>
    <trkpt lat="42.458025" lon="-2.448847">
      <ele>394</ele>
    </trkpt>
    <trkpt lat="42.45805" lon="-2.448945">
      <ele>394</ele>
    </trkpt>
    <trkpt lat="42.458077" lon="-2.449064">
      <ele>394.1</ele>
    </trkpt>
    <trkpt lat="42.458201" lon="-2.449644">
      <ele>394.1</ele>
    </trkpt>
    <trkpt lat="42.458317" lon="-2.450127">
      <ele>394.1</ele>
    </trkpt>
    <trkpt lat="42.458375" lon="-2.450352">
      <ele>394.1</ele>
    </trkpt>
    <trkpt lat="42.458421" lon="-2.450557">
      <ele>394.1</ele>
    </trkpt>
    <trkpt lat="42.458553" lon="-2.45109">
      <ele>394</ele>
    </trkpt>
    <trkpt lat="42.458799" lon="-2.452188">
      <ele>394</ele>
    </trkpt>
    <trkpt lat="42.458809" lon="-2.452236">
      <ele>394</ele>
    </trkpt>
    <trkpt lat="42.458826" lon="-2.452303">
      <ele>394</ele>
    </trkpt>
    <trkpt lat="42.459417" lon="-2.454873">
      <ele>394.9</ele>
    </trkpt>
    <trkpt lat="42.459483" lon="-2.455163">
      <ele>395.2</ele>
    </trkpt>
    <trkpt lat="42.45953" lon="-2.455366">
      <ele>395.3</ele>
    </trkpt>
    <trkpt lat="42.459638" lon="-2.455538">
      <ele>395.4</ele>
    </trkpt>
    <trkpt lat="42.459713" lon="-2.455579">
      <ele>395.5</ele>
    </trkpt>
    <trkpt lat="42.459806" lon="-2.455723">
      <ele>395.4</ele>
    </trkpt>
    <trkpt lat="42.459826" lon="-2.455881">
      <ele>395.4</ele>
    </trkpt>
    <trkpt lat="42.459784" lon="-2.456041">
      <ele>395.3</ele>
    </trkpt>
    <trkpt lat="42.459671" lon="-2.456159">
      <ele>395.2</ele>
    </trkpt>
    <trkpt lat="42.459518" lon="-2.456166">
      <ele>395</ele>
    </trkpt>
    <trkpt lat="42.459448" lon="-2.456119">
      <ele>394.9</ele>
    </trkpt>
    <trkpt lat="42.459305" lon="-2.456119">
      <ele>394.7</ele>
    </trkpt>
    <trkpt lat="42.459116" lon="-2.45619">
      <ele>394.4</ele>
    </trkpt>
    <trkpt lat="42.458668" lon="-2.4565">
      <ele>393.5</ele>
    </trkpt>
    <trkpt lat="42.458725" lon="-2.456745">
      <ele>393.2</ele>
    </trkpt>
    <trkpt lat="42.45898" lon="-2.45805">
      <ele>392.1</ele>
    </trkpt>
    <trkpt lat="42.459152" lon="-2.458955">
      <ele>392.2</ele>
    </trkpt>
    <trkpt lat="42.459219" lon="-2.459306">
      <ele>392.4</ele>
    </trkpt>
    <trkpt lat="42.459341" lon="-2.459847">
      <ele>393</ele>
    </trkpt>
    <trkpt lat="42.459459" lon="-2.460142">
      <ele>393.4</ele>
    </trkpt>
    <trkpt lat="42.459386" lon="-2.460192">
      <ele>393.5</ele>
    </trkpt>
    <trkpt lat="42.459097" lon="-2.460413">
      <ele>394.2</ele>
    </trkpt>
    <trkpt lat="42.459012" lon="-2.460476">
      <ele>394.4</ele>
    </trkpt>
    <trkpt lat="42.459051" lon="-2.460556">
      <ele>394.6</ele>
    </trkpt>
    <trkpt lat="42.459144" lon="-2.460639">
      <ele>394.9</ele>
    </trkpt>
    <trkpt lat="42.45973" lon="-2.461794">
      <ele>397.5</ele>
    </trkpt>
    <trkpt lat="42.460139" lon="-2.462274">
      <ele>398.4</ele>
    </trkpt>
    <trkpt lat="42.460194" lon="-2.462315">
      <ele>398.5</ele>
    </trkpt>
    <trkpt lat="42.460209" lon="-2.462439">
      <ele>398.6</ele>
    </trkpt>
    <trkpt lat="42.460674" lon="-2.463585">
      <ele>400.1</ele>
    </trkpt>
    <trkpt lat="42.460658" lon="-2.463672">
      <ele>400.1</ele>
    </trkpt>
    <trkpt lat="42.460495" lon="-2.464349">
      <ele>400.7</ele>
    </trkpt>
    <trkpt lat="42.460449" lon="-2.464533">
      <ele>400.8</ele>
    </trkpt>
    <trkpt lat="42.460285" lon="-2.465211">
      <ele>401.1</ele>
    </trkpt>
    <trkpt lat="42.460245" lon="-2.465377">
      <ele>401.2</ele>
    </trkpt>
    <trkpt lat="42.460084" lon="-2.466043">
      <ele>401.5</ele>
    </trkpt>
    <trkpt lat="42.460115" lon="-2.46606">
      <ele>401.6</ele>
    </trkpt>
    <trkpt lat="42.4601" lon="-2.466131">
      <ele>401.6</ele>
    </trkpt>
    <trkpt lat="42.460078" lon="-2.466221">
      <ele>401.7</ele>
    </trkpt>
    <trkpt lat="42.460056" lon="-2.466305">
      <ele>401.8</ele>
    </trkpt>
    <trkpt lat="42.459983" lon="-2.466307">
      <ele>401.9</ele>
    </trkpt>
    <trkpt lat="42.459889" lon="-2.466261">
      <ele>402</ele>
    </trkpt>
    <trkpt lat="42.459846" lon="-2.466241">
      <ele>402.1</ele>
    </trkpt>
    <trkpt lat="42.459625" lon="-2.467159">
      <ele>403.7</ele>
    </trkpt>
    <trkpt lat="42.459583" lon="-2.467332">
      <ele>404.2</ele>
    </trkpt>
    <trkpt lat="42.4591" lon="-2.468151">
      <ele>406.6</ele>
    </trkpt>
    <trkpt lat="42.458931" lon="-2.468273">
      <ele>407.1</ele>
    </trkpt>
    <trkpt lat="42.458751" lon="-2.468304">
      <ele>407.5</ele>
    </trkpt>
    <trkpt lat="42.45858" lon="-2.468286">
      <ele>407.7</ele>
    </trkpt>
    <trkpt lat="42.458305" lon="-2.468153">
      <ele>408.1</ele>
    </trkpt>
    <trkpt lat="42.45824" lon="-2.468121">
      <ele>408.1</ele>
    </trkpt>
    <trkpt lat="42.458226" lon="-2.468201">
      <ele>408.2</ele>
    </trkpt>
    <trkpt lat="42.458326" lon="-2.469403">
      <ele>408.3</ele>
    </trkpt>
    <trkpt lat="42.458319" lon="-2.470042">
      <ele>408.3</ele>
    </trkpt>
    <trkpt lat="42.458281" lon="-2.470244">
      <ele>408.2</ele>
    </trkpt>
    <trkpt lat="42.458215" lon="-2.470472">
      <ele>408.2</ele>
    </trkpt>
    <trkpt lat="42.458132" lon="-2.47066">
      <ele>408.1</ele>
    </trkpt>
    <trkpt lat="42.457942" lon="-2.470973">
      <ele>407.9</ele>
    </trkpt>
    <trkpt lat="42.457785" lon="-2.471363">
      <ele>407.6</ele>
    </trkpt>
    <trkpt lat="42.457623" lon="-2.47185">
      <ele>407.6</ele>
    </trkpt>
    <trkpt lat="42.457517" lon="-2.472032">
      <ele>407.6</ele>
    </trkpt>
    <trkpt lat="42.457479" lon="-2.47202">
      <ele>407.7</ele>
    </trkpt>
    <trkpt lat="42.457436" lon="-2.472039">
      <ele>407.7</ele>
    </trkpt>
    <trkpt lat="42.45736" lon="-2.472318">
      <ele>407.8</ele>
    </trkpt>
    <trkpt lat="42.457295" lon="-2.472288">
      <ele>407.8</ele>
    </trkpt>
    <trkpt lat="42.457279" lon="-2.472346">
      <ele>407.8</ele>
    </trkpt>
    <trkpt lat="42.457222" lon="-2.47256">
      <ele>407.9</ele>
    </trkpt>
    <trkpt lat="42.457299" lon="-2.472692">
      <ele>407.9</ele>
    </trkpt>
    <trkpt lat="42.457288" lon="-2.472805">
      <ele>407.9</ele>
    </trkpt>
    <trkpt lat="42.457237" lon="-2.472881">
      <ele>408</ele>
    </trkpt>
    <trkpt lat="42.457172" lon="-2.472891">
      <ele>408</ele>
    </trkpt>
    <trkpt lat="42.457126" lon="-2.472898">
      <ele>408</ele>
    </trkpt>
    <trkpt lat="42.457092" lon="-2.473064">
      <ele>408.1</ele>
    </trkpt>
    <trkpt lat="42.457057" lon="-2.473046">
      <ele>408.2</ele>
    </trkpt>
    <trkpt lat="42.45703" lon="-2.473034">
      <ele>408.2</ele>
    </trkpt>
    <trkpt lat="42.456837" lon="-2.472969">
      <ele>408.4</ele>
    </trkpt>
    <trkpt lat="42.456767" lon="-2.473004">
      <ele>408.5</ele>
    </trkpt>
    <trkpt lat="42.456614" lon="-2.473245">
      <ele>408.8</ele>
    </trkpt>
    <trkpt lat="42.456511" lon="-2.473542">
      <ele>408.9</ele>
    </trkpt>
    <trkpt lat="42.456475" lon="-2.473699">
      <ele>408.9</ele>
    </trkpt>
    <trkpt lat="42.456429" lon="-2.474112">
      <ele>408.9</ele>
    </trkpt>
    <trkpt lat="42.456395" lon="-2.474703">
      <ele>408.8</ele>
    </trkpt>
    <trkpt lat="42.456361" lon="-2.474858">
      <ele>408.8</ele>
    </trkpt>
    <trkpt lat="42.456235" lon="-2.475211">
      <ele>408.9</ele>
    </trkpt>
    <trkpt lat="42.456106" lon="-2.475512">
      <ele>409</ele>
    </trkpt>
    <trkpt lat="42.456049" lon="-2.475999">
      <ele>409.1</ele>
    </trkpt>
    <trkpt lat="42.455919" lon="-2.476813">
      <ele>408.7</ele>
    </trkpt>
    <trkpt lat="42.455797" lon="-2.477291">
      <ele>408.5</ele>
    </trkpt>
    <trkpt lat="42.455792" lon="-2.477308">
      <ele>408.5</ele>
    </trkpt>
    <trkpt lat="42.45574" lon="-2.477445">
      <ele>408.4</ele>
    </trkpt>
    <trkpt lat="42.455675" lon="-2.477453">
      <ele>408.4</ele>
    </trkpt>
    <trkpt lat="42.455419" lon="-2.477405">
      <ele>408.2</ele>
    </trkpt>
    <trkpt lat="42.455333" lon="-2.477447">
      <ele>408.2</ele>
    </trkpt>
    <trkpt lat="42.455307" lon="-2.477501">
      <ele>408.2</ele>
    </trkpt>
    <trkpt lat="42.455224" lon="-2.477703">
      <ele>408.1</ele>
    </trkpt>
    <trkpt lat="42.454978" lon="-2.479085">
      <ele>408.1</ele>
    </trkpt>
    <trkpt lat="42.454941" lon="-2.479493">
      <ele>408.3</ele>
    </trkpt>
    <trkpt lat="42.454909" lon="-2.47961">
      <ele>408.4</ele>
    </trkpt>
    <trkpt lat="42.45477" lon="-2.47988">
      <ele>408.6</ele>
    </trkpt>
    <trkpt lat="42.454155" lon="-2.481156">
      <ele>409</ele>
    </trkpt>
    <trkpt lat="42.453822" lon="-2.481997">
      <ele>409.3</ele>
    </trkpt>
    <trkpt lat="42.453446" lon="-2.48316">
      <ele>409.7</ele>
    </trkpt>
    <trkpt lat="42.453092" lon="-2.485402">
      <ele>410.7</ele>
    </trkpt>
    <trkpt lat="42.452965" lon="-2.486745">
      <ele>411.6</ele>
    </trkpt>
    <trkpt lat="42.452921" lon="-2.486931">
      <ele>411.7</ele>
    </trkpt>
    <trkpt lat="42.452304" lon="-2.488426">
      <ele>413.1</ele>
    </trkpt>
    <trkpt lat="42.451635" lon="-2.490167">
      <ele>414.7</ele>
    </trkpt>
    <trkpt lat="42.451384" lon="-2.491222">
      <ele>415.6</ele>
    </trkpt>
    <trkpt lat="42.451279" lon="-2.49159">
      <ele>416</ele>
    </trkpt>
    <trkpt lat="42.451014" lon="-2.49252">
      <ele>417</ele>
    </trkpt>
    <trkpt lat="42.450826" lon="-2.493305">
      <ele>418.1</ele>
    </trkpt>
    <trkpt lat="42.450542" lon="-2.494207">
      <ele>419.6</ele>
    </trkpt>
    <trkpt lat="42.450167" lon="-2.494529">
      <ele>420.6</ele>
    </trkpt>
    <trkpt lat="42.450048" lon="-2.494701">
      <ele>421</ele>
    </trkpt>
    <trkpt lat="42.449925" lon="-2.494995">
      <ele>421.6</ele>
    </trkpt>
    <trkpt lat="42.449894" lon="-2.495143">
      <ele>421.9</ele>
    </trkpt>
    <trkpt lat="42.449917" lon="-2.496197">
      <ele>423.9</ele>
    </trkpt>
    <trkpt lat="42.44986" lon="-2.496608">
      <ele>424.7</ele>
    </trkpt>
    <trkpt lat="42.449838" lon="-2.4974">
      <ele>426.4</ele>
    </trkpt>
    <trkpt lat="42.449814" lon="-2.497578">
      <ele>426.7</ele>
    </trkpt>
    <trkpt lat="42.449719" lon="-2.497763">
      <ele>427.1</ele>
    </trkpt>
    <trkpt lat="42.449714" lon="-2.497844">
      <ele>427.3</ele>
    </trkpt>
    <trkpt lat="42.449445" lon="-2.498053">
      <ele>427.9</ele>
    </trkpt>
    <trkpt lat="42.449238" lon="-2.49823">
      <ele>428.3</ele>
    </trkpt>
    <trkpt lat="42.448886" lon="-2.498211">
      <ele>428.7</ele>
    </trkpt>
    <trkpt lat="42.448788" lon="-2.498272">
      <ele>428.8</ele>
    </trkpt>
    <trkpt lat="42.448769" lon="-2.498333">
      <ele>428.8</ele>
    </trkpt>
    <trkpt lat="42.448766" lon="-2.498604">
      <ele>428.8</ele>
    </trkpt>
    <trkpt lat="42.448676" lon="-2.498807">
      <ele>428.8</ele>
    </trkpt>
    <trkpt lat="42.44858" lon="-2.498969">
      <ele>428.9</ele>
    </trkpt>
    <trkpt lat="42.448378" lon="-2.499116">
      <ele>429.2</ele>
    </trkpt>
    <trkpt lat="42.448303" lon="-2.499213">
      <ele>429.3</ele>
    </trkpt>
    <trkpt lat="42.448184" lon="-2.499628">
      <ele>429.9</ele>
    </trkpt>
    <trkpt lat="42.448104" lon="-2.499777">
      <ele>430.2</ele>
    </trkpt>
    <trkpt lat="42.447988" lon="-2.499875">
      <ele>430.5</ele>
    </trkpt>
    <trkpt lat="42.447865" lon="-2.499917">
      <ele>430.8</ele>
    </trkpt>
    <trkpt lat="42.447796" lon="-2.499897">
      <ele>431</ele>
    </trkpt>
    <trkpt lat="42.447687" lon="-2.499853">
      <ele>431.3</ele>
    </trkpt>
    <trkpt lat="42.447636" lon="-2.499896">
      <ele>431.4</ele>
    </trkpt>
    <trkpt lat="42.447411" lon="-2.500304">
      <ele>432.4</ele>
    </trkpt>
    <trkpt lat="42.447283" lon="-2.500396">
      <ele>432.8</ele>
    </trkpt>
    <trkpt lat="42.447186" lon="-2.500387">
      <ele>433.1</ele>
    </trkpt>
    <trkpt lat="42.447045" lon="-2.500293">
      <ele>433.6</ele>
    </trkpt>
    <trkpt lat="42.446781" lon="-2.499876">
      <ele>434.6</ele>
    </trkpt>
    <trkpt lat="42.446414" lon="-2.499517">
      <ele>435.3</ele>
    </trkpt>
    <trkpt lat="42.446199" lon="-2.499182">
      <ele>435.8</ele>
    </trkpt>
    <trkpt lat="42.446064" lon="-2.499103">
      <ele>436</ele>
    </trkpt>
    <trkpt lat="42.44584" lon="-2.499109">
      <ele>436.2</ele>
    </trkpt>
    <trkpt lat="42.445349" lon="-2.499236">
      <ele>436.6</ele>
    </trkpt>
    <trkpt lat="42.44514" lon="-2.499321">
      <ele>437</ele>
    </trkpt>
    <trkpt lat="42.444959" lon="-2.499435">
      <ele>437.4</ele>
    </trkpt>
    <trkpt lat="42.444823" lon="-2.499562">
      <ele>437.7</ele>
    </trkpt>
    <trkpt lat="42.444639" lon="-2.499631">
      <ele>438.2</ele>
    </trkpt>
    <trkpt lat="42.444665" lon="-2.499574">
      <ele>438.3</ele>
    </trkpt>
    <trkpt lat="42.444626" lon="-2.499548">
      <ele>438.5</ele>
    </trkpt>
    <trkpt lat="42.444609" lon="-2.499478">
      <ele>438.6</ele>
    </trkpt>
    <trkpt lat="42.444541" lon="-2.49946">
      <ele>438.8</ele>
    </trkpt>
    <trkpt lat="42.444386" lon="-2.499291">
      <ele>439.4</ele>
    </trkpt>
    <trkpt lat="42.444136" lon="-2.498885">
      <ele>440.6</ele>
    </trkpt>
    <trkpt lat="42.443961" lon="-2.498745">
      <ele>441.3</ele>
    </trkpt>
    <trkpt lat="42.443753" lon="-2.498647">
      <ele>442.1</ele>
    </trkpt>
    <trkpt lat="42.443583" lon="-2.498641">
      <ele>442.9</ele>
    </trkpt>
    <trkpt lat="42.443496" lon="-2.498687">
      <ele>443.2</ele>
    </trkpt>
    <trkpt lat="42.443318" lon="-2.498937">
      <ele>444.1</ele>
    </trkpt>
    <trkpt lat="42.443229" lon="-2.499003">
      <ele>444.5</ele>
    </trkpt>
    <trkpt lat="42.443139" lon="-2.498996">
      <ele>444.8</ele>
    </trkpt>
    <trkpt lat="42.442865" lon="-2.498792">
      <ele>445.7</ele>
    </trkpt>
    <trkpt lat="42.442306" lon="-2.498585">
      <ele>448</ele>
    </trkpt>
    <trkpt lat="42.442089" lon="-2.498551">
      <ele>449</ele>
    </trkpt>
    <trkpt lat="42.44178" lon="-2.498567">
      <ele>450.6</ele>
    </trkpt>
    <trkpt lat="42.441577" lon="-2.498646">
      <ele>452</ele>
    </trkpt>
    <trkpt lat="42.441227" lon="-2.498883">
      <ele>454.5</ele>
    </trkpt>
    <trkpt lat="42.441072" lon="-2.498907">
      <ele>455.3</ele>
    </trkpt>
    <trkpt lat="42.440923" lon="-2.498871">
      <ele>456</ele>
    </trkpt>
    <trkpt lat="42.440748" lon="-2.498762">
      <ele>456.6</ele>
    </trkpt>
    <trkpt lat="42.440579" lon="-2.498593">
      <ele>457</ele>
    </trkpt>
    <trkpt lat="42.440475" lon="-2.498839">
      <ele>457</ele>
    </trkpt>
    <trkpt lat="42.440565" lon="-2.498944">
      <ele>456.8</ele>
    </trkpt>
    <trkpt lat="42.440858" lon="-2.499094">
      <ele>455.9</ele>
    </trkpt>
    <trkpt lat="42.441127" lon="-2.499143">
      <ele>454.6</ele>
    </trkpt>
    <trkpt lat="42.441349" lon="-2.499234">
      <ele>453.2</ele>
    </trkpt>
    <trkpt lat="42.441578" lon="-2.499213">
      <ele>451.6</ele>
    </trkpt>
    <trkpt lat="42.441669" lon="-2.499577">
      <ele>449.9</ele>
    </trkpt>
    <trkpt lat="42.441651" lon="-2.499763">
      <ele>449.2</ele>
    </trkpt>
    <trkpt lat="42.44167" lon="-2.499953">
      <ele>448.6</ele>
    </trkpt>
    <trkpt lat="42.441657" lon="-2.50022">
      <ele>447.8</ele>
    </trkpt>
    <trkpt lat="42.441583" lon="-2.500142">
      <ele>447.6</ele>
    </trkpt>
    <trkpt lat="42.441463" lon="-2.500119">
      <ele>447.2</ele>
    </trkpt>
    <trkpt lat="42.441378" lon="-2.500197">
      <ele>447</ele>
    </trkpt>
    <trkpt lat="42.44126" lon="-2.500351">
      <ele>446.7</ele>
    </trkpt>
    <trkpt lat="42.441007" lon="-2.500886">
      <ele>446.6</ele>
    </trkpt>
    <trkpt lat="42.440533" lon="-2.501573">
      <ele>446.7</ele>
    </trkpt>
    <trkpt lat="42.440517" lon="-2.501875">
      <ele>446.7</ele>
    </trkpt>
    <trkpt lat="42.440308" lon="-2.502533">
      <ele>446.5</ele>
    </trkpt>
    <trkpt lat="42.440209" lon="-2.503068">
      <ele>446.3</ele>
    </trkpt>
    <trkpt lat="42.440018" lon="-2.503853">
      <ele>445.9</ele>
    </trkpt>
    <trkpt lat="42.439992" lon="-2.504232">
      <ele>445.5</ele>
    </trkpt>
    <trkpt lat="42.439798" lon="-2.505054">
      <ele>444.6</ele>
    </trkpt>
    <trkpt lat="42.439777" lon="-2.505253">
      <ele>444.3</ele>
    </trkpt>
    <trkpt lat="42.439804" lon="-2.505383">
      <ele>444.2</ele>
    </trkpt>
    <trkpt lat="42.43977" lon="-2.505738">
      <ele>443.7</ele>
    </trkpt>
    <trkpt lat="42.439785" lon="-2.506358">
      <ele>443.2</ele>
    </trkpt>
    <trkpt lat="42.43982" lon="-2.506484">
      <ele>443.1</ele>
    </trkpt>
    <trkpt lat="42.439906" lon="-2.507116">
      <ele>442.9</ele>
    </trkpt>
    <trkpt lat="42.439891" lon="-2.50736">
      <ele>443</ele>
    </trkpt>
    <trkpt lat="42.439793" lon="-2.508036">
      <ele>443.1</ele>
    </trkpt>
    <trkpt lat="42.439746" lon="-2.50872">
      <ele>443.2</ele>
    </trkpt>
    <trkpt lat="42.439822" lon="-2.509307">
      <ele>443.3</ele>
    </trkpt>
    <trkpt lat="42.439807" lon="-2.509586">
      <ele>443.3</ele>
    </trkpt>
    <trkpt lat="42.439767" lon="-2.509753">
      <ele>443.4</ele>
    </trkpt>
    <trkpt lat="42.439651" lon="-2.509886">
      <ele>443.4</ele>
    </trkpt>
    <trkpt lat="42.439612" lon="-2.510029">
      <ele>443.4</ele>
    </trkpt>
    <trkpt lat="42.439618" lon="-2.510163">
      <ele>443.4</ele>
    </trkpt>
    <trkpt lat="42.439438" lon="-2.510518">
      <ele>443.3</ele>
    </trkpt>
    <trkpt lat="42.43932" lon="-2.510806">
      <ele>443.4</ele>
    </trkpt>
    <trkpt lat="42.439292" lon="-2.510932">
      <ele>443.4</ele>
    </trkpt>
    <trkpt lat="42.439292" lon="-2.511072">
      <ele>443.4</ele>
    </trkpt>
    <trkpt lat="42.439325" lon="-2.511179">
      <ele>443.5</ele>
    </trkpt>
    <trkpt lat="42.439417" lon="-2.511322">
      <ele>443.5</ele>
    </trkpt>
    <trkpt lat="42.439664" lon="-2.511516">
      <ele>443.5</ele>
    </trkpt>
    <trkpt lat="42.440157" lon="-2.512107">
      <ele>443.2</ele>
    </trkpt>
    <trkpt lat="42.440369" lon="-2.512214">
      <ele>443.1</ele>
    </trkpt>
    <trkpt lat="42.440621" lon="-2.512226">
      <ele>443</ele>
    </trkpt>
    <trkpt lat="42.440871" lon="-2.512222">
      <ele>442.9</ele>
    </trkpt>
    <trkpt lat="42.441004" lon="-2.51231">
      <ele>442.9</ele>
    </trkpt>
    <trkpt lat="42.441191" lon="-2.512368">
      <ele>442.8</ele>
    </trkpt>
    <trkpt lat="42.441384" lon="-2.512493">
      <ele>442.8</ele>
    </trkpt>
    <trkpt lat="42.441515" lon="-2.512538">
      <ele>442.8</ele>
    </trkpt>
    <trkpt lat="42.44158" lon="-2.512603">
      <ele>442.8</ele>
    </trkpt>
    <trkpt lat="42.441414" lon="-2.513158">
      <ele>443</ele>
    </trkpt>
    <trkpt lat="42.441369" lon="-2.513366">
      <ele>443</ele>
    </trkpt>
    <trkpt lat="42.441523" lon="-2.513389">
      <ele>443</ele>
    </trkpt>
    <trkpt lat="42.441751" lon="-2.513387">
      <ele>443.1</ele>
    </trkpt>
    <trkpt lat="42.442008" lon="-2.513247">
      <ele>443.2</ele>
    </trkpt>
    <trkpt lat="42.442166" lon="-2.513206">
      <ele>443.2</ele>
    </trkpt>
    <trkpt lat="42.442328" lon="-2.513208">
      <ele>443.2</ele>
    </trkpt>
    <trkpt lat="42.442675" lon="-2.513267">
      <ele>443.2</ele>
    </trkpt>
    <trkpt lat="42.442328" lon="-2.513208">
      <ele>443.2</ele>
    </trkpt>
    <trkpt lat="42.442166" lon="-2.513206">
      <ele>443.2</ele>
    </trkpt>
    <trkpt lat="42.442008" lon="-2.513247">
      <ele>443.3</ele>
    </trkpt>
    <trkpt lat="42.441751" lon="-2.513387">
      <ele>443.5</ele>
    </trkpt>
    <trkpt lat="42.441523" lon="-2.513389">
      <ele>443.7</ele>
    </trkpt>
    <trkpt lat="42.441369" lon="-2.513366">
      <ele>443.8</ele>
    </trkpt>
    <trkpt lat="42.441315" lon="-2.513735">
      <ele>444.3</ele>
    </trkpt>
    <trkpt lat="42.441408" lon="-2.51398">
      <ele>444.7</ele>
    </trkpt>
    <trkpt lat="42.44156" lon="-2.514623">
      <ele>446.2</ele>
    </trkpt>
    <trkpt lat="42.441556" lon="-2.51473">
      <ele>446.5</ele>
    </trkpt>
    <trkpt lat="42.44153" lon="-2.514796">
      <ele>446.7</ele>
    </trkpt>
    <trkpt lat="42.441529" lon="-2.514898">
      <ele>447</ele>
    </trkpt>
    <trkpt lat="42.441667" lon="-2.515031">
      <ele>447.7</ele>
    </trkpt>
    <trkpt lat="42.441856" lon="-2.515904">
      <ele>451.1</ele>
    </trkpt>
    <trkpt lat="42.44187" lon="-2.516397">
      <ele>453.3</ele>
    </trkpt>
    <trkpt lat="42.441702" lon="-2.516876">
      <ele>456</ele>
    </trkpt>
    <trkpt lat="42.441677" lon="-2.517226">
      <ele>457.9</ele>
    </trkpt>
    <trkpt lat="42.441588" lon="-2.517644">
      <ele>460.5</ele>
    </trkpt>
    <trkpt lat="42.441583" lon="-2.517873">
      <ele>462</ele>
    </trkpt>
    <trkpt lat="42.441426" lon="-2.518009">
      <ele>463.7</ele>
    </trkpt>
    <trkpt lat="42.441184" lon="-2.518145">
      <ele>466.2</ele>
    </trkpt>
    <trkpt lat="42.441082" lon="-2.518203">
      <ele>467.3</ele>
    </trkpt>
    <trkpt lat="42.441004" lon="-2.518275">
      <ele>468.3</ele>
    </trkpt>
    <trkpt lat="42.440895" lon="-2.518664">
      <ele>471.5</ele>
    </trkpt>
    <trkpt lat="42.440885" lon="-2.51873">
      <ele>472</ele>
    </trkpt>
    <trkpt lat="42.440836" lon="-2.519045">
      <ele>474.5</ele>
    </trkpt>
    <trkpt lat="42.44064" lon="-2.519678">
      <ele>480</ele>
    </trkpt>
    <trkpt lat="42.440325" lon="-2.520241">
      <ele>485.6</ele>
    </trkpt>
    <trkpt lat="42.440255" lon="-2.520722">
      <ele>489.6</ele>
    </trkpt>
    <trkpt lat="42.44018" lon="-2.521031">
      <ele>492.3</ele>
    </trkpt>
    <trkpt lat="42.440124" lon="-2.521138">
      <ele>493.4</ele>
    </trkpt>
    <trkpt lat="42.439924" lon="-2.52126">
      <ele>495.7</ele>
    </trkpt>
    <trkpt lat="42.43986" lon="-2.521299">
      <ele>496.5</ele>
    </trkpt>
    <trkpt lat="42.439568" lon="-2.521621">
      <ele>500.2</ele>
    </trkpt>
    <trkpt lat="42.439299" lon="-2.52182">
      <ele>502.9</ele>
    </trkpt>
    <trkpt lat="42.43949" lon="-2.522483">
      <ele>507.3</ele>
    </trkpt>
    <trkpt lat="42.439638" lon="-2.522829">
      <ele>509.4</ele>
    </trkpt>
    <trkpt lat="42.439739" lon="-2.522981">
      <ele>510.4</ele>
    </trkpt>
    <trkpt lat="42.439864" lon="-2.523168">
      <ele>511.4</ele>
    </trkpt>
    <trkpt lat="42.440035" lon="-2.523585">
      <ele>513</ele>
    </trkpt>
    <trkpt lat="42.440094" lon="-2.523912">
      <ele>514</ele>
    </trkpt>
    <trkpt lat="42.44007" lon="-2.524029">
      <ele>514.4</ele>
    </trkpt>
    <trkpt lat="42.439937" lon="-2.524755">
      <ele>516.3</ele>
    </trkpt>
    <trkpt lat="42.439907" lon="-2.524977">
      <ele>516.8</ele>
    </trkpt>
    <trkpt lat="42.439791" lon="-2.526616">
      <ele>516.5</ele>
    </trkpt>
    <trkpt lat="42.439783" lon="-2.526741">
      <ele>516.3</ele>
    </trkpt>
    <trkpt lat="42.439772" lon="-2.527191">
      <ele>515.4</ele>
    </trkpt>
    <trkpt lat="42.439712" lon="-2.527795">
      <ele>513.7</ele>
    </trkpt>
    <trkpt lat="42.439572" lon="-2.528731">
      <ele>510.8</ele>
    </trkpt>
    <trkpt lat="42.439566" lon="-2.528964">
      <ele>510.2</ele>
    </trkpt>
    <trkpt lat="42.43955" lon="-2.529125">
      <ele>509.9</ele>
    </trkpt>
    <trkpt lat="42.43936" lon="-2.530056">
      <ele>508.2</ele>
    </trkpt>
    <trkpt lat="42.439217" lon="-2.530874">
      <ele>506.6</ele>
    </trkpt>
    <trkpt lat="42.439094" lon="-2.531366">
      <ele>505.6</ele>
    </trkpt>
    <trkpt lat="42.438916" lon="-2.531922">
      <ele>504.3</ele>
    </trkpt>
    <trkpt lat="42.438861" lon="-2.532231">
      <ele>503.7</ele>
    </trkpt>
    <trkpt lat="42.43878" lon="-2.533424">
      <ele>501.7</ele>
    </trkpt>
    <trkpt lat="42.438626" lon="-2.534338">
      <ele>500.8</ele>
    </trkpt>
    <trkpt lat="42.438605" lon="-2.534661">
      <ele>500.4</ele>
    </trkpt>
    <trkpt lat="42.438518" lon="-2.535305">
      <ele>499.3</ele>
    </trkpt>
    <trkpt lat="42.438463" lon="-2.535587">
      <ele>498.7</ele>
    </trkpt>
    <trkpt lat="42.43828" lon="-2.536092">
      <ele>497.7</ele>
    </trkpt>
    <trkpt lat="42.438251" lon="-2.536171">
      <ele>497.5</ele>
    </trkpt>
    <trkpt lat="42.438044" lon="-2.536833">
      <ele>496.6</ele>
    </trkpt>
    <trkpt lat="42.437945" lon="-2.537153">
      <ele>496.3</ele>
    </trkpt>
    <trkpt lat="42.437836" lon="-2.537602">
      <ele>495.9</ele>
    </trkpt>
    <trkpt lat="42.437796" lon="-2.537796">
      <ele>495.8</ele>
    </trkpt>
    <trkpt lat="42.437638" lon="-2.538825">
      <ele>494.8</ele>
    </trkpt>
    <trkpt lat="42.437596" lon="-2.538996">
      <ele>494.5</ele>
    </trkpt>
    <trkpt lat="42.437415" lon="-2.539459">
      <ele>493.3</ele>
    </trkpt>
    <trkpt lat="42.437336" lon="-2.539613">
      <ele>492.8</ele>
    </trkpt>
    <trkpt lat="42.436941" lon="-2.540358">
      <ele>489.2</ele>
    </trkpt>
    <trkpt lat="42.436733" lon="-2.540827">
      <ele>486.7</ele>
    </trkpt>
    <trkpt lat="42.436668" lon="-2.541092">
      <ele>485.3</ele>
    </trkpt>
    <trkpt lat="42.436623" lon="-2.541557">
      <ele>483</ele>
    </trkpt>
    <trkpt lat="42.436602" lon="-2.541774">
      <ele>481.9</ele>
    </trkpt>
    <trkpt lat="42.436427" lon="-2.542481">
      <ele>478.6</ele>
    </trkpt>
    <trkpt lat="42.436326" lon="-2.542873">
      <ele>477</ele>
    </trkpt>
    <trkpt lat="42.436052" lon="-2.545206">
      <ele>471.3</ele>
    </trkpt>
    <trkpt lat="42.435832" lon="-2.546416">
      <ele>469.6</ele>
    </trkpt>
    <trkpt lat="42.435682" lon="-2.547529">
      <ele>468.4</ele>
    </trkpt>
    <trkpt lat="42.435587" lon="-2.547928">
      <ele>467.9</ele>
    </trkpt>
    <trkpt lat="42.435547" lon="-2.548093">
      <ele>467.8</ele>
    </trkpt>
    <trkpt lat="42.43555" lon="-2.548354">
      <ele>467.5</ele>
    </trkpt>
    <trkpt lat="42.435585" lon="-2.548559">
      <ele>467.3</ele>
    </trkpt>
    <trkpt lat="42.435674" lon="-2.548972">
      <ele>467</ele>
    </trkpt>
    <trkpt lat="42.435917" lon="-2.549499">
      <ele>466.7</ele>
    </trkpt>
    <trkpt lat="42.435918" lon="-2.549674">
      <ele>466.7</ele>
    </trkpt>
    <trkpt lat="42.43589" lon="-2.549765">
      <ele>466.7</ele>
    </trkpt>
    <trkpt lat="42.435422" lon="-2.550361">
      <ele>466.7</ele>
    </trkpt>
    <trkpt lat="42.435055" lon="-2.550815">
      <ele>466.8</ele>
    </trkpt>
    <trkpt lat="42.434992" lon="-2.550926">
      <ele>466.9</ele>
    </trkpt>
    <trkpt lat="42.434953" lon="-2.551064">
      <ele>466.9</ele>
    </trkpt>
    <trkpt lat="42.434909" lon="-2.551217">
      <ele>467</ele>
    </trkpt>
    <trkpt lat="42.43471" lon="-2.5519">
      <ele>467.2</ele>
    </trkpt>
    <trkpt lat="42.434532" lon="-2.552623">
      <ele>467.5</ele>
    </trkpt>
    <trkpt lat="42.434212" lon="-2.553597">
      <ele>467.8</ele>
    </trkpt>
    <trkpt lat="42.434032" lon="-2.554258">
      <ele>468.1</ele>
    </trkpt>
    <trkpt lat="42.433811" lon="-2.554929">
      <ele>468.6</ele>
    </trkpt>
    <trkpt lat="42.43369" lon="-2.555417">
      <ele>469.1</ele>
    </trkpt>
    <trkpt lat="42.433024" lon="-2.557771">
      <ele>475.3</ele>
    </trkpt>
    <trkpt lat="42.432857" lon="-2.5584">
      <ele>478.7</ele>
    </trkpt>
    <trkpt lat="42.432754" lon="-2.558692">
      <ele>480.4</ele>
    </trkpt>
    <trkpt lat="42.432572" lon="-2.559034">
      <ele>482.8</ele>
    </trkpt>
    <trkpt lat="42.432562" lon="-2.55916">
      <ele>483.6</ele>
    </trkpt>
    <trkpt lat="42.432608" lon="-2.559265">
      <ele>484.3</ele>
    </trkpt>
    <trkpt lat="42.432678" lon="-2.559311">
      <ele>484.9</ele>
    </trkpt>
    <trkpt lat="42.432909" lon="-2.559375">
      <ele>486.6</ele>
    </trkpt>
    <trkpt lat="42.432926" lon="-2.55947">
      <ele>487.1</ele>
    </trkpt>
    <trkpt lat="42.432805" lon="-2.559486">
      <ele>488</ele>
    </trkpt>
    <trkpt lat="42.432339" lon="-2.559324">
      <ele>491.3</ele>
    </trkpt>
    <trkpt lat="42.432146" lon="-2.559256">
      <ele>492.7</ele>
    </trkpt>
    <trkpt lat="42.431897" lon="-2.559207">
      <ele>494.7</ele>
    </trkpt>
    <trkpt lat="42.431738" lon="-2.559346">
      <ele>496.4</ele>
    </trkpt>
    <trkpt lat="42.431484" lon="-2.559468">
      <ele>498.6</ele>
    </trkpt>
    <trkpt lat="42.431065" lon="-2.559415">
      <ele>502.1</ele>
    </trkpt>
    <trkpt lat="42.430985" lon="-2.559433">
      <ele>502.7</ele>
    </trkpt>
    <trkpt lat="42.430262" lon="-2.559605">
      <ele>507.3</ele>
    </trkpt>
    <trkpt lat="42.430177" lon="-2.559635">
      <ele>507.7</ele>
    </trkpt>
    <trkpt lat="42.429959" lon="-2.559833">
      <ele>508.7</ele>
    </trkpt>
    <trkpt lat="42.429721" lon="-2.560224">
      <ele>509.4</ele>
    </trkpt>
    <trkpt lat="42.429587" lon="-2.560571">
      <ele>509.6</ele>
    </trkpt>
    <trkpt lat="42.429511" lon="-2.560925">
      <ele>510</ele>
    </trkpt>
    <trkpt lat="42.429502" lon="-2.560997">
      <ele>510.2</ele>
    </trkpt>
    <trkpt lat="42.429475" lon="-2.561365">
      <ele>511</ele>
    </trkpt>
    <trkpt lat="42.429462" lon="-2.561542">
      <ele>511.5</ele>
    </trkpt>
    <trkpt lat="42.429459" lon="-2.561615">
      <ele>511.7</ele>
    </trkpt>
    <trkpt lat="42.429452" lon="-2.56186">
      <ele>512.4</ele>
    </trkpt>
    <trkpt lat="42.42945" lon="-2.561943">
      <ele>512.6</ele>
    </trkpt>
    <trkpt lat="42.429491" lon="-2.562103">
      <ele>513.1</ele>
    </trkpt>
    <trkpt lat="42.429567" lon="-2.562231">
      <ele>513.6</ele>
    </trkpt>
    <trkpt lat="42.429654" lon="-2.562312">
      <ele>514</ele>
    </trkpt>
    <trkpt lat="42.429736" lon="-2.562371">
      <ele>514.3</ele>
    </trkpt>
    <trkpt lat="42.430379" lon="-2.562823">
      <ele>516.1</ele>
    </trkpt>
    <trkpt lat="42.430467" lon="-2.562877">
      <ele>516.1</ele>
    </trkpt>
    <trkpt lat="42.430628" lon="-2.562963">
      <ele>515.9</ele>
    </trkpt>
    <trkpt lat="42.430751" lon="-2.563033">
      <ele>515.4</ele>
    </trkpt>
    <trkpt lat="42.430811" lon="-2.563067">
      <ele>515.1</ele>
    </trkpt>
    <trkpt lat="42.430782" lon="-2.563683">
      <ele>512.5</ele>
    </trkpt>
    <trkpt lat="42.430743" lon="-2.56429">
      <ele>509.2</ele>
    </trkpt>
    <trkpt lat="42.430679" lon="-2.564664">
      <ele>507.1</ele>
    </trkpt>
    <trkpt lat="42.430655" lon="-2.5647">
      <ele>506.8</ele>
    </trkpt>
    <trkpt lat="42.430597" lon="-2.565144">
      <ele>504.9</ele>
    </trkpt>
    <trkpt lat="42.430555" lon="-2.565414">
      <ele>504</ele>
    </trkpt>
    <trkpt lat="42.430208" lon="-2.567457">
      <ele>502.9</ele>
    </trkpt>
    <trkpt lat="42.430185" lon="-2.567601">
      <ele>503</ele>
    </trkpt>
    <trkpt lat="42.430104" lon="-2.568085">
      <ele>503.3</ele>
    </trkpt>
    <trkpt lat="42.429833" lon="-2.568722">
      <ele>503.6</ele>
    </trkpt>
    <trkpt lat="42.429127" lon="-2.570235">
      <ele>504.6</ele>
    </trkpt>
    <trkpt lat="42.42768" lon="-2.573253">
      <ele>507.5</ele>
    </trkpt>
    <trkpt lat="42.427816" lon="-2.573711">
      <ele>507.8</ele>
    </trkpt>
    <trkpt lat="42.428064" lon="-2.574288">
      <ele>508.1</ele>
    </trkpt>
    <trkpt lat="42.428204" lon="-2.574698">
      <ele>508.2</ele>
    </trkpt>
    <trkpt lat="42.428268" lon="-2.57502">
      <ele>508.4</ele>
    </trkpt>
    <trkpt lat="42.428311" lon="-2.57543">
      <ele>508.5</ele>
    </trkpt>
    <trkpt lat="42.428339" lon="-2.576358">
      <ele>508.9</ele>
    </trkpt>
    <trkpt lat="42.428351" lon="-2.576806">
      <ele>509.1</ele>
    </trkpt>
    <trkpt lat="42.428335" lon="-2.577343">
      <ele>509.3</ele>
    </trkpt>
    <trkpt lat="42.428505" lon="-2.577638">
      <ele>509.5</ele>
    </trkpt>
    <trkpt lat="42.428735" lon="-2.577906">
      <ele>509.8</ele>
    </trkpt>
    <trkpt lat="42.428782" lon="-2.578045">
      <ele>509.9</ele>
    </trkpt>
    <trkpt lat="42.428784" lon="-2.578257">
      <ele>510.1</ele>
    </trkpt>
    <trkpt lat="42.428669" lon="-2.579247">
      <ele>511.3</ele>
    </trkpt>
    <trkpt lat="42.428646" lon="-2.580073">
      <ele>512.8</ele>
    </trkpt>
    <trkpt lat="42.428671" lon="-2.580505">
      <ele>513.6</ele>
    </trkpt>
    <trkpt lat="42.428786" lon="-2.581229">
      <ele>515.2</ele>
    </trkpt>
    <trkpt lat="42.429077" lon="-2.582372">
      <ele>518</ele>
    </trkpt>
    <trkpt lat="42.429196" lon="-2.582833">
      <ele>519</ele>
    </trkpt>
    <trkpt lat="42.429235" lon="-2.583016">
      <ele>519.4</ele>
    </trkpt>
    <trkpt lat="42.429384" lon="-2.583702">
      <ele>520.6</ele>
    </trkpt>
    <trkpt lat="42.429525" lon="-2.584188">
      <ele>521.4</ele>
    </trkpt>
    <trkpt lat="42.429958" lon="-2.585979">
      <ele>523.7</ele>
    </trkpt>
    <trkpt lat="42.430263" lon="-2.586588">
      <ele>524.9</ele>
    </trkpt>
    <trkpt lat="42.430332" lon="-2.58676">
      <ele>525.3</ele>
    </trkpt>
    <trkpt lat="42.430412" lon="-2.587063">
      <ele>525.9</ele>
    </trkpt>
    <trkpt lat="42.430594" lon="-2.587951">
      <ele>527.9</ele>
    </trkpt>
    <trkpt lat="42.430758" lon="-2.588589">
      <ele>529.4</ele>
    </trkpt>
    <trkpt lat="42.431027" lon="-2.589338">
      <ele>531.4</ele>
    </trkpt>
    <trkpt lat="42.431495" lon="-2.59027">
      <ele>534.1</ele>
    </trkpt>
    <trkpt lat="42.431578" lon="-2.590528">
      <ele>534.7</ele>
    </trkpt>
    <trkpt lat="42.43167" lon="-2.590938">
      <ele>535.7</ele>
    </trkpt>
    <trkpt lat="42.431708" lon="-2.591247">
      <ele>536.4</ele>
    </trkpt>
    <trkpt lat="42.431698" lon="-2.591392">
      <ele>536.8</ele>
    </trkpt>
    <trkpt lat="42.43166" lon="-2.591467">
      <ele>537</ele>
    </trkpt>
    <trkpt lat="42.431565" lon="-2.591548">
      <ele>537.4</ele>
    </trkpt>
    <trkpt lat="42.430789" lon="-2.591901">
      <ele>540.8</ele>
    </trkpt>
    <trkpt lat="42.430716" lon="-2.591957">
      <ele>541.2</ele>
    </trkpt>
    <trkpt lat="42.430692" lon="-2.591975">
      <ele>541.4</ele>
    </trkpt>
    <trkpt lat="42.430667" lon="-2.59207">
      <ele>541.8</ele>
    </trkpt>
    <trkpt lat="42.430654" lon="-2.592436">
      <ele>543.4</ele>
    </trkpt>
    <trkpt lat="42.430504" lon="-2.593175">
      <ele>547.5</ele>
    </trkpt>
    <trkpt lat="42.430489" lon="-2.593341">
      <ele>548.5</ele>
    </trkpt>
    <trkpt lat="42.430502" lon="-2.593572">
      <ele>550</ele>
    </trkpt>
    <trkpt lat="42.430477" lon="-2.593802">
      <ele>551.5</ele>
    </trkpt>
    <trkpt lat="42.430374" lon="-2.594178">
      <ele>554</ele>
    </trkpt>
    <trkpt lat="42.430187" lon="-2.594634">
      <ele>557.3</ele>
    </trkpt>
    <trkpt lat="42.429589" lon="-2.59609">
      <ele>566.3</ele>
    </trkpt>
    <trkpt lat="42.429446" lon="-2.5965">
      <ele>568.2</ele>
    </trkpt>
    <trkpt lat="42.429398" lon="-2.596741">
      <ele>569.1</ele>
    </trkpt>
    <trkpt lat="42.429383" lon="-2.596914">
      <ele>569.7</ele>
    </trkpt>
    <trkpt lat="42.429391" lon="-2.597599">
      <ele>571.7</ele>
    </trkpt>
    <trkpt lat="42.429454" lon="-2.598686">
      <ele>574.9</ele>
    </trkpt>
    <trkpt lat="42.429446" lon="-2.599222">
      <ele>577.4</ele>
    </trkpt>
    <trkpt lat="42.429406" lon="-2.59941">
      <ele>578.4</ele>
    </trkpt>
    <trkpt lat="42.429353" lon="-2.599912">
      <ele>581.6</ele>
    </trkpt>
    <trkpt lat="42.429086" lon="-2.600007">
      <ele>584.4</ele>
    </trkpt>
    <trkpt lat="42.42852" lon="-2.600275">
      <ele>591.9</ele>
    </trkpt>
    <trkpt lat="42.427815" lon="-2.600528">
      <ele>601.5</ele>
    </trkpt>
    <trkpt lat="42.426983" lon="-2.600892">
      <ele>611.6</ele>
    </trkpt>
    <trkpt lat="42.426764" lon="-2.601079">
      <ele>614.3</ele>
    </trkpt>
    <trkpt lat="42.42676" lon="-2.601083">
      <ele>614.3</ele>
    </trkpt>
    <trkpt lat="42.426178" lon="-2.601292">
      <ele>620.6</ele>
    </trkpt>
    <trkpt lat="42.426132" lon="-2.601532">
      <ele>622.5</ele>
    </trkpt>
    <trkpt lat="42.426121" lon="-2.602143">
      <ele>627.6</ele>
    </trkpt>
    <trkpt lat="42.426206" lon="-2.60366">
      <ele>638.9</ele>
    </trkpt>
    <trkpt lat="42.426263" lon="-2.603756">
      <ele>639.6</ele>
    </trkpt>
    <trkpt lat="42.426327" lon="-2.604119">
      <ele>641.5</ele>
    </trkpt>
    <trkpt lat="42.426555" lon="-2.606012">
      <ele>648.1</ele>
    </trkpt>
    <trkpt lat="42.426614" lon="-2.606053">
      <ele>648.4</ele>
    </trkpt>
    <trkpt lat="42.427105" lon="-2.6066">
      <ele>650.7</ele>
    </trkpt>
    <trkpt lat="42.427259" lon="-2.606708">
      <ele>651.4</ele>
    </trkpt>
    <trkpt lat="42.427808" lon="-2.607064">
      <ele>653.7</ele>
    </trkpt>
    <trkpt lat="42.427959" lon="-2.607214">
      <ele>654.2</ele>
    </trkpt>
    <trkpt lat="42.428255" lon="-2.607657">
      <ele>655.3</ele>
    </trkpt>
    <trkpt lat="42.428448" lon="-2.60787">
      <ele>656</ele>
    </trkpt>
    <trkpt lat="42.428472" lon="-2.608088">
      <ele>656.5</ele>
    </trkpt>
    <trkpt lat="42.428414" lon="-2.608251">
      <ele>656.8</ele>
    </trkpt>
    <trkpt lat="42.428405" lon="-2.608402">
      <ele>657</ele>
    </trkpt>
    <trkpt lat="42.42851" lon="-2.60855">
      <ele>657.1</ele>
    </trkpt>
    <trkpt lat="42.428856" lon="-2.608774">
      <ele>656.8</ele>
    </trkpt>
    <trkpt lat="42.428892" lon="-2.608855">
      <ele>656.6</ele>
    </trkpt>
    <trkpt lat="42.428888" lon="-2.609069">
      <ele>656.3</ele>
    </trkpt>
    <trkpt lat="42.42892" lon="-2.609159">
      <ele>656.1</ele>
    </trkpt>
    <trkpt lat="42.429174" lon="-2.609122">
      <ele>655.5</ele>
    </trkpt>
    <trkpt lat="42.429469" lon="-2.6093">
      <ele>654.8</ele>
    </trkpt>
    <trkpt lat="42.429544" lon="-2.609301">
      <ele>654.7</ele>
    </trkpt>
    <trkpt lat="42.429608" lon="-2.609265">
      <ele>654.5</ele>
    </trkpt>
    <trkpt lat="42.429726" lon="-2.609072">
      <ele>654.3</ele>
    </trkpt>
    <trkpt lat="42.429791" lon="-2.609012">
      <ele>654.2</ele>
    </trkpt>
    <trkpt lat="42.429837" lon="-2.609016">
      <ele>654.1</ele>
    </trkpt>
    <trkpt lat="42.429986" lon="-2.60915">
      <ele>653.8</ele>
    </trkpt>
    <trkpt lat="42.430056" lon="-2.609262">
      <ele>653.6</ele>
    </trkpt>
    <trkpt lat="42.430158" lon="-2.609706">
      <ele>653.6</ele>
    </trkpt>
    <trkpt lat="42.430402" lon="-2.61004">
      <ele>653.9</ele>
    </trkpt>
    <trkpt lat="42.43049" lon="-2.610071">
      <ele>654.1</ele>
    </trkpt>
    <trkpt lat="42.430594" lon="-2.610023">
      <ele>654.2</ele>
    </trkpt>
    <trkpt lat="42.430745" lon="-2.60986">
      <ele>654.5</ele>
    </trkpt>
    <trkpt lat="42.430865" lon="-2.609777">
      <ele>654.7</ele>
    </trkpt>
    <trkpt lat="42.430982" lon="-2.609778">
      <ele>654.8</ele>
    </trkpt>
    <trkpt lat="42.43109" lon="-2.60991">
      <ele>654.8</ele>
    </trkpt>
    <trkpt lat="42.431169" lon="-2.609964">
      <ele>654.8</ele>
    </trkpt>
    <trkpt lat="42.431249" lon="-2.609952">
      <ele>654.8</ele>
    </trkpt>
    <trkpt lat="42.431412" lon="-2.609836">
      <ele>654.7</ele>
    </trkpt>
    <trkpt lat="42.431506" lon="-2.609856">
      <ele>654.6</ele>
    </trkpt>
    <trkpt lat="42.431639" lon="-2.609978">
      <ele>654.4</ele>
    </trkpt>
    <trkpt lat="42.431735" lon="-2.610001">
      <ele>654.2</ele>
    </trkpt>
    <trkpt lat="42.431817" lon="-2.609968">
      <ele>654.1</ele>
    </trkpt>
    <trkpt lat="42.431943" lon="-2.609846">
      <ele>653.9</ele>
    </trkpt>
    <trkpt lat="42.432223" lon="-2.609878">
      <ele>653.5</ele>
    </trkpt>
    <trkpt lat="42.43231" lon="-2.6098">
      <ele>653.4</ele>
    </trkpt>
    <trkpt lat="42.43249" lon="-2.609497">
      <ele>653.1</ele>
    </trkpt>
    <trkpt lat="42.432589" lon="-2.609439">
      <ele>653.1</ele>
    </trkpt>
    <trkpt lat="42.433342" lon="-2.60938">
      <ele>652.8</ele>
    </trkpt>
    <trkpt lat="42.43362" lon="-2.609467">
      <ele>651.9</ele>
    </trkpt>
    <trkpt lat="42.433786" lon="-2.609627">
      <ele>651.2</ele>
    </trkpt>
    <trkpt lat="42.433844" lon="-2.609615">
      <ele>651</ele>
    </trkpt>
    <trkpt lat="42.433885" lon="-2.609562">
      <ele>650.9</ele>
    </trkpt>
    <trkpt lat="42.434025" lon="-2.609118">
      <ele>650.2</ele>
    </trkpt>
    <trkpt lat="42.434098" lon="-2.60854">
      <ele>649.7</ele>
    </trkpt>
    <trkpt lat="42.434145" lon="-2.608442">
      <ele>649.5</ele>
    </trkpt>
    <trkpt lat="42.434193" lon="-2.608399">
      <ele>649.4</ele>
    </trkpt>
    <trkpt lat="42.43483" lon="-2.608198">
      <ele>648</ele>
    </trkpt>
    <trkpt lat="42.435263" lon="-2.607755">
      <ele>647.9</ele>
    </trkpt>
    <trkpt lat="42.435469" lon="-2.607614">
      <ele>647.6</ele>
    </trkpt>
    <trkpt lat="42.43566" lon="-2.607546">
      <ele>647</ele>
    </trkpt>
    <trkpt lat="42.435939" lon="-2.607526">
      <ele>645.9</ele>
    </trkpt>
    <trkpt lat="42.435966" lon="-2.60748">
      <ele>645.7</ele>
    </trkpt>
    <trkpt lat="42.435971" lon="-2.607259">
      <ele>645</ele>
    </trkpt>
    <trkpt lat="42.436" lon="-2.607117">
      <ele>644.4</ele>
    </trkpt>
    <trkpt lat="42.436172" lon="-2.606699">
      <ele>642.8</ele>
    </trkpt>
    <trkpt lat="42.436562" lon="-2.606102">
      <ele>640.9</ele>
    </trkpt>
    <trkpt lat="42.436704" lon="-2.605985">
      <ele>640.7</ele>
    </trkpt>
    <trkpt lat="42.436759" lon="-2.605973">
      <ele>640.6</ele>
    </trkpt>
    <trkpt lat="42.43681" lon="-2.605962">
      <ele>640.6</ele>
    </trkpt>
    <trkpt lat="42.437036" lon="-2.606019">
      <ele>640.7</ele>
    </trkpt>
    <trkpt lat="42.437321" lon="-2.605967">
      <ele>641.2</ele>
    </trkpt>
    <trkpt lat="42.437464" lon="-2.606019">
      <ele>641.6</ele>
    </trkpt>
    <trkpt lat="42.43764" lon="-2.60625">
      <ele>642.5</ele>
    </trkpt>
    <trkpt lat="42.437935" lon="-2.606506">
      <ele>644</ele>
    </trkpt>
    <trkpt lat="42.438047" lon="-2.606642">
      <ele>644.6</ele>
    </trkpt>
    <trkpt lat="42.438418" lon="-2.607305">
      <ele>646.3</ele>
    </trkpt>
    <trkpt lat="42.438524" lon="-2.607432">
      <ele>646.5</ele>
    </trkpt>
    <trkpt lat="42.438673" lon="-2.607546">
      <ele>646.8</ele>
    </trkpt>
    <trkpt lat="42.43887" lon="-2.607586">
      <ele>647</ele>
    </trkpt>
    <trkpt lat="42.439242" lon="-2.607514">
      <ele>647.3</ele>
    </trkpt>
    <trkpt lat="42.439594" lon="-2.607371">
      <ele>647.4</ele>
    </trkpt>
    <trkpt lat="42.439743" lon="-2.607408">
      <ele>647.3</ele>
    </trkpt>
    <trkpt lat="42.43989" lon="-2.607565">
      <ele>647.1</ele>
    </trkpt>
    <trkpt lat="42.440186" lon="-2.608066">
      <ele>646.5</ele>
    </trkpt>
    <trkpt lat="42.440274" lon="-2.608143">
      <ele>646.3</ele>
    </trkpt>
    <trkpt lat="42.440352" lon="-2.608141">
      <ele>646.2</ele>
    </trkpt>
    <trkpt lat="42.440401" lon="-2.608106">
      <ele>646.1</ele>
    </trkpt>
    <trkpt lat="42.440527" lon="-2.607738">
      <ele>645.4</ele>
    </trkpt>
    <trkpt lat="42.440677" lon="-2.607404">
      <ele>644.6</ele>
    </trkpt>
    <trkpt lat="42.441179" lon="-2.606965">
      <ele>644.3</ele>
    </trkpt>
    <trkpt lat="42.441323" lon="-2.606879">
      <ele>644.7</ele>
    </trkpt>
    <trkpt lat="42.441372" lon="-2.606828">
      <ele>644.9</ele>
    </trkpt>
    <trkpt lat="42.441433" lon="-2.606746">
      <ele>645.2</ele>
    </trkpt>
    <trkpt lat="42.441367" lon="-2.606995">
      <ele>646.1</ele>
    </trkpt>
    <trkpt lat="42.441273" lon="-2.607411">
      <ele>648.4</ele>
    </trkpt>
    <trkpt lat="42.441257" lon="-2.607636">
      <ele>649.9</ele>
    </trkpt>
    <trkpt lat="42.441185" lon="-2.608066">
      <ele>653.3</ele>
    </trkpt>
    <trkpt lat="42.441252" lon="-2.608696">
      <ele>659</ele>
    </trkpt>
    <trkpt lat="42.441218" lon="-2.609033">
      <ele>661.9</ele>
    </trkpt>
    <trkpt lat="42.441207" lon="-2.60947">
      <ele>665.4</ele>
    </trkpt>
    <trkpt lat="42.441073" lon="-2.610764">
      <ele>674.2</ele>
    </trkpt>
    <trkpt lat="42.440942" lon="-2.610578">
      <ele>676</ele>
    </trkpt>
    <trkpt lat="42.440868" lon="-2.610907">
      <ele>678.7</ele>
    </trkpt>
    <trkpt lat="42.440334" lon="-2.611754">
      <ele>688.7</ele>
    </trkpt>
    <trkpt lat="42.440281" lon="-2.611906">
      <ele>690.5</ele>
    </trkpt>
    <trkpt lat="42.440197" lon="-2.612046">
      <ele>692.5</ele>
    </trkpt>
    <trkpt lat="42.439489" lon="-2.612651">
      <ele>705.9</ele>
    </trkpt>
    <trkpt lat="42.439252" lon="-2.612854">
      <ele>710.7</ele>
    </trkpt>
    <trkpt lat="42.438929" lon="-2.613425">
      <ele>720</ele>
    </trkpt>
    <trkpt lat="42.438773" lon="-2.613685">
      <ele>724.4</ele>
    </trkpt>
    <trkpt lat="42.438461" lon="-2.614065">
      <ele>732.1</ele>
    </trkpt>
    <trkpt lat="42.438314" lon="-2.614189">
      <ele>735.2</ele>
    </trkpt>
    <trkpt lat="42.43792" lon="-2.614617">
      <ele>744.2</ele>
    </trkpt>
    <trkpt lat="42.437534" lon="-2.614854">
      <ele>751.3</ele>
    </trkpt>
    <trkpt lat="42.437167" lon="-2.614979">
      <ele>757.3</ele>
    </trkpt>
    <trkpt lat="42.436632" lon="-2.615444">
      <ele>766.3</ele>
    </trkpt>
    <trkpt lat="42.436473" lon="-2.615624">
      <ele>768.8</ele>
    </trkpt>
    <trkpt lat="42.436262" lon="-2.616629">
      <ele>776.2</ele>
    </trkpt>
    <trkpt lat="42.435988" lon="-2.617548">
      <ele>780</ele>
    </trkpt>
    <trkpt lat="42.436047" lon="-2.617897">
      <ele>780.7</ele>
    </trkpt>
    <trkpt lat="42.436048" lon="-2.618021">
      <ele>780.8</ele>
    </trkpt>
    <trkpt lat="42.435904" lon="-2.618529">
      <ele>780.9</ele>
    </trkpt>
    <trkpt lat="42.435936" lon="-2.618767">
      <ele>780.8</ele>
    </trkpt>
    <trkpt lat="42.436008" lon="-2.61887">
      <ele>780.7</ele>
    </trkpt>
    <trkpt lat="42.436594" lon="-2.61935">
      <ele>779.3</ele>
    </trkpt>
    <trkpt lat="42.436774" lon="-2.619412">
      <ele>778.8</ele>
    </trkpt>
    <trkpt lat="42.436845" lon="-2.61948">
      <ele>778.6</ele>
    </trkpt>
    <trkpt lat="42.437123" lon="-2.619541">
      <ele>777.9</ele>
    </trkpt>
    <trkpt lat="42.437369" lon="-2.619678">
      <ele>777.1</ele>
    </trkpt>
    <trkpt lat="42.437417" lon="-2.619758">
      <ele>776.9</ele>
    </trkpt>
    <trkpt lat="42.437388" lon="-2.620032">
      <ele>776.4</ele>
    </trkpt>
    <trkpt lat="42.43743" lon="-2.620099">
      <ele>776.2</ele>
    </trkpt>
    <trkpt lat="42.437661" lon="-2.620107">
      <ele>775.6</ele>
    </trkpt>
    <trkpt lat="42.437758" lon="-2.620159">
      <ele>775.3</ele>
    </trkpt>
    <trkpt lat="42.438021" lon="-2.620373">
      <ele>774.5</ele>
    </trkpt>
    <trkpt lat="42.438225" lon="-2.620471">
      <ele>773.8</ele>
    </trkpt>
    <trkpt lat="42.438406" lon="-2.620559">
      <ele>773.1</ele>
    </trkpt>
    <trkpt lat="42.438638" lon="-2.620709">
      <ele>772.2</ele>
    </trkpt>
    <trkpt lat="42.439004" lon="-2.620998">
      <ele>770.6</ele>
    </trkpt>
    <trkpt lat="42.439332" lon="-2.621117">
      <ele>769.5</ele>
    </trkpt>
    <trkpt lat="42.439473" lon="-2.621129">
      <ele>769.1</ele>
    </trkpt>
    <trkpt lat="42.439827" lon="-2.62106">
      <ele>768.2</ele>
    </trkpt>
    <trkpt lat="42.439907" lon="-2.621114">
      <ele>768</ele>
    </trkpt>
    <trkpt lat="42.439961" lon="-2.621199">
      <ele>767.8</ele>
    </trkpt>
    <trkpt lat="42.439997" lon="-2.621331">
      <ele>767.6</ele>
    </trkpt>
    <trkpt lat="42.440035" lon="-2.621682">
      <ele>767.4</ele>
    </trkpt>
    <trkpt lat="42.440079" lon="-2.621803">
      <ele>767.4</ele>
    </trkpt>
    <trkpt lat="42.440332" lon="-2.622204">
      <ele>767.6</ele>
    </trkpt>
    <trkpt lat="42.440377" lon="-2.622368">
      <ele>767.7</ele>
    </trkpt>
    <trkpt lat="42.440366" lon="-2.622433">
      <ele>767.7</ele>
    </trkpt>
    <trkpt lat="42.44026" lon="-2.622335">
      <ele>767.9</ele>
    </trkpt>
    <trkpt lat="42.439937" lon="-2.622182">
      <ele>768.5</ele>
    </trkpt>
    <trkpt lat="42.439701" lon="-2.622128">
      <ele>769</ele>
    </trkpt>
    <trkpt lat="42.439076" lon="-2.622071">
      <ele>770.8</ele>
    </trkpt>
    <trkpt lat="42.43839" lon="-2.622051">
      <ele>772.6</ele>
    </trkpt>
    <trkpt lat="42.436988" lon="-2.621761">
      <ele>776.7</ele>
    </trkpt>
    <trkpt lat="42.436566" lon="-2.621632">
      <ele>777.7</ele>
    </trkpt>
    <trkpt lat="42.435768" lon="-2.621635">
      <ele>779</ele>
    </trkpt>
    <trkpt lat="42.435456" lon="-2.621681">
      <ele>779.5</ele>
    </trkpt>
    <trkpt lat="42.435347" lon="-2.621658">
      <ele>779.7</ele>
    </trkpt>
    <trkpt lat="42.43488" lon="-2.621408">
      <ele>780.7</ele>
    </trkpt>
    <trkpt lat="42.434567" lon="-2.621204">
      <ele>781.5</ele>
    </trkpt>
    <trkpt lat="42.43448" lon="-2.621072">
      <ele>781.8</ele>
    </trkpt>
    <trkpt lat="42.434348" lon="-2.620778">
      <ele>782.5</ele>
    </trkpt>
    <trkpt lat="42.434266" lon="-2.620669">
      <ele>782.8</ele>
    </trkpt>
    <trkpt lat="42.434127" lon="-2.620553">
      <ele>783.3</ele>
    </trkpt>
    <trkpt lat="42.433948" lon="-2.620458">
      <ele>783.8</ele>
    </trkpt>
    <trkpt lat="42.433594" lon="-2.620347">
      <ele>785</ele>
    </trkpt>
    <trkpt lat="42.432969" lon="-2.619985">
      <ele>787.2</ele>
    </trkpt>
    <trkpt lat="42.432639" lon="-2.619913">
      <ele>788.2</ele>
    </trkpt>
    <trkpt lat="42.432138" lon="-2.619933">
      <ele>789.7</ele>
    </trkpt>
    <trkpt lat="42.431783" lon="-2.620075">
      <ele>790.8</ele>
    </trkpt>
    <trkpt lat="42.43169" lon="-2.620137">
      <ele>791</ele>
    </trkpt>
    <trkpt lat="42.431137" lon="-2.62077">
      <ele>791.9</ele>
    </trkpt>
    <trkpt lat="42.430916" lon="-2.620935">
      <ele>792.1</ele>
    </trkpt>
    <trkpt lat="42.430689" lon="-2.621164">
      <ele>792.1</ele>
    </trkpt>
    <trkpt lat="42.430643" lon="-2.621199">
      <ele>792</ele>
    </trkpt>
    <trkpt lat="42.430573" lon="-2.621175">
      <ele>792</ele>
    </trkpt>
    <trkpt lat="42.430405" lon="-2.621018">
      <ele>792</ele>
    </trkpt>
    <trkpt lat="42.429508" lon="-2.620338">
      <ele>792.5</ele>
    </trkpt>
    <trkpt lat="42.428192" lon="-2.619347">
      <ele>794.7</ele>
    </trkpt>
    <trkpt lat="42.427968" lon="-2.619117">
      <ele>794.9</ele>
    </trkpt>
    <trkpt lat="42.42791" lon="-2.618991">
      <ele>794.9</ele>
    </trkpt>
    <trkpt lat="42.427876" lon="-2.618838">
      <ele>794.9</ele>
    </trkpt>
    <trkpt lat="42.427723" lon="-2.617404">
      <ele>793</ele>
    </trkpt>
    <trkpt lat="42.427697" lon="-2.617162">
      <ele>792.2</ele>
    </trkpt>
    <trkpt lat="42.427774" lon="-2.617072">
      <ele>791.6</ele>
    </trkpt>
    <trkpt lat="42.427648" lon="-2.616619">
      <ele>789.2</ele>
    </trkpt>
    <trkpt lat="42.427878" lon="-2.616557">
      <ele>787.1</ele>
    </trkpt>
    <trkpt lat="42.428198" lon="-2.616356">
      <ele>783.2</ele>
    </trkpt>
    <trkpt lat="42.428278" lon="-2.616082">
      <ele>780.3</ele>
    </trkpt>
    <trkpt lat="42.428373" lon="-2.615903">
      <ele>777.9</ele>
    </trkpt>
    <trkpt lat="42.428471" lon="-2.615807">
      <ele>776</ele>
    </trkpt>
    <trkpt lat="42.42859" lon="-2.615228">
      <ele>768.3</ele>
    </trkpt>
    <trkpt lat="42.428755" lon="-2.61502">
      <ele>764</ele>
    </trkpt>
    <trkpt lat="42.42883" lon="-2.614774">
      <ele>759.9</ele>
    </trkpt>
    <trkpt lat="42.428926" lon="-2.614667">
      <ele>757.3</ele>
    </trkpt>
    <trkpt lat="42.428957" lon="-2.614394">
      <ele>752.8</ele>
    </trkpt>
    <trkpt lat="42.428984" lon="-2.614337">
      <ele>751.7</ele>
    </trkpt>
    <trkpt lat="42.429158" lon="-2.614089">
      <ele>745.9</ele>
    </trkpt>
    <trkpt lat="42.429398" lon="-2.613823">
      <ele>738.6</ele>
    </trkpt>
    <trkpt lat="42.429653" lon="-2.613648">
      <ele>731.8</ele>
    </trkpt>
    <trkpt lat="42.429728" lon="-2.613484">
      <ele>728.4</ele>
    </trkpt>
    <trkpt lat="42.430022" lon="-2.612998">
      <ele>717.9</ele>
    </trkpt>
    <trkpt lat="42.430259" lon="-2.612662">
      <ele>710.8</ele>
    </trkpt>
    <trkpt lat="42.430342" lon="-2.61229">
      <ele>705.2</ele>
    </trkpt>
    <trkpt lat="42.430349" lon="-2.612166">
      <ele>703.5</ele>
    </trkpt>
    <trkpt lat="42.430076" lon="-2.611896">
      <ele>697.4</ele>
    </trkpt>
    <trkpt lat="42.429807" lon="-2.611767">
      <ele>692.5</ele>
    </trkpt>
    <trkpt lat="42.429748" lon="-2.611354">
      <ele>687.3</ele>
    </trkpt>
    <trkpt lat="42.429692" lon="-2.611209">
      <ele>685.4</ele>
    </trkpt>
    <trkpt lat="42.429732" lon="-2.61063">
      <ele>678.8</ele>
    </trkpt>
    <trkpt lat="42.42978" lon="-2.610416">
      <ele>676.4</ele>
    </trkpt>
    <trkpt lat="42.429696" lon="-2.610362">
      <ele>675.1</ele>
    </trkpt>
    <trkpt lat="42.429621" lon="-2.610131">
      <ele>672.6</ele>
    </trkpt>
    <trkpt lat="42.429459" lon="-2.609917">
      <ele>669.4</ele>
    </trkpt>
    <trkpt lat="42.429257" lon="-2.609713">
      <ele>666.1</ele>
    </trkpt>
    <trkpt lat="42.429225" lon="-2.609579">
      <ele>664.9</ele>
    </trkpt>
    <trkpt lat="42.428932" lon="-2.60938">
      <ele>661.6</ele>
    </trkpt>
    <trkpt lat="42.4289" lon="-2.609305">
      <ele>661.1</ele>
    </trkpt>
    <trkpt lat="42.42892" lon="-2.609159">
      <ele>660.2</ele>
    </trkpt>
    <trkpt lat="42.428924" lon="-2.609094">
      <ele>659.8</ele>
    </trkpt>
    <trkpt lat="42.428984" lon="-2.608941">
      <ele>658.9</ele>
    </trkpt>
    <trkpt lat="42.428984" lon="-2.60879">
      <ele>658.2</ele>
    </trkpt>
    <trkpt lat="42.42891" lon="-2.60857">
      <ele>657</ele>
    </trkpt>
    <trkpt lat="42.428746" lon="-2.608495">
      <ele>655.7</ele>
    </trkpt>
    <trkpt lat="42.428592" lon="-2.6083">
      <ele>653.8</ele>
    </trkpt>
    <trkpt lat="42.428586" lon="-2.607994">
      <ele>651.5</ele>
    </trkpt>
    <trkpt lat="42.428472" lon="-2.607782">
      <ele>649.3</ele>
    </trkpt>
    <trkpt lat="42.428351" lon="-2.607678">
      <ele>647.6</ele>
    </trkpt>
    <trkpt lat="42.428306" lon="-2.607592">
      <ele>646.7</ele>
    </trkpt>
    <trkpt lat="42.428338" lon="-2.607419">
      <ele>645.1</ele>
    </trkpt>
    <trkpt lat="42.42836" lon="-2.606896">
      <ele>639.5</ele>
    </trkpt>
    <trkpt lat="42.428332" lon="-2.606742">
      <ele>637.7</ele>
    </trkpt>
    <trkpt lat="42.428431" lon="-2.606548">
      <ele>634.7</ele>
    </trkpt>
    <trkpt lat="42.428491" lon="-2.606299">
      <ele>631.2</ele>
    </trkpt>
    <trkpt lat="42.428555" lon="-2.6054">
      <ele>619</ele>
    </trkpt>
    <trkpt lat="42.428751" lon="-2.60499">
      <ele>613.5</ele>
    </trkpt>
    <trkpt lat="42.428739" lon="-2.604864">
      <ele>612.1</ele>
    </trkpt>
    <trkpt lat="42.42878" lon="-2.604707">
      <ele>610.5</ele>
    </trkpt>
    <trkpt lat="42.428776" lon="-2.604611">
      <ele>609.6</ele>
    </trkpt>
    <trkpt lat="42.428719" lon="-2.604389">
      <ele>607.6</ele>
    </trkpt>
    <trkpt lat="42.42878" lon="-2.604239">
      <ele>606.2</ele>
    </trkpt>
    <trkpt lat="42.428771" lon="-2.604189">
      <ele>605.8</ele>
    </trkpt>
    <trkpt lat="42.428824" lon="-2.604054">
      <ele>604.6</ele>
    </trkpt>
    <trkpt lat="42.428821" lon="-2.603964">
      <ele>604</ele>
    </trkpt>
    <trkpt lat="42.428714" lon="-2.603755">
      <ele>602.4</ele>
    </trkpt>
    <trkpt lat="42.428719" lon="-2.60353">
      <ele>601</ele>
    </trkpt>
    <trkpt lat="42.428889" lon="-2.603225">
      <ele>599</ele>
    </trkpt>
    <trkpt lat="42.428894" lon="-2.603062">
      <ele>598.2</ele>
    </trkpt>
    <trkpt lat="42.428896" lon="-2.602963">
      <ele>597.7</ele>
    </trkpt>
    <trkpt lat="42.429176" lon="-2.602251">
      <ele>594.3</ele>
    </trkpt>
    <trkpt lat="42.429178" lon="-2.601838">
      <ele>592.7</ele>
    </trkpt>
    <trkpt lat="42.429244" lon="-2.60169">
      <ele>592</ele>
    </trkpt>
    <trkpt lat="42.42934" lon="-2.601552">
      <ele>591.2</ele>
    </trkpt>
    <trkpt lat="42.429372" lon="-2.601389">
      <ele>590.5</ele>
    </trkpt>
    <trkpt lat="42.429277" lon="-2.601192">
      <ele>589.5</ele>
    </trkpt>
    <trkpt lat="42.42919" lon="-2.601136">
      <ele>588.9</ele>
    </trkpt>
    <trkpt lat="42.429122" lon="-2.601019">
      <ele>588.2</ele>
    </trkpt>
    <trkpt lat="42.429101" lon="-2.600884">
      <ele>587.6</ele>
    </trkpt>
    <trkpt lat="42.429132" lon="-2.600716">
      <ele>587</ele>
    </trkpt>
    <trkpt lat="42.429138" lon="-2.600405">
      <ele>586.1</ele>
    </trkpt>
    <trkpt lat="42.429086" lon="-2.600007">
      <ele>585.3</ele>
    </trkpt>
    <trkpt lat="42.429353" lon="-2.599912">
      <ele>584.9</ele>
    </trkpt>
    <trkpt lat="42.429338" lon="-2.600544">
      <ele>584.5</ele>
    </trkpt>
    <trkpt lat="42.429369" lon="-2.600996">
      <ele>584.8</ele>
    </trkpt>
    <trkpt lat="42.429417" lon="-2.601187">
      <ele>585</ele>
    </trkpt>
    <trkpt lat="42.429463" lon="-2.601326">
      <ele>585.3</ele>
    </trkpt>
    <trkpt lat="42.429565" lon="-2.601478">
      <ele>586</ele>
    </trkpt>
    <trkpt lat="42.430036" lon="-2.601967">
      <ele>588.6</ele>
    </trkpt>
    <trkpt lat="42.430344" lon="-2.602549">
      <ele>591.4</ele>
    </trkpt>
    <trkpt lat="42.430542" lon="-2.603287">
      <ele>595.4</ele>
    </trkpt>
    <trkpt lat="42.430549" lon="-2.603448">
      <ele>596.3</ele>
    </trkpt>
    <trkpt lat="42.430614" lon="-2.603718">
      <ele>597.9</ele>
    </trkpt>
    <trkpt lat="42.430694" lon="-2.604248">
      <ele>601</ele>
    </trkpt>
    <trkpt lat="42.430733" lon="-2.604653">
      <ele>603.3</ele>
    </trkpt>
    <trkpt lat="42.430816" lon="-2.604898">
      <ele>604.9</ele>
    </trkpt>
    <trkpt lat="42.430998" lon="-2.605252">
      <ele>607.7</ele>
    </trkpt>
    <trkpt lat="42.431065" lon="-2.605272">
      <ele>608.4</ele>
    </trkpt>
    <trkpt lat="42.431325" lon="-2.605195">
      <ele>611.1</ele>
    </trkpt>
    <trkpt lat="42.431435" lon="-2.605257">
      <ele>612.3</ele>
    </trkpt>
    <trkpt lat="42.431532" lon="-2.605367">
      <ele>613.7</ele>
    </trkpt>
    <trkpt lat="42.431578" lon="-2.605542">
      <ele>615.2</ele>
    </trkpt>
    <trkpt lat="42.431578" lon="-2.605734">
      <ele>616.8</ele>
    </trkpt>
    <trkpt lat="42.431479" lon="-2.606664">
      <ele>625.5</ele>
    </trkpt>
    <trkpt lat="42.431424" lon="-2.607769">
      <ele>635.1</ele>
    </trkpt>
    <trkpt lat="42.431532" lon="-2.608735">
      <ele>640.8</ele>
    </trkpt>
    <trkpt lat="42.431582" lon="-2.608862">
      <ele>641.5</ele>
    </trkpt>
    <trkpt lat="42.431637" lon="-2.6089">
      <ele>641.9</ele>
    </trkpt>
    <trkpt lat="42.431737" lon="-2.608893">
      <ele>642.5</ele>
    </trkpt>
    <trkpt lat="42.431843" lon="-2.608843">
      <ele>643.2</ele>
    </trkpt>
    <trkpt lat="42.432168" lon="-2.608912">
      <ele>645</ele>
    </trkpt>
    <trkpt lat="42.432674" lon="-2.60908">
      <ele>647.5</ele>
    </trkpt>
    <trkpt lat="42.432987" lon="-2.609266">
      <ele>649.2</ele>
    </trkpt>
    <trkpt lat="42.433366" lon="-2.609276">
      <ele>650.5</ele>
    </trkpt>
    <trkpt lat="42.433496" lon="-2.609336">
      <ele>650.6</ele>
    </trkpt>
    <trkpt lat="42.43362" lon="-2.609467">
      <ele>650.5</ele>
    </trkpt>
    <trkpt lat="42.433786" lon="-2.609627">
      <ele>650.4</ele>
    </trkpt>
    <trkpt lat="42.433844" lon="-2.609615">
      <ele>650.3</ele>
    </trkpt>
    <trkpt lat="42.433885" lon="-2.609562">
      <ele>650.2</ele>
    </trkpt>
    <trkpt lat="42.434025" lon="-2.609118">
      <ele>650</ele>
    </trkpt>
    <trkpt lat="42.434098" lon="-2.60854">
      <ele>649.7</ele>
    </trkpt>
    <trkpt lat="42.434145" lon="-2.608442">
      <ele>649.5</ele>
    </trkpt>
    <trkpt lat="42.434193" lon="-2.608399">
      <ele>649.4</ele>
    </trkpt>
    <trkpt lat="42.43483" lon="-2.608198">
      <ele>648</ele>
    </trkpt>
    <trkpt lat="42.435263" lon="-2.607755">
      <ele>647.9</ele>
    </trkpt>
    <trkpt lat="42.435469" lon="-2.607614">
      <ele>647.6</ele>
    </trkpt>
    <trkpt lat="42.43566" lon="-2.607546">
      <ele>647</ele>
    </trkpt>
    <trkpt lat="42.435939" lon="-2.607526">
      <ele>645.9</ele>
    </trkpt>
    <trkpt lat="42.435966" lon="-2.60748">
      <ele>645.7</ele>
    </trkpt>
    <trkpt lat="42.435971" lon="-2.607259">
      <ele>645</ele>
    </trkpt>
    <trkpt lat="42.436" lon="-2.607117">
      <ele>644.4</ele>
    </trkpt>
    <trkpt lat="42.436172" lon="-2.606699">
      <ele>642.8</ele>
    </trkpt>
    <trkpt lat="42.436562" lon="-2.606102">
      <ele>640.9</ele>
    </trkpt>
    <trkpt lat="42.436704" lon="-2.605985">
      <ele>640.7</ele>
    </trkpt>
    <trkpt lat="42.436759" lon="-2.605973">
      <ele>640.6</ele>
    </trkpt>
    <trkpt lat="42.43681" lon="-2.605962">
      <ele>640.6</ele>
    </trkpt>
    <trkpt lat="42.437036" lon="-2.606019">
      <ele>640.7</ele>
    </trkpt>
    <trkpt lat="42.437321" lon="-2.605967">
      <ele>641.2</ele>
    </trkpt>
    <trkpt lat="42.437464" lon="-2.606019">
      <ele>641.6</ele>
    </trkpt>
    <trkpt lat="42.43764" lon="-2.60625">
      <ele>642.5</ele>
    </trkpt>
    <trkpt lat="42.437935" lon="-2.606506">
      <ele>644</ele>
    </trkpt>
    <trkpt lat="42.438047" lon="-2.606642">
      <ele>644.6</ele>
    </trkpt>
    <trkpt lat="42.438418" lon="-2.607305">
      <ele>646.3</ele>
    </trkpt>
    <trkpt lat="42.438524" lon="-2.607432">
      <ele>646.5</ele>
    </trkpt>
    <trkpt lat="42.438673" lon="-2.607546">
      <ele>646.8</ele>
    </trkpt>
    <trkpt lat="42.43887" lon="-2.607586">
      <ele>647</ele>
    </trkpt>
    <trkpt lat="42.439242" lon="-2.607514">
      <ele>647.3</ele>
    </trkpt>
    <trkpt lat="42.439594" lon="-2.607371">
      <ele>647.4</ele>
    </trkpt>
    <trkpt lat="42.439743" lon="-2.607408">
      <ele>647.3</ele>
    </trkpt>
    <trkpt lat="42.43989" lon="-2.607565">
      <ele>647.1</ele>
    </trkpt>
    <trkpt lat="42.440186" lon="-2.608066">
      <ele>646.5</ele>
    </trkpt>
    <trkpt lat="42.440274" lon="-2.608143">
      <ele>646.3</ele>
    </trkpt>
    <trkpt lat="42.440352" lon="-2.608141">
      <ele>646.2</ele>
    </trkpt>
    <trkpt lat="42.440401" lon="-2.608106">
      <ele>646.1</ele>
    </trkpt>
    <trkpt lat="42.440527" lon="-2.607738">
      <ele>645.4</ele>
    </trkpt>
    <trkpt lat="42.440677" lon="-2.607404">
      <ele>644.6</ele>
    </trkpt>
    <trkpt lat="42.441179" lon="-2.606965">
      <ele>644.3</ele>
    </trkpt>
    <trkpt lat="42.441323" lon="-2.606879">
      <ele>644.7</ele>
    </trkpt>
    <trkpt lat="42.441372" lon="-2.606828">
      <ele>644.9</ele>
    </trkpt>
    <trkpt lat="42.441433" lon="-2.606746">
      <ele>645.2</ele>
    </trkpt>
    <trkpt lat="42.441367" lon="-2.606995">
      <ele>646.1</ele>
    </trkpt>
    <trkpt lat="42.441273" lon="-2.607411">
      <ele>648.4</ele>
    </trkpt>
    <trkpt lat="42.441257" lon="-2.607636">
      <ele>649.9</ele>
    </trkpt>
    <trkpt lat="42.441185" lon="-2.608066">
      <ele>653.3</ele>
    </trkpt>
    <trkpt lat="42.441252" lon="-2.608696">
      <ele>659</ele>
    </trkpt>
    <trkpt lat="42.441218" lon="-2.609033">
      <ele>661.9</ele>
    </trkpt>
    <trkpt lat="42.441207" lon="-2.60947">
      <ele>665.5</ele>
    </trkpt>
    <trkpt lat="42.441073" lon="-2.610764">
      <ele>674.1</ele>
    </trkpt>
    <trkpt lat="42.441091" lon="-2.611206">
      <ele>675.2</ele>
    </trkpt>
    <trkpt lat="42.44112" lon="-2.611306">
      <ele>675.3</ele>
    </trkpt>
    <trkpt lat="42.441321" lon="-2.611604">
      <ele>675.1</ele>
    </trkpt>
    <trkpt lat="42.441373" lon="-2.611723">
      <ele>674.8</ele>
    </trkpt>
    <trkpt lat="42.441416" lon="-2.611667">
      <ele>674.6</ele>
    </trkpt>
    <trkpt lat="42.441682" lon="-2.611436">
      <ele>672.7</ele>
    </trkpt>
    <trkpt lat="42.441947" lon="-2.611323">
      <ele>670.2</ele>
    </trkpt>
    <trkpt lat="42.442093" lon="-2.611312">
      <ele>668.6</ele>
    </trkpt>
    <trkpt lat="42.442196" lon="-2.611264">
      <ele>667.2</ele>
    </trkpt>
    <trkpt lat="42.442307" lon="-2.611125">
      <ele>665.1</ele>
    </trkpt>
    <trkpt lat="42.442394" lon="-2.610921">
      <ele>662.5</ele>
    </trkpt>
    <trkpt lat="42.442485" lon="-2.610776">
      <ele>660.4</ele>
    </trkpt>
    <trkpt lat="42.442631" lon="-2.610599">
      <ele>657.5</ele>
    </trkpt>
    <trkpt lat="42.442964" lon="-2.61025">
      <ele>651.3</ele>
    </trkpt>
    <trkpt lat="42.443075" lon="-2.610186">
      <ele>649.6</ele>
    </trkpt>
    <trkpt lat="42.443447" lon="-2.609789">
      <ele>642.8</ele>
    </trkpt>
    <trkpt lat="42.443542" lon="-2.609521">
      <ele>639.6</ele>
    </trkpt>
    <trkpt lat="42.443554" lon="-2.609392">
      <ele>638.3</ele>
    </trkpt>
    <trkpt lat="42.443514" lon="-2.609167">
      <ele>636.1</ele>
    </trkpt>
    <trkpt lat="42.443526" lon="-2.609065">
      <ele>635.3</ele>
    </trkpt>
    <trkpt lat="42.443582" lon="-2.608962">
      <ele>634.2</ele>
    </trkpt>
    <trkpt lat="42.443601" lon="-2.608925">
      <ele>633.9</ele>
    </trkpt>
    <trkpt lat="42.44374" lon="-2.608759">
      <ele>632.3</ele>
    </trkpt>
    <trkpt lat="42.443768" lon="-2.608662">
      <ele>631.7</ele>
    </trkpt>
    <trkpt lat="42.443863" lon="-2.608507">
      <ele>630.6</ele>
    </trkpt>
    <trkpt lat="42.444002" lon="-2.608374">
      <ele>629.5</ele>
    </trkpt>
    <trkpt lat="42.443753" lon="-2.608176">
      <ele>627.8</ele>
    </trkpt>
    <trkpt lat="42.44343" lon="-2.608059">
      <ele>626.3</ele>
    </trkpt>
    <trkpt lat="42.443273" lon="-2.607962">
      <ele>625.7</ele>
    </trkpt>
    <trkpt lat="42.443187" lon="-2.607835">
      <ele>625.3</ele>
    </trkpt>
    <trkpt lat="42.443112" lon="-2.607666">
      <ele>624.9</ele>
    </trkpt>
    <trkpt lat="42.443077" lon="-2.607511">
      <ele>624.6</ele>
    </trkpt>
    <trkpt lat="42.443053" lon="-2.607091">
      <ele>623.8</ele>
    </trkpt>
    <trkpt lat="42.442972" lon="-2.606484">
      <ele>621.6</ele>
    </trkpt>
    <trkpt lat="42.442971" lon="-2.605924">
      <ele>619.3</ele>
    </trkpt>
    <trkpt lat="42.442899" lon="-2.605544">
      <ele>617.6</ele>
    </trkpt>
    <trkpt lat="42.44293" lon="-2.605238">
      <ele>616.3</ele>
    </trkpt>
    <trkpt lat="42.443202" lon="-2.604344">
      <ele>612</ele>
    </trkpt>
    <trkpt lat="42.443353" lon="-2.60393">
      <ele>610</ele>
    </trkpt>
    <trkpt lat="42.44372" lon="-2.603253">
      <ele>606</ele>
    </trkpt>
    <trkpt lat="42.44392" lon="-2.60271">
      <ele>602.6</ele>
    </trkpt>
    <trkpt lat="42.444032" lon="-2.602539">
      <ele>601.4</ele>
    </trkpt>
    <trkpt lat="42.443733" lon="-2.601979">
      <ele>598.1</ele>
    </trkpt>
    <trkpt lat="42.443673" lon="-2.601834">
      <ele>597.3</ele>
    </trkpt>
    <trkpt lat="42.44363" lon="-2.601637">
      <ele>596.4</ele>
    </trkpt>
    <trkpt lat="42.443573" lon="-2.600269">
      <ele>590.3</ele>
    </trkpt>
    <trkpt lat="42.443495" lon="-2.600188">
      <ele>589.7</ele>
    </trkpt>
    <trkpt lat="42.443207" lon="-2.600224">
      <ele>587.8</ele>
    </trkpt>
    <trkpt lat="42.443037" lon="-2.600213">
      <ele>586.7</ele>
    </trkpt>
    <trkpt lat="42.44289" lon="-2.600139">
      <ele>585.6</ele>
    </trkpt>
    <trkpt lat="42.442527" lon="-2.599844">
      <ele>582.5</ele>
    </trkpt>
    <trkpt lat="42.4424" lon="-2.599674">
      <ele>581.1</ele>
    </trkpt>
    <trkpt lat="42.442043" lon="-2.599045">
      <ele>576.5</ele>
    </trkpt>
    <trkpt lat="42.441812" lon="-2.598541">
      <ele>573.2</ele>
    </trkpt>
    <trkpt lat="42.441726" lon="-2.598257">
      <ele>571.5</ele>
    </trkpt>
    <trkpt lat="42.44161" lon="-2.597549">
      <ele>567.6</ele>
    </trkpt>
    <trkpt lat="42.441531" lon="-2.597256">
      <ele>566</ele>
    </trkpt>
    <trkpt lat="42.441283" lon="-2.596828">
      <ele>563.1</ele>
    </trkpt>
    <trkpt lat="42.440944" lon="-2.596403">
      <ele>559.9</ele>
    </trkpt>
    <trkpt lat="42.440789" lon="-2.59604">
      <ele>557.7</ele>
    </trkpt>
    <trkpt lat="42.440581" lon="-2.595635">
      <ele>555.2</ele>
    </trkpt>
    <trkpt lat="42.440283" lon="-2.594874">
      <ele>551.1</ele>
    </trkpt>
    <trkpt lat="42.440026" lon="-2.594493">
      <ele>548.9</ele>
    </trkpt>
    <trkpt lat="42.439809" lon="-2.594243">
      <ele>547.2</ele>
    </trkpt>
    <trkpt lat="42.439361" lon="-2.593638">
      <ele>543.7</ele>
    </trkpt>
    <trkpt lat="42.43909" lon="-2.593168">
      <ele>541.3</ele>
    </trkpt>
    <trkpt lat="42.438856" lon="-2.592566">
      <ele>538.7</ele>
    </trkpt>
    <trkpt lat="42.438717" lon="-2.592134">
      <ele>536.9</ele>
    </trkpt>
    <trkpt lat="42.438575" lon="-2.591925">
      <ele>535.8</ele>
    </trkpt>
    <trkpt lat="42.438491" lon="-2.591715">
      <ele>535</ele>
    </trkpt>
    <trkpt lat="42.438471" lon="-2.591155">
      <ele>533</ele>
    </trkpt>
    <trkpt lat="42.438398" lon="-2.590578">
      <ele>531.1</ele>
    </trkpt>
    <trkpt lat="42.438335" lon="-2.590401">
      <ele>530.5</ele>
    </trkpt>
    <trkpt lat="42.438012" lon="-2.589998">
      <ele>528.7</ele>
    </trkpt>
    <trkpt lat="42.437944" lon="-2.589839">
      <ele>528.1</ele>
    </trkpt>
    <trkpt lat="42.437911" lon="-2.589664">
      <ele>527.5</ele>
    </trkpt>
    <trkpt lat="42.437926" lon="-2.589188">
      <ele>526.1</ele>
    </trkpt>
    <trkpt lat="42.437913" lon="-2.588988">
      <ele>525.5</ele>
    </trkpt>
    <trkpt lat="42.437868" lon="-2.588778">
      <ele>524.8</ele>
    </trkpt>
    <trkpt lat="42.437734" lon="-2.588426">
      <ele>523.7</ele>
    </trkpt>
    <trkpt lat="42.437282" lon="-2.586737">
      <ele>518.8</ele>
    </trkpt>
    <trkpt lat="42.437182" lon="-2.586499">
      <ele>518.2</ele>
    </trkpt>
    <trkpt lat="42.4371" lon="-2.586201">
      <ele>517.5</ele>
    </trkpt>
    <trkpt lat="42.437068" lon="-2.585342">
      <ele>515.9</ele>
    </trkpt>
    <trkpt lat="42.437038" lon="-2.585059">
      <ele>515.5</ele>
    </trkpt>
    <trkpt lat="42.436982" lon="-2.583139">
      <ele>512.5</ele>
    </trkpt>
    <trkpt lat="42.437007" lon="-2.582579">
      <ele>511.5</ele>
    </trkpt>
    <trkpt lat="42.437162" lon="-2.581793">
      <ele>510.1</ele>
    </trkpt>
    <trkpt lat="42.437237" lon="-2.581648">
      <ele>509.8</ele>
    </trkpt>
    <trkpt lat="42.436048" lon="-2.579185">
      <ele>505.1</ele>
    </trkpt>
    <trkpt lat="42.435911" lon="-2.578996">
      <ele>504.7</ele>
    </trkpt>
    <trkpt lat="42.434369" lon="-2.57726">
      <ele>502.8</ele>
    </trkpt>
    <trkpt lat="42.434095" lon="-2.577007">
      <ele>502.6</ele>
    </trkpt>
    <trkpt lat="42.433904" lon="-2.576893">
      <ele>502.3</ele>
    </trkpt>
    <trkpt lat="42.4338" lon="-2.576763">
      <ele>502.2</ele>
    </trkpt>
    <trkpt lat="42.433756" lon="-2.576645">
      <ele>502.1</ele>
    </trkpt>
    <trkpt lat="42.433482" lon="-2.576315">
      <ele>501.5</ele>
    </trkpt>
    <trkpt lat="42.433405" lon="-2.576222">
      <ele>501.3</ele>
    </trkpt>
    <trkpt lat="42.433796" lon="-2.575596">
      <ele>499.9</ele>
    </trkpt>
    <trkpt lat="42.434418" lon="-2.574519">
      <ele>497.1</ele>
    </trkpt>
    <trkpt lat="42.43478" lon="-2.573868">
      <ele>495.7</ele>
    </trkpt>
    <trkpt lat="42.434869" lon="-2.573675">
      <ele>495.4</ele>
    </trkpt>
    <trkpt lat="42.434894" lon="-2.573553">
      <ele>495.3</ele>
    </trkpt>
    <trkpt lat="42.434875" lon="-2.573445">
      <ele>495.1</ele>
    </trkpt>
    <trkpt lat="42.434808" lon="-2.573344">
      <ele>495</ele>
    </trkpt>
    <trkpt lat="42.434438" lon="-2.572983">
      <ele>494.5</ele>
    </trkpt>
    <trkpt lat="42.434137" lon="-2.572435">
      <ele>494.1</ele>
    </trkpt>
    <trkpt lat="42.433794" lon="-2.572009">
      <ele>494</ele>
    </trkpt>
    <trkpt lat="42.43312" lon="-2.570746">
      <ele>493.2</ele>
    </trkpt>
    <trkpt lat="42.432962" lon="-2.570346">
      <ele>493</ele>
    </trkpt>
    <trkpt lat="42.43268" lon="-2.569993">
      <ele>492.9</ele>
    </trkpt>
    <trkpt lat="42.43259" lon="-2.569876">
      <ele>492.9</ele>
    </trkpt>
    <trkpt lat="42.432498" lon="-2.56968">
      <ele>492.9</ele>
    </trkpt>
    <trkpt lat="42.432323" lon="-2.569058">
      <ele>493.1</ele>
    </trkpt>
    <trkpt lat="42.432218" lon="-2.568789">
      <ele>493.4</ele>
    </trkpt>
    <trkpt lat="42.431591" lon="-2.56739">
      <ele>495.3</ele>
    </trkpt>
    <trkpt lat="42.431555" lon="-2.567206">
      <ele>495.7</ele>
    </trkpt>
    <trkpt lat="42.431555" lon="-2.566785">
      <ele>496.6</ele>
    </trkpt>
    <trkpt lat="42.431604" lon="-2.566647">
      <ele>496.8</ele>
    </trkpt>
    <trkpt lat="42.431349" lon="-2.566352">
      <ele>497.8</ele>
    </trkpt>
    <trkpt lat="42.431199" lon="-2.566289">
      <ele>498.3</ele>
    </trkpt>
    <trkpt lat="42.431118" lon="-2.566306">
      <ele>498.5</ele>
    </trkpt>
    <trkpt lat="42.431041" lon="-2.566263">
      <ele>498.8</ele>
    </trkpt>
    <trkpt lat="42.430991" lon="-2.566171">
      <ele>499</ele>
    </trkpt>
    <trkpt lat="42.430991" lon="-2.56603">
      <ele>499.4</ele>
    </trkpt>
    <trkpt lat="42.431084" lon="-2.565905">
      <ele>499.8</ele>
    </trkpt>
    <trkpt lat="42.431098" lon="-2.565899">
      <ele>499.9</ele>
    </trkpt>
    <trkpt lat="42.431107" lon="-2.565798">
      <ele>500.1</ele>
    </trkpt>
    <trkpt lat="42.431501" lon="-2.565069">
      <ele>502.3</ele>
    </trkpt>
    <trkpt lat="42.43181" lon="-2.564498">
      <ele>503.6</ele>
    </trkpt>
    <trkpt lat="42.431842" lon="-2.564537">
      <ele>503.7</ele>
    </trkpt>
    <trkpt lat="42.432232" lon="-2.563807">
      <ele>504.8</ele>
    </trkpt>
    <trkpt lat="42.432335" lon="-2.563805">
      <ele>504.9</ele>
    </trkpt>
    <trkpt lat="42.432914" lon="-2.562699">
      <ele>504.9</ele>
    </trkpt>
    <trkpt lat="42.432972" lon="-2.562534">
      <ele>504.8</ele>
    </trkpt>
    <trkpt lat="42.433026" lon="-2.562253">
      <ele>504.8</ele>
    </trkpt>
    <trkpt lat="42.433038" lon="-2.561917">
      <ele>504.5</ele>
    </trkpt>
    <trkpt lat="42.432994" lon="-2.561568">
      <ele>503.9</ele>
    </trkpt>
    <trkpt lat="42.432789" lon="-2.560849">
      <ele>501.3</ele>
    </trkpt>
    <trkpt lat="42.432695" lon="-2.560537">
      <ele>499.8</ele>
    </trkpt>
    <trkpt lat="42.432403" lon="-2.559544">
      <ele>493.8</ele>
    </trkpt>
    <trkpt lat="42.432339" lon="-2.559324">
      <ele>492.5</ele>
    </trkpt>
    <trkpt lat="42.432805" lon="-2.559486">
      <ele>488.5</ele>
    </trkpt>
    <trkpt lat="42.432926" lon="-2.55947">
      <ele>487.4</ele>
    </trkpt>
    <trkpt lat="42.432909" lon="-2.559375">
      <ele>486.8</ele>
    </trkpt>
    <trkpt lat="42.432678" lon="-2.559311">
      <ele>484.9</ele>
    </trkpt>
    <trkpt lat="42.432608" lon="-2.559265">
      <ele>484.3</ele>
    </trkpt>
    <trkpt lat="42.432562" lon="-2.55916">
      <ele>483.6</ele>
    </trkpt>
    <trkpt lat="42.432572" lon="-2.559034">
      <ele>482.8</ele>
    </trkpt>
    <trkpt lat="42.432754" lon="-2.558692">
      <ele>480.4</ele>
    </trkpt>
    <trkpt lat="42.432857" lon="-2.5584">
      <ele>478.7</ele>
    </trkpt>
    <trkpt lat="42.433024" lon="-2.557771">
      <ele>475.3</ele>
    </trkpt>
    <trkpt lat="42.43369" lon="-2.555417">
      <ele>469.1</ele>
    </trkpt>
    <trkpt lat="42.433811" lon="-2.554929">
      <ele>468.6</ele>
    </trkpt>
    <trkpt lat="42.434032" lon="-2.554258">
      <ele>468.1</ele>
    </trkpt>
    <trkpt lat="42.434212" lon="-2.553597">
      <ele>467.8</ele>
    </trkpt>
    <trkpt lat="42.434532" lon="-2.552623">
      <ele>467.5</ele>
    </trkpt>
    <trkpt lat="42.43471" lon="-2.5519">
      <ele>467.2</ele>
    </trkpt>
    <trkpt lat="42.434909" lon="-2.551217">
      <ele>467</ele>
    </trkpt>
    <trkpt lat="42.434992" lon="-2.550926">
      <ele>466.9</ele>
    </trkpt>
    <trkpt lat="42.435055" lon="-2.550815">
      <ele>466.8</ele>
    </trkpt>
    <trkpt lat="42.435422" lon="-2.550361">
      <ele>466.7</ele>
    </trkpt>
    <trkpt lat="42.43589" lon="-2.549765">
      <ele>466.7</ele>
    </trkpt>
    <trkpt lat="42.435918" lon="-2.549674">
      <ele>466.7</ele>
    </trkpt>
    <trkpt lat="42.435917" lon="-2.549499">
      <ele>466.7</ele>
    </trkpt>
    <trkpt lat="42.435674" lon="-2.548972">
      <ele>467</ele>
    </trkpt>
    <trkpt lat="42.435585" lon="-2.548559">
      <ele>467.3</ele>
    </trkpt>
    <trkpt lat="42.43555" lon="-2.548354">
      <ele>467.5</ele>
    </trkpt>
    <trkpt lat="42.435547" lon="-2.548093">
      <ele>467.8</ele>
    </trkpt>
    <trkpt lat="42.435587" lon="-2.547928">
      <ele>467.9</ele>
    </trkpt>
    <trkpt lat="42.435682" lon="-2.547529">
      <ele>468.4</ele>
    </trkpt>
    <trkpt lat="42.435832" lon="-2.546416">
      <ele>469.6</ele>
    </trkpt>
    <trkpt lat="42.436052" lon="-2.545206">
      <ele>471.3</ele>
    </trkpt>
    <trkpt lat="42.436326" lon="-2.542873">
      <ele>477</ele>
    </trkpt>
    <trkpt lat="42.436427" lon="-2.542481">
      <ele>478.6</ele>
    </trkpt>
    <trkpt lat="42.436602" lon="-2.541774">
      <ele>481.9</ele>
    </trkpt>
    <trkpt lat="42.436623" lon="-2.541557">
      <ele>483</ele>
    </trkpt>
    <trkpt lat="42.436668" lon="-2.541092">
      <ele>485.3</ele>
    </trkpt>
    <trkpt lat="42.436733" lon="-2.540827">
      <ele>486.7</ele>
    </trkpt>
    <trkpt lat="42.436941" lon="-2.540358">
      <ele>489.2</ele>
    </trkpt>
    <trkpt lat="42.437118" lon="-2.540024">
      <ele>491</ele>
    </trkpt>
    <trkpt lat="42.437336" lon="-2.539613">
      <ele>492.8</ele>
    </trkpt>
    <trkpt lat="42.437415" lon="-2.539459">
      <ele>493.3</ele>
    </trkpt>
    <trkpt lat="42.437596" lon="-2.538996">
      <ele>494.5</ele>
    </trkpt>
    <trkpt lat="42.437638" lon="-2.538825">
      <ele>494.8</ele>
    </trkpt>
    <trkpt lat="42.437796" lon="-2.537796">
      <ele>495.8</ele>
    </trkpt>
    <trkpt lat="42.437836" lon="-2.537602">
      <ele>495.9</ele>
    </trkpt>
    <trkpt lat="42.437945" lon="-2.537153">
      <ele>496.3</ele>
    </trkpt>
    <trkpt lat="42.438044" lon="-2.536833">
      <ele>496.6</ele>
    </trkpt>
    <trkpt lat="42.438251" lon="-2.536171">
      <ele>497.5</ele>
    </trkpt>
    <trkpt lat="42.438463" lon="-2.535587">
      <ele>498.7</ele>
    </trkpt>
    <trkpt lat="42.438518" lon="-2.535305">
      <ele>499.3</ele>
    </trkpt>
    <trkpt lat="42.438605" lon="-2.534661">
      <ele>500.4</ele>
    </trkpt>
    <trkpt lat="42.438626" lon="-2.534338">
      <ele>500.8</ele>
    </trkpt>
    <trkpt lat="42.43878" lon="-2.533424">
      <ele>501.7</ele>
    </trkpt>
    <trkpt lat="42.438861" lon="-2.532231">
      <ele>503.7</ele>
    </trkpt>
    <trkpt lat="42.438916" lon="-2.531922">
      <ele>504.3</ele>
    </trkpt>
    <trkpt lat="42.439094" lon="-2.531366">
      <ele>505.6</ele>
    </trkpt>
    <trkpt lat="42.439217" lon="-2.530874">
      <ele>506.6</ele>
    </trkpt>
    <trkpt lat="42.43936" lon="-2.530056">
      <ele>508.2</ele>
    </trkpt>
    <trkpt lat="42.43955" lon="-2.529125">
      <ele>509.9</ele>
    </trkpt>
    <trkpt lat="42.439566" lon="-2.528964">
      <ele>510.2</ele>
    </trkpt>
    <trkpt lat="42.439572" lon="-2.528731">
      <ele>510.8</ele>
    </trkpt>
    <trkpt lat="42.439712" lon="-2.527795">
      <ele>513.7</ele>
    </trkpt>
    <trkpt lat="42.439772" lon="-2.527191">
      <ele>515.4</ele>
    </trkpt>
    <trkpt lat="42.439783" lon="-2.526741">
      <ele>516.3</ele>
    </trkpt>
    <trkpt lat="42.439791" lon="-2.526616">
      <ele>516.5</ele>
    </trkpt>
    <trkpt lat="42.439907" lon="-2.524977">
      <ele>516.8</ele>
    </trkpt>
    <trkpt lat="42.439937" lon="-2.524755">
      <ele>516.3</ele>
    </trkpt>
    <trkpt lat="42.44007" lon="-2.524029">
      <ele>514.4</ele>
    </trkpt>
    <trkpt lat="42.440094" lon="-2.523912">
      <ele>514</ele>
    </trkpt>
    <trkpt lat="42.440035" lon="-2.523585">
      <ele>513</ele>
    </trkpt>
    <trkpt lat="42.439864" lon="-2.523168">
      <ele>511.4</ele>
    </trkpt>
    <trkpt lat="42.439739" lon="-2.522981">
      <ele>510.4</ele>
    </trkpt>
    <trkpt lat="42.439638" lon="-2.522829">
      <ele>509.4</ele>
    </trkpt>
    <trkpt lat="42.43949" lon="-2.522483">
      <ele>507.3</ele>
    </trkpt>
    <trkpt lat="42.439299" lon="-2.52182">
      <ele>502.9</ele>
    </trkpt>
    <trkpt lat="42.439568" lon="-2.521621">
      <ele>500.2</ele>
    </trkpt>
    <trkpt lat="42.43986" lon="-2.521299">
      <ele>496.5</ele>
    </trkpt>
    <trkpt lat="42.439924" lon="-2.52126">
      <ele>495.7</ele>
    </trkpt>
    <trkpt lat="42.440124" lon="-2.521138">
      <ele>493.4</ele>
    </trkpt>
    <trkpt lat="42.44018" lon="-2.521031">
      <ele>492.3</ele>
    </trkpt>
    <trkpt lat="42.440255" lon="-2.520722">
      <ele>489.6</ele>
    </trkpt>
    <trkpt lat="42.440325" lon="-2.520241">
      <ele>485.6</ele>
    </trkpt>
    <trkpt lat="42.44064" lon="-2.519678">
      <ele>480</ele>
    </trkpt>
    <trkpt lat="42.440836" lon="-2.519045">
      <ele>474.5</ele>
    </trkpt>
    <trkpt lat="42.440885" lon="-2.51873">
      <ele>472</ele>
    </trkpt>
    <trkpt lat="42.440895" lon="-2.518664">
      <ele>471.5</ele>
    </trkpt>
    <trkpt lat="42.441004" lon="-2.518275">
      <ele>468.3</ele>
    </trkpt>
    <trkpt lat="42.441082" lon="-2.518203">
      <ele>467.3</ele>
    </trkpt>
    <trkpt lat="42.441184" lon="-2.518145">
      <ele>466.2</ele>
    </trkpt>
    <trkpt lat="42.441426" lon="-2.518009">
      <ele>463.7</ele>
    </trkpt>
    <trkpt lat="42.441583" lon="-2.517873">
      <ele>462</ele>
    </trkpt>
    <trkpt lat="42.441588" lon="-2.517644">
      <ele>460.5</ele>
    </trkpt>
    <trkpt lat="42.441677" lon="-2.517226">
      <ele>457.9</ele>
    </trkpt>
    <trkpt lat="42.441702" lon="-2.516876">
      <ele>456</ele>
    </trkpt>
    <trkpt lat="42.44187" lon="-2.516397">
      <ele>453.3</ele>
    </trkpt>
    <trkpt lat="42.441856" lon="-2.515904">
      <ele>451.1</ele>
    </trkpt>
    <trkpt lat="42.441667" lon="-2.515031">
      <ele>447.7</ele>
    </trkpt>
    <trkpt lat="42.441529" lon="-2.514898">
      <ele>447</ele>
    </trkpt>
    <trkpt lat="42.44153" lon="-2.514796">
      <ele>446.7</ele>
    </trkpt>
    <trkpt lat="42.441556" lon="-2.51473">
      <ele>446.5</ele>
    </trkpt>
    <trkpt lat="42.44156" lon="-2.514623">
      <ele>446.2</ele>
    </trkpt>
    <trkpt lat="42.441408" lon="-2.51398">
      <ele>444.6</ele>
    </trkpt>
    <trkpt lat="42.441315" lon="-2.513735">
      <ele>444.1</ele>
    </trkpt>
    <trkpt lat="42.441369" lon="-2.513366">
      <ele>443.6</ele>
    </trkpt>
    <trkpt lat="42.441414" lon="-2.513158">
      <ele>443.4</ele>
    </trkpt>
    <trkpt lat="42.44158" lon="-2.512603">
      <ele>442.9</ele>
    </trkpt>
    <trkpt lat="42.441515" lon="-2.512538">
      <ele>442.9</ele>
    </trkpt>
    <trkpt lat="42.441384" lon="-2.512493">
      <ele>442.9</ele>
    </trkpt>
    <trkpt lat="42.441191" lon="-2.512368">
      <ele>442.8</ele>
    </trkpt>
    <trkpt lat="42.441004" lon="-2.51231">
      <ele>442.9</ele>
    </trkpt>
    <trkpt lat="42.440871" lon="-2.512222">
      <ele>442.9</ele>
    </trkpt>
    <trkpt lat="42.440621" lon="-2.512226">
      <ele>443</ele>
    </trkpt>
    <trkpt lat="42.440369" lon="-2.512214">
      <ele>443.1</ele>
    </trkpt>
    <trkpt lat="42.440157" lon="-2.512107">
      <ele>443.2</ele>
    </trkpt>
    <trkpt lat="42.439664" lon="-2.511516">
      <ele>443.5</ele>
    </trkpt>
    <trkpt lat="42.439417" lon="-2.511322">
      <ele>443.5</ele>
    </trkpt>
    <trkpt lat="42.439325" lon="-2.511179">
      <ele>443.5</ele>
    </trkpt>
    <trkpt lat="42.439292" lon="-2.511072">
      <ele>443.4</ele>
    </trkpt>
    <trkpt lat="42.439292" lon="-2.510932">
      <ele>443.4</ele>
    </trkpt>
    <trkpt lat="42.43932" lon="-2.510806">
      <ele>443.4</ele>
    </trkpt>
    <trkpt lat="42.439438" lon="-2.510518">
      <ele>443.3</ele>
    </trkpt>
    <trkpt lat="42.439618" lon="-2.510163">
      <ele>443.4</ele>
    </trkpt>
    <trkpt lat="42.439612" lon="-2.510029">
      <ele>443.4</ele>
    </trkpt>
    <trkpt lat="42.439651" lon="-2.509886">
      <ele>443.4</ele>
    </trkpt>
    <trkpt lat="42.439767" lon="-2.509753">
      <ele>443.4</ele>
    </trkpt>
    <trkpt lat="42.439807" lon="-2.509586">
      <ele>443.3</ele>
    </trkpt>
    <trkpt lat="42.439822" lon="-2.509307">
      <ele>443.3</ele>
    </trkpt>
    <trkpt lat="42.439746" lon="-2.50872">
      <ele>443.2</ele>
    </trkpt>
    <trkpt lat="42.439793" lon="-2.508036">
      <ele>443.1</ele>
    </trkpt>
    <trkpt lat="42.439891" lon="-2.50736">
      <ele>443</ele>
    </trkpt>
    <trkpt lat="42.439906" lon="-2.507116">
      <ele>442.9</ele>
    </trkpt>
    <trkpt lat="42.43982" lon="-2.506484">
      <ele>443.1</ele>
    </trkpt>
    <trkpt lat="42.439785" lon="-2.506358">
      <ele>443.2</ele>
    </trkpt>
    <trkpt lat="42.43977" lon="-2.505738">
      <ele>443.7</ele>
    </trkpt>
    <trkpt lat="42.439804" lon="-2.505383">
      <ele>444.2</ele>
    </trkpt>
    <trkpt lat="42.439777" lon="-2.505253">
      <ele>444.3</ele>
    </trkpt>
    <trkpt lat="42.439798" lon="-2.505054">
      <ele>444.6</ele>
    </trkpt>
    <trkpt lat="42.439992" lon="-2.504232">
      <ele>445.5</ele>
    </trkpt>
    <trkpt lat="42.440018" lon="-2.503853">
      <ele>445.9</ele>
    </trkpt>
    <trkpt lat="42.440209" lon="-2.503068">
      <ele>446.3</ele>
    </trkpt>
    <trkpt lat="42.440308" lon="-2.502533">
      <ele>446.5</ele>
    </trkpt>
    <trkpt lat="42.440517" lon="-2.501875">
      <ele>446.7</ele>
    </trkpt>
    <trkpt lat="42.440533" lon="-2.501573">
      <ele>446.7</ele>
    </trkpt>
    <trkpt lat="42.441007" lon="-2.500886">
      <ele>446.6</ele>
    </trkpt>
    <trkpt lat="42.44126" lon="-2.500351">
      <ele>446.6</ele>
    </trkpt>
    <trkpt lat="42.441378" lon="-2.500197">
      <ele>446.6</ele>
    </trkpt>
    <trkpt lat="42.441463" lon="-2.500119">
      <ele>446.6</ele>
    </trkpt>
    <trkpt lat="42.441583" lon="-2.500142">
      <ele>446.7</ele>
    </trkpt>
    <trkpt lat="42.441657" lon="-2.50022">
      <ele>446.7</ele>
    </trkpt>
    <trkpt lat="42.44167" lon="-2.499953">
      <ele>446.9</ele>
    </trkpt>
    <trkpt lat="42.441651" lon="-2.499763">
      <ele>447</ele>
    </trkpt>
    <trkpt lat="42.441769" lon="-2.499668">
      <ele>447</ele>
    </trkpt>
    <trkpt lat="42.441836" lon="-2.499556">
      <ele>447.1</ele>
    </trkpt>
    <trkpt lat="42.441856" lon="-2.499352">
      <ele>447.1</ele>
    </trkpt>
    <trkpt lat="42.44184" lon="-2.499159">
      <ele>447.1</ele>
    </trkpt>
    <trkpt lat="42.44178" lon="-2.498567">
      <ele>447.3</ele>
    </trkpt>
    <trkpt lat="42.442089" lon="-2.498551">
      <ele>447.1</ele>
    </trkpt>
    <trkpt lat="42.442306" lon="-2.498585">
      <ele>446.9</ele>
    </trkpt>
    <trkpt lat="42.442865" lon="-2.498792">
      <ele>445.7</ele>
    </trkpt>
    <trkpt lat="42.443139" lon="-2.498996">
      <ele>444.8</ele>
    </trkpt>
    <trkpt lat="42.443229" lon="-2.499003">
      <ele>444.5</ele>
    </trkpt>
    <trkpt lat="42.443318" lon="-2.498937">
      <ele>444.1</ele>
    </trkpt>
    <trkpt lat="42.443496" lon="-2.498687">
      <ele>443.2</ele>
    </trkpt>
    <trkpt lat="42.443583" lon="-2.498641">
      <ele>442.9</ele>
    </trkpt>
    <trkpt lat="42.443753" lon="-2.498647">
      <ele>442.1</ele>
    </trkpt>
    <trkpt lat="42.443961" lon="-2.498745">
      <ele>441.3</ele>
    </trkpt>
    <trkpt lat="42.444136" lon="-2.498885">
      <ele>440.5</ele>
    </trkpt>
    <trkpt lat="42.444386" lon="-2.499291">
      <ele>439.3</ele>
    </trkpt>
    <trkpt lat="42.444541" lon="-2.49946">
      <ele>438.7</ele>
    </trkpt>
    <trkpt lat="42.444609" lon="-2.499478">
      <ele>438.5</ele>
    </trkpt>
    <trkpt lat="42.444662" lon="-2.499403">
      <ele>438.4</ele>
    </trkpt>
    <trkpt lat="42.444707" lon="-2.499416">
      <ele>438.3</ele>
    </trkpt>
    <trkpt lat="42.444735" lon="-2.499477">
      <ele>438.1</ele>
    </trkpt>
    <trkpt lat="42.444715" lon="-2.499552">
      <ele>438</ele>
    </trkpt>
    <trkpt lat="42.444665" lon="-2.499574">
      <ele>437.9</ele>
    </trkpt>
    <trkpt lat="42.444639" lon="-2.499631">
      <ele>437.7</ele>
    </trkpt>
    <trkpt lat="42.444823" lon="-2.499562">
      <ele>437.4</ele>
    </trkpt>
    <trkpt lat="42.444959" lon="-2.499435">
      <ele>437.1</ele>
    </trkpt>
    <trkpt lat="42.44514" lon="-2.499321">
      <ele>436.8</ele>
    </trkpt>
    <trkpt lat="42.445349" lon="-2.499236">
      <ele>436.6</ele>
    </trkpt>
    <trkpt lat="42.44584" lon="-2.499109">
      <ele>436.2</ele>
    </trkpt>
    <trkpt lat="42.446064" lon="-2.499103">
      <ele>436</ele>
    </trkpt>
    <trkpt lat="42.446199" lon="-2.499182">
      <ele>435.8</ele>
    </trkpt>
    <trkpt lat="42.446414" lon="-2.499517">
      <ele>435.3</ele>
    </trkpt>
    <trkpt lat="42.446781" lon="-2.499876">
      <ele>434.6</ele>
    </trkpt>
    <trkpt lat="42.447045" lon="-2.500293">
      <ele>433.6</ele>
    </trkpt>
    <trkpt lat="42.447186" lon="-2.500387">
      <ele>433.1</ele>
    </trkpt>
    <trkpt lat="42.447283" lon="-2.500396">
      <ele>432.8</ele>
    </trkpt>
    <trkpt lat="42.447411" lon="-2.500304">
      <ele>432.4</ele>
    </trkpt>
    <trkpt lat="42.447636" lon="-2.499896">
      <ele>431.4</ele>
    </trkpt>
    <trkpt lat="42.447687" lon="-2.499853">
      <ele>431.3</ele>
    </trkpt>
    <trkpt lat="42.447796" lon="-2.499897">
      <ele>431</ele>
    </trkpt>
    <trkpt lat="42.447865" lon="-2.499917">
      <ele>430.8</ele>
    </trkpt>
    <trkpt lat="42.447872" lon="-2.499914">
      <ele>430.8</ele>
    </trkpt>
    <trkpt lat="42.447988" lon="-2.499875">
      <ele>430.5</ele>
    </trkpt>
    <trkpt lat="42.448104" lon="-2.499777">
      <ele>430.2</ele>
    </trkpt>
    <trkpt lat="42.448184" lon="-2.499628">
      <ele>429.9</ele>
    </trkpt>
    <trkpt lat="42.448303" lon="-2.499213">
      <ele>429.3</ele>
    </trkpt>
    <trkpt lat="42.448378" lon="-2.499116">
      <ele>429.2</ele>
    </trkpt>
    <trkpt lat="42.44858" lon="-2.498969">
      <ele>428.9</ele>
    </trkpt>
    <trkpt lat="42.448676" lon="-2.498807">
      <ele>428.8</ele>
    </trkpt>
    <trkpt lat="42.448766" lon="-2.498604">
      <ele>428.8</ele>
    </trkpt>
    <trkpt lat="42.448769" lon="-2.498333">
      <ele>428.8</ele>
    </trkpt>
    <trkpt lat="42.448788" lon="-2.498272">
      <ele>428.8</ele>
    </trkpt>
    <trkpt lat="42.448886" lon="-2.498211">
      <ele>428.7</ele>
    </trkpt>
    <trkpt lat="42.449238" lon="-2.49823">
      <ele>428.3</ele>
    </trkpt>
    <trkpt lat="42.449445" lon="-2.498053">
      <ele>427.9</ele>
    </trkpt>
    <trkpt lat="42.449714" lon="-2.497844">
      <ele>427.3</ele>
    </trkpt>
    <trkpt lat="42.449719" lon="-2.497763">
      <ele>427.1</ele>
    </trkpt>
    <trkpt lat="42.449814" lon="-2.497578">
      <ele>426.7</ele>
    </trkpt>
    <trkpt lat="42.449838" lon="-2.4974">
      <ele>426.4</ele>
    </trkpt>
    <trkpt lat="42.44986" lon="-2.496608">
      <ele>424.7</ele>
    </trkpt>
    <trkpt lat="42.449917" lon="-2.496197">
      <ele>423.9</ele>
    </trkpt>
    <trkpt lat="42.449894" lon="-2.495143">
      <ele>421.9</ele>
    </trkpt>
    <trkpt lat="42.449925" lon="-2.494995">
      <ele>421.6</ele>
    </trkpt>
    <trkpt lat="42.450048" lon="-2.494701">
      <ele>421</ele>
    </trkpt>
    <trkpt lat="42.450167" lon="-2.494529">
      <ele>420.6</ele>
    </trkpt>
    <trkpt lat="42.450542" lon="-2.494207">
      <ele>419.6</ele>
    </trkpt>
    <trkpt lat="42.450826" lon="-2.493305">
      <ele>418.1</ele>
    </trkpt>
    <trkpt lat="42.451014" lon="-2.49252">
      <ele>417</ele>
    </trkpt>
    <trkpt lat="42.451279" lon="-2.49159">
      <ele>416</ele>
    </trkpt>
    <trkpt lat="42.451384" lon="-2.491222">
      <ele>415.6</ele>
    </trkpt>
    <trkpt lat="42.451635" lon="-2.490167">
      <ele>414.7</ele>
    </trkpt>
    <trkpt lat="42.452304" lon="-2.488426">
      <ele>413.1</ele>
    </trkpt>
    <trkpt lat="42.452921" lon="-2.486931">
      <ele>411.7</ele>
    </trkpt>
    <trkpt lat="42.452965" lon="-2.486745">
      <ele>411.6</ele>
    </trkpt>
    <trkpt lat="42.453092" lon="-2.485402">
      <ele>410.7</ele>
    </trkpt>
    <trkpt lat="42.453446" lon="-2.48316">
      <ele>409.7</ele>
    </trkpt>
    <trkpt lat="42.453822" lon="-2.481997">
      <ele>409.3</ele>
    </trkpt>
    <trkpt lat="42.454155" lon="-2.481156">
      <ele>409</ele>
    </trkpt>
    <trkpt lat="42.45477" lon="-2.47988">
      <ele>408.6</ele>
    </trkpt>
    <trkpt lat="42.454909" lon="-2.47961">
      <ele>408.4</ele>
    </trkpt>
    <trkpt lat="42.454941" lon="-2.479493">
      <ele>408.3</ele>
    </trkpt>
    <trkpt lat="42.454978" lon="-2.479085">
      <ele>408.1</ele>
    </trkpt>
    <trkpt lat="42.455224" lon="-2.477703">
      <ele>408.1</ele>
    </trkpt>
    <trkpt lat="42.455307" lon="-2.477501">
      <ele>408.2</ele>
    </trkpt>
    <trkpt lat="42.455333" lon="-2.477447">
      <ele>408.2</ele>
    </trkpt>
    <trkpt lat="42.455419" lon="-2.477405">
      <ele>408.2</ele>
    </trkpt>
    <trkpt lat="42.455675" lon="-2.477453">
      <ele>408.4</ele>
    </trkpt>
    <trkpt lat="42.45574" lon="-2.477445">
      <ele>408.4</ele>
    </trkpt>
    <trkpt lat="42.455792" lon="-2.477308">
      <ele>408.5</ele>
    </trkpt>
    <trkpt lat="42.455919" lon="-2.476813">
      <ele>408.7</ele>
    </trkpt>
    <trkpt lat="42.456049" lon="-2.475999">
      <ele>409.1</ele>
    </trkpt>
    <trkpt lat="42.456106" lon="-2.475512">
      <ele>409</ele>
    </trkpt>
    <trkpt lat="42.456235" lon="-2.475211">
      <ele>408.9</ele>
    </trkpt>
    <trkpt lat="42.456361" lon="-2.474858">
      <ele>408.8</ele>
    </trkpt>
    <trkpt lat="42.456395" lon="-2.474703">
      <ele>408.8</ele>
    </trkpt>
    <trkpt lat="42.456429" lon="-2.474112">
      <ele>408.9</ele>
    </trkpt>
    <trkpt lat="42.456475" lon="-2.473699">
      <ele>408.7</ele>
    </trkpt>
    <trkpt lat="42.456511" lon="-2.473542">
      <ele>408.5</ele>
    </trkpt>
    <trkpt lat="42.456614" lon="-2.473245">
      <ele>408.2</ele>
    </trkpt>
    <trkpt lat="42.456767" lon="-2.473004">
      <ele>408</ele>
    </trkpt>
    <trkpt lat="42.456837" lon="-2.472969">
      <ele>407.9</ele>
    </trkpt>
    <trkpt lat="42.456809" lon="-2.472851">
      <ele>407.8</ele>
    </trkpt>
    <trkpt lat="42.45686" lon="-2.472636">
      <ele>407.6</ele>
    </trkpt>
    <trkpt lat="42.456885" lon="-2.472551">
      <ele>407.6</ele>
    </trkpt>
    <trkpt lat="42.45696" lon="-2.472308">
      <ele>407.5</ele>
    </trkpt>
    <trkpt lat="42.456993" lon="-2.472322">
      <ele>407.4</ele>
    </trkpt>
    <trkpt lat="42.457065" lon="-2.472352">
      <ele>407.4</ele>
    </trkpt>
    <trkpt lat="42.457238" lon="-2.472262">
      <ele>407.4</ele>
    </trkpt>
    <trkpt lat="42.457295" lon="-2.472288">
      <ele>407.4</ele>
    </trkpt>
    <trkpt lat="42.45736" lon="-2.472318">
      <ele>407.4</ele>
    </trkpt>
    <trkpt lat="42.457436" lon="-2.472039">
      <ele>407.3</ele>
    </trkpt>
    <trkpt lat="42.457479" lon="-2.47202">
      <ele>407.3</ele>
    </trkpt>
    <trkpt lat="42.457517" lon="-2.472032">
      <ele>407.2</ele>
    </trkpt>
    <trkpt lat="42.457623" lon="-2.47185">
      <ele>407.3</ele>
    </trkpt>
    <trkpt lat="42.457785" lon="-2.471363">
      <ele>407.6</ele>
    </trkpt>
    <trkpt lat="42.457942" lon="-2.470973">
      <ele>407.9</ele>
    </trkpt>
    <trkpt lat="42.458132" lon="-2.47066">
      <ele>408.1</ele>
    </trkpt>
    <trkpt lat="42.458215" lon="-2.470472">
      <ele>408.2</ele>
    </trkpt>
    <trkpt lat="42.458281" lon="-2.470244">
      <ele>408.2</ele>
    </trkpt>
    <trkpt lat="42.458319" lon="-2.470042">
      <ele>408.3</ele>
    </trkpt>
    <trkpt lat="42.458326" lon="-2.469403">
      <ele>408.3</ele>
    </trkpt>
    <trkpt lat="42.458226" lon="-2.468201">
      <ele>408.4</ele>
    </trkpt>
    <trkpt lat="42.45824" lon="-2.468121">
      <ele>408.4</ele>
    </trkpt>
    <trkpt lat="42.458276" lon="-2.468061">
      <ele>408.4</ele>
    </trkpt>
    <trkpt lat="42.458407" lon="-2.46801">
      <ele>408.3</ele>
    </trkpt>
    <trkpt lat="42.458773" lon="-2.467985">
      <ele>408.2</ele>
    </trkpt>
    <trkpt lat="42.45903" lon="-2.467877">
      <ele>407.9</ele>
    </trkpt>
    <trkpt lat="42.459093" lon="-2.467778">
      <ele>407.7</ele>
    </trkpt>
    <trkpt lat="42.459118" lon="-2.467641">
      <ele>407.6</ele>
    </trkpt>
    <trkpt lat="42.459131" lon="-2.467122">
      <ele>406.8</ele>
    </trkpt>
    <trkpt lat="42.45914" lon="-2.466788">
      <ele>406.2</ele>
    </trkpt>
    <trkpt lat="42.459229" lon="-2.466466">
      <ele>405.7</ele>
    </trkpt>
    <trkpt lat="42.459288" lon="-2.466207">
      <ele>405.2</ele>
    </trkpt>
    <trkpt lat="42.459298" lon="-2.466175">
      <ele>405.2</ele>
    </trkpt>
    <trkpt lat="42.459324" lon="-2.466042">
      <ele>405</ele>
    </trkpt>
    <trkpt lat="42.459398" lon="-2.46565">
      <ele>404.4</ele>
    </trkpt>
    <trkpt lat="42.459419" lon="-2.465519">
      <ele>404.2</ele>
    </trkpt>
    <trkpt lat="42.459558" lon="-2.464952">
      <ele>403.4</ele>
    </trkpt>
    <trkpt lat="42.459595" lon="-2.464812">
      <ele>403.3</ele>
    </trkpt>
    <trkpt lat="42.459674" lon="-2.464465">
      <ele>402.9</ele>
    </trkpt>
    <trkpt lat="42.459748" lon="-2.464108">
      <ele>402.6</ele>
    </trkpt>
    <trkpt lat="42.459949" lon="-2.463284">
      <ele>401.3</ele>
    </trkpt>
    <trkpt lat="42.459978" lon="-2.463165">
      <ele>401.1</ele>
    </trkpt>
    <trkpt lat="42.460194" lon="-2.462315">
      <ele>399.3</ele>
    </trkpt>
    <trkpt lat="42.460139" lon="-2.462274">
      <ele>399.2</ele>
    </trkpt>
    <trkpt lat="42.45973" lon="-2.461794">
      <ele>397.7</ele>
    </trkpt>
    <trkpt lat="42.459144" lon="-2.460639">
      <ele>394.9</ele>
    </trkpt>
    <trkpt lat="42.459051" lon="-2.460556">
      <ele>394.6</ele>
    </trkpt>
    <trkpt lat="42.459012" lon="-2.460476">
      <ele>394.4</ele>
    </trkpt>
    <trkpt lat="42.459097" lon="-2.460413">
      <ele>394.2</ele>
    </trkpt>
    <trkpt lat="42.459386" lon="-2.460192">
      <ele>393.5</ele>
    </trkpt>
    <trkpt lat="42.459459" lon="-2.460142">
      <ele>393.4</ele>
    </trkpt>
    <trkpt lat="42.459341" lon="-2.459847">
      <ele>393</ele>
    </trkpt>
    <trkpt lat="42.459219" lon="-2.459306">
      <ele>392.4</ele>
    </trkpt>
    <trkpt lat="42.459152" lon="-2.458955">
      <ele>392.2</ele>
    </trkpt>
    <trkpt lat="42.45898" lon="-2.45805">
      <ele>392.1</ele>
    </trkpt>
    <trkpt lat="42.458725" lon="-2.456745">
      <ele>393.2</ele>
    </trkpt>
    <trkpt lat="42.458668" lon="-2.4565">
      <ele>393.5</ele>
    </trkpt>
    <trkpt lat="42.459116" lon="-2.45619">
      <ele>394.2</ele>
    </trkpt>
    <trkpt lat="42.459275" lon="-2.456005">
      <ele>394.5</ele>
    </trkpt>
    <trkpt lat="42.459349" lon="-2.455848">
      <ele>394.7</ele>
    </trkpt>
    <trkpt lat="42.459364" lon="-2.45574">
      <ele>394.7</ele>
    </trkpt>
    <trkpt lat="42.459412" lon="-2.455636">
      <ele>394.9</ele>
    </trkpt>
    <trkpt lat="42.459422" lon="-2.455507">
      <ele>395</ele>
    </trkpt>
    <trkpt lat="42.459365" lon="-2.45521">
      <ele>395.2</ele>
    </trkpt>
    <trkpt lat="42.458728" lon="-2.452337">
      <ele>394.1</ele>
    </trkpt>
    <trkpt lat="42.458711" lon="-2.452264">
      <ele>394</ele>
    </trkpt>
    <trkpt lat="42.458512" lon="-2.451398">
      <ele>393.8</ele>
    </trkpt>
    <trkpt lat="42.458442" lon="-2.451093">
      <ele>393.8</ele>
    </trkpt>
    <trkpt lat="42.458327" lon="-2.450594">
      <ele>393.9</ele>
    </trkpt>
    <trkpt lat="42.458279" lon="-2.450391">
      <ele>393.9</ele>
    </trkpt>
    <trkpt lat="42.458224" lon="-2.450163">
      <ele>393.9</ele>
    </trkpt>
    <trkpt lat="42.458016" lon="-2.449279">
      <ele>394</ele>
    </trkpt>
    <trkpt lat="42.457968" lon="-2.449058">
      <ele>393.9</ele>
    </trkpt>
    <trkpt lat="42.457929" lon="-2.448886">
      <ele>393.8</ele>
    </trkpt>
    <trkpt lat="42.457903" lon="-2.448765">
      <ele>393.7</ele>
    </trkpt>
    <trkpt lat="42.457591" lon="-2.447389">
      <ele>391.5</ele>
    </trkpt>
    <trkpt lat="42.45755" lon="-2.447175">
      <ele>391</ele>
    </trkpt>
    <trkpt lat="42.457529" lon="-2.447086">
      <ele>390.8</ele>
    </trkpt>
    <trkpt lat="42.457484" lon="-2.446899">
      <ele>390.4</ele>
    </trkpt>
    <trkpt lat="42.457165" lon="-2.445417">
      <ele>387.5</ele>
    </trkpt>
    <trkpt lat="42.457125" lon="-2.44523">
      <ele>387.3</ele>
    </trkpt>
    <trkpt lat="42.457198" lon="-2.4452">
      <ele>387.2</ele>
    </trkpt>
    <trkpt lat="42.457393" lon="-2.445118">
      <ele>386.9</ele>
    </trkpt>
    <trkpt lat="42.457782" lon="-2.444958">
      <ele>386.5</ele>
    </trkpt>
    <trkpt lat="42.457873" lon="-2.444857">
      <ele>386.4</ele>
    </trkpt>
    <trkpt lat="42.457911" lon="-2.44476">
      <ele>386.4</ele>
    </trkpt>
    <trkpt lat="42.457954" lon="-2.444671">
      <ele>386.3</ele>
    </trkpt>
    <trkpt lat="42.45802" lon="-2.444621">
      <ele>386.3</ele>
    </trkpt>
    <trkpt lat="42.458089" lon="-2.444476">
      <ele>386.2</ele>
    </trkpt>
    <trkpt lat="42.45813" lon="-2.444344">
      <ele>386.2</ele>
    </trkpt>
    <trkpt lat="42.458269" lon="-2.443756">
      <ele>386.1</ele>
    </trkpt>
    <trkpt lat="42.458317" lon="-2.443503">
      <ele>386</ele>
    </trkpt>
    <trkpt lat="42.458335" lon="-2.443378">
      <ele>386</ele>
    </trkpt>
    <trkpt lat="42.458351" lon="-2.443068">
      <ele>386</ele>
    </trkpt>
    <trkpt lat="42.458353" lon="-2.443041">
      <ele>386</ele>
    </trkpt>
    <trkpt lat="42.458391" lon="-2.442236">
      <ele>386.4</ele>
    </trkpt>
    <trkpt lat="42.458385" lon="-2.442118">
      <ele>386.4</ele>
    </trkpt>
    <trkpt lat="42.45832" lon="-2.441959">
      <ele>386.5</ele>
    </trkpt>
    <trkpt lat="42.458242" lon="-2.44184">
      <ele>386.5</ele>
    </trkpt>
    <trkpt lat="42.458244" lon="-2.441736">
      <ele>386.6</ele>
    </trkpt>
    <trkpt lat="42.458294" lon="-2.44164">
      <ele>386.6</ele>
    </trkpt>
    <trkpt lat="42.458336" lon="-2.441608">
      <ele>386.6</ele>
    </trkpt>
    <trkpt lat="42.458376" lon="-2.441499">
      <ele>386.6</ele>
    </trkpt>
    <trkpt lat="42.458393" lon="-2.441327">
      <ele>386.6</ele>
    </trkpt>
    <trkpt lat="42.458469" lon="-2.440136">
      <ele>386.8</ele>
    </trkpt>
    <trkpt lat="42.458487" lon="-2.439843">
      <ele>386.7</ele>
    </trkpt>
    <trkpt lat="42.458446" lon="-2.439846">
      <ele>386.7</ele>
    </trkpt>
    <trkpt lat="42.458156" lon="-2.439981">
      <ele>386.5</ele>
    </trkpt>
    <trkpt lat="42.458104" lon="-2.439962">
      <ele>386.5</ele>
    </trkpt>
    <trkpt lat="42.458051" lon="-2.439942">
      <ele>386.5</ele>
    </trkpt>
    <trkpt lat="42.457987" lon="-2.440575">
      <ele>386.4</ele>
    </trkpt>
    <trkpt lat="42.457825" lon="-2.440755">
      <ele>386.4</ele>
    </trkpt>
    <trkpt lat="42.457818" lon="-2.440829">
      <ele>386.5</ele>
    </trkpt>
    <trkpt lat="42.457716" lon="-2.440949">
      <ele>386.5</ele>
    </trkpt>
    </trkseg>
  </trk>
</gpx>
